DATAFLOW,REF_AREA,FREQ,MEASURE,UNIT_MEASURE,ACTIVITY,EDITION,TIME_PERIOD,OBS_VALUE,OBS_STATUS,UNIT_MULT,DECIMALS,BASE_PER
OECD.SDD.STES:DSD_STES_REVISIONS@DF_STES_REVISIONS(4.0),EA19,Q,ULC,PT_PCOS,_T,202101,2019-Q4,0.22,A,0,1,
OECD.SDD.STES:DSD_STES_REVISIONS@DF_STES_REVISIONS(4.0),EA19,Q,ULC,PT_PCOS,_T,202206,2019-Q4,0.36,A,0,1,
OECD.SDD.STES:DSD_STES_REVISIONS@DF_STES_REVISIONS(4.0),EA19,Q,ULC,PT_PCOS,_T,202103,2019-Q4,0.22,A,0,1,
OECD.SDD.STES:DSD_STES_REVISIONS@DF_STES_REVISIONS(4.0),EA19,Q,ULC,PT_PCOS,_T,202209,2019-Q4,0.38,A,0,1,
OECD.SDD.STES:DSD_STES_REVISIONS@DF_STES_REVISIONS(4.0),EA19,Q,ULC,PT_PCOS,_T,202011,2019-Q4,0.32,A,0,1,
OECD.SDD.STES:DSD_STES_REVISIONS@DF_STES_REVISIONS(4.0),EA19,Q,ULC,PT_PCOS,_T,202110,2019-Q4,0.37,A,0,1,
OECD.SDD.STES:DSD_STES_REVISIONS@DF_STES_REVISIONS(4.0),EA19,Q,ULC,PT_PCOS,_T,202108,2019-Q4,0.29,A,0,1,
OECD.SDD.STES:DSD_STES_REVISIONS@DF_STES_REVISIONS(4.0),EA19,Q,ULC,PT_PCOS,_T,202207,2019-Q4,0.36,A,0,1,
OECD.SDD.STES:DSD_STES_REVISIONS@DF_STES_REVISIONS(4.0),EA19,Q,ULC,PT_PCOS,_T,202301,2019-Q4,0.36,A,0,1,
OECD.SDD.STES:DSD_STES_REVISIONS@DF_STES_REVISIONS(4.0),EA19,Q,ULC,PT_PCOS,_T,202302,2019-Q4,0.36,A,0,1,
OECD.SDD.STES:DSD_STES_REVISIONS@DF_STES_REVISIONS(4.0),EA19,Q,ULC,PT_PCOS,_T,202205,2019-Q4,0.36,A,0,1,
OECD.SDD.STES:DSD_STES_REVISIONS@DF_STES_REVISIONS(4.0),EA19,Q,ULC,PT_PCOS,_T,202104,2019-Q4,0.26,A,0,1,
OECD.SDD.STES:DSD_STES_REVISIONS@DF_STES_REVISIONS(4.0),EA19,Q,ULC,PT_PCOS,_T,202303,2019-Q4,0.36,A,0,1,
OECD.SDD.STES:DSD_STES_REVISIONS@DF_STES_REVISIONS(4.0),EA19,Q,ULC,PT_PCOS,_T,202111,2019-Q4,0.36,A,0,1,
OECD.SDD.STES:DSD_STES_REVISIONS@DF_STES_REVISIONS(4.0),EA19,Q,ULC,PT_PCOS,_T,202005,2019-Q4,0.28,A,0,1,
OECD.SDD.STES:DSD_STES_REVISIONS@DF_STES_REVISIONS(4.0),EA19,Q,ULC,PT_PCOS,_T,202112,2019-Q4,0.36,A,0,1,
OECD.SDD.STES:DSD_STES_REVISIONS@DF_STES_REVISIONS(4.0),EA19,Q,ULC,PT_PCOS,_T,202007,2019-Q4,0.28,A,0,1,
OECD.SDD.STES:DSD_STES_REVISIONS@DF_STES_REVISIONS(4.0),EA19,Q,ULC,PT_PCOS,_T,202203,2019-Q4,0.4,A,0,1,
OECD.SDD.STES:DSD_STES_REVISIONS@DF_STES_REVISIONS(4.0),EA19,Q,ULC,PT_PCOS,_T,202009,2019-Q4,0.33,A,0,1,
OECD.SDD.STES:DSD_STES_REVISIONS@DF_STES_REVISIONS(4.0),EA19,Q,ULC,PT_PCOS,_T,202008,2019-Q4,0.33,A,0,1,
OECD.SDD.STES:DSD_STES_REVISIONS@DF_STES_REVISIONS(4.0),EA19,Q,ULC,PT_PCOS,_T,202208,2019-Q4,0.39,A,0,1,
OECD.SDD.STES:DSD_STES_REVISIONS@DF_STES_REVISIONS(4.0),EA19,Q,ULC,PT_PCOS,_T,202012,2019-Q4,0.32,A,0,1,
OECD.SDD.STES:DSD_STES_REVISIONS@DF_STES_REVISIONS(4.0),EA19,Q,ULC,PT_PCOS,_T,202107,2019-Q4,0.23,A,0,1,
OECD.SDD.STES:DSD_STES_REVISIONS@DF_STES_REVISIONS(4.0),EA19,Q,ULC,PT_PCOS,_T,202212,2020-Q1,2.65,A,0,1,
OECD.SDD.STES:DSD_STES_REVISIONS@DF_STES_REVISIONS(4.0),EA19,Q,ULC,PT_PCOS,_T,202204,2020-Q1,2.67,A,0,1,
OECD.SDD.STES:DSD_STES_REVISIONS@DF_STES_REVISIONS(4.0),EA19,Q,ULC,PT_PCOS,_T,202211,2020-Q1,2.65,A,0,1,
OECD.SDD.STES:DSD_STES_REVISIONS@DF_STES_REVISIONS(4.0),EA19,Q,ULC,PT_PCOS,_T,202109,2020-Q1,2.74,A,0,1,
OECD.SDD.STES:DSD_STES_REVISIONS@DF_STES_REVISIONS(4.0),EA19,Q,ULC,PT_PCOS,_T,202201,2020-Q1,2.56,A,0,1,
OECD.SDD.STES:DSD_STES_REVISIONS@DF_STES_REVISIONS(4.0),EA19,Q,ULC,PT_PCOS,_T,202105,2020-Q1,2.98,A,0,1,
OECD.SDD.STES:DSD_STES_REVISIONS@DF_STES_REVISIONS(4.0),EA19,Q,ULC,PT_PCOS,_T,202010,2020-Q1,2.88,A,0,1,
OECD.SDD.STES:DSD_STES_REVISIONS@DF_STES_REVISIONS(4.0),EA19,Q,ULC,PT_PCOS,_T,202102,2020-Q1,2.75,A,0,1,
OECD.SDD.STES:DSD_STES_REVISIONS@DF_STES_REVISIONS(4.0),EA19,Q,ULC,PT_PCOS,_T,202202,2020-Q1,2.56,A,0,1,
OECD.SDD.STES:DSD_STES_REVISIONS@DF_STES_REVISIONS(4.0),EA19,Q,ULC,PT_PCOS,_T,202106,2020-Q1,2.98,A,0,1,
OECD.SDD.STES:DSD_STES_REVISIONS@DF_STES_REVISIONS(4.0),EA19,Q,ULC,PT_PCOS,_T,202210,2020-Q1,2.58,A,0,1,
OECD.SDD.STES:DSD_STES_REVISIONS@DF_STES_REVISIONS(4.0),EA19,Q,ULC,PT_PCOS,_T,202101,2020-Q1,2.76,A,0,1,
OECD.SDD.STES:DSD_STES_REVISIONS@DF_STES_REVISIONS(4.0),EA19,Q,ULC,PT_PCOS,_T,202206,2020-Q1,2.67,A,0,1,
OECD.SDD.STES:DSD_STES_REVISIONS@DF_STES_REVISIONS(4.0),EA19,Q,ULC,PT_PCOS,_T,202103,2020-Q1,2.75,A,0,1,
OECD.SDD.STES:DSD_STES_REVISIONS@DF_STES_REVISIONS(4.0),EA19,Q,ULC,PT_PCOS,_T,202209,2020-Q1,2.65,A,0,1,
OECD.SDD.STES:DSD_STES_REVISIONS@DF_STES_REVISIONS(4.0),EA19,Q,ULC,PT_PCOS,_T,202110,2020-Q1,2.55,A,0,1,
OECD.SDD.STES:DSD_STES_REVISIONS@DF_STES_REVISIONS(4.0),EA19,Q,ULC,PT_PCOS,_T,202011,2020-Q1,2.84,A,0,1,
OECD.SDD.STES:DSD_STES_REVISIONS@DF_STES_REVISIONS(4.0),EA19,Q,ULC,PT_PCOS,_T,202108,2020-Q1,2.73,A,0,1,
OECD.SDD.STES:DSD_STES_REVISIONS@DF_STES_REVISIONS(4.0),EA19,Q,ULC,PT_PCOS,_T,202207,2020-Q1,2.66,A,0,1,
OECD.SDD.STES:DSD_STES_REVISIONS@DF_STES_REVISIONS(4.0),EA19,Q,ULC,PT_PCOS,_T,202301,2020-Q1,2.68,A,0,1,
OECD.SDD.STES:DSD_STES_REVISIONS@DF_STES_REVISIONS(4.0),EA19,Q,ULC,PT_PCOS,_T,202302,2020-Q1,2.67,A,0,1,
OECD.SDD.STES:DSD_STES_REVISIONS@DF_STES_REVISIONS(4.0),EA19,Q,ULC,PT_PCOS,_T,202205,2020-Q1,2.67,A,0,1,
OECD.SDD.STES:DSD_STES_REVISIONS@DF_STES_REVISIONS(4.0),EA19,Q,ULC,PT_PCOS,_T,202104,2020-Q1,2.97,A,0,1,
OECD.SDD.STES:DSD_STES_REVISIONS@DF_STES_REVISIONS(4.0),EA19,Q,ULC,PT_PCOS,_T,202303,2020-Q1,2.67,A,0,1,
OECD.SDD.STES:DSD_STES_REVISIONS@DF_STES_REVISIONS(4.0),EA19,Q,ULC,PT_PCOS,_T,202111,2020-Q1,2.54,A,0,1,
OECD.SDD.STES:DSD_STES_REVISIONS@DF_STES_REVISIONS(4.0),EA19,Q,ULC,PT_PCOS,_T,202007,2020-Q1,2.53,A,0,1,
OECD.SDD.STES:DSD_STES_REVISIONS@DF_STES_REVISIONS(4.0),EA19,Q,ULC,PT_PCOS,_T,202112,2020-Q1,2.54,A,0,1,
OECD.SDD.STES:DSD_STES_REVISIONS@DF_STES_REVISIONS(4.0),EA19,Q,ULC,PT_PCOS,_T,202203,2020-Q1,2.55,A,0,1,
OECD.SDD.STES:DSD_STES_REVISIONS@DF_STES_REVISIONS(4.0),EA19,Q,ULC,PT_PCOS,_T,202009,2020-Q1,2.42,A,0,1,
OECD.SDD.STES:DSD_STES_REVISIONS@DF_STES_REVISIONS(4.0),EA19,Q,ULC,PT_PCOS,_T,202008,2020-Q1,2.42,A,0,1,
OECD.SDD.STES:DSD_STES_REVISIONS@DF_STES_REVISIONS(4.0),EA19,Q,ULC,PT_PCOS,_T,202208,2020-Q1,2.65,A,0,1,
OECD.SDD.STES:DSD_STES_REVISIONS@DF_STES_REVISIONS(4.0),EA19,Q,ULC,PT_PCOS,_T,202012,2020-Q1,2.84,A,0,1,
OECD.SDD.STES:DSD_STES_REVISIONS@DF_STES_REVISIONS(4.0),EA19,Q,ULC,PT_PCOS,_T,202107,2020-Q1,3,A,0,1,
OECD.SDD.STES:DSD_STES_REVISIONS@DF_STES_REVISIONS(4.0),EA19,Q,ULC,PT_PCOS,_T,202212,2020-Q2,4.97,A,0,1,
OECD.SDD.STES:DSD_STES_REVISIONS@DF_STES_REVISIONS(4.0),EA19,Q,ULC,PT_PCOS,_T,202204,2020-Q2,4.79,A,0,1,
OECD.SDD.STES:DSD_STES_REVISIONS@DF_STES_REVISIONS(4.0),EA19,Q,ULC,PT_PCOS,_T,202211,2020-Q2,4.97,A,0,1,
OECD.SDD.STES:DSD_STES_REVISIONS@DF_STES_REVISIONS(4.0),EA19,Q,ULC,PT_PCOS,_T,202109,2020-Q2,4.31,A,0,1,
OECD.SDD.STES:DSD_STES_REVISIONS@DF_STES_REVISIONS(4.0),EA19,Q,ULC,PT_PCOS,_T,202201,2020-Q2,4.84,A,0,1,
OECD.SDD.STES:DSD_STES_REVISIONS@DF_STES_REVISIONS(4.0),EA19,Q,ULC,PT_PCOS,_T,202105,2020-Q2,4.6,A,0,1,
OECD.SDD.STES:DSD_STES_REVISIONS@DF_STES_REVISIONS(4.0),EA19,Q,ULC,PT_PCOS,_T,202010,2020-Q2,4.82,A,0,1,
OECD.SDD.STES:DSD_STES_REVISIONS@DF_STES_REVISIONS(4.0),EA19,Q,ULC,PT_PCOS,_T,202102,2020-Q2,4.67,A,0,1,
OECD.SDD.STES:DSD_STES_REVISIONS@DF_STES_REVISIONS(4.0),EA19,Q,ULC,PT_PCOS,_T,202202,2020-Q2,4.84,A,0,1,
OECD.SDD.STES:DSD_STES_REVISIONS@DF_STES_REVISIONS(4.0),EA19,Q,ULC,PT_PCOS,_T,202106,2020-Q2,4.6,A,0,1,
OECD.SDD.STES:DSD_STES_REVISIONS@DF_STES_REVISIONS(4.0),EA19,Q,ULC,PT_PCOS,_T,202210,2020-Q2,4.79,A,0,1,
OECD.SDD.STES:DSD_STES_REVISIONS@DF_STES_REVISIONS(4.0),EA19,Q,ULC,PT_PCOS,_T,202101,2020-Q2,4.67,A,0,1,
OECD.SDD.STES:DSD_STES_REVISIONS@DF_STES_REVISIONS(4.0),EA19,Q,ULC,PT_PCOS,_T,202206,2020-Q2,4.79,A,0,1,
OECD.SDD.STES:DSD_STES_REVISIONS@DF_STES_REVISIONS(4.0),EA19,Q,ULC,PT_PCOS,_T,202103,2020-Q2,4.67,A,0,1,
OECD.SDD.STES:DSD_STES_REVISIONS@DF_STES_REVISIONS(4.0),EA19,Q,ULC,PT_PCOS,_T,202209,2020-Q2,4.93,A,0,1,
OECD.SDD.STES:DSD_STES_REVISIONS@DF_STES_REVISIONS(4.0),EA19,Q,ULC,PT_PCOS,_T,202011,2020-Q2,4.73,A,0,1,
OECD.SDD.STES:DSD_STES_REVISIONS@DF_STES_REVISIONS(4.0),EA19,Q,ULC,PT_PCOS,_T,202110,2020-Q2,4.66,A,0,1,
OECD.SDD.STES:DSD_STES_REVISIONS@DF_STES_REVISIONS(4.0),EA19,Q,ULC,PT_PCOS,_T,202108,2020-Q2,4.33,A,0,1,
OECD.SDD.STES:DSD_STES_REVISIONS@DF_STES_REVISIONS(4.0),EA19,Q,ULC,PT_PCOS,_T,202207,2020-Q2,4.91,A,0,1,
OECD.SDD.STES:DSD_STES_REVISIONS@DF_STES_REVISIONS(4.0),EA19,Q,ULC,PT_PCOS,_T,202301,2020-Q2,4.92,A,0,1,
OECD.SDD.STES:DSD_STES_REVISIONS@DF_STES_REVISIONS(4.0),EA19,Q,ULC,PT_PCOS,_T,202302,2020-Q2,4.92,A,0,1,
OECD.SDD.STES:DSD_STES_REVISIONS@DF_STES_REVISIONS(4.0),EA19,Q,ULC,PT_PCOS,_T,202205,2020-Q2,4.79,A,0,1,
OECD.SDD.STES:DSD_STES_REVISIONS@DF_STES_REVISIONS(4.0),EA19,Q,ULC,PT_PCOS,_T,202104,2020-Q2,4.59,A,0,1,
OECD.SDD.STES:DSD_STES_REVISIONS@DF_STES_REVISIONS(4.0),EA19,Q,ULC,PT_PCOS,_T,202303,2020-Q2,4.92,A,0,1,
OECD.SDD.STES:DSD_STES_REVISIONS@DF_STES_REVISIONS(4.0),EA19,Q,ULC,PT_PCOS,_T,202111,2020-Q2,4.67,A,0,1,
OECD.SDD.STES:DSD_STES_REVISIONS@DF_STES_REVISIONS(4.0),EA19,Q,ULC,PT_PCOS,_T,202112,2020-Q2,4.67,A,0,1,
OECD.SDD.STES:DSD_STES_REVISIONS@DF_STES_REVISIONS(4.0),EA19,Q,ULC,PT_PCOS,_T,202203,2020-Q2,4.84,A,0,1,
OECD.SDD.STES:DSD_STES_REVISIONS@DF_STES_REVISIONS(4.0),EA19,Q,ULC,PT_PCOS,_T,202208,2020-Q2,4.93,A,0,1,
OECD.SDD.STES:DSD_STES_REVISIONS@DF_STES_REVISIONS(4.0),EA19,Q,ULC,PT_PCOS,_T,202012,2020-Q2,4.73,A,0,1,
OECD.SDD.STES:DSD_STES_REVISIONS@DF_STES_REVISIONS(4.0),EA19,Q,ULC,PT_PCOS,_T,202107,2020-Q2,4.39,A,0,1,
OECD.SDD.STES:DSD_STES_REVISIONS@DF_STES_REVISIONS(4.0),EA19,Q,ULC,PT_PCOS,_T,202212,2020-Q3,-4.78,A,0,1,
OECD.SDD.STES:DSD_STES_REVISIONS@DF_STES_REVISIONS(4.0),EA19,Q,ULC,PT_PCOS,_T,202204,2020-Q3,-4.82,A,0,1,
OECD.SDD.STES:DSD_STES_REVISIONS@DF_STES_REVISIONS(4.0),EA19,Q,ULC,PT_PCOS,_T,202211,2020-Q3,-4.78,A,0,1,
OECD.SDD.STES:DSD_STES_REVISIONS@DF_STES_REVISIONS(4.0),EA19,Q,ULC,PT_PCOS,_T,202109,2020-Q3,-4.44,A,0,1,
OECD.SDD.STES:DSD_STES_REVISIONS@DF_STES_REVISIONS(4.0),EA19,Q,ULC,PT_PCOS,_T,202201,2020-Q3,-4.79,A,0,1,
OECD.SDD.STES:DSD_STES_REVISIONS@DF_STES_REVISIONS(4.0),EA19,Q,ULC,PT_PCOS,_T,202105,2020-Q3,-4.82,A,0,1,
OECD.SDD.STES:DSD_STES_REVISIONS@DF_STES_REVISIONS(4.0),EA19,Q,ULC,PT_PCOS,_T,202102,2020-Q3,-4.52,A,0,1,
OECD.SDD.STES:DSD_STES_REVISIONS@DF_STES_REVISIONS(4.0),EA19,Q,ULC,PT_PCOS,_T,202202,2020-Q3,-4.79,A,0,1,
OECD.SDD.STES:DSD_STES_REVISIONS@DF_STES_REVISIONS(4.0),EA19,Q,ULC,PT_PCOS,_T,202106,2020-Q3,-4.82,A,0,1,
OECD.SDD.STES:DSD_STES_REVISIONS@DF_STES_REVISIONS(4.0),EA19,Q,ULC,PT_PCOS,_T,202210,2020-Q3,-4.94,A,0,1,
OECD.SDD.STES:DSD_STES_REVISIONS@DF_STES_REVISIONS(4.0),EA19,Q,ULC,PT_PCOS,_T,202101,2020-Q3,-4.55,A,0,1,
OECD.SDD.STES:DSD_STES_REVISIONS@DF_STES_REVISIONS(4.0),EA19,Q,ULC,PT_PCOS,_T,202206,2020-Q3,-4.82,A,0,1,
OECD.SDD.STES:DSD_STES_REVISIONS@DF_STES_REVISIONS(4.0),EA19,Q,ULC,PT_PCOS,_T,202103,2020-Q3,-4.52,A,0,1,
OECD.SDD.STES:DSD_STES_REVISIONS@DF_STES_REVISIONS(4.0),EA19,Q,ULC,PT_PCOS,_T,202209,2020-Q3,-4.97,A,0,1,
OECD.SDD.STES:DSD_STES_REVISIONS@DF_STES_REVISIONS(4.0),EA19,Q,ULC,PT_PCOS,_T,202110,2020-Q3,-4.65,A,0,1,
OECD.SDD.STES:DSD_STES_REVISIONS@DF_STES_REVISIONS(4.0),EA19,Q,ULC,PT_PCOS,_T,202108,2020-Q3,-4.45,A,0,1,
OECD.SDD.STES:DSD_STES_REVISIONS@DF_STES_REVISIONS(4.0),EA19,Q,ULC,PT_PCOS,_T,202301,2020-Q3,-4.76,A,0,1,
OECD.SDD.STES:DSD_STES_REVISIONS@DF_STES_REVISIONS(4.0),EA19,Q,ULC,PT_PCOS,_T,202207,2020-Q3,-4.98,A,0,1,
OECD.SDD.STES:DSD_STES_REVISIONS@DF_STES_REVISIONS(4.0),EA19,Q,ULC,PT_PCOS,_T,202302,2020-Q3,-4.73,A,0,1,
OECD.SDD.STES:DSD_STES_REVISIONS@DF_STES_REVISIONS(4.0),EA19,Q,ULC,PT_PCOS,_T,202205,2020-Q3,-4.82,A,0,1,
OECD.SDD.STES:DSD_STES_REVISIONS@DF_STES_REVISIONS(4.0),EA19,Q,ULC,PT_PCOS,_T,202104,2020-Q3,-4.75,A,0,1,
OECD.SDD.STES:DSD_STES_REVISIONS@DF_STES_REVISIONS(4.0),EA19,Q,ULC,PT_PCOS,_T,202303,2020-Q3,-4.73,A,0,1,
OECD.SDD.STES:DSD_STES_REVISIONS@DF_STES_REVISIONS(4.0),EA19,Q,ULC,PT_PCOS,_T,202111,2020-Q3,-4.5,A,0,1,
OECD.SDD.STES:DSD_STES_REVISIONS@DF_STES_REVISIONS(4.0),EA19,Q,ULC,PT_PCOS,_T,202112,2020-Q3,-4.5,A,0,1,
OECD.SDD.STES:DSD_STES_REVISIONS@DF_STES_REVISIONS(4.0),EA19,Q,ULC,PT_PCOS,_T,202203,2020-Q3,-4.79,A,0,1,
OECD.SDD.STES:DSD_STES_REVISIONS@DF_STES_REVISIONS(4.0),EA19,Q,ULC,PT_PCOS,_T,202208,2020-Q3,-4.97,A,0,1,
OECD.SDD.STES:DSD_STES_REVISIONS@DF_STES_REVISIONS(4.0),EA19,Q,ULC,PT_PCOS,_T,202107,2020-Q3,-4.55,A,0,1,
OECD.SDD.STES:DSD_STES_REVISIONS@DF_STES_REVISIONS(4.0),EA19,Q,ULC,PT_PCOS,_T,202212,2020-Q4,1.18,A,0,1,
OECD.SDD.STES:DSD_STES_REVISIONS@DF_STES_REVISIONS(4.0),EA19,Q,ULC,PT_PCOS,_T,202204,2020-Q4,1.12,A,0,1,
OECD.SDD.STES:DSD_STES_REVISIONS@DF_STES_REVISIONS(4.0),EA19,Q,ULC,PT_PCOS,_T,202211,2020-Q4,1.18,A,0,1,
OECD.SDD.STES:DSD_STES_REVISIONS@DF_STES_REVISIONS(4.0),EA19,Q,ULC,PT_PCOS,_T,202109,2020-Q4,1.39,A,0,1,
OECD.SDD.STES:DSD_STES_REVISIONS@DF_STES_REVISIONS(4.0),EA19,Q,ULC,PT_PCOS,_T,202201,2020-Q4,1.28,A,0,1,
OECD.SDD.STES:DSD_STES_REVISIONS@DF_STES_REVISIONS(4.0),EA19,Q,ULC,PT_PCOS,_T,202105,2020-Q4,1.34,A,0,1,
OECD.SDD.STES:DSD_STES_REVISIONS@DF_STES_REVISIONS(4.0),EA19,Q,ULC,PT_PCOS,_T,202202,2020-Q4,1.28,A,0,1,
OECD.SDD.STES:DSD_STES_REVISIONS@DF_STES_REVISIONS(4.0),EA19,Q,ULC,PT_PCOS,_T,202106,2020-Q4,1.34,A,0,1,
OECD.SDD.STES:DSD_STES_REVISIONS@DF_STES_REVISIONS(4.0),EA19,Q,ULC,PT_PCOS,_T,202210,2020-Q4,1.27,A,0,1,
OECD.SDD.STES:DSD_STES_REVISIONS@DF_STES_REVISIONS(4.0),EA19,Q,ULC,PT_PCOS,_T,202206,2020-Q4,1.12,A,0,1,
OECD.SDD.STES:DSD_STES_REVISIONS@DF_STES_REVISIONS(4.0),EA19,Q,ULC,PT_PCOS,_T,202209,2020-Q4,1.27,A,0,1,
OECD.SDD.STES:DSD_STES_REVISIONS@DF_STES_REVISIONS(4.0),EA19,Q,ULC,PT_PCOS,_T,202110,2020-Q4,1.29,A,0,1,
OECD.SDD.STES:DSD_STES_REVISIONS@DF_STES_REVISIONS(4.0),EA19,Q,ULC,PT_PCOS,_T,202108,2020-Q4,1.39,A,0,1,
OECD.SDD.STES:DSD_STES_REVISIONS@DF_STES_REVISIONS(4.0),EA19,Q,ULC,PT_PCOS,_T,202207,2020-Q4,1.23,A,0,1,
OECD.SDD.STES:DSD_STES_REVISIONS@DF_STES_REVISIONS(4.0),EA19,Q,ULC,PT_PCOS,_T,202301,2020-Q4,1.18,A,0,1,
OECD.SDD.STES:DSD_STES_REVISIONS@DF_STES_REVISIONS(4.0),EA19,Q,ULC,PT_PCOS,_T,202302,2020-Q4,1.17,A,0,1,
OECD.SDD.STES:DSD_STES_REVISIONS@DF_STES_REVISIONS(4.0),EA19,Q,ULC,PT_PCOS,_T,202205,2020-Q4,1.12,A,0,1,
OECD.SDD.STES:DSD_STES_REVISIONS@DF_STES_REVISIONS(4.0),EA19,Q,ULC,PT_PCOS,_T,202104,2020-Q4,1.29,A,0,1,
OECD.SDD.STES:DSD_STES_REVISIONS@DF_STES_REVISIONS(4.0),EA19,Q,ULC,PT_PCOS,_T,202303,2020-Q4,1.17,A,0,1,
OECD.SDD.STES:DSD_STES_REVISIONS@DF_STES_REVISIONS(4.0),EA19,Q,ULC,PT_PCOS,_T,202111,2020-Q4,1.22,A,0,1,
OECD.SDD.STES:DSD_STES_REVISIONS@DF_STES_REVISIONS(4.0),EA19,Q,ULC,PT_PCOS,_T,202112,2020-Q4,1.22,A,0,1,
OECD.SDD.STES:DSD_STES_REVISIONS@DF_STES_REVISIONS(4.0),EA19,Q,ULC,PT_PCOS,_T,202203,2020-Q4,1.28,A,0,1,
OECD.SDD.STES:DSD_STES_REVISIONS@DF_STES_REVISIONS(4.0),EA19,Q,ULC,PT_PCOS,_T,202208,2020-Q4,1.25,A,0,1,
OECD.SDD.STES:DSD_STES_REVISIONS@DF_STES_REVISIONS(4.0),EA19,Q,ULC,PT_PCOS,_T,202107,2020-Q4,1.37,A,0,1,
OECD.SDD.STES:DSD_STES_REVISIONS@DF_STES_REVISIONS(4.0),EA19,Q,ULC,PT_PCOS,_T,202212,2021-Q1,0.2,A,0,1,
OECD.SDD.STES:DSD_STES_REVISIONS@DF_STES_REVISIONS(4.0),EA19,Q,ULC,PT_PCOS,_T,202204,2021-Q1,0.44,A,0,1,
OECD.SDD.STES:DSD_STES_REVISIONS@DF_STES_REVISIONS(4.0),EA19,Q,ULC,PT_PCOS,_T,202211,2021-Q1,0.2,A,0,1,
OECD.SDD.STES:DSD_STES_REVISIONS@DF_STES_REVISIONS(4.0),EA19,Q,ULC,PT_PCOS,_T,202109,2021-Q1,0.27,A,0,1,
OECD.SDD.STES:DSD_STES_REVISIONS@DF_STES_REVISIONS(4.0),EA19,Q,ULC,PT_PCOS,_T,202201,2021-Q1,0.38,A,0,1,
OECD.SDD.STES:DSD_STES_REVISIONS@DF_STES_REVISIONS(4.0),EA19,Q,ULC,PT_PCOS,_T,202202,2021-Q1,0.38,A,0,1,
OECD.SDD.STES:DSD_STES_REVISIONS@DF_STES_REVISIONS(4.0),EA19,Q,ULC,PT_PCOS,_T,202210,2021-Q1,0.33,A,0,1,
OECD.SDD.STES:DSD_STES_REVISIONS@DF_STES_REVISIONS(4.0),EA19,Q,ULC,PT_PCOS,_T,202206,2021-Q1,0.42,A,0,1,
OECD.SDD.STES:DSD_STES_REVISIONS@DF_STES_REVISIONS(4.0),EA19,Q,ULC,PT_PCOS,_T,202209,2021-Q1,0.33,A,0,1,
OECD.SDD.STES:DSD_STES_REVISIONS@DF_STES_REVISIONS(4.0),EA19,Q,ULC,PT_PCOS,_T,202110,2021-Q1,0.23,A,0,1,
OECD.SDD.STES:DSD_STES_REVISIONS@DF_STES_REVISIONS(4.0),EA19,Q,ULC,PT_PCOS,_T,202108,2021-Q1,0.28,A,0,1,
OECD.SDD.STES:DSD_STES_REVISIONS@DF_STES_REVISIONS(4.0),EA19,Q,ULC,PT_PCOS,_T,202301,2021-Q1,0.25,A,0,1,
OECD.SDD.STES:DSD_STES_REVISIONS@DF_STES_REVISIONS(4.0),EA19,Q,ULC,PT_PCOS,_T,202207,2021-Q1,0.32,A,0,1,
OECD.SDD.STES:DSD_STES_REVISIONS@DF_STES_REVISIONS(4.0),EA19,Q,ULC,PT_PCOS,_T,202302,2021-Q1,0.24,A,0,1,
OECD.SDD.STES:DSD_STES_REVISIONS@DF_STES_REVISIONS(4.0),EA19,Q,ULC,PT_PCOS,_T,202205,2021-Q1,0.42,A,0,1,
OECD.SDD.STES:DSD_STES_REVISIONS@DF_STES_REVISIONS(4.0),EA19,Q,ULC,PT_PCOS,_T,202303,2021-Q1,0.24,A,0,1,
OECD.SDD.STES:DSD_STES_REVISIONS@DF_STES_REVISIONS(4.0),EA19,Q,ULC,PT_PCOS,_T,202111,2021-Q1,0.35,A,0,1,
OECD.SDD.STES:DSD_STES_REVISIONS@DF_STES_REVISIONS(4.0),EA19,Q,ULC,PT_PCOS,_T,202112,2021-Q1,0.35,A,0,1,
OECD.SDD.STES:DSD_STES_REVISIONS@DF_STES_REVISIONS(4.0),EA19,Q,ULC,PT_PCOS,_T,202203,2021-Q1,0.37,A,0,1,
OECD.SDD.STES:DSD_STES_REVISIONS@DF_STES_REVISIONS(4.0),EA19,Q,ULC,PT_PCOS,_T,202208,2021-Q1,0.34,A,0,1,
OECD.SDD.STES:DSD_STES_REVISIONS@DF_STES_REVISIONS(4.0),EA19,Q,ULC,PT_PCOS,_T,202107,2021-Q1,0.28,A,0,1,
OECD.SDD.STES:DSD_STES_REVISIONS@DF_STES_REVISIONS(4.0),EA19,Q,ULC,PT_PCOS,_T,202212,2021-Q2,-0.66,A,0,1,
OECD.SDD.STES:DSD_STES_REVISIONS@DF_STES_REVISIONS(4.0),EA19,Q,ULC,PT_PCOS,_T,202204,2021-Q2,-1.08,A,0,1,
OECD.SDD.STES:DSD_STES_REVISIONS@DF_STES_REVISIONS(4.0),EA19,Q,ULC,PT_PCOS,_T,202211,2021-Q2,-0.66,A,0,1,
OECD.SDD.STES:DSD_STES_REVISIONS@DF_STES_REVISIONS(4.0),EA19,Q,ULC,PT_PCOS,_T,202201,2021-Q2,-1.22,A,0,1,
OECD.SDD.STES:DSD_STES_REVISIONS@DF_STES_REVISIONS(4.0),EA19,Q,ULC,PT_PCOS,_T,202202,2021-Q2,-1.22,A,0,1,
OECD.SDD.STES:DSD_STES_REVISIONS@DF_STES_REVISIONS(4.0),EA19,Q,ULC,PT_PCOS,_T,202210,2021-Q2,-0.8,A,0,1,
OECD.SDD.STES:DSD_STES_REVISIONS@DF_STES_REVISIONS(4.0),EA19,Q,ULC,PT_PCOS,_T,202206,2021-Q2,-1.08,A,0,1,
OECD.SDD.STES:DSD_STES_REVISIONS@DF_STES_REVISIONS(4.0),EA19,Q,ULC,PT_PCOS,_T,202209,2021-Q2,-0.82,A,0,1,
OECD.SDD.STES:DSD_STES_REVISIONS@DF_STES_REVISIONS(4.0),EA19,Q,ULC,PT_PCOS,_T,202110,2021-Q2,-0.59,A,0,1,
OECD.SDD.STES:DSD_STES_REVISIONS@DF_STES_REVISIONS(4.0),EA19,Q,ULC,PT_PCOS,_T,202207,2021-Q2,-0.91,A,0,1,
OECD.SDD.STES:DSD_STES_REVISIONS@DF_STES_REVISIONS(4.0),EA19,Q,ULC,PT_PCOS,_T,202301,2021-Q2,-0.66,A,0,1,
OECD.SDD.STES:DSD_STES_REVISIONS@DF_STES_REVISIONS(4.0),EA19,Q,ULC,PT_PCOS,_T,202302,2021-Q2,-0.66,A,0,1,
OECD.SDD.STES:DSD_STES_REVISIONS@DF_STES_REVISIONS(4.0),EA19,Q,ULC,PT_PCOS,_T,202205,2021-Q2,-1.08,A,0,1,
OECD.SDD.STES:DSD_STES_REVISIONS@DF_STES_REVISIONS(4.0),EA19,Q,ULC,PT_PCOS,_T,202303,2021-Q2,-0.66,A,0,1,
OECD.SDD.STES:DSD_STES_REVISIONS@DF_STES_REVISIONS(4.0),EA19,Q,ULC,PT_PCOS,_T,202111,2021-Q2,-1.21,A,0,1,
OECD.SDD.STES:DSD_STES_REVISIONS@DF_STES_REVISIONS(4.0),EA19,Q,ULC,PT_PCOS,_T,202112,2021-Q2,-1.21,A,0,1,
OECD.SDD.STES:DSD_STES_REVISIONS@DF_STES_REVISIONS(4.0),EA19,Q,ULC,PT_PCOS,_T,202203,2021-Q2,-1.2,A,0,1,
OECD.SDD.STES:DSD_STES_REVISIONS@DF_STES_REVISIONS(4.0),EA19,Q,ULC,PT_PCOS,_T,202208,2021-Q2,-0.83,A,0,1,
OECD.SDD.STES:DSD_STES_REVISIONS@DF_STES_REVISIONS(4.0),EA19,Q,ULC,PT_PCOS,_T,202212,2021-Q3,0.93,A,0,1,
OECD.SDD.STES:DSD_STES_REVISIONS@DF_STES_REVISIONS(4.0),EA19,Q,ULC,PT_PCOS,_T,202204,2021-Q3,0.89,A,0,1,
OECD.SDD.STES:DSD_STES_REVISIONS@DF_STES_REVISIONS(4.0),EA19,Q,ULC,PT_PCOS,_T,202211,2021-Q3,0.93,A,0,1,
OECD.SDD.STES:DSD_STES_REVISIONS@DF_STES_REVISIONS(4.0),EA19,Q,ULC,PT_PCOS,_T,202201,2021-Q3,0.77,A,0,1,
OECD.SDD.STES:DSD_STES_REVISIONS@DF_STES_REVISIONS(4.0),EA19,Q,ULC,PT_PCOS,_T,202202,2021-Q3,0.77,A,0,1,
OECD.SDD.STES:DSD_STES_REVISIONS@DF_STES_REVISIONS(4.0),EA19,Q,ULC,PT_PCOS,_T,202210,2021-Q3,0.98,A,0,1,
OECD.SDD.STES:DSD_STES_REVISIONS@DF_STES_REVISIONS(4.0),EA19,Q,ULC,PT_PCOS,_T,202206,2021-Q3,0.9,A,0,1,
OECD.SDD.STES:DSD_STES_REVISIONS@DF_STES_REVISIONS(4.0),EA19,Q,ULC,PT_PCOS,_T,202209,2021-Q3,0.86,A,0,1,
OECD.SDD.STES:DSD_STES_REVISIONS@DF_STES_REVISIONS(4.0),EA19,Q,ULC,PT_PCOS,_T,202301,2021-Q3,0.8,A,0,1,
OECD.SDD.STES:DSD_STES_REVISIONS@DF_STES_REVISIONS(4.0),EA19,Q,ULC,PT_PCOS,_T,202207,2021-Q3,0.91,A,0,1,
OECD.SDD.STES:DSD_STES_REVISIONS@DF_STES_REVISIONS(4.0),EA19,Q,ULC,PT_PCOS,_T,202302,2021-Q3,0.82,A,0,1,
OECD.SDD.STES:DSD_STES_REVISIONS@DF_STES_REVISIONS(4.0),EA19,Q,ULC,PT_PCOS,_T,202205,2021-Q3,0.9,A,0,1,
OECD.SDD.STES:DSD_STES_REVISIONS@DF_STES_REVISIONS(4.0),EA19,Q,ULC,PT_PCOS,_T,202303,2021-Q3,0.82,A,0,1,
OECD.SDD.STES:DSD_STES_REVISIONS@DF_STES_REVISIONS(4.0),EA19,Q,ULC,PT_PCOS,_T,202203,2021-Q3,0.69,A,0,1,
OECD.SDD.STES:DSD_STES_REVISIONS@DF_STES_REVISIONS(4.0),EA19,Q,ULC,PT_PCOS,_T,202208,2021-Q3,0.87,A,0,1,
OECD.SDD.STES:DSD_STES_REVISIONS@DF_STES_REVISIONS(4.0),EA19,Q,ULC,PT_PCOS,_T,202212,2021-Q4,0.73,A,0,1,
OECD.SDD.STES:DSD_STES_REVISIONS@DF_STES_REVISIONS(4.0),EA19,Q,ULC,PT_PCOS,_T,202204,2021-Q4,0.81,A,0,1,
OECD.SDD.STES:DSD_STES_REVISIONS@DF_STES_REVISIONS(4.0),EA19,Q,ULC,PT_PCOS,_T,202211,2021-Q4,0.73,A,0,1,
OECD.SDD.STES:DSD_STES_REVISIONS@DF_STES_REVISIONS(4.0),EA19,Q,ULC,PT_PCOS,_T,202210,2021-Q4,0.79,A,0,1,
OECD.SDD.STES:DSD_STES_REVISIONS@DF_STES_REVISIONS(4.0),EA19,Q,ULC,PT_PCOS,_T,202206,2021-Q4,0.75,A,0,1,
OECD.SDD.STES:DSD_STES_REVISIONS@DF_STES_REVISIONS(4.0),EA19,Q,ULC,PT_PCOS,_T,202209,2021-Q4,0.83,A,0,1,
OECD.SDD.STES:DSD_STES_REVISIONS@DF_STES_REVISIONS(4.0),EA19,Q,ULC,PT_PCOS,_T,202207,2021-Q4,0.94,A,0,1,
OECD.SDD.STES:DSD_STES_REVISIONS@DF_STES_REVISIONS(4.0),EA19,Q,ULC,PT_PCOS,_T,202301,2021-Q4,0.8,A,0,1,
OECD.SDD.STES:DSD_STES_REVISIONS@DF_STES_REVISIONS(4.0),EA19,Q,ULC,PT_PCOS,_T,202302,2021-Q4,0.78,A,0,1,
OECD.SDD.STES:DSD_STES_REVISIONS@DF_STES_REVISIONS(4.0),EA19,Q,ULC,PT_PCOS,_T,202205,2021-Q4,0.75,A,0,1,
OECD.SDD.STES:DSD_STES_REVISIONS@DF_STES_REVISIONS(4.0),EA19,Q,ULC,PT_PCOS,_T,202303,2021-Q4,0.78,A,0,1,
OECD.SDD.STES:DSD_STES_REVISIONS@DF_STES_REVISIONS(4.0),EA19,Q,ULC,PT_PCOS,_T,202208,2021-Q4,0.82,A,0,1,
OECD.SDD.STES:DSD_STES_REVISIONS@DF_STES_REVISIONS(4.0),EA19,Q,ULC,PT_PCOS,_T,202212,2022-Q1,0.97,A,0,1,
OECD.SDD.STES:DSD_STES_REVISIONS@DF_STES_REVISIONS(4.0),EA19,Q,ULC,PT_PCOS,_T,202211,2022-Q1,0.97,A,0,1,
OECD.SDD.STES:DSD_STES_REVISIONS@DF_STES_REVISIONS(4.0),EA19,Q,ULC,PT_PCOS,_T,202210,2022-Q1,1.06,A,0,1,
OECD.SDD.STES:DSD_STES_REVISIONS@DF_STES_REVISIONS(4.0),EA19,Q,ULC,PT_PCOS,_T,202209,2022-Q1,1.09,A,0,1,
OECD.SDD.STES:DSD_STES_REVISIONS@DF_STES_REVISIONS(4.0),EA19,Q,ULC,PT_PCOS,_T,202301,2022-Q1,1.06,A,0,1,
OECD.SDD.STES:DSD_STES_REVISIONS@DF_STES_REVISIONS(4.0),EA19,Q,ULC,PT_PCOS,_T,202207,2022-Q1,0.9,A,0,1,
OECD.SDD.STES:DSD_STES_REVISIONS@DF_STES_REVISIONS(4.0),EA19,Q,ULC,PT_PCOS,_T,202302,2022-Q1,1.06,A,0,1,
OECD.SDD.STES:DSD_STES_REVISIONS@DF_STES_REVISIONS(4.0),EA19,Q,ULC,PT_PCOS,_T,202303,2022-Q1,1.06,A,0,1,
OECD.SDD.STES:DSD_STES_REVISIONS@DF_STES_REVISIONS(4.0),EA19,Q,ULC,PT_PCOS,_T,202208,2022-Q1,1.1,A,0,1,
OECD.SDD.STES:DSD_STES_REVISIONS@DF_STES_REVISIONS(4.0),EA19,Q,ULC,PT_PCOS,_T,202212,2022-Q2,0.2,A,0,1,
OECD.SDD.STES:DSD_STES_REVISIONS@DF_STES_REVISIONS(4.0),EA19,Q,ULC,PT_PCOS,_T,202211,2022-Q2,0.2,A,0,1,
OECD.SDD.STES:DSD_STES_REVISIONS@DF_STES_REVISIONS(4.0),EA19,Q,ULC,PT_PCOS,_T,202210,2022-Q2,0.19,A,0,1,
OECD.SDD.STES:DSD_STES_REVISIONS@DF_STES_REVISIONS(4.0),EA19,Q,ULC,PT_PCOS,_T,202301,2022-Q2,0.32,A,0,1,
OECD.SDD.STES:DSD_STES_REVISIONS@DF_STES_REVISIONS(4.0),EA19,Q,ULC,PT_PCOS,_T,202302,2022-Q2,0.26,A,0,1,
OECD.SDD.STES:DSD_STES_REVISIONS@DF_STES_REVISIONS(4.0),EA19,Q,ULC,PT_PCOS,_T,202303,2022-Q2,0.26,A,0,1,
OECD.SDD.STES:DSD_STES_REVISIONS@DF_STES_REVISIONS(4.0),EA19,Q,ULC,PT_PCOS,_T,202301,2022-Q3,1.06,A,0,1,
OECD.SDD.STES:DSD_STES_REVISIONS@DF_STES_REVISIONS(4.0),EA19,Q,ULC,PT_PCOS,_T,202302,2022-Q3,1.13,A,0,1,
OECD.SDD.STES:DSD_STES_REVISIONS@DF_STES_REVISIONS(4.0),EA19,Q,ULC,PT_PCOS,_T,202303,2022-Q3,1.13,A,0,1,
OECD.SDD.STES:DSD_STES_REVISIONS@DF_STES_REVISIONS(4.0),EA19,Q,ULC,PT_PCOS,_T,201905,2015-Q4,0.22,A,0,1,
OECD.SDD.STES:DSD_STES_REVISIONS@DF_STES_REVISIONS(4.0),EA19,Q,ULC,PT_PCOS,_T,201703,2015-Q4,0.23,A,0,1,
OECD.SDD.STES:DSD_STES_REVISIONS@DF_STES_REVISIONS(4.0),EA19,Q,ULC,PT_PCOS,_T,201606,2015-Q4,0.47,A,0,1,
OECD.SDD.STES:DSD_STES_REVISIONS@DF_STES_REVISIONS(4.0),EA19,Q,ULC,PT_PCOS,_T,202212,2015-Q4,0.26,A,0,1,
OECD.SDD.STES:DSD_STES_REVISIONS@DF_STES_REVISIONS(4.0),EA19,Q,ULC,PT_PCOS,_T,201902,2015-Q4,0.24,A,0,1,
OECD.SDD.STES:DSD_STES_REVISIONS@DF_STES_REVISIONS(4.0),EA19,Q,ULC,PT_PCOS,_T,202003,2015-Q4,0.28,A,0,1,
OECD.SDD.STES:DSD_STES_REVISIONS@DF_STES_REVISIONS(4.0),EA19,Q,ULC,PT_PCOS,_T,201807,2015-Q4,0.25,A,0,1,
OECD.SDD.STES:DSD_STES_REVISIONS@DF_STES_REVISIONS(4.0),EA19,Q,ULC,PT_PCOS,_T,201908,2015-Q4,0.28,A,0,1,
OECD.SDD.STES:DSD_STES_REVISIONS@DF_STES_REVISIONS(4.0),EA19,Q,ULC,PT_PCOS,_T,202204,2015-Q4,0.27,A,0,1,
OECD.SDD.STES:DSD_STES_REVISIONS@DF_STES_REVISIONS(4.0),EA19,Q,ULC,PT_PCOS,_T,202211,2015-Q4,0.26,A,0,1,
OECD.SDD.STES:DSD_STES_REVISIONS@DF_STES_REVISIONS(4.0),EA19,Q,ULC,PT_PCOS,_T,202109,2015-Q4,0.23,A,0,1,
OECD.SDD.STES:DSD_STES_REVISIONS@DF_STES_REVISIONS(4.0),EA19,Q,ULC,PT_PCOS,_T,201912,2015-Q4,0.3,A,0,1,
OECD.SDD.STES:DSD_STES_REVISIONS@DF_STES_REVISIONS(4.0),EA19,Q,ULC,PT_PCOS,_T,201812,2015-Q4,0.23,A,0,1,
OECD.SDD.STES:DSD_STES_REVISIONS@DF_STES_REVISIONS(4.0),EA19,Q,ULC,PT_PCOS,_T,202201,2015-Q4,0.27,A,0,1,
OECD.SDD.STES:DSD_STES_REVISIONS@DF_STES_REVISIONS(4.0),EA19,Q,ULC,PT_PCOS,_T,201708,2015-Q4,0.24,A,0,1,
OECD.SDD.STES:DSD_STES_REVISIONS@DF_STES_REVISIONS(4.0),EA19,Q,ULC,PT_PCOS,_T,202105,2015-Q4,0.25,A,0,1,
OECD.SDD.STES:DSD_STES_REVISIONS@DF_STES_REVISIONS(4.0),EA19,Q,ULC,PT_PCOS,_T,202010,2015-Q4,0.29,A,0,1,
OECD.SDD.STES:DSD_STES_REVISIONS@DF_STES_REVISIONS(4.0),EA19,Q,ULC,PT_PCOS,_T,202102,2015-Q4,0.29,A,0,1,
OECD.SDD.STES:DSD_STES_REVISIONS@DF_STES_REVISIONS(4.0),EA19,Q,ULC,PT_PCOS,_T,202202,2015-Q4,0.27,A,0,1,
OECD.SDD.STES:DSD_STES_REVISIONS@DF_STES_REVISIONS(4.0),EA19,Q,ULC,PT_PCOS,_T,202106,2015-Q4,0.25,A,0,1,
OECD.SDD.STES:DSD_STES_REVISIONS@DF_STES_REVISIONS(4.0),EA19,Q,ULC,PT_PCOS,_T,202004,2015-Q4,0.29,A,0,1,
OECD.SDD.STES:DSD_STES_REVISIONS@DF_STES_REVISIONS(4.0),EA19,Q,ULC,PT_PCOS,_T,201610,2015-Q4,0.31,A,0,1,
OECD.SDD.STES:DSD_STES_REVISIONS@DF_STES_REVISIONS(4.0),EA19,Q,ULC,PT_PCOS,_T,201909,2015-Q4,0.28,A,0,1,
OECD.SDD.STES:DSD_STES_REVISIONS@DF_STES_REVISIONS(4.0),EA19,Q,ULC,PT_PCOS,_T,202006,2015-Q4,0.29,A,0,1,
OECD.SDD.STES:DSD_STES_REVISIONS@DF_STES_REVISIONS(4.0),EA19,Q,ULC,PT_PCOS,_T,201710,2015-Q4,0.24,A,0,1,
OECD.SDD.STES:DSD_STES_REVISIONS@DF_STES_REVISIONS(4.0),EA19,Q,ULC,PT_PCOS,_T,202210,2015-Q4,0.25,A,0,1,
OECD.SDD.STES:DSD_STES_REVISIONS@DF_STES_REVISIONS(4.0),EA19,Q,ULC,PT_PCOS,_T,201609,2015-Q4,0.34,A,0,1,
OECD.SDD.STES:DSD_STES_REVISIONS@DF_STES_REVISIONS(4.0),EA19,Q,ULC,PT_PCOS,_T,201907,2015-Q4,0.24,A,0,1,
OECD.SDD.STES:DSD_STES_REVISIONS@DF_STES_REVISIONS(4.0),EA19,Q,ULC,PT_PCOS,_T,201612,2015-Q4,0.31,A,0,1,
OECD.SDD.STES:DSD_STES_REVISIONS@DF_STES_REVISIONS(4.0),EA19,Q,ULC,PT_PCOS,_T,201605,2015-Q4,0.47,A,0,1,
OECD.SDD.STES:DSD_STES_REVISIONS@DF_STES_REVISIONS(4.0),EA19,Q,ULC,PT_PCOS,_T,202101,2015-Q4,0.29,A,0,1,
OECD.SDD.STES:DSD_STES_REVISIONS@DF_STES_REVISIONS(4.0),EA19,Q,ULC,PT_PCOS,_T,201809,2015-Q4,0.27,A,0,1,
OECD.SDD.STES:DSD_STES_REVISIONS@DF_STES_REVISIONS(4.0),EA19,Q,ULC,PT_PCOS,_T,202206,2015-Q4,0.27,A,0,1,
OECD.SDD.STES:DSD_STES_REVISIONS@DF_STES_REVISIONS(4.0),EA19,Q,ULC,PT_PCOS,_T,201904,2015-Q4,0.24,A,0,1,
OECD.SDD.STES:DSD_STES_REVISIONS@DF_STES_REVISIONS(4.0),EA19,Q,ULC,PT_PCOS,_T,201901,2015-Q4,0.23,A,0,1,
OECD.SDD.STES:DSD_STES_REVISIONS@DF_STES_REVISIONS(4.0),EA19,Q,ULC,PT_PCOS,_T,202103,2015-Q4,0.29,A,0,1,
OECD.SDD.STES:DSD_STES_REVISIONS@DF_STES_REVISIONS(4.0),EA19,Q,ULC,PT_PCOS,_T,202209,2015-Q4,0.26,A,0,1,
OECD.SDD.STES:DSD_STES_REVISIONS@DF_STES_REVISIONS(4.0),EA19,Q,ULC,PT_PCOS,_T,202011,2015-Q4,0.29,A,0,1,
OECD.SDD.STES:DSD_STES_REVISIONS@DF_STES_REVISIONS(4.0),EA19,Q,ULC,PT_PCOS,_T,202110,2015-Q4,0.27,A,0,1,
OECD.SDD.STES:DSD_STES_REVISIONS@DF_STES_REVISIONS(4.0),EA19,Q,ULC,PT_PCOS,_T,202108,2015-Q4,0.22,A,0,1,
OECD.SDD.STES:DSD_STES_REVISIONS@DF_STES_REVISIONS(4.0),EA19,Q,ULC,PT_PCOS,_T,202301,2015-Q4,0.26,A,0,1,
OECD.SDD.STES:DSD_STES_REVISIONS@DF_STES_REVISIONS(4.0),EA19,Q,ULC,PT_PCOS,_T,202207,2015-Q4,0.26,A,0,1,
OECD.SDD.STES:DSD_STES_REVISIONS@DF_STES_REVISIONS(4.0),EA19,Q,ULC,PT_PCOS,_T,201911,2015-Q4,0.3,A,0,1,
OECD.SDD.STES:DSD_STES_REVISIONS@DF_STES_REVISIONS(4.0),EA19,Q,ULC,PT_PCOS,_T,202302,2015-Q4,0.26,A,0,1,
OECD.SDD.STES:DSD_STES_REVISIONS@DF_STES_REVISIONS(4.0),EA19,Q,ULC,PT_PCOS,_T,201607,2015-Q4,0.34,A,0,1,
OECD.SDD.STES:DSD_STES_REVISIONS@DF_STES_REVISIONS(4.0),EA19,Q,ULC,PT_PCOS,_T,201709,2015-Q4,0.24,A,0,1,
OECD.SDD.STES:DSD_STES_REVISIONS@DF_STES_REVISIONS(4.0),EA19,Q,ULC,PT_PCOS,_T,201611,2015-Q4,0.31,A,0,1,
OECD.SDD.STES:DSD_STES_REVISIONS@DF_STES_REVISIONS(4.0),EA19,Q,ULC,PT_PCOS,_T,202205,2015-Q4,0.27,A,0,1,
OECD.SDD.STES:DSD_STES_REVISIONS@DF_STES_REVISIONS(4.0),EA19,Q,ULC,PT_PCOS,_T,202104,2015-Q4,0.25,A,0,1,
OECD.SDD.STES:DSD_STES_REVISIONS@DF_STES_REVISIONS(4.0),EA19,Q,ULC,PT_PCOS,_T,201802,2015-Q4,0.23,A,0,1,
OECD.SDD.STES:DSD_STES_REVISIONS@DF_STES_REVISIONS(4.0),EA19,Q,ULC,PT_PCOS,_T,202002,2015-Q4,0.28,A,0,1,
OECD.SDD.STES:DSD_STES_REVISIONS@DF_STES_REVISIONS(4.0),EA19,Q,ULC,PT_PCOS,_T,201711,2015-Q4,0.24,A,0,1,
OECD.SDD.STES:DSD_STES_REVISIONS@DF_STES_REVISIONS(4.0),EA19,Q,ULC,PT_PCOS,_T,201702,2015-Q4,0.23,A,0,1,
OECD.SDD.STES:DSD_STES_REVISIONS@DF_STES_REVISIONS(4.0),EA19,Q,ULC,PT_PCOS,_T,201604,2015-Q4,0.46,A,0,1,
OECD.SDD.STES:DSD_STES_REVISIONS@DF_STES_REVISIONS(4.0),EA19,Q,ULC,PT_PCOS,_T,202303,2015-Q4,0.26,A,0,1,
OECD.SDD.STES:DSD_STES_REVISIONS@DF_STES_REVISIONS(4.0),EA19,Q,ULC,PT_PCOS,_T,201707,2015-Q4,0.2,A,0,1,
OECD.SDD.STES:DSD_STES_REVISIONS@DF_STES_REVISIONS(4.0),EA19,Q,ULC,PT_PCOS,_T,201806,2015-Q4,0.25,A,0,1,
OECD.SDD.STES:DSD_STES_REVISIONS@DF_STES_REVISIONS(4.0),EA19,Q,ULC,PT_PCOS,_T,201801,2015-Q4,0.23,A,0,1,
OECD.SDD.STES:DSD_STES_REVISIONS@DF_STES_REVISIONS(4.0),EA19,Q,ULC,PT_PCOS,_T,202111,2015-Q4,0.27,A,0,1,
OECD.SDD.STES:DSD_STES_REVISIONS@DF_STES_REVISIONS(4.0),EA19,Q,ULC,PT_PCOS,_T,201704,2015-Q4,0.21,A,0,1,
OECD.SDD.STES:DSD_STES_REVISIONS@DF_STES_REVISIONS(4.0),EA19,Q,ULC,PT_PCOS,_T,201706,2015-Q4,0.24,A,0,1,
OECD.SDD.STES:DSD_STES_REVISIONS@DF_STES_REVISIONS(4.0),EA19,Q,ULC,PT_PCOS,_T,201805,2015-Q4,0.25,A,0,1,
OECD.SDD.STES:DSD_STES_REVISIONS@DF_STES_REVISIONS(4.0),EA19,Q,ULC,PT_PCOS,_T,202005,2015-Q4,0.29,A,0,1,
OECD.SDD.STES:DSD_STES_REVISIONS@DF_STES_REVISIONS(4.0),EA19,Q,ULC,PT_PCOS,_T,202112,2015-Q4,0.27,A,0,1,
OECD.SDD.STES:DSD_STES_REVISIONS@DF_STES_REVISIONS(4.0),EA19,Q,ULC,PT_PCOS,_T,202007,2015-Q4,0.3,A,0,1,
OECD.SDD.STES:DSD_STES_REVISIONS@DF_STES_REVISIONS(4.0),EA19,Q,ULC,PT_PCOS,_T,201811,2015-Q4,0.23,A,0,1,
OECD.SDD.STES:DSD_STES_REVISIONS@DF_STES_REVISIONS(4.0),EA19,Q,ULC,PT_PCOS,_T,201906,2015-Q4,0.22,A,0,1,
OECD.SDD.STES:DSD_STES_REVISIONS@DF_STES_REVISIONS(4.0),EA19,Q,ULC,PT_PCOS,_T,201910,2015-Q4,0.3,A,0,1,
OECD.SDD.STES:DSD_STES_REVISIONS@DF_STES_REVISIONS(4.0),EA19,Q,ULC,PT_PCOS,_T,201803,2015-Q4,0.23,A,0,1,
OECD.SDD.STES:DSD_STES_REVISIONS@DF_STES_REVISIONS(4.0),EA19,Q,ULC,PT_PCOS,_T,201701,2015-Q4,0.24,A,0,1,
OECD.SDD.STES:DSD_STES_REVISIONS@DF_STES_REVISIONS(4.0),EA19,Q,ULC,PT_PCOS,_T,201712,2015-Q4,0.24,A,0,1,
OECD.SDD.STES:DSD_STES_REVISIONS@DF_STES_REVISIONS(4.0),EA19,Q,ULC,PT_PCOS,_T,201810,2015-Q4,0.24,A,0,1,
OECD.SDD.STES:DSD_STES_REVISIONS@DF_STES_REVISIONS(4.0),EA19,Q,ULC,PT_PCOS,_T,202203,2015-Q4,0.27,A,0,1,
OECD.SDD.STES:DSD_STES_REVISIONS@DF_STES_REVISIONS(4.0),EA19,Q,ULC,PT_PCOS,_T,201903,2015-Q4,0.24,A,0,1,
OECD.SDD.STES:DSD_STES_REVISIONS@DF_STES_REVISIONS(4.0),EA19,Q,ULC,PT_PCOS,_T,201808,2015-Q4,0.27,A,0,1,
OECD.SDD.STES:DSD_STES_REVISIONS@DF_STES_REVISIONS(4.0),EA19,Q,ULC,PT_PCOS,_T,201905,2015-Q3,0.21,A,0,1,
OECD.SDD.STES:DSD_STES_REVISIONS@DF_STES_REVISIONS(4.0),EA19,Q,ULC,PT_PCOS,_T,201703,2015-Q3,0.33,A,0,1,
OECD.SDD.STES:DSD_STES_REVISIONS@DF_STES_REVISIONS(4.0),EA19,Q,ULC,PT_PCOS,_T,201606,2015-Q3,0.22,A,0,1,
OECD.SDD.STES:DSD_STES_REVISIONS@DF_STES_REVISIONS(4.0),EA19,Q,ULC,PT_PCOS,_T,202212,2015-Q3,0.13,A,0,1,
OECD.SDD.STES:DSD_STES_REVISIONS@DF_STES_REVISIONS(4.0),EA19,Q,ULC,PT_PCOS,_T,201902,2015-Q3,0.2,A,0,1,
OECD.SDD.STES:DSD_STES_REVISIONS@DF_STES_REVISIONS(4.0),EA19,Q,ULC,PT_PCOS,_T,202003,2015-Q3,0.14,A,0,1,
OECD.SDD.STES:DSD_STES_REVISIONS@DF_STES_REVISIONS(4.0),EA19,Q,ULC,PT_PCOS,_T,201603,2015-Q3,0.15,A,0,1,
OECD.SDD.STES:DSD_STES_REVISIONS@DF_STES_REVISIONS(4.0),EA19,Q,ULC,PT_PCOS,_T,201807,2015-Q3,0.17,A,0,1,
OECD.SDD.STES:DSD_STES_REVISIONS@DF_STES_REVISIONS(4.0),EA19,Q,ULC,PT_PCOS,_T,201908,2015-Q3,0.18,A,0,1,
OECD.SDD.STES:DSD_STES_REVISIONS@DF_STES_REVISIONS(4.0),EA19,Q,ULC,PT_PCOS,_T,202204,2015-Q3,0.1,A,0,1,
OECD.SDD.STES:DSD_STES_REVISIONS@DF_STES_REVISIONS(4.0),EA19,Q,ULC,PT_PCOS,_T,202211,2015-Q3,0.13,A,0,1,
OECD.SDD.STES:DSD_STES_REVISIONS@DF_STES_REVISIONS(4.0),EA19,Q,ULC,PT_PCOS,_T,202109,2015-Q3,0.12,A,0,1,
OECD.SDD.STES:DSD_STES_REVISIONS@DF_STES_REVISIONS(4.0),EA19,Q,ULC,PT_PCOS,_T,201912,2015-Q3,0.1,A,0,1,
OECD.SDD.STES:DSD_STES_REVISIONS@DF_STES_REVISIONS(4.0),EA19,Q,ULC,PT_PCOS,_T,201812,2015-Q3,0.21,A,0,1,
OECD.SDD.STES:DSD_STES_REVISIONS@DF_STES_REVISIONS(4.0),EA19,Q,ULC,PT_PCOS,_T,202201,2015-Q3,0.1,A,0,1,
OECD.SDD.STES:DSD_STES_REVISIONS@DF_STES_REVISIONS(4.0),EA19,Q,ULC,PT_PCOS,_T,201708,2015-Q3,0.19,A,0,1,
OECD.SDD.STES:DSD_STES_REVISIONS@DF_STES_REVISIONS(4.0),EA19,Q,ULC,PT_PCOS,_T,202105,2015-Q3,0.15,A,0,1,
OECD.SDD.STES:DSD_STES_REVISIONS@DF_STES_REVISIONS(4.0),EA19,Q,ULC,PT_PCOS,_T,202010,2015-Q3,0.13,A,0,1,
OECD.SDD.STES:DSD_STES_REVISIONS@DF_STES_REVISIONS(4.0),EA19,Q,ULC,PT_PCOS,_T,202102,2015-Q3,0.11,A,0,1,
OECD.SDD.STES:DSD_STES_REVISIONS@DF_STES_REVISIONS(4.0),EA19,Q,ULC,PT_PCOS,_T,202202,2015-Q3,0.1,A,0,1,
OECD.SDD.STES:DSD_STES_REVISIONS@DF_STES_REVISIONS(4.0),EA19,Q,ULC,PT_PCOS,_T,202106,2015-Q3,0.15,A,0,1,
OECD.SDD.STES:DSD_STES_REVISIONS@DF_STES_REVISIONS(4.0),EA19,Q,ULC,PT_PCOS,_T,202004,2015-Q3,0.13,A,0,1,
OECD.SDD.STES:DSD_STES_REVISIONS@DF_STES_REVISIONS(4.0),EA19,Q,ULC,PT_PCOS,_T,201610,2015-Q3,0.24,A,0,1,
OECD.SDD.STES:DSD_STES_REVISIONS@DF_STES_REVISIONS(4.0),EA19,Q,ULC,PT_PCOS,_T,201909,2015-Q3,0.18,A,0,1,
OECD.SDD.STES:DSD_STES_REVISIONS@DF_STES_REVISIONS(4.0),EA19,Q,ULC,PT_PCOS,_T,202006,2015-Q3,0.13,A,0,1,
OECD.SDD.STES:DSD_STES_REVISIONS@DF_STES_REVISIONS(4.0),EA19,Q,ULC,PT_PCOS,_T,201710,2015-Q3,0.14,A,0,1,
OECD.SDD.STES:DSD_STES_REVISIONS@DF_STES_REVISIONS(4.0),EA19,Q,ULC,PT_PCOS,_T,202210,2015-Q3,0.12,A,0,1,
OECD.SDD.STES:DSD_STES_REVISIONS@DF_STES_REVISIONS(4.0),EA19,Q,ULC,PT_PCOS,_T,201609,2015-Q3,0.28,A,0,1,
OECD.SDD.STES:DSD_STES_REVISIONS@DF_STES_REVISIONS(4.0),EA19,Q,ULC,PT_PCOS,_T,201602,2015-Q3,0.15,A,0,1,
OECD.SDD.STES:DSD_STES_REVISIONS@DF_STES_REVISIONS(4.0),EA19,Q,ULC,PT_PCOS,_T,201907,2015-Q3,0.2,A,0,1,
OECD.SDD.STES:DSD_STES_REVISIONS@DF_STES_REVISIONS(4.0),EA19,Q,ULC,PT_PCOS,_T,201612,2015-Q3,0.28,A,0,1,
OECD.SDD.STES:DSD_STES_REVISIONS@DF_STES_REVISIONS(4.0),EA19,Q,ULC,PT_PCOS,_T,201605,2015-Q3,0.22,A,0,1,
OECD.SDD.STES:DSD_STES_REVISIONS@DF_STES_REVISIONS(4.0),EA19,Q,ULC,PT_PCOS,_T,202101,2015-Q3,0.11,A,0,1,
OECD.SDD.STES:DSD_STES_REVISIONS@DF_STES_REVISIONS(4.0),EA19,Q,ULC,PT_PCOS,_T,201809,2015-Q3,0.23,A,0,1,
OECD.SDD.STES:DSD_STES_REVISIONS@DF_STES_REVISIONS(4.0),EA19,Q,ULC,PT_PCOS,_T,202206,2015-Q3,0.1,A,0,1,
OECD.SDD.STES:DSD_STES_REVISIONS@DF_STES_REVISIONS(4.0),EA19,Q,ULC,PT_PCOS,_T,201904,2015-Q3,0.21,A,0,1,
OECD.SDD.STES:DSD_STES_REVISIONS@DF_STES_REVISIONS(4.0),EA19,Q,ULC,PT_PCOS,_T,201901,2015-Q3,0.21,A,0,1,
OECD.SDD.STES:DSD_STES_REVISIONS@DF_STES_REVISIONS(4.0),EA19,Q,ULC,PT_PCOS,_T,202103,2015-Q3,0.11,A,0,1,
OECD.SDD.STES:DSD_STES_REVISIONS@DF_STES_REVISIONS(4.0),EA19,Q,ULC,PT_PCOS,_T,202209,2015-Q3,0.1,A,0,1,
OECD.SDD.STES:DSD_STES_REVISIONS@DF_STES_REVISIONS(4.0),EA19,Q,ULC,PT_PCOS,_T,202110,2015-Q3,0.1,A,0,1,
OECD.SDD.STES:DSD_STES_REVISIONS@DF_STES_REVISIONS(4.0),EA19,Q,ULC,PT_PCOS,_T,202011,2015-Q3,0.11,A,0,1,
OECD.SDD.STES:DSD_STES_REVISIONS@DF_STES_REVISIONS(4.0),EA19,Q,ULC,PT_PCOS,_T,202108,2015-Q3,0.13,A,0,1,
OECD.SDD.STES:DSD_STES_REVISIONS@DF_STES_REVISIONS(4.0),EA19,Q,ULC,PT_PCOS,_T,202301,2015-Q3,0.13,A,0,1,
OECD.SDD.STES:DSD_STES_REVISIONS@DF_STES_REVISIONS(4.0),EA19,Q,ULC,PT_PCOS,_T,202207,2015-Q3,0.11,A,0,1,
OECD.SDD.STES:DSD_STES_REVISIONS@DF_STES_REVISIONS(4.0),EA19,Q,ULC,PT_PCOS,_T,201911,2015-Q3,0.1,A,0,1,
OECD.SDD.STES:DSD_STES_REVISIONS@DF_STES_REVISIONS(4.0),EA19,Q,ULC,PT_PCOS,_T,202302,2015-Q3,0.13,A,0,1,
OECD.SDD.STES:DSD_STES_REVISIONS@DF_STES_REVISIONS(4.0),EA19,Q,ULC,PT_PCOS,_T,201607,2015-Q3,0.28,A,0,1,
OECD.SDD.STES:DSD_STES_REVISIONS@DF_STES_REVISIONS(4.0),EA19,Q,ULC,PT_PCOS,_T,201709,2015-Q3,0.19,A,0,1,
OECD.SDD.STES:DSD_STES_REVISIONS@DF_STES_REVISIONS(4.0),EA19,Q,ULC,PT_PCOS,_T,201611,2015-Q3,0.28,A,0,1,
OECD.SDD.STES:DSD_STES_REVISIONS@DF_STES_REVISIONS(4.0),EA19,Q,ULC,PT_PCOS,_T,202205,2015-Q3,0.1,A,0,1,
OECD.SDD.STES:DSD_STES_REVISIONS@DF_STES_REVISIONS(4.0),EA19,Q,ULC,PT_PCOS,_T,202104,2015-Q3,0.15,A,0,1,
OECD.SDD.STES:DSD_STES_REVISIONS@DF_STES_REVISIONS(4.0),EA19,Q,ULC,PT_PCOS,_T,202002,2015-Q3,0.14,A,0,1,
OECD.SDD.STES:DSD_STES_REVISIONS@DF_STES_REVISIONS(4.0),EA19,Q,ULC,PT_PCOS,_T,201802,2015-Q3,0.17,A,0,1,
OECD.SDD.STES:DSD_STES_REVISIONS@DF_STES_REVISIONS(4.0),EA19,Q,ULC,PT_PCOS,_T,201711,2015-Q3,0.14,A,0,1,
OECD.SDD.STES:DSD_STES_REVISIONS@DF_STES_REVISIONS(4.0),EA19,Q,ULC,PT_PCOS,_T,201702,2015-Q3,0.33,A,0,1,
OECD.SDD.STES:DSD_STES_REVISIONS@DF_STES_REVISIONS(4.0),EA19,Q,ULC,PT_PCOS,_T,201604,2015-Q3,0.23,A,0,1,
OECD.SDD.STES:DSD_STES_REVISIONS@DF_STES_REVISIONS(4.0),EA19,Q,ULC,PT_PCOS,_T,202303,2015-Q3,0.13,A,0,1,
OECD.SDD.STES:DSD_STES_REVISIONS@DF_STES_REVISIONS(4.0),EA19,Q,ULC,PT_PCOS,_T,201707,2015-Q3,0.28,A,0,1,
OECD.SDD.STES:DSD_STES_REVISIONS@DF_STES_REVISIONS(4.0),EA19,Q,ULC,PT_PCOS,_T,201806,2015-Q3,0.16,A,0,1,
OECD.SDD.STES:DSD_STES_REVISIONS@DF_STES_REVISIONS(4.0),EA19,Q,ULC,PT_PCOS,_T,201801,2015-Q3,0.17,A,0,1,
OECD.SDD.STES:DSD_STES_REVISIONS@DF_STES_REVISIONS(4.0),EA19,Q,ULC,PT_PCOS,_T,202111,2015-Q3,0.1,A,0,1,
OECD.SDD.STES:DSD_STES_REVISIONS@DF_STES_REVISIONS(4.0),EA19,Q,ULC,PT_PCOS,_T,201704,2015-Q3,0.32,A,0,1,
OECD.SDD.STES:DSD_STES_REVISIONS@DF_STES_REVISIONS(4.0),EA19,Q,ULC,PT_PCOS,_T,201706,2015-Q3,0.32,A,0,1,
OECD.SDD.STES:DSD_STES_REVISIONS@DF_STES_REVISIONS(4.0),EA19,Q,ULC,PT_PCOS,_T,201805,2015-Q3,0.17,A,0,1,
OECD.SDD.STES:DSD_STES_REVISIONS@DF_STES_REVISIONS(4.0),EA19,Q,ULC,PT_PCOS,_T,202005,2015-Q3,0.13,A,0,1,
OECD.SDD.STES:DSD_STES_REVISIONS@DF_STES_REVISIONS(4.0),EA19,Q,ULC,PT_PCOS,_T,202007,2015-Q3,0.14,A,0,1,
OECD.SDD.STES:DSD_STES_REVISIONS@DF_STES_REVISIONS(4.0),EA19,Q,ULC,PT_PCOS,_T,202112,2015-Q3,0.1,A,0,1,
OECD.SDD.STES:DSD_STES_REVISIONS@DF_STES_REVISIONS(4.0),EA19,Q,ULC,PT_PCOS,_T,201811,2015-Q3,0.21,A,0,1,
OECD.SDD.STES:DSD_STES_REVISIONS@DF_STES_REVISIONS(4.0),EA19,Q,ULC,PT_PCOS,_T,201906,2015-Q3,0.21,A,0,1,
OECD.SDD.STES:DSD_STES_REVISIONS@DF_STES_REVISIONS(4.0),EA19,Q,ULC,PT_PCOS,_T,201910,2015-Q3,0.12,A,0,1,
OECD.SDD.STES:DSD_STES_REVISIONS@DF_STES_REVISIONS(4.0),EA19,Q,ULC,PT_PCOS,_T,201803,2015-Q3,0.17,A,0,1,
OECD.SDD.STES:DSD_STES_REVISIONS@DF_STES_REVISIONS(4.0),EA19,Q,ULC,PT_PCOS,_T,201701,2015-Q3,0.3,A,0,1,
OECD.SDD.STES:DSD_STES_REVISIONS@DF_STES_REVISIONS(4.0),EA19,Q,ULC,PT_PCOS,_T,201712,2015-Q3,0.15,A,0,1,
OECD.SDD.STES:DSD_STES_REVISIONS@DF_STES_REVISIONS(4.0),EA19,Q,ULC,PT_PCOS,_T,202203,2015-Q3,0.1,A,0,1,
OECD.SDD.STES:DSD_STES_REVISIONS@DF_STES_REVISIONS(4.0),EA19,Q,ULC,PT_PCOS,_T,201810,2015-Q3,0.24,A,0,1,
OECD.SDD.STES:DSD_STES_REVISIONS@DF_STES_REVISIONS(4.0),EA19,Q,ULC,PT_PCOS,_T,201903,2015-Q3,0.21,A,0,1,
OECD.SDD.STES:DSD_STES_REVISIONS@DF_STES_REVISIONS(4.0),EA19,Q,ULC,PT_PCOS,_T,201808,2015-Q3,0.23,A,0,1,
OECD.SDD.STES:DSD_STES_REVISIONS@DF_STES_REVISIONS(4.0),EA19,Q,ULC,PT_PCOS,_T,202009,2015-Q3,0.14,A,0,1,
OECD.SDD.STES:DSD_STES_REVISIONS@DF_STES_REVISIONS(4.0),EA19,Q,ULC,PT_PCOS,_T,202001,2015-Q3,0.13,A,0,1,
OECD.SDD.STES:DSD_STES_REVISIONS@DF_STES_REVISIONS(4.0),EA19,Q,ULC,PT_PCOS,_T,201608,2015-Q3,0.28,A,0,1,
OECD.SDD.STES:DSD_STES_REVISIONS@DF_STES_REVISIONS(4.0),EA19,Q,ULC,PT_PCOS,_T,202008,2015-Q3,0.14,A,0,1,
OECD.SDD.STES:DSD_STES_REVISIONS@DF_STES_REVISIONS(4.0),EA19,Q,ULC,PT_PCOS,_T,201601,2015-Q3,0.15,A,0,1,
OECD.SDD.STES:DSD_STES_REVISIONS@DF_STES_REVISIONS(4.0),EA19,Q,ULC,PT_PCOS,_T,202208,2015-Q3,0.1,A,0,1,
OECD.SDD.STES:DSD_STES_REVISIONS@DF_STES_REVISIONS(4.0),EA19,Q,ULC,PT_PCOS,_T,202012,2015-Q3,0.11,A,0,1,
OECD.SDD.STES:DSD_STES_REVISIONS@DF_STES_REVISIONS(4.0),EA19,Q,ULC,PT_PCOS,_T,202107,2015-Q3,0.13,A,0,1,
OECD.SDD.STES:DSD_STES_REVISIONS@DF_STES_REVISIONS(4.0),EA19,Q,ULC,PT_PCOS,_T,201804,2015-Q3,0.18,A,0,1,
OECD.SDD.STES:DSD_STES_REVISIONS@DF_STES_REVISIONS(4.0),EA19,Q,ULC,PT_PCOS,_T,201705,2015-Q3,0.32,A,0,1,
OECD.SDD.STES:DSD_STES_REVISIONS@DF_STES_REVISIONS(4.0),EA19,Q,ULC,PT_PCOS,_T,201905,2015-Q2,0.37,A,0,1,
OECD.SDD.STES:DSD_STES_REVISIONS@DF_STES_REVISIONS(4.0),EA19,Q,ULC,PT_PCOS,_T,201703,2015-Q2,0.26,A,0,1,
OECD.SDD.STES:DSD_STES_REVISIONS@DF_STES_REVISIONS(4.0),EA19,Q,ULC,PT_PCOS,_T,201606,2015-Q2,0.21,A,0,1,
OECD.SDD.STES:DSD_STES_REVISIONS@DF_STES_REVISIONS(4.0),EA19,Q,ULC,PT_PCOS,_T,201511,2015-Q2,0.08,A,0,1,
OECD.SDD.STES:DSD_STES_REVISIONS@DF_STES_REVISIONS(4.0),EA19,Q,ULC,PT_PCOS,_T,202212,2015-Q2,0.31,A,0,1,
OECD.SDD.STES:DSD_STES_REVISIONS@DF_STES_REVISIONS(4.0),EA19,Q,ULC,PT_PCOS,_T,201902,2015-Q2,0.38,A,0,1,
OECD.SDD.STES:DSD_STES_REVISIONS@DF_STES_REVISIONS(4.0),EA19,Q,ULC,PT_PCOS,_T,202003,2015-Q2,0.4,A,0,1,
OECD.SDD.STES:DSD_STES_REVISIONS@DF_STES_REVISIONS(4.0),EA19,Q,ULC,PT_PCOS,_T,201603,2015-Q2,0.16,A,0,1,
OECD.SDD.STES:DSD_STES_REVISIONS@DF_STES_REVISIONS(4.0),EA19,Q,ULC,PT_PCOS,_T,201807,2015-Q2,0.43,A,0,1,
OECD.SDD.STES:DSD_STES_REVISIONS@DF_STES_REVISIONS(4.0),EA19,Q,ULC,PT_PCOS,_T,201908,2015-Q2,0.4,A,0,1,
OECD.SDD.STES:DSD_STES_REVISIONS@DF_STES_REVISIONS(4.0),EA19,Q,ULC,PT_PCOS,_T,202204,2015-Q2,0.35,A,0,1,
OECD.SDD.STES:DSD_STES_REVISIONS@DF_STES_REVISIONS(4.0),EA19,Q,ULC,PT_PCOS,_T,202211,2015-Q2,0.31,A,0,1,
OECD.SDD.STES:DSD_STES_REVISIONS@DF_STES_REVISIONS(4.0),EA19,Q,ULC,PT_PCOS,_T,201512,2015-Q2,0.08,A,0,1,
OECD.SDD.STES:DSD_STES_REVISIONS@DF_STES_REVISIONS(4.0),EA19,Q,ULC,PT_PCOS,_T,202109,2015-Q2,0.35,A,0,1,
OECD.SDD.STES:DSD_STES_REVISIONS@DF_STES_REVISIONS(4.0),EA19,Q,ULC,PT_PCOS,_T,201912,2015-Q2,0.41,A,0,1,
OECD.SDD.STES:DSD_STES_REVISIONS@DF_STES_REVISIONS(4.0),EA19,Q,ULC,PT_PCOS,_T,201812,2015-Q2,0.36,A,0,1,
OECD.SDD.STES:DSD_STES_REVISIONS@DF_STES_REVISIONS(4.0),EA19,Q,ULC,PT_PCOS,_T,202201,2015-Q2,0.35,A,0,1,
OECD.SDD.STES:DSD_STES_REVISIONS@DF_STES_REVISIONS(4.0),EA19,Q,ULC,PT_PCOS,_T,201708,2015-Q2,0.25,A,0,1,
OECD.SDD.STES:DSD_STES_REVISIONS@DF_STES_REVISIONS(4.0),EA19,Q,ULC,PT_PCOS,_T,202105,2015-Q2,0.34,A,0,1,
OECD.SDD.STES:DSD_STES_REVISIONS@DF_STES_REVISIONS(4.0),EA19,Q,ULC,PT_PCOS,_T,202010,2015-Q2,0.35,A,0,1,
OECD.SDD.STES:DSD_STES_REVISIONS@DF_STES_REVISIONS(4.0),EA19,Q,ULC,PT_PCOS,_T,202102,2015-Q2,0.35,A,0,1,
OECD.SDD.STES:DSD_STES_REVISIONS@DF_STES_REVISIONS(4.0),EA19,Q,ULC,PT_PCOS,_T,202202,2015-Q2,0.35,A,0,1,
OECD.SDD.STES:DSD_STES_REVISIONS@DF_STES_REVISIONS(4.0),EA19,Q,ULC,PT_PCOS,_T,202106,2015-Q2,0.34,A,0,1,
OECD.SDD.STES:DSD_STES_REVISIONS@DF_STES_REVISIONS(4.0),EA19,Q,ULC,PT_PCOS,_T,202004,2015-Q2,0.39,A,0,1,
OECD.SDD.STES:DSD_STES_REVISIONS@DF_STES_REVISIONS(4.0),EA19,Q,ULC,PT_PCOS,_T,201610,2015-Q2,0.33,A,0,1,
OECD.SDD.STES:DSD_STES_REVISIONS@DF_STES_REVISIONS(4.0),EA19,Q,ULC,PT_PCOS,_T,201909,2015-Q2,0.4,A,0,1,
OECD.SDD.STES:DSD_STES_REVISIONS@DF_STES_REVISIONS(4.0),EA19,Q,ULC,PT_PCOS,_T,202006,2015-Q2,0.39,A,0,1,
OECD.SDD.STES:DSD_STES_REVISIONS@DF_STES_REVISIONS(4.0),EA19,Q,ULC,PT_PCOS,_T,201710,2015-Q2,0.39,A,0,1,
OECD.SDD.STES:DSD_STES_REVISIONS@DF_STES_REVISIONS(4.0),EA19,Q,ULC,PT_PCOS,_T,202210,2015-Q2,0.33,A,0,1,
OECD.SDD.STES:DSD_STES_REVISIONS@DF_STES_REVISIONS(4.0),EA19,Q,ULC,PT_PCOS,_T,201609,2015-Q2,0.26,A,0,1,
OECD.SDD.STES:DSD_STES_REVISIONS@DF_STES_REVISIONS(4.0),EA19,Q,ULC,PT_PCOS,_T,201602,2015-Q2,0.16,A,0,1,
OECD.SDD.STES:DSD_STES_REVISIONS@DF_STES_REVISIONS(4.0),EA19,Q,ULC,PT_PCOS,_T,201907,2015-Q2,0.37,A,0,1,
OECD.SDD.STES:DSD_STES_REVISIONS@DF_STES_REVISIONS(4.0),EA19,Q,ULC,PT_PCOS,_T,201510,2015-Q2,0.08,A,0,1,
OECD.SDD.STES:DSD_STES_REVISIONS@DF_STES_REVISIONS(4.0),EA19,Q,ULC,PT_PCOS,_T,201612,2015-Q2,0.25,A,0,1,
OECD.SDD.STES:DSD_STES_REVISIONS@DF_STES_REVISIONS(4.0),EA19,Q,ULC,PT_PCOS,_T,201605,2015-Q2,0.21,A,0,1,
OECD.SDD.STES:DSD_STES_REVISIONS@DF_STES_REVISIONS(4.0),EA19,Q,ULC,PT_PCOS,_T,202101,2015-Q2,0.35,A,0,1,
OECD.SDD.STES:DSD_STES_REVISIONS@DF_STES_REVISIONS(4.0),EA19,Q,ULC,PT_PCOS,_T,201809,2015-Q2,0.41,A,0,1,
OECD.SDD.STES:DSD_STES_REVISIONS@DF_STES_REVISIONS(4.0),EA19,Q,ULC,PT_PCOS,_T,202206,2015-Q2,0.35,A,0,1,
OECD.SDD.STES:DSD_STES_REVISIONS@DF_STES_REVISIONS(4.0),EA19,Q,ULC,PT_PCOS,_T,201904,2015-Q2,0.35,A,0,1,
OECD.SDD.STES:DSD_STES_REVISIONS@DF_STES_REVISIONS(4.0),EA19,Q,ULC,PT_PCOS,_T,201901,2015-Q2,0.38,A,0,1,
OECD.SDD.STES:DSD_STES_REVISIONS@DF_STES_REVISIONS(4.0),EA19,Q,ULC,PT_PCOS,_T,202103,2015-Q2,0.35,A,0,1,
OECD.SDD.STES:DSD_STES_REVISIONS@DF_STES_REVISIONS(4.0),EA19,Q,ULC,PT_PCOS,_T,202209,2015-Q2,0.33,A,0,1,
OECD.SDD.STES:DSD_STES_REVISIONS@DF_STES_REVISIONS(4.0),EA19,Q,ULC,PT_PCOS,_T,202011,2015-Q2,0.35,A,0,1,
OECD.SDD.STES:DSD_STES_REVISIONS@DF_STES_REVISIONS(4.0),EA19,Q,ULC,PT_PCOS,_T,202110,2015-Q2,0.35,A,0,1,
OECD.SDD.STES:DSD_STES_REVISIONS@DF_STES_REVISIONS(4.0),EA19,Q,ULC,PT_PCOS,_T,202108,2015-Q2,0.35,A,0,1,
OECD.SDD.STES:DSD_STES_REVISIONS@DF_STES_REVISIONS(4.0),EA19,Q,ULC,PT_PCOS,_T,202301,2015-Q2,0.31,A,0,1,
OECD.SDD.STES:DSD_STES_REVISIONS@DF_STES_REVISIONS(4.0),EA19,Q,ULC,PT_PCOS,_T,202207,2015-Q2,0.32,A,0,1,
OECD.SDD.STES:DSD_STES_REVISIONS@DF_STES_REVISIONS(4.0),EA19,Q,ULC,PT_PCOS,_T,201911,2015-Q2,0.41,A,0,1,
OECD.SDD.STES:DSD_STES_REVISIONS@DF_STES_REVISIONS(4.0),EA19,Q,ULC,PT_PCOS,_T,202302,2015-Q2,0.31,A,0,1,
OECD.SDD.STES:DSD_STES_REVISIONS@DF_STES_REVISIONS(4.0),EA19,Q,ULC,PT_PCOS,_T,201607,2015-Q2,0.26,A,0,1,
OECD.SDD.STES:DSD_STES_REVISIONS@DF_STES_REVISIONS(4.0),EA19,Q,ULC,PT_PCOS,_T,201709,2015-Q2,0.25,A,0,1,
OECD.SDD.STES:DSD_STES_REVISIONS@DF_STES_REVISIONS(4.0),EA19,Q,ULC,PT_PCOS,_T,201611,2015-Q2,0.25,A,0,1,
OECD.SDD.STES:DSD_STES_REVISIONS@DF_STES_REVISIONS(4.0),EA19,Q,ULC,PT_PCOS,_T,202205,2015-Q2,0.35,A,0,1,
OECD.SDD.STES:DSD_STES_REVISIONS@DF_STES_REVISIONS(4.0),EA19,Q,ULC,PT_PCOS,_T,202104,2015-Q2,0.34,A,0,1,
OECD.SDD.STES:DSD_STES_REVISIONS@DF_STES_REVISIONS(4.0),EA19,Q,ULC,PT_PCOS,_T,201802,2015-Q2,0.42,A,0,1,
OECD.SDD.STES:DSD_STES_REVISIONS@DF_STES_REVISIONS(4.0),EA19,Q,ULC,PT_PCOS,_T,202002,2015-Q2,0.4,A,0,1,
OECD.SDD.STES:DSD_STES_REVISIONS@DF_STES_REVISIONS(4.0),EA19,Q,ULC,PT_PCOS,_T,201711,2015-Q2,0.44,A,0,1,
OECD.SDD.STES:DSD_STES_REVISIONS@DF_STES_REVISIONS(4.0),EA19,Q,ULC,PT_PCOS,_T,201702,2015-Q2,0.26,A,0,1,
OECD.SDD.STES:DSD_STES_REVISIONS@DF_STES_REVISIONS(4.0),EA19,Q,ULC,PT_PCOS,_T,201604,2015-Q2,0.21,A,0,1,
OECD.SDD.STES:DSD_STES_REVISIONS@DF_STES_REVISIONS(4.0),EA19,Q,ULC,PT_PCOS,_T,202303,2015-Q2,0.31,A,0,1,
OECD.SDD.STES:DSD_STES_REVISIONS@DF_STES_REVISIONS(4.0),EA19,Q,ULC,PT_PCOS,_T,201707,2015-Q2,0.19,A,0,1,
OECD.SDD.STES:DSD_STES_REVISIONS@DF_STES_REVISIONS(4.0),EA19,Q,ULC,PT_PCOS,_T,201806,2015-Q2,0.44,A,0,1,
OECD.SDD.STES:DSD_STES_REVISIONS@DF_STES_REVISIONS(4.0),EA19,Q,ULC,PT_PCOS,_T,201801,2015-Q2,0.42,A,0,1,
OECD.SDD.STES:DSD_STES_REVISIONS@DF_STES_REVISIONS(4.0),EA19,Q,ULC,PT_PCOS,_T,202111,2015-Q2,0.34,A,0,1,
OECD.SDD.STES:DSD_STES_REVISIONS@DF_STES_REVISIONS(4.0),EA19,Q,ULC,PT_PCOS,_T,201704,2015-Q2,0.24,A,0,1,
OECD.SDD.STES:DSD_STES_REVISIONS@DF_STES_REVISIONS(4.0),EA19,Q,ULC,PT_PCOS,_T,201706,2015-Q2,0.24,A,0,1,
OECD.SDD.STES:DSD_STES_REVISIONS@DF_STES_REVISIONS(4.0),EA19,Q,ULC,PT_PCOS,_T,201805,2015-Q2,0.44,A,0,1,
OECD.SDD.STES:DSD_STES_REVISIONS@DF_STES_REVISIONS(4.0),EA19,Q,ULC,PT_PCOS,_T,202005,2015-Q2,0.39,A,0,1,
OECD.SDD.STES:DSD_STES_REVISIONS@DF_STES_REVISIONS(4.0),EA19,Q,ULC,PT_PCOS,_T,202112,2015-Q2,0.34,A,0,1,
OECD.SDD.STES:DSD_STES_REVISIONS@DF_STES_REVISIONS(4.0),EA19,Q,ULC,PT_PCOS,_T,202007,2015-Q2,0.39,A,0,1,
OECD.SDD.STES:DSD_STES_REVISIONS@DF_STES_REVISIONS(4.0),EA19,Q,ULC,PT_PCOS,_T,201811,2015-Q2,0.36,A,0,1,
OECD.SDD.STES:DSD_STES_REVISIONS@DF_STES_REVISIONS(4.0),EA19,Q,ULC,PT_PCOS,_T,201906,2015-Q2,0.37,A,0,1,
OECD.SDD.STES:DSD_STES_REVISIONS@DF_STES_REVISIONS(4.0),EA19,Q,ULC,PT_PCOS,_T,201910,2015-Q2,0.41,A,0,1,
OECD.SDD.STES:DSD_STES_REVISIONS@DF_STES_REVISIONS(4.0),EA19,Q,ULC,PT_PCOS,_T,201803,2015-Q2,0.42,A,0,1,
OECD.SDD.STES:DSD_STES_REVISIONS@DF_STES_REVISIONS(4.0),EA19,Q,ULC,PT_PCOS,_T,201701,2015-Q2,0.27,A,0,1,
OECD.SDD.STES:DSD_STES_REVISIONS@DF_STES_REVISIONS(4.0),EA19,Q,ULC,PT_PCOS,_T,201712,2015-Q2,0.44,A,0,1,
OECD.SDD.STES:DSD_STES_REVISIONS@DF_STES_REVISIONS(4.0),EA19,Q,ULC,PT_PCOS,_T,201810,2015-Q2,0.37,A,0,1,
OECD.SDD.STES:DSD_STES_REVISIONS@DF_STES_REVISIONS(4.0),EA19,Q,ULC,PT_PCOS,_T,202203,2015-Q2,0.35,A,0,1,
OECD.SDD.STES:DSD_STES_REVISIONS@DF_STES_REVISIONS(4.0),EA19,Q,ULC,PT_PCOS,_T,201903,2015-Q2,0.35,A,0,1,
OECD.SDD.STES:DSD_STES_REVISIONS@DF_STES_REVISIONS(4.0),EA19,Q,ULC,PT_PCOS,_T,201808,2015-Q2,0.41,A,0,1,
OECD.SDD.STES:DSD_STES_REVISIONS@DF_STES_REVISIONS(4.0),EA19,Q,ULC,PT_PCOS,_T,202009,2015-Q2,0.39,A,0,1,
OECD.SDD.STES:DSD_STES_REVISIONS@DF_STES_REVISIONS(4.0),EA19,Q,ULC,PT_PCOS,_T,202001,2015-Q2,0.4,A,0,1,
OECD.SDD.STES:DSD_STES_REVISIONS@DF_STES_REVISIONS(4.0),EA19,Q,ULC,PT_PCOS,_T,201608,2015-Q2,0.26,A,0,1,
OECD.SDD.STES:DSD_STES_REVISIONS@DF_STES_REVISIONS(4.0),EA19,Q,ULC,PT_PCOS,_T,202008,2015-Q2,0.39,A,0,1,
OECD.SDD.STES:DSD_STES_REVISIONS@DF_STES_REVISIONS(4.0),EA19,Q,ULC,PT_PCOS,_T,201601,2015-Q2,0.16,A,0,1,
OECD.SDD.STES:DSD_STES_REVISIONS@DF_STES_REVISIONS(4.0),EA19,Q,ULC,PT_PCOS,_T,202208,2015-Q2,0.33,A,0,1,
OECD.SDD.STES:DSD_STES_REVISIONS@DF_STES_REVISIONS(4.0),EA19,Q,ULC,PT_PCOS,_T,202012,2015-Q2,0.35,A,0,1,
OECD.SDD.STES:DSD_STES_REVISIONS@DF_STES_REVISIONS(4.0),EA19,Q,ULC,PT_PCOS,_T,202107,2015-Q2,0.33,A,0,1,
OECD.SDD.STES:DSD_STES_REVISIONS@DF_STES_REVISIONS(4.0),EA19,Q,ULC,PT_PCOS,_T,201804,2015-Q2,0.41,A,0,1,
OECD.SDD.STES:DSD_STES_REVISIONS@DF_STES_REVISIONS(4.0),EA19,Q,ULC,PT_PCOS,_T,201705,2015-Q2,0.24,A,0,1,
OECD.SDD.STES:DSD_STES_REVISIONS@DF_STES_REVISIONS(4.0),EA19,Q,ULC,PT_PCOS,_T,201905,2015-Q1,-0.25,A,0,1,
OECD.SDD.STES:DSD_STES_REVISIONS@DF_STES_REVISIONS(4.0),EA19,Q,ULC,PT_PCOS,_T,201703,2015-Q1,-0.36,A,0,1,
OECD.SDD.STES:DSD_STES_REVISIONS@DF_STES_REVISIONS(4.0),EA19,Q,ULC,PT_PCOS,_T,201606,2015-Q1,0.02,A,0,1,
OECD.SDD.STES:DSD_STES_REVISIONS@DF_STES_REVISIONS(4.0),EA19,Q,ULC,PT_PCOS,_T,201511,2015-Q1,0.2,A,0,1,
OECD.SDD.STES:DSD_STES_REVISIONS@DF_STES_REVISIONS(4.0),EA19,Q,ULC,PT_PCOS,_T,202212,2015-Q1,-0.17,A,0,1,
OECD.SDD.STES:DSD_STES_REVISIONS@DF_STES_REVISIONS(4.0),EA19,Q,ULC,PT_PCOS,_T,201902,2015-Q1,-0.25,A,0,1,
OECD.SDD.STES:DSD_STES_REVISIONS@DF_STES_REVISIONS(4.0),EA19,Q,ULC,PT_PCOS,_T,202003,2015-Q1,-0.28,A,0,1,
OECD.SDD.STES:DSD_STES_REVISIONS@DF_STES_REVISIONS(4.0),EA19,Q,ULC,PT_PCOS,_T,201603,2015-Q1,0.06,A,0,1,
OECD.SDD.STES:DSD_STES_REVISIONS@DF_STES_REVISIONS(4.0),EA19,Q,ULC,PT_PCOS,_T,201807,2015-Q1,-0.23,A,0,1,
OECD.SDD.STES:DSD_STES_REVISIONS@DF_STES_REVISIONS(4.0),EA19,Q,ULC,PT_PCOS,_T,201908,2015-Q1,-0.28,A,0,1,
OECD.SDD.STES:DSD_STES_REVISIONS@DF_STES_REVISIONS(4.0),EA19,Q,ULC,PT_PCOS,_T,202204,2015-Q1,-0.25,A,0,1,
OECD.SDD.STES:DSD_STES_REVISIONS@DF_STES_REVISIONS(4.0),EA19,Q,ULC,PT_PCOS,_T,202211,2015-Q1,-0.17,A,0,1,
OECD.SDD.STES:DSD_STES_REVISIONS@DF_STES_REVISIONS(4.0),EA19,Q,ULC,PT_PCOS,_T,201512,2015-Q1,0.2,A,0,1,
OECD.SDD.STES:DSD_STES_REVISIONS@DF_STES_REVISIONS(4.0),EA19,Q,ULC,PT_PCOS,_T,202109,2015-Q1,-0.23,A,0,1,
OECD.SDD.STES:DSD_STES_REVISIONS@DF_STES_REVISIONS(4.0),EA19,Q,ULC,PT_PCOS,_T,201912,2015-Q1,-0.28,A,0,1,
OECD.SDD.STES:DSD_STES_REVISIONS@DF_STES_REVISIONS(4.0),EA19,Q,ULC,PT_PCOS,_T,201812,2015-Q1,-0.24,A,0,1,
OECD.SDD.STES:DSD_STES_REVISIONS@DF_STES_REVISIONS(4.0),EA19,Q,ULC,PT_PCOS,_T,202201,2015-Q1,-0.24,A,0,1,
OECD.SDD.STES:DSD_STES_REVISIONS@DF_STES_REVISIONS(4.0),EA19,Q,ULC,PT_PCOS,_T,201708,2015-Q1,-0.31,A,0,1,
OECD.SDD.STES:DSD_STES_REVISIONS@DF_STES_REVISIONS(4.0),EA19,Q,ULC,PT_PCOS,_T,202105,2015-Q1,-0.25,A,0,1,
OECD.SDD.STES:DSD_STES_REVISIONS@DF_STES_REVISIONS(4.0),EA19,Q,ULC,PT_PCOS,_T,202010,2015-Q1,-0.22,A,0,1,
OECD.SDD.STES:DSD_STES_REVISIONS@DF_STES_REVISIONS(4.0),EA19,Q,ULC,PT_PCOS,_T,202102,2015-Q1,-0.26,A,0,1,
OECD.SDD.STES:DSD_STES_REVISIONS@DF_STES_REVISIONS(4.0),EA19,Q,ULC,PT_PCOS,_T,201507,2015-Q1,0.3,A,0,1,
OECD.SDD.STES:DSD_STES_REVISIONS@DF_STES_REVISIONS(4.0),EA19,Q,ULC,PT_PCOS,_T,202202,2015-Q1,-0.24,A,0,1,
OECD.SDD.STES:DSD_STES_REVISIONS@DF_STES_REVISIONS(4.0),EA19,Q,ULC,PT_PCOS,_T,202106,2015-Q1,-0.25,A,0,1,
OECD.SDD.STES:DSD_STES_REVISIONS@DF_STES_REVISIONS(4.0),EA19,Q,ULC,PT_PCOS,_T,202004,2015-Q1,-0.27,A,0,1,
OECD.SDD.STES:DSD_STES_REVISIONS@DF_STES_REVISIONS(4.0),EA19,Q,ULC,PT_PCOS,_T,201610,2015-Q1,-0.34,A,0,1,
OECD.SDD.STES:DSD_STES_REVISIONS@DF_STES_REVISIONS(4.0),EA19,Q,ULC,PT_PCOS,_T,201909,2015-Q1,-0.28,A,0,1,
OECD.SDD.STES:DSD_STES_REVISIONS@DF_STES_REVISIONS(4.0),EA19,Q,ULC,PT_PCOS,_T,202006,2015-Q1,-0.27,A,0,1,
OECD.SDD.STES:DSD_STES_REVISIONS@DF_STES_REVISIONS(4.0),EA19,Q,ULC,PT_PCOS,_T,201710,2015-Q1,-0.34,A,0,1,
OECD.SDD.STES:DSD_STES_REVISIONS@DF_STES_REVISIONS(4.0),EA19,Q,ULC,PT_PCOS,_T,202210,2015-Q1,-0.18,A,0,1,
OECD.SDD.STES:DSD_STES_REVISIONS@DF_STES_REVISIONS(4.0),EA19,Q,ULC,PT_PCOS,_T,201609,2015-Q1,-0.02,A,0,1,
OECD.SDD.STES:DSD_STES_REVISIONS@DF_STES_REVISIONS(4.0),EA19,Q,ULC,PT_PCOS,_T,201602,2015-Q1,0.06,A,0,1,
OECD.SDD.STES:DSD_STES_REVISIONS@DF_STES_REVISIONS(4.0),EA19,Q,ULC,PT_PCOS,_T,201907,2015-Q1,-0.25,A,0,1,
OECD.SDD.STES:DSD_STES_REVISIONS@DF_STES_REVISIONS(4.0),EA19,Q,ULC,PT_PCOS,_T,201510,2015-Q1,0.2,A,0,1,
OECD.SDD.STES:DSD_STES_REVISIONS@DF_STES_REVISIONS(4.0),EA19,Q,ULC,PT_PCOS,_T,201612,2015-Q1,-0.34,A,0,1,
OECD.SDD.STES:DSD_STES_REVISIONS@DF_STES_REVISIONS(4.0),EA19,Q,ULC,PT_PCOS,_T,201509,2015-Q1,0.3,A,0,1,
OECD.SDD.STES:DSD_STES_REVISIONS@DF_STES_REVISIONS(4.0),EA19,Q,ULC,PT_PCOS,_T,201605,2015-Q1,0.02,A,0,1,
OECD.SDD.STES:DSD_STES_REVISIONS@DF_STES_REVISIONS(4.0),EA19,Q,ULC,PT_PCOS,_T,202101,2015-Q1,-0.26,A,0,1,
OECD.SDD.STES:DSD_STES_REVISIONS@DF_STES_REVISIONS(4.0),EA19,Q,ULC,PT_PCOS,_T,201809,2015-Q1,-0.22,A,0,1,
OECD.SDD.STES:DSD_STES_REVISIONS@DF_STES_REVISIONS(4.0),EA19,Q,ULC,PT_PCOS,_T,202206,2015-Q1,-0.25,A,0,1,
OECD.SDD.STES:DSD_STES_REVISIONS@DF_STES_REVISIONS(4.0),EA19,Q,ULC,PT_PCOS,_T,201904,2015-Q1,-0.24,A,0,1,
OECD.SDD.STES:DSD_STES_REVISIONS@DF_STES_REVISIONS(4.0),EA19,Q,ULC,PT_PCOS,_T,201901,2015-Q1,-0.25,A,0,1,
OECD.SDD.STES:DSD_STES_REVISIONS@DF_STES_REVISIONS(4.0),EA19,Q,ULC,PT_PCOS,_T,202103,2015-Q1,-0.26,A,0,1,
OECD.SDD.STES:DSD_STES_REVISIONS@DF_STES_REVISIONS(4.0),EA19,Q,ULC,PT_PCOS,_T,202209,2015-Q1,-0.21,A,0,1,
OECD.SDD.STES:DSD_STES_REVISIONS@DF_STES_REVISIONS(4.0),EA19,Q,ULC,PT_PCOS,_T,202110,2015-Q1,-0.24,A,0,1,
OECD.SDD.STES:DSD_STES_REVISIONS@DF_STES_REVISIONS(4.0),EA19,Q,ULC,PT_PCOS,_T,202011,2015-Q1,-0.26,A,0,1,
OECD.SDD.STES:DSD_STES_REVISIONS@DF_STES_REVISIONS(4.0),EA19,Q,ULC,PT_PCOS,_T,202108,2015-Q1,-0.23,A,0,1,
OECD.SDD.STES:DSD_STES_REVISIONS@DF_STES_REVISIONS(4.0),EA19,Q,ULC,PT_PCOS,_T,202301,2015-Q1,-0.17,A,0,1,
OECD.SDD.STES:DSD_STES_REVISIONS@DF_STES_REVISIONS(4.0),EA19,Q,ULC,PT_PCOS,_T,202207,2015-Q1,-0.26,A,0,1,
OECD.SDD.STES:DSD_STES_REVISIONS@DF_STES_REVISIONS(4.0),EA19,Q,ULC,PT_PCOS,_T,201911,2015-Q1,-0.28,A,0,1,
OECD.SDD.STES:DSD_STES_REVISIONS@DF_STES_REVISIONS(4.0),EA19,Q,ULC,PT_PCOS,_T,202302,2015-Q1,-0.17,A,0,1,
OECD.SDD.STES:DSD_STES_REVISIONS@DF_STES_REVISIONS(4.0),EA19,Q,ULC,PT_PCOS,_T,201607,2015-Q1,-0.02,A,0,1,
OECD.SDD.STES:DSD_STES_REVISIONS@DF_STES_REVISIONS(4.0),EA19,Q,ULC,PT_PCOS,_T,201709,2015-Q1,-0.31,A,0,1,
OECD.SDD.STES:DSD_STES_REVISIONS@DF_STES_REVISIONS(4.0),EA19,Q,ULC,PT_PCOS,_T,201611,2015-Q1,-0.34,A,0,1,
OECD.SDD.STES:DSD_STES_REVISIONS@DF_STES_REVISIONS(4.0),EA19,Q,ULC,PT_PCOS,_T,202205,2015-Q1,-0.25,A,0,1,
OECD.SDD.STES:DSD_STES_REVISIONS@DF_STES_REVISIONS(4.0),EA19,Q,ULC,PT_PCOS,_T,202104,2015-Q1,-0.25,A,0,1,
OECD.SDD.STES:DSD_STES_REVISIONS@DF_STES_REVISIONS(4.0),EA19,Q,ULC,PT_PCOS,_T,202002,2015-Q1,-0.28,A,0,1,
OECD.SDD.STES:DSD_STES_REVISIONS@DF_STES_REVISIONS(4.0),EA19,Q,ULC,PT_PCOS,_T,201802,2015-Q1,-0.23,A,0,1,
OECD.SDD.STES:DSD_STES_REVISIONS@DF_STES_REVISIONS(4.0),EA19,Q,ULC,PT_PCOS,_T,201711,2015-Q1,-0.23,A,0,1,
OECD.SDD.STES:DSD_STES_REVISIONS@DF_STES_REVISIONS(4.0),EA19,Q,ULC,PT_PCOS,_T,201702,2015-Q1,-0.36,A,0,1,
OECD.SDD.STES:DSD_STES_REVISIONS@DF_STES_REVISIONS(4.0),EA19,Q,ULC,PT_PCOS,_T,201604,2015-Q1,0.02,A,0,1,
OECD.SDD.STES:DSD_STES_REVISIONS@DF_STES_REVISIONS(4.0),EA19,Q,ULC,PT_PCOS,_T,202303,2015-Q1,-0.17,A,0,1,
OECD.SDD.STES:DSD_STES_REVISIONS@DF_STES_REVISIONS(4.0),EA19,Q,ULC,PT_PCOS,_T,201707,2015-Q1,-0.32,A,0,1,
OECD.SDD.STES:DSD_STES_REVISIONS@DF_STES_REVISIONS(4.0),EA19,Q,ULC,PT_PCOS,_T,201806,2015-Q1,-0.23,A,0,1,
OECD.SDD.STES:DSD_STES_REVISIONS@DF_STES_REVISIONS(4.0),EA19,Q,ULC,PT_PCOS,_T,201801,2015-Q1,-0.23,A,0,1,
OECD.SDD.STES:DSD_STES_REVISIONS@DF_STES_REVISIONS(4.0),EA19,Q,ULC,PT_PCOS,_T,202111,2015-Q1,-0.23,A,0,1,
OECD.SDD.STES:DSD_STES_REVISIONS@DF_STES_REVISIONS(4.0),EA19,Q,ULC,PT_PCOS,_T,201704,2015-Q1,-0.34,A,0,1,
OECD.SDD.STES:DSD_STES_REVISIONS@DF_STES_REVISIONS(4.0),EA19,Q,ULC,PT_PCOS,_T,201706,2015-Q1,-0.36,A,0,1,
OECD.SDD.STES:DSD_STES_REVISIONS@DF_STES_REVISIONS(4.0),EA19,Q,ULC,PT_PCOS,_T,201805,2015-Q1,-0.25,A,0,1,
OECD.SDD.STES:DSD_STES_REVISIONS@DF_STES_REVISIONS(4.0),EA19,Q,ULC,PT_PCOS,_T,202005,2015-Q1,-0.27,A,0,1,
OECD.SDD.STES:DSD_STES_REVISIONS@DF_STES_REVISIONS(4.0),EA19,Q,ULC,PT_PCOS,_T,202007,2015-Q1,-0.28,A,0,1,
OECD.SDD.STES:DSD_STES_REVISIONS@DF_STES_REVISIONS(4.0),EA19,Q,ULC,PT_PCOS,_T,202112,2015-Q1,-0.23,A,0,1,
OECD.SDD.STES:DSD_STES_REVISIONS@DF_STES_REVISIONS(4.0),EA19,Q,ULC,PT_PCOS,_T,201811,2015-Q1,-0.24,A,0,1,
OECD.SDD.STES:DSD_STES_REVISIONS@DF_STES_REVISIONS(4.0),EA19,Q,ULC,PT_PCOS,_T,201906,2015-Q1,-0.25,A,0,1,
OECD.SDD.STES:DSD_STES_REVISIONS@DF_STES_REVISIONS(4.0),EA19,Q,ULC,PT_PCOS,_T,201910,2015-Q1,-0.21,A,0,1,
OECD.SDD.STES:DSD_STES_REVISIONS@DF_STES_REVISIONS(4.0),EA19,Q,ULC,PT_PCOS,_T,201803,2015-Q1,-0.23,A,0,1,
OECD.SDD.STES:DSD_STES_REVISIONS@DF_STES_REVISIONS(4.0),EA19,Q,ULC,PT_PCOS,_T,201701,2015-Q1,-0.34,A,0,1,
OECD.SDD.STES:DSD_STES_REVISIONS@DF_STES_REVISIONS(4.0),EA19,Q,ULC,PT_PCOS,_T,201712,2015-Q1,-0.23,A,0,1,
OECD.SDD.STES:DSD_STES_REVISIONS@DF_STES_REVISIONS(4.0),EA19,Q,ULC,PT_PCOS,_T,201508,2015-Q1,0.3,A,0,1,
OECD.SDD.STES:DSD_STES_REVISIONS@DF_STES_REVISIONS(4.0),EA19,Q,ULC,PT_PCOS,_T,202203,2015-Q1,-0.24,A,0,1,
OECD.SDD.STES:DSD_STES_REVISIONS@DF_STES_REVISIONS(4.0),EA19,Q,ULC,PT_PCOS,_T,201810,2015-Q1,-0.15,A,0,1,
OECD.SDD.STES:DSD_STES_REVISIONS@DF_STES_REVISIONS(4.0),EA19,Q,ULC,PT_PCOS,_T,201903,2015-Q1,-0.24,A,0,1,
OECD.SDD.STES:DSD_STES_REVISIONS@DF_STES_REVISIONS(4.0),EA19,Q,ULC,PT_PCOS,_T,201808,2015-Q1,-0.22,A,0,1,
OECD.SDD.STES:DSD_STES_REVISIONS@DF_STES_REVISIONS(4.0),EA19,Q,ULC,PT_PCOS,_T,202009,2015-Q1,-0.31,A,0,1,
OECD.SDD.STES:DSD_STES_REVISIONS@DF_STES_REVISIONS(4.0),EA19,Q,ULC,PT_PCOS,_T,202001,2015-Q1,-0.28,A,0,1,
OECD.SDD.STES:DSD_STES_REVISIONS@DF_STES_REVISIONS(4.0),EA19,Q,ULC,PT_PCOS,_T,201608,2015-Q1,-0.02,A,0,1,
OECD.SDD.STES:DSD_STES_REVISIONS@DF_STES_REVISIONS(4.0),EA19,Q,ULC,PT_PCOS,_T,202008,2015-Q1,-0.31,A,0,1,
OECD.SDD.STES:DSD_STES_REVISIONS@DF_STES_REVISIONS(4.0),EA19,Q,ULC,PT_PCOS,_T,201601,2015-Q1,0.06,A,0,1,
OECD.SDD.STES:DSD_STES_REVISIONS@DF_STES_REVISIONS(4.0),EA19,Q,ULC,PT_PCOS,_T,202208,2015-Q1,-0.21,A,0,1,
OECD.SDD.STES:DSD_STES_REVISIONS@DF_STES_REVISIONS(4.0),EA19,Q,ULC,PT_PCOS,_T,202012,2015-Q1,-0.26,A,0,1,
OECD.SDD.STES:DSD_STES_REVISIONS@DF_STES_REVISIONS(4.0),EA19,Q,ULC,PT_PCOS,_T,202107,2015-Q1,-0.23,A,0,1,
OECD.SDD.STES:DSD_STES_REVISIONS@DF_STES_REVISIONS(4.0),EA19,Q,ULC,PT_PCOS,_T,201804,2015-Q1,-0.23,A,0,1,
OECD.SDD.STES:DSD_STES_REVISIONS@DF_STES_REVISIONS(4.0),EA19,Q,ULC,PT_PCOS,_T,201705,2015-Q1,-0.36,A,0,1,
OECD.SDD.STES:DSD_STES_REVISIONS@DF_STES_REVISIONS(4.0),EA19,Q,ULC,PT_PCOS,_T,201905,2014-Q4,0.03,A,0,1,
OECD.SDD.STES:DSD_STES_REVISIONS@DF_STES_REVISIONS(4.0),EA19,Q,ULC,PT_PCOS,_T,201703,2014-Q4,0.12,A,0,1,
OECD.SDD.STES:DSD_STES_REVISIONS@DF_STES_REVISIONS(4.0),EA19,Q,ULC,PT_PCOS,_T,201606,2014-Q4,0.2,A,0,1,
OECD.SDD.STES:DSD_STES_REVISIONS@DF_STES_REVISIONS(4.0),EA19,Q,ULC,PT_PCOS,_T,201511,2014-Q4,0.11,A,0,1,
OECD.SDD.STES:DSD_STES_REVISIONS@DF_STES_REVISIONS(4.0),EA19,Q,ULC,PT_PCOS,_T,202212,2014-Q4,0.18,A,0,1,
OECD.SDD.STES:DSD_STES_REVISIONS@DF_STES_REVISIONS(4.0),EA19,Q,ULC,PT_PCOS,_T,201902,2014-Q4,0.03,A,0,1,
OECD.SDD.STES:DSD_STES_REVISIONS@DF_STES_REVISIONS(4.0),EA19,Q,ULC,PT_PCOS,_T,202003,2014-Q4,0.12,A,0,1,
OECD.SDD.STES:DSD_STES_REVISIONS@DF_STES_REVISIONS(4.0),EA19,Q,ULC,PT_PCOS,_T,201603,2014-Q4,0.19,A,0,1,
OECD.SDD.STES:DSD_STES_REVISIONS@DF_STES_REVISIONS(4.0),EA19,Q,ULC,PT_PCOS,_T,201807,2014-Q4,0.04,A,0,1,
OECD.SDD.STES:DSD_STES_REVISIONS@DF_STES_REVISIONS(4.0),EA19,Q,ULC,PT_PCOS,_T,201908,2014-Q4,0.04,A,0,1,
OECD.SDD.STES:DSD_STES_REVISIONS@DF_STES_REVISIONS(4.0),EA19,Q,ULC,PT_PCOS,_T,202204,2014-Q4,0.14,A,0,1,
OECD.SDD.STES:DSD_STES_REVISIONS@DF_STES_REVISIONS(4.0),EA19,Q,ULC,PT_PCOS,_T,202211,2014-Q4,0.18,A,0,1,
OECD.SDD.STES:DSD_STES_REVISIONS@DF_STES_REVISIONS(4.0),EA19,Q,ULC,PT_PCOS,_T,201512,2014-Q4,0.11,A,0,1,
OECD.SDD.STES:DSD_STES_REVISIONS@DF_STES_REVISIONS(4.0),EA19,Q,ULC,PT_PCOS,_T,202109,2014-Q4,0.1,A,0,1,
OECD.SDD.STES:DSD_STES_REVISIONS@DF_STES_REVISIONS(4.0),EA19,Q,ULC,PT_PCOS,_T,201912,2014-Q4,0.13,A,0,1,
OECD.SDD.STES:DSD_STES_REVISIONS@DF_STES_REVISIONS(4.0),EA19,Q,ULC,PT_PCOS,_T,201812,2014-Q4,0.03,A,0,1,
OECD.SDD.STES:DSD_STES_REVISIONS@DF_STES_REVISIONS(4.0),EA19,Q,ULC,PT_PCOS,_T,202201,2014-Q4,0.13,A,0,1,
OECD.SDD.STES:DSD_STES_REVISIONS@DF_STES_REVISIONS(4.0),EA19,Q,ULC,PT_PCOS,_T,201708,2014-Q4,0.12,A,0,1,
OECD.SDD.STES:DSD_STES_REVISIONS@DF_STES_REVISIONS(4.0),EA19,Q,ULC,PT_PCOS,_T,202105,2014-Q4,0.12,A,0,1,
OECD.SDD.STES:DSD_STES_REVISIONS@DF_STES_REVISIONS(4.0),EA19,Q,ULC,PT_PCOS,_T,202010,2014-Q4,0.18,A,0,1,
OECD.SDD.STES:DSD_STES_REVISIONS@DF_STES_REVISIONS(4.0),EA19,Q,ULC,PT_PCOS,_T,202102,2014-Q4,0.13,A,0,1,
OECD.SDD.STES:DSD_STES_REVISIONS@DF_STES_REVISIONS(4.0),EA19,Q,ULC,PT_PCOS,_T,201507,2014-Q4,0.18,A,0,1,
OECD.SDD.STES:DSD_STES_REVISIONS@DF_STES_REVISIONS(4.0),EA19,Q,ULC,PT_PCOS,_T,202202,2014-Q4,0.13,A,0,1,
OECD.SDD.STES:DSD_STES_REVISIONS@DF_STES_REVISIONS(4.0),EA19,Q,ULC,PT_PCOS,_T,202106,2014-Q4,0.12,A,0,1,
OECD.SDD.STES:DSD_STES_REVISIONS@DF_STES_REVISIONS(4.0),EA19,Q,ULC,PT_PCOS,_T,202004,2014-Q4,0.12,A,0,1,
OECD.SDD.STES:DSD_STES_REVISIONS@DF_STES_REVISIONS(4.0),EA19,Q,ULC,PT_PCOS,_T,201610,2014-Q4,0.13,A,0,1,
OECD.SDD.STES:DSD_STES_REVISIONS@DF_STES_REVISIONS(4.0),EA19,Q,ULC,PT_PCOS,_T,201909,2014-Q4,0.04,A,0,1,
OECD.SDD.STES:DSD_STES_REVISIONS@DF_STES_REVISIONS(4.0),EA19,Q,ULC,PT_PCOS,_T,202006,2014-Q4,0.12,A,0,1,
OECD.SDD.STES:DSD_STES_REVISIONS@DF_STES_REVISIONS(4.0),EA19,Q,ULC,PT_PCOS,_T,201710,2014-Q4,0.07,A,0,1,
OECD.SDD.STES:DSD_STES_REVISIONS@DF_STES_REVISIONS(4.0),EA19,Q,ULC,PT_PCOS,_T,202210,2014-Q4,0.18,A,0,1,
OECD.SDD.STES:DSD_STES_REVISIONS@DF_STES_REVISIONS(4.0),EA19,Q,ULC,PT_PCOS,_T,201609,2014-Q4,0.23,A,0,1,
OECD.SDD.STES:DSD_STES_REVISIONS@DF_STES_REVISIONS(4.0),EA19,Q,ULC,PT_PCOS,_T,201602,2014-Q4,0.19,A,0,1,
OECD.SDD.STES:DSD_STES_REVISIONS@DF_STES_REVISIONS(4.0),EA19,Q,ULC,PT_PCOS,_T,201907,2014-Q4,0.03,A,0,1,
OECD.SDD.STES:DSD_STES_REVISIONS@DF_STES_REVISIONS(4.0),EA19,Q,ULC,PT_PCOS,_T,201510,2014-Q4,0.11,A,0,1,
OECD.SDD.STES:DSD_STES_REVISIONS@DF_STES_REVISIONS(4.0),EA19,Q,ULC,PT_PCOS,_T,201612,2014-Q4,0.14,A,0,1,
OECD.SDD.STES:DSD_STES_REVISIONS@DF_STES_REVISIONS(4.0),EA19,Q,ULC,PT_PCOS,_T,201509,2014-Q4,0.18,A,0,1,
OECD.SDD.STES:DSD_STES_REVISIONS@DF_STES_REVISIONS(4.0),EA19,Q,ULC,PT_PCOS,_T,201605,2014-Q4,0.2,A,0,1,
OECD.SDD.STES:DSD_STES_REVISIONS@DF_STES_REVISIONS(4.0),EA19,Q,ULC,PT_PCOS,_T,202101,2014-Q4,0.13,A,0,1,
OECD.SDD.STES:DSD_STES_REVISIONS@DF_STES_REVISIONS(4.0),EA19,Q,ULC,PT_PCOS,_T,201809,2014-Q4,0.06,A,0,1,
OECD.SDD.STES:DSD_STES_REVISIONS@DF_STES_REVISIONS(4.0),EA19,Q,ULC,PT_PCOS,_T,202206,2014-Q4,0.14,A,0,1,
OECD.SDD.STES:DSD_STES_REVISIONS@DF_STES_REVISIONS(4.0),EA19,Q,ULC,PT_PCOS,_T,201904,2014-Q4,0.04,A,0,1,
OECD.SDD.STES:DSD_STES_REVISIONS@DF_STES_REVISIONS(4.0),EA19,Q,ULC,PT_PCOS,_T,201901,2014-Q4,0.03,A,0,1,
OECD.SDD.STES:DSD_STES_REVISIONS@DF_STES_REVISIONS(4.0),EA19,Q,ULC,PT_PCOS,_T,202103,2014-Q4,0.13,A,0,1,
OECD.SDD.STES:DSD_STES_REVISIONS@DF_STES_REVISIONS(4.0),EA19,Q,ULC,PT_PCOS,_T,202209,2014-Q4,0.17,A,0,1,
OECD.SDD.STES:DSD_STES_REVISIONS@DF_STES_REVISIONS(4.0),EA19,Q,ULC,PT_PCOS,_T,202011,2014-Q4,0.14,A,0,1,
OECD.SDD.STES:DSD_STES_REVISIONS@DF_STES_REVISIONS(4.0),EA19,Q,ULC,PT_PCOS,_T,202110,2014-Q4,0.13,A,0,1,
OECD.SDD.STES:DSD_STES_REVISIONS@DF_STES_REVISIONS(4.0),EA19,Q,ULC,PT_PCOS,_T,202108,2014-Q4,0.1,A,0,1,
OECD.SDD.STES:DSD_STES_REVISIONS@DF_STES_REVISIONS(4.0),EA19,Q,ULC,PT_PCOS,_T,202301,2014-Q4,0.18,A,0,1,
OECD.SDD.STES:DSD_STES_REVISIONS@DF_STES_REVISIONS(4.0),EA19,Q,ULC,PT_PCOS,_T,202207,2014-Q4,0.17,A,0,1,
OECD.SDD.STES:DSD_STES_REVISIONS@DF_STES_REVISIONS(4.0),EA19,Q,ULC,PT_PCOS,_T,201505,2014-Q4,0.27,A,0,1,
OECD.SDD.STES:DSD_STES_REVISIONS@DF_STES_REVISIONS(4.0),EA19,Q,ULC,PT_PCOS,_T,201911,2014-Q4,0.13,A,0,1,
OECD.SDD.STES:DSD_STES_REVISIONS@DF_STES_REVISIONS(4.0),EA19,Q,ULC,PT_PCOS,_T,202302,2014-Q4,0.18,A,0,1,
OECD.SDD.STES:DSD_STES_REVISIONS@DF_STES_REVISIONS(4.0),EA19,Q,ULC,PT_PCOS,_T,201607,2014-Q4,0.23,A,0,1,
OECD.SDD.STES:DSD_STES_REVISIONS@DF_STES_REVISIONS(4.0),EA19,Q,ULC,PT_PCOS,_T,201709,2014-Q4,0.12,A,0,1,
OECD.SDD.STES:DSD_STES_REVISIONS@DF_STES_REVISIONS(4.0),EA19,Q,ULC,PT_PCOS,_T,201611,2014-Q4,0.14,A,0,1,
OECD.SDD.STES:DSD_STES_REVISIONS@DF_STES_REVISIONS(4.0),EA19,Q,ULC,PT_PCOS,_T,202205,2014-Q4,0.14,A,0,1,
OECD.SDD.STES:DSD_STES_REVISIONS@DF_STES_REVISIONS(4.0),EA19,Q,ULC,PT_PCOS,_T,202104,2014-Q4,0.12,A,0,1,
OECD.SDD.STES:DSD_STES_REVISIONS@DF_STES_REVISIONS(4.0),EA19,Q,ULC,PT_PCOS,_T,201802,2014-Q4,0.04,A,0,1,
OECD.SDD.STES:DSD_STES_REVISIONS@DF_STES_REVISIONS(4.0),EA19,Q,ULC,PT_PCOS,_T,202002,2014-Q4,0.12,A,0,1,
OECD.SDD.STES:DSD_STES_REVISIONS@DF_STES_REVISIONS(4.0),EA19,Q,ULC,PT_PCOS,_T,201711,2014-Q4,0.03,A,0,1,
OECD.SDD.STES:DSD_STES_REVISIONS@DF_STES_REVISIONS(4.0),EA19,Q,ULC,PT_PCOS,_T,201702,2014-Q4,0.12,A,0,1,
OECD.SDD.STES:DSD_STES_REVISIONS@DF_STES_REVISIONS(4.0),EA19,Q,ULC,PT_PCOS,_T,201604,2014-Q4,0.2,A,0,1,
OECD.SDD.STES:DSD_STES_REVISIONS@DF_STES_REVISIONS(4.0),EA19,Q,ULC,PT_PCOS,_T,202303,2014-Q4,0.18,A,0,1,
OECD.SDD.STES:DSD_STES_REVISIONS@DF_STES_REVISIONS(4.0),EA19,Q,ULC,PT_PCOS,_T,201707,2014-Q4,0.15,A,0,1,
OECD.SDD.STES:DSD_STES_REVISIONS@DF_STES_REVISIONS(4.0),EA19,Q,ULC,PT_PCOS,_T,201806,2014-Q4,0.04,A,0,1,
OECD.SDD.STES:DSD_STES_REVISIONS@DF_STES_REVISIONS(4.0),EA19,Q,ULC,PT_PCOS,_T,201801,2014-Q4,0.04,A,0,1,
OECD.SDD.STES:DSD_STES_REVISIONS@DF_STES_REVISIONS(4.0),EA19,Q,ULC,PT_PCOS,_T,202111,2014-Q4,0.12,A,0,1,
OECD.SDD.STES:DSD_STES_REVISIONS@DF_STES_REVISIONS(4.0),EA19,Q,ULC,PT_PCOS,_T,201704,2014-Q4,0.15,A,0,1,
OECD.SDD.STES:DSD_STES_REVISIONS@DF_STES_REVISIONS(4.0),EA19,Q,ULC,PT_PCOS,_T,201706,2014-Q4,0.16,A,0,1,
OECD.SDD.STES:DSD_STES_REVISIONS@DF_STES_REVISIONS(4.0),EA19,Q,ULC,PT_PCOS,_T,201805,2014-Q4,0.03,A,0,1,
OECD.SDD.STES:DSD_STES_REVISIONS@DF_STES_REVISIONS(4.0),EA19,Q,ULC,PT_PCOS,_T,201506,2014-Q4,0.27,A,0,1,
OECD.SDD.STES:DSD_STES_REVISIONS@DF_STES_REVISIONS(4.0),EA19,Q,ULC,PT_PCOS,_T,202005,2014-Q4,0.12,A,0,1,
OECD.SDD.STES:DSD_STES_REVISIONS@DF_STES_REVISIONS(4.0),EA19,Q,ULC,PT_PCOS,_T,202112,2014-Q4,0.12,A,0,1,
OECD.SDD.STES:DSD_STES_REVISIONS@DF_STES_REVISIONS(4.0),EA19,Q,ULC,PT_PCOS,_T,202007,2014-Q4,0.12,A,0,1,
OECD.SDD.STES:DSD_STES_REVISIONS@DF_STES_REVISIONS(4.0),EA19,Q,ULC,PT_PCOS,_T,201811,2014-Q4,0.03,A,0,1,
OECD.SDD.STES:DSD_STES_REVISIONS@DF_STES_REVISIONS(4.0),EA19,Q,ULC,PT_PCOS,_T,201906,2014-Q4,0.03,A,0,1,
OECD.SDD.STES:DSD_STES_REVISIONS@DF_STES_REVISIONS(4.0),EA19,Q,ULC,PT_PCOS,_T,201910,2014-Q4,0.07,A,0,1,
OECD.SDD.STES:DSD_STES_REVISIONS@DF_STES_REVISIONS(4.0),EA19,Q,ULC,PT_PCOS,_T,201504,2014-Q4,0.27,A,0,1,
OECD.SDD.STES:DSD_STES_REVISIONS@DF_STES_REVISIONS(4.0),EA19,Q,ULC,PT_PCOS,_T,201803,2014-Q4,0.04,A,0,1,
OECD.SDD.STES:DSD_STES_REVISIONS@DF_STES_REVISIONS(4.0),EA19,Q,ULC,PT_PCOS,_T,201701,2014-Q4,0.12,A,0,1,
OECD.SDD.STES:DSD_STES_REVISIONS@DF_STES_REVISIONS(4.0),EA19,Q,ULC,PT_PCOS,_T,201712,2014-Q4,0.02,A,0,1,
OECD.SDD.STES:DSD_STES_REVISIONS@DF_STES_REVISIONS(4.0),EA19,Q,ULC,PT_PCOS,_T,201508,2014-Q4,0.18,A,0,1,
OECD.SDD.STES:DSD_STES_REVISIONS@DF_STES_REVISIONS(4.0),EA19,Q,ULC,PT_PCOS,_T,201810,2014-Q4,0.04,A,0,1,
OECD.SDD.STES:DSD_STES_REVISIONS@DF_STES_REVISIONS(4.0),EA19,Q,ULC,PT_PCOS,_T,202203,2014-Q4,0.13,A,0,1,
OECD.SDD.STES:DSD_STES_REVISIONS@DF_STES_REVISIONS(4.0),EA19,Q,ULC,PT_PCOS,_T,201903,2014-Q4,0.04,A,0,1,
OECD.SDD.STES:DSD_STES_REVISIONS@DF_STES_REVISIONS(4.0),EA19,Q,ULC,PT_PCOS,_T,201808,2014-Q4,0.06,A,0,1,
OECD.SDD.STES:DSD_STES_REVISIONS@DF_STES_REVISIONS(4.0),EA19,Q,ULC,PT_PCOS,_T,202009,2014-Q4,0.14,A,0,1,
OECD.SDD.STES:DSD_STES_REVISIONS@DF_STES_REVISIONS(4.0),EA19,Q,ULC,PT_PCOS,_T,202001,2014-Q4,0.12,A,0,1,
OECD.SDD.STES:DSD_STES_REVISIONS@DF_STES_REVISIONS(4.0),EA19,Q,ULC,PT_PCOS,_T,201608,2014-Q4,0.23,A,0,1,
OECD.SDD.STES:DSD_STES_REVISIONS@DF_STES_REVISIONS(4.0),EA19,Q,ULC,PT_PCOS,_T,202008,2014-Q4,0.14,A,0,1,
OECD.SDD.STES:DSD_STES_REVISIONS@DF_STES_REVISIONS(4.0),EA19,Q,ULC,PT_PCOS,_T,201601,2014-Q4,0.19,A,0,1,
OECD.SDD.STES:DSD_STES_REVISIONS@DF_STES_REVISIONS(4.0),EA19,Q,ULC,PT_PCOS,_T,202208,2014-Q4,0.17,A,0,1,
OECD.SDD.STES:DSD_STES_REVISIONS@DF_STES_REVISIONS(4.0),EA19,Q,ULC,PT_PCOS,_T,202012,2014-Q4,0.14,A,0,1,
OECD.SDD.STES:DSD_STES_REVISIONS@DF_STES_REVISIONS(4.0),EA19,Q,ULC,PT_PCOS,_T,202107,2014-Q4,0.12,A,0,1,
OECD.SDD.STES:DSD_STES_REVISIONS@DF_STES_REVISIONS(4.0),EA19,Q,ULC,PT_PCOS,_T,201804,2014-Q4,0.03,A,0,1,
OECD.SDD.STES:DSD_STES_REVISIONS@DF_STES_REVISIONS(4.0),EA19,Q,ULC,PT_PCOS,_T,201705,2014-Q4,0.16,A,0,1,
OECD.SDD.STES:DSD_STES_REVISIONS@DF_STES_REVISIONS(4.0),EA19,Q,ULC,PT_PCOS,_T,201905,2014-Q3,0.23,A,0,1,
OECD.SDD.STES:DSD_STES_REVISIONS@DF_STES_REVISIONS(4.0),EA19,Q,ULC,PT_PCOS,_T,201703,2014-Q3,0.24,A,0,1,
OECD.SDD.STES:DSD_STES_REVISIONS@DF_STES_REVISIONS(4.0),EA19,Q,ULC,PT_PCOS,_T,201606,2014-Q3,0.25,A,0,1,
OECD.SDD.STES:DSD_STES_REVISIONS@DF_STES_REVISIONS(4.0),EA19,Q,ULC,PT_PCOS,_T,201511,2014-Q3,0.38,A,0,1,
OECD.SDD.STES:DSD_STES_REVISIONS@DF_STES_REVISIONS(4.0),EA19,Q,ULC,PT_PCOS,_T,202212,2014-Q3,0.14,A,0,1,
OECD.SDD.STES:DSD_STES_REVISIONS@DF_STES_REVISIONS(4.0),EA19,Q,ULC,PT_PCOS,_T,201902,2014-Q3,0.23,A,0,1,
OECD.SDD.STES:DSD_STES_REVISIONS@DF_STES_REVISIONS(4.0),EA19,Q,ULC,PT_PCOS,_T,202003,2014-Q3,0.12,A,0,1,
OECD.SDD.STES:DSD_STES_REVISIONS@DF_STES_REVISIONS(4.0),EA19,Q,ULC,PT_PCOS,_T,201603,2014-Q3,0.28,A,0,1,
OECD.SDD.STES:DSD_STES_REVISIONS@DF_STES_REVISIONS(4.0),EA19,Q,ULC,PT_PCOS,_T,201807,2014-Q3,0.23,A,0,1,
OECD.SDD.STES:DSD_STES_REVISIONS@DF_STES_REVISIONS(4.0),EA19,Q,ULC,PT_PCOS,_T,201908,2014-Q3,0.2,A,0,1,
OECD.SDD.STES:DSD_STES_REVISIONS@DF_STES_REVISIONS(4.0),EA19,Q,ULC,PT_PCOS,_T,201503,2014-Q3,0.41,A,0,1,
OECD.SDD.STES:DSD_STES_REVISIONS@DF_STES_REVISIONS(4.0),EA19,Q,ULC,PT_PCOS,_T,202204,2014-Q3,0.16,A,0,1,
OECD.SDD.STES:DSD_STES_REVISIONS@DF_STES_REVISIONS(4.0),EA19,Q,ULC,PT_PCOS,_T,202211,2014-Q3,0.14,A,0,1,
OECD.SDD.STES:DSD_STES_REVISIONS@DF_STES_REVISIONS(4.0),EA19,Q,ULC,PT_PCOS,_T,201512,2014-Q3,0.38,A,0,1,
OECD.SDD.STES:DSD_STES_REVISIONS@DF_STES_REVISIONS(4.0),EA19,Q,ULC,PT_PCOS,_T,202109,2014-Q3,0.18,A,0,1,
OECD.SDD.STES:DSD_STES_REVISIONS@DF_STES_REVISIONS(4.0),EA19,Q,ULC,PT_PCOS,_T,201912,2014-Q3,0.12,A,0,1,
OECD.SDD.STES:DSD_STES_REVISIONS@DF_STES_REVISIONS(4.0),EA19,Q,ULC,PT_PCOS,_T,201812,2014-Q3,0.24,A,0,1,
OECD.SDD.STES:DSD_STES_REVISIONS@DF_STES_REVISIONS(4.0),EA19,Q,ULC,PT_PCOS,_T,202201,2014-Q3,0.16,A,0,1,
OECD.SDD.STES:DSD_STES_REVISIONS@DF_STES_REVISIONS(4.0),EA19,Q,ULC,PT_PCOS,_T,201708,2014-Q3,0.22,A,0,1,
OECD.SDD.STES:DSD_STES_REVISIONS@DF_STES_REVISIONS(4.0),EA19,Q,ULC,PT_PCOS,_T,202105,2014-Q3,0.17,A,0,1,
OECD.SDD.STES:DSD_STES_REVISIONS@DF_STES_REVISIONS(4.0),EA19,Q,ULC,PT_PCOS,_T,202010,2014-Q3,0.12,A,0,1,
OECD.SDD.STES:DSD_STES_REVISIONS@DF_STES_REVISIONS(4.0),EA19,Q,ULC,PT_PCOS,_T,202102,2014-Q3,0.16,A,0,1,
OECD.SDD.STES:DSD_STES_REVISIONS@DF_STES_REVISIONS(4.0),EA19,Q,ULC,PT_PCOS,_T,201507,2014-Q3,0.49,A,0,1,
OECD.SDD.STES:DSD_STES_REVISIONS@DF_STES_REVISIONS(4.0),EA19,Q,ULC,PT_PCOS,_T,202202,2014-Q3,0.16,A,0,1,
OECD.SDD.STES:DSD_STES_REVISIONS@DF_STES_REVISIONS(4.0),EA19,Q,ULC,PT_PCOS,_T,202106,2014-Q3,0.17,A,0,1,
OECD.SDD.STES:DSD_STES_REVISIONS@DF_STES_REVISIONS(4.0),EA19,Q,ULC,PT_PCOS,_T,202004,2014-Q3,0.13,A,0,1,
OECD.SDD.STES:DSD_STES_REVISIONS@DF_STES_REVISIONS(4.0),EA19,Q,ULC,PT_PCOS,_T,201610,2014-Q3,0.21,A,0,1,
OECD.SDD.STES:DSD_STES_REVISIONS@DF_STES_REVISIONS(4.0),EA19,Q,ULC,PT_PCOS,_T,201909,2014-Q3,0.2,A,0,1,
OECD.SDD.STES:DSD_STES_REVISIONS@DF_STES_REVISIONS(4.0),EA19,Q,ULC,PT_PCOS,_T,202006,2014-Q3,0.14,A,0,1,
OECD.SDD.STES:DSD_STES_REVISIONS@DF_STES_REVISIONS(4.0),EA19,Q,ULC,PT_PCOS,_T,201710,2014-Q3,0.21,A,0,1,
OECD.SDD.STES:DSD_STES_REVISIONS@DF_STES_REVISIONS(4.0),EA19,Q,ULC,PT_PCOS,_T,202210,2014-Q3,0.15,A,0,1,
OECD.SDD.STES:DSD_STES_REVISIONS@DF_STES_REVISIONS(4.0),EA19,Q,ULC,PT_PCOS,_T,201609,2014-Q3,0.27,A,0,1,
OECD.SDD.STES:DSD_STES_REVISIONS@DF_STES_REVISIONS(4.0),EA19,Q,ULC,PT_PCOS,_T,201602,2014-Q3,0.28,A,0,1,
OECD.SDD.STES:DSD_STES_REVISIONS@DF_STES_REVISIONS(4.0),EA19,Q,ULC,PT_PCOS,_T,201907,2014-Q3,0.22,A,0,1,
OECD.SDD.STES:DSD_STES_REVISIONS@DF_STES_REVISIONS(4.0),EA19,Q,ULC,PT_PCOS,_T,201510,2014-Q3,0.38,A,0,1,
OECD.SDD.STES:DSD_STES_REVISIONS@DF_STES_REVISIONS(4.0),EA19,Q,ULC,PT_PCOS,_T,201612,2014-Q3,0.16,A,0,1,
OECD.SDD.STES:DSD_STES_REVISIONS@DF_STES_REVISIONS(4.0),EA19,Q,ULC,PT_PCOS,_T,201509,2014-Q3,0.49,A,0,1,
OECD.SDD.STES:DSD_STES_REVISIONS@DF_STES_REVISIONS(4.0),EA19,Q,ULC,PT_PCOS,_T,201605,2014-Q3,0.25,A,0,1,
OECD.SDD.STES:DSD_STES_REVISIONS@DF_STES_REVISIONS(4.0),EA19,Q,ULC,PT_PCOS,_T,202101,2014-Q3,0.16,A,0,1,
OECD.SDD.STES:DSD_STES_REVISIONS@DF_STES_REVISIONS(4.0),EA19,Q,ULC,PT_PCOS,_T,201809,2014-Q3,0.25,A,0,1,
OECD.SDD.STES:DSD_STES_REVISIONS@DF_STES_REVISIONS(4.0),EA19,Q,ULC,PT_PCOS,_T,202206,2014-Q3,0.16,A,0,1,
OECD.SDD.STES:DSD_STES_REVISIONS@DF_STES_REVISIONS(4.0),EA19,Q,ULC,PT_PCOS,_T,201904,2014-Q3,0.22,A,0,1,
OECD.SDD.STES:DSD_STES_REVISIONS@DF_STES_REVISIONS(4.0),EA19,Q,ULC,PT_PCOS,_T,201901,2014-Q3,0.23,A,0,1,
OECD.SDD.STES:DSD_STES_REVISIONS@DF_STES_REVISIONS(4.0),EA19,Q,ULC,PT_PCOS,_T,202103,2014-Q3,0.16,A,0,1,
OECD.SDD.STES:DSD_STES_REVISIONS@DF_STES_REVISIONS(4.0),EA19,Q,ULC,PT_PCOS,_T,202209,2014-Q3,0.12,A,0,1,
OECD.SDD.STES:DSD_STES_REVISIONS@DF_STES_REVISIONS(4.0),EA19,Q,ULC,PT_PCOS,_T,202110,2014-Q3,0.16,A,0,1,
OECD.SDD.STES:DSD_STES_REVISIONS@DF_STES_REVISIONS(4.0),EA19,Q,ULC,PT_PCOS,_T,202011,2014-Q3,0.15,A,0,1,
OECD.SDD.STES:DSD_STES_REVISIONS@DF_STES_REVISIONS(4.0),EA19,Q,ULC,PT_PCOS,_T,202108,2014-Q3,0.18,A,0,1,
OECD.SDD.STES:DSD_STES_REVISIONS@DF_STES_REVISIONS(4.0),EA19,Q,ULC,PT_PCOS,_T,202301,2014-Q3,0.14,A,0,1,
OECD.SDD.STES:DSD_STES_REVISIONS@DF_STES_REVISIONS(4.0),EA19,Q,ULC,PT_PCOS,_T,202207,2014-Q3,0.14,A,0,1,
OECD.SDD.STES:DSD_STES_REVISIONS@DF_STES_REVISIONS(4.0),EA19,Q,ULC,PT_PCOS,_T,201505,2014-Q3,0.49,A,0,1,
OECD.SDD.STES:DSD_STES_REVISIONS@DF_STES_REVISIONS(4.0),EA19,Q,ULC,PT_PCOS,_T,201911,2014-Q3,0.12,A,0,1,
OECD.SDD.STES:DSD_STES_REVISIONS@DF_STES_REVISIONS(4.0),EA19,Q,ULC,PT_PCOS,_T,202302,2014-Q3,0.14,A,0,1,
OECD.SDD.STES:DSD_STES_REVISIONS@DF_STES_REVISIONS(4.0),EA19,Q,ULC,PT_PCOS,_T,201607,2014-Q3,0.27,A,0,1,
OECD.SDD.STES:DSD_STES_REVISIONS@DF_STES_REVISIONS(4.0),EA19,Q,ULC,PT_PCOS,_T,201709,2014-Q3,0.22,A,0,1,
OECD.SDD.STES:DSD_STES_REVISIONS@DF_STES_REVISIONS(4.0),EA19,Q,ULC,PT_PCOS,_T,201611,2014-Q3,0.16,A,0,1,
OECD.SDD.STES:DSD_STES_REVISIONS@DF_STES_REVISIONS(4.0),EA19,Q,ULC,PT_PCOS,_T,202205,2014-Q3,0.16,A,0,1,
OECD.SDD.STES:DSD_STES_REVISIONS@DF_STES_REVISIONS(4.0),EA19,Q,ULC,PT_PCOS,_T,202104,2014-Q3,0.17,A,0,1,
OECD.SDD.STES:DSD_STES_REVISIONS@DF_STES_REVISIONS(4.0),EA19,Q,ULC,PT_PCOS,_T,201502,2014-Q3,0.41,A,0,1,
OECD.SDD.STES:DSD_STES_REVISIONS@DF_STES_REVISIONS(4.0),EA19,Q,ULC,PT_PCOS,_T,202002,2014-Q3,0.12,A,0,1,
OECD.SDD.STES:DSD_STES_REVISIONS@DF_STES_REVISIONS(4.0),EA19,Q,ULC,PT_PCOS,_T,201802,2014-Q3,0.2,A,0,1,
OECD.SDD.STES:DSD_STES_REVISIONS@DF_STES_REVISIONS(4.0),EA19,Q,ULC,PT_PCOS,_T,201711,2014-Q3,0.2,A,0,1,
OECD.SDD.STES:DSD_STES_REVISIONS@DF_STES_REVISIONS(4.0),EA19,Q,ULC,PT_PCOS,_T,201702,2014-Q3,0.24,A,0,1,
OECD.SDD.STES:DSD_STES_REVISIONS@DF_STES_REVISIONS(4.0),EA19,Q,ULC,PT_PCOS,_T,201604,2014-Q3,0.24,A,0,1,
OECD.SDD.STES:DSD_STES_REVISIONS@DF_STES_REVISIONS(4.0),EA19,Q,ULC,PT_PCOS,_T,202303,2014-Q3,0.14,A,0,1,
OECD.SDD.STES:DSD_STES_REVISIONS@DF_STES_REVISIONS(4.0),EA19,Q,ULC,PT_PCOS,_T,201707,2014-Q3,0.2,A,0,1,
OECD.SDD.STES:DSD_STES_REVISIONS@DF_STES_REVISIONS(4.0),EA19,Q,ULC,PT_PCOS,_T,201806,2014-Q3,0.23,A,0,1,
OECD.SDD.STES:DSD_STES_REVISIONS@DF_STES_REVISIONS(4.0),EA19,Q,ULC,PT_PCOS,_T,201801,2014-Q3,0.2,A,0,1,
OECD.SDD.STES:DSD_STES_REVISIONS@DF_STES_REVISIONS(4.0),EA19,Q,ULC,PT_PCOS,_T,202111,2014-Q3,0.17,A,0,1,
OECD.SDD.STES:DSD_STES_REVISIONS@DF_STES_REVISIONS(4.0),EA19,Q,ULC,PT_PCOS,_T,201704,2014-Q3,0.22,A,0,1,
OECD.SDD.STES:DSD_STES_REVISIONS@DF_STES_REVISIONS(4.0),EA19,Q,ULC,PT_PCOS,_T,201706,2014-Q3,0.23,A,0,1,
OECD.SDD.STES:DSD_STES_REVISIONS@DF_STES_REVISIONS(4.0),EA19,Q,ULC,PT_PCOS,_T,201805,2014-Q3,0.21,A,0,1,
OECD.SDD.STES:DSD_STES_REVISIONS@DF_STES_REVISIONS(4.0),EA19,Q,ULC,PT_PCOS,_T,201506,2014-Q3,0.49,A,0,1,
OECD.SDD.STES:DSD_STES_REVISIONS@DF_STES_REVISIONS(4.0),EA19,Q,ULC,PT_PCOS,_T,202005,2014-Q3,0.14,A,0,1,
OECD.SDD.STES:DSD_STES_REVISIONS@DF_STES_REVISIONS(4.0),EA19,Q,ULC,PT_PCOS,_T,202007,2014-Q3,0.12,A,0,1,
OECD.SDD.STES:DSD_STES_REVISIONS@DF_STES_REVISIONS(4.0),EA19,Q,ULC,PT_PCOS,_T,202112,2014-Q3,0.17,A,0,1,
OECD.SDD.STES:DSD_STES_REVISIONS@DF_STES_REVISIONS(4.0),EA19,Q,ULC,PT_PCOS,_T,201811,2014-Q3,0.24,A,0,1,
OECD.SDD.STES:DSD_STES_REVISIONS@DF_STES_REVISIONS(4.0),EA19,Q,ULC,PT_PCOS,_T,201906,2014-Q3,0.23,A,0,1,
OECD.SDD.STES:DSD_STES_REVISIONS@DF_STES_REVISIONS(4.0),EA19,Q,ULC,PT_PCOS,_T,201910,2014-Q3,0.16,A,0,1,
OECD.SDD.STES:DSD_STES_REVISIONS@DF_STES_REVISIONS(4.0),EA19,Q,ULC,PT_PCOS,_T,201504,2014-Q3,0.49,A,0,1,
OECD.SDD.STES:DSD_STES_REVISIONS@DF_STES_REVISIONS(4.0),EA19,Q,ULC,PT_PCOS,_T,201803,2014-Q3,0.2,A,0,1,
OECD.SDD.STES:DSD_STES_REVISIONS@DF_STES_REVISIONS(4.0),EA19,Q,ULC,PT_PCOS,_T,201701,2014-Q3,0.22,A,0,1,
OECD.SDD.STES:DSD_STES_REVISIONS@DF_STES_REVISIONS(4.0),EA19,Q,ULC,PT_PCOS,_T,201712,2014-Q3,0.2,A,0,1,
OECD.SDD.STES:DSD_STES_REVISIONS@DF_STES_REVISIONS(4.0),EA19,Q,ULC,PT_PCOS,_T,201508,2014-Q3,0.49,A,0,1,
OECD.SDD.STES:DSD_STES_REVISIONS@DF_STES_REVISIONS(4.0),EA19,Q,ULC,PT_PCOS,_T,201810,2014-Q3,0.22,A,0,1,
OECD.SDD.STES:DSD_STES_REVISIONS@DF_STES_REVISIONS(4.0),EA19,Q,ULC,PT_PCOS,_T,202203,2014-Q3,0.16,A,0,1,
OECD.SDD.STES:DSD_STES_REVISIONS@DF_STES_REVISIONS(4.0),EA19,Q,ULC,PT_PCOS,_T,201903,2014-Q3,0.22,A,0,1,
OECD.SDD.STES:DSD_STES_REVISIONS@DF_STES_REVISIONS(4.0),EA19,Q,ULC,PT_PCOS,_T,201808,2014-Q3,0.25,A,0,1,
OECD.SDD.STES:DSD_STES_REVISIONS@DF_STES_REVISIONS(4.0),EA19,Q,ULC,PT_PCOS,_T,202009,2014-Q3,0.13,A,0,1,
OECD.SDD.STES:DSD_STES_REVISIONS@DF_STES_REVISIONS(4.0),EA19,Q,ULC,PT_PCOS,_T,202001,2014-Q3,0.12,A,0,1,
OECD.SDD.STES:DSD_STES_REVISIONS@DF_STES_REVISIONS(4.0),EA19,Q,ULC,PT_PCOS,_T,201608,2014-Q3,0.27,A,0,1,
OECD.SDD.STES:DSD_STES_REVISIONS@DF_STES_REVISIONS(4.0),EA19,Q,ULC,PT_PCOS,_T,202008,2014-Q3,0.13,A,0,1,
OECD.SDD.STES:DSD_STES_REVISIONS@DF_STES_REVISIONS(4.0),EA19,Q,ULC,PT_PCOS,_T,201601,2014-Q3,0.28,A,0,1,
OECD.SDD.STES:DSD_STES_REVISIONS@DF_STES_REVISIONS(4.0),EA19,Q,ULC,PT_PCOS,_T,202208,2014-Q3,0.12,A,0,1,
OECD.SDD.STES:DSD_STES_REVISIONS@DF_STES_REVISIONS(4.0),EA19,Q,ULC,PT_PCOS,_T,202012,2014-Q3,0.15,A,0,1,
OECD.SDD.STES:DSD_STES_REVISIONS@DF_STES_REVISIONS(4.0),EA19,Q,ULC,PT_PCOS,_T,202107,2014-Q3,0.17,A,0,1,
OECD.SDD.STES:DSD_STES_REVISIONS@DF_STES_REVISIONS(4.0),EA19,Q,ULC,PT_PCOS,_T,201804,2014-Q3,0.21,A,0,1,
OECD.SDD.STES:DSD_STES_REVISIONS@DF_STES_REVISIONS(4.0),EA19,Q,ULC,PT_PCOS,_T,201705,2014-Q3,0.23,A,0,1,
OECD.SDD.STES:DSD_STES_REVISIONS@DF_STES_REVISIONS(4.0),EA19,Q,ULC,PT_PCOS,_T,201905,2014-Q2,0.27,A,0,1,
OECD.SDD.STES:DSD_STES_REVISIONS@DF_STES_REVISIONS(4.0),EA19,Q,ULC,PT_PCOS,_T,201703,2014-Q2,0.19,A,0,1,
OECD.SDD.STES:DSD_STES_REVISIONS@DF_STES_REVISIONS(4.0),EA19,Q,ULC,PT_PCOS,_T,201606,2014-Q2,0.33,A,0,1,
OECD.SDD.STES:DSD_STES_REVISIONS@DF_STES_REVISIONS(4.0),EA19,Q,ULC,PT_PCOS,_T,201511,2014-Q2,0.25,A,0,1,
OECD.SDD.STES:DSD_STES_REVISIONS@DF_STES_REVISIONS(4.0),EA19,Q,ULC,PT_PCOS,_T,202212,2014-Q2,0.25,A,0,1,
OECD.SDD.STES:DSD_STES_REVISIONS@DF_STES_REVISIONS(4.0),EA19,Q,ULC,PT_PCOS,_T,201902,2014-Q2,0.27,A,0,1,
OECD.SDD.STES:DSD_STES_REVISIONS@DF_STES_REVISIONS(4.0),EA19,Q,ULC,PT_PCOS,_T,202003,2014-Q2,0.27,A,0,1,
OECD.SDD.STES:DSD_STES_REVISIONS@DF_STES_REVISIONS(4.0),EA19,Q,ULC,PT_PCOS,_T,201603,2014-Q2,0.35,A,0,1,
OECD.SDD.STES:DSD_STES_REVISIONS@DF_STES_REVISIONS(4.0),EA19,Q,ULC,PT_PCOS,_T,201807,2014-Q2,0.3,A,0,1,
OECD.SDD.STES:DSD_STES_REVISIONS@DF_STES_REVISIONS(4.0),EA19,Q,ULC,PT_PCOS,_T,201908,2014-Q2,0.3,A,0,1,
OECD.SDD.STES:DSD_STES_REVISIONS@DF_STES_REVISIONS(4.0),EA19,Q,ULC,PT_PCOS,_T,201503,2014-Q2,0.3,A,0,1,
OECD.SDD.STES:DSD_STES_REVISIONS@DF_STES_REVISIONS(4.0),EA19,Q,ULC,PT_PCOS,_T,202204,2014-Q2,0.24,A,0,1,
OECD.SDD.STES:DSD_STES_REVISIONS@DF_STES_REVISIONS(4.0),EA19,Q,ULC,PT_PCOS,_T,202211,2014-Q2,0.25,A,0,1,
OECD.SDD.STES:DSD_STES_REVISIONS@DF_STES_REVISIONS(4.0),EA19,Q,ULC,PT_PCOS,_T,201512,2014-Q2,0.25,A,0,1,
OECD.SDD.STES:DSD_STES_REVISIONS@DF_STES_REVISIONS(4.0),EA19,Q,ULC,PT_PCOS,_T,202109,2014-Q2,0.23,A,0,1,
OECD.SDD.STES:DSD_STES_REVISIONS@DF_STES_REVISIONS(4.0),EA19,Q,ULC,PT_PCOS,_T,201912,2014-Q2,0.28,A,0,1,
OECD.SDD.STES:DSD_STES_REVISIONS@DF_STES_REVISIONS(4.0),EA19,Q,ULC,PT_PCOS,_T,201812,2014-Q2,0.26,A,0,1,
OECD.SDD.STES:DSD_STES_REVISIONS@DF_STES_REVISIONS(4.0),EA19,Q,ULC,PT_PCOS,_T,202201,2014-Q2,0.23,A,0,1,
OECD.SDD.STES:DSD_STES_REVISIONS@DF_STES_REVISIONS(4.0),EA19,Q,ULC,PT_PCOS,_T,201708,2014-Q2,0.21,A,0,1,
OECD.SDD.STES:DSD_STES_REVISIONS@DF_STES_REVISIONS(4.0),EA19,Q,ULC,PT_PCOS,_T,202105,2014-Q2,0.24,A,0,1,
OECD.SDD.STES:DSD_STES_REVISIONS@DF_STES_REVISIONS(4.0),EA19,Q,ULC,PT_PCOS,_T,202010,2014-Q2,0.27,A,0,1,
OECD.SDD.STES:DSD_STES_REVISIONS@DF_STES_REVISIONS(4.0),EA19,Q,ULC,PT_PCOS,_T,202102,2014-Q2,0.24,A,0,1,
OECD.SDD.STES:DSD_STES_REVISIONS@DF_STES_REVISIONS(4.0),EA19,Q,ULC,PT_PCOS,_T,201507,2014-Q2,0.25,A,0,1,
OECD.SDD.STES:DSD_STES_REVISIONS@DF_STES_REVISIONS(4.0),EA19,Q,ULC,PT_PCOS,_T,202202,2014-Q2,0.23,A,0,1,
OECD.SDD.STES:DSD_STES_REVISIONS@DF_STES_REVISIONS(4.0),EA19,Q,ULC,PT_PCOS,_T,202106,2014-Q2,0.24,A,0,1,
OECD.SDD.STES:DSD_STES_REVISIONS@DF_STES_REVISIONS(4.0),EA19,Q,ULC,PT_PCOS,_T,202004,2014-Q2,0.26,A,0,1,
OECD.SDD.STES:DSD_STES_REVISIONS@DF_STES_REVISIONS(4.0),EA19,Q,ULC,PT_PCOS,_T,201610,2014-Q2,0.28,A,0,1,
OECD.SDD.STES:DSD_STES_REVISIONS@DF_STES_REVISIONS(4.0),EA19,Q,ULC,PT_PCOS,_T,201909,2014-Q2,0.3,A,0,1,
OECD.SDD.STES:DSD_STES_REVISIONS@DF_STES_REVISIONS(4.0),EA19,Q,ULC,PT_PCOS,_T,202006,2014-Q2,0.25,A,0,1,
OECD.SDD.STES:DSD_STES_REVISIONS@DF_STES_REVISIONS(4.0),EA19,Q,ULC,PT_PCOS,_T,201710,2014-Q2,0.27,A,0,1,
OECD.SDD.STES:DSD_STES_REVISIONS@DF_STES_REVISIONS(4.0),EA19,Q,ULC,PT_PCOS,_T,202210,2014-Q2,0.24,A,0,1,
OECD.SDD.STES:DSD_STES_REVISIONS@DF_STES_REVISIONS(4.0),EA19,Q,ULC,PT_PCOS,_T,201609,2014-Q2,0.28,A,0,1,
OECD.SDD.STES:DSD_STES_REVISIONS@DF_STES_REVISIONS(4.0),EA19,Q,ULC,PT_PCOS,_T,201602,2014-Q2,0.35,A,0,1,
OECD.SDD.STES:DSD_STES_REVISIONS@DF_STES_REVISIONS(4.0),EA19,Q,ULC,PT_PCOS,_T,201907,2014-Q2,0.29,A,0,1,
OECD.SDD.STES:DSD_STES_REVISIONS@DF_STES_REVISIONS(4.0),EA19,Q,ULC,PT_PCOS,_T,201510,2014-Q2,0.25,A,0,1,
OECD.SDD.STES:DSD_STES_REVISIONS@DF_STES_REVISIONS(4.0),EA19,Q,ULC,PT_PCOS,_T,201612,2014-Q2,0.23,A,0,1,
OECD.SDD.STES:DSD_STES_REVISIONS@DF_STES_REVISIONS(4.0),EA19,Q,ULC,PT_PCOS,_T,201509,2014-Q2,0.25,A,0,1,
OECD.SDD.STES:DSD_STES_REVISIONS@DF_STES_REVISIONS(4.0),EA19,Q,ULC,PT_PCOS,_T,201605,2014-Q2,0.33,A,0,1,
OECD.SDD.STES:DSD_STES_REVISIONS@DF_STES_REVISIONS(4.0),EA19,Q,ULC,PT_PCOS,_T,202101,2014-Q2,0.24,A,0,1,
OECD.SDD.STES:DSD_STES_REVISIONS@DF_STES_REVISIONS(4.0),EA19,Q,ULC,PT_PCOS,_T,201809,2014-Q2,0.28,A,0,1,
OECD.SDD.STES:DSD_STES_REVISIONS@DF_STES_REVISIONS(4.0),EA19,Q,ULC,PT_PCOS,_T,202206,2014-Q2,0.24,A,0,1,
OECD.SDD.STES:DSD_STES_REVISIONS@DF_STES_REVISIONS(4.0),EA19,Q,ULC,PT_PCOS,_T,201904,2014-Q2,0.27,A,0,1,
OECD.SDD.STES:DSD_STES_REVISIONS@DF_STES_REVISIONS(4.0),EA19,Q,ULC,PT_PCOS,_T,201901,2014-Q2,0.27,A,0,1,
OECD.SDD.STES:DSD_STES_REVISIONS@DF_STES_REVISIONS(4.0),EA19,Q,ULC,PT_PCOS,_T,202103,2014-Q2,0.24,A,0,1,
OECD.SDD.STES:DSD_STES_REVISIONS@DF_STES_REVISIONS(4.0),EA19,Q,ULC,PT_PCOS,_T,202209,2014-Q2,0.25,A,0,1,
OECD.SDD.STES:DSD_STES_REVISIONS@DF_STES_REVISIONS(4.0),EA19,Q,ULC,PT_PCOS,_T,202011,2014-Q2,0.25,A,0,1,
OECD.SDD.STES:DSD_STES_REVISIONS@DF_STES_REVISIONS(4.0),EA19,Q,ULC,PT_PCOS,_T,202110,2014-Q2,0.22,A,0,1,
OECD.SDD.STES:DSD_STES_REVISIONS@DF_STES_REVISIONS(4.0),EA19,Q,ULC,PT_PCOS,_T,202108,2014-Q2,0.23,A,0,1,
OECD.SDD.STES:DSD_STES_REVISIONS@DF_STES_REVISIONS(4.0),EA19,Q,ULC,PT_PCOS,_T,202301,2014-Q2,0.25,A,0,1,
OECD.SDD.STES:DSD_STES_REVISIONS@DF_STES_REVISIONS(4.0),EA19,Q,ULC,PT_PCOS,_T,202207,2014-Q2,0.24,A,0,1,
OECD.SDD.STES:DSD_STES_REVISIONS@DF_STES_REVISIONS(4.0),EA19,Q,ULC,PT_PCOS,_T,201505,2014-Q2,0.3,A,0,1,
OECD.SDD.STES:DSD_STES_REVISIONS@DF_STES_REVISIONS(4.0),EA19,Q,ULC,PT_PCOS,_T,201911,2014-Q2,0.28,A,0,1,
OECD.SDD.STES:DSD_STES_REVISIONS@DF_STES_REVISIONS(4.0),EA19,Q,ULC,PT_PCOS,_T,202302,2014-Q2,0.25,A,0,1,
OECD.SDD.STES:DSD_STES_REVISIONS@DF_STES_REVISIONS(4.0),EA19,Q,ULC,PT_PCOS,_T,201607,2014-Q2,0.28,A,0,1,
OECD.SDD.STES:DSD_STES_REVISIONS@DF_STES_REVISIONS(4.0),EA19,Q,ULC,PT_PCOS,_T,201709,2014-Q2,0.21,A,0,1,
OECD.SDD.STES:DSD_STES_REVISIONS@DF_STES_REVISIONS(4.0),EA19,Q,ULC,PT_PCOS,_T,201611,2014-Q2,0.23,A,0,1,
OECD.SDD.STES:DSD_STES_REVISIONS@DF_STES_REVISIONS(4.0),EA19,Q,ULC,PT_PCOS,_T,202205,2014-Q2,0.24,A,0,1,
OECD.SDD.STES:DSD_STES_REVISIONS@DF_STES_REVISIONS(4.0),EA19,Q,ULC,PT_PCOS,_T,202104,2014-Q2,0.24,A,0,1,
OECD.SDD.STES:DSD_STES_REVISIONS@DF_STES_REVISIONS(4.0),EA19,Q,ULC,PT_PCOS,_T,201502,2014-Q2,0.3,A,0,1,
OECD.SDD.STES:DSD_STES_REVISIONS@DF_STES_REVISIONS(4.0),EA19,Q,ULC,PT_PCOS,_T,201802,2014-Q2,0.32,A,0,1,
OECD.SDD.STES:DSD_STES_REVISIONS@DF_STES_REVISIONS(4.0),EA19,Q,ULC,PT_PCOS,_T,202002,2014-Q2,0.27,A,0,1,
OECD.SDD.STES:DSD_STES_REVISIONS@DF_STES_REVISIONS(4.0),EA19,Q,ULC,PT_PCOS,_T,201711,2014-Q2,0.33,A,0,1,
OECD.SDD.STES:DSD_STES_REVISIONS@DF_STES_REVISIONS(4.0),EA19,Q,ULC,PT_PCOS,_T,201702,2014-Q2,0.19,A,0,1,
OECD.SDD.STES:DSD_STES_REVISIONS@DF_STES_REVISIONS(4.0),EA19,Q,ULC,PT_PCOS,_T,201604,2014-Q2,0.34,A,0,1,
OECD.SDD.STES:DSD_STES_REVISIONS@DF_STES_REVISIONS(4.0),EA19,Q,ULC,PT_PCOS,_T,202303,2014-Q2,0.25,A,0,1,
OECD.SDD.STES:DSD_STES_REVISIONS@DF_STES_REVISIONS(4.0),EA19,Q,ULC,PT_PCOS,_T,201707,2014-Q2,0.2,A,0,1,
OECD.SDD.STES:DSD_STES_REVISIONS@DF_STES_REVISIONS(4.0),EA19,Q,ULC,PT_PCOS,_T,201806,2014-Q2,0.3,A,0,1,
OECD.SDD.STES:DSD_STES_REVISIONS@DF_STES_REVISIONS(4.0),EA19,Q,ULC,PT_PCOS,_T,201801,2014-Q2,0.32,A,0,1,
OECD.SDD.STES:DSD_STES_REVISIONS@DF_STES_REVISIONS(4.0),EA19,Q,ULC,PT_PCOS,_T,202111,2014-Q2,0.23,A,0,1,
OECD.SDD.STES:DSD_STES_REVISIONS@DF_STES_REVISIONS(4.0),EA19,Q,ULC,PT_PCOS,_T,201704,2014-Q2,0.2,A,0,1,
OECD.SDD.STES:DSD_STES_REVISIONS@DF_STES_REVISIONS(4.0),EA19,Q,ULC,PT_PCOS,_T,201706,2014-Q2,0.2,A,0,1,
OECD.SDD.STES:DSD_STES_REVISIONS@DF_STES_REVISIONS(4.0),EA19,Q,ULC,PT_PCOS,_T,201805,2014-Q2,0.32,A,0,1,
OECD.SDD.STES:DSD_STES_REVISIONS@DF_STES_REVISIONS(4.0),EA19,Q,ULC,PT_PCOS,_T,201506,2014-Q2,0.3,A,0,1,
OECD.SDD.STES:DSD_STES_REVISIONS@DF_STES_REVISIONS(4.0),EA19,Q,ULC,PT_PCOS,_T,202005,2014-Q2,0.25,A,0,1,
OECD.SDD.STES:DSD_STES_REVISIONS@DF_STES_REVISIONS(4.0),EA19,Q,ULC,PT_PCOS,_T,202112,2014-Q2,0.23,A,0,1,
OECD.SDD.STES:DSD_STES_REVISIONS@DF_STES_REVISIONS(4.0),EA19,Q,ULC,PT_PCOS,_T,202007,2014-Q2,0.28,A,0,1,
OECD.SDD.STES:DSD_STES_REVISIONS@DF_STES_REVISIONS(4.0),EA19,Q,ULC,PT_PCOS,_T,201811,2014-Q2,0.26,A,0,1,
OECD.SDD.STES:DSD_STES_REVISIONS@DF_STES_REVISIONS(4.0),EA19,Q,ULC,PT_PCOS,_T,201906,2014-Q2,0.27,A,0,1,
OECD.SDD.STES:DSD_STES_REVISIONS@DF_STES_REVISIONS(4.0),EA19,Q,ULC,PT_PCOS,_T,201910,2014-Q2,0.3,A,0,1,
OECD.SDD.STES:DSD_STES_REVISIONS@DF_STES_REVISIONS(4.0),EA19,Q,ULC,PT_PCOS,_T,201504,2014-Q2,0.3,A,0,1,
OECD.SDD.STES:DSD_STES_REVISIONS@DF_STES_REVISIONS(4.0),EA19,Q,ULC,PT_PCOS,_T,201803,2014-Q2,0.32,A,0,1,
OECD.SDD.STES:DSD_STES_REVISIONS@DF_STES_REVISIONS(4.0),EA19,Q,ULC,PT_PCOS,_T,201701,2014-Q2,0.19,A,0,1,
OECD.SDD.STES:DSD_STES_REVISIONS@DF_STES_REVISIONS(4.0),EA19,Q,ULC,PT_PCOS,_T,201712,2014-Q2,0.33,A,0,1,
OECD.SDD.STES:DSD_STES_REVISIONS@DF_STES_REVISIONS(4.0),EA19,Q,ULC,PT_PCOS,_T,201508,2014-Q2,0.25,A,0,1,
OECD.SDD.STES:DSD_STES_REVISIONS@DF_STES_REVISIONS(4.0),EA19,Q,ULC,PT_PCOS,_T,201810,2014-Q2,0.26,A,0,1,
OECD.SDD.STES:DSD_STES_REVISIONS@DF_STES_REVISIONS(4.0),EA19,Q,ULC,PT_PCOS,_T,202203,2014-Q2,0.23,A,0,1,
OECD.SDD.STES:DSD_STES_REVISIONS@DF_STES_REVISIONS(4.0),EA19,Q,ULC,PT_PCOS,_T,201903,2014-Q2,0.27,A,0,1,
OECD.SDD.STES:DSD_STES_REVISIONS@DF_STES_REVISIONS(4.0),EA19,Q,ULC,PT_PCOS,_T,201808,2014-Q2,0.28,A,0,1,
OECD.SDD.STES:DSD_STES_REVISIONS@DF_STES_REVISIONS(4.0),EA19,Q,ULC,PT_PCOS,_T,202009,2014-Q2,0.28,A,0,1,
OECD.SDD.STES:DSD_STES_REVISIONS@DF_STES_REVISIONS(4.0),EA19,Q,ULC,PT_PCOS,_T,202001,2014-Q2,0.27,A,0,1,
OECD.SDD.STES:DSD_STES_REVISIONS@DF_STES_REVISIONS(4.0),EA19,Q,ULC,PT_PCOS,_T,201608,2014-Q2,0.28,A,0,1,
OECD.SDD.STES:DSD_STES_REVISIONS@DF_STES_REVISIONS(4.0),EA19,Q,ULC,PT_PCOS,_T,202008,2014-Q2,0.28,A,0,1,
OECD.SDD.STES:DSD_STES_REVISIONS@DF_STES_REVISIONS(4.0),EA19,Q,ULC,PT_PCOS,_T,201601,2014-Q2,0.35,A,0,1,
OECD.SDD.STES:DSD_STES_REVISIONS@DF_STES_REVISIONS(4.0),EA19,Q,ULC,PT_PCOS,_T,202208,2014-Q2,0.25,A,0,1,
OECD.SDD.STES:DSD_STES_REVISIONS@DF_STES_REVISIONS(4.0),EA19,Q,ULC,PT_PCOS,_T,202012,2014-Q2,0.25,A,0,1,
OECD.SDD.STES:DSD_STES_REVISIONS@DF_STES_REVISIONS(4.0),EA19,Q,ULC,PT_PCOS,_T,202107,2014-Q2,0.23,A,0,1,
OECD.SDD.STES:DSD_STES_REVISIONS@DF_STES_REVISIONS(4.0),EA19,Q,ULC,PT_PCOS,_T,201804,2014-Q2,0.32,A,0,1,
OECD.SDD.STES:DSD_STES_REVISIONS@DF_STES_REVISIONS(4.0),EA19,Q,ULC,PT_PCOS,_T,201705,2014-Q2,0.2,A,0,1,
OECD.SDD.STES:DSD_STES_REVISIONS@DF_STES_REVISIONS(4.0),EA19,Q,ULC,PT_PCOS,_T,201905,2014-Q1,0.16,A,0,1,
OECD.SDD.STES:DSD_STES_REVISIONS@DF_STES_REVISIONS(4.0),EA19,Q,ULC,PT_PCOS,_T,201703,2014-Q1,0.3,A,0,1,
OECD.SDD.STES:DSD_STES_REVISIONS@DF_STES_REVISIONS(4.0),EA19,Q,ULC,PT_PCOS,_T,201606,2014-Q1,0.43,A,0,1,
OECD.SDD.STES:DSD_STES_REVISIONS@DF_STES_REVISIONS(4.0),EA19,Q,ULC,PT_PCOS,_T,201511,2014-Q1,0.51,A,0,1,
OECD.SDD.STES:DSD_STES_REVISIONS@DF_STES_REVISIONS(4.0),EA19,Q,ULC,PT_PCOS,_T,202212,2014-Q1,0.21,A,0,1,
OECD.SDD.STES:DSD_STES_REVISIONS@DF_STES_REVISIONS(4.0),EA19,Q,ULC,PT_PCOS,_T,201902,2014-Q1,0.15,A,0,1,
OECD.SDD.STES:DSD_STES_REVISIONS@DF_STES_REVISIONS(4.0),EA19,Q,ULC,PT_PCOS,_T,202003,2014-Q1,0.19,A,0,1,
OECD.SDD.STES:DSD_STES_REVISIONS@DF_STES_REVISIONS(4.0),EA19,Q,ULC,PT_PCOS,_T,201603,2014-Q1,0.45,A,0,1,
OECD.SDD.STES:DSD_STES_REVISIONS@DF_STES_REVISIONS(4.0),EA19,Q,ULC,PT_PCOS,_T,201807,2014-Q1,0.18,A,0,1,
OECD.SDD.STES:DSD_STES_REVISIONS@DF_STES_REVISIONS(4.0),EA19,Q,ULC,PT_PCOS,_T,201908,2014-Q1,0.17,A,0,1,
OECD.SDD.STES:DSD_STES_REVISIONS@DF_STES_REVISIONS(4.0),EA19,Q,ULC,PT_PCOS,_T,201503,2014-Q1,0.24,A,0,1,
OECD.SDD.STES:DSD_STES_REVISIONS@DF_STES_REVISIONS(4.0),EA19,Q,ULC,PT_PCOS,_T,202204,2014-Q1,0.19,A,0,1,
OECD.SDD.STES:DSD_STES_REVISIONS@DF_STES_REVISIONS(4.0),EA19,Q,ULC,PT_PCOS,_T,202211,2014-Q1,0.21,A,0,1,
OECD.SDD.STES:DSD_STES_REVISIONS@DF_STES_REVISIONS(4.0),EA19,Q,ULC,PT_PCOS,_T,201512,2014-Q1,0.51,A,0,1,
OECD.SDD.STES:DSD_STES_REVISIONS@DF_STES_REVISIONS(4.0),EA19,Q,ULC,PT_PCOS,_T,202109,2014-Q1,0.23,A,0,1,
OECD.SDD.STES:DSD_STES_REVISIONS@DF_STES_REVISIONS(4.0),EA19,Q,ULC,PT_PCOS,_T,201912,2014-Q1,0.19,A,0,1,
OECD.SDD.STES:DSD_STES_REVISIONS@DF_STES_REVISIONS(4.0),EA19,Q,ULC,PT_PCOS,_T,201812,2014-Q1,0.14,A,0,1,
OECD.SDD.STES:DSD_STES_REVISIONS@DF_STES_REVISIONS(4.0),EA19,Q,ULC,PT_PCOS,_T,202201,2014-Q1,0.21,A,0,1,
OECD.SDD.STES:DSD_STES_REVISIONS@DF_STES_REVISIONS(4.0),EA19,Q,ULC,PT_PCOS,_T,201708,2014-Q1,0.32,A,0,1,
OECD.SDD.STES:DSD_STES_REVISIONS@DF_STES_REVISIONS(4.0),EA19,Q,ULC,PT_PCOS,_T,202105,2014-Q1,0.22,A,0,1,
OECD.SDD.STES:DSD_STES_REVISIONS@DF_STES_REVISIONS(4.0),EA19,Q,ULC,PT_PCOS,_T,202010,2014-Q1,0.2,A,0,1,
OECD.SDD.STES:DSD_STES_REVISIONS@DF_STES_REVISIONS(4.0),EA19,Q,ULC,PT_PCOS,_T,202102,2014-Q1,0.22,A,0,1,
OECD.SDD.STES:DSD_STES_REVISIONS@DF_STES_REVISIONS(4.0),EA19,Q,ULC,PT_PCOS,_T,201507,2014-Q1,0.39,A,0,1,
OECD.SDD.STES:DSD_STES_REVISIONS@DF_STES_REVISIONS(4.0),EA19,Q,ULC,PT_PCOS,_T,202202,2014-Q1,0.21,A,0,1,
OECD.SDD.STES:DSD_STES_REVISIONS@DF_STES_REVISIONS(4.0),EA19,Q,ULC,PT_PCOS,_T,202106,2014-Q1,0.22,A,0,1,
OECD.SDD.STES:DSD_STES_REVISIONS@DF_STES_REVISIONS(4.0),EA19,Q,ULC,PT_PCOS,_T,202004,2014-Q1,0.21,A,0,1,
OECD.SDD.STES:DSD_STES_REVISIONS@DF_STES_REVISIONS(4.0),EA19,Q,ULC,PT_PCOS,_T,201610,2014-Q1,0.29,A,0,1,
OECD.SDD.STES:DSD_STES_REVISIONS@DF_STES_REVISIONS(4.0),EA19,Q,ULC,PT_PCOS,_T,201909,2014-Q1,0.17,A,0,1,
OECD.SDD.STES:DSD_STES_REVISIONS@DF_STES_REVISIONS(4.0),EA19,Q,ULC,PT_PCOS,_T,202006,2014-Q1,0.2,A,0,1,
OECD.SDD.STES:DSD_STES_REVISIONS@DF_STES_REVISIONS(4.0),EA19,Q,ULC,PT_PCOS,_T,201710,2014-Q1,0.21,A,0,1,
OECD.SDD.STES:DSD_STES_REVISIONS@DF_STES_REVISIONS(4.0),EA19,Q,ULC,PT_PCOS,_T,202210,2014-Q1,0.22,A,0,1,
OECD.SDD.STES:DSD_STES_REVISIONS@DF_STES_REVISIONS(4.0),EA19,Q,ULC,PT_PCOS,_T,201609,2014-Q1,0.3,A,0,1,
OECD.SDD.STES:DSD_STES_REVISIONS@DF_STES_REVISIONS(4.0),EA19,Q,ULC,PT_PCOS,_T,201602,2014-Q1,0.45,A,0,1,
OECD.SDD.STES:DSD_STES_REVISIONS@DF_STES_REVISIONS(4.0),EA19,Q,ULC,PT_PCOS,_T,201907,2014-Q1,0.16,A,0,1,
OECD.SDD.STES:DSD_STES_REVISIONS@DF_STES_REVISIONS(4.0),EA19,Q,ULC,PT_PCOS,_T,201510,2014-Q1,0.51,A,0,1,
OECD.SDD.STES:DSD_STES_REVISIONS@DF_STES_REVISIONS(4.0),EA19,Q,ULC,PT_PCOS,_T,201612,2014-Q1,0.29,A,0,1,
OECD.SDD.STES:DSD_STES_REVISIONS@DF_STES_REVISIONS(4.0),EA19,Q,ULC,PT_PCOS,_T,201509,2014-Q1,0.39,A,0,1,
OECD.SDD.STES:DSD_STES_REVISIONS@DF_STES_REVISIONS(4.0),EA19,Q,ULC,PT_PCOS,_T,201605,2014-Q1,0.43,A,0,1,
OECD.SDD.STES:DSD_STES_REVISIONS@DF_STES_REVISIONS(4.0),EA19,Q,ULC,PT_PCOS,_T,202101,2014-Q1,0.23,A,0,1,
OECD.SDD.STES:DSD_STES_REVISIONS@DF_STES_REVISIONS(4.0),EA19,Q,ULC,PT_PCOS,_T,201809,2014-Q1,0.18,A,0,1,
OECD.SDD.STES:DSD_STES_REVISIONS@DF_STES_REVISIONS(4.0),EA19,Q,ULC,PT_PCOS,_T,202206,2014-Q1,0.19,A,0,1,
OECD.SDD.STES:DSD_STES_REVISIONS@DF_STES_REVISIONS(4.0),EA19,Q,ULC,PT_PCOS,_T,201904,2014-Q1,0.16,A,0,1,
OECD.SDD.STES:DSD_STES_REVISIONS@DF_STES_REVISIONS(4.0),EA19,Q,ULC,PT_PCOS,_T,201901,2014-Q1,0.16,A,0,1,
OECD.SDD.STES:DSD_STES_REVISIONS@DF_STES_REVISIONS(4.0),EA19,Q,ULC,PT_PCOS,_T,202103,2014-Q1,0.22,A,0,1,
OECD.SDD.STES:DSD_STES_REVISIONS@DF_STES_REVISIONS(4.0),EA19,Q,ULC,PT_PCOS,_T,202209,2014-Q1,0.22,A,0,1,
OECD.SDD.STES:DSD_STES_REVISIONS@DF_STES_REVISIONS(4.0),EA19,Q,ULC,PT_PCOS,_T,202110,2014-Q1,0.23,A,0,1,
OECD.SDD.STES:DSD_STES_REVISIONS@DF_STES_REVISIONS(4.0),EA19,Q,ULC,PT_PCOS,_T,202011,2014-Q1,0.2,A,0,1,
OECD.SDD.STES:DSD_STES_REVISIONS@DF_STES_REVISIONS(4.0),EA19,Q,ULC,PT_PCOS,_T,202108,2014-Q1,0.23,A,0,1,
OECD.SDD.STES:DSD_STES_REVISIONS@DF_STES_REVISIONS(4.0),EA19,Q,ULC,PT_PCOS,_T,202301,2014-Q1,0.22,A,0,1,
OECD.SDD.STES:DSD_STES_REVISIONS@DF_STES_REVISIONS(4.0),EA19,Q,ULC,PT_PCOS,_T,202207,2014-Q1,0.21,A,0,1,
OECD.SDD.STES:DSD_STES_REVISIONS@DF_STES_REVISIONS(4.0),EA19,Q,ULC,PT_PCOS,_T,201505,2014-Q1,0.27,A,0,1,
OECD.SDD.STES:DSD_STES_REVISIONS@DF_STES_REVISIONS(4.0),EA19,Q,ULC,PT_PCOS,_T,201911,2014-Q1,0.19,A,0,1,
OECD.SDD.STES:DSD_STES_REVISIONS@DF_STES_REVISIONS(4.0),EA19,Q,ULC,PT_PCOS,_T,202302,2014-Q1,0.22,A,0,1,
OECD.SDD.STES:DSD_STES_REVISIONS@DF_STES_REVISIONS(4.0),EA19,Q,ULC,PT_PCOS,_T,201607,2014-Q1,0.3,A,0,1,
OECD.SDD.STES:DSD_STES_REVISIONS@DF_STES_REVISIONS(4.0),EA19,Q,ULC,PT_PCOS,_T,201709,2014-Q1,0.32,A,0,1,
OECD.SDD.STES:DSD_STES_REVISIONS@DF_STES_REVISIONS(4.0),EA19,Q,ULC,PT_PCOS,_T,201611,2014-Q1,0.29,A,0,1,
OECD.SDD.STES:DSD_STES_REVISIONS@DF_STES_REVISIONS(4.0),EA19,Q,ULC,PT_PCOS,_T,202205,2014-Q1,0.19,A,0,1,
OECD.SDD.STES:DSD_STES_REVISIONS@DF_STES_REVISIONS(4.0),EA19,Q,ULC,PT_PCOS,_T,202104,2014-Q1,0.22,A,0,1,
OECD.SDD.STES:DSD_STES_REVISIONS@DF_STES_REVISIONS(4.0),EA19,Q,ULC,PT_PCOS,_T,201502,2014-Q1,0.24,A,0,1,
OECD.SDD.STES:DSD_STES_REVISIONS@DF_STES_REVISIONS(4.0),EA19,Q,ULC,PT_PCOS,_T,202002,2014-Q1,0.19,A,0,1,
OECD.SDD.STES:DSD_STES_REVISIONS@DF_STES_REVISIONS(4.0),EA19,Q,ULC,PT_PCOS,_T,201802,2014-Q1,0.21,A,0,1,
OECD.SDD.STES:DSD_STES_REVISIONS@DF_STES_REVISIONS(4.0),EA19,Q,ULC,PT_PCOS,_T,201711,2014-Q1,0.21,A,0,1,
OECD.SDD.STES:DSD_STES_REVISIONS@DF_STES_REVISIONS(4.0),EA19,Q,ULC,PT_PCOS,_T,201702,2014-Q1,0.3,A,0,1,
OECD.SDD.STES:DSD_STES_REVISIONS@DF_STES_REVISIONS(4.0),EA19,Q,ULC,PT_PCOS,_T,201604,2014-Q1,0.43,A,0,1,
OECD.SDD.STES:DSD_STES_REVISIONS@DF_STES_REVISIONS(4.0),EA19,Q,ULC,PT_PCOS,_T,202303,2014-Q1,0.22,A,0,1,
OECD.SDD.STES:DSD_STES_REVISIONS@DF_STES_REVISIONS(4.0),EA19,Q,ULC,PT_PCOS,_T,201707,2014-Q1,0.3,A,0,1,
OECD.SDD.STES:DSD_STES_REVISIONS@DF_STES_REVISIONS(4.0),EA19,Q,ULC,PT_PCOS,_T,201806,2014-Q1,0.18,A,0,1,
OECD.SDD.STES:DSD_STES_REVISIONS@DF_STES_REVISIONS(4.0),EA19,Q,ULC,PT_PCOS,_T,201801,2014-Q1,0.21,A,0,1,
OECD.SDD.STES:DSD_STES_REVISIONS@DF_STES_REVISIONS(4.0),EA19,Q,ULC,PT_PCOS,_T,202111,2014-Q1,0.22,A,0,1,
OECD.SDD.STES:DSD_STES_REVISIONS@DF_STES_REVISIONS(4.0),EA19,Q,ULC,PT_PCOS,_T,201704,2014-Q1,0.28,A,0,1,
OECD.SDD.STES:DSD_STES_REVISIONS@DF_STES_REVISIONS(4.0),EA19,Q,ULC,PT_PCOS,_T,201706,2014-Q1,0.27,A,0,1,
OECD.SDD.STES:DSD_STES_REVISIONS@DF_STES_REVISIONS(4.0),EA19,Q,ULC,PT_PCOS,_T,201805,2014-Q1,0.21,A,0,1,
OECD.SDD.STES:DSD_STES_REVISIONS@DF_STES_REVISIONS(4.0),EA19,Q,ULC,PT_PCOS,_T,201506,2014-Q1,0.27,A,0,1,
OECD.SDD.STES:DSD_STES_REVISIONS@DF_STES_REVISIONS(4.0),EA19,Q,ULC,PT_PCOS,_T,202005,2014-Q1,0.21,A,0,1,
OECD.SDD.STES:DSD_STES_REVISIONS@DF_STES_REVISIONS(4.0),EA19,Q,ULC,PT_PCOS,_T,202007,2014-Q1,0.21,A,0,1,
OECD.SDD.STES:DSD_STES_REVISIONS@DF_STES_REVISIONS(4.0),EA19,Q,ULC,PT_PCOS,_T,202112,2014-Q1,0.22,A,0,1,
OECD.SDD.STES:DSD_STES_REVISIONS@DF_STES_REVISIONS(4.0),EA19,Q,ULC,PT_PCOS,_T,201811,2014-Q1,0.14,A,0,1,
OECD.SDD.STES:DSD_STES_REVISIONS@DF_STES_REVISIONS(4.0),EA19,Q,ULC,PT_PCOS,_T,201906,2014-Q1,0.16,A,0,1,
OECD.SDD.STES:DSD_STES_REVISIONS@DF_STES_REVISIONS(4.0),EA19,Q,ULC,PT_PCOS,_T,201910,2014-Q1,0.17,A,0,1,
OECD.SDD.STES:DSD_STES_REVISIONS@DF_STES_REVISIONS(4.0),EA19,Q,ULC,PT_PCOS,_T,201504,2014-Q1,0.27,A,0,1,
OECD.SDD.STES:DSD_STES_REVISIONS@DF_STES_REVISIONS(4.0),EA19,Q,ULC,PT_PCOS,_T,201803,2014-Q1,0.21,A,0,1,
OECD.SDD.STES:DSD_STES_REVISIONS@DF_STES_REVISIONS(4.0),EA19,Q,ULC,PT_PCOS,_T,201701,2014-Q1,0.3,A,0,1,
OECD.SDD.STES:DSD_STES_REVISIONS@DF_STES_REVISIONS(4.0),EA19,Q,ULC,PT_PCOS,_T,201712,2014-Q1,0.2,A,0,1,
OECD.SDD.STES:DSD_STES_REVISIONS@DF_STES_REVISIONS(4.0),EA19,Q,ULC,PT_PCOS,_T,201508,2014-Q1,0.39,A,0,1,
OECD.SDD.STES:DSD_STES_REVISIONS@DF_STES_REVISIONS(4.0),EA19,Q,ULC,PT_PCOS,_T,201810,2014-Q1,0.15,A,0,1,
OECD.SDD.STES:DSD_STES_REVISIONS@DF_STES_REVISIONS(4.0),EA19,Q,ULC,PT_PCOS,_T,202203,2014-Q1,0.21,A,0,1,
OECD.SDD.STES:DSD_STES_REVISIONS@DF_STES_REVISIONS(4.0),EA19,Q,ULC,PT_PCOS,_T,201903,2014-Q1,0.16,A,0,1,
OECD.SDD.STES:DSD_STES_REVISIONS@DF_STES_REVISIONS(4.0),EA19,Q,ULC,PT_PCOS,_T,201808,2014-Q1,0.18,A,0,1,
OECD.SDD.STES:DSD_STES_REVISIONS@DF_STES_REVISIONS(4.0),EA19,Q,ULC,PT_PCOS,_T,202009,2014-Q1,0.2,A,0,1,
OECD.SDD.STES:DSD_STES_REVISIONS@DF_STES_REVISIONS(4.0),EA19,Q,ULC,PT_PCOS,_T,202001,2014-Q1,0.19,A,0,1,
OECD.SDD.STES:DSD_STES_REVISIONS@DF_STES_REVISIONS(4.0),EA19,Q,ULC,PT_PCOS,_T,201608,2014-Q1,0.3,A,0,1,
OECD.SDD.STES:DSD_STES_REVISIONS@DF_STES_REVISIONS(4.0),EA19,Q,ULC,PT_PCOS,_T,202008,2014-Q1,0.2,A,0,1,
OECD.SDD.STES:DSD_STES_REVISIONS@DF_STES_REVISIONS(4.0),EA19,Q,ULC,PT_PCOS,_T,201601,2014-Q1,0.45,A,0,1,
OECD.SDD.STES:DSD_STES_REVISIONS@DF_STES_REVISIONS(4.0),EA19,Q,ULC,PT_PCOS,_T,202208,2014-Q1,0.22,A,0,1,
OECD.SDD.STES:DSD_STES_REVISIONS@DF_STES_REVISIONS(4.0),EA19,Q,ULC,PT_PCOS,_T,202012,2014-Q1,0.2,A,0,1,
OECD.SDD.STES:DSD_STES_REVISIONS@DF_STES_REVISIONS(4.0),EA19,Q,ULC,PT_PCOS,_T,202107,2014-Q1,0.22,A,0,1,
OECD.SDD.STES:DSD_STES_REVISIONS@DF_STES_REVISIONS(4.0),EA19,Q,ULC,PT_PCOS,_T,201804,2014-Q1,0.21,A,0,1,
OECD.SDD.STES:DSD_STES_REVISIONS@DF_STES_REVISIONS(4.0),EA19,Q,ULC,PT_PCOS,_T,201705,2014-Q1,0.27,A,0,1,
OECD.SDD.STES:DSD_STES_REVISIONS@DF_STES_REVISIONS(4.0),EA19,Q,ULC,PT_PCOS,_T,201905,2013-Q4,0.06,A,0,1,
OECD.SDD.STES:DSD_STES_REVISIONS@DF_STES_REVISIONS(4.0),EA19,Q,ULC,PT_PCOS,_T,201703,2013-Q4,0.11,A,0,1,
OECD.SDD.STES:DSD_STES_REVISIONS@DF_STES_REVISIONS(4.0),EA19,Q,ULC,PT_PCOS,_T,201606,2013-Q4,0.11,A,0,1,
OECD.SDD.STES:DSD_STES_REVISIONS@DF_STES_REVISIONS(4.0),EA19,Q,ULC,PT_PCOS,_T,201511,2013-Q4,0.16,A,0,1,
OECD.SDD.STES:DSD_STES_REVISIONS@DF_STES_REVISIONS(4.0),EA19,Q,ULC,PT_PCOS,_T,202212,2013-Q4,0.05,A,0,1,
OECD.SDD.STES:DSD_STES_REVISIONS@DF_STES_REVISIONS(4.0),EA19,Q,ULC,PT_PCOS,_T,201902,2013-Q4,0.07,A,0,1,
OECD.SDD.STES:DSD_STES_REVISIONS@DF_STES_REVISIONS(4.0),EA19,Q,ULC,PT_PCOS,_T,202003,2013-Q4,0.1,A,0,1,
OECD.SDD.STES:DSD_STES_REVISIONS@DF_STES_REVISIONS(4.0),EA19,Q,ULC,PT_PCOS,_T,201603,2013-Q4,0.11,A,0,1,
OECD.SDD.STES:DSD_STES_REVISIONS@DF_STES_REVISIONS(4.0),EA19,Q,ULC,PT_PCOS,_T,201807,2013-Q4,0.05,A,0,1,
OECD.SDD.STES:DSD_STES_REVISIONS@DF_STES_REVISIONS(4.0),EA19,Q,ULC,PT_PCOS,_T,201908,2013-Q4,0.06,A,0,1,
OECD.SDD.STES:DSD_STES_REVISIONS@DF_STES_REVISIONS(4.0),EA19,Q,ULC,PT_PCOS,_T,201503,2013-Q4,0.17,A,0,1,
OECD.SDD.STES:DSD_STES_REVISIONS@DF_STES_REVISIONS(4.0),EA19,Q,ULC,PT_PCOS,_T,202204,2013-Q4,0.09,A,0,1,
OECD.SDD.STES:DSD_STES_REVISIONS@DF_STES_REVISIONS(4.0),EA19,Q,ULC,PT_PCOS,_T,202211,2013-Q4,0.05,A,0,1,
OECD.SDD.STES:DSD_STES_REVISIONS@DF_STES_REVISIONS(4.0),EA19,Q,ULC,PT_PCOS,_T,201512,2013-Q4,0.16,A,0,1,
OECD.SDD.STES:DSD_STES_REVISIONS@DF_STES_REVISIONS(4.0),EA19,Q,ULC,PT_PCOS,_T,202109,2013-Q4,0.04,A,0,1,
OECD.SDD.STES:DSD_STES_REVISIONS@DF_STES_REVISIONS(4.0),EA19,Q,ULC,PT_PCOS,_T,201912,2013-Q4,0.1,A,0,1,
OECD.SDD.STES:DSD_STES_REVISIONS@DF_STES_REVISIONS(4.0),EA19,Q,ULC,PT_PCOS,_T,201812,2013-Q4,0.09,A,0,1,
OECD.SDD.STES:DSD_STES_REVISIONS@DF_STES_REVISIONS(4.0),EA19,Q,ULC,PT_PCOS,_T,202201,2013-Q4,0.08,A,0,1,
OECD.SDD.STES:DSD_STES_REVISIONS@DF_STES_REVISIONS(4.0),EA19,Q,ULC,PT_PCOS,_T,201708,2013-Q4,0.07,A,0,1,
OECD.SDD.STES:DSD_STES_REVISIONS@DF_STES_REVISIONS(4.0),EA19,Q,ULC,PT_PCOS,_T,202105,2013-Q4,0.06,A,0,1,
OECD.SDD.STES:DSD_STES_REVISIONS@DF_STES_REVISIONS(4.0),EA19,Q,ULC,PT_PCOS,_T,202010,2013-Q4,0.11,A,0,1,
OECD.SDD.STES:DSD_STES_REVISIONS@DF_STES_REVISIONS(4.0),EA19,Q,ULC,PT_PCOS,_T,202102,2013-Q4,0.08,A,0,1,
OECD.SDD.STES:DSD_STES_REVISIONS@DF_STES_REVISIONS(4.0),EA19,Q,ULC,PT_PCOS,_T,201507,2013-Q4,0.13,A,0,1,
OECD.SDD.STES:DSD_STES_REVISIONS@DF_STES_REVISIONS(4.0),EA19,Q,ULC,PT_PCOS,_T,202202,2013-Q4,0.08,A,0,1,
OECD.SDD.STES:DSD_STES_REVISIONS@DF_STES_REVISIONS(4.0),EA19,Q,ULC,PT_PCOS,_T,202106,2013-Q4,0.06,A,0,1,
OECD.SDD.STES:DSD_STES_REVISIONS@DF_STES_REVISIONS(4.0),EA19,Q,ULC,PT_PCOS,_T,202004,2013-Q4,0.09,A,0,1,
OECD.SDD.STES:DSD_STES_REVISIONS@DF_STES_REVISIONS(4.0),EA19,Q,ULC,PT_PCOS,_T,201610,2013-Q4,0.07,A,0,1,
OECD.SDD.STES:DSD_STES_REVISIONS@DF_STES_REVISIONS(4.0),EA19,Q,ULC,PT_PCOS,_T,201909,2013-Q4,0.06,A,0,1,
OECD.SDD.STES:DSD_STES_REVISIONS@DF_STES_REVISIONS(4.0),EA19,Q,ULC,PT_PCOS,_T,202006,2013-Q4,0.09,A,0,1,
OECD.SDD.STES:DSD_STES_REVISIONS@DF_STES_REVISIONS(4.0),EA19,Q,ULC,PT_PCOS,_T,201710,2013-Q4,0.09,A,0,1,
OECD.SDD.STES:DSD_STES_REVISIONS@DF_STES_REVISIONS(4.0),EA19,Q,ULC,PT_PCOS,_T,202210,2013-Q4,0.05,A,0,1,
OECD.SDD.STES:DSD_STES_REVISIONS@DF_STES_REVISIONS(4.0),EA19,Q,ULC,PT_PCOS,_T,201609,2013-Q4,0.12,A,0,1,
OECD.SDD.STES:DSD_STES_REVISIONS@DF_STES_REVISIONS(4.0),EA19,Q,ULC,PT_PCOS,_T,201602,2013-Q4,0.11,A,0,1,
OECD.SDD.STES:DSD_STES_REVISIONS@DF_STES_REVISIONS(4.0),EA19,Q,ULC,PT_PCOS,_T,201907,2013-Q4,0.06,A,0,1,
OECD.SDD.STES:DSD_STES_REVISIONS@DF_STES_REVISIONS(4.0),EA19,Q,ULC,PT_PCOS,_T,201510,2013-Q4,0.16,A,0,1,
OECD.SDD.STES:DSD_STES_REVISIONS@DF_STES_REVISIONS(4.0),EA19,Q,ULC,PT_PCOS,_T,201612,2013-Q4,0.12,A,0,1,
OECD.SDD.STES:DSD_STES_REVISIONS@DF_STES_REVISIONS(4.0),EA19,Q,ULC,PT_PCOS,_T,201509,2013-Q4,0.13,A,0,1,
OECD.SDD.STES:DSD_STES_REVISIONS@DF_STES_REVISIONS(4.0),EA19,Q,ULC,PT_PCOS,_T,201605,2013-Q4,0.11,A,0,1,
OECD.SDD.STES:DSD_STES_REVISIONS@DF_STES_REVISIONS(4.0),EA19,Q,ULC,PT_PCOS,_T,202101,2013-Q4,0.07,A,0,1,
OECD.SDD.STES:DSD_STES_REVISIONS@DF_STES_REVISIONS(4.0),EA19,Q,ULC,PT_PCOS,_T,201809,2013-Q4,0.05,A,0,1,
OECD.SDD.STES:DSD_STES_REVISIONS@DF_STES_REVISIONS(4.0),EA19,Q,ULC,PT_PCOS,_T,202206,2013-Q4,0.09,A,0,1,
OECD.SDD.STES:DSD_STES_REVISIONS@DF_STES_REVISIONS(4.0),EA19,Q,ULC,PT_PCOS,_T,201904,2013-Q4,0.07,A,0,1,
OECD.SDD.STES:DSD_STES_REVISIONS@DF_STES_REVISIONS(4.0),EA19,Q,ULC,PT_PCOS,_T,201901,2013-Q4,0.07,A,0,1,
OECD.SDD.STES:DSD_STES_REVISIONS@DF_STES_REVISIONS(4.0),EA19,Q,ULC,PT_PCOS,_T,202103,2013-Q4,0.08,A,0,1,
OECD.SDD.STES:DSD_STES_REVISIONS@DF_STES_REVISIONS(4.0),EA19,Q,ULC,PT_PCOS,_T,202209,2013-Q4,0.06,A,0,1,
OECD.SDD.STES:DSD_STES_REVISIONS@DF_STES_REVISIONS(4.0),EA19,Q,ULC,PT_PCOS,_T,202011,2013-Q4,0.11,A,0,1,
OECD.SDD.STES:DSD_STES_REVISIONS@DF_STES_REVISIONS(4.0),EA19,Q,ULC,PT_PCOS,_T,202110,2013-Q4,0.06,A,0,1,
OECD.SDD.STES:DSD_STES_REVISIONS@DF_STES_REVISIONS(4.0),EA19,Q,ULC,PT_PCOS,_T,202108,2013-Q4,0.04,A,0,1,
OECD.SDD.STES:DSD_STES_REVISIONS@DF_STES_REVISIONS(4.0),EA19,Q,ULC,PT_PCOS,_T,202301,2013-Q4,0.04,A,0,1,
OECD.SDD.STES:DSD_STES_REVISIONS@DF_STES_REVISIONS(4.0),EA19,Q,ULC,PT_PCOS,_T,202207,2013-Q4,0.05,A,0,1,
OECD.SDD.STES:DSD_STES_REVISIONS@DF_STES_REVISIONS(4.0),EA19,Q,ULC,PT_PCOS,_T,201505,2013-Q4,0.08,A,0,1,
OECD.SDD.STES:DSD_STES_REVISIONS@DF_STES_REVISIONS(4.0),EA19,Q,ULC,PT_PCOS,_T,201911,2013-Q4,0.1,A,0,1,
OECD.SDD.STES:DSD_STES_REVISIONS@DF_STES_REVISIONS(4.0),EA19,Q,ULC,PT_PCOS,_T,202302,2013-Q4,0.04,A,0,1,
OECD.SDD.STES:DSD_STES_REVISIONS@DF_STES_REVISIONS(4.0),EA19,Q,ULC,PT_PCOS,_T,201607,2013-Q4,0.12,A,0,1,
OECD.SDD.STES:DSD_STES_REVISIONS@DF_STES_REVISIONS(4.0),EA19,Q,ULC,PT_PCOS,_T,201709,2013-Q4,0.07,A,0,1,
OECD.SDD.STES:DSD_STES_REVISIONS@DF_STES_REVISIONS(4.0),EA19,Q,ULC,PT_PCOS,_T,201611,2013-Q4,0.12,A,0,1,
OECD.SDD.STES:DSD_STES_REVISIONS@DF_STES_REVISIONS(4.0),EA19,Q,ULC,PT_PCOS,_T,202205,2013-Q4,0.09,A,0,1,
OECD.SDD.STES:DSD_STES_REVISIONS@DF_STES_REVISIONS(4.0),EA19,Q,ULC,PT_PCOS,_T,202104,2013-Q4,0.06,A,0,1,
OECD.SDD.STES:DSD_STES_REVISIONS@DF_STES_REVISIONS(4.0),EA19,Q,ULC,PT_PCOS,_T,201502,2013-Q4,0.17,A,0,1,
OECD.SDD.STES:DSD_STES_REVISIONS@DF_STES_REVISIONS(4.0),EA19,Q,ULC,PT_PCOS,_T,201802,2013-Q4,0.07,A,0,1,
OECD.SDD.STES:DSD_STES_REVISIONS@DF_STES_REVISIONS(4.0),EA19,Q,ULC,PT_PCOS,_T,202002,2013-Q4,0.1,A,0,1,
OECD.SDD.STES:DSD_STES_REVISIONS@DF_STES_REVISIONS(4.0),EA19,Q,ULC,PT_PCOS,_T,201711,2013-Q4,0.06,A,0,1,
OECD.SDD.STES:DSD_STES_REVISIONS@DF_STES_REVISIONS(4.0),EA19,Q,ULC,PT_PCOS,_T,201702,2013-Q4,0.11,A,0,1,
OECD.SDD.STES:DSD_STES_REVISIONS@DF_STES_REVISIONS(4.0),EA19,Q,ULC,PT_PCOS,_T,201604,2013-Q4,0.1,A,0,1,
OECD.SDD.STES:DSD_STES_REVISIONS@DF_STES_REVISIONS(4.0),EA19,Q,ULC,PT_PCOS,_T,202303,2013-Q4,0.04,A,0,1,
OECD.SDD.STES:DSD_STES_REVISIONS@DF_STES_REVISIONS(4.0),EA19,Q,ULC,PT_PCOS,_T,201707,2013-Q4,0.11,A,0,1,
OECD.SDD.STES:DSD_STES_REVISIONS@DF_STES_REVISIONS(4.0),EA19,Q,ULC,PT_PCOS,_T,201806,2013-Q4,0.05,A,0,1,
OECD.SDD.STES:DSD_STES_REVISIONS@DF_STES_REVISIONS(4.0),EA19,Q,ULC,PT_PCOS,_T,201801,2013-Q4,0.07,A,0,1,
OECD.SDD.STES:DSD_STES_REVISIONS@DF_STES_REVISIONS(4.0),EA19,Q,ULC,PT_PCOS,_T,202111,2013-Q4,0.06,A,0,1,
OECD.SDD.STES:DSD_STES_REVISIONS@DF_STES_REVISIONS(4.0),EA19,Q,ULC,PT_PCOS,_T,201704,2013-Q4,0.13,A,0,1,
OECD.SDD.STES:DSD_STES_REVISIONS@DF_STES_REVISIONS(4.0),EA19,Q,ULC,PT_PCOS,_T,201706,2013-Q4,0.13,A,0,1,
OECD.SDD.STES:DSD_STES_REVISIONS@DF_STES_REVISIONS(4.0),EA19,Q,ULC,PT_PCOS,_T,201805,2013-Q4,0.06,A,0,1,
OECD.SDD.STES:DSD_STES_REVISIONS@DF_STES_REVISIONS(4.0),EA19,Q,ULC,PT_PCOS,_T,201506,2013-Q4,0.08,A,0,1,
OECD.SDD.STES:DSD_STES_REVISIONS@DF_STES_REVISIONS(4.0),EA19,Q,ULC,PT_PCOS,_T,202005,2013-Q4,0.09,A,0,1,
OECD.SDD.STES:DSD_STES_REVISIONS@DF_STES_REVISIONS(4.0),EA19,Q,ULC,PT_PCOS,_T,202112,2013-Q4,0.06,A,0,1,
OECD.SDD.STES:DSD_STES_REVISIONS@DF_STES_REVISIONS(4.0),EA19,Q,ULC,PT_PCOS,_T,202007,2013-Q4,0.07,A,0,1,
OECD.SDD.STES:DSD_STES_REVISIONS@DF_STES_REVISIONS(4.0),EA19,Q,ULC,PT_PCOS,_T,201811,2013-Q4,0.09,A,0,1,
OECD.SDD.STES:DSD_STES_REVISIONS@DF_STES_REVISIONS(4.0),EA19,Q,ULC,PT_PCOS,_T,201906,2013-Q4,0.06,A,0,1,
OECD.SDD.STES:DSD_STES_REVISIONS@DF_STES_REVISIONS(4.0),EA19,Q,ULC,PT_PCOS,_T,201910,2013-Q4,0.11,A,0,1,
OECD.SDD.STES:DSD_STES_REVISIONS@DF_STES_REVISIONS(4.0),EA19,Q,ULC,PT_PCOS,_T,201504,2013-Q4,0.08,A,0,1,
OECD.SDD.STES:DSD_STES_REVISIONS@DF_STES_REVISIONS(4.0),EA19,Q,ULC,PT_PCOS,_T,201803,2013-Q4,0.07,A,0,1,
OECD.SDD.STES:DSD_STES_REVISIONS@DF_STES_REVISIONS(4.0),EA19,Q,ULC,PT_PCOS,_T,201701,2013-Q4,0.12,A,0,1,
OECD.SDD.STES:DSD_STES_REVISIONS@DF_STES_REVISIONS(4.0),EA19,Q,ULC,PT_PCOS,_T,201712,2013-Q4,0.08,A,0,1,
OECD.SDD.STES:DSD_STES_REVISIONS@DF_STES_REVISIONS(4.0),EA19,Q,ULC,PT_PCOS,_T,201508,2013-Q4,0.13,A,0,1,
OECD.SDD.STES:DSD_STES_REVISIONS@DF_STES_REVISIONS(4.0),EA19,Q,ULC,PT_PCOS,_T,201810,2013-Q4,0.05,A,0,1,
OECD.SDD.STES:DSD_STES_REVISIONS@DF_STES_REVISIONS(4.0),EA19,Q,ULC,PT_PCOS,_T,202203,2013-Q4,0.08,A,0,1,
OECD.SDD.STES:DSD_STES_REVISIONS@DF_STES_REVISIONS(4.0),EA19,Q,ULC,PT_PCOS,_T,201903,2013-Q4,0.07,A,0,1,
OECD.SDD.STES:DSD_STES_REVISIONS@DF_STES_REVISIONS(4.0),EA19,Q,ULC,PT_PCOS,_T,201808,2013-Q4,0.05,A,0,1,
OECD.SDD.STES:DSD_STES_REVISIONS@DF_STES_REVISIONS(4.0),EA19,Q,ULC,PT_PCOS,_T,202009,2013-Q4,0.09,A,0,1,
OECD.SDD.STES:DSD_STES_REVISIONS@DF_STES_REVISIONS(4.0),EA19,Q,ULC,PT_PCOS,_T,202001,2013-Q4,0.1,A,0,1,
OECD.SDD.STES:DSD_STES_REVISIONS@DF_STES_REVISIONS(4.0),EA19,Q,ULC,PT_PCOS,_T,201608,2013-Q4,0.12,A,0,1,
OECD.SDD.STES:DSD_STES_REVISIONS@DF_STES_REVISIONS(4.0),EA19,Q,ULC,PT_PCOS,_T,202008,2013-Q4,0.09,A,0,1,
OECD.SDD.STES:DSD_STES_REVISIONS@DF_STES_REVISIONS(4.0),EA19,Q,ULC,PT_PCOS,_T,201601,2013-Q4,0.11,A,0,1,
OECD.SDD.STES:DSD_STES_REVISIONS@DF_STES_REVISIONS(4.0),EA19,Q,ULC,PT_PCOS,_T,202208,2013-Q4,0.06,A,0,1,
OECD.SDD.STES:DSD_STES_REVISIONS@DF_STES_REVISIONS(4.0),EA19,Q,ULC,PT_PCOS,_T,202012,2013-Q4,0.11,A,0,1,
OECD.SDD.STES:DSD_STES_REVISIONS@DF_STES_REVISIONS(4.0),EA19,Q,ULC,PT_PCOS,_T,202107,2013-Q4,0.07,A,0,1,
OECD.SDD.STES:DSD_STES_REVISIONS@DF_STES_REVISIONS(4.0),EA19,Q,ULC,PT_PCOS,_T,201804,2013-Q4,0.06,A,0,1,
OECD.SDD.STES:DSD_STES_REVISIONS@DF_STES_REVISIONS(4.0),EA19,Q,ULC,PT_PCOS,_T,201705,2013-Q4,0.13,A,0,1,
OECD.SDD.STES:DSD_STES_REVISIONS@DF_STES_REVISIONS(4.0),EA19,Q,ULC,PT_PCOS,_T,201905,2013-Q3,0.13,A,0,1,
OECD.SDD.STES:DSD_STES_REVISIONS@DF_STES_REVISIONS(4.0),EA19,Q,ULC,PT_PCOS,_T,201703,2013-Q3,0.16,A,0,1,
OECD.SDD.STES:DSD_STES_REVISIONS@DF_STES_REVISIONS(4.0),EA19,Q,ULC,PT_PCOS,_T,201606,2013-Q3,0.16,A,0,1,
OECD.SDD.STES:DSD_STES_REVISIONS@DF_STES_REVISIONS(4.0),EA19,Q,ULC,PT_PCOS,_T,201511,2013-Q3,0.27,A,0,1,
OECD.SDD.STES:DSD_STES_REVISIONS@DF_STES_REVISIONS(4.0),EA19,Q,ULC,PT_PCOS,_T,202212,2013-Q3,0.25,A,0,1,
OECD.SDD.STES:DSD_STES_REVISIONS@DF_STES_REVISIONS(4.0),EA19,Q,ULC,PT_PCOS,_T,201902,2013-Q3,0.14,A,0,1,
OECD.SDD.STES:DSD_STES_REVISIONS@DF_STES_REVISIONS(4.0),EA19,Q,ULC,PT_PCOS,_T,202003,2013-Q3,0.19,A,0,1,
OECD.SDD.STES:DSD_STES_REVISIONS@DF_STES_REVISIONS(4.0),EA19,Q,ULC,PT_PCOS,_T,201603,2013-Q3,0.22,A,0,1,
OECD.SDD.STES:DSD_STES_REVISIONS@DF_STES_REVISIONS(4.0),EA19,Q,ULC,PT_PCOS,_T,201807,2013-Q3,0.16,A,0,1,
OECD.SDD.STES:DSD_STES_REVISIONS@DF_STES_REVISIONS(4.0),EA19,Q,ULC,PT_PCOS,_T,201908,2013-Q3,0.1,A,0,1,
OECD.SDD.STES:DSD_STES_REVISIONS@DF_STES_REVISIONS(4.0),EA19,Q,ULC,PT_PCOS,_T,201503,2013-Q3,0.32,A,0,1,
OECD.SDD.STES:DSD_STES_REVISIONS@DF_STES_REVISIONS(4.0),EA19,Q,ULC,PT_PCOS,_T,202204,2013-Q3,0.22,A,0,1,
OECD.SDD.STES:DSD_STES_REVISIONS@DF_STES_REVISIONS(4.0),EA19,Q,ULC,PT_PCOS,_T,202211,2013-Q3,0.25,A,0,1,
OECD.SDD.STES:DSD_STES_REVISIONS@DF_STES_REVISIONS(4.0),EA19,Q,ULC,PT_PCOS,_T,201512,2013-Q3,0.27,A,0,1,
OECD.SDD.STES:DSD_STES_REVISIONS@DF_STES_REVISIONS(4.0),EA19,Q,ULC,PT_PCOS,_T,202109,2013-Q3,0.24,A,0,1,
OECD.SDD.STES:DSD_STES_REVISIONS@DF_STES_REVISIONS(4.0),EA19,Q,ULC,PT_PCOS,_T,201912,2013-Q3,0.17,A,0,1,
OECD.SDD.STES:DSD_STES_REVISIONS@DF_STES_REVISIONS(4.0),EA19,Q,ULC,PT_PCOS,_T,201812,2013-Q3,0.13,A,0,1,
OECD.SDD.STES:DSD_STES_REVISIONS@DF_STES_REVISIONS(4.0),EA19,Q,ULC,PT_PCOS,_T,202201,2013-Q3,0.22,A,0,1,
OECD.SDD.STES:DSD_STES_REVISIONS@DF_STES_REVISIONS(4.0),EA19,Q,ULC,PT_PCOS,_T,201708,2013-Q3,0.2,A,0,1,
OECD.SDD.STES:DSD_STES_REVISIONS@DF_STES_REVISIONS(4.0),EA19,Q,ULC,PT_PCOS,_T,202105,2013-Q3,0.21,A,0,1,
OECD.SDD.STES:DSD_STES_REVISIONS@DF_STES_REVISIONS(4.0),EA19,Q,ULC,PT_PCOS,_T,202010,2013-Q3,0.16,A,0,1,
OECD.SDD.STES:DSD_STES_REVISIONS@DF_STES_REVISIONS(4.0),EA19,Q,ULC,PT_PCOS,_T,202102,2013-Q3,0.2,A,0,1,
OECD.SDD.STES:DSD_STES_REVISIONS@DF_STES_REVISIONS(4.0),EA19,Q,ULC,PT_PCOS,_T,201507,2013-Q3,0.33,A,0,1,
OECD.SDD.STES:DSD_STES_REVISIONS@DF_STES_REVISIONS(4.0),EA19,Q,ULC,PT_PCOS,_T,202202,2013-Q3,0.22,A,0,1,
OECD.SDD.STES:DSD_STES_REVISIONS@DF_STES_REVISIONS(4.0),EA19,Q,ULC,PT_PCOS,_T,202106,2013-Q3,0.21,A,0,1,
OECD.SDD.STES:DSD_STES_REVISIONS@DF_STES_REVISIONS(4.0),EA19,Q,ULC,PT_PCOS,_T,202004,2013-Q3,0.17,A,0,1,
OECD.SDD.STES:DSD_STES_REVISIONS@DF_STES_REVISIONS(4.0),EA19,Q,ULC,PT_PCOS,_T,201610,2013-Q3,0.17,A,0,1,
OECD.SDD.STES:DSD_STES_REVISIONS@DF_STES_REVISIONS(4.0),EA19,Q,ULC,PT_PCOS,_T,201909,2013-Q3,0.1,A,0,1,
OECD.SDD.STES:DSD_STES_REVISIONS@DF_STES_REVISIONS(4.0),EA19,Q,ULC,PT_PCOS,_T,202006,2013-Q3,0.19,A,0,1,
OECD.SDD.STES:DSD_STES_REVISIONS@DF_STES_REVISIONS(4.0),EA19,Q,ULC,PT_PCOS,_T,201710,2013-Q3,0.15,A,0,1,
OECD.SDD.STES:DSD_STES_REVISIONS@DF_STES_REVISIONS(4.0),EA19,Q,ULC,PT_PCOS,_T,202210,2013-Q3,0.23,A,0,1,
OECD.SDD.STES:DSD_STES_REVISIONS@DF_STES_REVISIONS(4.0),EA19,Q,ULC,PT_PCOS,_T,201609,2013-Q3,0.19,A,0,1,
OECD.SDD.STES:DSD_STES_REVISIONS@DF_STES_REVISIONS(4.0),EA19,Q,ULC,PT_PCOS,_T,201602,2013-Q3,0.22,A,0,1,
OECD.SDD.STES:DSD_STES_REVISIONS@DF_STES_REVISIONS(4.0),EA19,Q,ULC,PT_PCOS,_T,201907,2013-Q3,0.12,A,0,1,
OECD.SDD.STES:DSD_STES_REVISIONS@DF_STES_REVISIONS(4.0),EA19,Q,ULC,PT_PCOS,_T,201510,2013-Q3,0.27,A,0,1,
OECD.SDD.STES:DSD_STES_REVISIONS@DF_STES_REVISIONS(4.0),EA19,Q,ULC,PT_PCOS,_T,201612,2013-Q3,0.14,A,0,1,
OECD.SDD.STES:DSD_STES_REVISIONS@DF_STES_REVISIONS(4.0),EA19,Q,ULC,PT_PCOS,_T,201509,2013-Q3,0.33,A,0,1,
OECD.SDD.STES:DSD_STES_REVISIONS@DF_STES_REVISIONS(4.0),EA19,Q,ULC,PT_PCOS,_T,201605,2013-Q3,0.16,A,0,1,
OECD.SDD.STES:DSD_STES_REVISIONS@DF_STES_REVISIONS(4.0),EA19,Q,ULC,PT_PCOS,_T,202101,2013-Q3,0.2,A,0,1,
OECD.SDD.STES:DSD_STES_REVISIONS@DF_STES_REVISIONS(4.0),EA19,Q,ULC,PT_PCOS,_T,201809,2013-Q3,0.16,A,0,1,
OECD.SDD.STES:DSD_STES_REVISIONS@DF_STES_REVISIONS(4.0),EA19,Q,ULC,PT_PCOS,_T,202206,2013-Q3,0.22,A,0,1,
OECD.SDD.STES:DSD_STES_REVISIONS@DF_STES_REVISIONS(4.0),EA19,Q,ULC,PT_PCOS,_T,201904,2013-Q3,0.13,A,0,1,
OECD.SDD.STES:DSD_STES_REVISIONS@DF_STES_REVISIONS(4.0),EA19,Q,ULC,PT_PCOS,_T,201901,2013-Q3,0.13,A,0,1,
OECD.SDD.STES:DSD_STES_REVISIONS@DF_STES_REVISIONS(4.0),EA19,Q,ULC,PT_PCOS,_T,202103,2013-Q3,0.2,A,0,1,
OECD.SDD.STES:DSD_STES_REVISIONS@DF_STES_REVISIONS(4.0),EA19,Q,ULC,PT_PCOS,_T,202209,2013-Q3,0.22,A,0,1,
OECD.SDD.STES:DSD_STES_REVISIONS@DF_STES_REVISIONS(4.0),EA19,Q,ULC,PT_PCOS,_T,202110,2013-Q3,0.22,A,0,1,
OECD.SDD.STES:DSD_STES_REVISIONS@DF_STES_REVISIONS(4.0),EA19,Q,ULC,PT_PCOS,_T,202011,2013-Q3,0.17,A,0,1,
OECD.SDD.STES:DSD_STES_REVISIONS@DF_STES_REVISIONS(4.0),EA19,Q,ULC,PT_PCOS,_T,202108,2013-Q3,0.24,A,0,1,
OECD.SDD.STES:DSD_STES_REVISIONS@DF_STES_REVISIONS(4.0),EA19,Q,ULC,PT_PCOS,_T,202301,2013-Q3,0.24,A,0,1,
OECD.SDD.STES:DSD_STES_REVISIONS@DF_STES_REVISIONS(4.0),EA19,Q,ULC,PT_PCOS,_T,202207,2013-Q3,0.25,A,0,1,
OECD.SDD.STES:DSD_STES_REVISIONS@DF_STES_REVISIONS(4.0),EA19,Q,ULC,PT_PCOS,_T,201505,2013-Q3,0.34,A,0,1,
OECD.SDD.STES:DSD_STES_REVISIONS@DF_STES_REVISIONS(4.0),EA19,Q,ULC,PT_PCOS,_T,201911,2013-Q3,0.17,A,0,1,
OECD.SDD.STES:DSD_STES_REVISIONS@DF_STES_REVISIONS(4.0),EA19,Q,ULC,PT_PCOS,_T,202302,2013-Q3,0.24,A,0,1,
OECD.SDD.STES:DSD_STES_REVISIONS@DF_STES_REVISIONS(4.0),EA19,Q,ULC,PT_PCOS,_T,201607,2013-Q3,0.19,A,0,1,
OECD.SDD.STES:DSD_STES_REVISIONS@DF_STES_REVISIONS(4.0),EA19,Q,ULC,PT_PCOS,_T,201709,2013-Q3,0.2,A,0,1,
OECD.SDD.STES:DSD_STES_REVISIONS@DF_STES_REVISIONS(4.0),EA19,Q,ULC,PT_PCOS,_T,201611,2013-Q3,0.14,A,0,1,
OECD.SDD.STES:DSD_STES_REVISIONS@DF_STES_REVISIONS(4.0),EA19,Q,ULC,PT_PCOS,_T,202205,2013-Q3,0.22,A,0,1,
OECD.SDD.STES:DSD_STES_REVISIONS@DF_STES_REVISIONS(4.0),EA19,Q,ULC,PT_PCOS,_T,202104,2013-Q3,0.21,A,0,1,
OECD.SDD.STES:DSD_STES_REVISIONS@DF_STES_REVISIONS(4.0),EA19,Q,ULC,PT_PCOS,_T,201502,2013-Q3,0.32,A,0,1,
OECD.SDD.STES:DSD_STES_REVISIONS@DF_STES_REVISIONS(4.0),EA19,Q,ULC,PT_PCOS,_T,202002,2013-Q3,0.19,A,0,1,
OECD.SDD.STES:DSD_STES_REVISIONS@DF_STES_REVISIONS(4.0),EA19,Q,ULC,PT_PCOS,_T,201802,2013-Q3,0.15,A,0,1,
OECD.SDD.STES:DSD_STES_REVISIONS@DF_STES_REVISIONS(4.0),EA19,Q,ULC,PT_PCOS,_T,201711,2013-Q3,0.15,A,0,1,
OECD.SDD.STES:DSD_STES_REVISIONS@DF_STES_REVISIONS(4.0),EA19,Q,ULC,PT_PCOS,_T,201702,2013-Q3,0.16,A,0,1,
OECD.SDD.STES:DSD_STES_REVISIONS@DF_STES_REVISIONS(4.0),EA19,Q,ULC,PT_PCOS,_T,201604,2013-Q3,0.17,A,0,1,
OECD.SDD.STES:DSD_STES_REVISIONS@DF_STES_REVISIONS(4.0),EA19,Q,ULC,PT_PCOS,_T,202303,2013-Q3,0.24,A,0,1,
OECD.SDD.STES:DSD_STES_REVISIONS@DF_STES_REVISIONS(4.0),EA19,Q,ULC,PT_PCOS,_T,201707,2013-Q3,0.18,A,0,1,
OECD.SDD.STES:DSD_STES_REVISIONS@DF_STES_REVISIONS(4.0),EA19,Q,ULC,PT_PCOS,_T,201806,2013-Q3,0.15,A,0,1,
OECD.SDD.STES:DSD_STES_REVISIONS@DF_STES_REVISIONS(4.0),EA19,Q,ULC,PT_PCOS,_T,201801,2013-Q3,0.15,A,0,1,
OECD.SDD.STES:DSD_STES_REVISIONS@DF_STES_REVISIONS(4.0),EA19,Q,ULC,PT_PCOS,_T,202111,2013-Q3,0.23,A,0,1,
OECD.SDD.STES:DSD_STES_REVISIONS@DF_STES_REVISIONS(4.0),EA19,Q,ULC,PT_PCOS,_T,201704,2013-Q3,0.17,A,0,1,
OECD.SDD.STES:DSD_STES_REVISIONS@DF_STES_REVISIONS(4.0),EA19,Q,ULC,PT_PCOS,_T,201706,2013-Q3,0.17,A,0,1,
OECD.SDD.STES:DSD_STES_REVISIONS@DF_STES_REVISIONS(4.0),EA19,Q,ULC,PT_PCOS,_T,201805,2013-Q3,0.15,A,0,1,
OECD.SDD.STES:DSD_STES_REVISIONS@DF_STES_REVISIONS(4.0),EA19,Q,ULC,PT_PCOS,_T,201506,2013-Q3,0.34,A,0,1,
OECD.SDD.STES:DSD_STES_REVISIONS@DF_STES_REVISIONS(4.0),EA19,Q,ULC,PT_PCOS,_T,202005,2013-Q3,0.17,A,0,1,
OECD.SDD.STES:DSD_STES_REVISIONS@DF_STES_REVISIONS(4.0),EA19,Q,ULC,PT_PCOS,_T,202007,2013-Q3,0.18,A,0,1,
OECD.SDD.STES:DSD_STES_REVISIONS@DF_STES_REVISIONS(4.0),EA19,Q,ULC,PT_PCOS,_T,202112,2013-Q3,0.23,A,0,1,
OECD.SDD.STES:DSD_STES_REVISIONS@DF_STES_REVISIONS(4.0),EA19,Q,ULC,PT_PCOS,_T,201811,2013-Q3,0.13,A,0,1,
OECD.SDD.STES:DSD_STES_REVISIONS@DF_STES_REVISIONS(4.0),EA19,Q,ULC,PT_PCOS,_T,201906,2013-Q3,0.13,A,0,1,
OECD.SDD.STES:DSD_STES_REVISIONS@DF_STES_REVISIONS(4.0),EA19,Q,ULC,PT_PCOS,_T,201910,2013-Q3,0.13,A,0,1,
OECD.SDD.STES:DSD_STES_REVISIONS@DF_STES_REVISIONS(4.0),EA19,Q,ULC,PT_PCOS,_T,201504,2013-Q3,0.34,A,0,1,
OECD.SDD.STES:DSD_STES_REVISIONS@DF_STES_REVISIONS(4.0),EA19,Q,ULC,PT_PCOS,_T,201803,2013-Q3,0.15,A,0,1,
OECD.SDD.STES:DSD_STES_REVISIONS@DF_STES_REVISIONS(4.0),EA19,Q,ULC,PT_PCOS,_T,201701,2013-Q3,0.16,A,0,1,
OECD.SDD.STES:DSD_STES_REVISIONS@DF_STES_REVISIONS(4.0),EA19,Q,ULC,PT_PCOS,_T,201712,2013-Q3,0.14,A,0,1,
OECD.SDD.STES:DSD_STES_REVISIONS@DF_STES_REVISIONS(4.0),EA19,Q,ULC,PT_PCOS,_T,201508,2013-Q3,0.33,A,0,1,
OECD.SDD.STES:DSD_STES_REVISIONS@DF_STES_REVISIONS(4.0),EA19,Q,ULC,PT_PCOS,_T,201810,2013-Q3,0.14,A,0,1,
OECD.SDD.STES:DSD_STES_REVISIONS@DF_STES_REVISIONS(4.0),EA19,Q,ULC,PT_PCOS,_T,202203,2013-Q3,0.22,A,0,1,
OECD.SDD.STES:DSD_STES_REVISIONS@DF_STES_REVISIONS(4.0),EA19,Q,ULC,PT_PCOS,_T,201903,2013-Q3,0.13,A,0,1,
OECD.SDD.STES:DSD_STES_REVISIONS@DF_STES_REVISIONS(4.0),EA19,Q,ULC,PT_PCOS,_T,201808,2013-Q3,0.16,A,0,1,
OECD.SDD.STES:DSD_STES_REVISIONS@DF_STES_REVISIONS(4.0),EA19,Q,ULC,PT_PCOS,_T,202009,2013-Q3,0.17,A,0,1,
OECD.SDD.STES:DSD_STES_REVISIONS@DF_STES_REVISIONS(4.0),EA19,Q,ULC,PT_PCOS,_T,202001,2013-Q3,0.19,A,0,1,
OECD.SDD.STES:DSD_STES_REVISIONS@DF_STES_REVISIONS(4.0),EA19,Q,ULC,PT_PCOS,_T,201608,2013-Q3,0.19,A,0,1,
OECD.SDD.STES:DSD_STES_REVISIONS@DF_STES_REVISIONS(4.0),EA19,Q,ULC,PT_PCOS,_T,202008,2013-Q3,0.17,A,0,1,
OECD.SDD.STES:DSD_STES_REVISIONS@DF_STES_REVISIONS(4.0),EA19,Q,ULC,PT_PCOS,_T,201601,2013-Q3,0.22,A,0,1,
OECD.SDD.STES:DSD_STES_REVISIONS@DF_STES_REVISIONS(4.0),EA19,Q,ULC,PT_PCOS,_T,202208,2013-Q3,0.22,A,0,1,
OECD.SDD.STES:DSD_STES_REVISIONS@DF_STES_REVISIONS(4.0),EA19,Q,ULC,PT_PCOS,_T,202012,2013-Q3,0.17,A,0,1,
OECD.SDD.STES:DSD_STES_REVISIONS@DF_STES_REVISIONS(4.0),EA19,Q,ULC,PT_PCOS,_T,202107,2013-Q3,0.21,A,0,1,
OECD.SDD.STES:DSD_STES_REVISIONS@DF_STES_REVISIONS(4.0),EA19,Q,ULC,PT_PCOS,_T,201804,2013-Q3,0.15,A,0,1,
OECD.SDD.STES:DSD_STES_REVISIONS@DF_STES_REVISIONS(4.0),EA19,Q,ULC,PT_PCOS,_T,201705,2013-Q3,0.17,A,0,1,
OECD.SDD.STES:DSD_STES_REVISIONS@DF_STES_REVISIONS(4.0),EA19,Q,ULC,PT_PCOS,_T,201905,2013-Q2,-0.12,A,0,1,
OECD.SDD.STES:DSD_STES_REVISIONS@DF_STES_REVISIONS(4.0),EA19,Q,ULC,PT_PCOS,_T,201703,2013-Q2,-0.11,A,0,1,
OECD.SDD.STES:DSD_STES_REVISIONS@DF_STES_REVISIONS(4.0),EA19,Q,ULC,PT_PCOS,_T,201606,2013-Q2,-0.06,A,0,1,
OECD.SDD.STES:DSD_STES_REVISIONS@DF_STES_REVISIONS(4.0),EA19,Q,ULC,PT_PCOS,_T,201511,2013-Q2,-0.05,A,0,1,
OECD.SDD.STES:DSD_STES_REVISIONS@DF_STES_REVISIONS(4.0),EA19,Q,ULC,PT_PCOS,_T,202212,2013-Q2,-0.16,A,0,1,
OECD.SDD.STES:DSD_STES_REVISIONS@DF_STES_REVISIONS(4.0),EA19,Q,ULC,PT_PCOS,_T,201902,2013-Q2,-0.13,A,0,1,
OECD.SDD.STES:DSD_STES_REVISIONS@DF_STES_REVISIONS(4.0),EA19,Q,ULC,PT_PCOS,_T,202003,2013-Q2,-0.15,A,0,1,
OECD.SDD.STES:DSD_STES_REVISIONS@DF_STES_REVISIONS(4.0),EA19,Q,ULC,PT_PCOS,_T,201603,2013-Q2,-0.03,A,0,1,
OECD.SDD.STES:DSD_STES_REVISIONS@DF_STES_REVISIONS(4.0),EA19,Q,ULC,PT_PCOS,_T,201807,2013-Q2,-0.1,A,0,1,
OECD.SDD.STES:DSD_STES_REVISIONS@DF_STES_REVISIONS(4.0),EA19,Q,ULC,PT_PCOS,_T,201908,2013-Q2,-0.11,A,0,1,
OECD.SDD.STES:DSD_STES_REVISIONS@DF_STES_REVISIONS(4.0),EA19,Q,ULC,PT_PCOS,_T,201503,2013-Q2,0.02,A,0,1,
OECD.SDD.STES:DSD_STES_REVISIONS@DF_STES_REVISIONS(4.0),EA19,Q,ULC,PT_PCOS,_T,202204,2013-Q2,-0.15,A,0,1,
OECD.SDD.STES:DSD_STES_REVISIONS@DF_STES_REVISIONS(4.0),EA19,Q,ULC,PT_PCOS,_T,202211,2013-Q2,-0.16,A,0,1,
OECD.SDD.STES:DSD_STES_REVISIONS@DF_STES_REVISIONS(4.0),EA19,Q,ULC,PT_PCOS,_T,201512,2013-Q2,-0.05,A,0,1,
OECD.SDD.STES:DSD_STES_REVISIONS@DF_STES_REVISIONS(4.0),EA19,Q,ULC,PT_PCOS,_T,202109,2013-Q2,-0.17,A,0,1,
OECD.SDD.STES:DSD_STES_REVISIONS@DF_STES_REVISIONS(4.0),EA19,Q,ULC,PT_PCOS,_T,201912,2013-Q2,-0.16,A,0,1,
OECD.SDD.STES:DSD_STES_REVISIONS@DF_STES_REVISIONS(4.0),EA19,Q,ULC,PT_PCOS,_T,201812,2013-Q2,-0.12,A,0,1,
OECD.SDD.STES:DSD_STES_REVISIONS@DF_STES_REVISIONS(4.0),EA19,Q,ULC,PT_PCOS,_T,202201,2013-Q2,-0.16,A,0,1,
OECD.SDD.STES:DSD_STES_REVISIONS@DF_STES_REVISIONS(4.0),EA19,Q,ULC,PT_PCOS,_T,201708,2013-Q2,-0.15,A,0,1,
OECD.SDD.STES:DSD_STES_REVISIONS@DF_STES_REVISIONS(4.0),EA19,Q,ULC,PT_PCOS,_T,202105,2013-Q2,-0.17,A,0,1,
OECD.SDD.STES:DSD_STES_REVISIONS@DF_STES_REVISIONS(4.0),EA19,Q,ULC,PT_PCOS,_T,202010,2013-Q2,-0.16,A,0,1,
OECD.SDD.STES:DSD_STES_REVISIONS@DF_STES_REVISIONS(4.0),EA19,Q,ULC,PT_PCOS,_T,202102,2013-Q2,-0.17,A,0,1,
OECD.SDD.STES:DSD_STES_REVISIONS@DF_STES_REVISIONS(4.0),EA19,Q,ULC,PT_PCOS,_T,201507,2013-Q2,0.01,A,0,1,
OECD.SDD.STES:DSD_STES_REVISIONS@DF_STES_REVISIONS(4.0),EA19,Q,ULC,PT_PCOS,_T,202202,2013-Q2,-0.16,A,0,1,
OECD.SDD.STES:DSD_STES_REVISIONS@DF_STES_REVISIONS(4.0),EA19,Q,ULC,PT_PCOS,_T,202106,2013-Q2,-0.17,A,0,1,
OECD.SDD.STES:DSD_STES_REVISIONS@DF_STES_REVISIONS(4.0),EA19,Q,ULC,PT_PCOS,_T,202004,2013-Q2,-0.14,A,0,1,
OECD.SDD.STES:DSD_STES_REVISIONS@DF_STES_REVISIONS(4.0),EA19,Q,ULC,PT_PCOS,_T,201610,2013-Q2,-0.03,A,0,1,
OECD.SDD.STES:DSD_STES_REVISIONS@DF_STES_REVISIONS(4.0),EA19,Q,ULC,PT_PCOS,_T,201909,2013-Q2,-0.11,A,0,1,
OECD.SDD.STES:DSD_STES_REVISIONS@DF_STES_REVISIONS(4.0),EA19,Q,ULC,PT_PCOS,_T,202006,2013-Q2,-0.16,A,0,1,
OECD.SDD.STES:DSD_STES_REVISIONS@DF_STES_REVISIONS(4.0),EA19,Q,ULC,PT_PCOS,_T,201710,2013-Q2,-0.13,A,0,1,
OECD.SDD.STES:DSD_STES_REVISIONS@DF_STES_REVISIONS(4.0),EA19,Q,ULC,PT_PCOS,_T,202210,2013-Q2,-0.14,A,0,1,
OECD.SDD.STES:DSD_STES_REVISIONS@DF_STES_REVISIONS(4.0),EA19,Q,ULC,PT_PCOS,_T,201609,2013-Q2,-0.05,A,0,1,
OECD.SDD.STES:DSD_STES_REVISIONS@DF_STES_REVISIONS(4.0),EA19,Q,ULC,PT_PCOS,_T,201602,2013-Q2,-0.03,A,0,1,
OECD.SDD.STES:DSD_STES_REVISIONS@DF_STES_REVISIONS(4.0),EA19,Q,ULC,PT_PCOS,_T,201907,2013-Q2,-0.13,A,0,1,
OECD.SDD.STES:DSD_STES_REVISIONS@DF_STES_REVISIONS(4.0),EA19,Q,ULC,PT_PCOS,_T,201510,2013-Q2,-0.05,A,0,1,
OECD.SDD.STES:DSD_STES_REVISIONS@DF_STES_REVISIONS(4.0),EA19,Q,ULC,PT_PCOS,_T,201612,2013-Q2,-0.07,A,0,1,
OECD.SDD.STES:DSD_STES_REVISIONS@DF_STES_REVISIONS(4.0),EA19,Q,ULC,PT_PCOS,_T,201509,2013-Q2,0.01,A,0,1,
OECD.SDD.STES:DSD_STES_REVISIONS@DF_STES_REVISIONS(4.0),EA19,Q,ULC,PT_PCOS,_T,201605,2013-Q2,-0.06,A,0,1,
OECD.SDD.STES:DSD_STES_REVISIONS@DF_STES_REVISIONS(4.0),EA19,Q,ULC,PT_PCOS,_T,202101,2013-Q2,-0.18,A,0,1,
OECD.SDD.STES:DSD_STES_REVISIONS@DF_STES_REVISIONS(4.0),EA19,Q,ULC,PT_PCOS,_T,201809,2013-Q2,-0.12,A,0,1,
OECD.SDD.STES:DSD_STES_REVISIONS@DF_STES_REVISIONS(4.0),EA19,Q,ULC,PT_PCOS,_T,202206,2013-Q2,-0.15,A,0,1,
OECD.SDD.STES:DSD_STES_REVISIONS@DF_STES_REVISIONS(4.0),EA19,Q,ULC,PT_PCOS,_T,201904,2013-Q2,-0.13,A,0,1,
OECD.SDD.STES:DSD_STES_REVISIONS@DF_STES_REVISIONS(4.0),EA19,Q,ULC,PT_PCOS,_T,201901,2013-Q2,-0.13,A,0,1,
OECD.SDD.STES:DSD_STES_REVISIONS@DF_STES_REVISIONS(4.0),EA19,Q,ULC,PT_PCOS,_T,202103,2013-Q2,-0.17,A,0,1,
OECD.SDD.STES:DSD_STES_REVISIONS@DF_STES_REVISIONS(4.0),EA19,Q,ULC,PT_PCOS,_T,202209,2013-Q2,-0.12,A,0,1,
OECD.SDD.STES:DSD_STES_REVISIONS@DF_STES_REVISIONS(4.0),EA19,Q,ULC,PT_PCOS,_T,202011,2013-Q2,-0.16,A,0,1,
OECD.SDD.STES:DSD_STES_REVISIONS@DF_STES_REVISIONS(4.0),EA19,Q,ULC,PT_PCOS,_T,202110,2013-Q2,-0.16,A,0,1,
OECD.SDD.STES:DSD_STES_REVISIONS@DF_STES_REVISIONS(4.0),EA19,Q,ULC,PT_PCOS,_T,202108,2013-Q2,-0.17,A,0,1,
OECD.SDD.STES:DSD_STES_REVISIONS@DF_STES_REVISIONS(4.0),EA19,Q,ULC,PT_PCOS,_T,202301,2013-Q2,-0.15,A,0,1,
OECD.SDD.STES:DSD_STES_REVISIONS@DF_STES_REVISIONS(4.0),EA19,Q,ULC,PT_PCOS,_T,202207,2013-Q2,-0.15,A,0,1,
OECD.SDD.STES:DSD_STES_REVISIONS@DF_STES_REVISIONS(4.0),EA19,Q,ULC,PT_PCOS,_T,201505,2013-Q2,0.04,A,0,1,
OECD.SDD.STES:DSD_STES_REVISIONS@DF_STES_REVISIONS(4.0),EA19,Q,ULC,PT_PCOS,_T,201911,2013-Q2,-0.16,A,0,1,
OECD.SDD.STES:DSD_STES_REVISIONS@DF_STES_REVISIONS(4.0),EA19,Q,ULC,PT_PCOS,_T,202302,2013-Q2,-0.15,A,0,1,
OECD.SDD.STES:DSD_STES_REVISIONS@DF_STES_REVISIONS(4.0),EA19,Q,ULC,PT_PCOS,_T,201607,2013-Q2,-0.05,A,0,1,
OECD.SDD.STES:DSD_STES_REVISIONS@DF_STES_REVISIONS(4.0),EA19,Q,ULC,PT_PCOS,_T,201709,2013-Q2,-0.15,A,0,1,
OECD.SDD.STES:DSD_STES_REVISIONS@DF_STES_REVISIONS(4.0),EA19,Q,ULC,PT_PCOS,_T,201611,2013-Q2,-0.07,A,0,1,
OECD.SDD.STES:DSD_STES_REVISIONS@DF_STES_REVISIONS(4.0),EA19,Q,ULC,PT_PCOS,_T,202205,2013-Q2,-0.15,A,0,1,
OECD.SDD.STES:DSD_STES_REVISIONS@DF_STES_REVISIONS(4.0),EA19,Q,ULC,PT_PCOS,_T,202104,2013-Q2,-0.17,A,0,1,
OECD.SDD.STES:DSD_STES_REVISIONS@DF_STES_REVISIONS(4.0),EA19,Q,ULC,PT_PCOS,_T,201502,2013-Q2,0.02,A,0,1,
OECD.SDD.STES:DSD_STES_REVISIONS@DF_STES_REVISIONS(4.0),EA19,Q,ULC,PT_PCOS,_T,201802,2013-Q2,-0.11,A,0,1,
OECD.SDD.STES:DSD_STES_REVISIONS@DF_STES_REVISIONS(4.0),EA19,Q,ULC,PT_PCOS,_T,202002,2013-Q2,-0.15,A,0,1,
OECD.SDD.STES:DSD_STES_REVISIONS@DF_STES_REVISIONS(4.0),EA19,Q,ULC,PT_PCOS,_T,201711,2013-Q2,-0.09,A,0,1,
OECD.SDD.STES:DSD_STES_REVISIONS@DF_STES_REVISIONS(4.0),EA19,Q,ULC,PT_PCOS,_T,201702,2013-Q2,-0.11,A,0,1,
OECD.SDD.STES:DSD_STES_REVISIONS@DF_STES_REVISIONS(4.0),EA19,Q,ULC,PT_PCOS,_T,201604,2013-Q2,-0.06,A,0,1,
OECD.SDD.STES:DSD_STES_REVISIONS@DF_STES_REVISIONS(4.0),EA19,Q,ULC,PT_PCOS,_T,202303,2013-Q2,-0.15,A,0,1,
OECD.SDD.STES:DSD_STES_REVISIONS@DF_STES_REVISIONS(4.0),EA19,Q,ULC,PT_PCOS,_T,201707,2013-Q2,-0.14,A,0,1,
OECD.SDD.STES:DSD_STES_REVISIONS@DF_STES_REVISIONS(4.0),EA19,Q,ULC,PT_PCOS,_T,201806,2013-Q2,-0.1,A,0,1,
OECD.SDD.STES:DSD_STES_REVISIONS@DF_STES_REVISIONS(4.0),EA19,Q,ULC,PT_PCOS,_T,201801,2013-Q2,-0.11,A,0,1,
OECD.SDD.STES:DSD_STES_REVISIONS@DF_STES_REVISIONS(4.0),EA19,Q,ULC,PT_PCOS,_T,202111,2013-Q2,-0.17,A,0,1,
OECD.SDD.STES:DSD_STES_REVISIONS@DF_STES_REVISIONS(4.0),EA19,Q,ULC,PT_PCOS,_T,201704,2013-Q2,-0.13,A,0,1,
OECD.SDD.STES:DSD_STES_REVISIONS@DF_STES_REVISIONS(4.0),EA19,Q,ULC,PT_PCOS,_T,201706,2013-Q2,-0.13,A,0,1,
OECD.SDD.STES:DSD_STES_REVISIONS@DF_STES_REVISIONS(4.0),EA19,Q,ULC,PT_PCOS,_T,201805,2013-Q2,-0.09,A,0,1,
OECD.SDD.STES:DSD_STES_REVISIONS@DF_STES_REVISIONS(4.0),EA19,Q,ULC,PT_PCOS,_T,201506,2013-Q2,0.04,A,0,1,
OECD.SDD.STES:DSD_STES_REVISIONS@DF_STES_REVISIONS(4.0),EA19,Q,ULC,PT_PCOS,_T,202005,2013-Q2,-0.15,A,0,1,
OECD.SDD.STES:DSD_STES_REVISIONS@DF_STES_REVISIONS(4.0),EA19,Q,ULC,PT_PCOS,_T,202112,2013-Q2,-0.17,A,0,1,
OECD.SDD.STES:DSD_STES_REVISIONS@DF_STES_REVISIONS(4.0),EA19,Q,ULC,PT_PCOS,_T,202007,2013-Q2,-0.15,A,0,1,
OECD.SDD.STES:DSD_STES_REVISIONS@DF_STES_REVISIONS(4.0),EA19,Q,ULC,PT_PCOS,_T,201811,2013-Q2,-0.12,A,0,1,
OECD.SDD.STES:DSD_STES_REVISIONS@DF_STES_REVISIONS(4.0),EA19,Q,ULC,PT_PCOS,_T,201906,2013-Q2,-0.12,A,0,1,
OECD.SDD.STES:DSD_STES_REVISIONS@DF_STES_REVISIONS(4.0),EA19,Q,ULC,PT_PCOS,_T,201910,2013-Q2,-0.15,A,0,1,
OECD.SDD.STES:DSD_STES_REVISIONS@DF_STES_REVISIONS(4.0),EA19,Q,ULC,PT_PCOS,_T,201504,2013-Q2,0.04,A,0,1,
OECD.SDD.STES:DSD_STES_REVISIONS@DF_STES_REVISIONS(4.0),EA19,Q,ULC,PT_PCOS,_T,201803,2013-Q2,-0.11,A,0,1,
OECD.SDD.STES:DSD_STES_REVISIONS@DF_STES_REVISIONS(4.0),EA19,Q,ULC,PT_PCOS,_T,201701,2013-Q2,-0.11,A,0,1,
OECD.SDD.STES:DSD_STES_REVISIONS@DF_STES_REVISIONS(4.0),EA19,Q,ULC,PT_PCOS,_T,201712,2013-Q2,-0.1,A,0,1,
OECD.SDD.STES:DSD_STES_REVISIONS@DF_STES_REVISIONS(4.0),EA19,Q,ULC,PT_PCOS,_T,201508,2013-Q2,0.01,A,0,1,
OECD.SDD.STES:DSD_STES_REVISIONS@DF_STES_REVISIONS(4.0),EA19,Q,ULC,PT_PCOS,_T,201810,2013-Q2,-0.11,A,0,1,
OECD.SDD.STES:DSD_STES_REVISIONS@DF_STES_REVISIONS(4.0),EA19,Q,ULC,PT_PCOS,_T,202203,2013-Q2,-0.16,A,0,1,
OECD.SDD.STES:DSD_STES_REVISIONS@DF_STES_REVISIONS(4.0),EA19,Q,ULC,PT_PCOS,_T,201903,2013-Q2,-0.13,A,0,1,
OECD.SDD.STES:DSD_STES_REVISIONS@DF_STES_REVISIONS(4.0),EA19,Q,ULC,PT_PCOS,_T,201808,2013-Q2,-0.12,A,0,1,
OECD.SDD.STES:DSD_STES_REVISIONS@DF_STES_REVISIONS(4.0),EA19,Q,ULC,PT_PCOS,_T,202009,2013-Q2,-0.16,A,0,1,
OECD.SDD.STES:DSD_STES_REVISIONS@DF_STES_REVISIONS(4.0),EA19,Q,ULC,PT_PCOS,_T,202001,2013-Q2,-0.15,A,0,1,
OECD.SDD.STES:DSD_STES_REVISIONS@DF_STES_REVISIONS(4.0),EA19,Q,ULC,PT_PCOS,_T,201608,2013-Q2,-0.05,A,0,1,
OECD.SDD.STES:DSD_STES_REVISIONS@DF_STES_REVISIONS(4.0),EA19,Q,ULC,PT_PCOS,_T,202008,2013-Q2,-0.16,A,0,1,
OECD.SDD.STES:DSD_STES_REVISIONS@DF_STES_REVISIONS(4.0),EA19,Q,ULC,PT_PCOS,_T,201601,2013-Q2,-0.03,A,0,1,
OECD.SDD.STES:DSD_STES_REVISIONS@DF_STES_REVISIONS(4.0),EA19,Q,ULC,PT_PCOS,_T,202208,2013-Q2,-0.12,A,0,1,
OECD.SDD.STES:DSD_STES_REVISIONS@DF_STES_REVISIONS(4.0),EA19,Q,ULC,PT_PCOS,_T,202012,2013-Q2,-0.16,A,0,1,
OECD.SDD.STES:DSD_STES_REVISIONS@DF_STES_REVISIONS(4.0),EA19,Q,ULC,PT_PCOS,_T,202107,2013-Q2,-0.16,A,0,1,
OECD.SDD.STES:DSD_STES_REVISIONS@DF_STES_REVISIONS(4.0),EA19,Q,ULC,PT_PCOS,_T,201804,2013-Q2,-0.1,A,0,1,
OECD.SDD.STES:DSD_STES_REVISIONS@DF_STES_REVISIONS(4.0),EA19,Q,ULC,PT_PCOS,_T,201705,2013-Q2,-0.13,A,0,1,
OECD.SDD.STES:DSD_STES_REVISIONS@DF_STES_REVISIONS(4.0),EA19,Q,ULC,PT_PCOS,_T,201703,2012-Q3,0.22,A,0,1,
OECD.SDD.STES:DSD_STES_REVISIONS@DF_STES_REVISIONS(4.0),EA19,Q,ULC,PT_PCOS,_T,201902,2012-Q3,0.22,A,0,1,
OECD.SDD.STES:DSD_STES_REVISIONS@DF_STES_REVISIONS(4.0),EA19,Q,ULC,PT_PCOS,_T,202105,2012-Q3,0.22,A,0,1,
OECD.SDD.STES:DSD_STES_REVISIONS@DF_STES_REVISIONS(4.0),EA19,Q,ULC,PT_PCOS,_T,202102,2012-Q3,0.22,A,0,1,
OECD.SDD.STES:DSD_STES_REVISIONS@DF_STES_REVISIONS(4.0),EA19,Q,ULC,PT_PCOS,_T,202106,2012-Q3,0.22,A,0,1,
OECD.SDD.STES:DSD_STES_REVISIONS@DF_STES_REVISIONS(4.0),EA19,Q,ULC,PT_PCOS,_T,202210,2012-Q3,0.22,A,0,1,
OECD.SDD.STES:DSD_STES_REVISIONS@DF_STES_REVISIONS(4.0),EA19,Q,ULC,PT_PCOS,_T,201901,2012-Q3,0.22,A,0,1,
OECD.SDD.STES:DSD_STES_REVISIONS@DF_STES_REVISIONS(4.0),EA19,Q,ULC,PT_PCOS,_T,202103,2012-Q3,0.22,A,0,1,
OECD.SDD.STES:DSD_STES_REVISIONS@DF_STES_REVISIONS(4.0),EA19,Q,ULC,PT_PCOS,_T,202207,2012-Q3,0.22,A,0,1,
OECD.SDD.STES:DSD_STES_REVISIONS@DF_STES_REVISIONS(4.0),EA19,Q,ULC,PT_PCOS,_T,202104,2012-Q3,0.22,A,0,1,
OECD.SDD.STES:DSD_STES_REVISIONS@DF_STES_REVISIONS(4.0),EA19,Q,ULC,PT_PCOS,_T,201702,2012-Q3,0.22,A,0,1,
OECD.SDD.STES:DSD_STES_REVISIONS@DF_STES_REVISIONS(4.0),EA19,Q,ULC,PT_PCOS,_T,201704,2012-Q3,0.22,A,0,1,
OECD.SDD.STES:DSD_STES_REVISIONS@DF_STES_REVISIONS(4.0),EA19,Q,ULC,PT_PCOS,_T,201706,2012-Q3,0.22,A,0,1,
OECD.SDD.STES:DSD_STES_REVISIONS@DF_STES_REVISIONS(4.0),EA19,Q,ULC,PT_PCOS,_T,201810,2012-Q3,0.22,A,0,1,
OECD.SDD.STES:DSD_STES_REVISIONS@DF_STES_REVISIONS(4.0),EA19,Q,ULC,PT_PCOS,_T,201705,2012-Q3,0.22,A,0,1,
OECD.SDD.STES:DSD_STES_REVISIONS@DF_STES_REVISIONS(4.0),EA19,Q,ULC,PT_PCOS,_T,202210,2016-Q3,0.22,A,0,1,
OECD.SDD.STES:DSD_STES_REVISIONS@DF_STES_REVISIONS(4.0),EA19,Q,ULC,PT_PCOS,_T,202301,2016-Q3,0.22,A,0,1,
OECD.SDD.STES:DSD_STES_REVISIONS@DF_STES_REVISIONS(4.0),EA19,Q,ULC,PT_PCOS,_T,202302,2016-Q3,0.22,A,0,1,
OECD.SDD.STES:DSD_STES_REVISIONS@DF_STES_REVISIONS(4.0),EA19,Q,ULC,PT_PCOS,_T,202303,2016-Q3,0.22,A,0,1,
OECD.SDD.STES:DSD_STES_REVISIONS@DF_STES_REVISIONS(4.0),EA19,Q,ULC,PT_PCOS,_T,201802,2016-Q4,0.22,A,0,1,
OECD.SDD.STES:DSD_STES_REVISIONS@DF_STES_REVISIONS(4.0),EA19,Q,ULC,PT_PCOS,_T,201801,2016-Q4,0.22,A,0,1,
OECD.SDD.STES:DSD_STES_REVISIONS@DF_STES_REVISIONS(4.0),EA19,Q,ULC,PT_PCOS,_T,201805,2016-Q4,0.22,A,0,1,
OECD.SDD.STES:DSD_STES_REVISIONS@DF_STES_REVISIONS(4.0),EA19,Q,ULC,PT_PCOS,_T,201803,2016-Q4,0.22,A,0,1,
OECD.SDD.STES:DSD_STES_REVISIONS@DF_STES_REVISIONS(4.0),EA19,Q,ULC,PT_PCOS,_T,202006,2017-Q1,0.22,A,0,1,
OECD.SDD.STES:DSD_STES_REVISIONS@DF_STES_REVISIONS(4.0),EA19,Q,ULC,PT_PCOS,_T,202005,2017-Q1,0.22,A,0,1,
OECD.SDD.STES:DSD_STES_REVISIONS@DF_STES_REVISIONS(4.0),EA19,Q,ULC,PT_PCOS,_T,202107,2017-Q4,0.22,A,0,1,
OECD.SDD.STES:DSD_STES_REVISIONS@DF_STES_REVISIONS(4.0),EA19,Q,ULC,PT_PCOS,_T,202111,2019-Q1,0.22,A,0,1,
OECD.SDD.STES:DSD_STES_REVISIONS@DF_STES_REVISIONS(4.0),EA19,Q,ULC,PT_PCOS,_T,202112,2019-Q1,0.22,A,0,1,
OECD.SDD.STES:DSD_STES_REVISIONS@DF_STES_REVISIONS(4.0),EA19,Q,ULC,PT_PCOS,_T,202203,2019-Q1,0.22,A,0,1,
OECD.SDD.STES:DSD_STES_REVISIONS@DF_STES_REVISIONS(4.0),EA19,Q,ULC,PT_PCOS,_T,202102,2019-Q4,0.22,A,0,1,
OECD.SDD.STES:DSD_STES_REVISIONS@DF_STES_REVISIONS(4.0),EA19,Q,ULC,PT_PCOS,_T,202212,2012-Q3,0.21,A,0,1,
OECD.SDD.STES:DSD_STES_REVISIONS@DF_STES_REVISIONS(4.0),EA19,Q,ULC,PT_PCOS,_T,201603,2012-Q3,0.21,A,0,1,
OECD.SDD.STES:DSD_STES_REVISIONS@DF_STES_REVISIONS(4.0),EA19,Q,ULC,PT_PCOS,_T,202211,2012-Q3,0.21,A,0,1,
OECD.SDD.STES:DSD_STES_REVISIONS@DF_STES_REVISIONS(4.0),EA19,Q,ULC,PT_PCOS,_T,202010,2012-Q3,0.21,A,0,1,
OECD.SDD.STES:DSD_STES_REVISIONS@DF_STES_REVISIONS(4.0),EA19,Q,ULC,PT_PCOS,_T,202004,2012-Q3,0.21,A,0,1,
OECD.SDD.STES:DSD_STES_REVISIONS@DF_STES_REVISIONS(4.0),EA19,Q,ULC,PT_PCOS,_T,201610,2012-Q3,0.21,A,0,1,
OECD.SDD.STES:DSD_STES_REVISIONS@DF_STES_REVISIONS(4.0),EA19,Q,ULC,PT_PCOS,_T,201609,2012-Q3,0.21,A,0,1,
OECD.SDD.STES:DSD_STES_REVISIONS@DF_STES_REVISIONS(4.0),EA19,Q,ULC,PT_PCOS,_T,201602,2012-Q3,0.21,A,0,1,
OECD.SDD.STES:DSD_STES_REVISIONS@DF_STES_REVISIONS(4.0),EA19,Q,ULC,PT_PCOS,_T,201904,2012-Q3,0.21,A,0,1,
OECD.SDD.STES:DSD_STES_REVISIONS@DF_STES_REVISIONS(4.0),EA19,Q,ULC,PT_PCOS,_T,202209,2012-Q3,0.21,A,0,1,
OECD.SDD.STES:DSD_STES_REVISIONS@DF_STES_REVISIONS(4.0),EA19,Q,ULC,PT_PCOS,_T,202011,2012-Q3,0.21,A,0,1,
OECD.SDD.STES:DSD_STES_REVISIONS@DF_STES_REVISIONS(4.0),EA19,Q,ULC,PT_PCOS,_T,202301,2012-Q3,0.21,A,0,1,
OECD.SDD.STES:DSD_STES_REVISIONS@DF_STES_REVISIONS(4.0),EA19,Q,ULC,PT_PCOS,_T,202302,2012-Q3,0.21,A,0,1,
OECD.SDD.STES:DSD_STES_REVISIONS@DF_STES_REVISIONS(4.0),EA19,Q,ULC,PT_PCOS,_T,201607,2012-Q3,0.21,A,0,1,
OECD.SDD.STES:DSD_STES_REVISIONS@DF_STES_REVISIONS(4.0),EA19,Q,ULC,PT_PCOS,_T,202303,2012-Q3,0.21,A,0,1,
OECD.SDD.STES:DSD_STES_REVISIONS@DF_STES_REVISIONS(4.0),EA19,Q,ULC,PT_PCOS,_T,201701,2012-Q3,0.21,A,0,1,
OECD.SDD.STES:DSD_STES_REVISIONS@DF_STES_REVISIONS(4.0),EA19,Q,ULC,PT_PCOS,_T,201903,2012-Q3,0.21,A,0,1,
OECD.SDD.STES:DSD_STES_REVISIONS@DF_STES_REVISIONS(4.0),EA19,Q,ULC,PT_PCOS,_T,201608,2012-Q3,0.21,A,0,1,
OECD.SDD.STES:DSD_STES_REVISIONS@DF_STES_REVISIONS(4.0),EA19,Q,ULC,PT_PCOS,_T,201601,2012-Q3,0.21,A,0,1,
OECD.SDD.STES:DSD_STES_REVISIONS@DF_STES_REVISIONS(4.0),EA19,Q,ULC,PT_PCOS,_T,202208,2012-Q3,0.21,A,0,1,
OECD.SDD.STES:DSD_STES_REVISIONS@DF_STES_REVISIONS(4.0),EA19,Q,ULC,PT_PCOS,_T,202012,2012-Q3,0.21,A,0,1,
OECD.SDD.STES:DSD_STES_REVISIONS@DF_STES_REVISIONS(4.0),EA19,Q,ULC,PT_PCOS,_T,202107,2012-Q3,0.21,A,0,1,
OECD.SDD.STES:DSD_STES_REVISIONS@DF_STES_REVISIONS(4.0),EA19,Q,ULC,PT_PCOS,_T,201505,2012-Q4,0.21,A,0,1,
OECD.SDD.STES:DSD_STES_REVISIONS@DF_STES_REVISIONS(4.0),EA19,Q,ULC,PT_PCOS,_T,201506,2012-Q4,0.21,A,0,1,
OECD.SDD.STES:DSD_STES_REVISIONS@DF_STES_REVISIONS(4.0),EA19,Q,ULC,PT_PCOS,_T,201504,2012-Q4,0.21,A,0,1,
OECD.SDD.STES:DSD_STES_REVISIONS@DF_STES_REVISIONS(4.0),EA19,Q,ULC,PT_PCOS,_T,201707,2016-Q1,0.21,A,0,1,
OECD.SDD.STES:DSD_STES_REVISIONS@DF_STES_REVISIONS(4.0),EA19,Q,ULC,PT_PCOS,_T,201805,2016-Q2,0.21,A,0,1,
OECD.SDD.STES:DSD_STES_REVISIONS@DF_STES_REVISIONS(4.0),EA19,Q,ULC,PT_PCOS,_T,202209,2016-Q3,0.21,A,0,1,
OECD.SDD.STES:DSD_STES_REVISIONS@DF_STES_REVISIONS(4.0),EA19,Q,ULC,PT_PCOS,_T,201706,2016-Q3,0.21,A,0,1,
OECD.SDD.STES:DSD_STES_REVISIONS@DF_STES_REVISIONS(4.0),EA19,Q,ULC,PT_PCOS,_T,201705,2016-Q3,0.21,A,0,1,
OECD.SDD.STES:DSD_STES_REVISIONS@DF_STES_REVISIONS(4.0),EA19,Q,ULC,PT_PCOS,_T,202209,2017-Q1,0.21,A,0,1,
OECD.SDD.STES:DSD_STES_REVISIONS@DF_STES_REVISIONS(4.0),EA19,Q,ULC,PT_PCOS,_T,202208,2017-Q1,0.21,A,0,1,
OECD.SDD.STES:DSD_STES_REVISIONS@DF_STES_REVISIONS(4.0),EA19,Q,ULC,PT_PCOS,_T,201804,2017-Q1,0.21,A,0,1,
OECD.SDD.STES:DSD_STES_REVISIONS@DF_STES_REVISIONS(4.0),EA19,Q,ULC,PT_PCOS,_T,202109,2017-Q4,0.21,A,0,1,
OECD.SDD.STES:DSD_STES_REVISIONS@DF_STES_REVISIONS(4.0),EA19,Q,ULC,PT_PCOS,_T,202102,2017-Q4,0.21,A,0,1,
OECD.SDD.STES:DSD_STES_REVISIONS@DF_STES_REVISIONS(4.0),EA19,Q,ULC,PT_PCOS,_T,202101,2017-Q4,0.21,A,0,1,
OECD.SDD.STES:DSD_STES_REVISIONS@DF_STES_REVISIONS(4.0),EA19,Q,ULC,PT_PCOS,_T,202103,2017-Q4,0.21,A,0,1,
OECD.SDD.STES:DSD_STES_REVISIONS@DF_STES_REVISIONS(4.0),EA19,Q,ULC,PT_PCOS,_T,202108,2017-Q4,0.21,A,0,1,
OECD.SDD.STES:DSD_STES_REVISIONS@DF_STES_REVISIONS(4.0),EA19,Q,ULC,PT_PCOS,_T,202201,2019-Q1,0.21,A,0,1,
OECD.SDD.STES:DSD_STES_REVISIONS@DF_STES_REVISIONS(4.0),EA19,Q,ULC,PT_PCOS,_T,202102,2019-Q1,0.21,A,0,1,
OECD.SDD.STES:DSD_STES_REVISIONS@DF_STES_REVISIONS(4.0),EA19,Q,ULC,PT_PCOS,_T,202202,2019-Q1,0.21,A,0,1,
OECD.SDD.STES:DSD_STES_REVISIONS@DF_STES_REVISIONS(4.0),EA19,Q,ULC,PT_PCOS,_T,202101,2019-Q1,0.21,A,0,1,
OECD.SDD.STES:DSD_STES_REVISIONS@DF_STES_REVISIONS(4.0),EA19,Q,ULC,PT_PCOS,_T,202103,2019-Q1,0.21,A,0,1,
OECD.SDD.STES:DSD_STES_REVISIONS@DF_STES_REVISIONS(4.0),EA19,Q,ULC,PT_PCOS,_T,202204,2012-Q3,0.24,A,0,1,
OECD.SDD.STES:DSD_STES_REVISIONS@DF_STES_REVISIONS(4.0),EA19,Q,ULC,PT_PCOS,_T,202109,2012-Q3,0.24,A,0,1,
OECD.SDD.STES:DSD_STES_REVISIONS@DF_STES_REVISIONS(4.0),EA19,Q,ULC,PT_PCOS,_T,202201,2012-Q3,0.24,A,0,1,
OECD.SDD.STES:DSD_STES_REVISIONS@DF_STES_REVISIONS(4.0),EA19,Q,ULC,PT_PCOS,_T,202202,2012-Q3,0.24,A,0,1,
OECD.SDD.STES:DSD_STES_REVISIONS@DF_STES_REVISIONS(4.0),EA19,Q,ULC,PT_PCOS,_T,201710,2012-Q3,0.24,A,0,1,
OECD.SDD.STES:DSD_STES_REVISIONS@DF_STES_REVISIONS(4.0),EA19,Q,ULC,PT_PCOS,_T,202206,2012-Q3,0.24,A,0,1,
OECD.SDD.STES:DSD_STES_REVISIONS@DF_STES_REVISIONS(4.0),EA19,Q,ULC,PT_PCOS,_T,202110,2012-Q3,0.24,A,0,1,
OECD.SDD.STES:DSD_STES_REVISIONS@DF_STES_REVISIONS(4.0),EA19,Q,ULC,PT_PCOS,_T,202108,2012-Q3,0.24,A,0,1,
OECD.SDD.STES:DSD_STES_REVISIONS@DF_STES_REVISIONS(4.0),EA19,Q,ULC,PT_PCOS,_T,202205,2012-Q3,0.24,A,0,1,
OECD.SDD.STES:DSD_STES_REVISIONS@DF_STES_REVISIONS(4.0),EA19,Q,ULC,PT_PCOS,_T,202111,2012-Q3,0.24,A,0,1,
OECD.SDD.STES:DSD_STES_REVISIONS@DF_STES_REVISIONS(4.0),EA19,Q,ULC,PT_PCOS,_T,202112,2012-Q3,0.24,A,0,1,
OECD.SDD.STES:DSD_STES_REVISIONS@DF_STES_REVISIONS(4.0),EA19,Q,ULC,PT_PCOS,_T,202203,2012-Q3,0.24,A,0,1,
OECD.SDD.STES:DSD_STES_REVISIONS@DF_STES_REVISIONS(4.0),EA19,Q,ULC,PT_PCOS,_T,201804,2015-Q4,0.24,A,0,1,
OECD.SDD.STES:DSD_STES_REVISIONS@DF_STES_REVISIONS(4.0),EA19,Q,ULC,PT_PCOS,_T,201705,2015-Q4,0.24,A,0,1,
OECD.SDD.STES:DSD_STES_REVISIONS@DF_STES_REVISIONS(4.0),EA19,Q,ULC,PT_PCOS,_T,201807,2016-Q2,0.24,A,0,1,
OECD.SDD.STES:DSD_STES_REVISIONS@DF_STES_REVISIONS(4.0),EA19,Q,ULC,PT_PCOS,_T,201610,2016-Q2,0.24,A,0,1,
OECD.SDD.STES:DSD_STES_REVISIONS@DF_STES_REVISIONS(4.0),EA19,Q,ULC,PT_PCOS,_T,201710,2016-Q2,0.24,A,0,1,
OECD.SDD.STES:DSD_STES_REVISIONS@DF_STES_REVISIONS(4.0),EA19,Q,ULC,PT_PCOS,_T,201612,2016-Q2,0.24,A,0,1,
OECD.SDD.STES:DSD_STES_REVISIONS@DF_STES_REVISIONS(4.0),EA19,Q,ULC,PT_PCOS,_T,201611,2016-Q2,0.24,A,0,1,
OECD.SDD.STES:DSD_STES_REVISIONS@DF_STES_REVISIONS(4.0),EA19,Q,ULC,PT_PCOS,_T,201703,2016-Q3,0.24,A,0,1,
OECD.SDD.STES:DSD_STES_REVISIONS@DF_STES_REVISIONS(4.0),EA19,Q,ULC,PT_PCOS,_T,202212,2016-Q3,0.24,A,0,1,
OECD.SDD.STES:DSD_STES_REVISIONS@DF_STES_REVISIONS(4.0),EA19,Q,ULC,PT_PCOS,_T,202211,2016-Q3,0.24,A,0,1,
OECD.SDD.STES:DSD_STES_REVISIONS@DF_STES_REVISIONS(4.0),EA19,Q,ULC,PT_PCOS,_T,202207,2016-Q3,0.24,A,0,1,
OECD.SDD.STES:DSD_STES_REVISIONS@DF_STES_REVISIONS(4.0),EA19,Q,ULC,PT_PCOS,_T,201702,2016-Q3,0.24,A,0,1,
OECD.SDD.STES:DSD_STES_REVISIONS@DF_STES_REVISIONS(4.0),EA19,Q,ULC,PT_PCOS,_T,201710,2016-Q4,0.24,A,0,1,
OECD.SDD.STES:DSD_STES_REVISIONS@DF_STES_REVISIONS(4.0),EA19,Q,ULC,PT_PCOS,_T,202212,2017-Q1,0.24,A,0,1,
OECD.SDD.STES:DSD_STES_REVISIONS@DF_STES_REVISIONS(4.0),EA19,Q,ULC,PT_PCOS,_T,202211,2017-Q1,0.24,A,0,1,
OECD.SDD.STES:DSD_STES_REVISIONS@DF_STES_REVISIONS(4.0),EA19,Q,ULC,PT_PCOS,_T,202109,2017-Q1,0.24,A,0,1,
OECD.SDD.STES:DSD_STES_REVISIONS@DF_STES_REVISIONS(4.0),EA19,Q,ULC,PT_PCOS,_T,201807,2017-Q4,0.24,A,0,1,
OECD.SDD.STES:DSD_STES_REVISIONS@DF_STES_REVISIONS(4.0),EA19,Q,ULC,PT_PCOS,_T,202010,2017-Q4,0.24,A,0,1,
OECD.SDD.STES:DSD_STES_REVISIONS@DF_STES_REVISIONS(4.0),EA19,Q,ULC,PT_PCOS,_T,202111,2017-Q4,0.24,A,0,1,
OECD.SDD.STES:DSD_STES_REVISIONS@DF_STES_REVISIONS(4.0),EA19,Q,ULC,PT_PCOS,_T,201805,2017-Q4,0.24,A,0,1,
OECD.SDD.STES:DSD_STES_REVISIONS@DF_STES_REVISIONS(4.0),EA19,Q,ULC,PT_PCOS,_T,202112,2017-Q4,0.24,A,0,1,
OECD.SDD.STES:DSD_STES_REVISIONS@DF_STES_REVISIONS(4.0),EA19,Q,ULC,PT_PCOS,_T,202204,2018-Q4,0.24,A,0,1,
OECD.SDD.STES:DSD_STES_REVISIONS@DF_STES_REVISIONS(4.0),EA19,Q,ULC,PT_PCOS,_T,202102,2018-Q4,0.24,A,0,1,
OECD.SDD.STES:DSD_STES_REVISIONS@DF_STES_REVISIONS(4.0),EA19,Q,ULC,PT_PCOS,_T,202101,2018-Q4,0.24,A,0,1,
OECD.SDD.STES:DSD_STES_REVISIONS@DF_STES_REVISIONS(4.0),EA19,Q,ULC,PT_PCOS,_T,202206,2018-Q4,0.24,A,0,1,
OECD.SDD.STES:DSD_STES_REVISIONS@DF_STES_REVISIONS(4.0),EA19,Q,ULC,PT_PCOS,_T,202103,2018-Q4,0.24,A,0,1,
OECD.SDD.STES:DSD_STES_REVISIONS@DF_STES_REVISIONS(4.0),EA19,Q,ULC,PT_PCOS,_T,202205,2018-Q4,0.24,A,0,1,
OECD.SDD.STES:DSD_STES_REVISIONS@DF_STES_REVISIONS(4.0),EA19,Q,ULC,PT_PCOS,_T,202204,2019-Q1,0.24,A,0,1,
OECD.SDD.STES:DSD_STES_REVISIONS@DF_STES_REVISIONS(4.0),EA19,Q,ULC,PT_PCOS,_T,202206,2019-Q1,0.24,A,0,1,
OECD.SDD.STES:DSD_STES_REVISIONS@DF_STES_REVISIONS(4.0),EA19,Q,ULC,PT_PCOS,_T,202207,2019-Q1,0.24,A,0,1,
OECD.SDD.STES:DSD_STES_REVISIONS@DF_STES_REVISIONS(4.0),EA19,Q,ULC,PT_PCOS,_T,202205,2019-Q1,0.24,A,0,1,
OECD.SDD.STES:DSD_STES_REVISIONS@DF_STES_REVISIONS(4.0),EA19,Q,ULC,PT_PCOS,_T,202208,2019-Q1,0.24,A,0,1,
OECD.SDD.STES:DSD_STES_REVISIONS@DF_STES_REVISIONS(4.0),EA19,Q,ULC,PT_PCOS,_T,201807,2009-Q2,0.08,A,0,1,
OECD.SDD.STES:DSD_STES_REVISIONS@DF_STES_REVISIONS(4.0),EA19,Q,ULC,PT_PCOS,_T,201802,2009-Q2,0.08,A,0,1,
OECD.SDD.STES:DSD_STES_REVISIONS@DF_STES_REVISIONS(4.0),EA19,Q,ULC,PT_PCOS,_T,201806,2009-Q2,0.08,A,0,1,
OECD.SDD.STES:DSD_STES_REVISIONS@DF_STES_REVISIONS(4.0),EA19,Q,ULC,PT_PCOS,_T,201801,2009-Q2,0.08,A,0,1,
OECD.SDD.STES:DSD_STES_REVISIONS@DF_STES_REVISIONS(4.0),EA19,Q,ULC,PT_PCOS,_T,201803,2009-Q2,0.08,A,0,1,
OECD.SDD.STES:DSD_STES_REVISIONS@DF_STES_REVISIONS(4.0),EA19,Q,ULC,PT_PCOS,_T,201712,2009-Q2,0.08,A,0,1,
OECD.SDD.STES:DSD_STES_REVISIONS@DF_STES_REVISIONS(4.0),EA19,Q,ULC,PT_PCOS,_T,201606,2009-Q3,0.08,A,0,1,
OECD.SDD.STES:DSD_STES_REVISIONS@DF_STES_REVISIONS(4.0),EA19,Q,ULC,PT_PCOS,_T,201603,2009-Q3,0.08,A,0,1,
OECD.SDD.STES:DSD_STES_REVISIONS@DF_STES_REVISIONS(4.0),EA19,Q,ULC,PT_PCOS,_T,201507,2009-Q3,0.08,A,0,1,
OECD.SDD.STES:DSD_STES_REVISIONS@DF_STES_REVISIONS(4.0),EA19,Q,ULC,PT_PCOS,_T,201602,2009-Q3,0.08,A,0,1,
OECD.SDD.STES:DSD_STES_REVISIONS@DF_STES_REVISIONS(4.0),EA19,Q,ULC,PT_PCOS,_T,201509,2009-Q3,0.08,A,0,1,
OECD.SDD.STES:DSD_STES_REVISIONS@DF_STES_REVISIONS(4.0),EA19,Q,ULC,PT_PCOS,_T,201605,2009-Q3,0.08,A,0,1,
OECD.SDD.STES:DSD_STES_REVISIONS@DF_STES_REVISIONS(4.0),EA19,Q,ULC,PT_PCOS,_T,201604,2009-Q3,0.08,A,0,1,
OECD.SDD.STES:DSD_STES_REVISIONS@DF_STES_REVISIONS(4.0),EA19,Q,ULC,PT_PCOS,_T,201806,2009-Q3,0.08,A,0,1,
OECD.SDD.STES:DSD_STES_REVISIONS@DF_STES_REVISIONS(4.0),EA19,Q,ULC,PT_PCOS,_T,201805,2009-Q3,0.08,A,0,1,
OECD.SDD.STES:DSD_STES_REVISIONS@DF_STES_REVISIONS(4.0),EA19,Q,ULC,PT_PCOS,_T,201508,2009-Q3,0.08,A,0,1,
OECD.SDD.STES:DSD_STES_REVISIONS@DF_STES_REVISIONS(4.0),EA19,Q,ULC,PT_PCOS,_T,201601,2009-Q3,0.08,A,0,1,
OECD.SDD.STES:DSD_STES_REVISIONS@DF_STES_REVISIONS(4.0),EA19,Q,ULC,PT_PCOS,_T,201804,2009-Q3,0.08,A,0,1,
OECD.SDD.STES:DSD_STES_REVISIONS@DF_STES_REVISIONS(4.0),EA19,Q,ULC,PT_PCOS,_T,201703,2011-Q3,0.08,A,0,1,
OECD.SDD.STES:DSD_STES_REVISIONS@DF_STES_REVISIONS(4.0),EA19,Q,ULC,PT_PCOS,_T,201902,2011-Q3,0.08,A,0,1,
OECD.SDD.STES:DSD_STES_REVISIONS@DF_STES_REVISIONS(4.0),EA19,Q,ULC,PT_PCOS,_T,201610,2011-Q3,0.08,A,0,1,
OECD.SDD.STES:DSD_STES_REVISIONS@DF_STES_REVISIONS(4.0),EA19,Q,ULC,PT_PCOS,_T,201907,2011-Q3,0.08,A,0,1,
OECD.SDD.STES:DSD_STES_REVISIONS@DF_STES_REVISIONS(4.0),EA19,Q,ULC,PT_PCOS,_T,201702,2011-Q3,0.08,A,0,1,
OECD.SDD.STES:DSD_STES_REVISIONS@DF_STES_REVISIONS(4.0),EA19,Q,ULC,PT_PCOS,_T,201707,2011-Q3,0.08,A,0,1,
OECD.SDD.STES:DSD_STES_REVISIONS@DF_STES_REVISIONS(4.0),EA19,Q,ULC,PT_PCOS,_T,201706,2011-Q3,0.08,A,0,1,
OECD.SDD.STES:DSD_STES_REVISIONS@DF_STES_REVISIONS(4.0),EA19,Q,ULC,PT_PCOS,_T,201701,2011-Q3,0.08,A,0,1,
OECD.SDD.STES:DSD_STES_REVISIONS@DF_STES_REVISIONS(4.0),EA19,Q,ULC,PT_PCOS,_T,201705,2011-Q3,0.08,A,0,1,
OECD.SDD.STES:DSD_STES_REVISIONS@DF_STES_REVISIONS(4.0),EA19,Q,ULC,PT_PCOS,_T,202109,2016-Q1,0.08,A,0,1,
OECD.SDD.STES:DSD_STES_REVISIONS@DF_STES_REVISIONS(4.0),EA19,Q,ULC,PT_PCOS,_T,202210,2016-Q1,0.08,A,0,1,
OECD.SDD.STES:DSD_STES_REVISIONS@DF_STES_REVISIONS(4.0),EA19,Q,ULC,PT_PCOS,_T,202108,2016-Q1,0.08,A,0,1,
OECD.SDD.STES:DSD_STES_REVISIONS@DF_STES_REVISIONS(4.0),EA19,Q,ULC,PT_PCOS,_T,201910,2016-Q1,0.08,A,0,1,
OECD.SDD.STES:DSD_STES_REVISIONS@DF_STES_REVISIONS(4.0),EA19,Q,ULC,PT_PCOS,_T,202212,2016-Q4,0.08,A,0,1,
OECD.SDD.STES:DSD_STES_REVISIONS@DF_STES_REVISIONS(4.0),EA19,Q,ULC,PT_PCOS,_T,202204,2016-Q4,0.08,A,0,1,
OECD.SDD.STES:DSD_STES_REVISIONS@DF_STES_REVISIONS(4.0),EA19,Q,ULC,PT_PCOS,_T,202211,2016-Q4,0.08,A,0,1,
OECD.SDD.STES:DSD_STES_REVISIONS@DF_STES_REVISIONS(4.0),EA19,Q,ULC,PT_PCOS,_T,202010,2016-Q4,0.08,A,0,1,
OECD.SDD.STES:DSD_STES_REVISIONS@DF_STES_REVISIONS(4.0),EA19,Q,ULC,PT_PCOS,_T,202210,2016-Q4,0.08,A,0,1,
OECD.SDD.STES:DSD_STES_REVISIONS@DF_STES_REVISIONS(4.0),EA19,Q,ULC,PT_PCOS,_T,202206,2016-Q4,0.08,A,0,1,
OECD.SDD.STES:DSD_STES_REVISIONS@DF_STES_REVISIONS(4.0),EA19,Q,ULC,PT_PCOS,_T,202301,2016-Q4,0.08,A,0,1,
OECD.SDD.STES:DSD_STES_REVISIONS@DF_STES_REVISIONS(4.0),EA19,Q,ULC,PT_PCOS,_T,202302,2016-Q4,0.08,A,0,1,
OECD.SDD.STES:DSD_STES_REVISIONS@DF_STES_REVISIONS(4.0),EA19,Q,ULC,PT_PCOS,_T,202205,2016-Q4,0.08,A,0,1,
OECD.SDD.STES:DSD_STES_REVISIONS@DF_STES_REVISIONS(4.0),EA19,Q,ULC,PT_PCOS,_T,202303,2016-Q4,0.08,A,0,1,
OECD.SDD.STES:DSD_STES_REVISIONS@DF_STES_REVISIONS(4.0),EA19,Q,ULC,PT_PCOS,_T,202007,2016-Q4,0.08,A,0,1,
OECD.SDD.STES:DSD_STES_REVISIONS@DF_STES_REVISIONS(4.0),EA19,Q,ULC,PT_PCOS,_T,202009,2016-Q4,0.08,A,0,1,
OECD.SDD.STES:DSD_STES_REVISIONS@DF_STES_REVISIONS(4.0),EA19,Q,ULC,PT_PCOS,_T,202008,2016-Q4,0.08,A,0,1,
OECD.SDD.STES:DSD_STES_REVISIONS@DF_STES_REVISIONS(4.0),EA19,Q,ULC,PT_PCOS,_T,201905,2017-Q2,0.08,A,0,1,
OECD.SDD.STES:DSD_STES_REVISIONS@DF_STES_REVISIONS(4.0),EA19,Q,ULC,PT_PCOS,_T,201902,2017-Q2,0.08,A,0,1,
OECD.SDD.STES:DSD_STES_REVISIONS@DF_STES_REVISIONS(4.0),EA19,Q,ULC,PT_PCOS,_T,201812,2017-Q2,0.08,A,0,1,
OECD.SDD.STES:DSD_STES_REVISIONS@DF_STES_REVISIONS(4.0),EA19,Q,ULC,PT_PCOS,_T,202102,2017-Q2,0.08,A,0,1,
OECD.SDD.STES:DSD_STES_REVISIONS@DF_STES_REVISIONS(4.0),EA19,Q,ULC,PT_PCOS,_T,202101,2017-Q2,0.08,A,0,1,
OECD.SDD.STES:DSD_STES_REVISIONS@DF_STES_REVISIONS(4.0),EA19,Q,ULC,PT_PCOS,_T,201901,2017-Q2,0.08,A,0,1,
OECD.SDD.STES:DSD_STES_REVISIONS@DF_STES_REVISIONS(4.0),EA19,Q,ULC,PT_PCOS,_T,202103,2017-Q2,0.08,A,0,1,
OECD.SDD.STES:DSD_STES_REVISIONS@DF_STES_REVISIONS(4.0),EA19,Q,ULC,PT_PCOS,_T,201811,2017-Q2,0.08,A,0,1,
OECD.SDD.STES:DSD_STES_REVISIONS@DF_STES_REVISIONS(4.0),EA19,Q,ULC,PT_PCOS,_T,201906,2017-Q2,0.08,A,0,1,
OECD.SDD.STES:DSD_STES_REVISIONS@DF_STES_REVISIONS(4.0),EA19,Q,ULC,PT_PCOS,_T,202105,2017-Q3,0.08,A,0,1,
OECD.SDD.STES:DSD_STES_REVISIONS@DF_STES_REVISIONS(4.0),EA19,Q,ULC,PT_PCOS,_T,202106,2017-Q3,0.08,A,0,1,
OECD.SDD.STES:DSD_STES_REVISIONS@DF_STES_REVISIONS(4.0),EA19,Q,ULC,PT_PCOS,_T,202009,2017-Q3,0.08,A,0,1,
OECD.SDD.STES:DSD_STES_REVISIONS@DF_STES_REVISIONS(4.0),EA19,Q,ULC,PT_PCOS,_T,202008,2017-Q3,0.08,A,0,1,
OECD.SDD.STES:DSD_STES_REVISIONS@DF_STES_REVISIONS(4.0),EA19,Q,ULC,PT_PCOS,_T,201507,2010-Q4,0.2,A,0,1,
OECD.SDD.STES:DSD_STES_REVISIONS@DF_STES_REVISIONS(4.0),EA19,Q,ULC,PT_PCOS,_T,201509,2010-Q4,0.2,A,0,1,
OECD.SDD.STES:DSD_STES_REVISIONS@DF_STES_REVISIONS(4.0),EA19,Q,ULC,PT_PCOS,_T,201505,2010-Q4,0.2,A,0,1,
OECD.SDD.STES:DSD_STES_REVISIONS@DF_STES_REVISIONS(4.0),EA19,Q,ULC,PT_PCOS,_T,201506,2010-Q4,0.2,A,0,1,
OECD.SDD.STES:DSD_STES_REVISIONS@DF_STES_REVISIONS(4.0),EA19,Q,ULC,PT_PCOS,_T,201504,2010-Q4,0.2,A,0,1,
OECD.SDD.STES:DSD_STES_REVISIONS@DF_STES_REVISIONS(4.0),EA19,Q,ULC,PT_PCOS,_T,201508,2010-Q4,0.2,A,0,1,
OECD.SDD.STES:DSD_STES_REVISIONS@DF_STES_REVISIONS(4.0),EA19,Q,ULC,PT_PCOS,_T,201908,2012-Q3,0.2,A,0,1,
OECD.SDD.STES:DSD_STES_REVISIONS@DF_STES_REVISIONS(4.0),EA19,Q,ULC,PT_PCOS,_T,201503,2012-Q3,0.2,A,0,1,
OECD.SDD.STES:DSD_STES_REVISIONS@DF_STES_REVISIONS(4.0),EA19,Q,ULC,PT_PCOS,_T,201912,2012-Q3,0.2,A,0,1,
OECD.SDD.STES:DSD_STES_REVISIONS@DF_STES_REVISIONS(4.0),EA19,Q,ULC,PT_PCOS,_T,201909,2012-Q3,0.2,A,0,1,
OECD.SDD.STES:DSD_STES_REVISIONS@DF_STES_REVISIONS(4.0),EA19,Q,ULC,PT_PCOS,_T,201907,2012-Q3,0.2,A,0,1,
OECD.SDD.STES:DSD_STES_REVISIONS@DF_STES_REVISIONS(4.0),EA19,Q,ULC,PT_PCOS,_T,201612,2012-Q3,0.2,A,0,1,
OECD.SDD.STES:DSD_STES_REVISIONS@DF_STES_REVISIONS(4.0),EA19,Q,ULC,PT_PCOS,_T,201911,2012-Q3,0.2,A,0,1,
OECD.SDD.STES:DSD_STES_REVISIONS@DF_STES_REVISIONS(4.0),EA19,Q,ULC,PT_PCOS,_T,201611,2012-Q3,0.2,A,0,1,
OECD.SDD.STES:DSD_STES_REVISIONS@DF_STES_REVISIONS(4.0),EA19,Q,ULC,PT_PCOS,_T,201502,2012-Q3,0.2,A,0,1,
OECD.SDD.STES:DSD_STES_REVISIONS@DF_STES_REVISIONS(4.0),EA19,Q,ULC,PT_PCOS,_T,201910,2012-Q3,0.2,A,0,1,
OECD.SDD.STES:DSD_STES_REVISIONS@DF_STES_REVISIONS(4.0),EA19,Q,ULC,PT_PCOS,_T,202009,2012-Q3,0.2,A,0,1,
OECD.SDD.STES:DSD_STES_REVISIONS@DF_STES_REVISIONS(4.0),EA19,Q,ULC,PT_PCOS,_T,202008,2012-Q3,0.2,A,0,1,
OECD.SDD.STES:DSD_STES_REVISIONS@DF_STES_REVISIONS(4.0),EA19,Q,ULC,PT_PCOS,_T,201708,2016-Q1,0.2,A,0,1,
OECD.SDD.STES:DSD_STES_REVISIONS@DF_STES_REVISIONS(4.0),EA19,Q,ULC,PT_PCOS,_T,201709,2016-Q1,0.2,A,0,1,
OECD.SDD.STES:DSD_STES_REVISIONS@DF_STES_REVISIONS(4.0),EA19,Q,ULC,PT_PCOS,_T,201804,2016-Q4,0.2,A,0,1,
OECD.SDD.STES:DSD_STES_REVISIONS@DF_STES_REVISIONS(4.0),EA19,Q,ULC,PT_PCOS,_T,201902,2017-Q1,0.2,A,0,1,
OECD.SDD.STES:DSD_STES_REVISIONS@DF_STES_REVISIONS(4.0),EA19,Q,ULC,PT_PCOS,_T,202204,2017-Q1,0.2,A,0,1,
OECD.SDD.STES:DSD_STES_REVISIONS@DF_STES_REVISIONS(4.0),EA19,Q,ULC,PT_PCOS,_T,201809,2017-Q1,0.2,A,0,1,
OECD.SDD.STES:DSD_STES_REVISIONS@DF_STES_REVISIONS(4.0),EA19,Q,ULC,PT_PCOS,_T,202206,2017-Q1,0.2,A,0,1,
OECD.SDD.STES:DSD_STES_REVISIONS@DF_STES_REVISIONS(4.0),EA19,Q,ULC,PT_PCOS,_T,202205,2017-Q1,0.2,A,0,1,
OECD.SDD.STES:DSD_STES_REVISIONS@DF_STES_REVISIONS(4.0),EA19,Q,ULC,PT_PCOS,_T,202111,2017-Q1,0.2,A,0,1,
OECD.SDD.STES:DSD_STES_REVISIONS@DF_STES_REVISIONS(4.0),EA19,Q,ULC,PT_PCOS,_T,202112,2017-Q1,0.2,A,0,1,
OECD.SDD.STES:DSD_STES_REVISIONS@DF_STES_REVISIONS(4.0),EA19,Q,ULC,PT_PCOS,_T,202203,2017-Q1,0.2,A,0,1,
OECD.SDD.STES:DSD_STES_REVISIONS@DF_STES_REVISIONS(4.0),EA19,Q,ULC,PT_PCOS,_T,201808,2017-Q1,0.2,A,0,1,
OECD.SDD.STES:DSD_STES_REVISIONS@DF_STES_REVISIONS(4.0),EA19,Q,ULC,PT_PCOS,_T,202009,2017-Q1,0.2,A,0,1,
OECD.SDD.STES:DSD_STES_REVISIONS@DF_STES_REVISIONS(4.0),EA19,Q,ULC,PT_PCOS,_T,202008,2017-Q1,0.2,A,0,1,
OECD.SDD.STES:DSD_STES_REVISIONS@DF_STES_REVISIONS(4.0),EA19,Q,ULC,PT_PCOS,_T,202105,2017-Q4,0.2,A,0,1,
OECD.SDD.STES:DSD_STES_REVISIONS@DF_STES_REVISIONS(4.0),EA19,Q,ULC,PT_PCOS,_T,202106,2017-Q4,0.2,A,0,1,
OECD.SDD.STES:DSD_STES_REVISIONS@DF_STES_REVISIONS(4.0),EA19,Q,ULC,PT_PCOS,_T,202104,2017-Q4,0.2,A,0,1,
OECD.SDD.STES:DSD_STES_REVISIONS@DF_STES_REVISIONS(4.0),EA19,Q,ULC,PT_PCOS,_T,202109,2019-Q1,0.2,A,0,1,
OECD.SDD.STES:DSD_STES_REVISIONS@DF_STES_REVISIONS(4.0),EA19,Q,ULC,PT_PCOS,_T,201703,2011-Q2,0.7,A,0,1,
OECD.SDD.STES:DSD_STES_REVISIONS@DF_STES_REVISIONS(4.0),EA19,Q,ULC,PT_PCOS,_T,201507,2011-Q2,0.7,A,0,1,
OECD.SDD.STES:DSD_STES_REVISIONS@DF_STES_REVISIONS(4.0),EA19,Q,ULC,PT_PCOS,_T,201509,2011-Q2,0.7,A,0,1,
OECD.SDD.STES:DSD_STES_REVISIONS@DF_STES_REVISIONS(4.0),EA19,Q,ULC,PT_PCOS,_T,201802,2011-Q2,0.7,A,0,1,
OECD.SDD.STES:DSD_STES_REVISIONS@DF_STES_REVISIONS(4.0),EA19,Q,ULC,PT_PCOS,_T,201702,2011-Q2,0.7,A,0,1,
OECD.SDD.STES:DSD_STES_REVISIONS@DF_STES_REVISIONS(4.0),EA19,Q,ULC,PT_PCOS,_T,201801,2011-Q2,0.7,A,0,1,
OECD.SDD.STES:DSD_STES_REVISIONS@DF_STES_REVISIONS(4.0),EA19,Q,ULC,PT_PCOS,_T,201803,2011-Q2,0.7,A,0,1,
OECD.SDD.STES:DSD_STES_REVISIONS@DF_STES_REVISIONS(4.0),EA19,Q,ULC,PT_PCOS,_T,201701,2011-Q2,0.7,A,0,1,
OECD.SDD.STES:DSD_STES_REVISIONS@DF_STES_REVISIONS(4.0),EA19,Q,ULC,PT_PCOS,_T,201712,2011-Q2,0.7,A,0,1,
OECD.SDD.STES:DSD_STES_REVISIONS@DF_STES_REVISIONS(4.0),EA19,Q,ULC,PT_PCOS,_T,201508,2011-Q2,0.7,A,0,1,
OECD.SDD.STES:DSD_STES_REVISIONS@DF_STES_REVISIONS(4.0),EA19,Q,ULC,PT_PCOS,_T,201606,2011-Q4,0.7,A,0,1,
OECD.SDD.STES:DSD_STES_REVISIONS@DF_STES_REVISIONS(4.0),EA19,Q,ULC,PT_PCOS,_T,202003,2011-Q4,0.7,A,0,1,
OECD.SDD.STES:DSD_STES_REVISIONS@DF_STES_REVISIONS(4.0),EA19,Q,ULC,PT_PCOS,_T,201507,2011-Q4,0.7,A,0,1,
OECD.SDD.STES:DSD_STES_REVISIONS@DF_STES_REVISIONS(4.0),EA19,Q,ULC,PT_PCOS,_T,202004,2011-Q4,0.7,A,0,1,
OECD.SDD.STES:DSD_STES_REVISIONS@DF_STES_REVISIONS(4.0),EA19,Q,ULC,PT_PCOS,_T,201509,2011-Q4,0.7,A,0,1,
OECD.SDD.STES:DSD_STES_REVISIONS@DF_STES_REVISIONS(4.0),EA19,Q,ULC,PT_PCOS,_T,201605,2011-Q4,0.7,A,0,1,
OECD.SDD.STES:DSD_STES_REVISIONS@DF_STES_REVISIONS(4.0),EA19,Q,ULC,PT_PCOS,_T,202002,2011-Q4,0.7,A,0,1,
OECD.SDD.STES:DSD_STES_REVISIONS@DF_STES_REVISIONS(4.0),EA19,Q,ULC,PT_PCOS,_T,201711,2011-Q4,0.7,A,0,1,
OECD.SDD.STES:DSD_STES_REVISIONS@DF_STES_REVISIONS(4.0),EA19,Q,ULC,PT_PCOS,_T,201604,2011-Q4,0.7,A,0,1,
OECD.SDD.STES:DSD_STES_REVISIONS@DF_STES_REVISIONS(4.0),EA19,Q,ULC,PT_PCOS,_T,201508,2011-Q4,0.7,A,0,1,
OECD.SDD.STES:DSD_STES_REVISIONS@DF_STES_REVISIONS(4.0),EA19,Q,ULC,PT_PCOS,_T,202001,2011-Q4,0.7,A,0,1,
OECD.SDD.STES:DSD_STES_REVISIONS@DF_STES_REVISIONS(4.0),EA19,Q,ULC,PT_PCOS,_T,201902,2012-Q2,0.7,A,0,1,
OECD.SDD.STES:DSD_STES_REVISIONS@DF_STES_REVISIONS(4.0),EA19,Q,ULC,PT_PCOS,_T,201603,2012-Q2,0.7,A,0,1,
OECD.SDD.STES:DSD_STES_REVISIONS@DF_STES_REVISIONS(4.0),EA19,Q,ULC,PT_PCOS,_T,201812,2012-Q2,0.7,A,0,1,
OECD.SDD.STES:DSD_STES_REVISIONS@DF_STES_REVISIONS(4.0),EA19,Q,ULC,PT_PCOS,_T,201602,2012-Q2,0.7,A,0,1,
OECD.SDD.STES:DSD_STES_REVISIONS@DF_STES_REVISIONS(4.0),EA19,Q,ULC,PT_PCOS,_T,201612,2012-Q2,0.7,A,0,1,
OECD.SDD.STES:DSD_STES_REVISIONS@DF_STES_REVISIONS(4.0),EA19,Q,ULC,PT_PCOS,_T,201904,2012-Q2,0.7,A,0,1,
OECD.SDD.STES:DSD_STES_REVISIONS@DF_STES_REVISIONS(4.0),EA19,Q,ULC,PT_PCOS,_T,201901,2012-Q2,0.7,A,0,1,
OECD.SDD.STES:DSD_STES_REVISIONS@DF_STES_REVISIONS(4.0),EA19,Q,ULC,PT_PCOS,_T,201505,2012-Q2,0.7,A,0,1,
OECD.SDD.STES:DSD_STES_REVISIONS@DF_STES_REVISIONS(4.0),EA19,Q,ULC,PT_PCOS,_T,201611,2012-Q2,0.7,A,0,1,
OECD.SDD.STES:DSD_STES_REVISIONS@DF_STES_REVISIONS(4.0),EA19,Q,ULC,PT_PCOS,_T,201704,2012-Q2,0.7,A,0,1,
OECD.SDD.STES:DSD_STES_REVISIONS@DF_STES_REVISIONS(4.0),EA19,Q,ULC,PT_PCOS,_T,201506,2012-Q2,0.7,A,0,1,
OECD.SDD.STES:DSD_STES_REVISIONS@DF_STES_REVISIONS(4.0),EA19,Q,ULC,PT_PCOS,_T,201811,2012-Q2,0.7,A,0,1,
OECD.SDD.STES:DSD_STES_REVISIONS@DF_STES_REVISIONS(4.0),EA19,Q,ULC,PT_PCOS,_T,201504,2012-Q2,0.7,A,0,1,
OECD.SDD.STES:DSD_STES_REVISIONS@DF_STES_REVISIONS(4.0),EA19,Q,ULC,PT_PCOS,_T,201810,2012-Q2,0.7,A,0,1,
OECD.SDD.STES:DSD_STES_REVISIONS@DF_STES_REVISIONS(4.0),EA19,Q,ULC,PT_PCOS,_T,201903,2012-Q2,0.7,A,0,1,
OECD.SDD.STES:DSD_STES_REVISIONS@DF_STES_REVISIONS(4.0),EA19,Q,ULC,PT_PCOS,_T,201601,2012-Q2,0.7,A,0,1,
OECD.SDD.STES:DSD_STES_REVISIONS@DF_STES_REVISIONS(4.0),EA19,Q,ULC,PT_PCOS,_T,201503,2013-Q1,0.7,A,0,1,
OECD.SDD.STES:DSD_STES_REVISIONS@DF_STES_REVISIONS(4.0),EA19,Q,ULC,PT_PCOS,_T,201502,2013-Q1,0.7,A,0,1,
OECD.SDD.STES:DSD_STES_REVISIONS@DF_STES_REVISIONS(4.0),EA19,Q,ULC,PT_PCOS,_T,202204,2018-Q1,0.7,A,0,1,
OECD.SDD.STES:DSD_STES_REVISIONS@DF_STES_REVISIONS(4.0),EA19,Q,ULC,PT_PCOS,_T,202206,2018-Q1,0.7,A,0,1,
OECD.SDD.STES:DSD_STES_REVISIONS@DF_STES_REVISIONS(4.0),EA19,Q,ULC,PT_PCOS,_T,202207,2018-Q1,0.7,A,0,1,
OECD.SDD.STES:DSD_STES_REVISIONS@DF_STES_REVISIONS(4.0),EA19,Q,ULC,PT_PCOS,_T,202205,2018-Q1,0.7,A,0,1,
OECD.SDD.STES:DSD_STES_REVISIONS@DF_STES_REVISIONS(4.0),EA19,Q,ULC,PT_PCOS,_T,202111,2018-Q1,0.7,A,0,1,
OECD.SDD.STES:DSD_STES_REVISIONS@DF_STES_REVISIONS(4.0),EA19,Q,ULC,PT_PCOS,_T,202112,2018-Q1,0.7,A,0,1,
OECD.SDD.STES:DSD_STES_REVISIONS@DF_STES_REVISIONS(4.0),EA19,Q,ULC,PT_PCOS,_T,202107,2018-Q1,0.7,A,0,1,
OECD.SDD.STES:DSD_STES_REVISIONS@DF_STES_REVISIONS(4.0),EA19,Q,ULC,PT_PCOS,_T,201901,2018-Q3,0.7,A,0,1,
OECD.SDD.STES:DSD_STES_REVISIONS@DF_STES_REVISIONS(4.0),EA19,Q,ULC,PT_PCOS,_T,202212,2011-Q2,0.6,A,0,1,
OECD.SDD.STES:DSD_STES_REVISIONS@DF_STES_REVISIONS(4.0),EA19,Q,ULC,PT_PCOS,_T,202211,2011-Q2,0.6,A,0,1,
OECD.SDD.STES:DSD_STES_REVISIONS@DF_STES_REVISIONS(4.0),EA19,Q,ULC,PT_PCOS,_T,202301,2011-Q2,0.6,A,0,1,
OECD.SDD.STES:DSD_STES_REVISIONS@DF_STES_REVISIONS(4.0),EA19,Q,ULC,PT_PCOS,_T,202302,2011-Q2,0.6,A,0,1,
OECD.SDD.STES:DSD_STES_REVISIONS@DF_STES_REVISIONS(4.0),EA19,Q,ULC,PT_PCOS,_T,202303,2011-Q2,0.6,A,0,1,
OECD.SDD.STES:DSD_STES_REVISIONS@DF_STES_REVISIONS(4.0),EA19,Q,ULC,PT_PCOS,_T,202207,2012-Q1,0.6,A,0,1,
OECD.SDD.STES:DSD_STES_REVISIONS@DF_STES_REVISIONS(4.0),EA19,Q,ULC,PT_PCOS,_T,202204,2012-Q2,0.6,A,0,1,
OECD.SDD.STES:DSD_STES_REVISIONS@DF_STES_REVISIONS(4.0),EA19,Q,ULC,PT_PCOS,_T,202201,2012-Q2,0.6,A,0,1,
OECD.SDD.STES:DSD_STES_REVISIONS@DF_STES_REVISIONS(4.0),EA19,Q,ULC,PT_PCOS,_T,202202,2012-Q2,0.6,A,0,1,
OECD.SDD.STES:DSD_STES_REVISIONS@DF_STES_REVISIONS(4.0),EA19,Q,ULC,PT_PCOS,_T,202206,2012-Q2,0.6,A,0,1,
OECD.SDD.STES:DSD_STES_REVISIONS@DF_STES_REVISIONS(4.0),EA19,Q,ULC,PT_PCOS,_T,202209,2012-Q2,0.6,A,0,1,
OECD.SDD.STES:DSD_STES_REVISIONS@DF_STES_REVISIONS(4.0),EA19,Q,ULC,PT_PCOS,_T,202205,2012-Q2,0.6,A,0,1,
OECD.SDD.STES:DSD_STES_REVISIONS@DF_STES_REVISIONS(4.0),EA19,Q,ULC,PT_PCOS,_T,202203,2012-Q2,0.6,A,0,1,
OECD.SDD.STES:DSD_STES_REVISIONS@DF_STES_REVISIONS(4.0),EA19,Q,ULC,PT_PCOS,_T,202208,2012-Q2,0.6,A,0,1,
OECD.SDD.STES:DSD_STES_REVISIONS@DF_STES_REVISIONS(4.0),EA19,Q,ULC,PT_PCOS,_T,202209,2013-Q1,0.6,A,0,1,
OECD.SDD.STES:DSD_STES_REVISIONS@DF_STES_REVISIONS(4.0),EA19,Q,ULC,PT_PCOS,_T,201805,2013-Q1,0.6,A,0,1,
OECD.SDD.STES:DSD_STES_REVISIONS@DF_STES_REVISIONS(4.0),EA19,Q,ULC,PT_PCOS,_T,201712,2013-Q1,0.6,A,0,1,
OECD.SDD.STES:DSD_STES_REVISIONS@DF_STES_REVISIONS(4.0),EA19,Q,ULC,PT_PCOS,_T,202208,2013-Q1,0.6,A,0,1,
OECD.SDD.STES:DSD_STES_REVISIONS@DF_STES_REVISIONS(4.0),EA19,Q,ULC,PT_PCOS,_T,202011,2018-Q1,0.6,A,0,1,
OECD.SDD.STES:DSD_STES_REVISIONS@DF_STES_REVISIONS(4.0),EA19,Q,ULC,PT_PCOS,_T,202012,2018-Q1,0.6,A,0,1,
OECD.SDD.STES:DSD_STES_REVISIONS@DF_STES_REVISIONS(4.0),EA19,Q,ULC,PT_PCOS,_T,202109,2018-Q2,0.6,A,0,1,
OECD.SDD.STES:DSD_STES_REVISIONS@DF_STES_REVISIONS(4.0),EA19,Q,ULC,PT_PCOS,_T,201907,2018-Q2,0.6,A,0,1,
OECD.SDD.STES:DSD_STES_REVISIONS@DF_STES_REVISIONS(4.0),EA19,Q,ULC,PT_PCOS,_T,202108,2018-Q2,0.6,A,0,1,
OECD.SDD.STES:DSD_STES_REVISIONS@DF_STES_REVISIONS(4.0),EA19,Q,ULC,PT_PCOS,_T,201912,2019-Q2,0.6,A,0,1,
OECD.SDD.STES:DSD_STES_REVISIONS@DF_STES_REVISIONS(4.0),EA19,Q,ULC,PT_PCOS,_T,202207,2019-Q2,0.6,A,0,1,
OECD.SDD.STES:DSD_STES_REVISIONS@DF_STES_REVISIONS(4.0),EA19,Q,ULC,PT_PCOS,_T,201911,2019-Q2,0.6,A,0,1,
OECD.SDD.STES:DSD_STES_REVISIONS@DF_STES_REVISIONS(4.0),EA19,Q,ULC,PT_PCOS,_T,202102,2019-Q3,0.6,A,0,1,
OECD.SDD.STES:DSD_STES_REVISIONS@DF_STES_REVISIONS(4.0),EA19,Q,ULC,PT_PCOS,_T,202101,2019-Q3,0.6,A,0,1,
OECD.SDD.STES:DSD_STES_REVISIONS@DF_STES_REVISIONS(4.0),EA19,Q,ULC,PT_PCOS,_T,202103,2019-Q3,0.6,A,0,1,
OECD.SDD.STES:DSD_STES_REVISIONS@DF_STES_REVISIONS(4.0),EA19,Q,ULC,PT_PCOS,_T,201810,2018-Q1,0.42,A,0,1,
OECD.SDD.STES:DSD_STES_REVISIONS@DF_STES_REVISIONS(4.0),EA19,Q,ULC,PT_PCOS,_T,202212,2019-Q1,0.42,A,0,1,
OECD.SDD.STES:DSD_STES_REVISIONS@DF_STES_REVISIONS(4.0),EA19,Q,ULC,PT_PCOS,_T,202211,2019-Q1,0.42,A,0,1,
OECD.SDD.STES:DSD_STES_REVISIONS@DF_STES_REVISIONS(4.0),EA19,Q,ULC,PT_PCOS,_T,202210,2019-Q3,0.42,A,0,1,
OECD.SDD.STES:DSD_STES_REVISIONS@DF_STES_REVISIONS(4.0),EA19,Q,ULC,PT_PCOS,_T,201606,2012-Q1,0.46,A,0,1,
OECD.SDD.STES:DSD_STES_REVISIONS@DF_STES_REVISIONS(4.0),EA19,Q,ULC,PT_PCOS,_T,201609,2012-Q1,0.46,A,0,1,
OECD.SDD.STES:DSD_STES_REVISIONS@DF_STES_REVISIONS(4.0),EA19,Q,ULC,PT_PCOS,_T,201605,2012-Q1,0.46,A,0,1,
OECD.SDD.STES:DSD_STES_REVISIONS@DF_STES_REVISIONS(4.0),EA19,Q,ULC,PT_PCOS,_T,201607,2012-Q1,0.46,A,0,1,
OECD.SDD.STES:DSD_STES_REVISIONS@DF_STES_REVISIONS(4.0),EA19,Q,ULC,PT_PCOS,_T,201604,2012-Q1,0.46,A,0,1,
OECD.SDD.STES:DSD_STES_REVISIONS@DF_STES_REVISIONS(4.0),EA19,Q,ULC,PT_PCOS,_T,201608,2012-Q1,0.46,A,0,1,
OECD.SDD.STES:DSD_STES_REVISIONS@DF_STES_REVISIONS(4.0),EA19,Q,ULC,PT_PCOS,_T,201910,2018-Q1,0.46,A,0,1,
OECD.SDD.STES:DSD_STES_REVISIONS@DF_STES_REVISIONS(4.0),EA19,Q,ULC,PT_PCOS,_T,202003,2018-Q4,0.46,A,0,1,
OECD.SDD.STES:DSD_STES_REVISIONS@DF_STES_REVISIONS(4.0),EA19,Q,ULC,PT_PCOS,_T,202004,2018-Q4,0.46,A,0,1,
OECD.SDD.STES:DSD_STES_REVISIONS@DF_STES_REVISIONS(4.0),EA19,Q,ULC,PT_PCOS,_T,202002,2018-Q4,0.46,A,0,1,
OECD.SDD.STES:DSD_STES_REVISIONS@DF_STES_REVISIONS(4.0),EA19,Q,ULC,PT_PCOS,_T,202005,2018-Q4,0.46,A,0,1,
OECD.SDD.STES:DSD_STES_REVISIONS@DF_STES_REVISIONS(4.0),EA19,Q,ULC,PT_PCOS,_T,202010,2019-Q3,0.46,A,0,1,
OECD.SDD.STES:DSD_STES_REVISIONS@DF_STES_REVISIONS(4.0),EA19,Q,ULC,PT_PCOS,_T,202203,2019-Q3,0.46,A,0,1,
OECD.SDD.STES:DSD_STES_REVISIONS@DF_STES_REVISIONS(4.0),EA19,Q,ULC,PT_PCOS,_T,202201,2011-Q2,0.62,A,0,1,
OECD.SDD.STES:DSD_STES_REVISIONS@DF_STES_REVISIONS(4.0),EA19,Q,ULC,PT_PCOS,_T,202202,2011-Q2,0.62,A,0,1,
OECD.SDD.STES:DSD_STES_REVISIONS@DF_STES_REVISIONS(4.0),EA19,Q,ULC,PT_PCOS,_T,202203,2011-Q2,0.62,A,0,1,
OECD.SDD.STES:DSD_STES_REVISIONS@DF_STES_REVISIONS(4.0),EA19,Q,ULC,PT_PCOS,_T,201912,2012-Q1,0.62,A,0,1,
OECD.SDD.STES:DSD_STES_REVISIONS@DF_STES_REVISIONS(4.0),EA19,Q,ULC,PT_PCOS,_T,202006,2012-Q1,0.62,A,0,1,
OECD.SDD.STES:DSD_STES_REVISIONS@DF_STES_REVISIONS(4.0),EA19,Q,ULC,PT_PCOS,_T,201911,2012-Q1,0.62,A,0,1,
OECD.SDD.STES:DSD_STES_REVISIONS@DF_STES_REVISIONS(4.0),EA19,Q,ULC,PT_PCOS,_T,202111,2012-Q1,0.62,A,0,1,
OECD.SDD.STES:DSD_STES_REVISIONS@DF_STES_REVISIONS(4.0),EA19,Q,ULC,PT_PCOS,_T,202005,2012-Q1,0.62,A,0,1,
OECD.SDD.STES:DSD_STES_REVISIONS@DF_STES_REVISIONS(4.0),EA19,Q,ULC,PT_PCOS,_T,202112,2012-Q1,0.62,A,0,1,
OECD.SDD.STES:DSD_STES_REVISIONS@DF_STES_REVISIONS(4.0),EA19,Q,ULC,PT_PCOS,_T,202004,2012-Q2,0.62,A,0,1,
OECD.SDD.STES:DSD_STES_REVISIONS@DF_STES_REVISIONS(4.0),EA19,Q,ULC,PT_PCOS,_T,201905,2013-Q1,0.62,A,0,1,
OECD.SDD.STES:DSD_STES_REVISIONS@DF_STES_REVISIONS(4.0),EA19,Q,ULC,PT_PCOS,_T,201703,2013-Q1,0.62,A,0,1,
OECD.SDD.STES:DSD_STES_REVISIONS@DF_STES_REVISIONS(4.0),EA19,Q,ULC,PT_PCOS,_T,202212,2013-Q1,0.62,A,0,1,
OECD.SDD.STES:DSD_STES_REVISIONS@DF_STES_REVISIONS(4.0),EA19,Q,ULC,PT_PCOS,_T,202204,2013-Q1,0.62,A,0,1,
OECD.SDD.STES:DSD_STES_REVISIONS@DF_STES_REVISIONS(4.0),EA19,Q,ULC,PT_PCOS,_T,202211,2013-Q1,0.62,A,0,1,
OECD.SDD.STES:DSD_STES_REVISIONS@DF_STES_REVISIONS(4.0),EA19,Q,ULC,PT_PCOS,_T,201812,2013-Q1,0.62,A,0,1,
OECD.SDD.STES:DSD_STES_REVISIONS@DF_STES_REVISIONS(4.0),EA19,Q,ULC,PT_PCOS,_T,201809,2013-Q1,0.62,A,0,1,
OECD.SDD.STES:DSD_STES_REVISIONS@DF_STES_REVISIONS(4.0),EA19,Q,ULC,PT_PCOS,_T,202206,2013-Q1,0.62,A,0,1,
OECD.SDD.STES:DSD_STES_REVISIONS@DF_STES_REVISIONS(4.0),EA19,Q,ULC,PT_PCOS,_T,202207,2013-Q1,0.62,A,0,1,
OECD.SDD.STES:DSD_STES_REVISIONS@DF_STES_REVISIONS(4.0),EA19,Q,ULC,PT_PCOS,_T,202205,2013-Q1,0.62,A,0,1,
OECD.SDD.STES:DSD_STES_REVISIONS@DF_STES_REVISIONS(4.0),EA19,Q,ULC,PT_PCOS,_T,201702,2013-Q1,0.62,A,0,1,
OECD.SDD.STES:DSD_STES_REVISIONS@DF_STES_REVISIONS(4.0),EA19,Q,ULC,PT_PCOS,_T,201811,2013-Q1,0.62,A,0,1,
OECD.SDD.STES:DSD_STES_REVISIONS@DF_STES_REVISIONS(4.0),EA19,Q,ULC,PT_PCOS,_T,201906,2013-Q1,0.62,A,0,1,
OECD.SDD.STES:DSD_STES_REVISIONS@DF_STES_REVISIONS(4.0),EA19,Q,ULC,PT_PCOS,_T,201701,2013-Q1,0.62,A,0,1,
OECD.SDD.STES:DSD_STES_REVISIONS@DF_STES_REVISIONS(4.0),EA19,Q,ULC,PT_PCOS,_T,201810,2013-Q1,0.62,A,0,1,
OECD.SDD.STES:DSD_STES_REVISIONS@DF_STES_REVISIONS(4.0),EA19,Q,ULC,PT_PCOS,_T,201808,2013-Q1,0.62,A,0,1,
OECD.SDD.STES:DSD_STES_REVISIONS@DF_STES_REVISIONS(4.0),EA19,Q,ULC,PT_PCOS,_T,201902,2018-Q2,0.62,A,0,1,
OECD.SDD.STES:DSD_STES_REVISIONS@DF_STES_REVISIONS(4.0),EA19,Q,ULC,PT_PCOS,_T,202209,2018-Q2,0.62,A,0,1,
OECD.SDD.STES:DSD_STES_REVISIONS@DF_STES_REVISIONS(4.0),EA19,Q,ULC,PT_PCOS,_T,202209,2019-Q2,0.62,A,0,1,
OECD.SDD.STES:DSD_STES_REVISIONS@DF_STES_REVISIONS(4.0),EA19,Q,ULC,PT_PCOS,_T,202208,2019-Q2,0.62,A,0,1,
OECD.SDD.STES:DSD_STES_REVISIONS@DF_STES_REVISIONS(4.0),EA19,Q,ULC,PT_PCOS,_T,201902,2012-Q1,0.5,A,0,1,
OECD.SDD.STES:DSD_STES_REVISIONS@DF_STES_REVISIONS(4.0),EA19,Q,ULC,PT_PCOS,_T,201904,2012-Q1,0.5,A,0,1,
OECD.SDD.STES:DSD_STES_REVISIONS@DF_STES_REVISIONS(4.0),EA19,Q,ULC,PT_PCOS,_T,201901,2012-Q1,0.5,A,0,1,
OECD.SDD.STES:DSD_STES_REVISIONS@DF_STES_REVISIONS(4.0),EA19,Q,ULC,PT_PCOS,_T,201706,2012-Q1,0.5,A,0,1,
OECD.SDD.STES:DSD_STES_REVISIONS@DF_STES_REVISIONS(4.0),EA19,Q,ULC,PT_PCOS,_T,201910,2012-Q1,0.5,A,0,1,
OECD.SDD.STES:DSD_STES_REVISIONS@DF_STES_REVISIONS(4.0),EA19,Q,ULC,PT_PCOS,_T,201903,2012-Q1,0.5,A,0,1,
OECD.SDD.STES:DSD_STES_REVISIONS@DF_STES_REVISIONS(4.0),EA19,Q,ULC,PT_PCOS,_T,201705,2012-Q1,0.5,A,0,1,
OECD.SDD.STES:DSD_STES_REVISIONS@DF_STES_REVISIONS(4.0),EA19,Q,ULC,PT_PCOS,_T,202006,2018-Q1,0.5,A,0,1,
OECD.SDD.STES:DSD_STES_REVISIONS@DF_STES_REVISIONS(4.0),EA19,Q,ULC,PT_PCOS,_T,201908,2018-Q4,0.5,A,0,1,
OECD.SDD.STES:DSD_STES_REVISIONS@DF_STES_REVISIONS(4.0),EA19,Q,ULC,PT_PCOS,_T,201909,2018-Q4,0.5,A,0,1,
OECD.SDD.STES:DSD_STES_REVISIONS@DF_STES_REVISIONS(4.0),EA19,Q,ULC,PT_PCOS,_T,202111,2019-Q3,0.5,A,0,1,
OECD.SDD.STES:DSD_STES_REVISIONS@DF_STES_REVISIONS(4.0),EA19,Q,ULC,PT_PCOS,_T,202112,2019-Q3,0.5,A,0,1,
OECD.SDD.STES:DSD_STES_REVISIONS@DF_STES_REVISIONS(4.0),EA19,Q,ULC,PT_PCOS,_T,202001,2019-Q3,0.5,A,0,1,
OECD.SDD.STES:DSD_STES_REVISIONS@DF_STES_REVISIONS(4.0),EA19,Q,ULC,PT_PCOS,_T,201711,2009-Q2,0.07,A,0,1,
OECD.SDD.STES:DSD_STES_REVISIONS@DF_STES_REVISIONS(4.0),EA19,Q,ULC,PT_PCOS,_T,201910,2009-Q2,0.07,A,0,1,
OECD.SDD.STES:DSD_STES_REVISIONS@DF_STES_REVISIONS(4.0),EA19,Q,ULC,PT_PCOS,_T,201511,2009-Q3,0.07,A,0,1,
OECD.SDD.STES:DSD_STES_REVISIONS@DF_STES_REVISIONS(4.0),EA19,Q,ULC,PT_PCOS,_T,201512,2009-Q3,0.07,A,0,1,
OECD.SDD.STES:DSD_STES_REVISIONS@DF_STES_REVISIONS(4.0),EA19,Q,ULC,PT_PCOS,_T,201510,2009-Q3,0.07,A,0,1,
OECD.SDD.STES:DSD_STES_REVISIONS@DF_STES_REVISIONS(4.0),EA19,Q,ULC,PT_PCOS,_T,201809,2009-Q3,0.07,A,0,1,
OECD.SDD.STES:DSD_STES_REVISIONS@DF_STES_REVISIONS(4.0),EA19,Q,ULC,PT_PCOS,_T,201711,2009-Q3,0.07,A,0,1,
OECD.SDD.STES:DSD_STES_REVISIONS@DF_STES_REVISIONS(4.0),EA19,Q,ULC,PT_PCOS,_T,201810,2009-Q3,0.07,A,0,1,
OECD.SDD.STES:DSD_STES_REVISIONS@DF_STES_REVISIONS(4.0),EA19,Q,ULC,PT_PCOS,_T,201808,2009-Q3,0.07,A,0,1,
OECD.SDD.STES:DSD_STES_REVISIONS@DF_STES_REVISIONS(4.0),EA19,Q,ULC,PT_PCOS,_T,201703,2010-Q4,0.07,A,0,1,
OECD.SDD.STES:DSD_STES_REVISIONS@DF_STES_REVISIONS(4.0),EA19,Q,ULC,PT_PCOS,_T,201702,2010-Q4,0.07,A,0,1,
OECD.SDD.STES:DSD_STES_REVISIONS@DF_STES_REVISIONS(4.0),EA19,Q,ULC,PT_PCOS,_T,201707,2010-Q4,0.07,A,0,1,
OECD.SDD.STES:DSD_STES_REVISIONS@DF_STES_REVISIONS(4.0),EA19,Q,ULC,PT_PCOS,_T,201704,2010-Q4,0.07,A,0,1,
OECD.SDD.STES:DSD_STES_REVISIONS@DF_STES_REVISIONS(4.0),EA19,Q,ULC,PT_PCOS,_T,201910,2010-Q4,0.07,A,0,1,
OECD.SDD.STES:DSD_STES_REVISIONS@DF_STES_REVISIONS(4.0),EA19,Q,ULC,PT_PCOS,_T,201701,2010-Q4,0.07,A,0,1,
OECD.SDD.STES:DSD_STES_REVISIONS@DF_STES_REVISIONS(4.0),EA19,Q,ULC,PT_PCOS,_T,202204,2011-Q3,0.07,A,0,1,
OECD.SDD.STES:DSD_STES_REVISIONS@DF_STES_REVISIONS(4.0),EA19,Q,ULC,PT_PCOS,_T,201708,2011-Q3,0.07,A,0,1,
OECD.SDD.STES:DSD_STES_REVISIONS@DF_STES_REVISIONS(4.0),EA19,Q,ULC,PT_PCOS,_T,202206,2011-Q3,0.07,A,0,1,
OECD.SDD.STES:DSD_STES_REVISIONS@DF_STES_REVISIONS(4.0),EA19,Q,ULC,PT_PCOS,_T,202110,2011-Q3,0.07,A,0,1,
OECD.SDD.STES:DSD_STES_REVISIONS@DF_STES_REVISIONS(4.0),EA19,Q,ULC,PT_PCOS,_T,201709,2011-Q3,0.07,A,0,1,
OECD.SDD.STES:DSD_STES_REVISIONS@DF_STES_REVISIONS(4.0),EA19,Q,ULC,PT_PCOS,_T,202205,2011-Q3,0.07,A,0,1,
OECD.SDD.STES:DSD_STES_REVISIONS@DF_STES_REVISIONS(4.0),EA19,Q,ULC,PT_PCOS,_T,201704,2011-Q3,0.07,A,0,1,
OECD.SDD.STES:DSD_STES_REVISIONS@DF_STES_REVISIONS(4.0),EA19,Q,ULC,PT_PCOS,_T,202209,2016-Q1,0.07,A,0,1,
OECD.SDD.STES:DSD_STES_REVISIONS@DF_STES_REVISIONS(4.0),EA19,Q,ULC,PT_PCOS,_T,201711,2016-Q1,0.07,A,0,1,
OECD.SDD.STES:DSD_STES_REVISIONS@DF_STES_REVISIONS(4.0),EA19,Q,ULC,PT_PCOS,_T,202208,2016-Q1,0.07,A,0,1,
OECD.SDD.STES:DSD_STES_REVISIONS@DF_STES_REVISIONS(4.0),EA19,Q,ULC,PT_PCOS,_T,201804,2016-Q1,0.07,A,0,1,
OECD.SDD.STES:DSD_STES_REVISIONS@DF_STES_REVISIONS(4.0),EA19,Q,ULC,PT_PCOS,_T,201912,2016-Q4,0.07,A,0,1,
OECD.SDD.STES:DSD_STES_REVISIONS@DF_STES_REVISIONS(4.0),EA19,Q,ULC,PT_PCOS,_T,202004,2016-Q4,0.07,A,0,1,
OECD.SDD.STES:DSD_STES_REVISIONS@DF_STES_REVISIONS(4.0),EA19,Q,ULC,PT_PCOS,_T,202006,2016-Q4,0.07,A,0,1,
OECD.SDD.STES:DSD_STES_REVISIONS@DF_STES_REVISIONS(4.0),EA19,Q,ULC,PT_PCOS,_T,202207,2016-Q4,0.07,A,0,1,
OECD.SDD.STES:DSD_STES_REVISIONS@DF_STES_REVISIONS(4.0),EA19,Q,ULC,PT_PCOS,_T,201911,2016-Q4,0.07,A,0,1,
OECD.SDD.STES:DSD_STES_REVISIONS@DF_STES_REVISIONS(4.0),EA19,Q,ULC,PT_PCOS,_T,202111,2016-Q4,0.07,A,0,1,
OECD.SDD.STES:DSD_STES_REVISIONS@DF_STES_REVISIONS(4.0),EA19,Q,ULC,PT_PCOS,_T,202005,2016-Q4,0.07,A,0,1,
OECD.SDD.STES:DSD_STES_REVISIONS@DF_STES_REVISIONS(4.0),EA19,Q,ULC,PT_PCOS,_T,202112,2016-Q4,0.07,A,0,1,
OECD.SDD.STES:DSD_STES_REVISIONS@DF_STES_REVISIONS(4.0),EA19,Q,ULC,PT_PCOS,_T,201707,2017-Q1,0.07,A,0,1,
OECD.SDD.STES:DSD_STES_REVISIONS@DF_STES_REVISIONS(4.0),EA19,Q,ULC,PT_PCOS,_T,201907,2017-Q2,0.07,A,0,1,
OECD.SDD.STES:DSD_STES_REVISIONS@DF_STES_REVISIONS(4.0),EA19,Q,ULC,PT_PCOS,_T,201809,2017-Q2,0.07,A,0,1,
OECD.SDD.STES:DSD_STES_REVISIONS@DF_STES_REVISIONS(4.0),EA19,Q,ULC,PT_PCOS,_T,201810,2017-Q2,0.07,A,0,1,
OECD.SDD.STES:DSD_STES_REVISIONS@DF_STES_REVISIONS(4.0),EA19,Q,ULC,PT_PCOS,_T,201808,2017-Q2,0.07,A,0,1,
OECD.SDD.STES:DSD_STES_REVISIONS@DF_STES_REVISIONS(4.0),EA19,Q,ULC,PT_PCOS,_T,202102,2017-Q3,0.07,A,0,1,
OECD.SDD.STES:DSD_STES_REVISIONS@DF_STES_REVISIONS(4.0),EA19,Q,ULC,PT_PCOS,_T,202004,2017-Q3,0.07,A,0,1,
OECD.SDD.STES:DSD_STES_REVISIONS@DF_STES_REVISIONS(4.0),EA19,Q,ULC,PT_PCOS,_T,202006,2017-Q3,0.07,A,0,1,
OECD.SDD.STES:DSD_STES_REVISIONS@DF_STES_REVISIONS(4.0),EA19,Q,ULC,PT_PCOS,_T,202101,2017-Q3,0.07,A,0,1,
OECD.SDD.STES:DSD_STES_REVISIONS@DF_STES_REVISIONS(4.0),EA19,Q,ULC,PT_PCOS,_T,202103,2017-Q3,0.07,A,0,1,
OECD.SDD.STES:DSD_STES_REVISIONS@DF_STES_REVISIONS(4.0),EA19,Q,ULC,PT_PCOS,_T,202207,2017-Q3,0.07,A,0,1,
OECD.SDD.STES:DSD_STES_REVISIONS@DF_STES_REVISIONS(4.0),EA19,Q,ULC,PT_PCOS,_T,202104,2017-Q3,0.07,A,0,1,
OECD.SDD.STES:DSD_STES_REVISIONS@DF_STES_REVISIONS(4.0),EA19,Q,ULC,PT_PCOS,_T,202005,2017-Q3,0.07,A,0,1,
OECD.SDD.STES:DSD_STES_REVISIONS@DF_STES_REVISIONS(4.0),EA19,Q,ULC,PT_PCOS,_T,201905,2012-Q3,0.23,A,0,1,
OECD.SDD.STES:DSD_STES_REVISIONS@DF_STES_REVISIONS(4.0),EA19,Q,ULC,PT_PCOS,_T,201812,2012-Q3,0.23,A,0,1,
OECD.SDD.STES:DSD_STES_REVISIONS@DF_STES_REVISIONS(4.0),EA19,Q,ULC,PT_PCOS,_T,201708,2012-Q3,0.23,A,0,1,
OECD.SDD.STES:DSD_STES_REVISIONS@DF_STES_REVISIONS(4.0),EA19,Q,ULC,PT_PCOS,_T,202101,2012-Q3,0.23,A,0,1,
OECD.SDD.STES:DSD_STES_REVISIONS@DF_STES_REVISIONS(4.0),EA19,Q,ULC,PT_PCOS,_T,201809,2012-Q3,0.23,A,0,1,
OECD.SDD.STES:DSD_STES_REVISIONS@DF_STES_REVISIONS(4.0),EA19,Q,ULC,PT_PCOS,_T,201709,2012-Q3,0.23,A,0,1,
OECD.SDD.STES:DSD_STES_REVISIONS@DF_STES_REVISIONS(4.0),EA19,Q,ULC,PT_PCOS,_T,201707,2012-Q3,0.23,A,0,1,
OECD.SDD.STES:DSD_STES_REVISIONS@DF_STES_REVISIONS(4.0),EA19,Q,ULC,PT_PCOS,_T,201811,2012-Q3,0.23,A,0,1,
OECD.SDD.STES:DSD_STES_REVISIONS@DF_STES_REVISIONS(4.0),EA19,Q,ULC,PT_PCOS,_T,201906,2012-Q3,0.23,A,0,1,
OECD.SDD.STES:DSD_STES_REVISIONS@DF_STES_REVISIONS(4.0),EA19,Q,ULC,PT_PCOS,_T,201808,2012-Q3,0.23,A,0,1,
OECD.SDD.STES:DSD_STES_REVISIONS@DF_STES_REVISIONS(4.0),EA19,Q,ULC,PT_PCOS,_T,202107,2015-Q4,0.23,A,0,1,
OECD.SDD.STES:DSD_STES_REVISIONS@DF_STES_REVISIONS(4.0),EA19,Q,ULC,PT_PCOS,_T,201802,2016-Q2,0.23,A,0,1,
OECD.SDD.STES:DSD_STES_REVISIONS@DF_STES_REVISIONS(4.0),EA19,Q,ULC,PT_PCOS,_T,201806,2016-Q2,0.23,A,0,1,
OECD.SDD.STES:DSD_STES_REVISIONS@DF_STES_REVISIONS(4.0),EA19,Q,ULC,PT_PCOS,_T,201801,2016-Q2,0.23,A,0,1,
OECD.SDD.STES:DSD_STES_REVISIONS@DF_STES_REVISIONS(4.0),EA19,Q,ULC,PT_PCOS,_T,201803,2016-Q2,0.23,A,0,1,
OECD.SDD.STES:DSD_STES_REVISIONS@DF_STES_REVISIONS(4.0),EA19,Q,ULC,PT_PCOS,_T,201710,2016-Q3,0.23,A,0,1,
OECD.SDD.STES:DSD_STES_REVISIONS@DF_STES_REVISIONS(4.0),EA19,Q,ULC,PT_PCOS,_T,201711,2016-Q4,0.23,A,0,1,
OECD.SDD.STES:DSD_STES_REVISIONS@DF_STES_REVISIONS(4.0),EA19,Q,ULC,PT_PCOS,_T,201912,2017-Q1,0.23,A,0,1,
OECD.SDD.STES:DSD_STES_REVISIONS@DF_STES_REVISIONS(4.0),EA19,Q,ULC,PT_PCOS,_T,202004,2017-Q1,0.23,A,0,1,
OECD.SDD.STES:DSD_STES_REVISIONS@DF_STES_REVISIONS(4.0),EA19,Q,ULC,PT_PCOS,_T,202210,2017-Q1,0.23,A,0,1,
OECD.SDD.STES:DSD_STES_REVISIONS@DF_STES_REVISIONS(4.0),EA19,Q,ULC,PT_PCOS,_T,202207,2017-Q1,0.23,A,0,1,
OECD.SDD.STES:DSD_STES_REVISIONS@DF_STES_REVISIONS(4.0),EA19,Q,ULC,PT_PCOS,_T,201911,2017-Q1,0.23,A,0,1,
OECD.SDD.STES:DSD_STES_REVISIONS@DF_STES_REVISIONS(4.0),EA19,Q,ULC,PT_PCOS,_T,202007,2017-Q1,0.23,A,0,1,
OECD.SDD.STES:DSD_STES_REVISIONS@DF_STES_REVISIONS(4.0),EA19,Q,ULC,PT_PCOS,_T,202009,2017-Q4,0.23,A,0,1,
OECD.SDD.STES:DSD_STES_REVISIONS@DF_STES_REVISIONS(4.0),EA19,Q,ULC,PT_PCOS,_T,202008,2017-Q4,0.23,A,0,1,
OECD.SDD.STES:DSD_STES_REVISIONS@DF_STES_REVISIONS(4.0),EA19,Q,ULC,PT_PCOS,_T,202105,2019-Q1,0.23,A,0,1,
OECD.SDD.STES:DSD_STES_REVISIONS@DF_STES_REVISIONS(4.0),EA19,Q,ULC,PT_PCOS,_T,202106,2019-Q1,0.23,A,0,1,
OECD.SDD.STES:DSD_STES_REVISIONS@DF_STES_REVISIONS(4.0),EA19,Q,ULC,PT_PCOS,_T,202104,2019-Q1,0.23,A,0,1,
OECD.SDD.STES:DSD_STES_REVISIONS@DF_STES_REVISIONS(4.0),EA19,Q,ULC,PT_PCOS,_T,202007,2019-Q1,0.23,A,0,1,
OECD.SDD.STES:DSD_STES_REVISIONS@DF_STES_REVISIONS(4.0),EA19,Q,ULC,PT_PCOS,_T,201902,2009-Q2,0.05,A,0,1,
OECD.SDD.STES:DSD_STES_REVISIONS@DF_STES_REVISIONS(4.0),EA19,Q,ULC,PT_PCOS,_T,201908,2009-Q2,0.05,A,0,1,
OECD.SDD.STES:DSD_STES_REVISIONS@DF_STES_REVISIONS(4.0),EA19,Q,ULC,PT_PCOS,_T,201812,2009-Q2,0.05,A,0,1,
OECD.SDD.STES:DSD_STES_REVISIONS@DF_STES_REVISIONS(4.0),EA19,Q,ULC,PT_PCOS,_T,201708,2009-Q2,0.05,A,0,1,
OECD.SDD.STES:DSD_STES_REVISIONS@DF_STES_REVISIONS(4.0),EA19,Q,ULC,PT_PCOS,_T,201909,2009-Q2,0.05,A,0,1,
OECD.SDD.STES:DSD_STES_REVISIONS@DF_STES_REVISIONS(4.0),EA19,Q,ULC,PT_PCOS,_T,201612,2009-Q2,0.05,A,0,1,
OECD.SDD.STES:DSD_STES_REVISIONS@DF_STES_REVISIONS(4.0),EA19,Q,ULC,PT_PCOS,_T,201904,2009-Q2,0.05,A,0,1,
OECD.SDD.STES:DSD_STES_REVISIONS@DF_STES_REVISIONS(4.0),EA19,Q,ULC,PT_PCOS,_T,201901,2009-Q2,0.05,A,0,1,
OECD.SDD.STES:DSD_STES_REVISIONS@DF_STES_REVISIONS(4.0),EA19,Q,ULC,PT_PCOS,_T,201709,2009-Q2,0.05,A,0,1,
OECD.SDD.STES:DSD_STES_REVISIONS@DF_STES_REVISIONS(4.0),EA19,Q,ULC,PT_PCOS,_T,201611,2009-Q2,0.05,A,0,1,
OECD.SDD.STES:DSD_STES_REVISIONS@DF_STES_REVISIONS(4.0),EA19,Q,ULC,PT_PCOS,_T,201707,2009-Q2,0.05,A,0,1,
OECD.SDD.STES:DSD_STES_REVISIONS@DF_STES_REVISIONS(4.0),EA19,Q,ULC,PT_PCOS,_T,201811,2009-Q2,0.05,A,0,1,
OECD.SDD.STES:DSD_STES_REVISIONS@DF_STES_REVISIONS(4.0),EA19,Q,ULC,PT_PCOS,_T,201810,2009-Q2,0.05,A,0,1,
OECD.SDD.STES:DSD_STES_REVISIONS@DF_STES_REVISIONS(4.0),EA19,Q,ULC,PT_PCOS,_T,201903,2009-Q2,0.05,A,0,1,
OECD.SDD.STES:DSD_STES_REVISIONS@DF_STES_REVISIONS(4.0),EA19,Q,ULC,PT_PCOS,_T,201703,2009-Q3,0.05,A,0,1,
OECD.SDD.STES:DSD_STES_REVISIONS@DF_STES_REVISIONS(4.0),EA19,Q,ULC,PT_PCOS,_T,201612,2009-Q3,0.05,A,0,1,
OECD.SDD.STES:DSD_STES_REVISIONS@DF_STES_REVISIONS(4.0),EA19,Q,ULC,PT_PCOS,_T,201611,2009-Q3,0.05,A,0,1,
OECD.SDD.STES:DSD_STES_REVISIONS@DF_STES_REVISIONS(4.0),EA19,Q,ULC,PT_PCOS,_T,201702,2009-Q3,0.05,A,0,1,
OECD.SDD.STES:DSD_STES_REVISIONS@DF_STES_REVISIONS(4.0),EA19,Q,ULC,PT_PCOS,_T,201706,2009-Q3,0.05,A,0,1,
OECD.SDD.STES:DSD_STES_REVISIONS@DF_STES_REVISIONS(4.0),EA19,Q,ULC,PT_PCOS,_T,201701,2009-Q3,0.05,A,0,1,
OECD.SDD.STES:DSD_STES_REVISIONS@DF_STES_REVISIONS(4.0),EA19,Q,ULC,PT_PCOS,_T,201705,2009-Q3,0.05,A,0,1,
OECD.SDD.STES:DSD_STES_REVISIONS@DF_STES_REVISIONS(4.0),EA19,Q,ULC,PT_PCOS,_T,202212,2009-Q4,0.05,A,0,1,
OECD.SDD.STES:DSD_STES_REVISIONS@DF_STES_REVISIONS(4.0),EA19,Q,ULC,PT_PCOS,_T,202211,2009-Q4,0.05,A,0,1,
OECD.SDD.STES:DSD_STES_REVISIONS@DF_STES_REVISIONS(4.0),EA19,Q,ULC,PT_PCOS,_T,202210,2009-Q4,0.05,A,0,1,
OECD.SDD.STES:DSD_STES_REVISIONS@DF_STES_REVISIONS(4.0),EA19,Q,ULC,PT_PCOS,_T,202301,2009-Q4,0.05,A,0,1,
OECD.SDD.STES:DSD_STES_REVISIONS@DF_STES_REVISIONS(4.0),EA19,Q,ULC,PT_PCOS,_T,202302,2009-Q4,0.05,A,0,1,
OECD.SDD.STES:DSD_STES_REVISIONS@DF_STES_REVISIONS(4.0),EA19,Q,ULC,PT_PCOS,_T,202303,2009-Q4,0.05,A,0,1,
OECD.SDD.STES:DSD_STES_REVISIONS@DF_STES_REVISIONS(4.0),EA19,Q,ULC,PT_PCOS,_T,201902,2010-Q4,0.05,A,0,1,
OECD.SDD.STES:DSD_STES_REVISIONS@DF_STES_REVISIONS(4.0),EA19,Q,ULC,PT_PCOS,_T,201710,2010-Q4,0.05,A,0,1,
OECD.SDD.STES:DSD_STES_REVISIONS@DF_STES_REVISIONS(4.0),EA19,Q,ULC,PT_PCOS,_T,201904,2010-Q4,0.05,A,0,1,
OECD.SDD.STES:DSD_STES_REVISIONS@DF_STES_REVISIONS(4.0),EA19,Q,ULC,PT_PCOS,_T,201901,2010-Q4,0.05,A,0,1,
OECD.SDD.STES:DSD_STES_REVISIONS@DF_STES_REVISIONS(4.0),EA19,Q,ULC,PT_PCOS,_T,201810,2010-Q4,0.05,A,0,1,
OECD.SDD.STES:DSD_STES_REVISIONS@DF_STES_REVISIONS(4.0),EA19,Q,ULC,PT_PCOS,_T,201903,2010-Q4,0.05,A,0,1,
OECD.SDD.STES:DSD_STES_REVISIONS@DF_STES_REVISIONS(4.0),EA19,Q,ULC,PT_PCOS,_T,202003,2011-Q3,0.05,A,0,1,
OECD.SDD.STES:DSD_STES_REVISIONS@DF_STES_REVISIONS(4.0),EA19,Q,ULC,PT_PCOS,_T,201912,2011-Q3,0.05,A,0,1,
OECD.SDD.STES:DSD_STES_REVISIONS@DF_STES_REVISIONS(4.0),EA19,Q,ULC,PT_PCOS,_T,202006,2011-Q3,0.05,A,0,1,
OECD.SDD.STES:DSD_STES_REVISIONS@DF_STES_REVISIONS(4.0),EA19,Q,ULC,PT_PCOS,_T,201710,2011-Q3,0.05,A,0,1,
OECD.SDD.STES:DSD_STES_REVISIONS@DF_STES_REVISIONS(4.0),EA19,Q,ULC,PT_PCOS,_T,202101,2011-Q3,0.05,A,0,1,
OECD.SDD.STES:DSD_STES_REVISIONS@DF_STES_REVISIONS(4.0),EA19,Q,ULC,PT_PCOS,_T,201911,2011-Q3,0.05,A,0,1,
OECD.SDD.STES:DSD_STES_REVISIONS@DF_STES_REVISIONS(4.0),EA19,Q,ULC,PT_PCOS,_T,202002,2011-Q3,0.05,A,0,1,
OECD.SDD.STES:DSD_STES_REVISIONS@DF_STES_REVISIONS(4.0),EA19,Q,ULC,PT_PCOS,_T,202009,2011-Q3,0.05,A,0,1,
OECD.SDD.STES:DSD_STES_REVISIONS@DF_STES_REVISIONS(4.0),EA19,Q,ULC,PT_PCOS,_T,202001,2011-Q3,0.05,A,0,1,
OECD.SDD.STES:DSD_STES_REVISIONS@DF_STES_REVISIONS(4.0),EA19,Q,ULC,PT_PCOS,_T,202008,2011-Q3,0.05,A,0,1,
OECD.SDD.STES:DSD_STES_REVISIONS@DF_STES_REVISIONS(4.0),EA19,Q,ULC,PT_PCOS,_T,202212,2016-Q1,0.05,A,0,1,
OECD.SDD.STES:DSD_STES_REVISIONS@DF_STES_REVISIONS(4.0),EA19,Q,ULC,PT_PCOS,_T,202211,2016-Q1,0.05,A,0,1,
OECD.SDD.STES:DSD_STES_REVISIONS@DF_STES_REVISIONS(4.0),EA19,Q,ULC,PT_PCOS,_T,202102,2016-Q1,0.05,A,0,1,
OECD.SDD.STES:DSD_STES_REVISIONS@DF_STES_REVISIONS(4.0),EA19,Q,ULC,PT_PCOS,_T,201609,2016-Q1,0.05,A,0,1,
OECD.SDD.STES:DSD_STES_REVISIONS@DF_STES_REVISIONS(4.0),EA19,Q,ULC,PT_PCOS,_T,202101,2016-Q1,0.05,A,0,1,
OECD.SDD.STES:DSD_STES_REVISIONS@DF_STES_REVISIONS(4.0),EA19,Q,ULC,PT_PCOS,_T,202103,2016-Q1,0.05,A,0,1,
OECD.SDD.STES:DSD_STES_REVISIONS@DF_STES_REVISIONS(4.0),EA19,Q,ULC,PT_PCOS,_T,202110,2016-Q1,0.05,A,0,1,
OECD.SDD.STES:DSD_STES_REVISIONS@DF_STES_REVISIONS(4.0),EA19,Q,ULC,PT_PCOS,_T,202301,2016-Q1,0.05,A,0,1,
OECD.SDD.STES:DSD_STES_REVISIONS@DF_STES_REVISIONS(4.0),EA19,Q,ULC,PT_PCOS,_T,202302,2016-Q1,0.05,A,0,1,
OECD.SDD.STES:DSD_STES_REVISIONS@DF_STES_REVISIONS(4.0),EA19,Q,ULC,PT_PCOS,_T,201607,2016-Q1,0.05,A,0,1,
OECD.SDD.STES:DSD_STES_REVISIONS@DF_STES_REVISIONS(4.0),EA19,Q,ULC,PT_PCOS,_T,202303,2016-Q1,0.05,A,0,1,
OECD.SDD.STES:DSD_STES_REVISIONS@DF_STES_REVISIONS(4.0),EA19,Q,ULC,PT_PCOS,_T,202111,2016-Q1,0.05,A,0,1,
OECD.SDD.STES:DSD_STES_REVISIONS@DF_STES_REVISIONS(4.0),EA19,Q,ULC,PT_PCOS,_T,201805,2016-Q1,0.05,A,0,1,
OECD.SDD.STES:DSD_STES_REVISIONS@DF_STES_REVISIONS(4.0),EA19,Q,ULC,PT_PCOS,_T,202112,2016-Q1,0.05,A,0,1,
OECD.SDD.STES:DSD_STES_REVISIONS@DF_STES_REVISIONS(4.0),EA19,Q,ULC,PT_PCOS,_T,201608,2016-Q1,0.05,A,0,1,
OECD.SDD.STES:DSD_STES_REVISIONS@DF_STES_REVISIONS(4.0),EA19,Q,ULC,PT_PCOS,_T,201812,2016-Q4,0.05,A,0,1,
OECD.SDD.STES:DSD_STES_REVISIONS@DF_STES_REVISIONS(4.0),EA19,Q,ULC,PT_PCOS,_T,201811,2016-Q4,0.05,A,0,1,
OECD.SDD.STES:DSD_STES_REVISIONS@DF_STES_REVISIONS(4.0),EA19,Q,ULC,PT_PCOS,_T,201806,2017-Q2,0.05,A,0,1,
OECD.SDD.STES:DSD_STES_REVISIONS@DF_STES_REVISIONS(4.0),EA19,Q,ULC,PT_PCOS,_T,201805,2017-Q2,0.05,A,0,1,
OECD.SDD.STES:DSD_STES_REVISIONS@DF_STES_REVISIONS(4.0),EA19,Q,ULC,PT_PCOS,_T,201804,2017-Q2,0.05,A,0,1,
OECD.SDD.STES:DSD_STES_REVISIONS@DF_STES_REVISIONS(4.0),EA19,Q,ULC,PT_PCOS,_T,202212,2017-Q3,0.05,A,0,1,
OECD.SDD.STES:DSD_STES_REVISIONS@DF_STES_REVISIONS(4.0),EA19,Q,ULC,PT_PCOS,_T,202211,2017-Q3,0.05,A,0,1,
OECD.SDD.STES:DSD_STES_REVISIONS@DF_STES_REVISIONS(4.0),EA19,Q,ULC,PT_PCOS,_T,201912,2017-Q3,0.05,A,0,1,
OECD.SDD.STES:DSD_STES_REVISIONS@DF_STES_REVISIONS(4.0),EA19,Q,ULC,PT_PCOS,_T,201911,2017-Q3,0.05,A,0,1,
OECD.SDD.STES:DSD_STES_REVISIONS@DF_STES_REVISIONS(4.0),EA19,Q,ULC,PT_PCOS,_T,202001,2017-Q3,0.05,A,0,1,
OECD.SDD.STES:DSD_STES_REVISIONS@DF_STES_REVISIONS(4.0),EA19,Q,ULC,PT_PCOS,_T,202204,2011-Q2,0.63,A,0,1,
OECD.SDD.STES:DSD_STES_REVISIONS@DF_STES_REVISIONS(4.0),EA19,Q,ULC,PT_PCOS,_T,202206,2011-Q2,0.63,A,0,1,
OECD.SDD.STES:DSD_STES_REVISIONS@DF_STES_REVISIONS(4.0),EA19,Q,ULC,PT_PCOS,_T,202205,2011-Q2,0.63,A,0,1,
OECD.SDD.STES:DSD_STES_REVISIONS@DF_STES_REVISIONS(4.0),EA19,Q,ULC,PT_PCOS,_T,202003,2012-Q1,0.63,A,0,1,
OECD.SDD.STES:DSD_STES_REVISIONS@DF_STES_REVISIONS(4.0),EA19,Q,ULC,PT_PCOS,_T,202010,2012-Q1,0.63,A,0,1,
OECD.SDD.STES:DSD_STES_REVISIONS@DF_STES_REVISIONS(4.0),EA19,Q,ULC,PT_PCOS,_T,202004,2012-Q1,0.63,A,0,1,
OECD.SDD.STES:DSD_STES_REVISIONS@DF_STES_REVISIONS(4.0),EA19,Q,ULC,PT_PCOS,_T,202002,2012-Q1,0.63,A,0,1,
OECD.SDD.STES:DSD_STES_REVISIONS@DF_STES_REVISIONS(4.0),EA19,Q,ULC,PT_PCOS,_T,202007,2012-Q1,0.63,A,0,1,
OECD.SDD.STES:DSD_STES_REVISIONS@DF_STES_REVISIONS(4.0),EA19,Q,ULC,PT_PCOS,_T,202001,2012-Q1,0.63,A,0,1,
OECD.SDD.STES:DSD_STES_REVISIONS@DF_STES_REVISIONS(4.0),EA19,Q,ULC,PT_PCOS,_T,202003,2012-Q2,0.63,A,0,1,
OECD.SDD.STES:DSD_STES_REVISIONS@DF_STES_REVISIONS(4.0),EA19,Q,ULC,PT_PCOS,_T,201912,2012-Q2,0.63,A,0,1,
OECD.SDD.STES:DSD_STES_REVISIONS@DF_STES_REVISIONS(4.0),EA19,Q,ULC,PT_PCOS,_T,202006,2012-Q2,0.63,A,0,1,
OECD.SDD.STES:DSD_STES_REVISIONS@DF_STES_REVISIONS(4.0),EA19,Q,ULC,PT_PCOS,_T,201911,2012-Q2,0.63,A,0,1,
OECD.SDD.STES:DSD_STES_REVISIONS@DF_STES_REVISIONS(4.0),EA19,Q,ULC,PT_PCOS,_T,202002,2012-Q2,0.63,A,0,1,
OECD.SDD.STES:DSD_STES_REVISIONS@DF_STES_REVISIONS(4.0),EA19,Q,ULC,PT_PCOS,_T,202005,2012-Q2,0.63,A,0,1,
OECD.SDD.STES:DSD_STES_REVISIONS@DF_STES_REVISIONS(4.0),EA19,Q,ULC,PT_PCOS,_T,202007,2012-Q2,0.63,A,0,1,
OECD.SDD.STES:DSD_STES_REVISIONS@DF_STES_REVISIONS(4.0),EA19,Q,ULC,PT_PCOS,_T,202009,2012-Q2,0.63,A,0,1,
OECD.SDD.STES:DSD_STES_REVISIONS@DF_STES_REVISIONS(4.0),EA19,Q,ULC,PT_PCOS,_T,202001,2012-Q2,0.63,A,0,1,
OECD.SDD.STES:DSD_STES_REVISIONS@DF_STES_REVISIONS(4.0),EA19,Q,ULC,PT_PCOS,_T,202008,2012-Q2,0.63,A,0,1,
OECD.SDD.STES:DSD_STES_REVISIONS@DF_STES_REVISIONS(4.0),EA19,Q,ULC,PT_PCOS,_T,201902,2013-Q1,0.63,A,0,1,
OECD.SDD.STES:DSD_STES_REVISIONS@DF_STES_REVISIONS(4.0),EA19,Q,ULC,PT_PCOS,_T,201904,2013-Q1,0.63,A,0,1,
OECD.SDD.STES:DSD_STES_REVISIONS@DF_STES_REVISIONS(4.0),EA19,Q,ULC,PT_PCOS,_T,201901,2013-Q1,0.63,A,0,1,
OECD.SDD.STES:DSD_STES_REVISIONS@DF_STES_REVISIONS(4.0),EA19,Q,ULC,PT_PCOS,_T,202301,2013-Q1,0.63,A,0,1,
OECD.SDD.STES:DSD_STES_REVISIONS@DF_STES_REVISIONS(4.0),EA19,Q,ULC,PT_PCOS,_T,202302,2013-Q1,0.63,A,0,1,
OECD.SDD.STES:DSD_STES_REVISIONS@DF_STES_REVISIONS(4.0),EA19,Q,ULC,PT_PCOS,_T,202303,2013-Q1,0.63,A,0,1,
OECD.SDD.STES:DSD_STES_REVISIONS@DF_STES_REVISIONS(4.0),EA19,Q,ULC,PT_PCOS,_T,201707,2013-Q1,0.63,A,0,1,
OECD.SDD.STES:DSD_STES_REVISIONS@DF_STES_REVISIONS(4.0),EA19,Q,ULC,PT_PCOS,_T,201806,2013-Q1,0.63,A,0,1,
OECD.SDD.STES:DSD_STES_REVISIONS@DF_STES_REVISIONS(4.0),EA19,Q,ULC,PT_PCOS,_T,201704,2013-Q1,0.63,A,0,1,
OECD.SDD.STES:DSD_STES_REVISIONS@DF_STES_REVISIONS(4.0),EA19,Q,ULC,PT_PCOS,_T,201706,2013-Q1,0.63,A,0,1,
OECD.SDD.STES:DSD_STES_REVISIONS@DF_STES_REVISIONS(4.0),EA19,Q,ULC,PT_PCOS,_T,201903,2013-Q1,0.63,A,0,1,
OECD.SDD.STES:DSD_STES_REVISIONS@DF_STES_REVISIONS(4.0),EA19,Q,ULC,PT_PCOS,_T,201705,2013-Q1,0.63,A,0,1,
OECD.SDD.STES:DSD_STES_REVISIONS@DF_STES_REVISIONS(4.0),EA19,Q,ULC,PT_PCOS,_T,202109,2018-Q1,0.63,A,0,1,
OECD.SDD.STES:DSD_STES_REVISIONS@DF_STES_REVISIONS(4.0),EA19,Q,ULC,PT_PCOS,_T,202108,2018-Q1,0.63,A,0,1,
OECD.SDD.STES:DSD_STES_REVISIONS@DF_STES_REVISIONS(4.0),EA19,Q,ULC,PT_PCOS,_T,201812,2018-Q2,0.63,A,0,1,
OECD.SDD.STES:DSD_STES_REVISIONS@DF_STES_REVISIONS(4.0),EA19,Q,ULC,PT_PCOS,_T,201811,2018-Q2,0.63,A,0,1,
OECD.SDD.STES:DSD_STES_REVISIONS@DF_STES_REVISIONS(4.0),EA19,Q,ULC,PT_PCOS,_T,202203,2019-Q2,0.63,A,0,1,
OECD.SDD.STES:DSD_STES_REVISIONS@DF_STES_REVISIONS(4.0),EA19,Q,ULC,PT_PCOS,_T,202001,2019-Q2,0.63,A,0,1,
OECD.SDD.STES:DSD_STES_REVISIONS@DF_STES_REVISIONS(4.0),EA19,Q,ULC,PT_PCOS,_T,201612,2011-Q2,0.71,A,0,1,
OECD.SDD.STES:DSD_STES_REVISIONS@DF_STES_REVISIONS(4.0),EA19,Q,ULC,PT_PCOS,_T,201505,2011-Q2,0.71,A,0,1,
OECD.SDD.STES:DSD_STES_REVISIONS@DF_STES_REVISIONS(4.0),EA19,Q,ULC,PT_PCOS,_T,201611,2011-Q2,0.71,A,0,1,
OECD.SDD.STES:DSD_STES_REVISIONS@DF_STES_REVISIONS(4.0),EA19,Q,ULC,PT_PCOS,_T,201711,2011-Q2,0.71,A,0,1,
OECD.SDD.STES:DSD_STES_REVISIONS@DF_STES_REVISIONS(4.0),EA19,Q,ULC,PT_PCOS,_T,201707,2011-Q2,0.71,A,0,1,
OECD.SDD.STES:DSD_STES_REVISIONS@DF_STES_REVISIONS(4.0),EA19,Q,ULC,PT_PCOS,_T,201506,2011-Q2,0.71,A,0,1,
OECD.SDD.STES:DSD_STES_REVISIONS@DF_STES_REVISIONS(4.0),EA19,Q,ULC,PT_PCOS,_T,201504,2011-Q2,0.71,A,0,1,
OECD.SDD.STES:DSD_STES_REVISIONS@DF_STES_REVISIONS(4.0),EA19,Q,ULC,PT_PCOS,_T,201912,2011-Q4,0.71,A,0,1,
OECD.SDD.STES:DSD_STES_REVISIONS@DF_STES_REVISIONS(4.0),EA19,Q,ULC,PT_PCOS,_T,202006,2011-Q4,0.71,A,0,1,
OECD.SDD.STES:DSD_STES_REVISIONS@DF_STES_REVISIONS(4.0),EA19,Q,ULC,PT_PCOS,_T,201609,2011-Q4,0.71,A,0,1,
OECD.SDD.STES:DSD_STES_REVISIONS@DF_STES_REVISIONS(4.0),EA19,Q,ULC,PT_PCOS,_T,201911,2011-Q4,0.71,A,0,1,
OECD.SDD.STES:DSD_STES_REVISIONS@DF_STES_REVISIONS(4.0),EA19,Q,ULC,PT_PCOS,_T,201607,2011-Q4,0.71,A,0,1,
OECD.SDD.STES:DSD_STES_REVISIONS@DF_STES_REVISIONS(4.0),EA19,Q,ULC,PT_PCOS,_T,202007,2011-Q4,0.71,A,0,1,
OECD.SDD.STES:DSD_STES_REVISIONS@DF_STES_REVISIONS(4.0),EA19,Q,ULC,PT_PCOS,_T,201608,2011-Q4,0.71,A,0,1,
OECD.SDD.STES:DSD_STES_REVISIONS@DF_STES_REVISIONS(4.0),EA19,Q,ULC,PT_PCOS,_T,201606,2012-Q2,0.71,A,0,1,
OECD.SDD.STES:DSD_STES_REVISIONS@DF_STES_REVISIONS(4.0),EA19,Q,ULC,PT_PCOS,_T,201605,2012-Q2,0.71,A,0,1,
OECD.SDD.STES:DSD_STES_REVISIONS@DF_STES_REVISIONS(4.0),EA19,Q,ULC,PT_PCOS,_T,201809,2012-Q2,0.71,A,0,1,
OECD.SDD.STES:DSD_STES_REVISIONS@DF_STES_REVISIONS(4.0),EA19,Q,ULC,PT_PCOS,_T,201604,2012-Q2,0.71,A,0,1,
OECD.SDD.STES:DSD_STES_REVISIONS@DF_STES_REVISIONS(4.0),EA19,Q,ULC,PT_PCOS,_T,201808,2012-Q2,0.71,A,0,1,
OECD.SDD.STES:DSD_STES_REVISIONS@DF_STES_REVISIONS(4.0),EA19,Q,ULC,PT_PCOS,_T,202209,2018-Q1,0.71,A,0,1,
OECD.SDD.STES:DSD_STES_REVISIONS@DF_STES_REVISIONS(4.0),EA19,Q,ULC,PT_PCOS,_T,202007,2018-Q2,0.71,A,0,1,
OECD.SDD.STES:DSD_STES_REVISIONS@DF_STES_REVISIONS(4.0),EA19,Q,ULC,PT_PCOS,_T,201902,2018-Q3,0.71,A,0,1,
OECD.SDD.STES:DSD_STES_REVISIONS@DF_STES_REVISIONS(4.0),EA19,Q,ULC,PT_PCOS,_T,201910,2018-Q3,0.71,A,0,1,
OECD.SDD.STES:DSD_STES_REVISIONS@DF_STES_REVISIONS(4.0),EA19,Q,ULC,PT_PCOS,_T,202001,2018-Q3,0.71,A,0,1,
OECD.SDD.STES:DSD_STES_REVISIONS@DF_STES_REVISIONS(4.0),EA19,Q,ULC,PT_PCOS,_T,202011,2019-Q2,0.71,A,0,1,
OECD.SDD.STES:DSD_STES_REVISIONS@DF_STES_REVISIONS(4.0),EA19,Q,ULC,PT_PCOS,_T,202012,2019-Q2,0.71,A,0,1,
OECD.SDD.STES:DSD_STES_REVISIONS@DF_STES_REVISIONS(4.0),EA19,Q,ULC,PT_PCOS,_T,202210,2018-Q1,0.79,A,0,1,
OECD.SDD.STES:DSD_STES_REVISIONS@DF_STES_REVISIONS(4.0),EA19,Q,ULC,PT_PCOS,_T,201606,2011-Q2,0.68,A,0,1,
OECD.SDD.STES:DSD_STES_REVISIONS@DF_STES_REVISIONS(4.0),EA19,Q,ULC,PT_PCOS,_T,201511,2011-Q2,0.68,A,0,1,
OECD.SDD.STES:DSD_STES_REVISIONS@DF_STES_REVISIONS(4.0),EA19,Q,ULC,PT_PCOS,_T,201603,2011-Q2,0.68,A,0,1,
OECD.SDD.STES:DSD_STES_REVISIONS@DF_STES_REVISIONS(4.0),EA19,Q,ULC,PT_PCOS,_T,201807,2011-Q2,0.68,A,0,1,
OECD.SDD.STES:DSD_STES_REVISIONS@DF_STES_REVISIONS(4.0),EA19,Q,ULC,PT_PCOS,_T,201512,2011-Q2,0.68,A,0,1,
OECD.SDD.STES:DSD_STES_REVISIONS@DF_STES_REVISIONS(4.0),EA19,Q,ULC,PT_PCOS,_T,201602,2011-Q2,0.68,A,0,1,
OECD.SDD.STES:DSD_STES_REVISIONS@DF_STES_REVISIONS(4.0),EA19,Q,ULC,PT_PCOS,_T,201510,2011-Q2,0.68,A,0,1,
OECD.SDD.STES:DSD_STES_REVISIONS@DF_STES_REVISIONS(4.0),EA19,Q,ULC,PT_PCOS,_T,201605,2011-Q2,0.68,A,0,1,
OECD.SDD.STES:DSD_STES_REVISIONS@DF_STES_REVISIONS(4.0),EA19,Q,ULC,PT_PCOS,_T,201604,2011-Q2,0.68,A,0,1,
OECD.SDD.STES:DSD_STES_REVISIONS@DF_STES_REVISIONS(4.0),EA19,Q,ULC,PT_PCOS,_T,201910,2011-Q2,0.68,A,0,1,
OECD.SDD.STES:DSD_STES_REVISIONS@DF_STES_REVISIONS(4.0),EA19,Q,ULC,PT_PCOS,_T,201601,2011-Q2,0.68,A,0,1,
OECD.SDD.STES:DSD_STES_REVISIONS@DF_STES_REVISIONS(4.0),EA19,Q,ULC,PT_PCOS,_T,201905,2011-Q4,0.68,A,0,1,
OECD.SDD.STES:DSD_STES_REVISIONS@DF_STES_REVISIONS(4.0),EA19,Q,ULC,PT_PCOS,_T,201505,2011-Q4,0.68,A,0,1,
OECD.SDD.STES:DSD_STES_REVISIONS@DF_STES_REVISIONS(4.0),EA19,Q,ULC,PT_PCOS,_T,201506,2011-Q4,0.68,A,0,1,
OECD.SDD.STES:DSD_STES_REVISIONS@DF_STES_REVISIONS(4.0),EA19,Q,ULC,PT_PCOS,_T,201906,2011-Q4,0.68,A,0,1,
OECD.SDD.STES:DSD_STES_REVISIONS@DF_STES_REVISIONS(4.0),EA19,Q,ULC,PT_PCOS,_T,201504,2011-Q4,0.68,A,0,1,
OECD.SDD.STES:DSD_STES_REVISIONS@DF_STES_REVISIONS(4.0),EA19,Q,ULC,PT_PCOS,_T,201511,2012-Q2,0.68,A,0,1,
OECD.SDD.STES:DSD_STES_REVISIONS@DF_STES_REVISIONS(4.0),EA19,Q,ULC,PT_PCOS,_T,201512,2012-Q2,0.68,A,0,1,
OECD.SDD.STES:DSD_STES_REVISIONS@DF_STES_REVISIONS(4.0),EA19,Q,ULC,PT_PCOS,_T,201507,2012-Q2,0.68,A,0,1,
OECD.SDD.STES:DSD_STES_REVISIONS@DF_STES_REVISIONS(4.0),EA19,Q,ULC,PT_PCOS,_T,201710,2012-Q2,0.68,A,0,1,
OECD.SDD.STES:DSD_STES_REVISIONS@DF_STES_REVISIONS(4.0),EA19,Q,ULC,PT_PCOS,_T,201510,2012-Q2,0.68,A,0,1,
OECD.SDD.STES:DSD_STES_REVISIONS@DF_STES_REVISIONS(4.0),EA19,Q,ULC,PT_PCOS,_T,201509,2012-Q2,0.68,A,0,1,
OECD.SDD.STES:DSD_STES_REVISIONS@DF_STES_REVISIONS(4.0),EA19,Q,ULC,PT_PCOS,_T,201707,2012-Q2,0.68,A,0,1,
OECD.SDD.STES:DSD_STES_REVISIONS@DF_STES_REVISIONS(4.0),EA19,Q,ULC,PT_PCOS,_T,201712,2012-Q2,0.68,A,0,1,
OECD.SDD.STES:DSD_STES_REVISIONS@DF_STES_REVISIONS(4.0),EA19,Q,ULC,PT_PCOS,_T,201508,2012-Q2,0.68,A,0,1,
OECD.SDD.STES:DSD_STES_REVISIONS@DF_STES_REVISIONS(4.0),EA19,Q,ULC,PT_PCOS,_T,201804,2012-Q2,0.68,A,0,1,
OECD.SDD.STES:DSD_STES_REVISIONS@DF_STES_REVISIONS(4.0),EA19,Q,ULC,PT_PCOS,_T,201912,2013-Q1,0.68,A,0,1,
OECD.SDD.STES:DSD_STES_REVISIONS@DF_STES_REVISIONS(4.0),EA19,Q,ULC,PT_PCOS,_T,202105,2013-Q1,0.68,A,0,1,
OECD.SDD.STES:DSD_STES_REVISIONS@DF_STES_REVISIONS(4.0),EA19,Q,ULC,PT_PCOS,_T,202102,2013-Q1,0.68,A,0,1,
OECD.SDD.STES:DSD_STES_REVISIONS@DF_STES_REVISIONS(4.0),EA19,Q,ULC,PT_PCOS,_T,202106,2013-Q1,0.68,A,0,1,
OECD.SDD.STES:DSD_STES_REVISIONS@DF_STES_REVISIONS(4.0),EA19,Q,ULC,PT_PCOS,_T,202006,2013-Q1,0.68,A,0,1,
OECD.SDD.STES:DSD_STES_REVISIONS@DF_STES_REVISIONS(4.0),EA19,Q,ULC,PT_PCOS,_T,202103,2013-Q1,0.68,A,0,1,
OECD.SDD.STES:DSD_STES_REVISIONS@DF_STES_REVISIONS(4.0),EA19,Q,ULC,PT_PCOS,_T,201911,2013-Q1,0.68,A,0,1,
OECD.SDD.STES:DSD_STES_REVISIONS@DF_STES_REVISIONS(4.0),EA19,Q,ULC,PT_PCOS,_T,202104,2013-Q1,0.68,A,0,1,
OECD.SDD.STES:DSD_STES_REVISIONS@DF_STES_REVISIONS(4.0),EA19,Q,ULC,PT_PCOS,_T,202105,2018-Q1,0.68,A,0,1,
OECD.SDD.STES:DSD_STES_REVISIONS@DF_STES_REVISIONS(4.0),EA19,Q,ULC,PT_PCOS,_T,202106,2018-Q1,0.68,A,0,1,
OECD.SDD.STES:DSD_STES_REVISIONS@DF_STES_REVISIONS(4.0),EA19,Q,ULC,PT_PCOS,_T,202104,2018-Q1,0.68,A,0,1,
OECD.SDD.STES:DSD_STES_REVISIONS@DF_STES_REVISIONS(4.0),EA19,Q,ULC,PT_PCOS,_T,202102,2018-Q2,0.68,A,0,1,
OECD.SDD.STES:DSD_STES_REVISIONS@DF_STES_REVISIONS(4.0),EA19,Q,ULC,PT_PCOS,_T,202101,2018-Q2,0.68,A,0,1,
OECD.SDD.STES:DSD_STES_REVISIONS@DF_STES_REVISIONS(4.0),EA19,Q,ULC,PT_PCOS,_T,202103,2018-Q2,0.68,A,0,1,
OECD.SDD.STES:DSD_STES_REVISIONS@DF_STES_REVISIONS(4.0),EA19,Q,ULC,PT_PCOS,_T,201910,2018-Q2,0.68,A,0,1,
OECD.SDD.STES:DSD_STES_REVISIONS@DF_STES_REVISIONS(4.0),EA19,Q,ULC,PT_PCOS,_T,201507,2012-Q3,0.18,A,0,1,
OECD.SDD.STES:DSD_STES_REVISIONS@DF_STES_REVISIONS(4.0),EA19,Q,ULC,PT_PCOS,_T,201509,2012-Q3,0.18,A,0,1,
OECD.SDD.STES:DSD_STES_REVISIONS@DF_STES_REVISIONS(4.0),EA19,Q,ULC,PT_PCOS,_T,201508,2012-Q3,0.18,A,0,1,
OECD.SDD.STES:DSD_STES_REVISIONS@DF_STES_REVISIONS(4.0),EA19,Q,ULC,PT_PCOS,_T,201703,2016-Q2,0.18,A,0,1,
OECD.SDD.STES:DSD_STES_REVISIONS@DF_STES_REVISIONS(4.0),EA19,Q,ULC,PT_PCOS,_T,201702,2016-Q2,0.18,A,0,1,
OECD.SDD.STES:DSD_STES_REVISIONS@DF_STES_REVISIONS(4.0),EA19,Q,ULC,PT_PCOS,_T,202010,2017-Q1,0.18,A,0,1,
OECD.SDD.STES:DSD_STES_REVISIONS@DF_STES_REVISIONS(4.0),EA19,Q,ULC,PT_PCOS,_T,202102,2017-Q1,0.18,A,0,1,
OECD.SDD.STES:DSD_STES_REVISIONS@DF_STES_REVISIONS(4.0),EA19,Q,ULC,PT_PCOS,_T,202101,2017-Q1,0.18,A,0,1,
OECD.SDD.STES:DSD_STES_REVISIONS@DF_STES_REVISIONS(4.0),EA19,Q,ULC,PT_PCOS,_T,202103,2017-Q1,0.18,A,0,1,
OECD.SDD.STES:DSD_STES_REVISIONS@DF_STES_REVISIONS(4.0),EA19,Q,ULC,PT_PCOS,_T,202110,2017-Q1,0.18,A,0,1,
OECD.SDD.STES:DSD_STES_REVISIONS@DF_STES_REVISIONS(4.0),EA19,Q,ULC,PT_PCOS,_T,202108,2017-Q3,0.18,A,0,1,
OECD.SDD.STES:DSD_STES_REVISIONS@DF_STES_REVISIONS(4.0),EA19,Q,ULC,PT_PCOS,_T,202011,2019-Q1,0.18,A,0,1,
OECD.SDD.STES:DSD_STES_REVISIONS@DF_STES_REVISIONS(4.0),EA19,Q,ULC,PT_PCOS,_T,202012,2019-Q1,0.18,A,0,1,
OECD.SDD.STES:DSD_STES_REVISIONS@DF_STES_REVISIONS(4.0),EA19,Q,ULC,PT_PCOS,_T,201905,2012-Q1,0.49,A,0,1,
OECD.SDD.STES:DSD_STES_REVISIONS@DF_STES_REVISIONS(4.0),EA19,Q,ULC,PT_PCOS,_T,201807,2012-Q1,0.49,A,0,1,
OECD.SDD.STES:DSD_STES_REVISIONS@DF_STES_REVISIONS(4.0),EA19,Q,ULC,PT_PCOS,_T,201908,2012-Q1,0.49,A,0,1,
OECD.SDD.STES:DSD_STES_REVISIONS@DF_STES_REVISIONS(4.0),EA19,Q,ULC,PT_PCOS,_T,201909,2012-Q1,0.49,A,0,1,
OECD.SDD.STES:DSD_STES_REVISIONS@DF_STES_REVISIONS(4.0),EA19,Q,ULC,PT_PCOS,_T,201907,2012-Q1,0.49,A,0,1,
OECD.SDD.STES:DSD_STES_REVISIONS@DF_STES_REVISIONS(4.0),EA19,Q,ULC,PT_PCOS,_T,201806,2012-Q1,0.49,A,0,1,
OECD.SDD.STES:DSD_STES_REVISIONS@DF_STES_REVISIONS(4.0),EA19,Q,ULC,PT_PCOS,_T,201704,2012-Q1,0.49,A,0,1,
OECD.SDD.STES:DSD_STES_REVISIONS@DF_STES_REVISIONS(4.0),EA19,Q,ULC,PT_PCOS,_T,201906,2012-Q1,0.49,A,0,1,
OECD.SDD.STES:DSD_STES_REVISIONS@DF_STES_REVISIONS(4.0),EA19,Q,ULC,PT_PCOS,_T,201810,2012-Q1,0.49,A,0,1,
OECD.SDD.STES:DSD_STES_REVISIONS@DF_STES_REVISIONS(4.0),EA19,Q,ULC,PT_PCOS,_T,201902,2018-Q1,0.49,A,0,1,
OECD.SDD.STES:DSD_STES_REVISIONS@DF_STES_REVISIONS(4.0),EA19,Q,ULC,PT_PCOS,_T,202004,2018-Q1,0.49,A,0,1,
OECD.SDD.STES:DSD_STES_REVISIONS@DF_STES_REVISIONS(4.0),EA19,Q,ULC,PT_PCOS,_T,201901,2018-Q1,0.49,A,0,1,
OECD.SDD.STES:DSD_STES_REVISIONS@DF_STES_REVISIONS(4.0),EA19,Q,ULC,PT_PCOS,_T,202005,2018-Q1,0.49,A,0,1,
OECD.SDD.STES:DSD_STES_REVISIONS@DF_STES_REVISIONS(4.0),EA19,Q,ULC,PT_PCOS,_T,202110,2019-Q3,0.49,A,0,1,
OECD.SDD.STES:DSD_STES_REVISIONS@DF_STES_REVISIONS(4.0),EA19,Q,ULC,PT_PCOS,_T,201805,2009-Q2,0.09,A,0,1,
OECD.SDD.STES:DSD_STES_REVISIONS@DF_STES_REVISIONS(4.0),EA19,Q,ULC,PT_PCOS,_T,201804,2009-Q2,0.09,A,0,1,
OECD.SDD.STES:DSD_STES_REVISIONS@DF_STES_REVISIONS(4.0),EA19,Q,ULC,PT_PCOS,_T,201807,2009-Q3,0.09,A,0,1,
OECD.SDD.STES:DSD_STES_REVISIONS@DF_STES_REVISIONS(4.0),EA19,Q,ULC,PT_PCOS,_T,201802,2009-Q3,0.09,A,0,1,
OECD.SDD.STES:DSD_STES_REVISIONS@DF_STES_REVISIONS(4.0),EA19,Q,ULC,PT_PCOS,_T,201801,2009-Q3,0.09,A,0,1,
OECD.SDD.STES:DSD_STES_REVISIONS@DF_STES_REVISIONS(4.0),EA19,Q,ULC,PT_PCOS,_T,201910,2009-Q3,0.09,A,0,1,
OECD.SDD.STES:DSD_STES_REVISIONS@DF_STES_REVISIONS(4.0),EA19,Q,ULC,PT_PCOS,_T,201803,2009-Q3,0.09,A,0,1,
OECD.SDD.STES:DSD_STES_REVISIONS@DF_STES_REVISIONS(4.0),EA19,Q,ULC,PT_PCOS,_T,201712,2009-Q3,0.09,A,0,1,
OECD.SDD.STES:DSD_STES_REVISIONS@DF_STES_REVISIONS(4.0),EA19,Q,ULC,PT_PCOS,_T,201610,2010-Q4,0.09,A,0,1,
OECD.SDD.STES:DSD_STES_REVISIONS@DF_STES_REVISIONS(4.0),EA19,Q,ULC,PT_PCOS,_T,201612,2010-Q4,0.09,A,0,1,
OECD.SDD.STES:DSD_STES_REVISIONS@DF_STES_REVISIONS(4.0),EA19,Q,ULC,PT_PCOS,_T,201611,2010-Q4,0.09,A,0,1,
OECD.SDD.STES:DSD_STES_REVISIONS@DF_STES_REVISIONS(4.0),EA19,Q,ULC,PT_PCOS,_T,201905,2011-Q3,0.09,A,0,1,
OECD.SDD.STES:DSD_STES_REVISIONS@DF_STES_REVISIONS(4.0),EA19,Q,ULC,PT_PCOS,_T,202201,2011-Q3,0.09,A,0,1,
OECD.SDD.STES:DSD_STES_REVISIONS@DF_STES_REVISIONS(4.0),EA19,Q,ULC,PT_PCOS,_T,202202,2011-Q3,0.09,A,0,1,
OECD.SDD.STES:DSD_STES_REVISIONS@DF_STES_REVISIONS(4.0),EA19,Q,ULC,PT_PCOS,_T,201612,2011-Q3,0.09,A,0,1,
OECD.SDD.STES:DSD_STES_REVISIONS@DF_STES_REVISIONS(4.0),EA19,Q,ULC,PT_PCOS,_T,201901,2011-Q3,0.09,A,0,1,
OECD.SDD.STES:DSD_STES_REVISIONS@DF_STES_REVISIONS(4.0),EA19,Q,ULC,PT_PCOS,_T,201611,2011-Q3,0.09,A,0,1,
OECD.SDD.STES:DSD_STES_REVISIONS@DF_STES_REVISIONS(4.0),EA19,Q,ULC,PT_PCOS,_T,202111,2011-Q3,0.09,A,0,1,
OECD.SDD.STES:DSD_STES_REVISIONS@DF_STES_REVISIONS(4.0),EA19,Q,ULC,PT_PCOS,_T,202112,2011-Q3,0.09,A,0,1,
OECD.SDD.STES:DSD_STES_REVISIONS@DF_STES_REVISIONS(4.0),EA19,Q,ULC,PT_PCOS,_T,201906,2011-Q3,0.09,A,0,1,
OECD.SDD.STES:DSD_STES_REVISIONS@DF_STES_REVISIONS(4.0),EA19,Q,ULC,PT_PCOS,_T,202203,2011-Q3,0.09,A,0,1,
OECD.SDD.STES:DSD_STES_REVISIONS@DF_STES_REVISIONS(4.0),EA19,Q,ULC,PT_PCOS,_T,202209,2016-Q4,0.09,A,0,1,
OECD.SDD.STES:DSD_STES_REVISIONS@DF_STES_REVISIONS(4.0),EA19,Q,ULC,PT_PCOS,_T,202011,2016-Q4,0.09,A,0,1,
OECD.SDD.STES:DSD_STES_REVISIONS@DF_STES_REVISIONS(4.0),EA19,Q,ULC,PT_PCOS,_T,202012,2016-Q4,0.09,A,0,1,
OECD.SDD.STES:DSD_STES_REVISIONS@DF_STES_REVISIONS(4.0),EA19,Q,ULC,PT_PCOS,_T,201908,2017-Q2,0.09,A,0,1,
OECD.SDD.STES:DSD_STES_REVISIONS@DF_STES_REVISIONS(4.0),EA19,Q,ULC,PT_PCOS,_T,202010,2017-Q2,0.09,A,0,1,
OECD.SDD.STES:DSD_STES_REVISIONS@DF_STES_REVISIONS(4.0),EA19,Q,ULC,PT_PCOS,_T,201909,2017-Q2,0.09,A,0,1,
OECD.SDD.STES:DSD_STES_REVISIONS@DF_STES_REVISIONS(4.0),EA19,Q,ULC,PT_PCOS,_T,201904,2017-Q2,0.09,A,0,1,
OECD.SDD.STES:DSD_STES_REVISIONS@DF_STES_REVISIONS(4.0),EA19,Q,ULC,PT_PCOS,_T,201802,2017-Q2,0.09,A,0,1,
OECD.SDD.STES:DSD_STES_REVISIONS@DF_STES_REVISIONS(4.0),EA19,Q,ULC,PT_PCOS,_T,201711,2017-Q2,0.09,A,0,1,
OECD.SDD.STES:DSD_STES_REVISIONS@DF_STES_REVISIONS(4.0),EA19,Q,ULC,PT_PCOS,_T,201801,2017-Q2,0.09,A,0,1,
OECD.SDD.STES:DSD_STES_REVISIONS@DF_STES_REVISIONS(4.0),EA19,Q,ULC,PT_PCOS,_T,201803,2017-Q2,0.09,A,0,1,
OECD.SDD.STES:DSD_STES_REVISIONS@DF_STES_REVISIONS(4.0),EA19,Q,ULC,PT_PCOS,_T,201903,2017-Q2,0.09,A,0,1,
OECD.SDD.STES:DSD_STES_REVISIONS@DF_STES_REVISIONS(4.0),EA19,Q,ULC,PT_PCOS,_T,202011,2011-Q4,0.77,A,0,1,
OECD.SDD.STES:DSD_STES_REVISIONS@DF_STES_REVISIONS(4.0),EA19,Q,ULC,PT_PCOS,_T,202301,2011-Q4,0.77,A,0,1,
OECD.SDD.STES:DSD_STES_REVISIONS@DF_STES_REVISIONS(4.0),EA19,Q,ULC,PT_PCOS,_T,202302,2011-Q4,0.77,A,0,1,
OECD.SDD.STES:DSD_STES_REVISIONS@DF_STES_REVISIONS(4.0),EA19,Q,ULC,PT_PCOS,_T,202303,2011-Q4,0.77,A,0,1,
OECD.SDD.STES:DSD_STES_REVISIONS@DF_STES_REVISIONS(4.0),EA19,Q,ULC,PT_PCOS,_T,201910,2011-Q4,0.77,A,0,1,
OECD.SDD.STES:DSD_STES_REVISIONS@DF_STES_REVISIONS(4.0),EA19,Q,ULC,PT_PCOS,_T,202012,2011-Q4,0.77,A,0,1,
OECD.SDD.STES:DSD_STES_REVISIONS@DF_STES_REVISIONS(4.0),EA19,Q,ULC,PT_PCOS,_T,202001,2018-Q2,0.77,A,0,1,
OECD.SDD.STES:DSD_STES_REVISIONS@DF_STES_REVISIONS(4.0),EA19,Q,ULC,PT_PCOS,_T,201812,2012-Q1,0.48,A,0,1,
OECD.SDD.STES:DSD_STES_REVISIONS@DF_STES_REVISIONS(4.0),EA19,Q,ULC,PT_PCOS,_T,201710,2012-Q1,0.48,A,0,1,
OECD.SDD.STES:DSD_STES_REVISIONS@DF_STES_REVISIONS(4.0),EA19,Q,ULC,PT_PCOS,_T,201612,2012-Q1,0.48,A,0,1,
OECD.SDD.STES:DSD_STES_REVISIONS@DF_STES_REVISIONS(4.0),EA19,Q,ULC,PT_PCOS,_T,201611,2012-Q1,0.48,A,0,1,
OECD.SDD.STES:DSD_STES_REVISIONS@DF_STES_REVISIONS(4.0),EA19,Q,ULC,PT_PCOS,_T,201711,2012-Q1,0.48,A,0,1,
OECD.SDD.STES:DSD_STES_REVISIONS@DF_STES_REVISIONS(4.0),EA19,Q,ULC,PT_PCOS,_T,201707,2012-Q1,0.48,A,0,1,
OECD.SDD.STES:DSD_STES_REVISIONS@DF_STES_REVISIONS(4.0),EA19,Q,ULC,PT_PCOS,_T,201811,2012-Q1,0.48,A,0,1,
OECD.SDD.STES:DSD_STES_REVISIONS@DF_STES_REVISIONS(4.0),EA19,Q,ULC,PT_PCOS,_T,201804,2012-Q1,0.48,A,0,1,
OECD.SDD.STES:DSD_STES_REVISIONS@DF_STES_REVISIONS(4.0),EA19,Q,ULC,PT_PCOS,_T,201812,2018-Q1,0.48,A,0,1,
OECD.SDD.STES:DSD_STES_REVISIONS@DF_STES_REVISIONS(4.0),EA19,Q,ULC,PT_PCOS,_T,201811,2018-Q1,0.48,A,0,1,
OECD.SDD.STES:DSD_STES_REVISIONS@DF_STES_REVISIONS(4.0),EA19,Q,ULC,PT_PCOS,_T,201905,2018-Q4,0.48,A,0,1,
OECD.SDD.STES:DSD_STES_REVISIONS@DF_STES_REVISIONS(4.0),EA19,Q,ULC,PT_PCOS,_T,201906,2018-Q4,0.48,A,0,1,
OECD.SDD.STES:DSD_STES_REVISIONS@DF_STES_REVISIONS(4.0),EA19,Q,ULC,PT_PCOS,_T,201503,2010-Q4,0.19,A,0,1,
OECD.SDD.STES:DSD_STES_REVISIONS@DF_STES_REVISIONS(4.0),EA19,Q,ULC,PT_PCOS,_T,201502,2010-Q4,0.19,A,0,1,
OECD.SDD.STES:DSD_STES_REVISIONS@DF_STES_REVISIONS(4.0),EA19,Q,ULC,PT_PCOS,_T,201606,2012-Q3,0.19,A,0,1,
OECD.SDD.STES:DSD_STES_REVISIONS@DF_STES_REVISIONS(4.0),EA19,Q,ULC,PT_PCOS,_T,201511,2012-Q3,0.19,A,0,1,
OECD.SDD.STES:DSD_STES_REVISIONS@DF_STES_REVISIONS(4.0),EA19,Q,ULC,PT_PCOS,_T,202003,2012-Q3,0.19,A,0,1,
OECD.SDD.STES:DSD_STES_REVISIONS@DF_STES_REVISIONS(4.0),EA19,Q,ULC,PT_PCOS,_T,201512,2012-Q3,0.19,A,0,1,
OECD.SDD.STES:DSD_STES_REVISIONS@DF_STES_REVISIONS(4.0),EA19,Q,ULC,PT_PCOS,_T,202006,2012-Q3,0.19,A,0,1,
OECD.SDD.STES:DSD_STES_REVISIONS@DF_STES_REVISIONS(4.0),EA19,Q,ULC,PT_PCOS,_T,201510,2012-Q3,0.19,A,0,1,
OECD.SDD.STES:DSD_STES_REVISIONS@DF_STES_REVISIONS(4.0),EA19,Q,ULC,PT_PCOS,_T,201605,2012-Q3,0.19,A,0,1,
OECD.SDD.STES:DSD_STES_REVISIONS@DF_STES_REVISIONS(4.0),EA19,Q,ULC,PT_PCOS,_T,201505,2012-Q3,0.19,A,0,1,
OECD.SDD.STES:DSD_STES_REVISIONS@DF_STES_REVISIONS(4.0),EA19,Q,ULC,PT_PCOS,_T,202002,2012-Q3,0.19,A,0,1,
OECD.SDD.STES:DSD_STES_REVISIONS@DF_STES_REVISIONS(4.0),EA19,Q,ULC,PT_PCOS,_T,201604,2012-Q3,0.19,A,0,1,
OECD.SDD.STES:DSD_STES_REVISIONS@DF_STES_REVISIONS(4.0),EA19,Q,ULC,PT_PCOS,_T,201506,2012-Q3,0.19,A,0,1,
OECD.SDD.STES:DSD_STES_REVISIONS@DF_STES_REVISIONS(4.0),EA19,Q,ULC,PT_PCOS,_T,202005,2012-Q3,0.19,A,0,1,
OECD.SDD.STES:DSD_STES_REVISIONS@DF_STES_REVISIONS(4.0),EA19,Q,ULC,PT_PCOS,_T,202007,2012-Q3,0.19,A,0,1,
OECD.SDD.STES:DSD_STES_REVISIONS@DF_STES_REVISIONS(4.0),EA19,Q,ULC,PT_PCOS,_T,201504,2012-Q3,0.19,A,0,1,
OECD.SDD.STES:DSD_STES_REVISIONS@DF_STES_REVISIONS(4.0),EA19,Q,ULC,PT_PCOS,_T,202001,2012-Q3,0.19,A,0,1,
OECD.SDD.STES:DSD_STES_REVISIONS@DF_STES_REVISIONS(4.0),EA19,Q,ULC,PT_PCOS,_T,201704,2016-Q1,0.19,A,0,1,
OECD.SDD.STES:DSD_STES_REVISIONS@DF_STES_REVISIONS(4.0),EA19,Q,ULC,PT_PCOS,_T,201804,2016-Q2,0.19,A,0,1,
OECD.SDD.STES:DSD_STES_REVISIONS@DF_STES_REVISIONS(4.0),EA19,Q,ULC,PT_PCOS,_T,201704,2016-Q3,0.19,A,0,1,
OECD.SDD.STES:DSD_STES_REVISIONS@DF_STES_REVISIONS(4.0),EA19,Q,ULC,PT_PCOS,_T,202208,2016-Q3,0.19,A,0,1,
OECD.SDD.STES:DSD_STES_REVISIONS@DF_STES_REVISIONS(4.0),EA19,Q,ULC,PT_PCOS,_T,201807,2016-Q4,0.19,A,0,1,
OECD.SDD.STES:DSD_STES_REVISIONS@DF_STES_REVISIONS(4.0),EA19,Q,ULC,PT_PCOS,_T,201806,2016-Q4,0.19,A,0,1,
OECD.SDD.STES:DSD_STES_REVISIONS@DF_STES_REVISIONS(4.0),EA19,Q,ULC,PT_PCOS,_T,201905,2017-Q1,0.19,A,0,1,
OECD.SDD.STES:DSD_STES_REVISIONS@DF_STES_REVISIONS(4.0),EA19,Q,ULC,PT_PCOS,_T,202201,2017-Q1,0.19,A,0,1,
OECD.SDD.STES:DSD_STES_REVISIONS@DF_STES_REVISIONS(4.0),EA19,Q,ULC,PT_PCOS,_T,202202,2017-Q1,0.19,A,0,1,
OECD.SDD.STES:DSD_STES_REVISIONS@DF_STES_REVISIONS(4.0),EA19,Q,ULC,PT_PCOS,_T,201907,2017-Q1,0.19,A,0,1,
OECD.SDD.STES:DSD_STES_REVISIONS@DF_STES_REVISIONS(4.0),EA19,Q,ULC,PT_PCOS,_T,201904,2017-Q1,0.19,A,0,1,
OECD.SDD.STES:DSD_STES_REVISIONS@DF_STES_REVISIONS(4.0),EA19,Q,ULC,PT_PCOS,_T,201901,2017-Q1,0.19,A,0,1,
OECD.SDD.STES:DSD_STES_REVISIONS@DF_STES_REVISIONS(4.0),EA19,Q,ULC,PT_PCOS,_T,201805,2017-Q1,0.19,A,0,1,
OECD.SDD.STES:DSD_STES_REVISIONS@DF_STES_REVISIONS(4.0),EA19,Q,ULC,PT_PCOS,_T,201906,2017-Q1,0.19,A,0,1,
OECD.SDD.STES:DSD_STES_REVISIONS@DF_STES_REVISIONS(4.0),EA19,Q,ULC,PT_PCOS,_T,201903,2017-Q1,0.19,A,0,1,
OECD.SDD.STES:DSD_STES_REVISIONS@DF_STES_REVISIONS(4.0),EA19,Q,ULC,PT_PCOS,_T,202109,2017-Q3,0.19,A,0,1,
OECD.SDD.STES:DSD_STES_REVISIONS@DF_STES_REVISIONS(4.0),EA19,Q,ULC,PT_PCOS,_T,201812,2017-Q3,0.19,A,0,1,
OECD.SDD.STES:DSD_STES_REVISIONS@DF_STES_REVISIONS(4.0),EA19,Q,ULC,PT_PCOS,_T,201811,2017-Q3,0.19,A,0,1,
OECD.SDD.STES:DSD_STES_REVISIONS@DF_STES_REVISIONS(4.0),EA19,Q,ULC,PT_PCOS,_T,202108,2019-Q1,0.19,A,0,1,
OECD.SDD.STES:DSD_STES_REVISIONS@DF_STES_REVISIONS(4.0),EA19,Q,ULC,PT_PCOS,_T,202210,2012-Q4,0.43,A,0,1,
OECD.SDD.STES:DSD_STES_REVISIONS@DF_STES_REVISIONS(4.0),EA19,Q,ULC,PT_PCOS,_T,202207,2012-Q4,0.43,A,0,1,
OECD.SDD.STES:DSD_STES_REVISIONS@DF_STES_REVISIONS(4.0),EA19,Q,ULC,PT_PCOS,_T,201904,2018-Q4,0.43,A,0,1,
OECD.SDD.STES:DSD_STES_REVISIONS@DF_STES_REVISIONS(4.0),EA19,Q,ULC,PT_PCOS,_T,202007,2018-Q4,0.43,A,0,1,
OECD.SDD.STES:DSD_STES_REVISIONS@DF_STES_REVISIONS(4.0),EA19,Q,ULC,PT_PCOS,_T,201903,2018-Q4,0.43,A,0,1,
OECD.SDD.STES:DSD_STES_REVISIONS@DF_STES_REVISIONS(4.0),EA19,Q,ULC,PT_PCOS,_T,202301,2019-Q1,0.43,A,0,1,
OECD.SDD.STES:DSD_STES_REVISIONS@DF_STES_REVISIONS(4.0),EA19,Q,ULC,PT_PCOS,_T,202302,2019-Q1,0.43,A,0,1,
OECD.SDD.STES:DSD_STES_REVISIONS@DF_STES_REVISIONS(4.0),EA19,Q,ULC,PT_PCOS,_T,202303,2019-Q1,0.43,A,0,1,
OECD.SDD.STES:DSD_STES_REVISIONS@DF_STES_REVISIONS(4.0),EA19,Q,ULC,PT_PCOS,_T,202301,2019-Q3,0.43,A,0,1,
OECD.SDD.STES:DSD_STES_REVISIONS@DF_STES_REVISIONS(4.0),EA19,Q,ULC,PT_PCOS,_T,202302,2019-Q3,0.43,A,0,1,
OECD.SDD.STES:DSD_STES_REVISIONS@DF_STES_REVISIONS(4.0),EA19,Q,ULC,PT_PCOS,_T,202303,2019-Q3,0.43,A,0,1,
OECD.SDD.STES:DSD_STES_REVISIONS@DF_STES_REVISIONS(4.0),EA19,Q,ULC,PT_PCOS,_T,201503,2012-Q1,0.41,A,0,1,
OECD.SDD.STES:DSD_STES_REVISIONS@DF_STES_REVISIONS(4.0),EA19,Q,ULC,PT_PCOS,_T,201502,2012-Q1,0.41,A,0,1,
OECD.SDD.STES:DSD_STES_REVISIONS@DF_STES_REVISIONS(4.0),EA19,Q,ULC,PT_PCOS,_T,202003,2012-Q4,0.41,A,0,1,
OECD.SDD.STES:DSD_STES_REVISIONS@DF_STES_REVISIONS(4.0),EA19,Q,ULC,PT_PCOS,_T,202204,2012-Q4,0.41,A,0,1,
OECD.SDD.STES:DSD_STES_REVISIONS@DF_STES_REVISIONS(4.0),EA19,Q,ULC,PT_PCOS,_T,202105,2012-Q4,0.41,A,0,1,
OECD.SDD.STES:DSD_STES_REVISIONS@DF_STES_REVISIONS(4.0),EA19,Q,ULC,PT_PCOS,_T,202102,2012-Q4,0.41,A,0,1,
OECD.SDD.STES:DSD_STES_REVISIONS@DF_STES_REVISIONS(4.0),EA19,Q,ULC,PT_PCOS,_T,202106,2012-Q4,0.41,A,0,1,
OECD.SDD.STES:DSD_STES_REVISIONS@DF_STES_REVISIONS(4.0),EA19,Q,ULC,PT_PCOS,_T,202206,2012-Q4,0.41,A,0,1,
OECD.SDD.STES:DSD_STES_REVISIONS@DF_STES_REVISIONS(4.0),EA19,Q,ULC,PT_PCOS,_T,202103,2012-Q4,0.41,A,0,1,
OECD.SDD.STES:DSD_STES_REVISIONS@DF_STES_REVISIONS(4.0),EA19,Q,ULC,PT_PCOS,_T,202205,2012-Q4,0.41,A,0,1,
OECD.SDD.STES:DSD_STES_REVISIONS@DF_STES_REVISIONS(4.0),EA19,Q,ULC,PT_PCOS,_T,202104,2012-Q4,0.41,A,0,1,
OECD.SDD.STES:DSD_STES_REVISIONS@DF_STES_REVISIONS(4.0),EA19,Q,ULC,PT_PCOS,_T,202002,2012-Q4,0.41,A,0,1,
OECD.SDD.STES:DSD_STES_REVISIONS@DF_STES_REVISIONS(4.0),EA19,Q,ULC,PT_PCOS,_T,202005,2012-Q4,0.41,A,0,1,
OECD.SDD.STES:DSD_STES_REVISIONS@DF_STES_REVISIONS(4.0),EA19,Q,ULC,PT_PCOS,_T,202007,2012-Q4,0.41,A,0,1,
OECD.SDD.STES:DSD_STES_REVISIONS@DF_STES_REVISIONS(4.0),EA19,Q,ULC,PT_PCOS,_T,202009,2012-Q4,0.41,A,0,1,
OECD.SDD.STES:DSD_STES_REVISIONS@DF_STES_REVISIONS(4.0),EA19,Q,ULC,PT_PCOS,_T,202001,2012-Q4,0.41,A,0,1,
OECD.SDD.STES:DSD_STES_REVISIONS@DF_STES_REVISIONS(4.0),EA19,Q,ULC,PT_PCOS,_T,202008,2012-Q4,0.41,A,0,1,
OECD.SDD.STES:DSD_STES_REVISIONS@DF_STES_REVISIONS(4.0),EA19,Q,ULC,PT_PCOS,_T,202107,2012-Q4,0.41,A,0,1,
OECD.SDD.STES:DSD_STES_REVISIONS@DF_STES_REVISIONS(4.0),EA19,Q,ULC,PT_PCOS,_T,202009,2018-Q4,0.41,A,0,1,
OECD.SDD.STES:DSD_STES_REVISIONS@DF_STES_REVISIONS(4.0),EA19,Q,ULC,PT_PCOS,_T,202008,2018-Q4,0.41,A,0,1,
OECD.SDD.STES:DSD_STES_REVISIONS@DF_STES_REVISIONS(4.0),EA19,Q,ULC,PT_PCOS,_T,202209,2019-Q3,0.41,A,0,1,
OECD.SDD.STES:DSD_STES_REVISIONS@DF_STES_REVISIONS(4.0),EA19,Q,ULC,PT_PCOS,_T,201703,2012-Q4,0.27,A,0,1,
OECD.SDD.STES:DSD_STES_REVISIONS@DF_STES_REVISIONS(4.0),EA19,Q,ULC,PT_PCOS,_T,201503,2012-Q4,0.27,A,0,1,
OECD.SDD.STES:DSD_STES_REVISIONS@DF_STES_REVISIONS(4.0),EA19,Q,ULC,PT_PCOS,_T,201708,2012-Q4,0.27,A,0,1,
OECD.SDD.STES:DSD_STES_REVISIONS@DF_STES_REVISIONS(4.0),EA19,Q,ULC,PT_PCOS,_T,201610,2012-Q4,0.27,A,0,1,
OECD.SDD.STES:DSD_STES_REVISIONS@DF_STES_REVISIONS(4.0),EA19,Q,ULC,PT_PCOS,_T,201709,2012-Q4,0.27,A,0,1,
OECD.SDD.STES:DSD_STES_REVISIONS@DF_STES_REVISIONS(4.0),EA19,Q,ULC,PT_PCOS,_T,201502,2012-Q4,0.27,A,0,1,
OECD.SDD.STES:DSD_STES_REVISIONS@DF_STES_REVISIONS(4.0),EA19,Q,ULC,PT_PCOS,_T,201711,2012-Q4,0.27,A,0,1,
OECD.SDD.STES:DSD_STES_REVISIONS@DF_STES_REVISIONS(4.0),EA19,Q,ULC,PT_PCOS,_T,201702,2012-Q4,0.27,A,0,1,
OECD.SDD.STES:DSD_STES_REVISIONS@DF_STES_REVISIONS(4.0),EA19,Q,ULC,PT_PCOS,_T,201806,2012-Q4,0.27,A,0,1,
OECD.SDD.STES:DSD_STES_REVISIONS@DF_STES_REVISIONS(4.0),EA19,Q,ULC,PT_PCOS,_T,201704,2012-Q4,0.27,A,0,1,
OECD.SDD.STES:DSD_STES_REVISIONS@DF_STES_REVISIONS(4.0),EA19,Q,ULC,PT_PCOS,_T,201712,2012-Q4,0.27,A,0,1,
OECD.SDD.STES:DSD_STES_REVISIONS@DF_STES_REVISIONS(4.0),EA19,Q,ULC,PT_PCOS,_T,201905,2016-Q2,0.27,A,0,1,
OECD.SDD.STES:DSD_STES_REVISIONS@DF_STES_REVISIONS(4.0),EA19,Q,ULC,PT_PCOS,_T,201904,2016-Q2,0.27,A,0,1,
OECD.SDD.STES:DSD_STES_REVISIONS@DF_STES_REVISIONS(4.0),EA19,Q,ULC,PT_PCOS,_T,201906,2016-Q2,0.27,A,0,1,
OECD.SDD.STES:DSD_STES_REVISIONS@DF_STES_REVISIONS(4.0),EA19,Q,ULC,PT_PCOS,_T,201903,2016-Q2,0.27,A,0,1,
OECD.SDD.STES:DSD_STES_REVISIONS@DF_STES_REVISIONS(4.0),EA19,Q,ULC,PT_PCOS,_T,202003,2016-Q3,0.27,A,0,1,
OECD.SDD.STES:DSD_STES_REVISIONS@DF_STES_REVISIONS(4.0),EA19,Q,ULC,PT_PCOS,_T,201912,2016-Q3,0.27,A,0,1,
OECD.SDD.STES:DSD_STES_REVISIONS@DF_STES_REVISIONS(4.0),EA19,Q,ULC,PT_PCOS,_T,202011,2016-Q3,0.27,A,0,1,
OECD.SDD.STES:DSD_STES_REVISIONS@DF_STES_REVISIONS(4.0),EA19,Q,ULC,PT_PCOS,_T,201911,2016-Q3,0.27,A,0,1,
OECD.SDD.STES:DSD_STES_REVISIONS@DF_STES_REVISIONS(4.0),EA19,Q,ULC,PT_PCOS,_T,202002,2016-Q3,0.27,A,0,1,
OECD.SDD.STES:DSD_STES_REVISIONS@DF_STES_REVISIONS(4.0),EA19,Q,ULC,PT_PCOS,_T,201711,2016-Q3,0.27,A,0,1,
OECD.SDD.STES:DSD_STES_REVISIONS@DF_STES_REVISIONS(4.0),EA19,Q,ULC,PT_PCOS,_T,201707,2016-Q3,0.27,A,0,1,
OECD.SDD.STES:DSD_STES_REVISIONS@DF_STES_REVISIONS(4.0),EA19,Q,ULC,PT_PCOS,_T,201712,2016-Q3,0.27,A,0,1,
OECD.SDD.STES:DSD_STES_REVISIONS@DF_STES_REVISIONS(4.0),EA19,Q,ULC,PT_PCOS,_T,202012,2016-Q3,0.27,A,0,1,
OECD.SDD.STES:DSD_STES_REVISIONS@DF_STES_REVISIONS(4.0),EA19,Q,ULC,PT_PCOS,_T,202001,2017-Q1,0.27,A,0,1,
OECD.SDD.STES:DSD_STES_REVISIONS@DF_STES_REVISIONS(4.0),EA19,Q,ULC,PT_PCOS,_T,202301,2017-Q4,0.27,A,0,1,
OECD.SDD.STES:DSD_STES_REVISIONS@DF_STES_REVISIONS(4.0),EA19,Q,ULC,PT_PCOS,_T,202302,2017-Q4,0.27,A,0,1,
OECD.SDD.STES:DSD_STES_REVISIONS@DF_STES_REVISIONS(4.0),EA19,Q,ULC,PT_PCOS,_T,202303,2017-Q4,0.27,A,0,1,
OECD.SDD.STES:DSD_STES_REVISIONS@DF_STES_REVISIONS(4.0),EA19,Q,ULC,PT_PCOS,_T,202005,2017-Q4,0.27,A,0,1,
OECD.SDD.STES:DSD_STES_REVISIONS@DF_STES_REVISIONS(4.0),EA19,Q,ULC,PT_PCOS,_T,202007,2017-Q4,0.27,A,0,1,
OECD.SDD.STES:DSD_STES_REVISIONS@DF_STES_REVISIONS(4.0),EA19,Q,ULC,PT_PCOS,_T,201804,2017-Q4,0.27,A,0,1,
OECD.SDD.STES:DSD_STES_REVISIONS@DF_STES_REVISIONS(4.0),EA19,Q,ULC,PT_PCOS,_T,202108,2018-Q4,0.27,A,0,1,
OECD.SDD.STES:DSD_STES_REVISIONS@DF_STES_REVISIONS(4.0),EA19,Q,ULC,PT_PCOS,_T,202107,2018-Q4,0.27,A,0,1,
OECD.SDD.STES:DSD_STES_REVISIONS@DF_STES_REVISIONS(4.0),EA19,Q,ULC,PT_PCOS,_T,202010,2019-Q4,0.27,A,0,1,
OECD.SDD.STES:DSD_STES_REVISIONS@DF_STES_REVISIONS(4.0),EA19,Q,ULC,PT_PCOS,_T,202004,2019-Q4,0.27,A,0,1,
OECD.SDD.STES:DSD_STES_REVISIONS@DF_STES_REVISIONS(4.0),EA19,Q,ULC,PT_PCOS,_T,201610,2012-Q1,0.44,A,0,1,
OECD.SDD.STES:DSD_STES_REVISIONS@DF_STES_REVISIONS(4.0),EA19,Q,ULC,PT_PCOS,_T,202209,2012-Q4,0.44,A,0,1,
OECD.SDD.STES:DSD_STES_REVISIONS@DF_STES_REVISIONS(4.0),EA19,Q,ULC,PT_PCOS,_T,202208,2012-Q4,0.44,A,0,1,
OECD.SDD.STES:DSD_STES_REVISIONS@DF_STES_REVISIONS(4.0),EA19,Q,ULC,PT_PCOS,_T,202204,2019-Q3,0.44,A,0,1,
OECD.SDD.STES:DSD_STES_REVISIONS@DF_STES_REVISIONS(4.0),EA19,Q,ULC,PT_PCOS,_T,202206,2019-Q3,0.44,A,0,1,
OECD.SDD.STES:DSD_STES_REVISIONS@DF_STES_REVISIONS(4.0),EA19,Q,ULC,PT_PCOS,_T,202011,2019-Q3,0.44,A,0,1,
OECD.SDD.STES:DSD_STES_REVISIONS@DF_STES_REVISIONS(4.0),EA19,Q,ULC,PT_PCOS,_T,202205,2019-Q3,0.44,A,0,1,
OECD.SDD.STES:DSD_STES_REVISIONS@DF_STES_REVISIONS(4.0),EA19,Q,ULC,PT_PCOS,_T,202012,2019-Q3,0.44,A,0,1,
OECD.SDD.STES:DSD_STES_REVISIONS@DF_STES_REVISIONS(4.0),EA19,Q,ULC,PT_PCOS,_T,202212,2011-Q4,0.78,A,0,1,
OECD.SDD.STES:DSD_STES_REVISIONS@DF_STES_REVISIONS(4.0),EA19,Q,ULC,PT_PCOS,_T,202211,2011-Q4,0.78,A,0,1,
OECD.SDD.STES:DSD_STES_REVISIONS@DF_STES_REVISIONS(4.0),EA19,Q,ULC,PT_PCOS,_T,202102,2011-Q4,0.75,A,0,1,
OECD.SDD.STES:DSD_STES_REVISIONS@DF_STES_REVISIONS(4.0),EA19,Q,ULC,PT_PCOS,_T,201710,2011-Q4,0.75,A,0,1,
OECD.SDD.STES:DSD_STES_REVISIONS@DF_STES_REVISIONS(4.0),EA19,Q,ULC,PT_PCOS,_T,202210,2011-Q4,0.75,A,0,1,
OECD.SDD.STES:DSD_STES_REVISIONS@DF_STES_REVISIONS(4.0),EA19,Q,ULC,PT_PCOS,_T,201612,2011-Q4,0.75,A,0,1,
OECD.SDD.STES:DSD_STES_REVISIONS@DF_STES_REVISIONS(4.0),EA19,Q,ULC,PT_PCOS,_T,202101,2011-Q4,0.75,A,0,1,
OECD.SDD.STES:DSD_STES_REVISIONS@DF_STES_REVISIONS(4.0),EA19,Q,ULC,PT_PCOS,_T,202103,2011-Q4,0.75,A,0,1,
OECD.SDD.STES:DSD_STES_REVISIONS@DF_STES_REVISIONS(4.0),EA19,Q,ULC,PT_PCOS,_T,201611,2011-Q4,0.75,A,0,1,
OECD.SDD.STES:DSD_STES_REVISIONS@DF_STES_REVISIONS(4.0),EA19,Q,ULC,PT_PCOS,_T,201912,2018-Q2,0.75,A,0,1,
OECD.SDD.STES:DSD_STES_REVISIONS@DF_STES_REVISIONS(4.0),EA19,Q,ULC,PT_PCOS,_T,202011,2018-Q2,0.75,A,0,1,
OECD.SDD.STES:DSD_STES_REVISIONS@DF_STES_REVISIONS(4.0),EA19,Q,ULC,PT_PCOS,_T,201911,2018-Q2,0.75,A,0,1,
OECD.SDD.STES:DSD_STES_REVISIONS@DF_STES_REVISIONS(4.0),EA19,Q,ULC,PT_PCOS,_T,202012,2018-Q2,0.75,A,0,1,
OECD.SDD.STES:DSD_STES_REVISIONS@DF_STES_REVISIONS(4.0),EA19,Q,ULC,PT_PCOS,_T,202009,2018-Q3,0.75,A,0,1,
OECD.SDD.STES:DSD_STES_REVISIONS@DF_STES_REVISIONS(4.0),EA19,Q,ULC,PT_PCOS,_T,202008,2018-Q3,0.75,A,0,1,
OECD.SDD.STES:DSD_STES_REVISIONS@DF_STES_REVISIONS(4.0),EA19,Q,ULC,PT_PCOS,_T,201511,2011-Q3,0.17,A,0,1,
OECD.SDD.STES:DSD_STES_REVISIONS@DF_STES_REVISIONS(4.0),EA19,Q,ULC,PT_PCOS,_T,201512,2011-Q3,0.17,A,0,1,
OECD.SDD.STES:DSD_STES_REVISIONS@DF_STES_REVISIONS(4.0),EA19,Q,ULC,PT_PCOS,_T,201510,2011-Q3,0.17,A,0,1,
OECD.SDD.STES:DSD_STES_REVISIONS@DF_STES_REVISIONS(4.0),EA19,Q,ULC,PT_PCOS,_T,201703,2016-Q1,0.17,A,0,1,
OECD.SDD.STES:DSD_STES_REVISIONS@DF_STES_REVISIONS(4.0),EA19,Q,ULC,PT_PCOS,_T,201702,2016-Q1,0.17,A,0,1,
OECD.SDD.STES:DSD_STES_REVISIONS@DF_STES_REVISIONS(4.0),EA19,Q,ULC,PT_PCOS,_T,201706,2016-Q1,0.17,A,0,1,
OECD.SDD.STES:DSD_STES_REVISIONS@DF_STES_REVISIONS(4.0),EA19,Q,ULC,PT_PCOS,_T,201705,2016-Q1,0.17,A,0,1,
OECD.SDD.STES:DSD_STES_REVISIONS@DF_STES_REVISIONS(4.0),EA19,Q,ULC,PT_PCOS,_T,201706,2016-Q2,0.17,A,0,1,
OECD.SDD.STES:DSD_STES_REVISIONS@DF_STES_REVISIONS(4.0),EA19,Q,ULC,PT_PCOS,_T,201705,2016-Q2,0.17,A,0,1,
OECD.SDD.STES:DSD_STES_REVISIONS@DF_STES_REVISIONS(4.0),EA19,Q,ULC,PT_PCOS,_T,201910,2017-Q1,0.17,A,0,1,
OECD.SDD.STES:DSD_STES_REVISIONS@DF_STES_REVISIONS(4.0),EA19,Q,ULC,PT_PCOS,_T,201810,2017-Q3,0.17,A,0,1,
OECD.SDD.STES:DSD_STES_REVISIONS@DF_STES_REVISIONS(4.0),EA19,Q,ULC,PT_PCOS,_T,202301,2018-Q4,0.17,A,0,1,
OECD.SDD.STES:DSD_STES_REVISIONS@DF_STES_REVISIONS(4.0),EA19,Q,ULC,PT_PCOS,_T,202302,2018-Q4,0.17,A,0,1,
OECD.SDD.STES:DSD_STES_REVISIONS@DF_STES_REVISIONS(4.0),EA19,Q,ULC,PT_PCOS,_T,202303,2018-Q4,0.17,A,0,1,
OECD.SDD.STES:DSD_STES_REVISIONS@DF_STES_REVISIONS(4.0),EA19,Q,ULC,PT_PCOS,_T,202102,2011-Q2,0.58,A,0,1,
OECD.SDD.STES:DSD_STES_REVISIONS@DF_STES_REVISIONS(4.0),EA19,Q,ULC,PT_PCOS,_T,202103,2011-Q2,0.58,A,0,1,
OECD.SDD.STES:DSD_STES_REVISIONS@DF_STES_REVISIONS(4.0),EA19,Q,ULC,PT_PCOS,_T,202204,2012-Q1,0.58,A,0,1,
OECD.SDD.STES:DSD_STES_REVISIONS@DF_STES_REVISIONS(4.0),EA19,Q,ULC,PT_PCOS,_T,202201,2012-Q1,0.58,A,0,1,
OECD.SDD.STES:DSD_STES_REVISIONS@DF_STES_REVISIONS(4.0),EA19,Q,ULC,PT_PCOS,_T,202202,2012-Q1,0.58,A,0,1,
OECD.SDD.STES:DSD_STES_REVISIONS@DF_STES_REVISIONS(4.0),EA19,Q,ULC,PT_PCOS,_T,202206,2012-Q1,0.58,A,0,1,
OECD.SDD.STES:DSD_STES_REVISIONS@DF_STES_REVISIONS(4.0),EA19,Q,ULC,PT_PCOS,_T,202205,2012-Q1,0.58,A,0,1,
OECD.SDD.STES:DSD_STES_REVISIONS@DF_STES_REVISIONS(4.0),EA19,Q,ULC,PT_PCOS,_T,202203,2012-Q1,0.58,A,0,1,
OECD.SDD.STES:DSD_STES_REVISIONS@DF_STES_REVISIONS(4.0),EA19,Q,ULC,PT_PCOS,_T,202212,2012-Q2,0.58,A,0,1,
OECD.SDD.STES:DSD_STES_REVISIONS@DF_STES_REVISIONS(4.0),EA19,Q,ULC,PT_PCOS,_T,202211,2012-Q2,0.58,A,0,1,
OECD.SDD.STES:DSD_STES_REVISIONS@DF_STES_REVISIONS(4.0),EA19,Q,ULC,PT_PCOS,_T,202109,2012-Q2,0.58,A,0,1,
OECD.SDD.STES:DSD_STES_REVISIONS@DF_STES_REVISIONS(4.0),EA19,Q,ULC,PT_PCOS,_T,202105,2012-Q2,0.58,A,0,1,
OECD.SDD.STES:DSD_STES_REVISIONS@DF_STES_REVISIONS(4.0),EA19,Q,ULC,PT_PCOS,_T,202106,2012-Q2,0.58,A,0,1,
OECD.SDD.STES:DSD_STES_REVISIONS@DF_STES_REVISIONS(4.0),EA19,Q,ULC,PT_PCOS,_T,202101,2012-Q2,0.58,A,0,1,
OECD.SDD.STES:DSD_STES_REVISIONS@DF_STES_REVISIONS(4.0),EA19,Q,ULC,PT_PCOS,_T,202011,2012-Q2,0.58,A,0,1,
OECD.SDD.STES:DSD_STES_REVISIONS@DF_STES_REVISIONS(4.0),EA19,Q,ULC,PT_PCOS,_T,202110,2012-Q2,0.58,A,0,1,
OECD.SDD.STES:DSD_STES_REVISIONS@DF_STES_REVISIONS(4.0),EA19,Q,ULC,PT_PCOS,_T,202108,2012-Q2,0.58,A,0,1,
OECD.SDD.STES:DSD_STES_REVISIONS@DF_STES_REVISIONS(4.0),EA19,Q,ULC,PT_PCOS,_T,202104,2012-Q2,0.58,A,0,1,
OECD.SDD.STES:DSD_STES_REVISIONS@DF_STES_REVISIONS(4.0),EA19,Q,ULC,PT_PCOS,_T,202111,2012-Q2,0.58,A,0,1,
OECD.SDD.STES:DSD_STES_REVISIONS@DF_STES_REVISIONS(4.0),EA19,Q,ULC,PT_PCOS,_T,202112,2012-Q2,0.58,A,0,1,
OECD.SDD.STES:DSD_STES_REVISIONS@DF_STES_REVISIONS(4.0),EA19,Q,ULC,PT_PCOS,_T,202012,2012-Q2,0.58,A,0,1,
OECD.SDD.STES:DSD_STES_REVISIONS@DF_STES_REVISIONS(4.0),EA19,Q,ULC,PT_PCOS,_T,202107,2012-Q2,0.58,A,0,1,
OECD.SDD.STES:DSD_STES_REVISIONS@DF_STES_REVISIONS(4.0),EA19,Q,ULC,PT_PCOS,_T,201511,2013-Q1,0.58,A,0,1,
OECD.SDD.STES:DSD_STES_REVISIONS@DF_STES_REVISIONS(4.0),EA19,Q,ULC,PT_PCOS,_T,201512,2013-Q1,0.58,A,0,1,
OECD.SDD.STES:DSD_STES_REVISIONS@DF_STES_REVISIONS(4.0),EA19,Q,ULC,PT_PCOS,_T,201609,2013-Q1,0.58,A,0,1,
OECD.SDD.STES:DSD_STES_REVISIONS@DF_STES_REVISIONS(4.0),EA19,Q,ULC,PT_PCOS,_T,201510,2013-Q1,0.58,A,0,1,
OECD.SDD.STES:DSD_STES_REVISIONS@DF_STES_REVISIONS(4.0),EA19,Q,ULC,PT_PCOS,_T,201607,2013-Q1,0.58,A,0,1,
OECD.SDD.STES:DSD_STES_REVISIONS@DF_STES_REVISIONS(4.0),EA19,Q,ULC,PT_PCOS,_T,201711,2013-Q1,0.58,A,0,1,
OECD.SDD.STES:DSD_STES_REVISIONS@DF_STES_REVISIONS(4.0),EA19,Q,ULC,PT_PCOS,_T,201608,2013-Q1,0.58,A,0,1,
OECD.SDD.STES:DSD_STES_REVISIONS@DF_STES_REVISIONS(4.0),EA19,Q,ULC,PT_PCOS,_T,201905,2018-Q2,0.58,A,0,1,
OECD.SDD.STES:DSD_STES_REVISIONS@DF_STES_REVISIONS(4.0),EA19,Q,ULC,PT_PCOS,_T,202212,2018-Q2,0.58,A,0,1,
OECD.SDD.STES:DSD_STES_REVISIONS@DF_STES_REVISIONS(4.0),EA19,Q,ULC,PT_PCOS,_T,202211,2018-Q2,0.58,A,0,1,
OECD.SDD.STES:DSD_STES_REVISIONS@DF_STES_REVISIONS(4.0),EA19,Q,ULC,PT_PCOS,_T,201904,2018-Q2,0.58,A,0,1,
OECD.SDD.STES:DSD_STES_REVISIONS@DF_STES_REVISIONS(4.0),EA19,Q,ULC,PT_PCOS,_T,202301,2018-Q2,0.58,A,0,1,
OECD.SDD.STES:DSD_STES_REVISIONS@DF_STES_REVISIONS(4.0),EA19,Q,ULC,PT_PCOS,_T,202302,2018-Q2,0.58,A,0,1,
OECD.SDD.STES:DSD_STES_REVISIONS@DF_STES_REVISIONS(4.0),EA19,Q,ULC,PT_PCOS,_T,202303,2018-Q2,0.58,A,0,1,
OECD.SDD.STES:DSD_STES_REVISIONS@DF_STES_REVISIONS(4.0),EA19,Q,ULC,PT_PCOS,_T,202111,2018-Q2,0.58,A,0,1,
OECD.SDD.STES:DSD_STES_REVISIONS@DF_STES_REVISIONS(4.0),EA19,Q,ULC,PT_PCOS,_T,202112,2018-Q2,0.58,A,0,1,
OECD.SDD.STES:DSD_STES_REVISIONS@DF_STES_REVISIONS(4.0),EA19,Q,ULC,PT_PCOS,_T,201906,2018-Q2,0.58,A,0,1,
OECD.SDD.STES:DSD_STES_REVISIONS@DF_STES_REVISIONS(4.0),EA19,Q,ULC,PT_PCOS,_T,201903,2018-Q2,0.58,A,0,1,
OECD.SDD.STES:DSD_STES_REVISIONS@DF_STES_REVISIONS(4.0),EA19,Q,ULC,PT_PCOS,_T,202212,2019-Q2,0.58,A,0,1,
OECD.SDD.STES:DSD_STES_REVISIONS@DF_STES_REVISIONS(4.0),EA19,Q,ULC,PT_PCOS,_T,202211,2019-Q2,0.58,A,0,1,
OECD.SDD.STES:DSD_STES_REVISIONS@DF_STES_REVISIONS(4.0),EA19,Q,ULC,PT_PCOS,_T,202301,2019-Q2,0.58,A,0,1,
OECD.SDD.STES:DSD_STES_REVISIONS@DF_STES_REVISIONS(4.0),EA19,Q,ULC,PT_PCOS,_T,202302,2019-Q2,0.58,A,0,1,
OECD.SDD.STES:DSD_STES_REVISIONS@DF_STES_REVISIONS(4.0),EA19,Q,ULC,PT_PCOS,_T,202104,2019-Q2,0.58,A,0,1,
OECD.SDD.STES:DSD_STES_REVISIONS@DF_STES_REVISIONS(4.0),EA19,Q,ULC,PT_PCOS,_T,202303,2019-Q2,0.58,A,0,1,
OECD.SDD.STES:DSD_STES_REVISIONS@DF_STES_REVISIONS(4.0),EA19,Q,ULC,PT_PCOS,_T,201505,2011-Q3,0.14,A,0,1,
OECD.SDD.STES:DSD_STES_REVISIONS@DF_STES_REVISIONS(4.0),EA19,Q,ULC,PT_PCOS,_T,201806,2011-Q3,0.14,A,0,1,
OECD.SDD.STES:DSD_STES_REVISIONS@DF_STES_REVISIONS(4.0),EA19,Q,ULC,PT_PCOS,_T,201506,2011-Q3,0.14,A,0,1,
OECD.SDD.STES:DSD_STES_REVISIONS@DF_STES_REVISIONS(4.0),EA19,Q,ULC,PT_PCOS,_T,201504,2011-Q3,0.14,A,0,1,
OECD.SDD.STES:DSD_STES_REVISIONS@DF_STES_REVISIONS(4.0),EA19,Q,ULC,PT_PCOS,_T,201612,2016-Q1,0.14,A,0,1,
OECD.SDD.STES:DSD_STES_REVISIONS@DF_STES_REVISIONS(4.0),EA19,Q,ULC,PT_PCOS,_T,201611,2016-Q1,0.14,A,0,1,
OECD.SDD.STES:DSD_STES_REVISIONS@DF_STES_REVISIONS(4.0),EA19,Q,ULC,PT_PCOS,_T,201701,2016-Q1,0.14,A,0,1,
OECD.SDD.STES:DSD_STES_REVISIONS@DF_STES_REVISIONS(4.0),EA19,Q,ULC,PT_PCOS,_T,201701,2016-Q2,0.14,A,0,1,
OECD.SDD.STES:DSD_STES_REVISIONS@DF_STES_REVISIONS(4.0),EA19,Q,ULC,PT_PCOS,_T,201708,2017-Q1,0.14,A,0,1,
OECD.SDD.STES:DSD_STES_REVISIONS@DF_STES_REVISIONS(4.0),EA19,Q,ULC,PT_PCOS,_T,201709,2017-Q1,0.14,A,0,1,
OECD.SDD.STES:DSD_STES_REVISIONS@DF_STES_REVISIONS(4.0),EA19,Q,ULC,PT_PCOS,_T,201810,2017-Q1,0.14,A,0,1,
OECD.SDD.STES:DSD_STES_REVISIONS@DF_STES_REVISIONS(4.0),EA19,Q,ULC,PT_PCOS,_T,201712,2017-Q2,0.14,A,0,1,
OECD.SDD.STES:DSD_STES_REVISIONS@DF_STES_REVISIONS(4.0),EA19,Q,ULC,PT_PCOS,_T,201907,2017-Q3,0.14,A,0,1,
OECD.SDD.STES:DSD_STES_REVISIONS@DF_STES_REVISIONS(4.0),EA19,Q,ULC,PT_PCOS,_T,201904,2017-Q3,0.14,A,0,1,
OECD.SDD.STES:DSD_STES_REVISIONS@DF_STES_REVISIONS(4.0),EA19,Q,ULC,PT_PCOS,_T,201901,2017-Q3,0.14,A,0,1,
OECD.SDD.STES:DSD_STES_REVISIONS@DF_STES_REVISIONS(4.0),EA19,Q,ULC,PT_PCOS,_T,201903,2017-Q3,0.14,A,0,1,
OECD.SDD.STES:DSD_STES_REVISIONS@DF_STES_REVISIONS(4.0),EA19,Q,ULC,PT_PCOS,_T,201804,2017-Q3,0.14,A,0,1,
OECD.SDD.STES:DSD_STES_REVISIONS@DF_STES_REVISIONS(4.0),EA19,Q,ULC,PT_PCOS,_T,201812,2009-Q3,0.06,A,0,1,
OECD.SDD.STES:DSD_STES_REVISIONS@DF_STES_REVISIONS(4.0),EA19,Q,ULC,PT_PCOS,_T,201610,2009-Q3,0.06,A,0,1,
OECD.SDD.STES:DSD_STES_REVISIONS@DF_STES_REVISIONS(4.0),EA19,Q,ULC,PT_PCOS,_T,201609,2009-Q3,0.06,A,0,1,
OECD.SDD.STES:DSD_STES_REVISIONS@DF_STES_REVISIONS(4.0),EA19,Q,ULC,PT_PCOS,_T,201607,2009-Q3,0.06,A,0,1,
OECD.SDD.STES:DSD_STES_REVISIONS@DF_STES_REVISIONS(4.0),EA19,Q,ULC,PT_PCOS,_T,201811,2009-Q3,0.06,A,0,1,
OECD.SDD.STES:DSD_STES_REVISIONS@DF_STES_REVISIONS(4.0),EA19,Q,ULC,PT_PCOS,_T,201608,2009-Q3,0.06,A,0,1,
OECD.SDD.STES:DSD_STES_REVISIONS@DF_STES_REVISIONS(4.0),EA19,Q,ULC,PT_PCOS,_T,201708,2010-Q4,0.06,A,0,1,
OECD.SDD.STES:DSD_STES_REVISIONS@DF_STES_REVISIONS(4.0),EA19,Q,ULC,PT_PCOS,_T,201709,2010-Q4,0.06,A,0,1,
OECD.SDD.STES:DSD_STES_REVISIONS@DF_STES_REVISIONS(4.0),EA19,Q,ULC,PT_PCOS,_T,201706,2010-Q4,0.06,A,0,1,
OECD.SDD.STES:DSD_STES_REVISIONS@DF_STES_REVISIONS(4.0),EA19,Q,ULC,PT_PCOS,_T,201705,2010-Q4,0.06,A,0,1,
OECD.SDD.STES:DSD_STES_REVISIONS@DF_STES_REVISIONS(4.0),EA19,Q,ULC,PT_PCOS,_T,202109,2011-Q3,0.06,A,0,1,
OECD.SDD.STES:DSD_STES_REVISIONS@DF_STES_REVISIONS(4.0),EA19,Q,ULC,PT_PCOS,_T,202105,2011-Q3,0.06,A,0,1,
OECD.SDD.STES:DSD_STES_REVISIONS@DF_STES_REVISIONS(4.0),EA19,Q,ULC,PT_PCOS,_T,202102,2011-Q3,0.06,A,0,1,
OECD.SDD.STES:DSD_STES_REVISIONS@DF_STES_REVISIONS(4.0),EA19,Q,ULC,PT_PCOS,_T,202106,2011-Q3,0.06,A,0,1,
OECD.SDD.STES:DSD_STES_REVISIONS@DF_STES_REVISIONS(4.0),EA19,Q,ULC,PT_PCOS,_T,202103,2011-Q3,0.06,A,0,1,
OECD.SDD.STES:DSD_STES_REVISIONS@DF_STES_REVISIONS(4.0),EA19,Q,ULC,PT_PCOS,_T,202108,2011-Q3,0.06,A,0,1,
OECD.SDD.STES:DSD_STES_REVISIONS@DF_STES_REVISIONS(4.0),EA19,Q,ULC,PT_PCOS,_T,202104,2011-Q3,0.06,A,0,1,
OECD.SDD.STES:DSD_STES_REVISIONS@DF_STES_REVISIONS(4.0),EA19,Q,ULC,PT_PCOS,_T,202105,2016-Q1,0.06,A,0,1,
OECD.SDD.STES:DSD_STES_REVISIONS@DF_STES_REVISIONS(4.0),EA19,Q,ULC,PT_PCOS,_T,202106,2016-Q1,0.06,A,0,1,
OECD.SDD.STES:DSD_STES_REVISIONS@DF_STES_REVISIONS(4.0),EA19,Q,ULC,PT_PCOS,_T,202207,2016-Q1,0.06,A,0,1,
OECD.SDD.STES:DSD_STES_REVISIONS@DF_STES_REVISIONS(4.0),EA19,Q,ULC,PT_PCOS,_T,202104,2016-Q1,0.06,A,0,1,
OECD.SDD.STES:DSD_STES_REVISIONS@DF_STES_REVISIONS(4.0),EA19,Q,ULC,PT_PCOS,_T,201802,2016-Q1,0.06,A,0,1,
OECD.SDD.STES:DSD_STES_REVISIONS@DF_STES_REVISIONS(4.0),EA19,Q,ULC,PT_PCOS,_T,201801,2016-Q1,0.06,A,0,1,
OECD.SDD.STES:DSD_STES_REVISIONS@DF_STES_REVISIONS(4.0),EA19,Q,ULC,PT_PCOS,_T,201803,2016-Q1,0.06,A,0,1,
OECD.SDD.STES:DSD_STES_REVISIONS@DF_STES_REVISIONS(4.0),EA19,Q,ULC,PT_PCOS,_T,201712,2016-Q1,0.06,A,0,1,
OECD.SDD.STES:DSD_STES_REVISIONS@DF_STES_REVISIONS(4.0),EA19,Q,ULC,PT_PCOS,_T,202003,2016-Q4,0.06,A,0,1,
OECD.SDD.STES:DSD_STES_REVISIONS@DF_STES_REVISIONS(4.0),EA19,Q,ULC,PT_PCOS,_T,202110,2016-Q4,0.06,A,0,1,
OECD.SDD.STES:DSD_STES_REVISIONS@DF_STES_REVISIONS(4.0),EA19,Q,ULC,PT_PCOS,_T,202002,2016-Q4,0.06,A,0,1,
OECD.SDD.STES:DSD_STES_REVISIONS@DF_STES_REVISIONS(4.0),EA19,Q,ULC,PT_PCOS,_T,201810,2016-Q4,0.06,A,0,1,
OECD.SDD.STES:DSD_STES_REVISIONS@DF_STES_REVISIONS(4.0),EA19,Q,ULC,PT_PCOS,_T,202009,2017-Q2,0.06,A,0,1,
OECD.SDD.STES:DSD_STES_REVISIONS@DF_STES_REVISIONS(4.0),EA19,Q,ULC,PT_PCOS,_T,202008,2017-Q2,0.06,A,0,1,
OECD.SDD.STES:DSD_STES_REVISIONS@DF_STES_REVISIONS(4.0),EA19,Q,ULC,PT_PCOS,_T,202003,2017-Q3,0.06,A,0,1,
OECD.SDD.STES:DSD_STES_REVISIONS@DF_STES_REVISIONS(4.0),EA19,Q,ULC,PT_PCOS,_T,202002,2017-Q3,0.06,A,0,1,
OECD.SDD.STES:DSD_STES_REVISIONS@DF_STES_REVISIONS(4.0),EA19,Q,ULC,PT_PCOS,_T,202007,2017-Q3,0.06,A,0,1,
OECD.SDD.STES:DSD_STES_REVISIONS@DF_STES_REVISIONS(4.0),EA19,Q,ULC,PT_PCOS,_T,202102,2008-Q2,0.85,A,0,1,
OECD.SDD.STES:DSD_STES_REVISIONS@DF_STES_REVISIONS(4.0),EA19,Q,ULC,PT_PCOS,_T,202101,2008-Q2,0.85,A,0,1,
OECD.SDD.STES:DSD_STES_REVISIONS@DF_STES_REVISIONS(4.0),EA19,Q,ULC,PT_PCOS,_T,202103,2008-Q2,0.85,A,0,1,
OECD.SDD.STES:DSD_STES_REVISIONS@DF_STES_REVISIONS(4.0),EA19,Q,ULC,PT_PCOS,_T,202011,2008-Q2,0.85,A,0,1,
OECD.SDD.STES:DSD_STES_REVISIONS@DF_STES_REVISIONS(4.0),EA19,Q,ULC,PT_PCOS,_T,202301,2008-Q2,0.85,A,0,1,
OECD.SDD.STES:DSD_STES_REVISIONS@DF_STES_REVISIONS(4.0),EA19,Q,ULC,PT_PCOS,_T,202302,2008-Q2,0.85,A,0,1,
OECD.SDD.STES:DSD_STES_REVISIONS@DF_STES_REVISIONS(4.0),EA19,Q,ULC,PT_PCOS,_T,202303,2008-Q2,0.85,A,0,1,
OECD.SDD.STES:DSD_STES_REVISIONS@DF_STES_REVISIONS(4.0),EA19,Q,ULC,PT_PCOS,_T,202012,2008-Q2,0.85,A,0,1,
OECD.SDD.STES:DSD_STES_REVISIONS@DF_STES_REVISIONS(4.0),EA19,Q,ULC,PT_PCOS,_T,201905,2018-Q3,0.85,A,0,1,
OECD.SDD.STES:DSD_STES_REVISIONS@DF_STES_REVISIONS(4.0),EA19,Q,ULC,PT_PCOS,_T,201907,2018-Q3,0.85,A,0,1,
OECD.SDD.STES:DSD_STES_REVISIONS@DF_STES_REVISIONS(4.0),EA19,Q,ULC,PT_PCOS,_T,201906,2018-Q3,0.85,A,0,1,
OECD.SDD.STES:DSD_STES_REVISIONS@DF_STES_REVISIONS(4.0),EA19,Q,ULC,PT_PCOS,_T,201507,2012-Q1,0.52,A,0,1,
OECD.SDD.STES:DSD_STES_REVISIONS@DF_STES_REVISIONS(4.0),EA19,Q,ULC,PT_PCOS,_T,201509,2012-Q1,0.52,A,0,1,
OECD.SDD.STES:DSD_STES_REVISIONS@DF_STES_REVISIONS(4.0),EA19,Q,ULC,PT_PCOS,_T,201508,2012-Q1,0.52,A,0,1,
OECD.SDD.STES:DSD_STES_REVISIONS@DF_STES_REVISIONS(4.0),EA19,Q,ULC,PT_PCOS,_T,202003,2018-Q1,0.52,A,0,1,
OECD.SDD.STES:DSD_STES_REVISIONS@DF_STES_REVISIONS(4.0),EA19,Q,ULC,PT_PCOS,_T,201907,2018-Q1,0.52,A,0,1,
OECD.SDD.STES:DSD_STES_REVISIONS@DF_STES_REVISIONS(4.0),EA19,Q,ULC,PT_PCOS,_T,202002,2018-Q1,0.52,A,0,1,
OECD.SDD.STES:DSD_STES_REVISIONS@DF_STES_REVISIONS(4.0),EA19,Q,ULC,PT_PCOS,_T,202001,2018-Q1,0.52,A,0,1,
OECD.SDD.STES:DSD_STES_REVISIONS@DF_STES_REVISIONS(4.0),EA19,Q,ULC,PT_PCOS,_T,202003,2019-Q3,0.52,A,0,1,
OECD.SDD.STES:DSD_STES_REVISIONS@DF_STES_REVISIONS(4.0),EA19,Q,ULC,PT_PCOS,_T,202002,2019-Q3,0.52,A,0,1,
OECD.SDD.STES:DSD_STES_REVISIONS@DF_STES_REVISIONS(4.0),EA19,Q,ULC,PT_PCOS,_T,201503,2008-Q1,0.74,A,0,1,
OECD.SDD.STES:DSD_STES_REVISIONS@DF_STES_REVISIONS(4.0),EA19,Q,ULC,PT_PCOS,_T,201505,2008-Q1,0.74,A,0,1,
OECD.SDD.STES:DSD_STES_REVISIONS@DF_STES_REVISIONS(4.0),EA19,Q,ULC,PT_PCOS,_T,201502,2008-Q1,0.74,A,0,1,
OECD.SDD.STES:DSD_STES_REVISIONS@DF_STES_REVISIONS(4.0),EA19,Q,ULC,PT_PCOS,_T,201506,2008-Q1,0.74,A,0,1,
OECD.SDD.STES:DSD_STES_REVISIONS@DF_STES_REVISIONS(4.0),EA19,Q,ULC,PT_PCOS,_T,201504,2008-Q1,0.74,A,0,1,
OECD.SDD.STES:DSD_STES_REVISIONS@DF_STES_REVISIONS(4.0),EA19,Q,ULC,PT_PCOS,_T,201503,2011-Q4,0.74,A,0,1,
OECD.SDD.STES:DSD_STES_REVISIONS@DF_STES_REVISIONS(4.0),EA19,Q,ULC,PT_PCOS,_T,202204,2011-Q4,0.74,A,0,1,
OECD.SDD.STES:DSD_STES_REVISIONS@DF_STES_REVISIONS(4.0),EA19,Q,ULC,PT_PCOS,_T,202201,2011-Q4,0.74,A,0,1,
OECD.SDD.STES:DSD_STES_REVISIONS@DF_STES_REVISIONS(4.0),EA19,Q,ULC,PT_PCOS,_T,202010,2011-Q4,0.74,A,0,1,
OECD.SDD.STES:DSD_STES_REVISIONS@DF_STES_REVISIONS(4.0),EA19,Q,ULC,PT_PCOS,_T,202202,2011-Q4,0.74,A,0,1,
OECD.SDD.STES:DSD_STES_REVISIONS@DF_STES_REVISIONS(4.0),EA19,Q,ULC,PT_PCOS,_T,202206,2011-Q4,0.74,A,0,1,
OECD.SDD.STES:DSD_STES_REVISIONS@DF_STES_REVISIONS(4.0),EA19,Q,ULC,PT_PCOS,_T,202207,2011-Q4,0.74,A,0,1,
OECD.SDD.STES:DSD_STES_REVISIONS@DF_STES_REVISIONS(4.0),EA19,Q,ULC,PT_PCOS,_T,202205,2011-Q4,0.74,A,0,1,
OECD.SDD.STES:DSD_STES_REVISIONS@DF_STES_REVISIONS(4.0),EA19,Q,ULC,PT_PCOS,_T,201502,2011-Q4,0.74,A,0,1,
OECD.SDD.STES:DSD_STES_REVISIONS@DF_STES_REVISIONS(4.0),EA19,Q,ULC,PT_PCOS,_T,201704,2011-Q4,0.74,A,0,1,
OECD.SDD.STES:DSD_STES_REVISIONS@DF_STES_REVISIONS(4.0),EA19,Q,ULC,PT_PCOS,_T,202203,2011-Q4,0.74,A,0,1,
OECD.SDD.STES:DSD_STES_REVISIONS@DF_STES_REVISIONS(4.0),EA19,Q,ULC,PT_PCOS,_T,202107,2011-Q4,0.74,A,0,1,
OECD.SDD.STES:DSD_STES_REVISIONS@DF_STES_REVISIONS(4.0),EA19,Q,ULC,PT_PCOS,_T,201907,2012-Q2,0.74,A,0,1,
OECD.SDD.STES:DSD_STES_REVISIONS@DF_STES_REVISIONS(4.0),EA19,Q,ULC,PT_PCOS,_T,202004,2018-Q2,0.74,A,0,1,
OECD.SDD.STES:DSD_STES_REVISIONS@DF_STES_REVISIONS(4.0),EA19,Q,ULC,PT_PCOS,_T,202006,2018-Q2,0.74,A,0,1,
OECD.SDD.STES:DSD_STES_REVISIONS@DF_STES_REVISIONS(4.0),EA19,Q,ULC,PT_PCOS,_T,202005,2018-Q2,0.74,A,0,1,
OECD.SDD.STES:DSD_STES_REVISIONS@DF_STES_REVISIONS(4.0),EA19,Q,ULC,PT_PCOS,_T,201810,2018-Q2,0.74,A,0,1,
OECD.SDD.STES:DSD_STES_REVISIONS@DF_STES_REVISIONS(4.0),EA19,Q,ULC,PT_PCOS,_T,202009,2018-Q2,0.74,A,0,1,
OECD.SDD.STES:DSD_STES_REVISIONS@DF_STES_REVISIONS(4.0),EA19,Q,ULC,PT_PCOS,_T,202008,2018-Q2,0.74,A,0,1,
OECD.SDD.STES:DSD_STES_REVISIONS@DF_STES_REVISIONS(4.0),EA19,Q,ULC,PT_PCOS,_T,202004,2018-Q3,0.74,A,0,1,
OECD.SDD.STES:DSD_STES_REVISIONS@DF_STES_REVISIONS(4.0),EA19,Q,ULC,PT_PCOS,_T,202006,2018-Q3,0.74,A,0,1,
OECD.SDD.STES:DSD_STES_REVISIONS@DF_STES_REVISIONS(4.0),EA19,Q,ULC,PT_PCOS,_T,202005,2018-Q3,0.74,A,0,1,
OECD.SDD.STES:DSD_STES_REVISIONS@DF_STES_REVISIONS(4.0),EA19,Q,ULC,PT_PCOS,_T,202010,2019-Q2,0.74,A,0,1,
OECD.SDD.STES:DSD_STES_REVISIONS@DF_STES_REVISIONS(4.0),EA19,Q,ULC,PT_PCOS,_T,201511,2012-Q1,0.47,A,0,1,
OECD.SDD.STES:DSD_STES_REVISIONS@DF_STES_REVISIONS(4.0),EA19,Q,ULC,PT_PCOS,_T,201603,2012-Q1,0.47,A,0,1,
OECD.SDD.STES:DSD_STES_REVISIONS@DF_STES_REVISIONS(4.0),EA19,Q,ULC,PT_PCOS,_T,201512,2012-Q1,0.47,A,0,1,
OECD.SDD.STES:DSD_STES_REVISIONS@DF_STES_REVISIONS(4.0),EA19,Q,ULC,PT_PCOS,_T,201708,2012-Q1,0.47,A,0,1,
OECD.SDD.STES:DSD_STES_REVISIONS@DF_STES_REVISIONS(4.0),EA19,Q,ULC,PT_PCOS,_T,201602,2012-Q1,0.47,A,0,1,
OECD.SDD.STES:DSD_STES_REVISIONS@DF_STES_REVISIONS(4.0),EA19,Q,ULC,PT_PCOS,_T,201510,2012-Q1,0.47,A,0,1,
OECD.SDD.STES:DSD_STES_REVISIONS@DF_STES_REVISIONS(4.0),EA19,Q,ULC,PT_PCOS,_T,201809,2012-Q1,0.47,A,0,1,
OECD.SDD.STES:DSD_STES_REVISIONS@DF_STES_REVISIONS(4.0),EA19,Q,ULC,PT_PCOS,_T,201709,2012-Q1,0.47,A,0,1,
OECD.SDD.STES:DSD_STES_REVISIONS@DF_STES_REVISIONS(4.0),EA19,Q,ULC,PT_PCOS,_T,201802,2012-Q1,0.47,A,0,1,
OECD.SDD.STES:DSD_STES_REVISIONS@DF_STES_REVISIONS(4.0),EA19,Q,ULC,PT_PCOS,_T,201801,2012-Q1,0.47,A,0,1,
OECD.SDD.STES:DSD_STES_REVISIONS@DF_STES_REVISIONS(4.0),EA19,Q,ULC,PT_PCOS,_T,201805,2012-Q1,0.47,A,0,1,
OECD.SDD.STES:DSD_STES_REVISIONS@DF_STES_REVISIONS(4.0),EA19,Q,ULC,PT_PCOS,_T,201803,2012-Q1,0.47,A,0,1,
OECD.SDD.STES:DSD_STES_REVISIONS@DF_STES_REVISIONS(4.0),EA19,Q,ULC,PT_PCOS,_T,201712,2012-Q1,0.47,A,0,1,
OECD.SDD.STES:DSD_STES_REVISIONS@DF_STES_REVISIONS(4.0),EA19,Q,ULC,PT_PCOS,_T,201808,2012-Q1,0.47,A,0,1,
OECD.SDD.STES:DSD_STES_REVISIONS@DF_STES_REVISIONS(4.0),EA19,Q,ULC,PT_PCOS,_T,201601,2012-Q1,0.47,A,0,1,
OECD.SDD.STES:DSD_STES_REVISIONS@DF_STES_REVISIONS(4.0),EA19,Q,ULC,PT_PCOS,_T,201910,2018-Q4,0.47,A,0,1,
OECD.SDD.STES:DSD_STES_REVISIONS@DF_STES_REVISIONS(4.0),EA19,Q,ULC,PT_PCOS,_T,202207,2019-Q3,0.47,A,0,1,
OECD.SDD.STES:DSD_STES_REVISIONS@DF_STES_REVISIONS(4.0),EA19,Q,ULC,PT_PCOS,_T,202011,2011-Q2,0.56,A,0,1,
OECD.SDD.STES:DSD_STES_REVISIONS@DF_STES_REVISIONS(4.0),EA19,Q,ULC,PT_PCOS,_T,202012,2011-Q2,0.56,A,0,1,
OECD.SDD.STES:DSD_STES_REVISIONS@DF_STES_REVISIONS(4.0),EA19,Q,ULC,PT_PCOS,_T,201606,2013-Q1,0.56,A,0,1,
OECD.SDD.STES:DSD_STES_REVISIONS@DF_STES_REVISIONS(4.0),EA19,Q,ULC,PT_PCOS,_T,201605,2013-Q1,0.56,A,0,1,
OECD.SDD.STES:DSD_STES_REVISIONS@DF_STES_REVISIONS(4.0),EA19,Q,ULC,PT_PCOS,_T,201604,2013-Q1,0.56,A,0,1,
OECD.SDD.STES:DSD_STES_REVISIONS@DF_STES_REVISIONS(4.0),EA19,Q,ULC,PT_PCOS,_T,201904,2018-Q1,0.56,A,0,1,
OECD.SDD.STES:DSD_STES_REVISIONS@DF_STES_REVISIONS(4.0),EA19,Q,ULC,PT_PCOS,_T,201903,2018-Q1,0.56,A,0,1,
OECD.SDD.STES:DSD_STES_REVISIONS@DF_STES_REVISIONS(4.0),EA19,Q,ULC,PT_PCOS,_T,202210,2019-Q2,0.56,A,0,1,
OECD.SDD.STES:DSD_STES_REVISIONS@DF_STES_REVISIONS(4.0),EA19,Q,ULC,PT_PCOS,_T,202006,2019-Q3,0.56,A,0,1,
OECD.SDD.STES:DSD_STES_REVISIONS@DF_STES_REVISIONS(4.0),EA19,Q,ULC,PT_PCOS,_T,202108,2019-Q3,0.56,A,0,1,
OECD.SDD.STES:DSD_STES_REVISIONS@DF_STES_REVISIONS(4.0),EA19,Q,ULC,PT_PCOS,_T,202005,2019-Q3,0.56,A,0,1,
OECD.SDD.STES:DSD_STES_REVISIONS@DF_STES_REVISIONS(4.0),EA19,Q,ULC,PT_PCOS,_T,202107,2019-Q3,0.56,A,0,1,
OECD.SDD.STES:DSD_STES_REVISIONS@DF_STES_REVISIONS(4.0),EA19,Q,ULC,PT_PCOS,_T,201703,2012-Q1,0.51,A,0,1,
OECD.SDD.STES:DSD_STES_REVISIONS@DF_STES_REVISIONS(4.0),EA19,Q,ULC,PT_PCOS,_T,201702,2012-Q1,0.51,A,0,1,
OECD.SDD.STES:DSD_STES_REVISIONS@DF_STES_REVISIONS(4.0),EA19,Q,ULC,PT_PCOS,_T,201701,2012-Q1,0.51,A,0,1,
OECD.SDD.STES:DSD_STES_REVISIONS@DF_STES_REVISIONS(4.0),EA19,Q,ULC,PT_PCOS,_T,201912,2018-Q1,0.51,A,0,1,
OECD.SDD.STES:DSD_STES_REVISIONS@DF_STES_REVISIONS(4.0),EA19,Q,ULC,PT_PCOS,_T,201911,2018-Q1,0.51,A,0,1,
OECD.SDD.STES:DSD_STES_REVISIONS@DF_STES_REVISIONS(4.0),EA19,Q,ULC,PT_PCOS,_T,202007,2018-Q1,0.51,A,0,1,
OECD.SDD.STES:DSD_STES_REVISIONS@DF_STES_REVISIONS(4.0),EA19,Q,ULC,PT_PCOS,_T,202009,2018-Q1,0.51,A,0,1,
OECD.SDD.STES:DSD_STES_REVISIONS@DF_STES_REVISIONS(4.0),EA19,Q,ULC,PT_PCOS,_T,202008,2018-Q1,0.51,A,0,1,
OECD.SDD.STES:DSD_STES_REVISIONS@DF_STES_REVISIONS(4.0),EA19,Q,ULC,PT_PCOS,_T,202107,2019-Q2,0.51,A,0,1,
OECD.SDD.STES:DSD_STES_REVISIONS@DF_STES_REVISIONS(4.0),EA19,Q,ULC,PT_PCOS,_T,202212,2012-Q4,0.4,A,0,1,
OECD.SDD.STES:DSD_STES_REVISIONS@DF_STES_REVISIONS(4.0),EA19,Q,ULC,PT_PCOS,_T,202211,2012-Q4,0.4,A,0,1,
OECD.SDD.STES:DSD_STES_REVISIONS@DF_STES_REVISIONS(4.0),EA19,Q,ULC,PT_PCOS,_T,201912,2012-Q4,0.4,A,0,1,
OECD.SDD.STES:DSD_STES_REVISIONS@DF_STES_REVISIONS(4.0),EA19,Q,ULC,PT_PCOS,_T,202201,2012-Q4,0.4,A,0,1,
OECD.SDD.STES:DSD_STES_REVISIONS@DF_STES_REVISIONS(4.0),EA19,Q,ULC,PT_PCOS,_T,202010,2012-Q4,0.4,A,0,1,
OECD.SDD.STES:DSD_STES_REVISIONS@DF_STES_REVISIONS(4.0),EA19,Q,ULC,PT_PCOS,_T,202202,2012-Q4,0.4,A,0,1,
OECD.SDD.STES:DSD_STES_REVISIONS@DF_STES_REVISIONS(4.0),EA19,Q,ULC,PT_PCOS,_T,202004,2012-Q4,0.4,A,0,1,
OECD.SDD.STES:DSD_STES_REVISIONS@DF_STES_REVISIONS(4.0),EA19,Q,ULC,PT_PCOS,_T,202006,2012-Q4,0.4,A,0,1,
OECD.SDD.STES:DSD_STES_REVISIONS@DF_STES_REVISIONS(4.0),EA19,Q,ULC,PT_PCOS,_T,202101,2012-Q4,0.4,A,0,1,
OECD.SDD.STES:DSD_STES_REVISIONS@DF_STES_REVISIONS(4.0),EA19,Q,ULC,PT_PCOS,_T,202011,2012-Q4,0.4,A,0,1,
OECD.SDD.STES:DSD_STES_REVISIONS@DF_STES_REVISIONS(4.0),EA19,Q,ULC,PT_PCOS,_T,202110,2012-Q4,0.4,A,0,1,
OECD.SDD.STES:DSD_STES_REVISIONS@DF_STES_REVISIONS(4.0),EA19,Q,ULC,PT_PCOS,_T,201911,2012-Q4,0.4,A,0,1,
OECD.SDD.STES:DSD_STES_REVISIONS@DF_STES_REVISIONS(4.0),EA19,Q,ULC,PT_PCOS,_T,202203,2012-Q4,0.4,A,0,1,
OECD.SDD.STES:DSD_STES_REVISIONS@DF_STES_REVISIONS(4.0),EA19,Q,ULC,PT_PCOS,_T,202012,2012-Q4,0.4,A,0,1,
OECD.SDD.STES:DSD_STES_REVISIONS@DF_STES_REVISIONS(4.0),EA19,Q,ULC,PT_PCOS,_T,201908,2018-Q1,0.4,A,0,1,
OECD.SDD.STES:DSD_STES_REVISIONS@DF_STES_REVISIONS(4.0),EA19,Q,ULC,PT_PCOS,_T,201909,2018-Q1,0.4,A,0,1,
OECD.SDD.STES:DSD_STES_REVISIONS@DF_STES_REVISIONS(4.0),EA19,Q,ULC,PT_PCOS,_T,202208,2019-Q3,0.4,A,0,1,
OECD.SDD.STES:DSD_STES_REVISIONS@DF_STES_REVISIONS(4.0),EA19,Q,ULC,PT_PCOS,_T,202201,2019-Q4,0.4,A,0,1,
OECD.SDD.STES:DSD_STES_REVISIONS@DF_STES_REVISIONS(4.0),EA19,Q,ULC,PT_PCOS,_T,202202,2019-Q4,0.4,A,0,1,
OECD.SDD.STES:DSD_STES_REVISIONS@DF_STES_REVISIONS(4.0),EA19,Q,ULC,PT_PCOS,_T,202101,2010-Q3,-0.08,A,0,1,
OECD.SDD.STES:DSD_STES_REVISIONS@DF_STES_REVISIONS(4.0),EA19,Q,ULC,PT_PCOS,_T,202209,2010-Q3,-0.08,A,0,1,
OECD.SDD.STES:DSD_STES_REVISIONS@DF_STES_REVISIONS(4.0),EA19,Q,ULC,PT_PCOS,_T,202011,2010-Q3,-0.08,A,0,1,
OECD.SDD.STES:DSD_STES_REVISIONS@DF_STES_REVISIONS(4.0),EA19,Q,ULC,PT_PCOS,_T,202111,2010-Q3,-0.08,A,0,1,
OECD.SDD.STES:DSD_STES_REVISIONS@DF_STES_REVISIONS(4.0),EA19,Q,ULC,PT_PCOS,_T,202112,2010-Q3,-0.08,A,0,1,
OECD.SDD.STES:DSD_STES_REVISIONS@DF_STES_REVISIONS(4.0),EA19,Q,ULC,PT_PCOS,_T,202208,2010-Q3,-0.08,A,0,1,
OECD.SDD.STES:DSD_STES_REVISIONS@DF_STES_REVISIONS(4.0),EA19,Q,ULC,PT_PCOS,_T,202012,2010-Q3,-0.08,A,0,1,
OECD.SDD.STES:DSD_STES_REVISIONS@DF_STES_REVISIONS(4.0),EA19,Q,ULC,PT_PCOS,_T,201606,2011-Q1,-0.08,A,0,1,
OECD.SDD.STES:DSD_STES_REVISIONS@DF_STES_REVISIONS(4.0),EA19,Q,ULC,PT_PCOS,_T,201603,2011-Q1,-0.08,A,0,1,
OECD.SDD.STES:DSD_STES_REVISIONS@DF_STES_REVISIONS(4.0),EA19,Q,ULC,PT_PCOS,_T,201912,2011-Q1,-0.08,A,0,1,
OECD.SDD.STES:DSD_STES_REVISIONS@DF_STES_REVISIONS(4.0),EA19,Q,ULC,PT_PCOS,_T,202004,2011-Q1,-0.08,A,0,1,
OECD.SDD.STES:DSD_STES_REVISIONS@DF_STES_REVISIONS(4.0),EA19,Q,ULC,PT_PCOS,_T,201602,2011-Q1,-0.08,A,0,1,
OECD.SDD.STES:DSD_STES_REVISIONS@DF_STES_REVISIONS(4.0),EA19,Q,ULC,PT_PCOS,_T,201605,2011-Q1,-0.08,A,0,1,
OECD.SDD.STES:DSD_STES_REVISIONS@DF_STES_REVISIONS(4.0),EA19,Q,ULC,PT_PCOS,_T,201809,2011-Q1,-0.08,A,0,1,
OECD.SDD.STES:DSD_STES_REVISIONS@DF_STES_REVISIONS(4.0),EA19,Q,ULC,PT_PCOS,_T,201911,2011-Q1,-0.08,A,0,1,
OECD.SDD.STES:DSD_STES_REVISIONS@DF_STES_REVISIONS(4.0),EA19,Q,ULC,PT_PCOS,_T,201604,2011-Q1,-0.08,A,0,1,
OECD.SDD.STES:DSD_STES_REVISIONS@DF_STES_REVISIONS(4.0),EA19,Q,ULC,PT_PCOS,_T,201808,2011-Q1,-0.08,A,0,1,
OECD.SDD.STES:DSD_STES_REVISIONS@DF_STES_REVISIONS(4.0),EA19,Q,ULC,PT_PCOS,_T,201601,2011-Q1,-0.08,A,0,1,
OECD.SDD.STES:DSD_STES_REVISIONS@DF_STES_REVISIONS(4.0),EA19,Q,ULC,PT_PCOS,_T,202208,2011-Q1,-0.08,A,0,1,
OECD.SDD.STES:DSD_STES_REVISIONS@DF_STES_REVISIONS(4.0),EA19,Q,ULC,PT_PCOS,_T,202009,2015-Q4,0.31,A,0,1,
OECD.SDD.STES:DSD_STES_REVISIONS@DF_STES_REVISIONS(4.0),EA19,Q,ULC,PT_PCOS,_T,202008,2015-Q4,0.31,A,0,1,
OECD.SDD.STES:DSD_STES_REVISIONS@DF_STES_REVISIONS(4.0),EA19,Q,ULC,PT_PCOS,_T,202003,2016-Q2,0.31,A,0,1,
OECD.SDD.STES:DSD_STES_REVISIONS@DF_STES_REVISIONS(4.0),EA19,Q,ULC,PT_PCOS,_T,201908,2016-Q2,0.31,A,0,1,
OECD.SDD.STES:DSD_STES_REVISIONS@DF_STES_REVISIONS(4.0),EA19,Q,ULC,PT_PCOS,_T,202102,2016-Q2,0.31,A,0,1,
OECD.SDD.STES:DSD_STES_REVISIONS@DF_STES_REVISIONS(4.0),EA19,Q,ULC,PT_PCOS,_T,201909,2016-Q2,0.31,A,0,1,
OECD.SDD.STES:DSD_STES_REVISIONS@DF_STES_REVISIONS(4.0),EA19,Q,ULC,PT_PCOS,_T,202101,2016-Q2,0.31,A,0,1,
OECD.SDD.STES:DSD_STES_REVISIONS@DF_STES_REVISIONS(4.0),EA19,Q,ULC,PT_PCOS,_T,202103,2016-Q2,0.31,A,0,1,
OECD.SDD.STES:DSD_STES_REVISIONS@DF_STES_REVISIONS(4.0),EA19,Q,ULC,PT_PCOS,_T,202002,2016-Q2,0.31,A,0,1,
OECD.SDD.STES:DSD_STES_REVISIONS@DF_STES_REVISIONS(4.0),EA19,Q,ULC,PT_PCOS,_T,202005,2016-Q2,0.31,A,0,1,
OECD.SDD.STES:DSD_STES_REVISIONS@DF_STES_REVISIONS(4.0),EA19,Q,ULC,PT_PCOS,_T,202107,2016-Q2,0.31,A,0,1,
OECD.SDD.STES:DSD_STES_REVISIONS@DF_STES_REVISIONS(4.0),EA19,Q,ULC,PT_PCOS,_T,202109,2016-Q3,0.31,A,0,1,
OECD.SDD.STES:DSD_STES_REVISIONS@DF_STES_REVISIONS(4.0),EA19,Q,ULC,PT_PCOS,_T,201708,2016-Q3,0.31,A,0,1,
OECD.SDD.STES:DSD_STES_REVISIONS@DF_STES_REVISIONS(4.0),EA19,Q,ULC,PT_PCOS,_T,202105,2016-Q3,0.31,A,0,1,
OECD.SDD.STES:DSD_STES_REVISIONS@DF_STES_REVISIONS(4.0),EA19,Q,ULC,PT_PCOS,_T,202106,2016-Q3,0.31,A,0,1,
OECD.SDD.STES:DSD_STES_REVISIONS@DF_STES_REVISIONS(4.0),EA19,Q,ULC,PT_PCOS,_T,202108,2016-Q3,0.31,A,0,1,
OECD.SDD.STES:DSD_STES_REVISIONS@DF_STES_REVISIONS(4.0),EA19,Q,ULC,PT_PCOS,_T,201709,2016-Q3,0.31,A,0,1,
OECD.SDD.STES:DSD_STES_REVISIONS@DF_STES_REVISIONS(4.0),EA19,Q,ULC,PT_PCOS,_T,202104,2016-Q3,0.31,A,0,1,
OECD.SDD.STES:DSD_STES_REVISIONS@DF_STES_REVISIONS(4.0),EA19,Q,ULC,PT_PCOS,_T,202007,2016-Q3,0.31,A,0,1,
OECD.SDD.STES:DSD_STES_REVISIONS@DF_STES_REVISIONS(4.0),EA19,Q,ULC,PT_PCOS,_T,201704,2016-Q4,0.31,A,0,1,
OECD.SDD.STES:DSD_STES_REVISIONS@DF_STES_REVISIONS(4.0),EA19,Q,ULC,PT_PCOS,_T,201706,2016-Q4,0.31,A,0,1,
OECD.SDD.STES:DSD_STES_REVISIONS@DF_STES_REVISIONS(4.0),EA19,Q,ULC,PT_PCOS,_T,201705,2016-Q4,0.31,A,0,1,
OECD.SDD.STES:DSD_STES_REVISIONS@DF_STES_REVISIONS(4.0),EA19,Q,ULC,PT_PCOS,_T,201812,2017-Q4,0.31,A,0,1,
OECD.SDD.STES:DSD_STES_REVISIONS@DF_STES_REVISIONS(4.0),EA19,Q,ULC,PT_PCOS,_T,202209,2017-Q4,0.31,A,0,1,
OECD.SDD.STES:DSD_STES_REVISIONS@DF_STES_REVISIONS(4.0),EA19,Q,ULC,PT_PCOS,_T,201811,2017-Q4,0.31,A,0,1,
OECD.SDD.STES:DSD_STES_REVISIONS@DF_STES_REVISIONS(4.0),EA19,Q,ULC,PT_PCOS,_T,202208,2017-Q4,0.31,A,0,1,
OECD.SDD.STES:DSD_STES_REVISIONS@DF_STES_REVISIONS(4.0),EA19,Q,ULC,PT_PCOS,_T,202011,2018-Q4,0.31,A,0,1,
OECD.SDD.STES:DSD_STES_REVISIONS@DF_STES_REVISIONS(4.0),EA19,Q,ULC,PT_PCOS,_T,202012,2018-Q4,0.31,A,0,1,
OECD.SDD.STES:DSD_STES_REVISIONS@DF_STES_REVISIONS(4.0),EA19,Q,ULC,PT_PCOS,_T,202107,2019-Q1,0.31,A,0,1,
OECD.SDD.STES:DSD_STES_REVISIONS@DF_STES_REVISIONS(4.0),EA19,Q,ULC,PT_PCOS,_T,201507,2011-Q3,0.15,A,0,1,
OECD.SDD.STES:DSD_STES_REVISIONS@DF_STES_REVISIONS(4.0),EA19,Q,ULC,PT_PCOS,_T,201509,2011-Q3,0.15,A,0,1,
OECD.SDD.STES:DSD_STES_REVISIONS@DF_STES_REVISIONS(4.0),EA19,Q,ULC,PT_PCOS,_T,201508,2011-Q3,0.15,A,0,1,
OECD.SDD.STES:DSD_STES_REVISIONS@DF_STES_REVISIONS(4.0),EA19,Q,ULC,PT_PCOS,_T,201708,2016-Q2,0.15,A,0,1,
OECD.SDD.STES:DSD_STES_REVISIONS@DF_STES_REVISIONS(4.0),EA19,Q,ULC,PT_PCOS,_T,201709,2016-Q2,0.15,A,0,1,
OECD.SDD.STES:DSD_STES_REVISIONS@DF_STES_REVISIONS(4.0),EA19,Q,ULC,PT_PCOS,_T,201707,2016-Q2,0.15,A,0,1,
OECD.SDD.STES:DSD_STES_REVISIONS@DF_STES_REVISIONS(4.0),EA19,Q,ULC,PT_PCOS,_T,201807,2017-Q1,0.15,A,0,1,
OECD.SDD.STES:DSD_STES_REVISIONS@DF_STES_REVISIONS(4.0),EA19,Q,ULC,PT_PCOS,_T,201908,2017-Q1,0.15,A,0,1,
OECD.SDD.STES:DSD_STES_REVISIONS@DF_STES_REVISIONS(4.0),EA19,Q,ULC,PT_PCOS,_T,201909,2017-Q1,0.15,A,0,1,
OECD.SDD.STES:DSD_STES_REVISIONS@DF_STES_REVISIONS(4.0),EA19,Q,ULC,PT_PCOS,_T,202011,2017-Q1,0.15,A,0,1,
OECD.SDD.STES:DSD_STES_REVISIONS@DF_STES_REVISIONS(4.0),EA19,Q,ULC,PT_PCOS,_T,202012,2017-Q1,0.15,A,0,1,
OECD.SDD.STES:DSD_STES_REVISIONS@DF_STES_REVISIONS(4.0),EA19,Q,ULC,PT_PCOS,_T,201905,2017-Q3,0.15,A,0,1,
OECD.SDD.STES:DSD_STES_REVISIONS@DF_STES_REVISIONS(4.0),EA19,Q,ULC,PT_PCOS,_T,201906,2017-Q3,0.15,A,0,1,
OECD.SDD.STES:DSD_STES_REVISIONS@DF_STES_REVISIONS(4.0),EA19,Q,ULC,PT_PCOS,_T,202212,2018-Q4,0.15,A,0,1,
OECD.SDD.STES:DSD_STES_REVISIONS@DF_STES_REVISIONS(4.0),EA19,Q,ULC,PT_PCOS,_T,202211,2018-Q4,0.15,A,0,1,
OECD.SDD.STES:DSD_STES_REVISIONS@DF_STES_REVISIONS(4.0),EA19,Q,ULC,PT_PCOS,_T,201511,2012-Q4,0.29,A,0,1,
OECD.SDD.STES:DSD_STES_REVISIONS@DF_STES_REVISIONS(4.0),EA19,Q,ULC,PT_PCOS,_T,201902,2012-Q4,0.29,A,0,1,
OECD.SDD.STES:DSD_STES_REVISIONS@DF_STES_REVISIONS(4.0),EA19,Q,ULC,PT_PCOS,_T,201908,2012-Q4,0.29,A,0,1,
OECD.SDD.STES:DSD_STES_REVISIONS@DF_STES_REVISIONS(4.0),EA19,Q,ULC,PT_PCOS,_T,201512,2012-Q4,0.29,A,0,1,
OECD.SDD.STES:DSD_STES_REVISIONS@DF_STES_REVISIONS(4.0),EA19,Q,ULC,PT_PCOS,_T,201812,2012-Q4,0.29,A,0,1,
OECD.SDD.STES:DSD_STES_REVISIONS@DF_STES_REVISIONS(4.0),EA19,Q,ULC,PT_PCOS,_T,201909,2012-Q4,0.29,A,0,1,
OECD.SDD.STES:DSD_STES_REVISIONS@DF_STES_REVISIONS(4.0),EA19,Q,ULC,PT_PCOS,_T,201907,2012-Q4,0.29,A,0,1,
OECD.SDD.STES:DSD_STES_REVISIONS@DF_STES_REVISIONS(4.0),EA19,Q,ULC,PT_PCOS,_T,201510,2012-Q4,0.29,A,0,1,
OECD.SDD.STES:DSD_STES_REVISIONS@DF_STES_REVISIONS(4.0),EA19,Q,ULC,PT_PCOS,_T,201612,2012-Q4,0.29,A,0,1,
OECD.SDD.STES:DSD_STES_REVISIONS@DF_STES_REVISIONS(4.0),EA19,Q,ULC,PT_PCOS,_T,201809,2012-Q4,0.29,A,0,1,
OECD.SDD.STES:DSD_STES_REVISIONS@DF_STES_REVISIONS(4.0),EA19,Q,ULC,PT_PCOS,_T,201901,2012-Q4,0.29,A,0,1,
OECD.SDD.STES:DSD_STES_REVISIONS@DF_STES_REVISIONS(4.0),EA19,Q,ULC,PT_PCOS,_T,201611,2012-Q4,0.29,A,0,1,
OECD.SDD.STES:DSD_STES_REVISIONS@DF_STES_REVISIONS(4.0),EA19,Q,ULC,PT_PCOS,_T,201811,2012-Q4,0.29,A,0,1,
OECD.SDD.STES:DSD_STES_REVISIONS@DF_STES_REVISIONS(4.0),EA19,Q,ULC,PT_PCOS,_T,201810,2012-Q4,0.29,A,0,1,
OECD.SDD.STES:DSD_STES_REVISIONS@DF_STES_REVISIONS(4.0),EA19,Q,ULC,PT_PCOS,_T,201808,2012-Q4,0.29,A,0,1,
OECD.SDD.STES:DSD_STES_REVISIONS@DF_STES_REVISIONS(4.0),EA19,Q,ULC,PT_PCOS,_T,202001,2015-Q4,0.29,A,0,1,
OECD.SDD.STES:DSD_STES_REVISIONS@DF_STES_REVISIONS(4.0),EA19,Q,ULC,PT_PCOS,_T,202012,2015-Q4,0.29,A,0,1,
OECD.SDD.STES:DSD_STES_REVISIONS@DF_STES_REVISIONS(4.0),EA19,Q,ULC,PT_PCOS,_T,201812,2016-Q2,0.29,A,0,1,
OECD.SDD.STES:DSD_STES_REVISIONS@DF_STES_REVISIONS(4.0),EA19,Q,ULC,PT_PCOS,_T,202006,2016-Q2,0.29,A,0,1,
OECD.SDD.STES:DSD_STES_REVISIONS@DF_STES_REVISIONS(4.0),EA19,Q,ULC,PT_PCOS,_T,201901,2016-Q2,0.29,A,0,1,
OECD.SDD.STES:DSD_STES_REVISIONS@DF_STES_REVISIONS(4.0),EA19,Q,ULC,PT_PCOS,_T,201811,2016-Q2,0.29,A,0,1,
OECD.SDD.STES:DSD_STES_REVISIONS@DF_STES_REVISIONS(4.0),EA19,Q,ULC,PT_PCOS,_T,201807,2016-Q3,0.29,A,0,1,
OECD.SDD.STES:DSD_STES_REVISIONS@DF_STES_REVISIONS(4.0),EA19,Q,ULC,PT_PCOS,_T,202010,2016-Q3,0.29,A,0,1,
OECD.SDD.STES:DSD_STES_REVISIONS@DF_STES_REVISIONS(4.0),EA19,Q,ULC,PT_PCOS,_T,202004,2016-Q3,0.29,A,0,1,
OECD.SDD.STES:DSD_STES_REVISIONS@DF_STES_REVISIONS(4.0),EA19,Q,ULC,PT_PCOS,_T,202006,2016-Q3,0.29,A,0,1,
OECD.SDD.STES:DSD_STES_REVISIONS@DF_STES_REVISIONS(4.0),EA19,Q,ULC,PT_PCOS,_T,201805,2016-Q3,0.29,A,0,1,
OECD.SDD.STES:DSD_STES_REVISIONS@DF_STES_REVISIONS(4.0),EA19,Q,ULC,PT_PCOS,_T,201912,2017-Q4,0.29,A,0,1,
OECD.SDD.STES:DSD_STES_REVISIONS@DF_STES_REVISIONS(4.0),EA19,Q,ULC,PT_PCOS,_T,202201,2017-Q4,0.29,A,0,1,
OECD.SDD.STES:DSD_STES_REVISIONS@DF_STES_REVISIONS(4.0),EA19,Q,ULC,PT_PCOS,_T,202202,2017-Q4,0.29,A,0,1,
OECD.SDD.STES:DSD_STES_REVISIONS@DF_STES_REVISIONS(4.0),EA19,Q,ULC,PT_PCOS,_T,201911,2017-Q4,0.29,A,0,1,
OECD.SDD.STES:DSD_STES_REVISIONS@DF_STES_REVISIONS(4.0),EA19,Q,ULC,PT_PCOS,_T,202203,2017-Q4,0.29,A,0,1,
OECD.SDD.STES:DSD_STES_REVISIONS@DF_STES_REVISIONS(4.0),EA19,Q,ULC,PT_PCOS,_T,202201,2018-Q4,0.29,A,0,1,
OECD.SDD.STES:DSD_STES_REVISIONS@DF_STES_REVISIONS(4.0),EA19,Q,ULC,PT_PCOS,_T,202202,2018-Q4,0.29,A,0,1,
OECD.SDD.STES:DSD_STES_REVISIONS@DF_STES_REVISIONS(4.0),EA19,Q,ULC,PT_PCOS,_T,202006,2019-Q4,0.29,A,0,1,
OECD.SDD.STES:DSD_STES_REVISIONS@DF_STES_REVISIONS(4.0),EA19,Q,ULC,PT_PCOS,_T,201503,2011-Q2,0.72,A,0,1,
OECD.SDD.STES:DSD_STES_REVISIONS@DF_STES_REVISIONS(4.0),EA19,Q,ULC,PT_PCOS,_T,201502,2011-Q2,0.72,A,0,1,
OECD.SDD.STES:DSD_STES_REVISIONS@DF_STES_REVISIONS(4.0),EA19,Q,ULC,PT_PCOS,_T,201706,2011-Q2,0.72,A,0,1,
OECD.SDD.STES:DSD_STES_REVISIONS@DF_STES_REVISIONS(4.0),EA19,Q,ULC,PT_PCOS,_T,201705,2011-Q2,0.72,A,0,1,
OECD.SDD.STES:DSD_STES_REVISIONS@DF_STES_REVISIONS(4.0),EA19,Q,ULC,PT_PCOS,_T,202109,2011-Q4,0.72,A,0,1,
OECD.SDD.STES:DSD_STES_REVISIONS@DF_STES_REVISIONS(4.0),EA19,Q,ULC,PT_PCOS,_T,201610,2011-Q4,0.72,A,0,1,
OECD.SDD.STES:DSD_STES_REVISIONS@DF_STES_REVISIONS(4.0),EA19,Q,ULC,PT_PCOS,_T,202110,2011-Q4,0.72,A,0,1,
OECD.SDD.STES:DSD_STES_REVISIONS@DF_STES_REVISIONS(4.0),EA19,Q,ULC,PT_PCOS,_T,202108,2011-Q4,0.72,A,0,1,
OECD.SDD.STES:DSD_STES_REVISIONS@DF_STES_REVISIONS(4.0),EA19,Q,ULC,PT_PCOS,_T,201802,2011-Q4,0.72,A,0,1,
OECD.SDD.STES:DSD_STES_REVISIONS@DF_STES_REVISIONS(4.0),EA19,Q,ULC,PT_PCOS,_T,201801,2011-Q4,0.72,A,0,1,
OECD.SDD.STES:DSD_STES_REVISIONS@DF_STES_REVISIONS(4.0),EA19,Q,ULC,PT_PCOS,_T,201805,2011-Q4,0.72,A,0,1,
OECD.SDD.STES:DSD_STES_REVISIONS@DF_STES_REVISIONS(4.0),EA19,Q,ULC,PT_PCOS,_T,202005,2011-Q4,0.72,A,0,1,
OECD.SDD.STES:DSD_STES_REVISIONS@DF_STES_REVISIONS(4.0),EA19,Q,ULC,PT_PCOS,_T,201803,2011-Q4,0.72,A,0,1,
OECD.SDD.STES:DSD_STES_REVISIONS@DF_STES_REVISIONS(4.0),EA19,Q,ULC,PT_PCOS,_T,201712,2011-Q4,0.72,A,0,1,
OECD.SDD.STES:DSD_STES_REVISIONS@DF_STES_REVISIONS(4.0),EA19,Q,ULC,PT_PCOS,_T,201804,2011-Q4,0.72,A,0,1,
OECD.SDD.STES:DSD_STES_REVISIONS@DF_STES_REVISIONS(4.0),EA19,Q,ULC,PT_PCOS,_T,201908,2012-Q2,0.72,A,0,1,
OECD.SDD.STES:DSD_STES_REVISIONS@DF_STES_REVISIONS(4.0),EA19,Q,ULC,PT_PCOS,_T,201503,2012-Q2,0.72,A,0,1,
OECD.SDD.STES:DSD_STES_REVISIONS@DF_STES_REVISIONS(4.0),EA19,Q,ULC,PT_PCOS,_T,201909,2012-Q2,0.72,A,0,1,
OECD.SDD.STES:DSD_STES_REVISIONS@DF_STES_REVISIONS(4.0),EA19,Q,ULC,PT_PCOS,_T,201502,2012-Q2,0.72,A,0,1,
OECD.SDD.STES:DSD_STES_REVISIONS@DF_STES_REVISIONS(4.0),EA19,Q,ULC,PT_PCOS,_T,201910,2012-Q2,0.72,A,0,1,
OECD.SDD.STES:DSD_STES_REVISIONS@DF_STES_REVISIONS(4.0),EA19,Q,ULC,PT_PCOS,_T,201910,2013-Q1,0.72,A,0,1,
OECD.SDD.STES:DSD_STES_REVISIONS@DF_STES_REVISIONS(4.0),EA19,Q,ULC,PT_PCOS,_T,202208,2018-Q1,0.72,A,0,1,
OECD.SDD.STES:DSD_STES_REVISIONS@DF_STES_REVISIONS(4.0),EA19,Q,ULC,PT_PCOS,_T,202003,2018-Q3,0.72,A,0,1,
OECD.SDD.STES:DSD_STES_REVISIONS@DF_STES_REVISIONS(4.0),EA19,Q,ULC,PT_PCOS,_T,202002,2018-Q3,0.72,A,0,1,
OECD.SDD.STES:DSD_STES_REVISIONS@DF_STES_REVISIONS(4.0),EA19,Q,ULC,PT_PCOS,_T,202007,2018-Q3,0.72,A,0,1,
OECD.SDD.STES:DSD_STES_REVISIONS@DF_STES_REVISIONS(4.0),EA19,Q,ULC,PT_PCOS,_T,201805,2011-Q2,0.69,A,0,1,
OECD.SDD.STES:DSD_STES_REVISIONS@DF_STES_REVISIONS(4.0),EA19,Q,ULC,PT_PCOS,_T,201810,2011-Q2,0.69,A,0,1,
OECD.SDD.STES:DSD_STES_REVISIONS@DF_STES_REVISIONS(4.0),EA19,Q,ULC,PT_PCOS,_T,201804,2011-Q2,0.69,A,0,1,
OECD.SDD.STES:DSD_STES_REVISIONS@DF_STES_REVISIONS(4.0),EA19,Q,ULC,PT_PCOS,_T,201603,2011-Q4,0.69,A,0,1,
OECD.SDD.STES:DSD_STES_REVISIONS@DF_STES_REVISIONS(4.0),EA19,Q,ULC,PT_PCOS,_T,201602,2011-Q4,0.69,A,0,1,
OECD.SDD.STES:DSD_STES_REVISIONS@DF_STES_REVISIONS(4.0),EA19,Q,ULC,PT_PCOS,_T,201601,2011-Q4,0.69,A,0,1,
OECD.SDD.STES:DSD_STES_REVISIONS@DF_STES_REVISIONS(4.0),EA19,Q,ULC,PT_PCOS,_T,201905,2012-Q2,0.69,A,0,1,
OECD.SDD.STES:DSD_STES_REVISIONS@DF_STES_REVISIONS(4.0),EA19,Q,ULC,PT_PCOS,_T,201703,2012-Q2,0.69,A,0,1,
OECD.SDD.STES:DSD_STES_REVISIONS@DF_STES_REVISIONS(4.0),EA19,Q,ULC,PT_PCOS,_T,201609,2012-Q2,0.69,A,0,1,
OECD.SDD.STES:DSD_STES_REVISIONS@DF_STES_REVISIONS(4.0),EA19,Q,ULC,PT_PCOS,_T,201607,2012-Q2,0.69,A,0,1,
OECD.SDD.STES:DSD_STES_REVISIONS@DF_STES_REVISIONS(4.0),EA19,Q,ULC,PT_PCOS,_T,201802,2012-Q2,0.69,A,0,1,
OECD.SDD.STES:DSD_STES_REVISIONS@DF_STES_REVISIONS(4.0),EA19,Q,ULC,PT_PCOS,_T,201711,2012-Q2,0.69,A,0,1,
OECD.SDD.STES:DSD_STES_REVISIONS@DF_STES_REVISIONS(4.0),EA19,Q,ULC,PT_PCOS,_T,201702,2012-Q2,0.69,A,0,1,
OECD.SDD.STES:DSD_STES_REVISIONS@DF_STES_REVISIONS(4.0),EA19,Q,ULC,PT_PCOS,_T,201801,2012-Q2,0.69,A,0,1,
OECD.SDD.STES:DSD_STES_REVISIONS@DF_STES_REVISIONS(4.0),EA19,Q,ULC,PT_PCOS,_T,201706,2012-Q2,0.69,A,0,1,
OECD.SDD.STES:DSD_STES_REVISIONS@DF_STES_REVISIONS(4.0),EA19,Q,ULC,PT_PCOS,_T,201805,2012-Q2,0.69,A,0,1,
OECD.SDD.STES:DSD_STES_REVISIONS@DF_STES_REVISIONS(4.0),EA19,Q,ULC,PT_PCOS,_T,201906,2012-Q2,0.69,A,0,1,
OECD.SDD.STES:DSD_STES_REVISIONS@DF_STES_REVISIONS(4.0),EA19,Q,ULC,PT_PCOS,_T,201803,2012-Q2,0.69,A,0,1,
OECD.SDD.STES:DSD_STES_REVISIONS@DF_STES_REVISIONS(4.0),EA19,Q,ULC,PT_PCOS,_T,201701,2012-Q2,0.69,A,0,1,
OECD.SDD.STES:DSD_STES_REVISIONS@DF_STES_REVISIONS(4.0),EA19,Q,ULC,PT_PCOS,_T,201608,2012-Q2,0.69,A,0,1,
OECD.SDD.STES:DSD_STES_REVISIONS@DF_STES_REVISIONS(4.0),EA19,Q,ULC,PT_PCOS,_T,201705,2012-Q2,0.69,A,0,1,
OECD.SDD.STES:DSD_STES_REVISIONS@DF_STES_REVISIONS(4.0),EA19,Q,ULC,PT_PCOS,_T,201507,2013-Q1,0.69,A,0,1,
OECD.SDD.STES:DSD_STES_REVISIONS@DF_STES_REVISIONS(4.0),EA19,Q,ULC,PT_PCOS,_T,201509,2013-Q1,0.69,A,0,1,
OECD.SDD.STES:DSD_STES_REVISIONS@DF_STES_REVISIONS(4.0),EA19,Q,ULC,PT_PCOS,_T,202101,2013-Q1,0.69,A,0,1,
OECD.SDD.STES:DSD_STES_REVISIONS@DF_STES_REVISIONS(4.0),EA19,Q,ULC,PT_PCOS,_T,202011,2013-Q1,0.69,A,0,1,
OECD.SDD.STES:DSD_STES_REVISIONS@DF_STES_REVISIONS(4.0),EA19,Q,ULC,PT_PCOS,_T,201508,2013-Q1,0.69,A,0,1,
OECD.SDD.STES:DSD_STES_REVISIONS@DF_STES_REVISIONS(4.0),EA19,Q,ULC,PT_PCOS,_T,202012,2013-Q1,0.69,A,0,1,
OECD.SDD.STES:DSD_STES_REVISIONS@DF_STES_REVISIONS(4.0),EA19,Q,ULC,PT_PCOS,_T,201905,2008-Q1,0.94,A,0,1,
OECD.SDD.STES:DSD_STES_REVISIONS@DF_STES_REVISIONS(4.0),EA19,Q,ULC,PT_PCOS,_T,201703,2008-Q1,1.03,A,0,1,
OECD.SDD.STES:DSD_STES_REVISIONS@DF_STES_REVISIONS(4.0),EA19,Q,ULC,PT_PCOS,_T,201606,2008-Q1,0.95,A,0,1,
OECD.SDD.STES:DSD_STES_REVISIONS@DF_STES_REVISIONS(4.0),EA19,Q,ULC,PT_PCOS,_T,201511,2008-Q1,0.91,A,0,1,
OECD.SDD.STES:DSD_STES_REVISIONS@DF_STES_REVISIONS(4.0),EA19,Q,ULC,PT_PCOS,_T,202212,2008-Q1,1,A,0,1,
OECD.SDD.STES:DSD_STES_REVISIONS@DF_STES_REVISIONS(4.0),EA19,Q,ULC,PT_PCOS,_T,201902,2008-Q1,0.93,A,0,1,
OECD.SDD.STES:DSD_STES_REVISIONS@DF_STES_REVISIONS(4.0),EA19,Q,ULC,PT_PCOS,_T,202003,2008-Q1,1,A,0,1,
OECD.SDD.STES:DSD_STES_REVISIONS@DF_STES_REVISIONS(4.0),EA19,Q,ULC,PT_PCOS,_T,201807,2008-Q1,0.94,A,0,1,
OECD.SDD.STES:DSD_STES_REVISIONS@DF_STES_REVISIONS(4.0),EA19,Q,ULC,PT_PCOS,_T,201603,2008-Q1,0.94,A,0,1,
OECD.SDD.STES:DSD_STES_REVISIONS@DF_STES_REVISIONS(4.0),EA19,Q,ULC,PT_PCOS,_T,201908,2008-Q1,0.96,A,0,1,
OECD.SDD.STES:DSD_STES_REVISIONS@DF_STES_REVISIONS(4.0),EA19,Q,ULC,PT_PCOS,_T,202204,2008-Q1,0.97,A,0,1,
OECD.SDD.STES:DSD_STES_REVISIONS@DF_STES_REVISIONS(4.0),EA19,Q,ULC,PT_PCOS,_T,202211,2008-Q1,1,A,0,1,
OECD.SDD.STES:DSD_STES_REVISIONS@DF_STES_REVISIONS(4.0),EA19,Q,ULC,PT_PCOS,_T,201512,2008-Q1,0.91,A,0,1,
OECD.SDD.STES:DSD_STES_REVISIONS@DF_STES_REVISIONS(4.0),EA19,Q,ULC,PT_PCOS,_T,202109,2008-Q1,1.01,A,0,1,
OECD.SDD.STES:DSD_STES_REVISIONS@DF_STES_REVISIONS(4.0),EA19,Q,ULC,PT_PCOS,_T,201912,2008-Q1,1.01,A,0,1,
OECD.SDD.STES:DSD_STES_REVISIONS@DF_STES_REVISIONS(4.0),EA19,Q,ULC,PT_PCOS,_T,201812,2008-Q1,0.91,A,0,1,
OECD.SDD.STES:DSD_STES_REVISIONS@DF_STES_REVISIONS(4.0),EA19,Q,ULC,PT_PCOS,_T,202201,2008-Q1,0.99,A,0,1,
OECD.SDD.STES:DSD_STES_REVISIONS@DF_STES_REVISIONS(4.0),EA19,Q,ULC,PT_PCOS,_T,201708,2008-Q1,0.99,A,0,1,
OECD.SDD.STES:DSD_STES_REVISIONS@DF_STES_REVISIONS(4.0),EA19,Q,ULC,PT_PCOS,_T,202105,2008-Q1,1.03,A,0,1,
OECD.SDD.STES:DSD_STES_REVISIONS@DF_STES_REVISIONS(4.0),EA19,Q,ULC,PT_PCOS,_T,202010,2008-Q1,1.01,A,0,1,
OECD.SDD.STES:DSD_STES_REVISIONS@DF_STES_REVISIONS(4.0),EA19,Q,ULC,PT_PCOS,_T,202102,2008-Q1,1.06,A,0,1,
OECD.SDD.STES:DSD_STES_REVISIONS@DF_STES_REVISIONS(4.0),EA19,Q,ULC,PT_PCOS,_T,201507,2008-Q1,0.81,A,0,1,
OECD.SDD.STES:DSD_STES_REVISIONS@DF_STES_REVISIONS(4.0),EA19,Q,ULC,PT_PCOS,_T,202202,2008-Q1,0.99,A,0,1,
OECD.SDD.STES:DSD_STES_REVISIONS@DF_STES_REVISIONS(4.0),EA19,Q,ULC,PT_PCOS,_T,202106,2008-Q1,1.03,A,0,1,
OECD.SDD.STES:DSD_STES_REVISIONS@DF_STES_REVISIONS(4.0),EA19,Q,ULC,PT_PCOS,_T,202004,2008-Q1,0.97,A,0,1,
OECD.SDD.STES:DSD_STES_REVISIONS@DF_STES_REVISIONS(4.0),EA19,Q,ULC,PT_PCOS,_T,201610,2008-Q1,1,A,0,1,
OECD.SDD.STES:DSD_STES_REVISIONS@DF_STES_REVISIONS(4.0),EA19,Q,ULC,PT_PCOS,_T,201909,2008-Q1,0.96,A,0,1,
OECD.SDD.STES:DSD_STES_REVISIONS@DF_STES_REVISIONS(4.0),EA19,Q,ULC,PT_PCOS,_T,202006,2008-Q1,0.99,A,0,1,
OECD.SDD.STES:DSD_STES_REVISIONS@DF_STES_REVISIONS(4.0),EA19,Q,ULC,PT_PCOS,_T,201710,2008-Q1,0.97,A,0,1,
OECD.SDD.STES:DSD_STES_REVISIONS@DF_STES_REVISIONS(4.0),EA19,Q,ULC,PT_PCOS,_T,202210,2008-Q1,1,A,0,1,
OECD.SDD.STES:DSD_STES_REVISIONS@DF_STES_REVISIONS(4.0),EA19,Q,ULC,PT_PCOS,_T,201609,2008-Q1,0.98,A,0,1,
OECD.SDD.STES:DSD_STES_REVISIONS@DF_STES_REVISIONS(4.0),EA19,Q,ULC,PT_PCOS,_T,201602,2008-Q1,0.94,A,0,1,
OECD.SDD.STES:DSD_STES_REVISIONS@DF_STES_REVISIONS(4.0),EA19,Q,ULC,PT_PCOS,_T,201907,2008-Q1,0.94,A,0,1,
OECD.SDD.STES:DSD_STES_REVISIONS@DF_STES_REVISIONS(4.0),EA19,Q,ULC,PT_PCOS,_T,201510,2008-Q1,0.91,A,0,1,
OECD.SDD.STES:DSD_STES_REVISIONS@DF_STES_REVISIONS(4.0),EA19,Q,ULC,PT_PCOS,_T,201612,2008-Q1,0.99,A,0,1,
OECD.SDD.STES:DSD_STES_REVISIONS@DF_STES_REVISIONS(4.0),EA19,Q,ULC,PT_PCOS,_T,201509,2008-Q1,0.81,A,0,1,
OECD.SDD.STES:DSD_STES_REVISIONS@DF_STES_REVISIONS(4.0),EA19,Q,ULC,PT_PCOS,_T,201605,2008-Q1,0.95,A,0,1,
OECD.SDD.STES:DSD_STES_REVISIONS@DF_STES_REVISIONS(4.0),EA19,Q,ULC,PT_PCOS,_T,202101,2008-Q1,1.06,A,0,1,
OECD.SDD.STES:DSD_STES_REVISIONS@DF_STES_REVISIONS(4.0),EA19,Q,ULC,PT_PCOS,_T,201809,2008-Q1,0.93,A,0,1,
OECD.SDD.STES:DSD_STES_REVISIONS@DF_STES_REVISIONS(4.0),EA19,Q,ULC,PT_PCOS,_T,202206,2008-Q1,0.97,A,0,1,
OECD.SDD.STES:DSD_STES_REVISIONS@DF_STES_REVISIONS(4.0),EA19,Q,ULC,PT_PCOS,_T,201904,2008-Q1,0.95,A,0,1,
OECD.SDD.STES:DSD_STES_REVISIONS@DF_STES_REVISIONS(4.0),EA19,Q,ULC,PT_PCOS,_T,201901,2008-Q1,0.94,A,0,1,
OECD.SDD.STES:DSD_STES_REVISIONS@DF_STES_REVISIONS(4.0),EA19,Q,ULC,PT_PCOS,_T,202103,2008-Q1,1.06,A,0,1,
OECD.SDD.STES:DSD_STES_REVISIONS@DF_STES_REVISIONS(4.0),EA19,Q,ULC,PT_PCOS,_T,202209,2008-Q1,0.98,A,0,1,
OECD.SDD.STES:DSD_STES_REVISIONS@DF_STES_REVISIONS(4.0),EA19,Q,ULC,PT_PCOS,_T,202110,2008-Q1,1,A,0,1,
OECD.SDD.STES:DSD_STES_REVISIONS@DF_STES_REVISIONS(4.0),EA19,Q,ULC,PT_PCOS,_T,202011,2008-Q1,1.06,A,0,1,
OECD.SDD.STES:DSD_STES_REVISIONS@DF_STES_REVISIONS(4.0),EA19,Q,ULC,PT_PCOS,_T,202108,2008-Q1,1.01,A,0,1,
OECD.SDD.STES:DSD_STES_REVISIONS@DF_STES_REVISIONS(4.0),EA19,Q,ULC,PT_PCOS,_T,202301,2008-Q1,1,A,0,1,
OECD.SDD.STES:DSD_STES_REVISIONS@DF_STES_REVISIONS(4.0),EA19,Q,ULC,PT_PCOS,_T,202207,2008-Q1,0.98,A,0,1,
OECD.SDD.STES:DSD_STES_REVISIONS@DF_STES_REVISIONS(4.0),EA19,Q,ULC,PT_PCOS,_T,201911,2008-Q1,1.01,A,0,1,
OECD.SDD.STES:DSD_STES_REVISIONS@DF_STES_REVISIONS(4.0),EA19,Q,ULC,PT_PCOS,_T,202302,2008-Q1,1,A,0,1,
OECD.SDD.STES:DSD_STES_REVISIONS@DF_STES_REVISIONS(4.0),EA19,Q,ULC,PT_PCOS,_T,201607,2008-Q1,0.98,A,0,1,
OECD.SDD.STES:DSD_STES_REVISIONS@DF_STES_REVISIONS(4.0),EA19,Q,ULC,PT_PCOS,_T,201709,2008-Q1,0.99,A,0,1,
OECD.SDD.STES:DSD_STES_REVISIONS@DF_STES_REVISIONS(4.0),EA19,Q,ULC,PT_PCOS,_T,201611,2008-Q1,0.99,A,0,1,
OECD.SDD.STES:DSD_STES_REVISIONS@DF_STES_REVISIONS(4.0),EA19,Q,ULC,PT_PCOS,_T,202205,2008-Q1,0.97,A,0,1,
OECD.SDD.STES:DSD_STES_REVISIONS@DF_STES_REVISIONS(4.0),EA19,Q,ULC,PT_PCOS,_T,202104,2008-Q1,1.03,A,0,1,
OECD.SDD.STES:DSD_STES_REVISIONS@DF_STES_REVISIONS(4.0),EA19,Q,ULC,PT_PCOS,_T,202002,2008-Q1,1,A,0,1,
OECD.SDD.STES:DSD_STES_REVISIONS@DF_STES_REVISIONS(4.0),EA19,Q,ULC,PT_PCOS,_T,201802,2008-Q1,0.9,A,0,1,
OECD.SDD.STES:DSD_STES_REVISIONS@DF_STES_REVISIONS(4.0),EA19,Q,ULC,PT_PCOS,_T,201711,2008-Q1,0.89,A,0,1,
OECD.SDD.STES:DSD_STES_REVISIONS@DF_STES_REVISIONS(4.0),EA19,Q,ULC,PT_PCOS,_T,201702,2008-Q1,1.03,A,0,1,
OECD.SDD.STES:DSD_STES_REVISIONS@DF_STES_REVISIONS(4.0),EA19,Q,ULC,PT_PCOS,_T,201604,2008-Q1,0.96,A,0,1,
OECD.SDD.STES:DSD_STES_REVISIONS@DF_STES_REVISIONS(4.0),EA19,Q,ULC,PT_PCOS,_T,202303,2008-Q1,1,A,0,1,
OECD.SDD.STES:DSD_STES_REVISIONS@DF_STES_REVISIONS(4.0),EA19,Q,ULC,PT_PCOS,_T,201707,2008-Q1,1,A,0,1,
OECD.SDD.STES:DSD_STES_REVISIONS@DF_STES_REVISIONS(4.0),EA19,Q,ULC,PT_PCOS,_T,201806,2008-Q1,0.95,A,0,1,
OECD.SDD.STES:DSD_STES_REVISIONS@DF_STES_REVISIONS(4.0),EA19,Q,ULC,PT_PCOS,_T,201801,2008-Q1,0.91,A,0,1,
OECD.SDD.STES:DSD_STES_REVISIONS@DF_STES_REVISIONS(4.0),EA19,Q,ULC,PT_PCOS,_T,202111,2008-Q1,0.99,A,0,1,
OECD.SDD.STES:DSD_STES_REVISIONS@DF_STES_REVISIONS(4.0),EA19,Q,ULC,PT_PCOS,_T,201704,2008-Q1,1.01,A,0,1,
OECD.SDD.STES:DSD_STES_REVISIONS@DF_STES_REVISIONS(4.0),EA19,Q,ULC,PT_PCOS,_T,201706,2008-Q1,1.01,A,0,1,
OECD.SDD.STES:DSD_STES_REVISIONS@DF_STES_REVISIONS(4.0),EA19,Q,ULC,PT_PCOS,_T,201805,2008-Q1,0.9,A,0,1,
OECD.SDD.STES:DSD_STES_REVISIONS@DF_STES_REVISIONS(4.0),EA19,Q,ULC,PT_PCOS,_T,202005,2008-Q1,0.97,A,0,1,
OECD.SDD.STES:DSD_STES_REVISIONS@DF_STES_REVISIONS(4.0),EA19,Q,ULC,PT_PCOS,_T,202007,2008-Q1,0.99,A,0,1,
OECD.SDD.STES:DSD_STES_REVISIONS@DF_STES_REVISIONS(4.0),EA19,Q,ULC,PT_PCOS,_T,202112,2008-Q1,0.99,A,0,1,
OECD.SDD.STES:DSD_STES_REVISIONS@DF_STES_REVISIONS(4.0),EA19,Q,ULC,PT_PCOS,_T,201811,2008-Q1,0.91,A,0,1,
OECD.SDD.STES:DSD_STES_REVISIONS@DF_STES_REVISIONS(4.0),EA19,Q,ULC,PT_PCOS,_T,201906,2008-Q1,0.94,A,0,1,
OECD.SDD.STES:DSD_STES_REVISIONS@DF_STES_REVISIONS(4.0),EA19,Q,ULC,PT_PCOS,_T,201910,2008-Q1,1.01,A,0,1,
OECD.SDD.STES:DSD_STES_REVISIONS@DF_STES_REVISIONS(4.0),EA19,Q,ULC,PT_PCOS,_T,201803,2008-Q1,0.9,A,0,1,
OECD.SDD.STES:DSD_STES_REVISIONS@DF_STES_REVISIONS(4.0),EA19,Q,ULC,PT_PCOS,_T,201701,2008-Q1,1.02,A,0,1,
OECD.SDD.STES:DSD_STES_REVISIONS@DF_STES_REVISIONS(4.0),EA19,Q,ULC,PT_PCOS,_T,201712,2008-Q1,0.9,A,0,1,
OECD.SDD.STES:DSD_STES_REVISIONS@DF_STES_REVISIONS(4.0),EA19,Q,ULC,PT_PCOS,_T,201508,2008-Q1,0.81,A,0,1,
OECD.SDD.STES:DSD_STES_REVISIONS@DF_STES_REVISIONS(4.0),EA19,Q,ULC,PT_PCOS,_T,201810,2008-Q1,0.93,A,0,1,
OECD.SDD.STES:DSD_STES_REVISIONS@DF_STES_REVISIONS(4.0),EA19,Q,ULC,PT_PCOS,_T,202203,2008-Q1,0.99,A,0,1,
OECD.SDD.STES:DSD_STES_REVISIONS@DF_STES_REVISIONS(4.0),EA19,Q,ULC,PT_PCOS,_T,201903,2008-Q1,0.95,A,0,1,
OECD.SDD.STES:DSD_STES_REVISIONS@DF_STES_REVISIONS(4.0),EA19,Q,ULC,PT_PCOS,_T,201808,2008-Q1,0.93,A,0,1,
OECD.SDD.STES:DSD_STES_REVISIONS@DF_STES_REVISIONS(4.0),EA19,Q,ULC,PT_PCOS,_T,202009,2008-Q1,0.99,A,0,1,
OECD.SDD.STES:DSD_STES_REVISIONS@DF_STES_REVISIONS(4.0),EA19,Q,ULC,PT_PCOS,_T,202001,2008-Q1,1,A,0,1,
OECD.SDD.STES:DSD_STES_REVISIONS@DF_STES_REVISIONS(4.0),EA19,Q,ULC,PT_PCOS,_T,201608,2008-Q1,0.98,A,0,1,
OECD.SDD.STES:DSD_STES_REVISIONS@DF_STES_REVISIONS(4.0),EA19,Q,ULC,PT_PCOS,_T,202008,2008-Q1,0.99,A,0,1,
OECD.SDD.STES:DSD_STES_REVISIONS@DF_STES_REVISIONS(4.0),EA19,Q,ULC,PT_PCOS,_T,201601,2008-Q1,0.94,A,0,1,
OECD.SDD.STES:DSD_STES_REVISIONS@DF_STES_REVISIONS(4.0),EA19,Q,ULC,PT_PCOS,_T,202208,2008-Q1,0.98,A,0,1,
OECD.SDD.STES:DSD_STES_REVISIONS@DF_STES_REVISIONS(4.0),EA19,Q,ULC,PT_PCOS,_T,202012,2008-Q1,1.06,A,0,1,
OECD.SDD.STES:DSD_STES_REVISIONS@DF_STES_REVISIONS(4.0),EA19,Q,ULC,PT_PCOS,_T,202107,2008-Q1,1.03,A,0,1,
OECD.SDD.STES:DSD_STES_REVISIONS@DF_STES_REVISIONS(4.0),EA19,Q,ULC,PT_PCOS,_T,201804,2008-Q1,0.91,A,0,1,
OECD.SDD.STES:DSD_STES_REVISIONS@DF_STES_REVISIONS(4.0),EA19,Q,ULC,PT_PCOS,_T,201705,2008-Q1,1.01,A,0,1,
OECD.SDD.STES:DSD_STES_REVISIONS@DF_STES_REVISIONS(4.0),EA19,Q,ULC,PT_PCOS,_T,201905,2008-Q2,1.09,A,0,1,
OECD.SDD.STES:DSD_STES_REVISIONS@DF_STES_REVISIONS(4.0),EA19,Q,ULC,PT_PCOS,_T,201703,2008-Q2,1.08,A,0,1,
OECD.SDD.STES:DSD_STES_REVISIONS@DF_STES_REVISIONS(4.0),EA19,Q,ULC,PT_PCOS,_T,201606,2008-Q2,1.09,A,0,1,
OECD.SDD.STES:DSD_STES_REVISIONS@DF_STES_REVISIONS(4.0),EA19,Q,ULC,PT_PCOS,_T,201511,2008-Q2,1.11,A,0,1,
OECD.SDD.STES:DSD_STES_REVISIONS@DF_STES_REVISIONS(4.0),EA19,Q,ULC,PT_PCOS,_T,202212,2008-Q2,0.86,A,0,1,
OECD.SDD.STES:DSD_STES_REVISIONS@DF_STES_REVISIONS(4.0),EA19,Q,ULC,PT_PCOS,_T,201902,2008-Q2,1.11,A,0,1,
OECD.SDD.STES:DSD_STES_REVISIONS@DF_STES_REVISIONS(4.0),EA19,Q,ULC,PT_PCOS,_T,202003,2008-Q2,0.94,A,0,1,
OECD.SDD.STES:DSD_STES_REVISIONS@DF_STES_REVISIONS(4.0),EA19,Q,ULC,PT_PCOS,_T,201807,2008-Q2,1.13,A,0,1,
OECD.SDD.STES:DSD_STES_REVISIONS@DF_STES_REVISIONS(4.0),EA19,Q,ULC,PT_PCOS,_T,201603,2008-Q2,1.12,A,0,1,
OECD.SDD.STES:DSD_STES_REVISIONS@DF_STES_REVISIONS(4.0),EA19,Q,ULC,PT_PCOS,_T,201908,2008-Q2,1.12,A,0,1,
OECD.SDD.STES:DSD_STES_REVISIONS@DF_STES_REVISIONS(4.0),EA19,Q,ULC,PT_PCOS,_T,201503,2008-Q2,1.29,A,0,1,
OECD.SDD.STES:DSD_STES_REVISIONS@DF_STES_REVISIONS(4.0),EA19,Q,ULC,PT_PCOS,_T,202204,2008-Q2,0.91,A,0,1,
OECD.SDD.STES:DSD_STES_REVISIONS@DF_STES_REVISIONS(4.0),EA19,Q,ULC,PT_PCOS,_T,202211,2008-Q2,0.86,A,0,1,
OECD.SDD.STES:DSD_STES_REVISIONS@DF_STES_REVISIONS(4.0),EA19,Q,ULC,PT_PCOS,_T,201512,2008-Q2,1.11,A,0,1,
OECD.SDD.STES:DSD_STES_REVISIONS@DF_STES_REVISIONS(4.0),EA19,Q,ULC,PT_PCOS,_T,202109,2008-Q2,0.88,A,0,1,
OECD.SDD.STES:DSD_STES_REVISIONS@DF_STES_REVISIONS(4.0),EA19,Q,ULC,PT_PCOS,_T,201912,2008-Q2,0.94,A,0,1,
OECD.SDD.STES:DSD_STES_REVISIONS@DF_STES_REVISIONS(4.0),EA19,Q,ULC,PT_PCOS,_T,201812,2008-Q2,1.09,A,0,1,
OECD.SDD.STES:DSD_STES_REVISIONS@DF_STES_REVISIONS(4.0),EA19,Q,ULC,PT_PCOS,_T,202201,2008-Q2,0.88,A,0,1,
OECD.SDD.STES:DSD_STES_REVISIONS@DF_STES_REVISIONS(4.0),EA19,Q,ULC,PT_PCOS,_T,201708,2008-Q2,1.08,A,0,1,
OECD.SDD.STES:DSD_STES_REVISIONS@DF_STES_REVISIONS(4.0),EA19,Q,ULC,PT_PCOS,_T,202105,2008-Q2,0.88,A,0,1,
OECD.SDD.STES:DSD_STES_REVISIONS@DF_STES_REVISIONS(4.0),EA19,Q,ULC,PT_PCOS,_T,202010,2008-Q2,0.92,A,0,1,
OECD.SDD.STES:DSD_STES_REVISIONS@DF_STES_REVISIONS(4.0),EA19,Q,ULC,PT_PCOS,_T,201507,2008-Q2,1.23,A,0,1,
OECD.SDD.STES:DSD_STES_REVISIONS@DF_STES_REVISIONS(4.0),EA19,Q,ULC,PT_PCOS,_T,202202,2008-Q2,0.88,A,0,1,
OECD.SDD.STES:DSD_STES_REVISIONS@DF_STES_REVISIONS(4.0),EA19,Q,ULC,PT_PCOS,_T,202106,2008-Q2,0.88,A,0,1,
OECD.SDD.STES:DSD_STES_REVISIONS@DF_STES_REVISIONS(4.0),EA19,Q,ULC,PT_PCOS,_T,202004,2008-Q2,0.96,A,0,1,
OECD.SDD.STES:DSD_STES_REVISIONS@DF_STES_REVISIONS(4.0),EA19,Q,ULC,PT_PCOS,_T,201610,2008-Q2,1.11,A,0,1,
OECD.SDD.STES:DSD_STES_REVISIONS@DF_STES_REVISIONS(4.0),EA19,Q,ULC,PT_PCOS,_T,201909,2008-Q2,1.12,A,0,1,
OECD.SDD.STES:DSD_STES_REVISIONS@DF_STES_REVISIONS(4.0),EA19,Q,ULC,PT_PCOS,_T,202006,2008-Q2,0.95,A,0,1,
OECD.SDD.STES:DSD_STES_REVISIONS@DF_STES_REVISIONS(4.0),EA19,Q,ULC,PT_PCOS,_T,201710,2008-Q2,1.1,A,0,1,
OECD.SDD.STES:DSD_STES_REVISIONS@DF_STES_REVISIONS(4.0),EA19,Q,ULC,PT_PCOS,_T,202210,2008-Q2,0.92,A,0,1,
OECD.SDD.STES:DSD_STES_REVISIONS@DF_STES_REVISIONS(4.0),EA19,Q,ULC,PT_PCOS,_T,201609,2008-Q2,1.07,A,0,1,
OECD.SDD.STES:DSD_STES_REVISIONS@DF_STES_REVISIONS(4.0),EA19,Q,ULC,PT_PCOS,_T,201602,2008-Q2,1.12,A,0,1,
OECD.SDD.STES:DSD_STES_REVISIONS@DF_STES_REVISIONS(4.0),EA19,Q,ULC,PT_PCOS,_T,201907,2008-Q2,1.08,A,0,1,
OECD.SDD.STES:DSD_STES_REVISIONS@DF_STES_REVISIONS(4.0),EA19,Q,ULC,PT_PCOS,_T,201510,2008-Q2,1.11,A,0,1,
OECD.SDD.STES:DSD_STES_REVISIONS@DF_STES_REVISIONS(4.0),EA19,Q,ULC,PT_PCOS,_T,201612,2008-Q2,1.11,A,0,1,
OECD.SDD.STES:DSD_STES_REVISIONS@DF_STES_REVISIONS(4.0),EA19,Q,ULC,PT_PCOS,_T,201509,2008-Q2,1.23,A,0,1,
OECD.SDD.STES:DSD_STES_REVISIONS@DF_STES_REVISIONS(4.0),EA19,Q,ULC,PT_PCOS,_T,201605,2008-Q2,1.09,A,0,1,
OECD.SDD.STES:DSD_STES_REVISIONS@DF_STES_REVISIONS(4.0),EA19,Q,ULC,PT_PCOS,_T,201809,2008-Q2,1.1,A,0,1,
OECD.SDD.STES:DSD_STES_REVISIONS@DF_STES_REVISIONS(4.0),EA19,Q,ULC,PT_PCOS,_T,202206,2008-Q2,0.91,A,0,1,
OECD.SDD.STES:DSD_STES_REVISIONS@DF_STES_REVISIONS(4.0),EA19,Q,ULC,PT_PCOS,_T,201904,2008-Q2,1.1,A,0,1,
OECD.SDD.STES:DSD_STES_REVISIONS@DF_STES_REVISIONS(4.0),EA19,Q,ULC,PT_PCOS,_T,201901,2008-Q2,1.13,A,0,1,
OECD.SDD.STES:DSD_STES_REVISIONS@DF_STES_REVISIONS(4.0),EA19,Q,ULC,PT_PCOS,_T,202209,2008-Q2,0.9,A,0,1,
OECD.SDD.STES:DSD_STES_REVISIONS@DF_STES_REVISIONS(4.0),EA19,Q,ULC,PT_PCOS,_T,202110,2008-Q2,0.86,A,0,1,
OECD.SDD.STES:DSD_STES_REVISIONS@DF_STES_REVISIONS(4.0),EA19,Q,ULC,PT_PCOS,_T,202108,2008-Q2,0.88,A,0,1,
OECD.SDD.STES:DSD_STES_REVISIONS@DF_STES_REVISIONS(4.0),EA19,Q,ULC,PT_PCOS,_T,202207,2008-Q2,0.92,A,0,1,
OECD.SDD.STES:DSD_STES_REVISIONS@DF_STES_REVISIONS(4.0),EA19,Q,ULC,PT_PCOS,_T,201505,2008-Q2,1.26,A,0,1,
OECD.SDD.STES:DSD_STES_REVISIONS@DF_STES_REVISIONS(4.0),EA19,Q,ULC,PT_PCOS,_T,201911,2008-Q2,0.94,A,0,1,
OECD.SDD.STES:DSD_STES_REVISIONS@DF_STES_REVISIONS(4.0),EA19,Q,ULC,PT_PCOS,_T,201607,2008-Q2,1.07,A,0,1,
OECD.SDD.STES:DSD_STES_REVISIONS@DF_STES_REVISIONS(4.0),EA19,Q,ULC,PT_PCOS,_T,201709,2008-Q2,1.08,A,0,1,
OECD.SDD.STES:DSD_STES_REVISIONS@DF_STES_REVISIONS(4.0),EA19,Q,ULC,PT_PCOS,_T,201611,2008-Q2,1.11,A,0,1,
OECD.SDD.STES:DSD_STES_REVISIONS@DF_STES_REVISIONS(4.0),EA19,Q,ULC,PT_PCOS,_T,202205,2008-Q2,0.91,A,0,1,
OECD.SDD.STES:DSD_STES_REVISIONS@DF_STES_REVISIONS(4.0),EA19,Q,ULC,PT_PCOS,_T,202104,2008-Q2,0.88,A,0,1,
OECD.SDD.STES:DSD_STES_REVISIONS@DF_STES_REVISIONS(4.0),EA19,Q,ULC,PT_PCOS,_T,201502,2008-Q2,1.29,A,0,1,
OECD.SDD.STES:DSD_STES_REVISIONS@DF_STES_REVISIONS(4.0),EA19,Q,ULC,PT_PCOS,_T,201802,2008-Q2,1.17,A,0,1,
OECD.SDD.STES:DSD_STES_REVISIONS@DF_STES_REVISIONS(4.0),EA19,Q,ULC,PT_PCOS,_T,202002,2008-Q2,0.94,A,0,1,
OECD.SDD.STES:DSD_STES_REVISIONS@DF_STES_REVISIONS(4.0),EA19,Q,ULC,PT_PCOS,_T,201711,2008-Q2,1.15,A,0,1,
OECD.SDD.STES:DSD_STES_REVISIONS@DF_STES_REVISIONS(4.0),EA19,Q,ULC,PT_PCOS,_T,201702,2008-Q2,1.08,A,0,1,
OECD.SDD.STES:DSD_STES_REVISIONS@DF_STES_REVISIONS(4.0),EA19,Q,ULC,PT_PCOS,_T,201604,2008-Q2,1.12,A,0,1,
OECD.SDD.STES:DSD_STES_REVISIONS@DF_STES_REVISIONS(4.0),EA19,Q,ULC,PT_PCOS,_T,201707,2008-Q2,1.09,A,0,1,
OECD.SDD.STES:DSD_STES_REVISIONS@DF_STES_REVISIONS(4.0),EA19,Q,ULC,PT_PCOS,_T,201806,2008-Q2,1.12,A,0,1,
OECD.SDD.STES:DSD_STES_REVISIONS@DF_STES_REVISIONS(4.0),EA19,Q,ULC,PT_PCOS,_T,201801,2008-Q2,1.17,A,0,1,
OECD.SDD.STES:DSD_STES_REVISIONS@DF_STES_REVISIONS(4.0),EA19,Q,ULC,PT_PCOS,_T,202111,2008-Q2,0.89,A,0,1,
OECD.SDD.STES:DSD_STES_REVISIONS@DF_STES_REVISIONS(4.0),EA19,Q,ULC,PT_PCOS,_T,201704,2008-Q2,1.08,A,0,1,
OECD.SDD.STES:DSD_STES_REVISIONS@DF_STES_REVISIONS(4.0),EA19,Q,ULC,PT_PCOS,_T,201706,2008-Q2,1.1,A,0,1,
OECD.SDD.STES:DSD_STES_REVISIONS@DF_STES_REVISIONS(4.0),EA19,Q,ULC,PT_PCOS,_T,201805,2008-Q2,1.17,A,0,1,
OECD.SDD.STES:DSD_STES_REVISIONS@DF_STES_REVISIONS(4.0),EA19,Q,ULC,PT_PCOS,_T,201506,2008-Q2,1.26,A,0,1,
OECD.SDD.STES:DSD_STES_REVISIONS@DF_STES_REVISIONS(4.0),EA19,Q,ULC,PT_PCOS,_T,202005,2008-Q2,0.96,A,0,1,
OECD.SDD.STES:DSD_STES_REVISIONS@DF_STES_REVISIONS(4.0),EA19,Q,ULC,PT_PCOS,_T,202112,2008-Q2,0.89,A,0,1,
OECD.SDD.STES:DSD_STES_REVISIONS@DF_STES_REVISIONS(4.0),EA19,Q,ULC,PT_PCOS,_T,202007,2008-Q2,0.95,A,0,1,
OECD.SDD.STES:DSD_STES_REVISIONS@DF_STES_REVISIONS(4.0),EA19,Q,ULC,PT_PCOS,_T,201811,2008-Q2,1.09,A,0,1,
OECD.SDD.STES:DSD_STES_REVISIONS@DF_STES_REVISIONS(4.0),EA19,Q,ULC,PT_PCOS,_T,201906,2008-Q2,1.09,A,0,1,
OECD.SDD.STES:DSD_STES_REVISIONS@DF_STES_REVISIONS(4.0),EA19,Q,ULC,PT_PCOS,_T,201910,2008-Q2,1.13,A,0,1,
OECD.SDD.STES:DSD_STES_REVISIONS@DF_STES_REVISIONS(4.0),EA19,Q,ULC,PT_PCOS,_T,201504,2008-Q2,1.26,A,0,1,
OECD.SDD.STES:DSD_STES_REVISIONS@DF_STES_REVISIONS(4.0),EA19,Q,ULC,PT_PCOS,_T,201803,2008-Q2,1.17,A,0,1,
OECD.SDD.STES:DSD_STES_REVISIONS@DF_STES_REVISIONS(4.0),EA19,Q,ULC,PT_PCOS,_T,201701,2008-Q2,1.08,A,0,1,
OECD.SDD.STES:DSD_STES_REVISIONS@DF_STES_REVISIONS(4.0),EA19,Q,ULC,PT_PCOS,_T,201712,2008-Q2,1.17,A,0,1,
OECD.SDD.STES:DSD_STES_REVISIONS@DF_STES_REVISIONS(4.0),EA19,Q,ULC,PT_PCOS,_T,201508,2008-Q2,1.23,A,0,1,
OECD.SDD.STES:DSD_STES_REVISIONS@DF_STES_REVISIONS(4.0),EA19,Q,ULC,PT_PCOS,_T,201810,2008-Q2,1.09,A,0,1,
OECD.SDD.STES:DSD_STES_REVISIONS@DF_STES_REVISIONS(4.0),EA19,Q,ULC,PT_PCOS,_T,202203,2008-Q2,0.88,A,0,1,
OECD.SDD.STES:DSD_STES_REVISIONS@DF_STES_REVISIONS(4.0),EA19,Q,ULC,PT_PCOS,_T,201903,2008-Q2,1.1,A,0,1,
OECD.SDD.STES:DSD_STES_REVISIONS@DF_STES_REVISIONS(4.0),EA19,Q,ULC,PT_PCOS,_T,201808,2008-Q2,1.1,A,0,1,
OECD.SDD.STES:DSD_STES_REVISIONS@DF_STES_REVISIONS(4.0),EA19,Q,ULC,PT_PCOS,_T,202009,2008-Q2,0.93,A,0,1,
OECD.SDD.STES:DSD_STES_REVISIONS@DF_STES_REVISIONS(4.0),EA19,Q,ULC,PT_PCOS,_T,202001,2008-Q2,0.94,A,0,1,
OECD.SDD.STES:DSD_STES_REVISIONS@DF_STES_REVISIONS(4.0),EA19,Q,ULC,PT_PCOS,_T,201608,2008-Q2,1.07,A,0,1,
OECD.SDD.STES:DSD_STES_REVISIONS@DF_STES_REVISIONS(4.0),EA19,Q,ULC,PT_PCOS,_T,202008,2008-Q2,0.93,A,0,1,
OECD.SDD.STES:DSD_STES_REVISIONS@DF_STES_REVISIONS(4.0),EA19,Q,ULC,PT_PCOS,_T,201601,2008-Q2,1.12,A,0,1,
OECD.SDD.STES:DSD_STES_REVISIONS@DF_STES_REVISIONS(4.0),EA19,Q,ULC,PT_PCOS,_T,202208,2008-Q2,0.9,A,0,1,
OECD.SDD.STES:DSD_STES_REVISIONS@DF_STES_REVISIONS(4.0),EA19,Q,ULC,PT_PCOS,_T,202107,2008-Q2,0.86,A,0,1,
OECD.SDD.STES:DSD_STES_REVISIONS@DF_STES_REVISIONS(4.0),EA19,Q,ULC,PT_PCOS,_T,201804,2008-Q2,1.16,A,0,1,
OECD.SDD.STES:DSD_STES_REVISIONS@DF_STES_REVISIONS(4.0),EA19,Q,ULC,PT_PCOS,_T,201705,2008-Q2,1.1,A,0,1,
OECD.SDD.STES:DSD_STES_REVISIONS@DF_STES_REVISIONS(4.0),EA19,Q,ULC,PT_PCOS,_T,201905,2008-Q3,1.1,A,0,1,
OECD.SDD.STES:DSD_STES_REVISIONS@DF_STES_REVISIONS(4.0),EA19,Q,ULC,PT_PCOS,_T,201703,2008-Q3,1.08,A,0,1,
OECD.SDD.STES:DSD_STES_REVISIONS@DF_STES_REVISIONS(4.0),EA19,Q,ULC,PT_PCOS,_T,201606,2008-Q3,1.05,A,0,1,
OECD.SDD.STES:DSD_STES_REVISIONS@DF_STES_REVISIONS(4.0),EA19,Q,ULC,PT_PCOS,_T,201511,2008-Q3,0.99,A,0,1,
OECD.SDD.STES:DSD_STES_REVISIONS@DF_STES_REVISIONS(4.0),EA19,Q,ULC,PT_PCOS,_T,202212,2008-Q3,1.34,A,0,1,
OECD.SDD.STES:DSD_STES_REVISIONS@DF_STES_REVISIONS(4.0),EA19,Q,ULC,PT_PCOS,_T,201902,2008-Q3,1.08,A,0,1,
OECD.SDD.STES:DSD_STES_REVISIONS@DF_STES_REVISIONS(4.0),EA19,Q,ULC,PT_PCOS,_T,202003,2008-Q3,1.31,A,0,1,
OECD.SDD.STES:DSD_STES_REVISIONS@DF_STES_REVISIONS(4.0),EA19,Q,ULC,PT_PCOS,_T,201807,2008-Q3,1.11,A,0,1,
OECD.SDD.STES:DSD_STES_REVISIONS@DF_STES_REVISIONS(4.0),EA19,Q,ULC,PT_PCOS,_T,201603,2008-Q3,1.06,A,0,1,
OECD.SDD.STES:DSD_STES_REVISIONS@DF_STES_REVISIONS(4.0),EA19,Q,ULC,PT_PCOS,_T,201908,2008-Q3,1.09,A,0,1,
OECD.SDD.STES:DSD_STES_REVISIONS@DF_STES_REVISIONS(4.0),EA19,Q,ULC,PT_PCOS,_T,201503,2008-Q3,1.02,A,0,1,
OECD.SDD.STES:DSD_STES_REVISIONS@DF_STES_REVISIONS(4.0),EA19,Q,ULC,PT_PCOS,_T,202204,2008-Q3,1.28,A,0,1,
OECD.SDD.STES:DSD_STES_REVISIONS@DF_STES_REVISIONS(4.0),EA19,Q,ULC,PT_PCOS,_T,202211,2008-Q3,1.34,A,0,1,
OECD.SDD.STES:DSD_STES_REVISIONS@DF_STES_REVISIONS(4.0),EA19,Q,ULC,PT_PCOS,_T,201512,2008-Q3,0.99,A,0,1,
OECD.SDD.STES:DSD_STES_REVISIONS@DF_STES_REVISIONS(4.0),EA19,Q,ULC,PT_PCOS,_T,202109,2008-Q3,1.29,A,0,1,
OECD.SDD.STES:DSD_STES_REVISIONS@DF_STES_REVISIONS(4.0),EA19,Q,ULC,PT_PCOS,_T,201912,2008-Q3,1.28,A,0,1,
OECD.SDD.STES:DSD_STES_REVISIONS@DF_STES_REVISIONS(4.0),EA19,Q,ULC,PT_PCOS,_T,201812,2008-Q3,1.11,A,0,1,
OECD.SDD.STES:DSD_STES_REVISIONS@DF_STES_REVISIONS(4.0),EA19,Q,ULC,PT_PCOS,_T,202201,2008-Q3,1.31,A,0,1,
OECD.SDD.STES:DSD_STES_REVISIONS@DF_STES_REVISIONS(4.0),EA19,Q,ULC,PT_PCOS,_T,201708,2008-Q3,1.09,A,0,1,
OECD.SDD.STES:DSD_STES_REVISIONS@DF_STES_REVISIONS(4.0),EA19,Q,ULC,PT_PCOS,_T,202105,2008-Q3,1.25,A,0,1,
OECD.SDD.STES:DSD_STES_REVISIONS@DF_STES_REVISIONS(4.0),EA19,Q,ULC,PT_PCOS,_T,202010,2008-Q3,1.27,A,0,1,
OECD.SDD.STES:DSD_STES_REVISIONS@DF_STES_REVISIONS(4.0),EA19,Q,ULC,PT_PCOS,_T,202102,2008-Q3,1.27,A,0,1,
OECD.SDD.STES:DSD_STES_REVISIONS@DF_STES_REVISIONS(4.0),EA19,Q,ULC,PT_PCOS,_T,201507,2008-Q3,1.01,A,0,1,
OECD.SDD.STES:DSD_STES_REVISIONS@DF_STES_REVISIONS(4.0),EA19,Q,ULC,PT_PCOS,_T,202202,2008-Q3,1.31,A,0,1,
OECD.SDD.STES:DSD_STES_REVISIONS@DF_STES_REVISIONS(4.0),EA19,Q,ULC,PT_PCOS,_T,202106,2008-Q3,1.25,A,0,1,
OECD.SDD.STES:DSD_STES_REVISIONS@DF_STES_REVISIONS(4.0),EA19,Q,ULC,PT_PCOS,_T,202004,2008-Q3,1.28,A,0,1,
OECD.SDD.STES:DSD_STES_REVISIONS@DF_STES_REVISIONS(4.0),EA19,Q,ULC,PT_PCOS,_T,201610,2008-Q3,1.06,A,0,1,
OECD.SDD.STES:DSD_STES_REVISIONS@DF_STES_REVISIONS(4.0),EA19,Q,ULC,PT_PCOS,_T,201909,2008-Q3,1.09,A,0,1,
OECD.SDD.STES:DSD_STES_REVISIONS@DF_STES_REVISIONS(4.0),EA19,Q,ULC,PT_PCOS,_T,202006,2008-Q3,1.3,A,0,1,
OECD.SDD.STES:DSD_STES_REVISIONS@DF_STES_REVISIONS(4.0),EA19,Q,ULC,PT_PCOS,_T,201710,2008-Q3,1.08,A,0,1,
OECD.SDD.STES:DSD_STES_REVISIONS@DF_STES_REVISIONS(4.0),EA19,Q,ULC,PT_PCOS,_T,202210,2008-Q3,1.29,A,0,1,
OECD.SDD.STES:DSD_STES_REVISIONS@DF_STES_REVISIONS(4.0),EA19,Q,ULC,PT_PCOS,_T,201609,2008-Q3,1.06,A,0,1,
OECD.SDD.STES:DSD_STES_REVISIONS@DF_STES_REVISIONS(4.0),EA19,Q,ULC,PT_PCOS,_T,201602,2008-Q3,1.06,A,0,1,
OECD.SDD.STES:DSD_STES_REVISIONS@DF_STES_REVISIONS(4.0),EA19,Q,ULC,PT_PCOS,_T,201907,2008-Q3,1.1,A,0,1,
OECD.SDD.STES:DSD_STES_REVISIONS@DF_STES_REVISIONS(4.0),EA19,Q,ULC,PT_PCOS,_T,201510,2008-Q3,0.99,A,0,1,
OECD.SDD.STES:DSD_STES_REVISIONS@DF_STES_REVISIONS(4.0),EA19,Q,ULC,PT_PCOS,_T,201612,2008-Q3,1.06,A,0,1,
OECD.SDD.STES:DSD_STES_REVISIONS@DF_STES_REVISIONS(4.0),EA19,Q,ULC,PT_PCOS,_T,201509,2008-Q3,1.01,A,0,1,
OECD.SDD.STES:DSD_STES_REVISIONS@DF_STES_REVISIONS(4.0),EA19,Q,ULC,PT_PCOS,_T,201605,2008-Q3,1.05,A,0,1,
OECD.SDD.STES:DSD_STES_REVISIONS@DF_STES_REVISIONS(4.0),EA19,Q,ULC,PT_PCOS,_T,202101,2008-Q3,1.28,A,0,1,
OECD.SDD.STES:DSD_STES_REVISIONS@DF_STES_REVISIONS(4.0),EA19,Q,ULC,PT_PCOS,_T,201809,2008-Q3,1.11,A,0,1,
OECD.SDD.STES:DSD_STES_REVISIONS@DF_STES_REVISIONS(4.0),EA19,Q,ULC,PT_PCOS,_T,202206,2008-Q3,1.28,A,0,1,
OECD.SDD.STES:DSD_STES_REVISIONS@DF_STES_REVISIONS(4.0),EA19,Q,ULC,PT_PCOS,_T,201904,2008-Q3,1.1,A,0,1,
OECD.SDD.STES:DSD_STES_REVISIONS@DF_STES_REVISIONS(4.0),EA19,Q,ULC,PT_PCOS,_T,201901,2008-Q3,1.09,A,0,1,
OECD.SDD.STES:DSD_STES_REVISIONS@DF_STES_REVISIONS(4.0),EA19,Q,ULC,PT_PCOS,_T,202103,2008-Q3,1.27,A,0,1,
OECD.SDD.STES:DSD_STES_REVISIONS@DF_STES_REVISIONS(4.0),EA19,Q,ULC,PT_PCOS,_T,202209,2008-Q3,1.3,A,0,1,
OECD.SDD.STES:DSD_STES_REVISIONS@DF_STES_REVISIONS(4.0),EA19,Q,ULC,PT_PCOS,_T,202110,2008-Q3,1.3,A,0,1,
OECD.SDD.STES:DSD_STES_REVISIONS@DF_STES_REVISIONS(4.0),EA19,Q,ULC,PT_PCOS,_T,202011,2008-Q3,1.28,A,0,1,
OECD.SDD.STES:DSD_STES_REVISIONS@DF_STES_REVISIONS(4.0),EA19,Q,ULC,PT_PCOS,_T,202108,2008-Q3,1.29,A,0,1,
OECD.SDD.STES:DSD_STES_REVISIONS@DF_STES_REVISIONS(4.0),EA19,Q,ULC,PT_PCOS,_T,202301,2008-Q3,1.36,A,0,1,
OECD.SDD.STES:DSD_STES_REVISIONS@DF_STES_REVISIONS(4.0),EA19,Q,ULC,PT_PCOS,_T,202207,2008-Q3,1.28,A,0,1,
OECD.SDD.STES:DSD_STES_REVISIONS@DF_STES_REVISIONS(4.0),EA19,Q,ULC,PT_PCOS,_T,201505,2008-Q3,1.04,A,0,1,
OECD.SDD.STES:DSD_STES_REVISIONS@DF_STES_REVISIONS(4.0),EA19,Q,ULC,PT_PCOS,_T,201911,2008-Q3,1.28,A,0,1,
OECD.SDD.STES:DSD_STES_REVISIONS@DF_STES_REVISIONS(4.0),EA19,Q,ULC,PT_PCOS,_T,202302,2008-Q3,1.36,A,0,1,
OECD.SDD.STES:DSD_STES_REVISIONS@DF_STES_REVISIONS(4.0),EA19,Q,ULC,PT_PCOS,_T,201607,2008-Q3,1.06,A,0,1,
OECD.SDD.STES:DSD_STES_REVISIONS@DF_STES_REVISIONS(4.0),EA19,Q,ULC,PT_PCOS,_T,201709,2008-Q3,1.09,A,0,1,
OECD.SDD.STES:DSD_STES_REVISIONS@DF_STES_REVISIONS(4.0),EA19,Q,ULC,PT_PCOS,_T,201611,2008-Q3,1.06,A,0,1,
OECD.SDD.STES:DSD_STES_REVISIONS@DF_STES_REVISIONS(4.0),EA19,Q,ULC,PT_PCOS,_T,202205,2008-Q3,1.28,A,0,1,
OECD.SDD.STES:DSD_STES_REVISIONS@DF_STES_REVISIONS(4.0),EA19,Q,ULC,PT_PCOS,_T,202104,2008-Q3,1.25,A,0,1,
OECD.SDD.STES:DSD_STES_REVISIONS@DF_STES_REVISIONS(4.0),EA19,Q,ULC,PT_PCOS,_T,201502,2008-Q3,1.02,A,0,1,
OECD.SDD.STES:DSD_STES_REVISIONS@DF_STES_REVISIONS(4.0),EA19,Q,ULC,PT_PCOS,_T,202002,2008-Q3,1.31,A,0,1,
OECD.SDD.STES:DSD_STES_REVISIONS@DF_STES_REVISIONS(4.0),EA19,Q,ULC,PT_PCOS,_T,201802,2008-Q3,1.1,A,0,1,
OECD.SDD.STES:DSD_STES_REVISIONS@DF_STES_REVISIONS(4.0),EA19,Q,ULC,PT_PCOS,_T,201711,2008-Q3,1.1,A,0,1,
OECD.SDD.STES:DSD_STES_REVISIONS@DF_STES_REVISIONS(4.0),EA19,Q,ULC,PT_PCOS,_T,201702,2008-Q3,1.08,A,0,1,
OECD.SDD.STES:DSD_STES_REVISIONS@DF_STES_REVISIONS(4.0),EA19,Q,ULC,PT_PCOS,_T,201604,2008-Q3,1.07,A,0,1,
OECD.SDD.STES:DSD_STES_REVISIONS@DF_STES_REVISIONS(4.0),EA19,Q,ULC,PT_PCOS,_T,202303,2008-Q3,1.36,A,0,1,
OECD.SDD.STES:DSD_STES_REVISIONS@DF_STES_REVISIONS(4.0),EA19,Q,ULC,PT_PCOS,_T,201707,2008-Q3,1.08,A,0,1,
OECD.SDD.STES:DSD_STES_REVISIONS@DF_STES_REVISIONS(4.0),EA19,Q,ULC,PT_PCOS,_T,201806,2008-Q3,1.12,A,0,1,
OECD.SDD.STES:DSD_STES_REVISIONS@DF_STES_REVISIONS(4.0),EA19,Q,ULC,PT_PCOS,_T,201801,2008-Q3,1.1,A,0,1,
OECD.SDD.STES:DSD_STES_REVISIONS@DF_STES_REVISIONS(4.0),EA19,Q,ULC,PT_PCOS,_T,202111,2008-Q3,1.3,A,0,1,
OECD.SDD.STES:DSD_STES_REVISIONS@DF_STES_REVISIONS(4.0),EA19,Q,ULC,PT_PCOS,_T,201704,2008-Q3,1.09,A,0,1,
OECD.SDD.STES:DSD_STES_REVISIONS@DF_STES_REVISIONS(4.0),EA19,Q,ULC,PT_PCOS,_T,201706,2008-Q3,1.08,A,0,1,
OECD.SDD.STES:DSD_STES_REVISIONS@DF_STES_REVISIONS(4.0),EA19,Q,ULC,PT_PCOS,_T,201805,2008-Q3,1.1,A,0,1,
OECD.SDD.STES:DSD_STES_REVISIONS@DF_STES_REVISIONS(4.0),EA19,Q,ULC,PT_PCOS,_T,201506,2008-Q3,1.04,A,0,1,
OECD.SDD.STES:DSD_STES_REVISIONS@DF_STES_REVISIONS(4.0),EA19,Q,ULC,PT_PCOS,_T,202005,2008-Q3,1.28,A,0,1,
OECD.SDD.STES:DSD_STES_REVISIONS@DF_STES_REVISIONS(4.0),EA19,Q,ULC,PT_PCOS,_T,202007,2008-Q3,1.3,A,0,1,
OECD.SDD.STES:DSD_STES_REVISIONS@DF_STES_REVISIONS(4.0),EA19,Q,ULC,PT_PCOS,_T,202112,2008-Q3,1.3,A,0,1,
OECD.SDD.STES:DSD_STES_REVISIONS@DF_STES_REVISIONS(4.0),EA19,Q,ULC,PT_PCOS,_T,201811,2008-Q3,1.11,A,0,1,
OECD.SDD.STES:DSD_STES_REVISIONS@DF_STES_REVISIONS(4.0),EA19,Q,ULC,PT_PCOS,_T,201906,2008-Q3,1.1,A,0,1,
OECD.SDD.STES:DSD_STES_REVISIONS@DF_STES_REVISIONS(4.0),EA19,Q,ULC,PT_PCOS,_T,201910,2008-Q3,1.16,A,0,1,
OECD.SDD.STES:DSD_STES_REVISIONS@DF_STES_REVISIONS(4.0),EA19,Q,ULC,PT_PCOS,_T,201504,2008-Q3,1.04,A,0,1,
OECD.SDD.STES:DSD_STES_REVISIONS@DF_STES_REVISIONS(4.0),EA19,Q,ULC,PT_PCOS,_T,201803,2008-Q3,1.1,A,0,1,
OECD.SDD.STES:DSD_STES_REVISIONS@DF_STES_REVISIONS(4.0),EA19,Q,ULC,PT_PCOS,_T,201701,2008-Q3,1.07,A,0,1,
OECD.SDD.STES:DSD_STES_REVISIONS@DF_STES_REVISIONS(4.0),EA19,Q,ULC,PT_PCOS,_T,201712,2008-Q3,1.1,A,0,1,
OECD.SDD.STES:DSD_STES_REVISIONS@DF_STES_REVISIONS(4.0),EA19,Q,ULC,PT_PCOS,_T,201508,2008-Q3,1.01,A,0,1,
OECD.SDD.STES:DSD_STES_REVISIONS@DF_STES_REVISIONS(4.0),EA19,Q,ULC,PT_PCOS,_T,201810,2008-Q3,1.11,A,0,1,
OECD.SDD.STES:DSD_STES_REVISIONS@DF_STES_REVISIONS(4.0),EA19,Q,ULC,PT_PCOS,_T,202203,2008-Q3,1.31,A,0,1,
OECD.SDD.STES:DSD_STES_REVISIONS@DF_STES_REVISIONS(4.0),EA19,Q,ULC,PT_PCOS,_T,201903,2008-Q3,1.1,A,0,1,
OECD.SDD.STES:DSD_STES_REVISIONS@DF_STES_REVISIONS(4.0),EA19,Q,ULC,PT_PCOS,_T,201808,2008-Q3,1.11,A,0,1,
OECD.SDD.STES:DSD_STES_REVISIONS@DF_STES_REVISIONS(4.0),EA19,Q,ULC,PT_PCOS,_T,202009,2008-Q3,1.29,A,0,1,
OECD.SDD.STES:DSD_STES_REVISIONS@DF_STES_REVISIONS(4.0),EA19,Q,ULC,PT_PCOS,_T,202001,2008-Q3,1.31,A,0,1,
OECD.SDD.STES:DSD_STES_REVISIONS@DF_STES_REVISIONS(4.0),EA19,Q,ULC,PT_PCOS,_T,201608,2008-Q3,1.06,A,0,1,
OECD.SDD.STES:DSD_STES_REVISIONS@DF_STES_REVISIONS(4.0),EA19,Q,ULC,PT_PCOS,_T,202008,2008-Q3,1.29,A,0,1,
OECD.SDD.STES:DSD_STES_REVISIONS@DF_STES_REVISIONS(4.0),EA19,Q,ULC,PT_PCOS,_T,201601,2008-Q3,1.06,A,0,1,
OECD.SDD.STES:DSD_STES_REVISIONS@DF_STES_REVISIONS(4.0),EA19,Q,ULC,PT_PCOS,_T,202208,2008-Q3,1.3,A,0,1,
OECD.SDD.STES:DSD_STES_REVISIONS@DF_STES_REVISIONS(4.0),EA19,Q,ULC,PT_PCOS,_T,202012,2008-Q3,1.28,A,0,1,
OECD.SDD.STES:DSD_STES_REVISIONS@DF_STES_REVISIONS(4.0),EA19,Q,ULC,PT_PCOS,_T,202107,2008-Q3,1.27,A,0,1,
OECD.SDD.STES:DSD_STES_REVISIONS@DF_STES_REVISIONS(4.0),EA19,Q,ULC,PT_PCOS,_T,201804,2008-Q3,1.1,A,0,1,
OECD.SDD.STES:DSD_STES_REVISIONS@DF_STES_REVISIONS(4.0),EA19,Q,ULC,PT_PCOS,_T,201705,2008-Q3,1.08,A,0,1,
OECD.SDD.STES:DSD_STES_REVISIONS@DF_STES_REVISIONS(4.0),EA19,Q,ULC,PT_PCOS,_T,201905,2008-Q4,1.71,A,0,1,
OECD.SDD.STES:DSD_STES_REVISIONS@DF_STES_REVISIONS(4.0),EA19,Q,ULC,PT_PCOS,_T,201703,2008-Q4,1.75,A,0,1,
OECD.SDD.STES:DSD_STES_REVISIONS@DF_STES_REVISIONS(4.0),EA19,Q,ULC,PT_PCOS,_T,201606,2008-Q4,1.83,A,0,1,
OECD.SDD.STES:DSD_STES_REVISIONS@DF_STES_REVISIONS(4.0),EA19,Q,ULC,PT_PCOS,_T,201511,2008-Q4,1.93,A,0,1,
OECD.SDD.STES:DSD_STES_REVISIONS@DF_STES_REVISIONS(4.0),EA19,Q,ULC,PT_PCOS,_T,202212,2008-Q4,1.78,A,0,1,
OECD.SDD.STES:DSD_STES_REVISIONS@DF_STES_REVISIONS(4.0),EA19,Q,ULC,PT_PCOS,_T,201902,2008-Q4,1.73,A,0,1,
OECD.SDD.STES:DSD_STES_REVISIONS@DF_STES_REVISIONS(4.0),EA19,Q,ULC,PT_PCOS,_T,202003,2008-Q4,1.68,A,0,1,
OECD.SDD.STES:DSD_STES_REVISIONS@DF_STES_REVISIONS(4.0),EA19,Q,ULC,PT_PCOS,_T,201807,2008-Q4,1.72,A,0,1,
OECD.SDD.STES:DSD_STES_REVISIONS@DF_STES_REVISIONS(4.0),EA19,Q,ULC,PT_PCOS,_T,201603,2008-Q4,1.87,A,0,1,
OECD.SDD.STES:DSD_STES_REVISIONS@DF_STES_REVISIONS(4.0),EA19,Q,ULC,PT_PCOS,_T,201908,2008-Q4,1.71,A,0,1,
OECD.SDD.STES:DSD_STES_REVISIONS@DF_STES_REVISIONS(4.0),EA19,Q,ULC,PT_PCOS,_T,201503,2008-Q4,1.97,A,0,1,
OECD.SDD.STES:DSD_STES_REVISIONS@DF_STES_REVISIONS(4.0),EA19,Q,ULC,PT_PCOS,_T,202204,2008-Q4,1.75,A,0,1,
OECD.SDD.STES:DSD_STES_REVISIONS@DF_STES_REVISIONS(4.0),EA19,Q,ULC,PT_PCOS,_T,202211,2008-Q4,1.78,A,0,1,
OECD.SDD.STES:DSD_STES_REVISIONS@DF_STES_REVISIONS(4.0),EA19,Q,ULC,PT_PCOS,_T,201512,2008-Q4,1.93,A,0,1,
OECD.SDD.STES:DSD_STES_REVISIONS@DF_STES_REVISIONS(4.0),EA19,Q,ULC,PT_PCOS,_T,202109,2008-Q4,1.7,A,0,1,
OECD.SDD.STES:DSD_STES_REVISIONS@DF_STES_REVISIONS(4.0),EA19,Q,ULC,PT_PCOS,_T,201912,2008-Q4,1.68,A,0,1,
OECD.SDD.STES:DSD_STES_REVISIONS@DF_STES_REVISIONS(4.0),EA19,Q,ULC,PT_PCOS,_T,201812,2008-Q4,1.74,A,0,1,
OECD.SDD.STES:DSD_STES_REVISIONS@DF_STES_REVISIONS(4.0),EA19,Q,ULC,PT_PCOS,_T,202201,2008-Q4,1.76,A,0,1,
OECD.SDD.STES:DSD_STES_REVISIONS@DF_STES_REVISIONS(4.0),EA19,Q,ULC,PT_PCOS,_T,201708,2008-Q4,1.75,A,0,1,
OECD.SDD.STES:DSD_STES_REVISIONS@DF_STES_REVISIONS(4.0),EA19,Q,ULC,PT_PCOS,_T,202105,2008-Q4,1.74,A,0,1,
OECD.SDD.STES:DSD_STES_REVISIONS@DF_STES_REVISIONS(4.0),EA19,Q,ULC,PT_PCOS,_T,202010,2008-Q4,1.72,A,0,1,
OECD.SDD.STES:DSD_STES_REVISIONS@DF_STES_REVISIONS(4.0),EA19,Q,ULC,PT_PCOS,_T,202102,2008-Q4,1.72,A,0,1,
OECD.SDD.STES:DSD_STES_REVISIONS@DF_STES_REVISIONS(4.0),EA19,Q,ULC,PT_PCOS,_T,201507,2008-Q4,1.92,A,0,1,
OECD.SDD.STES:DSD_STES_REVISIONS@DF_STES_REVISIONS(4.0),EA19,Q,ULC,PT_PCOS,_T,202202,2008-Q4,1.76,A,0,1,
OECD.SDD.STES:DSD_STES_REVISIONS@DF_STES_REVISIONS(4.0),EA19,Q,ULC,PT_PCOS,_T,202106,2008-Q4,1.74,A,0,1,
OECD.SDD.STES:DSD_STES_REVISIONS@DF_STES_REVISIONS(4.0),EA19,Q,ULC,PT_PCOS,_T,202004,2008-Q4,1.69,A,0,1,
OECD.SDD.STES:DSD_STES_REVISIONS@DF_STES_REVISIONS(4.0),EA19,Q,ULC,PT_PCOS,_T,201610,2008-Q4,1.76,A,0,1,
OECD.SDD.STES:DSD_STES_REVISIONS@DF_STES_REVISIONS(4.0),EA19,Q,ULC,PT_PCOS,_T,201909,2008-Q4,1.71,A,0,1,
OECD.SDD.STES:DSD_STES_REVISIONS@DF_STES_REVISIONS(4.0),EA19,Q,ULC,PT_PCOS,_T,202006,2008-Q4,1.68,A,0,1,
OECD.SDD.STES:DSD_STES_REVISIONS@DF_STES_REVISIONS(4.0),EA19,Q,ULC,PT_PCOS,_T,201710,2008-Q4,1.77,A,0,1,
OECD.SDD.STES:DSD_STES_REVISIONS@DF_STES_REVISIONS(4.0),EA19,Q,ULC,PT_PCOS,_T,202210,2008-Q4,1.75,A,0,1,
OECD.SDD.STES:DSD_STES_REVISIONS@DF_STES_REVISIONS(4.0),EA19,Q,ULC,PT_PCOS,_T,201609,2008-Q4,1.78,A,0,1,
OECD.SDD.STES:DSD_STES_REVISIONS@DF_STES_REVISIONS(4.0),EA19,Q,ULC,PT_PCOS,_T,201602,2008-Q4,1.87,A,0,1,
OECD.SDD.STES:DSD_STES_REVISIONS@DF_STES_REVISIONS(4.0),EA19,Q,ULC,PT_PCOS,_T,201907,2008-Q4,1.72,A,0,1,
OECD.SDD.STES:DSD_STES_REVISIONS@DF_STES_REVISIONS(4.0),EA19,Q,ULC,PT_PCOS,_T,201510,2008-Q4,1.93,A,0,1,
OECD.SDD.STES:DSD_STES_REVISIONS@DF_STES_REVISIONS(4.0),EA19,Q,ULC,PT_PCOS,_T,201612,2008-Q4,1.77,A,0,1,
OECD.SDD.STES:DSD_STES_REVISIONS@DF_STES_REVISIONS(4.0),EA19,Q,ULC,PT_PCOS,_T,201509,2008-Q4,1.92,A,0,1,
OECD.SDD.STES:DSD_STES_REVISIONS@DF_STES_REVISIONS(4.0),EA19,Q,ULC,PT_PCOS,_T,201605,2008-Q4,1.83,A,0,1,
OECD.SDD.STES:DSD_STES_REVISIONS@DF_STES_REVISIONS(4.0),EA19,Q,ULC,PT_PCOS,_T,202101,2008-Q4,1.74,A,0,1,
OECD.SDD.STES:DSD_STES_REVISIONS@DF_STES_REVISIONS(4.0),EA19,Q,ULC,PT_PCOS,_T,201809,2008-Q4,1.71,A,0,1,
OECD.SDD.STES:DSD_STES_REVISIONS@DF_STES_REVISIONS(4.0),EA19,Q,ULC,PT_PCOS,_T,202206,2008-Q4,1.75,A,0,1,
OECD.SDD.STES:DSD_STES_REVISIONS@DF_STES_REVISIONS(4.0),EA19,Q,ULC,PT_PCOS,_T,201904,2008-Q4,1.73,A,0,1,
OECD.SDD.STES:DSD_STES_REVISIONS@DF_STES_REVISIONS(4.0),EA19,Q,ULC,PT_PCOS,_T,201901,2008-Q4,1.72,A,0,1,
OECD.SDD.STES:DSD_STES_REVISIONS@DF_STES_REVISIONS(4.0),EA19,Q,ULC,PT_PCOS,_T,202103,2008-Q4,1.72,A,0,1,
OECD.SDD.STES:DSD_STES_REVISIONS@DF_STES_REVISIONS(4.0),EA19,Q,ULC,PT_PCOS,_T,202209,2008-Q4,1.74,A,0,1,
OECD.SDD.STES:DSD_STES_REVISIONS@DF_STES_REVISIONS(4.0),EA19,Q,ULC,PT_PCOS,_T,202011,2008-Q4,1.74,A,0,1,
OECD.SDD.STES:DSD_STES_REVISIONS@DF_STES_REVISIONS(4.0),EA19,Q,ULC,PT_PCOS,_T,202110,2008-Q4,1.72,A,0,1,
OECD.SDD.STES:DSD_STES_REVISIONS@DF_STES_REVISIONS(4.0),EA19,Q,ULC,PT_PCOS,_T,202108,2008-Q4,1.7,A,0,1,
OECD.SDD.STES:DSD_STES_REVISIONS@DF_STES_REVISIONS(4.0),EA19,Q,ULC,PT_PCOS,_T,202301,2008-Q4,1.75,A,0,1,
OECD.SDD.STES:DSD_STES_REVISIONS@DF_STES_REVISIONS(4.0),EA19,Q,ULC,PT_PCOS,_T,202207,2008-Q4,1.73,A,0,1,
OECD.SDD.STES:DSD_STES_REVISIONS@DF_STES_REVISIONS(4.0),EA19,Q,ULC,PT_PCOS,_T,201505,2008-Q4,1.94,A,0,1,
OECD.SDD.STES:DSD_STES_REVISIONS@DF_STES_REVISIONS(4.0),EA19,Q,ULC,PT_PCOS,_T,201911,2008-Q4,1.68,A,0,1,
OECD.SDD.STES:DSD_STES_REVISIONS@DF_STES_REVISIONS(4.0),EA19,Q,ULC,PT_PCOS,_T,202302,2008-Q4,1.75,A,0,1,
OECD.SDD.STES:DSD_STES_REVISIONS@DF_STES_REVISIONS(4.0),EA19,Q,ULC,PT_PCOS,_T,201607,2008-Q4,1.78,A,0,1,
OECD.SDD.STES:DSD_STES_REVISIONS@DF_STES_REVISIONS(4.0),EA19,Q,ULC,PT_PCOS,_T,201709,2008-Q4,1.75,A,0,1,
OECD.SDD.STES:DSD_STES_REVISIONS@DF_STES_REVISIONS(4.0),EA19,Q,ULC,PT_PCOS,_T,201611,2008-Q4,1.77,A,0,1,
OECD.SDD.STES:DSD_STES_REVISIONS@DF_STES_REVISIONS(4.0),EA19,Q,ULC,PT_PCOS,_T,202205,2008-Q4,1.75,A,0,1,
OECD.SDD.STES:DSD_STES_REVISIONS@DF_STES_REVISIONS(4.0),EA19,Q,ULC,PT_PCOS,_T,202104,2008-Q4,1.74,A,0,1,
OECD.SDD.STES:DSD_STES_REVISIONS@DF_STES_REVISIONS(4.0),EA19,Q,ULC,PT_PCOS,_T,201502,2008-Q4,1.97,A,0,1,
OECD.SDD.STES:DSD_STES_REVISIONS@DF_STES_REVISIONS(4.0),EA19,Q,ULC,PT_PCOS,_T,201802,2008-Q4,1.77,A,0,1,
OECD.SDD.STES:DSD_STES_REVISIONS@DF_STES_REVISIONS(4.0),EA19,Q,ULC,PT_PCOS,_T,202002,2008-Q4,1.68,A,0,1,
OECD.SDD.STES:DSD_STES_REVISIONS@DF_STES_REVISIONS(4.0),EA19,Q,ULC,PT_PCOS,_T,201711,2008-Q4,1.79,A,0,1,
OECD.SDD.STES:DSD_STES_REVISIONS@DF_STES_REVISIONS(4.0),EA19,Q,ULC,PT_PCOS,_T,201702,2008-Q4,1.75,A,0,1,
OECD.SDD.STES:DSD_STES_REVISIONS@DF_STES_REVISIONS(4.0),EA19,Q,ULC,PT_PCOS,_T,201604,2008-Q4,1.83,A,0,1,
OECD.SDD.STES:DSD_STES_REVISIONS@DF_STES_REVISIONS(4.0),EA19,Q,ULC,PT_PCOS,_T,202303,2008-Q4,1.75,A,0,1,
OECD.SDD.STES:DSD_STES_REVISIONS@DF_STES_REVISIONS(4.0),EA19,Q,ULC,PT_PCOS,_T,201707,2008-Q4,1.76,A,0,1,
OECD.SDD.STES:DSD_STES_REVISIONS@DF_STES_REVISIONS(4.0),EA19,Q,ULC,PT_PCOS,_T,201806,2008-Q4,1.73,A,0,1,
OECD.SDD.STES:DSD_STES_REVISIONS@DF_STES_REVISIONS(4.0),EA19,Q,ULC,PT_PCOS,_T,201801,2008-Q4,1.77,A,0,1,
OECD.SDD.STES:DSD_STES_REVISIONS@DF_STES_REVISIONS(4.0),EA19,Q,ULC,PT_PCOS,_T,202111,2008-Q4,1.76,A,0,1,
OECD.SDD.STES:DSD_STES_REVISIONS@DF_STES_REVISIONS(4.0),EA19,Q,ULC,PT_PCOS,_T,201704,2008-Q4,1.76,A,0,1,
OECD.SDD.STES:DSD_STES_REVISIONS@DF_STES_REVISIONS(4.0),EA19,Q,ULC,PT_PCOS,_T,201706,2008-Q4,1.75,A,0,1,
OECD.SDD.STES:DSD_STES_REVISIONS@DF_STES_REVISIONS(4.0),EA19,Q,ULC,PT_PCOS,_T,201805,2008-Q4,1.77,A,0,1,
OECD.SDD.STES:DSD_STES_REVISIONS@DF_STES_REVISIONS(4.0),EA19,Q,ULC,PT_PCOS,_T,201506,2008-Q4,1.94,A,0,1,
OECD.SDD.STES:DSD_STES_REVISIONS@DF_STES_REVISIONS(4.0),EA19,Q,ULC,PT_PCOS,_T,202005,2008-Q4,1.7,A,0,1,
OECD.SDD.STES:DSD_STES_REVISIONS@DF_STES_REVISIONS(4.0),EA19,Q,ULC,PT_PCOS,_T,202112,2008-Q4,1.76,A,0,1,
OECD.SDD.STES:DSD_STES_REVISIONS@DF_STES_REVISIONS(4.0),EA19,Q,ULC,PT_PCOS,_T,202007,2008-Q4,1.66,A,0,1,
OECD.SDD.STES:DSD_STES_REVISIONS@DF_STES_REVISIONS(4.0),EA19,Q,ULC,PT_PCOS,_T,201811,2008-Q4,1.74,A,0,1,
OECD.SDD.STES:DSD_STES_REVISIONS@DF_STES_REVISIONS(4.0),EA19,Q,ULC,PT_PCOS,_T,201906,2008-Q4,1.71,A,0,1,
OECD.SDD.STES:DSD_STES_REVISIONS@DF_STES_REVISIONS(4.0),EA19,Q,ULC,PT_PCOS,_T,201910,2008-Q4,1.68,A,0,1,
OECD.SDD.STES:DSD_STES_REVISIONS@DF_STES_REVISIONS(4.0),EA19,Q,ULC,PT_PCOS,_T,201504,2008-Q4,1.94,A,0,1,
OECD.SDD.STES:DSD_STES_REVISIONS@DF_STES_REVISIONS(4.0),EA19,Q,ULC,PT_PCOS,_T,201803,2008-Q4,1.77,A,0,1,
OECD.SDD.STES:DSD_STES_REVISIONS@DF_STES_REVISIONS(4.0),EA19,Q,ULC,PT_PCOS,_T,201701,2008-Q4,1.76,A,0,1,
OECD.SDD.STES:DSD_STES_REVISIONS@DF_STES_REVISIONS(4.0),EA19,Q,ULC,PT_PCOS,_T,201712,2008-Q4,1.77,A,0,1,
OECD.SDD.STES:DSD_STES_REVISIONS@DF_STES_REVISIONS(4.0),EA19,Q,ULC,PT_PCOS,_T,201508,2008-Q4,1.92,A,0,1,
OECD.SDD.STES:DSD_STES_REVISIONS@DF_STES_REVISIONS(4.0),EA19,Q,ULC,PT_PCOS,_T,201810,2008-Q4,1.72,A,0,1,
OECD.SDD.STES:DSD_STES_REVISIONS@DF_STES_REVISIONS(4.0),EA19,Q,ULC,PT_PCOS,_T,202203,2008-Q4,1.76,A,0,1,
OECD.SDD.STES:DSD_STES_REVISIONS@DF_STES_REVISIONS(4.0),EA19,Q,ULC,PT_PCOS,_T,201903,2008-Q4,1.73,A,0,1,
OECD.SDD.STES:DSD_STES_REVISIONS@DF_STES_REVISIONS(4.0),EA19,Q,ULC,PT_PCOS,_T,201808,2008-Q4,1.71,A,0,1,
OECD.SDD.STES:DSD_STES_REVISIONS@DF_STES_REVISIONS(4.0),EA19,Q,ULC,PT_PCOS,_T,202009,2008-Q4,1.7,A,0,1,
OECD.SDD.STES:DSD_STES_REVISIONS@DF_STES_REVISIONS(4.0),EA19,Q,ULC,PT_PCOS,_T,202001,2008-Q4,1.68,A,0,1,
OECD.SDD.STES:DSD_STES_REVISIONS@DF_STES_REVISIONS(4.0),EA19,Q,ULC,PT_PCOS,_T,201608,2008-Q4,1.78,A,0,1,
OECD.SDD.STES:DSD_STES_REVISIONS@DF_STES_REVISIONS(4.0),EA19,Q,ULC,PT_PCOS,_T,202008,2008-Q4,1.7,A,0,1,
OECD.SDD.STES:DSD_STES_REVISIONS@DF_STES_REVISIONS(4.0),EA19,Q,ULC,PT_PCOS,_T,201601,2008-Q4,1.87,A,0,1,
OECD.SDD.STES:DSD_STES_REVISIONS@DF_STES_REVISIONS(4.0),EA19,Q,ULC,PT_PCOS,_T,202208,2008-Q4,1.74,A,0,1,
OECD.SDD.STES:DSD_STES_REVISIONS@DF_STES_REVISIONS(4.0),EA19,Q,ULC,PT_PCOS,_T,202012,2008-Q4,1.74,A,0,1,
OECD.SDD.STES:DSD_STES_REVISIONS@DF_STES_REVISIONS(4.0),EA19,Q,ULC,PT_PCOS,_T,202107,2008-Q4,1.72,A,0,1,
OECD.SDD.STES:DSD_STES_REVISIONS@DF_STES_REVISIONS(4.0),EA19,Q,ULC,PT_PCOS,_T,201804,2008-Q4,1.76,A,0,1,
OECD.SDD.STES:DSD_STES_REVISIONS@DF_STES_REVISIONS(4.0),EA19,Q,ULC,PT_PCOS,_T,201705,2008-Q4,1.75,A,0,1,
OECD.SDD.STES:DSD_STES_REVISIONS@DF_STES_REVISIONS(4.0),EA19,Q,ULC,PT_PCOS,_T,201905,2009-Q1,2.29,A,0,1,
OECD.SDD.STES:DSD_STES_REVISIONS@DF_STES_REVISIONS(4.0),EA19,Q,ULC,PT_PCOS,_T,201703,2009-Q1,2.28,A,0,1,
OECD.SDD.STES:DSD_STES_REVISIONS@DF_STES_REVISIONS(4.0),EA19,Q,ULC,PT_PCOS,_T,201606,2009-Q1,2.25,A,0,1,
OECD.SDD.STES:DSD_STES_REVISIONS@DF_STES_REVISIONS(4.0),EA19,Q,ULC,PT_PCOS,_T,201511,2009-Q1,2.26,A,0,1,
OECD.SDD.STES:DSD_STES_REVISIONS@DF_STES_REVISIONS(4.0),EA19,Q,ULC,PT_PCOS,_T,202212,2009-Q1,2.3,A,0,1,
OECD.SDD.STES:DSD_STES_REVISIONS@DF_STES_REVISIONS(4.0),EA19,Q,ULC,PT_PCOS,_T,201902,2009-Q1,2.27,A,0,1,
OECD.SDD.STES:DSD_STES_REVISIONS@DF_STES_REVISIONS(4.0),EA19,Q,ULC,PT_PCOS,_T,202003,2009-Q1,2.41,A,0,1,
OECD.SDD.STES:DSD_STES_REVISIONS@DF_STES_REVISIONS(4.0),EA19,Q,ULC,PT_PCOS,_T,201603,2009-Q1,2.23,A,0,1,
OECD.SDD.STES:DSD_STES_REVISIONS@DF_STES_REVISIONS(4.0),EA19,Q,ULC,PT_PCOS,_T,201807,2009-Q1,2.2,A,0,1,
OECD.SDD.STES:DSD_STES_REVISIONS@DF_STES_REVISIONS(4.0),EA19,Q,ULC,PT_PCOS,_T,201908,2009-Q1,2.29,A,0,1,
OECD.SDD.STES:DSD_STES_REVISIONS@DF_STES_REVISIONS(4.0),EA19,Q,ULC,PT_PCOS,_T,201503,2009-Q1,2.15,A,0,1,
OECD.SDD.STES:DSD_STES_REVISIONS@DF_STES_REVISIONS(4.0),EA19,Q,ULC,PT_PCOS,_T,202204,2009-Q1,2.39,A,0,1,
OECD.SDD.STES:DSD_STES_REVISIONS@DF_STES_REVISIONS(4.0),EA19,Q,ULC,PT_PCOS,_T,202211,2009-Q1,2.3,A,0,1,
OECD.SDD.STES:DSD_STES_REVISIONS@DF_STES_REVISIONS(4.0),EA19,Q,ULC,PT_PCOS,_T,201512,2009-Q1,2.26,A,0,1,
OECD.SDD.STES:DSD_STES_REVISIONS@DF_STES_REVISIONS(4.0),EA19,Q,ULC,PT_PCOS,_T,202109,2009-Q1,2.43,A,0,1,
OECD.SDD.STES:DSD_STES_REVISIONS@DF_STES_REVISIONS(4.0),EA19,Q,ULC,PT_PCOS,_T,201912,2009-Q1,2.42,A,0,1,
OECD.SDD.STES:DSD_STES_REVISIONS@DF_STES_REVISIONS(4.0),EA19,Q,ULC,PT_PCOS,_T,201812,2009-Q1,2.24,A,0,1,
OECD.SDD.STES:DSD_STES_REVISIONS@DF_STES_REVISIONS(4.0),EA19,Q,ULC,PT_PCOS,_T,202201,2009-Q1,2.38,A,0,1,
OECD.SDD.STES:DSD_STES_REVISIONS@DF_STES_REVISIONS(4.0),EA19,Q,ULC,PT_PCOS,_T,201708,2009-Q1,2.27,A,0,1,
OECD.SDD.STES:DSD_STES_REVISIONS@DF_STES_REVISIONS(4.0),EA19,Q,ULC,PT_PCOS,_T,202105,2009-Q1,2.43,A,0,1,
OECD.SDD.STES:DSD_STES_REVISIONS@DF_STES_REVISIONS(4.0),EA19,Q,ULC,PT_PCOS,_T,202010,2009-Q1,2.39,A,0,1,
OECD.SDD.STES:DSD_STES_REVISIONS@DF_STES_REVISIONS(4.0),EA19,Q,ULC,PT_PCOS,_T,202102,2009-Q1,2.42,A,0,1,
OECD.SDD.STES:DSD_STES_REVISIONS@DF_STES_REVISIONS(4.0),EA19,Q,ULC,PT_PCOS,_T,201507,2009-Q1,2.18,A,0,1,
OECD.SDD.STES:DSD_STES_REVISIONS@DF_STES_REVISIONS(4.0),EA19,Q,ULC,PT_PCOS,_T,202202,2009-Q1,2.38,A,0,1,
OECD.SDD.STES:DSD_STES_REVISIONS@DF_STES_REVISIONS(4.0),EA19,Q,ULC,PT_PCOS,_T,202106,2009-Q1,2.43,A,0,1,
OECD.SDD.STES:DSD_STES_REVISIONS@DF_STES_REVISIONS(4.0),EA19,Q,ULC,PT_PCOS,_T,202004,2009-Q1,2.41,A,0,1,
OECD.SDD.STES:DSD_STES_REVISIONS@DF_STES_REVISIONS(4.0),EA19,Q,ULC,PT_PCOS,_T,201610,2009-Q1,2.25,A,0,1,
OECD.SDD.STES:DSD_STES_REVISIONS@DF_STES_REVISIONS(4.0),EA19,Q,ULC,PT_PCOS,_T,201909,2009-Q1,2.29,A,0,1,
OECD.SDD.STES:DSD_STES_REVISIONS@DF_STES_REVISIONS(4.0),EA19,Q,ULC,PT_PCOS,_T,202006,2009-Q1,2.41,A,0,1,
OECD.SDD.STES:DSD_STES_REVISIONS@DF_STES_REVISIONS(4.0),EA19,Q,ULC,PT_PCOS,_T,201710,2009-Q1,2.27,A,0,1,
OECD.SDD.STES:DSD_STES_REVISIONS@DF_STES_REVISIONS(4.0),EA19,Q,ULC,PT_PCOS,_T,202210,2009-Q1,2.35,A,0,1,
OECD.SDD.STES:DSD_STES_REVISIONS@DF_STES_REVISIONS(4.0),EA19,Q,ULC,PT_PCOS,_T,201609,2009-Q1,2.28,A,0,1,
OECD.SDD.STES:DSD_STES_REVISIONS@DF_STES_REVISIONS(4.0),EA19,Q,ULC,PT_PCOS,_T,201602,2009-Q1,2.23,A,0,1,
OECD.SDD.STES:DSD_STES_REVISIONS@DF_STES_REVISIONS(4.0),EA19,Q,ULC,PT_PCOS,_T,201907,2009-Q1,2.28,A,0,1,
OECD.SDD.STES:DSD_STES_REVISIONS@DF_STES_REVISIONS(4.0),EA19,Q,ULC,PT_PCOS,_T,201510,2009-Q1,2.26,A,0,1,
OECD.SDD.STES:DSD_STES_REVISIONS@DF_STES_REVISIONS(4.0),EA19,Q,ULC,PT_PCOS,_T,201612,2009-Q1,2.25,A,0,1,
OECD.SDD.STES:DSD_STES_REVISIONS@DF_STES_REVISIONS(4.0),EA19,Q,ULC,PT_PCOS,_T,201509,2009-Q1,2.18,A,0,1,
OECD.SDD.STES:DSD_STES_REVISIONS@DF_STES_REVISIONS(4.0),EA19,Q,ULC,PT_PCOS,_T,201605,2009-Q1,2.25,A,0,1,
OECD.SDD.STES:DSD_STES_REVISIONS@DF_STES_REVISIONS(4.0),EA19,Q,ULC,PT_PCOS,_T,202101,2009-Q1,2.42,A,0,1,
OECD.SDD.STES:DSD_STES_REVISIONS@DF_STES_REVISIONS(4.0),EA19,Q,ULC,PT_PCOS,_T,201809,2009-Q1,2.27,A,0,1,
OECD.SDD.STES:DSD_STES_REVISIONS@DF_STES_REVISIONS(4.0),EA19,Q,ULC,PT_PCOS,_T,202206,2009-Q1,2.39,A,0,1,
OECD.SDD.STES:DSD_STES_REVISIONS@DF_STES_REVISIONS(4.0),EA19,Q,ULC,PT_PCOS,_T,201904,2009-Q1,2.27,A,0,1,
OECD.SDD.STES:DSD_STES_REVISIONS@DF_STES_REVISIONS(4.0),EA19,Q,ULC,PT_PCOS,_T,201901,2009-Q1,2.27,A,0,1,
OECD.SDD.STES:DSD_STES_REVISIONS@DF_STES_REVISIONS(4.0),EA19,Q,ULC,PT_PCOS,_T,202103,2009-Q1,2.42,A,0,1,
OECD.SDD.STES:DSD_STES_REVISIONS@DF_STES_REVISIONS(4.0),EA19,Q,ULC,PT_PCOS,_T,202209,2009-Q1,2.4,A,0,1,
OECD.SDD.STES:DSD_STES_REVISIONS@DF_STES_REVISIONS(4.0),EA19,Q,ULC,PT_PCOS,_T,202110,2009-Q1,2.41,A,0,1,
OECD.SDD.STES:DSD_STES_REVISIONS@DF_STES_REVISIONS(4.0),EA19,Q,ULC,PT_PCOS,_T,202011,2009-Q1,2.4,A,0,1,
OECD.SDD.STES:DSD_STES_REVISIONS@DF_STES_REVISIONS(4.0),EA19,Q,ULC,PT_PCOS,_T,202108,2009-Q1,2.44,A,0,1,
OECD.SDD.STES:DSD_STES_REVISIONS@DF_STES_REVISIONS(4.0),EA19,Q,ULC,PT_PCOS,_T,202301,2009-Q1,2.3,A,0,1,
OECD.SDD.STES:DSD_STES_REVISIONS@DF_STES_REVISIONS(4.0),EA19,Q,ULC,PT_PCOS,_T,202207,2009-Q1,2.41,A,0,1,
OECD.SDD.STES:DSD_STES_REVISIONS@DF_STES_REVISIONS(4.0),EA19,Q,ULC,PT_PCOS,_T,201505,2009-Q1,2.18,A,0,1,
OECD.SDD.STES:DSD_STES_REVISIONS@DF_STES_REVISIONS(4.0),EA19,Q,ULC,PT_PCOS,_T,201911,2009-Q1,2.42,A,0,1,
OECD.SDD.STES:DSD_STES_REVISIONS@DF_STES_REVISIONS(4.0),EA19,Q,ULC,PT_PCOS,_T,202302,2009-Q1,2.3,A,0,1,
OECD.SDD.STES:DSD_STES_REVISIONS@DF_STES_REVISIONS(4.0),EA19,Q,ULC,PT_PCOS,_T,201607,2009-Q1,2.28,A,0,1,
OECD.SDD.STES:DSD_STES_REVISIONS@DF_STES_REVISIONS(4.0),EA19,Q,ULC,PT_PCOS,_T,201709,2009-Q1,2.27,A,0,1,
OECD.SDD.STES:DSD_STES_REVISIONS@DF_STES_REVISIONS(4.0),EA19,Q,ULC,PT_PCOS,_T,201611,2009-Q1,2.25,A,0,1,
OECD.SDD.STES:DSD_STES_REVISIONS@DF_STES_REVISIONS(4.0),EA19,Q,ULC,PT_PCOS,_T,202205,2009-Q1,2.39,A,0,1,
OECD.SDD.STES:DSD_STES_REVISIONS@DF_STES_REVISIONS(4.0),EA19,Q,ULC,PT_PCOS,_T,202104,2009-Q1,2.43,A,0,1,
OECD.SDD.STES:DSD_STES_REVISIONS@DF_STES_REVISIONS(4.0),EA19,Q,ULC,PT_PCOS,_T,201502,2009-Q1,2.15,A,0,1,
OECD.SDD.STES:DSD_STES_REVISIONS@DF_STES_REVISIONS(4.0),EA19,Q,ULC,PT_PCOS,_T,202002,2009-Q1,2.41,A,0,1,
OECD.SDD.STES:DSD_STES_REVISIONS@DF_STES_REVISIONS(4.0),EA19,Q,ULC,PT_PCOS,_T,201802,2009-Q1,2.17,A,0,1,
OECD.SDD.STES:DSD_STES_REVISIONS@DF_STES_REVISIONS(4.0),EA19,Q,ULC,PT_PCOS,_T,201711,2009-Q1,2.19,A,0,1,
OECD.SDD.STES:DSD_STES_REVISIONS@DF_STES_REVISIONS(4.0),EA19,Q,ULC,PT_PCOS,_T,201702,2009-Q1,2.28,A,0,1,
OECD.SDD.STES:DSD_STES_REVISIONS@DF_STES_REVISIONS(4.0),EA19,Q,ULC,PT_PCOS,_T,201604,2009-Q1,2.25,A,0,1,
OECD.SDD.STES:DSD_STES_REVISIONS@DF_STES_REVISIONS(4.0),EA19,Q,ULC,PT_PCOS,_T,202303,2009-Q1,2.3,A,0,1,
OECD.SDD.STES:DSD_STES_REVISIONS@DF_STES_REVISIONS(4.0),EA19,Q,ULC,PT_PCOS,_T,201707,2009-Q1,2.26,A,0,1,
OECD.SDD.STES:DSD_STES_REVISIONS@DF_STES_REVISIONS(4.0),EA19,Q,ULC,PT_PCOS,_T,201806,2009-Q1,2.2,A,0,1,
OECD.SDD.STES:DSD_STES_REVISIONS@DF_STES_REVISIONS(4.0),EA19,Q,ULC,PT_PCOS,_T,201801,2009-Q1,2.17,A,0,1,
OECD.SDD.STES:DSD_STES_REVISIONS@DF_STES_REVISIONS(4.0),EA19,Q,ULC,PT_PCOS,_T,202111,2009-Q1,2.37,A,0,1,
OECD.SDD.STES:DSD_STES_REVISIONS@DF_STES_REVISIONS(4.0),EA19,Q,ULC,PT_PCOS,_T,201704,2009-Q1,2.28,A,0,1,
OECD.SDD.STES:DSD_STES_REVISIONS@DF_STES_REVISIONS(4.0),EA19,Q,ULC,PT_PCOS,_T,201706,2009-Q1,2.27,A,0,1,
OECD.SDD.STES:DSD_STES_REVISIONS@DF_STES_REVISIONS(4.0),EA19,Q,ULC,PT_PCOS,_T,201805,2009-Q1,2.17,A,0,1,
OECD.SDD.STES:DSD_STES_REVISIONS@DF_STES_REVISIONS(4.0),EA19,Q,ULC,PT_PCOS,_T,201506,2009-Q1,2.18,A,0,1,
OECD.SDD.STES:DSD_STES_REVISIONS@DF_STES_REVISIONS(4.0),EA19,Q,ULC,PT_PCOS,_T,202005,2009-Q1,2.4,A,0,1,
OECD.SDD.STES:DSD_STES_REVISIONS@DF_STES_REVISIONS(4.0),EA19,Q,ULC,PT_PCOS,_T,202007,2009-Q1,2.42,A,0,1,
OECD.SDD.STES:DSD_STES_REVISIONS@DF_STES_REVISIONS(4.0),EA19,Q,ULC,PT_PCOS,_T,202112,2009-Q1,2.37,A,0,1,
OECD.SDD.STES:DSD_STES_REVISIONS@DF_STES_REVISIONS(4.0),EA19,Q,ULC,PT_PCOS,_T,201811,2009-Q1,2.24,A,0,1,
OECD.SDD.STES:DSD_STES_REVISIONS@DF_STES_REVISIONS(4.0),EA19,Q,ULC,PT_PCOS,_T,201906,2009-Q1,2.29,A,0,1,
OECD.SDD.STES:DSD_STES_REVISIONS@DF_STES_REVISIONS(4.0),EA19,Q,ULC,PT_PCOS,_T,201910,2009-Q1,2.29,A,0,1,
OECD.SDD.STES:DSD_STES_REVISIONS@DF_STES_REVISIONS(4.0),EA19,Q,ULC,PT_PCOS,_T,201504,2009-Q1,2.18,A,0,1,
OECD.SDD.STES:DSD_STES_REVISIONS@DF_STES_REVISIONS(4.0),EA19,Q,ULC,PT_PCOS,_T,201803,2009-Q1,2.17,A,0,1,
OECD.SDD.STES:DSD_STES_REVISIONS@DF_STES_REVISIONS(4.0),EA19,Q,ULC,PT_PCOS,_T,201701,2009-Q1,2.27,A,0,1,
OECD.SDD.STES:DSD_STES_REVISIONS@DF_STES_REVISIONS(4.0),EA19,Q,ULC,PT_PCOS,_T,201712,2009-Q1,2.17,A,0,1,
OECD.SDD.STES:DSD_STES_REVISIONS@DF_STES_REVISIONS(4.0),EA19,Q,ULC,PT_PCOS,_T,201508,2009-Q1,2.18,A,0,1,
OECD.SDD.STES:DSD_STES_REVISIONS@DF_STES_REVISIONS(4.0),EA19,Q,ULC,PT_PCOS,_T,201810,2009-Q1,2.26,A,0,1,
OECD.SDD.STES:DSD_STES_REVISIONS@DF_STES_REVISIONS(4.0),EA19,Q,ULC,PT_PCOS,_T,202203,2009-Q1,2.38,A,0,1,
OECD.SDD.STES:DSD_STES_REVISIONS@DF_STES_REVISIONS(4.0),EA19,Q,ULC,PT_PCOS,_T,201903,2009-Q1,2.27,A,0,1,
OECD.SDD.STES:DSD_STES_REVISIONS@DF_STES_REVISIONS(4.0),EA19,Q,ULC,PT_PCOS,_T,201808,2009-Q1,2.27,A,0,1,
OECD.SDD.STES:DSD_STES_REVISIONS@DF_STES_REVISIONS(4.0),EA19,Q,ULC,PT_PCOS,_T,202009,2009-Q1,2.4,A,0,1,
OECD.SDD.STES:DSD_STES_REVISIONS@DF_STES_REVISIONS(4.0),EA19,Q,ULC,PT_PCOS,_T,202001,2009-Q1,2.41,A,0,1,
OECD.SDD.STES:DSD_STES_REVISIONS@DF_STES_REVISIONS(4.0),EA19,Q,ULC,PT_PCOS,_T,201608,2009-Q1,2.28,A,0,1,
OECD.SDD.STES:DSD_STES_REVISIONS@DF_STES_REVISIONS(4.0),EA19,Q,ULC,PT_PCOS,_T,202008,2009-Q1,2.4,A,0,1,
OECD.SDD.STES:DSD_STES_REVISIONS@DF_STES_REVISIONS(4.0),EA19,Q,ULC,PT_PCOS,_T,201601,2009-Q1,2.23,A,0,1,
OECD.SDD.STES:DSD_STES_REVISIONS@DF_STES_REVISIONS(4.0),EA19,Q,ULC,PT_PCOS,_T,202208,2009-Q1,2.4,A,0,1,
OECD.SDD.STES:DSD_STES_REVISIONS@DF_STES_REVISIONS(4.0),EA19,Q,ULC,PT_PCOS,_T,202012,2009-Q1,2.4,A,0,1,
OECD.SDD.STES:DSD_STES_REVISIONS@DF_STES_REVISIONS(4.0),EA19,Q,ULC,PT_PCOS,_T,202107,2009-Q1,2.42,A,0,1,
OECD.SDD.STES:DSD_STES_REVISIONS@DF_STES_REVISIONS(4.0),EA19,Q,ULC,PT_PCOS,_T,201804,2009-Q1,2.18,A,0,1,
OECD.SDD.STES:DSD_STES_REVISIONS@DF_STES_REVISIONS(4.0),EA19,Q,ULC,PT_PCOS,_T,201705,2009-Q1,2.27,A,0,1,
OECD.SDD.STES:DSD_STES_REVISIONS@DF_STES_REVISIONS(4.0),EA19,Q,ULC,PT_PCOS,_T,201905,2009-Q2,0.04,A,0,1,
OECD.SDD.STES:DSD_STES_REVISIONS@DF_STES_REVISIONS(4.0),EA19,Q,ULC,PT_PCOS,_T,201703,2009-Q2,0.03,A,0,1,
OECD.SDD.STES:DSD_STES_REVISIONS@DF_STES_REVISIONS(4.0),EA19,Q,ULC,PT_PCOS,_T,201606,2009-Q2,0.01,A,0,1,
OECD.SDD.STES:DSD_STES_REVISIONS@DF_STES_REVISIONS(4.0),EA19,Q,ULC,PT_PCOS,_T,201511,2009-Q2,0,A,0,1,
OECD.SDD.STES:DSD_STES_REVISIONS@DF_STES_REVISIONS(4.0),EA19,Q,ULC,PT_PCOS,_T,202212,2009-Q2,-0.21,A,0,1,
OECD.SDD.STES:DSD_STES_REVISIONS@DF_STES_REVISIONS(4.0),EA19,Q,ULC,PT_PCOS,_T,202003,2009-Q2,-0.16,A,0,1,
OECD.SDD.STES:DSD_STES_REVISIONS@DF_STES_REVISIONS(4.0),EA19,Q,ULC,PT_PCOS,_T,201603,2009-Q2,-0.01,A,0,1,
OECD.SDD.STES:DSD_STES_REVISIONS@DF_STES_REVISIONS(4.0),EA19,Q,ULC,PT_PCOS,_T,201503,2009-Q2,0.02,A,0,1,
OECD.SDD.STES:DSD_STES_REVISIONS@DF_STES_REVISIONS(4.0),EA19,Q,ULC,PT_PCOS,_T,202204,2009-Q2,-0.21,A,0,1,
OECD.SDD.STES:DSD_STES_REVISIONS@DF_STES_REVISIONS(4.0),EA19,Q,ULC,PT_PCOS,_T,202211,2009-Q2,-0.21,A,0,1,
OECD.SDD.STES:DSD_STES_REVISIONS@DF_STES_REVISIONS(4.0),EA19,Q,ULC,PT_PCOS,_T,201512,2009-Q2,0,A,0,1,
OECD.SDD.STES:DSD_STES_REVISIONS@DF_STES_REVISIONS(4.0),EA19,Q,ULC,PT_PCOS,_T,202109,2009-Q2,-0.2,A,0,1,
OECD.SDD.STES:DSD_STES_REVISIONS@DF_STES_REVISIONS(4.0),EA19,Q,ULC,PT_PCOS,_T,201912,2009-Q2,-0.17,A,0,1,
OECD.SDD.STES:DSD_STES_REVISIONS@DF_STES_REVISIONS(4.0),EA19,Q,ULC,PT_PCOS,_T,202201,2009-Q2,-0.21,A,0,1,
OECD.SDD.STES:DSD_STES_REVISIONS@DF_STES_REVISIONS(4.0),EA19,Q,ULC,PT_PCOS,_T,202105,2009-Q2,-0.19,A,0,1,
OECD.SDD.STES:DSD_STES_REVISIONS@DF_STES_REVISIONS(4.0),EA19,Q,ULC,PT_PCOS,_T,202010,2009-Q2,-0.16,A,0,1,
OECD.SDD.STES:DSD_STES_REVISIONS@DF_STES_REVISIONS(4.0),EA19,Q,ULC,PT_PCOS,_T,202102,2009-Q2,-0.18,A,0,1,
OECD.SDD.STES:DSD_STES_REVISIONS@DF_STES_REVISIONS(4.0),EA19,Q,ULC,PT_PCOS,_T,201507,2009-Q2,0.01,A,0,1,
OECD.SDD.STES:DSD_STES_REVISIONS@DF_STES_REVISIONS(4.0),EA19,Q,ULC,PT_PCOS,_T,202202,2009-Q2,-0.21,A,0,1,
OECD.SDD.STES:DSD_STES_REVISIONS@DF_STES_REVISIONS(4.0),EA19,Q,ULC,PT_PCOS,_T,202106,2009-Q2,-0.19,A,0,1,
OECD.SDD.STES:DSD_STES_REVISIONS@DF_STES_REVISIONS(4.0),EA19,Q,ULC,PT_PCOS,_T,202004,2009-Q2,-0.17,A,0,1,
OECD.SDD.STES:DSD_STES_REVISIONS@DF_STES_REVISIONS(4.0),EA19,Q,ULC,PT_PCOS,_T,201610,2009-Q2,0.04,A,0,1,
OECD.SDD.STES:DSD_STES_REVISIONS@DF_STES_REVISIONS(4.0),EA19,Q,ULC,PT_PCOS,_T,202006,2009-Q2,-0.16,A,0,1,
OECD.SDD.STES:DSD_STES_REVISIONS@DF_STES_REVISIONS(4.0),EA19,Q,ULC,PT_PCOS,_T,201710,2009-Q2,0.04,A,0,1,
OECD.SDD.STES:DSD_STES_REVISIONS@DF_STES_REVISIONS(4.0),EA19,Q,ULC,PT_PCOS,_T,202210,2009-Q2,-0.25,A,0,1,
OECD.SDD.STES:DSD_STES_REVISIONS@DF_STES_REVISIONS(4.0),EA19,Q,ULC,PT_PCOS,_T,201609,2009-Q2,0.03,A,0,1,
OECD.SDD.STES:DSD_STES_REVISIONS@DF_STES_REVISIONS(4.0),EA19,Q,ULC,PT_PCOS,_T,201602,2009-Q2,-0.01,A,0,1,
OECD.SDD.STES:DSD_STES_REVISIONS@DF_STES_REVISIONS(4.0),EA19,Q,ULC,PT_PCOS,_T,201907,2009-Q2,0.04,A,0,1,
OECD.SDD.STES:DSD_STES_REVISIONS@DF_STES_REVISIONS(4.0),EA19,Q,ULC,PT_PCOS,_T,201510,2009-Q2,0,A,0,1,
OECD.SDD.STES:DSD_STES_REVISIONS@DF_STES_REVISIONS(4.0),EA19,Q,ULC,PT_PCOS,_T,201509,2009-Q2,0.01,A,0,1,
OECD.SDD.STES:DSD_STES_REVISIONS@DF_STES_REVISIONS(4.0),EA19,Q,ULC,PT_PCOS,_T,201605,2009-Q2,0.01,A,0,1,
OECD.SDD.STES:DSD_STES_REVISIONS@DF_STES_REVISIONS(4.0),EA19,Q,ULC,PT_PCOS,_T,202101,2009-Q2,-0.2,A,0,1,
OECD.SDD.STES:DSD_STES_REVISIONS@DF_STES_REVISIONS(4.0),EA19,Q,ULC,PT_PCOS,_T,201809,2009-Q2,0.04,A,0,1,
OECD.SDD.STES:DSD_STES_REVISIONS@DF_STES_REVISIONS(4.0),EA19,Q,ULC,PT_PCOS,_T,202206,2009-Q2,-0.21,A,0,1,
OECD.SDD.STES:DSD_STES_REVISIONS@DF_STES_REVISIONS(4.0),EA19,Q,ULC,PT_PCOS,_T,202103,2009-Q2,-0.18,A,0,1,
OECD.SDD.STES:DSD_STES_REVISIONS@DF_STES_REVISIONS(4.0),EA19,Q,ULC,PT_PCOS,_T,202209,2009-Q2,-0.22,A,0,1,
OECD.SDD.STES:DSD_STES_REVISIONS@DF_STES_REVISIONS(4.0),EA19,Q,ULC,PT_PCOS,_T,202011,2009-Q2,-0.18,A,0,1,
OECD.SDD.STES:DSD_STES_REVISIONS@DF_STES_REVISIONS(4.0),EA19,Q,ULC,PT_PCOS,_T,202110,2009-Q2,-0.2,A,0,1,
OECD.SDD.STES:DSD_STES_REVISIONS@DF_STES_REVISIONS(4.0),EA19,Q,ULC,PT_PCOS,_T,202108,2009-Q2,-0.21,A,0,1,
OECD.SDD.STES:DSD_STES_REVISIONS@DF_STES_REVISIONS(4.0),EA19,Q,ULC,PT_PCOS,_T,202301,2009-Q2,-0.21,A,0,1,
OECD.SDD.STES:DSD_STES_REVISIONS@DF_STES_REVISIONS(4.0),EA19,Q,ULC,PT_PCOS,_T,202207,2009-Q2,-0.22,A,0,1,
OECD.SDD.STES:DSD_STES_REVISIONS@DF_STES_REVISIONS(4.0),EA19,Q,ULC,PT_PCOS,_T,201505,2009-Q2,0.01,A,0,1,
OECD.SDD.STES:DSD_STES_REVISIONS@DF_STES_REVISIONS(4.0),EA19,Q,ULC,PT_PCOS,_T,201911,2009-Q2,-0.17,A,0,1,
OECD.SDD.STES:DSD_STES_REVISIONS@DF_STES_REVISIONS(4.0),EA19,Q,ULC,PT_PCOS,_T,202302,2009-Q2,-0.21,A,0,1,
OECD.SDD.STES:DSD_STES_REVISIONS@DF_STES_REVISIONS(4.0),EA19,Q,ULC,PT_PCOS,_T,201607,2009-Q2,0.03,A,0,1,
OECD.SDD.STES:DSD_STES_REVISIONS@DF_STES_REVISIONS(4.0),EA19,Q,ULC,PT_PCOS,_T,202205,2009-Q2,-0.21,A,0,1,
OECD.SDD.STES:DSD_STES_REVISIONS@DF_STES_REVISIONS(4.0),EA19,Q,ULC,PT_PCOS,_T,202104,2009-Q2,-0.19,A,0,1,
OECD.SDD.STES:DSD_STES_REVISIONS@DF_STES_REVISIONS(4.0),EA19,Q,ULC,PT_PCOS,_T,201502,2009-Q2,0.02,A,0,1,
OECD.SDD.STES:DSD_STES_REVISIONS@DF_STES_REVISIONS(4.0),EA19,Q,ULC,PT_PCOS,_T,202002,2009-Q2,-0.16,A,0,1,
OECD.SDD.STES:DSD_STES_REVISIONS@DF_STES_REVISIONS(4.0),EA19,Q,ULC,PT_PCOS,_T,201702,2009-Q2,0.03,A,0,1,
OECD.SDD.STES:DSD_STES_REVISIONS@DF_STES_REVISIONS(4.0),EA19,Q,ULC,PT_PCOS,_T,201604,2009-Q2,0.01,A,0,1,
OECD.SDD.STES:DSD_STES_REVISIONS@DF_STES_REVISIONS(4.0),EA19,Q,ULC,PT_PCOS,_T,202303,2009-Q2,-0.21,A,0,1,
OECD.SDD.STES:DSD_STES_REVISIONS@DF_STES_REVISIONS(4.0),EA19,Q,ULC,PT_PCOS,_T,202111,2009-Q2,-0.19,A,0,1,
OECD.SDD.STES:DSD_STES_REVISIONS@DF_STES_REVISIONS(4.0),EA19,Q,ULC,PT_PCOS,_T,201704,2009-Q2,0.02,A,0,1,
OECD.SDD.STES:DSD_STES_REVISIONS@DF_STES_REVISIONS(4.0),EA19,Q,ULC,PT_PCOS,_T,201706,2009-Q2,0.03,A,0,1,
OECD.SDD.STES:DSD_STES_REVISIONS@DF_STES_REVISIONS(4.0),EA19,Q,ULC,PT_PCOS,_T,201506,2009-Q2,0.01,A,0,1,
OECD.SDD.STES:DSD_STES_REVISIONS@DF_STES_REVISIONS(4.0),EA19,Q,ULC,PT_PCOS,_T,202005,2009-Q2,-0.16,A,0,1,
OECD.SDD.STES:DSD_STES_REVISIONS@DF_STES_REVISIONS(4.0),EA19,Q,ULC,PT_PCOS,_T,202112,2009-Q2,-0.19,A,0,1,
OECD.SDD.STES:DSD_STES_REVISIONS@DF_STES_REVISIONS(4.0),EA19,Q,ULC,PT_PCOS,_T,202007,2009-Q2,-0.16,A,0,1,
OECD.SDD.STES:DSD_STES_REVISIONS@DF_STES_REVISIONS(4.0),EA19,Q,ULC,PT_PCOS,_T,201906,2009-Q2,0.04,A,0,1,
OECD.SDD.STES:DSD_STES_REVISIONS@DF_STES_REVISIONS(4.0),EA19,Q,ULC,PT_PCOS,_T,201504,2009-Q2,0.01,A,0,1,
OECD.SDD.STES:DSD_STES_REVISIONS@DF_STES_REVISIONS(4.0),EA19,Q,ULC,PT_PCOS,_T,201701,2009-Q2,0.04,A,0,1,
OECD.SDD.STES:DSD_STES_REVISIONS@DF_STES_REVISIONS(4.0),EA19,Q,ULC,PT_PCOS,_T,201508,2009-Q2,0.01,A,0,1,
OECD.SDD.STES:DSD_STES_REVISIONS@DF_STES_REVISIONS(4.0),EA19,Q,ULC,PT_PCOS,_T,202203,2009-Q2,-0.21,A,0,1,
OECD.SDD.STES:DSD_STES_REVISIONS@DF_STES_REVISIONS(4.0),EA19,Q,ULC,PT_PCOS,_T,201808,2009-Q2,0.04,A,0,1,
OECD.SDD.STES:DSD_STES_REVISIONS@DF_STES_REVISIONS(4.0),EA19,Q,ULC,PT_PCOS,_T,202009,2009-Q2,-0.17,A,0,1,
OECD.SDD.STES:DSD_STES_REVISIONS@DF_STES_REVISIONS(4.0),EA19,Q,ULC,PT_PCOS,_T,202001,2009-Q2,-0.16,A,0,1,
OECD.SDD.STES:DSD_STES_REVISIONS@DF_STES_REVISIONS(4.0),EA19,Q,ULC,PT_PCOS,_T,201608,2009-Q2,0.03,A,0,1,
OECD.SDD.STES:DSD_STES_REVISIONS@DF_STES_REVISIONS(4.0),EA19,Q,ULC,PT_PCOS,_T,202008,2009-Q2,-0.17,A,0,1,
OECD.SDD.STES:DSD_STES_REVISIONS@DF_STES_REVISIONS(4.0),EA19,Q,ULC,PT_PCOS,_T,201601,2009-Q2,-0.01,A,0,1,
OECD.SDD.STES:DSD_STES_REVISIONS@DF_STES_REVISIONS(4.0),EA19,Q,ULC,PT_PCOS,_T,202208,2009-Q2,-0.22,A,0,1,
OECD.SDD.STES:DSD_STES_REVISIONS@DF_STES_REVISIONS(4.0),EA19,Q,ULC,PT_PCOS,_T,202012,2009-Q2,-0.18,A,0,1,
OECD.SDD.STES:DSD_STES_REVISIONS@DF_STES_REVISIONS(4.0),EA19,Q,ULC,PT_PCOS,_T,202107,2009-Q2,-0.19,A,0,1,
OECD.SDD.STES:DSD_STES_REVISIONS@DF_STES_REVISIONS(4.0),EA19,Q,ULC,PT_PCOS,_T,201705,2009-Q2,0.03,A,0,1,
OECD.SDD.STES:DSD_STES_REVISIONS@DF_STES_REVISIONS(4.0),EA19,Q,ULC,PT_PCOS,_T,201905,2009-Q3,0.04,A,0,1,
OECD.SDD.STES:DSD_STES_REVISIONS@DF_STES_REVISIONS(4.0),EA19,Q,ULC,PT_PCOS,_T,202212,2009-Q3,-0.12,A,0,1,
OECD.SDD.STES:DSD_STES_REVISIONS@DF_STES_REVISIONS(4.0),EA19,Q,ULC,PT_PCOS,_T,201902,2009-Q3,0.04,A,0,1,
OECD.SDD.STES:DSD_STES_REVISIONS@DF_STES_REVISIONS(4.0),EA19,Q,ULC,PT_PCOS,_T,202003,2009-Q3,-0.09,A,0,1,
OECD.SDD.STES:DSD_STES_REVISIONS@DF_STES_REVISIONS(4.0),EA19,Q,ULC,PT_PCOS,_T,201908,2009-Q3,0.03,A,0,1,
OECD.SDD.STES:DSD_STES_REVISIONS@DF_STES_REVISIONS(4.0),EA19,Q,ULC,PT_PCOS,_T,201503,2009-Q3,0.02,A,0,1,
OECD.SDD.STES:DSD_STES_REVISIONS@DF_STES_REVISIONS(4.0),EA19,Q,ULC,PT_PCOS,_T,202204,2009-Q3,-0.11,A,0,1,
OECD.SDD.STES:DSD_STES_REVISIONS@DF_STES_REVISIONS(4.0),EA19,Q,ULC,PT_PCOS,_T,202211,2009-Q3,-0.12,A,0,1,
OECD.SDD.STES:DSD_STES_REVISIONS@DF_STES_REVISIONS(4.0),EA19,Q,ULC,PT_PCOS,_T,202109,2009-Q3,-0.1,A,0,1,
OECD.SDD.STES:DSD_STES_REVISIONS@DF_STES_REVISIONS(4.0),EA19,Q,ULC,PT_PCOS,_T,201912,2009-Q3,-0.09,A,0,1,
OECD.SDD.STES:DSD_STES_REVISIONS@DF_STES_REVISIONS(4.0),EA19,Q,ULC,PT_PCOS,_T,202201,2009-Q3,-0.12,A,0,1,
OECD.SDD.STES:DSD_STES_REVISIONS@DF_STES_REVISIONS(4.0),EA19,Q,ULC,PT_PCOS,_T,201708,2009-Q3,0.03,A,0,1,
OECD.SDD.STES:DSD_STES_REVISIONS@DF_STES_REVISIONS(4.0),EA19,Q,ULC,PT_PCOS,_T,202105,2009-Q3,-0.12,A,0,1,
OECD.SDD.STES:DSD_STES_REVISIONS@DF_STES_REVISIONS(4.0),EA19,Q,ULC,PT_PCOS,_T,202010,2009-Q3,-0.1,A,0,1,
OECD.SDD.STES:DSD_STES_REVISIONS@DF_STES_REVISIONS(4.0),EA19,Q,ULC,PT_PCOS,_T,202102,2009-Q3,-0.12,A,0,1,
OECD.SDD.STES:DSD_STES_REVISIONS@DF_STES_REVISIONS(4.0),EA19,Q,ULC,PT_PCOS,_T,202202,2009-Q3,-0.12,A,0,1,
OECD.SDD.STES:DSD_STES_REVISIONS@DF_STES_REVISIONS(4.0),EA19,Q,ULC,PT_PCOS,_T,202106,2009-Q3,-0.12,A,0,1,
OECD.SDD.STES:DSD_STES_REVISIONS@DF_STES_REVISIONS(4.0),EA19,Q,ULC,PT_PCOS,_T,202004,2009-Q3,-0.09,A,0,1,
OECD.SDD.STES:DSD_STES_REVISIONS@DF_STES_REVISIONS(4.0),EA19,Q,ULC,PT_PCOS,_T,201909,2009-Q3,0.03,A,0,1,
OECD.SDD.STES:DSD_STES_REVISIONS@DF_STES_REVISIONS(4.0),EA19,Q,ULC,PT_PCOS,_T,202006,2009-Q3,-0.1,A,0,1,
OECD.SDD.STES:DSD_STES_REVISIONS@DF_STES_REVISIONS(4.0),EA19,Q,ULC,PT_PCOS,_T,201710,2009-Q3,0.03,A,0,1,
OECD.SDD.STES:DSD_STES_REVISIONS@DF_STES_REVISIONS(4.0),EA19,Q,ULC,PT_PCOS,_T,202210,2009-Q3,-0.11,A,0,1,
OECD.SDD.STES:DSD_STES_REVISIONS@DF_STES_REVISIONS(4.0),EA19,Q,ULC,PT_PCOS,_T,201907,2009-Q3,0.03,A,0,1,
OECD.SDD.STES:DSD_STES_REVISIONS@DF_STES_REVISIONS(4.0),EA19,Q,ULC,PT_PCOS,_T,202101,2009-Q3,-0.12,A,0,1,
OECD.SDD.STES:DSD_STES_REVISIONS@DF_STES_REVISIONS(4.0),EA19,Q,ULC,PT_PCOS,_T,202206,2009-Q3,-0.11,A,0,1,
OECD.SDD.STES:DSD_STES_REVISIONS@DF_STES_REVISIONS(4.0),EA19,Q,ULC,PT_PCOS,_T,201904,2009-Q3,0.03,A,0,1,
OECD.SDD.STES:DSD_STES_REVISIONS@DF_STES_REVISIONS(4.0),EA19,Q,ULC,PT_PCOS,_T,201901,2009-Q3,0.04,A,0,1,
OECD.SDD.STES:DSD_STES_REVISIONS@DF_STES_REVISIONS(4.0),EA19,Q,ULC,PT_PCOS,_T,202103,2009-Q3,-0.12,A,0,1,
OECD.SDD.STES:DSD_STES_REVISIONS@DF_STES_REVISIONS(4.0),EA19,Q,ULC,PT_PCOS,_T,202209,2009-Q3,-0.13,A,0,1,
OECD.SDD.STES:DSD_STES_REVISIONS@DF_STES_REVISIONS(4.0),EA19,Q,ULC,PT_PCOS,_T,202110,2009-Q3,-0.09,A,0,1,
OECD.SDD.STES:DSD_STES_REVISIONS@DF_STES_REVISIONS(4.0),EA19,Q,ULC,PT_PCOS,_T,202011,2009-Q3,-0.13,A,0,1,
OECD.SDD.STES:DSD_STES_REVISIONS@DF_STES_REVISIONS(4.0),EA19,Q,ULC,PT_PCOS,_T,202108,2009-Q3,-0.11,A,0,1,
OECD.SDD.STES:DSD_STES_REVISIONS@DF_STES_REVISIONS(4.0),EA19,Q,ULC,PT_PCOS,_T,202301,2009-Q3,-0.11,A,0,1,
OECD.SDD.STES:DSD_STES_REVISIONS@DF_STES_REVISIONS(4.0),EA19,Q,ULC,PT_PCOS,_T,202207,2009-Q3,-0.11,A,0,1,
OECD.SDD.STES:DSD_STES_REVISIONS@DF_STES_REVISIONS(4.0),EA19,Q,ULC,PT_PCOS,_T,201505,2009-Q3,0.02,A,0,1,
OECD.SDD.STES:DSD_STES_REVISIONS@DF_STES_REVISIONS(4.0),EA19,Q,ULC,PT_PCOS,_T,201911,2009-Q3,-0.09,A,0,1,
OECD.SDD.STES:DSD_STES_REVISIONS@DF_STES_REVISIONS(4.0),EA19,Q,ULC,PT_PCOS,_T,202302,2009-Q3,-0.11,A,0,1,
OECD.SDD.STES:DSD_STES_REVISIONS@DF_STES_REVISIONS(4.0),EA19,Q,ULC,PT_PCOS,_T,201709,2009-Q3,0.03,A,0,1,
OECD.SDD.STES:DSD_STES_REVISIONS@DF_STES_REVISIONS(4.0),EA19,Q,ULC,PT_PCOS,_T,202205,2009-Q3,-0.11,A,0,1,
OECD.SDD.STES:DSD_STES_REVISIONS@DF_STES_REVISIONS(4.0),EA19,Q,ULC,PT_PCOS,_T,202104,2009-Q3,-0.12,A,0,1,
OECD.SDD.STES:DSD_STES_REVISIONS@DF_STES_REVISIONS(4.0),EA19,Q,ULC,PT_PCOS,_T,201502,2009-Q3,0.02,A,0,1,
OECD.SDD.STES:DSD_STES_REVISIONS@DF_STES_REVISIONS(4.0),EA19,Q,ULC,PT_PCOS,_T,202002,2009-Q3,-0.09,A,0,1,
OECD.SDD.STES:DSD_STES_REVISIONS@DF_STES_REVISIONS(4.0),EA19,Q,ULC,PT_PCOS,_T,202303,2009-Q3,-0.11,A,0,1,
OECD.SDD.STES:DSD_STES_REVISIONS@DF_STES_REVISIONS(4.0),EA19,Q,ULC,PT_PCOS,_T,201707,2009-Q3,0.04,A,0,1,
OECD.SDD.STES:DSD_STES_REVISIONS@DF_STES_REVISIONS(4.0),EA19,Q,ULC,PT_PCOS,_T,202111,2009-Q3,-0.11,A,0,1,
OECD.SDD.STES:DSD_STES_REVISIONS@DF_STES_REVISIONS(4.0),EA19,Q,ULC,PT_PCOS,_T,201704,2009-Q3,0.04,A,0,1,
OECD.SDD.STES:DSD_STES_REVISIONS@DF_STES_REVISIONS(4.0),EA19,Q,ULC,PT_PCOS,_T,201506,2009-Q3,0.02,A,0,1,
OECD.SDD.STES:DSD_STES_REVISIONS@DF_STES_REVISIONS(4.0),EA19,Q,ULC,PT_PCOS,_T,202005,2009-Q3,-0.1,A,0,1,
OECD.SDD.STES:DSD_STES_REVISIONS@DF_STES_REVISIONS(4.0),EA19,Q,ULC,PT_PCOS,_T,202007,2009-Q3,-0.1,A,0,1,
OECD.SDD.STES:DSD_STES_REVISIONS@DF_STES_REVISIONS(4.0),EA19,Q,ULC,PT_PCOS,_T,202112,2009-Q3,-0.11,A,0,1,
OECD.SDD.STES:DSD_STES_REVISIONS@DF_STES_REVISIONS(4.0),EA19,Q,ULC,PT_PCOS,_T,201906,2009-Q3,0.04,A,0,1,
OECD.SDD.STES:DSD_STES_REVISIONS@DF_STES_REVISIONS(4.0),EA19,Q,ULC,PT_PCOS,_T,201504,2009-Q3,0.02,A,0,1,
OECD.SDD.STES:DSD_STES_REVISIONS@DF_STES_REVISIONS(4.0),EA19,Q,ULC,PT_PCOS,_T,202203,2009-Q3,-0.12,A,0,1,
OECD.SDD.STES:DSD_STES_REVISIONS@DF_STES_REVISIONS(4.0),EA19,Q,ULC,PT_PCOS,_T,201903,2009-Q3,0.03,A,0,1,
OECD.SDD.STES:DSD_STES_REVISIONS@DF_STES_REVISIONS(4.0),EA19,Q,ULC,PT_PCOS,_T,202009,2009-Q3,-0.09,A,0,1,
OECD.SDD.STES:DSD_STES_REVISIONS@DF_STES_REVISIONS(4.0),EA19,Q,ULC,PT_PCOS,_T,202001,2009-Q3,-0.09,A,0,1,
OECD.SDD.STES:DSD_STES_REVISIONS@DF_STES_REVISIONS(4.0),EA19,Q,ULC,PT_PCOS,_T,202008,2009-Q3,-0.09,A,0,1,
OECD.SDD.STES:DSD_STES_REVISIONS@DF_STES_REVISIONS(4.0),EA19,Q,ULC,PT_PCOS,_T,202208,2009-Q3,-0.13,A,0,1,
OECD.SDD.STES:DSD_STES_REVISIONS@DF_STES_REVISIONS(4.0),EA19,Q,ULC,PT_PCOS,_T,202012,2009-Q3,-0.13,A,0,1,
OECD.SDD.STES:DSD_STES_REVISIONS@DF_STES_REVISIONS(4.0),EA19,Q,ULC,PT_PCOS,_T,202107,2009-Q3,-0.11,A,0,1,
OECD.SDD.STES:DSD_STES_REVISIONS@DF_STES_REVISIONS(4.0),EA19,Q,ULC,PT_PCOS,_T,201905,2009-Q4,-0.26,A,0,1,
OECD.SDD.STES:DSD_STES_REVISIONS@DF_STES_REVISIONS(4.0),EA19,Q,ULC,PT_PCOS,_T,201703,2009-Q4,-0.26,A,0,1,
OECD.SDD.STES:DSD_STES_REVISIONS@DF_STES_REVISIONS(4.0),EA19,Q,ULC,PT_PCOS,_T,201606,2009-Q4,-0.26,A,0,1,
OECD.SDD.STES:DSD_STES_REVISIONS@DF_STES_REVISIONS(4.0),EA19,Q,ULC,PT_PCOS,_T,201511,2009-Q4,-0.23,A,0,1,
OECD.SDD.STES:DSD_STES_REVISIONS@DF_STES_REVISIONS(4.0),EA19,Q,ULC,PT_PCOS,_T,201902,2009-Q4,-0.26,A,0,1,
OECD.SDD.STES:DSD_STES_REVISIONS@DF_STES_REVISIONS(4.0),EA19,Q,ULC,PT_PCOS,_T,202003,2009-Q4,-0.07,A,0,1,
OECD.SDD.STES:DSD_STES_REVISIONS@DF_STES_REVISIONS(4.0),EA19,Q,ULC,PT_PCOS,_T,201603,2009-Q4,-0.21,A,0,1,
OECD.SDD.STES:DSD_STES_REVISIONS@DF_STES_REVISIONS(4.0),EA19,Q,ULC,PT_PCOS,_T,201807,2009-Q4,-0.3,A,0,1,
OECD.SDD.STES:DSD_STES_REVISIONS@DF_STES_REVISIONS(4.0),EA19,Q,ULC,PT_PCOS,_T,201908,2009-Q4,-0.29,A,0,1,
OECD.SDD.STES:DSD_STES_REVISIONS@DF_STES_REVISIONS(4.0),EA19,Q,ULC,PT_PCOS,_T,201503,2009-Q4,-0.24,A,0,1,
OECD.SDD.STES:DSD_STES_REVISIONS@DF_STES_REVISIONS(4.0),EA19,Q,ULC,PT_PCOS,_T,202204,2009-Q4,-0.03,A,0,1,
OECD.SDD.STES:DSD_STES_REVISIONS@DF_STES_REVISIONS(4.0),EA19,Q,ULC,PT_PCOS,_T,201512,2009-Q4,-0.23,A,0,1,
OECD.SDD.STES:DSD_STES_REVISIONS@DF_STES_REVISIONS(4.0),EA19,Q,ULC,PT_PCOS,_T,202109,2009-Q4,-0.03,A,0,1,
OECD.SDD.STES:DSD_STES_REVISIONS@DF_STES_REVISIONS(4.0),EA19,Q,ULC,PT_PCOS,_T,201912,2009-Q4,-0.04,A,0,1,
OECD.SDD.STES:DSD_STES_REVISIONS@DF_STES_REVISIONS(4.0),EA19,Q,ULC,PT_PCOS,_T,201812,2009-Q4,-0.27,A,0,1,
OECD.SDD.STES:DSD_STES_REVISIONS@DF_STES_REVISIONS(4.0),EA19,Q,ULC,PT_PCOS,_T,202201,2009-Q4,-0.02,A,0,1,
OECD.SDD.STES:DSD_STES_REVISIONS@DF_STES_REVISIONS(4.0),EA19,Q,ULC,PT_PCOS,_T,201708,2009-Q4,-0.25,A,0,1,
OECD.SDD.STES:DSD_STES_REVISIONS@DF_STES_REVISIONS(4.0),EA19,Q,ULC,PT_PCOS,_T,202105,2009-Q4,0,A,0,1,
OECD.SDD.STES:DSD_STES_REVISIONS@DF_STES_REVISIONS(4.0),EA19,Q,ULC,PT_PCOS,_T,202010,2009-Q4,-0.03,A,0,1,
OECD.SDD.STES:DSD_STES_REVISIONS@DF_STES_REVISIONS(4.0),EA19,Q,ULC,PT_PCOS,_T,202102,2009-Q4,0,A,0,1,
OECD.SDD.STES:DSD_STES_REVISIONS@DF_STES_REVISIONS(4.0),EA19,Q,ULC,PT_PCOS,_T,201507,2009-Q4,-0.23,A,0,1,
OECD.SDD.STES:DSD_STES_REVISIONS@DF_STES_REVISIONS(4.0),EA19,Q,ULC,PT_PCOS,_T,202202,2009-Q4,-0.02,A,0,1,
OECD.SDD.STES:DSD_STES_REVISIONS@DF_STES_REVISIONS(4.0),EA19,Q,ULC,PT_PCOS,_T,202106,2009-Q4,0,A,0,1,
OECD.SDD.STES:DSD_STES_REVISIONS@DF_STES_REVISIONS(4.0),EA19,Q,ULC,PT_PCOS,_T,202004,2009-Q4,-0.06,A,0,1,
OECD.SDD.STES:DSD_STES_REVISIONS@DF_STES_REVISIONS(4.0),EA19,Q,ULC,PT_PCOS,_T,201610,2009-Q4,-0.24,A,0,1,
OECD.SDD.STES:DSD_STES_REVISIONS@DF_STES_REVISIONS(4.0),EA19,Q,ULC,PT_PCOS,_T,201909,2009-Q4,-0.29,A,0,1,
OECD.SDD.STES:DSD_STES_REVISIONS@DF_STES_REVISIONS(4.0),EA19,Q,ULC,PT_PCOS,_T,202006,2009-Q4,-0.06,A,0,1,
OECD.SDD.STES:DSD_STES_REVISIONS@DF_STES_REVISIONS(4.0),EA19,Q,ULC,PT_PCOS,_T,201710,2009-Q4,-0.25,A,0,1,
OECD.SDD.STES:DSD_STES_REVISIONS@DF_STES_REVISIONS(4.0),EA19,Q,ULC,PT_PCOS,_T,201609,2009-Q4,-0.22,A,0,1,
OECD.SDD.STES:DSD_STES_REVISIONS@DF_STES_REVISIONS(4.0),EA19,Q,ULC,PT_PCOS,_T,201602,2009-Q4,-0.21,A,0,1,
OECD.SDD.STES:DSD_STES_REVISIONS@DF_STES_REVISIONS(4.0),EA19,Q,ULC,PT_PCOS,_T,201907,2009-Q4,-0.27,A,0,1,
OECD.SDD.STES:DSD_STES_REVISIONS@DF_STES_REVISIONS(4.0),EA19,Q,ULC,PT_PCOS,_T,201510,2009-Q4,-0.23,A,0,1,
OECD.SDD.STES:DSD_STES_REVISIONS@DF_STES_REVISIONS(4.0),EA19,Q,ULC,PT_PCOS,_T,201612,2009-Q4,-0.24,A,0,1,
OECD.SDD.STES:DSD_STES_REVISIONS@DF_STES_REVISIONS(4.0),EA19,Q,ULC,PT_PCOS,_T,201509,2009-Q4,-0.23,A,0,1,
OECD.SDD.STES:DSD_STES_REVISIONS@DF_STES_REVISIONS(4.0),EA19,Q,ULC,PT_PCOS,_T,201605,2009-Q4,-0.26,A,0,1,
OECD.SDD.STES:DSD_STES_REVISIONS@DF_STES_REVISIONS(4.0),EA19,Q,ULC,PT_PCOS,_T,202101,2009-Q4,-0.01,A,0,1,
OECD.SDD.STES:DSD_STES_REVISIONS@DF_STES_REVISIONS(4.0),EA19,Q,ULC,PT_PCOS,_T,201809,2009-Q4,-0.28,A,0,1,
OECD.SDD.STES:DSD_STES_REVISIONS@DF_STES_REVISIONS(4.0),EA19,Q,ULC,PT_PCOS,_T,202206,2009-Q4,-0.03,A,0,1,
OECD.SDD.STES:DSD_STES_REVISIONS@DF_STES_REVISIONS(4.0),EA19,Q,ULC,PT_PCOS,_T,201904,2009-Q4,-0.27,A,0,1,
OECD.SDD.STES:DSD_STES_REVISIONS@DF_STES_REVISIONS(4.0),EA19,Q,ULC,PT_PCOS,_T,201901,2009-Q4,-0.26,A,0,1,
OECD.SDD.STES:DSD_STES_REVISIONS@DF_STES_REVISIONS(4.0),EA19,Q,ULC,PT_PCOS,_T,202103,2009-Q4,0,A,0,1,
OECD.SDD.STES:DSD_STES_REVISIONS@DF_STES_REVISIONS(4.0),EA19,Q,ULC,PT_PCOS,_T,202209,2009-Q4,0,A,0,1,
OECD.SDD.STES:DSD_STES_REVISIONS@DF_STES_REVISIONS(4.0),EA19,Q,ULC,PT_PCOS,_T,202011,2009-Q4,0.01,A,0,1,
OECD.SDD.STES:DSD_STES_REVISIONS@DF_STES_REVISIONS(4.0),EA19,Q,ULC,PT_PCOS,_T,202110,2009-Q4,-0.03,A,0,1,
OECD.SDD.STES:DSD_STES_REVISIONS@DF_STES_REVISIONS(4.0),EA19,Q,ULC,PT_PCOS,_T,202108,2009-Q4,-0.02,A,0,1,
OECD.SDD.STES:DSD_STES_REVISIONS@DF_STES_REVISIONS(4.0),EA19,Q,ULC,PT_PCOS,_T,202207,2009-Q4,-0.05,A,0,1,
OECD.SDD.STES:DSD_STES_REVISIONS@DF_STES_REVISIONS(4.0),EA19,Q,ULC,PT_PCOS,_T,201505,2009-Q4,-0.27,A,0,1,
OECD.SDD.STES:DSD_STES_REVISIONS@DF_STES_REVISIONS(4.0),EA19,Q,ULC,PT_PCOS,_T,201911,2009-Q4,-0.04,A,0,1,
OECD.SDD.STES:DSD_STES_REVISIONS@DF_STES_REVISIONS(4.0),EA19,Q,ULC,PT_PCOS,_T,201607,2009-Q4,-0.22,A,0,1,
OECD.SDD.STES:DSD_STES_REVISIONS@DF_STES_REVISIONS(4.0),EA19,Q,ULC,PT_PCOS,_T,201709,2009-Q4,-0.25,A,0,1,
OECD.SDD.STES:DSD_STES_REVISIONS@DF_STES_REVISIONS(4.0),EA19,Q,ULC,PT_PCOS,_T,201611,2009-Q4,-0.24,A,0,1,
OECD.SDD.STES:DSD_STES_REVISIONS@DF_STES_REVISIONS(4.0),EA19,Q,ULC,PT_PCOS,_T,202205,2009-Q4,-0.03,A,0,1,
OECD.SDD.STES:DSD_STES_REVISIONS@DF_STES_REVISIONS(4.0),EA19,Q,ULC,PT_PCOS,_T,202104,2009-Q4,0,A,0,1,
OECD.SDD.STES:DSD_STES_REVISIONS@DF_STES_REVISIONS(4.0),EA19,Q,ULC,PT_PCOS,_T,201502,2009-Q4,-0.24,A,0,1,
OECD.SDD.STES:DSD_STES_REVISIONS@DF_STES_REVISIONS(4.0),EA19,Q,ULC,PT_PCOS,_T,201802,2009-Q4,-0.28,A,0,1,
OECD.SDD.STES:DSD_STES_REVISIONS@DF_STES_REVISIONS(4.0),EA19,Q,ULC,PT_PCOS,_T,202002,2009-Q4,-0.07,A,0,1,
OECD.SDD.STES:DSD_STES_REVISIONS@DF_STES_REVISIONS(4.0),EA19,Q,ULC,PT_PCOS,_T,201711,2009-Q4,-0.29,A,0,1,
OECD.SDD.STES:DSD_STES_REVISIONS@DF_STES_REVISIONS(4.0),EA19,Q,ULC,PT_PCOS,_T,201702,2009-Q4,-0.26,A,0,1,
OECD.SDD.STES:DSD_STES_REVISIONS@DF_STES_REVISIONS(4.0),EA19,Q,ULC,PT_PCOS,_T,201604,2009-Q4,-0.26,A,0,1,
OECD.SDD.STES:DSD_STES_REVISIONS@DF_STES_REVISIONS(4.0),EA19,Q,ULC,PT_PCOS,_T,201707,2009-Q4,-0.25,A,0,1,
OECD.SDD.STES:DSD_STES_REVISIONS@DF_STES_REVISIONS(4.0),EA19,Q,ULC,PT_PCOS,_T,201806,2009-Q4,-0.3,A,0,1,
OECD.SDD.STES:DSD_STES_REVISIONS@DF_STES_REVISIONS(4.0),EA19,Q,ULC,PT_PCOS,_T,201801,2009-Q4,-0.28,A,0,1,
OECD.SDD.STES:DSD_STES_REVISIONS@DF_STES_REVISIONS(4.0),EA19,Q,ULC,PT_PCOS,_T,202111,2009-Q4,-0.03,A,0,1,
OECD.SDD.STES:DSD_STES_REVISIONS@DF_STES_REVISIONS(4.0),EA19,Q,ULC,PT_PCOS,_T,201704,2009-Q4,-0.24,A,0,1,
OECD.SDD.STES:DSD_STES_REVISIONS@DF_STES_REVISIONS(4.0),EA19,Q,ULC,PT_PCOS,_T,201706,2009-Q4,-0.26,A,0,1,
OECD.SDD.STES:DSD_STES_REVISIONS@DF_STES_REVISIONS(4.0),EA19,Q,ULC,PT_PCOS,_T,201805,2009-Q4,-0.28,A,0,1,
OECD.SDD.STES:DSD_STES_REVISIONS@DF_STES_REVISIONS(4.0),EA19,Q,ULC,PT_PCOS,_T,201506,2009-Q4,-0.27,A,0,1,
OECD.SDD.STES:DSD_STES_REVISIONS@DF_STES_REVISIONS(4.0),EA19,Q,ULC,PT_PCOS,_T,202005,2009-Q4,-0.06,A,0,1,
OECD.SDD.STES:DSD_STES_REVISIONS@DF_STES_REVISIONS(4.0),EA19,Q,ULC,PT_PCOS,_T,202112,2009-Q4,-0.03,A,0,1,
OECD.SDD.STES:DSD_STES_REVISIONS@DF_STES_REVISIONS(4.0),EA19,Q,ULC,PT_PCOS,_T,202007,2009-Q4,-0.07,A,0,1,
OECD.SDD.STES:DSD_STES_REVISIONS@DF_STES_REVISIONS(4.0),EA19,Q,ULC,PT_PCOS,_T,201811,2009-Q4,-0.27,A,0,1,
OECD.SDD.STES:DSD_STES_REVISIONS@DF_STES_REVISIONS(4.0),EA19,Q,ULC,PT_PCOS,_T,201906,2009-Q4,-0.26,A,0,1,
OECD.SDD.STES:DSD_STES_REVISIONS@DF_STES_REVISIONS(4.0),EA19,Q,ULC,PT_PCOS,_T,201910,2009-Q4,-0.21,A,0,1,
OECD.SDD.STES:DSD_STES_REVISIONS@DF_STES_REVISIONS(4.0),EA19,Q,ULC,PT_PCOS,_T,201504,2009-Q4,-0.27,A,0,1,
OECD.SDD.STES:DSD_STES_REVISIONS@DF_STES_REVISIONS(4.0),EA19,Q,ULC,PT_PCOS,_T,201803,2009-Q4,-0.28,A,0,1,
OECD.SDD.STES:DSD_STES_REVISIONS@DF_STES_REVISIONS(4.0),EA19,Q,ULC,PT_PCOS,_T,201701,2009-Q4,-0.26,A,0,1,
OECD.SDD.STES:DSD_STES_REVISIONS@DF_STES_REVISIONS(4.0),EA19,Q,ULC,PT_PCOS,_T,201712,2009-Q4,-0.28,A,0,1,
OECD.SDD.STES:DSD_STES_REVISIONS@DF_STES_REVISIONS(4.0),EA19,Q,ULC,PT_PCOS,_T,201508,2009-Q4,-0.23,A,0,1,
OECD.SDD.STES:DSD_STES_REVISIONS@DF_STES_REVISIONS(4.0),EA19,Q,ULC,PT_PCOS,_T,201810,2009-Q4,-0.28,A,0,1,
OECD.SDD.STES:DSD_STES_REVISIONS@DF_STES_REVISIONS(4.0),EA19,Q,ULC,PT_PCOS,_T,202203,2009-Q4,-0.02,A,0,1,
OECD.SDD.STES:DSD_STES_REVISIONS@DF_STES_REVISIONS(4.0),EA19,Q,ULC,PT_PCOS,_T,201903,2009-Q4,-0.27,A,0,1,
OECD.SDD.STES:DSD_STES_REVISIONS@DF_STES_REVISIONS(4.0),EA19,Q,ULC,PT_PCOS,_T,201808,2009-Q4,-0.28,A,0,1,
OECD.SDD.STES:DSD_STES_REVISIONS@DF_STES_REVISIONS(4.0),EA19,Q,ULC,PT_PCOS,_T,202009,2009-Q4,-0.05,A,0,1,
OECD.SDD.STES:DSD_STES_REVISIONS@DF_STES_REVISIONS(4.0),EA19,Q,ULC,PT_PCOS,_T,202001,2009-Q4,-0.07,A,0,1,
OECD.SDD.STES:DSD_STES_REVISIONS@DF_STES_REVISIONS(4.0),EA19,Q,ULC,PT_PCOS,_T,201608,2009-Q4,-0.22,A,0,1,
OECD.SDD.STES:DSD_STES_REVISIONS@DF_STES_REVISIONS(4.0),EA19,Q,ULC,PT_PCOS,_T,202008,2009-Q4,-0.05,A,0,1,
OECD.SDD.STES:DSD_STES_REVISIONS@DF_STES_REVISIONS(4.0),EA19,Q,ULC,PT_PCOS,_T,201601,2009-Q4,-0.21,A,0,1,
OECD.SDD.STES:DSD_STES_REVISIONS@DF_STES_REVISIONS(4.0),EA19,Q,ULC,PT_PCOS,_T,202208,2009-Q4,0,A,0,1,
OECD.SDD.STES:DSD_STES_REVISIONS@DF_STES_REVISIONS(4.0),EA19,Q,ULC,PT_PCOS,_T,202012,2009-Q4,0.01,A,0,1,
OECD.SDD.STES:DSD_STES_REVISIONS@DF_STES_REVISIONS(4.0),EA19,Q,ULC,PT_PCOS,_T,202107,2009-Q4,0,A,0,1,
OECD.SDD.STES:DSD_STES_REVISIONS@DF_STES_REVISIONS(4.0),EA19,Q,ULC,PT_PCOS,_T,201804,2009-Q4,-0.29,A,0,1,
OECD.SDD.STES:DSD_STES_REVISIONS@DF_STES_REVISIONS(4.0),EA19,Q,ULC,PT_PCOS,_T,201705,2009-Q4,-0.26,A,0,1,
OECD.SDD.STES:DSD_STES_REVISIONS@DF_STES_REVISIONS(4.0),EA19,Q,ULC,PT_PCOS,_T,201905,2010-Q1,-0.19,A,0,1,
OECD.SDD.STES:DSD_STES_REVISIONS@DF_STES_REVISIONS(4.0),EA19,Q,ULC,PT_PCOS,_T,201703,2010-Q1,-0.2,A,0,1,
OECD.SDD.STES:DSD_STES_REVISIONS@DF_STES_REVISIONS(4.0),EA19,Q,ULC,PT_PCOS,_T,201606,2010-Q1,-0.21,A,0,1,
OECD.SDD.STES:DSD_STES_REVISIONS@DF_STES_REVISIONS(4.0),EA19,Q,ULC,PT_PCOS,_T,201511,2010-Q1,-0.24,A,0,1,
OECD.SDD.STES:DSD_STES_REVISIONS@DF_STES_REVISIONS(4.0),EA19,Q,ULC,PT_PCOS,_T,202212,2010-Q1,-0.17,A,0,1,
OECD.SDD.STES:DSD_STES_REVISIONS@DF_STES_REVISIONS(4.0),EA19,Q,ULC,PT_PCOS,_T,201902,2010-Q1,-0.19,A,0,1,
OECD.SDD.STES:DSD_STES_REVISIONS@DF_STES_REVISIONS(4.0),EA19,Q,ULC,PT_PCOS,_T,202003,2010-Q1,-0.12,A,0,1,
OECD.SDD.STES:DSD_STES_REVISIONS@DF_STES_REVISIONS(4.0),EA19,Q,ULC,PT_PCOS,_T,201603,2010-Q1,-0.24,A,0,1,
OECD.SDD.STES:DSD_STES_REVISIONS@DF_STES_REVISIONS(4.0),EA19,Q,ULC,PT_PCOS,_T,201807,2010-Q1,-0.21,A,0,1,
OECD.SDD.STES:DSD_STES_REVISIONS@DF_STES_REVISIONS(4.0),EA19,Q,ULC,PT_PCOS,_T,201908,2010-Q1,-0.16,A,0,1,
OECD.SDD.STES:DSD_STES_REVISIONS@DF_STES_REVISIONS(4.0),EA19,Q,ULC,PT_PCOS,_T,201503,2010-Q1,-0.21,A,0,1,
OECD.SDD.STES:DSD_STES_REVISIONS@DF_STES_REVISIONS(4.0),EA19,Q,ULC,PT_PCOS,_T,202204,2010-Q1,-0.15,A,0,1,
OECD.SDD.STES:DSD_STES_REVISIONS@DF_STES_REVISIONS(4.0),EA19,Q,ULC,PT_PCOS,_T,202211,2010-Q1,-0.17,A,0,1,
OECD.SDD.STES:DSD_STES_REVISIONS@DF_STES_REVISIONS(4.0),EA19,Q,ULC,PT_PCOS,_T,201512,2010-Q1,-0.24,A,0,1,
OECD.SDD.STES:DSD_STES_REVISIONS@DF_STES_REVISIONS(4.0),EA19,Q,ULC,PT_PCOS,_T,202109,2010-Q1,-0.15,A,0,1,
OECD.SDD.STES:DSD_STES_REVISIONS@DF_STES_REVISIONS(4.0),EA19,Q,ULC,PT_PCOS,_T,201912,2010-Q1,-0.16,A,0,1,
OECD.SDD.STES:DSD_STES_REVISIONS@DF_STES_REVISIONS(4.0),EA19,Q,ULC,PT_PCOS,_T,201812,2010-Q1,-0.21,A,0,1,
OECD.SDD.STES:DSD_STES_REVISIONS@DF_STES_REVISIONS(4.0),EA19,Q,ULC,PT_PCOS,_T,202201,2010-Q1,-0.15,A,0,1,
OECD.SDD.STES:DSD_STES_REVISIONS@DF_STES_REVISIONS(4.0),EA19,Q,ULC,PT_PCOS,_T,201708,2010-Q1,-0.18,A,0,1,
OECD.SDD.STES:DSD_STES_REVISIONS@DF_STES_REVISIONS(4.0),EA19,Q,ULC,PT_PCOS,_T,202105,2010-Q1,-0.16,A,0,1,
OECD.SDD.STES:DSD_STES_REVISIONS@DF_STES_REVISIONS(4.0),EA19,Q,ULC,PT_PCOS,_T,202010,2010-Q1,-0.16,A,0,1,
OECD.SDD.STES:DSD_STES_REVISIONS@DF_STES_REVISIONS(4.0),EA19,Q,ULC,PT_PCOS,_T,202102,2010-Q1,-0.16,A,0,1,
OECD.SDD.STES:DSD_STES_REVISIONS@DF_STES_REVISIONS(4.0),EA19,Q,ULC,PT_PCOS,_T,201507,2010-Q1,-0.25,A,0,1,
OECD.SDD.STES:DSD_STES_REVISIONS@DF_STES_REVISIONS(4.0),EA19,Q,ULC,PT_PCOS,_T,202202,2010-Q1,-0.15,A,0,1,
OECD.SDD.STES:DSD_STES_REVISIONS@DF_STES_REVISIONS(4.0),EA19,Q,ULC,PT_PCOS,_T,202106,2010-Q1,-0.16,A,0,1,
OECD.SDD.STES:DSD_STES_REVISIONS@DF_STES_REVISIONS(4.0),EA19,Q,ULC,PT_PCOS,_T,202004,2010-Q1,-0.12,A,0,1,
OECD.SDD.STES:DSD_STES_REVISIONS@DF_STES_REVISIONS(4.0),EA19,Q,ULC,PT_PCOS,_T,201610,2010-Q1,-0.26,A,0,1,
OECD.SDD.STES:DSD_STES_REVISIONS@DF_STES_REVISIONS(4.0),EA19,Q,ULC,PT_PCOS,_T,201909,2010-Q1,-0.16,A,0,1,
OECD.SDD.STES:DSD_STES_REVISIONS@DF_STES_REVISIONS(4.0),EA19,Q,ULC,PT_PCOS,_T,202006,2010-Q1,-0.13,A,0,1,
OECD.SDD.STES:DSD_STES_REVISIONS@DF_STES_REVISIONS(4.0),EA19,Q,ULC,PT_PCOS,_T,201710,2010-Q1,-0.18,A,0,1,
OECD.SDD.STES:DSD_STES_REVISIONS@DF_STES_REVISIONS(4.0),EA19,Q,ULC,PT_PCOS,_T,202210,2010-Q1,-0.15,A,0,1,
OECD.SDD.STES:DSD_STES_REVISIONS@DF_STES_REVISIONS(4.0),EA19,Q,ULC,PT_PCOS,_T,201609,2010-Q1,-0.25,A,0,1,
OECD.SDD.STES:DSD_STES_REVISIONS@DF_STES_REVISIONS(4.0),EA19,Q,ULC,PT_PCOS,_T,201602,2010-Q1,-0.24,A,0,1,
OECD.SDD.STES:DSD_STES_REVISIONS@DF_STES_REVISIONS(4.0),EA19,Q,ULC,PT_PCOS,_T,201907,2010-Q1,-0.17,A,0,1,
OECD.SDD.STES:DSD_STES_REVISIONS@DF_STES_REVISIONS(4.0),EA19,Q,ULC,PT_PCOS,_T,201510,2010-Q1,-0.24,A,0,1,
OECD.SDD.STES:DSD_STES_REVISIONS@DF_STES_REVISIONS(4.0),EA19,Q,ULC,PT_PCOS,_T,201612,2010-Q1,-0.22,A,0,1,
OECD.SDD.STES:DSD_STES_REVISIONS@DF_STES_REVISIONS(4.0),EA19,Q,ULC,PT_PCOS,_T,201509,2010-Q1,-0.25,A,0,1,
OECD.SDD.STES:DSD_STES_REVISIONS@DF_STES_REVISIONS(4.0),EA19,Q,ULC,PT_PCOS,_T,201605,2010-Q1,-0.21,A,0,1,
OECD.SDD.STES:DSD_STES_REVISIONS@DF_STES_REVISIONS(4.0),EA19,Q,ULC,PT_PCOS,_T,202101,2010-Q1,-0.18,A,0,1,
OECD.SDD.STES:DSD_STES_REVISIONS@DF_STES_REVISIONS(4.0),EA19,Q,ULC,PT_PCOS,_T,201809,2010-Q1,-0.22,A,0,1,
OECD.SDD.STES:DSD_STES_REVISIONS@DF_STES_REVISIONS(4.0),EA19,Q,ULC,PT_PCOS,_T,202206,2010-Q1,-0.15,A,0,1,
OECD.SDD.STES:DSD_STES_REVISIONS@DF_STES_REVISIONS(4.0),EA19,Q,ULC,PT_PCOS,_T,201904,2010-Q1,-0.18,A,0,1,
OECD.SDD.STES:DSD_STES_REVISIONS@DF_STES_REVISIONS(4.0),EA19,Q,ULC,PT_PCOS,_T,201901,2010-Q1,-0.19,A,0,1,
OECD.SDD.STES:DSD_STES_REVISIONS@DF_STES_REVISIONS(4.0),EA19,Q,ULC,PT_PCOS,_T,202103,2010-Q1,-0.16,A,0,1,
OECD.SDD.STES:DSD_STES_REVISIONS@DF_STES_REVISIONS(4.0),EA19,Q,ULC,PT_PCOS,_T,202209,2010-Q1,-0.18,A,0,1,
OECD.SDD.STES:DSD_STES_REVISIONS@DF_STES_REVISIONS(4.0),EA19,Q,ULC,PT_PCOS,_T,202110,2010-Q1,-0.16,A,0,1,
OECD.SDD.STES:DSD_STES_REVISIONS@DF_STES_REVISIONS(4.0),EA19,Q,ULC,PT_PCOS,_T,202011,2010-Q1,-0.17,A,0,1,
OECD.SDD.STES:DSD_STES_REVISIONS@DF_STES_REVISIONS(4.0),EA19,Q,ULC,PT_PCOS,_T,202108,2010-Q1,-0.15,A,0,1,
OECD.SDD.STES:DSD_STES_REVISIONS@DF_STES_REVISIONS(4.0),EA19,Q,ULC,PT_PCOS,_T,202301,2010-Q1,-0.17,A,0,1,
OECD.SDD.STES:DSD_STES_REVISIONS@DF_STES_REVISIONS(4.0),EA19,Q,ULC,PT_PCOS,_T,202207,2010-Q1,-0.14,A,0,1,
OECD.SDD.STES:DSD_STES_REVISIONS@DF_STES_REVISIONS(4.0),EA19,Q,ULC,PT_PCOS,_T,201505,2010-Q1,-0.2,A,0,1,
OECD.SDD.STES:DSD_STES_REVISIONS@DF_STES_REVISIONS(4.0),EA19,Q,ULC,PT_PCOS,_T,201911,2010-Q1,-0.16,A,0,1,
OECD.SDD.STES:DSD_STES_REVISIONS@DF_STES_REVISIONS(4.0),EA19,Q,ULC,PT_PCOS,_T,202302,2010-Q1,-0.17,A,0,1,
OECD.SDD.STES:DSD_STES_REVISIONS@DF_STES_REVISIONS(4.0),EA19,Q,ULC,PT_PCOS,_T,201607,2010-Q1,-0.25,A,0,1,
OECD.SDD.STES:DSD_STES_REVISIONS@DF_STES_REVISIONS(4.0),EA19,Q,ULC,PT_PCOS,_T,201709,2010-Q1,-0.18,A,0,1,
OECD.SDD.STES:DSD_STES_REVISIONS@DF_STES_REVISIONS(4.0),EA19,Q,ULC,PT_PCOS,_T,201611,2010-Q1,-0.22,A,0,1,
OECD.SDD.STES:DSD_STES_REVISIONS@DF_STES_REVISIONS(4.0),EA19,Q,ULC,PT_PCOS,_T,202205,2010-Q1,-0.15,A,0,1,
OECD.SDD.STES:DSD_STES_REVISIONS@DF_STES_REVISIONS(4.0),EA19,Q,ULC,PT_PCOS,_T,202104,2010-Q1,-0.16,A,0,1,
OECD.SDD.STES:DSD_STES_REVISIONS@DF_STES_REVISIONS(4.0),EA19,Q,ULC,PT_PCOS,_T,201502,2010-Q1,-0.21,A,0,1,
OECD.SDD.STES:DSD_STES_REVISIONS@DF_STES_REVISIONS(4.0),EA19,Q,ULC,PT_PCOS,_T,202002,2010-Q1,-0.12,A,0,1,
OECD.SDD.STES:DSD_STES_REVISIONS@DF_STES_REVISIONS(4.0),EA19,Q,ULC,PT_PCOS,_T,201802,2010-Q1,-0.22,A,0,1,
OECD.SDD.STES:DSD_STES_REVISIONS@DF_STES_REVISIONS(4.0),EA19,Q,ULC,PT_PCOS,_T,201711,2010-Q1,-0.2,A,0,1,
OECD.SDD.STES:DSD_STES_REVISIONS@DF_STES_REVISIONS(4.0),EA19,Q,ULC,PT_PCOS,_T,201702,2010-Q1,-0.2,A,0,1,
OECD.SDD.STES:DSD_STES_REVISIONS@DF_STES_REVISIONS(4.0),EA19,Q,ULC,PT_PCOS,_T,201604,2010-Q1,-0.21,A,0,1,
OECD.SDD.STES:DSD_STES_REVISIONS@DF_STES_REVISIONS(4.0),EA19,Q,ULC,PT_PCOS,_T,202303,2010-Q1,-0.17,A,0,1,
OECD.SDD.STES:DSD_STES_REVISIONS@DF_STES_REVISIONS(4.0),EA19,Q,ULC,PT_PCOS,_T,201707,2010-Q1,-0.19,A,0,1,
OECD.SDD.STES:DSD_STES_REVISIONS@DF_STES_REVISIONS(4.0),EA19,Q,ULC,PT_PCOS,_T,201806,2010-Q1,-0.21,A,0,1,
OECD.SDD.STES:DSD_STES_REVISIONS@DF_STES_REVISIONS(4.0),EA19,Q,ULC,PT_PCOS,_T,201801,2010-Q1,-0.22,A,0,1,
OECD.SDD.STES:DSD_STES_REVISIONS@DF_STES_REVISIONS(4.0),EA19,Q,ULC,PT_PCOS,_T,202111,2010-Q1,-0.15,A,0,1,
OECD.SDD.STES:DSD_STES_REVISIONS@DF_STES_REVISIONS(4.0),EA19,Q,ULC,PT_PCOS,_T,201704,2010-Q1,-0.2,A,0,1,
OECD.SDD.STES:DSD_STES_REVISIONS@DF_STES_REVISIONS(4.0),EA19,Q,ULC,PT_PCOS,_T,201706,2010-Q1,-0.2,A,0,1,
OECD.SDD.STES:DSD_STES_REVISIONS@DF_STES_REVISIONS(4.0),EA19,Q,ULC,PT_PCOS,_T,201805,2010-Q1,-0.22,A,0,1,
OECD.SDD.STES:DSD_STES_REVISIONS@DF_STES_REVISIONS(4.0),EA19,Q,ULC,PT_PCOS,_T,201506,2010-Q1,-0.2,A,0,1,
OECD.SDD.STES:DSD_STES_REVISIONS@DF_STES_REVISIONS(4.0),EA19,Q,ULC,PT_PCOS,_T,202005,2010-Q1,-0.12,A,0,1,
OECD.SDD.STES:DSD_STES_REVISIONS@DF_STES_REVISIONS(4.0),EA19,Q,ULC,PT_PCOS,_T,202007,2010-Q1,-0.12,A,0,1,
OECD.SDD.STES:DSD_STES_REVISIONS@DF_STES_REVISIONS(4.0),EA19,Q,ULC,PT_PCOS,_T,202112,2010-Q1,-0.15,A,0,1,
OECD.SDD.STES:DSD_STES_REVISIONS@DF_STES_REVISIONS(4.0),EA19,Q,ULC,PT_PCOS,_T,201811,2010-Q1,-0.21,A,0,1,
OECD.SDD.STES:DSD_STES_REVISIONS@DF_STES_REVISIONS(4.0),EA19,Q,ULC,PT_PCOS,_T,201906,2010-Q1,-0.19,A,0,1,
OECD.SDD.STES:DSD_STES_REVISIONS@DF_STES_REVISIONS(4.0),EA19,Q,ULC,PT_PCOS,_T,201910,2010-Q1,-0.22,A,0,1,
OECD.SDD.STES:DSD_STES_REVISIONS@DF_STES_REVISIONS(4.0),EA19,Q,ULC,PT_PCOS,_T,201504,2010-Q1,-0.2,A,0,1,
OECD.SDD.STES:DSD_STES_REVISIONS@DF_STES_REVISIONS(4.0),EA19,Q,ULC,PT_PCOS,_T,201803,2010-Q1,-0.22,A,0,1,
OECD.SDD.STES:DSD_STES_REVISIONS@DF_STES_REVISIONS(4.0),EA19,Q,ULC,PT_PCOS,_T,201701,2010-Q1,-0.2,A,0,1,
OECD.SDD.STES:DSD_STES_REVISIONS@DF_STES_REVISIONS(4.0),EA19,Q,ULC,PT_PCOS,_T,201712,2010-Q1,-0.22,A,0,1,
OECD.SDD.STES:DSD_STES_REVISIONS@DF_STES_REVISIONS(4.0),EA19,Q,ULC,PT_PCOS,_T,201508,2010-Q1,-0.25,A,0,1,
OECD.SDD.STES:DSD_STES_REVISIONS@DF_STES_REVISIONS(4.0),EA19,Q,ULC,PT_PCOS,_T,201810,2010-Q1,-0.21,A,0,1,
OECD.SDD.STES:DSD_STES_REVISIONS@DF_STES_REVISIONS(4.0),EA19,Q,ULC,PT_PCOS,_T,202203,2010-Q1,-0.15,A,0,1,
OECD.SDD.STES:DSD_STES_REVISIONS@DF_STES_REVISIONS(4.0),EA19,Q,ULC,PT_PCOS,_T,201903,2010-Q1,-0.18,A,0,1,
OECD.SDD.STES:DSD_STES_REVISIONS@DF_STES_REVISIONS(4.0),EA19,Q,ULC,PT_PCOS,_T,201808,2010-Q1,-0.22,A,0,1,
OECD.SDD.STES:DSD_STES_REVISIONS@DF_STES_REVISIONS(4.0),EA19,Q,ULC,PT_PCOS,_T,202009,2010-Q1,-0.14,A,0,1,
OECD.SDD.STES:DSD_STES_REVISIONS@DF_STES_REVISIONS(4.0),EA19,Q,ULC,PT_PCOS,_T,202001,2010-Q1,-0.12,A,0,1,
OECD.SDD.STES:DSD_STES_REVISIONS@DF_STES_REVISIONS(4.0),EA19,Q,ULC,PT_PCOS,_T,201608,2010-Q1,-0.25,A,0,1,
OECD.SDD.STES:DSD_STES_REVISIONS@DF_STES_REVISIONS(4.0),EA19,Q,ULC,PT_PCOS,_T,202008,2010-Q1,-0.14,A,0,1,
OECD.SDD.STES:DSD_STES_REVISIONS@DF_STES_REVISIONS(4.0),EA19,Q,ULC,PT_PCOS,_T,201601,2010-Q1,-0.24,A,0,1,
OECD.SDD.STES:DSD_STES_REVISIONS@DF_STES_REVISIONS(4.0),EA19,Q,ULC,PT_PCOS,_T,202208,2010-Q1,-0.18,A,0,1,
OECD.SDD.STES:DSD_STES_REVISIONS@DF_STES_REVISIONS(4.0),EA19,Q,ULC,PT_PCOS,_T,202012,2010-Q1,-0.17,A,0,1,
OECD.SDD.STES:DSD_STES_REVISIONS@DF_STES_REVISIONS(4.0),EA19,Q,ULC,PT_PCOS,_T,202107,2010-Q1,-0.15,A,0,1,
OECD.SDD.STES:DSD_STES_REVISIONS@DF_STES_REVISIONS(4.0),EA19,Q,ULC,PT_PCOS,_T,201804,2010-Q1,-0.21,A,0,1,
OECD.SDD.STES:DSD_STES_REVISIONS@DF_STES_REVISIONS(4.0),EA19,Q,ULC,PT_PCOS,_T,201705,2010-Q1,-0.2,A,0,1,
OECD.SDD.STES:DSD_STES_REVISIONS@DF_STES_REVISIONS(4.0),EA19,Q,ULC,PT_PCOS,_T,201905,2010-Q2,-0.29,A,0,1,
OECD.SDD.STES:DSD_STES_REVISIONS@DF_STES_REVISIONS(4.0),EA19,Q,ULC,PT_PCOS,_T,201703,2010-Q2,-0.38,A,0,1,
OECD.SDD.STES:DSD_STES_REVISIONS@DF_STES_REVISIONS(4.0),EA19,Q,ULC,PT_PCOS,_T,201606,2010-Q2,-0.35,A,0,1,
OECD.SDD.STES:DSD_STES_REVISIONS@DF_STES_REVISIONS(4.0),EA19,Q,ULC,PT_PCOS,_T,201511,2010-Q2,-0.33,A,0,1,
OECD.SDD.STES:DSD_STES_REVISIONS@DF_STES_REVISIONS(4.0),EA19,Q,ULC,PT_PCOS,_T,202212,2010-Q2,-0.29,A,0,1,
OECD.SDD.STES:DSD_STES_REVISIONS@DF_STES_REVISIONS(4.0),EA19,Q,ULC,PT_PCOS,_T,201902,2010-Q2,-0.3,A,0,1,
OECD.SDD.STES:DSD_STES_REVISIONS@DF_STES_REVISIONS(4.0),EA19,Q,ULC,PT_PCOS,_T,202003,2010-Q2,-0.36,A,0,1,
OECD.SDD.STES:DSD_STES_REVISIONS@DF_STES_REVISIONS(4.0),EA19,Q,ULC,PT_PCOS,_T,201603,2010-Q2,-0.35,A,0,1,
OECD.SDD.STES:DSD_STES_REVISIONS@DF_STES_REVISIONS(4.0),EA19,Q,ULC,PT_PCOS,_T,201807,2010-Q2,-0.33,A,0,1,
OECD.SDD.STES:DSD_STES_REVISIONS@DF_STES_REVISIONS(4.0),EA19,Q,ULC,PT_PCOS,_T,201908,2010-Q2,-0.3,A,0,1,
OECD.SDD.STES:DSD_STES_REVISIONS@DF_STES_REVISIONS(4.0),EA19,Q,ULC,PT_PCOS,_T,201503,2010-Q2,-0.33,A,0,1,
OECD.SDD.STES:DSD_STES_REVISIONS@DF_STES_REVISIONS(4.0),EA19,Q,ULC,PT_PCOS,_T,202204,2010-Q2,-0.32,A,0,1,
OECD.SDD.STES:DSD_STES_REVISIONS@DF_STES_REVISIONS(4.0),EA19,Q,ULC,PT_PCOS,_T,202211,2010-Q2,-0.29,A,0,1,
OECD.SDD.STES:DSD_STES_REVISIONS@DF_STES_REVISIONS(4.0),EA19,Q,ULC,PT_PCOS,_T,201512,2010-Q2,-0.33,A,0,1,
OECD.SDD.STES:DSD_STES_REVISIONS@DF_STES_REVISIONS(4.0),EA19,Q,ULC,PT_PCOS,_T,202109,2010-Q2,-0.33,A,0,1,
OECD.SDD.STES:DSD_STES_REVISIONS@DF_STES_REVISIONS(4.0),EA19,Q,ULC,PT_PCOS,_T,201912,2010-Q2,-0.34,A,0,1,
OECD.SDD.STES:DSD_STES_REVISIONS@DF_STES_REVISIONS(4.0),EA19,Q,ULC,PT_PCOS,_T,201812,2010-Q2,-0.29,A,0,1,
OECD.SDD.STES:DSD_STES_REVISIONS@DF_STES_REVISIONS(4.0),EA19,Q,ULC,PT_PCOS,_T,202201,2010-Q2,-0.32,A,0,1,
OECD.SDD.STES:DSD_STES_REVISIONS@DF_STES_REVISIONS(4.0),EA19,Q,ULC,PT_PCOS,_T,201708,2010-Q2,-0.38,A,0,1,
OECD.SDD.STES:DSD_STES_REVISIONS@DF_STES_REVISIONS(4.0),EA19,Q,ULC,PT_PCOS,_T,202105,2010-Q2,-0.34,A,0,1,
OECD.SDD.STES:DSD_STES_REVISIONS@DF_STES_REVISIONS(4.0),EA19,Q,ULC,PT_PCOS,_T,202010,2010-Q2,-0.34,A,0,1,
OECD.SDD.STES:DSD_STES_REVISIONS@DF_STES_REVISIONS(4.0),EA19,Q,ULC,PT_PCOS,_T,202102,2010-Q2,-0.33,A,0,1,
OECD.SDD.STES:DSD_STES_REVISIONS@DF_STES_REVISIONS(4.0),EA19,Q,ULC,PT_PCOS,_T,201507,2010-Q2,-0.35,A,0,1,
OECD.SDD.STES:DSD_STES_REVISIONS@DF_STES_REVISIONS(4.0),EA19,Q,ULC,PT_PCOS,_T,202202,2010-Q2,-0.32,A,0,1,
OECD.SDD.STES:DSD_STES_REVISIONS@DF_STES_REVISIONS(4.0),EA19,Q,ULC,PT_PCOS,_T,202106,2010-Q2,-0.34,A,0,1,
OECD.SDD.STES:DSD_STES_REVISIONS@DF_STES_REVISIONS(4.0),EA19,Q,ULC,PT_PCOS,_T,202004,2010-Q2,-0.36,A,0,1,
OECD.SDD.STES:DSD_STES_REVISIONS@DF_STES_REVISIONS(4.0),EA19,Q,ULC,PT_PCOS,_T,201610,2010-Q2,-0.33,A,0,1,
OECD.SDD.STES:DSD_STES_REVISIONS@DF_STES_REVISIONS(4.0),EA19,Q,ULC,PT_PCOS,_T,201909,2010-Q2,-0.3,A,0,1,
OECD.SDD.STES:DSD_STES_REVISIONS@DF_STES_REVISIONS(4.0),EA19,Q,ULC,PT_PCOS,_T,202006,2010-Q2,-0.35,A,0,1,
OECD.SDD.STES:DSD_STES_REVISIONS@DF_STES_REVISIONS(4.0),EA19,Q,ULC,PT_PCOS,_T,201710,2010-Q2,-0.38,A,0,1,
OECD.SDD.STES:DSD_STES_REVISIONS@DF_STES_REVISIONS(4.0),EA19,Q,ULC,PT_PCOS,_T,202210,2010-Q2,-0.29,A,0,1,
OECD.SDD.STES:DSD_STES_REVISIONS@DF_STES_REVISIONS(4.0),EA19,Q,ULC,PT_PCOS,_T,201609,2010-Q2,-0.35,A,0,1,
OECD.SDD.STES:DSD_STES_REVISIONS@DF_STES_REVISIONS(4.0),EA19,Q,ULC,PT_PCOS,_T,201602,2010-Q2,-0.35,A,0,1,
OECD.SDD.STES:DSD_STES_REVISIONS@DF_STES_REVISIONS(4.0),EA19,Q,ULC,PT_PCOS,_T,201907,2010-Q2,-0.3,A,0,1,
OECD.SDD.STES:DSD_STES_REVISIONS@DF_STES_REVISIONS(4.0),EA19,Q,ULC,PT_PCOS,_T,201510,2010-Q2,-0.33,A,0,1,
OECD.SDD.STES:DSD_STES_REVISIONS@DF_STES_REVISIONS(4.0),EA19,Q,ULC,PT_PCOS,_T,201612,2010-Q2,-0.38,A,0,1,
OECD.SDD.STES:DSD_STES_REVISIONS@DF_STES_REVISIONS(4.0),EA19,Q,ULC,PT_PCOS,_T,201509,2010-Q2,-0.35,A,0,1,
OECD.SDD.STES:DSD_STES_REVISIONS@DF_STES_REVISIONS(4.0),EA19,Q,ULC,PT_PCOS,_T,201605,2010-Q2,-0.35,A,0,1,
OECD.SDD.STES:DSD_STES_REVISIONS@DF_STES_REVISIONS(4.0),EA19,Q,ULC,PT_PCOS,_T,202101,2010-Q2,-0.31,A,0,1,
OECD.SDD.STES:DSD_STES_REVISIONS@DF_STES_REVISIONS(4.0),EA19,Q,ULC,PT_PCOS,_T,201809,2010-Q2,-0.3,A,0,1,
OECD.SDD.STES:DSD_STES_REVISIONS@DF_STES_REVISIONS(4.0),EA19,Q,ULC,PT_PCOS,_T,202206,2010-Q2,-0.32,A,0,1,
OECD.SDD.STES:DSD_STES_REVISIONS@DF_STES_REVISIONS(4.0),EA19,Q,ULC,PT_PCOS,_T,201904,2010-Q2,-0.3,A,0,1,
OECD.SDD.STES:DSD_STES_REVISIONS@DF_STES_REVISIONS(4.0),EA19,Q,ULC,PT_PCOS,_T,201901,2010-Q2,-0.3,A,0,1,
OECD.SDD.STES:DSD_STES_REVISIONS@DF_STES_REVISIONS(4.0),EA19,Q,ULC,PT_PCOS,_T,202103,2010-Q2,-0.33,A,0,1,
OECD.SDD.STES:DSD_STES_REVISIONS@DF_STES_REVISIONS(4.0),EA19,Q,ULC,PT_PCOS,_T,202209,2010-Q2,-0.32,A,0,1,
OECD.SDD.STES:DSD_STES_REVISIONS@DF_STES_REVISIONS(4.0),EA19,Q,ULC,PT_PCOS,_T,202011,2010-Q2,-0.34,A,0,1,
OECD.SDD.STES:DSD_STES_REVISIONS@DF_STES_REVISIONS(4.0),EA19,Q,ULC,PT_PCOS,_T,202110,2010-Q2,-0.33,A,0,1,
OECD.SDD.STES:DSD_STES_REVISIONS@DF_STES_REVISIONS(4.0),EA19,Q,ULC,PT_PCOS,_T,202108,2010-Q2,-0.33,A,0,1,
OECD.SDD.STES:DSD_STES_REVISIONS@DF_STES_REVISIONS(4.0),EA19,Q,ULC,PT_PCOS,_T,202301,2010-Q2,-0.29,A,0,1,
OECD.SDD.STES:DSD_STES_REVISIONS@DF_STES_REVISIONS(4.0),EA19,Q,ULC,PT_PCOS,_T,202207,2010-Q2,-0.31,A,0,1,
OECD.SDD.STES:DSD_STES_REVISIONS@DF_STES_REVISIONS(4.0),EA19,Q,ULC,PT_PCOS,_T,201505,2010-Q2,-0.35,A,0,1,
OECD.SDD.STES:DSD_STES_REVISIONS@DF_STES_REVISIONS(4.0),EA19,Q,ULC,PT_PCOS,_T,201911,2010-Q2,-0.34,A,0,1,
OECD.SDD.STES:DSD_STES_REVISIONS@DF_STES_REVISIONS(4.0),EA19,Q,ULC,PT_PCOS,_T,202302,2010-Q2,-0.29,A,0,1,
OECD.SDD.STES:DSD_STES_REVISIONS@DF_STES_REVISIONS(4.0),EA19,Q,ULC,PT_PCOS,_T,201607,2010-Q2,-0.35,A,0,1,
OECD.SDD.STES:DSD_STES_REVISIONS@DF_STES_REVISIONS(4.0),EA19,Q,ULC,PT_PCOS,_T,201709,2010-Q2,-0.38,A,0,1,
OECD.SDD.STES:DSD_STES_REVISIONS@DF_STES_REVISIONS(4.0),EA19,Q,ULC,PT_PCOS,_T,201611,2010-Q2,-0.38,A,0,1,
OECD.SDD.STES:DSD_STES_REVISIONS@DF_STES_REVISIONS(4.0),EA19,Q,ULC,PT_PCOS,_T,202205,2010-Q2,-0.32,A,0,1,
OECD.SDD.STES:DSD_STES_REVISIONS@DF_STES_REVISIONS(4.0),EA19,Q,ULC,PT_PCOS,_T,202104,2010-Q2,-0.34,A,0,1,
OECD.SDD.STES:DSD_STES_REVISIONS@DF_STES_REVISIONS(4.0),EA19,Q,ULC,PT_PCOS,_T,201502,2010-Q2,-0.33,A,0,1,
OECD.SDD.STES:DSD_STES_REVISIONS@DF_STES_REVISIONS(4.0),EA19,Q,ULC,PT_PCOS,_T,201802,2010-Q2,-0.34,A,0,1,
OECD.SDD.STES:DSD_STES_REVISIONS@DF_STES_REVISIONS(4.0),EA19,Q,ULC,PT_PCOS,_T,202002,2010-Q2,-0.36,A,0,1,
OECD.SDD.STES:DSD_STES_REVISIONS@DF_STES_REVISIONS(4.0),EA19,Q,ULC,PT_PCOS,_T,201711,2010-Q2,-0.34,A,0,1,
OECD.SDD.STES:DSD_STES_REVISIONS@DF_STES_REVISIONS(4.0),EA19,Q,ULC,PT_PCOS,_T,201702,2010-Q2,-0.38,A,0,1,
OECD.SDD.STES:DSD_STES_REVISIONS@DF_STES_REVISIONS(4.0),EA19,Q,ULC,PT_PCOS,_T,201604,2010-Q2,-0.35,A,0,1,
OECD.SDD.STES:DSD_STES_REVISIONS@DF_STES_REVISIONS(4.0),EA19,Q,ULC,PT_PCOS,_T,202303,2010-Q2,-0.29,A,0,1,
OECD.SDD.STES:DSD_STES_REVISIONS@DF_STES_REVISIONS(4.0),EA19,Q,ULC,PT_PCOS,_T,201707,2010-Q2,-0.39,A,0,1,
OECD.SDD.STES:DSD_STES_REVISIONS@DF_STES_REVISIONS(4.0),EA19,Q,ULC,PT_PCOS,_T,201806,2010-Q2,-0.32,A,0,1,
OECD.SDD.STES:DSD_STES_REVISIONS@DF_STES_REVISIONS(4.0),EA19,Q,ULC,PT_PCOS,_T,201801,2010-Q2,-0.34,A,0,1,
OECD.SDD.STES:DSD_STES_REVISIONS@DF_STES_REVISIONS(4.0),EA19,Q,ULC,PT_PCOS,_T,202111,2010-Q2,-0.33,A,0,1,
OECD.SDD.STES:DSD_STES_REVISIONS@DF_STES_REVISIONS(4.0),EA19,Q,ULC,PT_PCOS,_T,201704,2010-Q2,-0.39,A,0,1,
OECD.SDD.STES:DSD_STES_REVISIONS@DF_STES_REVISIONS(4.0),EA19,Q,ULC,PT_PCOS,_T,201706,2010-Q2,-0.38,A,0,1,
OECD.SDD.STES:DSD_STES_REVISIONS@DF_STES_REVISIONS(4.0),EA19,Q,ULC,PT_PCOS,_T,201805,2010-Q2,-0.34,A,0,1,
OECD.SDD.STES:DSD_STES_REVISIONS@DF_STES_REVISIONS(4.0),EA19,Q,ULC,PT_PCOS,_T,201506,2010-Q2,-0.35,A,0,1,
OECD.SDD.STES:DSD_STES_REVISIONS@DF_STES_REVISIONS(4.0),EA19,Q,ULC,PT_PCOS,_T,202005,2010-Q2,-0.36,A,0,1,
OECD.SDD.STES:DSD_STES_REVISIONS@DF_STES_REVISIONS(4.0),EA19,Q,ULC,PT_PCOS,_T,202112,2010-Q2,-0.33,A,0,1,
OECD.SDD.STES:DSD_STES_REVISIONS@DF_STES_REVISIONS(4.0),EA19,Q,ULC,PT_PCOS,_T,202007,2010-Q2,-0.34,A,0,1,
OECD.SDD.STES:DSD_STES_REVISIONS@DF_STES_REVISIONS(4.0),EA19,Q,ULC,PT_PCOS,_T,201811,2010-Q2,-0.29,A,0,1,
OECD.SDD.STES:DSD_STES_REVISIONS@DF_STES_REVISIONS(4.0),EA19,Q,ULC,PT_PCOS,_T,201906,2010-Q2,-0.29,A,0,1,
OECD.SDD.STES:DSD_STES_REVISIONS@DF_STES_REVISIONS(4.0),EA19,Q,ULC,PT_PCOS,_T,201910,2010-Q2,-0.36,A,0,1,
OECD.SDD.STES:DSD_STES_REVISIONS@DF_STES_REVISIONS(4.0),EA19,Q,ULC,PT_PCOS,_T,201504,2010-Q2,-0.35,A,0,1,
OECD.SDD.STES:DSD_STES_REVISIONS@DF_STES_REVISIONS(4.0),EA19,Q,ULC,PT_PCOS,_T,201803,2010-Q2,-0.34,A,0,1,
OECD.SDD.STES:DSD_STES_REVISIONS@DF_STES_REVISIONS(4.0),EA19,Q,ULC,PT_PCOS,_T,201701,2010-Q2,-0.38,A,0,1,
OECD.SDD.STES:DSD_STES_REVISIONS@DF_STES_REVISIONS(4.0),EA19,Q,ULC,PT_PCOS,_T,201712,2010-Q2,-0.34,A,0,1,
OECD.SDD.STES:DSD_STES_REVISIONS@DF_STES_REVISIONS(4.0),EA19,Q,ULC,PT_PCOS,_T,201508,2010-Q2,-0.35,A,0,1,
OECD.SDD.STES:DSD_STES_REVISIONS@DF_STES_REVISIONS(4.0),EA19,Q,ULC,PT_PCOS,_T,201810,2010-Q2,-0.3,A,0,1,
OECD.SDD.STES:DSD_STES_REVISIONS@DF_STES_REVISIONS(4.0),EA19,Q,ULC,PT_PCOS,_T,202203,2010-Q2,-0.32,A,0,1,
OECD.SDD.STES:DSD_STES_REVISIONS@DF_STES_REVISIONS(4.0),EA19,Q,ULC,PT_PCOS,_T,201903,2010-Q2,-0.3,A,0,1,
OECD.SDD.STES:DSD_STES_REVISIONS@DF_STES_REVISIONS(4.0),EA19,Q,ULC,PT_PCOS,_T,201808,2010-Q2,-0.3,A,0,1,
OECD.SDD.STES:DSD_STES_REVISIONS@DF_STES_REVISIONS(4.0),EA19,Q,ULC,PT_PCOS,_T,202009,2010-Q2,-0.34,A,0,1,
OECD.SDD.STES:DSD_STES_REVISIONS@DF_STES_REVISIONS(4.0),EA19,Q,ULC,PT_PCOS,_T,202001,2010-Q2,-0.35,A,0,1,
OECD.SDD.STES:DSD_STES_REVISIONS@DF_STES_REVISIONS(4.0),EA19,Q,ULC,PT_PCOS,_T,201608,2010-Q2,-0.35,A,0,1,
OECD.SDD.STES:DSD_STES_REVISIONS@DF_STES_REVISIONS(4.0),EA19,Q,ULC,PT_PCOS,_T,202008,2010-Q2,-0.34,A,0,1,
OECD.SDD.STES:DSD_STES_REVISIONS@DF_STES_REVISIONS(4.0),EA19,Q,ULC,PT_PCOS,_T,201601,2010-Q2,-0.35,A,0,1,
OECD.SDD.STES:DSD_STES_REVISIONS@DF_STES_REVISIONS(4.0),EA19,Q,ULC,PT_PCOS,_T,202208,2010-Q2,-0.32,A,0,1,
OECD.SDD.STES:DSD_STES_REVISIONS@DF_STES_REVISIONS(4.0),EA19,Q,ULC,PT_PCOS,_T,202012,2010-Q2,-0.34,A,0,1,
OECD.SDD.STES:DSD_STES_REVISIONS@DF_STES_REVISIONS(4.0),EA19,Q,ULC,PT_PCOS,_T,202107,2010-Q2,-0.34,A,0,1,
OECD.SDD.STES:DSD_STES_REVISIONS@DF_STES_REVISIONS(4.0),EA19,Q,ULC,PT_PCOS,_T,201804,2010-Q2,-0.34,A,0,1,
OECD.SDD.STES:DSD_STES_REVISIONS@DF_STES_REVISIONS(4.0),EA19,Q,ULC,PT_PCOS,_T,201705,2010-Q2,-0.38,A,0,1,
OECD.SDD.STES:DSD_STES_REVISIONS@DF_STES_REVISIONS(4.0),EA19,Q,ULC,PT_PCOS,_T,201905,2010-Q3,-0.2,A,0,1,
OECD.SDD.STES:DSD_STES_REVISIONS@DF_STES_REVISIONS(4.0),EA19,Q,ULC,PT_PCOS,_T,201703,2010-Q3,-0.14,A,0,1,
OECD.SDD.STES:DSD_STES_REVISIONS@DF_STES_REVISIONS(4.0),EA19,Q,ULC,PT_PCOS,_T,201606,2010-Q3,-0.19,A,0,1,
OECD.SDD.STES:DSD_STES_REVISIONS@DF_STES_REVISIONS(4.0),EA19,Q,ULC,PT_PCOS,_T,201511,2010-Q3,-0.21,A,0,1,
OECD.SDD.STES:DSD_STES_REVISIONS@DF_STES_REVISIONS(4.0),EA19,Q,ULC,PT_PCOS,_T,202212,2010-Q3,-0.06,A,0,1,
OECD.SDD.STES:DSD_STES_REVISIONS@DF_STES_REVISIONS(4.0),EA19,Q,ULC,PT_PCOS,_T,201902,2010-Q3,-0.2,A,0,1,
OECD.SDD.STES:DSD_STES_REVISIONS@DF_STES_REVISIONS(4.0),EA19,Q,ULC,PT_PCOS,_T,202003,2010-Q3,-0.11,A,0,1,
OECD.SDD.STES:DSD_STES_REVISIONS@DF_STES_REVISIONS(4.0),EA19,Q,ULC,PT_PCOS,_T,201603,2010-Q3,-0.21,A,0,1,
OECD.SDD.STES:DSD_STES_REVISIONS@DF_STES_REVISIONS(4.0),EA19,Q,ULC,PT_PCOS,_T,201807,2010-Q3,-0.15,A,0,1,
OECD.SDD.STES:DSD_STES_REVISIONS@DF_STES_REVISIONS(4.0),EA19,Q,ULC,PT_PCOS,_T,201908,2010-Q3,-0.19,A,0,1,
OECD.SDD.STES:DSD_STES_REVISIONS@DF_STES_REVISIONS(4.0),EA19,Q,ULC,PT_PCOS,_T,201503,2010-Q3,-0.16,A,0,1,
OECD.SDD.STES:DSD_STES_REVISIONS@DF_STES_REVISIONS(4.0),EA19,Q,ULC,PT_PCOS,_T,202204,2010-Q3,-0.1,A,0,1,
OECD.SDD.STES:DSD_STES_REVISIONS@DF_STES_REVISIONS(4.0),EA19,Q,ULC,PT_PCOS,_T,202211,2010-Q3,-0.06,A,0,1,
OECD.SDD.STES:DSD_STES_REVISIONS@DF_STES_REVISIONS(4.0),EA19,Q,ULC,PT_PCOS,_T,201512,2010-Q3,-0.21,A,0,1,
OECD.SDD.STES:DSD_STES_REVISIONS@DF_STES_REVISIONS(4.0),EA19,Q,ULC,PT_PCOS,_T,202109,2010-Q3,-0.09,A,0,1,
OECD.SDD.STES:DSD_STES_REVISIONS@DF_STES_REVISIONS(4.0),EA19,Q,ULC,PT_PCOS,_T,201912,2010-Q3,-0.11,A,0,1,
OECD.SDD.STES:DSD_STES_REVISIONS@DF_STES_REVISIONS(4.0),EA19,Q,ULC,PT_PCOS,_T,201812,2010-Q3,-0.16,A,0,1,
OECD.SDD.STES:DSD_STES_REVISIONS@DF_STES_REVISIONS(4.0),EA19,Q,ULC,PT_PCOS,_T,202201,2010-Q3,-0.1,A,0,1,
OECD.SDD.STES:DSD_STES_REVISIONS@DF_STES_REVISIONS(4.0),EA19,Q,ULC,PT_PCOS,_T,201708,2010-Q3,-0.18,A,0,1,
OECD.SDD.STES:DSD_STES_REVISIONS@DF_STES_REVISIONS(4.0),EA19,Q,ULC,PT_PCOS,_T,202105,2010-Q3,-0.09,A,0,1,
OECD.SDD.STES:DSD_STES_REVISIONS@DF_STES_REVISIONS(4.0),EA19,Q,ULC,PT_PCOS,_T,202010,2010-Q3,-0.09,A,0,1,
OECD.SDD.STES:DSD_STES_REVISIONS@DF_STES_REVISIONS(4.0),EA19,Q,ULC,PT_PCOS,_T,202102,2010-Q3,-0.1,A,0,1,
OECD.SDD.STES:DSD_STES_REVISIONS@DF_STES_REVISIONS(4.0),EA19,Q,ULC,PT_PCOS,_T,201507,2010-Q3,-0.16,A,0,1,
OECD.SDD.STES:DSD_STES_REVISIONS@DF_STES_REVISIONS(4.0),EA19,Q,ULC,PT_PCOS,_T,202202,2010-Q3,-0.1,A,0,1,
OECD.SDD.STES:DSD_STES_REVISIONS@DF_STES_REVISIONS(4.0),EA19,Q,ULC,PT_PCOS,_T,202106,2010-Q3,-0.09,A,0,1,
OECD.SDD.STES:DSD_STES_REVISIONS@DF_STES_REVISIONS(4.0),EA19,Q,ULC,PT_PCOS,_T,202004,2010-Q3,-0.1,A,0,1,
OECD.SDD.STES:DSD_STES_REVISIONS@DF_STES_REVISIONS(4.0),EA19,Q,ULC,PT_PCOS,_T,201610,2010-Q3,-0.15,A,0,1,
OECD.SDD.STES:DSD_STES_REVISIONS@DF_STES_REVISIONS(4.0),EA19,Q,ULC,PT_PCOS,_T,201909,2010-Q3,-0.19,A,0,1,
OECD.SDD.STES:DSD_STES_REVISIONS@DF_STES_REVISIONS(4.0),EA19,Q,ULC,PT_PCOS,_T,202006,2010-Q3,-0.1,A,0,1,
OECD.SDD.STES:DSD_STES_REVISIONS@DF_STES_REVISIONS(4.0),EA19,Q,ULC,PT_PCOS,_T,201710,2010-Q3,-0.17,A,0,1,
OECD.SDD.STES:DSD_STES_REVISIONS@DF_STES_REVISIONS(4.0),EA19,Q,ULC,PT_PCOS,_T,202210,2010-Q3,-0.06,A,0,1,
OECD.SDD.STES:DSD_STES_REVISIONS@DF_STES_REVISIONS(4.0),EA19,Q,ULC,PT_PCOS,_T,201609,2010-Q3,-0.17,A,0,1,
OECD.SDD.STES:DSD_STES_REVISIONS@DF_STES_REVISIONS(4.0),EA19,Q,ULC,PT_PCOS,_T,201602,2010-Q3,-0.21,A,0,1,
OECD.SDD.STES:DSD_STES_REVISIONS@DF_STES_REVISIONS(4.0),EA19,Q,ULC,PT_PCOS,_T,201907,2010-Q3,-0.19,A,0,1,
OECD.SDD.STES:DSD_STES_REVISIONS@DF_STES_REVISIONS(4.0),EA19,Q,ULC,PT_PCOS,_T,201510,2010-Q3,-0.21,A,0,1,
OECD.SDD.STES:DSD_STES_REVISIONS@DF_STES_REVISIONS(4.0),EA19,Q,ULC,PT_PCOS,_T,201612,2010-Q3,-0.15,A,0,1,
OECD.SDD.STES:DSD_STES_REVISIONS@DF_STES_REVISIONS(4.0),EA19,Q,ULC,PT_PCOS,_T,201509,2010-Q3,-0.16,A,0,1,
OECD.SDD.STES:DSD_STES_REVISIONS@DF_STES_REVISIONS(4.0),EA19,Q,ULC,PT_PCOS,_T,201605,2010-Q3,-0.19,A,0,1,
OECD.SDD.STES:DSD_STES_REVISIONS@DF_STES_REVISIONS(4.0),EA19,Q,ULC,PT_PCOS,_T,201809,2010-Q3,-0.15,A,0,1,
OECD.SDD.STES:DSD_STES_REVISIONS@DF_STES_REVISIONS(4.0),EA19,Q,ULC,PT_PCOS,_T,202206,2010-Q3,-0.1,A,0,1,
OECD.SDD.STES:DSD_STES_REVISIONS@DF_STES_REVISIONS(4.0),EA19,Q,ULC,PT_PCOS,_T,201904,2010-Q3,-0.2,A,0,1,
OECD.SDD.STES:DSD_STES_REVISIONS@DF_STES_REVISIONS(4.0),EA19,Q,ULC,PT_PCOS,_T,201901,2010-Q3,-0.2,A,0,1,
OECD.SDD.STES:DSD_STES_REVISIONS@DF_STES_REVISIONS(4.0),EA19,Q,ULC,PT_PCOS,_T,202103,2010-Q3,-0.1,A,0,1,
OECD.SDD.STES:DSD_STES_REVISIONS@DF_STES_REVISIONS(4.0),EA19,Q,ULC,PT_PCOS,_T,202110,2010-Q3,-0.09,A,0,1,
OECD.SDD.STES:DSD_STES_REVISIONS@DF_STES_REVISIONS(4.0),EA19,Q,ULC,PT_PCOS,_T,202108,2010-Q3,-0.09,A,0,1,
OECD.SDD.STES:DSD_STES_REVISIONS@DF_STES_REVISIONS(4.0),EA19,Q,ULC,PT_PCOS,_T,202301,2010-Q3,-0.05,A,0,1,
OECD.SDD.STES:DSD_STES_REVISIONS@DF_STES_REVISIONS(4.0),EA19,Q,ULC,PT_PCOS,_T,202207,2010-Q3,-0.09,A,0,1,
OECD.SDD.STES:DSD_STES_REVISIONS@DF_STES_REVISIONS(4.0),EA19,Q,ULC,PT_PCOS,_T,201505,2010-Q3,-0.15,A,0,1,
OECD.SDD.STES:DSD_STES_REVISIONS@DF_STES_REVISIONS(4.0),EA19,Q,ULC,PT_PCOS,_T,201911,2010-Q3,-0.11,A,0,1,
OECD.SDD.STES:DSD_STES_REVISIONS@DF_STES_REVISIONS(4.0),EA19,Q,ULC,PT_PCOS,_T,202302,2010-Q3,-0.05,A,0,1,
OECD.SDD.STES:DSD_STES_REVISIONS@DF_STES_REVISIONS(4.0),EA19,Q,ULC,PT_PCOS,_T,201607,2010-Q3,-0.17,A,0,1,
OECD.SDD.STES:DSD_STES_REVISIONS@DF_STES_REVISIONS(4.0),EA19,Q,ULC,PT_PCOS,_T,201709,2010-Q3,-0.18,A,0,1,
OECD.SDD.STES:DSD_STES_REVISIONS@DF_STES_REVISIONS(4.0),EA19,Q,ULC,PT_PCOS,_T,201611,2010-Q3,-0.15,A,0,1,
OECD.SDD.STES:DSD_STES_REVISIONS@DF_STES_REVISIONS(4.0),EA19,Q,ULC,PT_PCOS,_T,202205,2010-Q3,-0.1,A,0,1,
OECD.SDD.STES:DSD_STES_REVISIONS@DF_STES_REVISIONS(4.0),EA19,Q,ULC,PT_PCOS,_T,202104,2010-Q3,-0.09,A,0,1,
OECD.SDD.STES:DSD_STES_REVISIONS@DF_STES_REVISIONS(4.0),EA19,Q,ULC,PT_PCOS,_T,201502,2010-Q3,-0.16,A,0,1,
OECD.SDD.STES:DSD_STES_REVISIONS@DF_STES_REVISIONS(4.0),EA19,Q,ULC,PT_PCOS,_T,202002,2010-Q3,-0.11,A,0,1,
OECD.SDD.STES:DSD_STES_REVISIONS@DF_STES_REVISIONS(4.0),EA19,Q,ULC,PT_PCOS,_T,201802,2010-Q3,-0.16,A,0,1,
OECD.SDD.STES:DSD_STES_REVISIONS@DF_STES_REVISIONS(4.0),EA19,Q,ULC,PT_PCOS,_T,201711,2010-Q3,-0.16,A,0,1,
OECD.SDD.STES:DSD_STES_REVISIONS@DF_STES_REVISIONS(4.0),EA19,Q,ULC,PT_PCOS,_T,201702,2010-Q3,-0.14,A,0,1,
OECD.SDD.STES:DSD_STES_REVISIONS@DF_STES_REVISIONS(4.0),EA19,Q,ULC,PT_PCOS,_T,201604,2010-Q3,-0.19,A,0,1,
OECD.SDD.STES:DSD_STES_REVISIONS@DF_STES_REVISIONS(4.0),EA19,Q,ULC,PT_PCOS,_T,202303,2010-Q3,-0.05,A,0,1,
OECD.SDD.STES:DSD_STES_REVISIONS@DF_STES_REVISIONS(4.0),EA19,Q,ULC,PT_PCOS,_T,201707,2010-Q3,-0.17,A,0,1,
OECD.SDD.STES:DSD_STES_REVISIONS@DF_STES_REVISIONS(4.0),EA19,Q,ULC,PT_PCOS,_T,201806,2010-Q3,-0.16,A,0,1,
OECD.SDD.STES:DSD_STES_REVISIONS@DF_STES_REVISIONS(4.0),EA19,Q,ULC,PT_PCOS,_T,201801,2010-Q3,-0.16,A,0,1,
OECD.SDD.STES:DSD_STES_REVISIONS@DF_STES_REVISIONS(4.0),EA19,Q,ULC,PT_PCOS,_T,201704,2010-Q3,-0.15,A,0,1,
OECD.SDD.STES:DSD_STES_REVISIONS@DF_STES_REVISIONS(4.0),EA19,Q,ULC,PT_PCOS,_T,201706,2010-Q3,-0.14,A,0,1,
OECD.SDD.STES:DSD_STES_REVISIONS@DF_STES_REVISIONS(4.0),EA19,Q,ULC,PT_PCOS,_T,201805,2010-Q3,-0.16,A,0,1,
OECD.SDD.STES:DSD_STES_REVISIONS@DF_STES_REVISIONS(4.0),EA19,Q,ULC,PT_PCOS,_T,201506,2010-Q3,-0.15,A,0,1,
OECD.SDD.STES:DSD_STES_REVISIONS@DF_STES_REVISIONS(4.0),EA19,Q,ULC,PT_PCOS,_T,202005,2010-Q3,-0.09,A,0,1,
OECD.SDD.STES:DSD_STES_REVISIONS@DF_STES_REVISIONS(4.0),EA19,Q,ULC,PT_PCOS,_T,202007,2010-Q3,-0.11,A,0,1,
OECD.SDD.STES:DSD_STES_REVISIONS@DF_STES_REVISIONS(4.0),EA19,Q,ULC,PT_PCOS,_T,201811,2010-Q3,-0.16,A,0,1,
OECD.SDD.STES:DSD_STES_REVISIONS@DF_STES_REVISIONS(4.0),EA19,Q,ULC,PT_PCOS,_T,201906,2010-Q3,-0.2,A,0,1,
OECD.SDD.STES:DSD_STES_REVISIONS@DF_STES_REVISIONS(4.0),EA19,Q,ULC,PT_PCOS,_T,201910,2010-Q3,-0.19,A,0,1,
OECD.SDD.STES:DSD_STES_REVISIONS@DF_STES_REVISIONS(4.0),EA19,Q,ULC,PT_PCOS,_T,201504,2010-Q3,-0.15,A,0,1,
OECD.SDD.STES:DSD_STES_REVISIONS@DF_STES_REVISIONS(4.0),EA19,Q,ULC,PT_PCOS,_T,201803,2010-Q3,-0.16,A,0,1,
OECD.SDD.STES:DSD_STES_REVISIONS@DF_STES_REVISIONS(4.0),EA19,Q,ULC,PT_PCOS,_T,201701,2010-Q3,-0.14,A,0,1,
OECD.SDD.STES:DSD_STES_REVISIONS@DF_STES_REVISIONS(4.0),EA19,Q,ULC,PT_PCOS,_T,201712,2010-Q3,-0.16,A,0,1,
OECD.SDD.STES:DSD_STES_REVISIONS@DF_STES_REVISIONS(4.0),EA19,Q,ULC,PT_PCOS,_T,201508,2010-Q3,-0.16,A,0,1,
OECD.SDD.STES:DSD_STES_REVISIONS@DF_STES_REVISIONS(4.0),EA19,Q,ULC,PT_PCOS,_T,201810,2010-Q3,-0.16,A,0,1,
OECD.SDD.STES:DSD_STES_REVISIONS@DF_STES_REVISIONS(4.0),EA19,Q,ULC,PT_PCOS,_T,202203,2010-Q3,-0.1,A,0,1,
OECD.SDD.STES:DSD_STES_REVISIONS@DF_STES_REVISIONS(4.0),EA19,Q,ULC,PT_PCOS,_T,201903,2010-Q3,-0.2,A,0,1,
OECD.SDD.STES:DSD_STES_REVISIONS@DF_STES_REVISIONS(4.0),EA19,Q,ULC,PT_PCOS,_T,201808,2010-Q3,-0.15,A,0,1,
OECD.SDD.STES:DSD_STES_REVISIONS@DF_STES_REVISIONS(4.0),EA19,Q,ULC,PT_PCOS,_T,202009,2010-Q3,-0.1,A,0,1,
OECD.SDD.STES:DSD_STES_REVISIONS@DF_STES_REVISIONS(4.0),EA19,Q,ULC,PT_PCOS,_T,202001,2010-Q3,-0.12,A,0,1,
OECD.SDD.STES:DSD_STES_REVISIONS@DF_STES_REVISIONS(4.0),EA19,Q,ULC,PT_PCOS,_T,201608,2010-Q3,-0.17,A,0,1,
OECD.SDD.STES:DSD_STES_REVISIONS@DF_STES_REVISIONS(4.0),EA19,Q,ULC,PT_PCOS,_T,202008,2010-Q3,-0.1,A,0,1,
OECD.SDD.STES:DSD_STES_REVISIONS@DF_STES_REVISIONS(4.0),EA19,Q,ULC,PT_PCOS,_T,201601,2010-Q3,-0.21,A,0,1,
OECD.SDD.STES:DSD_STES_REVISIONS@DF_STES_REVISIONS(4.0),EA19,Q,ULC,PT_PCOS,_T,202107,2010-Q3,-0.1,A,0,1,
OECD.SDD.STES:DSD_STES_REVISIONS@DF_STES_REVISIONS(4.0),EA19,Q,ULC,PT_PCOS,_T,201804,2010-Q3,-0.16,A,0,1,
OECD.SDD.STES:DSD_STES_REVISIONS@DF_STES_REVISIONS(4.0),EA19,Q,ULC,PT_PCOS,_T,201705,2010-Q3,-0.14,A,0,1,
OECD.SDD.STES:DSD_STES_REVISIONS@DF_STES_REVISIONS(4.0),EA19,Q,ULC,PT_PCOS,_T,201905,2010-Q4,0.03,A,0,1,
OECD.SDD.STES:DSD_STES_REVISIONS@DF_STES_REVISIONS(4.0),EA19,Q,ULC,PT_PCOS,_T,201606,2010-Q4,0.11,A,0,1,
OECD.SDD.STES:DSD_STES_REVISIONS@DF_STES_REVISIONS(4.0),EA19,Q,ULC,PT_PCOS,_T,201511,2010-Q4,0.16,A,0,1,
OECD.SDD.STES:DSD_STES_REVISIONS@DF_STES_REVISIONS(4.0),EA19,Q,ULC,PT_PCOS,_T,202212,2010-Q4,0,A,0,1,
OECD.SDD.STES:DSD_STES_REVISIONS@DF_STES_REVISIONS(4.0),EA19,Q,ULC,PT_PCOS,_T,202003,2010-Q4,0,A,0,1,
OECD.SDD.STES:DSD_STES_REVISIONS@DF_STES_REVISIONS(4.0),EA19,Q,ULC,PT_PCOS,_T,201603,2010-Q4,0.12,A,0,1,
OECD.SDD.STES:DSD_STES_REVISIONS@DF_STES_REVISIONS(4.0),EA19,Q,ULC,PT_PCOS,_T,201807,2010-Q4,0.01,A,0,1,
OECD.SDD.STES:DSD_STES_REVISIONS@DF_STES_REVISIONS(4.0),EA19,Q,ULC,PT_PCOS,_T,201908,2010-Q4,0.04,A,0,1,
OECD.SDD.STES:DSD_STES_REVISIONS@DF_STES_REVISIONS(4.0),EA19,Q,ULC,PT_PCOS,_T,202204,2010-Q4,-0.02,A,0,1,
OECD.SDD.STES:DSD_STES_REVISIONS@DF_STES_REVISIONS(4.0),EA19,Q,ULC,PT_PCOS,_T,202211,2010-Q4,0,A,0,1,
OECD.SDD.STES:DSD_STES_REVISIONS@DF_STES_REVISIONS(4.0),EA19,Q,ULC,PT_PCOS,_T,201512,2010-Q4,0.16,A,0,1,
OECD.SDD.STES:DSD_STES_REVISIONS@DF_STES_REVISIONS(4.0),EA19,Q,ULC,PT_PCOS,_T,202109,2010-Q4,-0.03,A,0,1,
OECD.SDD.STES:DSD_STES_REVISIONS@DF_STES_REVISIONS(4.0),EA19,Q,ULC,PT_PCOS,_T,201912,2010-Q4,0,A,0,1,
OECD.SDD.STES:DSD_STES_REVISIONS@DF_STES_REVISIONS(4.0),EA19,Q,ULC,PT_PCOS,_T,201812,2010-Q4,0.03,A,0,1,
OECD.SDD.STES:DSD_STES_REVISIONS@DF_STES_REVISIONS(4.0),EA19,Q,ULC,PT_PCOS,_T,202201,2010-Q4,-0.02,A,0,1,
OECD.SDD.STES:DSD_STES_REVISIONS@DF_STES_REVISIONS(4.0),EA19,Q,ULC,PT_PCOS,_T,202105,2010-Q4,-0.01,A,0,1,
OECD.SDD.STES:DSD_STES_REVISIONS@DF_STES_REVISIONS(4.0),EA19,Q,ULC,PT_PCOS,_T,202010,2010-Q4,0,A,0,1,
OECD.SDD.STES:DSD_STES_REVISIONS@DF_STES_REVISIONS(4.0),EA19,Q,ULC,PT_PCOS,_T,202102,2010-Q4,0,A,0,1,
OECD.SDD.STES:DSD_STES_REVISIONS@DF_STES_REVISIONS(4.0),EA19,Q,ULC,PT_PCOS,_T,202202,2010-Q4,-0.02,A,0,1,
OECD.SDD.STES:DSD_STES_REVISIONS@DF_STES_REVISIONS(4.0),EA19,Q,ULC,PT_PCOS,_T,202106,2010-Q4,-0.01,A,0,1,
OECD.SDD.STES:DSD_STES_REVISIONS@DF_STES_REVISIONS(4.0),EA19,Q,ULC,PT_PCOS,_T,202004,2010-Q4,0,A,0,1,
OECD.SDD.STES:DSD_STES_REVISIONS@DF_STES_REVISIONS(4.0),EA19,Q,ULC,PT_PCOS,_T,201909,2010-Q4,0.04,A,0,1,
OECD.SDD.STES:DSD_STES_REVISIONS@DF_STES_REVISIONS(4.0),EA19,Q,ULC,PT_PCOS,_T,202006,2010-Q4,-0.01,A,0,1,
OECD.SDD.STES:DSD_STES_REVISIONS@DF_STES_REVISIONS(4.0),EA19,Q,ULC,PT_PCOS,_T,202210,2010-Q4,-0.01,A,0,1,
OECD.SDD.STES:DSD_STES_REVISIONS@DF_STES_REVISIONS(4.0),EA19,Q,ULC,PT_PCOS,_T,201609,2010-Q4,0.1,A,0,1,
OECD.SDD.STES:DSD_STES_REVISIONS@DF_STES_REVISIONS(4.0),EA19,Q,ULC,PT_PCOS,_T,201602,2010-Q4,0.12,A,0,1,
OECD.SDD.STES:DSD_STES_REVISIONS@DF_STES_REVISIONS(4.0),EA19,Q,ULC,PT_PCOS,_T,201907,2010-Q4,0.04,A,0,1,
OECD.SDD.STES:DSD_STES_REVISIONS@DF_STES_REVISIONS(4.0),EA19,Q,ULC,PT_PCOS,_T,201510,2010-Q4,0.16,A,0,1,
OECD.SDD.STES:DSD_STES_REVISIONS@DF_STES_REVISIONS(4.0),EA19,Q,ULC,PT_PCOS,_T,201605,2010-Q4,0.11,A,0,1,
OECD.SDD.STES:DSD_STES_REVISIONS@DF_STES_REVISIONS(4.0),EA19,Q,ULC,PT_PCOS,_T,202101,2010-Q4,-0.03,A,0,1,
OECD.SDD.STES:DSD_STES_REVISIONS@DF_STES_REVISIONS(4.0),EA19,Q,ULC,PT_PCOS,_T,201809,2010-Q4,0.04,A,0,1,
OECD.SDD.STES:DSD_STES_REVISIONS@DF_STES_REVISIONS(4.0),EA19,Q,ULC,PT_PCOS,_T,202206,2010-Q4,-0.02,A,0,1,
OECD.SDD.STES:DSD_STES_REVISIONS@DF_STES_REVISIONS(4.0),EA19,Q,ULC,PT_PCOS,_T,202103,2010-Q4,0,A,0,1,
OECD.SDD.STES:DSD_STES_REVISIONS@DF_STES_REVISIONS(4.0),EA19,Q,ULC,PT_PCOS,_T,202209,2010-Q4,-0.01,A,0,1,
OECD.SDD.STES:DSD_STES_REVISIONS@DF_STES_REVISIONS(4.0),EA19,Q,ULC,PT_PCOS,_T,202011,2010-Q4,0.01,A,0,1,
OECD.SDD.STES:DSD_STES_REVISIONS@DF_STES_REVISIONS(4.0),EA19,Q,ULC,PT_PCOS,_T,202110,2010-Q4,-0.02,A,0,1,
OECD.SDD.STES:DSD_STES_REVISIONS@DF_STES_REVISIONS(4.0),EA19,Q,ULC,PT_PCOS,_T,202108,2010-Q4,-0.03,A,0,1,
OECD.SDD.STES:DSD_STES_REVISIONS@DF_STES_REVISIONS(4.0),EA19,Q,ULC,PT_PCOS,_T,202301,2010-Q4,-0.01,A,0,1,
OECD.SDD.STES:DSD_STES_REVISIONS@DF_STES_REVISIONS(4.0),EA19,Q,ULC,PT_PCOS,_T,202207,2010-Q4,-0.03,A,0,1,
OECD.SDD.STES:DSD_STES_REVISIONS@DF_STES_REVISIONS(4.0),EA19,Q,ULC,PT_PCOS,_T,201911,2010-Q4,0,A,0,1,
OECD.SDD.STES:DSD_STES_REVISIONS@DF_STES_REVISIONS(4.0),EA19,Q,ULC,PT_PCOS,_T,202302,2010-Q4,-0.01,A,0,1,
OECD.SDD.STES:DSD_STES_REVISIONS@DF_STES_REVISIONS(4.0),EA19,Q,ULC,PT_PCOS,_T,201607,2010-Q4,0.1,A,0,1,
OECD.SDD.STES:DSD_STES_REVISIONS@DF_STES_REVISIONS(4.0),EA19,Q,ULC,PT_PCOS,_T,202205,2010-Q4,-0.02,A,0,1,
OECD.SDD.STES:DSD_STES_REVISIONS@DF_STES_REVISIONS(4.0),EA19,Q,ULC,PT_PCOS,_T,202104,2010-Q4,-0.01,A,0,1,
OECD.SDD.STES:DSD_STES_REVISIONS@DF_STES_REVISIONS(4.0),EA19,Q,ULC,PT_PCOS,_T,201802,2010-Q4,0.02,A,0,1,
OECD.SDD.STES:DSD_STES_REVISIONS@DF_STES_REVISIONS(4.0),EA19,Q,ULC,PT_PCOS,_T,202002,2010-Q4,0,A,0,1,
OECD.SDD.STES:DSD_STES_REVISIONS@DF_STES_REVISIONS(4.0),EA19,Q,ULC,PT_PCOS,_T,201711,2010-Q4,0.02,A,0,1,
OECD.SDD.STES:DSD_STES_REVISIONS@DF_STES_REVISIONS(4.0),EA19,Q,ULC,PT_PCOS,_T,201604,2010-Q4,0.11,A,0,1,
OECD.SDD.STES:DSD_STES_REVISIONS@DF_STES_REVISIONS(4.0),EA19,Q,ULC,PT_PCOS,_T,202303,2010-Q4,-0.01,A,0,1,
OECD.SDD.STES:DSD_STES_REVISIONS@DF_STES_REVISIONS(4.0),EA19,Q,ULC,PT_PCOS,_T,201806,2010-Q4,0.01,A,0,1,
OECD.SDD.STES:DSD_STES_REVISIONS@DF_STES_REVISIONS(4.0),EA19,Q,ULC,PT_PCOS,_T,201801,2010-Q4,0.02,A,0,1,
OECD.SDD.STES:DSD_STES_REVISIONS@DF_STES_REVISIONS(4.0),EA19,Q,ULC,PT_PCOS,_T,202111,2010-Q4,-0.02,A,0,1,
OECD.SDD.STES:DSD_STES_REVISIONS@DF_STES_REVISIONS(4.0),EA19,Q,ULC,PT_PCOS,_T,201805,2010-Q4,0.02,A,0,1,
OECD.SDD.STES:DSD_STES_REVISIONS@DF_STES_REVISIONS(4.0),EA19,Q,ULC,PT_PCOS,_T,202005,2010-Q4,-0.02,A,0,1,
OECD.SDD.STES:DSD_STES_REVISIONS@DF_STES_REVISIONS(4.0),EA19,Q,ULC,PT_PCOS,_T,202112,2010-Q4,-0.02,A,0,1,
OECD.SDD.STES:DSD_STES_REVISIONS@DF_STES_REVISIONS(4.0),EA19,Q,ULC,PT_PCOS,_T,202007,2010-Q4,-0.01,A,0,1,
OECD.SDD.STES:DSD_STES_REVISIONS@DF_STES_REVISIONS(4.0),EA19,Q,ULC,PT_PCOS,_T,201811,2010-Q4,0.03,A,0,1,
OECD.SDD.STES:DSD_STES_REVISIONS@DF_STES_REVISIONS(4.0),EA19,Q,ULC,PT_PCOS,_T,201906,2010-Q4,0.03,A,0,1,
OECD.SDD.STES:DSD_STES_REVISIONS@DF_STES_REVISIONS(4.0),EA19,Q,ULC,PT_PCOS,_T,201803,2010-Q4,0.02,A,0,1,
OECD.SDD.STES:DSD_STES_REVISIONS@DF_STES_REVISIONS(4.0),EA19,Q,ULC,PT_PCOS,_T,201712,2010-Q4,0.03,A,0,1,
OECD.SDD.STES:DSD_STES_REVISIONS@DF_STES_REVISIONS(4.0),EA19,Q,ULC,PT_PCOS,_T,202203,2010-Q4,-0.02,A,0,1,
OECD.SDD.STES:DSD_STES_REVISIONS@DF_STES_REVISIONS(4.0),EA19,Q,ULC,PT_PCOS,_T,201808,2010-Q4,0.04,A,0,1,
OECD.SDD.STES:DSD_STES_REVISIONS@DF_STES_REVISIONS(4.0),EA19,Q,ULC,PT_PCOS,_T,202009,2010-Q4,-0.01,A,0,1,
OECD.SDD.STES:DSD_STES_REVISIONS@DF_STES_REVISIONS(4.0),EA19,Q,ULC,PT_PCOS,_T,202001,2010-Q4,0,A,0,1,
OECD.SDD.STES:DSD_STES_REVISIONS@DF_STES_REVISIONS(4.0),EA19,Q,ULC,PT_PCOS,_T,201608,2010-Q4,0.1,A,0,1,
OECD.SDD.STES:DSD_STES_REVISIONS@DF_STES_REVISIONS(4.0),EA19,Q,ULC,PT_PCOS,_T,202008,2010-Q4,-0.01,A,0,1,
OECD.SDD.STES:DSD_STES_REVISIONS@DF_STES_REVISIONS(4.0),EA19,Q,ULC,PT_PCOS,_T,201601,2010-Q4,0.12,A,0,1,
OECD.SDD.STES:DSD_STES_REVISIONS@DF_STES_REVISIONS(4.0),EA19,Q,ULC,PT_PCOS,_T,202208,2010-Q4,0,A,0,1,
OECD.SDD.STES:DSD_STES_REVISIONS@DF_STES_REVISIONS(4.0),EA19,Q,ULC,PT_PCOS,_T,202012,2010-Q4,0.01,A,0,1,
OECD.SDD.STES:DSD_STES_REVISIONS@DF_STES_REVISIONS(4.0),EA19,Q,ULC,PT_PCOS,_T,202107,2010-Q4,-0.02,A,0,1,
OECD.SDD.STES:DSD_STES_REVISIONS@DF_STES_REVISIONS(4.0),EA19,Q,ULC,PT_PCOS,_T,201804,2010-Q4,0.02,A,0,1,
OECD.SDD.STES:DSD_STES_REVISIONS@DF_STES_REVISIONS(4.0),EA19,Q,ULC,PT_PCOS,_T,201905,2011-Q1,-0.03,A,0,1,
OECD.SDD.STES:DSD_STES_REVISIONS@DF_STES_REVISIONS(4.0),EA19,Q,ULC,PT_PCOS,_T,201703,2011-Q1,-0.02,A,0,1,
OECD.SDD.STES:DSD_STES_REVISIONS@DF_STES_REVISIONS(4.0),EA19,Q,ULC,PT_PCOS,_T,201511,2011-Q1,-0.11,A,0,1,
OECD.SDD.STES:DSD_STES_REVISIONS@DF_STES_REVISIONS(4.0),EA19,Q,ULC,PT_PCOS,_T,202212,2011-Q1,-0.12,A,0,1,
OECD.SDD.STES:DSD_STES_REVISIONS@DF_STES_REVISIONS(4.0),EA19,Q,ULC,PT_PCOS,_T,201902,2011-Q1,-0.04,A,0,1,
OECD.SDD.STES:DSD_STES_REVISIONS@DF_STES_REVISIONS(4.0),EA19,Q,ULC,PT_PCOS,_T,202003,2011-Q1,-0.06,A,0,1,
OECD.SDD.STES:DSD_STES_REVISIONS@DF_STES_REVISIONS(4.0),EA19,Q,ULC,PT_PCOS,_T,201807,2011-Q1,-0.05,A,0,1,
OECD.SDD.STES:DSD_STES_REVISIONS@DF_STES_REVISIONS(4.0),EA19,Q,ULC,PT_PCOS,_T,201908,2011-Q1,0.01,A,0,1,
OECD.SDD.STES:DSD_STES_REVISIONS@DF_STES_REVISIONS(4.0),EA19,Q,ULC,PT_PCOS,_T,201503,2011-Q1,-0.2,A,0,1,
OECD.SDD.STES:DSD_STES_REVISIONS@DF_STES_REVISIONS(4.0),EA19,Q,ULC,PT_PCOS,_T,202204,2011-Q1,-0.06,A,0,1,
OECD.SDD.STES:DSD_STES_REVISIONS@DF_STES_REVISIONS(4.0),EA19,Q,ULC,PT_PCOS,_T,202211,2011-Q1,-0.12,A,0,1,
OECD.SDD.STES:DSD_STES_REVISIONS@DF_STES_REVISIONS(4.0),EA19,Q,ULC,PT_PCOS,_T,201512,2011-Q1,-0.11,A,0,1,
OECD.SDD.STES:DSD_STES_REVISIONS@DF_STES_REVISIONS(4.0),EA19,Q,ULC,PT_PCOS,_T,202109,2011-Q1,-0.03,A,0,1,
OECD.SDD.STES:DSD_STES_REVISIONS@DF_STES_REVISIONS(4.0),EA19,Q,ULC,PT_PCOS,_T,201812,2011-Q1,-0.06,A,0,1,
OECD.SDD.STES:DSD_STES_REVISIONS@DF_STES_REVISIONS(4.0),EA19,Q,ULC,PT_PCOS,_T,202201,2011-Q1,-0.06,A,0,1,
OECD.SDD.STES:DSD_STES_REVISIONS@DF_STES_REVISIONS(4.0),EA19,Q,ULC,PT_PCOS,_T,201708,2011-Q1,-0.07,A,0,1,
OECD.SDD.STES:DSD_STES_REVISIONS@DF_STES_REVISIONS(4.0),EA19,Q,ULC,PT_PCOS,_T,202105,2011-Q1,-0.04,A,0,1,
OECD.SDD.STES:DSD_STES_REVISIONS@DF_STES_REVISIONS(4.0),EA19,Q,ULC,PT_PCOS,_T,202010,2011-Q1,-0.1,A,0,1,
OECD.SDD.STES:DSD_STES_REVISIONS@DF_STES_REVISIONS(4.0),EA19,Q,ULC,PT_PCOS,_T,202102,2011-Q1,-0.07,A,0,1,
OECD.SDD.STES:DSD_STES_REVISIONS@DF_STES_REVISIONS(4.0),EA19,Q,ULC,PT_PCOS,_T,201507,2011-Q1,-0.19,A,0,1,
OECD.SDD.STES:DSD_STES_REVISIONS@DF_STES_REVISIONS(4.0),EA19,Q,ULC,PT_PCOS,_T,202202,2011-Q1,-0.06,A,0,1,
OECD.SDD.STES:DSD_STES_REVISIONS@DF_STES_REVISIONS(4.0),EA19,Q,ULC,PT_PCOS,_T,202106,2011-Q1,-0.04,A,0,1,
OECD.SDD.STES:DSD_STES_REVISIONS@DF_STES_REVISIONS(4.0),EA19,Q,ULC,PT_PCOS,_T,201610,2011-Q1,-0.06,A,0,1,
OECD.SDD.STES:DSD_STES_REVISIONS@DF_STES_REVISIONS(4.0),EA19,Q,ULC,PT_PCOS,_T,201909,2011-Q1,0.01,A,0,1,
OECD.SDD.STES:DSD_STES_REVISIONS@DF_STES_REVISIONS(4.0),EA19,Q,ULC,PT_PCOS,_T,202006,2011-Q1,-0.07,A,0,1,
OECD.SDD.STES:DSD_STES_REVISIONS@DF_STES_REVISIONS(4.0),EA19,Q,ULC,PT_PCOS,_T,201710,2011-Q1,-0.05,A,0,1,
OECD.SDD.STES:DSD_STES_REVISIONS@DF_STES_REVISIONS(4.0),EA19,Q,ULC,PT_PCOS,_T,202210,2011-Q1,-0.14,A,0,1,
OECD.SDD.STES:DSD_STES_REVISIONS@DF_STES_REVISIONS(4.0),EA19,Q,ULC,PT_PCOS,_T,201609,2011-Q1,-0.07,A,0,1,
OECD.SDD.STES:DSD_STES_REVISIONS@DF_STES_REVISIONS(4.0),EA19,Q,ULC,PT_PCOS,_T,201907,2011-Q1,-0.04,A,0,1,
OECD.SDD.STES:DSD_STES_REVISIONS@DF_STES_REVISIONS(4.0),EA19,Q,ULC,PT_PCOS,_T,201510,2011-Q1,-0.11,A,0,1,
OECD.SDD.STES:DSD_STES_REVISIONS@DF_STES_REVISIONS(4.0),EA19,Q,ULC,PT_PCOS,_T,201612,2011-Q1,-0.05,A,0,1,
OECD.SDD.STES:DSD_STES_REVISIONS@DF_STES_REVISIONS(4.0),EA19,Q,ULC,PT_PCOS,_T,201509,2011-Q1,-0.19,A,0,1,
OECD.SDD.STES:DSD_STES_REVISIONS@DF_STES_REVISIONS(4.0),EA19,Q,ULC,PT_PCOS,_T,202101,2011-Q1,-0.07,A,0,1,
OECD.SDD.STES:DSD_STES_REVISIONS@DF_STES_REVISIONS(4.0),EA19,Q,ULC,PT_PCOS,_T,202206,2011-Q1,-0.06,A,0,1,
OECD.SDD.STES:DSD_STES_REVISIONS@DF_STES_REVISIONS(4.0),EA19,Q,ULC,PT_PCOS,_T,201904,2011-Q1,-0.04,A,0,1,
OECD.SDD.STES:DSD_STES_REVISIONS@DF_STES_REVISIONS(4.0),EA19,Q,ULC,PT_PCOS,_T,201901,2011-Q1,-0.04,A,0,1,
OECD.SDD.STES:DSD_STES_REVISIONS@DF_STES_REVISIONS(4.0),EA19,Q,ULC,PT_PCOS,_T,202103,2011-Q1,-0.07,A,0,1,
OECD.SDD.STES:DSD_STES_REVISIONS@DF_STES_REVISIONS(4.0),EA19,Q,ULC,PT_PCOS,_T,202209,2011-Q1,-0.07,A,0,1,
OECD.SDD.STES:DSD_STES_REVISIONS@DF_STES_REVISIONS(4.0),EA19,Q,ULC,PT_PCOS,_T,202110,2011-Q1,-0.04,A,0,1,
OECD.SDD.STES:DSD_STES_REVISIONS@DF_STES_REVISIONS(4.0),EA19,Q,ULC,PT_PCOS,_T,202011,2011-Q1,-0.07,A,0,1,
OECD.SDD.STES:DSD_STES_REVISIONS@DF_STES_REVISIONS(4.0),EA19,Q,ULC,PT_PCOS,_T,202108,2011-Q1,-0.03,A,0,1,
OECD.SDD.STES:DSD_STES_REVISIONS@DF_STES_REVISIONS(4.0),EA19,Q,ULC,PT_PCOS,_T,202301,2011-Q1,-0.12,A,0,1,
OECD.SDD.STES:DSD_STES_REVISIONS@DF_STES_REVISIONS(4.0),EA19,Q,ULC,PT_PCOS,_T,202207,2011-Q1,-0.04,A,0,1,
OECD.SDD.STES:DSD_STES_REVISIONS@DF_STES_REVISIONS(4.0),EA19,Q,ULC,PT_PCOS,_T,201505,2011-Q1,-0.2,A,0,1,
OECD.SDD.STES:DSD_STES_REVISIONS@DF_STES_REVISIONS(4.0),EA19,Q,ULC,PT_PCOS,_T,202302,2011-Q1,-0.12,A,0,1,
OECD.SDD.STES:DSD_STES_REVISIONS@DF_STES_REVISIONS(4.0),EA19,Q,ULC,PT_PCOS,_T,201607,2011-Q1,-0.07,A,0,1,
OECD.SDD.STES:DSD_STES_REVISIONS@DF_STES_REVISIONS(4.0),EA19,Q,ULC,PT_PCOS,_T,201709,2011-Q1,-0.07,A,0,1,
OECD.SDD.STES:DSD_STES_REVISIONS@DF_STES_REVISIONS(4.0),EA19,Q,ULC,PT_PCOS,_T,201611,2011-Q1,-0.05,A,0,1,
OECD.SDD.STES:DSD_STES_REVISIONS@DF_STES_REVISIONS(4.0),EA19,Q,ULC,PT_PCOS,_T,202205,2011-Q1,-0.06,A,0,1,
OECD.SDD.STES:DSD_STES_REVISIONS@DF_STES_REVISIONS(4.0),EA19,Q,ULC,PT_PCOS,_T,202104,2011-Q1,-0.04,A,0,1,
OECD.SDD.STES:DSD_STES_REVISIONS@DF_STES_REVISIONS(4.0),EA19,Q,ULC,PT_PCOS,_T,201502,2011-Q1,-0.2,A,0,1,
OECD.SDD.STES:DSD_STES_REVISIONS@DF_STES_REVISIONS(4.0),EA19,Q,ULC,PT_PCOS,_T,202002,2011-Q1,-0.06,A,0,1,
OECD.SDD.STES:DSD_STES_REVISIONS@DF_STES_REVISIONS(4.0),EA19,Q,ULC,PT_PCOS,_T,201802,2011-Q1,-0.04,A,0,1,
OECD.SDD.STES:DSD_STES_REVISIONS@DF_STES_REVISIONS(4.0),EA19,Q,ULC,PT_PCOS,_T,201711,2011-Q1,-0.04,A,0,1,
OECD.SDD.STES:DSD_STES_REVISIONS@DF_STES_REVISIONS(4.0),EA19,Q,ULC,PT_PCOS,_T,201702,2011-Q1,-0.02,A,0,1,
OECD.SDD.STES:DSD_STES_REVISIONS@DF_STES_REVISIONS(4.0),EA19,Q,ULC,PT_PCOS,_T,202303,2011-Q1,-0.12,A,0,1,
OECD.SDD.STES:DSD_STES_REVISIONS@DF_STES_REVISIONS(4.0),EA19,Q,ULC,PT_PCOS,_T,201707,2011-Q1,-0.02,A,0,1,
OECD.SDD.STES:DSD_STES_REVISIONS@DF_STES_REVISIONS(4.0),EA19,Q,ULC,PT_PCOS,_T,201806,2011-Q1,-0.04,A,0,1,
OECD.SDD.STES:DSD_STES_REVISIONS@DF_STES_REVISIONS(4.0),EA19,Q,ULC,PT_PCOS,_T,201801,2011-Q1,-0.04,A,0,1,
OECD.SDD.STES:DSD_STES_REVISIONS@DF_STES_REVISIONS(4.0),EA19,Q,ULC,PT_PCOS,_T,202111,2011-Q1,-0.05,A,0,1,
OECD.SDD.STES:DSD_STES_REVISIONS@DF_STES_REVISIONS(4.0),EA19,Q,ULC,PT_PCOS,_T,201704,2011-Q1,-0.03,A,0,1,
OECD.SDD.STES:DSD_STES_REVISIONS@DF_STES_REVISIONS(4.0),EA19,Q,ULC,PT_PCOS,_T,201706,2011-Q1,-0.03,A,0,1,
OECD.SDD.STES:DSD_STES_REVISIONS@DF_STES_REVISIONS(4.0),EA19,Q,ULC,PT_PCOS,_T,201805,2011-Q1,-0.04,A,0,1,
OECD.SDD.STES:DSD_STES_REVISIONS@DF_STES_REVISIONS(4.0),EA19,Q,ULC,PT_PCOS,_T,201506,2011-Q1,-0.2,A,0,1,
OECD.SDD.STES:DSD_STES_REVISIONS@DF_STES_REVISIONS(4.0),EA19,Q,ULC,PT_PCOS,_T,202005,2011-Q1,-0.07,A,0,1,
OECD.SDD.STES:DSD_STES_REVISIONS@DF_STES_REVISIONS(4.0),EA19,Q,ULC,PT_PCOS,_T,202007,2011-Q1,-0.06,A,0,1,
OECD.SDD.STES:DSD_STES_REVISIONS@DF_STES_REVISIONS(4.0),EA19,Q,ULC,PT_PCOS,_T,202112,2011-Q1,-0.05,A,0,1,
OECD.SDD.STES:DSD_STES_REVISIONS@DF_STES_REVISIONS(4.0),EA19,Q,ULC,PT_PCOS,_T,201811,2011-Q1,-0.06,A,0,1,
OECD.SDD.STES:DSD_STES_REVISIONS@DF_STES_REVISIONS(4.0),EA19,Q,ULC,PT_PCOS,_T,201906,2011-Q1,-0.03,A,0,1,
OECD.SDD.STES:DSD_STES_REVISIONS@DF_STES_REVISIONS(4.0),EA19,Q,ULC,PT_PCOS,_T,201910,2011-Q1,-0.1,A,0,1,
OECD.SDD.STES:DSD_STES_REVISIONS@DF_STES_REVISIONS(4.0),EA19,Q,ULC,PT_PCOS,_T,201504,2011-Q1,-0.2,A,0,1,
OECD.SDD.STES:DSD_STES_REVISIONS@DF_STES_REVISIONS(4.0),EA19,Q,ULC,PT_PCOS,_T,201803,2011-Q1,-0.04,A,0,1,
OECD.SDD.STES:DSD_STES_REVISIONS@DF_STES_REVISIONS(4.0),EA19,Q,ULC,PT_PCOS,_T,201701,2011-Q1,-0.02,A,0,1,
OECD.SDD.STES:DSD_STES_REVISIONS@DF_STES_REVISIONS(4.0),EA19,Q,ULC,PT_PCOS,_T,201712,2011-Q1,-0.05,A,0,1,
OECD.SDD.STES:DSD_STES_REVISIONS@DF_STES_REVISIONS(4.0),EA19,Q,ULC,PT_PCOS,_T,201508,2011-Q1,-0.19,A,0,1,
OECD.SDD.STES:DSD_STES_REVISIONS@DF_STES_REVISIONS(4.0),EA19,Q,ULC,PT_PCOS,_T,201810,2011-Q1,-0.09,A,0,1,
OECD.SDD.STES:DSD_STES_REVISIONS@DF_STES_REVISIONS(4.0),EA19,Q,ULC,PT_PCOS,_T,202203,2011-Q1,-0.06,A,0,1,
OECD.SDD.STES:DSD_STES_REVISIONS@DF_STES_REVISIONS(4.0),EA19,Q,ULC,PT_PCOS,_T,201903,2011-Q1,-0.04,A,0,1,
OECD.SDD.STES:DSD_STES_REVISIONS@DF_STES_REVISIONS(4.0),EA19,Q,ULC,PT_PCOS,_T,202009,2011-Q1,-0.09,A,0,1,
OECD.SDD.STES:DSD_STES_REVISIONS@DF_STES_REVISIONS(4.0),EA19,Q,ULC,PT_PCOS,_T,202001,2011-Q1,-0.06,A,0,1,
OECD.SDD.STES:DSD_STES_REVISIONS@DF_STES_REVISIONS(4.0),EA19,Q,ULC,PT_PCOS,_T,201608,2011-Q1,-0.07,A,0,1,
OECD.SDD.STES:DSD_STES_REVISIONS@DF_STES_REVISIONS(4.0),EA19,Q,ULC,PT_PCOS,_T,202008,2011-Q1,-0.09,A,0,1,
OECD.SDD.STES:DSD_STES_REVISIONS@DF_STES_REVISIONS(4.0),EA19,Q,ULC,PT_PCOS,_T,202012,2011-Q1,-0.07,A,0,1,
OECD.SDD.STES:DSD_STES_REVISIONS@DF_STES_REVISIONS(4.0),EA19,Q,ULC,PT_PCOS,_T,202107,2011-Q1,-0.05,A,0,1,
OECD.SDD.STES:DSD_STES_REVISIONS@DF_STES_REVISIONS(4.0),EA19,Q,ULC,PT_PCOS,_T,201804,2011-Q1,-0.04,A,0,1,
OECD.SDD.STES:DSD_STES_REVISIONS@DF_STES_REVISIONS(4.0),EA19,Q,ULC,PT_PCOS,_T,201705,2011-Q1,-0.03,A,0,1,
OECD.SDD.STES:DSD_STES_REVISIONS@DF_STES_REVISIONS(4.0),EA19,Q,ULC,PT_PCOS,_T,201905,2011-Q2,0.65,A,0,1,
OECD.SDD.STES:DSD_STES_REVISIONS@DF_STES_REVISIONS(4.0),EA19,Q,ULC,PT_PCOS,_T,201902,2011-Q2,0.66,A,0,1,
OECD.SDD.STES:DSD_STES_REVISIONS@DF_STES_REVISIONS(4.0),EA19,Q,ULC,PT_PCOS,_T,202003,2011-Q2,0.53,A,0,1,
OECD.SDD.STES:DSD_STES_REVISIONS@DF_STES_REVISIONS(4.0),EA19,Q,ULC,PT_PCOS,_T,201908,2011-Q2,0.66,A,0,1,
OECD.SDD.STES:DSD_STES_REVISIONS@DF_STES_REVISIONS(4.0),EA19,Q,ULC,PT_PCOS,_T,202109,2011-Q2,0.59,A,0,1,
OECD.SDD.STES:DSD_STES_REVISIONS@DF_STES_REVISIONS(4.0),EA19,Q,ULC,PT_PCOS,_T,201912,2011-Q2,0.54,A,0,1,
OECD.SDD.STES:DSD_STES_REVISIONS@DF_STES_REVISIONS(4.0),EA19,Q,ULC,PT_PCOS,_T,201812,2011-Q2,0.66,A,0,1,
OECD.SDD.STES:DSD_STES_REVISIONS@DF_STES_REVISIONS(4.0),EA19,Q,ULC,PT_PCOS,_T,201708,2011-Q2,0.73,A,0,1,
OECD.SDD.STES:DSD_STES_REVISIONS@DF_STES_REVISIONS(4.0),EA19,Q,ULC,PT_PCOS,_T,202105,2011-Q2,0.57,A,0,1,
OECD.SDD.STES:DSD_STES_REVISIONS@DF_STES_REVISIONS(4.0),EA19,Q,ULC,PT_PCOS,_T,202010,2011-Q2,0.53,A,0,1,
OECD.SDD.STES:DSD_STES_REVISIONS@DF_STES_REVISIONS(4.0),EA19,Q,ULC,PT_PCOS,_T,202106,2011-Q2,0.57,A,0,1,
OECD.SDD.STES:DSD_STES_REVISIONS@DF_STES_REVISIONS(4.0),EA19,Q,ULC,PT_PCOS,_T,202004,2011-Q2,0.55,A,0,1,
OECD.SDD.STES:DSD_STES_REVISIONS@DF_STES_REVISIONS(4.0),EA19,Q,ULC,PT_PCOS,_T,201610,2011-Q2,0.73,A,0,1,
OECD.SDD.STES:DSD_STES_REVISIONS@DF_STES_REVISIONS(4.0),EA19,Q,ULC,PT_PCOS,_T,201909,2011-Q2,0.66,A,0,1,
OECD.SDD.STES:DSD_STES_REVISIONS@DF_STES_REVISIONS(4.0),EA19,Q,ULC,PT_PCOS,_T,202006,2011-Q2,0.54,A,0,1,
OECD.SDD.STES:DSD_STES_REVISIONS@DF_STES_REVISIONS(4.0),EA19,Q,ULC,PT_PCOS,_T,201710,2011-Q2,0.73,A,0,1,
OECD.SDD.STES:DSD_STES_REVISIONS@DF_STES_REVISIONS(4.0),EA19,Q,ULC,PT_PCOS,_T,202210,2011-Q2,0.61,A,0,1,
OECD.SDD.STES:DSD_STES_REVISIONS@DF_STES_REVISIONS(4.0),EA19,Q,ULC,PT_PCOS,_T,201609,2011-Q2,0.67,A,0,1,
OECD.SDD.STES:DSD_STES_REVISIONS@DF_STES_REVISIONS(4.0),EA19,Q,ULC,PT_PCOS,_T,201907,2011-Q2,0.66,A,0,1,
OECD.SDD.STES:DSD_STES_REVISIONS@DF_STES_REVISIONS(4.0),EA19,Q,ULC,PT_PCOS,_T,202101,2011-Q2,0.57,A,0,1,
OECD.SDD.STES:DSD_STES_REVISIONS@DF_STES_REVISIONS(4.0),EA19,Q,ULC,PT_PCOS,_T,201809,2011-Q2,0.67,A,0,1,
OECD.SDD.STES:DSD_STES_REVISIONS@DF_STES_REVISIONS(4.0),EA19,Q,ULC,PT_PCOS,_T,201904,2011-Q2,0.65,A,0,1,
OECD.SDD.STES:DSD_STES_REVISIONS@DF_STES_REVISIONS(4.0),EA19,Q,ULC,PT_PCOS,_T,201901,2011-Q2,0.65,A,0,1,
OECD.SDD.STES:DSD_STES_REVISIONS@DF_STES_REVISIONS(4.0),EA19,Q,ULC,PT_PCOS,_T,202209,2011-Q2,0.66,A,0,1,
OECD.SDD.STES:DSD_STES_REVISIONS@DF_STES_REVISIONS(4.0),EA19,Q,ULC,PT_PCOS,_T,202110,2011-Q2,0.59,A,0,1,
OECD.SDD.STES:DSD_STES_REVISIONS@DF_STES_REVISIONS(4.0),EA19,Q,ULC,PT_PCOS,_T,202108,2011-Q2,0.59,A,0,1,
OECD.SDD.STES:DSD_STES_REVISIONS@DF_STES_REVISIONS(4.0),EA19,Q,ULC,PT_PCOS,_T,202207,2011-Q2,0.65,A,0,1,
OECD.SDD.STES:DSD_STES_REVISIONS@DF_STES_REVISIONS(4.0),EA19,Q,ULC,PT_PCOS,_T,201911,2011-Q2,0.54,A,0,1,
OECD.SDD.STES:DSD_STES_REVISIONS@DF_STES_REVISIONS(4.0),EA19,Q,ULC,PT_PCOS,_T,201607,2011-Q2,0.67,A,0,1,
OECD.SDD.STES:DSD_STES_REVISIONS@DF_STES_REVISIONS(4.0),EA19,Q,ULC,PT_PCOS,_T,201709,2011-Q2,0.73,A,0,1,
OECD.SDD.STES:DSD_STES_REVISIONS@DF_STES_REVISIONS(4.0),EA19,Q,ULC,PT_PCOS,_T,202104,2011-Q2,0.57,A,0,1,
OECD.SDD.STES:DSD_STES_REVISIONS@DF_STES_REVISIONS(4.0),EA19,Q,ULC,PT_PCOS,_T,202002,2011-Q2,0.53,A,0,1,
OECD.SDD.STES:DSD_STES_REVISIONS@DF_STES_REVISIONS(4.0),EA19,Q,ULC,PT_PCOS,_T,201806,2011-Q2,0.66,A,0,1,
OECD.SDD.STES:DSD_STES_REVISIONS@DF_STES_REVISIONS(4.0),EA19,Q,ULC,PT_PCOS,_T,202111,2011-Q2,0.61,A,0,1,
OECD.SDD.STES:DSD_STES_REVISIONS@DF_STES_REVISIONS(4.0),EA19,Q,ULC,PT_PCOS,_T,201704,2011-Q2,0.73,A,0,1,
OECD.SDD.STES:DSD_STES_REVISIONS@DF_STES_REVISIONS(4.0),EA19,Q,ULC,PT_PCOS,_T,202005,2011-Q2,0.54,A,0,1,
OECD.SDD.STES:DSD_STES_REVISIONS@DF_STES_REVISIONS(4.0),EA19,Q,ULC,PT_PCOS,_T,202112,2011-Q2,0.61,A,0,1,
OECD.SDD.STES:DSD_STES_REVISIONS@DF_STES_REVISIONS(4.0),EA19,Q,ULC,PT_PCOS,_T,202007,2011-Q2,0.54,A,0,1,
OECD.SDD.STES:DSD_STES_REVISIONS@DF_STES_REVISIONS(4.0),EA19,Q,ULC,PT_PCOS,_T,201811,2011-Q2,0.66,A,0,1,
OECD.SDD.STES:DSD_STES_REVISIONS@DF_STES_REVISIONS(4.0),EA19,Q,ULC,PT_PCOS,_T,201906,2011-Q2,0.65,A,0,1,
OECD.SDD.STES:DSD_STES_REVISIONS@DF_STES_REVISIONS(4.0),EA19,Q,ULC,PT_PCOS,_T,201903,2011-Q2,0.65,A,0,1,
OECD.SDD.STES:DSD_STES_REVISIONS@DF_STES_REVISIONS(4.0),EA19,Q,ULC,PT_PCOS,_T,201808,2011-Q2,0.67,A,0,1,
OECD.SDD.STES:DSD_STES_REVISIONS@DF_STES_REVISIONS(4.0),EA19,Q,ULC,PT_PCOS,_T,202009,2011-Q2,0.53,A,0,1,
OECD.SDD.STES:DSD_STES_REVISIONS@DF_STES_REVISIONS(4.0),EA19,Q,ULC,PT_PCOS,_T,202001,2011-Q2,0.53,A,0,1,
OECD.SDD.STES:DSD_STES_REVISIONS@DF_STES_REVISIONS(4.0),EA19,Q,ULC,PT_PCOS,_T,201608,2011-Q2,0.67,A,0,1,
OECD.SDD.STES:DSD_STES_REVISIONS@DF_STES_REVISIONS(4.0),EA19,Q,ULC,PT_PCOS,_T,202008,2011-Q2,0.53,A,0,1,
OECD.SDD.STES:DSD_STES_REVISIONS@DF_STES_REVISIONS(4.0),EA19,Q,ULC,PT_PCOS,_T,202208,2011-Q2,0.66,A,0,1,
OECD.SDD.STES:DSD_STES_REVISIONS@DF_STES_REVISIONS(4.0),EA19,Q,ULC,PT_PCOS,_T,202107,2011-Q2,0.59,A,0,1,
OECD.SDD.STES:DSD_STES_REVISIONS@DF_STES_REVISIONS(4.0),EA19,Q,ULC,PT_PCOS,_T,201606,2011-Q3,0.11,A,0,1,
OECD.SDD.STES:DSD_STES_REVISIONS@DF_STES_REVISIONS(4.0),EA19,Q,ULC,PT_PCOS,_T,202212,2011-Q3,-0.02,A,0,1,
OECD.SDD.STES:DSD_STES_REVISIONS@DF_STES_REVISIONS(4.0),EA19,Q,ULC,PT_PCOS,_T,201603,2011-Q3,0.12,A,0,1,
OECD.SDD.STES:DSD_STES_REVISIONS@DF_STES_REVISIONS(4.0),EA19,Q,ULC,PT_PCOS,_T,201807,2011-Q3,0.13,A,0,1,
OECD.SDD.STES:DSD_STES_REVISIONS@DF_STES_REVISIONS(4.0),EA19,Q,ULC,PT_PCOS,_T,201908,2011-Q3,0.1,A,0,1,
OECD.SDD.STES:DSD_STES_REVISIONS@DF_STES_REVISIONS(4.0),EA19,Q,ULC,PT_PCOS,_T,201503,2011-Q3,0.12,A,0,1,
OECD.SDD.STES:DSD_STES_REVISIONS@DF_STES_REVISIONS(4.0),EA19,Q,ULC,PT_PCOS,_T,202211,2011-Q3,-0.02,A,0,1,
OECD.SDD.STES:DSD_STES_REVISIONS@DF_STES_REVISIONS(4.0),EA19,Q,ULC,PT_PCOS,_T,201812,2011-Q3,0.12,A,0,1,
OECD.SDD.STES:DSD_STES_REVISIONS@DF_STES_REVISIONS(4.0),EA19,Q,ULC,PT_PCOS,_T,202010,2011-Q3,0.03,A,0,1,
OECD.SDD.STES:DSD_STES_REVISIONS@DF_STES_REVISIONS(4.0),EA19,Q,ULC,PT_PCOS,_T,202004,2011-Q3,0.04,A,0,1,
OECD.SDD.STES:DSD_STES_REVISIONS@DF_STES_REVISIONS(4.0),EA19,Q,ULC,PT_PCOS,_T,201909,2011-Q3,0.1,A,0,1,
OECD.SDD.STES:DSD_STES_REVISIONS@DF_STES_REVISIONS(4.0),EA19,Q,ULC,PT_PCOS,_T,202210,2011-Q3,0.02,A,0,1,
OECD.SDD.STES:DSD_STES_REVISIONS@DF_STES_REVISIONS(4.0),EA19,Q,ULC,PT_PCOS,_T,201609,2011-Q3,0.1,A,0,1,
OECD.SDD.STES:DSD_STES_REVISIONS@DF_STES_REVISIONS(4.0),EA19,Q,ULC,PT_PCOS,_T,201602,2011-Q3,0.12,A,0,1,
OECD.SDD.STES:DSD_STES_REVISIONS@DF_STES_REVISIONS(4.0),EA19,Q,ULC,PT_PCOS,_T,201605,2011-Q3,0.11,A,0,1,
OECD.SDD.STES:DSD_STES_REVISIONS@DF_STES_REVISIONS(4.0),EA19,Q,ULC,PT_PCOS,_T,201809,2011-Q3,0.1,A,0,1,
OECD.SDD.STES:DSD_STES_REVISIONS@DF_STES_REVISIONS(4.0),EA19,Q,ULC,PT_PCOS,_T,201904,2011-Q3,0.1,A,0,1,
OECD.SDD.STES:DSD_STES_REVISIONS@DF_STES_REVISIONS(4.0),EA19,Q,ULC,PT_PCOS,_T,202209,2011-Q3,0.02,A,0,1,
OECD.SDD.STES:DSD_STES_REVISIONS@DF_STES_REVISIONS(4.0),EA19,Q,ULC,PT_PCOS,_T,202011,2011-Q3,0.02,A,0,1,
OECD.SDD.STES:DSD_STES_REVISIONS@DF_STES_REVISIONS(4.0),EA19,Q,ULC,PT_PCOS,_T,202301,2011-Q3,-0.02,A,0,1,
OECD.SDD.STES:DSD_STES_REVISIONS@DF_STES_REVISIONS(4.0),EA19,Q,ULC,PT_PCOS,_T,202207,2011-Q3,0.03,A,0,1,
OECD.SDD.STES:DSD_STES_REVISIONS@DF_STES_REVISIONS(4.0),EA19,Q,ULC,PT_PCOS,_T,202302,2011-Q3,-0.02,A,0,1,
OECD.SDD.STES:DSD_STES_REVISIONS@DF_STES_REVISIONS(4.0),EA19,Q,ULC,PT_PCOS,_T,201607,2011-Q3,0.1,A,0,1,
OECD.SDD.STES:DSD_STES_REVISIONS@DF_STES_REVISIONS(4.0),EA19,Q,ULC,PT_PCOS,_T,201502,2011-Q3,0.12,A,0,1,
OECD.SDD.STES:DSD_STES_REVISIONS@DF_STES_REVISIONS(4.0),EA19,Q,ULC,PT_PCOS,_T,201802,2011-Q3,0.1,A,0,1,
OECD.SDD.STES:DSD_STES_REVISIONS@DF_STES_REVISIONS(4.0),EA19,Q,ULC,PT_PCOS,_T,201711,2011-Q3,0.1,A,0,1,
OECD.SDD.STES:DSD_STES_REVISIONS@DF_STES_REVISIONS(4.0),EA19,Q,ULC,PT_PCOS,_T,201604,2011-Q3,0.11,A,0,1,
OECD.SDD.STES:DSD_STES_REVISIONS@DF_STES_REVISIONS(4.0),EA19,Q,ULC,PT_PCOS,_T,202303,2011-Q3,-0.02,A,0,1,
OECD.SDD.STES:DSD_STES_REVISIONS@DF_STES_REVISIONS(4.0),EA19,Q,ULC,PT_PCOS,_T,201801,2011-Q3,0.1,A,0,1,
OECD.SDD.STES:DSD_STES_REVISIONS@DF_STES_REVISIONS(4.0),EA19,Q,ULC,PT_PCOS,_T,201805,2011-Q3,0.11,A,0,1,
OECD.SDD.STES:DSD_STES_REVISIONS@DF_STES_REVISIONS(4.0),EA19,Q,ULC,PT_PCOS,_T,202005,2011-Q3,0.04,A,0,1,
OECD.SDD.STES:DSD_STES_REVISIONS@DF_STES_REVISIONS(4.0),EA19,Q,ULC,PT_PCOS,_T,202007,2011-Q3,0.03,A,0,1,
OECD.SDD.STES:DSD_STES_REVISIONS@DF_STES_REVISIONS(4.0),EA19,Q,ULC,PT_PCOS,_T,201811,2011-Q3,0.12,A,0,1,
OECD.SDD.STES:DSD_STES_REVISIONS@DF_STES_REVISIONS(4.0),EA19,Q,ULC,PT_PCOS,_T,201910,2011-Q3,0.02,A,0,1,
OECD.SDD.STES:DSD_STES_REVISIONS@DF_STES_REVISIONS(4.0),EA19,Q,ULC,PT_PCOS,_T,201803,2011-Q3,0.1,A,0,1,
OECD.SDD.STES:DSD_STES_REVISIONS@DF_STES_REVISIONS(4.0),EA19,Q,ULC,PT_PCOS,_T,201712,2011-Q3,0.11,A,0,1,
OECD.SDD.STES:DSD_STES_REVISIONS@DF_STES_REVISIONS(4.0),EA19,Q,ULC,PT_PCOS,_T,201810,2011-Q3,0.1,A,0,1,
OECD.SDD.STES:DSD_STES_REVISIONS@DF_STES_REVISIONS(4.0),EA19,Q,ULC,PT_PCOS,_T,201903,2011-Q3,0.1,A,0,1,
OECD.SDD.STES:DSD_STES_REVISIONS@DF_STES_REVISIONS(4.0),EA19,Q,ULC,PT_PCOS,_T,201808,2011-Q3,0.1,A,0,1,
OECD.SDD.STES:DSD_STES_REVISIONS@DF_STES_REVISIONS(4.0),EA19,Q,ULC,PT_PCOS,_T,201608,2011-Q3,0.1,A,0,1,
OECD.SDD.STES:DSD_STES_REVISIONS@DF_STES_REVISIONS(4.0),EA19,Q,ULC,PT_PCOS,_T,201601,2011-Q3,0.12,A,0,1,
OECD.SDD.STES:DSD_STES_REVISIONS@DF_STES_REVISIONS(4.0),EA19,Q,ULC,PT_PCOS,_T,202208,2011-Q3,0.02,A,0,1,
OECD.SDD.STES:DSD_STES_REVISIONS@DF_STES_REVISIONS(4.0),EA19,Q,ULC,PT_PCOS,_T,202012,2011-Q3,0.02,A,0,1,
OECD.SDD.STES:DSD_STES_REVISIONS@DF_STES_REVISIONS(4.0),EA19,Q,ULC,PT_PCOS,_T,202107,2011-Q3,0.04,A,0,1,
OECD.SDD.STES:DSD_STES_REVISIONS@DF_STES_REVISIONS(4.0),EA19,Q,ULC,PT_PCOS,_T,201804,2011-Q3,0.11,A,0,1,
OECD.SDD.STES:DSD_STES_REVISIONS@DF_STES_REVISIONS(4.0),EA19,Q,ULC,PT_PCOS,_T,201703,2011-Q4,0.73,A,0,1,
OECD.SDD.STES:DSD_STES_REVISIONS@DF_STES_REVISIONS(4.0),EA19,Q,ULC,PT_PCOS,_T,201511,2011-Q4,0.66,A,0,1,
OECD.SDD.STES:DSD_STES_REVISIONS@DF_STES_REVISIONS(4.0),EA19,Q,ULC,PT_PCOS,_T,201902,2011-Q4,0.67,A,0,1,
OECD.SDD.STES:DSD_STES_REVISIONS@DF_STES_REVISIONS(4.0),EA19,Q,ULC,PT_PCOS,_T,201807,2011-Q4,0.66,A,0,1,
OECD.SDD.STES:DSD_STES_REVISIONS@DF_STES_REVISIONS(4.0),EA19,Q,ULC,PT_PCOS,_T,201908,2011-Q4,0.66,A,0,1,
OECD.SDD.STES:DSD_STES_REVISIONS@DF_STES_REVISIONS(4.0),EA19,Q,ULC,PT_PCOS,_T,201512,2011-Q4,0.66,A,0,1,
OECD.SDD.STES:DSD_STES_REVISIONS@DF_STES_REVISIONS(4.0),EA19,Q,ULC,PT_PCOS,_T,201812,2011-Q4,0.65,A,0,1,
OECD.SDD.STES:DSD_STES_REVISIONS@DF_STES_REVISIONS(4.0),EA19,Q,ULC,PT_PCOS,_T,201708,2011-Q4,0.76,A,0,1,
OECD.SDD.STES:DSD_STES_REVISIONS@DF_STES_REVISIONS(4.0),EA19,Q,ULC,PT_PCOS,_T,202105,2011-Q4,0.73,A,0,1,
OECD.SDD.STES:DSD_STES_REVISIONS@DF_STES_REVISIONS(4.0),EA19,Q,ULC,PT_PCOS,_T,202106,2011-Q4,0.73,A,0,1,
OECD.SDD.STES:DSD_STES_REVISIONS@DF_STES_REVISIONS(4.0),EA19,Q,ULC,PT_PCOS,_T,201909,2011-Q4,0.66,A,0,1,
OECD.SDD.STES:DSD_STES_REVISIONS@DF_STES_REVISIONS(4.0),EA19,Q,ULC,PT_PCOS,_T,201907,2011-Q4,0.66,A,0,1,
OECD.SDD.STES:DSD_STES_REVISIONS@DF_STES_REVISIONS(4.0),EA19,Q,ULC,PT_PCOS,_T,201510,2011-Q4,0.66,A,0,1,
OECD.SDD.STES:DSD_STES_REVISIONS@DF_STES_REVISIONS(4.0),EA19,Q,ULC,PT_PCOS,_T,201809,2011-Q4,0.67,A,0,1,
OECD.SDD.STES:DSD_STES_REVISIONS@DF_STES_REVISIONS(4.0),EA19,Q,ULC,PT_PCOS,_T,201904,2011-Q4,0.66,A,0,1,
OECD.SDD.STES:DSD_STES_REVISIONS@DF_STES_REVISIONS(4.0),EA19,Q,ULC,PT_PCOS,_T,201901,2011-Q4,0.67,A,0,1,
OECD.SDD.STES:DSD_STES_REVISIONS@DF_STES_REVISIONS(4.0),EA19,Q,ULC,PT_PCOS,_T,202209,2011-Q4,0.76,A,0,1,
OECD.SDD.STES:DSD_STES_REVISIONS@DF_STES_REVISIONS(4.0),EA19,Q,ULC,PT_PCOS,_T,201709,2011-Q4,0.76,A,0,1,
OECD.SDD.STES:DSD_STES_REVISIONS@DF_STES_REVISIONS(4.0),EA19,Q,ULC,PT_PCOS,_T,202104,2011-Q4,0.73,A,0,1,
OECD.SDD.STES:DSD_STES_REVISIONS@DF_STES_REVISIONS(4.0),EA19,Q,ULC,PT_PCOS,_T,201702,2011-Q4,0.73,A,0,1,
OECD.SDD.STES:DSD_STES_REVISIONS@DF_STES_REVISIONS(4.0),EA19,Q,ULC,PT_PCOS,_T,201707,2011-Q4,0.76,A,0,1,
OECD.SDD.STES:DSD_STES_REVISIONS@DF_STES_REVISIONS(4.0),EA19,Q,ULC,PT_PCOS,_T,201806,2011-Q4,0.66,A,0,1,
OECD.SDD.STES:DSD_STES_REVISIONS@DF_STES_REVISIONS(4.0),EA19,Q,ULC,PT_PCOS,_T,202111,2011-Q4,0.73,A,0,1,
OECD.SDD.STES:DSD_STES_REVISIONS@DF_STES_REVISIONS(4.0),EA19,Q,ULC,PT_PCOS,_T,201706,2011-Q4,0.73,A,0,1,
OECD.SDD.STES:DSD_STES_REVISIONS@DF_STES_REVISIONS(4.0),EA19,Q,ULC,PT_PCOS,_T,202112,2011-Q4,0.73,A,0,1,
OECD.SDD.STES:DSD_STES_REVISIONS@DF_STES_REVISIONS(4.0),EA19,Q,ULC,PT_PCOS,_T,201811,2011-Q4,0.65,A,0,1,
OECD.SDD.STES:DSD_STES_REVISIONS@DF_STES_REVISIONS(4.0),EA19,Q,ULC,PT_PCOS,_T,201701,2011-Q4,0.73,A,0,1,
OECD.SDD.STES:DSD_STES_REVISIONS@DF_STES_REVISIONS(4.0),EA19,Q,ULC,PT_PCOS,_T,201810,2011-Q4,0.66,A,0,1,
OECD.SDD.STES:DSD_STES_REVISIONS@DF_STES_REVISIONS(4.0),EA19,Q,ULC,PT_PCOS,_T,201903,2011-Q4,0.66,A,0,1,
OECD.SDD.STES:DSD_STES_REVISIONS@DF_STES_REVISIONS(4.0),EA19,Q,ULC,PT_PCOS,_T,201808,2011-Q4,0.67,A,0,1,
OECD.SDD.STES:DSD_STES_REVISIONS@DF_STES_REVISIONS(4.0),EA19,Q,ULC,PT_PCOS,_T,202009,2011-Q4,0.73,A,0,1,
OECD.SDD.STES:DSD_STES_REVISIONS@DF_STES_REVISIONS(4.0),EA19,Q,ULC,PT_PCOS,_T,202008,2011-Q4,0.73,A,0,1,
OECD.SDD.STES:DSD_STES_REVISIONS@DF_STES_REVISIONS(4.0),EA19,Q,ULC,PT_PCOS,_T,202208,2011-Q4,0.76,A,0,1,
OECD.SDD.STES:DSD_STES_REVISIONS@DF_STES_REVISIONS(4.0),EA19,Q,ULC,PT_PCOS,_T,201705,2011-Q4,0.73,A,0,1,
OECD.SDD.STES:DSD_STES_REVISIONS@DF_STES_REVISIONS(4.0),EA19,Q,ULC,PT_PCOS,_T,202212,2012-Q1,0.57,A,0,1,
OECD.SDD.STES:DSD_STES_REVISIONS@DF_STES_REVISIONS(4.0),EA19,Q,ULC,PT_PCOS,_T,202211,2012-Q1,0.57,A,0,1,
OECD.SDD.STES:DSD_STES_REVISIONS@DF_STES_REVISIONS(4.0),EA19,Q,ULC,PT_PCOS,_T,202109,2012-Q1,0.65,A,0,1,
OECD.SDD.STES:DSD_STES_REVISIONS@DF_STES_REVISIONS(4.0),EA19,Q,ULC,PT_PCOS,_T,202105,2012-Q1,0.65,A,0,1,
OECD.SDD.STES:DSD_STES_REVISIONS@DF_STES_REVISIONS(4.0),EA19,Q,ULC,PT_PCOS,_T,202102,2012-Q1,0.64,A,0,1,
OECD.SDD.STES:DSD_STES_REVISIONS@DF_STES_REVISIONS(4.0),EA19,Q,ULC,PT_PCOS,_T,202106,2012-Q1,0.65,A,0,1,
OECD.SDD.STES:DSD_STES_REVISIONS@DF_STES_REVISIONS(4.0),EA19,Q,ULC,PT_PCOS,_T,202210,2012-Q1,0.57,A,0,1,
OECD.SDD.STES:DSD_STES_REVISIONS@DF_STES_REVISIONS(4.0),EA19,Q,ULC,PT_PCOS,_T,202101,2012-Q1,0.64,A,0,1,
OECD.SDD.STES:DSD_STES_REVISIONS@DF_STES_REVISIONS(4.0),EA19,Q,ULC,PT_PCOS,_T,202103,2012-Q1,0.64,A,0,1,
OECD.SDD.STES:DSD_STES_REVISIONS@DF_STES_REVISIONS(4.0),EA19,Q,ULC,PT_PCOS,_T,202209,2012-Q1,0.59,A,0,1,
OECD.SDD.STES:DSD_STES_REVISIONS@DF_STES_REVISIONS(4.0),EA19,Q,ULC,PT_PCOS,_T,202110,2012-Q1,0.64,A,0,1,
OECD.SDD.STES:DSD_STES_REVISIONS@DF_STES_REVISIONS(4.0),EA19,Q,ULC,PT_PCOS,_T,202011,2012-Q1,0.65,A,0,1,
OECD.SDD.STES:DSD_STES_REVISIONS@DF_STES_REVISIONS(4.0),EA19,Q,ULC,PT_PCOS,_T,202108,2012-Q1,0.65,A,0,1,
OECD.SDD.STES:DSD_STES_REVISIONS@DF_STES_REVISIONS(4.0),EA19,Q,ULC,PT_PCOS,_T,202301,2012-Q1,0.59,A,0,1,
OECD.SDD.STES:DSD_STES_REVISIONS@DF_STES_REVISIONS(4.0),EA19,Q,ULC,PT_PCOS,_T,201505,2012-Q1,0.39,A,0,1,
OECD.SDD.STES:DSD_STES_REVISIONS@DF_STES_REVISIONS(4.0),EA19,Q,ULC,PT_PCOS,_T,202302,2012-Q1,0.59,A,0,1,
OECD.SDD.STES:DSD_STES_REVISIONS@DF_STES_REVISIONS(4.0),EA19,Q,ULC,PT_PCOS,_T,202104,2012-Q1,0.65,A,0,1,
OECD.SDD.STES:DSD_STES_REVISIONS@DF_STES_REVISIONS(4.0),EA19,Q,ULC,PT_PCOS,_T,202303,2012-Q1,0.59,A,0,1,
OECD.SDD.STES:DSD_STES_REVISIONS@DF_STES_REVISIONS(4.0),EA19,Q,ULC,PT_PCOS,_T,201506,2012-Q1,0.39,A,0,1,
OECD.SDD.STES:DSD_STES_REVISIONS@DF_STES_REVISIONS(4.0),EA19,Q,ULC,PT_PCOS,_T,201504,2012-Q1,0.39,A,0,1,
OECD.SDD.STES:DSD_STES_REVISIONS@DF_STES_REVISIONS(4.0),EA19,Q,ULC,PT_PCOS,_T,202009,2012-Q1,0.61,A,0,1,
OECD.SDD.STES:DSD_STES_REVISIONS@DF_STES_REVISIONS(4.0),EA19,Q,ULC,PT_PCOS,_T,202008,2012-Q1,0.61,A,0,1,
OECD.SDD.STES:DSD_STES_REVISIONS@DF_STES_REVISIONS(4.0),EA19,Q,ULC,PT_PCOS,_T,202208,2012-Q1,0.59,A,0,1,
OECD.SDD.STES:DSD_STES_REVISIONS@DF_STES_REVISIONS(4.0),EA19,Q,ULC,PT_PCOS,_T,202012,2012-Q1,0.65,A,0,1,
OECD.SDD.STES:DSD_STES_REVISIONS@DF_STES_REVISIONS(4.0),EA19,Q,ULC,PT_PCOS,_T,202107,2012-Q1,0.66,A,0,1,
OECD.SDD.STES:DSD_STES_REVISIONS@DF_STES_REVISIONS(4.0),EA19,Q,ULC,PT_PCOS,_T,201807,2012-Q2,0.67,A,0,1,
OECD.SDD.STES:DSD_STES_REVISIONS@DF_STES_REVISIONS(4.0),EA19,Q,ULC,PT_PCOS,_T,201708,2012-Q2,0.67,A,0,1,
OECD.SDD.STES:DSD_STES_REVISIONS@DF_STES_REVISIONS(4.0),EA19,Q,ULC,PT_PCOS,_T,202010,2012-Q2,0.61,A,0,1,
OECD.SDD.STES:DSD_STES_REVISIONS@DF_STES_REVISIONS(4.0),EA19,Q,ULC,PT_PCOS,_T,202102,2012-Q2,0.57,A,0,1,
OECD.SDD.STES:DSD_STES_REVISIONS@DF_STES_REVISIONS(4.0),EA19,Q,ULC,PT_PCOS,_T,201610,2012-Q2,0.73,A,0,1,
OECD.SDD.STES:DSD_STES_REVISIONS@DF_STES_REVISIONS(4.0),EA19,Q,ULC,PT_PCOS,_T,202210,2012-Q2,0.57,A,0,1,
OECD.SDD.STES:DSD_STES_REVISIONS@DF_STES_REVISIONS(4.0),EA19,Q,ULC,PT_PCOS,_T,202103,2012-Q2,0.57,A,0,1,
OECD.SDD.STES:DSD_STES_REVISIONS@DF_STES_REVISIONS(4.0),EA19,Q,ULC,PT_PCOS,_T,202301,2012-Q2,0.57,A,0,1,
OECD.SDD.STES:DSD_STES_REVISIONS@DF_STES_REVISIONS(4.0),EA19,Q,ULC,PT_PCOS,_T,202207,2012-Q2,0.59,A,0,1,
OECD.SDD.STES:DSD_STES_REVISIONS@DF_STES_REVISIONS(4.0),EA19,Q,ULC,PT_PCOS,_T,202302,2012-Q2,0.57,A,0,1,
OECD.SDD.STES:DSD_STES_REVISIONS@DF_STES_REVISIONS(4.0),EA19,Q,ULC,PT_PCOS,_T,201709,2012-Q2,0.67,A,0,1,
OECD.SDD.STES:DSD_STES_REVISIONS@DF_STES_REVISIONS(4.0),EA19,Q,ULC,PT_PCOS,_T,202303,2012-Q2,0.57,A,0,1,
OECD.SDD.STES:DSD_STES_REVISIONS@DF_STES_REVISIONS(4.0),EA19,Q,ULC,PT_PCOS,_T,201806,2012-Q2,0.67,A,0,1,
OECD.SDD.STES:DSD_STES_REVISIONS@DF_STES_REVISIONS(4.0),EA19,Q,ULC,PT_PCOS,_T,201807,2012-Q3,0.26,A,0,1,
OECD.SDD.STES:DSD_STES_REVISIONS@DF_STES_REVISIONS(4.0),EA19,Q,ULC,PT_PCOS,_T,201802,2012-Q3,0.25,A,0,1,
OECD.SDD.STES:DSD_STES_REVISIONS@DF_STES_REVISIONS(4.0),EA19,Q,ULC,PT_PCOS,_T,201711,2012-Q3,0.25,A,0,1,
OECD.SDD.STES:DSD_STES_REVISIONS@DF_STES_REVISIONS(4.0),EA19,Q,ULC,PT_PCOS,_T,201806,2012-Q3,0.26,A,0,1,
OECD.SDD.STES:DSD_STES_REVISIONS@DF_STES_REVISIONS(4.0),EA19,Q,ULC,PT_PCOS,_T,201801,2012-Q3,0.25,A,0,1,
OECD.SDD.STES:DSD_STES_REVISIONS@DF_STES_REVISIONS(4.0),EA19,Q,ULC,PT_PCOS,_T,201805,2012-Q3,0.25,A,0,1,
OECD.SDD.STES:DSD_STES_REVISIONS@DF_STES_REVISIONS(4.0),EA19,Q,ULC,PT_PCOS,_T,201803,2012-Q3,0.25,A,0,1,
OECD.SDD.STES:DSD_STES_REVISIONS@DF_STES_REVISIONS(4.0),EA19,Q,ULC,PT_PCOS,_T,201712,2012-Q3,0.25,A,0,1,
OECD.SDD.STES:DSD_STES_REVISIONS@DF_STES_REVISIONS(4.0),EA19,Q,ULC,PT_PCOS,_T,201804,2012-Q3,0.25,A,0,1,
OECD.SDD.STES:DSD_STES_REVISIONS@DF_STES_REVISIONS(4.0),EA19,Q,ULC,PT_PCOS,_T,201905,2012-Q4,0.3,A,0,1,
OECD.SDD.STES:DSD_STES_REVISIONS@DF_STES_REVISIONS(4.0),EA19,Q,ULC,PT_PCOS,_T,201606,2012-Q4,0.35,A,0,1,
OECD.SDD.STES:DSD_STES_REVISIONS@DF_STES_REVISIONS(4.0),EA19,Q,ULC,PT_PCOS,_T,201603,2012-Q4,0.33,A,0,1,
OECD.SDD.STES:DSD_STES_REVISIONS@DF_STES_REVISIONS(4.0),EA19,Q,ULC,PT_PCOS,_T,201807,2012-Q4,0.26,A,0,1,
OECD.SDD.STES:DSD_STES_REVISIONS@DF_STES_REVISIONS(4.0),EA19,Q,ULC,PT_PCOS,_T,202109,2012-Q4,0.39,A,0,1,
OECD.SDD.STES:DSD_STES_REVISIONS@DF_STES_REVISIONS(4.0),EA19,Q,ULC,PT_PCOS,_T,201507,2012-Q4,0.16,A,0,1,
OECD.SDD.STES:DSD_STES_REVISIONS@DF_STES_REVISIONS(4.0),EA19,Q,ULC,PT_PCOS,_T,201710,2012-Q4,0.28,A,0,1,
OECD.SDD.STES:DSD_STES_REVISIONS@DF_STES_REVISIONS(4.0),EA19,Q,ULC,PT_PCOS,_T,201609,2012-Q4,0.36,A,0,1,
OECD.SDD.STES:DSD_STES_REVISIONS@DF_STES_REVISIONS(4.0),EA19,Q,ULC,PT_PCOS,_T,201602,2012-Q4,0.33,A,0,1,
OECD.SDD.STES:DSD_STES_REVISIONS@DF_STES_REVISIONS(4.0),EA19,Q,ULC,PT_PCOS,_T,201509,2012-Q4,0.16,A,0,1,
OECD.SDD.STES:DSD_STES_REVISIONS@DF_STES_REVISIONS(4.0),EA19,Q,ULC,PT_PCOS,_T,201605,2012-Q4,0.35,A,0,1,
OECD.SDD.STES:DSD_STES_REVISIONS@DF_STES_REVISIONS(4.0),EA19,Q,ULC,PT_PCOS,_T,201904,2012-Q4,0.3,A,0,1,
OECD.SDD.STES:DSD_STES_REVISIONS@DF_STES_REVISIONS(4.0),EA19,Q,ULC,PT_PCOS,_T,202108,2012-Q4,0.39,A,0,1,
OECD.SDD.STES:DSD_STES_REVISIONS@DF_STES_REVISIONS(4.0),EA19,Q,ULC,PT_PCOS,_T,202301,2012-Q4,0.39,A,0,1,
OECD.SDD.STES:DSD_STES_REVISIONS@DF_STES_REVISIONS(4.0),EA19,Q,ULC,PT_PCOS,_T,202302,2012-Q4,0.39,A,0,1,
OECD.SDD.STES:DSD_STES_REVISIONS@DF_STES_REVISIONS(4.0),EA19,Q,ULC,PT_PCOS,_T,201607,2012-Q4,0.36,A,0,1,
OECD.SDD.STES:DSD_STES_REVISIONS@DF_STES_REVISIONS(4.0),EA19,Q,ULC,PT_PCOS,_T,201802,2012-Q4,0.25,A,0,1,
OECD.SDD.STES:DSD_STES_REVISIONS@DF_STES_REVISIONS(4.0),EA19,Q,ULC,PT_PCOS,_T,201604,2012-Q4,0.35,A,0,1,
OECD.SDD.STES:DSD_STES_REVISIONS@DF_STES_REVISIONS(4.0),EA19,Q,ULC,PT_PCOS,_T,202303,2012-Q4,0.39,A,0,1,
OECD.SDD.STES:DSD_STES_REVISIONS@DF_STES_REVISIONS(4.0),EA19,Q,ULC,PT_PCOS,_T,201707,2012-Q4,0.28,A,0,1,
OECD.SDD.STES:DSD_STES_REVISIONS@DF_STES_REVISIONS(4.0),EA19,Q,ULC,PT_PCOS,_T,201801,2012-Q4,0.26,A,0,1,
OECD.SDD.STES:DSD_STES_REVISIONS@DF_STES_REVISIONS(4.0),EA19,Q,ULC,PT_PCOS,_T,202111,2012-Q4,0.38,A,0,1,
OECD.SDD.STES:DSD_STES_REVISIONS@DF_STES_REVISIONS(4.0),EA19,Q,ULC,PT_PCOS,_T,201706,2012-Q4,0.28,A,0,1,
OECD.SDD.STES:DSD_STES_REVISIONS@DF_STES_REVISIONS(4.0),EA19,Q,ULC,PT_PCOS,_T,201805,2012-Q4,0.25,A,0,1,
OECD.SDD.STES:DSD_STES_REVISIONS@DF_STES_REVISIONS(4.0),EA19,Q,ULC,PT_PCOS,_T,202112,2012-Q4,0.38,A,0,1,
OECD.SDD.STES:DSD_STES_REVISIONS@DF_STES_REVISIONS(4.0),EA19,Q,ULC,PT_PCOS,_T,201906,2012-Q4,0.3,A,0,1,
OECD.SDD.STES:DSD_STES_REVISIONS@DF_STES_REVISIONS(4.0),EA19,Q,ULC,PT_PCOS,_T,201910,2012-Q4,0.33,A,0,1,
OECD.SDD.STES:DSD_STES_REVISIONS@DF_STES_REVISIONS(4.0),EA19,Q,ULC,PT_PCOS,_T,201803,2012-Q4,0.25,A,0,1,
OECD.SDD.STES:DSD_STES_REVISIONS@DF_STES_REVISIONS(4.0),EA19,Q,ULC,PT_PCOS,_T,201701,2012-Q4,0.28,A,0,1,
OECD.SDD.STES:DSD_STES_REVISIONS@DF_STES_REVISIONS(4.0),EA19,Q,ULC,PT_PCOS,_T,201508,2012-Q4,0.16,A,0,1,
OECD.SDD.STES:DSD_STES_REVISIONS@DF_STES_REVISIONS(4.0),EA19,Q,ULC,PT_PCOS,_T,201903,2012-Q4,0.3,A,0,1,
OECD.SDD.STES:DSD_STES_REVISIONS@DF_STES_REVISIONS(4.0),EA19,Q,ULC,PT_PCOS,_T,201608,2012-Q4,0.36,A,0,1,
OECD.SDD.STES:DSD_STES_REVISIONS@DF_STES_REVISIONS(4.0),EA19,Q,ULC,PT_PCOS,_T,201601,2012-Q4,0.33,A,0,1,
OECD.SDD.STES:DSD_STES_REVISIONS@DF_STES_REVISIONS(4.0),EA19,Q,ULC,PT_PCOS,_T,201804,2012-Q4,0.25,A,0,1,
OECD.SDD.STES:DSD_STES_REVISIONS@DF_STES_REVISIONS(4.0),EA19,Q,ULC,PT_PCOS,_T,201705,2012-Q4,0.28,A,0,1,
OECD.SDD.STES:DSD_STES_REVISIONS@DF_STES_REVISIONS(4.0),EA19,Q,ULC,PT_PCOS,_T,202003,2013-Q1,0.66,A,0,1,
OECD.SDD.STES:DSD_STES_REVISIONS@DF_STES_REVISIONS(4.0),EA19,Q,ULC,PT_PCOS,_T,201603,2013-Q1,0.53,A,0,1,
OECD.SDD.STES:DSD_STES_REVISIONS@DF_STES_REVISIONS(4.0),EA19,Q,ULC,PT_PCOS,_T,201807,2013-Q1,0.64,A,0,1,
OECD.SDD.STES:DSD_STES_REVISIONS@DF_STES_REVISIONS(4.0),EA19,Q,ULC,PT_PCOS,_T,201908,2013-Q1,0.64,A,0,1,
OECD.SDD.STES:DSD_STES_REVISIONS@DF_STES_REVISIONS(4.0),EA19,Q,ULC,PT_PCOS,_T,202109,2013-Q1,0.66,A,0,1,
OECD.SDD.STES:DSD_STES_REVISIONS@DF_STES_REVISIONS(4.0),EA19,Q,ULC,PT_PCOS,_T,202201,2013-Q1,0.64,A,0,1,
OECD.SDD.STES:DSD_STES_REVISIONS@DF_STES_REVISIONS(4.0),EA19,Q,ULC,PT_PCOS,_T,201708,2013-Q1,0.65,A,0,1,
OECD.SDD.STES:DSD_STES_REVISIONS@DF_STES_REVISIONS(4.0),EA19,Q,ULC,PT_PCOS,_T,202010,2013-Q1,0.67,A,0,1,
OECD.SDD.STES:DSD_STES_REVISIONS@DF_STES_REVISIONS(4.0),EA19,Q,ULC,PT_PCOS,_T,202202,2013-Q1,0.64,A,0,1,
OECD.SDD.STES:DSD_STES_REVISIONS@DF_STES_REVISIONS(4.0),EA19,Q,ULC,PT_PCOS,_T,202004,2013-Q1,0.66,A,0,1,
OECD.SDD.STES:DSD_STES_REVISIONS@DF_STES_REVISIONS(4.0),EA19,Q,ULC,PT_PCOS,_T,201610,2013-Q1,0.57,A,0,1,
OECD.SDD.STES:DSD_STES_REVISIONS@DF_STES_REVISIONS(4.0),EA19,Q,ULC,PT_PCOS,_T,201909,2013-Q1,0.64,A,0,1,
OECD.SDD.STES:DSD_STES_REVISIONS@DF_STES_REVISIONS(4.0),EA19,Q,ULC,PT_PCOS,_T,201710,2013-Q1,0.61,A,0,1,
OECD.SDD.STES:DSD_STES_REVISIONS@DF_STES_REVISIONS(4.0),EA19,Q,ULC,PT_PCOS,_T,202210,2013-Q1,0.59,A,0,1,
OECD.SDD.STES:DSD_STES_REVISIONS@DF_STES_REVISIONS(4.0),EA19,Q,ULC,PT_PCOS,_T,201602,2013-Q1,0.53,A,0,1,
OECD.SDD.STES:DSD_STES_REVISIONS@DF_STES_REVISIONS(4.0),EA19,Q,ULC,PT_PCOS,_T,201907,2013-Q1,0.64,A,0,1,
OECD.SDD.STES:DSD_STES_REVISIONS@DF_STES_REVISIONS(4.0),EA19,Q,ULC,PT_PCOS,_T,201612,2013-Q1,0.59,A,0,1,
OECD.SDD.STES:DSD_STES_REVISIONS@DF_STES_REVISIONS(4.0),EA19,Q,ULC,PT_PCOS,_T,202110,2013-Q1,0.65,A,0,1,
OECD.SDD.STES:DSD_STES_REVISIONS@DF_STES_REVISIONS(4.0),EA19,Q,ULC,PT_PCOS,_T,202108,2013-Q1,0.66,A,0,1,
OECD.SDD.STES:DSD_STES_REVISIONS@DF_STES_REVISIONS(4.0),EA19,Q,ULC,PT_PCOS,_T,201505,2013-Q1,0.66,A,0,1,
OECD.SDD.STES:DSD_STES_REVISIONS@DF_STES_REVISIONS(4.0),EA19,Q,ULC,PT_PCOS,_T,201709,2013-Q1,0.65,A,0,1,
OECD.SDD.STES:DSD_STES_REVISIONS@DF_STES_REVISIONS(4.0),EA19,Q,ULC,PT_PCOS,_T,201611,2013-Q1,0.59,A,0,1,
OECD.SDD.STES:DSD_STES_REVISIONS@DF_STES_REVISIONS(4.0),EA19,Q,ULC,PT_PCOS,_T,202002,2013-Q1,0.66,A,0,1,
OECD.SDD.STES:DSD_STES_REVISIONS@DF_STES_REVISIONS(4.0),EA19,Q,ULC,PT_PCOS,_T,201802,2013-Q1,0.61,A,0,1,
OECD.SDD.STES:DSD_STES_REVISIONS@DF_STES_REVISIONS(4.0),EA19,Q,ULC,PT_PCOS,_T,201801,2013-Q1,0.61,A,0,1,
OECD.SDD.STES:DSD_STES_REVISIONS@DF_STES_REVISIONS(4.0),EA19,Q,ULC,PT_PCOS,_T,202111,2013-Q1,0.67,A,0,1,
OECD.SDD.STES:DSD_STES_REVISIONS@DF_STES_REVISIONS(4.0),EA19,Q,ULC,PT_PCOS,_T,201506,2013-Q1,0.66,A,0,1,
OECD.SDD.STES:DSD_STES_REVISIONS@DF_STES_REVISIONS(4.0),EA19,Q,ULC,PT_PCOS,_T,202005,2013-Q1,0.67,A,0,1,
OECD.SDD.STES:DSD_STES_REVISIONS@DF_STES_REVISIONS(4.0),EA19,Q,ULC,PT_PCOS,_T,202007,2013-Q1,0.67,A,0,1,
OECD.SDD.STES:DSD_STES_REVISIONS@DF_STES_REVISIONS(4.0),EA19,Q,ULC,PT_PCOS,_T,202112,2013-Q1,0.67,A,0,1,
OECD.SDD.STES:DSD_STES_REVISIONS@DF_STES_REVISIONS(4.0),EA19,Q,ULC,PT_PCOS,_T,201504,2013-Q1,0.66,A,0,1,
OECD.SDD.STES:DSD_STES_REVISIONS@DF_STES_REVISIONS(4.0),EA19,Q,ULC,PT_PCOS,_T,201803,2013-Q1,0.61,A,0,1,
OECD.SDD.STES:DSD_STES_REVISIONS@DF_STES_REVISIONS(4.0),EA19,Q,ULC,PT_PCOS,_T,202203,2013-Q1,0.64,A,0,1,
OECD.SDD.STES:DSD_STES_REVISIONS@DF_STES_REVISIONS(4.0),EA19,Q,ULC,PT_PCOS,_T,202009,2013-Q1,0.67,A,0,1,
OECD.SDD.STES:DSD_STES_REVISIONS@DF_STES_REVISIONS(4.0),EA19,Q,ULC,PT_PCOS,_T,202001,2013-Q1,0.66,A,0,1,
OECD.SDD.STES:DSD_STES_REVISIONS@DF_STES_REVISIONS(4.0),EA19,Q,ULC,PT_PCOS,_T,202008,2013-Q1,0.67,A,0,1,
OECD.SDD.STES:DSD_STES_REVISIONS@DF_STES_REVISIONS(4.0),EA19,Q,ULC,PT_PCOS,_T,201601,2013-Q1,0.53,A,0,1,
OECD.SDD.STES:DSD_STES_REVISIONS@DF_STES_REVISIONS(4.0),EA19,Q,ULC,PT_PCOS,_T,202107,2013-Q1,0.67,A,0,1,
OECD.SDD.STES:DSD_STES_REVISIONS@DF_STES_REVISIONS(4.0),EA19,Q,ULC,PT_PCOS,_T,201804,2013-Q1,0.61,A,0,1,
OECD.SDD.STES:DSD_STES_REVISIONS@DF_STES_REVISIONS(4.0),EA19,Q,ULC,PT_PCOS,_T,201608,2015-Q4,0.34,A,0,1,
OECD.SDD.STES:DSD_STES_REVISIONS@DF_STES_REVISIONS(4.0),EA19,Q,ULC,PT_PCOS,_T,202208,2015-Q4,0.26,A,0,1,
OECD.SDD.STES:DSD_STES_REVISIONS@DF_STES_REVISIONS(4.0),EA19,Q,ULC,PT_PCOS,_T,201905,2016-Q1,-0.09,A,0,1,
OECD.SDD.STES:DSD_STES_REVISIONS@DF_STES_REVISIONS(4.0),EA19,Q,ULC,PT_PCOS,_T,201902,2016-Q1,-0.13,A,0,1,
OECD.SDD.STES:DSD_STES_REVISIONS@DF_STES_REVISIONS(4.0),EA19,Q,ULC,PT_PCOS,_T,202003,2016-Q1,-0.01,A,0,1,
OECD.SDD.STES:DSD_STES_REVISIONS@DF_STES_REVISIONS(4.0),EA19,Q,ULC,PT_PCOS,_T,201807,2016-Q1,0.03,A,0,1,
OECD.SDD.STES:DSD_STES_REVISIONS@DF_STES_REVISIONS(4.0),EA19,Q,ULC,PT_PCOS,_T,201908,2016-Q1,-0.02,A,0,1,
OECD.SDD.STES:DSD_STES_REVISIONS@DF_STES_REVISIONS(4.0),EA19,Q,ULC,PT_PCOS,_T,202204,2016-Q1,0.04,A,0,1,
OECD.SDD.STES:DSD_STES_REVISIONS@DF_STES_REVISIONS(4.0),EA19,Q,ULC,PT_PCOS,_T,201912,2016-Q1,-0.01,A,0,1,
OECD.SDD.STES:DSD_STES_REVISIONS@DF_STES_REVISIONS(4.0),EA19,Q,ULC,PT_PCOS,_T,201812,2016-Q1,-0.12,A,0,1,
OECD.SDD.STES:DSD_STES_REVISIONS@DF_STES_REVISIONS(4.0),EA19,Q,ULC,PT_PCOS,_T,202201,2016-Q1,0.04,A,0,1,
OECD.SDD.STES:DSD_STES_REVISIONS@DF_STES_REVISIONS(4.0),EA19,Q,ULC,PT_PCOS,_T,202010,2016-Q1,0.04,A,0,1,
OECD.SDD.STES:DSD_STES_REVISIONS@DF_STES_REVISIONS(4.0),EA19,Q,ULC,PT_PCOS,_T,202202,2016-Q1,0.04,A,0,1,
OECD.SDD.STES:DSD_STES_REVISIONS@DF_STES_REVISIONS(4.0),EA19,Q,ULC,PT_PCOS,_T,202004,2016-Q1,-0.02,A,0,1,
OECD.SDD.STES:DSD_STES_REVISIONS@DF_STES_REVISIONS(4.0),EA19,Q,ULC,PT_PCOS,_T,201610,2016-Q1,0.13,A,0,1,
OECD.SDD.STES:DSD_STES_REVISIONS@DF_STES_REVISIONS(4.0),EA19,Q,ULC,PT_PCOS,_T,201909,2016-Q1,-0.02,A,0,1,
OECD.SDD.STES:DSD_STES_REVISIONS@DF_STES_REVISIONS(4.0),EA19,Q,ULC,PT_PCOS,_T,202006,2016-Q1,-0.01,A,0,1,
OECD.SDD.STES:DSD_STES_REVISIONS@DF_STES_REVISIONS(4.0),EA19,Q,ULC,PT_PCOS,_T,201710,2016-Q1,0.11,A,0,1,
OECD.SDD.STES:DSD_STES_REVISIONS@DF_STES_REVISIONS(4.0),EA19,Q,ULC,PT_PCOS,_T,201907,2016-Q1,-0.09,A,0,1,
OECD.SDD.STES:DSD_STES_REVISIONS@DF_STES_REVISIONS(4.0),EA19,Q,ULC,PT_PCOS,_T,201809,2016-Q1,-0.02,A,0,1,
OECD.SDD.STES:DSD_STES_REVISIONS@DF_STES_REVISIONS(4.0),EA19,Q,ULC,PT_PCOS,_T,202206,2016-Q1,0.04,A,0,1,
OECD.SDD.STES:DSD_STES_REVISIONS@DF_STES_REVISIONS(4.0),EA19,Q,ULC,PT_PCOS,_T,201904,2016-Q1,-0.1,A,0,1,
OECD.SDD.STES:DSD_STES_REVISIONS@DF_STES_REVISIONS(4.0),EA19,Q,ULC,PT_PCOS,_T,201901,2016-Q1,-0.12,A,0,1,
OECD.SDD.STES:DSD_STES_REVISIONS@DF_STES_REVISIONS(4.0),EA19,Q,ULC,PT_PCOS,_T,202011,2016-Q1,0.04,A,0,1,
OECD.SDD.STES:DSD_STES_REVISIONS@DF_STES_REVISIONS(4.0),EA19,Q,ULC,PT_PCOS,_T,201911,2016-Q1,-0.01,A,0,1,
OECD.SDD.STES:DSD_STES_REVISIONS@DF_STES_REVISIONS(4.0),EA19,Q,ULC,PT_PCOS,_T,202205,2016-Q1,0.04,A,0,1,
OECD.SDD.STES:DSD_STES_REVISIONS@DF_STES_REVISIONS(4.0),EA19,Q,ULC,PT_PCOS,_T,202002,2016-Q1,-0.01,A,0,1,
OECD.SDD.STES:DSD_STES_REVISIONS@DF_STES_REVISIONS(4.0),EA19,Q,ULC,PT_PCOS,_T,201806,2016-Q1,0.03,A,0,1,
OECD.SDD.STES:DSD_STES_REVISIONS@DF_STES_REVISIONS(4.0),EA19,Q,ULC,PT_PCOS,_T,202005,2016-Q1,-0.02,A,0,1,
OECD.SDD.STES:DSD_STES_REVISIONS@DF_STES_REVISIONS(4.0),EA19,Q,ULC,PT_PCOS,_T,202007,2016-Q1,-0.02,A,0,1,
OECD.SDD.STES:DSD_STES_REVISIONS@DF_STES_REVISIONS(4.0),EA19,Q,ULC,PT_PCOS,_T,201811,2016-Q1,-0.12,A,0,1,
OECD.SDD.STES:DSD_STES_REVISIONS@DF_STES_REVISIONS(4.0),EA19,Q,ULC,PT_PCOS,_T,201906,2016-Q1,-0.09,A,0,1,
OECD.SDD.STES:DSD_STES_REVISIONS@DF_STES_REVISIONS(4.0),EA19,Q,ULC,PT_PCOS,_T,202203,2016-Q1,0.04,A,0,1,
OECD.SDD.STES:DSD_STES_REVISIONS@DF_STES_REVISIONS(4.0),EA19,Q,ULC,PT_PCOS,_T,201810,2016-Q1,-0.13,A,0,1,
OECD.SDD.STES:DSD_STES_REVISIONS@DF_STES_REVISIONS(4.0),EA19,Q,ULC,PT_PCOS,_T,201903,2016-Q1,-0.1,A,0,1,
OECD.SDD.STES:DSD_STES_REVISIONS@DF_STES_REVISIONS(4.0),EA19,Q,ULC,PT_PCOS,_T,201808,2016-Q1,-0.02,A,0,1,
OECD.SDD.STES:DSD_STES_REVISIONS@DF_STES_REVISIONS(4.0),EA19,Q,ULC,PT_PCOS,_T,202009,2016-Q1,0,A,0,1,
OECD.SDD.STES:DSD_STES_REVISIONS@DF_STES_REVISIONS(4.0),EA19,Q,ULC,PT_PCOS,_T,202001,2016-Q1,-0.02,A,0,1,
OECD.SDD.STES:DSD_STES_REVISIONS@DF_STES_REVISIONS(4.0),EA19,Q,ULC,PT_PCOS,_T,202008,2016-Q1,0,A,0,1,
OECD.SDD.STES:DSD_STES_REVISIONS@DF_STES_REVISIONS(4.0),EA19,Q,ULC,PT_PCOS,_T,202012,2016-Q1,0.04,A,0,1,
OECD.SDD.STES:DSD_STES_REVISIONS@DF_STES_REVISIONS(4.0),EA19,Q,ULC,PT_PCOS,_T,202107,2016-Q1,0.1,A,0,1,
OECD.SDD.STES:DSD_STES_REVISIONS@DF_STES_REVISIONS(4.0),EA19,Q,ULC,PT_PCOS,_T,202212,2016-Q2,0.36,A,0,1,
OECD.SDD.STES:DSD_STES_REVISIONS@DF_STES_REVISIONS(4.0),EA19,Q,ULC,PT_PCOS,_T,201902,2016-Q2,0.3,A,0,1,
OECD.SDD.STES:DSD_STES_REVISIONS@DF_STES_REVISIONS(4.0),EA19,Q,ULC,PT_PCOS,_T,202204,2016-Q2,0.35,A,0,1,
OECD.SDD.STES:DSD_STES_REVISIONS@DF_STES_REVISIONS(4.0),EA19,Q,ULC,PT_PCOS,_T,202211,2016-Q2,0.36,A,0,1,
OECD.SDD.STES:DSD_STES_REVISIONS@DF_STES_REVISIONS(4.0),EA19,Q,ULC,PT_PCOS,_T,202109,2016-Q2,0.32,A,0,1,
OECD.SDD.STES:DSD_STES_REVISIONS@DF_STES_REVISIONS(4.0),EA19,Q,ULC,PT_PCOS,_T,201912,2016-Q2,0.3,A,0,1,
OECD.SDD.STES:DSD_STES_REVISIONS@DF_STES_REVISIONS(4.0),EA19,Q,ULC,PT_PCOS,_T,202201,2016-Q2,0.34,A,0,1,
OECD.SDD.STES:DSD_STES_REVISIONS@DF_STES_REVISIONS(4.0),EA19,Q,ULC,PT_PCOS,_T,202105,2016-Q2,0.32,A,0,1,
OECD.SDD.STES:DSD_STES_REVISIONS@DF_STES_REVISIONS(4.0),EA19,Q,ULC,PT_PCOS,_T,202010,2016-Q2,0.3,A,0,1,
OECD.SDD.STES:DSD_STES_REVISIONS@DF_STES_REVISIONS(4.0),EA19,Q,ULC,PT_PCOS,_T,202202,2016-Q2,0.34,A,0,1,
OECD.SDD.STES:DSD_STES_REVISIONS@DF_STES_REVISIONS(4.0),EA19,Q,ULC,PT_PCOS,_T,202106,2016-Q2,0.32,A,0,1,
OECD.SDD.STES:DSD_STES_REVISIONS@DF_STES_REVISIONS(4.0),EA19,Q,ULC,PT_PCOS,_T,202004,2016-Q2,0.3,A,0,1,
OECD.SDD.STES:DSD_STES_REVISIONS@DF_STES_REVISIONS(4.0),EA19,Q,ULC,PT_PCOS,_T,202210,2016-Q2,0.35,A,0,1,
OECD.SDD.STES:DSD_STES_REVISIONS@DF_STES_REVISIONS(4.0),EA19,Q,ULC,PT_PCOS,_T,201907,2016-Q2,0.28,A,0,1,
OECD.SDD.STES:DSD_STES_REVISIONS@DF_STES_REVISIONS(4.0),EA19,Q,ULC,PT_PCOS,_T,201809,2016-Q2,0.3,A,0,1,
OECD.SDD.STES:DSD_STES_REVISIONS@DF_STES_REVISIONS(4.0),EA19,Q,ULC,PT_PCOS,_T,202206,2016-Q2,0.35,A,0,1,
OECD.SDD.STES:DSD_STES_REVISIONS@DF_STES_REVISIONS(4.0),EA19,Q,ULC,PT_PCOS,_T,202209,2016-Q2,0.37,A,0,1,
OECD.SDD.STES:DSD_STES_REVISIONS@DF_STES_REVISIONS(4.0),EA19,Q,ULC,PT_PCOS,_T,202011,2016-Q2,0.33,A,0,1,
OECD.SDD.STES:DSD_STES_REVISIONS@DF_STES_REVISIONS(4.0),EA19,Q,ULC,PT_PCOS,_T,202110,2016-Q2,0.33,A,0,1,
OECD.SDD.STES:DSD_STES_REVISIONS@DF_STES_REVISIONS(4.0),EA19,Q,ULC,PT_PCOS,_T,202108,2016-Q2,0.32,A,0,1,
OECD.SDD.STES:DSD_STES_REVISIONS@DF_STES_REVISIONS(4.0),EA19,Q,ULC,PT_PCOS,_T,202301,2016-Q2,0.37,A,0,1,
OECD.SDD.STES:DSD_STES_REVISIONS@DF_STES_REVISIONS(4.0),EA19,Q,ULC,PT_PCOS,_T,202207,2016-Q2,0.37,A,0,1,
OECD.SDD.STES:DSD_STES_REVISIONS@DF_STES_REVISIONS(4.0),EA19,Q,ULC,PT_PCOS,_T,201911,2016-Q2,0.3,A,0,1,
OECD.SDD.STES:DSD_STES_REVISIONS@DF_STES_REVISIONS(4.0),EA19,Q,ULC,PT_PCOS,_T,202302,2016-Q2,0.37,A,0,1,
OECD.SDD.STES:DSD_STES_REVISIONS@DF_STES_REVISIONS(4.0),EA19,Q,ULC,PT_PCOS,_T,202205,2016-Q2,0.35,A,0,1,
OECD.SDD.STES:DSD_STES_REVISIONS@DF_STES_REVISIONS(4.0),EA19,Q,ULC,PT_PCOS,_T,202104,2016-Q2,0.32,A,0,1,
OECD.SDD.STES:DSD_STES_REVISIONS@DF_STES_REVISIONS(4.0),EA19,Q,ULC,PT_PCOS,_T,201711,2016-Q2,0.25,A,0,1,
OECD.SDD.STES:DSD_STES_REVISIONS@DF_STES_REVISIONS(4.0),EA19,Q,ULC,PT_PCOS,_T,202303,2016-Q2,0.37,A,0,1,
OECD.SDD.STES:DSD_STES_REVISIONS@DF_STES_REVISIONS(4.0),EA19,Q,ULC,PT_PCOS,_T,202111,2016-Q2,0.33,A,0,1,
OECD.SDD.STES:DSD_STES_REVISIONS@DF_STES_REVISIONS(4.0),EA19,Q,ULC,PT_PCOS,_T,201704,2016-Q2,0.16,A,0,1,
OECD.SDD.STES:DSD_STES_REVISIONS@DF_STES_REVISIONS(4.0),EA19,Q,ULC,PT_PCOS,_T,202112,2016-Q2,0.33,A,0,1,
OECD.SDD.STES:DSD_STES_REVISIONS@DF_STES_REVISIONS(4.0),EA19,Q,ULC,PT_PCOS,_T,202007,2016-Q2,0.28,A,0,1,
OECD.SDD.STES:DSD_STES_REVISIONS@DF_STES_REVISIONS(4.0),EA19,Q,ULC,PT_PCOS,_T,201910,2016-Q2,0.28,A,0,1,
OECD.SDD.STES:DSD_STES_REVISIONS@DF_STES_REVISIONS(4.0),EA19,Q,ULC,PT_PCOS,_T,201712,2016-Q2,0.25,A,0,1,
OECD.SDD.STES:DSD_STES_REVISIONS@DF_STES_REVISIONS(4.0),EA19,Q,ULC,PT_PCOS,_T,201810,2016-Q2,0.33,A,0,1,
OECD.SDD.STES:DSD_STES_REVISIONS@DF_STES_REVISIONS(4.0),EA19,Q,ULC,PT_PCOS,_T,202203,2016-Q2,0.34,A,0,1,
OECD.SDD.STES:DSD_STES_REVISIONS@DF_STES_REVISIONS(4.0),EA19,Q,ULC,PT_PCOS,_T,201808,2016-Q2,0.3,A,0,1,
OECD.SDD.STES:DSD_STES_REVISIONS@DF_STES_REVISIONS(4.0),EA19,Q,ULC,PT_PCOS,_T,202009,2016-Q2,0.3,A,0,1,
OECD.SDD.STES:DSD_STES_REVISIONS@DF_STES_REVISIONS(4.0),EA19,Q,ULC,PT_PCOS,_T,202001,2016-Q2,0.32,A,0,1,
OECD.SDD.STES:DSD_STES_REVISIONS@DF_STES_REVISIONS(4.0),EA19,Q,ULC,PT_PCOS,_T,202008,2016-Q2,0.3,A,0,1,
OECD.SDD.STES:DSD_STES_REVISIONS@DF_STES_REVISIONS(4.0),EA19,Q,ULC,PT_PCOS,_T,202208,2016-Q2,0.38,A,0,1,
OECD.SDD.STES:DSD_STES_REVISIONS@DF_STES_REVISIONS(4.0),EA19,Q,ULC,PT_PCOS,_T,202012,2016-Q2,0.33,A,0,1,
OECD.SDD.STES:DSD_STES_REVISIONS@DF_STES_REVISIONS(4.0),EA19,Q,ULC,PT_PCOS,_T,201905,2016-Q3,0.37,A,0,1,
OECD.SDD.STES:DSD_STES_REVISIONS@DF_STES_REVISIONS(4.0),EA19,Q,ULC,PT_PCOS,_T,201902,2016-Q3,0.37,A,0,1,
OECD.SDD.STES:DSD_STES_REVISIONS@DF_STES_REVISIONS(4.0),EA19,Q,ULC,PT_PCOS,_T,201908,2016-Q3,0.35,A,0,1,
OECD.SDD.STES:DSD_STES_REVISIONS@DF_STES_REVISIONS(4.0),EA19,Q,ULC,PT_PCOS,_T,202204,2016-Q3,0.26,A,0,1,
OECD.SDD.STES:DSD_STES_REVISIONS@DF_STES_REVISIONS(4.0),EA19,Q,ULC,PT_PCOS,_T,201812,2016-Q3,0.38,A,0,1,
OECD.SDD.STES:DSD_STES_REVISIONS@DF_STES_REVISIONS(4.0),EA19,Q,ULC,PT_PCOS,_T,202201,2016-Q3,0.26,A,0,1,
OECD.SDD.STES:DSD_STES_REVISIONS@DF_STES_REVISIONS(4.0),EA19,Q,ULC,PT_PCOS,_T,202102,2016-Q3,0.3,A,0,1,
OECD.SDD.STES:DSD_STES_REVISIONS@DF_STES_REVISIONS(4.0),EA19,Q,ULC,PT_PCOS,_T,202202,2016-Q3,0.26,A,0,1,
OECD.SDD.STES:DSD_STES_REVISIONS@DF_STES_REVISIONS(4.0),EA19,Q,ULC,PT_PCOS,_T,201909,2016-Q3,0.35,A,0,1,
OECD.SDD.STES:DSD_STES_REVISIONS@DF_STES_REVISIONS(4.0),EA19,Q,ULC,PT_PCOS,_T,201907,2016-Q3,0.37,A,0,1,
OECD.SDD.STES:DSD_STES_REVISIONS@DF_STES_REVISIONS(4.0),EA19,Q,ULC,PT_PCOS,_T,202101,2016-Q3,0.3,A,0,1,
OECD.SDD.STES:DSD_STES_REVISIONS@DF_STES_REVISIONS(4.0),EA19,Q,ULC,PT_PCOS,_T,201809,2016-Q3,0.35,A,0,1,
OECD.SDD.STES:DSD_STES_REVISIONS@DF_STES_REVISIONS(4.0),EA19,Q,ULC,PT_PCOS,_T,202206,2016-Q3,0.26,A,0,1,
OECD.SDD.STES:DSD_STES_REVISIONS@DF_STES_REVISIONS(4.0),EA19,Q,ULC,PT_PCOS,_T,201904,2016-Q3,0.37,A,0,1,
OECD.SDD.STES:DSD_STES_REVISIONS@DF_STES_REVISIONS(4.0),EA19,Q,ULC,PT_PCOS,_T,201901,2016-Q3,0.37,A,0,1,
OECD.SDD.STES:DSD_STES_REVISIONS@DF_STES_REVISIONS(4.0),EA19,Q,ULC,PT_PCOS,_T,202103,2016-Q3,0.3,A,0,1,
OECD.SDD.STES:DSD_STES_REVISIONS@DF_STES_REVISIONS(4.0),EA19,Q,ULC,PT_PCOS,_T,202110,2016-Q3,0.28,A,0,1,
OECD.SDD.STES:DSD_STES_REVISIONS@DF_STES_REVISIONS(4.0),EA19,Q,ULC,PT_PCOS,_T,202205,2016-Q3,0.26,A,0,1,
OECD.SDD.STES:DSD_STES_REVISIONS@DF_STES_REVISIONS(4.0),EA19,Q,ULC,PT_PCOS,_T,201802,2016-Q3,0.32,A,0,1,
OECD.SDD.STES:DSD_STES_REVISIONS@DF_STES_REVISIONS(4.0),EA19,Q,ULC,PT_PCOS,_T,201806,2016-Q3,0.3,A,0,1,
OECD.SDD.STES:DSD_STES_REVISIONS@DF_STES_REVISIONS(4.0),EA19,Q,ULC,PT_PCOS,_T,201801,2016-Q3,0.32,A,0,1,
OECD.SDD.STES:DSD_STES_REVISIONS@DF_STES_REVISIONS(4.0),EA19,Q,ULC,PT_PCOS,_T,202111,2016-Q3,0.28,A,0,1,
OECD.SDD.STES:DSD_STES_REVISIONS@DF_STES_REVISIONS(4.0),EA19,Q,ULC,PT_PCOS,_T,202005,2016-Q3,0.28,A,0,1,
OECD.SDD.STES:DSD_STES_REVISIONS@DF_STES_REVISIONS(4.0),EA19,Q,ULC,PT_PCOS,_T,202112,2016-Q3,0.28,A,0,1,
OECD.SDD.STES:DSD_STES_REVISIONS@DF_STES_REVISIONS(4.0),EA19,Q,ULC,PT_PCOS,_T,201811,2016-Q3,0.38,A,0,1,
OECD.SDD.STES:DSD_STES_REVISIONS@DF_STES_REVISIONS(4.0),EA19,Q,ULC,PT_PCOS,_T,201906,2016-Q3,0.37,A,0,1,
OECD.SDD.STES:DSD_STES_REVISIONS@DF_STES_REVISIONS(4.0),EA19,Q,ULC,PT_PCOS,_T,201910,2016-Q3,0.3,A,0,1,
OECD.SDD.STES:DSD_STES_REVISIONS@DF_STES_REVISIONS(4.0),EA19,Q,ULC,PT_PCOS,_T,201803,2016-Q3,0.32,A,0,1,
OECD.SDD.STES:DSD_STES_REVISIONS@DF_STES_REVISIONS(4.0),EA19,Q,ULC,PT_PCOS,_T,201701,2016-Q3,0.3,A,0,1,
OECD.SDD.STES:DSD_STES_REVISIONS@DF_STES_REVISIONS(4.0),EA19,Q,ULC,PT_PCOS,_T,202203,2016-Q3,0.26,A,0,1,
OECD.SDD.STES:DSD_STES_REVISIONS@DF_STES_REVISIONS(4.0),EA19,Q,ULC,PT_PCOS,_T,201810,2016-Q3,0.37,A,0,1,
OECD.SDD.STES:DSD_STES_REVISIONS@DF_STES_REVISIONS(4.0),EA19,Q,ULC,PT_PCOS,_T,201903,2016-Q3,0.37,A,0,1,
OECD.SDD.STES:DSD_STES_REVISIONS@DF_STES_REVISIONS(4.0),EA19,Q,ULC,PT_PCOS,_T,201808,2016-Q3,0.35,A,0,1,
OECD.SDD.STES:DSD_STES_REVISIONS@DF_STES_REVISIONS(4.0),EA19,Q,ULC,PT_PCOS,_T,202009,2016-Q3,0.3,A,0,1,
OECD.SDD.STES:DSD_STES_REVISIONS@DF_STES_REVISIONS(4.0),EA19,Q,ULC,PT_PCOS,_T,202001,2016-Q3,0.28,A,0,1,
OECD.SDD.STES:DSD_STES_REVISIONS@DF_STES_REVISIONS(4.0),EA19,Q,ULC,PT_PCOS,_T,202008,2016-Q3,0.3,A,0,1,
OECD.SDD.STES:DSD_STES_REVISIONS@DF_STES_REVISIONS(4.0),EA19,Q,ULC,PT_PCOS,_T,202107,2016-Q3,0.3,A,0,1,
OECD.SDD.STES:DSD_STES_REVISIONS@DF_STES_REVISIONS(4.0),EA19,Q,ULC,PT_PCOS,_T,201804,2016-Q3,0.3,A,0,1,
OECD.SDD.STES:DSD_STES_REVISIONS@DF_STES_REVISIONS(4.0),EA19,Q,ULC,PT_PCOS,_T,201905,2016-Q4,0.03,A,0,1,
OECD.SDD.STES:DSD_STES_REVISIONS@DF_STES_REVISIONS(4.0),EA19,Q,ULC,PT_PCOS,_T,201902,2016-Q4,0.04,A,0,1,
OECD.SDD.STES:DSD_STES_REVISIONS@DF_STES_REVISIONS(4.0),EA19,Q,ULC,PT_PCOS,_T,201908,2016-Q4,0.03,A,0,1,
OECD.SDD.STES:DSD_STES_REVISIONS@DF_STES_REVISIONS(4.0),EA19,Q,ULC,PT_PCOS,_T,202109,2016-Q4,0.01,A,0,1,
OECD.SDD.STES:DSD_STES_REVISIONS@DF_STES_REVISIONS(4.0),EA19,Q,ULC,PT_PCOS,_T,202201,2016-Q4,0.1,A,0,1,
OECD.SDD.STES:DSD_STES_REVISIONS@DF_STES_REVISIONS(4.0),EA19,Q,ULC,PT_PCOS,_T,201708,2016-Q4,0.26,A,0,1,
OECD.SDD.STES:DSD_STES_REVISIONS@DF_STES_REVISIONS(4.0),EA19,Q,ULC,PT_PCOS,_T,202105,2016-Q4,-0.02,A,0,1,
OECD.SDD.STES:DSD_STES_REVISIONS@DF_STES_REVISIONS(4.0),EA19,Q,ULC,PT_PCOS,_T,202102,2016-Q4,0.04,A,0,1,
OECD.SDD.STES:DSD_STES_REVISIONS@DF_STES_REVISIONS(4.0),EA19,Q,ULC,PT_PCOS,_T,202202,2016-Q4,0.1,A,0,1,
OECD.SDD.STES:DSD_STES_REVISIONS@DF_STES_REVISIONS(4.0),EA19,Q,ULC,PT_PCOS,_T,202106,2016-Q4,-0.02,A,0,1,
OECD.SDD.STES:DSD_STES_REVISIONS@DF_STES_REVISIONS(4.0),EA19,Q,ULC,PT_PCOS,_T,201909,2016-Q4,0.03,A,0,1,
OECD.SDD.STES:DSD_STES_REVISIONS@DF_STES_REVISIONS(4.0),EA19,Q,ULC,PT_PCOS,_T,201907,2016-Q4,0.03,A,0,1,
OECD.SDD.STES:DSD_STES_REVISIONS@DF_STES_REVISIONS(4.0),EA19,Q,ULC,PT_PCOS,_T,202101,2016-Q4,0.04,A,0,1,
OECD.SDD.STES:DSD_STES_REVISIONS@DF_STES_REVISIONS(4.0),EA19,Q,ULC,PT_PCOS,_T,201809,2016-Q4,0.03,A,0,1,
OECD.SDD.STES:DSD_STES_REVISIONS@DF_STES_REVISIONS(4.0),EA19,Q,ULC,PT_PCOS,_T,201904,2016-Q4,0.03,A,0,1,
OECD.SDD.STES:DSD_STES_REVISIONS@DF_STES_REVISIONS(4.0),EA19,Q,ULC,PT_PCOS,_T,201901,2016-Q4,0.04,A,0,1,
OECD.SDD.STES:DSD_STES_REVISIONS@DF_STES_REVISIONS(4.0),EA19,Q,ULC,PT_PCOS,_T,202103,2016-Q4,0.04,A,0,1,
OECD.SDD.STES:DSD_STES_REVISIONS@DF_STES_REVISIONS(4.0),EA19,Q,ULC,PT_PCOS,_T,202108,2016-Q4,0,A,0,1,
OECD.SDD.STES:DSD_STES_REVISIONS@DF_STES_REVISIONS(4.0),EA19,Q,ULC,PT_PCOS,_T,201709,2016-Q4,0.26,A,0,1,
OECD.SDD.STES:DSD_STES_REVISIONS@DF_STES_REVISIONS(4.0),EA19,Q,ULC,PT_PCOS,_T,202104,2016-Q4,-0.02,A,0,1,
OECD.SDD.STES:DSD_STES_REVISIONS@DF_STES_REVISIONS(4.0),EA19,Q,ULC,PT_PCOS,_T,201707,2016-Q4,0.33,A,0,1,
OECD.SDD.STES:DSD_STES_REVISIONS@DF_STES_REVISIONS(4.0),EA19,Q,ULC,PT_PCOS,_T,201906,2016-Q4,0.03,A,0,1,
OECD.SDD.STES:DSD_STES_REVISIONS@DF_STES_REVISIONS(4.0),EA19,Q,ULC,PT_PCOS,_T,201910,2016-Q4,0,A,0,1,
OECD.SDD.STES:DSD_STES_REVISIONS@DF_STES_REVISIONS(4.0),EA19,Q,ULC,PT_PCOS,_T,201712,2016-Q4,0.26,A,0,1,
OECD.SDD.STES:DSD_STES_REVISIONS@DF_STES_REVISIONS(4.0),EA19,Q,ULC,PT_PCOS,_T,202203,2016-Q4,0.1,A,0,1,
OECD.SDD.STES:DSD_STES_REVISIONS@DF_STES_REVISIONS(4.0),EA19,Q,ULC,PT_PCOS,_T,201903,2016-Q4,0.03,A,0,1,
OECD.SDD.STES:DSD_STES_REVISIONS@DF_STES_REVISIONS(4.0),EA19,Q,ULC,PT_PCOS,_T,201808,2016-Q4,0.03,A,0,1,
OECD.SDD.STES:DSD_STES_REVISIONS@DF_STES_REVISIONS(4.0),EA19,Q,ULC,PT_PCOS,_T,202001,2016-Q4,0.04,A,0,1,
OECD.SDD.STES:DSD_STES_REVISIONS@DF_STES_REVISIONS(4.0),EA19,Q,ULC,PT_PCOS,_T,202208,2016-Q4,0.1,A,0,1,
OECD.SDD.STES:DSD_STES_REVISIONS@DF_STES_REVISIONS(4.0),EA19,Q,ULC,PT_PCOS,_T,202107,2016-Q4,-0.02,A,0,1,
OECD.SDD.STES:DSD_STES_REVISIONS@DF_STES_REVISIONS(4.0),EA19,Q,ULC,PT_PCOS,_T,202003,2017-Q1,0.25,A,0,1,
OECD.SDD.STES:DSD_STES_REVISIONS@DF_STES_REVISIONS(4.0),EA19,Q,ULC,PT_PCOS,_T,201812,2017-Q1,0.16,A,0,1,
OECD.SDD.STES:DSD_STES_REVISIONS@DF_STES_REVISIONS(4.0),EA19,Q,ULC,PT_PCOS,_T,202105,2017-Q1,0.28,A,0,1,
OECD.SDD.STES:DSD_STES_REVISIONS@DF_STES_REVISIONS(4.0),EA19,Q,ULC,PT_PCOS,_T,202106,2017-Q1,0.28,A,0,1,
OECD.SDD.STES:DSD_STES_REVISIONS@DF_STES_REVISIONS(4.0),EA19,Q,ULC,PT_PCOS,_T,201710,2017-Q1,0.3,A,0,1,
OECD.SDD.STES:DSD_STES_REVISIONS@DF_STES_REVISIONS(4.0),EA19,Q,ULC,PT_PCOS,_T,202108,2017-Q1,0.25,A,0,1,
OECD.SDD.STES:DSD_STES_REVISIONS@DF_STES_REVISIONS(4.0),EA19,Q,ULC,PT_PCOS,_T,202301,2017-Q1,0.26,A,0,1,
OECD.SDD.STES:DSD_STES_REVISIONS@DF_STES_REVISIONS(4.0),EA19,Q,ULC,PT_PCOS,_T,202302,2017-Q1,0.26,A,0,1,
OECD.SDD.STES:DSD_STES_REVISIONS@DF_STES_REVISIONS(4.0),EA19,Q,ULC,PT_PCOS,_T,202104,2017-Q1,0.28,A,0,1,
OECD.SDD.STES:DSD_STES_REVISIONS@DF_STES_REVISIONS(4.0),EA19,Q,ULC,PT_PCOS,_T,202002,2017-Q1,0.25,A,0,1,
OECD.SDD.STES:DSD_STES_REVISIONS@DF_STES_REVISIONS(4.0),EA19,Q,ULC,PT_PCOS,_T,201802,2017-Q1,0.25,A,0,1,
OECD.SDD.STES:DSD_STES_REVISIONS@DF_STES_REVISIONS(4.0),EA19,Q,ULC,PT_PCOS,_T,201711,2017-Q1,0.28,A,0,1,
OECD.SDD.STES:DSD_STES_REVISIONS@DF_STES_REVISIONS(4.0),EA19,Q,ULC,PT_PCOS,_T,202303,2017-Q1,0.26,A,0,1,
OECD.SDD.STES:DSD_STES_REVISIONS@DF_STES_REVISIONS(4.0),EA19,Q,ULC,PT_PCOS,_T,201806,2017-Q1,0.13,A,0,1,
OECD.SDD.STES:DSD_STES_REVISIONS@DF_STES_REVISIONS(4.0),EA19,Q,ULC,PT_PCOS,_T,201801,2017-Q1,0.25,A,0,1,
OECD.SDD.STES:DSD_STES_REVISIONS@DF_STES_REVISIONS(4.0),EA19,Q,ULC,PT_PCOS,_T,201811,2017-Q1,0.16,A,0,1,
OECD.SDD.STES:DSD_STES_REVISIONS@DF_STES_REVISIONS(4.0),EA19,Q,ULC,PT_PCOS,_T,201803,2017-Q1,0.25,A,0,1,
OECD.SDD.STES:DSD_STES_REVISIONS@DF_STES_REVISIONS(4.0),EA19,Q,ULC,PT_PCOS,_T,201712,2017-Q1,0.25,A,0,1,
OECD.SDD.STES:DSD_STES_REVISIONS@DF_STES_REVISIONS(4.0),EA19,Q,ULC,PT_PCOS,_T,202107,2017-Q1,0.28,A,0,1,
OECD.SDD.STES:DSD_STES_REVISIONS@DF_STES_REVISIONS(4.0),EA19,Q,ULC,PT_PCOS,_T,202212,2017-Q2,-0.04,A,0,1,
OECD.SDD.STES:DSD_STES_REVISIONS@DF_STES_REVISIONS(4.0),EA19,Q,ULC,PT_PCOS,_T,202003,2017-Q2,0.03,A,0,1,
OECD.SDD.STES:DSD_STES_REVISIONS@DF_STES_REVISIONS(4.0),EA19,Q,ULC,PT_PCOS,_T,201807,2017-Q2,0.04,A,0,1,
OECD.SDD.STES:DSD_STES_REVISIONS@DF_STES_REVISIONS(4.0),EA19,Q,ULC,PT_PCOS,_T,202204,2017-Q2,-0.04,A,0,1,
OECD.SDD.STES:DSD_STES_REVISIONS@DF_STES_REVISIONS(4.0),EA19,Q,ULC,PT_PCOS,_T,202211,2017-Q2,-0.04,A,0,1,
OECD.SDD.STES:DSD_STES_REVISIONS@DF_STES_REVISIONS(4.0),EA19,Q,ULC,PT_PCOS,_T,202109,2017-Q2,-0.05,A,0,1,
OECD.SDD.STES:DSD_STES_REVISIONS@DF_STES_REVISIONS(4.0),EA19,Q,ULC,PT_PCOS,_T,201912,2017-Q2,0.04,A,0,1,
OECD.SDD.STES:DSD_STES_REVISIONS@DF_STES_REVISIONS(4.0),EA19,Q,ULC,PT_PCOS,_T,202201,2017-Q2,-0.05,A,0,1,
OECD.SDD.STES:DSD_STES_REVISIONS@DF_STES_REVISIONS(4.0),EA19,Q,ULC,PT_PCOS,_T,202105,2017-Q2,0.01,A,0,1,
OECD.SDD.STES:DSD_STES_REVISIONS@DF_STES_REVISIONS(4.0),EA19,Q,ULC,PT_PCOS,_T,202202,2017-Q2,-0.05,A,0,1,
OECD.SDD.STES:DSD_STES_REVISIONS@DF_STES_REVISIONS(4.0),EA19,Q,ULC,PT_PCOS,_T,202106,2017-Q2,0.01,A,0,1,
OECD.SDD.STES:DSD_STES_REVISIONS@DF_STES_REVISIONS(4.0),EA19,Q,ULC,PT_PCOS,_T,202004,2017-Q2,0.03,A,0,1,
OECD.SDD.STES:DSD_STES_REVISIONS@DF_STES_REVISIONS(4.0),EA19,Q,ULC,PT_PCOS,_T,202006,2017-Q2,0.04,A,0,1,
OECD.SDD.STES:DSD_STES_REVISIONS@DF_STES_REVISIONS(4.0),EA19,Q,ULC,PT_PCOS,_T,201710,2017-Q2,0.1,A,0,1,
OECD.SDD.STES:DSD_STES_REVISIONS@DF_STES_REVISIONS(4.0),EA19,Q,ULC,PT_PCOS,_T,202210,2017-Q2,0,A,0,1,
OECD.SDD.STES:DSD_STES_REVISIONS@DF_STES_REVISIONS(4.0),EA19,Q,ULC,PT_PCOS,_T,202206,2017-Q2,-0.04,A,0,1,
OECD.SDD.STES:DSD_STES_REVISIONS@DF_STES_REVISIONS(4.0),EA19,Q,ULC,PT_PCOS,_T,202209,2017-Q2,0,A,0,1,
OECD.SDD.STES:DSD_STES_REVISIONS@DF_STES_REVISIONS(4.0),EA19,Q,ULC,PT_PCOS,_T,202011,2017-Q2,0.1,A,0,1,
OECD.SDD.STES:DSD_STES_REVISIONS@DF_STES_REVISIONS(4.0),EA19,Q,ULC,PT_PCOS,_T,202110,2017-Q2,-0.04,A,0,1,
OECD.SDD.STES:DSD_STES_REVISIONS@DF_STES_REVISIONS(4.0),EA19,Q,ULC,PT_PCOS,_T,202108,2017-Q2,-0.04,A,0,1,
OECD.SDD.STES:DSD_STES_REVISIONS@DF_STES_REVISIONS(4.0),EA19,Q,ULC,PT_PCOS,_T,202301,2017-Q2,-0.04,A,0,1,
OECD.SDD.STES:DSD_STES_REVISIONS@DF_STES_REVISIONS(4.0),EA19,Q,ULC,PT_PCOS,_T,202207,2017-Q2,-0.05,A,0,1,
OECD.SDD.STES:DSD_STES_REVISIONS@DF_STES_REVISIONS(4.0),EA19,Q,ULC,PT_PCOS,_T,201911,2017-Q2,0.04,A,0,1,
OECD.SDD.STES:DSD_STES_REVISIONS@DF_STES_REVISIONS(4.0),EA19,Q,ULC,PT_PCOS,_T,202302,2017-Q2,-0.04,A,0,1,
OECD.SDD.STES:DSD_STES_REVISIONS@DF_STES_REVISIONS(4.0),EA19,Q,ULC,PT_PCOS,_T,202205,2017-Q2,-0.04,A,0,1,
OECD.SDD.STES:DSD_STES_REVISIONS@DF_STES_REVISIONS(4.0),EA19,Q,ULC,PT_PCOS,_T,202104,2017-Q2,0.02,A,0,1,
OECD.SDD.STES:DSD_STES_REVISIONS@DF_STES_REVISIONS(4.0),EA19,Q,ULC,PT_PCOS,_T,202002,2017-Q2,0.03,A,0,1,
OECD.SDD.STES:DSD_STES_REVISIONS@DF_STES_REVISIONS(4.0),EA19,Q,ULC,PT_PCOS,_T,202303,2017-Q2,-0.04,A,0,1,
OECD.SDD.STES:DSD_STES_REVISIONS@DF_STES_REVISIONS(4.0),EA19,Q,ULC,PT_PCOS,_T,202111,2017-Q2,-0.06,A,0,1,
OECD.SDD.STES:DSD_STES_REVISIONS@DF_STES_REVISIONS(4.0),EA19,Q,ULC,PT_PCOS,_T,202005,2017-Q2,0.04,A,0,1,
OECD.SDD.STES:DSD_STES_REVISIONS@DF_STES_REVISIONS(4.0),EA19,Q,ULC,PT_PCOS,_T,202112,2017-Q2,-0.06,A,0,1,
OECD.SDD.STES:DSD_STES_REVISIONS@DF_STES_REVISIONS(4.0),EA19,Q,ULC,PT_PCOS,_T,202007,2017-Q2,0.04,A,0,1,
OECD.SDD.STES:DSD_STES_REVISIONS@DF_STES_REVISIONS(4.0),EA19,Q,ULC,PT_PCOS,_T,201910,2017-Q2,0.1,A,0,1,
OECD.SDD.STES:DSD_STES_REVISIONS@DF_STES_REVISIONS(4.0),EA19,Q,ULC,PT_PCOS,_T,202203,2017-Q2,-0.06,A,0,1,
OECD.SDD.STES:DSD_STES_REVISIONS@DF_STES_REVISIONS(4.0),EA19,Q,ULC,PT_PCOS,_T,202001,2017-Q2,0.03,A,0,1,
OECD.SDD.STES:DSD_STES_REVISIONS@DF_STES_REVISIONS(4.0),EA19,Q,ULC,PT_PCOS,_T,202208,2017-Q2,0,A,0,1,
OECD.SDD.STES:DSD_STES_REVISIONS@DF_STES_REVISIONS(4.0),EA19,Q,ULC,PT_PCOS,_T,202012,2017-Q2,0.1,A,0,1,
OECD.SDD.STES:DSD_STES_REVISIONS@DF_STES_REVISIONS(4.0),EA19,Q,ULC,PT_PCOS,_T,202107,2017-Q2,0,A,0,1,
OECD.SDD.STES:DSD_STES_REVISIONS@DF_STES_REVISIONS(4.0),EA19,Q,ULC,PT_PCOS,_T,201902,2017-Q3,0.13,A,0,1,
OECD.SDD.STES:DSD_STES_REVISIONS@DF_STES_REVISIONS(4.0),EA19,Q,ULC,PT_PCOS,_T,201807,2017-Q3,0.12,A,0,1,
OECD.SDD.STES:DSD_STES_REVISIONS@DF_STES_REVISIONS(4.0),EA19,Q,ULC,PT_PCOS,_T,201908,2017-Q3,0.13,A,0,1,
OECD.SDD.STES:DSD_STES_REVISIONS@DF_STES_REVISIONS(4.0),EA19,Q,ULC,PT_PCOS,_T,202204,2017-Q3,0.12,A,0,1,
OECD.SDD.STES:DSD_STES_REVISIONS@DF_STES_REVISIONS(4.0),EA19,Q,ULC,PT_PCOS,_T,202201,2017-Q3,0.12,A,0,1,
OECD.SDD.STES:DSD_STES_REVISIONS@DF_STES_REVISIONS(4.0),EA19,Q,ULC,PT_PCOS,_T,202010,2017-Q3,0.02,A,0,1,
OECD.SDD.STES:DSD_STES_REVISIONS@DF_STES_REVISIONS(4.0),EA19,Q,ULC,PT_PCOS,_T,202202,2017-Q3,0.12,A,0,1,
OECD.SDD.STES:DSD_STES_REVISIONS@DF_STES_REVISIONS(4.0),EA19,Q,ULC,PT_PCOS,_T,201909,2017-Q3,0.13,A,0,1,
OECD.SDD.STES:DSD_STES_REVISIONS@DF_STES_REVISIONS(4.0),EA19,Q,ULC,PT_PCOS,_T,202210,2017-Q3,0.04,A,0,1,
OECD.SDD.STES:DSD_STES_REVISIONS@DF_STES_REVISIONS(4.0),EA19,Q,ULC,PT_PCOS,_T,201809,2017-Q3,0.11,A,0,1,
OECD.SDD.STES:DSD_STES_REVISIONS@DF_STES_REVISIONS(4.0),EA19,Q,ULC,PT_PCOS,_T,202206,2017-Q3,0.12,A,0,1,
OECD.SDD.STES:DSD_STES_REVISIONS@DF_STES_REVISIONS(4.0),EA19,Q,ULC,PT_PCOS,_T,202209,2017-Q3,0.02,A,0,1,
OECD.SDD.STES:DSD_STES_REVISIONS@DF_STES_REVISIONS(4.0),EA19,Q,ULC,PT_PCOS,_T,202110,2017-Q3,0.16,A,0,1,
OECD.SDD.STES:DSD_STES_REVISIONS@DF_STES_REVISIONS(4.0),EA19,Q,ULC,PT_PCOS,_T,202011,2017-Q3,0.02,A,0,1,
OECD.SDD.STES:DSD_STES_REVISIONS@DF_STES_REVISIONS(4.0),EA19,Q,ULC,PT_PCOS,_T,202301,2017-Q3,0.03,A,0,1,
OECD.SDD.STES:DSD_STES_REVISIONS@DF_STES_REVISIONS(4.0),EA19,Q,ULC,PT_PCOS,_T,202302,2017-Q3,0.03,A,0,1,
OECD.SDD.STES:DSD_STES_REVISIONS@DF_STES_REVISIONS(4.0),EA19,Q,ULC,PT_PCOS,_T,202205,2017-Q3,0.12,A,0,1,
OECD.SDD.STES:DSD_STES_REVISIONS@DF_STES_REVISIONS(4.0),EA19,Q,ULC,PT_PCOS,_T,201802,2017-Q3,0.11,A,0,1,
OECD.SDD.STES:DSD_STES_REVISIONS@DF_STES_REVISIONS(4.0),EA19,Q,ULC,PT_PCOS,_T,202303,2017-Q3,0.03,A,0,1,
OECD.SDD.STES:DSD_STES_REVISIONS@DF_STES_REVISIONS(4.0),EA19,Q,ULC,PT_PCOS,_T,201806,2017-Q3,0.12,A,0,1,
OECD.SDD.STES:DSD_STES_REVISIONS@DF_STES_REVISIONS(4.0),EA19,Q,ULC,PT_PCOS,_T,201801,2017-Q3,0.11,A,0,1,
OECD.SDD.STES:DSD_STES_REVISIONS@DF_STES_REVISIONS(4.0),EA19,Q,ULC,PT_PCOS,_T,202111,2017-Q3,0.16,A,0,1,
OECD.SDD.STES:DSD_STES_REVISIONS@DF_STES_REVISIONS(4.0),EA19,Q,ULC,PT_PCOS,_T,201805,2017-Q3,0.13,A,0,1,
OECD.SDD.STES:DSD_STES_REVISIONS@DF_STES_REVISIONS(4.0),EA19,Q,ULC,PT_PCOS,_T,202112,2017-Q3,0.16,A,0,1,
OECD.SDD.STES:DSD_STES_REVISIONS@DF_STES_REVISIONS(4.0),EA19,Q,ULC,PT_PCOS,_T,201910,2017-Q3,0.01,A,0,1,
OECD.SDD.STES:DSD_STES_REVISIONS@DF_STES_REVISIONS(4.0),EA19,Q,ULC,PT_PCOS,_T,201803,2017-Q3,0.11,A,0,1,
OECD.SDD.STES:DSD_STES_REVISIONS@DF_STES_REVISIONS(4.0),EA19,Q,ULC,PT_PCOS,_T,202203,2017-Q3,0.12,A,0,1,
OECD.SDD.STES:DSD_STES_REVISIONS@DF_STES_REVISIONS(4.0),EA19,Q,ULC,PT_PCOS,_T,201808,2017-Q3,0.11,A,0,1,
OECD.SDD.STES:DSD_STES_REVISIONS@DF_STES_REVISIONS(4.0),EA19,Q,ULC,PT_PCOS,_T,202208,2017-Q3,0.02,A,0,1,
OECD.SDD.STES:DSD_STES_REVISIONS@DF_STES_REVISIONS(4.0),EA19,Q,ULC,PT_PCOS,_T,202012,2017-Q3,0.02,A,0,1,
OECD.SDD.STES:DSD_STES_REVISIONS@DF_STES_REVISIONS(4.0),EA19,Q,ULC,PT_PCOS,_T,202107,2017-Q3,0.1,A,0,1,
OECD.SDD.STES:DSD_STES_REVISIONS@DF_STES_REVISIONS(4.0),EA19,Q,ULC,PT_PCOS,_T,201905,2017-Q4,0.33,A,0,1,
OECD.SDD.STES:DSD_STES_REVISIONS@DF_STES_REVISIONS(4.0),EA19,Q,ULC,PT_PCOS,_T,202212,2017-Q4,0.26,A,0,1,
OECD.SDD.STES:DSD_STES_REVISIONS@DF_STES_REVISIONS(4.0),EA19,Q,ULC,PT_PCOS,_T,201902,2017-Q4,0.36,A,0,1,
OECD.SDD.STES:DSD_STES_REVISIONS@DF_STES_REVISIONS(4.0),EA19,Q,ULC,PT_PCOS,_T,202003,2017-Q4,0.26,A,0,1,
OECD.SDD.STES:DSD_STES_REVISIONS@DF_STES_REVISIONS(4.0),EA19,Q,ULC,PT_PCOS,_T,201908,2017-Q4,0.32,A,0,1,
OECD.SDD.STES:DSD_STES_REVISIONS@DF_STES_REVISIONS(4.0),EA19,Q,ULC,PT_PCOS,_T,202204,2017-Q4,0.26,A,0,1,
OECD.SDD.STES:DSD_STES_REVISIONS@DF_STES_REVISIONS(4.0),EA19,Q,ULC,PT_PCOS,_T,202211,2017-Q4,0.26,A,0,1,
OECD.SDD.STES:DSD_STES_REVISIONS@DF_STES_REVISIONS(4.0),EA19,Q,ULC,PT_PCOS,_T,202004,2017-Q4,0.26,A,0,1,
OECD.SDD.STES:DSD_STES_REVISIONS@DF_STES_REVISIONS(4.0),EA19,Q,ULC,PT_PCOS,_T,201909,2017-Q4,0.32,A,0,1,
OECD.SDD.STES:DSD_STES_REVISIONS@DF_STES_REVISIONS(4.0),EA19,Q,ULC,PT_PCOS,_T,202006,2017-Q4,0.26,A,0,1,
OECD.SDD.STES:DSD_STES_REVISIONS@DF_STES_REVISIONS(4.0),EA19,Q,ULC,PT_PCOS,_T,202210,2017-Q4,0.26,A,0,1,
OECD.SDD.STES:DSD_STES_REVISIONS@DF_STES_REVISIONS(4.0),EA19,Q,ULC,PT_PCOS,_T,201907,2017-Q4,0.32,A,0,1,
OECD.SDD.STES:DSD_STES_REVISIONS@DF_STES_REVISIONS(4.0),EA19,Q,ULC,PT_PCOS,_T,201809,2017-Q4,0.26,A,0,1,
OECD.SDD.STES:DSD_STES_REVISIONS@DF_STES_REVISIONS(4.0),EA19,Q,ULC,PT_PCOS,_T,202206,2017-Q4,0.26,A,0,1,
OECD.SDD.STES:DSD_STES_REVISIONS@DF_STES_REVISIONS(4.0),EA19,Q,ULC,PT_PCOS,_T,201904,2017-Q4,0.34,A,0,1,
OECD.SDD.STES:DSD_STES_REVISIONS@DF_STES_REVISIONS(4.0),EA19,Q,ULC,PT_PCOS,_T,201901,2017-Q4,0.36,A,0,1,
OECD.SDD.STES:DSD_STES_REVISIONS@DF_STES_REVISIONS(4.0),EA19,Q,ULC,PT_PCOS,_T,202011,2017-Q4,0.26,A,0,1,
OECD.SDD.STES:DSD_STES_REVISIONS@DF_STES_REVISIONS(4.0),EA19,Q,ULC,PT_PCOS,_T,202110,2017-Q4,0.26,A,0,1,
OECD.SDD.STES:DSD_STES_REVISIONS@DF_STES_REVISIONS(4.0),EA19,Q,ULC,PT_PCOS,_T,202207,2017-Q4,0.3,A,0,1,
OECD.SDD.STES:DSD_STES_REVISIONS@DF_STES_REVISIONS(4.0),EA19,Q,ULC,PT_PCOS,_T,202205,2017-Q4,0.26,A,0,1,
OECD.SDD.STES:DSD_STES_REVISIONS@DF_STES_REVISIONS(4.0),EA19,Q,ULC,PT_PCOS,_T,202002,2017-Q4,0.26,A,0,1,
OECD.SDD.STES:DSD_STES_REVISIONS@DF_STES_REVISIONS(4.0),EA19,Q,ULC,PT_PCOS,_T,201806,2017-Q4,0.26,A,0,1,
OECD.SDD.STES:DSD_STES_REVISIONS@DF_STES_REVISIONS(4.0),EA19,Q,ULC,PT_PCOS,_T,201906,2017-Q4,0.33,A,0,1,
OECD.SDD.STES:DSD_STES_REVISIONS@DF_STES_REVISIONS(4.0),EA19,Q,ULC,PT_PCOS,_T,201910,2017-Q4,0.3,A,0,1,
OECD.SDD.STES:DSD_STES_REVISIONS@DF_STES_REVISIONS(4.0),EA19,Q,ULC,PT_PCOS,_T,201810,2017-Q4,0.36,A,0,1,
OECD.SDD.STES:DSD_STES_REVISIONS@DF_STES_REVISIONS(4.0),EA19,Q,ULC,PT_PCOS,_T,201903,2017-Q4,0.34,A,0,1,
OECD.SDD.STES:DSD_STES_REVISIONS@DF_STES_REVISIONS(4.0),EA19,Q,ULC,PT_PCOS,_T,201808,2017-Q4,0.26,A,0,1,
OECD.SDD.STES:DSD_STES_REVISIONS@DF_STES_REVISIONS(4.0),EA19,Q,ULC,PT_PCOS,_T,202001,2017-Q4,0.26,A,0,1,
OECD.SDD.STES:DSD_STES_REVISIONS@DF_STES_REVISIONS(4.0),EA19,Q,ULC,PT_PCOS,_T,202012,2017-Q4,0.26,A,0,1,
OECD.SDD.STES:DSD_STES_REVISIONS@DF_STES_REVISIONS(4.0),EA19,Q,ULC,PT_PCOS,_T,201905,2018-Q1,0.55,A,0,1,
OECD.SDD.STES:DSD_STES_REVISIONS@DF_STES_REVISIONS(4.0),EA19,Q,ULC,PT_PCOS,_T,202212,2018-Q1,0.81,A,0,1,
OECD.SDD.STES:DSD_STES_REVISIONS@DF_STES_REVISIONS(4.0),EA19,Q,ULC,PT_PCOS,_T,201807,2018-Q1,0.38,A,0,1,
OECD.SDD.STES:DSD_STES_REVISIONS@DF_STES_REVISIONS(4.0),EA19,Q,ULC,PT_PCOS,_T,202211,2018-Q1,0.81,A,0,1,
OECD.SDD.STES:DSD_STES_REVISIONS@DF_STES_REVISIONS(4.0),EA19,Q,ULC,PT_PCOS,_T,202201,2018-Q1,0.67,A,0,1,
OECD.SDD.STES:DSD_STES_REVISIONS@DF_STES_REVISIONS(4.0),EA19,Q,ULC,PT_PCOS,_T,202010,2018-Q1,0.59,A,0,1,
OECD.SDD.STES:DSD_STES_REVISIONS@DF_STES_REVISIONS(4.0),EA19,Q,ULC,PT_PCOS,_T,202102,2018-Q1,0.64,A,0,1,
OECD.SDD.STES:DSD_STES_REVISIONS@DF_STES_REVISIONS(4.0),EA19,Q,ULC,PT_PCOS,_T,202202,2018-Q1,0.67,A,0,1,
OECD.SDD.STES:DSD_STES_REVISIONS@DF_STES_REVISIONS(4.0),EA19,Q,ULC,PT_PCOS,_T,202101,2018-Q1,0.64,A,0,1,
OECD.SDD.STES:DSD_STES_REVISIONS@DF_STES_REVISIONS(4.0),EA19,Q,ULC,PT_PCOS,_T,201809,2018-Q1,0.45,A,0,1,
OECD.SDD.STES:DSD_STES_REVISIONS@DF_STES_REVISIONS(4.0),EA19,Q,ULC,PT_PCOS,_T,202103,2018-Q1,0.64,A,0,1,
OECD.SDD.STES:DSD_STES_REVISIONS@DF_STES_REVISIONS(4.0),EA19,Q,ULC,PT_PCOS,_T,202110,2018-Q1,0.65,A,0,1,
OECD.SDD.STES:DSD_STES_REVISIONS@DF_STES_REVISIONS(4.0),EA19,Q,ULC,PT_PCOS,_T,202301,2018-Q1,0.82,A,0,1,
OECD.SDD.STES:DSD_STES_REVISIONS@DF_STES_REVISIONS(4.0),EA19,Q,ULC,PT_PCOS,_T,202302,2018-Q1,0.82,A,0,1,
OECD.SDD.STES:DSD_STES_REVISIONS@DF_STES_REVISIONS(4.0),EA19,Q,ULC,PT_PCOS,_T,202303,2018-Q1,0.82,A,0,1,
OECD.SDD.STES:DSD_STES_REVISIONS@DF_STES_REVISIONS(4.0),EA19,Q,ULC,PT_PCOS,_T,201906,2018-Q1,0.55,A,0,1,
OECD.SDD.STES:DSD_STES_REVISIONS@DF_STES_REVISIONS(4.0),EA19,Q,ULC,PT_PCOS,_T,202203,2018-Q1,0.67,A,0,1,
OECD.SDD.STES:DSD_STES_REVISIONS@DF_STES_REVISIONS(4.0),EA19,Q,ULC,PT_PCOS,_T,201808,2018-Q1,0.45,A,0,1,
OECD.SDD.STES:DSD_STES_REVISIONS@DF_STES_REVISIONS(4.0),EA19,Q,ULC,PT_PCOS,_T,202003,2018-Q2,0.76,A,0,1,
OECD.SDD.STES:DSD_STES_REVISIONS@DF_STES_REVISIONS(4.0),EA19,Q,ULC,PT_PCOS,_T,201908,2018-Q2,0.65,A,0,1,
OECD.SDD.STES:DSD_STES_REVISIONS@DF_STES_REVISIONS(4.0),EA19,Q,ULC,PT_PCOS,_T,202204,2018-Q2,0.61,A,0,1,
OECD.SDD.STES:DSD_STES_REVISIONS@DF_STES_REVISIONS(4.0),EA19,Q,ULC,PT_PCOS,_T,202201,2018-Q2,0.59,A,0,1,
OECD.SDD.STES:DSD_STES_REVISIONS@DF_STES_REVISIONS(4.0),EA19,Q,ULC,PT_PCOS,_T,202105,2018-Q2,0.65,A,0,1,
OECD.SDD.STES:DSD_STES_REVISIONS@DF_STES_REVISIONS(4.0),EA19,Q,ULC,PT_PCOS,_T,202010,2018-Q2,0.76,A,0,1,
OECD.SDD.STES:DSD_STES_REVISIONS@DF_STES_REVISIONS(4.0),EA19,Q,ULC,PT_PCOS,_T,202202,2018-Q2,0.59,A,0,1,
OECD.SDD.STES:DSD_STES_REVISIONS@DF_STES_REVISIONS(4.0),EA19,Q,ULC,PT_PCOS,_T,202106,2018-Q2,0.65,A,0,1,
OECD.SDD.STES:DSD_STES_REVISIONS@DF_STES_REVISIONS(4.0),EA19,Q,ULC,PT_PCOS,_T,201909,2018-Q2,0.65,A,0,1,
OECD.SDD.STES:DSD_STES_REVISIONS@DF_STES_REVISIONS(4.0),EA19,Q,ULC,PT_PCOS,_T,202210,2018-Q2,0.59,A,0,1,
OECD.SDD.STES:DSD_STES_REVISIONS@DF_STES_REVISIONS(4.0),EA19,Q,ULC,PT_PCOS,_T,202206,2018-Q2,0.61,A,0,1,
OECD.SDD.STES:DSD_STES_REVISIONS@DF_STES_REVISIONS(4.0),EA19,Q,ULC,PT_PCOS,_T,201901,2018-Q2,0.59,A,0,1,
OECD.SDD.STES:DSD_STES_REVISIONS@DF_STES_REVISIONS(4.0),EA19,Q,ULC,PT_PCOS,_T,202110,2018-Q2,0.61,A,0,1,
OECD.SDD.STES:DSD_STES_REVISIONS@DF_STES_REVISIONS(4.0),EA19,Q,ULC,PT_PCOS,_T,202207,2018-Q2,0.59,A,0,1,
OECD.SDD.STES:DSD_STES_REVISIONS@DF_STES_REVISIONS(4.0),EA19,Q,ULC,PT_PCOS,_T,202205,2018-Q2,0.61,A,0,1,
OECD.SDD.STES:DSD_STES_REVISIONS@DF_STES_REVISIONS(4.0),EA19,Q,ULC,PT_PCOS,_T,202104,2018-Q2,0.65,A,0,1,
OECD.SDD.STES:DSD_STES_REVISIONS@DF_STES_REVISIONS(4.0),EA19,Q,ULC,PT_PCOS,_T,202002,2018-Q2,0.76,A,0,1,
OECD.SDD.STES:DSD_STES_REVISIONS@DF_STES_REVISIONS(4.0),EA19,Q,ULC,PT_PCOS,_T,202203,2018-Q2,0.59,A,0,1,
OECD.SDD.STES:DSD_STES_REVISIONS@DF_STES_REVISIONS(4.0),EA19,Q,ULC,PT_PCOS,_T,202208,2018-Q2,0.61,A,0,1,
OECD.SDD.STES:DSD_STES_REVISIONS@DF_STES_REVISIONS(4.0),EA19,Q,ULC,PT_PCOS,_T,202107,2018-Q2,0.61,A,0,1,
OECD.SDD.STES:DSD_STES_REVISIONS@DF_STES_REVISIONS(4.0),EA19,Q,ULC,PT_PCOS,_T,202212,2018-Q3,0.95,A,0,1,
OECD.SDD.STES:DSD_STES_REVISIONS@DF_STES_REVISIONS(4.0),EA19,Q,ULC,PT_PCOS,_T,201908,2018-Q3,0.81,A,0,1,
OECD.SDD.STES:DSD_STES_REVISIONS@DF_STES_REVISIONS(4.0),EA19,Q,ULC,PT_PCOS,_T,202204,2018-Q3,0.89,A,0,1,
OECD.SDD.STES:DSD_STES_REVISIONS@DF_STES_REVISIONS(4.0),EA19,Q,ULC,PT_PCOS,_T,202211,2018-Q3,0.95,A,0,1,
OECD.SDD.STES:DSD_STES_REVISIONS@DF_STES_REVISIONS(4.0),EA19,Q,ULC,PT_PCOS,_T,202109,2018-Q3,0.92,A,0,1,
OECD.SDD.STES:DSD_STES_REVISIONS@DF_STES_REVISIONS(4.0),EA19,Q,ULC,PT_PCOS,_T,201912,2018-Q3,0.73,A,0,1,
OECD.SDD.STES:DSD_STES_REVISIONS@DF_STES_REVISIONS(4.0),EA19,Q,ULC,PT_PCOS,_T,202201,2018-Q3,0.91,A,0,1,
OECD.SDD.STES:DSD_STES_REVISIONS@DF_STES_REVISIONS(4.0),EA19,Q,ULC,PT_PCOS,_T,202105,2018-Q3,0.86,A,0,1,
OECD.SDD.STES:DSD_STES_REVISIONS@DF_STES_REVISIONS(4.0),EA19,Q,ULC,PT_PCOS,_T,202010,2018-Q3,0.76,A,0,1,
OECD.SDD.STES:DSD_STES_REVISIONS@DF_STES_REVISIONS(4.0),EA19,Q,ULC,PT_PCOS,_T,202102,2018-Q3,0.87,A,0,1,
OECD.SDD.STES:DSD_STES_REVISIONS@DF_STES_REVISIONS(4.0),EA19,Q,ULC,PT_PCOS,_T,202202,2018-Q3,0.91,A,0,1,
OECD.SDD.STES:DSD_STES_REVISIONS@DF_STES_REVISIONS(4.0),EA19,Q,ULC,PT_PCOS,_T,202106,2018-Q3,0.86,A,0,1,
OECD.SDD.STES:DSD_STES_REVISIONS@DF_STES_REVISIONS(4.0),EA19,Q,ULC,PT_PCOS,_T,201909,2018-Q3,0.81,A,0,1,
OECD.SDD.STES:DSD_STES_REVISIONS@DF_STES_REVISIONS(4.0),EA19,Q,ULC,PT_PCOS,_T,202210,2018-Q3,0.93,A,0,1,
OECD.SDD.STES:DSD_STES_REVISIONS@DF_STES_REVISIONS(4.0),EA19,Q,ULC,PT_PCOS,_T,202101,2018-Q3,0.87,A,0,1,
OECD.SDD.STES:DSD_STES_REVISIONS@DF_STES_REVISIONS(4.0),EA19,Q,ULC,PT_PCOS,_T,202206,2018-Q3,0.89,A,0,1,
OECD.SDD.STES:DSD_STES_REVISIONS@DF_STES_REVISIONS(4.0),EA19,Q,ULC,PT_PCOS,_T,201904,2018-Q3,0.83,A,0,1,
OECD.SDD.STES:DSD_STES_REVISIONS@DF_STES_REVISIONS(4.0),EA19,Q,ULC,PT_PCOS,_T,202103,2018-Q3,0.87,A,0,1,
OECD.SDD.STES:DSD_STES_REVISIONS@DF_STES_REVISIONS(4.0),EA19,Q,ULC,PT_PCOS,_T,202209,2018-Q3,0.87,A,0,1,
OECD.SDD.STES:DSD_STES_REVISIONS@DF_STES_REVISIONS(4.0),EA19,Q,ULC,PT_PCOS,_T,202110,2018-Q3,0.92,A,0,1,
OECD.SDD.STES:DSD_STES_REVISIONS@DF_STES_REVISIONS(4.0),EA19,Q,ULC,PT_PCOS,_T,202011,2018-Q3,0.76,A,0,1,
OECD.SDD.STES:DSD_STES_REVISIONS@DF_STES_REVISIONS(4.0),EA19,Q,ULC,PT_PCOS,_T,202108,2018-Q3,0.9,A,0,1,
OECD.SDD.STES:DSD_STES_REVISIONS@DF_STES_REVISIONS(4.0),EA19,Q,ULC,PT_PCOS,_T,202301,2018-Q3,0.92,A,0,1,
OECD.SDD.STES:DSD_STES_REVISIONS@DF_STES_REVISIONS(4.0),EA19,Q,ULC,PT_PCOS,_T,202207,2018-Q3,0.91,A,0,1,
OECD.SDD.STES:DSD_STES_REVISIONS@DF_STES_REVISIONS(4.0),EA19,Q,ULC,PT_PCOS,_T,201911,2018-Q3,0.73,A,0,1,
OECD.SDD.STES:DSD_STES_REVISIONS@DF_STES_REVISIONS(4.0),EA19,Q,ULC,PT_PCOS,_T,202302,2018-Q3,0.92,A,0,1,
OECD.SDD.STES:DSD_STES_REVISIONS@DF_STES_REVISIONS(4.0),EA19,Q,ULC,PT_PCOS,_T,202205,2018-Q3,0.89,A,0,1,
OECD.SDD.STES:DSD_STES_REVISIONS@DF_STES_REVISIONS(4.0),EA19,Q,ULC,PT_PCOS,_T,202104,2018-Q3,0.86,A,0,1,
OECD.SDD.STES:DSD_STES_REVISIONS@DF_STES_REVISIONS(4.0),EA19,Q,ULC,PT_PCOS,_T,202303,2018-Q3,0.92,A,0,1,
OECD.SDD.STES:DSD_STES_REVISIONS@DF_STES_REVISIONS(4.0),EA19,Q,ULC,PT_PCOS,_T,202111,2018-Q3,0.93,A,0,1,
OECD.SDD.STES:DSD_STES_REVISIONS@DF_STES_REVISIONS(4.0),EA19,Q,ULC,PT_PCOS,_T,202112,2018-Q3,0.93,A,0,1,
OECD.SDD.STES:DSD_STES_REVISIONS@DF_STES_REVISIONS(4.0),EA19,Q,ULC,PT_PCOS,_T,202203,2018-Q3,0.92,A,0,1,
OECD.SDD.STES:DSD_STES_REVISIONS@DF_STES_REVISIONS(4.0),EA19,Q,ULC,PT_PCOS,_T,201903,2018-Q3,0.83,A,0,1,
OECD.SDD.STES:DSD_STES_REVISIONS@DF_STES_REVISIONS(4.0),EA19,Q,ULC,PT_PCOS,_T,202208,2018-Q3,0.87,A,0,1,
OECD.SDD.STES:DSD_STES_REVISIONS@DF_STES_REVISIONS(4.0),EA19,Q,ULC,PT_PCOS,_T,202012,2018-Q3,0.76,A,0,1,
OECD.SDD.STES:DSD_STES_REVISIONS@DF_STES_REVISIONS(4.0),EA19,Q,ULC,PT_PCOS,_T,202107,2018-Q3,0.86,A,0,1,
OECD.SDD.STES:DSD_STES_REVISIONS@DF_STES_REVISIONS(4.0),EA19,Q,ULC,PT_PCOS,_T,202109,2018-Q4,0.26,A,0,1,
OECD.SDD.STES:DSD_STES_REVISIONS@DF_STES_REVISIONS(4.0),EA19,Q,ULC,PT_PCOS,_T,201912,2018-Q4,0.45,A,0,1,
OECD.SDD.STES:DSD_STES_REVISIONS@DF_STES_REVISIONS(4.0),EA19,Q,ULC,PT_PCOS,_T,202105,2018-Q4,0.3,A,0,1,
OECD.SDD.STES:DSD_STES_REVISIONS@DF_STES_REVISIONS(4.0),EA19,Q,ULC,PT_PCOS,_T,202010,2018-Q4,0.35,A,0,1,
OECD.SDD.STES:DSD_STES_REVISIONS@DF_STES_REVISIONS(4.0),EA19,Q,ULC,PT_PCOS,_T,202106,2018-Q4,0.3,A,0,1,
OECD.SDD.STES:DSD_STES_REVISIONS@DF_STES_REVISIONS(4.0),EA19,Q,ULC,PT_PCOS,_T,202006,2018-Q4,0.45,A,0,1,
OECD.SDD.STES:DSD_STES_REVISIONS@DF_STES_REVISIONS(4.0),EA19,Q,ULC,PT_PCOS,_T,202210,2018-Q4,0.16,A,0,1,
OECD.SDD.STES:DSD_STES_REVISIONS@DF_STES_REVISIONS(4.0),EA19,Q,ULC,PT_PCOS,_T,201907,2018-Q4,0.45,A,0,1,
OECD.SDD.STES:DSD_STES_REVISIONS@DF_STES_REVISIONS(4.0),EA19,Q,ULC,PT_PCOS,_T,202209,2018-Q4,0.28,A,0,1,
OECD.SDD.STES:DSD_STES_REVISIONS@DF_STES_REVISIONS(4.0),EA19,Q,ULC,PT_PCOS,_T,202110,2018-Q4,0.3,A,0,1,
OECD.SDD.STES:DSD_STES_REVISIONS@DF_STES_REVISIONS(4.0),EA19,Q,ULC,PT_PCOS,_T,202207,2018-Q4,0.26,A,0,1,
OECD.SDD.STES:DSD_STES_REVISIONS@DF_STES_REVISIONS(4.0),EA19,Q,ULC,PT_PCOS,_T,201911,2018-Q4,0.45,A,0,1,
OECD.SDD.STES:DSD_STES_REVISIONS@DF_STES_REVISIONS(4.0),EA19,Q,ULC,PT_PCOS,_T,202104,2018-Q4,0.3,A,0,1,
OECD.SDD.STES:DSD_STES_REVISIONS@DF_STES_REVISIONS(4.0),EA19,Q,ULC,PT_PCOS,_T,202111,2018-Q4,0.25,A,0,1,
OECD.SDD.STES:DSD_STES_REVISIONS@DF_STES_REVISIONS(4.0),EA19,Q,ULC,PT_PCOS,_T,202112,2018-Q4,0.25,A,0,1,
OECD.SDD.STES:DSD_STES_REVISIONS@DF_STES_REVISIONS(4.0),EA19,Q,ULC,PT_PCOS,_T,202203,2018-Q4,0.28,A,0,1,
OECD.SDD.STES:DSD_STES_REVISIONS@DF_STES_REVISIONS(4.0),EA19,Q,ULC,PT_PCOS,_T,202001,2018-Q4,0.45,A,0,1,
OECD.SDD.STES:DSD_STES_REVISIONS@DF_STES_REVISIONS(4.0),EA19,Q,ULC,PT_PCOS,_T,202208,2018-Q4,0.28,A,0,1,
OECD.SDD.STES:DSD_STES_REVISIONS@DF_STES_REVISIONS(4.0),EA19,Q,ULC,PT_PCOS,_T,202003,2019-Q1,0.32,A,0,1,
OECD.SDD.STES:DSD_STES_REVISIONS@DF_STES_REVISIONS(4.0),EA19,Q,ULC,PT_PCOS,_T,201908,2019-Q1,0.36,A,0,1,
OECD.SDD.STES:DSD_STES_REVISIONS@DF_STES_REVISIONS(4.0),EA19,Q,ULC,PT_PCOS,_T,201912,2019-Q1,0.36,A,0,1,
OECD.SDD.STES:DSD_STES_REVISIONS@DF_STES_REVISIONS(4.0),EA19,Q,ULC,PT_PCOS,_T,202010,2019-Q1,0.16,A,0,1,
OECD.SDD.STES:DSD_STES_REVISIONS@DF_STES_REVISIONS(4.0),EA19,Q,ULC,PT_PCOS,_T,202004,2019-Q1,0.33,A,0,1,
OECD.SDD.STES:DSD_STES_REVISIONS@DF_STES_REVISIONS(4.0),EA19,Q,ULC,PT_PCOS,_T,201909,2019-Q1,0.36,A,0,1,
OECD.SDD.STES:DSD_STES_REVISIONS@DF_STES_REVISIONS(4.0),EA19,Q,ULC,PT_PCOS,_T,202006,2019-Q1,0.35,A,0,1,
OECD.SDD.STES:DSD_STES_REVISIONS@DF_STES_REVISIONS(4.0),EA19,Q,ULC,PT_PCOS,_T,202210,2019-Q1,0.38,A,0,1,
OECD.SDD.STES:DSD_STES_REVISIONS@DF_STES_REVISIONS(4.0),EA19,Q,ULC,PT_PCOS,_T,201907,2019-Q1,0.39,A,0,1,
OECD.SDD.STES:DSD_STES_REVISIONS@DF_STES_REVISIONS(4.0),EA19,Q,ULC,PT_PCOS,_T,202209,2019-Q1,0.25,A,0,1,
OECD.SDD.STES:DSD_STES_REVISIONS@DF_STES_REVISIONS(4.0),EA19,Q,ULC,PT_PCOS,_T,202110,2019-Q1,0.12,A,0,1,
OECD.SDD.STES:DSD_STES_REVISIONS@DF_STES_REVISIONS(4.0),EA19,Q,ULC,PT_PCOS,_T,201911,2019-Q1,0.36,A,0,1,
OECD.SDD.STES:DSD_STES_REVISIONS@DF_STES_REVISIONS(4.0),EA19,Q,ULC,PT_PCOS,_T,202002,2019-Q1,0.32,A,0,1,
OECD.SDD.STES:DSD_STES_REVISIONS@DF_STES_REVISIONS(4.0),EA19,Q,ULC,PT_PCOS,_T,202005,2019-Q1,0.34,A,0,1,
OECD.SDD.STES:DSD_STES_REVISIONS@DF_STES_REVISIONS(4.0),EA19,Q,ULC,PT_PCOS,_T,201910,2019-Q1,0.36,A,0,1,
OECD.SDD.STES:DSD_STES_REVISIONS@DF_STES_REVISIONS(4.0),EA19,Q,ULC,PT_PCOS,_T,202009,2019-Q1,0.25,A,0,1,
OECD.SDD.STES:DSD_STES_REVISIONS@DF_STES_REVISIONS(4.0),EA19,Q,ULC,PT_PCOS,_T,202001,2019-Q1,0.34,A,0,1,
OECD.SDD.STES:DSD_STES_REVISIONS@DF_STES_REVISIONS(4.0),EA19,Q,ULC,PT_PCOS,_T,202008,2019-Q1,0.25,A,0,1,
OECD.SDD.STES:DSD_STES_REVISIONS@DF_STES_REVISIONS(4.0),EA19,Q,ULC,PT_PCOS,_T,202003,2019-Q2,0.65,A,0,1,
OECD.SDD.STES:DSD_STES_REVISIONS@DF_STES_REVISIONS(4.0),EA19,Q,ULC,PT_PCOS,_T,202204,2019-Q2,0.65,A,0,1,
OECD.SDD.STES:DSD_STES_REVISIONS@DF_STES_REVISIONS(4.0),EA19,Q,ULC,PT_PCOS,_T,202109,2019-Q2,0.57,A,0,1,
OECD.SDD.STES:DSD_STES_REVISIONS@DF_STES_REVISIONS(4.0),EA19,Q,ULC,PT_PCOS,_T,202201,2019-Q2,0.64,A,0,1,
OECD.SDD.STES:DSD_STES_REVISIONS@DF_STES_REVISIONS(4.0),EA19,Q,ULC,PT_PCOS,_T,202105,2019-Q2,0.57,A,0,1,
OECD.SDD.STES:DSD_STES_REVISIONS@DF_STES_REVISIONS(4.0),EA19,Q,ULC,PT_PCOS,_T,202102,2019-Q2,0.64,A,0,1,
OECD.SDD.STES:DSD_STES_REVISIONS@DF_STES_REVISIONS(4.0),EA19,Q,ULC,PT_PCOS,_T,202202,2019-Q2,0.64,A,0,1,
OECD.SDD.STES:DSD_STES_REVISIONS@DF_STES_REVISIONS(4.0),EA19,Q,ULC,PT_PCOS,_T,202106,2019-Q2,0.57,A,0,1,
OECD.SDD.STES:DSD_STES_REVISIONS@DF_STES_REVISIONS(4.0),EA19,Q,ULC,PT_PCOS,_T,202004,2019-Q2,0.57,A,0,1,
OECD.SDD.STES:DSD_STES_REVISIONS@DF_STES_REVISIONS(4.0),EA19,Q,ULC,PT_PCOS,_T,202006,2019-Q2,0.57,A,0,1,
OECD.SDD.STES:DSD_STES_REVISIONS@DF_STES_REVISIONS(4.0),EA19,Q,ULC,PT_PCOS,_T,202101,2019-Q2,0.64,A,0,1,
OECD.SDD.STES:DSD_STES_REVISIONS@DF_STES_REVISIONS(4.0),EA19,Q,ULC,PT_PCOS,_T,202206,2019-Q2,0.65,A,0,1,
OECD.SDD.STES:DSD_STES_REVISIONS@DF_STES_REVISIONS(4.0),EA19,Q,ULC,PT_PCOS,_T,202103,2019-Q2,0.64,A,0,1,
OECD.SDD.STES:DSD_STES_REVISIONS@DF_STES_REVISIONS(4.0),EA19,Q,ULC,PT_PCOS,_T,202110,2019-Q2,0.64,A,0,1,
OECD.SDD.STES:DSD_STES_REVISIONS@DF_STES_REVISIONS(4.0),EA19,Q,ULC,PT_PCOS,_T,202108,2019-Q2,0.57,A,0,1,
OECD.SDD.STES:DSD_STES_REVISIONS@DF_STES_REVISIONS(4.0),EA19,Q,ULC,PT_PCOS,_T,202205,2019-Q2,0.65,A,0,1,
OECD.SDD.STES:DSD_STES_REVISIONS@DF_STES_REVISIONS(4.0),EA19,Q,ULC,PT_PCOS,_T,202002,2019-Q2,0.65,A,0,1,
OECD.SDD.STES:DSD_STES_REVISIONS@DF_STES_REVISIONS(4.0),EA19,Q,ULC,PT_PCOS,_T,202111,2019-Q2,0.64,A,0,1,
OECD.SDD.STES:DSD_STES_REVISIONS@DF_STES_REVISIONS(4.0),EA19,Q,ULC,PT_PCOS,_T,202005,2019-Q2,0.57,A,0,1,
OECD.SDD.STES:DSD_STES_REVISIONS@DF_STES_REVISIONS(4.0),EA19,Q,ULC,PT_PCOS,_T,202112,2019-Q2,0.64,A,0,1,
OECD.SDD.STES:DSD_STES_REVISIONS@DF_STES_REVISIONS(4.0),EA19,Q,ULC,PT_PCOS,_T,202007,2019-Q2,0.66,A,0,1,
OECD.SDD.STES:DSD_STES_REVISIONS@DF_STES_REVISIONS(4.0),EA19,Q,ULC,PT_PCOS,_T,201910,2019-Q2,0.55,A,0,1,
OECD.SDD.STES:DSD_STES_REVISIONS@DF_STES_REVISIONS(4.0),EA19,Q,ULC,PT_PCOS,_T,202009,2019-Q2,0.57,A,0,1,
OECD.SDD.STES:DSD_STES_REVISIONS@DF_STES_REVISIONS(4.0),EA19,Q,ULC,PT_PCOS,_T,202008,2019-Q2,0.57,A,0,1,
OECD.SDD.STES:DSD_STES_REVISIONS@DF_STES_REVISIONS(4.0),EA19,Q,ULC,PT_PCOS,_T,202212,2019-Q3,0.45,A,0,1,
OECD.SDD.STES:DSD_STES_REVISIONS@DF_STES_REVISIONS(4.0),EA19,Q,ULC,PT_PCOS,_T,202211,2019-Q3,0.45,A,0,1,
OECD.SDD.STES:DSD_STES_REVISIONS@DF_STES_REVISIONS(4.0),EA19,Q,ULC,PT_PCOS,_T,202109,2019-Q3,0.55,A,0,1,
OECD.SDD.STES:DSD_STES_REVISIONS@DF_STES_REVISIONS(4.0),EA19,Q,ULC,PT_PCOS,_T,202201,2019-Q3,0.45,A,0,1,
OECD.SDD.STES:DSD_STES_REVISIONS@DF_STES_REVISIONS(4.0),EA19,Q,ULC,PT_PCOS,_T,202105,2019-Q3,0.55,A,0,1,
OECD.SDD.STES:DSD_STES_REVISIONS@DF_STES_REVISIONS(4.0),EA19,Q,ULC,PT_PCOS,_T,202202,2019-Q3,0.45,A,0,1,
OECD.SDD.STES:DSD_STES_REVISIONS@DF_STES_REVISIONS(4.0),EA19,Q,ULC,PT_PCOS,_T,202106,2019-Q3,0.55,A,0,1,
OECD.SDD.STES:DSD_STES_REVISIONS@DF_STES_REVISIONS(4.0),EA19,Q,ULC,PT_PCOS,_T,202004,2019-Q3,0.54,A,0,1,
OECD.SDD.STES:DSD_STES_REVISIONS@DF_STES_REVISIONS(4.0),EA19,Q,ULC,PT_PCOS,_T,202104,2019-Q3,0.54,A,0,1,
OECD.SDD.STES:DSD_STES_REVISIONS@DF_STES_REVISIONS(4.0),EA19,Q,ULC,PT_PCOS,_T,202007,2019-Q3,0.54,A,0,1,
OECD.SDD.STES:DSD_STES_REVISIONS@DF_STES_REVISIONS(4.0),EA19,Q,ULC,PT_PCOS,_T,202009,2019-Q3,0.55,A,0,1,
OECD.SDD.STES:DSD_STES_REVISIONS@DF_STES_REVISIONS(4.0),EA19,Q,ULC,PT_PCOS,_T,202008,2019-Q3,0.55,A,0,1,
OECD.SDD.STES:DSD_STES_REVISIONS@DF_STES_REVISIONS(4.0),EA19,Q,ULC,PT_PCOS,_T,202212,2019-Q4,0.35,A,0,1,
OECD.SDD.STES:DSD_STES_REVISIONS@DF_STES_REVISIONS(4.0),EA19,Q,ULC,PT_PCOS,_T,202204,2019-Q4,0.36,A,0,1,
OECD.SDD.STES:DSD_STES_REVISIONS@DF_STES_REVISIONS(4.0),EA19,Q,ULC,PT_PCOS,_T,202211,2019-Q4,0.35,A,0,1,
OECD.SDD.STES:DSD_STES_REVISIONS@DF_STES_REVISIONS(4.0),EA19,Q,ULC,PT_PCOS,_T,202109,2019-Q4,0.3,A,0,1,
OECD.SDD.STES:DSD_STES_REVISIONS@DF_STES_REVISIONS(4.0),EA19,Q,ULC,PT_PCOS,_T,202105,2019-Q4,0.25,A,0,1,
OECD.SDD.STES:DSD_STES_REVISIONS@DF_STES_REVISIONS(4.0),EA19,Q,ULC,PT_PCOS,_T,202106,2019-Q4,0.25,A,0,1,
OECD.SDD.STES:DSD_STES_REVISIONS@DF_STES_REVISIONS(4.0),EA19,Q,ULC,PT_PCOS,_T,202210,2019-Q4,0.32,A,0,1,
