DATAFLOW,REF_AREA,FREQ,MEASURE,UNIT_MEASURE,ACTIVITY,EDITION,TIME_PERIOD,OBS_VALUE,OBS_STATUS,UNIT_MULT,DECIMALS,BASE_PER
OECD.SDD.STES:DSD_STES_REVISIONS@DF_STES_REVISIONS(4.0),EA20,Q,B1GQ_Q,XDC,_T,202310,2015-Q1,2279216154000,A,0,0,
OECD.SDD.STES:DSD_STES_REVISIONS@DF_STES_REVISIONS(4.0),EA20,Q,B1GQ_Q,XDC,_T,202310,2015-Q2,2290157671000,A,0,0,
OECD.SDD.STES:DSD_STES_REVISIONS@DF_STES_REVISIONS(4.0),EA20,Q,B1GQ_Q,XDC,_T,202310,2015-Q3,2298894643000,A,0,0,
OECD.SDD.STES:DSD_STES_REVISIONS@DF_STES_REVISIONS(4.0),EA20,Q,B1GQ_Q,XDC,_T,202310,2015-Q4,2309479236000,A,0,0,
OECD.SDD.STES:DSD_STES_REVISIONS@DF_STES_REVISIONS(4.0),EA20,Q,B1GQ_Q,XDC,_T,202310,2016-Q1,2323030555000,A,0,0,
OECD.SDD.STES:DSD_STES_REVISIONS@DF_STES_REVISIONS(4.0),EA20,Q,B1GQ_Q,XDC,_T,202310,2016-Q2,2328154589000,A,0,0,
OECD.SDD.STES:DSD_STES_REVISIONS@DF_STES_REVISIONS(4.0),EA20,Q,B1GQ_Q,XDC,_T,202310,2016-Q3,2339175945000,A,0,0,
OECD.SDD.STES:DSD_STES_REVISIONS@DF_STES_REVISIONS(4.0),EA20,Q,B1GQ_Q,XDC,_T,202310,2016-Q4,2357116179000,A,0,0,
OECD.SDD.STES:DSD_STES_REVISIONS@DF_STES_REVISIONS(4.0),EA20,Q,B1GQ_Q,XDC,_T,202310,2017-Q1,2373781724000,A,0,0,
OECD.SDD.STES:DSD_STES_REVISIONS@DF_STES_REVISIONS(4.0),EA20,Q,B1GQ_Q,XDC,_T,202310,2017-Q2,2392728777000,A,0,0,
OECD.SDD.STES:DSD_STES_REVISIONS@DF_STES_REVISIONS(4.0),EA20,Q,B1GQ_Q,XDC,_T,202309,2015-Q1,2279120519000,A,0,0,
OECD.SDD.STES:DSD_STES_REVISIONS@DF_STES_REVISIONS(4.0),EA20,Q,B1GQ_Q,XDC,_T,202309,2015-Q2,2289868610000,A,0,0,
OECD.SDD.STES:DSD_STES_REVISIONS@DF_STES_REVISIONS(4.0),EA20,Q,B1GQ_Q,XDC,_T,202309,2015-Q3,2299203808000,A,0,0,
OECD.SDD.STES:DSD_STES_REVISIONS@DF_STES_REVISIONS(4.0),EA20,Q,B1GQ_Q,XDC,_T,202309,2015-Q4,2309322881000,A,0,0,
OECD.SDD.STES:DSD_STES_REVISIONS@DF_STES_REVISIONS(4.0),EA20,Q,B1GQ_Q,XDC,_T,202309,2016-Q1,2323068798000,A,0,0,
OECD.SDD.STES:DSD_STES_REVISIONS@DF_STES_REVISIONS(4.0),EA20,Q,B1GQ_Q,XDC,_T,202309,2016-Q2,2328046886000,A,0,0,
OECD.SDD.STES:DSD_STES_REVISIONS@DF_STES_REVISIONS(4.0),EA20,Q,B1GQ_Q,XDC,_T,202309,2016-Q3,2339449994000,A,0,0,
OECD.SDD.STES:DSD_STES_REVISIONS@DF_STES_REVISIONS(4.0),EA20,Q,B1GQ_Q,XDC,_T,202309,2016-Q4,2356693059000,A,0,0,
OECD.SDD.STES:DSD_STES_REVISIONS@DF_STES_REVISIONS(4.0),EA20,Q,B1GQ_Q,XDC,_T,202309,2017-Q1,2374007539000,A,0,0,
OECD.SDD.STES:DSD_STES_REVISIONS@DF_STES_REVISIONS(4.0),EA20,Q,B1GQ_Q,XDC,_T,202309,2017-Q2,2392267017000,A,0,0,
OECD.SDD.STES:DSD_STES_REVISIONS@DF_STES_REVISIONS(4.0),EA20,Q,B1GQ_Q,XDC,_T,202311,2015-Q1,2622642455145,A,0,0,
OECD.SDD.STES:DSD_STES_REVISIONS@DF_STES_REVISIONS(4.0),EA20,Q,B1GQ_Q,XDC,_T,202311,2015-Q2,2635195487562,A,0,0,
OECD.SDD.STES:DSD_STES_REVISIONS@DF_STES_REVISIONS(4.0),EA20,Q,B1GQ_Q,XDC,_T,202311,2015-Q3,2645426412103,A,0,0,
OECD.SDD.STES:DSD_STES_REVISIONS@DF_STES_REVISIONS(4.0),EA20,Q,B1GQ_Q,XDC,_T,202311,2015-Q4,2657426905547,A,0,0,
OECD.SDD.STES:DSD_STES_REVISIONS@DF_STES_REVISIONS(4.0),EA20,Q,B1GQ_Q,XDC,_T,202311,2016-Q1,2672983723464,A,0,0,
OECD.SDD.STES:DSD_STES_REVISIONS@DF_STES_REVISIONS(4.0),EA20,Q,B1GQ_Q,XDC,_T,202311,2016-Q2,2678882235728,A,0,0,
OECD.SDD.STES:DSD_STES_REVISIONS@DF_STES_REVISIONS(4.0),EA20,Q,B1GQ_Q,XDC,_T,202311,2016-Q3,2691611638047,A,0,0,
OECD.SDD.STES:DSD_STES_REVISIONS@DF_STES_REVISIONS(4.0),EA20,Q,B1GQ_Q,XDC,_T,202311,2016-Q4,2712616125495,A,0,0,
OECD.SDD.STES:DSD_STES_REVISIONS@DF_STES_REVISIONS(4.0),EA20,Q,B1GQ_Q,XDC,_T,202311,2017-Q1,2731637215753,A,0,0,
OECD.SDD.STES:DSD_STES_REVISIONS@DF_STES_REVISIONS(4.0),EA20,Q,B1GQ_Q,XDC,_T,202311,2017-Q2,2753444223188,A,0,0,
OECD.SDD.STES:DSD_STES_REVISIONS@DF_STES_REVISIONS(4.0),EA20,Q,B1GQ_Q,XDC,_T,202312,2015-Q1,2622642455145,A,0,0,
OECD.SDD.STES:DSD_STES_REVISIONS@DF_STES_REVISIONS(4.0),EA20,Q,B1GQ_Q,XDC,_T,202312,2015-Q2,2635195487562,A,0,0,
OECD.SDD.STES:DSD_STES_REVISIONS@DF_STES_REVISIONS(4.0),EA20,Q,B1GQ_Q,XDC,_T,202312,2015-Q3,2645426412103,A,0,0,
OECD.SDD.STES:DSD_STES_REVISIONS@DF_STES_REVISIONS(4.0),EA20,Q,B1GQ_Q,XDC,_T,202312,2015-Q4,2657426905547,A,0,0,
OECD.SDD.STES:DSD_STES_REVISIONS@DF_STES_REVISIONS(4.0),EA20,Q,B1GQ_Q,XDC,_T,202312,2016-Q1,2672983723464,A,0,0,
OECD.SDD.STES:DSD_STES_REVISIONS@DF_STES_REVISIONS(4.0),EA20,Q,B1GQ_Q,XDC,_T,202312,2016-Q2,2678882235728,A,0,0,
OECD.SDD.STES:DSD_STES_REVISIONS@DF_STES_REVISIONS(4.0),EA20,Q,B1GQ_Q,XDC,_T,202312,2016-Q3,2691611638047,A,0,0,
OECD.SDD.STES:DSD_STES_REVISIONS@DF_STES_REVISIONS(4.0),EA20,Q,B1GQ_Q,XDC,_T,202312,2016-Q4,2712616125495,A,0,0,
OECD.SDD.STES:DSD_STES_REVISIONS@DF_STES_REVISIONS(4.0),EA20,Q,B1GQ_Q,XDC,_T,202312,2017-Q1,2731637215753,A,0,0,
OECD.SDD.STES:DSD_STES_REVISIONS@DF_STES_REVISIONS(4.0),EA20,Q,B1GQ_Q,XDC,_T,202312,2017-Q2,2753444223188,A,0,0,
OECD.SDD.STES:DSD_STES_REVISIONS@DF_STES_REVISIONS(4.0),EA20,Q,B1GQ_Q,XDC,_T,202308,2015-Q1,2279120519000,A,0,0,
OECD.SDD.STES:DSD_STES_REVISIONS@DF_STES_REVISIONS(4.0),EA20,Q,B1GQ_Q,XDC,_T,202308,2015-Q2,2289868610000,A,0,0,
OECD.SDD.STES:DSD_STES_REVISIONS@DF_STES_REVISIONS(4.0),EA20,Q,B1GQ_Q,XDC,_T,202308,2015-Q3,2299203808000,A,0,0,
OECD.SDD.STES:DSD_STES_REVISIONS@DF_STES_REVISIONS(4.0),EA20,Q,B1GQ_Q,XDC,_T,202308,2015-Q4,2309322881000,A,0,0,
OECD.SDD.STES:DSD_STES_REVISIONS@DF_STES_REVISIONS(4.0),EA20,Q,B1GQ_Q,XDC,_T,202308,2016-Q1,2323068798000,A,0,0,
OECD.SDD.STES:DSD_STES_REVISIONS@DF_STES_REVISIONS(4.0),EA20,Q,B1GQ_Q,XDC,_T,202308,2016-Q2,2328046886000,A,0,0,
OECD.SDD.STES:DSD_STES_REVISIONS@DF_STES_REVISIONS(4.0),EA20,Q,B1GQ_Q,XDC,_T,202308,2016-Q3,2339449994000,A,0,0,
OECD.SDD.STES:DSD_STES_REVISIONS@DF_STES_REVISIONS(4.0),EA20,Q,B1GQ_Q,XDC,_T,202308,2016-Q4,2356693059000,A,0,0,
OECD.SDD.STES:DSD_STES_REVISIONS@DF_STES_REVISIONS(4.0),EA20,Q,B1GQ_Q,XDC,_T,202308,2017-Q1,2374007539000,A,0,0,
OECD.SDD.STES:DSD_STES_REVISIONS@DF_STES_REVISIONS(4.0),EA20,Q,B1GQ_Q,XDC,_T,202308,2017-Q2,2392267017000,A,0,0,
OECD.SDD.STES:DSD_STES_REVISIONS@DF_STES_REVISIONS(4.0),EA20,Q,B1GQ_Q,XDC,_T,202304,2015-Q1,2269851448189,A,0,0,
OECD.SDD.STES:DSD_STES_REVISIONS@DF_STES_REVISIONS(4.0),EA20,Q,B1GQ_Q,XDC,_T,202304,2015-Q2,2280389520054,A,0,0,
OECD.SDD.STES:DSD_STES_REVISIONS@DF_STES_REVISIONS(4.0),EA20,Q,B1GQ_Q,XDC,_T,202304,2015-Q3,2289879553491,A,0,0,
OECD.SDD.STES:DSD_STES_REVISIONS@DF_STES_REVISIONS(4.0),EA20,Q,B1GQ_Q,XDC,_T,202304,2015-Q4,2300498170033,A,0,0,
OECD.SDD.STES:DSD_STES_REVISIONS@DF_STES_REVISIONS(4.0),EA20,Q,B1GQ_Q,XDC,_T,202304,2016-Q1,2313212195168,A,0,0,
OECD.SDD.STES:DSD_STES_REVISIONS@DF_STES_REVISIONS(4.0),EA20,Q,B1GQ_Q,XDC,_T,202304,2016-Q2,2318578938314,A,0,0,
OECD.SDD.STES:DSD_STES_REVISIONS@DF_STES_REVISIONS(4.0),EA20,Q,B1GQ_Q,XDC,_T,202304,2016-Q3,2329744625299,A,0,0,
OECD.SDD.STES:DSD_STES_REVISIONS@DF_STES_REVISIONS(4.0),EA20,Q,B1GQ_Q,XDC,_T,202304,2016-Q4,2347391560579,A,0,0,
OECD.SDD.STES:DSD_STES_REVISIONS@DF_STES_REVISIONS(4.0),EA20,Q,B1GQ_Q,XDC,_T,202304,2017-Q1,2363335709285,A,0,0,
OECD.SDD.STES:DSD_STES_REVISIONS@DF_STES_REVISIONS(4.0),EA20,Q,B1GQ_Q,XDC,_T,202304,2017-Q2,2381951988530,A,0,0,
OECD.SDD.STES:DSD_STES_REVISIONS@DF_STES_REVISIONS(4.0),EA20,Q,B1GQ_Q,XDC,_T,202305,2015-Q1,2279027417988,A,0,0,
OECD.SDD.STES:DSD_STES_REVISIONS@DF_STES_REVISIONS(4.0),EA20,Q,B1GQ_Q,XDC,_T,202305,2015-Q2,2289683195562,A,0,0,
OECD.SDD.STES:DSD_STES_REVISIONS@DF_STES_REVISIONS(4.0),EA20,Q,B1GQ_Q,XDC,_T,202305,2015-Q3,2299344699755,A,0,0,
OECD.SDD.STES:DSD_STES_REVISIONS@DF_STES_REVISIONS(4.0),EA20,Q,B1GQ_Q,XDC,_T,202305,2015-Q4,2309831549019,A,0,0,
OECD.SDD.STES:DSD_STES_REVISIONS@DF_STES_REVISIONS(4.0),EA20,Q,B1GQ_Q,XDC,_T,202305,2016-Q1,2322791111861,A,0,0,
OECD.SDD.STES:DSD_STES_REVISIONS@DF_STES_REVISIONS(4.0),EA20,Q,B1GQ_Q,XDC,_T,202305,2016-Q2,2328184610503,A,0,0,
OECD.SDD.STES:DSD_STES_REVISIONS@DF_STES_REVISIONS(4.0),EA20,Q,B1GQ_Q,XDC,_T,202305,2016-Q3,2339398992682,A,0,0,
OECD.SDD.STES:DSD_STES_REVISIONS@DF_STES_REVISIONS(4.0),EA20,Q,B1GQ_Q,XDC,_T,202305,2016-Q4,2357182654970,A,0,0,
OECD.SDD.STES:DSD_STES_REVISIONS@DF_STES_REVISIONS(4.0),EA20,Q,B1GQ_Q,XDC,_T,202305,2017-Q1,2373258709482,A,0,0,
OECD.SDD.STES:DSD_STES_REVISIONS@DF_STES_REVISIONS(4.0),EA20,Q,B1GQ_Q,XDC,_T,202305,2017-Q2,2391864689407,A,0,0,
OECD.SDD.STES:DSD_STES_REVISIONS@DF_STES_REVISIONS(4.0),EA20,Q,B1GQ_Q,XDC,_T,202306,2015-Q1,2279027417988,A,0,0,
OECD.SDD.STES:DSD_STES_REVISIONS@DF_STES_REVISIONS(4.0),EA20,Q,B1GQ_Q,XDC,_T,202306,2015-Q2,2289683195562,A,0,0,
OECD.SDD.STES:DSD_STES_REVISIONS@DF_STES_REVISIONS(4.0),EA20,Q,B1GQ_Q,XDC,_T,202306,2015-Q3,2299344699755,A,0,0,
OECD.SDD.STES:DSD_STES_REVISIONS@DF_STES_REVISIONS(4.0),EA20,Q,B1GQ_Q,XDC,_T,202306,2015-Q4,2309831549019,A,0,0,
OECD.SDD.STES:DSD_STES_REVISIONS@DF_STES_REVISIONS(4.0),EA20,Q,B1GQ_Q,XDC,_T,202306,2016-Q1,2322791111861,A,0,0,
OECD.SDD.STES:DSD_STES_REVISIONS@DF_STES_REVISIONS(4.0),EA20,Q,B1GQ_Q,XDC,_T,202306,2016-Q2,2328184610503,A,0,0,
OECD.SDD.STES:DSD_STES_REVISIONS@DF_STES_REVISIONS(4.0),EA20,Q,B1GQ_Q,XDC,_T,202306,2016-Q3,2339398992682,A,0,0,
OECD.SDD.STES:DSD_STES_REVISIONS@DF_STES_REVISIONS(4.0),EA20,Q,B1GQ_Q,XDC,_T,202306,2016-Q4,2357182654970,A,0,0,
OECD.SDD.STES:DSD_STES_REVISIONS@DF_STES_REVISIONS(4.0),EA20,Q,B1GQ_Q,XDC,_T,202306,2017-Q1,2373258709482,A,0,0,
OECD.SDD.STES:DSD_STES_REVISIONS@DF_STES_REVISIONS(4.0),EA20,Q,B1GQ_Q,XDC,_T,202306,2017-Q2,2391864689407,A,0,0,
OECD.SDD.STES:DSD_STES_REVISIONS@DF_STES_REVISIONS(4.0),EA20,Q,B1GQ_Q,XDC,_T,202307,2015-Q1,2278957274736,A,0,0,
OECD.SDD.STES:DSD_STES_REVISIONS@DF_STES_REVISIONS(4.0),EA20,Q,B1GQ_Q,XDC,_T,202307,2015-Q2,2289705403143,A,0,0,
OECD.SDD.STES:DSD_STES_REVISIONS@DF_STES_REVISIONS(4.0),EA20,Q,B1GQ_Q,XDC,_T,202307,2015-Q3,2299455571472,A,0,0,
OECD.SDD.STES:DSD_STES_REVISIONS@DF_STES_REVISIONS(4.0),EA20,Q,B1GQ_Q,XDC,_T,202307,2015-Q4,2309858716005,A,0,0,
OECD.SDD.STES:DSD_STES_REVISIONS@DF_STES_REVISIONS(4.0),EA20,Q,B1GQ_Q,XDC,_T,202307,2016-Q1,2322901832545,A,0,0,
OECD.SDD.STES:DSD_STES_REVISIONS@DF_STES_REVISIONS(4.0),EA20,Q,B1GQ_Q,XDC,_T,202307,2016-Q2,2327947577519,A,0,0,
OECD.SDD.STES:DSD_STES_REVISIONS@DF_STES_REVISIONS(4.0),EA20,Q,B1GQ_Q,XDC,_T,202307,2016-Q3,2339512923105,A,0,0,
OECD.SDD.STES:DSD_STES_REVISIONS@DF_STES_REVISIONS(4.0),EA20,Q,B1GQ_Q,XDC,_T,202307,2016-Q4,2357334308228,A,0,0,
OECD.SDD.STES:DSD_STES_REVISIONS@DF_STES_REVISIONS(4.0),EA20,Q,B1GQ_Q,XDC,_T,202307,2017-Q1,2373054420191,A,0,0,
OECD.SDD.STES:DSD_STES_REVISIONS@DF_STES_REVISIONS(4.0),EA20,Q,B1GQ_Q,XDC,_T,202307,2017-Q2,2391911056083,A,0,0,
OECD.SDD.STES:DSD_STES_REVISIONS@DF_STES_REVISIONS(4.0),EA20,Q,B1GQ_Q,XDC,_T,202402,2015-Q1,2622630476851,A,0,0,
OECD.SDD.STES:DSD_STES_REVISIONS@DF_STES_REVISIONS(4.0),EA20,Q,B1GQ_Q,XDC,_T,202401,2015-Q1,2622630448988,A,0,0,
OECD.SDD.STES:DSD_STES_REVISIONS@DF_STES_REVISIONS(4.0),EA20,Q,B1GQ_Q,XDC,_T,202403,2015-Q1,2622630476851,A,0,0,
OECD.SDD.STES:DSD_STES_REVISIONS@DF_STES_REVISIONS(4.0),EA20,Q,B1GQ_Q,XDC,_T,202404,2015-Q1,2622636695556,A,0,0,
OECD.SDD.STES:DSD_STES_REVISIONS@DF_STES_REVISIONS(4.0),EA20,Q,B1GQ_Q,XDC,_T,202405,2015-Q1,2622636535955,A,0,0,
OECD.SDD.STES:DSD_STES_REVISIONS@DF_STES_REVISIONS(4.0),EA20,Q,B1GQ_Q,XDC,_T,202408,2015-Q1,2626626520227,A,0,0,
OECD.SDD.STES:DSD_STES_REVISIONS@DF_STES_REVISIONS(4.0),EA20,Q,B1GQ_Q,XDC,_T,202407,2015-Q1,2622325786944,A,0,0,
OECD.SDD.STES:DSD_STES_REVISIONS@DF_STES_REVISIONS(4.0),EA20,Q,B1GQ_Q,XDC,_T,202406,2015-Q1,2622636535955,A,0,0,
OECD.SDD.STES:DSD_STES_REVISIONS@DF_STES_REVISIONS(4.0),EA20,Q,B1GQ_Q,XDC,_T,202409,2015-Q1,2626626520227,A,0,0,
OECD.SDD.STES:DSD_STES_REVISIONS@DF_STES_REVISIONS(4.0),EA20,Q,B1GQ_Q,XDC,_T,202506,2015-Q1,2840148486156,A,0,0,
OECD.SDD.STES:DSD_STES_REVISIONS@DF_STES_REVISIONS(4.0),EA20,Q,B1GQ_Q,XDC,_T,202507,2015-Q1,2840148486156,A,0,0,
OECD.SDD.STES:DSD_STES_REVISIONS@DF_STES_REVISIONS(4.0),EA20,Q,B1GQ_Q,XDC,_T,202509,2015-Q1,2840168239675,A,0,0,
OECD.SDD.STES:DSD_STES_REVISIONS@DF_STES_REVISIONS(4.0),EA20,Q,B1GQ_Q,XDC,_T,202504,2015-Q1,2840327715892,A,0,0,
OECD.SDD.STES:DSD_STES_REVISIONS@DF_STES_REVISIONS(4.0),EA20,Q,B1GQ_Q,XDC,_T,202505,2015-Q1,2840206554039,A,0,0,
OECD.SDD.STES:DSD_STES_REVISIONS@DF_STES_REVISIONS(4.0),EA20,Q,B1GQ_Q,XDC,_T,202503,2015-Q1,2840344132804,A,0,0,
OECD.SDD.STES:DSD_STES_REVISIONS@DF_STES_REVISIONS(4.0),EA20,Q,B1GQ_Q,XDC,_T,202501,2015-Q1,2840470651000,A,0,0,
OECD.SDD.STES:DSD_STES_REVISIONS@DF_STES_REVISIONS(4.0),EA20,Q,B1GQ_Q,XDC,_T,202502,2015-Q1,2840344132804,A,0,0,
OECD.SDD.STES:DSD_STES_REVISIONS@DF_STES_REVISIONS(4.0),EA20,Q,B1GQ_Q,XDC,_T,202411,2015-Q1,2840470651000,A,0,0,
OECD.SDD.STES:DSD_STES_REVISIONS@DF_STES_REVISIONS(4.0),EA20,Q,B1GQ_Q,XDC,_T,202412,2015-Q1,2840470651000,A,0,0,
OECD.SDD.STES:DSD_STES_REVISIONS@DF_STES_REVISIONS(4.0),EA20,Q,B1GQ_Q,XDC,_T,202606,2015-Q1,2854919419740,A,0,0,
OECD.SDD.STES:DSD_STES_REVISIONS@DF_STES_REVISIONS(4.0),EA20,Q,B1GQ_Q,XDC,_T,202608,2015-Q1,2855612088946,A,0,0,
OECD.SDD.STES:DSD_STES_REVISIONS@DF_STES_REVISIONS(4.0),EA20,Q,B1GQ_Q,XDC,_T,202609,2015-Q1,2857490440993,A,0,0,
OECD.SDD.STES:DSD_STES_REVISIONS@DF_STES_REVISIONS(4.0),EA20,Q,B1GQ_Q,XDC,_T,202607,2015-Q1,2854919419740,A,0,0,
OECD.SDD.STES:DSD_STES_REVISIONS@DF_STES_REVISIONS(4.0),EA20,Q,B1GQ_Q,XDC,_T,202605,2015-Q1,2854968903829,A,0,0,
OECD.SDD.STES:DSD_STES_REVISIONS@DF_STES_REVISIONS(4.0),EA20,Q,B1GQ_Q,XDC,_T,202603,2015-Q1,2840876158136,A,0,0,
OECD.SDD.STES:DSD_STES_REVISIONS@DF_STES_REVISIONS(4.0),EA20,Q,B1GQ_Q,XDC,_T,202602,2015-Q1,2840812370903,A,0,0,
OECD.SDD.STES:DSD_STES_REVISIONS@DF_STES_REVISIONS(4.0),EA20,Q,B1GQ_Q,XDC,_T,202604,2015-Q1,2840876158136,A,0,0,
OECD.SDD.STES:DSD_STES_REVISIONS@DF_STES_REVISIONS(4.0),EA20,Q,B1GQ_Q,XDC,_T,202601,2015-Q1,2840812370903,A,0,0,
OECD.SDD.STES:DSD_STES_REVISIONS@DF_STES_REVISIONS(4.0),EA20,Q,B1GQ_Q,XDC,_T,202512,2015-Q1,2840812370903,A,0,0,
OECD.SDD.STES:DSD_STES_REVISIONS@DF_STES_REVISIONS(4.0),EA20,Q,B1GQ_Q,XDC,_T,202510,2015-Q1,2840698083461,A,0,0,
OECD.SDD.STES:DSD_STES_REVISIONS@DF_STES_REVISIONS(4.0),EA20,Q,B1GQ_Q,XDC,_T,202511,2015-Q1,2840731120409,A,0,0,
OECD.SDD.STES:DSD_STES_REVISIONS@DF_STES_REVISIONS(4.0),EA20,Q,B1GQ_Q,XDC,_T,202508,2015-Q1,2840168239675,A,0,0,
OECD.SDD.STES:DSD_STES_REVISIONS@DF_STES_REVISIONS(4.0),EA20,Q,B1GQ_Q,XDC,_T,202401,2015-Q2,2635207052441,A,0,0,
OECD.SDD.STES:DSD_STES_REVISIONS@DF_STES_REVISIONS(4.0),EA20,Q,B1GQ_Q,XDC,_T,202402,2015-Q2,2635207065954,A,0,0,
OECD.SDD.STES:DSD_STES_REVISIONS@DF_STES_REVISIONS(4.0),EA20,Q,B1GQ_Q,XDC,_T,202403,2015-Q2,2635207065954,A,0,0,
OECD.SDD.STES:DSD_STES_REVISIONS@DF_STES_REVISIONS(4.0),EA20,Q,B1GQ_Q,XDC,_T,202404,2015-Q2,2635203226900,A,0,0,
OECD.SDD.STES:DSD_STES_REVISIONS@DF_STES_REVISIONS(4.0),EA20,Q,B1GQ_Q,XDC,_T,202405,2015-Q2,2635203205469,A,0,0,
OECD.SDD.STES:DSD_STES_REVISIONS@DF_STES_REVISIONS(4.0),EA20,Q,B1GQ_Q,XDC,_T,202408,2015-Q2,2639783928655,A,0,0,
OECD.SDD.STES:DSD_STES_REVISIONS@DF_STES_REVISIONS(4.0),EA20,Q,B1GQ_Q,XDC,_T,202407,2015-Q2,2634851412384,A,0,0,
OECD.SDD.STES:DSD_STES_REVISIONS@DF_STES_REVISIONS(4.0),EA20,Q,B1GQ_Q,XDC,_T,202406,2015-Q2,2635203205469,A,0,0,
OECD.SDD.STES:DSD_STES_REVISIONS@DF_STES_REVISIONS(4.0),EA20,Q,B1GQ_Q,XDC,_T,202409,2015-Q2,2639783928655,A,0,0,
OECD.SDD.STES:DSD_STES_REVISIONS@DF_STES_REVISIONS(4.0),EA20,Q,B1GQ_Q,XDC,_T,202506,2015-Q2,2853115772559,A,0,0,
OECD.SDD.STES:DSD_STES_REVISIONS@DF_STES_REVISIONS(4.0),EA20,Q,B1GQ_Q,XDC,_T,202507,2015-Q2,2853115772559,A,0,0,
OECD.SDD.STES:DSD_STES_REVISIONS@DF_STES_REVISIONS(4.0),EA20,Q,B1GQ_Q,XDC,_T,202509,2015-Q2,2852862017020,A,0,0,
OECD.SDD.STES:DSD_STES_REVISIONS@DF_STES_REVISIONS(4.0),EA20,Q,B1GQ_Q,XDC,_T,202504,2015-Q2,2853107163808,A,0,0,
OECD.SDD.STES:DSD_STES_REVISIONS@DF_STES_REVISIONS(4.0),EA20,Q,B1GQ_Q,XDC,_T,202505,2015-Q2,2853021804928,A,0,0,
OECD.SDD.STES:DSD_STES_REVISIONS@DF_STES_REVISIONS(4.0),EA20,Q,B1GQ_Q,XDC,_T,202503,2015-Q2,2853105228898,A,0,0,
OECD.SDD.STES:DSD_STES_REVISIONS@DF_STES_REVISIONS(4.0),EA20,Q,B1GQ_Q,XDC,_T,202501,2015-Q2,2852977894000,A,0,0,
OECD.SDD.STES:DSD_STES_REVISIONS@DF_STES_REVISIONS(4.0),EA20,Q,B1GQ_Q,XDC,_T,202502,2015-Q2,2853105228898,A,0,0,
OECD.SDD.STES:DSD_STES_REVISIONS@DF_STES_REVISIONS(4.0),EA20,Q,B1GQ_Q,XDC,_T,202411,2015-Q2,2852977894000,A,0,0,
OECD.SDD.STES:DSD_STES_REVISIONS@DF_STES_REVISIONS(4.0),EA20,Q,B1GQ_Q,XDC,_T,202412,2015-Q2,2852977894000,A,0,0,
OECD.SDD.STES:DSD_STES_REVISIONS@DF_STES_REVISIONS(4.0),EA20,Q,B1GQ_Q,XDC,_T,202606,2015-Q2,2866851245565,A,0,0,
OECD.SDD.STES:DSD_STES_REVISIONS@DF_STES_REVISIONS(4.0),EA20,Q,B1GQ_Q,XDC,_T,202608,2015-Q2,2867135955790,A,0,0,
OECD.SDD.STES:DSD_STES_REVISIONS@DF_STES_REVISIONS(4.0),EA20,Q,B1GQ_Q,XDC,_T,202609,2015-Q2,2869983598766,A,0,0,
OECD.SDD.STES:DSD_STES_REVISIONS@DF_STES_REVISIONS(4.0),EA20,Q,B1GQ_Q,XDC,_T,202607,2015-Q2,2866851245565,A,0,0,
OECD.SDD.STES:DSD_STES_REVISIONS@DF_STES_REVISIONS(4.0),EA20,Q,B1GQ_Q,XDC,_T,202605,2015-Q2,2867055506262,A,0,0,
OECD.SDD.STES:DSD_STES_REVISIONS@DF_STES_REVISIONS(4.0),EA20,Q,B1GQ_Q,XDC,_T,202603,2015-Q2,2852866126433,A,0,0,
OECD.SDD.STES:DSD_STES_REVISIONS@DF_STES_REVISIONS(4.0),EA20,Q,B1GQ_Q,XDC,_T,202602,2015-Q2,2852837446504,A,0,0,
OECD.SDD.STES:DSD_STES_REVISIONS@DF_STES_REVISIONS(4.0),EA20,Q,B1GQ_Q,XDC,_T,202604,2015-Q2,2852866126433,A,0,0,
OECD.SDD.STES:DSD_STES_REVISIONS@DF_STES_REVISIONS(4.0),EA20,Q,B1GQ_Q,XDC,_T,202601,2015-Q2,2852837446504,A,0,0,
OECD.SDD.STES:DSD_STES_REVISIONS@DF_STES_REVISIONS(4.0),EA20,Q,B1GQ_Q,XDC,_T,202510,2015-Q2,2852729370737,A,0,0,
OECD.SDD.STES:DSD_STES_REVISIONS@DF_STES_REVISIONS(4.0),EA20,Q,B1GQ_Q,XDC,_T,202512,2015-Q2,2852837446504,A,0,0,
OECD.SDD.STES:DSD_STES_REVISIONS@DF_STES_REVISIONS(4.0),EA20,Q,B1GQ_Q,XDC,_T,202511,2015-Q2,2852825075649,A,0,0,
OECD.SDD.STES:DSD_STES_REVISIONS@DF_STES_REVISIONS(4.0),EA20,Q,B1GQ_Q,XDC,_T,202508,2015-Q2,2852862017020,A,0,0,
OECD.SDD.STES:DSD_STES_REVISIONS@DF_STES_REVISIONS(4.0),EA20,Q,B1GQ_Q,XDC,_T,202402,2015-Q3,2645382267288,A,0,0,
OECD.SDD.STES:DSD_STES_REVISIONS@DF_STES_REVISIONS(4.0),EA20,Q,B1GQ_Q,XDC,_T,202401,2015-Q3,2645382277087,A,0,0,
OECD.SDD.STES:DSD_STES_REVISIONS@DF_STES_REVISIONS(4.0),EA20,Q,B1GQ_Q,XDC,_T,202403,2015-Q3,2645382267288,A,0,0,
OECD.SDD.STES:DSD_STES_REVISIONS@DF_STES_REVISIONS(4.0),EA20,Q,B1GQ_Q,XDC,_T,202404,2015-Q3,2645375943512,A,0,0,
OECD.SDD.STES:DSD_STES_REVISIONS@DF_STES_REVISIONS(4.0),EA20,Q,B1GQ_Q,XDC,_T,202405,2015-Q3,2645375929322,A,0,0,
OECD.SDD.STES:DSD_STES_REVISIONS@DF_STES_REVISIONS(4.0),EA20,Q,B1GQ_Q,XDC,_T,202408,2015-Q3,2650329341320,A,0,0,
OECD.SDD.STES:DSD_STES_REVISIONS@DF_STES_REVISIONS(4.0),EA20,Q,B1GQ_Q,XDC,_T,202407,2015-Q3,2645509737080,A,0,0,
OECD.SDD.STES:DSD_STES_REVISIONS@DF_STES_REVISIONS(4.0),EA20,Q,B1GQ_Q,XDC,_T,202406,2015-Q3,2645375929322,A,0,0,
OECD.SDD.STES:DSD_STES_REVISIONS@DF_STES_REVISIONS(4.0),EA20,Q,B1GQ_Q,XDC,_T,202409,2015-Q3,2650329341320,A,0,0,
OECD.SDD.STES:DSD_STES_REVISIONS@DF_STES_REVISIONS(4.0),EA20,Q,B1GQ_Q,XDC,_T,202506,2015-Q3,2864198996336,A,0,0,
OECD.SDD.STES:DSD_STES_REVISIONS@DF_STES_REVISIONS(4.0),EA20,Q,B1GQ_Q,XDC,_T,202507,2015-Q3,2864198996336,A,0,0,
OECD.SDD.STES:DSD_STES_REVISIONS@DF_STES_REVISIONS(4.0),EA20,Q,B1GQ_Q,XDC,_T,202509,2015-Q3,2864469456969,A,0,0,
OECD.SDD.STES:DSD_STES_REVISIONS@DF_STES_REVISIONS(4.0),EA20,Q,B1GQ_Q,XDC,_T,202504,2015-Q3,2864206868826,A,0,0,
OECD.SDD.STES:DSD_STES_REVISIONS@DF_STES_REVISIONS(4.0),EA20,Q,B1GQ_Q,XDC,_T,202505,2015-Q3,2864151632183,A,0,0,
OECD.SDD.STES:DSD_STES_REVISIONS@DF_STES_REVISIONS(4.0),EA20,Q,B1GQ_Q,XDC,_T,202503,2015-Q3,2864202186790,A,0,0,
OECD.SDD.STES:DSD_STES_REVISIONS@DF_STES_REVISIONS(4.0),EA20,Q,B1GQ_Q,XDC,_T,202501,2015-Q3,2864579551000,A,0,0,
OECD.SDD.STES:DSD_STES_REVISIONS@DF_STES_REVISIONS(4.0),EA20,Q,B1GQ_Q,XDC,_T,202502,2015-Q3,2864202186790,A,0,0,
OECD.SDD.STES:DSD_STES_REVISIONS@DF_STES_REVISIONS(4.0),EA20,Q,B1GQ_Q,XDC,_T,202411,2015-Q3,2864579551000,A,0,0,
OECD.SDD.STES:DSD_STES_REVISIONS@DF_STES_REVISIONS(4.0),EA20,Q,B1GQ_Q,XDC,_T,202412,2015-Q3,2864579551000,A,0,0,
OECD.SDD.STES:DSD_STES_REVISIONS@DF_STES_REVISIONS(4.0),EA20,Q,B1GQ_Q,XDC,_T,202606,2015-Q3,2879444135343,A,0,0,
OECD.SDD.STES:DSD_STES_REVISIONS@DF_STES_REVISIONS(4.0),EA20,Q,B1GQ_Q,XDC,_T,202608,2015-Q3,2879157172018,A,0,0,
OECD.SDD.STES:DSD_STES_REVISIONS@DF_STES_REVISIONS(4.0),EA20,Q,B1GQ_Q,XDC,_T,202609,2015-Q3,2881754531537,A,0,0,
OECD.SDD.STES:DSD_STES_REVISIONS@DF_STES_REVISIONS(4.0),EA20,Q,B1GQ_Q,XDC,_T,202607,2015-Q3,2879444135343,A,0,0,
OECD.SDD.STES:DSD_STES_REVISIONS@DF_STES_REVISIONS(4.0),EA20,Q,B1GQ_Q,XDC,_T,202605,2015-Q3,2879475214049,A,0,0,
OECD.SDD.STES:DSD_STES_REVISIONS@DF_STES_REVISIONS(4.0),EA20,Q,B1GQ_Q,XDC,_T,202603,2015-Q3,2865142749624,A,0,0,
OECD.SDD.STES:DSD_STES_REVISIONS@DF_STES_REVISIONS(4.0),EA20,Q,B1GQ_Q,XDC,_T,202602,2015-Q3,2865097421527,A,0,0,
OECD.SDD.STES:DSD_STES_REVISIONS@DF_STES_REVISIONS(4.0),EA20,Q,B1GQ_Q,XDC,_T,202604,2015-Q3,2865142749624,A,0,0,
OECD.SDD.STES:DSD_STES_REVISIONS@DF_STES_REVISIONS(4.0),EA20,Q,B1GQ_Q,XDC,_T,202601,2015-Q3,2865097421527,A,0,0,
OECD.SDD.STES:DSD_STES_REVISIONS@DF_STES_REVISIONS(4.0),EA20,Q,B1GQ_Q,XDC,_T,202512,2015-Q3,2865097421527,A,0,0,
OECD.SDD.STES:DSD_STES_REVISIONS@DF_STES_REVISIONS(4.0),EA20,Q,B1GQ_Q,XDC,_T,202510,2015-Q3,2864955922017,A,0,0,
OECD.SDD.STES:DSD_STES_REVISIONS@DF_STES_REVISIONS(4.0),EA20,Q,B1GQ_Q,XDC,_T,202511,2015-Q3,2865103464347,A,0,0,
OECD.SDD.STES:DSD_STES_REVISIONS@DF_STES_REVISIONS(4.0),EA20,Q,B1GQ_Q,XDC,_T,202508,2015-Q3,2864469456969,A,0,0,
OECD.SDD.STES:DSD_STES_REVISIONS@DF_STES_REVISIONS(4.0),EA20,Q,B1GQ_Q,XDC,_T,202401,2015-Q4,2657400438899,A,0,0,
OECD.SDD.STES:DSD_STES_REVISIONS@DF_STES_REVISIONS(4.0),EA20,Q,B1GQ_Q,XDC,_T,202402,2015-Q4,2657400407321,A,0,0,
OECD.SDD.STES:DSD_STES_REVISIONS@DF_STES_REVISIONS(4.0),EA20,Q,B1GQ_Q,XDC,_T,202403,2015-Q4,2657400407321,A,0,0,
OECD.SDD.STES:DSD_STES_REVISIONS@DF_STES_REVISIONS(4.0),EA20,Q,B1GQ_Q,XDC,_T,202404,2015-Q4,2657402782052,A,0,0,
OECD.SDD.STES:DSD_STES_REVISIONS@DF_STES_REVISIONS(4.0),EA20,Q,B1GQ_Q,XDC,_T,202405,2015-Q4,2657402977272,A,0,0,
OECD.SDD.STES:DSD_STES_REVISIONS@DF_STES_REVISIONS(4.0),EA20,Q,B1GQ_Q,XDC,_T,202408,2015-Q4,2663342140793,A,0,0,
OECD.SDD.STES:DSD_STES_REVISIONS@DF_STES_REVISIONS(4.0),EA20,Q,B1GQ_Q,XDC,_T,202407,2015-Q4,2658196784242,A,0,0,
OECD.SDD.STES:DSD_STES_REVISIONS@DF_STES_REVISIONS(4.0),EA20,Q,B1GQ_Q,XDC,_T,202406,2015-Q4,2657402977272,A,0,0,
OECD.SDD.STES:DSD_STES_REVISIONS@DF_STES_REVISIONS(4.0),EA20,Q,B1GQ_Q,XDC,_T,202409,2015-Q4,2663342140793,A,0,0,
OECD.SDD.STES:DSD_STES_REVISIONS@DF_STES_REVISIONS(4.0),EA20,Q,B1GQ_Q,XDC,_T,202506,2015-Q4,2878612434813,A,0,0,
OECD.SDD.STES:DSD_STES_REVISIONS@DF_STES_REVISIONS(4.0),EA20,Q,B1GQ_Q,XDC,_T,202507,2015-Q4,2878612434813,A,0,0,
OECD.SDD.STES:DSD_STES_REVISIONS@DF_STES_REVISIONS(4.0),EA20,Q,B1GQ_Q,XDC,_T,202509,2015-Q4,2878593159902,A,0,0,
OECD.SDD.STES:DSD_STES_REVISIONS@DF_STES_REVISIONS(4.0),EA20,Q,B1GQ_Q,XDC,_T,202504,2015-Q4,2878699706369,A,0,0,
OECD.SDD.STES:DSD_STES_REVISIONS@DF_STES_REVISIONS(4.0),EA20,Q,B1GQ_Q,XDC,_T,202505,2015-Q4,2878559016017,A,0,0,
OECD.SDD.STES:DSD_STES_REVISIONS@DF_STES_REVISIONS(4.0),EA20,Q,B1GQ_Q,XDC,_T,202503,2015-Q4,2878696651484,A,0,0,
OECD.SDD.STES:DSD_STES_REVISIONS@DF_STES_REVISIONS(4.0),EA20,Q,B1GQ_Q,XDC,_T,202501,2015-Q4,2878583291000,A,0,0,
OECD.SDD.STES:DSD_STES_REVISIONS@DF_STES_REVISIONS(4.0),EA20,Q,B1GQ_Q,XDC,_T,202502,2015-Q4,2878696651484,A,0,0,
OECD.SDD.STES:DSD_STES_REVISIONS@DF_STES_REVISIONS(4.0),EA20,Q,B1GQ_Q,XDC,_T,202411,2015-Q4,2878583291000,A,0,0,
OECD.SDD.STES:DSD_STES_REVISIONS@DF_STES_REVISIONS(4.0),EA20,Q,B1GQ_Q,XDC,_T,202412,2015-Q4,2878583291000,A,0,0,
OECD.SDD.STES:DSD_STES_REVISIONS@DF_STES_REVISIONS(4.0),EA20,Q,B1GQ_Q,XDC,_T,202606,2015-Q4,2893722790143,A,0,0,
OECD.SDD.STES:DSD_STES_REVISIONS@DF_STES_REVISIONS(4.0),EA20,Q,B1GQ_Q,XDC,_T,202608,2015-Q4,2892806404004,A,0,0,
OECD.SDD.STES:DSD_STES_REVISIONS@DF_STES_REVISIONS(4.0),EA20,Q,B1GQ_Q,XDC,_T,202609,2015-Q4,2895530709285,A,0,0,
OECD.SDD.STES:DSD_STES_REVISIONS@DF_STES_REVISIONS(4.0),EA20,Q,B1GQ_Q,XDC,_T,202607,2015-Q4,2893722790143,A,0,0,
OECD.SDD.STES:DSD_STES_REVISIONS@DF_STES_REVISIONS(4.0),EA20,Q,B1GQ_Q,XDC,_T,202605,2015-Q4,2893632848793,A,0,0,
OECD.SDD.STES:DSD_STES_REVISIONS@DF_STES_REVISIONS(4.0),EA20,Q,B1GQ_Q,XDC,_T,202603,2015-Q4,2879214846387,A,0,0,
OECD.SDD.STES:DSD_STES_REVISIONS@DF_STES_REVISIONS(4.0),EA20,Q,B1GQ_Q,XDC,_T,202602,2015-Q4,2879160820484,A,0,0,
OECD.SDD.STES:DSD_STES_REVISIONS@DF_STES_REVISIONS(4.0),EA20,Q,B1GQ_Q,XDC,_T,202604,2015-Q4,2879214846387,A,0,0,
OECD.SDD.STES:DSD_STES_REVISIONS@DF_STES_REVISIONS(4.0),EA20,Q,B1GQ_Q,XDC,_T,202601,2015-Q4,2879160820484,A,0,0,
OECD.SDD.STES:DSD_STES_REVISIONS@DF_STES_REVISIONS(4.0),EA20,Q,B1GQ_Q,XDC,_T,202510,2015-Q4,2879529511731,A,0,0,
OECD.SDD.STES:DSD_STES_REVISIONS@DF_STES_REVISIONS(4.0),EA20,Q,B1GQ_Q,XDC,_T,202512,2015-Q4,2879160820484,A,0,0,
OECD.SDD.STES:DSD_STES_REVISIONS@DF_STES_REVISIONS(4.0),EA20,Q,B1GQ_Q,XDC,_T,202511,2015-Q4,2879231798848,A,0,0,
OECD.SDD.STES:DSD_STES_REVISIONS@DF_STES_REVISIONS(4.0),EA20,Q,B1GQ_Q,XDC,_T,202508,2015-Q4,2878593159902,A,0,0,
OECD.SDD.STES:DSD_STES_REVISIONS@DF_STES_REVISIONS(4.0),EA20,Q,B1GQ_Q,XDC,_T,202402,2016-Q1,2672967194491,A,0,0,
OECD.SDD.STES:DSD_STES_REVISIONS@DF_STES_REVISIONS(4.0),EA20,Q,B1GQ_Q,XDC,_T,202401,2016-Q1,2672967148995,A,0,0,
OECD.SDD.STES:DSD_STES_REVISIONS@DF_STES_REVISIONS(4.0),EA20,Q,B1GQ_Q,XDC,_T,202403,2016-Q1,2672967194491,A,0,0,
OECD.SDD.STES:DSD_STES_REVISIONS@DF_STES_REVISIONS(4.0),EA20,Q,B1GQ_Q,XDC,_T,202404,2016-Q1,2672959272536,A,0,0,
OECD.SDD.STES:DSD_STES_REVISIONS@DF_STES_REVISIONS(4.0),EA20,Q,B1GQ_Q,XDC,_T,202405,2016-Q1,2672959234126,A,0,0,
OECD.SDD.STES:DSD_STES_REVISIONS@DF_STES_REVISIONS(4.0),EA20,Q,B1GQ_Q,XDC,_T,202408,2016-Q1,2676504447412,A,0,0,
OECD.SDD.STES:DSD_STES_REVISIONS@DF_STES_REVISIONS(4.0),EA20,Q,B1GQ_Q,XDC,_T,202407,2016-Q1,2672787607843,A,0,0,
OECD.SDD.STES:DSD_STES_REVISIONS@DF_STES_REVISIONS(4.0),EA20,Q,B1GQ_Q,XDC,_T,202406,2016-Q1,2672959234126,A,0,0,
OECD.SDD.STES:DSD_STES_REVISIONS@DF_STES_REVISIONS(4.0),EA20,Q,B1GQ_Q,XDC,_T,202409,2016-Q1,2676504447412,A,0,0,
OECD.SDD.STES:DSD_STES_REVISIONS@DF_STES_REVISIONS(4.0),EA20,Q,B1GQ_Q,XDC,_T,202506,2016-Q1,2892732582114,A,0,0,
OECD.SDD.STES:DSD_STES_REVISIONS@DF_STES_REVISIONS(4.0),EA20,Q,B1GQ_Q,XDC,_T,202507,2016-Q1,2892732582114,A,0,0,
OECD.SDD.STES:DSD_STES_REVISIONS@DF_STES_REVISIONS(4.0),EA20,Q,B1GQ_Q,XDC,_T,202509,2016-Q1,2892843288726,A,0,0,
OECD.SDD.STES:DSD_STES_REVISIONS@DF_STES_REVISIONS(4.0),EA20,Q,B1GQ_Q,XDC,_T,202504,2016-Q1,2893250796664,A,0,0,
OECD.SDD.STES:DSD_STES_REVISIONS@DF_STES_REVISIONS(4.0),EA20,Q,B1GQ_Q,XDC,_T,202505,2016-Q1,2893136650617,A,0,0,
OECD.SDD.STES:DSD_STES_REVISIONS@DF_STES_REVISIONS(4.0),EA20,Q,B1GQ_Q,XDC,_T,202503,2016-Q1,2893267639315,A,0,0,
OECD.SDD.STES:DSD_STES_REVISIONS@DF_STES_REVISIONS(4.0),EA20,Q,B1GQ_Q,XDC,_T,202501,2016-Q1,2892951504000,A,0,0,
OECD.SDD.STES:DSD_STES_REVISIONS@DF_STES_REVISIONS(4.0),EA20,Q,B1GQ_Q,XDC,_T,202502,2016-Q1,2893267639315,A,0,0,
OECD.SDD.STES:DSD_STES_REVISIONS@DF_STES_REVISIONS(4.0),EA20,Q,B1GQ_Q,XDC,_T,202411,2016-Q1,2892951504000,A,0,0,
OECD.SDD.STES:DSD_STES_REVISIONS@DF_STES_REVISIONS(4.0),EA20,Q,B1GQ_Q,XDC,_T,202412,2016-Q1,2892951504000,A,0,0,
OECD.SDD.STES:DSD_STES_REVISIONS@DF_STES_REVISIONS(4.0),EA20,Q,B1GQ_Q,XDC,_T,202606,2016-Q1,2907682380142,A,0,0,
OECD.SDD.STES:DSD_STES_REVISIONS@DF_STES_REVISIONS(4.0),EA20,Q,B1GQ_Q,XDC,_T,202608,2016-Q1,2907769971621,A,0,0,
OECD.SDD.STES:DSD_STES_REVISIONS@DF_STES_REVISIONS(4.0),EA20,Q,B1GQ_Q,XDC,_T,202609,2016-Q1,2910212868370,A,0,0,
OECD.SDD.STES:DSD_STES_REVISIONS@DF_STES_REVISIONS(4.0),EA20,Q,B1GQ_Q,XDC,_T,202607,2016-Q1,2907682380142,A,0,0,
OECD.SDD.STES:DSD_STES_REVISIONS@DF_STES_REVISIONS(4.0),EA20,Q,B1GQ_Q,XDC,_T,202605,2016-Q1,2907537286634,A,0,0,
OECD.SDD.STES:DSD_STES_REVISIONS@DF_STES_REVISIONS(4.0),EA20,Q,B1GQ_Q,XDC,_T,202603,2016-Q1,2893012425183,A,0,0,
OECD.SDD.STES:DSD_STES_REVISIONS@DF_STES_REVISIONS(4.0),EA20,Q,B1GQ_Q,XDC,_T,202602,2016-Q1,2892985099175,A,0,0,
OECD.SDD.STES:DSD_STES_REVISIONS@DF_STES_REVISIONS(4.0),EA20,Q,B1GQ_Q,XDC,_T,202604,2016-Q1,2893012425183,A,0,0,
OECD.SDD.STES:DSD_STES_REVISIONS@DF_STES_REVISIONS(4.0),EA20,Q,B1GQ_Q,XDC,_T,202601,2016-Q1,2892985099175,A,0,0,
OECD.SDD.STES:DSD_STES_REVISIONS@DF_STES_REVISIONS(4.0),EA20,Q,B1GQ_Q,XDC,_T,202512,2016-Q1,2892985099175,A,0,0,
OECD.SDD.STES:DSD_STES_REVISIONS@DF_STES_REVISIONS(4.0),EA20,Q,B1GQ_Q,XDC,_T,202510,2016-Q1,2892964664268,A,0,0,
OECD.SDD.STES:DSD_STES_REVISIONS@DF_STES_REVISIONS(4.0),EA20,Q,B1GQ_Q,XDC,_T,202511,2016-Q1,2892933832617,A,0,0,
OECD.SDD.STES:DSD_STES_REVISIONS@DF_STES_REVISIONS(4.0),EA20,Q,B1GQ_Q,XDC,_T,202508,2016-Q1,2892843288726,A,0,0,
OECD.SDD.STES:DSD_STES_REVISIONS@DF_STES_REVISIONS(4.0),EA20,Q,B1GQ_Q,XDC,_T,202401,2016-Q2,2678821930931,A,0,0,
OECD.SDD.STES:DSD_STES_REVISIONS@DF_STES_REVISIONS(4.0),EA20,Q,B1GQ_Q,XDC,_T,202402,2016-Q2,2678821935321,A,0,0,
OECD.SDD.STES:DSD_STES_REVISIONS@DF_STES_REVISIONS(4.0),EA20,Q,B1GQ_Q,XDC,_T,202403,2016-Q2,2678821935321,A,0,0,
OECD.SDD.STES:DSD_STES_REVISIONS@DF_STES_REVISIONS(4.0),EA20,Q,B1GQ_Q,XDC,_T,202404,2016-Q2,2678793694102,A,0,0,
OECD.SDD.STES:DSD_STES_REVISIONS@DF_STES_REVISIONS(4.0),EA20,Q,B1GQ_Q,XDC,_T,202405,2016-Q2,2678793419431,A,0,0,
OECD.SDD.STES:DSD_STES_REVISIONS@DF_STES_REVISIONS(4.0),EA20,Q,B1GQ_Q,XDC,_T,202408,2016-Q2,2683871745649,A,0,0,
OECD.SDD.STES:DSD_STES_REVISIONS@DF_STES_REVISIONS(4.0),EA20,Q,B1GQ_Q,XDC,_T,202407,2016-Q2,2679701639071,A,0,0,
OECD.SDD.STES:DSD_STES_REVISIONS@DF_STES_REVISIONS(4.0),EA20,Q,B1GQ_Q,XDC,_T,202406,2016-Q2,2678793419431,A,0,0,
OECD.SDD.STES:DSD_STES_REVISIONS@DF_STES_REVISIONS(4.0),EA20,Q,B1GQ_Q,XDC,_T,202409,2016-Q2,2683871745649,A,0,0,
OECD.SDD.STES:DSD_STES_REVISIONS@DF_STES_REVISIONS(4.0),EA20,Q,B1GQ_Q,XDC,_T,202506,2016-Q2,2899806058862,A,0,0,
OECD.SDD.STES:DSD_STES_REVISIONS@DF_STES_REVISIONS(4.0),EA20,Q,B1GQ_Q,XDC,_T,202507,2016-Q2,2899806058862,A,0,0,
OECD.SDD.STES:DSD_STES_REVISIONS@DF_STES_REVISIONS(4.0),EA20,Q,B1GQ_Q,XDC,_T,202509,2016-Q2,2899162470518,A,0,0,
OECD.SDD.STES:DSD_STES_REVISIONS@DF_STES_REVISIONS(4.0),EA20,Q,B1GQ_Q,XDC,_T,202504,2016-Q2,2899933205629,A,0,0,
OECD.SDD.STES:DSD_STES_REVISIONS@DF_STES_REVISIONS(4.0),EA20,Q,B1GQ_Q,XDC,_T,202505,2016-Q2,2899826000150,A,0,0,
OECD.SDD.STES:DSD_STES_REVISIONS@DF_STES_REVISIONS(4.0),EA20,Q,B1GQ_Q,XDC,_T,202503,2016-Q2,2899910211783,A,0,0,
OECD.SDD.STES:DSD_STES_REVISIONS@DF_STES_REVISIONS(4.0),EA20,Q,B1GQ_Q,XDC,_T,202501,2016-Q2,2899747945000,A,0,0,
OECD.SDD.STES:DSD_STES_REVISIONS@DF_STES_REVISIONS(4.0),EA20,Q,B1GQ_Q,XDC,_T,202502,2016-Q2,2899910211783,A,0,0,
OECD.SDD.STES:DSD_STES_REVISIONS@DF_STES_REVISIONS(4.0),EA20,Q,B1GQ_Q,XDC,_T,202411,2016-Q2,2899747945000,A,0,0,
OECD.SDD.STES:DSD_STES_REVISIONS@DF_STES_REVISIONS(4.0),EA20,Q,B1GQ_Q,XDC,_T,202412,2016-Q2,2899747945000,A,0,0,
OECD.SDD.STES:DSD_STES_REVISIONS@DF_STES_REVISIONS(4.0),EA20,Q,B1GQ_Q,XDC,_T,202606,2016-Q2,2912999224872,A,0,0,
OECD.SDD.STES:DSD_STES_REVISIONS@DF_STES_REVISIONS(4.0),EA20,Q,B1GQ_Q,XDC,_T,202608,2016-Q2,2912764103227,A,0,0,
OECD.SDD.STES:DSD_STES_REVISIONS@DF_STES_REVISIONS(4.0),EA20,Q,B1GQ_Q,XDC,_T,202609,2016-Q2,2915628345852,A,0,0,
OECD.SDD.STES:DSD_STES_REVISIONS@DF_STES_REVISIONS(4.0),EA20,Q,B1GQ_Q,XDC,_T,202607,2016-Q2,2912999224872,A,0,0,
OECD.SDD.STES:DSD_STES_REVISIONS@DF_STES_REVISIONS(4.0),EA20,Q,B1GQ_Q,XDC,_T,202605,2016-Q2,2913187909450,A,0,0,
OECD.SDD.STES:DSD_STES_REVISIONS@DF_STES_REVISIONS(4.0),EA20,Q,B1GQ_Q,XDC,_T,202603,2016-Q2,2898566775985,A,0,0,
OECD.SDD.STES:DSD_STES_REVISIONS@DF_STES_REVISIONS(4.0),EA20,Q,B1GQ_Q,XDC,_T,202602,2016-Q2,2898543557693,A,0,0,
OECD.SDD.STES:DSD_STES_REVISIONS@DF_STES_REVISIONS(4.0),EA20,Q,B1GQ_Q,XDC,_T,202604,2016-Q2,2898566775985,A,0,0,
OECD.SDD.STES:DSD_STES_REVISIONS@DF_STES_REVISIONS(4.0),EA20,Q,B1GQ_Q,XDC,_T,202601,2016-Q2,2898543557693,A,0,0,
OECD.SDD.STES:DSD_STES_REVISIONS@DF_STES_REVISIONS(4.0),EA20,Q,B1GQ_Q,XDC,_T,202510,2016-Q2,2898478444953,A,0,0,
OECD.SDD.STES:DSD_STES_REVISIONS@DF_STES_REVISIONS(4.0),EA20,Q,B1GQ_Q,XDC,_T,202512,2016-Q2,2898543557693,A,0,0,
OECD.SDD.STES:DSD_STES_REVISIONS@DF_STES_REVISIONS(4.0),EA20,Q,B1GQ_Q,XDC,_T,202511,2016-Q2,2898551084111,A,0,0,
OECD.SDD.STES:DSD_STES_REVISIONS@DF_STES_REVISIONS(4.0),EA20,Q,B1GQ_Q,XDC,_T,202508,2016-Q2,2899162470518,A,0,0,
OECD.SDD.STES:DSD_STES_REVISIONS@DF_STES_REVISIONS(4.0),EA20,Q,B1GQ_Q,XDC,_T,202402,2016-Q3,2691623134957,A,0,0,
OECD.SDD.STES:DSD_STES_REVISIONS@DF_STES_REVISIONS(4.0),EA20,Q,B1GQ_Q,XDC,_T,202401,2016-Q3,2691623156299,A,0,0,
OECD.SDD.STES:DSD_STES_REVISIONS@DF_STES_REVISIONS(4.0),EA20,Q,B1GQ_Q,XDC,_T,202403,2016-Q3,2691623134957,A,0,0,
OECD.SDD.STES:DSD_STES_REVISIONS@DF_STES_REVISIONS(4.0),EA20,Q,B1GQ_Q,XDC,_T,202404,2016-Q3,2691605478340,A,0,0,
OECD.SDD.STES:DSD_STES_REVISIONS@DF_STES_REVISIONS(4.0),EA20,Q,B1GQ_Q,XDC,_T,202405,2016-Q3,2691605490726,A,0,0,
OECD.SDD.STES:DSD_STES_REVISIONS@DF_STES_REVISIONS(4.0),EA20,Q,B1GQ_Q,XDC,_T,202408,2016-Q3,2695289181449,A,0,0,
OECD.SDD.STES:DSD_STES_REVISIONS@DF_STES_REVISIONS(4.0),EA20,Q,B1GQ_Q,XDC,_T,202407,2016-Q3,2691376431548,A,0,0,
OECD.SDD.STES:DSD_STES_REVISIONS@DF_STES_REVISIONS(4.0),EA20,Q,B1GQ_Q,XDC,_T,202406,2016-Q3,2691605490726,A,0,0,
OECD.SDD.STES:DSD_STES_REVISIONS@DF_STES_REVISIONS(4.0),EA20,Q,B1GQ_Q,XDC,_T,202409,2016-Q3,2695289181449,A,0,0,
OECD.SDD.STES:DSD_STES_REVISIONS@DF_STES_REVISIONS(4.0),EA20,Q,B1GQ_Q,XDC,_T,202506,2016-Q3,2913509915347,A,0,0,
OECD.SDD.STES:DSD_STES_REVISIONS@DF_STES_REVISIONS(4.0),EA20,Q,B1GQ_Q,XDC,_T,202507,2016-Q3,2913509915347,A,0,0,
OECD.SDD.STES:DSD_STES_REVISIONS@DF_STES_REVISIONS(4.0),EA20,Q,B1GQ_Q,XDC,_T,202509,2016-Q3,2912917862686,A,0,0,
OECD.SDD.STES:DSD_STES_REVISIONS@DF_STES_REVISIONS(4.0),EA20,Q,B1GQ_Q,XDC,_T,202504,2016-Q3,2913573156557,A,0,0,
OECD.SDD.STES:DSD_STES_REVISIONS@DF_STES_REVISIONS(4.0),EA20,Q,B1GQ_Q,XDC,_T,202505,2016-Q3,2913477215866,A,0,0,
OECD.SDD.STES:DSD_STES_REVISIONS@DF_STES_REVISIONS(4.0),EA20,Q,B1GQ_Q,XDC,_T,202503,2016-Q3,2913560379147,A,0,0,
OECD.SDD.STES:DSD_STES_REVISIONS@DF_STES_REVISIONS(4.0),EA20,Q,B1GQ_Q,XDC,_T,202501,2016-Q3,2913411890000,A,0,0,
OECD.SDD.STES:DSD_STES_REVISIONS@DF_STES_REVISIONS(4.0),EA20,Q,B1GQ_Q,XDC,_T,202502,2016-Q3,2913560379147,A,0,0,
OECD.SDD.STES:DSD_STES_REVISIONS@DF_STES_REVISIONS(4.0),EA20,Q,B1GQ_Q,XDC,_T,202411,2016-Q3,2913411890000,A,0,0,
OECD.SDD.STES:DSD_STES_REVISIONS@DF_STES_REVISIONS(4.0),EA20,Q,B1GQ_Q,XDC,_T,202412,2016-Q3,2913411890000,A,0,0,
OECD.SDD.STES:DSD_STES_REVISIONS@DF_STES_REVISIONS(4.0),EA20,Q,B1GQ_Q,XDC,_T,202606,2016-Q3,2927131995681,A,0,0,
OECD.SDD.STES:DSD_STES_REVISIONS@DF_STES_REVISIONS(4.0),EA20,Q,B1GQ_Q,XDC,_T,202608,2016-Q3,2926704919479,A,0,0,
OECD.SDD.STES:DSD_STES_REVISIONS@DF_STES_REVISIONS(4.0),EA20,Q,B1GQ_Q,XDC,_T,202609,2016-Q3,2930158434726,A,0,0,
OECD.SDD.STES:DSD_STES_REVISIONS@DF_STES_REVISIONS(4.0),EA20,Q,B1GQ_Q,XDC,_T,202607,2016-Q3,2927131995681,A,0,0,
OECD.SDD.STES:DSD_STES_REVISIONS@DF_STES_REVISIONS(4.0),EA20,Q,B1GQ_Q,XDC,_T,202605,2016-Q3,2927213199917,A,0,0,
OECD.SDD.STES:DSD_STES_REVISIONS@DF_STES_REVISIONS(4.0),EA20,Q,B1GQ_Q,XDC,_T,202603,2016-Q3,2912524749933,A,0,0,
OECD.SDD.STES:DSD_STES_REVISIONS@DF_STES_REVISIONS(4.0),EA20,Q,B1GQ_Q,XDC,_T,202602,2016-Q3,2912569788012,A,0,0,
OECD.SDD.STES:DSD_STES_REVISIONS@DF_STES_REVISIONS(4.0),EA20,Q,B1GQ_Q,XDC,_T,202604,2016-Q3,2912524749933,A,0,0,
OECD.SDD.STES:DSD_STES_REVISIONS@DF_STES_REVISIONS(4.0),EA20,Q,B1GQ_Q,XDC,_T,202601,2016-Q3,2912569788012,A,0,0,
OECD.SDD.STES:DSD_STES_REVISIONS@DF_STES_REVISIONS(4.0),EA20,Q,B1GQ_Q,XDC,_T,202512,2016-Q3,2912569788012,A,0,0,
OECD.SDD.STES:DSD_STES_REVISIONS@DF_STES_REVISIONS(4.0),EA20,Q,B1GQ_Q,XDC,_T,202510,2016-Q3,2912643397486,A,0,0,
OECD.SDD.STES:DSD_STES_REVISIONS@DF_STES_REVISIONS(4.0),EA20,Q,B1GQ_Q,XDC,_T,202511,2016-Q3,2912604821629,A,0,0,
OECD.SDD.STES:DSD_STES_REVISIONS@DF_STES_REVISIONS(4.0),EA20,Q,B1GQ_Q,XDC,_T,202508,2016-Q3,2912917862686,A,0,0,
OECD.SDD.STES:DSD_STES_REVISIONS@DF_STES_REVISIONS(4.0),EA20,Q,B1GQ_Q,XDC,_T,202401,2016-Q4,2712649118752,A,0,0,
OECD.SDD.STES:DSD_STES_REVISIONS@DF_STES_REVISIONS(4.0),EA20,Q,B1GQ_Q,XDC,_T,202402,2016-Q4,2712649090208,A,0,0,
OECD.SDD.STES:DSD_STES_REVISIONS@DF_STES_REVISIONS(4.0),EA20,Q,B1GQ_Q,XDC,_T,202403,2016-Q4,2712649090208,A,0,0,
OECD.SDD.STES:DSD_STES_REVISIONS@DF_STES_REVISIONS(4.0),EA20,Q,B1GQ_Q,XDC,_T,202404,2016-Q4,2712675073113,A,0,0,
OECD.SDD.STES:DSD_STES_REVISIONS@DF_STES_REVISIONS(4.0),EA20,Q,B1GQ_Q,XDC,_T,202405,2016-Q4,2712675373808,A,0,0,
OECD.SDD.STES:DSD_STES_REVISIONS@DF_STES_REVISIONS(4.0),EA20,Q,B1GQ_Q,XDC,_T,202408,2016-Q4,2715216502032,A,0,0,
OECD.SDD.STES:DSD_STES_REVISIONS@DF_STES_REVISIONS(4.0),EA20,Q,B1GQ_Q,XDC,_T,202407,2016-Q4,2712235095822,A,0,0,
OECD.SDD.STES:DSD_STES_REVISIONS@DF_STES_REVISIONS(4.0),EA20,Q,B1GQ_Q,XDC,_T,202406,2016-Q4,2712675373808,A,0,0,
OECD.SDD.STES:DSD_STES_REVISIONS@DF_STES_REVISIONS(4.0),EA20,Q,B1GQ_Q,XDC,_T,202409,2016-Q4,2715216502032,A,0,0,
OECD.SDD.STES:DSD_STES_REVISIONS@DF_STES_REVISIONS(4.0),EA20,Q,B1GQ_Q,XDC,_T,202506,2016-Q4,2935105369601,A,0,0,
OECD.SDD.STES:DSD_STES_REVISIONS@DF_STES_REVISIONS(4.0),EA20,Q,B1GQ_Q,XDC,_T,202507,2016-Q4,2935105369601,A,0,0,
OECD.SDD.STES:DSD_STES_REVISIONS@DF_STES_REVISIONS(4.0),EA20,Q,B1GQ_Q,XDC,_T,202509,2016-Q4,2934509554139,A,0,0,
OECD.SDD.STES:DSD_STES_REVISIONS@DF_STES_REVISIONS(4.0),EA20,Q,B1GQ_Q,XDC,_T,202504,2016-Q4,2934634744695,A,0,0,
OECD.SDD.STES:DSD_STES_REVISIONS@DF_STES_REVISIONS(4.0),EA20,Q,B1GQ_Q,XDC,_T,202505,2016-Q4,2934539437384,A,0,0,
OECD.SDD.STES:DSD_STES_REVISIONS@DF_STES_REVISIONS(4.0),EA20,Q,B1GQ_Q,XDC,_T,202503,2016-Q4,2934555183467,A,0,0,
OECD.SDD.STES:DSD_STES_REVISIONS@DF_STES_REVISIONS(4.0),EA20,Q,B1GQ_Q,XDC,_T,202501,2016-Q4,2935225038000,A,0,0,
OECD.SDD.STES:DSD_STES_REVISIONS@DF_STES_REVISIONS(4.0),EA20,Q,B1GQ_Q,XDC,_T,202502,2016-Q4,2934555183467,A,0,0,
OECD.SDD.STES:DSD_STES_REVISIONS@DF_STES_REVISIONS(4.0),EA20,Q,B1GQ_Q,XDC,_T,202411,2016-Q4,2935225038000,A,0,0,
OECD.SDD.STES:DSD_STES_REVISIONS@DF_STES_REVISIONS(4.0),EA20,Q,B1GQ_Q,XDC,_T,202412,2016-Q4,2935225038000,A,0,0,
OECD.SDD.STES:DSD_STES_REVISIONS@DF_STES_REVISIONS(4.0),EA20,Q,B1GQ_Q,XDC,_T,202606,2016-Q4,2949695480175,A,0,0,
OECD.SDD.STES:DSD_STES_REVISIONS@DF_STES_REVISIONS(4.0),EA20,Q,B1GQ_Q,XDC,_T,202608,2016-Q4,2950273027832,A,0,0,
OECD.SDD.STES:DSD_STES_REVISIONS@DF_STES_REVISIONS(4.0),EA20,Q,B1GQ_Q,XDC,_T,202609,2016-Q4,2953687791861,A,0,0,
OECD.SDD.STES:DSD_STES_REVISIONS@DF_STES_REVISIONS(4.0),EA20,Q,B1GQ_Q,XDC,_T,202607,2016-Q4,2949695480175,A,0,0,
OECD.SDD.STES:DSD_STES_REVISIONS@DF_STES_REVISIONS(4.0),EA20,Q,B1GQ_Q,XDC,_T,202605,2016-Q4,2949677586369,A,0,0,
OECD.SDD.STES:DSD_STES_REVISIONS@DF_STES_REVISIONS(4.0),EA20,Q,B1GQ_Q,XDC,_T,202603,2016-Q4,2934853165797,A,0,0,
OECD.SDD.STES:DSD_STES_REVISIONS@DF_STES_REVISIONS(4.0),EA20,Q,B1GQ_Q,XDC,_T,202602,2016-Q4,2934832737580,A,0,0,
OECD.SDD.STES:DSD_STES_REVISIONS@DF_STES_REVISIONS(4.0),EA20,Q,B1GQ_Q,XDC,_T,202604,2016-Q4,2934853165797,A,0,0,
OECD.SDD.STES:DSD_STES_REVISIONS@DF_STES_REVISIONS(4.0),EA20,Q,B1GQ_Q,XDC,_T,202601,2016-Q4,2934832737580,A,0,0,
OECD.SDD.STES:DSD_STES_REVISIONS@DF_STES_REVISIONS(4.0),EA20,Q,B1GQ_Q,XDC,_T,202510,2016-Q4,2934809787814,A,0,0,
OECD.SDD.STES:DSD_STES_REVISIONS@DF_STES_REVISIONS(4.0),EA20,Q,B1GQ_Q,XDC,_T,202512,2016-Q4,2934832737580,A,0,0,
OECD.SDD.STES:DSD_STES_REVISIONS@DF_STES_REVISIONS(4.0),EA20,Q,B1GQ_Q,XDC,_T,202511,2016-Q4,2934846466395,A,0,0,
OECD.SDD.STES:DSD_STES_REVISIONS@DF_STES_REVISIONS(4.0),EA20,Q,B1GQ_Q,XDC,_T,202508,2016-Q4,2934509554139,A,0,0,
OECD.SDD.STES:DSD_STES_REVISIONS@DF_STES_REVISIONS(4.0),EA20,Q,B1GQ_Q,XDC,_T,202402,2017-Q1,2731632046745,A,0,0,
OECD.SDD.STES:DSD_STES_REVISIONS@DF_STES_REVISIONS(4.0),EA20,Q,B1GQ_Q,XDC,_T,202401,2017-Q1,2731632027930,A,0,0,
OECD.SDD.STES:DSD_STES_REVISIONS@DF_STES_REVISIONS(4.0),EA20,Q,B1GQ_Q,XDC,_T,202403,2017-Q1,2731632046745,A,0,0,
OECD.SDD.STES:DSD_STES_REVISIONS@DF_STES_REVISIONS(4.0),EA20,Q,B1GQ_Q,XDC,_T,202404,2017-Q1,2731633879504,A,0,0,
OECD.SDD.STES:DSD_STES_REVISIONS@DF_STES_REVISIONS(4.0),EA20,Q,B1GQ_Q,XDC,_T,202405,2017-Q1,2731633443481,A,0,0,
OECD.SDD.STES:DSD_STES_REVISIONS@DF_STES_REVISIONS(4.0),EA20,Q,B1GQ_Q,XDC,_T,202408,2017-Q1,2735859927542,A,0,0,
OECD.SDD.STES:DSD_STES_REVISIONS@DF_STES_REVISIONS(4.0),EA20,Q,B1GQ_Q,XDC,_T,202407,2017-Q1,2731569308226,A,0,0,
OECD.SDD.STES:DSD_STES_REVISIONS@DF_STES_REVISIONS(4.0),EA20,Q,B1GQ_Q,XDC,_T,202406,2017-Q1,2731633443481,A,0,0,
OECD.SDD.STES:DSD_STES_REVISIONS@DF_STES_REVISIONS(4.0),EA20,Q,B1GQ_Q,XDC,_T,202409,2017-Q1,2735859927542,A,0,0,
OECD.SDD.STES:DSD_STES_REVISIONS@DF_STES_REVISIONS(4.0),EA20,Q,B1GQ_Q,XDC,_T,202506,2017-Q1,2957717156669,A,0,0,
OECD.SDD.STES:DSD_STES_REVISIONS@DF_STES_REVISIONS(4.0),EA20,Q,B1GQ_Q,XDC,_T,202507,2017-Q1,2957717156669,A,0,0,
OECD.SDD.STES:DSD_STES_REVISIONS@DF_STES_REVISIONS(4.0),EA20,Q,B1GQ_Q,XDC,_T,202509,2017-Q1,2957378370594,A,0,0,
OECD.SDD.STES:DSD_STES_REVISIONS@DF_STES_REVISIONS(4.0),EA20,Q,B1GQ_Q,XDC,_T,202504,2017-Q1,2957211359028,A,0,0,
OECD.SDD.STES:DSD_STES_REVISIONS@DF_STES_REVISIONS(4.0),EA20,Q,B1GQ_Q,XDC,_T,202505,2017-Q1,2957100830742,A,0,0,
OECD.SDD.STES:DSD_STES_REVISIONS@DF_STES_REVISIONS(4.0),EA20,Q,B1GQ_Q,XDC,_T,202503,2017-Q1,2957216726419,A,0,0,
OECD.SDD.STES:DSD_STES_REVISIONS@DF_STES_REVISIONS(4.0),EA20,Q,B1GQ_Q,XDC,_T,202501,2017-Q1,2956918401000,A,0,0,
OECD.SDD.STES:DSD_STES_REVISIONS@DF_STES_REVISIONS(4.0),EA20,Q,B1GQ_Q,XDC,_T,202502,2017-Q1,2957216726419,A,0,0,
OECD.SDD.STES:DSD_STES_REVISIONS@DF_STES_REVISIONS(4.0),EA20,Q,B1GQ_Q,XDC,_T,202411,2017-Q1,2956918401000,A,0,0,
OECD.SDD.STES:DSD_STES_REVISIONS@DF_STES_REVISIONS(4.0),EA20,Q,B1GQ_Q,XDC,_T,202412,2017-Q1,2956918401000,A,0,0,
OECD.SDD.STES:DSD_STES_REVISIONS@DF_STES_REVISIONS(4.0),EA20,Q,B1GQ_Q,XDC,_T,202606,2017-Q1,2973685071994,A,0,0,
OECD.SDD.STES:DSD_STES_REVISIONS@DF_STES_REVISIONS(4.0),EA20,Q,B1GQ_Q,XDC,_T,202608,2017-Q1,2973173996757,A,0,0,
OECD.SDD.STES:DSD_STES_REVISIONS@DF_STES_REVISIONS(4.0),EA20,Q,B1GQ_Q,XDC,_T,202609,2017-Q1,2976370757348,A,0,0,
OECD.SDD.STES:DSD_STES_REVISIONS@DF_STES_REVISIONS(4.0),EA20,Q,B1GQ_Q,XDC,_T,202607,2017-Q1,2973685071994,A,0,0,
OECD.SDD.STES:DSD_STES_REVISIONS@DF_STES_REVISIONS(4.0),EA20,Q,B1GQ_Q,XDC,_T,202605,2017-Q1,2973536776904,A,0,0,
OECD.SDD.STES:DSD_STES_REVISIONS@DF_STES_REVISIONS(4.0),EA20,Q,B1GQ_Q,XDC,_T,202603,2017-Q1,2958614891112,A,0,0,
OECD.SDD.STES:DSD_STES_REVISIONS@DF_STES_REVISIONS(4.0),EA20,Q,B1GQ_Q,XDC,_T,202602,2017-Q1,2958505936889,A,0,0,
OECD.SDD.STES:DSD_STES_REVISIONS@DF_STES_REVISIONS(4.0),EA20,Q,B1GQ_Q,XDC,_T,202604,2017-Q1,2958614891112,A,0,0,
OECD.SDD.STES:DSD_STES_REVISIONS@DF_STES_REVISIONS(4.0),EA20,Q,B1GQ_Q,XDC,_T,202601,2017-Q1,2958505936889,A,0,0,
OECD.SDD.STES:DSD_STES_REVISIONS@DF_STES_REVISIONS(4.0),EA20,Q,B1GQ_Q,XDC,_T,202512,2017-Q1,2958505936889,A,0,0,
OECD.SDD.STES:DSD_STES_REVISIONS@DF_STES_REVISIONS(4.0),EA20,Q,B1GQ_Q,XDC,_T,202510,2017-Q1,2958391136937,A,0,0,
OECD.SDD.STES:DSD_STES_REVISIONS@DF_STES_REVISIONS(4.0),EA20,Q,B1GQ_Q,XDC,_T,202511,2017-Q1,2958498798404,A,0,0,
OECD.SDD.STES:DSD_STES_REVISIONS@DF_STES_REVISIONS(4.0),EA20,Q,B1GQ_Q,XDC,_T,202508,2017-Q1,2957378370594,A,0,0,
OECD.SDD.STES:DSD_STES_REVISIONS@DF_STES_REVISIONS(4.0),EA20,Q,B1GQ_Q,XDC,_T,202401,2017-Q2,2753362643548,A,0,0,
OECD.SDD.STES:DSD_STES_REVISIONS@DF_STES_REVISIONS(4.0),EA20,Q,B1GQ_Q,XDC,_T,202402,2017-Q2,2753362656641,A,0,0,
OECD.SDD.STES:DSD_STES_REVISIONS@DF_STES_REVISIONS(4.0),EA20,Q,B1GQ_Q,XDC,_T,202403,2017-Q2,2753362656641,A,0,0,
OECD.SDD.STES:DSD_STES_REVISIONS@DF_STES_REVISIONS(4.0),EA20,Q,B1GQ_Q,XDC,_T,202404,2017-Q2,2753317951747,A,0,0,
OECD.SDD.STES:DSD_STES_REVISIONS@DF_STES_REVISIONS(4.0),EA20,Q,B1GQ_Q,XDC,_T,202405,2017-Q2,2753317559690,A,0,0,
OECD.SDD.STES:DSD_STES_REVISIONS@DF_STES_REVISIONS(4.0),EA20,Q,B1GQ_Q,XDC,_T,202408,2017-Q2,2756585429464,A,0,0,
OECD.SDD.STES:DSD_STES_REVISIONS@DF_STES_REVISIONS(4.0),EA20,Q,B1GQ_Q,XDC,_T,202407,2017-Q2,2753381775327,A,0,0,
OECD.SDD.STES:DSD_STES_REVISIONS@DF_STES_REVISIONS(4.0),EA20,Q,B1GQ_Q,XDC,_T,202406,2017-Q2,2753317559690,A,0,0,
OECD.SDD.STES:DSD_STES_REVISIONS@DF_STES_REVISIONS(4.0),EA20,Q,B1GQ_Q,XDC,_T,202409,2017-Q2,2756585429464,A,0,0,
OECD.SDD.STES:DSD_STES_REVISIONS@DF_STES_REVISIONS(4.0),EA20,Q,B1GQ_Q,XDC,_T,202506,2017-Q2,2978597732763,A,0,0,
OECD.SDD.STES:DSD_STES_REVISIONS@DF_STES_REVISIONS(4.0),EA20,Q,B1GQ_Q,XDC,_T,202507,2017-Q2,2978597732763,A,0,0,
OECD.SDD.STES:DSD_STES_REVISIONS@DF_STES_REVISIONS(4.0),EA20,Q,B1GQ_Q,XDC,_T,202509,2017-Q2,2978290779235,A,0,0,
OECD.SDD.STES:DSD_STES_REVISIONS@DF_STES_REVISIONS(4.0),EA20,Q,B1GQ_Q,XDC,_T,202504,2017-Q2,2978878716405,A,0,0,
OECD.SDD.STES:DSD_STES_REVISIONS@DF_STES_REVISIONS(4.0),EA20,Q,B1GQ_Q,XDC,_T,202505,2017-Q2,2978741137622,A,0,0,
OECD.SDD.STES:DSD_STES_REVISIONS@DF_STES_REVISIONS(4.0),EA20,Q,B1GQ_Q,XDC,_T,202503,2017-Q2,2978845615226,A,0,0,
OECD.SDD.STES:DSD_STES_REVISIONS@DF_STES_REVISIONS(4.0),EA20,Q,B1GQ_Q,XDC,_T,202501,2017-Q2,2978757975000,A,0,0,
OECD.SDD.STES:DSD_STES_REVISIONS@DF_STES_REVISIONS(4.0),EA20,Q,B1GQ_Q,XDC,_T,202502,2017-Q2,2978845615226,A,0,0,
OECD.SDD.STES:DSD_STES_REVISIONS@DF_STES_REVISIONS(4.0),EA20,Q,B1GQ_Q,XDC,_T,202411,2017-Q2,2978757975000,A,0,0,
OECD.SDD.STES:DSD_STES_REVISIONS@DF_STES_REVISIONS(4.0),EA20,Q,B1GQ_Q,XDC,_T,202412,2017-Q2,2978757975000,A,0,0,
OECD.SDD.STES:DSD_STES_REVISIONS@DF_STES_REVISIONS(4.0),EA20,Q,B1GQ_Q,XDC,_T,202606,2017-Q2,2993152821149,A,0,0,
OECD.SDD.STES:DSD_STES_REVISIONS@DF_STES_REVISIONS(4.0),EA20,Q,B1GQ_Q,XDC,_T,202608,2017-Q2,2993104757975,A,0,0,
OECD.SDD.STES:DSD_STES_REVISIONS@DF_STES_REVISIONS(4.0),EA20,Q,B1GQ_Q,XDC,_T,202609,2017-Q2,2996875299320,A,0,0,
OECD.SDD.STES:DSD_STES_REVISIONS@DF_STES_REVISIONS(4.0),EA20,Q,B1GQ_Q,XDC,_T,202607,2017-Q2,2993152821149,A,0,0,
OECD.SDD.STES:DSD_STES_REVISIONS@DF_STES_REVISIONS(4.0),EA20,Q,B1GQ_Q,XDC,_T,202605,2017-Q2,2993230370992,A,0,0,
OECD.SDD.STES:DSD_STES_REVISIONS@DF_STES_REVISIONS(4.0),EA20,Q,B1GQ_Q,XDC,_T,202603,2017-Q2,2978219563516,A,0,0,
OECD.SDD.STES:DSD_STES_REVISIONS@DF_STES_REVISIONS(4.0),EA20,Q,B1GQ_Q,XDC,_T,202602,2017-Q2,2978124789413,A,0,0,
OECD.SDD.STES:DSD_STES_REVISIONS@DF_STES_REVISIONS(4.0),EA20,Q,B1GQ_Q,XDC,_T,202604,2017-Q2,2978219563516,A,0,0,
OECD.SDD.STES:DSD_STES_REVISIONS@DF_STES_REVISIONS(4.0),EA20,Q,B1GQ_Q,XDC,_T,202601,2017-Q2,2978124789413,A,0,0,
OECD.SDD.STES:DSD_STES_REVISIONS@DF_STES_REVISIONS(4.0),EA20,Q,B1GQ_Q,XDC,_T,202510,2017-Q2,2977917882918,A,0,0,
OECD.SDD.STES:DSD_STES_REVISIONS@DF_STES_REVISIONS(4.0),EA20,Q,B1GQ_Q,XDC,_T,202512,2017-Q2,2978124789413,A,0,0,
OECD.SDD.STES:DSD_STES_REVISIONS@DF_STES_REVISIONS(4.0),EA20,Q,B1GQ_Q,XDC,_T,202511,2017-Q2,2978151874280,A,0,0,
OECD.SDD.STES:DSD_STES_REVISIONS@DF_STES_REVISIONS(4.0),EA20,Q,B1GQ_Q,XDC,_T,202508,2017-Q2,2978290779235,A,0,0,
OECD.SDD.STES:DSD_STES_REVISIONS@DF_STES_REVISIONS(4.0),EA20,Q,B1GQ_Q,XDC,_T,202410,2015-Q1,2642577951236,E,0,0,
OECD.SDD.STES:DSD_STES_REVISIONS@DF_STES_REVISIONS(4.0),EA20,Q,B1GQ_Q,XDC,_T,202410,2015-Q2,2654021566304,E,0,0,
OECD.SDD.STES:DSD_STES_REVISIONS@DF_STES_REVISIONS(4.0),EA20,Q,B1GQ_Q,XDC,_T,202410,2015-Q3,2665300571046,E,0,0,
OECD.SDD.STES:DSD_STES_REVISIONS@DF_STES_REVISIONS(4.0),EA20,Q,B1GQ_Q,XDC,_T,202410,2015-Q4,2678249418282,E,0,0,
OECD.SDD.STES:DSD_STES_REVISIONS@DF_STES_REVISIONS(4.0),EA20,Q,B1GQ_Q,XDC,_T,202410,2016-Q1,2692689361181,E,0,0,
OECD.SDD.STES:DSD_STES_REVISIONS@DF_STES_REVISIONS(4.0),EA20,Q,B1GQ_Q,XDC,_T,202410,2016-Q2,2698939566340,E,0,0,
OECD.SDD.STES:DSD_STES_REVISIONS@DF_STES_REVISIONS(4.0),EA20,Q,B1GQ_Q,XDC,_T,202410,2016-Q3,2711261360032,E,0,0,
OECD.SDD.STES:DSD_STES_REVISIONS@DF_STES_REVISIONS(4.0),EA20,Q,B1GQ_Q,XDC,_T,202410,2016-Q4,2731385720278,E,0,0,
OECD.SDD.STES:DSD_STES_REVISIONS@DF_STES_REVISIONS(4.0),EA20,Q,B1GQ_Q,XDC,_T,202410,2017-Q1,2752391897984,E,0,0,
OECD.SDD.STES:DSD_STES_REVISIONS@DF_STES_REVISIONS(4.0),EA20,Q,B1GQ_Q,XDC,_T,202410,2017-Q2,2773122249280,E,0,0,
OECD.SDD.STES:DSD_STES_REVISIONS@DF_STES_REVISIONS(4.0),EA20,Q,B1GQ_Q,XDC,_T,202308,2017-Q3,2411083363000,A,0,0,
OECD.SDD.STES:DSD_STES_REVISIONS@DF_STES_REVISIONS(4.0),EA20,Q,B1GQ_Q,XDC,_T,202308,2017-Q4,2429324947000,A,0,0,
OECD.SDD.STES:DSD_STES_REVISIONS@DF_STES_REVISIONS(4.0),EA20,Q,B1GQ_Q,XDC,_T,202308,2018-Q1,2430288595000,A,0,0,
OECD.SDD.STES:DSD_STES_REVISIONS@DF_STES_REVISIONS(4.0),EA20,Q,B1GQ_Q,XDC,_T,202308,2018-Q2,2443053672000,A,0,0,
OECD.SDD.STES:DSD_STES_REVISIONS@DF_STES_REVISIONS(4.0),EA20,Q,B1GQ_Q,XDC,_T,202308,2018-Q3,2443563116000,A,0,0,
OECD.SDD.STES:DSD_STES_REVISIONS@DF_STES_REVISIONS(4.0),EA20,Q,B1GQ_Q,XDC,_T,202308,2018-Q4,2459392870000,A,0,0,
OECD.SDD.STES:DSD_STES_REVISIONS@DF_STES_REVISIONS(4.0),EA20,Q,B1GQ_Q,XDC,_T,202308,2019-Q1,2475258840000,A,0,0,
OECD.SDD.STES:DSD_STES_REVISIONS@DF_STES_REVISIONS(4.0),EA20,Q,B1GQ_Q,XDC,_T,202308,2019-Q2,2482566066000,A,0,0,
OECD.SDD.STES:DSD_STES_REVISIONS@DF_STES_REVISIONS(4.0),EA20,Q,B1GQ_Q,XDC,_T,202308,2019-Q3,2487744529000,A,0,0,
OECD.SDD.STES:DSD_STES_REVISIONS@DF_STES_REVISIONS(4.0),EA20,Q,B1GQ_Q,XDC,_T,202308,2019-Q4,2488116712000,A,0,0,
OECD.SDD.STES:DSD_STES_REVISIONS@DF_STES_REVISIONS(4.0),EA20,Q,B1GQ_Q,XDC,_T,202308,2020-Q1,2406961549000,A,0,0,
OECD.SDD.STES:DSD_STES_REVISIONS@DF_STES_REVISIONS(4.0),EA20,Q,B1GQ_Q,XDC,_T,202308,2020-Q2,2131762641000,A,0,0,
OECD.SDD.STES:DSD_STES_REVISIONS@DF_STES_REVISIONS(4.0),EA20,Q,B1GQ_Q,XDC,_T,202308,2020-Q3,2390221197000,A,0,0,
OECD.SDD.STES:DSD_STES_REVISIONS@DF_STES_REVISIONS(4.0),EA20,Q,B1GQ_Q,XDC,_T,202308,2020-Q4,2387423974000,A,0,0,
OECD.SDD.STES:DSD_STES_REVISIONS@DF_STES_REVISIONS(4.0),EA20,Q,B1GQ_Q,XDC,_T,202308,2021-Q1,2390835429000,A,0,0,
OECD.SDD.STES:DSD_STES_REVISIONS@DF_STES_REVISIONS(4.0),EA20,Q,B1GQ_Q,XDC,_T,202308,2021-Q2,2436586517000,A,0,0,
OECD.SDD.STES:DSD_STES_REVISIONS@DF_STES_REVISIONS(4.0),EA20,Q,B1GQ_Q,XDC,_T,202308,2021-Q3,2490106660000,A,0,0,
OECD.SDD.STES:DSD_STES_REVISIONS@DF_STES_REVISIONS(4.0),EA20,Q,B1GQ_Q,XDC,_T,202308,2021-Q4,2503799833000,A,0,0,
OECD.SDD.STES:DSD_STES_REVISIONS@DF_STES_REVISIONS(4.0),EA20,Q,B1GQ_Q,XDC,_T,202308,2022-Q1,2519746712000,A,0,0,
OECD.SDD.STES:DSD_STES_REVISIONS@DF_STES_REVISIONS(4.0),EA20,Q,B1GQ_Q,XDC,_T,202308,2022-Q2,2539675283000,A,0,0,
OECD.SDD.STES:DSD_STES_REVISIONS@DF_STES_REVISIONS(4.0),EA20,Q,B1GQ_Q,XDC,_T,202308,2022-Q3,2549142864000,A,0,0,
OECD.SDD.STES:DSD_STES_REVISIONS@DF_STES_REVISIONS(4.0),EA20,Q,B1GQ_Q,XDC,_T,202308,2022-Q4,2547636029000,A,0,0,
OECD.SDD.STES:DSD_STES_REVISIONS@DF_STES_REVISIONS(4.0),EA20,Q,B1GQ_Q,XDC,_T,202308,2023-Q1,2548011003000,A,0,0,
OECD.SDD.STES:DSD_STES_REVISIONS@DF_STES_REVISIONS(4.0),EA20,Q,B1GQ_Q,XDC,_T,202308,2023-Q2,2554906866000,A,0,0,
OECD.SDD.STES:DSD_STES_REVISIONS@DF_STES_REVISIONS(4.0),EA20,Q,B1GQ_Q,XDC,_T,202309,2017-Q3,2411083363000,A,0,0,
OECD.SDD.STES:DSD_STES_REVISIONS@DF_STES_REVISIONS(4.0),EA20,Q,B1GQ_Q,XDC,_T,202309,2017-Q4,2429324947000,A,0,0,
OECD.SDD.STES:DSD_STES_REVISIONS@DF_STES_REVISIONS(4.0),EA20,Q,B1GQ_Q,XDC,_T,202309,2018-Q1,2430288595000,A,0,0,
OECD.SDD.STES:DSD_STES_REVISIONS@DF_STES_REVISIONS(4.0),EA20,Q,B1GQ_Q,XDC,_T,202309,2018-Q2,2443053672000,A,0,0,
OECD.SDD.STES:DSD_STES_REVISIONS@DF_STES_REVISIONS(4.0),EA20,Q,B1GQ_Q,XDC,_T,202309,2018-Q3,2443563116000,A,0,0,
OECD.SDD.STES:DSD_STES_REVISIONS@DF_STES_REVISIONS(4.0),EA20,Q,B1GQ_Q,XDC,_T,202309,2018-Q4,2459392870000,A,0,0,
OECD.SDD.STES:DSD_STES_REVISIONS@DF_STES_REVISIONS(4.0),EA20,Q,B1GQ_Q,XDC,_T,202309,2019-Q1,2475258840000,A,0,0,
OECD.SDD.STES:DSD_STES_REVISIONS@DF_STES_REVISIONS(4.0),EA20,Q,B1GQ_Q,XDC,_T,202309,2019-Q2,2482566066000,A,0,0,
OECD.SDD.STES:DSD_STES_REVISIONS@DF_STES_REVISIONS(4.0),EA20,Q,B1GQ_Q,XDC,_T,202309,2019-Q3,2487744529000,A,0,0,
OECD.SDD.STES:DSD_STES_REVISIONS@DF_STES_REVISIONS(4.0),EA20,Q,B1GQ_Q,XDC,_T,202309,2019-Q4,2488116712000,A,0,0,
OECD.SDD.STES:DSD_STES_REVISIONS@DF_STES_REVISIONS(4.0),EA20,Q,B1GQ_Q,XDC,_T,202309,2020-Q1,2406961549000,A,0,0,
OECD.SDD.STES:DSD_STES_REVISIONS@DF_STES_REVISIONS(4.0),EA20,Q,B1GQ_Q,XDC,_T,202309,2020-Q2,2131762641000,A,0,0,
OECD.SDD.STES:DSD_STES_REVISIONS@DF_STES_REVISIONS(4.0),EA20,Q,B1GQ_Q,XDC,_T,202309,2020-Q3,2390221197000,A,0,0,
OECD.SDD.STES:DSD_STES_REVISIONS@DF_STES_REVISIONS(4.0),EA20,Q,B1GQ_Q,XDC,_T,202309,2020-Q4,2387423974000,A,0,0,
OECD.SDD.STES:DSD_STES_REVISIONS@DF_STES_REVISIONS(4.0),EA20,Q,B1GQ_Q,XDC,_T,202309,2021-Q1,2390835429000,A,0,0,
OECD.SDD.STES:DSD_STES_REVISIONS@DF_STES_REVISIONS(4.0),EA20,Q,B1GQ_Q,XDC,_T,202309,2021-Q2,2436586517000,A,0,0,
OECD.SDD.STES:DSD_STES_REVISIONS@DF_STES_REVISIONS(4.0),EA20,Q,B1GQ_Q,XDC,_T,202309,2021-Q3,2490106660000,A,0,0,
OECD.SDD.STES:DSD_STES_REVISIONS@DF_STES_REVISIONS(4.0),EA20,Q,B1GQ_Q,XDC,_T,202309,2021-Q4,2503799833000,A,0,0,
OECD.SDD.STES:DSD_STES_REVISIONS@DF_STES_REVISIONS(4.0),EA20,Q,B1GQ_Q,XDC,_T,202309,2022-Q1,2519746712000,A,0,0,
OECD.SDD.STES:DSD_STES_REVISIONS@DF_STES_REVISIONS(4.0),EA20,Q,B1GQ_Q,XDC,_T,202309,2022-Q2,2539675283000,A,0,0,
OECD.SDD.STES:DSD_STES_REVISIONS@DF_STES_REVISIONS(4.0),EA20,Q,B1GQ_Q,XDC,_T,202309,2022-Q3,2549142864000,A,0,0,
OECD.SDD.STES:DSD_STES_REVISIONS@DF_STES_REVISIONS(4.0),EA20,Q,B1GQ_Q,XDC,_T,202309,2022-Q4,2547636029000,A,0,0,
OECD.SDD.STES:DSD_STES_REVISIONS@DF_STES_REVISIONS(4.0),EA20,Q,B1GQ_Q,XDC,_T,202309,2023-Q1,2548011003000,A,0,0,
OECD.SDD.STES:DSD_STES_REVISIONS@DF_STES_REVISIONS(4.0),EA20,Q,B1GQ_Q,XDC,_T,202309,2023-Q2,2554605785000,A,0,0,
OECD.SDD.STES:DSD_STES_REVISIONS@DF_STES_REVISIONS(4.0),EA20,Q,B1GQ_Q,XDC,_T,202312,2017-Q3,2773961111396,A,0,0,
OECD.SDD.STES:DSD_STES_REVISIONS@DF_STES_REVISIONS(4.0),EA20,Q,B1GQ_Q,XDC,_T,202312,2017-Q4,2795854273971,A,0,0,
OECD.SDD.STES:DSD_STES_REVISIONS@DF_STES_REVISIONS(4.0),EA20,Q,B1GQ_Q,XDC,_T,202312,2018-Q1,2796099976135,A,0,0,
OECD.SDD.STES:DSD_STES_REVISIONS@DF_STES_REVISIONS(4.0),EA20,Q,B1GQ_Q,XDC,_T,202312,2018-Q2,2812001112027,A,0,0,
OECD.SDD.STES:DSD_STES_REVISIONS@DF_STES_REVISIONS(4.0),EA20,Q,B1GQ_Q,XDC,_T,202312,2018-Q3,2811200857345,A,0,0,
OECD.SDD.STES:DSD_STES_REVISIONS@DF_STES_REVISIONS(4.0),EA20,Q,B1GQ_Q,XDC,_T,202312,2018-Q4,2830153822053,A,0,0,
OECD.SDD.STES:DSD_STES_REVISIONS@DF_STES_REVISIONS(4.0),EA20,Q,B1GQ_Q,XDC,_T,202312,2019-Q1,2847668543897,A,0,0,
OECD.SDD.STES:DSD_STES_REVISIONS@DF_STES_REVISIONS(4.0),EA20,Q,B1GQ_Q,XDC,_T,202312,2019-Q2,2857808857429,A,0,0,
OECD.SDD.STES:DSD_STES_REVISIONS@DF_STES_REVISIONS(4.0),EA20,Q,B1GQ_Q,XDC,_T,202312,2019-Q3,2862336305128,A,0,0,
OECD.SDD.STES:DSD_STES_REVISIONS@DF_STES_REVISIONS(4.0),EA20,Q,B1GQ_Q,XDC,_T,202312,2019-Q4,2863191826115,A,0,0,
OECD.SDD.STES:DSD_STES_REVISIONS@DF_STES_REVISIONS(4.0),EA20,Q,B1GQ_Q,XDC,_T,202312,2020-Q1,2766377900741,A,0,0,
OECD.SDD.STES:DSD_STES_REVISIONS@DF_STES_REVISIONS(4.0),EA20,Q,B1GQ_Q,XDC,_T,202312,2020-Q2,2454349843629,A,0,0,
OECD.SDD.STES:DSD_STES_REVISIONS@DF_STES_REVISIONS(4.0),EA20,Q,B1GQ_Q,XDC,_T,202312,2020-Q3,2748431202128,A,0,0,
OECD.SDD.STES:DSD_STES_REVISIONS@DF_STES_REVISIONS(4.0),EA20,Q,B1GQ_Q,XDC,_T,202312,2020-Q4,2748079682684,A,0,0,
OECD.SDD.STES:DSD_STES_REVISIONS@DF_STES_REVISIONS(4.0),EA20,Q,B1GQ_Q,XDC,_T,202312,2021-Q1,2761541277013,A,0,0,
OECD.SDD.STES:DSD_STES_REVISIONS@DF_STES_REVISIONS(4.0),EA20,Q,B1GQ_Q,XDC,_T,202312,2021-Q2,2819062634031,A,0,0,
OECD.SDD.STES:DSD_STES_REVISIONS@DF_STES_REVISIONS(4.0),EA20,Q,B1GQ_Q,XDC,_T,202312,2021-Q3,2876881504249,A,0,0,
OECD.SDD.STES:DSD_STES_REVISIONS@DF_STES_REVISIONS(4.0),EA20,Q,B1GQ_Q,XDC,_T,202312,2021-Q4,2891956126851,A,0,0,
OECD.SDD.STES:DSD_STES_REVISIONS@DF_STES_REVISIONS(4.0),EA20,Q,B1GQ_Q,XDC,_T,202312,2022-Q1,2912120462153,A,0,0,
OECD.SDD.STES:DSD_STES_REVISIONS@DF_STES_REVISIONS(4.0),EA20,Q,B1GQ_Q,XDC,_T,202312,2022-Q2,2935637258932,A,0,0,
OECD.SDD.STES:DSD_STES_REVISIONS@DF_STES_REVISIONS(4.0),EA20,Q,B1GQ_Q,XDC,_T,202312,2022-Q3,2945630514520,A,0,0,
OECD.SDD.STES:DSD_STES_REVISIONS@DF_STES_REVISIONS(4.0),EA20,Q,B1GQ_Q,XDC,_T,202312,2022-Q4,2944918627954,A,0,0,
OECD.SDD.STES:DSD_STES_REVISIONS@DF_STES_REVISIONS(4.0),EA20,Q,B1GQ_Q,XDC,_T,202312,2023-Q1,2946295154104,A,0,0,
OECD.SDD.STES:DSD_STES_REVISIONS@DF_STES_REVISIONS(4.0),EA20,Q,B1GQ_Q,XDC,_T,202312,2023-Q2,2950893647804,A,0,0,
OECD.SDD.STES:DSD_STES_REVISIONS@DF_STES_REVISIONS(4.0),EA20,Q,B1GQ_Q,XDC,_T,202312,2023-Q3,2949050510307,A,0,0,
OECD.SDD.STES:DSD_STES_REVISIONS@DF_STES_REVISIONS(4.0),EA20,Q,B1GQ_Q,XDC,_T,202310,2017-Q3,2410769207000,A,0,0,
OECD.SDD.STES:DSD_STES_REVISIONS@DF_STES_REVISIONS(4.0),EA20,Q,B1GQ_Q,XDC,_T,202310,2017-Q4,2429713520000,A,0,0,
OECD.SDD.STES:DSD_STES_REVISIONS@DF_STES_REVISIONS(4.0),EA20,Q,B1GQ_Q,XDC,_T,202310,2018-Q1,2429922935000,A,0,0,
OECD.SDD.STES:DSD_STES_REVISIONS@DF_STES_REVISIONS(4.0),EA20,Q,B1GQ_Q,XDC,_T,202310,2018-Q2,2443669379000,A,0,0,
OECD.SDD.STES:DSD_STES_REVISIONS@DF_STES_REVISIONS(4.0),EA20,Q,B1GQ_Q,XDC,_T,202310,2018-Q3,2443188877000,A,0,0,
OECD.SDD.STES:DSD_STES_REVISIONS@DF_STES_REVISIONS(4.0),EA20,Q,B1GQ_Q,XDC,_T,202310,2018-Q4,2459546570000,A,0,0,
OECD.SDD.STES:DSD_STES_REVISIONS@DF_STES_REVISIONS(4.0),EA20,Q,B1GQ_Q,XDC,_T,202310,2019-Q1,2475147928000,A,0,0,
OECD.SDD.STES:DSD_STES_REVISIONS@DF_STES_REVISIONS(4.0),EA20,Q,B1GQ_Q,XDC,_T,202310,2019-Q2,2483646008000,A,0,0,
OECD.SDD.STES:DSD_STES_REVISIONS@DF_STES_REVISIONS(4.0),EA20,Q,B1GQ_Q,XDC,_T,202310,2019-Q3,2487617634000,A,0,0,
OECD.SDD.STES:DSD_STES_REVISIONS@DF_STES_REVISIONS(4.0),EA20,Q,B1GQ_Q,XDC,_T,202310,2019-Q4,2487980617000,A,0,0,
OECD.SDD.STES:DSD_STES_REVISIONS@DF_STES_REVISIONS(4.0),EA20,Q,B1GQ_Q,XDC,_T,202310,2020-Q1,2404676856000,A,0,0,
OECD.SDD.STES:DSD_STES_REVISIONS@DF_STES_REVISIONS(4.0),EA20,Q,B1GQ_Q,XDC,_T,202310,2020-Q2,2131871576000,A,0,0,
OECD.SDD.STES:DSD_STES_REVISIONS@DF_STES_REVISIONS(4.0),EA20,Q,B1GQ_Q,XDC,_T,202310,2020-Q3,2389425315000,A,0,0,
OECD.SDD.STES:DSD_STES_REVISIONS@DF_STES_REVISIONS(4.0),EA20,Q,B1GQ_Q,XDC,_T,202310,2020-Q4,2387315848000,A,0,0,
OECD.SDD.STES:DSD_STES_REVISIONS@DF_STES_REVISIONS(4.0),EA20,Q,B1GQ_Q,XDC,_T,202310,2021-Q1,2392952449000,A,0,0,
OECD.SDD.STES:DSD_STES_REVISIONS@DF_STES_REVISIONS(4.0),EA20,Q,B1GQ_Q,XDC,_T,202310,2021-Q2,2440902002000,A,0,0,
OECD.SDD.STES:DSD_STES_REVISIONS@DF_STES_REVISIONS(4.0),EA20,Q,B1GQ_Q,XDC,_T,202310,2021-Q3,2492941671000,A,0,0,
OECD.SDD.STES:DSD_STES_REVISIONS@DF_STES_REVISIONS(4.0),EA20,Q,B1GQ_Q,XDC,_T,202310,2021-Q4,2506065591000,A,0,0,
OECD.SDD.STES:DSD_STES_REVISIONS@DF_STES_REVISIONS(4.0),EA20,Q,B1GQ_Q,XDC,_T,202310,2022-Q1,2522495639000,A,0,0,
OECD.SDD.STES:DSD_STES_REVISIONS@DF_STES_REVISIONS(4.0),EA20,Q,B1GQ_Q,XDC,_T,202310,2022-Q2,2542919079000,A,0,0,
OECD.SDD.STES:DSD_STES_REVISIONS@DF_STES_REVISIONS(4.0),EA20,Q,B1GQ_Q,XDC,_T,202310,2022-Q3,2551242437000,A,0,0,
OECD.SDD.STES:DSD_STES_REVISIONS@DF_STES_REVISIONS(4.0),EA20,Q,B1GQ_Q,XDC,_T,202310,2022-Q4,2549822755000,A,0,0,
OECD.SDD.STES:DSD_STES_REVISIONS@DF_STES_REVISIONS(4.0),EA20,Q,B1GQ_Q,XDC,_T,202310,2023-Q1,2551485591000,A,0,0,
OECD.SDD.STES:DSD_STES_REVISIONS@DF_STES_REVISIONS(4.0),EA20,Q,B1GQ_Q,XDC,_T,202310,2023-Q2,2554820768000,A,0,0,
OECD.SDD.STES:DSD_STES_REVISIONS@DF_STES_REVISIONS(4.0),EA20,Q,B1GQ_Q,XDC,_T,202311,2017-Q3,2773961111396,A,0,0,
OECD.SDD.STES:DSD_STES_REVISIONS@DF_STES_REVISIONS(4.0),EA20,Q,B1GQ_Q,XDC,_T,202311,2017-Q4,2795854273971,A,0,0,
OECD.SDD.STES:DSD_STES_REVISIONS@DF_STES_REVISIONS(4.0),EA20,Q,B1GQ_Q,XDC,_T,202311,2018-Q1,2796099976135,A,0,0,
OECD.SDD.STES:DSD_STES_REVISIONS@DF_STES_REVISIONS(4.0),EA20,Q,B1GQ_Q,XDC,_T,202311,2018-Q2,2812001112027,A,0,0,
OECD.SDD.STES:DSD_STES_REVISIONS@DF_STES_REVISIONS(4.0),EA20,Q,B1GQ_Q,XDC,_T,202311,2018-Q3,2811200857345,A,0,0,
OECD.SDD.STES:DSD_STES_REVISIONS@DF_STES_REVISIONS(4.0),EA20,Q,B1GQ_Q,XDC,_T,202311,2018-Q4,2830153822053,A,0,0,
OECD.SDD.STES:DSD_STES_REVISIONS@DF_STES_REVISIONS(4.0),EA20,Q,B1GQ_Q,XDC,_T,202311,2019-Q1,2847668543897,A,0,0,
OECD.SDD.STES:DSD_STES_REVISIONS@DF_STES_REVISIONS(4.0),EA20,Q,B1GQ_Q,XDC,_T,202311,2019-Q2,2857808857429,A,0,0,
OECD.SDD.STES:DSD_STES_REVISIONS@DF_STES_REVISIONS(4.0),EA20,Q,B1GQ_Q,XDC,_T,202311,2019-Q3,2862336305128,A,0,0,
OECD.SDD.STES:DSD_STES_REVISIONS@DF_STES_REVISIONS(4.0),EA20,Q,B1GQ_Q,XDC,_T,202311,2019-Q4,2863191826115,A,0,0,
OECD.SDD.STES:DSD_STES_REVISIONS@DF_STES_REVISIONS(4.0),EA20,Q,B1GQ_Q,XDC,_T,202311,2020-Q1,2766377900741,A,0,0,
OECD.SDD.STES:DSD_STES_REVISIONS@DF_STES_REVISIONS(4.0),EA20,Q,B1GQ_Q,XDC,_T,202311,2020-Q2,2454349843629,A,0,0,
OECD.SDD.STES:DSD_STES_REVISIONS@DF_STES_REVISIONS(4.0),EA20,Q,B1GQ_Q,XDC,_T,202311,2020-Q3,2748431202128,A,0,0,
OECD.SDD.STES:DSD_STES_REVISIONS@DF_STES_REVISIONS(4.0),EA20,Q,B1GQ_Q,XDC,_T,202311,2020-Q4,2748079682684,A,0,0,
OECD.SDD.STES:DSD_STES_REVISIONS@DF_STES_REVISIONS(4.0),EA20,Q,B1GQ_Q,XDC,_T,202311,2021-Q1,2761541277013,A,0,0,
OECD.SDD.STES:DSD_STES_REVISIONS@DF_STES_REVISIONS(4.0),EA20,Q,B1GQ_Q,XDC,_T,202311,2021-Q2,2819062634031,A,0,0,
OECD.SDD.STES:DSD_STES_REVISIONS@DF_STES_REVISIONS(4.0),EA20,Q,B1GQ_Q,XDC,_T,202311,2021-Q3,2876881504249,A,0,0,
OECD.SDD.STES:DSD_STES_REVISIONS@DF_STES_REVISIONS(4.0),EA20,Q,B1GQ_Q,XDC,_T,202311,2021-Q4,2891956126851,A,0,0,
OECD.SDD.STES:DSD_STES_REVISIONS@DF_STES_REVISIONS(4.0),EA20,Q,B1GQ_Q,XDC,_T,202311,2022-Q1,2912120462153,A,0,0,
OECD.SDD.STES:DSD_STES_REVISIONS@DF_STES_REVISIONS(4.0),EA20,Q,B1GQ_Q,XDC,_T,202311,2022-Q2,2935637258932,A,0,0,
OECD.SDD.STES:DSD_STES_REVISIONS@DF_STES_REVISIONS(4.0),EA20,Q,B1GQ_Q,XDC,_T,202311,2022-Q3,2945630514520,A,0,0,
OECD.SDD.STES:DSD_STES_REVISIONS@DF_STES_REVISIONS(4.0),EA20,Q,B1GQ_Q,XDC,_T,202311,2022-Q4,2944918627954,A,0,0,
OECD.SDD.STES:DSD_STES_REVISIONS@DF_STES_REVISIONS(4.0),EA20,Q,B1GQ_Q,XDC,_T,202311,2023-Q1,2946295154104,A,0,0,
OECD.SDD.STES:DSD_STES_REVISIONS@DF_STES_REVISIONS(4.0),EA20,Q,B1GQ_Q,XDC,_T,202311,2023-Q2,2950893647804,A,0,0,
OECD.SDD.STES:DSD_STES_REVISIONS@DF_STES_REVISIONS(4.0),EA20,Q,B1GQ_Q,XDC,_T,202311,2023-Q3,2948182274640,A,0,0,
OECD.SDD.STES:DSD_STES_REVISIONS@DF_STES_REVISIONS(4.0),EA20,Q,B1GQ_Q,XDC,_T,202306,2017-Q3,2410645646460,A,0,0,
OECD.SDD.STES:DSD_STES_REVISIONS@DF_STES_REVISIONS(4.0),EA20,Q,B1GQ_Q,XDC,_T,202306,2017-Q4,2430033328959,A,0,0,
OECD.SDD.STES:DSD_STES_REVISIONS@DF_STES_REVISIONS(4.0),EA20,Q,B1GQ_Q,XDC,_T,202306,2018-Q1,2429929952755,A,0,0,
OECD.SDD.STES:DSD_STES_REVISIONS@DF_STES_REVISIONS(4.0),EA20,Q,B1GQ_Q,XDC,_T,202306,2018-Q2,2443086434216,A,0,0,
OECD.SDD.STES:DSD_STES_REVISIONS@DF_STES_REVISIONS(4.0),EA20,Q,B1GQ_Q,XDC,_T,202306,2018-Q3,2443513938173,A,0,0,
OECD.SDD.STES:DSD_STES_REVISIONS@DF_STES_REVISIONS(4.0),EA20,Q,B1GQ_Q,XDC,_T,202306,2018-Q4,2459257825307,A,0,0,
OECD.SDD.STES:DSD_STES_REVISIONS@DF_STES_REVISIONS(4.0),EA20,Q,B1GQ_Q,XDC,_T,202306,2019-Q1,2474770692162,A,0,0,
OECD.SDD.STES:DSD_STES_REVISIONS@DF_STES_REVISIONS(4.0),EA20,Q,B1GQ_Q,XDC,_T,202306,2019-Q2,2482445598374,A,0,0,
OECD.SDD.STES:DSD_STES_REVISIONS@DF_STES_REVISIONS(4.0),EA20,Q,B1GQ_Q,XDC,_T,202306,2019-Q3,2487804656365,A,0,0,
OECD.SDD.STES:DSD_STES_REVISIONS@DF_STES_REVISIONS(4.0),EA20,Q,B1GQ_Q,XDC,_T,202306,2019-Q4,2488330822256,A,0,0,
OECD.SDD.STES:DSD_STES_REVISIONS@DF_STES_REVISIONS(4.0),EA20,Q,B1GQ_Q,XDC,_T,202306,2020-Q1,2404972947437,A,0,0,
OECD.SDD.STES:DSD_STES_REVISIONS@DF_STES_REVISIONS(4.0),EA20,Q,B1GQ_Q,XDC,_T,202306,2020-Q2,2128791739128,A,0,0,
OECD.SDD.STES:DSD_STES_REVISIONS@DF_STES_REVISIONS(4.0),EA20,Q,B1GQ_Q,XDC,_T,202306,2020-Q3,2391353316191,A,0,0,
OECD.SDD.STES:DSD_STES_REVISIONS@DF_STES_REVISIONS(4.0),EA20,Q,B1GQ_Q,XDC,_T,202306,2020-Q4,2385905266209,A,0,0,
OECD.SDD.STES:DSD_STES_REVISIONS@DF_STES_REVISIONS(4.0),EA20,Q,B1GQ_Q,XDC,_T,202306,2021-Q1,2386083746999,A,0,0,
OECD.SDD.STES:DSD_STES_REVISIONS@DF_STES_REVISIONS(4.0),EA20,Q,B1GQ_Q,XDC,_T,202306,2021-Q2,2432685488302,A,0,0,
OECD.SDD.STES:DSD_STES_REVISIONS@DF_STES_REVISIONS(4.0),EA20,Q,B1GQ_Q,XDC,_T,202306,2021-Q3,2488108563966,A,0,0,
OECD.SDD.STES:DSD_STES_REVISIONS@DF_STES_REVISIONS(4.0),EA20,Q,B1GQ_Q,XDC,_T,202306,2021-Q4,2502181230337,A,0,0,
OECD.SDD.STES:DSD_STES_REVISIONS@DF_STES_REVISIONS(4.0),EA20,Q,B1GQ_Q,XDC,_T,202306,2022-Q1,2517213558720,A,0,0,
OECD.SDD.STES:DSD_STES_REVISIONS@DF_STES_REVISIONS(4.0),EA20,Q,B1GQ_Q,XDC,_T,202306,2022-Q2,2539936739856,A,0,0,
OECD.SDD.STES:DSD_STES_REVISIONS@DF_STES_REVISIONS(4.0),EA20,Q,B1GQ_Q,XDC,_T,202306,2022-Q3,2549488419698,A,0,0,
OECD.SDD.STES:DSD_STES_REVISIONS@DF_STES_REVISIONS(4.0),EA20,Q,B1GQ_Q,XDC,_T,202306,2022-Q4,2548237385518,A,0,0,
OECD.SDD.STES:DSD_STES_REVISIONS@DF_STES_REVISIONS(4.0),EA20,Q,B1GQ_Q,XDC,_T,202306,2023-Q1,2549990758000,A,0,0,
OECD.SDD.STES:DSD_STES_REVISIONS@DF_STES_REVISIONS(4.0),EA20,Q,B1GQ_Q,XDC,_T,202305,2017-Q3,2410645646460,A,0,0,
OECD.SDD.STES:DSD_STES_REVISIONS@DF_STES_REVISIONS(4.0),EA20,Q,B1GQ_Q,XDC,_T,202305,2017-Q4,2430033328959,A,0,0,
OECD.SDD.STES:DSD_STES_REVISIONS@DF_STES_REVISIONS(4.0),EA20,Q,B1GQ_Q,XDC,_T,202305,2018-Q1,2429929952755,A,0,0,
OECD.SDD.STES:DSD_STES_REVISIONS@DF_STES_REVISIONS(4.0),EA20,Q,B1GQ_Q,XDC,_T,202305,2018-Q2,2443086434216,A,0,0,
OECD.SDD.STES:DSD_STES_REVISIONS@DF_STES_REVISIONS(4.0),EA20,Q,B1GQ_Q,XDC,_T,202305,2018-Q3,2443513938173,A,0,0,
OECD.SDD.STES:DSD_STES_REVISIONS@DF_STES_REVISIONS(4.0),EA20,Q,B1GQ_Q,XDC,_T,202305,2018-Q4,2459257825307,A,0,0,
OECD.SDD.STES:DSD_STES_REVISIONS@DF_STES_REVISIONS(4.0),EA20,Q,B1GQ_Q,XDC,_T,202305,2019-Q1,2474770692162,A,0,0,
OECD.SDD.STES:DSD_STES_REVISIONS@DF_STES_REVISIONS(4.0),EA20,Q,B1GQ_Q,XDC,_T,202305,2019-Q2,2482445598374,A,0,0,
OECD.SDD.STES:DSD_STES_REVISIONS@DF_STES_REVISIONS(4.0),EA20,Q,B1GQ_Q,XDC,_T,202305,2019-Q3,2487804656365,A,0,0,
OECD.SDD.STES:DSD_STES_REVISIONS@DF_STES_REVISIONS(4.0),EA20,Q,B1GQ_Q,XDC,_T,202305,2019-Q4,2488330822256,A,0,0,
OECD.SDD.STES:DSD_STES_REVISIONS@DF_STES_REVISIONS(4.0),EA20,Q,B1GQ_Q,XDC,_T,202305,2020-Q1,2404972947437,A,0,0,
OECD.SDD.STES:DSD_STES_REVISIONS@DF_STES_REVISIONS(4.0),EA20,Q,B1GQ_Q,XDC,_T,202305,2020-Q2,2128791739128,A,0,0,
OECD.SDD.STES:DSD_STES_REVISIONS@DF_STES_REVISIONS(4.0),EA20,Q,B1GQ_Q,XDC,_T,202305,2020-Q3,2391353316191,A,0,0,
OECD.SDD.STES:DSD_STES_REVISIONS@DF_STES_REVISIONS(4.0),EA20,Q,B1GQ_Q,XDC,_T,202305,2020-Q4,2385905266209,A,0,0,
OECD.SDD.STES:DSD_STES_REVISIONS@DF_STES_REVISIONS(4.0),EA20,Q,B1GQ_Q,XDC,_T,202305,2021-Q1,2386083746999,A,0,0,
OECD.SDD.STES:DSD_STES_REVISIONS@DF_STES_REVISIONS(4.0),EA20,Q,B1GQ_Q,XDC,_T,202305,2021-Q2,2432685488302,A,0,0,
OECD.SDD.STES:DSD_STES_REVISIONS@DF_STES_REVISIONS(4.0),EA20,Q,B1GQ_Q,XDC,_T,202305,2021-Q3,2488108563966,A,0,0,
OECD.SDD.STES:DSD_STES_REVISIONS@DF_STES_REVISIONS(4.0),EA20,Q,B1GQ_Q,XDC,_T,202305,2021-Q4,2502181230337,A,0,0,
OECD.SDD.STES:DSD_STES_REVISIONS@DF_STES_REVISIONS(4.0),EA20,Q,B1GQ_Q,XDC,_T,202305,2022-Q1,2517213558720,A,0,0,
OECD.SDD.STES:DSD_STES_REVISIONS@DF_STES_REVISIONS(4.0),EA20,Q,B1GQ_Q,XDC,_T,202305,2022-Q2,2539936739856,A,0,0,
OECD.SDD.STES:DSD_STES_REVISIONS@DF_STES_REVISIONS(4.0),EA20,Q,B1GQ_Q,XDC,_T,202305,2022-Q3,2549488419698,A,0,0,
OECD.SDD.STES:DSD_STES_REVISIONS@DF_STES_REVISIONS(4.0),EA20,Q,B1GQ_Q,XDC,_T,202305,2022-Q4,2548237385518,A,0,0,
OECD.SDD.STES:DSD_STES_REVISIONS@DF_STES_REVISIONS(4.0),EA20,Q,B1GQ_Q,XDC,_T,202305,2023-Q1,2550385073112,A,0,0,
OECD.SDD.STES:DSD_STES_REVISIONS@DF_STES_REVISIONS(4.0),EA20,Q,B1GQ_Q,XDC,_T,202304,2017-Q3,2400598060953,A,0,0,
OECD.SDD.STES:DSD_STES_REVISIONS@DF_STES_REVISIONS(4.0),EA20,Q,B1GQ_Q,XDC,_T,202304,2017-Q4,2419954412515,A,0,0,
OECD.SDD.STES:DSD_STES_REVISIONS@DF_STES_REVISIONS(4.0),EA20,Q,B1GQ_Q,XDC,_T,202304,2018-Q1,2419864804129,A,0,0,
OECD.SDD.STES:DSD_STES_REVISIONS@DF_STES_REVISIONS(4.0),EA20,Q,B1GQ_Q,XDC,_T,202304,2018-Q2,2432806783879,A,0,0,
OECD.SDD.STES:DSD_STES_REVISIONS@DF_STES_REVISIONS(4.0),EA20,Q,B1GQ_Q,XDC,_T,202304,2018-Q3,2433169312248,A,0,0,
OECD.SDD.STES:DSD_STES_REVISIONS@DF_STES_REVISIONS(4.0),EA20,Q,B1GQ_Q,XDC,_T,202304,2018-Q4,2448838877223,A,0,0,
OECD.SDD.STES:DSD_STES_REVISIONS@DF_STES_REVISIONS(4.0),EA20,Q,B1GQ_Q,XDC,_T,202304,2019-Q1,2464139617916,A,0,0,
OECD.SDD.STES:DSD_STES_REVISIONS@DF_STES_REVISIONS(4.0),EA20,Q,B1GQ_Q,XDC,_T,202304,2019-Q2,2471756705667,A,0,0,
OECD.SDD.STES:DSD_STES_REVISIONS@DF_STES_REVISIONS(4.0),EA20,Q,B1GQ_Q,XDC,_T,202304,2019-Q3,2477127537571,A,0,0,
OECD.SDD.STES:DSD_STES_REVISIONS@DF_STES_REVISIONS(4.0),EA20,Q,B1GQ_Q,XDC,_T,202304,2019-Q4,2477676438457,A,0,0,
OECD.SDD.STES:DSD_STES_REVISIONS@DF_STES_REVISIONS(4.0),EA20,Q,B1GQ_Q,XDC,_T,202304,2020-Q1,2394392117871,A,0,0,
OECD.SDD.STES:DSD_STES_REVISIONS@DF_STES_REVISIONS(4.0),EA20,Q,B1GQ_Q,XDC,_T,202304,2020-Q2,2119893955853,A,0,0,
OECD.SDD.STES:DSD_STES_REVISIONS@DF_STES_REVISIONS(4.0),EA20,Q,B1GQ_Q,XDC,_T,202304,2020-Q3,2381981514616,A,0,0,
OECD.SDD.STES:DSD_STES_REVISIONS@DF_STES_REVISIONS(4.0),EA20,Q,B1GQ_Q,XDC,_T,202304,2020-Q4,2375843895900,A,0,0,
OECD.SDD.STES:DSD_STES_REVISIONS@DF_STES_REVISIONS(4.0),EA20,Q,B1GQ_Q,XDC,_T,202304,2021-Q1,2374988878278,A,0,0,
OECD.SDD.STES:DSD_STES_REVISIONS@DF_STES_REVISIONS(4.0),EA20,Q,B1GQ_Q,XDC,_T,202304,2021-Q2,2421728265121,A,0,0,
OECD.SDD.STES:DSD_STES_REVISIONS@DF_STES_REVISIONS(4.0),EA20,Q,B1GQ_Q,XDC,_T,202304,2021-Q3,2476923795866,A,0,0,
OECD.SDD.STES:DSD_STES_REVISIONS@DF_STES_REVISIONS(4.0),EA20,Q,B1GQ_Q,XDC,_T,202304,2021-Q4,2490701028229,A,0,0,
OECD.SDD.STES:DSD_STES_REVISIONS@DF_STES_REVISIONS(4.0),EA20,Q,B1GQ_Q,XDC,_T,202304,2022-Q1,2506004315574,A,0,0,
OECD.SDD.STES:DSD_STES_REVISIONS@DF_STES_REVISIONS(4.0),EA20,Q,B1GQ_Q,XDC,_T,202304,2022-Q2,2528017036439,A,0,0,
OECD.SDD.STES:DSD_STES_REVISIONS@DF_STES_REVISIONS(4.0),EA20,Q,B1GQ_Q,XDC,_T,202304,2022-Q3,2537378400771,A,0,0,
OECD.SDD.STES:DSD_STES_REVISIONS@DF_STES_REVISIONS(4.0),EA20,Q,B1GQ_Q,XDC,_T,202304,2022-Q4,2536568961987,A,0,0,
OECD.SDD.STES:DSD_STES_REVISIONS@DF_STES_REVISIONS(4.0),EA20,Q,B1GQ_Q,XDC,_T,202307,2017-Q3,2410874881003,A,0,0,
OECD.SDD.STES:DSD_STES_REVISIONS@DF_STES_REVISIONS(4.0),EA20,Q,B1GQ_Q,XDC,_T,202307,2017-Q4,2430193419541,A,0,0,
OECD.SDD.STES:DSD_STES_REVISIONS@DF_STES_REVISIONS(4.0),EA20,Q,B1GQ_Q,XDC,_T,202307,2018-Q1,2429889564813,A,0,0,
OECD.SDD.STES:DSD_STES_REVISIONS@DF_STES_REVISIONS(4.0),EA20,Q,B1GQ_Q,XDC,_T,202307,2018-Q2,2443069273874,A,0,0,
OECD.SDD.STES:DSD_STES_REVISIONS@DF_STES_REVISIONS(4.0),EA20,Q,B1GQ_Q,XDC,_T,202307,2018-Q3,2443758896828,A,0,0,
OECD.SDD.STES:DSD_STES_REVISIONS@DF_STES_REVISIONS(4.0),EA20,Q,B1GQ_Q,XDC,_T,202307,2018-Q4,2459309577207,A,0,0,
OECD.SDD.STES:DSD_STES_REVISIONS@DF_STES_REVISIONS(4.0),EA20,Q,B1GQ_Q,XDC,_T,202307,2019-Q1,2474798796105,A,0,0,
OECD.SDD.STES:DSD_STES_REVISIONS@DF_STES_REVISIONS(4.0),EA20,Q,B1GQ_Q,XDC,_T,202307,2019-Q2,2482450160133,A,0,0,
OECD.SDD.STES:DSD_STES_REVISIONS@DF_STES_REVISIONS(4.0),EA20,Q,B1GQ_Q,XDC,_T,202307,2019-Q3,2488296192379,A,0,0,
OECD.SDD.STES:DSD_STES_REVISIONS@DF_STES_REVISIONS(4.0),EA20,Q,B1GQ_Q,XDC,_T,202307,2019-Q4,2487964958130,A,0,0,
OECD.SDD.STES:DSD_STES_REVISIONS@DF_STES_REVISIONS(4.0),EA20,Q,B1GQ_Q,XDC,_T,202307,2020-Q1,2406342055101,A,0,0,
OECD.SDD.STES:DSD_STES_REVISIONS@DF_STES_REVISIONS(4.0),EA20,Q,B1GQ_Q,XDC,_T,202307,2020-Q2,2132129586269,A,0,0,
OECD.SDD.STES:DSD_STES_REVISIONS@DF_STES_REVISIONS(4.0),EA20,Q,B1GQ_Q,XDC,_T,202307,2020-Q3,2390967172488,A,0,0,
OECD.SDD.STES:DSD_STES_REVISIONS@DF_STES_REVISIONS(4.0),EA20,Q,B1GQ_Q,XDC,_T,202307,2020-Q4,2386340449763,A,0,0,
OECD.SDD.STES:DSD_STES_REVISIONS@DF_STES_REVISIONS(4.0),EA20,Q,B1GQ_Q,XDC,_T,202307,2021-Q1,2387380479944,A,0,0,
OECD.SDD.STES:DSD_STES_REVISIONS@DF_STES_REVISIONS(4.0),EA20,Q,B1GQ_Q,XDC,_T,202307,2021-Q2,2433379504228,A,0,0,
OECD.SDD.STES:DSD_STES_REVISIONS@DF_STES_REVISIONS(4.0),EA20,Q,B1GQ_Q,XDC,_T,202307,2021-Q3,2487103496592,A,0,0,
OECD.SDD.STES:DSD_STES_REVISIONS@DF_STES_REVISIONS(4.0),EA20,Q,B1GQ_Q,XDC,_T,202307,2021-Q4,2500240087261,A,0,0,
OECD.SDD.STES:DSD_STES_REVISIONS@DF_STES_REVISIONS(4.0),EA20,Q,B1GQ_Q,XDC,_T,202307,2022-Q1,2518518588857,A,0,0,
OECD.SDD.STES:DSD_STES_REVISIONS@DF_STES_REVISIONS(4.0),EA20,Q,B1GQ_Q,XDC,_T,202307,2022-Q2,2539595442985,A,0,0,
OECD.SDD.STES:DSD_STES_REVISIONS@DF_STES_REVISIONS(4.0),EA20,Q,B1GQ_Q,XDC,_T,202307,2022-Q3,2548742035078,A,0,0,
OECD.SDD.STES:DSD_STES_REVISIONS@DF_STES_REVISIONS(4.0),EA20,Q,B1GQ_Q,XDC,_T,202307,2022-Q4,2545935488895,A,0,0,
OECD.SDD.STES:DSD_STES_REVISIONS@DF_STES_REVISIONS(4.0),EA20,Q,B1GQ_Q,XDC,_T,202307,2023-Q1,2543594077164,A,0,0,
OECD.SDD.STES:DSD_STES_REVISIONS@DF_STES_REVISIONS(4.0),EA20,Q,B1GQ_Q,XDC,_T,202608,2017-Q3,3015560957584,A,0,0,
OECD.SDD.STES:DSD_STES_REVISIONS@DF_STES_REVISIONS(4.0),EA20,Q,B1GQ_Q,XDC,_T,202608,2017-Q4,3039852279285,A,0,0,
OECD.SDD.STES:DSD_STES_REVISIONS@DF_STES_REVISIONS(4.0),EA20,Q,B1GQ_Q,XDC,_T,202608,2018-Q1,3040754318315,A,0,0,
OECD.SDD.STES:DSD_STES_REVISIONS@DF_STES_REVISIONS(4.0),EA20,Q,B1GQ_Q,XDC,_T,202608,2018-Q2,3056645895868,A,0,0,
OECD.SDD.STES:DSD_STES_REVISIONS@DF_STES_REVISIONS(4.0),EA20,Q,B1GQ_Q,XDC,_T,202608,2018-Q3,3059363101662,A,0,0,
OECD.SDD.STES:DSD_STES_REVISIONS@DF_STES_REVISIONS(4.0),EA20,Q,B1GQ_Q,XDC,_T,202608,2018-Q4,3075383284987,A,0,0,
OECD.SDD.STES:DSD_STES_REVISIONS@DF_STES_REVISIONS(4.0),EA20,Q,B1GQ_Q,XDC,_T,202608,2019-Q1,3098364137460,A,0,0,
OECD.SDD.STES:DSD_STES_REVISIONS@DF_STES_REVISIONS(4.0),EA20,Q,B1GQ_Q,XDC,_T,202608,2019-Q2,3108663804936,A,0,0,
OECD.SDD.STES:DSD_STES_REVISIONS@DF_STES_REVISIONS(4.0),EA20,Q,B1GQ_Q,XDC,_T,202608,2019-Q3,3115209574336,A,0,0,
OECD.SDD.STES:DSD_STES_REVISIONS@DF_STES_REVISIONS(4.0),EA20,Q,B1GQ_Q,XDC,_T,202608,2019-Q4,3111437394814,A,0,0,
OECD.SDD.STES:DSD_STES_REVISIONS@DF_STES_REVISIONS(4.0),EA20,Q,B1GQ_Q,XDC,_T,202608,2020-Q1,3012292999401,A,0,0,
OECD.SDD.STES:DSD_STES_REVISIONS@DF_STES_REVISIONS(4.0),EA20,Q,B1GQ_Q,XDC,_T,202608,2020-Q2,2677370470652,A,0,0,
OECD.SDD.STES:DSD_STES_REVISIONS@DF_STES_REVISIONS(4.0),EA20,Q,B1GQ_Q,XDC,_T,202608,2020-Q3,2985032906828,A,0,0,
OECD.SDD.STES:DSD_STES_REVISIONS@DF_STES_REVISIONS(4.0),EA20,Q,B1GQ_Q,XDC,_T,202608,2020-Q4,2994310995246,A,0,0,
OECD.SDD.STES:DSD_STES_REVISIONS@DF_STES_REVISIONS(4.0),EA20,Q,B1GQ_Q,XDC,_T,202608,2021-Q1,3020282234917,A,0,0,
OECD.SDD.STES:DSD_STES_REVISIONS@DF_STES_REVISIONS(4.0),EA20,Q,B1GQ_Q,XDC,_T,202608,2021-Q2,3085324530389,A,0,0,
OECD.SDD.STES:DSD_STES_REVISIONS@DF_STES_REVISIONS(4.0),EA20,Q,B1GQ_Q,XDC,_T,202608,2021-Q3,3141414646068,A,0,0,
OECD.SDD.STES:DSD_STES_REVISIONS@DF_STES_REVISIONS(4.0),EA20,Q,B1GQ_Q,XDC,_T,202608,2021-Q4,3164637767732,A,0,0,
OECD.SDD.STES:DSD_STES_REVISIONS@DF_STES_REVISIONS(4.0),EA20,Q,B1GQ_Q,XDC,_T,202608,2022-Q1,3187752016610,A,0,0,
OECD.SDD.STES:DSD_STES_REVISIONS@DF_STES_REVISIONS(4.0),EA20,Q,B1GQ_Q,XDC,_T,202608,2022-Q2,3218059306643,A,0,0,
OECD.SDD.STES:DSD_STES_REVISIONS@DF_STES_REVISIONS(4.0),EA20,Q,B1GQ_Q,XDC,_T,202608,2022-Q3,3235219741420,A,0,0,
OECD.SDD.STES:DSD_STES_REVISIONS@DF_STES_REVISIONS(4.0),EA20,Q,B1GQ_Q,XDC,_T,202608,2022-Q4,3233185714422,A,0,0,
OECD.SDD.STES:DSD_STES_REVISIONS@DF_STES_REVISIONS(4.0),EA20,Q,B1GQ_Q,XDC,_T,202608,2023-Q1,3229113814760,A,0,0,
OECD.SDD.STES:DSD_STES_REVISIONS@DF_STES_REVISIONS(4.0),EA20,Q,B1GQ_Q,XDC,_T,202608,2023-Q2,3236034527299,A,0,0,
OECD.SDD.STES:DSD_STES_REVISIONS@DF_STES_REVISIONS(4.0),EA20,Q,B1GQ_Q,XDC,_T,202608,2023-Q3,3240476324294,A,0,0,
OECD.SDD.STES:DSD_STES_REVISIONS@DF_STES_REVISIONS(4.0),EA20,Q,B1GQ_Q,XDC,_T,202608,2023-Q4,3240956221478,A,0,0,
OECD.SDD.STES:DSD_STES_REVISIONS@DF_STES_REVISIONS(4.0),EA20,Q,B1GQ_Q,XDC,_T,202608,2024-Q1,3252196299816,A,0,0,
OECD.SDD.STES:DSD_STES_REVISIONS@DF_STES_REVISIONS(4.0),EA20,Q,B1GQ_Q,XDC,_T,202608,2024-Q2,3259264120381,A,0,0,
OECD.SDD.STES:DSD_STES_REVISIONS@DF_STES_REVISIONS(4.0),EA20,Q,B1GQ_Q,XDC,_T,202608,2024-Q3,3275701335984,A,0,0,
OECD.SDD.STES:DSD_STES_REVISIONS@DF_STES_REVISIONS(4.0),EA20,Q,B1GQ_Q,XDC,_T,202608,2024-Q4,3285531060914,A,0,0,
OECD.SDD.STES:DSD_STES_REVISIONS@DF_STES_REVISIONS(4.0),EA20,Q,B1GQ_Q,XDC,_T,202608,2025-Q1,3304217064644,A,0,0,
OECD.SDD.STES:DSD_STES_REVISIONS@DF_STES_REVISIONS(4.0),EA20,Q,B1GQ_Q,XDC,_T,202608,2025-Q2,3303977952781,A,0,0,
OECD.SDD.STES:DSD_STES_REVISIONS@DF_STES_REVISIONS(4.0),EA20,Q,B1GQ_Q,XDC,_T,202608,2025-Q3,3314384453410,A,0,0,
OECD.SDD.STES:DSD_STES_REVISIONS@DF_STES_REVISIONS(4.0),EA20,Q,B1GQ_Q,XDC,_T,202608,2025-Q4,3320950886073,A,0,0,
OECD.SDD.STES:DSD_STES_REVISIONS@DF_STES_REVISIONS(4.0),EA20,Q,B1GQ_Q,XDC,_T,202608,2026-Q1,3320967396164,A,0,0,
OECD.SDD.STES:DSD_STES_REVISIONS@DF_STES_REVISIONS(4.0),EA20,Q,B1GQ_Q,XDC,_T,202608,2026-Q2,3335650794264,A,0,0,
OECD.SDD.STES:DSD_STES_REVISIONS@DF_STES_REVISIONS(4.0),EA20,Q,B1GQ_Q,XDC,_T,202606,2017-Q3,3015177628993,A,0,0,
OECD.SDD.STES:DSD_STES_REVISIONS@DF_STES_REVISIONS(4.0),EA20,Q,B1GQ_Q,XDC,_T,202606,2017-Q4,3039729878791,A,0,0,
OECD.SDD.STES:DSD_STES_REVISIONS@DF_STES_REVISIONS(4.0),EA20,Q,B1GQ_Q,XDC,_T,202606,2018-Q1,3041095934825,A,0,0,
OECD.SDD.STES:DSD_STES_REVISIONS@DF_STES_REVISIONS(4.0),EA20,Q,B1GQ_Q,XDC,_T,202606,2018-Q2,3056525264841,A,0,0,
OECD.SDD.STES:DSD_STES_REVISIONS@DF_STES_REVISIONS(4.0),EA20,Q,B1GQ_Q,XDC,_T,202606,2018-Q3,3059122067480,A,0,0,
OECD.SDD.STES:DSD_STES_REVISIONS@DF_STES_REVISIONS(4.0),EA20,Q,B1GQ_Q,XDC,_T,202606,2018-Q4,3075473617130,A,0,0,
OECD.SDD.STES:DSD_STES_REVISIONS@DF_STES_REVISIONS(4.0),EA20,Q,B1GQ_Q,XDC,_T,202606,2019-Q1,3098367454484,A,0,0,
OECD.SDD.STES:DSD_STES_REVISIONS@DF_STES_REVISIONS(4.0),EA20,Q,B1GQ_Q,XDC,_T,202606,2019-Q2,3109048565537,A,0,0,
OECD.SDD.STES:DSD_STES_REVISIONS@DF_STES_REVISIONS(4.0),EA20,Q,B1GQ_Q,XDC,_T,202606,2019-Q3,3114974085835,A,0,0,
OECD.SDD.STES:DSD_STES_REVISIONS@DF_STES_REVISIONS(4.0),EA20,Q,B1GQ_Q,XDC,_T,202606,2019-Q4,3111644400807,A,0,0,
OECD.SDD.STES:DSD_STES_REVISIONS@DF_STES_REVISIONS(4.0),EA20,Q,B1GQ_Q,XDC,_T,202606,2020-Q1,3011610259328,A,0,0,
OECD.SDD.STES:DSD_STES_REVISIONS@DF_STES_REVISIONS(4.0),EA20,Q,B1GQ_Q,XDC,_T,202606,2020-Q2,2677667538018,A,0,0,
OECD.SDD.STES:DSD_STES_REVISIONS@DF_STES_REVISIONS(4.0),EA20,Q,B1GQ_Q,XDC,_T,202606,2020-Q3,2984332479762,A,0,0,
OECD.SDD.STES:DSD_STES_REVISIONS@DF_STES_REVISIONS(4.0),EA20,Q,B1GQ_Q,XDC,_T,202606,2020-Q4,2995715283020,A,0,0,
OECD.SDD.STES:DSD_STES_REVISIONS@DF_STES_REVISIONS(4.0),EA20,Q,B1GQ_Q,XDC,_T,202606,2021-Q1,3020649772263,A,0,0,
OECD.SDD.STES:DSD_STES_REVISIONS@DF_STES_REVISIONS(4.0),EA20,Q,B1GQ_Q,XDC,_T,202606,2021-Q2,3085677973222,A,0,0,
OECD.SDD.STES:DSD_STES_REVISIONS@DF_STES_REVISIONS(4.0),EA20,Q,B1GQ_Q,XDC,_T,202606,2021-Q3,3139738185105,A,0,0,
OECD.SDD.STES:DSD_STES_REVISIONS@DF_STES_REVISIONS(4.0),EA20,Q,B1GQ_Q,XDC,_T,202606,2021-Q4,3164750773496,A,0,0,
OECD.SDD.STES:DSD_STES_REVISIONS@DF_STES_REVISIONS(4.0),EA20,Q,B1GQ_Q,XDC,_T,202606,2022-Q1,3189106446550,A,0,0,
OECD.SDD.STES:DSD_STES_REVISIONS@DF_STES_REVISIONS(4.0),EA20,Q,B1GQ_Q,XDC,_T,202606,2022-Q2,3218355805123,A,0,0,
OECD.SDD.STES:DSD_STES_REVISIONS@DF_STES_REVISIONS(4.0),EA20,Q,B1GQ_Q,XDC,_T,202606,2022-Q3,3232605490610,A,0,0,
OECD.SDD.STES:DSD_STES_REVISIONS@DF_STES_REVISIONS(4.0),EA20,Q,B1GQ_Q,XDC,_T,202606,2022-Q4,3230917562364,A,0,0,
OECD.SDD.STES:DSD_STES_REVISIONS@DF_STES_REVISIONS(4.0),EA20,Q,B1GQ_Q,XDC,_T,202606,2023-Q1,3231041040951,A,0,0,
OECD.SDD.STES:DSD_STES_REVISIONS@DF_STES_REVISIONS(4.0),EA20,Q,B1GQ_Q,XDC,_T,202606,2023-Q2,3237338049644,A,0,0,
OECD.SDD.STES:DSD_STES_REVISIONS@DF_STES_REVISIONS(4.0),EA20,Q,B1GQ_Q,XDC,_T,202606,2023-Q3,3237922548268,A,0,0,
OECD.SDD.STES:DSD_STES_REVISIONS@DF_STES_REVISIONS(4.0),EA20,Q,B1GQ_Q,XDC,_T,202606,2023-Q4,3240423944807,A,0,0,
OECD.SDD.STES:DSD_STES_REVISIONS@DF_STES_REVISIONS(4.0),EA20,Q,B1GQ_Q,XDC,_T,202606,2024-Q1,3251227405353,A,0,0,
OECD.SDD.STES:DSD_STES_REVISIONS@DF_STES_REVISIONS(4.0),EA20,Q,B1GQ_Q,XDC,_T,202606,2024-Q2,3258283178271,A,0,0,
OECD.SDD.STES:DSD_STES_REVISIONS@DF_STES_REVISIONS(4.0),EA20,Q,B1GQ_Q,XDC,_T,202606,2024-Q3,3272596684623,A,0,0,
OECD.SDD.STES:DSD_STES_REVISIONS@DF_STES_REVISIONS(4.0),EA20,Q,B1GQ_Q,XDC,_T,202606,2024-Q4,3284793879411,A,0,0,
OECD.SDD.STES:DSD_STES_REVISIONS@DF_STES_REVISIONS(4.0),EA20,Q,B1GQ_Q,XDC,_T,202606,2025-Q1,3306314296084,A,0,0,
OECD.SDD.STES:DSD_STES_REVISIONS@DF_STES_REVISIONS(4.0),EA20,Q,B1GQ_Q,XDC,_T,202606,2025-Q2,3310394968261,A,0,0,
OECD.SDD.STES:DSD_STES_REVISIONS@DF_STES_REVISIONS(4.0),EA20,Q,B1GQ_Q,XDC,_T,202606,2025-Q3,3319134118942,A,0,0,
OECD.SDD.STES:DSD_STES_REVISIONS@DF_STES_REVISIONS(4.0),EA20,Q,B1GQ_Q,XDC,_T,202606,2025-Q4,3324699450690,A,0,0,
OECD.SDD.STES:DSD_STES_REVISIONS@DF_STES_REVISIONS(4.0),EA20,Q,B1GQ_Q,XDC,_T,202606,2026-Q1,3317365168350,A,0,0,
OECD.SDD.STES:DSD_STES_REVISIONS@DF_STES_REVISIONS(4.0),EA20,Q,B1GQ_Q,XDC,_T,202609,2017-Q3,3019988599483,A,0,0,
OECD.SDD.STES:DSD_STES_REVISIONS@DF_STES_REVISIONS(4.0),EA20,Q,B1GQ_Q,XDC,_T,202609,2017-Q4,3044560970118,A,0,0,
OECD.SDD.STES:DSD_STES_REVISIONS@DF_STES_REVISIONS(4.0),EA20,Q,B1GQ_Q,XDC,_T,202609,2018-Q1,3045608965857,A,0,0,
OECD.SDD.STES:DSD_STES_REVISIONS@DF_STES_REVISIONS(4.0),EA20,Q,B1GQ_Q,XDC,_T,202609,2018-Q2,3060635912573,A,0,0,
OECD.SDD.STES:DSD_STES_REVISIONS@DF_STES_REVISIONS(4.0),EA20,Q,B1GQ_Q,XDC,_T,202609,2018-Q3,3065384224735,A,0,0,
OECD.SDD.STES:DSD_STES_REVISIONS@DF_STES_REVISIONS(4.0),EA20,Q,B1GQ_Q,XDC,_T,202609,2018-Q4,3080897310877,A,0,0,
OECD.SDD.STES:DSD_STES_REVISIONS@DF_STES_REVISIONS(4.0),EA20,Q,B1GQ_Q,XDC,_T,202609,2019-Q1,3104245612656,A,0,0,
OECD.SDD.STES:DSD_STES_REVISIONS@DF_STES_REVISIONS(4.0),EA20,Q,B1GQ_Q,XDC,_T,202609,2019-Q2,3114172997003,A,0,0,
OECD.SDD.STES:DSD_STES_REVISIONS@DF_STES_REVISIONS(4.0),EA20,Q,B1GQ_Q,XDC,_T,202609,2019-Q3,3122288711470,A,0,0,
OECD.SDD.STES:DSD_STES_REVISIONS@DF_STES_REVISIONS(4.0),EA20,Q,B1GQ_Q,XDC,_T,202609,2019-Q4,3117299691172,A,0,0,
OECD.SDD.STES:DSD_STES_REVISIONS@DF_STES_REVISIONS(4.0),EA20,Q,B1GQ_Q,XDC,_T,202609,2020-Q1,3019238040364,A,0,0,
OECD.SDD.STES:DSD_STES_REVISIONS@DF_STES_REVISIONS(4.0),EA20,Q,B1GQ_Q,XDC,_T,202609,2020-Q2,2683246677052,A,0,0,
OECD.SDD.STES:DSD_STES_REVISIONS@DF_STES_REVISIONS(4.0),EA20,Q,B1GQ_Q,XDC,_T,202609,2020-Q3,2992406728757,A,0,0,
OECD.SDD.STES:DSD_STES_REVISIONS@DF_STES_REVISIONS(4.0),EA20,Q,B1GQ_Q,XDC,_T,202609,2020-Q4,3000577286378,A,0,0,
OECD.SDD.STES:DSD_STES_REVISIONS@DF_STES_REVISIONS(4.0),EA20,Q,B1GQ_Q,XDC,_T,202609,2021-Q1,3027611920383,A,0,0,
OECD.SDD.STES:DSD_STES_REVISIONS@DF_STES_REVISIONS(4.0),EA20,Q,B1GQ_Q,XDC,_T,202609,2021-Q2,3092289668685,A,0,0,
OECD.SDD.STES:DSD_STES_REVISIONS@DF_STES_REVISIONS(4.0),EA20,Q,B1GQ_Q,XDC,_T,202609,2021-Q3,3149017126613,A,0,0,
OECD.SDD.STES:DSD_STES_REVISIONS@DF_STES_REVISIONS(4.0),EA20,Q,B1GQ_Q,XDC,_T,202609,2021-Q4,3171670045928,A,0,0,
OECD.SDD.STES:DSD_STES_REVISIONS@DF_STES_REVISIONS(4.0),EA20,Q,B1GQ_Q,XDC,_T,202609,2022-Q1,3195746031179,A,0,0,
OECD.SDD.STES:DSD_STES_REVISIONS@DF_STES_REVISIONS(4.0),EA20,Q,B1GQ_Q,XDC,_T,202609,2022-Q2,3225900880947,A,0,0,
OECD.SDD.STES:DSD_STES_REVISIONS@DF_STES_REVISIONS(4.0),EA20,Q,B1GQ_Q,XDC,_T,202609,2022-Q3,3243401208938,A,0,0,
OECD.SDD.STES:DSD_STES_REVISIONS@DF_STES_REVISIONS(4.0),EA20,Q,B1GQ_Q,XDC,_T,202609,2022-Q4,3241607576198,A,0,0,
OECD.SDD.STES:DSD_STES_REVISIONS@DF_STES_REVISIONS(4.0),EA20,Q,B1GQ_Q,XDC,_T,202609,2023-Q1,3235368610276,A,0,0,
OECD.SDD.STES:DSD_STES_REVISIONS@DF_STES_REVISIONS(4.0),EA20,Q,B1GQ_Q,XDC,_T,202609,2023-Q2,3241962216965,A,0,0,
OECD.SDD.STES:DSD_STES_REVISIONS@DF_STES_REVISIONS(4.0),EA20,Q,B1GQ_Q,XDC,_T,202609,2023-Q3,3247962408961,A,0,0,
OECD.SDD.STES:DSD_STES_REVISIONS@DF_STES_REVISIONS(4.0),EA20,Q,B1GQ_Q,XDC,_T,202609,2023-Q4,3248343315359,A,0,0,
OECD.SDD.STES:DSD_STES_REVISIONS@DF_STES_REVISIONS(4.0),EA20,Q,B1GQ_Q,XDC,_T,202609,2024-Q1,3262462314858,A,0,0,
OECD.SDD.STES:DSD_STES_REVISIONS@DF_STES_REVISIONS(4.0),EA20,Q,B1GQ_Q,XDC,_T,202609,2024-Q2,3270047005711,A,0,0,
OECD.SDD.STES:DSD_STES_REVISIONS@DF_STES_REVISIONS(4.0),EA20,Q,B1GQ_Q,XDC,_T,202609,2024-Q3,3287668004291,A,0,0,
OECD.SDD.STES:DSD_STES_REVISIONS@DF_STES_REVISIONS(4.0),EA20,Q,B1GQ_Q,XDC,_T,202609,2024-Q4,3298444238060,A,0,0,
OECD.SDD.STES:DSD_STES_REVISIONS@DF_STES_REVISIONS(4.0),EA20,Q,B1GQ_Q,XDC,_T,202609,2025-Q1,3314619142888,A,0,0,
OECD.SDD.STES:DSD_STES_REVISIONS@DF_STES_REVISIONS(4.0),EA20,Q,B1GQ_Q,XDC,_T,202609,2025-Q2,3315739928143,A,0,0,
OECD.SDD.STES:DSD_STES_REVISIONS@DF_STES_REVISIONS(4.0),EA20,Q,B1GQ_Q,XDC,_T,202609,2025-Q3,3326064272533,A,0,0,
OECD.SDD.STES:DSD_STES_REVISIONS@DF_STES_REVISIONS(4.0),EA20,Q,B1GQ_Q,XDC,_T,202609,2025-Q4,3333816853711,A,0,0,
OECD.SDD.STES:DSD_STES_REVISIONS@DF_STES_REVISIONS(4.0),EA20,Q,B1GQ_Q,XDC,_T,202609,2026-Q1,3333488055942,A,0,0,
OECD.SDD.STES:DSD_STES_REVISIONS@DF_STES_REVISIONS(4.0),EA20,Q,B1GQ_Q,XDC,_T,202609,2026-Q2,3354588879632,A,0,0,
OECD.SDD.STES:DSD_STES_REVISIONS@DF_STES_REVISIONS(4.0),EA20,Q,B1GQ_Q,XDC,_T,202607,2017-Q3,3015177628993,A,0,0,
OECD.SDD.STES:DSD_STES_REVISIONS@DF_STES_REVISIONS(4.0),EA20,Q,B1GQ_Q,XDC,_T,202607,2017-Q4,3039729878791,A,0,0,
OECD.SDD.STES:DSD_STES_REVISIONS@DF_STES_REVISIONS(4.0),EA20,Q,B1GQ_Q,XDC,_T,202607,2018-Q1,3041095934825,A,0,0,
OECD.SDD.STES:DSD_STES_REVISIONS@DF_STES_REVISIONS(4.0),EA20,Q,B1GQ_Q,XDC,_T,202607,2018-Q2,3056525264841,A,0,0,
OECD.SDD.STES:DSD_STES_REVISIONS@DF_STES_REVISIONS(4.0),EA20,Q,B1GQ_Q,XDC,_T,202607,2018-Q3,3059122067480,A,0,0,
OECD.SDD.STES:DSD_STES_REVISIONS@DF_STES_REVISIONS(4.0),EA20,Q,B1GQ_Q,XDC,_T,202607,2018-Q4,3075473617130,A,0,0,
OECD.SDD.STES:DSD_STES_REVISIONS@DF_STES_REVISIONS(4.0),EA20,Q,B1GQ_Q,XDC,_T,202607,2019-Q1,3098367454484,A,0,0,
OECD.SDD.STES:DSD_STES_REVISIONS@DF_STES_REVISIONS(4.0),EA20,Q,B1GQ_Q,XDC,_T,202607,2019-Q2,3109048565537,A,0,0,
OECD.SDD.STES:DSD_STES_REVISIONS@DF_STES_REVISIONS(4.0),EA20,Q,B1GQ_Q,XDC,_T,202607,2019-Q3,3114974085835,A,0,0,
OECD.SDD.STES:DSD_STES_REVISIONS@DF_STES_REVISIONS(4.0),EA20,Q,B1GQ_Q,XDC,_T,202607,2019-Q4,3111644400807,A,0,0,
OECD.SDD.STES:DSD_STES_REVISIONS@DF_STES_REVISIONS(4.0),EA20,Q,B1GQ_Q,XDC,_T,202607,2020-Q1,3011610259328,A,0,0,
OECD.SDD.STES:DSD_STES_REVISIONS@DF_STES_REVISIONS(4.0),EA20,Q,B1GQ_Q,XDC,_T,202607,2020-Q2,2677667538018,A,0,0,
OECD.SDD.STES:DSD_STES_REVISIONS@DF_STES_REVISIONS(4.0),EA20,Q,B1GQ_Q,XDC,_T,202607,2020-Q3,2984332479762,A,0,0,
OECD.SDD.STES:DSD_STES_REVISIONS@DF_STES_REVISIONS(4.0),EA20,Q,B1GQ_Q,XDC,_T,202607,2020-Q4,2995715283020,A,0,0,
OECD.SDD.STES:DSD_STES_REVISIONS@DF_STES_REVISIONS(4.0),EA20,Q,B1GQ_Q,XDC,_T,202607,2021-Q1,3020649772263,A,0,0,
OECD.SDD.STES:DSD_STES_REVISIONS@DF_STES_REVISIONS(4.0),EA20,Q,B1GQ_Q,XDC,_T,202607,2021-Q2,3085677973222,A,0,0,
OECD.SDD.STES:DSD_STES_REVISIONS@DF_STES_REVISIONS(4.0),EA20,Q,B1GQ_Q,XDC,_T,202607,2021-Q3,3139738185105,A,0,0,
OECD.SDD.STES:DSD_STES_REVISIONS@DF_STES_REVISIONS(4.0),EA20,Q,B1GQ_Q,XDC,_T,202607,2021-Q4,3164750773496,A,0,0,
OECD.SDD.STES:DSD_STES_REVISIONS@DF_STES_REVISIONS(4.0),EA20,Q,B1GQ_Q,XDC,_T,202607,2022-Q1,3189106446550,A,0,0,
OECD.SDD.STES:DSD_STES_REVISIONS@DF_STES_REVISIONS(4.0),EA20,Q,B1GQ_Q,XDC,_T,202607,2022-Q2,3218355805123,A,0,0,
OECD.SDD.STES:DSD_STES_REVISIONS@DF_STES_REVISIONS(4.0),EA20,Q,B1GQ_Q,XDC,_T,202607,2022-Q3,3232605490610,A,0,0,
OECD.SDD.STES:DSD_STES_REVISIONS@DF_STES_REVISIONS(4.0),EA20,Q,B1GQ_Q,XDC,_T,202607,2022-Q4,3230917562364,A,0,0,
OECD.SDD.STES:DSD_STES_REVISIONS@DF_STES_REVISIONS(4.0),EA20,Q,B1GQ_Q,XDC,_T,202607,2023-Q1,3231041040951,A,0,0,
OECD.SDD.STES:DSD_STES_REVISIONS@DF_STES_REVISIONS(4.0),EA20,Q,B1GQ_Q,XDC,_T,202607,2023-Q2,3237338049644,A,0,0,
OECD.SDD.STES:DSD_STES_REVISIONS@DF_STES_REVISIONS(4.0),EA20,Q,B1GQ_Q,XDC,_T,202607,2023-Q3,3237922548268,A,0,0,
OECD.SDD.STES:DSD_STES_REVISIONS@DF_STES_REVISIONS(4.0),EA20,Q,B1GQ_Q,XDC,_T,202607,2023-Q4,3240423944807,A,0,0,
OECD.SDD.STES:DSD_STES_REVISIONS@DF_STES_REVISIONS(4.0),EA20,Q,B1GQ_Q,XDC,_T,202607,2024-Q1,3251227405353,A,0,0,
OECD.SDD.STES:DSD_STES_REVISIONS@DF_STES_REVISIONS(4.0),EA20,Q,B1GQ_Q,XDC,_T,202607,2024-Q2,3258283178271,A,0,0,
OECD.SDD.STES:DSD_STES_REVISIONS@DF_STES_REVISIONS(4.0),EA20,Q,B1GQ_Q,XDC,_T,202607,2024-Q3,3272596684623,A,0,0,
OECD.SDD.STES:DSD_STES_REVISIONS@DF_STES_REVISIONS(4.0),EA20,Q,B1GQ_Q,XDC,_T,202607,2024-Q4,3284793879411,A,0,0,
OECD.SDD.STES:DSD_STES_REVISIONS@DF_STES_REVISIONS(4.0),EA20,Q,B1GQ_Q,XDC,_T,202607,2025-Q1,3306314296084,A,0,0,
OECD.SDD.STES:DSD_STES_REVISIONS@DF_STES_REVISIONS(4.0),EA20,Q,B1GQ_Q,XDC,_T,202607,2025-Q2,3310394968261,A,0,0,
OECD.SDD.STES:DSD_STES_REVISIONS@DF_STES_REVISIONS(4.0),EA20,Q,B1GQ_Q,XDC,_T,202607,2025-Q3,3319134118942,A,0,0,
OECD.SDD.STES:DSD_STES_REVISIONS@DF_STES_REVISIONS(4.0),EA20,Q,B1GQ_Q,XDC,_T,202607,2025-Q4,3324699450690,A,0,0,
OECD.SDD.STES:DSD_STES_REVISIONS@DF_STES_REVISIONS(4.0),EA20,Q,B1GQ_Q,XDC,_T,202607,2026-Q1,3317365168350,A,0,0,
OECD.SDD.STES:DSD_STES_REVISIONS@DF_STES_REVISIONS(4.0),EA20,Q,B1GQ_Q,XDC,_T,202605,2017-Q3,3015165308356,A,0,0,
OECD.SDD.STES:DSD_STES_REVISIONS@DF_STES_REVISIONS(4.0),EA20,Q,B1GQ_Q,XDC,_T,202605,2017-Q4,3039688253568,A,0,0,
OECD.SDD.STES:DSD_STES_REVISIONS@DF_STES_REVISIONS(4.0),EA20,Q,B1GQ_Q,XDC,_T,202605,2018-Q1,3041011799887,A,0,0,
OECD.SDD.STES:DSD_STES_REVISIONS@DF_STES_REVISIONS(4.0),EA20,Q,B1GQ_Q,XDC,_T,202605,2018-Q2,3056605035160,A,0,0,
OECD.SDD.STES:DSD_STES_REVISIONS@DF_STES_REVISIONS(4.0),EA20,Q,B1GQ_Q,XDC,_T,202605,2018-Q3,3058981672319,A,0,0,
OECD.SDD.STES:DSD_STES_REVISIONS@DF_STES_REVISIONS(4.0),EA20,Q,B1GQ_Q,XDC,_T,202605,2018-Q4,3075499675260,A,0,0,
OECD.SDD.STES:DSD_STES_REVISIONS@DF_STES_REVISIONS(4.0),EA20,Q,B1GQ_Q,XDC,_T,202605,2019-Q1,3098150634188,A,0,0,
OECD.SDD.STES:DSD_STES_REVISIONS@DF_STES_REVISIONS(4.0),EA20,Q,B1GQ_Q,XDC,_T,202605,2019-Q2,3109228205206,A,0,0,
OECD.SDD.STES:DSD_STES_REVISIONS@DF_STES_REVISIONS(4.0),EA20,Q,B1GQ_Q,XDC,_T,202605,2019-Q3,3114969541203,A,0,0,
OECD.SDD.STES:DSD_STES_REVISIONS@DF_STES_REVISIONS(4.0),EA20,Q,B1GQ_Q,XDC,_T,202605,2019-Q4,3111758281087,A,0,0,
OECD.SDD.STES:DSD_STES_REVISIONS@DF_STES_REVISIONS(4.0),EA20,Q,B1GQ_Q,XDC,_T,202605,2020-Q1,3011270103790,A,0,0,
OECD.SDD.STES:DSD_STES_REVISIONS@DF_STES_REVISIONS(4.0),EA20,Q,B1GQ_Q,XDC,_T,202605,2020-Q2,2677318063644,A,0,0,
OECD.SDD.STES:DSD_STES_REVISIONS@DF_STES_REVISIONS(4.0),EA20,Q,B1GQ_Q,XDC,_T,202605,2020-Q3,2985149959063,A,0,0,
OECD.SDD.STES:DSD_STES_REVISIONS@DF_STES_REVISIONS(4.0),EA20,Q,B1GQ_Q,XDC,_T,202605,2020-Q4,2996037545542,A,0,0,
OECD.SDD.STES:DSD_STES_REVISIONS@DF_STES_REVISIONS(4.0),EA20,Q,B1GQ_Q,XDC,_T,202605,2021-Q1,3020598971095,A,0,0,
OECD.SDD.STES:DSD_STES_REVISIONS@DF_STES_REVISIONS(4.0),EA20,Q,B1GQ_Q,XDC,_T,202605,2021-Q2,3085719451747,A,0,0,
OECD.SDD.STES:DSD_STES_REVISIONS@DF_STES_REVISIONS(4.0),EA20,Q,B1GQ_Q,XDC,_T,202605,2021-Q3,3139955976746,A,0,0,
OECD.SDD.STES:DSD_STES_REVISIONS@DF_STES_REVISIONS(4.0),EA20,Q,B1GQ_Q,XDC,_T,202605,2021-Q4,3165364955898,A,0,0,
OECD.SDD.STES:DSD_STES_REVISIONS@DF_STES_REVISIONS(4.0),EA20,Q,B1GQ_Q,XDC,_T,202605,2022-Q1,3189079909242,A,0,0,
OECD.SDD.STES:DSD_STES_REVISIONS@DF_STES_REVISIONS(4.0),EA20,Q,B1GQ_Q,XDC,_T,202605,2022-Q2,3218485718014,A,0,0,
OECD.SDD.STES:DSD_STES_REVISIONS@DF_STES_REVISIONS(4.0),EA20,Q,B1GQ_Q,XDC,_T,202605,2022-Q3,3233121912864,A,0,0,
OECD.SDD.STES:DSD_STES_REVISIONS@DF_STES_REVISIONS(4.0),EA20,Q,B1GQ_Q,XDC,_T,202605,2022-Q4,3231335766743,A,0,0,
OECD.SDD.STES:DSD_STES_REVISIONS@DF_STES_REVISIONS(4.0),EA20,Q,B1GQ_Q,XDC,_T,202605,2023-Q1,3230606951542,A,0,0,
OECD.SDD.STES:DSD_STES_REVISIONS@DF_STES_REVISIONS(4.0),EA20,Q,B1GQ_Q,XDC,_T,202605,2023-Q2,3236451368988,A,0,0,
OECD.SDD.STES:DSD_STES_REVISIONS@DF_STES_REVISIONS(4.0),EA20,Q,B1GQ_Q,XDC,_T,202605,2023-Q3,3236404333951,A,0,0,
OECD.SDD.STES:DSD_STES_REVISIONS@DF_STES_REVISIONS(4.0),EA20,Q,B1GQ_Q,XDC,_T,202605,2023-Q4,3238961607462,A,0,0,
OECD.SDD.STES:DSD_STES_REVISIONS@DF_STES_REVISIONS(4.0),EA20,Q,B1GQ_Q,XDC,_T,202605,2024-Q1,3248504902676,A,0,0,
OECD.SDD.STES:DSD_STES_REVISIONS@DF_STES_REVISIONS(4.0),EA20,Q,B1GQ_Q,XDC,_T,202605,2024-Q2,3255178483449,A,0,0,
OECD.SDD.STES:DSD_STES_REVISIONS@DF_STES_REVISIONS(4.0),EA20,Q,B1GQ_Q,XDC,_T,202605,2024-Q3,3269715276656,A,0,0,
OECD.SDD.STES:DSD_STES_REVISIONS@DF_STES_REVISIONS(4.0),EA20,Q,B1GQ_Q,XDC,_T,202605,2024-Q4,3282401254692,A,0,0,
OECD.SDD.STES:DSD_STES_REVISIONS@DF_STES_REVISIONS(4.0),EA20,Q,B1GQ_Q,XDC,_T,202605,2025-Q1,3301859176292,A,0,0,
OECD.SDD.STES:DSD_STES_REVISIONS@DF_STES_REVISIONS(4.0),EA20,Q,B1GQ_Q,XDC,_T,202605,2025-Q2,3306761995025,A,0,0,
OECD.SDD.STES:DSD_STES_REVISIONS@DF_STES_REVISIONS(4.0),EA20,Q,B1GQ_Q,XDC,_T,202605,2025-Q3,3316747715102,A,0,0,
OECD.SDD.STES:DSD_STES_REVISIONS@DF_STES_REVISIONS(4.0),EA20,Q,B1GQ_Q,XDC,_T,202605,2025-Q4,3323494612892,A,0,0,
OECD.SDD.STES:DSD_STES_REVISIONS@DF_STES_REVISIONS(4.0),EA20,Q,B1GQ_Q,XDC,_T,202605,2026-Q1,3328402876523,A,0,0,
OECD.SDD.STES:DSD_STES_REVISIONS@DF_STES_REVISIONS(4.0),EA20,Q,B1GQ_Q,XDC,_T,202603,2017-Q3,3000041133848,A,0,0,
OECD.SDD.STES:DSD_STES_REVISIONS@DF_STES_REVISIONS(4.0),EA20,Q,B1GQ_Q,XDC,_T,202603,2017-Q4,3024473894694,A,0,0,
OECD.SDD.STES:DSD_STES_REVISIONS@DF_STES_REVISIONS(4.0),EA20,Q,B1GQ_Q,XDC,_T,202603,2018-Q1,3025710749154,A,0,0,
OECD.SDD.STES:DSD_STES_REVISIONS@DF_STES_REVISIONS(4.0),EA20,Q,B1GQ_Q,XDC,_T,202603,2018-Q2,3041200656803,A,0,0,
OECD.SDD.STES:DSD_STES_REVISIONS@DF_STES_REVISIONS(4.0),EA20,Q,B1GQ_Q,XDC,_T,202603,2018-Q3,3043537252074,A,0,0,
OECD.SDD.STES:DSD_STES_REVISIONS@DF_STES_REVISIONS(4.0),EA20,Q,B1GQ_Q,XDC,_T,202603,2018-Q4,3060003323217,A,0,0,
OECD.SDD.STES:DSD_STES_REVISIONS@DF_STES_REVISIONS(4.0),EA20,Q,B1GQ_Q,XDC,_T,202603,2019-Q1,3082093951012,A,0,0,
OECD.SDD.STES:DSD_STES_REVISIONS@DF_STES_REVISIONS(4.0),EA20,Q,B1GQ_Q,XDC,_T,202603,2019-Q2,3093225180655,A,0,0,
OECD.SDD.STES:DSD_STES_REVISIONS@DF_STES_REVISIONS(4.0),EA20,Q,B1GQ_Q,XDC,_T,202603,2019-Q3,3099051754938,A,0,0,
OECD.SDD.STES:DSD_STES_REVISIONS@DF_STES_REVISIONS(4.0),EA20,Q,B1GQ_Q,XDC,_T,202603,2019-Q4,3095829591548,A,0,0,
OECD.SDD.STES:DSD_STES_REVISIONS@DF_STES_REVISIONS(4.0),EA20,Q,B1GQ_Q,XDC,_T,202603,2020-Q1,2995342165767,A,0,0,
OECD.SDD.STES:DSD_STES_REVISIONS@DF_STES_REVISIONS(4.0),EA20,Q,B1GQ_Q,XDC,_T,202603,2020-Q2,2662313509655,A,0,0,
OECD.SDD.STES:DSD_STES_REVISIONS@DF_STES_REVISIONS(4.0),EA20,Q,B1GQ_Q,XDC,_T,202603,2020-Q3,2969661488608,A,0,0,
OECD.SDD.STES:DSD_STES_REVISIONS@DF_STES_REVISIONS(4.0),EA20,Q,B1GQ_Q,XDC,_T,202603,2020-Q4,2980602954010,A,0,0,
OECD.SDD.STES:DSD_STES_REVISIONS@DF_STES_REVISIONS(4.0),EA20,Q,B1GQ_Q,XDC,_T,202603,2021-Q1,3004292173293,A,0,0,
OECD.SDD.STES:DSD_STES_REVISIONS@DF_STES_REVISIONS(4.0),EA20,Q,B1GQ_Q,XDC,_T,202603,2021-Q2,3069219128124,A,0,0,
OECD.SDD.STES:DSD_STES_REVISIONS@DF_STES_REVISIONS(4.0),EA20,Q,B1GQ_Q,XDC,_T,202603,2021-Q3,3123112038445,A,0,0,
OECD.SDD.STES:DSD_STES_REVISIONS@DF_STES_REVISIONS(4.0),EA20,Q,B1GQ_Q,XDC,_T,202603,2021-Q4,3148318302770,A,0,0,
OECD.SDD.STES:DSD_STES_REVISIONS@DF_STES_REVISIONS(4.0),EA20,Q,B1GQ_Q,XDC,_T,202603,2022-Q1,3171778505716,A,0,0,
OECD.SDD.STES:DSD_STES_REVISIONS@DF_STES_REVISIONS(4.0),EA20,Q,B1GQ_Q,XDC,_T,202603,2022-Q2,3201012347838,A,0,0,
OECD.SDD.STES:DSD_STES_REVISIONS@DF_STES_REVISIONS(4.0),EA20,Q,B1GQ_Q,XDC,_T,202603,2022-Q3,3215574889315,A,0,0,
OECD.SDD.STES:DSD_STES_REVISIONS@DF_STES_REVISIONS(4.0),EA20,Q,B1GQ_Q,XDC,_T,202603,2022-Q4,3213768263086,A,0,0,
OECD.SDD.STES:DSD_STES_REVISIONS@DF_STES_REVISIONS(4.0),EA20,Q,B1GQ_Q,XDC,_T,202603,2023-Q1,3213033606307,A,0,0,
OECD.SDD.STES:DSD_STES_REVISIONS@DF_STES_REVISIONS(4.0),EA20,Q,B1GQ_Q,XDC,_T,202603,2023-Q2,3218927143949,A,0,0,
OECD.SDD.STES:DSD_STES_REVISIONS@DF_STES_REVISIONS(4.0),EA20,Q,B1GQ_Q,XDC,_T,202603,2023-Q3,3218829727337,A,0,0,
OECD.SDD.STES:DSD_STES_REVISIONS@DF_STES_REVISIONS(4.0),EA20,Q,B1GQ_Q,XDC,_T,202603,2023-Q4,3221247968599,A,0,0,
OECD.SDD.STES:DSD_STES_REVISIONS@DF_STES_REVISIONS(4.0),EA20,Q,B1GQ_Q,XDC,_T,202603,2024-Q1,3230466362076,A,0,0,
OECD.SDD.STES:DSD_STES_REVISIONS@DF_STES_REVISIONS(4.0),EA20,Q,B1GQ_Q,XDC,_T,202603,2024-Q2,3236979890891,A,0,0,
OECD.SDD.STES:DSD_STES_REVISIONS@DF_STES_REVISIONS(4.0),EA20,Q,B1GQ_Q,XDC,_T,202603,2024-Q3,3251312538589,A,0,0,
OECD.SDD.STES:DSD_STES_REVISIONS@DF_STES_REVISIONS(4.0),EA20,Q,B1GQ_Q,XDC,_T,202603,2024-Q4,3263878491763,A,0,0,
OECD.SDD.STES:DSD_STES_REVISIONS@DF_STES_REVISIONS(4.0),EA20,Q,B1GQ_Q,XDC,_T,202603,2025-Q1,3283229626843,A,0,0,
OECD.SDD.STES:DSD_STES_REVISIONS@DF_STES_REVISIONS(4.0),EA20,Q,B1GQ_Q,XDC,_T,202603,2025-Q2,3287888307207,A,0,0,
OECD.SDD.STES:DSD_STES_REVISIONS@DF_STES_REVISIONS(4.0),EA20,Q,B1GQ_Q,XDC,_T,202603,2025-Q3,3297740606487,A,0,0,
OECD.SDD.STES:DSD_STES_REVISIONS@DF_STES_REVISIONS(4.0),EA20,Q,B1GQ_Q,XDC,_T,202603,2025-Q4,3304190506940,A,0,0,
OECD.SDD.STES:DSD_STES_REVISIONS@DF_STES_REVISIONS(4.0),EA20,Q,B1GQ_Q,XDC,_T,202402,2017-Q3,2773961021118,A,0,0,
OECD.SDD.STES:DSD_STES_REVISIONS@DF_STES_REVISIONS(4.0),EA20,Q,B1GQ_Q,XDC,_T,202401,2017-Q3,2773961035485,A,0,0,
OECD.SDD.STES:DSD_STES_REVISIONS@DF_STES_REVISIONS(4.0),EA20,Q,B1GQ_Q,XDC,_T,202403,2017-Q3,2773961021118,A,0,0,
OECD.SDD.STES:DSD_STES_REVISIONS@DF_STES_REVISIONS(4.0),EA20,Q,B1GQ_Q,XDC,_T,202404,2017-Q3,2773941611017,A,0,0,
OECD.SDD.STES:DSD_STES_REVISIONS@DF_STES_REVISIONS(4.0),EA20,Q,B1GQ_Q,XDC,_T,202405,2017-Q3,2773941706922,A,0,0,
OECD.SDD.STES:DSD_STES_REVISIONS@DF_STES_REVISIONS(4.0),EA20,Q,B1GQ_Q,XDC,_T,202408,2017-Q3,2777208275333,A,0,0,
OECD.SDD.STES:DSD_STES_REVISIONS@DF_STES_REVISIONS(4.0),EA20,Q,B1GQ_Q,XDC,_T,202407,2017-Q3,2773893485781,A,0,0,
OECD.SDD.STES:DSD_STES_REVISIONS@DF_STES_REVISIONS(4.0),EA20,Q,B1GQ_Q,XDC,_T,202406,2017-Q3,2773941706922,A,0,0,
OECD.SDD.STES:DSD_STES_REVISIONS@DF_STES_REVISIONS(4.0),EA20,Q,B1GQ_Q,XDC,_T,202409,2017-Q3,2777208275333,A,0,0,
OECD.SDD.STES:DSD_STES_REVISIONS@DF_STES_REVISIONS(4.0),EA20,Q,B1GQ_Q,XDC,_T,202506,2017-Q3,2999894927303,A,0,0,
OECD.SDD.STES:DSD_STES_REVISIONS@DF_STES_REVISIONS(4.0),EA20,Q,B1GQ_Q,XDC,_T,202507,2017-Q3,2999894927303,A,0,0,
OECD.SDD.STES:DSD_STES_REVISIONS@DF_STES_REVISIONS(4.0),EA20,Q,B1GQ_Q,XDC,_T,202509,2017-Q3,2999575382967,A,0,0,
OECD.SDD.STES:DSD_STES_REVISIONS@DF_STES_REVISIONS(4.0),EA20,Q,B1GQ_Q,XDC,_T,202504,2017-Q3,3000348866080,A,0,0,
OECD.SDD.STES:DSD_STES_REVISIONS@DF_STES_REVISIONS(4.0),EA20,Q,B1GQ_Q,XDC,_T,202505,2017-Q3,3000221419010,A,0,0,
OECD.SDD.STES:DSD_STES_REVISIONS@DF_STES_REVISIONS(4.0),EA20,Q,B1GQ_Q,XDC,_T,202503,2017-Q3,3000376285295,A,0,0,
OECD.SDD.STES:DSD_STES_REVISIONS@DF_STES_REVISIONS(4.0),EA20,Q,B1GQ_Q,XDC,_T,202501,2017-Q3,3000401279000,A,0,0,
OECD.SDD.STES:DSD_STES_REVISIONS@DF_STES_REVISIONS(4.0),EA20,Q,B1GQ_Q,XDC,_T,202502,2017-Q3,3000376285295,A,0,0,
OECD.SDD.STES:DSD_STES_REVISIONS@DF_STES_REVISIONS(4.0),EA20,Q,B1GQ_Q,XDC,_T,202411,2017-Q3,3000401279000,A,0,0,
OECD.SDD.STES:DSD_STES_REVISIONS@DF_STES_REVISIONS(4.0),EA20,Q,B1GQ_Q,XDC,_T,202412,2017-Q3,3000401279000,A,0,0,
OECD.SDD.STES:DSD_STES_REVISIONS@DF_STES_REVISIONS(4.0),EA20,Q,B1GQ_Q,XDC,_T,202602,2017-Q3,2999953011048,A,0,0,
OECD.SDD.STES:DSD_STES_REVISIONS@DF_STES_REVISIONS(4.0),EA20,Q,B1GQ_Q,XDC,_T,202604,2017-Q3,3000041133848,A,0,0,
OECD.SDD.STES:DSD_STES_REVISIONS@DF_STES_REVISIONS(4.0),EA20,Q,B1GQ_Q,XDC,_T,202601,2017-Q3,2999953011048,A,0,0,
OECD.SDD.STES:DSD_STES_REVISIONS@DF_STES_REVISIONS(4.0),EA20,Q,B1GQ_Q,XDC,_T,202512,2017-Q3,2999953011048,A,0,0,
OECD.SDD.STES:DSD_STES_REVISIONS@DF_STES_REVISIONS(4.0),EA20,Q,B1GQ_Q,XDC,_T,202510,2017-Q3,3000104513299,A,0,0,
OECD.SDD.STES:DSD_STES_REVISIONS@DF_STES_REVISIONS(4.0),EA20,Q,B1GQ_Q,XDC,_T,202511,2017-Q3,2999971753027,A,0,0,
OECD.SDD.STES:DSD_STES_REVISIONS@DF_STES_REVISIONS(4.0),EA20,Q,B1GQ_Q,XDC,_T,202508,2017-Q3,2999575382967,A,0,0,
OECD.SDD.STES:DSD_STES_REVISIONS@DF_STES_REVISIONS(4.0),EA20,Q,B1GQ_Q,XDC,_T,202401,2017-Q4,2795912143622,A,0,0,
OECD.SDD.STES:DSD_STES_REVISIONS@DF_STES_REVISIONS(4.0),EA20,Q,B1GQ_Q,XDC,_T,202402,2017-Q4,2795912126081,A,0,0,
OECD.SDD.STES:DSD_STES_REVISIONS@DF_STES_REVISIONS(4.0),EA20,Q,B1GQ_Q,XDC,_T,202403,2017-Q4,2795912126081,A,0,0,
OECD.SDD.STES:DSD_STES_REVISIONS@DF_STES_REVISIONS(4.0),EA20,Q,B1GQ_Q,XDC,_T,202404,2017-Q4,2795995100508,A,0,0,
OECD.SDD.STES:DSD_STES_REVISIONS@DF_STES_REVISIONS(4.0),EA20,Q,B1GQ_Q,XDC,_T,202405,2017-Q4,2795995832682,A,0,0,
OECD.SDD.STES:DSD_STES_REVISIONS@DF_STES_REVISIONS(4.0),EA20,Q,B1GQ_Q,XDC,_T,202408,2017-Q4,2798453148558,A,0,0,
OECD.SDD.STES:DSD_STES_REVISIONS@DF_STES_REVISIONS(4.0),EA20,Q,B1GQ_Q,XDC,_T,202407,2017-Q4,2796205383244,A,0,0,
OECD.SDD.STES:DSD_STES_REVISIONS@DF_STES_REVISIONS(4.0),EA20,Q,B1GQ_Q,XDC,_T,202406,2017-Q4,2795995832682,A,0,0,
OECD.SDD.STES:DSD_STES_REVISIONS@DF_STES_REVISIONS(4.0),EA20,Q,B1GQ_Q,XDC,_T,202409,2017-Q4,2798453148558,A,0,0,
OECD.SDD.STES:DSD_STES_REVISIONS@DF_STES_REVISIONS(4.0),EA20,Q,B1GQ_Q,XDC,_T,202506,2017-Q4,3023853176938,A,0,0,
OECD.SDD.STES:DSD_STES_REVISIONS@DF_STES_REVISIONS(4.0),EA20,Q,B1GQ_Q,XDC,_T,202507,2017-Q4,3023853176938,A,0,0,
OECD.SDD.STES:DSD_STES_REVISIONS@DF_STES_REVISIONS(4.0),EA20,Q,B1GQ_Q,XDC,_T,202509,2017-Q4,3023505978114,A,0,0,
OECD.SDD.STES:DSD_STES_REVISIONS@DF_STES_REVISIONS(4.0),EA20,Q,B1GQ_Q,XDC,_T,202504,2017-Q4,3024362114591,A,0,0,
OECD.SDD.STES:DSD_STES_REVISIONS@DF_STES_REVISIONS(4.0),EA20,Q,B1GQ_Q,XDC,_T,202505,2017-Q4,3024317397621,A,0,0,
OECD.SDD.STES:DSD_STES_REVISIONS@DF_STES_REVISIONS(4.0),EA20,Q,B1GQ_Q,XDC,_T,202503,2017-Q4,3024393945409,A,0,0,
OECD.SDD.STES:DSD_STES_REVISIONS@DF_STES_REVISIONS(4.0),EA20,Q,B1GQ_Q,XDC,_T,202501,2017-Q4,3024518833000,A,0,0,
OECD.SDD.STES:DSD_STES_REVISIONS@DF_STES_REVISIONS(4.0),EA20,Q,B1GQ_Q,XDC,_T,202502,2017-Q4,3024393945409,A,0,0,
OECD.SDD.STES:DSD_STES_REVISIONS@DF_STES_REVISIONS(4.0),EA20,Q,B1GQ_Q,XDC,_T,202411,2017-Q4,3024518833000,A,0,0,
OECD.SDD.STES:DSD_STES_REVISIONS@DF_STES_REVISIONS(4.0),EA20,Q,B1GQ_Q,XDC,_T,202412,2017-Q4,3024518833000,A,0,0,
OECD.SDD.STES:DSD_STES_REVISIONS@DF_STES_REVISIONS(4.0),EA20,Q,B1GQ_Q,XDC,_T,202602,2017-Q4,3024370342488,A,0,0,
OECD.SDD.STES:DSD_STES_REVISIONS@DF_STES_REVISIONS(4.0),EA20,Q,B1GQ_Q,XDC,_T,202604,2017-Q4,3024473894694,A,0,0,
OECD.SDD.STES:DSD_STES_REVISIONS@DF_STES_REVISIONS(4.0),EA20,Q,B1GQ_Q,XDC,_T,202601,2017-Q4,3024370342488,A,0,0,
OECD.SDD.STES:DSD_STES_REVISIONS@DF_STES_REVISIONS(4.0),EA20,Q,B1GQ_Q,XDC,_T,202510,2017-Q4,3024531504892,A,0,0,
OECD.SDD.STES:DSD_STES_REVISIONS@DF_STES_REVISIONS(4.0),EA20,Q,B1GQ_Q,XDC,_T,202512,2017-Q4,3024370342488,A,0,0,
OECD.SDD.STES:DSD_STES_REVISIONS@DF_STES_REVISIONS(4.0),EA20,Q,B1GQ_Q,XDC,_T,202511,2017-Q4,3024416078357,A,0,0,
OECD.SDD.STES:DSD_STES_REVISIONS@DF_STES_REVISIONS(4.0),EA20,Q,B1GQ_Q,XDC,_T,202508,2017-Q4,3023505978114,A,0,0,
OECD.SDD.STES:DSD_STES_REVISIONS@DF_STES_REVISIONS(4.0),EA20,Q,B1GQ_Q,XDC,_T,202402,2018-Q1,2796060447760,A,0,0,
OECD.SDD.STES:DSD_STES_REVISIONS@DF_STES_REVISIONS(4.0),EA20,Q,B1GQ_Q,XDC,_T,202401,2018-Q1,2796060354168,A,0,0,
OECD.SDD.STES:DSD_STES_REVISIONS@DF_STES_REVISIONS(4.0),EA20,Q,B1GQ_Q,XDC,_T,202403,2018-Q1,2796060447760,A,0,0,
OECD.SDD.STES:DSD_STES_REVISIONS@DF_STES_REVISIONS(4.0),EA20,Q,B1GQ_Q,XDC,_T,202404,2018-Q1,2796027149393,A,0,0,
OECD.SDD.STES:DSD_STES_REVISIONS@DF_STES_REVISIONS(4.0),EA20,Q,B1GQ_Q,XDC,_T,202405,2018-Q1,2796026567343,A,0,0,
OECD.SDD.STES:DSD_STES_REVISIONS@DF_STES_REVISIONS(4.0),EA20,Q,B1GQ_Q,XDC,_T,202408,2018-Q1,2798430900732,A,0,0,
OECD.SDD.STES:DSD_STES_REVISIONS@DF_STES_REVISIONS(4.0),EA20,Q,B1GQ_Q,XDC,_T,202407,2018-Q1,2796585121028,A,0,0,
OECD.SDD.STES:DSD_STES_REVISIONS@DF_STES_REVISIONS(4.0),EA20,Q,B1GQ_Q,XDC,_T,202406,2018-Q1,2796026567343,A,0,0,
OECD.SDD.STES:DSD_STES_REVISIONS@DF_STES_REVISIONS(4.0),EA20,Q,B1GQ_Q,XDC,_T,202409,2018-Q1,2798430900732,A,0,0,
OECD.SDD.STES:DSD_STES_REVISIONS@DF_STES_REVISIONS(4.0),EA20,Q,B1GQ_Q,XDC,_T,202506,2018-Q1,3024549368673,A,0,0,
OECD.SDD.STES:DSD_STES_REVISIONS@DF_STES_REVISIONS(4.0),EA20,Q,B1GQ_Q,XDC,_T,202507,2018-Q1,3024549368673,A,0,0,
OECD.SDD.STES:DSD_STES_REVISIONS@DF_STES_REVISIONS(4.0),EA20,Q,B1GQ_Q,XDC,_T,202509,2018-Q1,3025246836467,A,0,0,
OECD.SDD.STES:DSD_STES_REVISIONS@DF_STES_REVISIONS(4.0),EA20,Q,B1GQ_Q,XDC,_T,202504,2018-Q1,3024747658027,A,0,0,
OECD.SDD.STES:DSD_STES_REVISIONS@DF_STES_REVISIONS(4.0),EA20,Q,B1GQ_Q,XDC,_T,202505,2018-Q1,3024657972000,A,0,0,
OECD.SDD.STES:DSD_STES_REVISIONS@DF_STES_REVISIONS(4.0),EA20,Q,B1GQ_Q,XDC,_T,202503,2018-Q1,3024748457539,A,0,0,
OECD.SDD.STES:DSD_STES_REVISIONS@DF_STES_REVISIONS(4.0),EA20,Q,B1GQ_Q,XDC,_T,202501,2018-Q1,3025143306000,A,0,0,
OECD.SDD.STES:DSD_STES_REVISIONS@DF_STES_REVISIONS(4.0),EA20,Q,B1GQ_Q,XDC,_T,202502,2018-Q1,3024748457539,A,0,0,
OECD.SDD.STES:DSD_STES_REVISIONS@DF_STES_REVISIONS(4.0),EA20,Q,B1GQ_Q,XDC,_T,202411,2018-Q1,3025143306000,A,0,0,
OECD.SDD.STES:DSD_STES_REVISIONS@DF_STES_REVISIONS(4.0),EA20,Q,B1GQ_Q,XDC,_T,202412,2018-Q1,3025143306000,A,0,0,
OECD.SDD.STES:DSD_STES_REVISIONS@DF_STES_REVISIONS(4.0),EA20,Q,B1GQ_Q,XDC,_T,202602,2018-Q1,3025693355568,A,0,0,
OECD.SDD.STES:DSD_STES_REVISIONS@DF_STES_REVISIONS(4.0),EA20,Q,B1GQ_Q,XDC,_T,202604,2018-Q1,3025710749154,A,0,0,
OECD.SDD.STES:DSD_STES_REVISIONS@DF_STES_REVISIONS(4.0),EA20,Q,B1GQ_Q,XDC,_T,202601,2018-Q1,3025693355568,A,0,0,
OECD.SDD.STES:DSD_STES_REVISIONS@DF_STES_REVISIONS(4.0),EA20,Q,B1GQ_Q,XDC,_T,202512,2018-Q1,3025693355568,A,0,0,
OECD.SDD.STES:DSD_STES_REVISIONS@DF_STES_REVISIONS(4.0),EA20,Q,B1GQ_Q,XDC,_T,202510,2018-Q1,3025579809402,A,0,0,
OECD.SDD.STES:DSD_STES_REVISIONS@DF_STES_REVISIONS(4.0),EA20,Q,B1GQ_Q,XDC,_T,202511,2018-Q1,3025670940105,A,0,0,
OECD.SDD.STES:DSD_STES_REVISIONS@DF_STES_REVISIONS(4.0),EA20,Q,B1GQ_Q,XDC,_T,202508,2018-Q1,3025246836467,A,0,0,
OECD.SDD.STES:DSD_STES_REVISIONS@DF_STES_REVISIONS(4.0),EA20,Q,B1GQ_Q,XDC,_T,202401,2018-Q2,2811902173527,A,0,0,
OECD.SDD.STES:DSD_STES_REVISIONS@DF_STES_REVISIONS(4.0),EA20,Q,B1GQ_Q,XDC,_T,202402,2018-Q2,2811902252366,A,0,0,
OECD.SDD.STES:DSD_STES_REVISIONS@DF_STES_REVISIONS(4.0),EA20,Q,B1GQ_Q,XDC,_T,202403,2018-Q2,2811902252366,A,0,0,
OECD.SDD.STES:DSD_STES_REVISIONS@DF_STES_REVISIONS(4.0),EA20,Q,B1GQ_Q,XDC,_T,202404,2018-Q2,2811800906674,A,0,0,
OECD.SDD.STES:DSD_STES_REVISIONS@DF_STES_REVISIONS(4.0),EA20,Q,B1GQ_Q,XDC,_T,202405,2018-Q2,2811800157476,A,0,0,
OECD.SDD.STES:DSD_STES_REVISIONS@DF_STES_REVISIONS(4.0),EA20,Q,B1GQ_Q,XDC,_T,202408,2018-Q2,2811897428445,A,0,0,
OECD.SDD.STES:DSD_STES_REVISIONS@DF_STES_REVISIONS(4.0),EA20,Q,B1GQ_Q,XDC,_T,202407,2018-Q2,2811215811163,A,0,0,
OECD.SDD.STES:DSD_STES_REVISIONS@DF_STES_REVISIONS(4.0),EA20,Q,B1GQ_Q,XDC,_T,202406,2018-Q2,2811800157476,A,0,0,
OECD.SDD.STES:DSD_STES_REVISIONS@DF_STES_REVISIONS(4.0),EA20,Q,B1GQ_Q,XDC,_T,202409,2018-Q2,2811897428445,A,0,0,
OECD.SDD.STES:DSD_STES_REVISIONS@DF_STES_REVISIONS(4.0),EA20,Q,B1GQ_Q,XDC,_T,202506,2018-Q2,3040510444916,A,0,0,
OECD.SDD.STES:DSD_STES_REVISIONS@DF_STES_REVISIONS(4.0),EA20,Q,B1GQ_Q,XDC,_T,202507,2018-Q2,3040510444916,A,0,0,
OECD.SDD.STES:DSD_STES_REVISIONS@DF_STES_REVISIONS(4.0),EA20,Q,B1GQ_Q,XDC,_T,202509,2018-Q2,3039988128966,A,0,0,
OECD.SDD.STES:DSD_STES_REVISIONS@DF_STES_REVISIONS(4.0),EA20,Q,B1GQ_Q,XDC,_T,202504,2018-Q2,3040286424965,A,0,0,
OECD.SDD.STES:DSD_STES_REVISIONS@DF_STES_REVISIONS(4.0),EA20,Q,B1GQ_Q,XDC,_T,202505,2018-Q2,3040276759696,A,0,0,
OECD.SDD.STES:DSD_STES_REVISIONS@DF_STES_REVISIONS(4.0),EA20,Q,B1GQ_Q,XDC,_T,202503,2018-Q2,3040324141717,A,0,0,
OECD.SDD.STES:DSD_STES_REVISIONS@DF_STES_REVISIONS(4.0),EA20,Q,B1GQ_Q,XDC,_T,202501,2018-Q2,3040166968000,A,0,0,
OECD.SDD.STES:DSD_STES_REVISIONS@DF_STES_REVISIONS(4.0),EA20,Q,B1GQ_Q,XDC,_T,202502,2018-Q2,3040324141717,A,0,0,
OECD.SDD.STES:DSD_STES_REVISIONS@DF_STES_REVISIONS(4.0),EA20,Q,B1GQ_Q,XDC,_T,202411,2018-Q2,3040166968000,A,0,0,
OECD.SDD.STES:DSD_STES_REVISIONS@DF_STES_REVISIONS(4.0),EA20,Q,B1GQ_Q,XDC,_T,202412,2018-Q2,3040166968000,A,0,0,
OECD.SDD.STES:DSD_STES_REVISIONS@DF_STES_REVISIONS(4.0),EA20,Q,B1GQ_Q,XDC,_T,202602,2018-Q2,3041210228854,A,0,0,
OECD.SDD.STES:DSD_STES_REVISIONS@DF_STES_REVISIONS(4.0),EA20,Q,B1GQ_Q,XDC,_T,202604,2018-Q2,3041200656803,A,0,0,
OECD.SDD.STES:DSD_STES_REVISIONS@DF_STES_REVISIONS(4.0),EA20,Q,B1GQ_Q,XDC,_T,202601,2018-Q2,3041210228854,A,0,0,
OECD.SDD.STES:DSD_STES_REVISIONS@DF_STES_REVISIONS(4.0),EA20,Q,B1GQ_Q,XDC,_T,202510,2018-Q2,3040978023405,A,0,0,
OECD.SDD.STES:DSD_STES_REVISIONS@DF_STES_REVISIONS(4.0),EA20,Q,B1GQ_Q,XDC,_T,202512,2018-Q2,3041210228854,A,0,0,
OECD.SDD.STES:DSD_STES_REVISIONS@DF_STES_REVISIONS(4.0),EA20,Q,B1GQ_Q,XDC,_T,202511,2018-Q2,3041270793237,A,0,0,
OECD.SDD.STES:DSD_STES_REVISIONS@DF_STES_REVISIONS(4.0),EA20,Q,B1GQ_Q,XDC,_T,202508,2018-Q2,3039988128966,A,0,0,
OECD.SDD.STES:DSD_STES_REVISIONS@DF_STES_REVISIONS(4.0),EA20,Q,B1GQ_Q,XDC,_T,202402,2018-Q3,2811200421832,A,0,0,
OECD.SDD.STES:DSD_STES_REVISIONS@DF_STES_REVISIONS(4.0),EA20,Q,B1GQ_Q,XDC,_T,202401,2018-Q3,2811200516571,A,0,0,
OECD.SDD.STES:DSD_STES_REVISIONS@DF_STES_REVISIONS(4.0),EA20,Q,B1GQ_Q,XDC,_T,202403,2018-Q3,2811200421832,A,0,0,
OECD.SDD.STES:DSD_STES_REVISIONS@DF_STES_REVISIONS(4.0),EA20,Q,B1GQ_Q,XDC,_T,202404,2018-Q3,2811154605131,A,0,0,
OECD.SDD.STES:DSD_STES_REVISIONS@DF_STES_REVISIONS(4.0),EA20,Q,B1GQ_Q,XDC,_T,202405,2018-Q3,2811154908710,A,0,0,
OECD.SDD.STES:DSD_STES_REVISIONS@DF_STES_REVISIONS(4.0),EA20,Q,B1GQ_Q,XDC,_T,202408,2018-Q3,2812337293618,A,0,0,
OECD.SDD.STES:DSD_STES_REVISIONS@DF_STES_REVISIONS(4.0),EA20,Q,B1GQ_Q,XDC,_T,202407,2018-Q3,2811046196757,A,0,0,
OECD.SDD.STES:DSD_STES_REVISIONS@DF_STES_REVISIONS(4.0),EA20,Q,B1GQ_Q,XDC,_T,202406,2018-Q3,2811154908710,A,0,0,
OECD.SDD.STES:DSD_STES_REVISIONS@DF_STES_REVISIONS(4.0),EA20,Q,B1GQ_Q,XDC,_T,202409,2018-Q3,2812337293618,A,0,0,
OECD.SDD.STES:DSD_STES_REVISIONS@DF_STES_REVISIONS(4.0),EA20,Q,B1GQ_Q,XDC,_T,202506,2018-Q3,3042207556638,A,0,0,
OECD.SDD.STES:DSD_STES_REVISIONS@DF_STES_REVISIONS(4.0),EA20,Q,B1GQ_Q,XDC,_T,202507,2018-Q3,3042207556638,A,0,0,
OECD.SDD.STES:DSD_STES_REVISIONS@DF_STES_REVISIONS(4.0),EA20,Q,B1GQ_Q,XDC,_T,202509,2018-Q3,3042112792202,A,0,0,
OECD.SDD.STES:DSD_STES_REVISIONS@DF_STES_REVISIONS(4.0),EA20,Q,B1GQ_Q,XDC,_T,202504,2018-Q3,3042140296440,A,0,0,
OECD.SDD.STES:DSD_STES_REVISIONS@DF_STES_REVISIONS(4.0),EA20,Q,B1GQ_Q,XDC,_T,202505,2018-Q3,3042099707399,A,0,0,
OECD.SDD.STES:DSD_STES_REVISIONS@DF_STES_REVISIONS(4.0),EA20,Q,B1GQ_Q,XDC,_T,202503,2018-Q3,3042142532017,A,0,0,
OECD.SDD.STES:DSD_STES_REVISIONS@DF_STES_REVISIONS(4.0),EA20,Q,B1GQ_Q,XDC,_T,202501,2018-Q3,3041713543000,A,0,0,
OECD.SDD.STES:DSD_STES_REVISIONS@DF_STES_REVISIONS(4.0),EA20,Q,B1GQ_Q,XDC,_T,202502,2018-Q3,3042142532017,A,0,0,
OECD.SDD.STES:DSD_STES_REVISIONS@DF_STES_REVISIONS(4.0),EA20,Q,B1GQ_Q,XDC,_T,202411,2018-Q3,3041713543000,A,0,0,
OECD.SDD.STES:DSD_STES_REVISIONS@DF_STES_REVISIONS(4.0),EA20,Q,B1GQ_Q,XDC,_T,202412,2018-Q3,3041713543000,A,0,0,
OECD.SDD.STES:DSD_STES_REVISIONS@DF_STES_REVISIONS(4.0),EA20,Q,B1GQ_Q,XDC,_T,202602,2018-Q3,3043571425165,A,0,0,
OECD.SDD.STES:DSD_STES_REVISIONS@DF_STES_REVISIONS(4.0),EA20,Q,B1GQ_Q,XDC,_T,202604,2018-Q3,3043537252074,A,0,0,
OECD.SDD.STES:DSD_STES_REVISIONS@DF_STES_REVISIONS(4.0),EA20,Q,B1GQ_Q,XDC,_T,202601,2018-Q3,3043571425165,A,0,0,
OECD.SDD.STES:DSD_STES_REVISIONS@DF_STES_REVISIONS(4.0),EA20,Q,B1GQ_Q,XDC,_T,202512,2018-Q3,3043571425165,A,0,0,
OECD.SDD.STES:DSD_STES_REVISIONS@DF_STES_REVISIONS(4.0),EA20,Q,B1GQ_Q,XDC,_T,202510,2018-Q3,3043744947241,A,0,0,
OECD.SDD.STES:DSD_STES_REVISIONS@DF_STES_REVISIONS(4.0),EA20,Q,B1GQ_Q,XDC,_T,202511,2018-Q3,3043581061014,A,0,0,
OECD.SDD.STES:DSD_STES_REVISIONS@DF_STES_REVISIONS(4.0),EA20,Q,B1GQ_Q,XDC,_T,202508,2018-Q3,3042112792202,A,0,0,
OECD.SDD.STES:DSD_STES_REVISIONS@DF_STES_REVISIONS(4.0),EA20,Q,B1GQ_Q,XDC,_T,202401,2018-Q4,2830277332750,A,0,0,
OECD.SDD.STES:DSD_STES_REVISIONS@DF_STES_REVISIONS(4.0),EA20,Q,B1GQ_Q,XDC,_T,202402,2018-Q4,2830277255058,A,0,0,
OECD.SDD.STES:DSD_STES_REVISIONS@DF_STES_REVISIONS(4.0),EA20,Q,B1GQ_Q,XDC,_T,202403,2018-Q4,2830277255058,A,0,0,
OECD.SDD.STES:DSD_STES_REVISIONS@DF_STES_REVISIONS(4.0),EA20,Q,B1GQ_Q,XDC,_T,202404,2018-Q4,2830485795170,A,0,0,
OECD.SDD.STES:DSD_STES_REVISIONS@DF_STES_REVISIONS(4.0),EA20,Q,B1GQ_Q,XDC,_T,202405,2018-Q4,2830486822839,A,0,0,
OECD.SDD.STES:DSD_STES_REVISIONS@DF_STES_REVISIONS(4.0),EA20,Q,B1GQ_Q,XDC,_T,202408,2018-Q4,2831760084576,A,0,0,
OECD.SDD.STES:DSD_STES_REVISIONS@DF_STES_REVISIONS(4.0),EA20,Q,B1GQ_Q,XDC,_T,202407,2018-Q4,2830939833554,A,0,0,
OECD.SDD.STES:DSD_STES_REVISIONS@DF_STES_REVISIONS(4.0),EA20,Q,B1GQ_Q,XDC,_T,202406,2018-Q4,2830486822839,A,0,0,
OECD.SDD.STES:DSD_STES_REVISIONS@DF_STES_REVISIONS(4.0),EA20,Q,B1GQ_Q,XDC,_T,202409,2018-Q4,2831760084576,A,0,0,
OECD.SDD.STES:DSD_STES_REVISIONS@DF_STES_REVISIONS(4.0),EA20,Q,B1GQ_Q,XDC,_T,202506,2018-Q4,3060574416077,A,0,0,
OECD.SDD.STES:DSD_STES_REVISIONS@DF_STES_REVISIONS(4.0),EA20,Q,B1GQ_Q,XDC,_T,202507,2018-Q4,3060574416077,A,0,0,
OECD.SDD.STES:DSD_STES_REVISIONS@DF_STES_REVISIONS(4.0),EA20,Q,B1GQ_Q,XDC,_T,202509,2018-Q4,3060176728689,A,0,0,
OECD.SDD.STES:DSD_STES_REVISIONS@DF_STES_REVISIONS(4.0),EA20,Q,B1GQ_Q,XDC,_T,202504,2018-Q4,3060834421931,A,0,0,
OECD.SDD.STES:DSD_STES_REVISIONS@DF_STES_REVISIONS(4.0),EA20,Q,B1GQ_Q,XDC,_T,202505,2018-Q4,3060786231300,A,0,0,
OECD.SDD.STES:DSD_STES_REVISIONS@DF_STES_REVISIONS(4.0),EA20,Q,B1GQ_Q,XDC,_T,202503,2018-Q4,3060822596617,A,0,0,
OECD.SDD.STES:DSD_STES_REVISIONS@DF_STES_REVISIONS(4.0),EA20,Q,B1GQ_Q,XDC,_T,202501,2018-Q4,3061022659000,A,0,0,
OECD.SDD.STES:DSD_STES_REVISIONS@DF_STES_REVISIONS(4.0),EA20,Q,B1GQ_Q,XDC,_T,202502,2018-Q4,3060822596617,A,0,0,
OECD.SDD.STES:DSD_STES_REVISIONS@DF_STES_REVISIONS(4.0),EA20,Q,B1GQ_Q,XDC,_T,202411,2018-Q4,3061022659000,A,0,0,
OECD.SDD.STES:DSD_STES_REVISIONS@DF_STES_REVISIONS(4.0),EA20,Q,B1GQ_Q,XDC,_T,202412,2018-Q4,3061022659000,A,0,0,
OECD.SDD.STES:DSD_STES_REVISIONS@DF_STES_REVISIONS(4.0),EA20,Q,B1GQ_Q,XDC,_T,202602,2018-Q4,3060011698005,A,0,0,
OECD.SDD.STES:DSD_STES_REVISIONS@DF_STES_REVISIONS(4.0),EA20,Q,B1GQ_Q,XDC,_T,202604,2018-Q4,3060003323217,A,0,0,
OECD.SDD.STES:DSD_STES_REVISIONS@DF_STES_REVISIONS(4.0),EA20,Q,B1GQ_Q,XDC,_T,202601,2018-Q4,3060011698005,A,0,0,
OECD.SDD.STES:DSD_STES_REVISIONS@DF_STES_REVISIONS(4.0),EA20,Q,B1GQ_Q,XDC,_T,202510,2018-Q4,3060212697102,A,0,0,
OECD.SDD.STES:DSD_STES_REVISIONS@DF_STES_REVISIONS(4.0),EA20,Q,B1GQ_Q,XDC,_T,202512,2018-Q4,3060011698005,A,0,0,
OECD.SDD.STES:DSD_STES_REVISIONS@DF_STES_REVISIONS(4.0),EA20,Q,B1GQ_Q,XDC,_T,202511,2018-Q4,3060066805799,A,0,0,
OECD.SDD.STES:DSD_STES_REVISIONS@DF_STES_REVISIONS(4.0),EA20,Q,B1GQ_Q,XDC,_T,202508,2018-Q4,3060176728689,A,0,0,
OECD.SDD.STES:DSD_STES_REVISIONS@DF_STES_REVISIONS(4.0),EA20,Q,B1GQ_Q,XDC,_T,202402,2019-Q1,2847620972129,A,0,0,
OECD.SDD.STES:DSD_STES_REVISIONS@DF_STES_REVISIONS(4.0),EA20,Q,B1GQ_Q,XDC,_T,202401,2019-Q1,2847603589280,A,0,0,
OECD.SDD.STES:DSD_STES_REVISIONS@DF_STES_REVISIONS(4.0),EA20,Q,B1GQ_Q,XDC,_T,202403,2019-Q1,2847620972129,A,0,0,
OECD.SDD.STES:DSD_STES_REVISIONS@DF_STES_REVISIONS(4.0),EA20,Q,B1GQ_Q,XDC,_T,202404,2019-Q1,2847560587205,A,0,0,
OECD.SDD.STES:DSD_STES_REVISIONS@DF_STES_REVISIONS(4.0),EA20,Q,B1GQ_Q,XDC,_T,202405,2019-Q1,2847541468701,A,0,0,
OECD.SDD.STES:DSD_STES_REVISIONS@DF_STES_REVISIONS(4.0),EA20,Q,B1GQ_Q,XDC,_T,202408,2019-Q1,2851080045972,A,0,0,
OECD.SDD.STES:DSD_STES_REVISIONS@DF_STES_REVISIONS(4.0),EA20,Q,B1GQ_Q,XDC,_T,202407,2019-Q1,2849001617971,A,0,0,
OECD.SDD.STES:DSD_STES_REVISIONS@DF_STES_REVISIONS(4.0),EA20,Q,B1GQ_Q,XDC,_T,202406,2019-Q1,2847541468701,A,0,0,
OECD.SDD.STES:DSD_STES_REVISIONS@DF_STES_REVISIONS(4.0),EA20,Q,B1GQ_Q,XDC,_T,202409,2019-Q1,2851080045972,A,0,0,
OECD.SDD.STES:DSD_STES_REVISIONS@DF_STES_REVISIONS(4.0),EA20,Q,B1GQ_Q,XDC,_T,202506,2019-Q1,3081268350728,A,0,0,
OECD.SDD.STES:DSD_STES_REVISIONS@DF_STES_REVISIONS(4.0),EA20,Q,B1GQ_Q,XDC,_T,202507,2019-Q1,3081268350728,A,0,0,
OECD.SDD.STES:DSD_STES_REVISIONS@DF_STES_REVISIONS(4.0),EA20,Q,B1GQ_Q,XDC,_T,202509,2019-Q1,3081103837289,A,0,0,
OECD.SDD.STES:DSD_STES_REVISIONS@DF_STES_REVISIONS(4.0),EA20,Q,B1GQ_Q,XDC,_T,202504,2019-Q1,3080965687047,A,0,0,
OECD.SDD.STES:DSD_STES_REVISIONS@DF_STES_REVISIONS(4.0),EA20,Q,B1GQ_Q,XDC,_T,202505,2019-Q1,3080880404448,A,0,0,
OECD.SDD.STES:DSD_STES_REVISIONS@DF_STES_REVISIONS(4.0),EA20,Q,B1GQ_Q,XDC,_T,202503,2019-Q1,3080991825708,A,0,0,
OECD.SDD.STES:DSD_STES_REVISIONS@DF_STES_REVISIONS(4.0),EA20,Q,B1GQ_Q,XDC,_T,202501,2019-Q1,3080711023000,A,0,0,
OECD.SDD.STES:DSD_STES_REVISIONS@DF_STES_REVISIONS(4.0),EA20,Q,B1GQ_Q,XDC,_T,202502,2019-Q1,3080991825708,A,0,0,
OECD.SDD.STES:DSD_STES_REVISIONS@DF_STES_REVISIONS(4.0),EA20,Q,B1GQ_Q,XDC,_T,202411,2019-Q1,3080711023000,A,0,0,
OECD.SDD.STES:DSD_STES_REVISIONS@DF_STES_REVISIONS(4.0),EA20,Q,B1GQ_Q,XDC,_T,202412,2019-Q1,3080711023000,A,0,0,
OECD.SDD.STES:DSD_STES_REVISIONS@DF_STES_REVISIONS(4.0),EA20,Q,B1GQ_Q,XDC,_T,202602,2019-Q1,3082073439258,A,0,0,
OECD.SDD.STES:DSD_STES_REVISIONS@DF_STES_REVISIONS(4.0),EA20,Q,B1GQ_Q,XDC,_T,202604,2019-Q1,3082093951012,A,0,0,
OECD.SDD.STES:DSD_STES_REVISIONS@DF_STES_REVISIONS(4.0),EA20,Q,B1GQ_Q,XDC,_T,202601,2019-Q1,3082073439258,A,0,0,
OECD.SDD.STES:DSD_STES_REVISIONS@DF_STES_REVISIONS(4.0),EA20,Q,B1GQ_Q,XDC,_T,202512,2019-Q1,3082073439258,A,0,0,
OECD.SDD.STES:DSD_STES_REVISIONS@DF_STES_REVISIONS(4.0),EA20,Q,B1GQ_Q,XDC,_T,202510,2019-Q1,3081740289471,A,0,0,
OECD.SDD.STES:DSD_STES_REVISIONS@DF_STES_REVISIONS(4.0),EA20,Q,B1GQ_Q,XDC,_T,202511,2019-Q1,3081986494704,A,0,0,
OECD.SDD.STES:DSD_STES_REVISIONS@DF_STES_REVISIONS(4.0),EA20,Q,B1GQ_Q,XDC,_T,202508,2019-Q1,3081103837289,A,0,0,
OECD.SDD.STES:DSD_STES_REVISIONS@DF_STES_REVISIONS(4.0),EA20,Q,B1GQ_Q,XDC,_T,202401,2019-Q2,2857668952356,A,0,0,
OECD.SDD.STES:DSD_STES_REVISIONS@DF_STES_REVISIONS(4.0),EA20,Q,B1GQ_Q,XDC,_T,202402,2019-Q2,2857694374324,A,0,0,
OECD.SDD.STES:DSD_STES_REVISIONS@DF_STES_REVISIONS(4.0),EA20,Q,B1GQ_Q,XDC,_T,202403,2019-Q2,2857694374324,A,0,0,
OECD.SDD.STES:DSD_STES_REVISIONS@DF_STES_REVISIONS(4.0),EA20,Q,B1GQ_Q,XDC,_T,202404,2019-Q2,2857588588603,A,0,0,
OECD.SDD.STES:DSD_STES_REVISIONS@DF_STES_REVISIONS(4.0),EA20,Q,B1GQ_Q,XDC,_T,202405,2019-Q2,2857579237092,A,0,0,
OECD.SDD.STES:DSD_STES_REVISIONS@DF_STES_REVISIONS(4.0),EA20,Q,B1GQ_Q,XDC,_T,202408,2019-Q2,2860671463540,A,0,0,
OECD.SDD.STES:DSD_STES_REVISIONS@DF_STES_REVISIONS(4.0),EA20,Q,B1GQ_Q,XDC,_T,202407,2019-Q2,2858071712555,A,0,0,
OECD.SDD.STES:DSD_STES_REVISIONS@DF_STES_REVISIONS(4.0),EA20,Q,B1GQ_Q,XDC,_T,202406,2019-Q2,2857579237092,A,0,0,
OECD.SDD.STES:DSD_STES_REVISIONS@DF_STES_REVISIONS(4.0),EA20,Q,B1GQ_Q,XDC,_T,202409,2019-Q2,2860671463540,A,0,0,
OECD.SDD.STES:DSD_STES_REVISIONS@DF_STES_REVISIONS(4.0),EA20,Q,B1GQ_Q,XDC,_T,202506,2019-Q2,3091979666282,A,0,0,
OECD.SDD.STES:DSD_STES_REVISIONS@DF_STES_REVISIONS(4.0),EA20,Q,B1GQ_Q,XDC,_T,202507,2019-Q2,3091979666282,A,0,0,
OECD.SDD.STES:DSD_STES_REVISIONS@DF_STES_REVISIONS(4.0),EA20,Q,B1GQ_Q,XDC,_T,202509,2019-Q2,3092133752643,A,0,0,
OECD.SDD.STES:DSD_STES_REVISIONS@DF_STES_REVISIONS(4.0),EA20,Q,B1GQ_Q,XDC,_T,202504,2019-Q2,3091906604356,A,0,0,
OECD.SDD.STES:DSD_STES_REVISIONS@DF_STES_REVISIONS(4.0),EA20,Q,B1GQ_Q,XDC,_T,202505,2019-Q2,3091828657211,A,0,0,
OECD.SDD.STES:DSD_STES_REVISIONS@DF_STES_REVISIONS(4.0),EA20,Q,B1GQ_Q,XDC,_T,202503,2019-Q2,3091881459172,A,0,0,
OECD.SDD.STES:DSD_STES_REVISIONS@DF_STES_REVISIONS(4.0),EA20,Q,B1GQ_Q,XDC,_T,202501,2019-Q2,3091651881000,A,0,0,
OECD.SDD.STES:DSD_STES_REVISIONS@DF_STES_REVISIONS(4.0),EA20,Q,B1GQ_Q,XDC,_T,202502,2019-Q2,3091881459172,A,0,0,
OECD.SDD.STES:DSD_STES_REVISIONS@DF_STES_REVISIONS(4.0),EA20,Q,B1GQ_Q,XDC,_T,202411,2019-Q2,3091651881000,A,0,0,
OECD.SDD.STES:DSD_STES_REVISIONS@DF_STES_REVISIONS(4.0),EA20,Q,B1GQ_Q,XDC,_T,202412,2019-Q2,3091651881000,A,0,0,
OECD.SDD.STES:DSD_STES_REVISIONS@DF_STES_REVISIONS(4.0),EA20,Q,B1GQ_Q,XDC,_T,202602,2019-Q2,3093218987466,A,0,0,
OECD.SDD.STES:DSD_STES_REVISIONS@DF_STES_REVISIONS(4.0),EA20,Q,B1GQ_Q,XDC,_T,202604,2019-Q2,3093225180655,A,0,0,
OECD.SDD.STES:DSD_STES_REVISIONS@DF_STES_REVISIONS(4.0),EA20,Q,B1GQ_Q,XDC,_T,202601,2019-Q2,3093218987466,A,0,0,
OECD.SDD.STES:DSD_STES_REVISIONS@DF_STES_REVISIONS(4.0),EA20,Q,B1GQ_Q,XDC,_T,202510,2019-Q2,3092838655148,A,0,0,
OECD.SDD.STES:DSD_STES_REVISIONS@DF_STES_REVISIONS(4.0),EA20,Q,B1GQ_Q,XDC,_T,202512,2019-Q2,3093218987466,A,0,0,
OECD.SDD.STES:DSD_STES_REVISIONS@DF_STES_REVISIONS(4.0),EA20,Q,B1GQ_Q,XDC,_T,202511,2019-Q2,3093197169041,A,0,0,
OECD.SDD.STES:DSD_STES_REVISIONS@DF_STES_REVISIONS(4.0),EA20,Q,B1GQ_Q,XDC,_T,202508,2019-Q2,3092133752643,A,0,0,
OECD.SDD.STES:DSD_STES_REVISIONS@DF_STES_REVISIONS(4.0),EA20,Q,B1GQ_Q,XDC,_T,202402,2019-Q3,2862309303680,A,0,0,
OECD.SDD.STES:DSD_STES_REVISIONS@DF_STES_REVISIONS(4.0),EA20,Q,B1GQ_Q,XDC,_T,202401,2019-Q3,2862325001092,A,0,0,
OECD.SDD.STES:DSD_STES_REVISIONS@DF_STES_REVISIONS(4.0),EA20,Q,B1GQ_Q,XDC,_T,202403,2019-Q3,2862309303680,A,0,0,
OECD.SDD.STES:DSD_STES_REVISIONS@DF_STES_REVISIONS(4.0),EA20,Q,B1GQ_Q,XDC,_T,202404,2019-Q3,2862209731388,A,0,0,
OECD.SDD.STES:DSD_STES_REVISIONS@DF_STES_REVISIONS(4.0),EA20,Q,B1GQ_Q,XDC,_T,202405,2019-Q3,2862197965053,A,0,0,
OECD.SDD.STES:DSD_STES_REVISIONS@DF_STES_REVISIONS(4.0),EA20,Q,B1GQ_Q,XDC,_T,202408,2019-Q3,2865372146348,A,0,0,
OECD.SDD.STES:DSD_STES_REVISIONS@DF_STES_REVISIONS(4.0),EA20,Q,B1GQ_Q,XDC,_T,202407,2019-Q3,2861965692777,A,0,0,
OECD.SDD.STES:DSD_STES_REVISIONS@DF_STES_REVISIONS(4.0),EA20,Q,B1GQ_Q,XDC,_T,202406,2019-Q3,2862197965053,A,0,0,
OECD.SDD.STES:DSD_STES_REVISIONS@DF_STES_REVISIONS(4.0),EA20,Q,B1GQ_Q,XDC,_T,202409,2019-Q3,2865372146348,A,0,0,
OECD.SDD.STES:DSD_STES_REVISIONS@DF_STES_REVISIONS(4.0),EA20,Q,B1GQ_Q,XDC,_T,202506,2019-Q3,3096946363061,A,0,0,
OECD.SDD.STES:DSD_STES_REVISIONS@DF_STES_REVISIONS(4.0),EA20,Q,B1GQ_Q,XDC,_T,202507,2019-Q3,3096946363061,A,0,0,
OECD.SDD.STES:DSD_STES_REVISIONS@DF_STES_REVISIONS(4.0),EA20,Q,B1GQ_Q,XDC,_T,202509,2019-Q3,3097687233283,A,0,0,
OECD.SDD.STES:DSD_STES_REVISIONS@DF_STES_REVISIONS(4.0),EA20,Q,B1GQ_Q,XDC,_T,202504,2019-Q3,3097166322772,A,0,0,
OECD.SDD.STES:DSD_STES_REVISIONS@DF_STES_REVISIONS(4.0),EA20,Q,B1GQ_Q,XDC,_T,202505,2019-Q3,3097112257103,A,0,0,
OECD.SDD.STES:DSD_STES_REVISIONS@DF_STES_REVISIONS(4.0),EA20,Q,B1GQ_Q,XDC,_T,202503,2019-Q3,3097149379218,A,0,0,
OECD.SDD.STES:DSD_STES_REVISIONS@DF_STES_REVISIONS(4.0),EA20,Q,B1GQ_Q,XDC,_T,202501,2019-Q3,3097246301000,A,0,0,
OECD.SDD.STES:DSD_STES_REVISIONS@DF_STES_REVISIONS(4.0),EA20,Q,B1GQ_Q,XDC,_T,202502,2019-Q3,3097149379218,A,0,0,
OECD.SDD.STES:DSD_STES_REVISIONS@DF_STES_REVISIONS(4.0),EA20,Q,B1GQ_Q,XDC,_T,202411,2019-Q3,3097246301000,A,0,0,
OECD.SDD.STES:DSD_STES_REVISIONS@DF_STES_REVISIONS(4.0),EA20,Q,B1GQ_Q,XDC,_T,202412,2019-Q3,3097246301000,A,0,0,
OECD.SDD.STES:DSD_STES_REVISIONS@DF_STES_REVISIONS(4.0),EA20,Q,B1GQ_Q,XDC,_T,202602,2019-Q3,3099016541157,A,0,0,
OECD.SDD.STES:DSD_STES_REVISIONS@DF_STES_REVISIONS(4.0),EA20,Q,B1GQ_Q,XDC,_T,202604,2019-Q3,3099051754938,A,0,0,
OECD.SDD.STES:DSD_STES_REVISIONS@DF_STES_REVISIONS(4.0),EA20,Q,B1GQ_Q,XDC,_T,202601,2019-Q3,3099016541157,A,0,0,
OECD.SDD.STES:DSD_STES_REVISIONS@DF_STES_REVISIONS(4.0),EA20,Q,B1GQ_Q,XDC,_T,202512,2019-Q3,3099016541157,A,0,0,
OECD.SDD.STES:DSD_STES_REVISIONS@DF_STES_REVISIONS(4.0),EA20,Q,B1GQ_Q,XDC,_T,202510,2019-Q3,3099570515930,A,0,0,
OECD.SDD.STES:DSD_STES_REVISIONS@DF_STES_REVISIONS(4.0),EA20,Q,B1GQ_Q,XDC,_T,202511,2019-Q3,3099061829269,A,0,0,
OECD.SDD.STES:DSD_STES_REVISIONS@DF_STES_REVISIONS(4.0),EA20,Q,B1GQ_Q,XDC,_T,202508,2019-Q3,3097687233283,A,0,0,
OECD.SDD.STES:DSD_STES_REVISIONS@DF_STES_REVISIONS(4.0),EA20,Q,B1GQ_Q,XDC,_T,202401,2019-Q4,2863421867473,A,0,0,
OECD.SDD.STES:DSD_STES_REVISIONS@DF_STES_REVISIONS(4.0),EA20,Q,B1GQ_Q,XDC,_T,202402,2019-Q4,2863396081060,A,0,0,
OECD.SDD.STES:DSD_STES_REVISIONS@DF_STES_REVISIONS(4.0),EA20,Q,B1GQ_Q,XDC,_T,202403,2019-Q4,2863396081060,A,0,0,
OECD.SDD.STES:DSD_STES_REVISIONS@DF_STES_REVISIONS(4.0),EA20,Q,B1GQ_Q,XDC,_T,202404,2019-Q4,2863713281896,A,0,0,
OECD.SDD.STES:DSD_STES_REVISIONS@DF_STES_REVISIONS(4.0),EA20,Q,B1GQ_Q,XDC,_T,202405,2019-Q4,2863753518246,A,0,0,
OECD.SDD.STES:DSD_STES_REVISIONS@DF_STES_REVISIONS(4.0),EA20,Q,B1GQ_Q,XDC,_T,202408,2019-Q4,2865443648833,A,0,0,
OECD.SDD.STES:DSD_STES_REVISIONS@DF_STES_REVISIONS(4.0),EA20,Q,B1GQ_Q,XDC,_T,202407,2019-Q4,2862551943162,A,0,0,
OECD.SDD.STES:DSD_STES_REVISIONS@DF_STES_REVISIONS(4.0),EA20,Q,B1GQ_Q,XDC,_T,202406,2019-Q4,2863753518246,A,0,0,
OECD.SDD.STES:DSD_STES_REVISIONS@DF_STES_REVISIONS(4.0),EA20,Q,B1GQ_Q,XDC,_T,202409,2019-Q4,2865443648833,A,0,0,
OECD.SDD.STES:DSD_STES_REVISIONS@DF_STES_REVISIONS(4.0),EA20,Q,B1GQ_Q,XDC,_T,202506,2019-Q4,3097253992439,A,0,0,
OECD.SDD.STES:DSD_STES_REVISIONS@DF_STES_REVISIONS(4.0),EA20,Q,B1GQ_Q,XDC,_T,202507,2019-Q4,3097253992439,A,0,0,
OECD.SDD.STES:DSD_STES_REVISIONS@DF_STES_REVISIONS(4.0),EA20,Q,B1GQ_Q,XDC,_T,202509,2019-Q4,3096810488189,A,0,0,
OECD.SDD.STES:DSD_STES_REVISIONS@DF_STES_REVISIONS(4.0),EA20,Q,B1GQ_Q,XDC,_T,202504,2019-Q4,3097262553776,A,0,0,
OECD.SDD.STES:DSD_STES_REVISIONS@DF_STES_REVISIONS(4.0),EA20,Q,B1GQ_Q,XDC,_T,202505,2019-Q4,3097190171659,A,0,0,
OECD.SDD.STES:DSD_STES_REVISIONS@DF_STES_REVISIONS(4.0),EA20,Q,B1GQ_Q,XDC,_T,202503,2019-Q4,3097314503606,A,0,0,
OECD.SDD.STES:DSD_STES_REVISIONS@DF_STES_REVISIONS(4.0),EA20,Q,B1GQ_Q,XDC,_T,202501,2019-Q4,3097611941000,A,0,0,
OECD.SDD.STES:DSD_STES_REVISIONS@DF_STES_REVISIONS(4.0),EA20,Q,B1GQ_Q,XDC,_T,202502,2019-Q4,3097314503606,A,0,0,
OECD.SDD.STES:DSD_STES_REVISIONS@DF_STES_REVISIONS(4.0),EA20,Q,B1GQ_Q,XDC,_T,202411,2019-Q4,3097611941000,A,0,0,
OECD.SDD.STES:DSD_STES_REVISIONS@DF_STES_REVISIONS(4.0),EA20,Q,B1GQ_Q,XDC,_T,202412,2019-Q4,3097611941000,A,0,0,
OECD.SDD.STES:DSD_STES_REVISIONS@DF_STES_REVISIONS(4.0),EA20,Q,B1GQ_Q,XDC,_T,202602,2019-Q4,3095864374025,A,0,0,
OECD.SDD.STES:DSD_STES_REVISIONS@DF_STES_REVISIONS(4.0),EA20,Q,B1GQ_Q,XDC,_T,202604,2019-Q4,3095829591548,A,0,0,
OECD.SDD.STES:DSD_STES_REVISIONS@DF_STES_REVISIONS(4.0),EA20,Q,B1GQ_Q,XDC,_T,202601,2019-Q4,3095864374025,A,0,0,
OECD.SDD.STES:DSD_STES_REVISIONS@DF_STES_REVISIONS(4.0),EA20,Q,B1GQ_Q,XDC,_T,202510,2019-Q4,3096021777093,A,0,0,
OECD.SDD.STES:DSD_STES_REVISIONS@DF_STES_REVISIONS(4.0),EA20,Q,B1GQ_Q,XDC,_T,202512,2019-Q4,3095864374025,A,0,0,
OECD.SDD.STES:DSD_STES_REVISIONS@DF_STES_REVISIONS(4.0),EA20,Q,B1GQ_Q,XDC,_T,202511,2019-Q4,3095784236433,A,0,0,
OECD.SDD.STES:DSD_STES_REVISIONS@DF_STES_REVISIONS(4.0),EA20,Q,B1GQ_Q,XDC,_T,202508,2019-Q4,3096810488189,A,0,0,
OECD.SDD.STES:DSD_STES_REVISIONS@DF_STES_REVISIONS(4.0),EA20,Q,B1GQ_Q,XDC,_T,202402,2020-Q1,2765873143939,A,0,0,
OECD.SDD.STES:DSD_STES_REVISIONS@DF_STES_REVISIONS(4.0),EA20,Q,B1GQ_Q,XDC,_T,202401,2020-Q1,2765846579060,A,0,0,
OECD.SDD.STES:DSD_STES_REVISIONS@DF_STES_REVISIONS(4.0),EA20,Q,B1GQ_Q,XDC,_T,202403,2020-Q1,2765873143939,A,0,0,
OECD.SDD.STES:DSD_STES_REVISIONS@DF_STES_REVISIONS(4.0),EA20,Q,B1GQ_Q,XDC,_T,202404,2020-Q1,2765617538216,A,0,0,
OECD.SDD.STES:DSD_STES_REVISIONS@DF_STES_REVISIONS(4.0),EA20,Q,B1GQ_Q,XDC,_T,202405,2020-Q1,2765563213480,A,0,0,
OECD.SDD.STES:DSD_STES_REVISIONS@DF_STES_REVISIONS(4.0),EA20,Q,B1GQ_Q,XDC,_T,202408,2020-Q1,2769595753717,A,0,0,
OECD.SDD.STES:DSD_STES_REVISIONS@DF_STES_REVISIONS(4.0),EA20,Q,B1GQ_Q,XDC,_T,202407,2020-Q1,2765937702808,A,0,0,
OECD.SDD.STES:DSD_STES_REVISIONS@DF_STES_REVISIONS(4.0),EA20,Q,B1GQ_Q,XDC,_T,202406,2020-Q1,2765563213480,A,0,0,
OECD.SDD.STES:DSD_STES_REVISIONS@DF_STES_REVISIONS(4.0),EA20,Q,B1GQ_Q,XDC,_T,202409,2020-Q1,2769595753717,A,0,0,
OECD.SDD.STES:DSD_STES_REVISIONS@DF_STES_REVISIONS(4.0),EA20,Q,B1GQ_Q,XDC,_T,202506,2020-Q1,2994038103479,A,0,0,
OECD.SDD.STES:DSD_STES_REVISIONS@DF_STES_REVISIONS(4.0),EA20,Q,B1GQ_Q,XDC,_T,202507,2020-Q1,2994038103479,A,0,0,
OECD.SDD.STES:DSD_STES_REVISIONS@DF_STES_REVISIONS(4.0),EA20,Q,B1GQ_Q,XDC,_T,202509,2020-Q1,2993003314660,A,0,0,
OECD.SDD.STES:DSD_STES_REVISIONS@DF_STES_REVISIONS(4.0),EA20,Q,B1GQ_Q,XDC,_T,202504,2020-Q1,2993937250119,A,0,0,
OECD.SDD.STES:DSD_STES_REVISIONS@DF_STES_REVISIONS(4.0),EA20,Q,B1GQ_Q,XDC,_T,202505,2020-Q1,2993926929552,A,0,0,
OECD.SDD.STES:DSD_STES_REVISIONS@DF_STES_REVISIONS(4.0),EA20,Q,B1GQ_Q,XDC,_T,202503,2020-Q1,2993970390911,A,0,0,
OECD.SDD.STES:DSD_STES_REVISIONS@DF_STES_REVISIONS(4.0),EA20,Q,B1GQ_Q,XDC,_T,202501,2020-Q1,2993988046000,A,0,0,
OECD.SDD.STES:DSD_STES_REVISIONS@DF_STES_REVISIONS(4.0),EA20,Q,B1GQ_Q,XDC,_T,202502,2020-Q1,2993970390911,A,0,0,
OECD.SDD.STES:DSD_STES_REVISIONS@DF_STES_REVISIONS(4.0),EA20,Q,B1GQ_Q,XDC,_T,202411,2020-Q1,2993988046000,A,0,0,
OECD.SDD.STES:DSD_STES_REVISIONS@DF_STES_REVISIONS(4.0),EA20,Q,B1GQ_Q,XDC,_T,202412,2020-Q1,2993988046000,A,0,0,
OECD.SDD.STES:DSD_STES_REVISIONS@DF_STES_REVISIONS(4.0),EA20,Q,B1GQ_Q,XDC,_T,202602,2020-Q1,2995226424655,A,0,0,
OECD.SDD.STES:DSD_STES_REVISIONS@DF_STES_REVISIONS(4.0),EA20,Q,B1GQ_Q,XDC,_T,202604,2020-Q1,2995342165767,A,0,0,
OECD.SDD.STES:DSD_STES_REVISIONS@DF_STES_REVISIONS(4.0),EA20,Q,B1GQ_Q,XDC,_T,202601,2020-Q1,2995226424655,A,0,0,
OECD.SDD.STES:DSD_STES_REVISIONS@DF_STES_REVISIONS(4.0),EA20,Q,B1GQ_Q,XDC,_T,202512,2020-Q1,2995226424655,A,0,0,
OECD.SDD.STES:DSD_STES_REVISIONS@DF_STES_REVISIONS(4.0),EA20,Q,B1GQ_Q,XDC,_T,202510,2020-Q1,2993647430224,A,0,0,
OECD.SDD.STES:DSD_STES_REVISIONS@DF_STES_REVISIONS(4.0),EA20,Q,B1GQ_Q,XDC,_T,202511,2020-Q1,2995079916966,A,0,0,
OECD.SDD.STES:DSD_STES_REVISIONS@DF_STES_REVISIONS(4.0),EA20,Q,B1GQ_Q,XDC,_T,202508,2020-Q1,2993003314660,A,0,0,
OECD.SDD.STES:DSD_STES_REVISIONS@DF_STES_REVISIONS(4.0),EA20,Q,B1GQ_Q,XDC,_T,202401,2020-Q2,2453993762847,A,0,0,
OECD.SDD.STES:DSD_STES_REVISIONS@DF_STES_REVISIONS(4.0),EA20,Q,B1GQ_Q,XDC,_T,202402,2020-Q2,2454013269443,A,0,0,
OECD.SDD.STES:DSD_STES_REVISIONS@DF_STES_REVISIONS(4.0),EA20,Q,B1GQ_Q,XDC,_T,202403,2020-Q2,2454013269443,A,0,0,
OECD.SDD.STES:DSD_STES_REVISIONS@DF_STES_REVISIONS(4.0),EA20,Q,B1GQ_Q,XDC,_T,202404,2020-Q2,2453293355821,A,0,0,
OECD.SDD.STES:DSD_STES_REVISIONS@DF_STES_REVISIONS(4.0),EA20,Q,B1GQ_Q,XDC,_T,202405,2020-Q2,2453230259412,A,0,0,
OECD.SDD.STES:DSD_STES_REVISIONS@DF_STES_REVISIONS(4.0),EA20,Q,B1GQ_Q,XDC,_T,202408,2020-Q2,2461329364491,A,0,0,
OECD.SDD.STES:DSD_STES_REVISIONS@DF_STES_REVISIONS(4.0),EA20,Q,B1GQ_Q,XDC,_T,202407,2020-Q2,2458921565939,A,0,0,
OECD.SDD.STES:DSD_STES_REVISIONS@DF_STES_REVISIONS(4.0),EA20,Q,B1GQ_Q,XDC,_T,202406,2020-Q2,2453230259412,A,0,0,
OECD.SDD.STES:DSD_STES_REVISIONS@DF_STES_REVISIONS(4.0),EA20,Q,B1GQ_Q,XDC,_T,202409,2020-Q2,2461329364491,A,0,0,
OECD.SDD.STES:DSD_STES_REVISIONS@DF_STES_REVISIONS(4.0),EA20,Q,B1GQ_Q,XDC,_T,202506,2020-Q2,2661299730503,A,0,0,
OECD.SDD.STES:DSD_STES_REVISIONS@DF_STES_REVISIONS(4.0),EA20,Q,B1GQ_Q,XDC,_T,202507,2020-Q2,2661299730503,A,0,0,
OECD.SDD.STES:DSD_STES_REVISIONS@DF_STES_REVISIONS(4.0),EA20,Q,B1GQ_Q,XDC,_T,202509,2020-Q2,2661809926478,A,0,0,
OECD.SDD.STES:DSD_STES_REVISIONS@DF_STES_REVISIONS(4.0),EA20,Q,B1GQ_Q,XDC,_T,202504,2020-Q2,2660497777859,A,0,0,
OECD.SDD.STES:DSD_STES_REVISIONS@DF_STES_REVISIONS(4.0),EA20,Q,B1GQ_Q,XDC,_T,202505,2020-Q2,2660459800857,A,0,0,
OECD.SDD.STES:DSD_STES_REVISIONS@DF_STES_REVISIONS(4.0),EA20,Q,B1GQ_Q,XDC,_T,202503,2020-Q2,2660351625871,A,0,0,
OECD.SDD.STES:DSD_STES_REVISIONS@DF_STES_REVISIONS(4.0),EA20,Q,B1GQ_Q,XDC,_T,202501,2020-Q2,2660476994000,A,0,0,
OECD.SDD.STES:DSD_STES_REVISIONS@DF_STES_REVISIONS(4.0),EA20,Q,B1GQ_Q,XDC,_T,202502,2020-Q2,2660351625871,A,0,0,
OECD.SDD.STES:DSD_STES_REVISIONS@DF_STES_REVISIONS(4.0),EA20,Q,B1GQ_Q,XDC,_T,202411,2020-Q2,2660476994000,A,0,0,
OECD.SDD.STES:DSD_STES_REVISIONS@DF_STES_REVISIONS(4.0),EA20,Q,B1GQ_Q,XDC,_T,202412,2020-Q2,2660476994000,A,0,0,
OECD.SDD.STES:DSD_STES_REVISIONS@DF_STES_REVISIONS(4.0),EA20,Q,B1GQ_Q,XDC,_T,202602,2020-Q2,2662292145991,A,0,0,
OECD.SDD.STES:DSD_STES_REVISIONS@DF_STES_REVISIONS(4.0),EA20,Q,B1GQ_Q,XDC,_T,202604,2020-Q2,2662313509655,A,0,0,
OECD.SDD.STES:DSD_STES_REVISIONS@DF_STES_REVISIONS(4.0),EA20,Q,B1GQ_Q,XDC,_T,202601,2020-Q2,2662292145991,A,0,0,
OECD.SDD.STES:DSD_STES_REVISIONS@DF_STES_REVISIONS(4.0),EA20,Q,B1GQ_Q,XDC,_T,202510,2020-Q2,2662452290074,A,0,0,
OECD.SDD.STES:DSD_STES_REVISIONS@DF_STES_REVISIONS(4.0),EA20,Q,B1GQ_Q,XDC,_T,202512,2020-Q2,2662292145991,A,0,0,
OECD.SDD.STES:DSD_STES_REVISIONS@DF_STES_REVISIONS(4.0),EA20,Q,B1GQ_Q,XDC,_T,202511,2020-Q2,2662320047974,A,0,0,
OECD.SDD.STES:DSD_STES_REVISIONS@DF_STES_REVISIONS(4.0),EA20,Q,B1GQ_Q,XDC,_T,202508,2020-Q2,2661809926478,A,0,0,
OECD.SDD.STES:DSD_STES_REVISIONS@DF_STES_REVISIONS(4.0),EA20,Q,B1GQ_Q,XDC,_T,202402,2020-Q3,2749171285771,A,0,0,
OECD.SDD.STES:DSD_STES_REVISIONS@DF_STES_REVISIONS(4.0),EA20,Q,B1GQ_Q,XDC,_T,202401,2020-Q3,2749199784987,A,0,0,
OECD.SDD.STES:DSD_STES_REVISIONS@DF_STES_REVISIONS(4.0),EA20,Q,B1GQ_Q,XDC,_T,202403,2020-Q3,2749171285771,A,0,0,
OECD.SDD.STES:DSD_STES_REVISIONS@DF_STES_REVISIONS(4.0),EA20,Q,B1GQ_Q,XDC,_T,202404,2020-Q3,2749521686969,A,0,0,
OECD.SDD.STES:DSD_STES_REVISIONS@DF_STES_REVISIONS(4.0),EA20,Q,B1GQ_Q,XDC,_T,202405,2020-Q3,2749473403300,A,0,0,
OECD.SDD.STES:DSD_STES_REVISIONS@DF_STES_REVISIONS(4.0),EA20,Q,B1GQ_Q,XDC,_T,202408,2020-Q3,2748729237855,A,0,0,
OECD.SDD.STES:DSD_STES_REVISIONS@DF_STES_REVISIONS(4.0),EA20,Q,B1GQ_Q,XDC,_T,202407,2020-Q3,2745061402869,A,0,0,
OECD.SDD.STES:DSD_STES_REVISIONS@DF_STES_REVISIONS(4.0),EA20,Q,B1GQ_Q,XDC,_T,202406,2020-Q3,2749473403300,A,0,0,
OECD.SDD.STES:DSD_STES_REVISIONS@DF_STES_REVISIONS(4.0),EA20,Q,B1GQ_Q,XDC,_T,202409,2020-Q3,2748729237855,A,0,0,
OECD.SDD.STES:DSD_STES_REVISIONS@DF_STES_REVISIONS(4.0),EA20,Q,B1GQ_Q,XDC,_T,202506,2020-Q3,2969865172855,A,0,0,
OECD.SDD.STES:DSD_STES_REVISIONS@DF_STES_REVISIONS(4.0),EA20,Q,B1GQ_Q,XDC,_T,202507,2020-Q3,2969865172855,A,0,0,
OECD.SDD.STES:DSD_STES_REVISIONS@DF_STES_REVISIONS(4.0),EA20,Q,B1GQ_Q,XDC,_T,202509,2020-Q3,2970182915527,A,0,0,
OECD.SDD.STES:DSD_STES_REVISIONS@DF_STES_REVISIONS(4.0),EA20,Q,B1GQ_Q,XDC,_T,202504,2020-Q3,2970395769513,A,0,0,
OECD.SDD.STES:DSD_STES_REVISIONS@DF_STES_REVISIONS(4.0),EA20,Q,B1GQ_Q,XDC,_T,202505,2020-Q3,2970333688632,A,0,0,
OECD.SDD.STES:DSD_STES_REVISIONS@DF_STES_REVISIONS(4.0),EA20,Q,B1GQ_Q,XDC,_T,202503,2020-Q3,2970305868143,A,0,0,
OECD.SDD.STES:DSD_STES_REVISIONS@DF_STES_REVISIONS(4.0),EA20,Q,B1GQ_Q,XDC,_T,202501,2020-Q3,2970678253000,A,0,0,
OECD.SDD.STES:DSD_STES_REVISIONS@DF_STES_REVISIONS(4.0),EA20,Q,B1GQ_Q,XDC,_T,202502,2020-Q3,2970305868143,A,0,0,
OECD.SDD.STES:DSD_STES_REVISIONS@DF_STES_REVISIONS(4.0),EA20,Q,B1GQ_Q,XDC,_T,202411,2020-Q3,2970678253000,A,0,0,
OECD.SDD.STES:DSD_STES_REVISIONS@DF_STES_REVISIONS(4.0),EA20,Q,B1GQ_Q,XDC,_T,202412,2020-Q3,2970678253000,A,0,0,
OECD.SDD.STES:DSD_STES_REVISIONS@DF_STES_REVISIONS(4.0),EA20,Q,B1GQ_Q,XDC,_T,202602,2020-Q3,2969581285050,A,0,0,
OECD.SDD.STES:DSD_STES_REVISIONS@DF_STES_REVISIONS(4.0),EA20,Q,B1GQ_Q,XDC,_T,202604,2020-Q3,2969661488608,A,0,0,
OECD.SDD.STES:DSD_STES_REVISIONS@DF_STES_REVISIONS(4.0),EA20,Q,B1GQ_Q,XDC,_T,202601,2020-Q3,2969581285050,A,0,0,
OECD.SDD.STES:DSD_STES_REVISIONS@DF_STES_REVISIONS(4.0),EA20,Q,B1GQ_Q,XDC,_T,202512,2020-Q3,2969581285050,A,0,0,
OECD.SDD.STES:DSD_STES_REVISIONS@DF_STES_REVISIONS(4.0),EA20,Q,B1GQ_Q,XDC,_T,202510,2020-Q3,2970837387925,A,0,0,
OECD.SDD.STES:DSD_STES_REVISIONS@DF_STES_REVISIONS(4.0),EA20,Q,B1GQ_Q,XDC,_T,202511,2020-Q3,2969764584253,A,0,0,
OECD.SDD.STES:DSD_STES_REVISIONS@DF_STES_REVISIONS(4.0),EA20,Q,B1GQ_Q,XDC,_T,202508,2020-Q3,2970182915527,A,0,0,
OECD.SDD.STES:DSD_STES_REVISIONS@DF_STES_REVISIONS(4.0),EA20,Q,B1GQ_Q,XDC,_T,202401,2020-Q4,2748274061875,A,0,0,
OECD.SDD.STES:DSD_STES_REVISIONS@DF_STES_REVISIONS(4.0),EA20,Q,B1GQ_Q,XDC,_T,202402,2020-Q4,2748259656514,A,0,0,
OECD.SDD.STES:DSD_STES_REVISIONS@DF_STES_REVISIONS(4.0),EA20,Q,B1GQ_Q,XDC,_T,202403,2020-Q4,2748259656514,A,0,0,
OECD.SDD.STES:DSD_STES_REVISIONS@DF_STES_REVISIONS(4.0),EA20,Q,B1GQ_Q,XDC,_T,202404,2020-Q4,2748795698109,A,0,0,
OECD.SDD.STES:DSD_STES_REVISIONS@DF_STES_REVISIONS(4.0),EA20,Q,B1GQ_Q,XDC,_T,202405,2020-Q4,2748769167541,A,0,0,
OECD.SDD.STES:DSD_STES_REVISIONS@DF_STES_REVISIONS(4.0),EA20,Q,B1GQ_Q,XDC,_T,202408,2020-Q4,2752932832574,A,0,0,
OECD.SDD.STES:DSD_STES_REVISIONS@DF_STES_REVISIONS(4.0),EA20,Q,B1GQ_Q,XDC,_T,202407,2020-Q4,2747571009666,A,0,0,
OECD.SDD.STES:DSD_STES_REVISIONS@DF_STES_REVISIONS(4.0),EA20,Q,B1GQ_Q,XDC,_T,202406,2020-Q4,2748769167541,A,0,0,
OECD.SDD.STES:DSD_STES_REVISIONS@DF_STES_REVISIONS(4.0),EA20,Q,B1GQ_Q,XDC,_T,202409,2020-Q4,2752932832574,A,0,0,
OECD.SDD.STES:DSD_STES_REVISIONS@DF_STES_REVISIONS(4.0),EA20,Q,B1GQ_Q,XDC,_T,202506,2020-Q4,2980807256004,A,0,0,
OECD.SDD.STES:DSD_STES_REVISIONS@DF_STES_REVISIONS(4.0),EA20,Q,B1GQ_Q,XDC,_T,202507,2020-Q4,2980807256004,A,0,0,
OECD.SDD.STES:DSD_STES_REVISIONS@DF_STES_REVISIONS(4.0),EA20,Q,B1GQ_Q,XDC,_T,202509,2020-Q4,2981052937068,A,0,0,
OECD.SDD.STES:DSD_STES_REVISIONS@DF_STES_REVISIONS(4.0),EA20,Q,B1GQ_Q,XDC,_T,202504,2020-Q4,2980965097115,A,0,0,
OECD.SDD.STES:DSD_STES_REVISIONS@DF_STES_REVISIONS(4.0),EA20,Q,B1GQ_Q,XDC,_T,202505,2020-Q4,2981040383315,A,0,0,
OECD.SDD.STES:DSD_STES_REVISIONS@DF_STES_REVISIONS(4.0),EA20,Q,B1GQ_Q,XDC,_T,202503,2020-Q4,2981136670202,A,0,0,
OECD.SDD.STES:DSD_STES_REVISIONS@DF_STES_REVISIONS(4.0),EA20,Q,B1GQ_Q,XDC,_T,202501,2020-Q4,2980903460000,A,0,0,
OECD.SDD.STES:DSD_STES_REVISIONS@DF_STES_REVISIONS(4.0),EA20,Q,B1GQ_Q,XDC,_T,202502,2020-Q4,2981136670202,A,0,0,
OECD.SDD.STES:DSD_STES_REVISIONS@DF_STES_REVISIONS(4.0),EA20,Q,B1GQ_Q,XDC,_T,202411,2020-Q4,2980903460000,A,0,0,
OECD.SDD.STES:DSD_STES_REVISIONS@DF_STES_REVISIONS(4.0),EA20,Q,B1GQ_Q,XDC,_T,202412,2020-Q4,2980903460000,A,0,0,
OECD.SDD.STES:DSD_STES_REVISIONS@DF_STES_REVISIONS(4.0),EA20,Q,B1GQ_Q,XDC,_T,202602,2020-Q4,2980539671487,A,0,0,
OECD.SDD.STES:DSD_STES_REVISIONS@DF_STES_REVISIONS(4.0),EA20,Q,B1GQ_Q,XDC,_T,202604,2020-Q4,2980602954010,A,0,0,
OECD.SDD.STES:DSD_STES_REVISIONS@DF_STES_REVISIONS(4.0),EA20,Q,B1GQ_Q,XDC,_T,202601,2020-Q4,2980539671487,A,0,0,
OECD.SDD.STES:DSD_STES_REVISIONS@DF_STES_REVISIONS(4.0),EA20,Q,B1GQ_Q,XDC,_T,202510,2020-Q4,2980307459775,A,0,0,
OECD.SDD.STES:DSD_STES_REVISIONS@DF_STES_REVISIONS(4.0),EA20,Q,B1GQ_Q,XDC,_T,202512,2020-Q4,2980539671487,A,0,0,
OECD.SDD.STES:DSD_STES_REVISIONS@DF_STES_REVISIONS(4.0),EA20,Q,B1GQ_Q,XDC,_T,202511,2020-Q4,2980514951390,A,0,0,
OECD.SDD.STES:DSD_STES_REVISIONS@DF_STES_REVISIONS(4.0),EA20,Q,B1GQ_Q,XDC,_T,202508,2020-Q4,2981052937068,A,0,0,
OECD.SDD.STES:DSD_STES_REVISIONS@DF_STES_REVISIONS(4.0),EA20,Q,B1GQ_Q,XDC,_T,202402,2021-Q1,2761123784643,A,0,0,
OECD.SDD.STES:DSD_STES_REVISIONS@DF_STES_REVISIONS(4.0),EA20,Q,B1GQ_Q,XDC,_T,202401,2021-Q1,2761296903395,A,0,0,
OECD.SDD.STES:DSD_STES_REVISIONS@DF_STES_REVISIONS(4.0),EA20,Q,B1GQ_Q,XDC,_T,202403,2021-Q1,2761123784643,A,0,0,
OECD.SDD.STES:DSD_STES_REVISIONS@DF_STES_REVISIONS(4.0),EA20,Q,B1GQ_Q,XDC,_T,202404,2021-Q1,2760415355472,A,0,0,
OECD.SDD.STES:DSD_STES_REVISIONS@DF_STES_REVISIONS(4.0),EA20,Q,B1GQ_Q,XDC,_T,202405,2021-Q1,2760402918318,A,0,0,
OECD.SDD.STES:DSD_STES_REVISIONS@DF_STES_REVISIONS(4.0),EA20,Q,B1GQ_Q,XDC,_T,202408,2021-Q1,2764433012899,A,0,0,
OECD.SDD.STES:DSD_STES_REVISIONS@DF_STES_REVISIONS(4.0),EA20,Q,B1GQ_Q,XDC,_T,202407,2021-Q1,2759544274533,A,0,0,
OECD.SDD.STES:DSD_STES_REVISIONS@DF_STES_REVISIONS(4.0),EA20,Q,B1GQ_Q,XDC,_T,202406,2021-Q1,2760402918318,A,0,0,
OECD.SDD.STES:DSD_STES_REVISIONS@DF_STES_REVISIONS(4.0),EA20,Q,B1GQ_Q,XDC,_T,202409,2021-Q1,2764433012899,A,0,0,
OECD.SDD.STES:DSD_STES_REVISIONS@DF_STES_REVISIONS(4.0),EA20,Q,B1GQ_Q,XDC,_T,202506,2021-Q1,2999198984947,A,0,0,
OECD.SDD.STES:DSD_STES_REVISIONS@DF_STES_REVISIONS(4.0),EA20,Q,B1GQ_Q,XDC,_T,202507,2021-Q1,2999198984947,A,0,0,
OECD.SDD.STES:DSD_STES_REVISIONS@DF_STES_REVISIONS(4.0),EA20,Q,B1GQ_Q,XDC,_T,202509,2021-Q1,3000123241885,A,0,0,
OECD.SDD.STES:DSD_STES_REVISIONS@DF_STES_REVISIONS(4.0),EA20,Q,B1GQ_Q,XDC,_T,202504,2021-Q1,2999960232033,A,0,0,
OECD.SDD.STES:DSD_STES_REVISIONS@DF_STES_REVISIONS(4.0),EA20,Q,B1GQ_Q,XDC,_T,202505,2021-Q1,3000063254268,A,0,0,
OECD.SDD.STES:DSD_STES_REVISIONS@DF_STES_REVISIONS(4.0),EA20,Q,B1GQ_Q,XDC,_T,202503,2021-Q1,2999056612114,A,0,0,
OECD.SDD.STES:DSD_STES_REVISIONS@DF_STES_REVISIONS(4.0),EA20,Q,B1GQ_Q,XDC,_T,202501,2021-Q1,2998427715000,A,0,0,
OECD.SDD.STES:DSD_STES_REVISIONS@DF_STES_REVISIONS(4.0),EA20,Q,B1GQ_Q,XDC,_T,202502,2021-Q1,2999056612114,A,0,0,
OECD.SDD.STES:DSD_STES_REVISIONS@DF_STES_REVISIONS(4.0),EA20,Q,B1GQ_Q,XDC,_T,202411,2021-Q1,2998427715000,A,0,0,
OECD.SDD.STES:DSD_STES_REVISIONS@DF_STES_REVISIONS(4.0),EA20,Q,B1GQ_Q,XDC,_T,202412,2021-Q1,2998427715000,A,0,0,
OECD.SDD.STES:DSD_STES_REVISIONS@DF_STES_REVISIONS(4.0),EA20,Q,B1GQ_Q,XDC,_T,202602,2021-Q1,3004071591838,A,0,0,
OECD.SDD.STES:DSD_STES_REVISIONS@DF_STES_REVISIONS(4.0),EA20,Q,B1GQ_Q,XDC,_T,202604,2021-Q1,3004292173293,A,0,0,
OECD.SDD.STES:DSD_STES_REVISIONS@DF_STES_REVISIONS(4.0),EA20,Q,B1GQ_Q,XDC,_T,202601,2021-Q1,3004071591838,A,0,0,
OECD.SDD.STES:DSD_STES_REVISIONS@DF_STES_REVISIONS(4.0),EA20,Q,B1GQ_Q,XDC,_T,202512,2021-Q1,3004071591838,A,0,0,
OECD.SDD.STES:DSD_STES_REVISIONS@DF_STES_REVISIONS(4.0),EA20,Q,B1GQ_Q,XDC,_T,202510,2021-Q1,3003764886067,A,0,0,
OECD.SDD.STES:DSD_STES_REVISIONS@DF_STES_REVISIONS(4.0),EA20,Q,B1GQ_Q,XDC,_T,202511,2021-Q1,3004024195667,A,0,0,
OECD.SDD.STES:DSD_STES_REVISIONS@DF_STES_REVISIONS(4.0),EA20,Q,B1GQ_Q,XDC,_T,202508,2021-Q1,3000123241885,A,0,0,
OECD.SDD.STES:DSD_STES_REVISIONS@DF_STES_REVISIONS(4.0),EA20,Q,B1GQ_Q,XDC,_T,202401,2021-Q2,2818818872349,A,0,0,
OECD.SDD.STES:DSD_STES_REVISIONS@DF_STES_REVISIONS(4.0),EA20,Q,B1GQ_Q,XDC,_T,202402,2021-Q2,2818651351073,A,0,0,
OECD.SDD.STES:DSD_STES_REVISIONS@DF_STES_REVISIONS(4.0),EA20,Q,B1GQ_Q,XDC,_T,202403,2021-Q2,2818651351073,A,0,0,
OECD.SDD.STES:DSD_STES_REVISIONS@DF_STES_REVISIONS(4.0),EA20,Q,B1GQ_Q,XDC,_T,202404,2021-Q2,2818170617041,A,0,0,
OECD.SDD.STES:DSD_STES_REVISIONS@DF_STES_REVISIONS(4.0),EA20,Q,B1GQ_Q,XDC,_T,202405,2021-Q2,2818196560732,A,0,0,
OECD.SDD.STES:DSD_STES_REVISIONS@DF_STES_REVISIONS(4.0),EA20,Q,B1GQ_Q,XDC,_T,202408,2021-Q2,2827760496471,A,0,0,
OECD.SDD.STES:DSD_STES_REVISIONS@DF_STES_REVISIONS(4.0),EA20,Q,B1GQ_Q,XDC,_T,202407,2021-Q2,2819396076177,A,0,0,
OECD.SDD.STES:DSD_STES_REVISIONS@DF_STES_REVISIONS(4.0),EA20,Q,B1GQ_Q,XDC,_T,202406,2021-Q2,2818196560732,A,0,0,
OECD.SDD.STES:DSD_STES_REVISIONS@DF_STES_REVISIONS(4.0),EA20,Q,B1GQ_Q,XDC,_T,202409,2021-Q2,2827760496471,A,0,0,
OECD.SDD.STES:DSD_STES_REVISIONS@DF_STES_REVISIONS(4.0),EA20,Q,B1GQ_Q,XDC,_T,202506,2021-Q2,3066608358739,A,0,0,
OECD.SDD.STES:DSD_STES_REVISIONS@DF_STES_REVISIONS(4.0),EA20,Q,B1GQ_Q,XDC,_T,202507,2021-Q2,3066608358739,A,0,0,
OECD.SDD.STES:DSD_STES_REVISIONS@DF_STES_REVISIONS(4.0),EA20,Q,B1GQ_Q,XDC,_T,202509,2021-Q2,3066835404305,A,0,0,
OECD.SDD.STES:DSD_STES_REVISIONS@DF_STES_REVISIONS(4.0),EA20,Q,B1GQ_Q,XDC,_T,202504,2021-Q2,3067112745458,A,0,0,
OECD.SDD.STES:DSD_STES_REVISIONS@DF_STES_REVISIONS(4.0),EA20,Q,B1GQ_Q,XDC,_T,202505,2021-Q2,3067091579204,A,0,0,
OECD.SDD.STES:DSD_STES_REVISIONS@DF_STES_REVISIONS(4.0),EA20,Q,B1GQ_Q,XDC,_T,202503,2021-Q2,3066238822715,A,0,0,
OECD.SDD.STES:DSD_STES_REVISIONS@DF_STES_REVISIONS(4.0),EA20,Q,B1GQ_Q,XDC,_T,202501,2021-Q2,3065415540000,A,0,0,
OECD.SDD.STES:DSD_STES_REVISIONS@DF_STES_REVISIONS(4.0),EA20,Q,B1GQ_Q,XDC,_T,202502,2021-Q2,3066238822715,A,0,0,
OECD.SDD.STES:DSD_STES_REVISIONS@DF_STES_REVISIONS(4.0),EA20,Q,B1GQ_Q,XDC,_T,202411,2021-Q2,3065415540000,A,0,0,
OECD.SDD.STES:DSD_STES_REVISIONS@DF_STES_REVISIONS(4.0),EA20,Q,B1GQ_Q,XDC,_T,202412,2021-Q2,3065415540000,A,0,0,
OECD.SDD.STES:DSD_STES_REVISIONS@DF_STES_REVISIONS(4.0),EA20,Q,B1GQ_Q,XDC,_T,202602,2021-Q2,3069269893851,A,0,0,
OECD.SDD.STES:DSD_STES_REVISIONS@DF_STES_REVISIONS(4.0),EA20,Q,B1GQ_Q,XDC,_T,202604,2021-Q2,3069219128124,A,0,0,
OECD.SDD.STES:DSD_STES_REVISIONS@DF_STES_REVISIONS(4.0),EA20,Q,B1GQ_Q,XDC,_T,202601,2021-Q2,3069269893851,A,0,0,
OECD.SDD.STES:DSD_STES_REVISIONS@DF_STES_REVISIONS(4.0),EA20,Q,B1GQ_Q,XDC,_T,202510,2021-Q2,3068638288922,A,0,0,
OECD.SDD.STES:DSD_STES_REVISIONS@DF_STES_REVISIONS(4.0),EA20,Q,B1GQ_Q,XDC,_T,202512,2021-Q2,3069269893851,A,0,0,
OECD.SDD.STES:DSD_STES_REVISIONS@DF_STES_REVISIONS(4.0),EA20,Q,B1GQ_Q,XDC,_T,202511,2021-Q2,3069246999865,A,0,0,
OECD.SDD.STES:DSD_STES_REVISIONS@DF_STES_REVISIONS(4.0),EA20,Q,B1GQ_Q,XDC,_T,202508,2021-Q2,3066835404305,A,0,0,
OECD.SDD.STES:DSD_STES_REVISIONS@DF_STES_REVISIONS(4.0),EA20,Q,B1GQ_Q,XDC,_T,202402,2021-Q3,2877292572464,A,0,0,
OECD.SDD.STES:DSD_STES_REVISIONS@DF_STES_REVISIONS(4.0),EA20,Q,B1GQ_Q,XDC,_T,202401,2021-Q3,2877488512352,A,0,0,
OECD.SDD.STES:DSD_STES_REVISIONS@DF_STES_REVISIONS(4.0),EA20,Q,B1GQ_Q,XDC,_T,202403,2021-Q3,2877292572464,A,0,0,
OECD.SDD.STES:DSD_STES_REVISIONS@DF_STES_REVISIONS(4.0),EA20,Q,B1GQ_Q,XDC,_T,202404,2021-Q3,2876859763672,A,0,0,
OECD.SDD.STES:DSD_STES_REVISIONS@DF_STES_REVISIONS(4.0),EA20,Q,B1GQ_Q,XDC,_T,202405,2021-Q3,2876889024597,A,0,0,
OECD.SDD.STES:DSD_STES_REVISIONS@DF_STES_REVISIONS(4.0),EA20,Q,B1GQ_Q,XDC,_T,202408,2021-Q3,2884931535891,A,0,0,
OECD.SDD.STES:DSD_STES_REVISIONS@DF_STES_REVISIONS(4.0),EA20,Q,B1GQ_Q,XDC,_T,202407,2021-Q3,2876732824136,A,0,0,
OECD.SDD.STES:DSD_STES_REVISIONS@DF_STES_REVISIONS(4.0),EA20,Q,B1GQ_Q,XDC,_T,202406,2021-Q3,2876889024597,A,0,0,
OECD.SDD.STES:DSD_STES_REVISIONS@DF_STES_REVISIONS(4.0),EA20,Q,B1GQ_Q,XDC,_T,202409,2021-Q3,2884931535891,A,0,0,
OECD.SDD.STES:DSD_STES_REVISIONS@DF_STES_REVISIONS(4.0),EA20,Q,B1GQ_Q,XDC,_T,202506,2021-Q3,3120464116773,A,0,0,
OECD.SDD.STES:DSD_STES_REVISIONS@DF_STES_REVISIONS(4.0),EA20,Q,B1GQ_Q,XDC,_T,202507,2021-Q3,3120464116773,A,0,0,
OECD.SDD.STES:DSD_STES_REVISIONS@DF_STES_REVISIONS(4.0),EA20,Q,B1GQ_Q,XDC,_T,202509,2021-Q3,3121125635428,A,0,0,
OECD.SDD.STES:DSD_STES_REVISIONS@DF_STES_REVISIONS(4.0),EA20,Q,B1GQ_Q,XDC,_T,202504,2021-Q3,3120163112590,A,0,0,
OECD.SDD.STES:DSD_STES_REVISIONS@DF_STES_REVISIONS(4.0),EA20,Q,B1GQ_Q,XDC,_T,202505,2021-Q3,3120193991574,A,0,0,
OECD.SDD.STES:DSD_STES_REVISIONS@DF_STES_REVISIONS(4.0),EA20,Q,B1GQ_Q,XDC,_T,202503,2021-Q3,3122196152447,A,0,0,
OECD.SDD.STES:DSD_STES_REVISIONS@DF_STES_REVISIONS(4.0),EA20,Q,B1GQ_Q,XDC,_T,202501,2021-Q3,3123228980000,A,0,0,
OECD.SDD.STES:DSD_STES_REVISIONS@DF_STES_REVISIONS(4.0),EA20,Q,B1GQ_Q,XDC,_T,202502,2021-Q3,3122196152447,A,0,0,
OECD.SDD.STES:DSD_STES_REVISIONS@DF_STES_REVISIONS(4.0),EA20,Q,B1GQ_Q,XDC,_T,202411,2021-Q3,3123228980000,A,0,0,
OECD.SDD.STES:DSD_STES_REVISIONS@DF_STES_REVISIONS(4.0),EA20,Q,B1GQ_Q,XDC,_T,202412,2021-Q3,3123228980000,A,0,0,
OECD.SDD.STES:DSD_STES_REVISIONS@DF_STES_REVISIONS(4.0),EA20,Q,B1GQ_Q,XDC,_T,202602,2021-Q3,3123168583670,A,0,0,
OECD.SDD.STES:DSD_STES_REVISIONS@DF_STES_REVISIONS(4.0),EA20,Q,B1GQ_Q,XDC,_T,202604,2021-Q3,3123112038445,A,0,0,
OECD.SDD.STES:DSD_STES_REVISIONS@DF_STES_REVISIONS(4.0),EA20,Q,B1GQ_Q,XDC,_T,202601,2021-Q3,3123168583670,A,0,0,
OECD.SDD.STES:DSD_STES_REVISIONS@DF_STES_REVISIONS(4.0),EA20,Q,B1GQ_Q,XDC,_T,202512,2021-Q3,3123168583670,A,0,0,
OECD.SDD.STES:DSD_STES_REVISIONS@DF_STES_REVISIONS(4.0),EA20,Q,B1GQ_Q,XDC,_T,202510,2021-Q3,3123601332579,A,0,0,
OECD.SDD.STES:DSD_STES_REVISIONS@DF_STES_REVISIONS(4.0),EA20,Q,B1GQ_Q,XDC,_T,202511,2021-Q3,3123139293839,A,0,0,
OECD.SDD.STES:DSD_STES_REVISIONS@DF_STES_REVISIONS(4.0),EA20,Q,B1GQ_Q,XDC,_T,202508,2021-Q3,3121125635428,A,0,0,
OECD.SDD.STES:DSD_STES_REVISIONS@DF_STES_REVISIONS(4.0),EA20,Q,B1GQ_Q,XDC,_T,202401,2021-Q4,2891861783693,A,0,0,
OECD.SDD.STES:DSD_STES_REVISIONS@DF_STES_REVISIONS(4.0),EA20,Q,B1GQ_Q,XDC,_T,202402,2021-Q4,2891659004799,A,0,0,
OECD.SDD.STES:DSD_STES_REVISIONS@DF_STES_REVISIONS(4.0),EA20,Q,B1GQ_Q,XDC,_T,202403,2021-Q4,2891659004799,A,0,0,
OECD.SDD.STES:DSD_STES_REVISIONS@DF_STES_REVISIONS(4.0),EA20,Q,B1GQ_Q,XDC,_T,202404,2021-Q4,2892934238755,A,0,0,
OECD.SDD.STES:DSD_STES_REVISIONS@DF_STES_REVISIONS(4.0),EA20,Q,B1GQ_Q,XDC,_T,202405,2021-Q4,2893000655502,A,0,0,
OECD.SDD.STES:DSD_STES_REVISIONS@DF_STES_REVISIONS(4.0),EA20,Q,B1GQ_Q,XDC,_T,202408,2021-Q4,2901716613826,A,0,0,
OECD.SDD.STES:DSD_STES_REVISIONS@DF_STES_REVISIONS(4.0),EA20,Q,B1GQ_Q,XDC,_T,202407,2021-Q4,2893111237040,A,0,0,
OECD.SDD.STES:DSD_STES_REVISIONS@DF_STES_REVISIONS(4.0),EA20,Q,B1GQ_Q,XDC,_T,202406,2021-Q4,2893000655502,A,0,0,
OECD.SDD.STES:DSD_STES_REVISIONS@DF_STES_REVISIONS(4.0),EA20,Q,B1GQ_Q,XDC,_T,202409,2021-Q4,2901716613826,A,0,0,
OECD.SDD.STES:DSD_STES_REVISIONS@DF_STES_REVISIONS(4.0),EA20,Q,B1GQ_Q,XDC,_T,202506,2021-Q4,3147557661337,A,0,0,
OECD.SDD.STES:DSD_STES_REVISIONS@DF_STES_REVISIONS(4.0),EA20,Q,B1GQ_Q,XDC,_T,202507,2021-Q4,3147557661337,A,0,0,
OECD.SDD.STES:DSD_STES_REVISIONS@DF_STES_REVISIONS(4.0),EA20,Q,B1GQ_Q,XDC,_T,202509,2021-Q4,3146462569532,A,0,0,
OECD.SDD.STES:DSD_STES_REVISIONS@DF_STES_REVISIONS(4.0),EA20,Q,B1GQ_Q,XDC,_T,202504,2021-Q4,3147222404208,A,0,0,
OECD.SDD.STES:DSD_STES_REVISIONS@DF_STES_REVISIONS(4.0),EA20,Q,B1GQ_Q,XDC,_T,202505,2021-Q4,3146947861777,A,0,0,
OECD.SDD.STES:DSD_STES_REVISIONS@DF_STES_REVISIONS(4.0),EA20,Q,B1GQ_Q,XDC,_T,202503,2021-Q4,3146763547047,A,0,0,
OECD.SDD.STES:DSD_STES_REVISIONS@DF_STES_REVISIONS(4.0),EA20,Q,B1GQ_Q,XDC,_T,202501,2021-Q4,3147421709000,A,0,0,
OECD.SDD.STES:DSD_STES_REVISIONS@DF_STES_REVISIONS(4.0),EA20,Q,B1GQ_Q,XDC,_T,202502,2021-Q4,3146763547047,A,0,0,
OECD.SDD.STES:DSD_STES_REVISIONS@DF_STES_REVISIONS(4.0),EA20,Q,B1GQ_Q,XDC,_T,202411,2021-Q4,3147421709000,A,0,0,
OECD.SDD.STES:DSD_STES_REVISIONS@DF_STES_REVISIONS(4.0),EA20,Q,B1GQ_Q,XDC,_T,202412,2021-Q4,3147421709000,A,0,0,
OECD.SDD.STES:DSD_STES_REVISIONS@DF_STES_REVISIONS(4.0),EA20,Q,B1GQ_Q,XDC,_T,202602,2021-Q4,3148351574684,A,0,0,
OECD.SDD.STES:DSD_STES_REVISIONS@DF_STES_REVISIONS(4.0),EA20,Q,B1GQ_Q,XDC,_T,202604,2021-Q4,3148318302770,A,0,0,
OECD.SDD.STES:DSD_STES_REVISIONS@DF_STES_REVISIONS(4.0),EA20,Q,B1GQ_Q,XDC,_T,202601,2021-Q4,3148351574684,A,0,0,
OECD.SDD.STES:DSD_STES_REVISIONS@DF_STES_REVISIONS(4.0),EA20,Q,B1GQ_Q,XDC,_T,202510,2021-Q4,3148191611621,A,0,0,
OECD.SDD.STES:DSD_STES_REVISIONS@DF_STES_REVISIONS(4.0),EA20,Q,B1GQ_Q,XDC,_T,202512,2021-Q4,3148351574684,A,0,0,
OECD.SDD.STES:DSD_STES_REVISIONS@DF_STES_REVISIONS(4.0),EA20,Q,B1GQ_Q,XDC,_T,202511,2021-Q4,3148390761662,A,0,0,
OECD.SDD.STES:DSD_STES_REVISIONS@DF_STES_REVISIONS(4.0),EA20,Q,B1GQ_Q,XDC,_T,202508,2021-Q4,3146462569532,A,0,0,
OECD.SDD.STES:DSD_STES_REVISIONS@DF_STES_REVISIONS(4.0),EA20,Q,B1GQ_Q,XDC,_T,202402,2022-Q1,2910738108645,A,0,0,
OECD.SDD.STES:DSD_STES_REVISIONS@DF_STES_REVISIONS(4.0),EA20,Q,B1GQ_Q,XDC,_T,202401,2022-Q1,2910963806743,A,0,0,
OECD.SDD.STES:DSD_STES_REVISIONS@DF_STES_REVISIONS(4.0),EA20,Q,B1GQ_Q,XDC,_T,202403,2022-Q1,2910738108645,A,0,0,
OECD.SDD.STES:DSD_STES_REVISIONS@DF_STES_REVISIONS(4.0),EA20,Q,B1GQ_Q,XDC,_T,202404,2022-Q1,2910687613168,A,0,0,
OECD.SDD.STES:DSD_STES_REVISIONS@DF_STES_REVISIONS(4.0),EA20,Q,B1GQ_Q,XDC,_T,202405,2022-Q1,2910837656119,A,0,0,
OECD.SDD.STES:DSD_STES_REVISIONS@DF_STES_REVISIONS(4.0),EA20,Q,B1GQ_Q,XDC,_T,202408,2022-Q1,2918981243671,A,0,0,
OECD.SDD.STES:DSD_STES_REVISIONS@DF_STES_REVISIONS(4.0),EA20,Q,B1GQ_Q,XDC,_T,202407,2022-Q1,2911550820258,A,0,0,
OECD.SDD.STES:DSD_STES_REVISIONS@DF_STES_REVISIONS(4.0),EA20,Q,B1GQ_Q,XDC,_T,202406,2022-Q1,2910837656119,A,0,0,
OECD.SDD.STES:DSD_STES_REVISIONS@DF_STES_REVISIONS(4.0),EA20,Q,B1GQ_Q,XDC,_T,202409,2022-Q1,2918981243671,A,0,0,
OECD.SDD.STES:DSD_STES_REVISIONS@DF_STES_REVISIONS(4.0),EA20,Q,B1GQ_Q,XDC,_T,202506,2022-Q1,3164058761462,A,0,0,
OECD.SDD.STES:DSD_STES_REVISIONS@DF_STES_REVISIONS(4.0),EA20,Q,B1GQ_Q,XDC,_T,202507,2022-Q1,3164058761462,A,0,0,
OECD.SDD.STES:DSD_STES_REVISIONS@DF_STES_REVISIONS(4.0),EA20,Q,B1GQ_Q,XDC,_T,202509,2022-Q1,3164826966852,A,0,0,
OECD.SDD.STES:DSD_STES_REVISIONS@DF_STES_REVISIONS(4.0),EA20,Q,B1GQ_Q,XDC,_T,202504,2022-Q1,3165141846685,A,0,0,
OECD.SDD.STES:DSD_STES_REVISIONS@DF_STES_REVISIONS(4.0),EA20,Q,B1GQ_Q,XDC,_T,202505,2022-Q1,3164661994930,A,0,0,
OECD.SDD.STES:DSD_STES_REVISIONS@DF_STES_REVISIONS(4.0),EA20,Q,B1GQ_Q,XDC,_T,202503,2022-Q1,3163268094326,A,0,0,
OECD.SDD.STES:DSD_STES_REVISIONS@DF_STES_REVISIONS(4.0),EA20,Q,B1GQ_Q,XDC,_T,202501,2022-Q1,3164703542000,A,0,0,
OECD.SDD.STES:DSD_STES_REVISIONS@DF_STES_REVISIONS(4.0),EA20,Q,B1GQ_Q,XDC,_T,202502,2022-Q1,3163268094326,A,0,0,
OECD.SDD.STES:DSD_STES_REVISIONS@DF_STES_REVISIONS(4.0),EA20,Q,B1GQ_Q,XDC,_T,202411,2022-Q1,3164703542000,A,0,0,
OECD.SDD.STES:DSD_STES_REVISIONS@DF_STES_REVISIONS(4.0),EA20,Q,B1GQ_Q,XDC,_T,202412,2022-Q1,3164703542000,A,0,0,
OECD.SDD.STES:DSD_STES_REVISIONS@DF_STES_REVISIONS(4.0),EA20,Q,B1GQ_Q,XDC,_T,202602,2022-Q1,3171400728409,A,0,0,
OECD.SDD.STES:DSD_STES_REVISIONS@DF_STES_REVISIONS(4.0),EA20,Q,B1GQ_Q,XDC,_T,202604,2022-Q1,3171778505716,A,0,0,
OECD.SDD.STES:DSD_STES_REVISIONS@DF_STES_REVISIONS(4.0),EA20,Q,B1GQ_Q,XDC,_T,202601,2022-Q1,3171400728409,A,0,0,
OECD.SDD.STES:DSD_STES_REVISIONS@DF_STES_REVISIONS(4.0),EA20,Q,B1GQ_Q,XDC,_T,202512,2022-Q1,3171400728409,A,0,0,
OECD.SDD.STES:DSD_STES_REVISIONS@DF_STES_REVISIONS(4.0),EA20,Q,B1GQ_Q,XDC,_T,202510,2022-Q1,3170843707122,A,0,0,
OECD.SDD.STES:DSD_STES_REVISIONS@DF_STES_REVISIONS(4.0),EA20,Q,B1GQ_Q,XDC,_T,202511,2022-Q1,3171481737755,A,0,0,
OECD.SDD.STES:DSD_STES_REVISIONS@DF_STES_REVISIONS(4.0),EA20,Q,B1GQ_Q,XDC,_T,202508,2022-Q1,3164826966852,A,0,0,
OECD.SDD.STES:DSD_STES_REVISIONS@DF_STES_REVISIONS(4.0),EA20,Q,B1GQ_Q,XDC,_T,202401,2022-Q2,2934463196466,A,0,0,
OECD.SDD.STES:DSD_STES_REVISIONS@DF_STES_REVISIONS(4.0),EA20,Q,B1GQ_Q,XDC,_T,202402,2022-Q2,2934241989509,A,0,0,
OECD.SDD.STES:DSD_STES_REVISIONS@DF_STES_REVISIONS(4.0),EA20,Q,B1GQ_Q,XDC,_T,202403,2022-Q2,2934241989509,A,0,0,
OECD.SDD.STES:DSD_STES_REVISIONS@DF_STES_REVISIONS(4.0),EA20,Q,B1GQ_Q,XDC,_T,202404,2022-Q2,2934450593211,A,0,0,
OECD.SDD.STES:DSD_STES_REVISIONS@DF_STES_REVISIONS(4.0),EA20,Q,B1GQ_Q,XDC,_T,202405,2022-Q2,2934539068341,A,0,0,
OECD.SDD.STES:DSD_STES_REVISIONS@DF_STES_REVISIONS(4.0),EA20,Q,B1GQ_Q,XDC,_T,202408,2022-Q2,2944906134508,A,0,0,
OECD.SDD.STES:DSD_STES_REVISIONS@DF_STES_REVISIONS(4.0),EA20,Q,B1GQ_Q,XDC,_T,202407,2022-Q2,2934671897923,A,0,0,
OECD.SDD.STES:DSD_STES_REVISIONS@DF_STES_REVISIONS(4.0),EA20,Q,B1GQ_Q,XDC,_T,202406,2022-Q2,2934539068341,A,0,0,
OECD.SDD.STES:DSD_STES_REVISIONS@DF_STES_REVISIONS(4.0),EA20,Q,B1GQ_Q,XDC,_T,202409,2022-Q2,2944906134508,A,0,0,
OECD.SDD.STES:DSD_STES_REVISIONS@DF_STES_REVISIONS(4.0),EA20,Q,B1GQ_Q,XDC,_T,202506,2022-Q2,3193586338376,A,0,0,
OECD.SDD.STES:DSD_STES_REVISIONS@DF_STES_REVISIONS(4.0),EA20,Q,B1GQ_Q,XDC,_T,202507,2022-Q2,3193586338376,A,0,0,
OECD.SDD.STES:DSD_STES_REVISIONS@DF_STES_REVISIONS(4.0),EA20,Q,B1GQ_Q,XDC,_T,202509,2022-Q2,3193000715588,A,0,0,
OECD.SDD.STES:DSD_STES_REVISIONS@DF_STES_REVISIONS(4.0),EA20,Q,B1GQ_Q,XDC,_T,202504,2022-Q2,3193463631462,A,0,0,
OECD.SDD.STES:DSD_STES_REVISIONS@DF_STES_REVISIONS(4.0),EA20,Q,B1GQ_Q,XDC,_T,202505,2022-Q2,3193040915984,A,0,0,
OECD.SDD.STES:DSD_STES_REVISIONS@DF_STES_REVISIONS(4.0),EA20,Q,B1GQ_Q,XDC,_T,202503,2022-Q2,3192195372945,A,0,0,
OECD.SDD.STES:DSD_STES_REVISIONS@DF_STES_REVISIONS(4.0),EA20,Q,B1GQ_Q,XDC,_T,202501,2022-Q2,3192350995000,A,0,0,
OECD.SDD.STES:DSD_STES_REVISIONS@DF_STES_REVISIONS(4.0),EA20,Q,B1GQ_Q,XDC,_T,202502,2022-Q2,3192195372945,A,0,0,
OECD.SDD.STES:DSD_STES_REVISIONS@DF_STES_REVISIONS(4.0),EA20,Q,B1GQ_Q,XDC,_T,202411,2022-Q2,3192350995000,A,0,0,
OECD.SDD.STES:DSD_STES_REVISIONS@DF_STES_REVISIONS(4.0),EA20,Q,B1GQ_Q,XDC,_T,202412,2022-Q2,3192350995000,A,0,0,
OECD.SDD.STES:DSD_STES_REVISIONS@DF_STES_REVISIONS(4.0),EA20,Q,B1GQ_Q,XDC,_T,202602,2022-Q2,3201210873234,A,0,0,
OECD.SDD.STES:DSD_STES_REVISIONS@DF_STES_REVISIONS(4.0),EA20,Q,B1GQ_Q,XDC,_T,202604,2022-Q2,3201012347838,A,0,0,
OECD.SDD.STES:DSD_STES_REVISIONS@DF_STES_REVISIONS(4.0),EA20,Q,B1GQ_Q,XDC,_T,202601,2022-Q2,3201210873234,A,0,0,
OECD.SDD.STES:DSD_STES_REVISIONS@DF_STES_REVISIONS(4.0),EA20,Q,B1GQ_Q,XDC,_T,202510,2022-Q2,3200437365547,A,0,0,
OECD.SDD.STES:DSD_STES_REVISIONS@DF_STES_REVISIONS(4.0),EA20,Q,B1GQ_Q,XDC,_T,202512,2022-Q2,3201210873234,A,0,0,
OECD.SDD.STES:DSD_STES_REVISIONS@DF_STES_REVISIONS(4.0),EA20,Q,B1GQ_Q,XDC,_T,202511,2022-Q2,3201176110880,A,0,0,
OECD.SDD.STES:DSD_STES_REVISIONS@DF_STES_REVISIONS(4.0),EA20,Q,B1GQ_Q,XDC,_T,202508,2022-Q2,3193000715588,A,0,0,
OECD.SDD.STES:DSD_STES_REVISIONS@DF_STES_REVISIONS(4.0),EA20,Q,B1GQ_Q,XDC,_T,202402,2022-Q3,2947834531451,A,0,0,
OECD.SDD.STES:DSD_STES_REVISIONS@DF_STES_REVISIONS(4.0),EA20,Q,B1GQ_Q,XDC,_T,202401,2022-Q3,2947935917292,A,0,0,
OECD.SDD.STES:DSD_STES_REVISIONS@DF_STES_REVISIONS(4.0),EA20,Q,B1GQ_Q,XDC,_T,202403,2022-Q3,2947834531451,A,0,0,
OECD.SDD.STES:DSD_STES_REVISIONS@DF_STES_REVISIONS(4.0),EA20,Q,B1GQ_Q,XDC,_T,202404,2022-Q3,2948168981409,A,0,0,
OECD.SDD.STES:DSD_STES_REVISIONS@DF_STES_REVISIONS(4.0),EA20,Q,B1GQ_Q,XDC,_T,202405,2022-Q3,2948204209987,A,0,0,
OECD.SDD.STES:DSD_STES_REVISIONS@DF_STES_REVISIONS(4.0),EA20,Q,B1GQ_Q,XDC,_T,202408,2022-Q3,2958150329205,A,0,0,
OECD.SDD.STES:DSD_STES_REVISIONS@DF_STES_REVISIONS(4.0),EA20,Q,B1GQ_Q,XDC,_T,202407,2022-Q3,2948189933100,A,0,0,
OECD.SDD.STES:DSD_STES_REVISIONS@DF_STES_REVISIONS(4.0),EA20,Q,B1GQ_Q,XDC,_T,202406,2022-Q3,2948204209987,A,0,0,
OECD.SDD.STES:DSD_STES_REVISIONS@DF_STES_REVISIONS(4.0),EA20,Q,B1GQ_Q,XDC,_T,202409,2022-Q3,2958150329205,A,0,0,
OECD.SDD.STES:DSD_STES_REVISIONS@DF_STES_REVISIONS(4.0),EA20,Q,B1GQ_Q,XDC,_T,202506,2022-Q3,3211750542228,A,0,0,
OECD.SDD.STES:DSD_STES_REVISIONS@DF_STES_REVISIONS(4.0),EA20,Q,B1GQ_Q,XDC,_T,202507,2022-Q3,3211750542228,A,0,0,
OECD.SDD.STES:DSD_STES_REVISIONS@DF_STES_REVISIONS(4.0),EA20,Q,B1GQ_Q,XDC,_T,202509,2022-Q3,3210207919444,A,0,0,
OECD.SDD.STES:DSD_STES_REVISIONS@DF_STES_REVISIONS(4.0),EA20,Q,B1GQ_Q,XDC,_T,202504,2022-Q3,3211360470812,A,0,0,
OECD.SDD.STES:DSD_STES_REVISIONS@DF_STES_REVISIONS(4.0),EA20,Q,B1GQ_Q,XDC,_T,202505,2022-Q3,3210968809978,A,0,0,
OECD.SDD.STES:DSD_STES_REVISIONS@DF_STES_REVISIONS(4.0),EA20,Q,B1GQ_Q,XDC,_T,202503,2022-Q3,3211279936058,A,0,0,
OECD.SDD.STES:DSD_STES_REVISIONS@DF_STES_REVISIONS(4.0),EA20,Q,B1GQ_Q,XDC,_T,202501,2022-Q3,3211532060000,A,0,0,
OECD.SDD.STES:DSD_STES_REVISIONS@DF_STES_REVISIONS(4.0),EA20,Q,B1GQ_Q,XDC,_T,202502,2022-Q3,3211279936058,A,0,0,
OECD.SDD.STES:DSD_STES_REVISIONS@DF_STES_REVISIONS(4.0),EA20,Q,B1GQ_Q,XDC,_T,202411,2022-Q3,3211532060000,A,0,0,
OECD.SDD.STES:DSD_STES_REVISIONS@DF_STES_REVISIONS(4.0),EA20,Q,B1GQ_Q,XDC,_T,202412,2022-Q3,3211532060000,A,0,0,
OECD.SDD.STES:DSD_STES_REVISIONS@DF_STES_REVISIONS(4.0),EA20,Q,B1GQ_Q,XDC,_T,202602,2022-Q3,3215589129184,A,0,0,
OECD.SDD.STES:DSD_STES_REVISIONS@DF_STES_REVISIONS(4.0),EA20,Q,B1GQ_Q,XDC,_T,202604,2022-Q3,3215574889315,A,0,0,
OECD.SDD.STES:DSD_STES_REVISIONS@DF_STES_REVISIONS(4.0),EA20,Q,B1GQ_Q,XDC,_T,202601,2022-Q3,3215589129184,A,0,0,
OECD.SDD.STES:DSD_STES_REVISIONS@DF_STES_REVISIONS(4.0),EA20,Q,B1GQ_Q,XDC,_T,202512,2022-Q3,3215589129184,A,0,0,
OECD.SDD.STES:DSD_STES_REVISIONS@DF_STES_REVISIONS(4.0),EA20,Q,B1GQ_Q,XDC,_T,202510,2022-Q3,3215269368238,A,0,0,
OECD.SDD.STES:DSD_STES_REVISIONS@DF_STES_REVISIONS(4.0),EA20,Q,B1GQ_Q,XDC,_T,202511,2022-Q3,3215462169712,A,0,0,
OECD.SDD.STES:DSD_STES_REVISIONS@DF_STES_REVISIONS(4.0),EA20,Q,B1GQ_Q,XDC,_T,202508,2022-Q3,3210207919444,A,0,0,
OECD.SDD.STES:DSD_STES_REVISIONS@DF_STES_REVISIONS(4.0),EA20,Q,B1GQ_Q,XDC,_T,202401,2022-Q4,2945290232332,A,0,0,
OECD.SDD.STES:DSD_STES_REVISIONS@DF_STES_REVISIONS(4.0),EA20,Q,B1GQ_Q,XDC,_T,202402,2022-Q4,2945197909513,A,0,0,
OECD.SDD.STES:DSD_STES_REVISIONS@DF_STES_REVISIONS(4.0),EA20,Q,B1GQ_Q,XDC,_T,202403,2022-Q4,2945197909513,A,0,0,
OECD.SDD.STES:DSD_STES_REVISIONS@DF_STES_REVISIONS(4.0),EA20,Q,B1GQ_Q,XDC,_T,202404,2022-Q4,2947982025464,A,0,0,
OECD.SDD.STES:DSD_STES_REVISIONS@DF_STES_REVISIONS(4.0),EA20,Q,B1GQ_Q,XDC,_T,202405,2022-Q4,2947951378093,A,0,0,
OECD.SDD.STES:DSD_STES_REVISIONS@DF_STES_REVISIONS(4.0),EA20,Q,B1GQ_Q,XDC,_T,202408,2022-Q4,2956022497351,A,0,0,
OECD.SDD.STES:DSD_STES_REVISIONS@DF_STES_REVISIONS(4.0),EA20,Q,B1GQ_Q,XDC,_T,202407,2022-Q4,2947205689556,A,0,0,
OECD.SDD.STES:DSD_STES_REVISIONS@DF_STES_REVISIONS(4.0),EA20,Q,B1GQ_Q,XDC,_T,202406,2022-Q4,2947951378093,A,0,0,
OECD.SDD.STES:DSD_STES_REVISIONS@DF_STES_REVISIONS(4.0),EA20,Q,B1GQ_Q,XDC,_T,202409,2022-Q4,2956022497351,A,0,0,
OECD.SDD.STES:DSD_STES_REVISIONS@DF_STES_REVISIONS(4.0),EA20,Q,B1GQ_Q,XDC,_T,202506,2022-Q4,3211014176744,A,0,0,
OECD.SDD.STES:DSD_STES_REVISIONS@DF_STES_REVISIONS(4.0),EA20,Q,B1GQ_Q,XDC,_T,202507,2022-Q4,3211014176744,A,0,0,
OECD.SDD.STES:DSD_STES_REVISIONS@DF_STES_REVISIONS(4.0),EA20,Q,B1GQ_Q,XDC,_T,202509,2022-Q4,3207285219235,A,0,0,
OECD.SDD.STES:DSD_STES_REVISIONS@DF_STES_REVISIONS(4.0),EA20,Q,B1GQ_Q,XDC,_T,202504,2022-Q4,3208368158333,A,0,0,
OECD.SDD.STES:DSD_STES_REVISIONS@DF_STES_REVISIONS(4.0),EA20,Q,B1GQ_Q,XDC,_T,202505,2022-Q4,3207804342392,A,0,0,
OECD.SDD.STES:DSD_STES_REVISIONS@DF_STES_REVISIONS(4.0),EA20,Q,B1GQ_Q,XDC,_T,202503,2022-Q4,3208413337000,A,0,0,
OECD.SDD.STES:DSD_STES_REVISIONS@DF_STES_REVISIONS(4.0),EA20,Q,B1GQ_Q,XDC,_T,202501,2022-Q4,3208260218000,A,0,0,
OECD.SDD.STES:DSD_STES_REVISIONS@DF_STES_REVISIONS(4.0),EA20,Q,B1GQ_Q,XDC,_T,202502,2022-Q4,3208413337000,A,0,0,
OECD.SDD.STES:DSD_STES_REVISIONS@DF_STES_REVISIONS(4.0),EA20,Q,B1GQ_Q,XDC,_T,202411,2022-Q4,3208260218000,A,0,0,
OECD.SDD.STES:DSD_STES_REVISIONS@DF_STES_REVISIONS(4.0),EA20,Q,B1GQ_Q,XDC,_T,202412,2022-Q4,3208260218000,A,0,0,
OECD.SDD.STES:DSD_STES_REVISIONS@DF_STES_REVISIONS(4.0),EA20,Q,B1GQ_Q,XDC,_T,202602,2022-Q4,3213935916612,A,0,0,
OECD.SDD.STES:DSD_STES_REVISIONS@DF_STES_REVISIONS(4.0),EA20,Q,B1GQ_Q,XDC,_T,202604,2022-Q4,3213768263086,A,0,0,
OECD.SDD.STES:DSD_STES_REVISIONS@DF_STES_REVISIONS(4.0),EA20,Q,B1GQ_Q,XDC,_T,202601,2022-Q4,3213935916612,A,0,0,
OECD.SDD.STES:DSD_STES_REVISIONS@DF_STES_REVISIONS(4.0),EA20,Q,B1GQ_Q,XDC,_T,202510,2022-Q4,3213848002612,A,0,0,
OECD.SDD.STES:DSD_STES_REVISIONS@DF_STES_REVISIONS(4.0),EA20,Q,B1GQ_Q,XDC,_T,202512,2022-Q4,3213935916612,A,0,0,
OECD.SDD.STES:DSD_STES_REVISIONS@DF_STES_REVISIONS(4.0),EA20,Q,B1GQ_Q,XDC,_T,202511,2022-Q4,3213910506231,A,0,0,
OECD.SDD.STES:DSD_STES_REVISIONS@DF_STES_REVISIONS(4.0),EA20,Q,B1GQ_Q,XDC,_T,202508,2022-Q4,3207285219235,A,0,0,
OECD.SDD.STES:DSD_STES_REVISIONS@DF_STES_REVISIONS(4.0),EA20,Q,B1GQ_Q,XDC,_T,202402,2023-Q1,2947960351650,A,0,0,
OECD.SDD.STES:DSD_STES_REVISIONS@DF_STES_REVISIONS(4.0),EA20,Q,B1GQ_Q,XDC,_T,202401,2023-Q1,2948080838345,A,0,0,
OECD.SDD.STES:DSD_STES_REVISIONS@DF_STES_REVISIONS(4.0),EA20,Q,B1GQ_Q,XDC,_T,202403,2023-Q1,2947960351650,A,0,0,
OECD.SDD.STES:DSD_STES_REVISIONS@DF_STES_REVISIONS(4.0),EA20,Q,B1GQ_Q,XDC,_T,202404,2023-Q1,2949345208998,A,0,0,
OECD.SDD.STES:DSD_STES_REVISIONS@DF_STES_REVISIONS(4.0),EA20,Q,B1GQ_Q,XDC,_T,202405,2023-Q1,2949180333383,A,0,0,
OECD.SDD.STES:DSD_STES_REVISIONS@DF_STES_REVISIONS(4.0),EA20,Q,B1GQ_Q,XDC,_T,202408,2023-Q1,2956250797332,A,0,0,
OECD.SDD.STES:DSD_STES_REVISIONS@DF_STES_REVISIONS(4.0),EA20,Q,B1GQ_Q,XDC,_T,202407,2023-Q1,2949898663771,A,0,0,
OECD.SDD.STES:DSD_STES_REVISIONS@DF_STES_REVISIONS(4.0),EA20,Q,B1GQ_Q,XDC,_T,202406,2023-Q1,2949180333383,A,0,0,
OECD.SDD.STES:DSD_STES_REVISIONS@DF_STES_REVISIONS(4.0),EA20,Q,B1GQ_Q,XDC,_T,202409,2023-Q1,2956250797332,A,0,0,
OECD.SDD.STES:DSD_STES_REVISIONS@DF_STES_REVISIONS(4.0),EA20,Q,B1GQ_Q,XDC,_T,202506,2023-Q1,3210004764715,A,0,0,
OECD.SDD.STES:DSD_STES_REVISIONS@DF_STES_REVISIONS(4.0),EA20,Q,B1GQ_Q,XDC,_T,202507,2023-Q1,3210004764715,A,0,0,
OECD.SDD.STES:DSD_STES_REVISIONS@DF_STES_REVISIONS(4.0),EA20,Q,B1GQ_Q,XDC,_T,202509,2023-Q1,3211165419970,A,0,0,
OECD.SDD.STES:DSD_STES_REVISIONS@DF_STES_REVISIONS(4.0),EA20,Q,B1GQ_Q,XDC,_T,202504,2023-Q1,3208987773159,A,0,0,
OECD.SDD.STES:DSD_STES_REVISIONS@DF_STES_REVISIONS(4.0),EA20,Q,B1GQ_Q,XDC,_T,202505,2023-Q1,3208505459814,A,0,0,
OECD.SDD.STES:DSD_STES_REVISIONS@DF_STES_REVISIONS(4.0),EA20,Q,B1GQ_Q,XDC,_T,202503,2023-Q1,3207766229188,A,0,0,
OECD.SDD.STES:DSD_STES_REVISIONS@DF_STES_REVISIONS(4.0),EA20,Q,B1GQ_Q,XDC,_T,202501,2023-Q1,3208038939000,A,0,0,
OECD.SDD.STES:DSD_STES_REVISIONS@DF_STES_REVISIONS(4.0),EA20,Q,B1GQ_Q,XDC,_T,202502,2023-Q1,3207766229188,A,0,0,
OECD.SDD.STES:DSD_STES_REVISIONS@DF_STES_REVISIONS(4.0),EA20,Q,B1GQ_Q,XDC,_T,202411,2023-Q1,3208038939000,A,0,0,
OECD.SDD.STES:DSD_STES_REVISIONS@DF_STES_REVISIONS(4.0),EA20,Q,B1GQ_Q,XDC,_T,202412,2023-Q1,3208038939000,A,0,0,
OECD.SDD.STES:DSD_STES_REVISIONS@DF_STES_REVISIONS(4.0),EA20,Q,B1GQ_Q,XDC,_T,202602,2023-Q1,3213360905666,A,0,0,
OECD.SDD.STES:DSD_STES_REVISIONS@DF_STES_REVISIONS(4.0),EA20,Q,B1GQ_Q,XDC,_T,202604,2023-Q1,3213033606307,A,0,0,
OECD.SDD.STES:DSD_STES_REVISIONS@DF_STES_REVISIONS(4.0),EA20,Q,B1GQ_Q,XDC,_T,202601,2023-Q1,3213360905666,A,0,0,
OECD.SDD.STES:DSD_STES_REVISIONS@DF_STES_REVISIONS(4.0),EA20,Q,B1GQ_Q,XDC,_T,202512,2023-Q1,3213360905666,A,0,0,
OECD.SDD.STES:DSD_STES_REVISIONS@DF_STES_REVISIONS(4.0),EA20,Q,B1GQ_Q,XDC,_T,202510,2023-Q1,3211973171259,A,0,0,
OECD.SDD.STES:DSD_STES_REVISIONS@DF_STES_REVISIONS(4.0),EA20,Q,B1GQ_Q,XDC,_T,202511,2023-Q1,3213494798318,A,0,0,
OECD.SDD.STES:DSD_STES_REVISIONS@DF_STES_REVISIONS(4.0),EA20,Q,B1GQ_Q,XDC,_T,202508,2023-Q1,3211165419970,A,0,0,
OECD.SDD.STES:DSD_STES_REVISIONS@DF_STES_REVISIONS(4.0),EA20,Q,B1GQ_Q,XDC,_T,202401,2023-Q2,2952063480835,A,0,0,
OECD.SDD.STES:DSD_STES_REVISIONS@DF_STES_REVISIONS(4.0),EA20,Q,B1GQ_Q,XDC,_T,202402,2023-Q2,2951869967295,A,0,0,
OECD.SDD.STES:DSD_STES_REVISIONS@DF_STES_REVISIONS(4.0),EA20,Q,B1GQ_Q,XDC,_T,202403,2023-Q2,2951869967295,A,0,0,
OECD.SDD.STES:DSD_STES_REVISIONS@DF_STES_REVISIONS(4.0),EA20,Q,B1GQ_Q,XDC,_T,202404,2023-Q2,2953265069962,A,0,0,
OECD.SDD.STES:DSD_STES_REVISIONS@DF_STES_REVISIONS(4.0),EA20,Q,B1GQ_Q,XDC,_T,202405,2023-Q2,2953377061083,A,0,0,
OECD.SDD.STES:DSD_STES_REVISIONS@DF_STES_REVISIONS(4.0),EA20,Q,B1GQ_Q,XDC,_T,202408,2023-Q2,2960200705668,A,0,0,
OECD.SDD.STES:DSD_STES_REVISIONS@DF_STES_REVISIONS(4.0),EA20,Q,B1GQ_Q,XDC,_T,202407,2023-Q2,2953353316993,A,0,0,
OECD.SDD.STES:DSD_STES_REVISIONS@DF_STES_REVISIONS(4.0),EA20,Q,B1GQ_Q,XDC,_T,202406,2023-Q2,2953377061083,A,0,0,
OECD.SDD.STES:DSD_STES_REVISIONS@DF_STES_REVISIONS(4.0),EA20,Q,B1GQ_Q,XDC,_T,202409,2023-Q2,2960200705668,A,0,0,
OECD.SDD.STES:DSD_STES_REVISIONS@DF_STES_REVISIONS(4.0),EA20,Q,B1GQ_Q,XDC,_T,202506,2023-Q2,3215364675496,A,0,0,
OECD.SDD.STES:DSD_STES_REVISIONS@DF_STES_REVISIONS(4.0),EA20,Q,B1GQ_Q,XDC,_T,202507,2023-Q2,3215364675496,A,0,0,
OECD.SDD.STES:DSD_STES_REVISIONS@DF_STES_REVISIONS(4.0),EA20,Q,B1GQ_Q,XDC,_T,202509,2023-Q2,3216886453856,A,0,0,
OECD.SDD.STES:DSD_STES_REVISIONS@DF_STES_REVISIONS(4.0),EA20,Q,B1GQ_Q,XDC,_T,202504,2023-Q2,3211484287386,A,0,0,
OECD.SDD.STES:DSD_STES_REVISIONS@DF_STES_REVISIONS(4.0),EA20,Q,B1GQ_Q,XDC,_T,202505,2023-Q2,3210970550249,A,0,0,
OECD.SDD.STES:DSD_STES_REVISIONS@DF_STES_REVISIONS(4.0),EA20,Q,B1GQ_Q,XDC,_T,202503,2023-Q2,3210256810514,A,0,0,
OECD.SDD.STES:DSD_STES_REVISIONS@DF_STES_REVISIONS(4.0),EA20,Q,B1GQ_Q,XDC,_T,202501,2023-Q2,3209706834000,A,0,0,
OECD.SDD.STES:DSD_STES_REVISIONS@DF_STES_REVISIONS(4.0),EA20,Q,B1GQ_Q,XDC,_T,202502,2023-Q2,3210256810514,A,0,0,
OECD.SDD.STES:DSD_STES_REVISIONS@DF_STES_REVISIONS(4.0),EA20,Q,B1GQ_Q,XDC,_T,202411,2023-Q2,3209706834000,A,0,0,
OECD.SDD.STES:DSD_STES_REVISIONS@DF_STES_REVISIONS(4.0),EA20,Q,B1GQ_Q,XDC,_T,202412,2023-Q2,3209706834000,A,0,0,
OECD.SDD.STES:DSD_STES_REVISIONS@DF_STES_REVISIONS(4.0),EA20,Q,B1GQ_Q,XDC,_T,202602,2023-Q2,3219815998994,A,0,0,
OECD.SDD.STES:DSD_STES_REVISIONS@DF_STES_REVISIONS(4.0),EA20,Q,B1GQ_Q,XDC,_T,202604,2023-Q2,3218927143949,A,0,0,
OECD.SDD.STES:DSD_STES_REVISIONS@DF_STES_REVISIONS(4.0),EA20,Q,B1GQ_Q,XDC,_T,202601,2023-Q2,3219815998994,A,0,0,
OECD.SDD.STES:DSD_STES_REVISIONS@DF_STES_REVISIONS(4.0),EA20,Q,B1GQ_Q,XDC,_T,202510,2023-Q2,3218451428158,A,0,0,
OECD.SDD.STES:DSD_STES_REVISIONS@DF_STES_REVISIONS(4.0),EA20,Q,B1GQ_Q,XDC,_T,202512,2023-Q2,3219815998994,A,0,0,
OECD.SDD.STES:DSD_STES_REVISIONS@DF_STES_REVISIONS(4.0),EA20,Q,B1GQ_Q,XDC,_T,202511,2023-Q2,3219833040303,A,0,0,
OECD.SDD.STES:DSD_STES_REVISIONS@DF_STES_REVISIONS(4.0),EA20,Q,B1GQ_Q,XDC,_T,202508,2023-Q2,3216886453856,A,0,0,
OECD.SDD.STES:DSD_STES_REVISIONS@DF_STES_REVISIONS(4.0),EA20,Q,B1GQ_Q,XDC,_T,202402,2023-Q3,2948233845895,A,0,0,
OECD.SDD.STES:DSD_STES_REVISIONS@DF_STES_REVISIONS(4.0),EA20,Q,B1GQ_Q,XDC,_T,202401,2023-Q3,2948728288252,A,0,0,
OECD.SDD.STES:DSD_STES_REVISIONS@DF_STES_REVISIONS(4.0),EA20,Q,B1GQ_Q,XDC,_T,202403,2023-Q3,2948233845895,A,0,0,
OECD.SDD.STES:DSD_STES_REVISIONS@DF_STES_REVISIONS(4.0),EA20,Q,B1GQ_Q,XDC,_T,202404,2023-Q3,2951465044617,A,0,0,
OECD.SDD.STES:DSD_STES_REVISIONS@DF_STES_REVISIONS(4.0),EA20,Q,B1GQ_Q,XDC,_T,202405,2023-Q3,2951661970260,A,0,0,
OECD.SDD.STES:DSD_STES_REVISIONS@DF_STES_REVISIONS(4.0),EA20,Q,B1GQ_Q,XDC,_T,202408,2023-Q3,2961415311337,A,0,0,
OECD.SDD.STES:DSD_STES_REVISIONS@DF_STES_REVISIONS(4.0),EA20,Q,B1GQ_Q,XDC,_T,202407,2023-Q3,2953787447307,A,0,0,
OECD.SDD.STES:DSD_STES_REVISIONS@DF_STES_REVISIONS(4.0),EA20,Q,B1GQ_Q,XDC,_T,202406,2023-Q3,2951661970260,A,0,0,
OECD.SDD.STES:DSD_STES_REVISIONS@DF_STES_REVISIONS(4.0),EA20,Q,B1GQ_Q,XDC,_T,202409,2023-Q3,2961415311337,A,0,0,
OECD.SDD.STES:DSD_STES_REVISIONS@DF_STES_REVISIONS(4.0),EA20,Q,B1GQ_Q,XDC,_T,202506,2023-Q3,3216276281699,A,0,0,
OECD.SDD.STES:DSD_STES_REVISIONS@DF_STES_REVISIONS(4.0),EA20,Q,B1GQ_Q,XDC,_T,202507,2023-Q3,3216276281699,A,0,0,
OECD.SDD.STES:DSD_STES_REVISIONS@DF_STES_REVISIONS(4.0),EA20,Q,B1GQ_Q,XDC,_T,202509,2023-Q3,3216486134009,A,0,0,
OECD.SDD.STES:DSD_STES_REVISIONS@DF_STES_REVISIONS(4.0),EA20,Q,B1GQ_Q,XDC,_T,202504,2023-Q3,3211313086426,A,0,0,
OECD.SDD.STES:DSD_STES_REVISIONS@DF_STES_REVISIONS(4.0),EA20,Q,B1GQ_Q,XDC,_T,202505,2023-Q3,3211162707314,A,0,0,
OECD.SDD.STES:DSD_STES_REVISIONS@DF_STES_REVISIONS(4.0),EA20,Q,B1GQ_Q,XDC,_T,202503,2023-Q3,3210399239667,A,0,0,
OECD.SDD.STES:DSD_STES_REVISIONS@DF_STES_REVISIONS(4.0),EA20,Q,B1GQ_Q,XDC,_T,202501,2023-Q3,3211255933000,A,0,0,
OECD.SDD.STES:DSD_STES_REVISIONS@DF_STES_REVISIONS(4.0),EA20,Q,B1GQ_Q,XDC,_T,202502,2023-Q3,3210399239667,A,0,0,
OECD.SDD.STES:DSD_STES_REVISIONS@DF_STES_REVISIONS(4.0),EA20,Q,B1GQ_Q,XDC,_T,202411,2023-Q3,3211255933000,A,0,0,
OECD.SDD.STES:DSD_STES_REVISIONS@DF_STES_REVISIONS(4.0),EA20,Q,B1GQ_Q,XDC,_T,202412,2023-Q3,3211255933000,A,0,0,
OECD.SDD.STES:DSD_STES_REVISIONS@DF_STES_REVISIONS(4.0),EA20,Q,B1GQ_Q,XDC,_T,202602,2023-Q3,3219216248835,A,0,0,
OECD.SDD.STES:DSD_STES_REVISIONS@DF_STES_REVISIONS(4.0),EA20,Q,B1GQ_Q,XDC,_T,202604,2023-Q3,3218829727337,A,0,0,
OECD.SDD.STES:DSD_STES_REVISIONS@DF_STES_REVISIONS(4.0),EA20,Q,B1GQ_Q,XDC,_T,202601,2023-Q3,3219216248835,A,0,0,
OECD.SDD.STES:DSD_STES_REVISIONS@DF_STES_REVISIONS(4.0),EA20,Q,B1GQ_Q,XDC,_T,202512,2023-Q3,3219216248835,A,0,0,
OECD.SDD.STES:DSD_STES_REVISIONS@DF_STES_REVISIONS(4.0),EA20,Q,B1GQ_Q,XDC,_T,202510,2023-Q3,3217106747288,A,0,0,
OECD.SDD.STES:DSD_STES_REVISIONS@DF_STES_REVISIONS(4.0),EA20,Q,B1GQ_Q,XDC,_T,202511,2023-Q3,3218876989284,A,0,0,
OECD.SDD.STES:DSD_STES_REVISIONS@DF_STES_REVISIONS(4.0),EA20,Q,B1GQ_Q,XDC,_T,202508,2023-Q3,3216486134009,A,0,0,
OECD.SDD.STES:DSD_STES_REVISIONS@DF_STES_REVISIONS(4.0),EA20,Q,B1GQ_Q,XDC,_T,202402,2023-Q4,2949134332332,A,0,0,
OECD.SDD.STES:DSD_STES_REVISIONS@DF_STES_REVISIONS(4.0),EA20,Q,B1GQ_Q,XDC,_T,202403,2023-Q4,2949422517958,A,0,0,
OECD.SDD.STES:DSD_STES_REVISIONS@DF_STES_REVISIONS(4.0),EA20,Q,B1GQ_Q,XDC,_T,202404,2023-Q4,2950076094734,A,0,0,
OECD.SDD.STES:DSD_STES_REVISIONS@DF_STES_REVISIONS(4.0),EA20,Q,B1GQ_Q,XDC,_T,202405,2023-Q4,2950091613990,A,0,0,
OECD.SDD.STES:DSD_STES_REVISIONS@DF_STES_REVISIONS(4.0),EA20,Q,B1GQ_Q,XDC,_T,202408,2023-Q4,2961562589830,A,0,0,
OECD.SDD.STES:DSD_STES_REVISIONS@DF_STES_REVISIONS(4.0),EA20,Q,B1GQ_Q,XDC,_T,202407,2023-Q4,2951953137943,A,0,0,
OECD.SDD.STES:DSD_STES_REVISIONS@DF_STES_REVISIONS(4.0),EA20,Q,B1GQ_Q,XDC,_T,202406,2023-Q4,2950091613990,A,0,0,
OECD.SDD.STES:DSD_STES_REVISIONS@DF_STES_REVISIONS(4.0),EA20,Q,B1GQ_Q,XDC,_T,202409,2023-Q4,2961562589830,A,0,0,
OECD.SDD.STES:DSD_STES_REVISIONS@DF_STES_REVISIONS(4.0),EA20,Q,B1GQ_Q,XDC,_T,202506,2023-Q4,3218275579270,A,0,0,
OECD.SDD.STES:DSD_STES_REVISIONS@DF_STES_REVISIONS(4.0),EA20,Q,B1GQ_Q,XDC,_T,202507,2023-Q4,3218275579270,A,0,0,
OECD.SDD.STES:DSD_STES_REVISIONS@DF_STES_REVISIONS(4.0),EA20,Q,B1GQ_Q,XDC,_T,202509,2023-Q4,3217630291654,A,0,0,
OECD.SDD.STES:DSD_STES_REVISIONS@DF_STES_REVISIONS(4.0),EA20,Q,B1GQ_Q,XDC,_T,202504,2023-Q4,3213334874636,A,0,0,
OECD.SDD.STES:DSD_STES_REVISIONS@DF_STES_REVISIONS(4.0),EA20,Q,B1GQ_Q,XDC,_T,202505,2023-Q4,3212690913104,A,0,0,
OECD.SDD.STES:DSD_STES_REVISIONS@DF_STES_REVISIONS(4.0),EA20,Q,B1GQ_Q,XDC,_T,202503,2023-Q4,3211908279865,A,0,0,
OECD.SDD.STES:DSD_STES_REVISIONS@DF_STES_REVISIONS(4.0),EA20,Q,B1GQ_Q,XDC,_T,202501,2023-Q4,3213059929000,A,0,0,
OECD.SDD.STES:DSD_STES_REVISIONS@DF_STES_REVISIONS(4.0),EA20,Q,B1GQ_Q,XDC,_T,202502,2023-Q4,3211908279865,A,0,0,
OECD.SDD.STES:DSD_STES_REVISIONS@DF_STES_REVISIONS(4.0),EA20,Q,B1GQ_Q,XDC,_T,202411,2023-Q4,3213059929000,A,0,0,
OECD.SDD.STES:DSD_STES_REVISIONS@DF_STES_REVISIONS(4.0),EA20,Q,B1GQ_Q,XDC,_T,202412,2023-Q4,3213059929000,A,0,0,
OECD.SDD.STES:DSD_STES_REVISIONS@DF_STES_REVISIONS(4.0),EA20,Q,B1GQ_Q,XDC,_T,202602,2023-Q4,3220961729165,A,0,0,
OECD.SDD.STES:DSD_STES_REVISIONS@DF_STES_REVISIONS(4.0),EA20,Q,B1GQ_Q,XDC,_T,202604,2023-Q4,3221247968599,A,0,0,
OECD.SDD.STES:DSD_STES_REVISIONS@DF_STES_REVISIONS(4.0),EA20,Q,B1GQ_Q,XDC,_T,202601,2023-Q4,3220961729165,A,0,0,
OECD.SDD.STES:DSD_STES_REVISIONS@DF_STES_REVISIONS(4.0),EA20,Q,B1GQ_Q,XDC,_T,202510,2023-Q4,3218699680369,A,0,0,
OECD.SDD.STES:DSD_STES_REVISIONS@DF_STES_REVISIONS(4.0),EA20,Q,B1GQ_Q,XDC,_T,202512,2023-Q4,3220961729165,A,0,0,
OECD.SDD.STES:DSD_STES_REVISIONS@DF_STES_REVISIONS(4.0),EA20,Q,B1GQ_Q,XDC,_T,202511,2023-Q4,3221288796984,A,0,0,
OECD.SDD.STES:DSD_STES_REVISIONS@DF_STES_REVISIONS(4.0),EA20,Q,B1GQ_Q,XDC,_T,202508,2023-Q4,3217630291654,A,0,0,
OECD.SDD.STES:DSD_STES_REVISIONS@DF_STES_REVISIONS(4.0),EA20,Q,B1GQ_Q,XDC,_T,202405,2024-Q1,2959907069644,A,0,0,
OECD.SDD.STES:DSD_STES_REVISIONS@DF_STES_REVISIONS(4.0),EA20,Q,B1GQ_Q,XDC,_T,202408,2024-Q1,2969901371897,A,0,0,
OECD.SDD.STES:DSD_STES_REVISIONS@DF_STES_REVISIONS(4.0),EA20,Q,B1GQ_Q,XDC,_T,202407,2024-Q1,2961193989781,A,0,0,
OECD.SDD.STES:DSD_STES_REVISIONS@DF_STES_REVISIONS(4.0),EA20,Q,B1GQ_Q,XDC,_T,202406,2024-Q1,2959696741972,A,0,0,
OECD.SDD.STES:DSD_STES_REVISIONS@DF_STES_REVISIONS(4.0),EA20,Q,B1GQ_Q,XDC,_T,202409,2024-Q1,2969901371897,A,0,0,
OECD.SDD.STES:DSD_STES_REVISIONS@DF_STES_REVISIONS(4.0),EA20,Q,B1GQ_Q,XDC,_T,202506,2024-Q1,3226611983136,A,0,0,
OECD.SDD.STES:DSD_STES_REVISIONS@DF_STES_REVISIONS(4.0),EA20,Q,B1GQ_Q,XDC,_T,202507,2024-Q1,3226611983136,A,0,0,
OECD.SDD.STES:DSD_STES_REVISIONS@DF_STES_REVISIONS(4.0),EA20,Q,B1GQ_Q,XDC,_T,202509,2024-Q1,3229791828794,A,0,0,
OECD.SDD.STES:DSD_STES_REVISIONS@DF_STES_REVISIONS(4.0),EA20,Q,B1GQ_Q,XDC,_T,202504,2024-Q1,3223624096388,A,0,0,
OECD.SDD.STES:DSD_STES_REVISIONS@DF_STES_REVISIONS(4.0),EA20,Q,B1GQ_Q,XDC,_T,202505,2024-Q1,3223148319926,A,0,0,
OECD.SDD.STES:DSD_STES_REVISIONS@DF_STES_REVISIONS(4.0),EA20,Q,B1GQ_Q,XDC,_T,202503,2024-Q1,3221933189123,A,0,0,
OECD.SDD.STES:DSD_STES_REVISIONS@DF_STES_REVISIONS(4.0),EA20,Q,B1GQ_Q,XDC,_T,202501,2024-Q1,3222868972000,A,0,0,
OECD.SDD.STES:DSD_STES_REVISIONS@DF_STES_REVISIONS(4.0),EA20,Q,B1GQ_Q,XDC,_T,202502,2024-Q1,3221933189123,A,0,0,
OECD.SDD.STES:DSD_STES_REVISIONS@DF_STES_REVISIONS(4.0),EA20,Q,B1GQ_Q,XDC,_T,202411,2024-Q1,3222868972000,A,0,0,
OECD.SDD.STES:DSD_STES_REVISIONS@DF_STES_REVISIONS(4.0),EA20,Q,B1GQ_Q,XDC,_T,202412,2024-Q1,3222868972000,A,0,0,
OECD.SDD.STES:DSD_STES_REVISIONS@DF_STES_REVISIONS(4.0),EA20,Q,B1GQ_Q,XDC,_T,202602,2024-Q1,3229740245187,A,0,0,
OECD.SDD.STES:DSD_STES_REVISIONS@DF_STES_REVISIONS(4.0),EA20,Q,B1GQ_Q,XDC,_T,202604,2024-Q1,3230466362076,A,0,0,
OECD.SDD.STES:DSD_STES_REVISIONS@DF_STES_REVISIONS(4.0),EA20,Q,B1GQ_Q,XDC,_T,202601,2024-Q1,3229740245187,A,0,0,
OECD.SDD.STES:DSD_STES_REVISIONS@DF_STES_REVISIONS(4.0),EA20,Q,B1GQ_Q,XDC,_T,202512,2024-Q1,3229740245187,A,0,0,
OECD.SDD.STES:DSD_STES_REVISIONS@DF_STES_REVISIONS(4.0),EA20,Q,B1GQ_Q,XDC,_T,202510,2024-Q1,3227665207599,A,0,0,
OECD.SDD.STES:DSD_STES_REVISIONS@DF_STES_REVISIONS(4.0),EA20,Q,B1GQ_Q,XDC,_T,202511,2024-Q1,3230078885536,A,0,0,
OECD.SDD.STES:DSD_STES_REVISIONS@DF_STES_REVISIONS(4.0),EA20,Q,B1GQ_Q,XDC,_T,202508,2024-Q1,3229791828794,A,0,0,
OECD.SDD.STES:DSD_STES_REVISIONS@DF_STES_REVISIONS(4.0),EA20,Q,B1GQ_Q,XDC,_T,202408,2024-Q2,2977580296634,A,0,0,
OECD.SDD.STES:DSD_STES_REVISIONS@DF_STES_REVISIONS(4.0),EA20,Q,B1GQ_Q,XDC,_T,202409,2024-Q2,2978872748203,A,0,0,
OECD.SDD.STES:DSD_STES_REVISIONS@DF_STES_REVISIONS(4.0),EA20,Q,B1GQ_Q,XDC,_T,202506,2024-Q2,3233805300066,A,0,0,
OECD.SDD.STES:DSD_STES_REVISIONS@DF_STES_REVISIONS(4.0),EA20,Q,B1GQ_Q,XDC,_T,202507,2024-Q2,3233805300066,A,0,0,
OECD.SDD.STES:DSD_STES_REVISIONS@DF_STES_REVISIONS(4.0),EA20,Q,B1GQ_Q,XDC,_T,202509,2024-Q2,3236434986162,A,0,0,
OECD.SDD.STES:DSD_STES_REVISIONS@DF_STES_REVISIONS(4.0),EA20,Q,B1GQ_Q,XDC,_T,202504,2024-Q2,3229135827517,A,0,0,
OECD.SDD.STES:DSD_STES_REVISIONS@DF_STES_REVISIONS(4.0),EA20,Q,B1GQ_Q,XDC,_T,202505,2024-Q2,3228476478657,A,0,0,
OECD.SDD.STES:DSD_STES_REVISIONS@DF_STES_REVISIONS(4.0),EA20,Q,B1GQ_Q,XDC,_T,202503,2024-Q2,3227583034367,A,0,0,
OECD.SDD.STES:DSD_STES_REVISIONS@DF_STES_REVISIONS(4.0),EA20,Q,B1GQ_Q,XDC,_T,202501,2024-Q2,3228969704000,A,0,0,
OECD.SDD.STES:DSD_STES_REVISIONS@DF_STES_REVISIONS(4.0),EA20,Q,B1GQ_Q,XDC,_T,202502,2024-Q2,3227583034367,A,0,0,
OECD.SDD.STES:DSD_STES_REVISIONS@DF_STES_REVISIONS(4.0),EA20,Q,B1GQ_Q,XDC,_T,202411,2024-Q2,3228969704000,A,0,0,
OECD.SDD.STES:DSD_STES_REVISIONS@DF_STES_REVISIONS(4.0),EA20,Q,B1GQ_Q,XDC,_T,202412,2024-Q2,3228969704000,A,0,0,
OECD.SDD.STES:DSD_STES_REVISIONS@DF_STES_REVISIONS(4.0),EA20,Q,B1GQ_Q,XDC,_T,202602,2024-Q2,3237118108789,A,0,0,
OECD.SDD.STES:DSD_STES_REVISIONS@DF_STES_REVISIONS(4.0),EA20,Q,B1GQ_Q,XDC,_T,202604,2024-Q2,3236979890891,A,0,0,
OECD.SDD.STES:DSD_STES_REVISIONS@DF_STES_REVISIONS(4.0),EA20,Q,B1GQ_Q,XDC,_T,202601,2024-Q2,3237118108789,A,0,0,
OECD.SDD.STES:DSD_STES_REVISIONS@DF_STES_REVISIONS(4.0),EA20,Q,B1GQ_Q,XDC,_T,202510,2024-Q2,3234149332847,A,0,0,
OECD.SDD.STES:DSD_STES_REVISIONS@DF_STES_REVISIONS(4.0),EA20,Q,B1GQ_Q,XDC,_T,202512,2024-Q2,3237118108789,A,0,0,
OECD.SDD.STES:DSD_STES_REVISIONS@DF_STES_REVISIONS(4.0),EA20,Q,B1GQ_Q,XDC,_T,202511,2024-Q2,3237356208120,A,0,0,
OECD.SDD.STES:DSD_STES_REVISIONS@DF_STES_REVISIONS(4.0),EA20,Q,B1GQ_Q,XDC,_T,202508,2024-Q2,3236434986162,A,0,0,
OECD.SDD.STES:DSD_STES_REVISIONS@DF_STES_REVISIONS(4.0),EA20,Q,B1GQ_Q,XDC,_T,202506,2024-Q3,3246463612147,A,0,0,
OECD.SDD.STES:DSD_STES_REVISIONS@DF_STES_REVISIONS(4.0),EA20,Q,B1GQ_Q,XDC,_T,202507,2024-Q3,3246463612147,A,0,0,
OECD.SDD.STES:DSD_STES_REVISIONS@DF_STES_REVISIONS(4.0),EA20,Q,B1GQ_Q,XDC,_T,202509,2024-Q3,3250039601571,A,0,0,
OECD.SDD.STES:DSD_STES_REVISIONS@DF_STES_REVISIONS(4.0),EA20,Q,B1GQ_Q,XDC,_T,202504,2024-Q3,3242854469833,A,0,0,
OECD.SDD.STES:DSD_STES_REVISIONS@DF_STES_REVISIONS(4.0),EA20,Q,B1GQ_Q,XDC,_T,202505,2024-Q3,3242099878160,A,0,0,
OECD.SDD.STES:DSD_STES_REVISIONS@DF_STES_REVISIONS(4.0),EA20,Q,B1GQ_Q,XDC,_T,202503,2024-Q3,3240767848065,A,0,0,
OECD.SDD.STES:DSD_STES_REVISIONS@DF_STES_REVISIONS(4.0),EA20,Q,B1GQ_Q,XDC,_T,202501,2024-Q3,3241058513000,A,0,0,
OECD.SDD.STES:DSD_STES_REVISIONS@DF_STES_REVISIONS(4.0),EA20,Q,B1GQ_Q,XDC,_T,202502,2024-Q3,3240767848065,A,0,0,
OECD.SDD.STES:DSD_STES_REVISIONS@DF_STES_REVISIONS(4.0),EA20,Q,B1GQ_Q,XDC,_T,202411,2024-Q3,3241058513000,A,0,0,
OECD.SDD.STES:DSD_STES_REVISIONS@DF_STES_REVISIONS(4.0),EA20,Q,B1GQ_Q,XDC,_T,202412,2024-Q3,3241058513000,A,0,0,
OECD.SDD.STES:DSD_STES_REVISIONS@DF_STES_REVISIONS(4.0),EA20,Q,B1GQ_Q,XDC,_T,202602,2024-Q3,3251665237860,A,0,0,
OECD.SDD.STES:DSD_STES_REVISIONS@DF_STES_REVISIONS(4.0),EA20,Q,B1GQ_Q,XDC,_T,202604,2024-Q3,3251312538589,A,0,0,
OECD.SDD.STES:DSD_STES_REVISIONS@DF_STES_REVISIONS(4.0),EA20,Q,B1GQ_Q,XDC,_T,202601,2024-Q3,3251665237860,A,0,0,
OECD.SDD.STES:DSD_STES_REVISIONS@DF_STES_REVISIONS(4.0),EA20,Q,B1GQ_Q,XDC,_T,202512,2024-Q3,3251665237860,A,0,0,
OECD.SDD.STES:DSD_STES_REVISIONS@DF_STES_REVISIONS(4.0),EA20,Q,B1GQ_Q,XDC,_T,202510,2024-Q3,3247293325671,A,0,0,
OECD.SDD.STES:DSD_STES_REVISIONS@DF_STES_REVISIONS(4.0),EA20,Q,B1GQ_Q,XDC,_T,202511,2024-Q3,3250479907988,A,0,0,
OECD.SDD.STES:DSD_STES_REVISIONS@DF_STES_REVISIONS(4.0),EA20,Q,B1GQ_Q,XDC,_T,202508,2024-Q3,3250039601571,A,0,0,
OECD.SDD.STES:DSD_STES_REVISIONS@DF_STES_REVISIONS(4.0),EA20,Q,B1GQ_Q,XDC,_T,202506,2024-Q4,3256131571250,A,0,0,
OECD.SDD.STES:DSD_STES_REVISIONS@DF_STES_REVISIONS(4.0),EA20,Q,B1GQ_Q,XDC,_T,202507,2024-Q4,3256131571250,A,0,0,
OECD.SDD.STES:DSD_STES_REVISIONS@DF_STES_REVISIONS(4.0),EA20,Q,B1GQ_Q,XDC,_T,202509,2024-Q4,3259810690887,A,0,0,
OECD.SDD.STES:DSD_STES_REVISIONS@DF_STES_REVISIONS(4.0),EA20,Q,B1GQ_Q,XDC,_T,202504,2024-Q4,3250470902517,A,0,0,
OECD.SDD.STES:DSD_STES_REVISIONS@DF_STES_REVISIONS(4.0),EA20,Q,B1GQ_Q,XDC,_T,202505,2024-Q4,3250018056654,A,0,0,
OECD.SDD.STES:DSD_STES_REVISIONS@DF_STES_REVISIONS(4.0),EA20,Q,B1GQ_Q,XDC,_T,202503,2024-Q4,3241712000000,A,0,0,
OECD.SDD.STES:DSD_STES_REVISIONS@DF_STES_REVISIONS(4.0),EA20,Q,B1GQ_Q,XDC,_T,202502,2024-Q4,3241712000000,A,0,0,
OECD.SDD.STES:DSD_STES_REVISIONS@DF_STES_REVISIONS(4.0),EA20,Q,B1GQ_Q,XDC,_T,202602,2024-Q4,3264166625914,A,0,0,
OECD.SDD.STES:DSD_STES_REVISIONS@DF_STES_REVISIONS(4.0),EA20,Q,B1GQ_Q,XDC,_T,202604,2024-Q4,3263878491763,A,0,0,
OECD.SDD.STES:DSD_STES_REVISIONS@DF_STES_REVISIONS(4.0),EA20,Q,B1GQ_Q,XDC,_T,202601,2024-Q4,3264166625914,A,0,0,
OECD.SDD.STES:DSD_STES_REVISIONS@DF_STES_REVISIONS(4.0),EA20,Q,B1GQ_Q,XDC,_T,202510,2024-Q4,3260284803239,A,0,0,
OECD.SDD.STES:DSD_STES_REVISIONS@DF_STES_REVISIONS(4.0),EA20,Q,B1GQ_Q,XDC,_T,202512,2024-Q4,3264166625914,A,0,0,
OECD.SDD.STES:DSD_STES_REVISIONS@DF_STES_REVISIONS(4.0),EA20,Q,B1GQ_Q,XDC,_T,202511,2024-Q4,3264395726247,A,0,0,
OECD.SDD.STES:DSD_STES_REVISIONS@DF_STES_REVISIONS(4.0),EA20,Q,B1GQ_Q,XDC,_T,202508,2024-Q4,3259810690887,A,0,0,
OECD.SDD.STES:DSD_STES_REVISIONS@DF_STES_REVISIONS(4.0),EA20,Q,B1GQ_Q,XDC,_T,202506,2025-Q1,3276226193957,A,0,0,
OECD.SDD.STES:DSD_STES_REVISIONS@DF_STES_REVISIONS(4.0),EA20,Q,B1GQ_Q,XDC,_T,202507,2025-Q1,3276226193957,A,0,0,
OECD.SDD.STES:DSD_STES_REVISIONS@DF_STES_REVISIONS(4.0),EA20,Q,B1GQ_Q,XDC,_T,202509,2025-Q1,3278461019443,A,0,0,
OECD.SDD.STES:DSD_STES_REVISIONS@DF_STES_REVISIONS(4.0),EA20,Q,B1GQ_Q,XDC,_T,202505,2025-Q1,3261462412532,A,0,0,
OECD.SDD.STES:DSD_STES_REVISIONS@DF_STES_REVISIONS(4.0),EA20,Q,B1GQ_Q,XDC,_T,202602,2025-Q1,3282502783467,A,0,0,
OECD.SDD.STES:DSD_STES_REVISIONS@DF_STES_REVISIONS(4.0),EA20,Q,B1GQ_Q,XDC,_T,202604,2025-Q1,3283229626843,A,0,0,
OECD.SDD.STES:DSD_STES_REVISIONS@DF_STES_REVISIONS(4.0),EA20,Q,B1GQ_Q,XDC,_T,202601,2025-Q1,3282502783467,A,0,0,
OECD.SDD.STES:DSD_STES_REVISIONS@DF_STES_REVISIONS(4.0),EA20,Q,B1GQ_Q,XDC,_T,202512,2025-Q1,3282502783467,A,0,0,
OECD.SDD.STES:DSD_STES_REVISIONS@DF_STES_REVISIONS(4.0),EA20,Q,B1GQ_Q,XDC,_T,202510,2025-Q1,3278565975356,A,0,0,
OECD.SDD.STES:DSD_STES_REVISIONS@DF_STES_REVISIONS(4.0),EA20,Q,B1GQ_Q,XDC,_T,202511,2025-Q1,3282803390412,A,0,0,
OECD.SDD.STES:DSD_STES_REVISIONS@DF_STES_REVISIONS(4.0),EA20,Q,B1GQ_Q,XDC,_T,202508,2025-Q1,3278461019443,A,0,0,
OECD.SDD.STES:DSD_STES_REVISIONS@DF_STES_REVISIONS(4.0),EA20,Q,B1GQ_Q,XDC,_T,202509,2025-Q2,3282263900099,A,0,0,
OECD.SDD.STES:DSD_STES_REVISIONS@DF_STES_REVISIONS(4.0),EA20,Q,B1GQ_Q,XDC,_T,202602,2025-Q2,3287354985799,A,0,0,
OECD.SDD.STES:DSD_STES_REVISIONS@DF_STES_REVISIONS(4.0),EA20,Q,B1GQ_Q,XDC,_T,202604,2025-Q2,3287888307207,A,0,0,
OECD.SDD.STES:DSD_STES_REVISIONS@DF_STES_REVISIONS(4.0),EA20,Q,B1GQ_Q,XDC,_T,202601,2025-Q2,3287354985799,A,0,0,
OECD.SDD.STES:DSD_STES_REVISIONS@DF_STES_REVISIONS(4.0),EA20,Q,B1GQ_Q,XDC,_T,202510,2025-Q2,3282474947261,A,0,0,
OECD.SDD.STES:DSD_STES_REVISIONS@DF_STES_REVISIONS(4.0),EA20,Q,B1GQ_Q,XDC,_T,202512,2025-Q2,3287354985799,A,0,0,
OECD.SDD.STES:DSD_STES_REVISIONS@DF_STES_REVISIONS(4.0),EA20,Q,B1GQ_Q,XDC,_T,202511,2025-Q2,3286977164026,A,0,0,
OECD.SDD.STES:DSD_STES_REVISIONS@DF_STES_REVISIONS(4.0),EA20,Q,B1GQ_Q,XDC,_T,202508,2025-Q2,3281914339107,A,0,0,
OECD.SDD.STES:DSD_STES_REVISIONS@DF_STES_REVISIONS(4.0),EA20,Q,B1GQ_Q,XDC,_T,202602,2025-Q3,3296013229046,A,0,0,
OECD.SDD.STES:DSD_STES_REVISIONS@DF_STES_REVISIONS(4.0),EA20,Q,B1GQ_Q,XDC,_T,202604,2025-Q3,3297740606487,A,0,0,
OECD.SDD.STES:DSD_STES_REVISIONS@DF_STES_REVISIONS(4.0),EA20,Q,B1GQ_Q,XDC,_T,202601,2025-Q3,3296013229046,A,0,0,
OECD.SDD.STES:DSD_STES_REVISIONS@DF_STES_REVISIONS(4.0),EA20,Q,B1GQ_Q,XDC,_T,202512,2025-Q3,3296013229046,A,0,0,
OECD.SDD.STES:DSD_STES_REVISIONS@DF_STES_REVISIONS(4.0),EA20,Q,B1GQ_Q,XDC,_T,202511,2025-Q3,3294276747966,A,0,0,
OECD.SDD.STES:DSD_STES_REVISIONS@DF_STES_REVISIONS(4.0),EA20,Q,B1GQ_Q,XDC,_T,202604,2025-Q4,3304190506940,A,0,0,
OECD.SDD.STES:DSD_STES_REVISIONS@DF_STES_REVISIONS(4.0),EA20,Q,B1GQ_Q,XDC,_T,202410,2017-Q3,2794025178986,E,0,0,
OECD.SDD.STES:DSD_STES_REVISIONS@DF_STES_REVISIONS(4.0),EA20,Q,B1GQ_Q,XDC,_T,202410,2017-Q4,2815795764400,E,0,0,
OECD.SDD.STES:DSD_STES_REVISIONS@DF_STES_REVISIONS(4.0),EA20,Q,B1GQ_Q,XDC,_T,202410,2018-Q1,2816490877699,E,0,0,
OECD.SDD.STES:DSD_STES_REVISIONS@DF_STES_REVISIONS(4.0),EA20,Q,B1GQ_Q,XDC,_T,202410,2018-Q2,2829386791902,E,0,0,
OECD.SDD.STES:DSD_STES_REVISIONS@DF_STES_REVISIONS(4.0),EA20,Q,B1GQ_Q,XDC,_T,202410,2018-Q3,2831058524759,E,0,0,
OECD.SDD.STES:DSD_STES_REVISIONS@DF_STES_REVISIONS(4.0),EA20,Q,B1GQ_Q,XDC,_T,202410,2018-Q4,2849287415827,E,0,0,
OECD.SDD.STES:DSD_STES_REVISIONS@DF_STES_REVISIONS(4.0),EA20,Q,B1GQ_Q,XDC,_T,202410,2019-Q1,2867055297101,E,0,0,
OECD.SDD.STES:DSD_STES_REVISIONS@DF_STES_REVISIONS(4.0),EA20,Q,B1GQ_Q,XDC,_T,202410,2019-Q2,2877692693562,E,0,0,
OECD.SDD.STES:DSD_STES_REVISIONS@DF_STES_REVISIONS(4.0),EA20,Q,B1GQ_Q,XDC,_T,202410,2019-Q3,2884778186839,E,0,0,
OECD.SDD.STES:DSD_STES_REVISIONS@DF_STES_REVISIONS(4.0),EA20,Q,B1GQ_Q,XDC,_T,202410,2019-Q4,2882211928538,E,0,0,
OECD.SDD.STES:DSD_STES_REVISIONS@DF_STES_REVISIONS(4.0),EA20,Q,B1GQ_Q,XDC,_T,202410,2020-Q1,2782842476394,E,0,0,
OECD.SDD.STES:DSD_STES_REVISIONS@DF_STES_REVISIONS(4.0),EA20,Q,B1GQ_Q,XDC,_T,202410,2020-Q2,2475236419013,E,0,0,
OECD.SDD.STES:DSD_STES_REVISIONS@DF_STES_REVISIONS(4.0),EA20,Q,B1GQ_Q,XDC,_T,202410,2020-Q3,2762626863406,E,0,0,
OECD.SDD.STES:DSD_STES_REVISIONS@DF_STES_REVISIONS(4.0),EA20,Q,B1GQ_Q,XDC,_T,202410,2020-Q4,2769109725703,E,0,0,
OECD.SDD.STES:DSD_STES_REVISIONS@DF_STES_REVISIONS(4.0),EA20,Q,B1GQ_Q,XDC,_T,202410,2021-Q1,2783035004138,E,0,0,
OECD.SDD.STES:DSD_STES_REVISIONS@DF_STES_REVISIONS(4.0),EA20,Q,B1GQ_Q,XDC,_T,202410,2021-Q2,2848502756057,E,0,0,
OECD.SDD.STES:DSD_STES_REVISIONS@DF_STES_REVISIONS(4.0),EA20,Q,B1GQ_Q,XDC,_T,202410,2021-Q3,2901091625065,E,0,0,
OECD.SDD.STES:DSD_STES_REVISIONS@DF_STES_REVISIONS(4.0),EA20,Q,B1GQ_Q,XDC,_T,202410,2021-Q4,2922420660177,E,0,0,
OECD.SDD.STES:DSD_STES_REVISIONS@DF_STES_REVISIONS(4.0),EA20,Q,B1GQ_Q,XDC,_T,202410,2022-Q1,2933349631169,E,0,0,
OECD.SDD.STES:DSD_STES_REVISIONS@DF_STES_REVISIONS(4.0),EA20,Q,B1GQ_Q,XDC,_T,202410,2022-Q2,2959977574324,E,0,0,
OECD.SDD.STES:DSD_STES_REVISIONS@DF_STES_REVISIONS(4.0),EA20,Q,B1GQ_Q,XDC,_T,202410,2022-Q3,2975447454734,E,0,0,
OECD.SDD.STES:DSD_STES_REVISIONS@DF_STES_REVISIONS(4.0),EA20,Q,B1GQ_Q,XDC,_T,202410,2022-Q4,2972549898348,E,0,0,
OECD.SDD.STES:DSD_STES_REVISIONS@DF_STES_REVISIONS(4.0),EA20,Q,B1GQ_Q,XDC,_T,202410,2023-Q1,2971860058393,E,0,0,
OECD.SDD.STES:DSD_STES_REVISIONS@DF_STES_REVISIONS(4.0),EA20,Q,B1GQ_Q,XDC,_T,202410,2023-Q2,2974780393011,E,0,0,
OECD.SDD.STES:DSD_STES_REVISIONS@DF_STES_REVISIONS(4.0),EA20,Q,B1GQ_Q,XDC,_T,202410,2023-Q3,2976170255092,E,0,0,
OECD.SDD.STES:DSD_STES_REVISIONS@DF_STES_REVISIONS(4.0),EA20,Q,B1GQ_Q,XDC,_T,202410,2023-Q4,2978109101506,E,0,0,
OECD.SDD.STES:DSD_STES_REVISIONS@DF_STES_REVISIONS(4.0),EA20,Q,B1GQ_Q,XDC,_T,202410,2024-Q1,2987589639870,E,0,0,
OECD.SDD.STES:DSD_STES_REVISIONS@DF_STES_REVISIONS(4.0),EA20,Q,B1GQ_Q,XDC,_T,202410,2024-Q2,2993293744214,E,0,0,
