DATAFLOW,REF_AREA,FREQ,MEASURE,UNIT_MEASURE,ACTIVITY,EDITION,TIME_PERIOD,OBS_VALUE,OBS_STATUS,UNIT_MULT,DECIMALS,BASE_PER
OECD.SDD.STES:DSD_STES_REVISIONS@DF_STES_REVISIONS(4.0),EA20,Q,ULC,PT_PCOS,_T,202311,2010-Q1,-0.07,A,0,1,
OECD.SDD.STES:DSD_STES_REVISIONS@DF_STES_REVISIONS(4.0),EA20,Q,ULC,PT_PCOS,_T,202306,2010-Q1,-0.16,A,0,1,
OECD.SDD.STES:DSD_STES_REVISIONS@DF_STES_REVISIONS(4.0),EA20,Q,ULC,PT_PCOS,_T,202304,2010-Q1,-0.16,A,0,1,
OECD.SDD.STES:DSD_STES_REVISIONS@DF_STES_REVISIONS(4.0),EA20,Q,ULC,PT_PCOS,_T,202310,2010-Q1,-0.09,A,0,1,
OECD.SDD.STES:DSD_STES_REVISIONS@DF_STES_REVISIONS(4.0),EA20,Q,ULC,PT_PCOS,_T,202312,2010-Q1,-0.07,A,0,1,
OECD.SDD.STES:DSD_STES_REVISIONS@DF_STES_REVISIONS(4.0),EA20,Q,ULC,PT_PCOS,_T,202305,2010-Q1,-0.16,A,0,1,
OECD.SDD.STES:DSD_STES_REVISIONS@DF_STES_REVISIONS(4.0),EA20,Q,ULC,PT_PCOS,_T,202308,2010-Q1,-0.13,A,0,1,
OECD.SDD.STES:DSD_STES_REVISIONS@DF_STES_REVISIONS(4.0),EA20,Q,ULC,PT_PCOS,_T,202309,2010-Q1,-0.13,A,0,1,
OECD.SDD.STES:DSD_STES_REVISIONS@DF_STES_REVISIONS(4.0),EA20,Q,ULC,PT_PCOS,_T,202307,2010-Q1,-0.13,A,0,1,
OECD.SDD.STES:DSD_STES_REVISIONS@DF_STES_REVISIONS(4.0),EA20,Q,ULC,PT_PCOS,_T,202311,2010-Q2,-0.28,A,0,1,
OECD.SDD.STES:DSD_STES_REVISIONS@DF_STES_REVISIONS(4.0),EA20,Q,ULC,PT_PCOS,_T,202306,2010-Q2,-0.29,A,0,1,
OECD.SDD.STES:DSD_STES_REVISIONS@DF_STES_REVISIONS(4.0),EA20,Q,ULC,PT_PCOS,_T,202304,2010-Q2,-0.29,A,0,1,
OECD.SDD.STES:DSD_STES_REVISIONS@DF_STES_REVISIONS(4.0),EA20,Q,ULC,PT_PCOS,_T,202310,2010-Q2,-0.28,A,0,1,
OECD.SDD.STES:DSD_STES_REVISIONS@DF_STES_REVISIONS(4.0),EA20,Q,ULC,PT_PCOS,_T,202312,2010-Q2,-0.28,A,0,1,
OECD.SDD.STES:DSD_STES_REVISIONS@DF_STES_REVISIONS(4.0),EA20,Q,ULC,PT_PCOS,_T,202305,2010-Q2,-0.29,A,0,1,
OECD.SDD.STES:DSD_STES_REVISIONS@DF_STES_REVISIONS(4.0),EA20,Q,ULC,PT_PCOS,_T,202308,2010-Q2,-0.29,A,0,1,
OECD.SDD.STES:DSD_STES_REVISIONS@DF_STES_REVISIONS(4.0),EA20,Q,ULC,PT_PCOS,_T,202309,2010-Q2,-0.29,A,0,1,
OECD.SDD.STES:DSD_STES_REVISIONS@DF_STES_REVISIONS(4.0),EA20,Q,ULC,PT_PCOS,_T,202307,2010-Q2,-0.29,A,0,1,
OECD.SDD.STES:DSD_STES_REVISIONS@DF_STES_REVISIONS(4.0),EA20,Q,ULC,PT_PCOS,_T,202311,2010-Q3,-0.1,A,0,1,
OECD.SDD.STES:DSD_STES_REVISIONS@DF_STES_REVISIONS(4.0),EA20,Q,ULC,PT_PCOS,_T,202306,2010-Q3,-0.06,A,0,1,
OECD.SDD.STES:DSD_STES_REVISIONS@DF_STES_REVISIONS(4.0),EA20,Q,ULC,PT_PCOS,_T,202304,2010-Q3,-0.06,A,0,1,
OECD.SDD.STES:DSD_STES_REVISIONS@DF_STES_REVISIONS(4.0),EA20,Q,ULC,PT_PCOS,_T,202310,2010-Q3,-0.07,A,0,1,
OECD.SDD.STES:DSD_STES_REVISIONS@DF_STES_REVISIONS(4.0),EA20,Q,ULC,PT_PCOS,_T,202312,2010-Q3,-0.1,A,0,1,
OECD.SDD.STES:DSD_STES_REVISIONS@DF_STES_REVISIONS(4.0),EA20,Q,ULC,PT_PCOS,_T,202305,2010-Q3,-0.06,A,0,1,
OECD.SDD.STES:DSD_STES_REVISIONS@DF_STES_REVISIONS(4.0),EA20,Q,ULC,PT_PCOS,_T,202308,2010-Q3,-0.05,A,0,1,
OECD.SDD.STES:DSD_STES_REVISIONS@DF_STES_REVISIONS(4.0),EA20,Q,ULC,PT_PCOS,_T,202309,2010-Q3,-0.05,A,0,1,
OECD.SDD.STES:DSD_STES_REVISIONS@DF_STES_REVISIONS(4.0),EA20,Q,ULC,PT_PCOS,_T,202307,2010-Q3,-0.05,A,0,1,
OECD.SDD.STES:DSD_STES_REVISIONS@DF_STES_REVISIONS(4.0),EA20,Q,ULC,PT_PCOS,_T,202311,2010-Q4,-0.02,A,0,1,
OECD.SDD.STES:DSD_STES_REVISIONS@DF_STES_REVISIONS(4.0),EA20,Q,ULC,PT_PCOS,_T,202306,2010-Q4,0.01,A,0,1,
OECD.SDD.STES:DSD_STES_REVISIONS@DF_STES_REVISIONS(4.0),EA20,Q,ULC,PT_PCOS,_T,202304,2010-Q4,0.01,A,0,1,
OECD.SDD.STES:DSD_STES_REVISIONS@DF_STES_REVISIONS(4.0),EA20,Q,ULC,PT_PCOS,_T,202310,2010-Q4,-0.02,A,0,1,
OECD.SDD.STES:DSD_STES_REVISIONS@DF_STES_REVISIONS(4.0),EA20,Q,ULC,PT_PCOS,_T,202312,2010-Q4,-0.02,A,0,1,
OECD.SDD.STES:DSD_STES_REVISIONS@DF_STES_REVISIONS(4.0),EA20,Q,ULC,PT_PCOS,_T,202305,2010-Q4,0.01,A,0,1,
OECD.SDD.STES:DSD_STES_REVISIONS@DF_STES_REVISIONS(4.0),EA20,Q,ULC,PT_PCOS,_T,202308,2010-Q4,0.01,A,0,1,
OECD.SDD.STES:DSD_STES_REVISIONS@DF_STES_REVISIONS(4.0),EA20,Q,ULC,PT_PCOS,_T,202309,2010-Q4,0.01,A,0,1,
OECD.SDD.STES:DSD_STES_REVISIONS@DF_STES_REVISIONS(4.0),EA20,Q,ULC,PT_PCOS,_T,202307,2010-Q4,0.01,A,0,1,
OECD.SDD.STES:DSD_STES_REVISIONS@DF_STES_REVISIONS(4.0),EA20,Q,ULC,PT_PCOS,_T,202311,2011-Q1,-0.05,A,0,1,
OECD.SDD.STES:DSD_STES_REVISIONS@DF_STES_REVISIONS(4.0),EA20,Q,ULC,PT_PCOS,_T,202306,2011-Q1,-0.13,A,0,1,
OECD.SDD.STES:DSD_STES_REVISIONS@DF_STES_REVISIONS(4.0),EA20,Q,ULC,PT_PCOS,_T,202304,2011-Q1,-0.13,A,0,1,
OECD.SDD.STES:DSD_STES_REVISIONS@DF_STES_REVISIONS(4.0),EA20,Q,ULC,PT_PCOS,_T,202310,2011-Q1,-0.05,A,0,1,
OECD.SDD.STES:DSD_STES_REVISIONS@DF_STES_REVISIONS(4.0),EA20,Q,ULC,PT_PCOS,_T,202312,2011-Q1,-0.05,A,0,1,
OECD.SDD.STES:DSD_STES_REVISIONS@DF_STES_REVISIONS(4.0),EA20,Q,ULC,PT_PCOS,_T,202305,2011-Q1,-0.13,A,0,1,
OECD.SDD.STES:DSD_STES_REVISIONS@DF_STES_REVISIONS(4.0),EA20,Q,ULC,PT_PCOS,_T,202308,2011-Q1,-0.12,A,0,1,
OECD.SDD.STES:DSD_STES_REVISIONS@DF_STES_REVISIONS(4.0),EA20,Q,ULC,PT_PCOS,_T,202309,2011-Q1,-0.12,A,0,1,
OECD.SDD.STES:DSD_STES_REVISIONS@DF_STES_REVISIONS(4.0),EA20,Q,ULC,PT_PCOS,_T,202307,2011-Q1,-0.12,A,0,1,
OECD.SDD.STES:DSD_STES_REVISIONS@DF_STES_REVISIONS(4.0),EA20,Q,ULC,PT_PCOS,_T,202311,2011-Q2,0.57,A,0,1,
OECD.SDD.STES:DSD_STES_REVISIONS@DF_STES_REVISIONS(4.0),EA20,Q,ULC,PT_PCOS,_T,202306,2011-Q2,0.6,A,0,1,
OECD.SDD.STES:DSD_STES_REVISIONS@DF_STES_REVISIONS(4.0),EA20,Q,ULC,PT_PCOS,_T,202304,2011-Q2,0.6,A,0,1,
OECD.SDD.STES:DSD_STES_REVISIONS@DF_STES_REVISIONS(4.0),EA20,Q,ULC,PT_PCOS,_T,202310,2011-Q2,0.56,A,0,1,
OECD.SDD.STES:DSD_STES_REVISIONS@DF_STES_REVISIONS(4.0),EA20,Q,ULC,PT_PCOS,_T,202312,2011-Q2,0.57,A,0,1,
OECD.SDD.STES:DSD_STES_REVISIONS@DF_STES_REVISIONS(4.0),EA20,Q,ULC,PT_PCOS,_T,202305,2011-Q2,0.6,A,0,1,
OECD.SDD.STES:DSD_STES_REVISIONS@DF_STES_REVISIONS(4.0),EA20,Q,ULC,PT_PCOS,_T,202308,2011-Q2,0.57,A,0,1,
OECD.SDD.STES:DSD_STES_REVISIONS@DF_STES_REVISIONS(4.0),EA20,Q,ULC,PT_PCOS,_T,202309,2011-Q2,0.57,A,0,1,
OECD.SDD.STES:DSD_STES_REVISIONS@DF_STES_REVISIONS(4.0),EA20,Q,ULC,PT_PCOS,_T,202307,2011-Q2,0.57,A,0,1,
OECD.SDD.STES:DSD_STES_REVISIONS@DF_STES_REVISIONS(4.0),EA20,Q,ULC,PT_PCOS,_T,202311,2011-Q3,-0.01,A,0,1,
OECD.SDD.STES:DSD_STES_REVISIONS@DF_STES_REVISIONS(4.0),EA20,Q,ULC,PT_PCOS,_T,202306,2011-Q3,-0.02,A,0,1,
OECD.SDD.STES:DSD_STES_REVISIONS@DF_STES_REVISIONS(4.0),EA20,Q,ULC,PT_PCOS,_T,202304,2011-Q3,-0.02,A,0,1,
OECD.SDD.STES:DSD_STES_REVISIONS@DF_STES_REVISIONS(4.0),EA20,Q,ULC,PT_PCOS,_T,202310,2011-Q3,-0.01,A,0,1,
OECD.SDD.STES:DSD_STES_REVISIONS@DF_STES_REVISIONS(4.0),EA20,Q,ULC,PT_PCOS,_T,202312,2011-Q3,-0.01,A,0,1,
OECD.SDD.STES:DSD_STES_REVISIONS@DF_STES_REVISIONS(4.0),EA20,Q,ULC,PT_PCOS,_T,202305,2011-Q3,-0.02,A,0,1,
OECD.SDD.STES:DSD_STES_REVISIONS@DF_STES_REVISIONS(4.0),EA20,Q,ULC,PT_PCOS,_T,202308,2011-Q3,-0.02,A,0,1,
OECD.SDD.STES:DSD_STES_REVISIONS@DF_STES_REVISIONS(4.0),EA20,Q,ULC,PT_PCOS,_T,202309,2011-Q3,-0.02,A,0,1,
OECD.SDD.STES:DSD_STES_REVISIONS@DF_STES_REVISIONS(4.0),EA20,Q,ULC,PT_PCOS,_T,202307,2011-Q3,-0.02,A,0,1,
OECD.SDD.STES:DSD_STES_REVISIONS@DF_STES_REVISIONS(4.0),EA20,Q,ULC,PT_PCOS,_T,202311,2011-Q4,0.73,A,0,1,
OECD.SDD.STES:DSD_STES_REVISIONS@DF_STES_REVISIONS(4.0),EA20,Q,ULC,PT_PCOS,_T,202306,2011-Q4,0.77,A,0,1,
OECD.SDD.STES:DSD_STES_REVISIONS@DF_STES_REVISIONS(4.0),EA20,Q,ULC,PT_PCOS,_T,202304,2011-Q4,0.77,A,0,1,
OECD.SDD.STES:DSD_STES_REVISIONS@DF_STES_REVISIONS(4.0),EA20,Q,ULC,PT_PCOS,_T,202310,2011-Q4,0.73,A,0,1,
OECD.SDD.STES:DSD_STES_REVISIONS@DF_STES_REVISIONS(4.0),EA20,Q,ULC,PT_PCOS,_T,202312,2011-Q4,0.73,A,0,1,
OECD.SDD.STES:DSD_STES_REVISIONS@DF_STES_REVISIONS(4.0),EA20,Q,ULC,PT_PCOS,_T,202305,2011-Q4,0.77,A,0,1,
OECD.SDD.STES:DSD_STES_REVISIONS@DF_STES_REVISIONS(4.0),EA20,Q,ULC,PT_PCOS,_T,202308,2011-Q4,0.77,A,0,1,
OECD.SDD.STES:DSD_STES_REVISIONS@DF_STES_REVISIONS(4.0),EA20,Q,ULC,PT_PCOS,_T,202309,2011-Q4,0.77,A,0,1,
OECD.SDD.STES:DSD_STES_REVISIONS@DF_STES_REVISIONS(4.0),EA20,Q,ULC,PT_PCOS,_T,202307,2011-Q4,0.77,A,0,1,
OECD.SDD.STES:DSD_STES_REVISIONS@DF_STES_REVISIONS(4.0),EA20,Q,ULC,PT_PCOS,_T,202311,2012-Q1,0.65,A,0,1,
OECD.SDD.STES:DSD_STES_REVISIONS@DF_STES_REVISIONS(4.0),EA20,Q,ULC,PT_PCOS,_T,202306,2012-Q1,0.59,A,0,1,
OECD.SDD.STES:DSD_STES_REVISIONS@DF_STES_REVISIONS(4.0),EA20,Q,ULC,PT_PCOS,_T,202304,2012-Q1,0.59,A,0,1,
OECD.SDD.STES:DSD_STES_REVISIONS@DF_STES_REVISIONS(4.0),EA20,Q,ULC,PT_PCOS,_T,202310,2012-Q1,0.65,A,0,1,
OECD.SDD.STES:DSD_STES_REVISIONS@DF_STES_REVISIONS(4.0),EA20,Q,ULC,PT_PCOS,_T,202312,2012-Q1,0.65,A,0,1,
OECD.SDD.STES:DSD_STES_REVISIONS@DF_STES_REVISIONS(4.0),EA20,Q,ULC,PT_PCOS,_T,202305,2012-Q1,0.59,A,0,1,
OECD.SDD.STES:DSD_STES_REVISIONS@DF_STES_REVISIONS(4.0),EA20,Q,ULC,PT_PCOS,_T,202308,2012-Q1,0.61,A,0,1,
OECD.SDD.STES:DSD_STES_REVISIONS@DF_STES_REVISIONS(4.0),EA20,Q,ULC,PT_PCOS,_T,202309,2012-Q1,0.61,A,0,1,
OECD.SDD.STES:DSD_STES_REVISIONS@DF_STES_REVISIONS(4.0),EA20,Q,ULC,PT_PCOS,_T,202307,2012-Q1,0.61,A,0,1,
OECD.SDD.STES:DSD_STES_REVISIONS@DF_STES_REVISIONS(4.0),EA20,Q,ULC,PT_PCOS,_T,202311,2012-Q2,0.55,A,0,1,
OECD.SDD.STES:DSD_STES_REVISIONS@DF_STES_REVISIONS(4.0),EA20,Q,ULC,PT_PCOS,_T,202306,2012-Q2,0.57,A,0,1,
OECD.SDD.STES:DSD_STES_REVISIONS@DF_STES_REVISIONS(4.0),EA20,Q,ULC,PT_PCOS,_T,202304,2012-Q2,0.57,A,0,1,
OECD.SDD.STES:DSD_STES_REVISIONS@DF_STES_REVISIONS(4.0),EA20,Q,ULC,PT_PCOS,_T,202310,2012-Q2,0.55,A,0,1,
OECD.SDD.STES:DSD_STES_REVISIONS@DF_STES_REVISIONS(4.0),EA20,Q,ULC,PT_PCOS,_T,202312,2012-Q2,0.55,A,0,1,
OECD.SDD.STES:DSD_STES_REVISIONS@DF_STES_REVISIONS(4.0),EA20,Q,ULC,PT_PCOS,_T,202305,2012-Q2,0.57,A,0,1,
OECD.SDD.STES:DSD_STES_REVISIONS@DF_STES_REVISIONS(4.0),EA20,Q,ULC,PT_PCOS,_T,202308,2012-Q2,0.57,A,0,1,
OECD.SDD.STES:DSD_STES_REVISIONS@DF_STES_REVISIONS(4.0),EA20,Q,ULC,PT_PCOS,_T,202309,2012-Q2,0.57,A,0,1,
OECD.SDD.STES:DSD_STES_REVISIONS@DF_STES_REVISIONS(4.0),EA20,Q,ULC,PT_PCOS,_T,202307,2012-Q2,0.57,A,0,1,
OECD.SDD.STES:DSD_STES_REVISIONS@DF_STES_REVISIONS(4.0),EA20,Q,ULC,PT_PCOS,_T,202311,2012-Q3,0.21,A,0,1,
OECD.SDD.STES:DSD_STES_REVISIONS@DF_STES_REVISIONS(4.0),EA20,Q,ULC,PT_PCOS,_T,202306,2012-Q3,0.21,A,0,1,
OECD.SDD.STES:DSD_STES_REVISIONS@DF_STES_REVISIONS(4.0),EA20,Q,ULC,PT_PCOS,_T,202304,2012-Q3,0.21,A,0,1,
OECD.SDD.STES:DSD_STES_REVISIONS@DF_STES_REVISIONS(4.0),EA20,Q,ULC,PT_PCOS,_T,202310,2012-Q3,0.2,A,0,1,
OECD.SDD.STES:DSD_STES_REVISIONS@DF_STES_REVISIONS(4.0),EA20,Q,ULC,PT_PCOS,_T,202312,2012-Q3,0.21,A,0,1,
OECD.SDD.STES:DSD_STES_REVISIONS@DF_STES_REVISIONS(4.0),EA20,Q,ULC,PT_PCOS,_T,202305,2012-Q3,0.21,A,0,1,
OECD.SDD.STES:DSD_STES_REVISIONS@DF_STES_REVISIONS(4.0),EA20,Q,ULC,PT_PCOS,_T,202308,2012-Q3,0.18,A,0,1,
OECD.SDD.STES:DSD_STES_REVISIONS@DF_STES_REVISIONS(4.0),EA20,Q,ULC,PT_PCOS,_T,202309,2012-Q3,0.18,A,0,1,
OECD.SDD.STES:DSD_STES_REVISIONS@DF_STES_REVISIONS(4.0),EA20,Q,ULC,PT_PCOS,_T,202307,2012-Q3,0.18,A,0,1,
OECD.SDD.STES:DSD_STES_REVISIONS@DF_STES_REVISIONS(4.0),EA20,Q,ULC,PT_PCOS,_T,202311,2012-Q4,0.39,A,0,1,
OECD.SDD.STES:DSD_STES_REVISIONS@DF_STES_REVISIONS(4.0),EA20,Q,ULC,PT_PCOS,_T,202306,2012-Q4,0.39,A,0,1,
OECD.SDD.STES:DSD_STES_REVISIONS@DF_STES_REVISIONS(4.0),EA20,Q,ULC,PT_PCOS,_T,202304,2012-Q4,0.39,A,0,1,
OECD.SDD.STES:DSD_STES_REVISIONS@DF_STES_REVISIONS(4.0),EA20,Q,ULC,PT_PCOS,_T,202310,2012-Q4,0.4,A,0,1,
OECD.SDD.STES:DSD_STES_REVISIONS@DF_STES_REVISIONS(4.0),EA20,Q,ULC,PT_PCOS,_T,202312,2012-Q4,0.39,A,0,1,
OECD.SDD.STES:DSD_STES_REVISIONS@DF_STES_REVISIONS(4.0),EA20,Q,ULC,PT_PCOS,_T,202305,2012-Q4,0.39,A,0,1,
OECD.SDD.STES:DSD_STES_REVISIONS@DF_STES_REVISIONS(4.0),EA20,Q,ULC,PT_PCOS,_T,202308,2012-Q4,0.41,A,0,1,
OECD.SDD.STES:DSD_STES_REVISIONS@DF_STES_REVISIONS(4.0),EA20,Q,ULC,PT_PCOS,_T,202309,2012-Q4,0.41,A,0,1,
OECD.SDD.STES:DSD_STES_REVISIONS@DF_STES_REVISIONS(4.0),EA20,Q,ULC,PT_PCOS,_T,202307,2012-Q4,0.41,A,0,1,
OECD.SDD.STES:DSD_STES_REVISIONS@DF_STES_REVISIONS(4.0),EA20,Q,ULC,PT_PCOS,_T,202311,2013-Q1,0.66,A,0,1,
OECD.SDD.STES:DSD_STES_REVISIONS@DF_STES_REVISIONS(4.0),EA20,Q,ULC,PT_PCOS,_T,202306,2013-Q1,0.63,A,0,1,
OECD.SDD.STES:DSD_STES_REVISIONS@DF_STES_REVISIONS(4.0),EA20,Q,ULC,PT_PCOS,_T,202304,2013-Q1,0.63,A,0,1,
OECD.SDD.STES:DSD_STES_REVISIONS@DF_STES_REVISIONS(4.0),EA20,Q,ULC,PT_PCOS,_T,202310,2013-Q1,0.66,A,0,1,
OECD.SDD.STES:DSD_STES_REVISIONS@DF_STES_REVISIONS(4.0),EA20,Q,ULC,PT_PCOS,_T,202312,2013-Q1,0.66,A,0,1,
OECD.SDD.STES:DSD_STES_REVISIONS@DF_STES_REVISIONS(4.0),EA20,Q,ULC,PT_PCOS,_T,202305,2013-Q1,0.63,A,0,1,
OECD.SDD.STES:DSD_STES_REVISIONS@DF_STES_REVISIONS(4.0),EA20,Q,ULC,PT_PCOS,_T,202308,2013-Q1,0.65,A,0,1,
OECD.SDD.STES:DSD_STES_REVISIONS@DF_STES_REVISIONS(4.0),EA20,Q,ULC,PT_PCOS,_T,202309,2013-Q1,0.65,A,0,1,
OECD.SDD.STES:DSD_STES_REVISIONS@DF_STES_REVISIONS(4.0),EA20,Q,ULC,PT_PCOS,_T,202307,2013-Q1,0.65,A,0,1,
OECD.SDD.STES:DSD_STES_REVISIONS@DF_STES_REVISIONS(4.0),EA20,Q,ULC,PT_PCOS,_T,202311,2013-Q2,-0.19,A,0,1,
OECD.SDD.STES:DSD_STES_REVISIONS@DF_STES_REVISIONS(4.0),EA20,Q,ULC,PT_PCOS,_T,202306,2013-Q2,-0.14,A,0,1,
OECD.SDD.STES:DSD_STES_REVISIONS@DF_STES_REVISIONS(4.0),EA20,Q,ULC,PT_PCOS,_T,202304,2013-Q2,-0.14,A,0,1,
OECD.SDD.STES:DSD_STES_REVISIONS@DF_STES_REVISIONS(4.0),EA20,Q,ULC,PT_PCOS,_T,202310,2013-Q2,-0.18,A,0,1,
OECD.SDD.STES:DSD_STES_REVISIONS@DF_STES_REVISIONS(4.0),EA20,Q,ULC,PT_PCOS,_T,202312,2013-Q2,-0.19,A,0,1,
OECD.SDD.STES:DSD_STES_REVISIONS@DF_STES_REVISIONS(4.0),EA20,Q,ULC,PT_PCOS,_T,202305,2013-Q2,-0.14,A,0,1,
OECD.SDD.STES:DSD_STES_REVISIONS@DF_STES_REVISIONS(4.0),EA20,Q,ULC,PT_PCOS,_T,202308,2013-Q2,-0.16,A,0,1,
OECD.SDD.STES:DSD_STES_REVISIONS@DF_STES_REVISIONS(4.0),EA20,Q,ULC,PT_PCOS,_T,202309,2013-Q2,-0.16,A,0,1,
OECD.SDD.STES:DSD_STES_REVISIONS@DF_STES_REVISIONS(4.0),EA20,Q,ULC,PT_PCOS,_T,202307,2013-Q2,-0.16,A,0,1,
OECD.SDD.STES:DSD_STES_REVISIONS@DF_STES_REVISIONS(4.0),EA20,Q,ULC,PT_PCOS,_T,202311,2013-Q3,0.24,A,0,1,
OECD.SDD.STES:DSD_STES_REVISIONS@DF_STES_REVISIONS(4.0),EA20,Q,ULC,PT_PCOS,_T,202306,2013-Q3,0.22,A,0,1,
OECD.SDD.STES:DSD_STES_REVISIONS@DF_STES_REVISIONS(4.0),EA20,Q,ULC,PT_PCOS,_T,202304,2013-Q3,0.22,A,0,1,
OECD.SDD.STES:DSD_STES_REVISIONS@DF_STES_REVISIONS(4.0),EA20,Q,ULC,PT_PCOS,_T,202310,2013-Q3,0.23,A,0,1,
OECD.SDD.STES:DSD_STES_REVISIONS@DF_STES_REVISIONS(4.0),EA20,Q,ULC,PT_PCOS,_T,202312,2013-Q3,0.24,A,0,1,
OECD.SDD.STES:DSD_STES_REVISIONS@DF_STES_REVISIONS(4.0),EA20,Q,ULC,PT_PCOS,_T,202305,2013-Q3,0.22,A,0,1,
OECD.SDD.STES:DSD_STES_REVISIONS@DF_STES_REVISIONS(4.0),EA20,Q,ULC,PT_PCOS,_T,202308,2013-Q3,0.22,A,0,1,
OECD.SDD.STES:DSD_STES_REVISIONS@DF_STES_REVISIONS(4.0),EA20,Q,ULC,PT_PCOS,_T,202309,2013-Q3,0.22,A,0,1,
OECD.SDD.STES:DSD_STES_REVISIONS@DF_STES_REVISIONS(4.0),EA20,Q,ULC,PT_PCOS,_T,202307,2013-Q3,0.22,A,0,1,
OECD.SDD.STES:DSD_STES_REVISIONS@DF_STES_REVISIONS(4.0),EA20,Q,ULC,PT_PCOS,_T,202311,2013-Q4,0.02,A,0,1,
OECD.SDD.STES:DSD_STES_REVISIONS@DF_STES_REVISIONS(4.0),EA20,Q,ULC,PT_PCOS,_T,202306,2013-Q4,0.05,A,0,1,
OECD.SDD.STES:DSD_STES_REVISIONS@DF_STES_REVISIONS(4.0),EA20,Q,ULC,PT_PCOS,_T,202304,2013-Q4,0.05,A,0,1,
OECD.SDD.STES:DSD_STES_REVISIONS@DF_STES_REVISIONS(4.0),EA20,Q,ULC,PT_PCOS,_T,202310,2013-Q4,0.03,A,0,1,
OECD.SDD.STES:DSD_STES_REVISIONS@DF_STES_REVISIONS(4.0),EA20,Q,ULC,PT_PCOS,_T,202312,2013-Q4,0.02,A,0,1,
OECD.SDD.STES:DSD_STES_REVISIONS@DF_STES_REVISIONS(4.0),EA20,Q,ULC,PT_PCOS,_T,202305,2013-Q4,0.05,A,0,1,
OECD.SDD.STES:DSD_STES_REVISIONS@DF_STES_REVISIONS(4.0),EA20,Q,ULC,PT_PCOS,_T,202308,2013-Q4,0.03,A,0,1,
OECD.SDD.STES:DSD_STES_REVISIONS@DF_STES_REVISIONS(4.0),EA20,Q,ULC,PT_PCOS,_T,202309,2013-Q4,0.03,A,0,1,
OECD.SDD.STES:DSD_STES_REVISIONS@DF_STES_REVISIONS(4.0),EA20,Q,ULC,PT_PCOS,_T,202307,2013-Q4,0.03,A,0,1,
OECD.SDD.STES:DSD_STES_REVISIONS@DF_STES_REVISIONS(4.0),EA20,Q,ULC,PT_PCOS,_T,202311,2014-Q1,0.24,A,0,1,
OECD.SDD.STES:DSD_STES_REVISIONS@DF_STES_REVISIONS(4.0),EA20,Q,ULC,PT_PCOS,_T,202306,2014-Q1,0.22,A,0,1,
OECD.SDD.STES:DSD_STES_REVISIONS@DF_STES_REVISIONS(4.0),EA20,Q,ULC,PT_PCOS,_T,202304,2014-Q1,0.22,A,0,1,
OECD.SDD.STES:DSD_STES_REVISIONS@DF_STES_REVISIONS(4.0),EA20,Q,ULC,PT_PCOS,_T,202310,2014-Q1,0.23,A,0,1,
OECD.SDD.STES:DSD_STES_REVISIONS@DF_STES_REVISIONS(4.0),EA20,Q,ULC,PT_PCOS,_T,202312,2014-Q1,0.24,A,0,1,
OECD.SDD.STES:DSD_STES_REVISIONS@DF_STES_REVISIONS(4.0),EA20,Q,ULC,PT_PCOS,_T,202305,2014-Q1,0.22,A,0,1,
OECD.SDD.STES:DSD_STES_REVISIONS@DF_STES_REVISIONS(4.0),EA20,Q,ULC,PT_PCOS,_T,202308,2014-Q1,0.24,A,0,1,
OECD.SDD.STES:DSD_STES_REVISIONS@DF_STES_REVISIONS(4.0),EA20,Q,ULC,PT_PCOS,_T,202309,2014-Q1,0.24,A,0,1,
OECD.SDD.STES:DSD_STES_REVISIONS@DF_STES_REVISIONS(4.0),EA20,Q,ULC,PT_PCOS,_T,202307,2014-Q1,0.24,A,0,1,
OECD.SDD.STES:DSD_STES_REVISIONS@DF_STES_REVISIONS(4.0),EA20,Q,ULC,PT_PCOS,_T,202311,2014-Q2,0.24,A,0,1,
OECD.SDD.STES:DSD_STES_REVISIONS@DF_STES_REVISIONS(4.0),EA20,Q,ULC,PT_PCOS,_T,202306,2014-Q2,0.25,A,0,1,
OECD.SDD.STES:DSD_STES_REVISIONS@DF_STES_REVISIONS(4.0),EA20,Q,ULC,PT_PCOS,_T,202304,2014-Q2,0.25,A,0,1,
OECD.SDD.STES:DSD_STES_REVISIONS@DF_STES_REVISIONS(4.0),EA20,Q,ULC,PT_PCOS,_T,202310,2014-Q2,0.25,A,0,1,
OECD.SDD.STES:DSD_STES_REVISIONS@DF_STES_REVISIONS(4.0),EA20,Q,ULC,PT_PCOS,_T,202312,2014-Q2,0.24,A,0,1,
OECD.SDD.STES:DSD_STES_REVISIONS@DF_STES_REVISIONS(4.0),EA20,Q,ULC,PT_PCOS,_T,202305,2014-Q2,0.25,A,0,1,
OECD.SDD.STES:DSD_STES_REVISIONS@DF_STES_REVISIONS(4.0),EA20,Q,ULC,PT_PCOS,_T,202308,2014-Q2,0.24,A,0,1,
OECD.SDD.STES:DSD_STES_REVISIONS@DF_STES_REVISIONS(4.0),EA20,Q,ULC,PT_PCOS,_T,202309,2014-Q2,0.24,A,0,1,
OECD.SDD.STES:DSD_STES_REVISIONS@DF_STES_REVISIONS(4.0),EA20,Q,ULC,PT_PCOS,_T,202307,2014-Q2,0.24,A,0,1,
OECD.SDD.STES:DSD_STES_REVISIONS@DF_STES_REVISIONS(4.0),EA20,Q,ULC,PT_PCOS,_T,202311,2014-Q3,0.18,A,0,1,
OECD.SDD.STES:DSD_STES_REVISIONS@DF_STES_REVISIONS(4.0),EA20,Q,ULC,PT_PCOS,_T,202306,2014-Q3,0.14,A,0,1,
OECD.SDD.STES:DSD_STES_REVISIONS@DF_STES_REVISIONS(4.0),EA20,Q,ULC,PT_PCOS,_T,202304,2014-Q3,0.14,A,0,1,
OECD.SDD.STES:DSD_STES_REVISIONS@DF_STES_REVISIONS(4.0),EA20,Q,ULC,PT_PCOS,_T,202310,2014-Q3,0.16,A,0,1,
OECD.SDD.STES:DSD_STES_REVISIONS@DF_STES_REVISIONS(4.0),EA20,Q,ULC,PT_PCOS,_T,202312,2014-Q3,0.18,A,0,1,
OECD.SDD.STES:DSD_STES_REVISIONS@DF_STES_REVISIONS(4.0),EA20,Q,ULC,PT_PCOS,_T,202305,2014-Q3,0.14,A,0,1,
OECD.SDD.STES:DSD_STES_REVISIONS@DF_STES_REVISIONS(4.0),EA20,Q,ULC,PT_PCOS,_T,202308,2014-Q3,0.15,A,0,1,
OECD.SDD.STES:DSD_STES_REVISIONS@DF_STES_REVISIONS(4.0),EA20,Q,ULC,PT_PCOS,_T,202309,2014-Q3,0.15,A,0,1,
OECD.SDD.STES:DSD_STES_REVISIONS@DF_STES_REVISIONS(4.0),EA20,Q,ULC,PT_PCOS,_T,202307,2014-Q3,0.15,A,0,1,
OECD.SDD.STES:DSD_STES_REVISIONS@DF_STES_REVISIONS(4.0),EA20,Q,ULC,PT_PCOS,_T,202311,2014-Q4,0.16,A,0,1,
OECD.SDD.STES:DSD_STES_REVISIONS@DF_STES_REVISIONS(4.0),EA20,Q,ULC,PT_PCOS,_T,202306,2014-Q4,0.18,A,0,1,
OECD.SDD.STES:DSD_STES_REVISIONS@DF_STES_REVISIONS(4.0),EA20,Q,ULC,PT_PCOS,_T,202304,2014-Q4,0.18,A,0,1,
OECD.SDD.STES:DSD_STES_REVISIONS@DF_STES_REVISIONS(4.0),EA20,Q,ULC,PT_PCOS,_T,202310,2014-Q4,0.17,A,0,1,
OECD.SDD.STES:DSD_STES_REVISIONS@DF_STES_REVISIONS(4.0),EA20,Q,ULC,PT_PCOS,_T,202312,2014-Q4,0.16,A,0,1,
OECD.SDD.STES:DSD_STES_REVISIONS@DF_STES_REVISIONS(4.0),EA20,Q,ULC,PT_PCOS,_T,202305,2014-Q4,0.18,A,0,1,
OECD.SDD.STES:DSD_STES_REVISIONS@DF_STES_REVISIONS(4.0),EA20,Q,ULC,PT_PCOS,_T,202308,2014-Q4,0.19,A,0,1,
OECD.SDD.STES:DSD_STES_REVISIONS@DF_STES_REVISIONS(4.0),EA20,Q,ULC,PT_PCOS,_T,202309,2014-Q4,0.19,A,0,1,
OECD.SDD.STES:DSD_STES_REVISIONS@DF_STES_REVISIONS(4.0),EA20,Q,ULC,PT_PCOS,_T,202307,2014-Q4,0.19,A,0,1,
OECD.SDD.STES:DSD_STES_REVISIONS@DF_STES_REVISIONS(4.0),EA20,Q,ULC,PT_PCOS,_T,202311,2015-Q1,-0.17,A,0,1,
OECD.SDD.STES:DSD_STES_REVISIONS@DF_STES_REVISIONS(4.0),EA20,Q,ULC,PT_PCOS,_T,202306,2015-Q1,-0.17,A,0,1,
OECD.SDD.STES:DSD_STES_REVISIONS@DF_STES_REVISIONS(4.0),EA20,Q,ULC,PT_PCOS,_T,202304,2015-Q1,-0.17,A,0,1,
OECD.SDD.STES:DSD_STES_REVISIONS@DF_STES_REVISIONS(4.0),EA20,Q,ULC,PT_PCOS,_T,202310,2015-Q1,-0.17,A,0,1,
OECD.SDD.STES:DSD_STES_REVISIONS@DF_STES_REVISIONS(4.0),EA20,Q,ULC,PT_PCOS,_T,202312,2015-Q1,-0.17,A,0,1,
OECD.SDD.STES:DSD_STES_REVISIONS@DF_STES_REVISIONS(4.0),EA20,Q,ULC,PT_PCOS,_T,202305,2015-Q1,-0.17,A,0,1,
OECD.SDD.STES:DSD_STES_REVISIONS@DF_STES_REVISIONS(4.0),EA20,Q,ULC,PT_PCOS,_T,202308,2015-Q1,-0.17,A,0,1,
OECD.SDD.STES:DSD_STES_REVISIONS@DF_STES_REVISIONS(4.0),EA20,Q,ULC,PT_PCOS,_T,202309,2015-Q1,-0.17,A,0,1,
OECD.SDD.STES:DSD_STES_REVISIONS@DF_STES_REVISIONS(4.0),EA20,Q,ULC,PT_PCOS,_T,202307,2015-Q1,-0.17,A,0,1,
OECD.SDD.STES:DSD_STES_REVISIONS@DF_STES_REVISIONS(4.0),EA20,Q,ULC,PT_PCOS,_T,202311,2015-Q2,0.3,A,0,1,
OECD.SDD.STES:DSD_STES_REVISIONS@DF_STES_REVISIONS(4.0),EA20,Q,ULC,PT_PCOS,_T,202306,2015-Q2,0.31,A,0,1,
OECD.SDD.STES:DSD_STES_REVISIONS@DF_STES_REVISIONS(4.0),EA20,Q,ULC,PT_PCOS,_T,202304,2015-Q2,0.31,A,0,1,
OECD.SDD.STES:DSD_STES_REVISIONS@DF_STES_REVISIONS(4.0),EA20,Q,ULC,PT_PCOS,_T,202310,2015-Q2,0.29,A,0,1,
OECD.SDD.STES:DSD_STES_REVISIONS@DF_STES_REVISIONS(4.0),EA20,Q,ULC,PT_PCOS,_T,202312,2015-Q2,0.3,A,0,1,
OECD.SDD.STES:DSD_STES_REVISIONS@DF_STES_REVISIONS(4.0),EA20,Q,ULC,PT_PCOS,_T,202305,2015-Q2,0.31,A,0,1,
OECD.SDD.STES:DSD_STES_REVISIONS@DF_STES_REVISIONS(4.0),EA20,Q,ULC,PT_PCOS,_T,202308,2015-Q2,0.3,A,0,1,
OECD.SDD.STES:DSD_STES_REVISIONS@DF_STES_REVISIONS(4.0),EA20,Q,ULC,PT_PCOS,_T,202309,2015-Q2,0.3,A,0,1,
OECD.SDD.STES:DSD_STES_REVISIONS@DF_STES_REVISIONS(4.0),EA20,Q,ULC,PT_PCOS,_T,202307,2015-Q2,0.3,A,0,1,
OECD.SDD.STES:DSD_STES_REVISIONS@DF_STES_REVISIONS(4.0),EA20,Q,ULC,PT_PCOS,_T,202311,2015-Q3,0.16,A,0,1,
OECD.SDD.STES:DSD_STES_REVISIONS@DF_STES_REVISIONS(4.0),EA20,Q,ULC,PT_PCOS,_T,202306,2015-Q3,0.13,A,0,1,
OECD.SDD.STES:DSD_STES_REVISIONS@DF_STES_REVISIONS(4.0),EA20,Q,ULC,PT_PCOS,_T,202304,2015-Q3,0.13,A,0,1,
OECD.SDD.STES:DSD_STES_REVISIONS@DF_STES_REVISIONS(4.0),EA20,Q,ULC,PT_PCOS,_T,202310,2015-Q3,0.17,A,0,1,
OECD.SDD.STES:DSD_STES_REVISIONS@DF_STES_REVISIONS(4.0),EA20,Q,ULC,PT_PCOS,_T,202312,2015-Q3,0.16,A,0,1,
OECD.SDD.STES:DSD_STES_REVISIONS@DF_STES_REVISIONS(4.0),EA20,Q,ULC,PT_PCOS,_T,202305,2015-Q3,0.13,A,0,1,
OECD.SDD.STES:DSD_STES_REVISIONS@DF_STES_REVISIONS(4.0),EA20,Q,ULC,PT_PCOS,_T,202308,2015-Q3,0.12,A,0,1,
OECD.SDD.STES:DSD_STES_REVISIONS@DF_STES_REVISIONS(4.0),EA20,Q,ULC,PT_PCOS,_T,202309,2015-Q3,0.12,A,0,1,
OECD.SDD.STES:DSD_STES_REVISIONS@DF_STES_REVISIONS(4.0),EA20,Q,ULC,PT_PCOS,_T,202307,2015-Q3,0.12,A,0,1,
OECD.SDD.STES:DSD_STES_REVISIONS@DF_STES_REVISIONS(4.0),EA20,Q,ULC,PT_PCOS,_T,202311,2015-Q4,0.26,A,0,1,
OECD.SDD.STES:DSD_STES_REVISIONS@DF_STES_REVISIONS(4.0),EA20,Q,ULC,PT_PCOS,_T,202306,2015-Q4,0.26,A,0,1,
OECD.SDD.STES:DSD_STES_REVISIONS@DF_STES_REVISIONS(4.0),EA20,Q,ULC,PT_PCOS,_T,202304,2015-Q4,0.26,A,0,1,
OECD.SDD.STES:DSD_STES_REVISIONS@DF_STES_REVISIONS(4.0),EA20,Q,ULC,PT_PCOS,_T,202310,2015-Q4,0.26,A,0,1,
OECD.SDD.STES:DSD_STES_REVISIONS@DF_STES_REVISIONS(4.0),EA20,Q,ULC,PT_PCOS,_T,202312,2015-Q4,0.26,A,0,1,
OECD.SDD.STES:DSD_STES_REVISIONS@DF_STES_REVISIONS(4.0),EA20,Q,ULC,PT_PCOS,_T,202305,2015-Q4,0.26,A,0,1,
OECD.SDD.STES:DSD_STES_REVISIONS@DF_STES_REVISIONS(4.0),EA20,Q,ULC,PT_PCOS,_T,202308,2015-Q4,0.27,A,0,1,
OECD.SDD.STES:DSD_STES_REVISIONS@DF_STES_REVISIONS(4.0),EA20,Q,ULC,PT_PCOS,_T,202309,2015-Q4,0.27,A,0,1,
OECD.SDD.STES:DSD_STES_REVISIONS@DF_STES_REVISIONS(4.0),EA20,Q,ULC,PT_PCOS,_T,202307,2015-Q4,0.27,A,0,1,
OECD.SDD.STES:DSD_STES_REVISIONS@DF_STES_REVISIONS(4.0),EA20,Q,ULC,PT_PCOS,_T,202311,2016-Q1,0.04,A,0,1,
OECD.SDD.STES:DSD_STES_REVISIONS@DF_STES_REVISIONS(4.0),EA20,Q,ULC,PT_PCOS,_T,202306,2016-Q1,0.05,A,0,1,
OECD.SDD.STES:DSD_STES_REVISIONS@DF_STES_REVISIONS(4.0),EA20,Q,ULC,PT_PCOS,_T,202304,2016-Q1,0.05,A,0,1,
OECD.SDD.STES:DSD_STES_REVISIONS@DF_STES_REVISIONS(4.0),EA20,Q,ULC,PT_PCOS,_T,202310,2016-Q1,0.03,A,0,1,
OECD.SDD.STES:DSD_STES_REVISIONS@DF_STES_REVISIONS(4.0),EA20,Q,ULC,PT_PCOS,_T,202312,2016-Q1,0.04,A,0,1,
OECD.SDD.STES:DSD_STES_REVISIONS@DF_STES_REVISIONS(4.0),EA20,Q,ULC,PT_PCOS,_T,202305,2016-Q1,0.05,A,0,1,
OECD.SDD.STES:DSD_STES_REVISIONS@DF_STES_REVISIONS(4.0),EA20,Q,ULC,PT_PCOS,_T,202308,2016-Q1,0.06,A,0,1,
OECD.SDD.STES:DSD_STES_REVISIONS@DF_STES_REVISIONS(4.0),EA20,Q,ULC,PT_PCOS,_T,202309,2016-Q1,0.06,A,0,1,
OECD.SDD.STES:DSD_STES_REVISIONS@DF_STES_REVISIONS(4.0),EA20,Q,ULC,PT_PCOS,_T,202307,2016-Q1,0.06,A,0,1,
OECD.SDD.STES:DSD_STES_REVISIONS@DF_STES_REVISIONS(4.0),EA20,Q,ULC,PT_PCOS,_T,202311,2016-Q2,0.37,A,0,1,
OECD.SDD.STES:DSD_STES_REVISIONS@DF_STES_REVISIONS(4.0),EA20,Q,ULC,PT_PCOS,_T,202306,2016-Q2,0.37,A,0,1,
OECD.SDD.STES:DSD_STES_REVISIONS@DF_STES_REVISIONS(4.0),EA20,Q,ULC,PT_PCOS,_T,202304,2016-Q2,0.37,A,0,1,
OECD.SDD.STES:DSD_STES_REVISIONS@DF_STES_REVISIONS(4.0),EA20,Q,ULC,PT_PCOS,_T,202310,2016-Q2,0.37,A,0,1,
OECD.SDD.STES:DSD_STES_REVISIONS@DF_STES_REVISIONS(4.0),EA20,Q,ULC,PT_PCOS,_T,202312,2016-Q2,0.37,A,0,1,
OECD.SDD.STES:DSD_STES_REVISIONS@DF_STES_REVISIONS(4.0),EA20,Q,ULC,PT_PCOS,_T,202305,2016-Q2,0.37,A,0,1,
OECD.SDD.STES:DSD_STES_REVISIONS@DF_STES_REVISIONS(4.0),EA20,Q,ULC,PT_PCOS,_T,202308,2016-Q2,0.36,A,0,1,
OECD.SDD.STES:DSD_STES_REVISIONS@DF_STES_REVISIONS(4.0),EA20,Q,ULC,PT_PCOS,_T,202309,2016-Q2,0.36,A,0,1,
OECD.SDD.STES:DSD_STES_REVISIONS@DF_STES_REVISIONS(4.0),EA20,Q,ULC,PT_PCOS,_T,202307,2016-Q2,0.36,A,0,1,
OECD.SDD.STES:DSD_STES_REVISIONS@DF_STES_REVISIONS(4.0),EA20,Q,ULC,PT_PCOS,_T,202311,2016-Q3,0.23,A,0,1,
OECD.SDD.STES:DSD_STES_REVISIONS@DF_STES_REVISIONS(4.0),EA20,Q,ULC,PT_PCOS,_T,202306,2016-Q3,0.23,A,0,1,
OECD.SDD.STES:DSD_STES_REVISIONS@DF_STES_REVISIONS(4.0),EA20,Q,ULC,PT_PCOS,_T,202304,2016-Q3,0.23,A,0,1,
OECD.SDD.STES:DSD_STES_REVISIONS@DF_STES_REVISIONS(4.0),EA20,Q,ULC,PT_PCOS,_T,202310,2016-Q3,0.24,A,0,1,
OECD.SDD.STES:DSD_STES_REVISIONS@DF_STES_REVISIONS(4.0),EA20,Q,ULC,PT_PCOS,_T,202312,2016-Q3,0.23,A,0,1,
OECD.SDD.STES:DSD_STES_REVISIONS@DF_STES_REVISIONS(4.0),EA20,Q,ULC,PT_PCOS,_T,202305,2016-Q3,0.23,A,0,1,
OECD.SDD.STES:DSD_STES_REVISIONS@DF_STES_REVISIONS(4.0),EA20,Q,ULC,PT_PCOS,_T,202308,2016-Q3,0.21,A,0,1,
OECD.SDD.STES:DSD_STES_REVISIONS@DF_STES_REVISIONS(4.0),EA20,Q,ULC,PT_PCOS,_T,202309,2016-Q3,0.21,A,0,1,
OECD.SDD.STES:DSD_STES_REVISIONS@DF_STES_REVISIONS(4.0),EA20,Q,ULC,PT_PCOS,_T,202307,2016-Q3,0.21,A,0,1,
OECD.SDD.STES:DSD_STES_REVISIONS@DF_STES_REVISIONS(4.0),EA20,Q,ULC,PT_PCOS,_T,202311,2016-Q4,0.06,A,0,1,
OECD.SDD.STES:DSD_STES_REVISIONS@DF_STES_REVISIONS(4.0),EA20,Q,ULC,PT_PCOS,_T,202306,2016-Q4,0.07,A,0,1,
OECD.SDD.STES:DSD_STES_REVISIONS@DF_STES_REVISIONS(4.0),EA20,Q,ULC,PT_PCOS,_T,202304,2016-Q4,0.07,A,0,1,
OECD.SDD.STES:DSD_STES_REVISIONS@DF_STES_REVISIONS(4.0),EA20,Q,ULC,PT_PCOS,_T,202310,2016-Q4,0.07,A,0,1,
OECD.SDD.STES:DSD_STES_REVISIONS@DF_STES_REVISIONS(4.0),EA20,Q,ULC,PT_PCOS,_T,202312,2016-Q4,0.06,A,0,1,
OECD.SDD.STES:DSD_STES_REVISIONS@DF_STES_REVISIONS(4.0),EA20,Q,ULC,PT_PCOS,_T,202305,2016-Q4,0.07,A,0,1,
OECD.SDD.STES:DSD_STES_REVISIONS@DF_STES_REVISIONS(4.0),EA20,Q,ULC,PT_PCOS,_T,202308,2016-Q4,0.09,A,0,1,
OECD.SDD.STES:DSD_STES_REVISIONS@DF_STES_REVISIONS(4.0),EA20,Q,ULC,PT_PCOS,_T,202309,2016-Q4,0.09,A,0,1,
OECD.SDD.STES:DSD_STES_REVISIONS@DF_STES_REVISIONS(4.0),EA20,Q,ULC,PT_PCOS,_T,202307,2016-Q4,0.09,A,0,1,
OECD.SDD.STES:DSD_STES_REVISIONS@DF_STES_REVISIONS(4.0),EA20,Q,ULC,PT_PCOS,_T,202311,2017-Q1,0.22,A,0,1,
OECD.SDD.STES:DSD_STES_REVISIONS@DF_STES_REVISIONS(4.0),EA20,Q,ULC,PT_PCOS,_T,202306,2017-Q1,0.25,A,0,1,
OECD.SDD.STES:DSD_STES_REVISIONS@DF_STES_REVISIONS(4.0),EA20,Q,ULC,PT_PCOS,_T,202304,2017-Q1,0.25,A,0,1,
OECD.SDD.STES:DSD_STES_REVISIONS@DF_STES_REVISIONS(4.0),EA20,Q,ULC,PT_PCOS,_T,202310,2017-Q1,0.23,A,0,1,
OECD.SDD.STES:DSD_STES_REVISIONS@DF_STES_REVISIONS(4.0),EA20,Q,ULC,PT_PCOS,_T,202312,2017-Q1,0.22,A,0,1,
OECD.SDD.STES:DSD_STES_REVISIONS@DF_STES_REVISIONS(4.0),EA20,Q,ULC,PT_PCOS,_T,202305,2017-Q1,0.25,A,0,1,
OECD.SDD.STES:DSD_STES_REVISIONS@DF_STES_REVISIONS(4.0),EA20,Q,ULC,PT_PCOS,_T,202308,2017-Q1,0.27,A,0,1,
OECD.SDD.STES:DSD_STES_REVISIONS@DF_STES_REVISIONS(4.0),EA20,Q,ULC,PT_PCOS,_T,202309,2017-Q1,0.27,A,0,1,
OECD.SDD.STES:DSD_STES_REVISIONS@DF_STES_REVISIONS(4.0),EA20,Q,ULC,PT_PCOS,_T,202307,2017-Q1,0.27,A,0,1,
OECD.SDD.STES:DSD_STES_REVISIONS@DF_STES_REVISIONS(4.0),EA20,Q,ULC,PT_PCOS,_T,202311,2017-Q2,-0.02,A,0,1,
OECD.SDD.STES:DSD_STES_REVISIONS@DF_STES_REVISIONS(4.0),EA20,Q,ULC,PT_PCOS,_T,202306,2017-Q2,-0.03,A,0,1,
OECD.SDD.STES:DSD_STES_REVISIONS@DF_STES_REVISIONS(4.0),EA20,Q,ULC,PT_PCOS,_T,202304,2017-Q2,-0.03,A,0,1,
OECD.SDD.STES:DSD_STES_REVISIONS@DF_STES_REVISIONS(4.0),EA20,Q,ULC,PT_PCOS,_T,202310,2017-Q2,-0.04,A,0,1,
OECD.SDD.STES:DSD_STES_REVISIONS@DF_STES_REVISIONS(4.0),EA20,Q,ULC,PT_PCOS,_T,202312,2017-Q2,-0.02,A,0,1,
OECD.SDD.STES:DSD_STES_REVISIONS@DF_STES_REVISIONS(4.0),EA20,Q,ULC,PT_PCOS,_T,202305,2017-Q2,-0.03,A,0,1,
OECD.SDD.STES:DSD_STES_REVISIONS@DF_STES_REVISIONS(4.0),EA20,Q,ULC,PT_PCOS,_T,202308,2017-Q2,-0.04,A,0,1,
OECD.SDD.STES:DSD_STES_REVISIONS@DF_STES_REVISIONS(4.0),EA20,Q,ULC,PT_PCOS,_T,202309,2017-Q2,-0.04,A,0,1,
OECD.SDD.STES:DSD_STES_REVISIONS@DF_STES_REVISIONS(4.0),EA20,Q,ULC,PT_PCOS,_T,202307,2017-Q2,-0.04,A,0,1,
OECD.SDD.STES:DSD_STES_REVISIONS@DF_STES_REVISIONS(4.0),EA20,Q,ULC,PT_PCOS,_T,202402,2010-Q1,-0.07,A,0,1,
OECD.SDD.STES:DSD_STES_REVISIONS@DF_STES_REVISIONS(4.0),EA20,Q,ULC,PT_PCOS,_T,202401,2010-Q1,-0.07,A,0,1,
OECD.SDD.STES:DSD_STES_REVISIONS@DF_STES_REVISIONS(4.0),EA20,Q,ULC,PT_PCOS,_T,202404,2010-Q1,-0.07,A,0,1,
OECD.SDD.STES:DSD_STES_REVISIONS@DF_STES_REVISIONS(4.0),EA20,Q,ULC,PT_PCOS,_T,202403,2010-Q1,-0.07,A,0,1,
OECD.SDD.STES:DSD_STES_REVISIONS@DF_STES_REVISIONS(4.0),EA20,Q,ULC,PT_PCOS,_T,202405,2010-Q1,-0.07,A,0,1,
OECD.SDD.STES:DSD_STES_REVISIONS@DF_STES_REVISIONS(4.0),EA20,Q,ULC,PT_PCOS,_T,202412,2010-Q1,-0.11,A,0,1,
OECD.SDD.STES:DSD_STES_REVISIONS@DF_STES_REVISIONS(4.0),EA20,Q,ULC,PT_PCOS,_T,202409,2010-Q1,-0.12,A,0,1,
OECD.SDD.STES:DSD_STES_REVISIONS@DF_STES_REVISIONS(4.0),EA20,Q,ULC,PT_PCOS,_T,202411,2010-Q1,-0.11,A,0,1,
OECD.SDD.STES:DSD_STES_REVISIONS@DF_STES_REVISIONS(4.0),EA20,Q,ULC,PT_PCOS,_T,202407,2010-Q1,-0.12,A,0,1,
OECD.SDD.STES:DSD_STES_REVISIONS@DF_STES_REVISIONS(4.0),EA20,Q,ULC,PT_PCOS,_T,202406,2010-Q1,-0.07,A,0,1,
OECD.SDD.STES:DSD_STES_REVISIONS@DF_STES_REVISIONS(4.0),EA20,Q,ULC,PT_PCOS,_T,202408,2010-Q1,-0.12,A,0,1,
OECD.SDD.STES:DSD_STES_REVISIONS@DF_STES_REVISIONS(4.0),EA20,Q,ULC,PT_PCOS,_T,202510,2010-Q1,-0.11,A,0,1,
OECD.SDD.STES:DSD_STES_REVISIONS@DF_STES_REVISIONS(4.0),EA20,Q,ULC,PT_PCOS,_T,202504,2010-Q1,-0.11,A,0,1,
OECD.SDD.STES:DSD_STES_REVISIONS@DF_STES_REVISIONS(4.0),EA20,Q,ULC,PT_PCOS,_T,202507,2010-Q1,-0.11,A,0,1,
OECD.SDD.STES:DSD_STES_REVISIONS@DF_STES_REVISIONS(4.0),EA20,Q,ULC,PT_PCOS,_T,202506,2010-Q1,-0.11,A,0,1,
OECD.SDD.STES:DSD_STES_REVISIONS@DF_STES_REVISIONS(4.0),EA20,Q,ULC,PT_PCOS,_T,202508,2010-Q1,-0.11,A,0,1,
OECD.SDD.STES:DSD_STES_REVISIONS@DF_STES_REVISIONS(4.0),EA20,Q,ULC,PT_PCOS,_T,202503,2010-Q1,-0.11,A,0,1,
OECD.SDD.STES:DSD_STES_REVISIONS@DF_STES_REVISIONS(4.0),EA20,Q,ULC,PT_PCOS,_T,202505,2010-Q1,-0.11,A,0,1,
OECD.SDD.STES:DSD_STES_REVISIONS@DF_STES_REVISIONS(4.0),EA20,Q,ULC,PT_PCOS,_T,202501,2010-Q1,-0.11,A,0,1,
OECD.SDD.STES:DSD_STES_REVISIONS@DF_STES_REVISIONS(4.0),EA20,Q,ULC,PT_PCOS,_T,202502,2010-Q1,-0.11,A,0,1,
OECD.SDD.STES:DSD_STES_REVISIONS@DF_STES_REVISIONS(4.0),EA20,Q,ULC,PT_PCOS,_T,202410,2010-Q1,-0.11,A,0,1,
OECD.SDD.STES:DSD_STES_REVISIONS@DF_STES_REVISIONS(4.0),EA20,Q,ULC,PT_PCOS,_T,202608,2010-Q1,-0.11,A,0,1,
OECD.SDD.STES:DSD_STES_REVISIONS@DF_STES_REVISIONS(4.0),EA20,Q,ULC,PT_PCOS,_T,202607,2010-Q1,-0.11,A,0,1,
OECD.SDD.STES:DSD_STES_REVISIONS@DF_STES_REVISIONS(4.0),EA20,Q,ULC,PT_PCOS,_T,202605,2010-Q1,-0.11,A,0,1,
OECD.SDD.STES:DSD_STES_REVISIONS@DF_STES_REVISIONS(4.0),EA20,Q,ULC,PT_PCOS,_T,202609,2010-Q1,-0.11,A,0,1,
OECD.SDD.STES:DSD_STES_REVISIONS@DF_STES_REVISIONS(4.0),EA20,Q,ULC,PT_PCOS,_T,202606,2010-Q1,-0.11,A,0,1,
OECD.SDD.STES:DSD_STES_REVISIONS@DF_STES_REVISIONS(4.0),EA20,Q,ULC,PT_PCOS,_T,202604,2010-Q1,-0.11,A,0,1,
OECD.SDD.STES:DSD_STES_REVISIONS@DF_STES_REVISIONS(4.0),EA20,Q,ULC,PT_PCOS,_T,202603,2010-Q1,-0.11,A,0,1,
OECD.SDD.STES:DSD_STES_REVISIONS@DF_STES_REVISIONS(4.0),EA20,Q,ULC,PT_PCOS,_T,202602,2010-Q1,-0.11,A,0,1,
OECD.SDD.STES:DSD_STES_REVISIONS@DF_STES_REVISIONS(4.0),EA20,Q,ULC,PT_PCOS,_T,202512,2010-Q1,-0.11,A,0,1,
OECD.SDD.STES:DSD_STES_REVISIONS@DF_STES_REVISIONS(4.0),EA20,Q,ULC,PT_PCOS,_T,202511,2010-Q1,-0.11,A,0,1,
OECD.SDD.STES:DSD_STES_REVISIONS@DF_STES_REVISIONS(4.0),EA20,Q,ULC,PT_PCOS,_T,202601,2010-Q1,-0.11,A,0,1,
OECD.SDD.STES:DSD_STES_REVISIONS@DF_STES_REVISIONS(4.0),EA20,Q,ULC,PT_PCOS,_T,202509,2010-Q1,-0.11,A,0,1,
OECD.SDD.STES:DSD_STES_REVISIONS@DF_STES_REVISIONS(4.0),EA20,Q,ULC,PT_PCOS,_T,202402,2010-Q2,-0.28,A,0,1,
OECD.SDD.STES:DSD_STES_REVISIONS@DF_STES_REVISIONS(4.0),EA20,Q,ULC,PT_PCOS,_T,202401,2010-Q2,-0.28,A,0,1,
OECD.SDD.STES:DSD_STES_REVISIONS@DF_STES_REVISIONS(4.0),EA20,Q,ULC,PT_PCOS,_T,202404,2010-Q2,-0.28,A,0,1,
OECD.SDD.STES:DSD_STES_REVISIONS@DF_STES_REVISIONS(4.0),EA20,Q,ULC,PT_PCOS,_T,202403,2010-Q2,-0.28,A,0,1,
OECD.SDD.STES:DSD_STES_REVISIONS@DF_STES_REVISIONS(4.0),EA20,Q,ULC,PT_PCOS,_T,202405,2010-Q2,-0.28,A,0,1,
OECD.SDD.STES:DSD_STES_REVISIONS@DF_STES_REVISIONS(4.0),EA20,Q,ULC,PT_PCOS,_T,202412,2010-Q2,-0.3,A,0,1,
OECD.SDD.STES:DSD_STES_REVISIONS@DF_STES_REVISIONS(4.0),EA20,Q,ULC,PT_PCOS,_T,202409,2010-Q2,-0.19,A,0,1,
OECD.SDD.STES:DSD_STES_REVISIONS@DF_STES_REVISIONS(4.0),EA20,Q,ULC,PT_PCOS,_T,202411,2010-Q2,-0.3,A,0,1,
OECD.SDD.STES:DSD_STES_REVISIONS@DF_STES_REVISIONS(4.0),EA20,Q,ULC,PT_PCOS,_T,202407,2010-Q2,-0.19,A,0,1,
OECD.SDD.STES:DSD_STES_REVISIONS@DF_STES_REVISIONS(4.0),EA20,Q,ULC,PT_PCOS,_T,202406,2010-Q2,-0.28,A,0,1,
OECD.SDD.STES:DSD_STES_REVISIONS@DF_STES_REVISIONS(4.0),EA20,Q,ULC,PT_PCOS,_T,202408,2010-Q2,-0.19,A,0,1,
OECD.SDD.STES:DSD_STES_REVISIONS@DF_STES_REVISIONS(4.0),EA20,Q,ULC,PT_PCOS,_T,202510,2010-Q2,-0.3,A,0,1,
OECD.SDD.STES:DSD_STES_REVISIONS@DF_STES_REVISIONS(4.0),EA20,Q,ULC,PT_PCOS,_T,202504,2010-Q2,-0.3,A,0,1,
OECD.SDD.STES:DSD_STES_REVISIONS@DF_STES_REVISIONS(4.0),EA20,Q,ULC,PT_PCOS,_T,202507,2010-Q2,-0.3,A,0,1,
OECD.SDD.STES:DSD_STES_REVISIONS@DF_STES_REVISIONS(4.0),EA20,Q,ULC,PT_PCOS,_T,202506,2010-Q2,-0.3,A,0,1,
OECD.SDD.STES:DSD_STES_REVISIONS@DF_STES_REVISIONS(4.0),EA20,Q,ULC,PT_PCOS,_T,202508,2010-Q2,-0.299999999999999,A,0,1,
OECD.SDD.STES:DSD_STES_REVISIONS@DF_STES_REVISIONS(4.0),EA20,Q,ULC,PT_PCOS,_T,202503,2010-Q2,-0.3,A,0,1,
OECD.SDD.STES:DSD_STES_REVISIONS@DF_STES_REVISIONS(4.0),EA20,Q,ULC,PT_PCOS,_T,202505,2010-Q2,-0.3,A,0,1,
OECD.SDD.STES:DSD_STES_REVISIONS@DF_STES_REVISIONS(4.0),EA20,Q,ULC,PT_PCOS,_T,202501,2010-Q2,-0.3,A,0,1,
OECD.SDD.STES:DSD_STES_REVISIONS@DF_STES_REVISIONS(4.0),EA20,Q,ULC,PT_PCOS,_T,202502,2010-Q2,-0.3,A,0,1,
OECD.SDD.STES:DSD_STES_REVISIONS@DF_STES_REVISIONS(4.0),EA20,Q,ULC,PT_PCOS,_T,202410,2010-Q2,-0.3,A,0,1,
OECD.SDD.STES:DSD_STES_REVISIONS@DF_STES_REVISIONS(4.0),EA20,Q,ULC,PT_PCOS,_T,202608,2010-Q2,-0.3,A,0,1,
OECD.SDD.STES:DSD_STES_REVISIONS@DF_STES_REVISIONS(4.0),EA20,Q,ULC,PT_PCOS,_T,202607,2010-Q2,-0.3,A,0,1,
OECD.SDD.STES:DSD_STES_REVISIONS@DF_STES_REVISIONS(4.0),EA20,Q,ULC,PT_PCOS,_T,202605,2010-Q2,-0.3,A,0,1,
OECD.SDD.STES:DSD_STES_REVISIONS@DF_STES_REVISIONS(4.0),EA20,Q,ULC,PT_PCOS,_T,202609,2010-Q2,-0.3,A,0,1,
OECD.SDD.STES:DSD_STES_REVISIONS@DF_STES_REVISIONS(4.0),EA20,Q,ULC,PT_PCOS,_T,202606,2010-Q2,-0.3,A,0,1,
OECD.SDD.STES:DSD_STES_REVISIONS@DF_STES_REVISIONS(4.0),EA20,Q,ULC,PT_PCOS,_T,202604,2010-Q2,-0.3,A,0,1,
OECD.SDD.STES:DSD_STES_REVISIONS@DF_STES_REVISIONS(4.0),EA20,Q,ULC,PT_PCOS,_T,202603,2010-Q2,-0.3,A,0,1,
OECD.SDD.STES:DSD_STES_REVISIONS@DF_STES_REVISIONS(4.0),EA20,Q,ULC,PT_PCOS,_T,202602,2010-Q2,-0.3,A,0,1,
OECD.SDD.STES:DSD_STES_REVISIONS@DF_STES_REVISIONS(4.0),EA20,Q,ULC,PT_PCOS,_T,202512,2010-Q2,-0.3,A,0,1,
OECD.SDD.STES:DSD_STES_REVISIONS@DF_STES_REVISIONS(4.0),EA20,Q,ULC,PT_PCOS,_T,202601,2010-Q2,-0.3,A,0,1,
OECD.SDD.STES:DSD_STES_REVISIONS@DF_STES_REVISIONS(4.0),EA20,Q,ULC,PT_PCOS,_T,202511,2010-Q2,-0.3,A,0,1,
OECD.SDD.STES:DSD_STES_REVISIONS@DF_STES_REVISIONS(4.0),EA20,Q,ULC,PT_PCOS,_T,202509,2010-Q2,-0.3,A,0,1,
OECD.SDD.STES:DSD_STES_REVISIONS@DF_STES_REVISIONS(4.0),EA20,Q,ULC,PT_PCOS,_T,202402,2010-Q3,-0.09,A,0,1,
OECD.SDD.STES:DSD_STES_REVISIONS@DF_STES_REVISIONS(4.0),EA20,Q,ULC,PT_PCOS,_T,202401,2010-Q3,-0.09,A,0,1,
OECD.SDD.STES:DSD_STES_REVISIONS@DF_STES_REVISIONS(4.0),EA20,Q,ULC,PT_PCOS,_T,202404,2010-Q3,-0.09,A,0,1,
OECD.SDD.STES:DSD_STES_REVISIONS@DF_STES_REVISIONS(4.0),EA20,Q,ULC,PT_PCOS,_T,202403,2010-Q3,-0.09,A,0,1,
OECD.SDD.STES:DSD_STES_REVISIONS@DF_STES_REVISIONS(4.0),EA20,Q,ULC,PT_PCOS,_T,202405,2010-Q3,-0.09,A,0,1,
OECD.SDD.STES:DSD_STES_REVISIONS@DF_STES_REVISIONS(4.0),EA20,Q,ULC,PT_PCOS,_T,202412,2010-Q3,-0.06,A,0,1,
OECD.SDD.STES:DSD_STES_REVISIONS@DF_STES_REVISIONS(4.0),EA20,Q,ULC,PT_PCOS,_T,202409,2010-Q3,-0.09,A,0,1,
OECD.SDD.STES:DSD_STES_REVISIONS@DF_STES_REVISIONS(4.0),EA20,Q,ULC,PT_PCOS,_T,202411,2010-Q3,-0.06,A,0,1,
OECD.SDD.STES:DSD_STES_REVISIONS@DF_STES_REVISIONS(4.0),EA20,Q,ULC,PT_PCOS,_T,202407,2010-Q3,-0.09,A,0,1,
OECD.SDD.STES:DSD_STES_REVISIONS@DF_STES_REVISIONS(4.0),EA20,Q,ULC,PT_PCOS,_T,202406,2010-Q3,-0.09,A,0,1,
OECD.SDD.STES:DSD_STES_REVISIONS@DF_STES_REVISIONS(4.0),EA20,Q,ULC,PT_PCOS,_T,202408,2010-Q3,-0.09,A,0,1,
OECD.SDD.STES:DSD_STES_REVISIONS@DF_STES_REVISIONS(4.0),EA20,Q,ULC,PT_PCOS,_T,202510,2010-Q3,-0.06,A,0,1,
OECD.SDD.STES:DSD_STES_REVISIONS@DF_STES_REVISIONS(4.0),EA20,Q,ULC,PT_PCOS,_T,202504,2010-Q3,-0.06,A,0,1,
OECD.SDD.STES:DSD_STES_REVISIONS@DF_STES_REVISIONS(4.0),EA20,Q,ULC,PT_PCOS,_T,202507,2010-Q3,-0.06,A,0,1,
OECD.SDD.STES:DSD_STES_REVISIONS@DF_STES_REVISIONS(4.0),EA20,Q,ULC,PT_PCOS,_T,202506,2010-Q3,-0.06,A,0,1,
OECD.SDD.STES:DSD_STES_REVISIONS@DF_STES_REVISIONS(4.0),EA20,Q,ULC,PT_PCOS,_T,202508,2010-Q3,-0.0599999999999999,A,0,1,
OECD.SDD.STES:DSD_STES_REVISIONS@DF_STES_REVISIONS(4.0),EA20,Q,ULC,PT_PCOS,_T,202503,2010-Q3,-0.06,A,0,1,
OECD.SDD.STES:DSD_STES_REVISIONS@DF_STES_REVISIONS(4.0),EA20,Q,ULC,PT_PCOS,_T,202505,2010-Q3,-0.06,A,0,1,
OECD.SDD.STES:DSD_STES_REVISIONS@DF_STES_REVISIONS(4.0),EA20,Q,ULC,PT_PCOS,_T,202501,2010-Q3,-0.06,A,0,1,
OECD.SDD.STES:DSD_STES_REVISIONS@DF_STES_REVISIONS(4.0),EA20,Q,ULC,PT_PCOS,_T,202502,2010-Q3,-0.06,A,0,1,
OECD.SDD.STES:DSD_STES_REVISIONS@DF_STES_REVISIONS(4.0),EA20,Q,ULC,PT_PCOS,_T,202410,2010-Q3,-0.06,A,0,1,
OECD.SDD.STES:DSD_STES_REVISIONS@DF_STES_REVISIONS(4.0),EA20,Q,ULC,PT_PCOS,_T,202608,2010-Q3,-0.06,A,0,1,
OECD.SDD.STES:DSD_STES_REVISIONS@DF_STES_REVISIONS(4.0),EA20,Q,ULC,PT_PCOS,_T,202607,2010-Q3,-0.06,A,0,1,
OECD.SDD.STES:DSD_STES_REVISIONS@DF_STES_REVISIONS(4.0),EA20,Q,ULC,PT_PCOS,_T,202605,2010-Q3,-0.06,A,0,1,
OECD.SDD.STES:DSD_STES_REVISIONS@DF_STES_REVISIONS(4.0),EA20,Q,ULC,PT_PCOS,_T,202609,2010-Q3,-0.06,A,0,1,
OECD.SDD.STES:DSD_STES_REVISIONS@DF_STES_REVISIONS(4.0),EA20,Q,ULC,PT_PCOS,_T,202606,2010-Q3,-0.06,A,0,1,
OECD.SDD.STES:DSD_STES_REVISIONS@DF_STES_REVISIONS(4.0),EA20,Q,ULC,PT_PCOS,_T,202604,2010-Q3,-0.06,A,0,1,
OECD.SDD.STES:DSD_STES_REVISIONS@DF_STES_REVISIONS(4.0),EA20,Q,ULC,PT_PCOS,_T,202603,2010-Q3,-0.06,A,0,1,
OECD.SDD.STES:DSD_STES_REVISIONS@DF_STES_REVISIONS(4.0),EA20,Q,ULC,PT_PCOS,_T,202602,2010-Q3,-0.06,A,0,1,
OECD.SDD.STES:DSD_STES_REVISIONS@DF_STES_REVISIONS(4.0),EA20,Q,ULC,PT_PCOS,_T,202512,2010-Q3,-0.06,A,0,1,
OECD.SDD.STES:DSD_STES_REVISIONS@DF_STES_REVISIONS(4.0),EA20,Q,ULC,PT_PCOS,_T,202511,2010-Q3,-0.06,A,0,1,
OECD.SDD.STES:DSD_STES_REVISIONS@DF_STES_REVISIONS(4.0),EA20,Q,ULC,PT_PCOS,_T,202601,2010-Q3,-0.06,A,0,1,
OECD.SDD.STES:DSD_STES_REVISIONS@DF_STES_REVISIONS(4.0),EA20,Q,ULC,PT_PCOS,_T,202509,2010-Q3,-0.06,A,0,1,
OECD.SDD.STES:DSD_STES_REVISIONS@DF_STES_REVISIONS(4.0),EA20,Q,ULC,PT_PCOS,_T,202402,2010-Q4,-0.03,A,0,1,
OECD.SDD.STES:DSD_STES_REVISIONS@DF_STES_REVISIONS(4.0),EA20,Q,ULC,PT_PCOS,_T,202401,2010-Q4,-0.03,A,0,1,
OECD.SDD.STES:DSD_STES_REVISIONS@DF_STES_REVISIONS(4.0),EA20,Q,ULC,PT_PCOS,_T,202404,2010-Q4,-0.03,A,0,1,
OECD.SDD.STES:DSD_STES_REVISIONS@DF_STES_REVISIONS(4.0),EA20,Q,ULC,PT_PCOS,_T,202403,2010-Q4,-0.03,A,0,1,
OECD.SDD.STES:DSD_STES_REVISIONS@DF_STES_REVISIONS(4.0),EA20,Q,ULC,PT_PCOS,_T,202405,2010-Q4,-0.03,A,0,1,
OECD.SDD.STES:DSD_STES_REVISIONS@DF_STES_REVISIONS(4.0),EA20,Q,ULC,PT_PCOS,_T,202412,2010-Q4,0.01,A,0,1,
OECD.SDD.STES:DSD_STES_REVISIONS@DF_STES_REVISIONS(4.0),EA20,Q,ULC,PT_PCOS,_T,202409,2010-Q4,0.03,A,0,1,
OECD.SDD.STES:DSD_STES_REVISIONS@DF_STES_REVISIONS(4.0),EA20,Q,ULC,PT_PCOS,_T,202411,2010-Q4,0.01,A,0,1,
OECD.SDD.STES:DSD_STES_REVISIONS@DF_STES_REVISIONS(4.0),EA20,Q,ULC,PT_PCOS,_T,202407,2010-Q4,0.03,A,0,1,
OECD.SDD.STES:DSD_STES_REVISIONS@DF_STES_REVISIONS(4.0),EA20,Q,ULC,PT_PCOS,_T,202406,2010-Q4,-0.03,A,0,1,
OECD.SDD.STES:DSD_STES_REVISIONS@DF_STES_REVISIONS(4.0),EA20,Q,ULC,PT_PCOS,_T,202408,2010-Q4,0.03,A,0,1,
OECD.SDD.STES:DSD_STES_REVISIONS@DF_STES_REVISIONS(4.0),EA20,Q,ULC,PT_PCOS,_T,202510,2010-Q4,0.01,A,0,1,
OECD.SDD.STES:DSD_STES_REVISIONS@DF_STES_REVISIONS(4.0),EA20,Q,ULC,PT_PCOS,_T,202504,2010-Q4,0.01,A,0,1,
OECD.SDD.STES:DSD_STES_REVISIONS@DF_STES_REVISIONS(4.0),EA20,Q,ULC,PT_PCOS,_T,202507,2010-Q4,0.01,A,0,1,
OECD.SDD.STES:DSD_STES_REVISIONS@DF_STES_REVISIONS(4.0),EA20,Q,ULC,PT_PCOS,_T,202506,2010-Q4,0.01,A,0,1,
OECD.SDD.STES:DSD_STES_REVISIONS@DF_STES_REVISIONS(4.0),EA20,Q,ULC,PT_PCOS,_T,202508,2010-Q4,0.01,A,0,1,
OECD.SDD.STES:DSD_STES_REVISIONS@DF_STES_REVISIONS(4.0),EA20,Q,ULC,PT_PCOS,_T,202503,2010-Q4,0.01,A,0,1,
OECD.SDD.STES:DSD_STES_REVISIONS@DF_STES_REVISIONS(4.0),EA20,Q,ULC,PT_PCOS,_T,202505,2010-Q4,0.01,A,0,1,
OECD.SDD.STES:DSD_STES_REVISIONS@DF_STES_REVISIONS(4.0),EA20,Q,ULC,PT_PCOS,_T,202501,2010-Q4,0.01,A,0,1,
OECD.SDD.STES:DSD_STES_REVISIONS@DF_STES_REVISIONS(4.0),EA20,Q,ULC,PT_PCOS,_T,202502,2010-Q4,0.01,A,0,1,
OECD.SDD.STES:DSD_STES_REVISIONS@DF_STES_REVISIONS(4.0),EA20,Q,ULC,PT_PCOS,_T,202410,2010-Q4,0.01,A,0,1,
OECD.SDD.STES:DSD_STES_REVISIONS@DF_STES_REVISIONS(4.0),EA20,Q,ULC,PT_PCOS,_T,202608,2010-Q4,0.01,A,0,1,
OECD.SDD.STES:DSD_STES_REVISIONS@DF_STES_REVISIONS(4.0),EA20,Q,ULC,PT_PCOS,_T,202607,2010-Q4,0.01,A,0,1,
OECD.SDD.STES:DSD_STES_REVISIONS@DF_STES_REVISIONS(4.0),EA20,Q,ULC,PT_PCOS,_T,202605,2010-Q4,0.01,A,0,1,
OECD.SDD.STES:DSD_STES_REVISIONS@DF_STES_REVISIONS(4.0),EA20,Q,ULC,PT_PCOS,_T,202609,2010-Q4,0.01,A,0,1,
OECD.SDD.STES:DSD_STES_REVISIONS@DF_STES_REVISIONS(4.0),EA20,Q,ULC,PT_PCOS,_T,202606,2010-Q4,0.01,A,0,1,
OECD.SDD.STES:DSD_STES_REVISIONS@DF_STES_REVISIONS(4.0),EA20,Q,ULC,PT_PCOS,_T,202604,2010-Q4,0.01,A,0,1,
OECD.SDD.STES:DSD_STES_REVISIONS@DF_STES_REVISIONS(4.0),EA20,Q,ULC,PT_PCOS,_T,202603,2010-Q4,0.01,A,0,1,
OECD.SDD.STES:DSD_STES_REVISIONS@DF_STES_REVISIONS(4.0),EA20,Q,ULC,PT_PCOS,_T,202602,2010-Q4,0.01,A,0,1,
OECD.SDD.STES:DSD_STES_REVISIONS@DF_STES_REVISIONS(4.0),EA20,Q,ULC,PT_PCOS,_T,202512,2010-Q4,0.01,A,0,1,
OECD.SDD.STES:DSD_STES_REVISIONS@DF_STES_REVISIONS(4.0),EA20,Q,ULC,PT_PCOS,_T,202601,2010-Q4,0.01,A,0,1,
OECD.SDD.STES:DSD_STES_REVISIONS@DF_STES_REVISIONS(4.0),EA20,Q,ULC,PT_PCOS,_T,202511,2010-Q4,0.01,A,0,1,
OECD.SDD.STES:DSD_STES_REVISIONS@DF_STES_REVISIONS(4.0),EA20,Q,ULC,PT_PCOS,_T,202509,2010-Q4,0.01,A,0,1,
OECD.SDD.STES:DSD_STES_REVISIONS@DF_STES_REVISIONS(4.0),EA20,Q,ULC,PT_PCOS,_T,202402,2011-Q1,-0.05,A,0,1,
OECD.SDD.STES:DSD_STES_REVISIONS@DF_STES_REVISIONS(4.0),EA20,Q,ULC,PT_PCOS,_T,202401,2011-Q1,-0.05,A,0,1,
OECD.SDD.STES:DSD_STES_REVISIONS@DF_STES_REVISIONS(4.0),EA20,Q,ULC,PT_PCOS,_T,202404,2011-Q1,-0.05,A,0,1,
OECD.SDD.STES:DSD_STES_REVISIONS@DF_STES_REVISIONS(4.0),EA20,Q,ULC,PT_PCOS,_T,202403,2011-Q1,-0.05,A,0,1,
OECD.SDD.STES:DSD_STES_REVISIONS@DF_STES_REVISIONS(4.0),EA20,Q,ULC,PT_PCOS,_T,202405,2011-Q1,-0.05,A,0,1,
OECD.SDD.STES:DSD_STES_REVISIONS@DF_STES_REVISIONS(4.0),EA20,Q,ULC,PT_PCOS,_T,202412,2011-Q1,-0.07,A,0,1,
OECD.SDD.STES:DSD_STES_REVISIONS@DF_STES_REVISIONS(4.0),EA20,Q,ULC,PT_PCOS,_T,202409,2011-Q1,-0.17,A,0,1,
OECD.SDD.STES:DSD_STES_REVISIONS@DF_STES_REVISIONS(4.0),EA20,Q,ULC,PT_PCOS,_T,202411,2011-Q1,-0.07,A,0,1,
OECD.SDD.STES:DSD_STES_REVISIONS@DF_STES_REVISIONS(4.0),EA20,Q,ULC,PT_PCOS,_T,202407,2011-Q1,-0.17,A,0,1,
OECD.SDD.STES:DSD_STES_REVISIONS@DF_STES_REVISIONS(4.0),EA20,Q,ULC,PT_PCOS,_T,202406,2011-Q1,-0.05,A,0,1,
OECD.SDD.STES:DSD_STES_REVISIONS@DF_STES_REVISIONS(4.0),EA20,Q,ULC,PT_PCOS,_T,202408,2011-Q1,-0.17,A,0,1,
OECD.SDD.STES:DSD_STES_REVISIONS@DF_STES_REVISIONS(4.0),EA20,Q,ULC,PT_PCOS,_T,202510,2011-Q1,-0.07,A,0,1,
OECD.SDD.STES:DSD_STES_REVISIONS@DF_STES_REVISIONS(4.0),EA20,Q,ULC,PT_PCOS,_T,202504,2011-Q1,-0.07,A,0,1,
OECD.SDD.STES:DSD_STES_REVISIONS@DF_STES_REVISIONS(4.0),EA20,Q,ULC,PT_PCOS,_T,202507,2011-Q1,-0.07,A,0,1,
OECD.SDD.STES:DSD_STES_REVISIONS@DF_STES_REVISIONS(4.0),EA20,Q,ULC,PT_PCOS,_T,202506,2011-Q1,-0.07,A,0,1,
OECD.SDD.STES:DSD_STES_REVISIONS@DF_STES_REVISIONS(4.0),EA20,Q,ULC,PT_PCOS,_T,202508,2011-Q1,-0.07,A,0,1,
OECD.SDD.STES:DSD_STES_REVISIONS@DF_STES_REVISIONS(4.0),EA20,Q,ULC,PT_PCOS,_T,202503,2011-Q1,-0.07,A,0,1,
OECD.SDD.STES:DSD_STES_REVISIONS@DF_STES_REVISIONS(4.0),EA20,Q,ULC,PT_PCOS,_T,202505,2011-Q1,-0.07,A,0,1,
OECD.SDD.STES:DSD_STES_REVISIONS@DF_STES_REVISIONS(4.0),EA20,Q,ULC,PT_PCOS,_T,202501,2011-Q1,-0.07,A,0,1,
OECD.SDD.STES:DSD_STES_REVISIONS@DF_STES_REVISIONS(4.0),EA20,Q,ULC,PT_PCOS,_T,202502,2011-Q1,-0.07,A,0,1,
OECD.SDD.STES:DSD_STES_REVISIONS@DF_STES_REVISIONS(4.0),EA20,Q,ULC,PT_PCOS,_T,202410,2011-Q1,-0.07,A,0,1,
OECD.SDD.STES:DSD_STES_REVISIONS@DF_STES_REVISIONS(4.0),EA20,Q,ULC,PT_PCOS,_T,202608,2011-Q1,-0.07,A,0,1,
OECD.SDD.STES:DSD_STES_REVISIONS@DF_STES_REVISIONS(4.0),EA20,Q,ULC,PT_PCOS,_T,202607,2011-Q1,-0.07,A,0,1,
OECD.SDD.STES:DSD_STES_REVISIONS@DF_STES_REVISIONS(4.0),EA20,Q,ULC,PT_PCOS,_T,202605,2011-Q1,-0.07,A,0,1,
OECD.SDD.STES:DSD_STES_REVISIONS@DF_STES_REVISIONS(4.0),EA20,Q,ULC,PT_PCOS,_T,202609,2011-Q1,-0.07,A,0,1,
OECD.SDD.STES:DSD_STES_REVISIONS@DF_STES_REVISIONS(4.0),EA20,Q,ULC,PT_PCOS,_T,202606,2011-Q1,-0.07,A,0,1,
OECD.SDD.STES:DSD_STES_REVISIONS@DF_STES_REVISIONS(4.0),EA20,Q,ULC,PT_PCOS,_T,202604,2011-Q1,-0.07,A,0,1,
OECD.SDD.STES:DSD_STES_REVISIONS@DF_STES_REVISIONS(4.0),EA20,Q,ULC,PT_PCOS,_T,202603,2011-Q1,-0.07,A,0,1,
OECD.SDD.STES:DSD_STES_REVISIONS@DF_STES_REVISIONS(4.0),EA20,Q,ULC,PT_PCOS,_T,202602,2011-Q1,-0.07,A,0,1,
OECD.SDD.STES:DSD_STES_REVISIONS@DF_STES_REVISIONS(4.0),EA20,Q,ULC,PT_PCOS,_T,202512,2011-Q1,-0.07,A,0,1,
OECD.SDD.STES:DSD_STES_REVISIONS@DF_STES_REVISIONS(4.0),EA20,Q,ULC,PT_PCOS,_T,202511,2011-Q1,-0.07,A,0,1,
OECD.SDD.STES:DSD_STES_REVISIONS@DF_STES_REVISIONS(4.0),EA20,Q,ULC,PT_PCOS,_T,202601,2011-Q1,-0.07,A,0,1,
OECD.SDD.STES:DSD_STES_REVISIONS@DF_STES_REVISIONS(4.0),EA20,Q,ULC,PT_PCOS,_T,202509,2011-Q1,-0.07,A,0,1,
OECD.SDD.STES:DSD_STES_REVISIONS@DF_STES_REVISIONS(4.0),EA20,Q,ULC,PT_PCOS,_T,202402,2011-Q2,0.57,A,0,1,
OECD.SDD.STES:DSD_STES_REVISIONS@DF_STES_REVISIONS(4.0),EA20,Q,ULC,PT_PCOS,_T,202401,2011-Q2,0.57,A,0,1,
OECD.SDD.STES:DSD_STES_REVISIONS@DF_STES_REVISIONS(4.0),EA20,Q,ULC,PT_PCOS,_T,202404,2011-Q2,0.57,A,0,1,
OECD.SDD.STES:DSD_STES_REVISIONS@DF_STES_REVISIONS(4.0),EA20,Q,ULC,PT_PCOS,_T,202403,2011-Q2,0.57,A,0,1,
OECD.SDD.STES:DSD_STES_REVISIONS@DF_STES_REVISIONS(4.0),EA20,Q,ULC,PT_PCOS,_T,202405,2011-Q2,0.57,A,0,1,
OECD.SDD.STES:DSD_STES_REVISIONS@DF_STES_REVISIONS(4.0),EA20,Q,ULC,PT_PCOS,_T,202412,2011-Q2,0.59,A,0,1,
OECD.SDD.STES:DSD_STES_REVISIONS@DF_STES_REVISIONS(4.0),EA20,Q,ULC,PT_PCOS,_T,202409,2011-Q2,0.64,A,0,1,
OECD.SDD.STES:DSD_STES_REVISIONS@DF_STES_REVISIONS(4.0),EA20,Q,ULC,PT_PCOS,_T,202411,2011-Q2,0.59,A,0,1,
OECD.SDD.STES:DSD_STES_REVISIONS@DF_STES_REVISIONS(4.0),EA20,Q,ULC,PT_PCOS,_T,202407,2011-Q2,0.64,A,0,1,
OECD.SDD.STES:DSD_STES_REVISIONS@DF_STES_REVISIONS(4.0),EA20,Q,ULC,PT_PCOS,_T,202406,2011-Q2,0.57,A,0,1,
OECD.SDD.STES:DSD_STES_REVISIONS@DF_STES_REVISIONS(4.0),EA20,Q,ULC,PT_PCOS,_T,202408,2011-Q2,0.64,A,0,1,
OECD.SDD.STES:DSD_STES_REVISIONS@DF_STES_REVISIONS(4.0),EA20,Q,ULC,PT_PCOS,_T,202510,2011-Q2,0.59,A,0,1,
OECD.SDD.STES:DSD_STES_REVISIONS@DF_STES_REVISIONS(4.0),EA20,Q,ULC,PT_PCOS,_T,202504,2011-Q2,0.59,A,0,1,
OECD.SDD.STES:DSD_STES_REVISIONS@DF_STES_REVISIONS(4.0),EA20,Q,ULC,PT_PCOS,_T,202507,2011-Q2,0.59,A,0,1,
OECD.SDD.STES:DSD_STES_REVISIONS@DF_STES_REVISIONS(4.0),EA20,Q,ULC,PT_PCOS,_T,202506,2011-Q2,0.59,A,0,1,
OECD.SDD.STES:DSD_STES_REVISIONS@DF_STES_REVISIONS(4.0),EA20,Q,ULC,PT_PCOS,_T,202508,2011-Q2,0.589999999999999,A,0,1,
OECD.SDD.STES:DSD_STES_REVISIONS@DF_STES_REVISIONS(4.0),EA20,Q,ULC,PT_PCOS,_T,202503,2011-Q2,0.59,A,0,1,
OECD.SDD.STES:DSD_STES_REVISIONS@DF_STES_REVISIONS(4.0),EA20,Q,ULC,PT_PCOS,_T,202505,2011-Q2,0.59,A,0,1,
OECD.SDD.STES:DSD_STES_REVISIONS@DF_STES_REVISIONS(4.0),EA20,Q,ULC,PT_PCOS,_T,202501,2011-Q2,0.59,A,0,1,
OECD.SDD.STES:DSD_STES_REVISIONS@DF_STES_REVISIONS(4.0),EA20,Q,ULC,PT_PCOS,_T,202502,2011-Q2,0.59,A,0,1,
OECD.SDD.STES:DSD_STES_REVISIONS@DF_STES_REVISIONS(4.0),EA20,Q,ULC,PT_PCOS,_T,202410,2011-Q2,0.59,A,0,1,
OECD.SDD.STES:DSD_STES_REVISIONS@DF_STES_REVISIONS(4.0),EA20,Q,ULC,PT_PCOS,_T,202608,2011-Q2,0.59,A,0,1,
OECD.SDD.STES:DSD_STES_REVISIONS@DF_STES_REVISIONS(4.0),EA20,Q,ULC,PT_PCOS,_T,202607,2011-Q2,0.59,A,0,1,
OECD.SDD.STES:DSD_STES_REVISIONS@DF_STES_REVISIONS(4.0),EA20,Q,ULC,PT_PCOS,_T,202605,2011-Q2,0.59,A,0,1,
OECD.SDD.STES:DSD_STES_REVISIONS@DF_STES_REVISIONS(4.0),EA20,Q,ULC,PT_PCOS,_T,202609,2011-Q2,0.59,A,0,1,
OECD.SDD.STES:DSD_STES_REVISIONS@DF_STES_REVISIONS(4.0),EA20,Q,ULC,PT_PCOS,_T,202606,2011-Q2,0.59,A,0,1,
OECD.SDD.STES:DSD_STES_REVISIONS@DF_STES_REVISIONS(4.0),EA20,Q,ULC,PT_PCOS,_T,202604,2011-Q2,0.59,A,0,1,
OECD.SDD.STES:DSD_STES_REVISIONS@DF_STES_REVISIONS(4.0),EA20,Q,ULC,PT_PCOS,_T,202603,2011-Q2,0.59,A,0,1,
OECD.SDD.STES:DSD_STES_REVISIONS@DF_STES_REVISIONS(4.0),EA20,Q,ULC,PT_PCOS,_T,202602,2011-Q2,0.59,A,0,1,
OECD.SDD.STES:DSD_STES_REVISIONS@DF_STES_REVISIONS(4.0),EA20,Q,ULC,PT_PCOS,_T,202512,2011-Q2,0.59,A,0,1,
OECD.SDD.STES:DSD_STES_REVISIONS@DF_STES_REVISIONS(4.0),EA20,Q,ULC,PT_PCOS,_T,202601,2011-Q2,0.59,A,0,1,
OECD.SDD.STES:DSD_STES_REVISIONS@DF_STES_REVISIONS(4.0),EA20,Q,ULC,PT_PCOS,_T,202511,2011-Q2,0.59,A,0,1,
OECD.SDD.STES:DSD_STES_REVISIONS@DF_STES_REVISIONS(4.0),EA20,Q,ULC,PT_PCOS,_T,202509,2011-Q2,0.59,A,0,1,
OECD.SDD.STES:DSD_STES_REVISIONS@DF_STES_REVISIONS(4.0),EA20,Q,ULC,PT_PCOS,_T,202402,2011-Q3,-0.01,A,0,1,
OECD.SDD.STES:DSD_STES_REVISIONS@DF_STES_REVISIONS(4.0),EA20,Q,ULC,PT_PCOS,_T,202401,2011-Q3,-0.01,A,0,1,
OECD.SDD.STES:DSD_STES_REVISIONS@DF_STES_REVISIONS(4.0),EA20,Q,ULC,PT_PCOS,_T,202404,2011-Q3,-0.01,A,0,1,
OECD.SDD.STES:DSD_STES_REVISIONS@DF_STES_REVISIONS(4.0),EA20,Q,ULC,PT_PCOS,_T,202403,2011-Q3,-0.01,A,0,1,
OECD.SDD.STES:DSD_STES_REVISIONS@DF_STES_REVISIONS(4.0),EA20,Q,ULC,PT_PCOS,_T,202405,2011-Q3,-0.01,A,0,1,
OECD.SDD.STES:DSD_STES_REVISIONS@DF_STES_REVISIONS(4.0),EA20,Q,ULC,PT_PCOS,_T,202412,2011-Q3,0.04,A,0,1,
OECD.SDD.STES:DSD_STES_REVISIONS@DF_STES_REVISIONS(4.0),EA20,Q,ULC,PT_PCOS,_T,202409,2011-Q3,0.02,A,0,1,
OECD.SDD.STES:DSD_STES_REVISIONS@DF_STES_REVISIONS(4.0),EA20,Q,ULC,PT_PCOS,_T,202411,2011-Q3,0.04,A,0,1,
OECD.SDD.STES:DSD_STES_REVISIONS@DF_STES_REVISIONS(4.0),EA20,Q,ULC,PT_PCOS,_T,202407,2011-Q3,0.02,A,0,1,
OECD.SDD.STES:DSD_STES_REVISIONS@DF_STES_REVISIONS(4.0),EA20,Q,ULC,PT_PCOS,_T,202406,2011-Q3,-0.01,A,0,1,
OECD.SDD.STES:DSD_STES_REVISIONS@DF_STES_REVISIONS(4.0),EA20,Q,ULC,PT_PCOS,_T,202408,2011-Q3,0.02,A,0,1,
OECD.SDD.STES:DSD_STES_REVISIONS@DF_STES_REVISIONS(4.0),EA20,Q,ULC,PT_PCOS,_T,202510,2011-Q3,0.04,A,0,1,
OECD.SDD.STES:DSD_STES_REVISIONS@DF_STES_REVISIONS(4.0),EA20,Q,ULC,PT_PCOS,_T,202504,2011-Q3,0.04,A,0,1,
OECD.SDD.STES:DSD_STES_REVISIONS@DF_STES_REVISIONS(4.0),EA20,Q,ULC,PT_PCOS,_T,202507,2011-Q3,0.04,A,0,1,
OECD.SDD.STES:DSD_STES_REVISIONS@DF_STES_REVISIONS(4.0),EA20,Q,ULC,PT_PCOS,_T,202506,2011-Q3,0.04,A,0,1,
OECD.SDD.STES:DSD_STES_REVISIONS@DF_STES_REVISIONS(4.0),EA20,Q,ULC,PT_PCOS,_T,202508,2011-Q3,0.04,A,0,1,
OECD.SDD.STES:DSD_STES_REVISIONS@DF_STES_REVISIONS(4.0),EA20,Q,ULC,PT_PCOS,_T,202503,2011-Q3,0.04,A,0,1,
OECD.SDD.STES:DSD_STES_REVISIONS@DF_STES_REVISIONS(4.0),EA20,Q,ULC,PT_PCOS,_T,202505,2011-Q3,0.04,A,0,1,
OECD.SDD.STES:DSD_STES_REVISIONS@DF_STES_REVISIONS(4.0),EA20,Q,ULC,PT_PCOS,_T,202501,2011-Q3,0.04,A,0,1,
OECD.SDD.STES:DSD_STES_REVISIONS@DF_STES_REVISIONS(4.0),EA20,Q,ULC,PT_PCOS,_T,202502,2011-Q3,0.04,A,0,1,
OECD.SDD.STES:DSD_STES_REVISIONS@DF_STES_REVISIONS(4.0),EA20,Q,ULC,PT_PCOS,_T,202410,2011-Q3,0.04,A,0,1,
OECD.SDD.STES:DSD_STES_REVISIONS@DF_STES_REVISIONS(4.0),EA20,Q,ULC,PT_PCOS,_T,202608,2011-Q3,0.04,A,0,1,
OECD.SDD.STES:DSD_STES_REVISIONS@DF_STES_REVISIONS(4.0),EA20,Q,ULC,PT_PCOS,_T,202607,2011-Q3,0.04,A,0,1,
OECD.SDD.STES:DSD_STES_REVISIONS@DF_STES_REVISIONS(4.0),EA20,Q,ULC,PT_PCOS,_T,202605,2011-Q3,0.04,A,0,1,
OECD.SDD.STES:DSD_STES_REVISIONS@DF_STES_REVISIONS(4.0),EA20,Q,ULC,PT_PCOS,_T,202609,2011-Q3,0.04,A,0,1,
OECD.SDD.STES:DSD_STES_REVISIONS@DF_STES_REVISIONS(4.0),EA20,Q,ULC,PT_PCOS,_T,202606,2011-Q3,0.04,A,0,1,
OECD.SDD.STES:DSD_STES_REVISIONS@DF_STES_REVISIONS(4.0),EA20,Q,ULC,PT_PCOS,_T,202604,2011-Q3,0.04,A,0,1,
OECD.SDD.STES:DSD_STES_REVISIONS@DF_STES_REVISIONS(4.0),EA20,Q,ULC,PT_PCOS,_T,202603,2011-Q3,0.04,A,0,1,
OECD.SDD.STES:DSD_STES_REVISIONS@DF_STES_REVISIONS(4.0),EA20,Q,ULC,PT_PCOS,_T,202602,2011-Q3,0.04,A,0,1,
OECD.SDD.STES:DSD_STES_REVISIONS@DF_STES_REVISIONS(4.0),EA20,Q,ULC,PT_PCOS,_T,202512,2011-Q3,0.04,A,0,1,
OECD.SDD.STES:DSD_STES_REVISIONS@DF_STES_REVISIONS(4.0),EA20,Q,ULC,PT_PCOS,_T,202511,2011-Q3,0.04,A,0,1,
OECD.SDD.STES:DSD_STES_REVISIONS@DF_STES_REVISIONS(4.0),EA20,Q,ULC,PT_PCOS,_T,202601,2011-Q3,0.04,A,0,1,
OECD.SDD.STES:DSD_STES_REVISIONS@DF_STES_REVISIONS(4.0),EA20,Q,ULC,PT_PCOS,_T,202509,2011-Q3,0.04,A,0,1,
OECD.SDD.STES:DSD_STES_REVISIONS@DF_STES_REVISIONS(4.0),EA20,Q,ULC,PT_PCOS,_T,202402,2011-Q4,0.73,A,0,1,
OECD.SDD.STES:DSD_STES_REVISIONS@DF_STES_REVISIONS(4.0),EA20,Q,ULC,PT_PCOS,_T,202401,2011-Q4,0.73,A,0,1,
OECD.SDD.STES:DSD_STES_REVISIONS@DF_STES_REVISIONS(4.0),EA20,Q,ULC,PT_PCOS,_T,202404,2011-Q4,0.73,A,0,1,
OECD.SDD.STES:DSD_STES_REVISIONS@DF_STES_REVISIONS(4.0),EA20,Q,ULC,PT_PCOS,_T,202403,2011-Q4,0.73,A,0,1,
OECD.SDD.STES:DSD_STES_REVISIONS@DF_STES_REVISIONS(4.0),EA20,Q,ULC,PT_PCOS,_T,202405,2011-Q4,0.73,A,0,1,
OECD.SDD.STES:DSD_STES_REVISIONS@DF_STES_REVISIONS(4.0),EA20,Q,ULC,PT_PCOS,_T,202409,2011-Q4,0.67,A,0,1,
OECD.SDD.STES:DSD_STES_REVISIONS@DF_STES_REVISIONS(4.0),EA20,Q,ULC,PT_PCOS,_T,202407,2011-Q4,0.67,A,0,1,
OECD.SDD.STES:DSD_STES_REVISIONS@DF_STES_REVISIONS(4.0),EA20,Q,ULC,PT_PCOS,_T,202406,2011-Q4,0.73,A,0,1,
OECD.SDD.STES:DSD_STES_REVISIONS@DF_STES_REVISIONS(4.0),EA20,Q,ULC,PT_PCOS,_T,202408,2011-Q4,0.67,A,0,1,
OECD.SDD.STES:DSD_STES_REVISIONS@DF_STES_REVISIONS(4.0),EA20,Q,ULC,PT_PCOS,_T,202508,2011-Q4,0.719999999999999,A,0,1,
OECD.SDD.STES:DSD_STES_REVISIONS@DF_STES_REVISIONS(4.0),EA20,Q,ULC,PT_PCOS,_T,202402,2012-Q1,0.65,A,0,1,
OECD.SDD.STES:DSD_STES_REVISIONS@DF_STES_REVISIONS(4.0),EA20,Q,ULC,PT_PCOS,_T,202401,2012-Q1,0.65,A,0,1,
OECD.SDD.STES:DSD_STES_REVISIONS@DF_STES_REVISIONS(4.0),EA20,Q,ULC,PT_PCOS,_T,202404,2012-Q1,0.65,A,0,1,
OECD.SDD.STES:DSD_STES_REVISIONS@DF_STES_REVISIONS(4.0),EA20,Q,ULC,PT_PCOS,_T,202403,2012-Q1,0.65,A,0,1,
OECD.SDD.STES:DSD_STES_REVISIONS@DF_STES_REVISIONS(4.0),EA20,Q,ULC,PT_PCOS,_T,202405,2012-Q1,0.65,A,0,1,
OECD.SDD.STES:DSD_STES_REVISIONS@DF_STES_REVISIONS(4.0),EA20,Q,ULC,PT_PCOS,_T,202412,2012-Q1,0.63,A,0,1,
OECD.SDD.STES:DSD_STES_REVISIONS@DF_STES_REVISIONS(4.0),EA20,Q,ULC,PT_PCOS,_T,202409,2012-Q1,0.6,A,0,1,
OECD.SDD.STES:DSD_STES_REVISIONS@DF_STES_REVISIONS(4.0),EA20,Q,ULC,PT_PCOS,_T,202411,2012-Q1,0.63,A,0,1,
OECD.SDD.STES:DSD_STES_REVISIONS@DF_STES_REVISIONS(4.0),EA20,Q,ULC,PT_PCOS,_T,202407,2012-Q1,0.6,A,0,1,
OECD.SDD.STES:DSD_STES_REVISIONS@DF_STES_REVISIONS(4.0),EA20,Q,ULC,PT_PCOS,_T,202406,2012-Q1,0.65,A,0,1,
OECD.SDD.STES:DSD_STES_REVISIONS@DF_STES_REVISIONS(4.0),EA20,Q,ULC,PT_PCOS,_T,202408,2012-Q1,0.6,A,0,1,
OECD.SDD.STES:DSD_STES_REVISIONS@DF_STES_REVISIONS(4.0),EA20,Q,ULC,PT_PCOS,_T,202510,2012-Q1,0.63,A,0,1,
OECD.SDD.STES:DSD_STES_REVISIONS@DF_STES_REVISIONS(4.0),EA20,Q,ULC,PT_PCOS,_T,202504,2012-Q1,0.63,A,0,1,
OECD.SDD.STES:DSD_STES_REVISIONS@DF_STES_REVISIONS(4.0),EA20,Q,ULC,PT_PCOS,_T,202507,2012-Q1,0.63,A,0,1,
OECD.SDD.STES:DSD_STES_REVISIONS@DF_STES_REVISIONS(4.0),EA20,Q,ULC,PT_PCOS,_T,202506,2012-Q1,0.63,A,0,1,
OECD.SDD.STES:DSD_STES_REVISIONS@DF_STES_REVISIONS(4.0),EA20,Q,ULC,PT_PCOS,_T,202508,2012-Q1,0.63,A,0,1,
OECD.SDD.STES:DSD_STES_REVISIONS@DF_STES_REVISIONS(4.0),EA20,Q,ULC,PT_PCOS,_T,202503,2012-Q1,0.63,A,0,1,
OECD.SDD.STES:DSD_STES_REVISIONS@DF_STES_REVISIONS(4.0),EA20,Q,ULC,PT_PCOS,_T,202505,2012-Q1,0.63,A,0,1,
OECD.SDD.STES:DSD_STES_REVISIONS@DF_STES_REVISIONS(4.0),EA20,Q,ULC,PT_PCOS,_T,202501,2012-Q1,0.63,A,0,1,
OECD.SDD.STES:DSD_STES_REVISIONS@DF_STES_REVISIONS(4.0),EA20,Q,ULC,PT_PCOS,_T,202502,2012-Q1,0.63,A,0,1,
OECD.SDD.STES:DSD_STES_REVISIONS@DF_STES_REVISIONS(4.0),EA20,Q,ULC,PT_PCOS,_T,202410,2012-Q1,0.63,A,0,1,
OECD.SDD.STES:DSD_STES_REVISIONS@DF_STES_REVISIONS(4.0),EA20,Q,ULC,PT_PCOS,_T,202608,2012-Q1,0.63,A,0,1,
OECD.SDD.STES:DSD_STES_REVISIONS@DF_STES_REVISIONS(4.0),EA20,Q,ULC,PT_PCOS,_T,202607,2012-Q1,0.63,A,0,1,
OECD.SDD.STES:DSD_STES_REVISIONS@DF_STES_REVISIONS(4.0),EA20,Q,ULC,PT_PCOS,_T,202605,2012-Q1,0.63,A,0,1,
OECD.SDD.STES:DSD_STES_REVISIONS@DF_STES_REVISIONS(4.0),EA20,Q,ULC,PT_PCOS,_T,202609,2012-Q1,0.63,A,0,1,
OECD.SDD.STES:DSD_STES_REVISIONS@DF_STES_REVISIONS(4.0),EA20,Q,ULC,PT_PCOS,_T,202606,2012-Q1,0.63,A,0,1,
OECD.SDD.STES:DSD_STES_REVISIONS@DF_STES_REVISIONS(4.0),EA20,Q,ULC,PT_PCOS,_T,202604,2012-Q1,0.63,A,0,1,
OECD.SDD.STES:DSD_STES_REVISIONS@DF_STES_REVISIONS(4.0),EA20,Q,ULC,PT_PCOS,_T,202603,2012-Q1,0.63,A,0,1,
OECD.SDD.STES:DSD_STES_REVISIONS@DF_STES_REVISIONS(4.0),EA20,Q,ULC,PT_PCOS,_T,202602,2012-Q1,0.63,A,0,1,
OECD.SDD.STES:DSD_STES_REVISIONS@DF_STES_REVISIONS(4.0),EA20,Q,ULC,PT_PCOS,_T,202512,2012-Q1,0.63,A,0,1,
OECD.SDD.STES:DSD_STES_REVISIONS@DF_STES_REVISIONS(4.0),EA20,Q,ULC,PT_PCOS,_T,202511,2012-Q1,0.63,A,0,1,
OECD.SDD.STES:DSD_STES_REVISIONS@DF_STES_REVISIONS(4.0),EA20,Q,ULC,PT_PCOS,_T,202601,2012-Q1,0.63,A,0,1,
OECD.SDD.STES:DSD_STES_REVISIONS@DF_STES_REVISIONS(4.0),EA20,Q,ULC,PT_PCOS,_T,202509,2012-Q1,0.63,A,0,1,
OECD.SDD.STES:DSD_STES_REVISIONS@DF_STES_REVISIONS(4.0),EA20,Q,ULC,PT_PCOS,_T,202402,2012-Q2,0.55,A,0,1,
OECD.SDD.STES:DSD_STES_REVISIONS@DF_STES_REVISIONS(4.0),EA20,Q,ULC,PT_PCOS,_T,202401,2012-Q2,0.55,A,0,1,
OECD.SDD.STES:DSD_STES_REVISIONS@DF_STES_REVISIONS(4.0),EA20,Q,ULC,PT_PCOS,_T,202404,2012-Q2,0.55,A,0,1,
OECD.SDD.STES:DSD_STES_REVISIONS@DF_STES_REVISIONS(4.0),EA20,Q,ULC,PT_PCOS,_T,202403,2012-Q2,0.55,A,0,1,
OECD.SDD.STES:DSD_STES_REVISIONS@DF_STES_REVISIONS(4.0),EA20,Q,ULC,PT_PCOS,_T,202405,2012-Q2,0.55,A,0,1,
OECD.SDD.STES:DSD_STES_REVISIONS@DF_STES_REVISIONS(4.0),EA20,Q,ULC,PT_PCOS,_T,202412,2012-Q2,0.63,A,0,1,
OECD.SDD.STES:DSD_STES_REVISIONS@DF_STES_REVISIONS(4.0),EA20,Q,ULC,PT_PCOS,_T,202409,2012-Q2,0.68,A,0,1,
OECD.SDD.STES:DSD_STES_REVISIONS@DF_STES_REVISIONS(4.0),EA20,Q,ULC,PT_PCOS,_T,202411,2012-Q2,0.63,A,0,1,
OECD.SDD.STES:DSD_STES_REVISIONS@DF_STES_REVISIONS(4.0),EA20,Q,ULC,PT_PCOS,_T,202407,2012-Q2,0.68,A,0,1,
OECD.SDD.STES:DSD_STES_REVISIONS@DF_STES_REVISIONS(4.0),EA20,Q,ULC,PT_PCOS,_T,202406,2012-Q2,0.55,A,0,1,
OECD.SDD.STES:DSD_STES_REVISIONS@DF_STES_REVISIONS(4.0),EA20,Q,ULC,PT_PCOS,_T,202408,2012-Q2,0.68,A,0,1,
OECD.SDD.STES:DSD_STES_REVISIONS@DF_STES_REVISIONS(4.0),EA20,Q,ULC,PT_PCOS,_T,202510,2012-Q2,0.63,A,0,1,
OECD.SDD.STES:DSD_STES_REVISIONS@DF_STES_REVISIONS(4.0),EA20,Q,ULC,PT_PCOS,_T,202504,2012-Q2,0.63,A,0,1,
OECD.SDD.STES:DSD_STES_REVISIONS@DF_STES_REVISIONS(4.0),EA20,Q,ULC,PT_PCOS,_T,202507,2012-Q2,0.63,A,0,1,
OECD.SDD.STES:DSD_STES_REVISIONS@DF_STES_REVISIONS(4.0),EA20,Q,ULC,PT_PCOS,_T,202506,2012-Q2,0.63,A,0,1,
OECD.SDD.STES:DSD_STES_REVISIONS@DF_STES_REVISIONS(4.0),EA20,Q,ULC,PT_PCOS,_T,202508,2012-Q2,0.63,A,0,1,
OECD.SDD.STES:DSD_STES_REVISIONS@DF_STES_REVISIONS(4.0),EA20,Q,ULC,PT_PCOS,_T,202503,2012-Q2,0.63,A,0,1,
OECD.SDD.STES:DSD_STES_REVISIONS@DF_STES_REVISIONS(4.0),EA20,Q,ULC,PT_PCOS,_T,202505,2012-Q2,0.63,A,0,1,
OECD.SDD.STES:DSD_STES_REVISIONS@DF_STES_REVISIONS(4.0),EA20,Q,ULC,PT_PCOS,_T,202501,2012-Q2,0.63,A,0,1,
OECD.SDD.STES:DSD_STES_REVISIONS@DF_STES_REVISIONS(4.0),EA20,Q,ULC,PT_PCOS,_T,202502,2012-Q2,0.63,A,0,1,
OECD.SDD.STES:DSD_STES_REVISIONS@DF_STES_REVISIONS(4.0),EA20,Q,ULC,PT_PCOS,_T,202410,2012-Q2,0.63,A,0,1,
OECD.SDD.STES:DSD_STES_REVISIONS@DF_STES_REVISIONS(4.0),EA20,Q,ULC,PT_PCOS,_T,202608,2012-Q2,0.63,A,0,1,
OECD.SDD.STES:DSD_STES_REVISIONS@DF_STES_REVISIONS(4.0),EA20,Q,ULC,PT_PCOS,_T,202607,2012-Q2,0.63,A,0,1,
OECD.SDD.STES:DSD_STES_REVISIONS@DF_STES_REVISIONS(4.0),EA20,Q,ULC,PT_PCOS,_T,202605,2012-Q2,0.63,A,0,1,
OECD.SDD.STES:DSD_STES_REVISIONS@DF_STES_REVISIONS(4.0),EA20,Q,ULC,PT_PCOS,_T,202609,2012-Q2,0.63,A,0,1,
OECD.SDD.STES:DSD_STES_REVISIONS@DF_STES_REVISIONS(4.0),EA20,Q,ULC,PT_PCOS,_T,202606,2012-Q2,0.63,A,0,1,
OECD.SDD.STES:DSD_STES_REVISIONS@DF_STES_REVISIONS(4.0),EA20,Q,ULC,PT_PCOS,_T,202604,2012-Q2,0.63,A,0,1,
OECD.SDD.STES:DSD_STES_REVISIONS@DF_STES_REVISIONS(4.0),EA20,Q,ULC,PT_PCOS,_T,202603,2012-Q2,0.63,A,0,1,
OECD.SDD.STES:DSD_STES_REVISIONS@DF_STES_REVISIONS(4.0),EA20,Q,ULC,PT_PCOS,_T,202602,2012-Q2,0.63,A,0,1,
OECD.SDD.STES:DSD_STES_REVISIONS@DF_STES_REVISIONS(4.0),EA20,Q,ULC,PT_PCOS,_T,202512,2012-Q2,0.63,A,0,1,
OECD.SDD.STES:DSD_STES_REVISIONS@DF_STES_REVISIONS(4.0),EA20,Q,ULC,PT_PCOS,_T,202601,2012-Q2,0.63,A,0,1,
OECD.SDD.STES:DSD_STES_REVISIONS@DF_STES_REVISIONS(4.0),EA20,Q,ULC,PT_PCOS,_T,202511,2012-Q2,0.63,A,0,1,
OECD.SDD.STES:DSD_STES_REVISIONS@DF_STES_REVISIONS(4.0),EA20,Q,ULC,PT_PCOS,_T,202509,2012-Q2,0.63,A,0,1,
OECD.SDD.STES:DSD_STES_REVISIONS@DF_STES_REVISIONS(4.0),EA20,Q,ULC,PT_PCOS,_T,202402,2012-Q3,0.21,A,0,1,
OECD.SDD.STES:DSD_STES_REVISIONS@DF_STES_REVISIONS(4.0),EA20,Q,ULC,PT_PCOS,_T,202401,2012-Q3,0.21,A,0,1,
OECD.SDD.STES:DSD_STES_REVISIONS@DF_STES_REVISIONS(4.0),EA20,Q,ULC,PT_PCOS,_T,202404,2012-Q3,0.21,A,0,1,
OECD.SDD.STES:DSD_STES_REVISIONS@DF_STES_REVISIONS(4.0),EA20,Q,ULC,PT_PCOS,_T,202403,2012-Q3,0.21,A,0,1,
OECD.SDD.STES:DSD_STES_REVISIONS@DF_STES_REVISIONS(4.0),EA20,Q,ULC,PT_PCOS,_T,202405,2012-Q3,0.21,A,0,1,
OECD.SDD.STES:DSD_STES_REVISIONS@DF_STES_REVISIONS(4.0),EA20,Q,ULC,PT_PCOS,_T,202412,2012-Q3,0.2,A,0,1,
OECD.SDD.STES:DSD_STES_REVISIONS@DF_STES_REVISIONS(4.0),EA20,Q,ULC,PT_PCOS,_T,202411,2012-Q3,0.2,A,0,1,
OECD.SDD.STES:DSD_STES_REVISIONS@DF_STES_REVISIONS(4.0),EA20,Q,ULC,PT_PCOS,_T,202406,2012-Q3,0.21,A,0,1,
OECD.SDD.STES:DSD_STES_REVISIONS@DF_STES_REVISIONS(4.0),EA20,Q,ULC,PT_PCOS,_T,202510,2012-Q3,0.2,A,0,1,
OECD.SDD.STES:DSD_STES_REVISIONS@DF_STES_REVISIONS(4.0),EA20,Q,ULC,PT_PCOS,_T,202504,2012-Q3,0.2,A,0,1,
OECD.SDD.STES:DSD_STES_REVISIONS@DF_STES_REVISIONS(4.0),EA20,Q,ULC,PT_PCOS,_T,202507,2012-Q3,0.2,A,0,1,
OECD.SDD.STES:DSD_STES_REVISIONS@DF_STES_REVISIONS(4.0),EA20,Q,ULC,PT_PCOS,_T,202506,2012-Q3,0.2,A,0,1,
OECD.SDD.STES:DSD_STES_REVISIONS@DF_STES_REVISIONS(4.0),EA20,Q,ULC,PT_PCOS,_T,202508,2012-Q3,0.2,A,0,1,
OECD.SDD.STES:DSD_STES_REVISIONS@DF_STES_REVISIONS(4.0),EA20,Q,ULC,PT_PCOS,_T,202503,2012-Q3,0.2,A,0,1,
OECD.SDD.STES:DSD_STES_REVISIONS@DF_STES_REVISIONS(4.0),EA20,Q,ULC,PT_PCOS,_T,202505,2012-Q3,0.2,A,0,1,
OECD.SDD.STES:DSD_STES_REVISIONS@DF_STES_REVISIONS(4.0),EA20,Q,ULC,PT_PCOS,_T,202501,2012-Q3,0.2,A,0,1,
OECD.SDD.STES:DSD_STES_REVISIONS@DF_STES_REVISIONS(4.0),EA20,Q,ULC,PT_PCOS,_T,202502,2012-Q3,0.2,A,0,1,
OECD.SDD.STES:DSD_STES_REVISIONS@DF_STES_REVISIONS(4.0),EA20,Q,ULC,PT_PCOS,_T,202410,2012-Q3,0.2,A,0,1,
OECD.SDD.STES:DSD_STES_REVISIONS@DF_STES_REVISIONS(4.0),EA20,Q,ULC,PT_PCOS,_T,202608,2012-Q3,0.2,A,0,1,
OECD.SDD.STES:DSD_STES_REVISIONS@DF_STES_REVISIONS(4.0),EA20,Q,ULC,PT_PCOS,_T,202607,2012-Q3,0.2,A,0,1,
OECD.SDD.STES:DSD_STES_REVISIONS@DF_STES_REVISIONS(4.0),EA20,Q,ULC,PT_PCOS,_T,202605,2012-Q3,0.2,A,0,1,
OECD.SDD.STES:DSD_STES_REVISIONS@DF_STES_REVISIONS(4.0),EA20,Q,ULC,PT_PCOS,_T,202609,2012-Q3,0.2,A,0,1,
OECD.SDD.STES:DSD_STES_REVISIONS@DF_STES_REVISIONS(4.0),EA20,Q,ULC,PT_PCOS,_T,202606,2012-Q3,0.2,A,0,1,
OECD.SDD.STES:DSD_STES_REVISIONS@DF_STES_REVISIONS(4.0),EA20,Q,ULC,PT_PCOS,_T,202604,2012-Q3,0.2,A,0,1,
OECD.SDD.STES:DSD_STES_REVISIONS@DF_STES_REVISIONS(4.0),EA20,Q,ULC,PT_PCOS,_T,202603,2012-Q3,0.2,A,0,1,
OECD.SDD.STES:DSD_STES_REVISIONS@DF_STES_REVISIONS(4.0),EA20,Q,ULC,PT_PCOS,_T,202602,2012-Q3,0.2,A,0,1,
OECD.SDD.STES:DSD_STES_REVISIONS@DF_STES_REVISIONS(4.0),EA20,Q,ULC,PT_PCOS,_T,202512,2012-Q3,0.2,A,0,1,
OECD.SDD.STES:DSD_STES_REVISIONS@DF_STES_REVISIONS(4.0),EA20,Q,ULC,PT_PCOS,_T,202511,2012-Q3,0.2,A,0,1,
OECD.SDD.STES:DSD_STES_REVISIONS@DF_STES_REVISIONS(4.0),EA20,Q,ULC,PT_PCOS,_T,202601,2012-Q3,0.2,A,0,1,
OECD.SDD.STES:DSD_STES_REVISIONS@DF_STES_REVISIONS(4.0),EA20,Q,ULC,PT_PCOS,_T,202509,2012-Q3,0.2,A,0,1,
OECD.SDD.STES:DSD_STES_REVISIONS@DF_STES_REVISIONS(4.0),EA20,Q,ULC,PT_PCOS,_T,202402,2012-Q4,0.39,A,0,1,
OECD.SDD.STES:DSD_STES_REVISIONS@DF_STES_REVISIONS(4.0),EA20,Q,ULC,PT_PCOS,_T,202401,2012-Q4,0.39,A,0,1,
OECD.SDD.STES:DSD_STES_REVISIONS@DF_STES_REVISIONS(4.0),EA20,Q,ULC,PT_PCOS,_T,202404,2012-Q4,0.39,A,0,1,
OECD.SDD.STES:DSD_STES_REVISIONS@DF_STES_REVISIONS(4.0),EA20,Q,ULC,PT_PCOS,_T,202403,2012-Q4,0.39,A,0,1,
OECD.SDD.STES:DSD_STES_REVISIONS@DF_STES_REVISIONS(4.0),EA20,Q,ULC,PT_PCOS,_T,202405,2012-Q4,0.39,A,0,1,
OECD.SDD.STES:DSD_STES_REVISIONS@DF_STES_REVISIONS(4.0),EA20,Q,ULC,PT_PCOS,_T,202412,2012-Q4,0.36,A,0,1,
OECD.SDD.STES:DSD_STES_REVISIONS@DF_STES_REVISIONS(4.0),EA20,Q,ULC,PT_PCOS,_T,202409,2012-Q4,0.31,A,0,1,
OECD.SDD.STES:DSD_STES_REVISIONS@DF_STES_REVISIONS(4.0),EA20,Q,ULC,PT_PCOS,_T,202411,2012-Q4,0.36,A,0,1,
OECD.SDD.STES:DSD_STES_REVISIONS@DF_STES_REVISIONS(4.0),EA20,Q,ULC,PT_PCOS,_T,202407,2012-Q4,0.31,A,0,1,
OECD.SDD.STES:DSD_STES_REVISIONS@DF_STES_REVISIONS(4.0),EA20,Q,ULC,PT_PCOS,_T,202406,2012-Q4,0.39,A,0,1,
OECD.SDD.STES:DSD_STES_REVISIONS@DF_STES_REVISIONS(4.0),EA20,Q,ULC,PT_PCOS,_T,202408,2012-Q4,0.31,A,0,1,
OECD.SDD.STES:DSD_STES_REVISIONS@DF_STES_REVISIONS(4.0),EA20,Q,ULC,PT_PCOS,_T,202510,2012-Q4,0.36,A,0,1,
OECD.SDD.STES:DSD_STES_REVISIONS@DF_STES_REVISIONS(4.0),EA20,Q,ULC,PT_PCOS,_T,202504,2012-Q4,0.36,A,0,1,
OECD.SDD.STES:DSD_STES_REVISIONS@DF_STES_REVISIONS(4.0),EA20,Q,ULC,PT_PCOS,_T,202507,2012-Q4,0.36,A,0,1,
OECD.SDD.STES:DSD_STES_REVISIONS@DF_STES_REVISIONS(4.0),EA20,Q,ULC,PT_PCOS,_T,202506,2012-Q4,0.36,A,0,1,
OECD.SDD.STES:DSD_STES_REVISIONS@DF_STES_REVISIONS(4.0),EA20,Q,ULC,PT_PCOS,_T,202508,2012-Q4,0.359999999999999,A,0,1,
OECD.SDD.STES:DSD_STES_REVISIONS@DF_STES_REVISIONS(4.0),EA20,Q,ULC,PT_PCOS,_T,202503,2012-Q4,0.36,A,0,1,
OECD.SDD.STES:DSD_STES_REVISIONS@DF_STES_REVISIONS(4.0),EA20,Q,ULC,PT_PCOS,_T,202505,2012-Q4,0.36,A,0,1,
OECD.SDD.STES:DSD_STES_REVISIONS@DF_STES_REVISIONS(4.0),EA20,Q,ULC,PT_PCOS,_T,202501,2012-Q4,0.36,A,0,1,
OECD.SDD.STES:DSD_STES_REVISIONS@DF_STES_REVISIONS(4.0),EA20,Q,ULC,PT_PCOS,_T,202502,2012-Q4,0.36,A,0,1,
OECD.SDD.STES:DSD_STES_REVISIONS@DF_STES_REVISIONS(4.0),EA20,Q,ULC,PT_PCOS,_T,202410,2012-Q4,0.36,A,0,1,
OECD.SDD.STES:DSD_STES_REVISIONS@DF_STES_REVISIONS(4.0),EA20,Q,ULC,PT_PCOS,_T,202608,2012-Q4,0.36,A,0,1,
OECD.SDD.STES:DSD_STES_REVISIONS@DF_STES_REVISIONS(4.0),EA20,Q,ULC,PT_PCOS,_T,202607,2012-Q4,0.36,A,0,1,
OECD.SDD.STES:DSD_STES_REVISIONS@DF_STES_REVISIONS(4.0),EA20,Q,ULC,PT_PCOS,_T,202605,2012-Q4,0.36,A,0,1,
OECD.SDD.STES:DSD_STES_REVISIONS@DF_STES_REVISIONS(4.0),EA20,Q,ULC,PT_PCOS,_T,202609,2012-Q4,0.36,A,0,1,
OECD.SDD.STES:DSD_STES_REVISIONS@DF_STES_REVISIONS(4.0),EA20,Q,ULC,PT_PCOS,_T,202606,2012-Q4,0.36,A,0,1,
OECD.SDD.STES:DSD_STES_REVISIONS@DF_STES_REVISIONS(4.0),EA20,Q,ULC,PT_PCOS,_T,202604,2012-Q4,0.36,A,0,1,
OECD.SDD.STES:DSD_STES_REVISIONS@DF_STES_REVISIONS(4.0),EA20,Q,ULC,PT_PCOS,_T,202603,2012-Q4,0.36,A,0,1,
OECD.SDD.STES:DSD_STES_REVISIONS@DF_STES_REVISIONS(4.0),EA20,Q,ULC,PT_PCOS,_T,202602,2012-Q4,0.36,A,0,1,
OECD.SDD.STES:DSD_STES_REVISIONS@DF_STES_REVISIONS(4.0),EA20,Q,ULC,PT_PCOS,_T,202512,2012-Q4,0.36,A,0,1,
OECD.SDD.STES:DSD_STES_REVISIONS@DF_STES_REVISIONS(4.0),EA20,Q,ULC,PT_PCOS,_T,202601,2012-Q4,0.36,A,0,1,
OECD.SDD.STES:DSD_STES_REVISIONS@DF_STES_REVISIONS(4.0),EA20,Q,ULC,PT_PCOS,_T,202511,2012-Q4,0.36,A,0,1,
OECD.SDD.STES:DSD_STES_REVISIONS@DF_STES_REVISIONS(4.0),EA20,Q,ULC,PT_PCOS,_T,202509,2012-Q4,0.36,A,0,1,
OECD.SDD.STES:DSD_STES_REVISIONS@DF_STES_REVISIONS(4.0),EA20,Q,ULC,PT_PCOS,_T,202402,2013-Q1,0.66,A,0,1,
OECD.SDD.STES:DSD_STES_REVISIONS@DF_STES_REVISIONS(4.0),EA20,Q,ULC,PT_PCOS,_T,202401,2013-Q1,0.66,A,0,1,
OECD.SDD.STES:DSD_STES_REVISIONS@DF_STES_REVISIONS(4.0),EA20,Q,ULC,PT_PCOS,_T,202404,2013-Q1,0.66,A,0,1,
OECD.SDD.STES:DSD_STES_REVISIONS@DF_STES_REVISIONS(4.0),EA20,Q,ULC,PT_PCOS,_T,202403,2013-Q1,0.66,A,0,1,
OECD.SDD.STES:DSD_STES_REVISIONS@DF_STES_REVISIONS(4.0),EA20,Q,ULC,PT_PCOS,_T,202405,2013-Q1,0.66,A,0,1,
OECD.SDD.STES:DSD_STES_REVISIONS@DF_STES_REVISIONS(4.0),EA20,Q,ULC,PT_PCOS,_T,202412,2013-Q1,0.67,A,0,1,
OECD.SDD.STES:DSD_STES_REVISIONS@DF_STES_REVISIONS(4.0),EA20,Q,ULC,PT_PCOS,_T,202409,2013-Q1,0.76,A,0,1,
OECD.SDD.STES:DSD_STES_REVISIONS@DF_STES_REVISIONS(4.0),EA20,Q,ULC,PT_PCOS,_T,202411,2013-Q1,0.67,A,0,1,
OECD.SDD.STES:DSD_STES_REVISIONS@DF_STES_REVISIONS(4.0),EA20,Q,ULC,PT_PCOS,_T,202407,2013-Q1,0.76,A,0,1,
OECD.SDD.STES:DSD_STES_REVISIONS@DF_STES_REVISIONS(4.0),EA20,Q,ULC,PT_PCOS,_T,202406,2013-Q1,0.66,A,0,1,
OECD.SDD.STES:DSD_STES_REVISIONS@DF_STES_REVISIONS(4.0),EA20,Q,ULC,PT_PCOS,_T,202408,2013-Q1,0.76,A,0,1,
OECD.SDD.STES:DSD_STES_REVISIONS@DF_STES_REVISIONS(4.0),EA20,Q,ULC,PT_PCOS,_T,202510,2013-Q1,0.67,A,0,1,
OECD.SDD.STES:DSD_STES_REVISIONS@DF_STES_REVISIONS(4.0),EA20,Q,ULC,PT_PCOS,_T,202504,2013-Q1,0.67,A,0,1,
OECD.SDD.STES:DSD_STES_REVISIONS@DF_STES_REVISIONS(4.0),EA20,Q,ULC,PT_PCOS,_T,202507,2013-Q1,0.67,A,0,1,
OECD.SDD.STES:DSD_STES_REVISIONS@DF_STES_REVISIONS(4.0),EA20,Q,ULC,PT_PCOS,_T,202506,2013-Q1,0.67,A,0,1,
OECD.SDD.STES:DSD_STES_REVISIONS@DF_STES_REVISIONS(4.0),EA20,Q,ULC,PT_PCOS,_T,202508,2013-Q1,0.67,A,0,1,
OECD.SDD.STES:DSD_STES_REVISIONS@DF_STES_REVISIONS(4.0),EA20,Q,ULC,PT_PCOS,_T,202503,2013-Q1,0.67,A,0,1,
OECD.SDD.STES:DSD_STES_REVISIONS@DF_STES_REVISIONS(4.0),EA20,Q,ULC,PT_PCOS,_T,202505,2013-Q1,0.67,A,0,1,
OECD.SDD.STES:DSD_STES_REVISIONS@DF_STES_REVISIONS(4.0),EA20,Q,ULC,PT_PCOS,_T,202501,2013-Q1,0.67,A,0,1,
OECD.SDD.STES:DSD_STES_REVISIONS@DF_STES_REVISIONS(4.0),EA20,Q,ULC,PT_PCOS,_T,202502,2013-Q1,0.67,A,0,1,
OECD.SDD.STES:DSD_STES_REVISIONS@DF_STES_REVISIONS(4.0),EA20,Q,ULC,PT_PCOS,_T,202410,2013-Q1,0.67,A,0,1,
OECD.SDD.STES:DSD_STES_REVISIONS@DF_STES_REVISIONS(4.0),EA20,Q,ULC,PT_PCOS,_T,202608,2013-Q1,0.67,A,0,1,
OECD.SDD.STES:DSD_STES_REVISIONS@DF_STES_REVISIONS(4.0),EA20,Q,ULC,PT_PCOS,_T,202607,2013-Q1,0.67,A,0,1,
OECD.SDD.STES:DSD_STES_REVISIONS@DF_STES_REVISIONS(4.0),EA20,Q,ULC,PT_PCOS,_T,202605,2013-Q1,0.67,A,0,1,
OECD.SDD.STES:DSD_STES_REVISIONS@DF_STES_REVISIONS(4.0),EA20,Q,ULC,PT_PCOS,_T,202609,2013-Q1,0.67,A,0,1,
OECD.SDD.STES:DSD_STES_REVISIONS@DF_STES_REVISIONS(4.0),EA20,Q,ULC,PT_PCOS,_T,202606,2013-Q1,0.67,A,0,1,
OECD.SDD.STES:DSD_STES_REVISIONS@DF_STES_REVISIONS(4.0),EA20,Q,ULC,PT_PCOS,_T,202604,2013-Q1,0.67,A,0,1,
OECD.SDD.STES:DSD_STES_REVISIONS@DF_STES_REVISIONS(4.0),EA20,Q,ULC,PT_PCOS,_T,202603,2013-Q1,0.67,A,0,1,
OECD.SDD.STES:DSD_STES_REVISIONS@DF_STES_REVISIONS(4.0),EA20,Q,ULC,PT_PCOS,_T,202602,2013-Q1,0.67,A,0,1,
OECD.SDD.STES:DSD_STES_REVISIONS@DF_STES_REVISIONS(4.0),EA20,Q,ULC,PT_PCOS,_T,202512,2013-Q1,0.67,A,0,1,
OECD.SDD.STES:DSD_STES_REVISIONS@DF_STES_REVISIONS(4.0),EA20,Q,ULC,PT_PCOS,_T,202511,2013-Q1,0.67,A,0,1,
OECD.SDD.STES:DSD_STES_REVISIONS@DF_STES_REVISIONS(4.0),EA20,Q,ULC,PT_PCOS,_T,202601,2013-Q1,0.67,A,0,1,
OECD.SDD.STES:DSD_STES_REVISIONS@DF_STES_REVISIONS(4.0),EA20,Q,ULC,PT_PCOS,_T,202509,2013-Q1,0.67,A,0,1,
OECD.SDD.STES:DSD_STES_REVISIONS@DF_STES_REVISIONS(4.0),EA20,Q,ULC,PT_PCOS,_T,202402,2013-Q2,-0.19,A,0,1,
OECD.SDD.STES:DSD_STES_REVISIONS@DF_STES_REVISIONS(4.0),EA20,Q,ULC,PT_PCOS,_T,202401,2013-Q2,-0.19,A,0,1,
OECD.SDD.STES:DSD_STES_REVISIONS@DF_STES_REVISIONS(4.0),EA20,Q,ULC,PT_PCOS,_T,202404,2013-Q2,-0.19,A,0,1,
OECD.SDD.STES:DSD_STES_REVISIONS@DF_STES_REVISIONS(4.0),EA20,Q,ULC,PT_PCOS,_T,202403,2013-Q2,-0.19,A,0,1,
OECD.SDD.STES:DSD_STES_REVISIONS@DF_STES_REVISIONS(4.0),EA20,Q,ULC,PT_PCOS,_T,202405,2013-Q2,-0.19,A,0,1,
OECD.SDD.STES:DSD_STES_REVISIONS@DF_STES_REVISIONS(4.0),EA20,Q,ULC,PT_PCOS,_T,202412,2013-Q2,-0.22,A,0,1,
OECD.SDD.STES:DSD_STES_REVISIONS@DF_STES_REVISIONS(4.0),EA20,Q,ULC,PT_PCOS,_T,202409,2013-Q2,-0.23,A,0,1,
OECD.SDD.STES:DSD_STES_REVISIONS@DF_STES_REVISIONS(4.0),EA20,Q,ULC,PT_PCOS,_T,202411,2013-Q2,-0.22,A,0,1,
OECD.SDD.STES:DSD_STES_REVISIONS@DF_STES_REVISIONS(4.0),EA20,Q,ULC,PT_PCOS,_T,202407,2013-Q2,-0.23,A,0,1,
OECD.SDD.STES:DSD_STES_REVISIONS@DF_STES_REVISIONS(4.0),EA20,Q,ULC,PT_PCOS,_T,202406,2013-Q2,-0.19,A,0,1,
OECD.SDD.STES:DSD_STES_REVISIONS@DF_STES_REVISIONS(4.0),EA20,Q,ULC,PT_PCOS,_T,202408,2013-Q2,-0.23,A,0,1,
OECD.SDD.STES:DSD_STES_REVISIONS@DF_STES_REVISIONS(4.0),EA20,Q,ULC,PT_PCOS,_T,202510,2013-Q2,-0.22,A,0,1,
OECD.SDD.STES:DSD_STES_REVISIONS@DF_STES_REVISIONS(4.0),EA20,Q,ULC,PT_PCOS,_T,202504,2013-Q2,-0.22,A,0,1,
OECD.SDD.STES:DSD_STES_REVISIONS@DF_STES_REVISIONS(4.0),EA20,Q,ULC,PT_PCOS,_T,202507,2013-Q2,-0.22,A,0,1,
OECD.SDD.STES:DSD_STES_REVISIONS@DF_STES_REVISIONS(4.0),EA20,Q,ULC,PT_PCOS,_T,202506,2013-Q2,-0.22,A,0,1,
OECD.SDD.STES:DSD_STES_REVISIONS@DF_STES_REVISIONS(4.0),EA20,Q,ULC,PT_PCOS,_T,202508,2013-Q2,-0.22,A,0,1,
OECD.SDD.STES:DSD_STES_REVISIONS@DF_STES_REVISIONS(4.0),EA20,Q,ULC,PT_PCOS,_T,202503,2013-Q2,-0.22,A,0,1,
OECD.SDD.STES:DSD_STES_REVISIONS@DF_STES_REVISIONS(4.0),EA20,Q,ULC,PT_PCOS,_T,202505,2013-Q2,-0.22,A,0,1,
OECD.SDD.STES:DSD_STES_REVISIONS@DF_STES_REVISIONS(4.0),EA20,Q,ULC,PT_PCOS,_T,202501,2013-Q2,-0.22,A,0,1,
OECD.SDD.STES:DSD_STES_REVISIONS@DF_STES_REVISIONS(4.0),EA20,Q,ULC,PT_PCOS,_T,202502,2013-Q2,-0.22,A,0,1,
OECD.SDD.STES:DSD_STES_REVISIONS@DF_STES_REVISIONS(4.0),EA20,Q,ULC,PT_PCOS,_T,202410,2013-Q2,-0.22,A,0,1,
OECD.SDD.STES:DSD_STES_REVISIONS@DF_STES_REVISIONS(4.0),EA20,Q,ULC,PT_PCOS,_T,202608,2013-Q2,-0.22,A,0,1,
OECD.SDD.STES:DSD_STES_REVISIONS@DF_STES_REVISIONS(4.0),EA20,Q,ULC,PT_PCOS,_T,202607,2013-Q2,-0.22,A,0,1,
OECD.SDD.STES:DSD_STES_REVISIONS@DF_STES_REVISIONS(4.0),EA20,Q,ULC,PT_PCOS,_T,202605,2013-Q2,-0.22,A,0,1,
OECD.SDD.STES:DSD_STES_REVISIONS@DF_STES_REVISIONS(4.0),EA20,Q,ULC,PT_PCOS,_T,202609,2013-Q2,-0.22,A,0,1,
OECD.SDD.STES:DSD_STES_REVISIONS@DF_STES_REVISIONS(4.0),EA20,Q,ULC,PT_PCOS,_T,202606,2013-Q2,-0.22,A,0,1,
OECD.SDD.STES:DSD_STES_REVISIONS@DF_STES_REVISIONS(4.0),EA20,Q,ULC,PT_PCOS,_T,202604,2013-Q2,-0.22,A,0,1,
OECD.SDD.STES:DSD_STES_REVISIONS@DF_STES_REVISIONS(4.0),EA20,Q,ULC,PT_PCOS,_T,202603,2013-Q2,-0.22,A,0,1,
OECD.SDD.STES:DSD_STES_REVISIONS@DF_STES_REVISIONS(4.0),EA20,Q,ULC,PT_PCOS,_T,202602,2013-Q2,-0.22,A,0,1,
OECD.SDD.STES:DSD_STES_REVISIONS@DF_STES_REVISIONS(4.0),EA20,Q,ULC,PT_PCOS,_T,202512,2013-Q2,-0.22,A,0,1,
OECD.SDD.STES:DSD_STES_REVISIONS@DF_STES_REVISIONS(4.0),EA20,Q,ULC,PT_PCOS,_T,202601,2013-Q2,-0.22,A,0,1,
OECD.SDD.STES:DSD_STES_REVISIONS@DF_STES_REVISIONS(4.0),EA20,Q,ULC,PT_PCOS,_T,202511,2013-Q2,-0.22,A,0,1,
OECD.SDD.STES:DSD_STES_REVISIONS@DF_STES_REVISIONS(4.0),EA20,Q,ULC,PT_PCOS,_T,202509,2013-Q2,-0.22,A,0,1,
OECD.SDD.STES:DSD_STES_REVISIONS@DF_STES_REVISIONS(4.0),EA20,Q,ULC,PT_PCOS,_T,202402,2013-Q3,0.25,A,0,1,
OECD.SDD.STES:DSD_STES_REVISIONS@DF_STES_REVISIONS(4.0),EA20,Q,ULC,PT_PCOS,_T,202401,2013-Q3,0.25,A,0,1,
OECD.SDD.STES:DSD_STES_REVISIONS@DF_STES_REVISIONS(4.0),EA20,Q,ULC,PT_PCOS,_T,202404,2013-Q3,0.25,A,0,1,
OECD.SDD.STES:DSD_STES_REVISIONS@DF_STES_REVISIONS(4.0),EA20,Q,ULC,PT_PCOS,_T,202403,2013-Q3,0.25,A,0,1,
OECD.SDD.STES:DSD_STES_REVISIONS@DF_STES_REVISIONS(4.0),EA20,Q,ULC,PT_PCOS,_T,202405,2013-Q3,0.25,A,0,1,
OECD.SDD.STES:DSD_STES_REVISIONS@DF_STES_REVISIONS(4.0),EA20,Q,ULC,PT_PCOS,_T,202406,2013-Q3,0.25,A,0,1,
OECD.SDD.STES:DSD_STES_REVISIONS@DF_STES_REVISIONS(4.0),EA20,Q,ULC,PT_PCOS,_T,202402,2013-Q4,0.02,A,0,1,
OECD.SDD.STES:DSD_STES_REVISIONS@DF_STES_REVISIONS(4.0),EA20,Q,ULC,PT_PCOS,_T,202401,2013-Q4,0.02,A,0,1,
OECD.SDD.STES:DSD_STES_REVISIONS@DF_STES_REVISIONS(4.0),EA20,Q,ULC,PT_PCOS,_T,202404,2013-Q4,0.02,A,0,1,
OECD.SDD.STES:DSD_STES_REVISIONS@DF_STES_REVISIONS(4.0),EA20,Q,ULC,PT_PCOS,_T,202403,2013-Q4,0.02,A,0,1,
OECD.SDD.STES:DSD_STES_REVISIONS@DF_STES_REVISIONS(4.0),EA20,Q,ULC,PT_PCOS,_T,202405,2013-Q4,0.02,A,0,1,
OECD.SDD.STES:DSD_STES_REVISIONS@DF_STES_REVISIONS(4.0),EA20,Q,ULC,PT_PCOS,_T,202412,2013-Q4,0,A,0,1,
OECD.SDD.STES:DSD_STES_REVISIONS@DF_STES_REVISIONS(4.0),EA20,Q,ULC,PT_PCOS,_T,202409,2013-Q4,0.01,A,0,1,
OECD.SDD.STES:DSD_STES_REVISIONS@DF_STES_REVISIONS(4.0),EA20,Q,ULC,PT_PCOS,_T,202411,2013-Q4,0,A,0,1,
OECD.SDD.STES:DSD_STES_REVISIONS@DF_STES_REVISIONS(4.0),EA20,Q,ULC,PT_PCOS,_T,202407,2013-Q4,0.01,A,0,1,
OECD.SDD.STES:DSD_STES_REVISIONS@DF_STES_REVISIONS(4.0),EA20,Q,ULC,PT_PCOS,_T,202406,2013-Q4,0.02,A,0,1,
OECD.SDD.STES:DSD_STES_REVISIONS@DF_STES_REVISIONS(4.0),EA20,Q,ULC,PT_PCOS,_T,202408,2013-Q4,0.01,A,0,1,
OECD.SDD.STES:DSD_STES_REVISIONS@DF_STES_REVISIONS(4.0),EA20,Q,ULC,PT_PCOS,_T,202510,2013-Q4,0,A,0,1,
OECD.SDD.STES:DSD_STES_REVISIONS@DF_STES_REVISIONS(4.0),EA20,Q,ULC,PT_PCOS,_T,202504,2013-Q4,0,A,0,1,
OECD.SDD.STES:DSD_STES_REVISIONS@DF_STES_REVISIONS(4.0),EA20,Q,ULC,PT_PCOS,_T,202507,2013-Q4,0,A,0,1,
OECD.SDD.STES:DSD_STES_REVISIONS@DF_STES_REVISIONS(4.0),EA20,Q,ULC,PT_PCOS,_T,202506,2013-Q4,0,A,0,1,
OECD.SDD.STES:DSD_STES_REVISIONS@DF_STES_REVISIONS(4.0),EA20,Q,ULC,PT_PCOS,_T,202508,2013-Q4,0,A,0,1,
OECD.SDD.STES:DSD_STES_REVISIONS@DF_STES_REVISIONS(4.0),EA20,Q,ULC,PT_PCOS,_T,202503,2013-Q4,0,A,0,1,
OECD.SDD.STES:DSD_STES_REVISIONS@DF_STES_REVISIONS(4.0),EA20,Q,ULC,PT_PCOS,_T,202505,2013-Q4,0,A,0,1,
OECD.SDD.STES:DSD_STES_REVISIONS@DF_STES_REVISIONS(4.0),EA20,Q,ULC,PT_PCOS,_T,202501,2013-Q4,0,A,0,1,
OECD.SDD.STES:DSD_STES_REVISIONS@DF_STES_REVISIONS(4.0),EA20,Q,ULC,PT_PCOS,_T,202502,2013-Q4,0,A,0,1,
OECD.SDD.STES:DSD_STES_REVISIONS@DF_STES_REVISIONS(4.0),EA20,Q,ULC,PT_PCOS,_T,202410,2013-Q4,0,A,0,1,
OECD.SDD.STES:DSD_STES_REVISIONS@DF_STES_REVISIONS(4.0),EA20,Q,ULC,PT_PCOS,_T,202608,2013-Q4,0,A,0,1,
OECD.SDD.STES:DSD_STES_REVISIONS@DF_STES_REVISIONS(4.0),EA20,Q,ULC,PT_PCOS,_T,202607,2013-Q4,0,A,0,1,
OECD.SDD.STES:DSD_STES_REVISIONS@DF_STES_REVISIONS(4.0),EA20,Q,ULC,PT_PCOS,_T,202605,2013-Q4,0,A,0,1,
OECD.SDD.STES:DSD_STES_REVISIONS@DF_STES_REVISIONS(4.0),EA20,Q,ULC,PT_PCOS,_T,202609,2013-Q4,0,A,0,1,
OECD.SDD.STES:DSD_STES_REVISIONS@DF_STES_REVISIONS(4.0),EA20,Q,ULC,PT_PCOS,_T,202606,2013-Q4,0,A,0,1,
OECD.SDD.STES:DSD_STES_REVISIONS@DF_STES_REVISIONS(4.0),EA20,Q,ULC,PT_PCOS,_T,202604,2013-Q4,0,A,0,1,
OECD.SDD.STES:DSD_STES_REVISIONS@DF_STES_REVISIONS(4.0),EA20,Q,ULC,PT_PCOS,_T,202603,2013-Q4,0,A,0,1,
OECD.SDD.STES:DSD_STES_REVISIONS@DF_STES_REVISIONS(4.0),EA20,Q,ULC,PT_PCOS,_T,202602,2013-Q4,0,A,0,1,
OECD.SDD.STES:DSD_STES_REVISIONS@DF_STES_REVISIONS(4.0),EA20,Q,ULC,PT_PCOS,_T,202512,2013-Q4,0,A,0,1,
OECD.SDD.STES:DSD_STES_REVISIONS@DF_STES_REVISIONS(4.0),EA20,Q,ULC,PT_PCOS,_T,202601,2013-Q4,0,A,0,1,
OECD.SDD.STES:DSD_STES_REVISIONS@DF_STES_REVISIONS(4.0),EA20,Q,ULC,PT_PCOS,_T,202511,2013-Q4,0,A,0,1,
OECD.SDD.STES:DSD_STES_REVISIONS@DF_STES_REVISIONS(4.0),EA20,Q,ULC,PT_PCOS,_T,202509,2013-Q4,0,A,0,1,
OECD.SDD.STES:DSD_STES_REVISIONS@DF_STES_REVISIONS(4.0),EA20,Q,ULC,PT_PCOS,_T,202412,2014-Q1,0.25,A,0,1,
OECD.SDD.STES:DSD_STES_REVISIONS@DF_STES_REVISIONS(4.0),EA20,Q,ULC,PT_PCOS,_T,202409,2014-Q1,0.27,A,0,1,
OECD.SDD.STES:DSD_STES_REVISIONS@DF_STES_REVISIONS(4.0),EA20,Q,ULC,PT_PCOS,_T,202411,2014-Q1,0.25,A,0,1,
OECD.SDD.STES:DSD_STES_REVISIONS@DF_STES_REVISIONS(4.0),EA20,Q,ULC,PT_PCOS,_T,202407,2014-Q1,0.27,A,0,1,
OECD.SDD.STES:DSD_STES_REVISIONS@DF_STES_REVISIONS(4.0),EA20,Q,ULC,PT_PCOS,_T,202408,2014-Q1,0.27,A,0,1,
OECD.SDD.STES:DSD_STES_REVISIONS@DF_STES_REVISIONS(4.0),EA20,Q,ULC,PT_PCOS,_T,202510,2014-Q1,0.25,A,0,1,
OECD.SDD.STES:DSD_STES_REVISIONS@DF_STES_REVISIONS(4.0),EA20,Q,ULC,PT_PCOS,_T,202504,2014-Q1,0.25,A,0,1,
OECD.SDD.STES:DSD_STES_REVISIONS@DF_STES_REVISIONS(4.0),EA20,Q,ULC,PT_PCOS,_T,202507,2014-Q1,0.25,A,0,1,
OECD.SDD.STES:DSD_STES_REVISIONS@DF_STES_REVISIONS(4.0),EA20,Q,ULC,PT_PCOS,_T,202506,2014-Q1,0.25,A,0,1,
OECD.SDD.STES:DSD_STES_REVISIONS@DF_STES_REVISIONS(4.0),EA20,Q,ULC,PT_PCOS,_T,202508,2014-Q1,0.25,A,0,1,
OECD.SDD.STES:DSD_STES_REVISIONS@DF_STES_REVISIONS(4.0),EA20,Q,ULC,PT_PCOS,_T,202503,2014-Q1,0.25,A,0,1,
OECD.SDD.STES:DSD_STES_REVISIONS@DF_STES_REVISIONS(4.0),EA20,Q,ULC,PT_PCOS,_T,202505,2014-Q1,0.25,A,0,1,
OECD.SDD.STES:DSD_STES_REVISIONS@DF_STES_REVISIONS(4.0),EA20,Q,ULC,PT_PCOS,_T,202501,2014-Q1,0.25,A,0,1,
OECD.SDD.STES:DSD_STES_REVISIONS@DF_STES_REVISIONS(4.0),EA20,Q,ULC,PT_PCOS,_T,202502,2014-Q1,0.25,A,0,1,
OECD.SDD.STES:DSD_STES_REVISIONS@DF_STES_REVISIONS(4.0),EA20,Q,ULC,PT_PCOS,_T,202410,2014-Q1,0.25,A,0,1,
OECD.SDD.STES:DSD_STES_REVISIONS@DF_STES_REVISIONS(4.0),EA20,Q,ULC,PT_PCOS,_T,202608,2014-Q1,0.25,A,0,1,
OECD.SDD.STES:DSD_STES_REVISIONS@DF_STES_REVISIONS(4.0),EA20,Q,ULC,PT_PCOS,_T,202607,2014-Q1,0.25,A,0,1,
OECD.SDD.STES:DSD_STES_REVISIONS@DF_STES_REVISIONS(4.0),EA20,Q,ULC,PT_PCOS,_T,202605,2014-Q1,0.25,A,0,1,
OECD.SDD.STES:DSD_STES_REVISIONS@DF_STES_REVISIONS(4.0),EA20,Q,ULC,PT_PCOS,_T,202609,2014-Q1,0.25,A,0,1,
OECD.SDD.STES:DSD_STES_REVISIONS@DF_STES_REVISIONS(4.0),EA20,Q,ULC,PT_PCOS,_T,202606,2014-Q1,0.25,A,0,1,
OECD.SDD.STES:DSD_STES_REVISIONS@DF_STES_REVISIONS(4.0),EA20,Q,ULC,PT_PCOS,_T,202604,2014-Q1,0.25,A,0,1,
OECD.SDD.STES:DSD_STES_REVISIONS@DF_STES_REVISIONS(4.0),EA20,Q,ULC,PT_PCOS,_T,202603,2014-Q1,0.25,A,0,1,
OECD.SDD.STES:DSD_STES_REVISIONS@DF_STES_REVISIONS(4.0),EA20,Q,ULC,PT_PCOS,_T,202602,2014-Q1,0.25,A,0,1,
OECD.SDD.STES:DSD_STES_REVISIONS@DF_STES_REVISIONS(4.0),EA20,Q,ULC,PT_PCOS,_T,202512,2014-Q1,0.25,A,0,1,
OECD.SDD.STES:DSD_STES_REVISIONS@DF_STES_REVISIONS(4.0),EA20,Q,ULC,PT_PCOS,_T,202511,2014-Q1,0.25,A,0,1,
OECD.SDD.STES:DSD_STES_REVISIONS@DF_STES_REVISIONS(4.0),EA20,Q,ULC,PT_PCOS,_T,202601,2014-Q1,0.25,A,0,1,
OECD.SDD.STES:DSD_STES_REVISIONS@DF_STES_REVISIONS(4.0),EA20,Q,ULC,PT_PCOS,_T,202509,2014-Q1,0.25,A,0,1,
OECD.SDD.STES:DSD_STES_REVISIONS@DF_STES_REVISIONS(4.0),EA20,Q,ULC,PT_PCOS,_T,202402,2014-Q2,0.24,A,0,1,
OECD.SDD.STES:DSD_STES_REVISIONS@DF_STES_REVISIONS(4.0),EA20,Q,ULC,PT_PCOS,_T,202401,2014-Q2,0.24,A,0,1,
OECD.SDD.STES:DSD_STES_REVISIONS@DF_STES_REVISIONS(4.0),EA20,Q,ULC,PT_PCOS,_T,202404,2014-Q2,0.24,A,0,1,
OECD.SDD.STES:DSD_STES_REVISIONS@DF_STES_REVISIONS(4.0),EA20,Q,ULC,PT_PCOS,_T,202403,2014-Q2,0.24,A,0,1,
OECD.SDD.STES:DSD_STES_REVISIONS@DF_STES_REVISIONS(4.0),EA20,Q,ULC,PT_PCOS,_T,202405,2014-Q2,0.24,A,0,1,
OECD.SDD.STES:DSD_STES_REVISIONS@DF_STES_REVISIONS(4.0),EA20,Q,ULC,PT_PCOS,_T,202412,2014-Q2,0.25,A,0,1,
OECD.SDD.STES:DSD_STES_REVISIONS@DF_STES_REVISIONS(4.0),EA20,Q,ULC,PT_PCOS,_T,202409,2014-Q2,0.22,A,0,1,
OECD.SDD.STES:DSD_STES_REVISIONS@DF_STES_REVISIONS(4.0),EA20,Q,ULC,PT_PCOS,_T,202411,2014-Q2,0.25,A,0,1,
OECD.SDD.STES:DSD_STES_REVISIONS@DF_STES_REVISIONS(4.0),EA20,Q,ULC,PT_PCOS,_T,202407,2014-Q2,0.22,A,0,1,
OECD.SDD.STES:DSD_STES_REVISIONS@DF_STES_REVISIONS(4.0),EA20,Q,ULC,PT_PCOS,_T,202406,2014-Q2,0.24,A,0,1,
OECD.SDD.STES:DSD_STES_REVISIONS@DF_STES_REVISIONS(4.0),EA20,Q,ULC,PT_PCOS,_T,202408,2014-Q2,0.22,A,0,1,
OECD.SDD.STES:DSD_STES_REVISIONS@DF_STES_REVISIONS(4.0),EA20,Q,ULC,PT_PCOS,_T,202510,2014-Q2,0.25,A,0,1,
OECD.SDD.STES:DSD_STES_REVISIONS@DF_STES_REVISIONS(4.0),EA20,Q,ULC,PT_PCOS,_T,202504,2014-Q2,0.25,A,0,1,
OECD.SDD.STES:DSD_STES_REVISIONS@DF_STES_REVISIONS(4.0),EA20,Q,ULC,PT_PCOS,_T,202507,2014-Q2,0.25,A,0,1,
OECD.SDD.STES:DSD_STES_REVISIONS@DF_STES_REVISIONS(4.0),EA20,Q,ULC,PT_PCOS,_T,202506,2014-Q2,0.25,A,0,1,
OECD.SDD.STES:DSD_STES_REVISIONS@DF_STES_REVISIONS(4.0),EA20,Q,ULC,PT_PCOS,_T,202508,2014-Q2,0.25,A,0,1,
OECD.SDD.STES:DSD_STES_REVISIONS@DF_STES_REVISIONS(4.0),EA20,Q,ULC,PT_PCOS,_T,202503,2014-Q2,0.25,A,0,1,
OECD.SDD.STES:DSD_STES_REVISIONS@DF_STES_REVISIONS(4.0),EA20,Q,ULC,PT_PCOS,_T,202505,2014-Q2,0.25,A,0,1,
OECD.SDD.STES:DSD_STES_REVISIONS@DF_STES_REVISIONS(4.0),EA20,Q,ULC,PT_PCOS,_T,202501,2014-Q2,0.25,A,0,1,
OECD.SDD.STES:DSD_STES_REVISIONS@DF_STES_REVISIONS(4.0),EA20,Q,ULC,PT_PCOS,_T,202502,2014-Q2,0.25,A,0,1,
OECD.SDD.STES:DSD_STES_REVISIONS@DF_STES_REVISIONS(4.0),EA20,Q,ULC,PT_PCOS,_T,202410,2014-Q2,0.25,A,0,1,
OECD.SDD.STES:DSD_STES_REVISIONS@DF_STES_REVISIONS(4.0),EA20,Q,ULC,PT_PCOS,_T,202608,2014-Q2,0.25,A,0,1,
OECD.SDD.STES:DSD_STES_REVISIONS@DF_STES_REVISIONS(4.0),EA20,Q,ULC,PT_PCOS,_T,202607,2014-Q2,0.25,A,0,1,
OECD.SDD.STES:DSD_STES_REVISIONS@DF_STES_REVISIONS(4.0),EA20,Q,ULC,PT_PCOS,_T,202605,2014-Q2,0.25,A,0,1,
OECD.SDD.STES:DSD_STES_REVISIONS@DF_STES_REVISIONS(4.0),EA20,Q,ULC,PT_PCOS,_T,202609,2014-Q2,0.25,A,0,1,
OECD.SDD.STES:DSD_STES_REVISIONS@DF_STES_REVISIONS(4.0),EA20,Q,ULC,PT_PCOS,_T,202606,2014-Q2,0.25,A,0,1,
OECD.SDD.STES:DSD_STES_REVISIONS@DF_STES_REVISIONS(4.0),EA20,Q,ULC,PT_PCOS,_T,202604,2014-Q2,0.25,A,0,1,
OECD.SDD.STES:DSD_STES_REVISIONS@DF_STES_REVISIONS(4.0),EA20,Q,ULC,PT_PCOS,_T,202603,2014-Q2,0.25,A,0,1,
OECD.SDD.STES:DSD_STES_REVISIONS@DF_STES_REVISIONS(4.0),EA20,Q,ULC,PT_PCOS,_T,202602,2014-Q2,0.25,A,0,1,
OECD.SDD.STES:DSD_STES_REVISIONS@DF_STES_REVISIONS(4.0),EA20,Q,ULC,PT_PCOS,_T,202512,2014-Q2,0.25,A,0,1,
OECD.SDD.STES:DSD_STES_REVISIONS@DF_STES_REVISIONS(4.0),EA20,Q,ULC,PT_PCOS,_T,202601,2014-Q2,0.25,A,0,1,
OECD.SDD.STES:DSD_STES_REVISIONS@DF_STES_REVISIONS(4.0),EA20,Q,ULC,PT_PCOS,_T,202511,2014-Q2,0.25,A,0,1,
OECD.SDD.STES:DSD_STES_REVISIONS@DF_STES_REVISIONS(4.0),EA20,Q,ULC,PT_PCOS,_T,202509,2014-Q2,0.25,A,0,1,
OECD.SDD.STES:DSD_STES_REVISIONS@DF_STES_REVISIONS(4.0),EA20,Q,ULC,PT_PCOS,_T,202402,2014-Q3,0.18,A,0,1,
OECD.SDD.STES:DSD_STES_REVISIONS@DF_STES_REVISIONS(4.0),EA20,Q,ULC,PT_PCOS,_T,202401,2014-Q3,0.18,A,0,1,
OECD.SDD.STES:DSD_STES_REVISIONS@DF_STES_REVISIONS(4.0),EA20,Q,ULC,PT_PCOS,_T,202404,2014-Q3,0.18,A,0,1,
OECD.SDD.STES:DSD_STES_REVISIONS@DF_STES_REVISIONS(4.0),EA20,Q,ULC,PT_PCOS,_T,202403,2014-Q3,0.18,A,0,1,
OECD.SDD.STES:DSD_STES_REVISIONS@DF_STES_REVISIONS(4.0),EA20,Q,ULC,PT_PCOS,_T,202405,2014-Q3,0.18,A,0,1,
OECD.SDD.STES:DSD_STES_REVISIONS@DF_STES_REVISIONS(4.0),EA20,Q,ULC,PT_PCOS,_T,202412,2014-Q3,0.19,A,0,1,
OECD.SDD.STES:DSD_STES_REVISIONS@DF_STES_REVISIONS(4.0),EA20,Q,ULC,PT_PCOS,_T,202411,2014-Q3,0.19,A,0,1,
OECD.SDD.STES:DSD_STES_REVISIONS@DF_STES_REVISIONS(4.0),EA20,Q,ULC,PT_PCOS,_T,202406,2014-Q3,0.18,A,0,1,
OECD.SDD.STES:DSD_STES_REVISIONS@DF_STES_REVISIONS(4.0),EA20,Q,ULC,PT_PCOS,_T,202510,2014-Q3,0.19,A,0,1,
OECD.SDD.STES:DSD_STES_REVISIONS@DF_STES_REVISIONS(4.0),EA20,Q,ULC,PT_PCOS,_T,202504,2014-Q3,0.19,A,0,1,
OECD.SDD.STES:DSD_STES_REVISIONS@DF_STES_REVISIONS(4.0),EA20,Q,ULC,PT_PCOS,_T,202507,2014-Q3,0.19,A,0,1,
OECD.SDD.STES:DSD_STES_REVISIONS@DF_STES_REVISIONS(4.0),EA20,Q,ULC,PT_PCOS,_T,202506,2014-Q3,0.19,A,0,1,
OECD.SDD.STES:DSD_STES_REVISIONS@DF_STES_REVISIONS(4.0),EA20,Q,ULC,PT_PCOS,_T,202508,2014-Q3,0.19,A,0,1,
OECD.SDD.STES:DSD_STES_REVISIONS@DF_STES_REVISIONS(4.0),EA20,Q,ULC,PT_PCOS,_T,202503,2014-Q3,0.19,A,0,1,
OECD.SDD.STES:DSD_STES_REVISIONS@DF_STES_REVISIONS(4.0),EA20,Q,ULC,PT_PCOS,_T,202505,2014-Q3,0.19,A,0,1,
OECD.SDD.STES:DSD_STES_REVISIONS@DF_STES_REVISIONS(4.0),EA20,Q,ULC,PT_PCOS,_T,202501,2014-Q3,0.19,A,0,1,
OECD.SDD.STES:DSD_STES_REVISIONS@DF_STES_REVISIONS(4.0),EA20,Q,ULC,PT_PCOS,_T,202502,2014-Q3,0.19,A,0,1,
OECD.SDD.STES:DSD_STES_REVISIONS@DF_STES_REVISIONS(4.0),EA20,Q,ULC,PT_PCOS,_T,202410,2014-Q3,0.19,A,0,1,
OECD.SDD.STES:DSD_STES_REVISIONS@DF_STES_REVISIONS(4.0),EA20,Q,ULC,PT_PCOS,_T,202608,2014-Q3,0.19,A,0,1,
OECD.SDD.STES:DSD_STES_REVISIONS@DF_STES_REVISIONS(4.0),EA20,Q,ULC,PT_PCOS,_T,202607,2014-Q3,0.19,A,0,1,
OECD.SDD.STES:DSD_STES_REVISIONS@DF_STES_REVISIONS(4.0),EA20,Q,ULC,PT_PCOS,_T,202605,2014-Q3,0.19,A,0,1,
OECD.SDD.STES:DSD_STES_REVISIONS@DF_STES_REVISIONS(4.0),EA20,Q,ULC,PT_PCOS,_T,202609,2014-Q3,0.19,A,0,1,
OECD.SDD.STES:DSD_STES_REVISIONS@DF_STES_REVISIONS(4.0),EA20,Q,ULC,PT_PCOS,_T,202606,2014-Q3,0.19,A,0,1,
OECD.SDD.STES:DSD_STES_REVISIONS@DF_STES_REVISIONS(4.0),EA20,Q,ULC,PT_PCOS,_T,202604,2014-Q3,0.19,A,0,1,
OECD.SDD.STES:DSD_STES_REVISIONS@DF_STES_REVISIONS(4.0),EA20,Q,ULC,PT_PCOS,_T,202603,2014-Q3,0.19,A,0,1,
OECD.SDD.STES:DSD_STES_REVISIONS@DF_STES_REVISIONS(4.0),EA20,Q,ULC,PT_PCOS,_T,202602,2014-Q3,0.19,A,0,1,
OECD.SDD.STES:DSD_STES_REVISIONS@DF_STES_REVISIONS(4.0),EA20,Q,ULC,PT_PCOS,_T,202512,2014-Q3,0.19,A,0,1,
OECD.SDD.STES:DSD_STES_REVISIONS@DF_STES_REVISIONS(4.0),EA20,Q,ULC,PT_PCOS,_T,202511,2014-Q3,0.19,A,0,1,
OECD.SDD.STES:DSD_STES_REVISIONS@DF_STES_REVISIONS(4.0),EA20,Q,ULC,PT_PCOS,_T,202601,2014-Q3,0.19,A,0,1,
OECD.SDD.STES:DSD_STES_REVISIONS@DF_STES_REVISIONS(4.0),EA20,Q,ULC,PT_PCOS,_T,202509,2014-Q3,0.19,A,0,1,
OECD.SDD.STES:DSD_STES_REVISIONS@DF_STES_REVISIONS(4.0),EA20,Q,ULC,PT_PCOS,_T,202402,2014-Q4,0.16,A,0,1,
OECD.SDD.STES:DSD_STES_REVISIONS@DF_STES_REVISIONS(4.0),EA20,Q,ULC,PT_PCOS,_T,202401,2014-Q4,0.16,A,0,1,
OECD.SDD.STES:DSD_STES_REVISIONS@DF_STES_REVISIONS(4.0),EA20,Q,ULC,PT_PCOS,_T,202404,2014-Q4,0.16,A,0,1,
OECD.SDD.STES:DSD_STES_REVISIONS@DF_STES_REVISIONS(4.0),EA20,Q,ULC,PT_PCOS,_T,202403,2014-Q4,0.16,A,0,1,
OECD.SDD.STES:DSD_STES_REVISIONS@DF_STES_REVISIONS(4.0),EA20,Q,ULC,PT_PCOS,_T,202405,2014-Q4,0.16,A,0,1,
OECD.SDD.STES:DSD_STES_REVISIONS@DF_STES_REVISIONS(4.0),EA20,Q,ULC,PT_PCOS,_T,202409,2014-Q4,0.19,A,0,1,
OECD.SDD.STES:DSD_STES_REVISIONS@DF_STES_REVISIONS(4.0),EA20,Q,ULC,PT_PCOS,_T,202407,2014-Q4,0.19,A,0,1,
OECD.SDD.STES:DSD_STES_REVISIONS@DF_STES_REVISIONS(4.0),EA20,Q,ULC,PT_PCOS,_T,202406,2014-Q4,0.16,A,0,1,
OECD.SDD.STES:DSD_STES_REVISIONS@DF_STES_REVISIONS(4.0),EA20,Q,ULC,PT_PCOS,_T,202408,2014-Q4,0.19,A,0,1,
OECD.SDD.STES:DSD_STES_REVISIONS@DF_STES_REVISIONS(4.0),EA20,Q,ULC,PT_PCOS,_T,202402,2015-Q1,-0.17,A,0,1,
OECD.SDD.STES:DSD_STES_REVISIONS@DF_STES_REVISIONS(4.0),EA20,Q,ULC,PT_PCOS,_T,202401,2015-Q1,-0.17,A,0,1,
OECD.SDD.STES:DSD_STES_REVISIONS@DF_STES_REVISIONS(4.0),EA20,Q,ULC,PT_PCOS,_T,202404,2015-Q1,-0.17,A,0,1,
OECD.SDD.STES:DSD_STES_REVISIONS@DF_STES_REVISIONS(4.0),EA20,Q,ULC,PT_PCOS,_T,202403,2015-Q1,-0.17,A,0,1,
OECD.SDD.STES:DSD_STES_REVISIONS@DF_STES_REVISIONS(4.0),EA20,Q,ULC,PT_PCOS,_T,202405,2015-Q1,-0.17,A,0,1,
OECD.SDD.STES:DSD_STES_REVISIONS@DF_STES_REVISIONS(4.0),EA20,Q,ULC,PT_PCOS,_T,202412,2015-Q1,-0.14,A,0,1,
OECD.SDD.STES:DSD_STES_REVISIONS@DF_STES_REVISIONS(4.0),EA20,Q,ULC,PT_PCOS,_T,202409,2015-Q1,-0.16,A,0,1,
OECD.SDD.STES:DSD_STES_REVISIONS@DF_STES_REVISIONS(4.0),EA20,Q,ULC,PT_PCOS,_T,202411,2015-Q1,-0.14,A,0,1,
OECD.SDD.STES:DSD_STES_REVISIONS@DF_STES_REVISIONS(4.0),EA20,Q,ULC,PT_PCOS,_T,202407,2015-Q1,-0.16,A,0,1,
OECD.SDD.STES:DSD_STES_REVISIONS@DF_STES_REVISIONS(4.0),EA20,Q,ULC,PT_PCOS,_T,202406,2015-Q1,-0.17,A,0,1,
OECD.SDD.STES:DSD_STES_REVISIONS@DF_STES_REVISIONS(4.0),EA20,Q,ULC,PT_PCOS,_T,202408,2015-Q1,-0.16,A,0,1,
OECD.SDD.STES:DSD_STES_REVISIONS@DF_STES_REVISIONS(4.0),EA20,Q,ULC,PT_PCOS,_T,202510,2015-Q1,-0.14,A,0,1,
OECD.SDD.STES:DSD_STES_REVISIONS@DF_STES_REVISIONS(4.0),EA20,Q,ULC,PT_PCOS,_T,202504,2015-Q1,-0.14,A,0,1,
OECD.SDD.STES:DSD_STES_REVISIONS@DF_STES_REVISIONS(4.0),EA20,Q,ULC,PT_PCOS,_T,202507,2015-Q1,-0.14,A,0,1,
OECD.SDD.STES:DSD_STES_REVISIONS@DF_STES_REVISIONS(4.0),EA20,Q,ULC,PT_PCOS,_T,202506,2015-Q1,-0.14,A,0,1,
OECD.SDD.STES:DSD_STES_REVISIONS@DF_STES_REVISIONS(4.0),EA20,Q,ULC,PT_PCOS,_T,202508,2015-Q1,-0.14,A,0,1,
OECD.SDD.STES:DSD_STES_REVISIONS@DF_STES_REVISIONS(4.0),EA20,Q,ULC,PT_PCOS,_T,202503,2015-Q1,-0.14,A,0,1,
OECD.SDD.STES:DSD_STES_REVISIONS@DF_STES_REVISIONS(4.0),EA20,Q,ULC,PT_PCOS,_T,202505,2015-Q1,-0.14,A,0,1,
OECD.SDD.STES:DSD_STES_REVISIONS@DF_STES_REVISIONS(4.0),EA20,Q,ULC,PT_PCOS,_T,202501,2015-Q1,-0.14,A,0,1,
OECD.SDD.STES:DSD_STES_REVISIONS@DF_STES_REVISIONS(4.0),EA20,Q,ULC,PT_PCOS,_T,202502,2015-Q1,-0.14,A,0,1,
OECD.SDD.STES:DSD_STES_REVISIONS@DF_STES_REVISIONS(4.0),EA20,Q,ULC,PT_PCOS,_T,202410,2015-Q1,-0.14,A,0,1,
OECD.SDD.STES:DSD_STES_REVISIONS@DF_STES_REVISIONS(4.0),EA20,Q,ULC,PT_PCOS,_T,202608,2015-Q1,-0.14,A,0,1,
OECD.SDD.STES:DSD_STES_REVISIONS@DF_STES_REVISIONS(4.0),EA20,Q,ULC,PT_PCOS,_T,202607,2015-Q1,-0.14,A,0,1,
OECD.SDD.STES:DSD_STES_REVISIONS@DF_STES_REVISIONS(4.0),EA20,Q,ULC,PT_PCOS,_T,202605,2015-Q1,-0.14,A,0,1,
OECD.SDD.STES:DSD_STES_REVISIONS@DF_STES_REVISIONS(4.0),EA20,Q,ULC,PT_PCOS,_T,202609,2015-Q1,-0.14,A,0,1,
OECD.SDD.STES:DSD_STES_REVISIONS@DF_STES_REVISIONS(4.0),EA20,Q,ULC,PT_PCOS,_T,202606,2015-Q1,-0.14,A,0,1,
OECD.SDD.STES:DSD_STES_REVISIONS@DF_STES_REVISIONS(4.0),EA20,Q,ULC,PT_PCOS,_T,202604,2015-Q1,-0.14,A,0,1,
OECD.SDD.STES:DSD_STES_REVISIONS@DF_STES_REVISIONS(4.0),EA20,Q,ULC,PT_PCOS,_T,202603,2015-Q1,-0.14,A,0,1,
OECD.SDD.STES:DSD_STES_REVISIONS@DF_STES_REVISIONS(4.0),EA20,Q,ULC,PT_PCOS,_T,202602,2015-Q1,-0.14,A,0,1,
OECD.SDD.STES:DSD_STES_REVISIONS@DF_STES_REVISIONS(4.0),EA20,Q,ULC,PT_PCOS,_T,202512,2015-Q1,-0.14,A,0,1,
OECD.SDD.STES:DSD_STES_REVISIONS@DF_STES_REVISIONS(4.0),EA20,Q,ULC,PT_PCOS,_T,202511,2015-Q1,-0.14,A,0,1,
OECD.SDD.STES:DSD_STES_REVISIONS@DF_STES_REVISIONS(4.0),EA20,Q,ULC,PT_PCOS,_T,202601,2015-Q1,-0.14,A,0,1,
OECD.SDD.STES:DSD_STES_REVISIONS@DF_STES_REVISIONS(4.0),EA20,Q,ULC,PT_PCOS,_T,202509,2015-Q1,-0.14,A,0,1,
OECD.SDD.STES:DSD_STES_REVISIONS@DF_STES_REVISIONS(4.0),EA20,Q,ULC,PT_PCOS,_T,202402,2015-Q2,0.29,A,0,1,
OECD.SDD.STES:DSD_STES_REVISIONS@DF_STES_REVISIONS(4.0),EA20,Q,ULC,PT_PCOS,_T,202401,2015-Q2,0.29,A,0,1,
OECD.SDD.STES:DSD_STES_REVISIONS@DF_STES_REVISIONS(4.0),EA20,Q,ULC,PT_PCOS,_T,202404,2015-Q2,0.29,A,0,1,
OECD.SDD.STES:DSD_STES_REVISIONS@DF_STES_REVISIONS(4.0),EA20,Q,ULC,PT_PCOS,_T,202403,2015-Q2,0.29,A,0,1,
OECD.SDD.STES:DSD_STES_REVISIONS@DF_STES_REVISIONS(4.0),EA20,Q,ULC,PT_PCOS,_T,202405,2015-Q2,0.29,A,0,1,
OECD.SDD.STES:DSD_STES_REVISIONS@DF_STES_REVISIONS(4.0),EA20,Q,ULC,PT_PCOS,_T,202412,2015-Q2,0.28,A,0,1,
OECD.SDD.STES:DSD_STES_REVISIONS@DF_STES_REVISIONS(4.0),EA20,Q,ULC,PT_PCOS,_T,202409,2015-Q2,0.3,A,0,1,
OECD.SDD.STES:DSD_STES_REVISIONS@DF_STES_REVISIONS(4.0),EA20,Q,ULC,PT_PCOS,_T,202411,2015-Q2,0.28,A,0,1,
OECD.SDD.STES:DSD_STES_REVISIONS@DF_STES_REVISIONS(4.0),EA20,Q,ULC,PT_PCOS,_T,202407,2015-Q2,0.3,A,0,1,
OECD.SDD.STES:DSD_STES_REVISIONS@DF_STES_REVISIONS(4.0),EA20,Q,ULC,PT_PCOS,_T,202406,2015-Q2,0.29,A,0,1,
OECD.SDD.STES:DSD_STES_REVISIONS@DF_STES_REVISIONS(4.0),EA20,Q,ULC,PT_PCOS,_T,202408,2015-Q2,0.3,A,0,1,
OECD.SDD.STES:DSD_STES_REVISIONS@DF_STES_REVISIONS(4.0),EA20,Q,ULC,PT_PCOS,_T,202510,2015-Q2,0.28,A,0,1,
OECD.SDD.STES:DSD_STES_REVISIONS@DF_STES_REVISIONS(4.0),EA20,Q,ULC,PT_PCOS,_T,202504,2015-Q2,0.28,A,0,1,
OECD.SDD.STES:DSD_STES_REVISIONS@DF_STES_REVISIONS(4.0),EA20,Q,ULC,PT_PCOS,_T,202507,2015-Q2,0.28,A,0,1,
OECD.SDD.STES:DSD_STES_REVISIONS@DF_STES_REVISIONS(4.0),EA20,Q,ULC,PT_PCOS,_T,202506,2015-Q2,0.28,A,0,1,
OECD.SDD.STES:DSD_STES_REVISIONS@DF_STES_REVISIONS(4.0),EA20,Q,ULC,PT_PCOS,_T,202508,2015-Q2,0.28,A,0,1,
OECD.SDD.STES:DSD_STES_REVISIONS@DF_STES_REVISIONS(4.0),EA20,Q,ULC,PT_PCOS,_T,202503,2015-Q2,0.28,A,0,1,
OECD.SDD.STES:DSD_STES_REVISIONS@DF_STES_REVISIONS(4.0),EA20,Q,ULC,PT_PCOS,_T,202505,2015-Q2,0.28,A,0,1,
OECD.SDD.STES:DSD_STES_REVISIONS@DF_STES_REVISIONS(4.0),EA20,Q,ULC,PT_PCOS,_T,202501,2015-Q2,0.28,A,0,1,
OECD.SDD.STES:DSD_STES_REVISIONS@DF_STES_REVISIONS(4.0),EA20,Q,ULC,PT_PCOS,_T,202502,2015-Q2,0.28,A,0,1,
OECD.SDD.STES:DSD_STES_REVISIONS@DF_STES_REVISIONS(4.0),EA20,Q,ULC,PT_PCOS,_T,202410,2015-Q2,0.28,A,0,1,
OECD.SDD.STES:DSD_STES_REVISIONS@DF_STES_REVISIONS(4.0),EA20,Q,ULC,PT_PCOS,_T,202608,2015-Q2,0.28,A,0,1,
OECD.SDD.STES:DSD_STES_REVISIONS@DF_STES_REVISIONS(4.0),EA20,Q,ULC,PT_PCOS,_T,202607,2015-Q2,0.28,A,0,1,
OECD.SDD.STES:DSD_STES_REVISIONS@DF_STES_REVISIONS(4.0),EA20,Q,ULC,PT_PCOS,_T,202605,2015-Q2,0.28,A,0,1,
OECD.SDD.STES:DSD_STES_REVISIONS@DF_STES_REVISIONS(4.0),EA20,Q,ULC,PT_PCOS,_T,202609,2015-Q2,0.28,A,0,1,
OECD.SDD.STES:DSD_STES_REVISIONS@DF_STES_REVISIONS(4.0),EA20,Q,ULC,PT_PCOS,_T,202606,2015-Q2,0.28,A,0,1,
OECD.SDD.STES:DSD_STES_REVISIONS@DF_STES_REVISIONS(4.0),EA20,Q,ULC,PT_PCOS,_T,202604,2015-Q2,0.28,A,0,1,
OECD.SDD.STES:DSD_STES_REVISIONS@DF_STES_REVISIONS(4.0),EA20,Q,ULC,PT_PCOS,_T,202603,2015-Q2,0.28,A,0,1,
OECD.SDD.STES:DSD_STES_REVISIONS@DF_STES_REVISIONS(4.0),EA20,Q,ULC,PT_PCOS,_T,202602,2015-Q2,0.28,A,0,1,
OECD.SDD.STES:DSD_STES_REVISIONS@DF_STES_REVISIONS(4.0),EA20,Q,ULC,PT_PCOS,_T,202512,2015-Q2,0.28,A,0,1,
OECD.SDD.STES:DSD_STES_REVISIONS@DF_STES_REVISIONS(4.0),EA20,Q,ULC,PT_PCOS,_T,202601,2015-Q2,0.28,A,0,1,
OECD.SDD.STES:DSD_STES_REVISIONS@DF_STES_REVISIONS(4.0),EA20,Q,ULC,PT_PCOS,_T,202511,2015-Q2,0.28,A,0,1,
OECD.SDD.STES:DSD_STES_REVISIONS@DF_STES_REVISIONS(4.0),EA20,Q,ULC,PT_PCOS,_T,202509,2015-Q2,0.28,A,0,1,
OECD.SDD.STES:DSD_STES_REVISIONS@DF_STES_REVISIONS(4.0),EA20,Q,ULC,PT_PCOS,_T,202412,2015-Q3,0.16,A,0,1,
OECD.SDD.STES:DSD_STES_REVISIONS@DF_STES_REVISIONS(4.0),EA20,Q,ULC,PT_PCOS,_T,202409,2015-Q3,0.13,A,0,1,
OECD.SDD.STES:DSD_STES_REVISIONS@DF_STES_REVISIONS(4.0),EA20,Q,ULC,PT_PCOS,_T,202411,2015-Q3,0.16,A,0,1,
OECD.SDD.STES:DSD_STES_REVISIONS@DF_STES_REVISIONS(4.0),EA20,Q,ULC,PT_PCOS,_T,202407,2015-Q3,0.13,A,0,1,
OECD.SDD.STES:DSD_STES_REVISIONS@DF_STES_REVISIONS(4.0),EA20,Q,ULC,PT_PCOS,_T,202408,2015-Q3,0.13,A,0,1,
OECD.SDD.STES:DSD_STES_REVISIONS@DF_STES_REVISIONS(4.0),EA20,Q,ULC,PT_PCOS,_T,202510,2015-Q3,0.16,A,0,1,
OECD.SDD.STES:DSD_STES_REVISIONS@DF_STES_REVISIONS(4.0),EA20,Q,ULC,PT_PCOS,_T,202504,2015-Q3,0.16,A,0,1,
OECD.SDD.STES:DSD_STES_REVISIONS@DF_STES_REVISIONS(4.0),EA20,Q,ULC,PT_PCOS,_T,202507,2015-Q3,0.16,A,0,1,
OECD.SDD.STES:DSD_STES_REVISIONS@DF_STES_REVISIONS(4.0),EA20,Q,ULC,PT_PCOS,_T,202506,2015-Q3,0.16,A,0,1,
OECD.SDD.STES:DSD_STES_REVISIONS@DF_STES_REVISIONS(4.0),EA20,Q,ULC,PT_PCOS,_T,202508,2015-Q3,0.16,A,0,1,
OECD.SDD.STES:DSD_STES_REVISIONS@DF_STES_REVISIONS(4.0),EA20,Q,ULC,PT_PCOS,_T,202503,2015-Q3,0.16,A,0,1,
OECD.SDD.STES:DSD_STES_REVISIONS@DF_STES_REVISIONS(4.0),EA20,Q,ULC,PT_PCOS,_T,202505,2015-Q3,0.16,A,0,1,
OECD.SDD.STES:DSD_STES_REVISIONS@DF_STES_REVISIONS(4.0),EA20,Q,ULC,PT_PCOS,_T,202501,2015-Q3,0.16,A,0,1,
OECD.SDD.STES:DSD_STES_REVISIONS@DF_STES_REVISIONS(4.0),EA20,Q,ULC,PT_PCOS,_T,202502,2015-Q3,0.16,A,0,1,
OECD.SDD.STES:DSD_STES_REVISIONS@DF_STES_REVISIONS(4.0),EA20,Q,ULC,PT_PCOS,_T,202410,2015-Q3,0.16,A,0,1,
OECD.SDD.STES:DSD_STES_REVISIONS@DF_STES_REVISIONS(4.0),EA20,Q,ULC,PT_PCOS,_T,202608,2015-Q3,0.16,A,0,1,
OECD.SDD.STES:DSD_STES_REVISIONS@DF_STES_REVISIONS(4.0),EA20,Q,ULC,PT_PCOS,_T,202607,2015-Q3,0.16,A,0,1,
OECD.SDD.STES:DSD_STES_REVISIONS@DF_STES_REVISIONS(4.0),EA20,Q,ULC,PT_PCOS,_T,202605,2015-Q3,0.16,A,0,1,
OECD.SDD.STES:DSD_STES_REVISIONS@DF_STES_REVISIONS(4.0),EA20,Q,ULC,PT_PCOS,_T,202609,2015-Q3,0.16,A,0,1,
OECD.SDD.STES:DSD_STES_REVISIONS@DF_STES_REVISIONS(4.0),EA20,Q,ULC,PT_PCOS,_T,202606,2015-Q3,0.16,A,0,1,
OECD.SDD.STES:DSD_STES_REVISIONS@DF_STES_REVISIONS(4.0),EA20,Q,ULC,PT_PCOS,_T,202604,2015-Q3,0.16,A,0,1,
OECD.SDD.STES:DSD_STES_REVISIONS@DF_STES_REVISIONS(4.0),EA20,Q,ULC,PT_PCOS,_T,202603,2015-Q3,0.16,A,0,1,
OECD.SDD.STES:DSD_STES_REVISIONS@DF_STES_REVISIONS(4.0),EA20,Q,ULC,PT_PCOS,_T,202602,2015-Q3,0.16,A,0,1,
OECD.SDD.STES:DSD_STES_REVISIONS@DF_STES_REVISIONS(4.0),EA20,Q,ULC,PT_PCOS,_T,202512,2015-Q3,0.16,A,0,1,
OECD.SDD.STES:DSD_STES_REVISIONS@DF_STES_REVISIONS(4.0),EA20,Q,ULC,PT_PCOS,_T,202511,2015-Q3,0.16,A,0,1,
OECD.SDD.STES:DSD_STES_REVISIONS@DF_STES_REVISIONS(4.0),EA20,Q,ULC,PT_PCOS,_T,202601,2015-Q3,0.16,A,0,1,
OECD.SDD.STES:DSD_STES_REVISIONS@DF_STES_REVISIONS(4.0),EA20,Q,ULC,PT_PCOS,_T,202509,2015-Q3,0.16,A,0,1,
OECD.SDD.STES:DSD_STES_REVISIONS@DF_STES_REVISIONS(4.0),EA20,Q,ULC,PT_PCOS,_T,202402,2015-Q4,0.26,A,0,1,
OECD.SDD.STES:DSD_STES_REVISIONS@DF_STES_REVISIONS(4.0),EA20,Q,ULC,PT_PCOS,_T,202401,2015-Q4,0.26,A,0,1,
OECD.SDD.STES:DSD_STES_REVISIONS@DF_STES_REVISIONS(4.0),EA20,Q,ULC,PT_PCOS,_T,202404,2015-Q4,0.26,A,0,1,
OECD.SDD.STES:DSD_STES_REVISIONS@DF_STES_REVISIONS(4.0),EA20,Q,ULC,PT_PCOS,_T,202403,2015-Q4,0.26,A,0,1,
OECD.SDD.STES:DSD_STES_REVISIONS@DF_STES_REVISIONS(4.0),EA20,Q,ULC,PT_PCOS,_T,202405,2015-Q4,0.26,A,0,1,
OECD.SDD.STES:DSD_STES_REVISIONS@DF_STES_REVISIONS(4.0),EA20,Q,ULC,PT_PCOS,_T,202412,2015-Q4,0.22,A,0,1,
OECD.SDD.STES:DSD_STES_REVISIONS@DF_STES_REVISIONS(4.0),EA20,Q,ULC,PT_PCOS,_T,202411,2015-Q4,0.22,A,0,1,
OECD.SDD.STES:DSD_STES_REVISIONS@DF_STES_REVISIONS(4.0),EA20,Q,ULC,PT_PCOS,_T,202406,2015-Q4,0.26,A,0,1,
OECD.SDD.STES:DSD_STES_REVISIONS@DF_STES_REVISIONS(4.0),EA20,Q,ULC,PT_PCOS,_T,202510,2015-Q4,0.22,A,0,1,
OECD.SDD.STES:DSD_STES_REVISIONS@DF_STES_REVISIONS(4.0),EA20,Q,ULC,PT_PCOS,_T,202504,2015-Q4,0.22,A,0,1,
OECD.SDD.STES:DSD_STES_REVISIONS@DF_STES_REVISIONS(4.0),EA20,Q,ULC,PT_PCOS,_T,202507,2015-Q4,0.22,A,0,1,
OECD.SDD.STES:DSD_STES_REVISIONS@DF_STES_REVISIONS(4.0),EA20,Q,ULC,PT_PCOS,_T,202506,2015-Q4,0.22,A,0,1,
OECD.SDD.STES:DSD_STES_REVISIONS@DF_STES_REVISIONS(4.0),EA20,Q,ULC,PT_PCOS,_T,202508,2015-Q4,0.22,A,0,1,
OECD.SDD.STES:DSD_STES_REVISIONS@DF_STES_REVISIONS(4.0),EA20,Q,ULC,PT_PCOS,_T,202503,2015-Q4,0.22,A,0,1,
OECD.SDD.STES:DSD_STES_REVISIONS@DF_STES_REVISIONS(4.0),EA20,Q,ULC,PT_PCOS,_T,202505,2015-Q4,0.22,A,0,1,
OECD.SDD.STES:DSD_STES_REVISIONS@DF_STES_REVISIONS(4.0),EA20,Q,ULC,PT_PCOS,_T,202501,2015-Q4,0.22,A,0,1,
OECD.SDD.STES:DSD_STES_REVISIONS@DF_STES_REVISIONS(4.0),EA20,Q,ULC,PT_PCOS,_T,202502,2015-Q4,0.22,A,0,1,
OECD.SDD.STES:DSD_STES_REVISIONS@DF_STES_REVISIONS(4.0),EA20,Q,ULC,PT_PCOS,_T,202410,2015-Q4,0.22,A,0,1,
OECD.SDD.STES:DSD_STES_REVISIONS@DF_STES_REVISIONS(4.0),EA20,Q,ULC,PT_PCOS,_T,202608,2015-Q4,0.22,A,0,1,
OECD.SDD.STES:DSD_STES_REVISIONS@DF_STES_REVISIONS(4.0),EA20,Q,ULC,PT_PCOS,_T,202607,2015-Q4,0.22,A,0,1,
OECD.SDD.STES:DSD_STES_REVISIONS@DF_STES_REVISIONS(4.0),EA20,Q,ULC,PT_PCOS,_T,202605,2015-Q4,0.22,A,0,1,
OECD.SDD.STES:DSD_STES_REVISIONS@DF_STES_REVISIONS(4.0),EA20,Q,ULC,PT_PCOS,_T,202609,2015-Q4,0.22,A,0,1,
OECD.SDD.STES:DSD_STES_REVISIONS@DF_STES_REVISIONS(4.0),EA20,Q,ULC,PT_PCOS,_T,202606,2015-Q4,0.22,A,0,1,
OECD.SDD.STES:DSD_STES_REVISIONS@DF_STES_REVISIONS(4.0),EA20,Q,ULC,PT_PCOS,_T,202604,2015-Q4,0.22,A,0,1,
OECD.SDD.STES:DSD_STES_REVISIONS@DF_STES_REVISIONS(4.0),EA20,Q,ULC,PT_PCOS,_T,202603,2015-Q4,0.22,A,0,1,
OECD.SDD.STES:DSD_STES_REVISIONS@DF_STES_REVISIONS(4.0),EA20,Q,ULC,PT_PCOS,_T,202602,2015-Q4,0.22,A,0,1,
OECD.SDD.STES:DSD_STES_REVISIONS@DF_STES_REVISIONS(4.0),EA20,Q,ULC,PT_PCOS,_T,202512,2015-Q4,0.22,A,0,1,
OECD.SDD.STES:DSD_STES_REVISIONS@DF_STES_REVISIONS(4.0),EA20,Q,ULC,PT_PCOS,_T,202601,2015-Q4,0.22,A,0,1,
OECD.SDD.STES:DSD_STES_REVISIONS@DF_STES_REVISIONS(4.0),EA20,Q,ULC,PT_PCOS,_T,202511,2015-Q4,0.22,A,0,1,
OECD.SDD.STES:DSD_STES_REVISIONS@DF_STES_REVISIONS(4.0),EA20,Q,ULC,PT_PCOS,_T,202509,2015-Q4,0.22,A,0,1,
OECD.SDD.STES:DSD_STES_REVISIONS@DF_STES_REVISIONS(4.0),EA20,Q,ULC,PT_PCOS,_T,202402,2016-Q1,0.04,A,0,1,
OECD.SDD.STES:DSD_STES_REVISIONS@DF_STES_REVISIONS(4.0),EA20,Q,ULC,PT_PCOS,_T,202401,2016-Q1,0.04,A,0,1,
OECD.SDD.STES:DSD_STES_REVISIONS@DF_STES_REVISIONS(4.0),EA20,Q,ULC,PT_PCOS,_T,202404,2016-Q1,0.04,A,0,1,
OECD.SDD.STES:DSD_STES_REVISIONS@DF_STES_REVISIONS(4.0),EA20,Q,ULC,PT_PCOS,_T,202403,2016-Q1,0.04,A,0,1,
OECD.SDD.STES:DSD_STES_REVISIONS@DF_STES_REVISIONS(4.0),EA20,Q,ULC,PT_PCOS,_T,202405,2016-Q1,0.04,A,0,1,
OECD.SDD.STES:DSD_STES_REVISIONS@DF_STES_REVISIONS(4.0),EA20,Q,ULC,PT_PCOS,_T,202412,2016-Q1,0.14,A,0,1,
OECD.SDD.STES:DSD_STES_REVISIONS@DF_STES_REVISIONS(4.0),EA20,Q,ULC,PT_PCOS,_T,202409,2016-Q1,0.02,A,0,1,
OECD.SDD.STES:DSD_STES_REVISIONS@DF_STES_REVISIONS(4.0),EA20,Q,ULC,PT_PCOS,_T,202411,2016-Q1,0.14,A,0,1,
OECD.SDD.STES:DSD_STES_REVISIONS@DF_STES_REVISIONS(4.0),EA20,Q,ULC,PT_PCOS,_T,202407,2016-Q1,0.02,A,0,1,
OECD.SDD.STES:DSD_STES_REVISIONS@DF_STES_REVISIONS(4.0),EA20,Q,ULC,PT_PCOS,_T,202406,2016-Q1,0.04,A,0,1,
OECD.SDD.STES:DSD_STES_REVISIONS@DF_STES_REVISIONS(4.0),EA20,Q,ULC,PT_PCOS,_T,202408,2016-Q1,0.02,A,0,1,
OECD.SDD.STES:DSD_STES_REVISIONS@DF_STES_REVISIONS(4.0),EA20,Q,ULC,PT_PCOS,_T,202510,2016-Q1,0.14,A,0,1,
OECD.SDD.STES:DSD_STES_REVISIONS@DF_STES_REVISIONS(4.0),EA20,Q,ULC,PT_PCOS,_T,202504,2016-Q1,0.14,A,0,1,
OECD.SDD.STES:DSD_STES_REVISIONS@DF_STES_REVISIONS(4.0),EA20,Q,ULC,PT_PCOS,_T,202507,2016-Q1,0.14,A,0,1,
OECD.SDD.STES:DSD_STES_REVISIONS@DF_STES_REVISIONS(4.0),EA20,Q,ULC,PT_PCOS,_T,202506,2016-Q1,0.14,A,0,1,
OECD.SDD.STES:DSD_STES_REVISIONS@DF_STES_REVISIONS(4.0),EA20,Q,ULC,PT_PCOS,_T,202508,2016-Q1,0.14,A,0,1,
OECD.SDD.STES:DSD_STES_REVISIONS@DF_STES_REVISIONS(4.0),EA20,Q,ULC,PT_PCOS,_T,202503,2016-Q1,0.14,A,0,1,
OECD.SDD.STES:DSD_STES_REVISIONS@DF_STES_REVISIONS(4.0),EA20,Q,ULC,PT_PCOS,_T,202505,2016-Q1,0.14,A,0,1,
OECD.SDD.STES:DSD_STES_REVISIONS@DF_STES_REVISIONS(4.0),EA20,Q,ULC,PT_PCOS,_T,202501,2016-Q1,0.14,A,0,1,
OECD.SDD.STES:DSD_STES_REVISIONS@DF_STES_REVISIONS(4.0),EA20,Q,ULC,PT_PCOS,_T,202502,2016-Q1,0.14,A,0,1,
OECD.SDD.STES:DSD_STES_REVISIONS@DF_STES_REVISIONS(4.0),EA20,Q,ULC,PT_PCOS,_T,202410,2016-Q1,0.14,A,0,1,
OECD.SDD.STES:DSD_STES_REVISIONS@DF_STES_REVISIONS(4.0),EA20,Q,ULC,PT_PCOS,_T,202608,2016-Q1,0.14,A,0,1,
OECD.SDD.STES:DSD_STES_REVISIONS@DF_STES_REVISIONS(4.0),EA20,Q,ULC,PT_PCOS,_T,202607,2016-Q1,0.14,A,0,1,
OECD.SDD.STES:DSD_STES_REVISIONS@DF_STES_REVISIONS(4.0),EA20,Q,ULC,PT_PCOS,_T,202605,2016-Q1,0.14,A,0,1,
OECD.SDD.STES:DSD_STES_REVISIONS@DF_STES_REVISIONS(4.0),EA20,Q,ULC,PT_PCOS,_T,202609,2016-Q1,0.14,A,0,1,
OECD.SDD.STES:DSD_STES_REVISIONS@DF_STES_REVISIONS(4.0),EA20,Q,ULC,PT_PCOS,_T,202606,2016-Q1,0.14,A,0,1,
OECD.SDD.STES:DSD_STES_REVISIONS@DF_STES_REVISIONS(4.0),EA20,Q,ULC,PT_PCOS,_T,202604,2016-Q1,0.14,A,0,1,
OECD.SDD.STES:DSD_STES_REVISIONS@DF_STES_REVISIONS(4.0),EA20,Q,ULC,PT_PCOS,_T,202603,2016-Q1,0.14,A,0,1,
OECD.SDD.STES:DSD_STES_REVISIONS@DF_STES_REVISIONS(4.0),EA20,Q,ULC,PT_PCOS,_T,202602,2016-Q1,0.14,A,0,1,
OECD.SDD.STES:DSD_STES_REVISIONS@DF_STES_REVISIONS(4.0),EA20,Q,ULC,PT_PCOS,_T,202512,2016-Q1,0.14,A,0,1,
OECD.SDD.STES:DSD_STES_REVISIONS@DF_STES_REVISIONS(4.0),EA20,Q,ULC,PT_PCOS,_T,202511,2016-Q1,0.14,A,0,1,
OECD.SDD.STES:DSD_STES_REVISIONS@DF_STES_REVISIONS(4.0),EA20,Q,ULC,PT_PCOS,_T,202601,2016-Q1,0.14,A,0,1,
OECD.SDD.STES:DSD_STES_REVISIONS@DF_STES_REVISIONS(4.0),EA20,Q,ULC,PT_PCOS,_T,202509,2016-Q1,0.14,A,0,1,
OECD.SDD.STES:DSD_STES_REVISIONS@DF_STES_REVISIONS(4.0),EA20,Q,ULC,PT_PCOS,_T,202402,2016-Q2,0.37,A,0,1,
OECD.SDD.STES:DSD_STES_REVISIONS@DF_STES_REVISIONS(4.0),EA20,Q,ULC,PT_PCOS,_T,202401,2016-Q2,0.37,A,0,1,
OECD.SDD.STES:DSD_STES_REVISIONS@DF_STES_REVISIONS(4.0),EA20,Q,ULC,PT_PCOS,_T,202404,2016-Q2,0.37,A,0,1,
OECD.SDD.STES:DSD_STES_REVISIONS@DF_STES_REVISIONS(4.0),EA20,Q,ULC,PT_PCOS,_T,202403,2016-Q2,0.37,A,0,1,
OECD.SDD.STES:DSD_STES_REVISIONS@DF_STES_REVISIONS(4.0),EA20,Q,ULC,PT_PCOS,_T,202405,2016-Q2,0.37,A,0,1,
OECD.SDD.STES:DSD_STES_REVISIONS@DF_STES_REVISIONS(4.0),EA20,Q,ULC,PT_PCOS,_T,202412,2016-Q2,0.34,A,0,1,
OECD.SDD.STES:DSD_STES_REVISIONS@DF_STES_REVISIONS(4.0),EA20,Q,ULC,PT_PCOS,_T,202409,2016-Q2,0.42,A,0,1,
OECD.SDD.STES:DSD_STES_REVISIONS@DF_STES_REVISIONS(4.0),EA20,Q,ULC,PT_PCOS,_T,202411,2016-Q2,0.34,A,0,1,
OECD.SDD.STES:DSD_STES_REVISIONS@DF_STES_REVISIONS(4.0),EA20,Q,ULC,PT_PCOS,_T,202407,2016-Q2,0.42,A,0,1,
OECD.SDD.STES:DSD_STES_REVISIONS@DF_STES_REVISIONS(4.0),EA20,Q,ULC,PT_PCOS,_T,202406,2016-Q2,0.37,A,0,1,
OECD.SDD.STES:DSD_STES_REVISIONS@DF_STES_REVISIONS(4.0),EA20,Q,ULC,PT_PCOS,_T,202408,2016-Q2,0.42,A,0,1,
OECD.SDD.STES:DSD_STES_REVISIONS@DF_STES_REVISIONS(4.0),EA20,Q,ULC,PT_PCOS,_T,202510,2016-Q2,0.34,A,0,1,
OECD.SDD.STES:DSD_STES_REVISIONS@DF_STES_REVISIONS(4.0),EA20,Q,ULC,PT_PCOS,_T,202504,2016-Q2,0.34,A,0,1,
OECD.SDD.STES:DSD_STES_REVISIONS@DF_STES_REVISIONS(4.0),EA20,Q,ULC,PT_PCOS,_T,202507,2016-Q2,0.34,A,0,1,
OECD.SDD.STES:DSD_STES_REVISIONS@DF_STES_REVISIONS(4.0),EA20,Q,ULC,PT_PCOS,_T,202506,2016-Q2,0.34,A,0,1,
OECD.SDD.STES:DSD_STES_REVISIONS@DF_STES_REVISIONS(4.0),EA20,Q,ULC,PT_PCOS,_T,202508,2016-Q2,0.34,A,0,1,
OECD.SDD.STES:DSD_STES_REVISIONS@DF_STES_REVISIONS(4.0),EA20,Q,ULC,PT_PCOS,_T,202503,2016-Q2,0.34,A,0,1,
OECD.SDD.STES:DSD_STES_REVISIONS@DF_STES_REVISIONS(4.0),EA20,Q,ULC,PT_PCOS,_T,202505,2016-Q2,0.34,A,0,1,
OECD.SDD.STES:DSD_STES_REVISIONS@DF_STES_REVISIONS(4.0),EA20,Q,ULC,PT_PCOS,_T,202501,2016-Q2,0.34,A,0,1,
OECD.SDD.STES:DSD_STES_REVISIONS@DF_STES_REVISIONS(4.0),EA20,Q,ULC,PT_PCOS,_T,202502,2016-Q2,0.34,A,0,1,
OECD.SDD.STES:DSD_STES_REVISIONS@DF_STES_REVISIONS(4.0),EA20,Q,ULC,PT_PCOS,_T,202410,2016-Q2,0.34,A,0,1,
OECD.SDD.STES:DSD_STES_REVISIONS@DF_STES_REVISIONS(4.0),EA20,Q,ULC,PT_PCOS,_T,202608,2016-Q2,0.34,A,0,1,
OECD.SDD.STES:DSD_STES_REVISIONS@DF_STES_REVISIONS(4.0),EA20,Q,ULC,PT_PCOS,_T,202607,2016-Q2,0.34,A,0,1,
OECD.SDD.STES:DSD_STES_REVISIONS@DF_STES_REVISIONS(4.0),EA20,Q,ULC,PT_PCOS,_T,202605,2016-Q2,0.34,A,0,1,
OECD.SDD.STES:DSD_STES_REVISIONS@DF_STES_REVISIONS(4.0),EA20,Q,ULC,PT_PCOS,_T,202609,2016-Q2,0.34,A,0,1,
OECD.SDD.STES:DSD_STES_REVISIONS@DF_STES_REVISIONS(4.0),EA20,Q,ULC,PT_PCOS,_T,202606,2016-Q2,0.34,A,0,1,
OECD.SDD.STES:DSD_STES_REVISIONS@DF_STES_REVISIONS(4.0),EA20,Q,ULC,PT_PCOS,_T,202604,2016-Q2,0.34,A,0,1,
OECD.SDD.STES:DSD_STES_REVISIONS@DF_STES_REVISIONS(4.0),EA20,Q,ULC,PT_PCOS,_T,202603,2016-Q2,0.34,A,0,1,
OECD.SDD.STES:DSD_STES_REVISIONS@DF_STES_REVISIONS(4.0),EA20,Q,ULC,PT_PCOS,_T,202602,2016-Q2,0.34,A,0,1,
OECD.SDD.STES:DSD_STES_REVISIONS@DF_STES_REVISIONS(4.0),EA20,Q,ULC,PT_PCOS,_T,202512,2016-Q2,0.34,A,0,1,
OECD.SDD.STES:DSD_STES_REVISIONS@DF_STES_REVISIONS(4.0),EA20,Q,ULC,PT_PCOS,_T,202601,2016-Q2,0.34,A,0,1,
OECD.SDD.STES:DSD_STES_REVISIONS@DF_STES_REVISIONS(4.0),EA20,Q,ULC,PT_PCOS,_T,202511,2016-Q2,0.34,A,0,1,
OECD.SDD.STES:DSD_STES_REVISIONS@DF_STES_REVISIONS(4.0),EA20,Q,ULC,PT_PCOS,_T,202509,2016-Q2,0.34,A,0,1,
OECD.SDD.STES:DSD_STES_REVISIONS@DF_STES_REVISIONS(4.0),EA20,Q,ULC,PT_PCOS,_T,202412,2016-Q3,0.28,A,0,1,
OECD.SDD.STES:DSD_STES_REVISIONS@DF_STES_REVISIONS(4.0),EA20,Q,ULC,PT_PCOS,_T,202409,2016-Q3,0.27,A,0,1,
OECD.SDD.STES:DSD_STES_REVISIONS@DF_STES_REVISIONS(4.0),EA20,Q,ULC,PT_PCOS,_T,202411,2016-Q3,0.28,A,0,1,
OECD.SDD.STES:DSD_STES_REVISIONS@DF_STES_REVISIONS(4.0),EA20,Q,ULC,PT_PCOS,_T,202407,2016-Q3,0.27,A,0,1,
OECD.SDD.STES:DSD_STES_REVISIONS@DF_STES_REVISIONS(4.0),EA20,Q,ULC,PT_PCOS,_T,202408,2016-Q3,0.27,A,0,1,
OECD.SDD.STES:DSD_STES_REVISIONS@DF_STES_REVISIONS(4.0),EA20,Q,ULC,PT_PCOS,_T,202510,2016-Q3,0.28,A,0,1,
OECD.SDD.STES:DSD_STES_REVISIONS@DF_STES_REVISIONS(4.0),EA20,Q,ULC,PT_PCOS,_T,202504,2016-Q3,0.28,A,0,1,
OECD.SDD.STES:DSD_STES_REVISIONS@DF_STES_REVISIONS(4.0),EA20,Q,ULC,PT_PCOS,_T,202507,2016-Q3,0.28,A,0,1,
OECD.SDD.STES:DSD_STES_REVISIONS@DF_STES_REVISIONS(4.0),EA20,Q,ULC,PT_PCOS,_T,202506,2016-Q3,0.28,A,0,1,
OECD.SDD.STES:DSD_STES_REVISIONS@DF_STES_REVISIONS(4.0),EA20,Q,ULC,PT_PCOS,_T,202508,2016-Q3,0.28,A,0,1,
OECD.SDD.STES:DSD_STES_REVISIONS@DF_STES_REVISIONS(4.0),EA20,Q,ULC,PT_PCOS,_T,202503,2016-Q3,0.28,A,0,1,
OECD.SDD.STES:DSD_STES_REVISIONS@DF_STES_REVISIONS(4.0),EA20,Q,ULC,PT_PCOS,_T,202505,2016-Q3,0.28,A,0,1,
OECD.SDD.STES:DSD_STES_REVISIONS@DF_STES_REVISIONS(4.0),EA20,Q,ULC,PT_PCOS,_T,202501,2016-Q3,0.28,A,0,1,
OECD.SDD.STES:DSD_STES_REVISIONS@DF_STES_REVISIONS(4.0),EA20,Q,ULC,PT_PCOS,_T,202502,2016-Q3,0.28,A,0,1,
OECD.SDD.STES:DSD_STES_REVISIONS@DF_STES_REVISIONS(4.0),EA20,Q,ULC,PT_PCOS,_T,202410,2016-Q3,0.28,A,0,1,
OECD.SDD.STES:DSD_STES_REVISIONS@DF_STES_REVISIONS(4.0),EA20,Q,ULC,PT_PCOS,_T,202608,2016-Q3,0.28,A,0,1,
OECD.SDD.STES:DSD_STES_REVISIONS@DF_STES_REVISIONS(4.0),EA20,Q,ULC,PT_PCOS,_T,202607,2016-Q3,0.28,A,0,1,
OECD.SDD.STES:DSD_STES_REVISIONS@DF_STES_REVISIONS(4.0),EA20,Q,ULC,PT_PCOS,_T,202605,2016-Q3,0.28,A,0,1,
OECD.SDD.STES:DSD_STES_REVISIONS@DF_STES_REVISIONS(4.0),EA20,Q,ULC,PT_PCOS,_T,202609,2016-Q3,0.28,A,0,1,
OECD.SDD.STES:DSD_STES_REVISIONS@DF_STES_REVISIONS(4.0),EA20,Q,ULC,PT_PCOS,_T,202606,2016-Q3,0.28,A,0,1,
OECD.SDD.STES:DSD_STES_REVISIONS@DF_STES_REVISIONS(4.0),EA20,Q,ULC,PT_PCOS,_T,202604,2016-Q3,0.28,A,0,1,
OECD.SDD.STES:DSD_STES_REVISIONS@DF_STES_REVISIONS(4.0),EA20,Q,ULC,PT_PCOS,_T,202603,2016-Q3,0.28,A,0,1,
OECD.SDD.STES:DSD_STES_REVISIONS@DF_STES_REVISIONS(4.0),EA20,Q,ULC,PT_PCOS,_T,202602,2016-Q3,0.28,A,0,1,
OECD.SDD.STES:DSD_STES_REVISIONS@DF_STES_REVISIONS(4.0),EA20,Q,ULC,PT_PCOS,_T,202512,2016-Q3,0.28,A,0,1,
OECD.SDD.STES:DSD_STES_REVISIONS@DF_STES_REVISIONS(4.0),EA20,Q,ULC,PT_PCOS,_T,202511,2016-Q3,0.28,A,0,1,
OECD.SDD.STES:DSD_STES_REVISIONS@DF_STES_REVISIONS(4.0),EA20,Q,ULC,PT_PCOS,_T,202601,2016-Q3,0.28,A,0,1,
OECD.SDD.STES:DSD_STES_REVISIONS@DF_STES_REVISIONS(4.0),EA20,Q,ULC,PT_PCOS,_T,202509,2016-Q3,0.28,A,0,1,
OECD.SDD.STES:DSD_STES_REVISIONS@DF_STES_REVISIONS(4.0),EA20,Q,ULC,PT_PCOS,_T,202402,2016-Q4,0.06,A,0,1,
OECD.SDD.STES:DSD_STES_REVISIONS@DF_STES_REVISIONS(4.0),EA20,Q,ULC,PT_PCOS,_T,202401,2016-Q4,0.06,A,0,1,
OECD.SDD.STES:DSD_STES_REVISIONS@DF_STES_REVISIONS(4.0),EA20,Q,ULC,PT_PCOS,_T,202404,2016-Q4,0.06,A,0,1,
OECD.SDD.STES:DSD_STES_REVISIONS@DF_STES_REVISIONS(4.0),EA20,Q,ULC,PT_PCOS,_T,202403,2016-Q4,0.06,A,0,1,
OECD.SDD.STES:DSD_STES_REVISIONS@DF_STES_REVISIONS(4.0),EA20,Q,ULC,PT_PCOS,_T,202405,2016-Q4,0.06,A,0,1,
OECD.SDD.STES:DSD_STES_REVISIONS@DF_STES_REVISIONS(4.0),EA20,Q,ULC,PT_PCOS,_T,202412,2016-Q4,0.1,A,0,1,
OECD.SDD.STES:DSD_STES_REVISIONS@DF_STES_REVISIONS(4.0),EA20,Q,ULC,PT_PCOS,_T,202409,2016-Q4,0.08,A,0,1,
OECD.SDD.STES:DSD_STES_REVISIONS@DF_STES_REVISIONS(4.0),EA20,Q,ULC,PT_PCOS,_T,202411,2016-Q4,0.1,A,0,1,
OECD.SDD.STES:DSD_STES_REVISIONS@DF_STES_REVISIONS(4.0),EA20,Q,ULC,PT_PCOS,_T,202407,2016-Q4,0.08,A,0,1,
OECD.SDD.STES:DSD_STES_REVISIONS@DF_STES_REVISIONS(4.0),EA20,Q,ULC,PT_PCOS,_T,202406,2016-Q4,0.06,A,0,1,
OECD.SDD.STES:DSD_STES_REVISIONS@DF_STES_REVISIONS(4.0),EA20,Q,ULC,PT_PCOS,_T,202408,2016-Q4,0.08,A,0,1,
OECD.SDD.STES:DSD_STES_REVISIONS@DF_STES_REVISIONS(4.0),EA20,Q,ULC,PT_PCOS,_T,202510,2016-Q4,0.1,A,0,1,
OECD.SDD.STES:DSD_STES_REVISIONS@DF_STES_REVISIONS(4.0),EA20,Q,ULC,PT_PCOS,_T,202504,2016-Q4,0.1,A,0,1,
OECD.SDD.STES:DSD_STES_REVISIONS@DF_STES_REVISIONS(4.0),EA20,Q,ULC,PT_PCOS,_T,202507,2016-Q4,0.1,A,0,1,
OECD.SDD.STES:DSD_STES_REVISIONS@DF_STES_REVISIONS(4.0),EA20,Q,ULC,PT_PCOS,_T,202506,2016-Q4,0.1,A,0,1,
OECD.SDD.STES:DSD_STES_REVISIONS@DF_STES_REVISIONS(4.0),EA20,Q,ULC,PT_PCOS,_T,202508,2016-Q4,0.1,A,0,1,
OECD.SDD.STES:DSD_STES_REVISIONS@DF_STES_REVISIONS(4.0),EA20,Q,ULC,PT_PCOS,_T,202503,2016-Q4,0.1,A,0,1,
OECD.SDD.STES:DSD_STES_REVISIONS@DF_STES_REVISIONS(4.0),EA20,Q,ULC,PT_PCOS,_T,202505,2016-Q4,0.1,A,0,1,
OECD.SDD.STES:DSD_STES_REVISIONS@DF_STES_REVISIONS(4.0),EA20,Q,ULC,PT_PCOS,_T,202501,2016-Q4,0.1,A,0,1,
OECD.SDD.STES:DSD_STES_REVISIONS@DF_STES_REVISIONS(4.0),EA20,Q,ULC,PT_PCOS,_T,202502,2016-Q4,0.1,A,0,1,
OECD.SDD.STES:DSD_STES_REVISIONS@DF_STES_REVISIONS(4.0),EA20,Q,ULC,PT_PCOS,_T,202410,2016-Q4,0.1,A,0,1,
OECD.SDD.STES:DSD_STES_REVISIONS@DF_STES_REVISIONS(4.0),EA20,Q,ULC,PT_PCOS,_T,202608,2016-Q4,0.1,A,0,1,
OECD.SDD.STES:DSD_STES_REVISIONS@DF_STES_REVISIONS(4.0),EA20,Q,ULC,PT_PCOS,_T,202607,2016-Q4,0.1,A,0,1,
OECD.SDD.STES:DSD_STES_REVISIONS@DF_STES_REVISIONS(4.0),EA20,Q,ULC,PT_PCOS,_T,202605,2016-Q4,0.1,A,0,1,
OECD.SDD.STES:DSD_STES_REVISIONS@DF_STES_REVISIONS(4.0),EA20,Q,ULC,PT_PCOS,_T,202609,2016-Q4,0.1,A,0,1,
OECD.SDD.STES:DSD_STES_REVISIONS@DF_STES_REVISIONS(4.0),EA20,Q,ULC,PT_PCOS,_T,202606,2016-Q4,0.1,A,0,1,
OECD.SDD.STES:DSD_STES_REVISIONS@DF_STES_REVISIONS(4.0),EA20,Q,ULC,PT_PCOS,_T,202604,2016-Q4,0.1,A,0,1,
OECD.SDD.STES:DSD_STES_REVISIONS@DF_STES_REVISIONS(4.0),EA20,Q,ULC,PT_PCOS,_T,202603,2016-Q4,0.1,A,0,1,
OECD.SDD.STES:DSD_STES_REVISIONS@DF_STES_REVISIONS(4.0),EA20,Q,ULC,PT_PCOS,_T,202602,2016-Q4,0.1,A,0,1,
OECD.SDD.STES:DSD_STES_REVISIONS@DF_STES_REVISIONS(4.0),EA20,Q,ULC,PT_PCOS,_T,202512,2016-Q4,0.1,A,0,1,
OECD.SDD.STES:DSD_STES_REVISIONS@DF_STES_REVISIONS(4.0),EA20,Q,ULC,PT_PCOS,_T,202601,2016-Q4,0.1,A,0,1,
OECD.SDD.STES:DSD_STES_REVISIONS@DF_STES_REVISIONS(4.0),EA20,Q,ULC,PT_PCOS,_T,202511,2016-Q4,0.1,A,0,1,
OECD.SDD.STES:DSD_STES_REVISIONS@DF_STES_REVISIONS(4.0),EA20,Q,ULC,PT_PCOS,_T,202509,2016-Q4,0.1,A,0,1,
OECD.SDD.STES:DSD_STES_REVISIONS@DF_STES_REVISIONS(4.0),EA20,Q,ULC,PT_PCOS,_T,202402,2017-Q1,0.21,A,0,1,
OECD.SDD.STES:DSD_STES_REVISIONS@DF_STES_REVISIONS(4.0),EA20,Q,ULC,PT_PCOS,_T,202401,2017-Q1,0.21,A,0,1,
OECD.SDD.STES:DSD_STES_REVISIONS@DF_STES_REVISIONS(4.0),EA20,Q,ULC,PT_PCOS,_T,202404,2017-Q1,0.21,A,0,1,
OECD.SDD.STES:DSD_STES_REVISIONS@DF_STES_REVISIONS(4.0),EA20,Q,ULC,PT_PCOS,_T,202403,2017-Q1,0.21,A,0,1,
OECD.SDD.STES:DSD_STES_REVISIONS@DF_STES_REVISIONS(4.0),EA20,Q,ULC,PT_PCOS,_T,202405,2017-Q1,0.21,A,0,1,
OECD.SDD.STES:DSD_STES_REVISIONS@DF_STES_REVISIONS(4.0),EA20,Q,ULC,PT_PCOS,_T,202412,2017-Q1,0.15,A,0,1,
OECD.SDD.STES:DSD_STES_REVISIONS@DF_STES_REVISIONS(4.0),EA20,Q,ULC,PT_PCOS,_T,202409,2017-Q1,0.16,A,0,1,
OECD.SDD.STES:DSD_STES_REVISIONS@DF_STES_REVISIONS(4.0),EA20,Q,ULC,PT_PCOS,_T,202411,2017-Q1,0.15,A,0,1,
OECD.SDD.STES:DSD_STES_REVISIONS@DF_STES_REVISIONS(4.0),EA20,Q,ULC,PT_PCOS,_T,202407,2017-Q1,0.16,A,0,1,
OECD.SDD.STES:DSD_STES_REVISIONS@DF_STES_REVISIONS(4.0),EA20,Q,ULC,PT_PCOS,_T,202406,2017-Q1,0.21,A,0,1,
OECD.SDD.STES:DSD_STES_REVISIONS@DF_STES_REVISIONS(4.0),EA20,Q,ULC,PT_PCOS,_T,202408,2017-Q1,0.16,A,0,1,
OECD.SDD.STES:DSD_STES_REVISIONS@DF_STES_REVISIONS(4.0),EA20,Q,ULC,PT_PCOS,_T,202510,2017-Q1,0.15,A,0,1,
OECD.SDD.STES:DSD_STES_REVISIONS@DF_STES_REVISIONS(4.0),EA20,Q,ULC,PT_PCOS,_T,202504,2017-Q1,0.15,A,0,1,
OECD.SDD.STES:DSD_STES_REVISIONS@DF_STES_REVISIONS(4.0),EA20,Q,ULC,PT_PCOS,_T,202507,2017-Q1,0.15,A,0,1,
OECD.SDD.STES:DSD_STES_REVISIONS@DF_STES_REVISIONS(4.0),EA20,Q,ULC,PT_PCOS,_T,202506,2017-Q1,0.15,A,0,1,
OECD.SDD.STES:DSD_STES_REVISIONS@DF_STES_REVISIONS(4.0),EA20,Q,ULC,PT_PCOS,_T,202508,2017-Q1,0.149999999999999,A,0,1,
OECD.SDD.STES:DSD_STES_REVISIONS@DF_STES_REVISIONS(4.0),EA20,Q,ULC,PT_PCOS,_T,202503,2017-Q1,0.15,A,0,1,
OECD.SDD.STES:DSD_STES_REVISIONS@DF_STES_REVISIONS(4.0),EA20,Q,ULC,PT_PCOS,_T,202505,2017-Q1,0.15,A,0,1,
OECD.SDD.STES:DSD_STES_REVISIONS@DF_STES_REVISIONS(4.0),EA20,Q,ULC,PT_PCOS,_T,202501,2017-Q1,0.15,A,0,1,
OECD.SDD.STES:DSD_STES_REVISIONS@DF_STES_REVISIONS(4.0),EA20,Q,ULC,PT_PCOS,_T,202502,2017-Q1,0.15,A,0,1,
OECD.SDD.STES:DSD_STES_REVISIONS@DF_STES_REVISIONS(4.0),EA20,Q,ULC,PT_PCOS,_T,202410,2017-Q1,0.15,A,0,1,
OECD.SDD.STES:DSD_STES_REVISIONS@DF_STES_REVISIONS(4.0),EA20,Q,ULC,PT_PCOS,_T,202608,2017-Q1,0.15,A,0,1,
OECD.SDD.STES:DSD_STES_REVISIONS@DF_STES_REVISIONS(4.0),EA20,Q,ULC,PT_PCOS,_T,202607,2017-Q1,0.15,A,0,1,
OECD.SDD.STES:DSD_STES_REVISIONS@DF_STES_REVISIONS(4.0),EA20,Q,ULC,PT_PCOS,_T,202605,2017-Q1,0.15,A,0,1,
OECD.SDD.STES:DSD_STES_REVISIONS@DF_STES_REVISIONS(4.0),EA20,Q,ULC,PT_PCOS,_T,202609,2017-Q1,0.15,A,0,1,
OECD.SDD.STES:DSD_STES_REVISIONS@DF_STES_REVISIONS(4.0),EA20,Q,ULC,PT_PCOS,_T,202606,2017-Q1,0.15,A,0,1,
OECD.SDD.STES:DSD_STES_REVISIONS@DF_STES_REVISIONS(4.0),EA20,Q,ULC,PT_PCOS,_T,202604,2017-Q1,0.15,A,0,1,
OECD.SDD.STES:DSD_STES_REVISIONS@DF_STES_REVISIONS(4.0),EA20,Q,ULC,PT_PCOS,_T,202603,2017-Q1,0.15,A,0,1,
OECD.SDD.STES:DSD_STES_REVISIONS@DF_STES_REVISIONS(4.0),EA20,Q,ULC,PT_PCOS,_T,202602,2017-Q1,0.15,A,0,1,
OECD.SDD.STES:DSD_STES_REVISIONS@DF_STES_REVISIONS(4.0),EA20,Q,ULC,PT_PCOS,_T,202512,2017-Q1,0.15,A,0,1,
OECD.SDD.STES:DSD_STES_REVISIONS@DF_STES_REVISIONS(4.0),EA20,Q,ULC,PT_PCOS,_T,202511,2017-Q1,0.15,A,0,1,
OECD.SDD.STES:DSD_STES_REVISIONS@DF_STES_REVISIONS(4.0),EA20,Q,ULC,PT_PCOS,_T,202601,2017-Q1,0.15,A,0,1,
OECD.SDD.STES:DSD_STES_REVISIONS@DF_STES_REVISIONS(4.0),EA20,Q,ULC,PT_PCOS,_T,202509,2017-Q1,0.15,A,0,1,
OECD.SDD.STES:DSD_STES_REVISIONS@DF_STES_REVISIONS(4.0),EA20,Q,ULC,PT_PCOS,_T,202402,2017-Q2,-0.01,A,0,1,
OECD.SDD.STES:DSD_STES_REVISIONS@DF_STES_REVISIONS(4.0),EA20,Q,ULC,PT_PCOS,_T,202401,2017-Q2,-0.01,A,0,1,
OECD.SDD.STES:DSD_STES_REVISIONS@DF_STES_REVISIONS(4.0),EA20,Q,ULC,PT_PCOS,_T,202404,2017-Q2,-0.01,A,0,1,
OECD.SDD.STES:DSD_STES_REVISIONS@DF_STES_REVISIONS(4.0),EA20,Q,ULC,PT_PCOS,_T,202403,2017-Q2,-0.01,A,0,1,
OECD.SDD.STES:DSD_STES_REVISIONS@DF_STES_REVISIONS(4.0),EA20,Q,ULC,PT_PCOS,_T,202405,2017-Q2,-0.01,A,0,1,
OECD.SDD.STES:DSD_STES_REVISIONS@DF_STES_REVISIONS(4.0),EA20,Q,ULC,PT_PCOS,_T,202412,2017-Q2,0.02,A,0,1,
OECD.SDD.STES:DSD_STES_REVISIONS@DF_STES_REVISIONS(4.0),EA20,Q,ULC,PT_PCOS,_T,202409,2017-Q2,0,A,0,1,
OECD.SDD.STES:DSD_STES_REVISIONS@DF_STES_REVISIONS(4.0),EA20,Q,ULC,PT_PCOS,_T,202411,2017-Q2,0.02,A,0,1,
OECD.SDD.STES:DSD_STES_REVISIONS@DF_STES_REVISIONS(4.0),EA20,Q,ULC,PT_PCOS,_T,202407,2017-Q2,0,A,0,1,
OECD.SDD.STES:DSD_STES_REVISIONS@DF_STES_REVISIONS(4.0),EA20,Q,ULC,PT_PCOS,_T,202406,2017-Q2,-0.01,A,0,1,
OECD.SDD.STES:DSD_STES_REVISIONS@DF_STES_REVISIONS(4.0),EA20,Q,ULC,PT_PCOS,_T,202408,2017-Q2,0,A,0,1,
OECD.SDD.STES:DSD_STES_REVISIONS@DF_STES_REVISIONS(4.0),EA20,Q,ULC,PT_PCOS,_T,202510,2017-Q2,0.02,A,0,1,
OECD.SDD.STES:DSD_STES_REVISIONS@DF_STES_REVISIONS(4.0),EA20,Q,ULC,PT_PCOS,_T,202504,2017-Q2,0.02,A,0,1,
OECD.SDD.STES:DSD_STES_REVISIONS@DF_STES_REVISIONS(4.0),EA20,Q,ULC,PT_PCOS,_T,202507,2017-Q2,0.02,A,0,1,
OECD.SDD.STES:DSD_STES_REVISIONS@DF_STES_REVISIONS(4.0),EA20,Q,ULC,PT_PCOS,_T,202506,2017-Q2,0.02,A,0,1,
OECD.SDD.STES:DSD_STES_REVISIONS@DF_STES_REVISIONS(4.0),EA20,Q,ULC,PT_PCOS,_T,202508,2017-Q2,0.02,A,0,1,
OECD.SDD.STES:DSD_STES_REVISIONS@DF_STES_REVISIONS(4.0),EA20,Q,ULC,PT_PCOS,_T,202503,2017-Q2,0.02,A,0,1,
OECD.SDD.STES:DSD_STES_REVISIONS@DF_STES_REVISIONS(4.0),EA20,Q,ULC,PT_PCOS,_T,202505,2017-Q2,0.02,A,0,1,
OECD.SDD.STES:DSD_STES_REVISIONS@DF_STES_REVISIONS(4.0),EA20,Q,ULC,PT_PCOS,_T,202501,2017-Q2,0.02,A,0,1,
OECD.SDD.STES:DSD_STES_REVISIONS@DF_STES_REVISIONS(4.0),EA20,Q,ULC,PT_PCOS,_T,202502,2017-Q2,0.02,A,0,1,
OECD.SDD.STES:DSD_STES_REVISIONS@DF_STES_REVISIONS(4.0),EA20,Q,ULC,PT_PCOS,_T,202410,2017-Q2,0.02,A,0,1,
OECD.SDD.STES:DSD_STES_REVISIONS@DF_STES_REVISIONS(4.0),EA20,Q,ULC,PT_PCOS,_T,202608,2017-Q2,0.02,A,0,1,
OECD.SDD.STES:DSD_STES_REVISIONS@DF_STES_REVISIONS(4.0),EA20,Q,ULC,PT_PCOS,_T,202607,2017-Q2,0.02,A,0,1,
OECD.SDD.STES:DSD_STES_REVISIONS@DF_STES_REVISIONS(4.0),EA20,Q,ULC,PT_PCOS,_T,202605,2017-Q2,0.02,A,0,1,
OECD.SDD.STES:DSD_STES_REVISIONS@DF_STES_REVISIONS(4.0),EA20,Q,ULC,PT_PCOS,_T,202609,2017-Q2,0.02,A,0,1,
OECD.SDD.STES:DSD_STES_REVISIONS@DF_STES_REVISIONS(4.0),EA20,Q,ULC,PT_PCOS,_T,202606,2017-Q2,0.02,A,0,1,
OECD.SDD.STES:DSD_STES_REVISIONS@DF_STES_REVISIONS(4.0),EA20,Q,ULC,PT_PCOS,_T,202604,2017-Q2,0.02,A,0,1,
OECD.SDD.STES:DSD_STES_REVISIONS@DF_STES_REVISIONS(4.0),EA20,Q,ULC,PT_PCOS,_T,202603,2017-Q2,0.02,A,0,1,
OECD.SDD.STES:DSD_STES_REVISIONS@DF_STES_REVISIONS(4.0),EA20,Q,ULC,PT_PCOS,_T,202602,2017-Q2,0.02,A,0,1,
OECD.SDD.STES:DSD_STES_REVISIONS@DF_STES_REVISIONS(4.0),EA20,Q,ULC,PT_PCOS,_T,202512,2017-Q2,0.02,A,0,1,
OECD.SDD.STES:DSD_STES_REVISIONS@DF_STES_REVISIONS(4.0),EA20,Q,ULC,PT_PCOS,_T,202601,2017-Q2,0.02,A,0,1,
OECD.SDD.STES:DSD_STES_REVISIONS@DF_STES_REVISIONS(4.0),EA20,Q,ULC,PT_PCOS,_T,202511,2017-Q2,0.02,A,0,1,
OECD.SDD.STES:DSD_STES_REVISIONS@DF_STES_REVISIONS(4.0),EA20,Q,ULC,PT_PCOS,_T,202509,2017-Q2,0.02,A,0,1,
OECD.SDD.STES:DSD_STES_REVISIONS@DF_STES_REVISIONS(4.0),EA20,Q,ULC,PT_PCOS,_T,202409,2012-Q3,0.17,A,0,1,
OECD.SDD.STES:DSD_STES_REVISIONS@DF_STES_REVISIONS(4.0),EA20,Q,ULC,PT_PCOS,_T,202407,2012-Q3,0.17,A,0,1,
OECD.SDD.STES:DSD_STES_REVISIONS@DF_STES_REVISIONS(4.0),EA20,Q,ULC,PT_PCOS,_T,202408,2012-Q3,0.17,A,0,1,
OECD.SDD.STES:DSD_STES_REVISIONS@DF_STES_REVISIONS(4.0),EA20,Q,ULC,PT_PCOS,_T,202409,2014-Q3,0.17,A,0,1,
OECD.SDD.STES:DSD_STES_REVISIONS@DF_STES_REVISIONS(4.0),EA20,Q,ULC,PT_PCOS,_T,202407,2014-Q3,0.17,A,0,1,
OECD.SDD.STES:DSD_STES_REVISIONS@DF_STES_REVISIONS(4.0),EA20,Q,ULC,PT_PCOS,_T,202408,2014-Q3,0.17,A,0,1,
OECD.SDD.STES:DSD_STES_REVISIONS@DF_STES_REVISIONS(4.0),EA20,Q,ULC,PT_PCOS,_T,202412,2014-Q4,0.17,A,0,1,
OECD.SDD.STES:DSD_STES_REVISIONS@DF_STES_REVISIONS(4.0),EA20,Q,ULC,PT_PCOS,_T,202411,2014-Q4,0.17,A,0,1,
OECD.SDD.STES:DSD_STES_REVISIONS@DF_STES_REVISIONS(4.0),EA20,Q,ULC,PT_PCOS,_T,202510,2014-Q4,0.17,A,0,1,
OECD.SDD.STES:DSD_STES_REVISIONS@DF_STES_REVISIONS(4.0),EA20,Q,ULC,PT_PCOS,_T,202504,2014-Q4,0.17,A,0,1,
OECD.SDD.STES:DSD_STES_REVISIONS@DF_STES_REVISIONS(4.0),EA20,Q,ULC,PT_PCOS,_T,202507,2014-Q4,0.17,A,0,1,
OECD.SDD.STES:DSD_STES_REVISIONS@DF_STES_REVISIONS(4.0),EA20,Q,ULC,PT_PCOS,_T,202506,2014-Q4,0.17,A,0,1,
OECD.SDD.STES:DSD_STES_REVISIONS@DF_STES_REVISIONS(4.0),EA20,Q,ULC,PT_PCOS,_T,202508,2014-Q4,0.17,A,0,1,
OECD.SDD.STES:DSD_STES_REVISIONS@DF_STES_REVISIONS(4.0),EA20,Q,ULC,PT_PCOS,_T,202503,2014-Q4,0.17,A,0,1,
OECD.SDD.STES:DSD_STES_REVISIONS@DF_STES_REVISIONS(4.0),EA20,Q,ULC,PT_PCOS,_T,202505,2014-Q4,0.17,A,0,1,
OECD.SDD.STES:DSD_STES_REVISIONS@DF_STES_REVISIONS(4.0),EA20,Q,ULC,PT_PCOS,_T,202501,2014-Q4,0.17,A,0,1,
OECD.SDD.STES:DSD_STES_REVISIONS@DF_STES_REVISIONS(4.0),EA20,Q,ULC,PT_PCOS,_T,202502,2014-Q4,0.17,A,0,1,
OECD.SDD.STES:DSD_STES_REVISIONS@DF_STES_REVISIONS(4.0),EA20,Q,ULC,PT_PCOS,_T,202410,2014-Q4,0.17,A,0,1,
OECD.SDD.STES:DSD_STES_REVISIONS@DF_STES_REVISIONS(4.0),EA20,Q,ULC,PT_PCOS,_T,202608,2014-Q4,0.17,A,0,1,
OECD.SDD.STES:DSD_STES_REVISIONS@DF_STES_REVISIONS(4.0),EA20,Q,ULC,PT_PCOS,_T,202607,2014-Q4,0.17,A,0,1,
OECD.SDD.STES:DSD_STES_REVISIONS@DF_STES_REVISIONS(4.0),EA20,Q,ULC,PT_PCOS,_T,202605,2014-Q4,0.17,A,0,1,
OECD.SDD.STES:DSD_STES_REVISIONS@DF_STES_REVISIONS(4.0),EA20,Q,ULC,PT_PCOS,_T,202609,2014-Q4,0.17,A,0,1,
OECD.SDD.STES:DSD_STES_REVISIONS@DF_STES_REVISIONS(4.0),EA20,Q,ULC,PT_PCOS,_T,202606,2014-Q4,0.17,A,0,1,
OECD.SDD.STES:DSD_STES_REVISIONS@DF_STES_REVISIONS(4.0),EA20,Q,ULC,PT_PCOS,_T,202604,2014-Q4,0.17,A,0,1,
OECD.SDD.STES:DSD_STES_REVISIONS@DF_STES_REVISIONS(4.0),EA20,Q,ULC,PT_PCOS,_T,202603,2014-Q4,0.17,A,0,1,
OECD.SDD.STES:DSD_STES_REVISIONS@DF_STES_REVISIONS(4.0),EA20,Q,ULC,PT_PCOS,_T,202602,2014-Q4,0.17,A,0,1,
OECD.SDD.STES:DSD_STES_REVISIONS@DF_STES_REVISIONS(4.0),EA20,Q,ULC,PT_PCOS,_T,202512,2014-Q4,0.17,A,0,1,
OECD.SDD.STES:DSD_STES_REVISIONS@DF_STES_REVISIONS(4.0),EA20,Q,ULC,PT_PCOS,_T,202601,2014-Q4,0.17,A,0,1,
OECD.SDD.STES:DSD_STES_REVISIONS@DF_STES_REVISIONS(4.0),EA20,Q,ULC,PT_PCOS,_T,202511,2014-Q4,0.17,A,0,1,
OECD.SDD.STES:DSD_STES_REVISIONS@DF_STES_REVISIONS(4.0),EA20,Q,ULC,PT_PCOS,_T,202509,2014-Q4,0.17,A,0,1,
OECD.SDD.STES:DSD_STES_REVISIONS@DF_STES_REVISIONS(4.0),EA20,Q,ULC,PT_PCOS,_T,202402,2015-Q3,0.17,A,0,1,
OECD.SDD.STES:DSD_STES_REVISIONS@DF_STES_REVISIONS(4.0),EA20,Q,ULC,PT_PCOS,_T,202401,2015-Q3,0.17,A,0,1,
OECD.SDD.STES:DSD_STES_REVISIONS@DF_STES_REVISIONS(4.0),EA20,Q,ULC,PT_PCOS,_T,202404,2015-Q3,0.17,A,0,1,
OECD.SDD.STES:DSD_STES_REVISIONS@DF_STES_REVISIONS(4.0),EA20,Q,ULC,PT_PCOS,_T,202403,2015-Q3,0.17,A,0,1,
OECD.SDD.STES:DSD_STES_REVISIONS@DF_STES_REVISIONS(4.0),EA20,Q,ULC,PT_PCOS,_T,202405,2015-Q3,0.17,A,0,1,
OECD.SDD.STES:DSD_STES_REVISIONS@DF_STES_REVISIONS(4.0),EA20,Q,ULC,PT_PCOS,_T,202406,2015-Q3,0.17,A,0,1,
OECD.SDD.STES:DSD_STES_REVISIONS@DF_STES_REVISIONS(4.0),EA20,Q,ULC,PT_PCOS,_T,202412,2013-Q3,0.23,A,0,1,
OECD.SDD.STES:DSD_STES_REVISIONS@DF_STES_REVISIONS(4.0),EA20,Q,ULC,PT_PCOS,_T,202409,2013-Q3,0.23,A,0,1,
OECD.SDD.STES:DSD_STES_REVISIONS@DF_STES_REVISIONS(4.0),EA20,Q,ULC,PT_PCOS,_T,202411,2013-Q3,0.23,A,0,1,
OECD.SDD.STES:DSD_STES_REVISIONS@DF_STES_REVISIONS(4.0),EA20,Q,ULC,PT_PCOS,_T,202407,2013-Q3,0.23,A,0,1,
OECD.SDD.STES:DSD_STES_REVISIONS@DF_STES_REVISIONS(4.0),EA20,Q,ULC,PT_PCOS,_T,202408,2013-Q3,0.23,A,0,1,
OECD.SDD.STES:DSD_STES_REVISIONS@DF_STES_REVISIONS(4.0),EA20,Q,ULC,PT_PCOS,_T,202510,2013-Q3,0.23,A,0,1,
OECD.SDD.STES:DSD_STES_REVISIONS@DF_STES_REVISIONS(4.0),EA20,Q,ULC,PT_PCOS,_T,202504,2013-Q3,0.23,A,0,1,
OECD.SDD.STES:DSD_STES_REVISIONS@DF_STES_REVISIONS(4.0),EA20,Q,ULC,PT_PCOS,_T,202507,2013-Q3,0.23,A,0,1,
OECD.SDD.STES:DSD_STES_REVISIONS@DF_STES_REVISIONS(4.0),EA20,Q,ULC,PT_PCOS,_T,202506,2013-Q3,0.23,A,0,1,
OECD.SDD.STES:DSD_STES_REVISIONS@DF_STES_REVISIONS(4.0),EA20,Q,ULC,PT_PCOS,_T,202508,2013-Q3,0.23,A,0,1,
OECD.SDD.STES:DSD_STES_REVISIONS@DF_STES_REVISIONS(4.0),EA20,Q,ULC,PT_PCOS,_T,202503,2013-Q3,0.23,A,0,1,
OECD.SDD.STES:DSD_STES_REVISIONS@DF_STES_REVISIONS(4.0),EA20,Q,ULC,PT_PCOS,_T,202505,2013-Q3,0.23,A,0,1,
OECD.SDD.STES:DSD_STES_REVISIONS@DF_STES_REVISIONS(4.0),EA20,Q,ULC,PT_PCOS,_T,202501,2013-Q3,0.23,A,0,1,
OECD.SDD.STES:DSD_STES_REVISIONS@DF_STES_REVISIONS(4.0),EA20,Q,ULC,PT_PCOS,_T,202502,2013-Q3,0.23,A,0,1,
OECD.SDD.STES:DSD_STES_REVISIONS@DF_STES_REVISIONS(4.0),EA20,Q,ULC,PT_PCOS,_T,202410,2013-Q3,0.23,A,0,1,
OECD.SDD.STES:DSD_STES_REVISIONS@DF_STES_REVISIONS(4.0),EA20,Q,ULC,PT_PCOS,_T,202608,2013-Q3,0.23,A,0,1,
OECD.SDD.STES:DSD_STES_REVISIONS@DF_STES_REVISIONS(4.0),EA20,Q,ULC,PT_PCOS,_T,202607,2013-Q3,0.23,A,0,1,
OECD.SDD.STES:DSD_STES_REVISIONS@DF_STES_REVISIONS(4.0),EA20,Q,ULC,PT_PCOS,_T,202605,2013-Q3,0.23,A,0,1,
OECD.SDD.STES:DSD_STES_REVISIONS@DF_STES_REVISIONS(4.0),EA20,Q,ULC,PT_PCOS,_T,202609,2013-Q3,0.23,A,0,1,
OECD.SDD.STES:DSD_STES_REVISIONS@DF_STES_REVISIONS(4.0),EA20,Q,ULC,PT_PCOS,_T,202606,2013-Q3,0.23,A,0,1,
OECD.SDD.STES:DSD_STES_REVISIONS@DF_STES_REVISIONS(4.0),EA20,Q,ULC,PT_PCOS,_T,202604,2013-Q3,0.23,A,0,1,
OECD.SDD.STES:DSD_STES_REVISIONS@DF_STES_REVISIONS(4.0),EA20,Q,ULC,PT_PCOS,_T,202603,2013-Q3,0.23,A,0,1,
OECD.SDD.STES:DSD_STES_REVISIONS@DF_STES_REVISIONS(4.0),EA20,Q,ULC,PT_PCOS,_T,202602,2013-Q3,0.23,A,0,1,
OECD.SDD.STES:DSD_STES_REVISIONS@DF_STES_REVISIONS(4.0),EA20,Q,ULC,PT_PCOS,_T,202512,2013-Q3,0.23,A,0,1,
OECD.SDD.STES:DSD_STES_REVISIONS@DF_STES_REVISIONS(4.0),EA20,Q,ULC,PT_PCOS,_T,202511,2013-Q3,0.23,A,0,1,
OECD.SDD.STES:DSD_STES_REVISIONS@DF_STES_REVISIONS(4.0),EA20,Q,ULC,PT_PCOS,_T,202601,2013-Q3,0.23,A,0,1,
OECD.SDD.STES:DSD_STES_REVISIONS@DF_STES_REVISIONS(4.0),EA20,Q,ULC,PT_PCOS,_T,202509,2013-Q3,0.23,A,0,1,
OECD.SDD.STES:DSD_STES_REVISIONS@DF_STES_REVISIONS(4.0),EA20,Q,ULC,PT_PCOS,_T,202402,2014-Q1,0.23,A,0,1,
OECD.SDD.STES:DSD_STES_REVISIONS@DF_STES_REVISIONS(4.0),EA20,Q,ULC,PT_PCOS,_T,202401,2014-Q1,0.23,A,0,1,
OECD.SDD.STES:DSD_STES_REVISIONS@DF_STES_REVISIONS(4.0),EA20,Q,ULC,PT_PCOS,_T,202404,2014-Q1,0.23,A,0,1,
OECD.SDD.STES:DSD_STES_REVISIONS@DF_STES_REVISIONS(4.0),EA20,Q,ULC,PT_PCOS,_T,202403,2014-Q1,0.23,A,0,1,
OECD.SDD.STES:DSD_STES_REVISIONS@DF_STES_REVISIONS(4.0),EA20,Q,ULC,PT_PCOS,_T,202405,2014-Q1,0.23,A,0,1,
OECD.SDD.STES:DSD_STES_REVISIONS@DF_STES_REVISIONS(4.0),EA20,Q,ULC,PT_PCOS,_T,202406,2014-Q1,0.23,A,0,1,
OECD.SDD.STES:DSD_STES_REVISIONS@DF_STES_REVISIONS(4.0),EA20,Q,ULC,PT_PCOS,_T,202409,2015-Q4,0.23,A,0,1,
OECD.SDD.STES:DSD_STES_REVISIONS@DF_STES_REVISIONS(4.0),EA20,Q,ULC,PT_PCOS,_T,202407,2015-Q4,0.23,A,0,1,
OECD.SDD.STES:DSD_STES_REVISIONS@DF_STES_REVISIONS(4.0),EA20,Q,ULC,PT_PCOS,_T,202408,2015-Q4,0.23,A,0,1,
OECD.SDD.STES:DSD_STES_REVISIONS@DF_STES_REVISIONS(4.0),EA20,Q,ULC,PT_PCOS,_T,202402,2016-Q3,0.23,A,0,1,
OECD.SDD.STES:DSD_STES_REVISIONS@DF_STES_REVISIONS(4.0),EA20,Q,ULC,PT_PCOS,_T,202401,2016-Q3,0.23,A,0,1,
OECD.SDD.STES:DSD_STES_REVISIONS@DF_STES_REVISIONS(4.0),EA20,Q,ULC,PT_PCOS,_T,202404,2016-Q3,0.23,A,0,1,
OECD.SDD.STES:DSD_STES_REVISIONS@DF_STES_REVISIONS(4.0),EA20,Q,ULC,PT_PCOS,_T,202403,2016-Q3,0.23,A,0,1,
OECD.SDD.STES:DSD_STES_REVISIONS@DF_STES_REVISIONS(4.0),EA20,Q,ULC,PT_PCOS,_T,202405,2016-Q3,0.23,A,0,1,
OECD.SDD.STES:DSD_STES_REVISIONS@DF_STES_REVISIONS(4.0),EA20,Q,ULC,PT_PCOS,_T,202406,2016-Q3,0.23,A,0,1,
OECD.SDD.STES:DSD_STES_REVISIONS@DF_STES_REVISIONS(4.0),EA20,Q,ULC,PT_PCOS,_T,202412,2011-Q4,0.72,A,0,1,
OECD.SDD.STES:DSD_STES_REVISIONS@DF_STES_REVISIONS(4.0),EA20,Q,ULC,PT_PCOS,_T,202411,2011-Q4,0.72,A,0,1,
OECD.SDD.STES:DSD_STES_REVISIONS@DF_STES_REVISIONS(4.0),EA20,Q,ULC,PT_PCOS,_T,202510,2011-Q4,0.72,A,0,1,
OECD.SDD.STES:DSD_STES_REVISIONS@DF_STES_REVISIONS(4.0),EA20,Q,ULC,PT_PCOS,_T,202504,2011-Q4,0.72,A,0,1,
OECD.SDD.STES:DSD_STES_REVISIONS@DF_STES_REVISIONS(4.0),EA20,Q,ULC,PT_PCOS,_T,202507,2011-Q4,0.72,A,0,1,
OECD.SDD.STES:DSD_STES_REVISIONS@DF_STES_REVISIONS(4.0),EA20,Q,ULC,PT_PCOS,_T,202506,2011-Q4,0.72,A,0,1,
OECD.SDD.STES:DSD_STES_REVISIONS@DF_STES_REVISIONS(4.0),EA20,Q,ULC,PT_PCOS,_T,202503,2011-Q4,0.72,A,0,1,
OECD.SDD.STES:DSD_STES_REVISIONS@DF_STES_REVISIONS(4.0),EA20,Q,ULC,PT_PCOS,_T,202505,2011-Q4,0.72,A,0,1,
OECD.SDD.STES:DSD_STES_REVISIONS@DF_STES_REVISIONS(4.0),EA20,Q,ULC,PT_PCOS,_T,202501,2011-Q4,0.72,A,0,1,
OECD.SDD.STES:DSD_STES_REVISIONS@DF_STES_REVISIONS(4.0),EA20,Q,ULC,PT_PCOS,_T,202502,2011-Q4,0.72,A,0,1,
OECD.SDD.STES:DSD_STES_REVISIONS@DF_STES_REVISIONS(4.0),EA20,Q,ULC,PT_PCOS,_T,202410,2011-Q4,0.72,A,0,1,
OECD.SDD.STES:DSD_STES_REVISIONS@DF_STES_REVISIONS(4.0),EA20,Q,ULC,PT_PCOS,_T,202608,2011-Q4,0.72,A,0,1,
OECD.SDD.STES:DSD_STES_REVISIONS@DF_STES_REVISIONS(4.0),EA20,Q,ULC,PT_PCOS,_T,202607,2011-Q4,0.72,A,0,1,
OECD.SDD.STES:DSD_STES_REVISIONS@DF_STES_REVISIONS(4.0),EA20,Q,ULC,PT_PCOS,_T,202605,2011-Q4,0.72,A,0,1,
OECD.SDD.STES:DSD_STES_REVISIONS@DF_STES_REVISIONS(4.0),EA20,Q,ULC,PT_PCOS,_T,202609,2011-Q4,0.72,A,0,1,
OECD.SDD.STES:DSD_STES_REVISIONS@DF_STES_REVISIONS(4.0),EA20,Q,ULC,PT_PCOS,_T,202606,2011-Q4,0.72,A,0,1,
OECD.SDD.STES:DSD_STES_REVISIONS@DF_STES_REVISIONS(4.0),EA20,Q,ULC,PT_PCOS,_T,202604,2011-Q4,0.72,A,0,1,
OECD.SDD.STES:DSD_STES_REVISIONS@DF_STES_REVISIONS(4.0),EA20,Q,ULC,PT_PCOS,_T,202603,2011-Q4,0.72,A,0,1,
OECD.SDD.STES:DSD_STES_REVISIONS@DF_STES_REVISIONS(4.0),EA20,Q,ULC,PT_PCOS,_T,202602,2011-Q4,0.72,A,0,1,
OECD.SDD.STES:DSD_STES_REVISIONS@DF_STES_REVISIONS(4.0),EA20,Q,ULC,PT_PCOS,_T,202512,2011-Q4,0.72,A,0,1,
OECD.SDD.STES:DSD_STES_REVISIONS@DF_STES_REVISIONS(4.0),EA20,Q,ULC,PT_PCOS,_T,202601,2011-Q4,0.72,A,0,1,
OECD.SDD.STES:DSD_STES_REVISIONS@DF_STES_REVISIONS(4.0),EA20,Q,ULC,PT_PCOS,_T,202511,2011-Q4,0.72,A,0,1,
OECD.SDD.STES:DSD_STES_REVISIONS@DF_STES_REVISIONS(4.0),EA20,Q,ULC,PT_PCOS,_T,202509,2011-Q4,0.72,A,0,1,
OECD.SDD.STES:DSD_STES_REVISIONS@DF_STES_REVISIONS(4.0),EA20,Q,ULC,PT_PCOS,_T,202311,2008-Q1,1.03,A,0,1,
OECD.SDD.STES:DSD_STES_REVISIONS@DF_STES_REVISIONS(4.0),EA20,Q,ULC,PT_PCOS,_T,202306,2008-Q1,0.99,A,0,1,
OECD.SDD.STES:DSD_STES_REVISIONS@DF_STES_REVISIONS(4.0),EA20,Q,ULC,PT_PCOS,_T,202304,2008-Q1,0.99,A,0,1,
OECD.SDD.STES:DSD_STES_REVISIONS@DF_STES_REVISIONS(4.0),EA20,Q,ULC,PT_PCOS,_T,202310,2008-Q1,1.01,A,0,1,
OECD.SDD.STES:DSD_STES_REVISIONS@DF_STES_REVISIONS(4.0),EA20,Q,ULC,PT_PCOS,_T,202312,2008-Q1,1.03,A,0,1,
OECD.SDD.STES:DSD_STES_REVISIONS@DF_STES_REVISIONS(4.0),EA20,Q,ULC,PT_PCOS,_T,202305,2008-Q1,0.99,A,0,1,
OECD.SDD.STES:DSD_STES_REVISIONS@DF_STES_REVISIONS(4.0),EA20,Q,ULC,PT_PCOS,_T,202308,2008-Q1,1,A,0,1,
OECD.SDD.STES:DSD_STES_REVISIONS@DF_STES_REVISIONS(4.0),EA20,Q,ULC,PT_PCOS,_T,202309,2008-Q1,1,A,0,1,
OECD.SDD.STES:DSD_STES_REVISIONS@DF_STES_REVISIONS(4.0),EA20,Q,ULC,PT_PCOS,_T,202307,2008-Q1,1,A,0,1,
OECD.SDD.STES:DSD_STES_REVISIONS@DF_STES_REVISIONS(4.0),EA20,Q,ULC,PT_PCOS,_T,202311,2008-Q2,0.93,A,0,1,
OECD.SDD.STES:DSD_STES_REVISIONS@DF_STES_REVISIONS(4.0),EA20,Q,ULC,PT_PCOS,_T,202306,2008-Q2,0.85,A,0,1,
OECD.SDD.STES:DSD_STES_REVISIONS@DF_STES_REVISIONS(4.0),EA20,Q,ULC,PT_PCOS,_T,202304,2008-Q2,0.85,A,0,1,
OECD.SDD.STES:DSD_STES_REVISIONS@DF_STES_REVISIONS(4.0),EA20,Q,ULC,PT_PCOS,_T,202310,2008-Q2,0.9,A,0,1,
OECD.SDD.STES:DSD_STES_REVISIONS@DF_STES_REVISIONS(4.0),EA20,Q,ULC,PT_PCOS,_T,202312,2008-Q2,0.93,A,0,1,
OECD.SDD.STES:DSD_STES_REVISIONS@DF_STES_REVISIONS(4.0),EA20,Q,ULC,PT_PCOS,_T,202305,2008-Q2,0.85,A,0,1,
OECD.SDD.STES:DSD_STES_REVISIONS@DF_STES_REVISIONS(4.0),EA20,Q,ULC,PT_PCOS,_T,202308,2008-Q2,0.87,A,0,1,
OECD.SDD.STES:DSD_STES_REVISIONS@DF_STES_REVISIONS(4.0),EA20,Q,ULC,PT_PCOS,_T,202309,2008-Q2,0.87,A,0,1,
OECD.SDD.STES:DSD_STES_REVISIONS@DF_STES_REVISIONS(4.0),EA20,Q,ULC,PT_PCOS,_T,202307,2008-Q2,0.87,A,0,1,
OECD.SDD.STES:DSD_STES_REVISIONS@DF_STES_REVISIONS(4.0),EA20,Q,ULC,PT_PCOS,_T,202311,2008-Q3,1.28,A,0,1,
OECD.SDD.STES:DSD_STES_REVISIONS@DF_STES_REVISIONS(4.0),EA20,Q,ULC,PT_PCOS,_T,202306,2008-Q3,1.36,A,0,1,
OECD.SDD.STES:DSD_STES_REVISIONS@DF_STES_REVISIONS(4.0),EA20,Q,ULC,PT_PCOS,_T,202304,2008-Q3,1.36,A,0,1,
OECD.SDD.STES:DSD_STES_REVISIONS@DF_STES_REVISIONS(4.0),EA20,Q,ULC,PT_PCOS,_T,202310,2008-Q3,1.3,A,0,1,
OECD.SDD.STES:DSD_STES_REVISIONS@DF_STES_REVISIONS(4.0),EA20,Q,ULC,PT_PCOS,_T,202312,2008-Q3,1.28,A,0,1,
OECD.SDD.STES:DSD_STES_REVISIONS@DF_STES_REVISIONS(4.0),EA20,Q,ULC,PT_PCOS,_T,202305,2008-Q3,1.36,A,0,1,
OECD.SDD.STES:DSD_STES_REVISIONS@DF_STES_REVISIONS(4.0),EA20,Q,ULC,PT_PCOS,_T,202308,2008-Q3,1.33,A,0,1,
OECD.SDD.STES:DSD_STES_REVISIONS@DF_STES_REVISIONS(4.0),EA20,Q,ULC,PT_PCOS,_T,202309,2008-Q3,1.33,A,0,1,
OECD.SDD.STES:DSD_STES_REVISIONS@DF_STES_REVISIONS(4.0),EA20,Q,ULC,PT_PCOS,_T,202307,2008-Q3,1.33,A,0,1,
OECD.SDD.STES:DSD_STES_REVISIONS@DF_STES_REVISIONS(4.0),EA20,Q,ULC,PT_PCOS,_T,202311,2008-Q4,1.77,A,0,1,
OECD.SDD.STES:DSD_STES_REVISIONS@DF_STES_REVISIONS(4.0),EA20,Q,ULC,PT_PCOS,_T,202306,2008-Q4,1.77,A,0,1,
OECD.SDD.STES:DSD_STES_REVISIONS@DF_STES_REVISIONS(4.0),EA20,Q,ULC,PT_PCOS,_T,202304,2008-Q4,1.77,A,0,1,
OECD.SDD.STES:DSD_STES_REVISIONS@DF_STES_REVISIONS(4.0),EA20,Q,ULC,PT_PCOS,_T,202310,2008-Q4,1.77,A,0,1,
OECD.SDD.STES:DSD_STES_REVISIONS@DF_STES_REVISIONS(4.0),EA20,Q,ULC,PT_PCOS,_T,202312,2008-Q4,1.77,A,0,1,
OECD.SDD.STES:DSD_STES_REVISIONS@DF_STES_REVISIONS(4.0),EA20,Q,ULC,PT_PCOS,_T,202305,2008-Q4,1.77,A,0,1,
OECD.SDD.STES:DSD_STES_REVISIONS@DF_STES_REVISIONS(4.0),EA20,Q,ULC,PT_PCOS,_T,202308,2008-Q4,1.78,A,0,1,
OECD.SDD.STES:DSD_STES_REVISIONS@DF_STES_REVISIONS(4.0),EA20,Q,ULC,PT_PCOS,_T,202309,2008-Q4,1.78,A,0,1,
OECD.SDD.STES:DSD_STES_REVISIONS@DF_STES_REVISIONS(4.0),EA20,Q,ULC,PT_PCOS,_T,202307,2008-Q4,1.78,A,0,1,
OECD.SDD.STES:DSD_STES_REVISIONS@DF_STES_REVISIONS(4.0),EA20,Q,ULC,PT_PCOS,_T,202311,2009-Q1,2.36,A,0,1,
OECD.SDD.STES:DSD_STES_REVISIONS@DF_STES_REVISIONS(4.0),EA20,Q,ULC,PT_PCOS,_T,202306,2009-Q1,2.3,A,0,1,
OECD.SDD.STES:DSD_STES_REVISIONS@DF_STES_REVISIONS(4.0),EA20,Q,ULC,PT_PCOS,_T,202304,2009-Q1,2.3,A,0,1,
OECD.SDD.STES:DSD_STES_REVISIONS@DF_STES_REVISIONS(4.0),EA20,Q,ULC,PT_PCOS,_T,202310,2009-Q1,2.38,A,0,1,
OECD.SDD.STES:DSD_STES_REVISIONS@DF_STES_REVISIONS(4.0),EA20,Q,ULC,PT_PCOS,_T,202312,2009-Q1,2.36,A,0,1,
OECD.SDD.STES:DSD_STES_REVISIONS@DF_STES_REVISIONS(4.0),EA20,Q,ULC,PT_PCOS,_T,202305,2009-Q1,2.3,A,0,1,
OECD.SDD.STES:DSD_STES_REVISIONS@DF_STES_REVISIONS(4.0),EA20,Q,ULC,PT_PCOS,_T,202308,2009-Q1,2.34,A,0,1,
OECD.SDD.STES:DSD_STES_REVISIONS@DF_STES_REVISIONS(4.0),EA20,Q,ULC,PT_PCOS,_T,202309,2009-Q1,2.34,A,0,1,
OECD.SDD.STES:DSD_STES_REVISIONS@DF_STES_REVISIONS(4.0),EA20,Q,ULC,PT_PCOS,_T,202307,2009-Q1,2.34,A,0,1,
OECD.SDD.STES:DSD_STES_REVISIONS@DF_STES_REVISIONS(4.0),EA20,Q,ULC,PT_PCOS,_T,202311,2009-Q2,-0.21,A,0,1,
OECD.SDD.STES:DSD_STES_REVISIONS@DF_STES_REVISIONS(4.0),EA20,Q,ULC,PT_PCOS,_T,202306,2009-Q2,-0.21,A,0,1,
OECD.SDD.STES:DSD_STES_REVISIONS@DF_STES_REVISIONS(4.0),EA20,Q,ULC,PT_PCOS,_T,202304,2009-Q2,-0.21,A,0,1,
OECD.SDD.STES:DSD_STES_REVISIONS@DF_STES_REVISIONS(4.0),EA20,Q,ULC,PT_PCOS,_T,202310,2009-Q2,-0.24,A,0,1,
OECD.SDD.STES:DSD_STES_REVISIONS@DF_STES_REVISIONS(4.0),EA20,Q,ULC,PT_PCOS,_T,202312,2009-Q2,-0.21,A,0,1,
OECD.SDD.STES:DSD_STES_REVISIONS@DF_STES_REVISIONS(4.0),EA20,Q,ULC,PT_PCOS,_T,202305,2009-Q2,-0.21,A,0,1,
OECD.SDD.STES:DSD_STES_REVISIONS@DF_STES_REVISIONS(4.0),EA20,Q,ULC,PT_PCOS,_T,202308,2009-Q2,-0.23,A,0,1,
OECD.SDD.STES:DSD_STES_REVISIONS@DF_STES_REVISIONS(4.0),EA20,Q,ULC,PT_PCOS,_T,202309,2009-Q2,-0.23,A,0,1,
OECD.SDD.STES:DSD_STES_REVISIONS@DF_STES_REVISIONS(4.0),EA20,Q,ULC,PT_PCOS,_T,202307,2009-Q2,-0.23,A,0,1,
OECD.SDD.STES:DSD_STES_REVISIONS@DF_STES_REVISIONS(4.0),EA20,Q,ULC,PT_PCOS,_T,202311,2009-Q3,-0.14,A,0,1,
OECD.SDD.STES:DSD_STES_REVISIONS@DF_STES_REVISIONS(4.0),EA20,Q,ULC,PT_PCOS,_T,202306,2009-Q3,-0.11,A,0,1,
OECD.SDD.STES:DSD_STES_REVISIONS@DF_STES_REVISIONS(4.0),EA20,Q,ULC,PT_PCOS,_T,202304,2009-Q3,-0.11,A,0,1,
OECD.SDD.STES:DSD_STES_REVISIONS@DF_STES_REVISIONS(4.0),EA20,Q,ULC,PT_PCOS,_T,202310,2009-Q3,-0.14,A,0,1,
OECD.SDD.STES:DSD_STES_REVISIONS@DF_STES_REVISIONS(4.0),EA20,Q,ULC,PT_PCOS,_T,202312,2009-Q3,-0.14,A,0,1,
OECD.SDD.STES:DSD_STES_REVISIONS@DF_STES_REVISIONS(4.0),EA20,Q,ULC,PT_PCOS,_T,202305,2009-Q3,-0.11,A,0,1,
OECD.SDD.STES:DSD_STES_REVISIONS@DF_STES_REVISIONS(4.0),EA20,Q,ULC,PT_PCOS,_T,202308,2009-Q3,-0.12,A,0,1,
OECD.SDD.STES:DSD_STES_REVISIONS@DF_STES_REVISIONS(4.0),EA20,Q,ULC,PT_PCOS,_T,202309,2009-Q3,-0.12,A,0,1,
OECD.SDD.STES:DSD_STES_REVISIONS@DF_STES_REVISIONS(4.0),EA20,Q,ULC,PT_PCOS,_T,202307,2009-Q3,-0.12,A,0,1,
OECD.SDD.STES:DSD_STES_REVISIONS@DF_STES_REVISIONS(4.0),EA20,Q,ULC,PT_PCOS,_T,202311,2009-Q4,-0.04,A,0,1,
OECD.SDD.STES:DSD_STES_REVISIONS@DF_STES_REVISIONS(4.0),EA20,Q,ULC,PT_PCOS,_T,202306,2009-Q4,0.04,A,0,1,
OECD.SDD.STES:DSD_STES_REVISIONS@DF_STES_REVISIONS(4.0),EA20,Q,ULC,PT_PCOS,_T,202304,2009-Q4,0.04,A,0,1,
OECD.SDD.STES:DSD_STES_REVISIONS@DF_STES_REVISIONS(4.0),EA20,Q,ULC,PT_PCOS,_T,202310,2009-Q4,-0.02,A,0,1,
OECD.SDD.STES:DSD_STES_REVISIONS@DF_STES_REVISIONS(4.0),EA20,Q,ULC,PT_PCOS,_T,202312,2009-Q4,-0.04,A,0,1,
OECD.SDD.STES:DSD_STES_REVISIONS@DF_STES_REVISIONS(4.0),EA20,Q,ULC,PT_PCOS,_T,202305,2009-Q4,0.04,A,0,1,
OECD.SDD.STES:DSD_STES_REVISIONS@DF_STES_REVISIONS(4.0),EA20,Q,ULC,PT_PCOS,_T,202308,2009-Q4,0.01,A,0,1,
OECD.SDD.STES:DSD_STES_REVISIONS@DF_STES_REVISIONS(4.0),EA20,Q,ULC,PT_PCOS,_T,202309,2009-Q4,0.01,A,0,1,
OECD.SDD.STES:DSD_STES_REVISIONS@DF_STES_REVISIONS(4.0),EA20,Q,ULC,PT_PCOS,_T,202307,2009-Q4,0.01,A,0,1,
OECD.SDD.STES:DSD_STES_REVISIONS@DF_STES_REVISIONS(4.0),EA20,Q,ULC,PT_PCOS,_T,202311,2017-Q3,0.06,A,0,1,
OECD.SDD.STES:DSD_STES_REVISIONS@DF_STES_REVISIONS(4.0),EA20,Q,ULC,PT_PCOS,_T,202306,2017-Q3,0.02,A,0,1,
OECD.SDD.STES:DSD_STES_REVISIONS@DF_STES_REVISIONS(4.0),EA20,Q,ULC,PT_PCOS,_T,202304,2017-Q3,0.02,A,0,1,
OECD.SDD.STES:DSD_STES_REVISIONS@DF_STES_REVISIONS(4.0),EA20,Q,ULC,PT_PCOS,_T,202310,2017-Q3,0.05,A,0,1,
OECD.SDD.STES:DSD_STES_REVISIONS@DF_STES_REVISIONS(4.0),EA20,Q,ULC,PT_PCOS,_T,202312,2017-Q3,0.06,A,0,1,
OECD.SDD.STES:DSD_STES_REVISIONS@DF_STES_REVISIONS(4.0),EA20,Q,ULC,PT_PCOS,_T,202305,2017-Q3,0.02,A,0,1,
OECD.SDD.STES:DSD_STES_REVISIONS@DF_STES_REVISIONS(4.0),EA20,Q,ULC,PT_PCOS,_T,202308,2017-Q3,0.02,A,0,1,
OECD.SDD.STES:DSD_STES_REVISIONS@DF_STES_REVISIONS(4.0),EA20,Q,ULC,PT_PCOS,_T,202309,2017-Q3,0.02,A,0,1,
OECD.SDD.STES:DSD_STES_REVISIONS@DF_STES_REVISIONS(4.0),EA20,Q,ULC,PT_PCOS,_T,202307,2017-Q3,0.02,A,0,1,
OECD.SDD.STES:DSD_STES_REVISIONS@DF_STES_REVISIONS(4.0),EA20,Q,ULC,PT_PCOS,_T,202311,2017-Q4,0.29,A,0,1,
OECD.SDD.STES:DSD_STES_REVISIONS@DF_STES_REVISIONS(4.0),EA20,Q,ULC,PT_PCOS,_T,202306,2017-Q4,0.28,A,0,1,
OECD.SDD.STES:DSD_STES_REVISIONS@DF_STES_REVISIONS(4.0),EA20,Q,ULC,PT_PCOS,_T,202304,2017-Q4,0.28,A,0,1,
OECD.SDD.STES:DSD_STES_REVISIONS@DF_STES_REVISIONS(4.0),EA20,Q,ULC,PT_PCOS,_T,202310,2017-Q4,0.27,A,0,1,
OECD.SDD.STES:DSD_STES_REVISIONS@DF_STES_REVISIONS(4.0),EA20,Q,ULC,PT_PCOS,_T,202312,2017-Q4,0.29,A,0,1,
OECD.SDD.STES:DSD_STES_REVISIONS@DF_STES_REVISIONS(4.0),EA20,Q,ULC,PT_PCOS,_T,202305,2017-Q4,0.28,A,0,1,
OECD.SDD.STES:DSD_STES_REVISIONS@DF_STES_REVISIONS(4.0),EA20,Q,ULC,PT_PCOS,_T,202308,2017-Q4,0.26,A,0,1,
OECD.SDD.STES:DSD_STES_REVISIONS@DF_STES_REVISIONS(4.0),EA20,Q,ULC,PT_PCOS,_T,202309,2017-Q4,0.26,A,0,1,
OECD.SDD.STES:DSD_STES_REVISIONS@DF_STES_REVISIONS(4.0),EA20,Q,ULC,PT_PCOS,_T,202307,2017-Q4,0.26,A,0,1,
OECD.SDD.STES:DSD_STES_REVISIONS@DF_STES_REVISIONS(4.0),EA20,Q,ULC,PT_PCOS,_T,202311,2018-Q1,0.76,A,0,1,
OECD.SDD.STES:DSD_STES_REVISIONS@DF_STES_REVISIONS(4.0),EA20,Q,ULC,PT_PCOS,_T,202306,2018-Q1,0.81,A,0,1,
OECD.SDD.STES:DSD_STES_REVISIONS@DF_STES_REVISIONS(4.0),EA20,Q,ULC,PT_PCOS,_T,202304,2018-Q1,0.81,A,0,1,
OECD.SDD.STES:DSD_STES_REVISIONS@DF_STES_REVISIONS(4.0),EA20,Q,ULC,PT_PCOS,_T,202310,2018-Q1,0.81,A,0,1,
OECD.SDD.STES:DSD_STES_REVISIONS@DF_STES_REVISIONS(4.0),EA20,Q,ULC,PT_PCOS,_T,202312,2018-Q1,0.76,A,0,1,
OECD.SDD.STES:DSD_STES_REVISIONS@DF_STES_REVISIONS(4.0),EA20,Q,ULC,PT_PCOS,_T,202305,2018-Q1,0.81,A,0,1,
OECD.SDD.STES:DSD_STES_REVISIONS@DF_STES_REVISIONS(4.0),EA20,Q,ULC,PT_PCOS,_T,202308,2018-Q1,0.83,A,0,1,
OECD.SDD.STES:DSD_STES_REVISIONS@DF_STES_REVISIONS(4.0),EA20,Q,ULC,PT_PCOS,_T,202309,2018-Q1,0.83,A,0,1,
OECD.SDD.STES:DSD_STES_REVISIONS@DF_STES_REVISIONS(4.0),EA20,Q,ULC,PT_PCOS,_T,202307,2018-Q1,0.83,A,0,1,
OECD.SDD.STES:DSD_STES_REVISIONS@DF_STES_REVISIONS(4.0),EA20,Q,ULC,PT_PCOS,_T,202311,2018-Q2,0.57,A,0,1,
OECD.SDD.STES:DSD_STES_REVISIONS@DF_STES_REVISIONS(4.0),EA20,Q,ULC,PT_PCOS,_T,202306,2018-Q2,0.59,A,0,1,
OECD.SDD.STES:DSD_STES_REVISIONS@DF_STES_REVISIONS(4.0),EA20,Q,ULC,PT_PCOS,_T,202304,2018-Q2,0.59,A,0,1,
OECD.SDD.STES:DSD_STES_REVISIONS@DF_STES_REVISIONS(4.0),EA20,Q,ULC,PT_PCOS,_T,202310,2018-Q2,0.57,A,0,1,
OECD.SDD.STES:DSD_STES_REVISIONS@DF_STES_REVISIONS(4.0),EA20,Q,ULC,PT_PCOS,_T,202312,2018-Q2,0.57,A,0,1,
OECD.SDD.STES:DSD_STES_REVISIONS@DF_STES_REVISIONS(4.0),EA20,Q,ULC,PT_PCOS,_T,202305,2018-Q2,0.59,A,0,1,
OECD.SDD.STES:DSD_STES_REVISIONS@DF_STES_REVISIONS(4.0),EA20,Q,ULC,PT_PCOS,_T,202308,2018-Q2,0.59,A,0,1,
OECD.SDD.STES:DSD_STES_REVISIONS@DF_STES_REVISIONS(4.0),EA20,Q,ULC,PT_PCOS,_T,202309,2018-Q2,0.59,A,0,1,
OECD.SDD.STES:DSD_STES_REVISIONS@DF_STES_REVISIONS(4.0),EA20,Q,ULC,PT_PCOS,_T,202307,2018-Q2,0.59,A,0,1,
OECD.SDD.STES:DSD_STES_REVISIONS@DF_STES_REVISIONS(4.0),EA20,Q,ULC,PT_PCOS,_T,202311,2018-Q3,1.02,A,0,1,
OECD.SDD.STES:DSD_STES_REVISIONS@DF_STES_REVISIONS(4.0),EA20,Q,ULC,PT_PCOS,_T,202306,2018-Q3,0.93,A,0,1,
OECD.SDD.STES:DSD_STES_REVISIONS@DF_STES_REVISIONS(4.0),EA20,Q,ULC,PT_PCOS,_T,202304,2018-Q3,0.93,A,0,1,
OECD.SDD.STES:DSD_STES_REVISIONS@DF_STES_REVISIONS(4.0),EA20,Q,ULC,PT_PCOS,_T,202310,2018-Q3,0.99,A,0,1,
OECD.SDD.STES:DSD_STES_REVISIONS@DF_STES_REVISIONS(4.0),EA20,Q,ULC,PT_PCOS,_T,202312,2018-Q3,1.02,A,0,1,
OECD.SDD.STES:DSD_STES_REVISIONS@DF_STES_REVISIONS(4.0),EA20,Q,ULC,PT_PCOS,_T,202305,2018-Q3,0.93,A,0,1,
OECD.SDD.STES:DSD_STES_REVISIONS@DF_STES_REVISIONS(4.0),EA20,Q,ULC,PT_PCOS,_T,202308,2018-Q3,0.94,A,0,1,
OECD.SDD.STES:DSD_STES_REVISIONS@DF_STES_REVISIONS(4.0),EA20,Q,ULC,PT_PCOS,_T,202309,2018-Q3,0.94,A,0,1,
OECD.SDD.STES:DSD_STES_REVISIONS@DF_STES_REVISIONS(4.0),EA20,Q,ULC,PT_PCOS,_T,202307,2018-Q3,0.94,A,0,1,
OECD.SDD.STES:DSD_STES_REVISIONS@DF_STES_REVISIONS(4.0),EA20,Q,ULC,PT_PCOS,_T,202311,2018-Q4,0.13,A,0,1,
OECD.SDD.STES:DSD_STES_REVISIONS@DF_STES_REVISIONS(4.0),EA20,Q,ULC,PT_PCOS,_T,202306,2018-Q4,0.15,A,0,1,
OECD.SDD.STES:DSD_STES_REVISIONS@DF_STES_REVISIONS(4.0),EA20,Q,ULC,PT_PCOS,_T,202304,2018-Q4,0.15,A,0,1,
OECD.SDD.STES:DSD_STES_REVISIONS@DF_STES_REVISIONS(4.0),EA20,Q,ULC,PT_PCOS,_T,202310,2018-Q4,0.09,A,0,1,
OECD.SDD.STES:DSD_STES_REVISIONS@DF_STES_REVISIONS(4.0),EA20,Q,ULC,PT_PCOS,_T,202312,2018-Q4,0.13,A,0,1,
OECD.SDD.STES:DSD_STES_REVISIONS@DF_STES_REVISIONS(4.0),EA20,Q,ULC,PT_PCOS,_T,202305,2018-Q4,0.15,A,0,1,
OECD.SDD.STES:DSD_STES_REVISIONS@DF_STES_REVISIONS(4.0),EA20,Q,ULC,PT_PCOS,_T,202308,2018-Q4,0.11,A,0,1,
OECD.SDD.STES:DSD_STES_REVISIONS@DF_STES_REVISIONS(4.0),EA20,Q,ULC,PT_PCOS,_T,202309,2018-Q4,0.11,A,0,1,
OECD.SDD.STES:DSD_STES_REVISIONS@DF_STES_REVISIONS(4.0),EA20,Q,ULC,PT_PCOS,_T,202307,2018-Q4,0.11,A,0,1,
OECD.SDD.STES:DSD_STES_REVISIONS@DF_STES_REVISIONS(4.0),EA20,Q,ULC,PT_PCOS,_T,202311,2019-Q1,0.42,A,0,1,
OECD.SDD.STES:DSD_STES_REVISIONS@DF_STES_REVISIONS(4.0),EA20,Q,ULC,PT_PCOS,_T,202306,2019-Q1,0.44,A,0,1,
OECD.SDD.STES:DSD_STES_REVISIONS@DF_STES_REVISIONS(4.0),EA20,Q,ULC,PT_PCOS,_T,202304,2019-Q1,0.44,A,0,1,
OECD.SDD.STES:DSD_STES_REVISIONS@DF_STES_REVISIONS(4.0),EA20,Q,ULC,PT_PCOS,_T,202310,2019-Q1,0.46,A,0,1,
OECD.SDD.STES:DSD_STES_REVISIONS@DF_STES_REVISIONS(4.0),EA20,Q,ULC,PT_PCOS,_T,202312,2019-Q1,0.42,A,0,1,
OECD.SDD.STES:DSD_STES_REVISIONS@DF_STES_REVISIONS(4.0),EA20,Q,ULC,PT_PCOS,_T,202305,2019-Q1,0.44,A,0,1,
OECD.SDD.STES:DSD_STES_REVISIONS@DF_STES_REVISIONS(4.0),EA20,Q,ULC,PT_PCOS,_T,202308,2019-Q1,0.49,A,0,1,
OECD.SDD.STES:DSD_STES_REVISIONS@DF_STES_REVISIONS(4.0),EA20,Q,ULC,PT_PCOS,_T,202309,2019-Q1,0.49,A,0,1,
OECD.SDD.STES:DSD_STES_REVISIONS@DF_STES_REVISIONS(4.0),EA20,Q,ULC,PT_PCOS,_T,202307,2019-Q1,0.49,A,0,1,
OECD.SDD.STES:DSD_STES_REVISIONS@DF_STES_REVISIONS(4.0),EA20,Q,ULC,PT_PCOS,_T,202311,2019-Q2,0.54,A,0,1,
OECD.SDD.STES:DSD_STES_REVISIONS@DF_STES_REVISIONS(4.0),EA20,Q,ULC,PT_PCOS,_T,202306,2019-Q2,0.58,A,0,1,
OECD.SDD.STES:DSD_STES_REVISIONS@DF_STES_REVISIONS(4.0),EA20,Q,ULC,PT_PCOS,_T,202304,2019-Q2,0.58,A,0,1,
OECD.SDD.STES:DSD_STES_REVISIONS@DF_STES_REVISIONS(4.0),EA20,Q,ULC,PT_PCOS,_T,202310,2019-Q2,0.53,A,0,1,
OECD.SDD.STES:DSD_STES_REVISIONS@DF_STES_REVISIONS(4.0),EA20,Q,ULC,PT_PCOS,_T,202312,2019-Q2,0.54,A,0,1,
OECD.SDD.STES:DSD_STES_REVISIONS@DF_STES_REVISIONS(4.0),EA20,Q,ULC,PT_PCOS,_T,202305,2019-Q2,0.58,A,0,1,
OECD.SDD.STES:DSD_STES_REVISIONS@DF_STES_REVISIONS(4.0),EA20,Q,ULC,PT_PCOS,_T,202308,2019-Q2,0.55,A,0,1,
OECD.SDD.STES:DSD_STES_REVISIONS@DF_STES_REVISIONS(4.0),EA20,Q,ULC,PT_PCOS,_T,202309,2019-Q2,0.55,A,0,1,
OECD.SDD.STES:DSD_STES_REVISIONS@DF_STES_REVISIONS(4.0),EA20,Q,ULC,PT_PCOS,_T,202307,2019-Q2,0.55,A,0,1,
OECD.SDD.STES:DSD_STES_REVISIONS@DF_STES_REVISIONS(4.0),EA20,Q,ULC,PT_PCOS,_T,202311,2019-Q3,0.52,A,0,1,
OECD.SDD.STES:DSD_STES_REVISIONS@DF_STES_REVISIONS(4.0),EA20,Q,ULC,PT_PCOS,_T,202306,2019-Q3,0.46,A,0,1,
OECD.SDD.STES:DSD_STES_REVISIONS@DF_STES_REVISIONS(4.0),EA20,Q,ULC,PT_PCOS,_T,202304,2019-Q3,0.46,A,0,1,
OECD.SDD.STES:DSD_STES_REVISIONS@DF_STES_REVISIONS(4.0),EA20,Q,ULC,PT_PCOS,_T,202310,2019-Q3,0.52,A,0,1,
OECD.SDD.STES:DSD_STES_REVISIONS@DF_STES_REVISIONS(4.0),EA20,Q,ULC,PT_PCOS,_T,202312,2019-Q3,0.52,A,0,1,
OECD.SDD.STES:DSD_STES_REVISIONS@DF_STES_REVISIONS(4.0),EA20,Q,ULC,PT_PCOS,_T,202305,2019-Q3,0.46,A,0,1,
OECD.SDD.STES:DSD_STES_REVISIONS@DF_STES_REVISIONS(4.0),EA20,Q,ULC,PT_PCOS,_T,202308,2019-Q3,0.43,A,0,1,
OECD.SDD.STES:DSD_STES_REVISIONS@DF_STES_REVISIONS(4.0),EA20,Q,ULC,PT_PCOS,_T,202309,2019-Q3,0.43,A,0,1,
OECD.SDD.STES:DSD_STES_REVISIONS@DF_STES_REVISIONS(4.0),EA20,Q,ULC,PT_PCOS,_T,202307,2019-Q3,0.43,A,0,1,
OECD.SDD.STES:DSD_STES_REVISIONS@DF_STES_REVISIONS(4.0),EA20,Q,ULC,PT_PCOS,_T,202311,2019-Q4,0.33,A,0,1,
OECD.SDD.STES:DSD_STES_REVISIONS@DF_STES_REVISIONS(4.0),EA20,Q,ULC,PT_PCOS,_T,202306,2019-Q4,0.3,A,0,1,
OECD.SDD.STES:DSD_STES_REVISIONS@DF_STES_REVISIONS(4.0),EA20,Q,ULC,PT_PCOS,_T,202304,2019-Q4,0.3,A,0,1,
OECD.SDD.STES:DSD_STES_REVISIONS@DF_STES_REVISIONS(4.0),EA20,Q,ULC,PT_PCOS,_T,202310,2019-Q4,0.31,A,0,1,
OECD.SDD.STES:DSD_STES_REVISIONS@DF_STES_REVISIONS(4.0),EA20,Q,ULC,PT_PCOS,_T,202312,2019-Q4,0.33,A,0,1,
OECD.SDD.STES:DSD_STES_REVISIONS@DF_STES_REVISIONS(4.0),EA20,Q,ULC,PT_PCOS,_T,202305,2019-Q4,0.3,A,0,1,
OECD.SDD.STES:DSD_STES_REVISIONS@DF_STES_REVISIONS(4.0),EA20,Q,ULC,PT_PCOS,_T,202308,2019-Q4,0.31,A,0,1,
OECD.SDD.STES:DSD_STES_REVISIONS@DF_STES_REVISIONS(4.0),EA20,Q,ULC,PT_PCOS,_T,202309,2019-Q4,0.31,A,0,1,
OECD.SDD.STES:DSD_STES_REVISIONS@DF_STES_REVISIONS(4.0),EA20,Q,ULC,PT_PCOS,_T,202307,2019-Q4,0.31,A,0,1,
OECD.SDD.STES:DSD_STES_REVISIONS@DF_STES_REVISIONS(4.0),EA20,Q,ULC,PT_PCOS,_T,202311,2020-Q1,2.62,A,0,1,
OECD.SDD.STES:DSD_STES_REVISIONS@DF_STES_REVISIONS(4.0),EA20,Q,ULC,PT_PCOS,_T,202306,2020-Q1,2.7,A,0,1,
OECD.SDD.STES:DSD_STES_REVISIONS@DF_STES_REVISIONS(4.0),EA20,Q,ULC,PT_PCOS,_T,202304,2020-Q1,2.7,A,0,1,
OECD.SDD.STES:DSD_STES_REVISIONS@DF_STES_REVISIONS(4.0),EA20,Q,ULC,PT_PCOS,_T,202310,2020-Q1,2.6,A,0,1,
OECD.SDD.STES:DSD_STES_REVISIONS@DF_STES_REVISIONS(4.0),EA20,Q,ULC,PT_PCOS,_T,202312,2020-Q1,2.62,A,0,1,
OECD.SDD.STES:DSD_STES_REVISIONS@DF_STES_REVISIONS(4.0),EA20,Q,ULC,PT_PCOS,_T,202305,2020-Q1,2.7,A,0,1,
OECD.SDD.STES:DSD_STES_REVISIONS@DF_STES_REVISIONS(4.0),EA20,Q,ULC,PT_PCOS,_T,202308,2020-Q1,2.6,A,0,1,
OECD.SDD.STES:DSD_STES_REVISIONS@DF_STES_REVISIONS(4.0),EA20,Q,ULC,PT_PCOS,_T,202309,2020-Q1,2.6,A,0,1,
OECD.SDD.STES:DSD_STES_REVISIONS@DF_STES_REVISIONS(4.0),EA20,Q,ULC,PT_PCOS,_T,202307,2020-Q1,2.6,A,0,1,
OECD.SDD.STES:DSD_STES_REVISIONS@DF_STES_REVISIONS(4.0),EA20,Q,ULC,PT_PCOS,_T,202311,2020-Q2,4.81,A,0,1,
OECD.SDD.STES:DSD_STES_REVISIONS@DF_STES_REVISIONS(4.0),EA20,Q,ULC,PT_PCOS,_T,202306,2020-Q2,4.95,A,0,1,
OECD.SDD.STES:DSD_STES_REVISIONS@DF_STES_REVISIONS(4.0),EA20,Q,ULC,PT_PCOS,_T,202304,2020-Q2,4.95,A,0,1,
OECD.SDD.STES:DSD_STES_REVISIONS@DF_STES_REVISIONS(4.0),EA20,Q,ULC,PT_PCOS,_T,202310,2020-Q2,4.84,A,0,1,
OECD.SDD.STES:DSD_STES_REVISIONS@DF_STES_REVISIONS(4.0),EA20,Q,ULC,PT_PCOS,_T,202312,2020-Q2,4.81,A,0,1,
OECD.SDD.STES:DSD_STES_REVISIONS@DF_STES_REVISIONS(4.0),EA20,Q,ULC,PT_PCOS,_T,202305,2020-Q2,4.95,A,0,1,
OECD.SDD.STES:DSD_STES_REVISIONS@DF_STES_REVISIONS(4.0),EA20,Q,ULC,PT_PCOS,_T,202308,2020-Q2,4.89,A,0,1,
OECD.SDD.STES:DSD_STES_REVISIONS@DF_STES_REVISIONS(4.0),EA20,Q,ULC,PT_PCOS,_T,202309,2020-Q2,4.89,A,0,1,
OECD.SDD.STES:DSD_STES_REVISIONS@DF_STES_REVISIONS(4.0),EA20,Q,ULC,PT_PCOS,_T,202307,2020-Q2,4.89,A,0,1,
OECD.SDD.STES:DSD_STES_REVISIONS@DF_STES_REVISIONS(4.0),EA20,Q,ULC,PT_PCOS,_T,202311,2020-Q3,-4.51,A,0,1,
OECD.SDD.STES:DSD_STES_REVISIONS@DF_STES_REVISIONS(4.0),EA20,Q,ULC,PT_PCOS,_T,202306,2020-Q3,-4.73,A,0,1,
OECD.SDD.STES:DSD_STES_REVISIONS@DF_STES_REVISIONS(4.0),EA20,Q,ULC,PT_PCOS,_T,202304,2020-Q3,-4.73,A,0,1,
OECD.SDD.STES:DSD_STES_REVISIONS@DF_STES_REVISIONS(4.0),EA20,Q,ULC,PT_PCOS,_T,202310,2020-Q3,-4.63,A,0,1,
OECD.SDD.STES:DSD_STES_REVISIONS@DF_STES_REVISIONS(4.0),EA20,Q,ULC,PT_PCOS,_T,202312,2020-Q3,-4.51,A,0,1,
OECD.SDD.STES:DSD_STES_REVISIONS@DF_STES_REVISIONS(4.0),EA20,Q,ULC,PT_PCOS,_T,202305,2020-Q3,-4.73,A,0,1,
OECD.SDD.STES:DSD_STES_REVISIONS@DF_STES_REVISIONS(4.0),EA20,Q,ULC,PT_PCOS,_T,202308,2020-Q3,-4.67,A,0,1,
OECD.SDD.STES:DSD_STES_REVISIONS@DF_STES_REVISIONS(4.0),EA20,Q,ULC,PT_PCOS,_T,202309,2020-Q3,-4.67,A,0,1,
OECD.SDD.STES:DSD_STES_REVISIONS@DF_STES_REVISIONS(4.0),EA20,Q,ULC,PT_PCOS,_T,202307,2020-Q3,-4.67,A,0,1,
OECD.SDD.STES:DSD_STES_REVISIONS@DF_STES_REVISIONS(4.0),EA20,Q,ULC,PT_PCOS,_T,202311,2020-Q4,1.06,A,0,1,
OECD.SDD.STES:DSD_STES_REVISIONS@DF_STES_REVISIONS(4.0),EA20,Q,ULC,PT_PCOS,_T,202306,2020-Q4,1.04,A,0,1,
OECD.SDD.STES:DSD_STES_REVISIONS@DF_STES_REVISIONS(4.0),EA20,Q,ULC,PT_PCOS,_T,202304,2020-Q4,1.04,A,0,1,
OECD.SDD.STES:DSD_STES_REVISIONS@DF_STES_REVISIONS(4.0),EA20,Q,ULC,PT_PCOS,_T,202310,2020-Q4,1.08,A,0,1,
OECD.SDD.STES:DSD_STES_REVISIONS@DF_STES_REVISIONS(4.0),EA20,Q,ULC,PT_PCOS,_T,202312,2020-Q4,1.06,A,0,1,
OECD.SDD.STES:DSD_STES_REVISIONS@DF_STES_REVISIONS(4.0),EA20,Q,ULC,PT_PCOS,_T,202305,2020-Q4,1.04,A,0,1,
OECD.SDD.STES:DSD_STES_REVISIONS@DF_STES_REVISIONS(4.0),EA20,Q,ULC,PT_PCOS,_T,202308,2020-Q4,1.13,A,0,1,
OECD.SDD.STES:DSD_STES_REVISIONS@DF_STES_REVISIONS(4.0),EA20,Q,ULC,PT_PCOS,_T,202309,2020-Q4,1.13,A,0,1,
OECD.SDD.STES:DSD_STES_REVISIONS@DF_STES_REVISIONS(4.0),EA20,Q,ULC,PT_PCOS,_T,202307,2020-Q4,1.13,A,0,1,
OECD.SDD.STES:DSD_STES_REVISIONS@DF_STES_REVISIONS(4.0),EA20,Q,ULC,PT_PCOS,_T,202311,2021-Q1,-0.18,A,0,1,
OECD.SDD.STES:DSD_STES_REVISIONS@DF_STES_REVISIONS(4.0),EA20,Q,ULC,PT_PCOS,_T,202306,2021-Q1,0.27,A,0,1,
OECD.SDD.STES:DSD_STES_REVISIONS@DF_STES_REVISIONS(4.0),EA20,Q,ULC,PT_PCOS,_T,202304,2021-Q1,0.27,A,0,1,
OECD.SDD.STES:DSD_STES_REVISIONS@DF_STES_REVISIONS(4.0),EA20,Q,ULC,PT_PCOS,_T,202310,2021-Q1,-0.09,A,0,1,
OECD.SDD.STES:DSD_STES_REVISIONS@DF_STES_REVISIONS(4.0),EA20,Q,ULC,PT_PCOS,_T,202312,2021-Q1,-0.18,A,0,1,
OECD.SDD.STES:DSD_STES_REVISIONS@DF_STES_REVISIONS(4.0),EA20,Q,ULC,PT_PCOS,_T,202305,2021-Q1,0.27,A,0,1,
OECD.SDD.STES:DSD_STES_REVISIONS@DF_STES_REVISIONS(4.0),EA20,Q,ULC,PT_PCOS,_T,202308,2021-Q1,0.17,A,0,1,
OECD.SDD.STES:DSD_STES_REVISIONS@DF_STES_REVISIONS(4.0),EA20,Q,ULC,PT_PCOS,_T,202309,2021-Q1,0.17,A,0,1,
OECD.SDD.STES:DSD_STES_REVISIONS@DF_STES_REVISIONS(4.0),EA20,Q,ULC,PT_PCOS,_T,202307,2021-Q1,0.17,A,0,1,
OECD.SDD.STES:DSD_STES_REVISIONS@DF_STES_REVISIONS(4.0),EA20,Q,ULC,PT_PCOS,_T,202311,2021-Q2,-0.58,A,0,1,
OECD.SDD.STES:DSD_STES_REVISIONS@DF_STES_REVISIONS(4.0),EA20,Q,ULC,PT_PCOS,_T,202306,2021-Q2,-0.62,A,0,1,
OECD.SDD.STES:DSD_STES_REVISIONS@DF_STES_REVISIONS(4.0),EA20,Q,ULC,PT_PCOS,_T,202304,2021-Q2,-0.62,A,0,1,
OECD.SDD.STES:DSD_STES_REVISIONS@DF_STES_REVISIONS(4.0),EA20,Q,ULC,PT_PCOS,_T,202310,2021-Q2,-0.45,A,0,1,
OECD.SDD.STES:DSD_STES_REVISIONS@DF_STES_REVISIONS(4.0),EA20,Q,ULC,PT_PCOS,_T,202312,2021-Q2,-0.58,A,0,1,
OECD.SDD.STES:DSD_STES_REVISIONS@DF_STES_REVISIONS(4.0),EA20,Q,ULC,PT_PCOS,_T,202305,2021-Q2,-0.62,A,0,1,
OECD.SDD.STES:DSD_STES_REVISIONS@DF_STES_REVISIONS(4.0),EA20,Q,ULC,PT_PCOS,_T,202308,2021-Q2,-0.36,A,0,1,
OECD.SDD.STES:DSD_STES_REVISIONS@DF_STES_REVISIONS(4.0),EA20,Q,ULC,PT_PCOS,_T,202309,2021-Q2,-0.36,A,0,1,
OECD.SDD.STES:DSD_STES_REVISIONS@DF_STES_REVISIONS(4.0),EA20,Q,ULC,PT_PCOS,_T,202307,2021-Q2,-0.36,A,0,1,
OECD.SDD.STES:DSD_STES_REVISIONS@DF_STES_REVISIONS(4.0),EA20,Q,ULC,PT_PCOS,_T,202311,2021-Q3,1.05,A,0,1,
OECD.SDD.STES:DSD_STES_REVISIONS@DF_STES_REVISIONS(4.0),EA20,Q,ULC,PT_PCOS,_T,202306,2021-Q3,0.84,A,0,1,
OECD.SDD.STES:DSD_STES_REVISIONS@DF_STES_REVISIONS(4.0),EA20,Q,ULC,PT_PCOS,_T,202304,2021-Q3,0.84,A,0,1,
OECD.SDD.STES:DSD_STES_REVISIONS@DF_STES_REVISIONS(4.0),EA20,Q,ULC,PT_PCOS,_T,202310,2021-Q3,0.87,A,0,1,
OECD.SDD.STES:DSD_STES_REVISIONS@DF_STES_REVISIONS(4.0),EA20,Q,ULC,PT_PCOS,_T,202312,2021-Q3,1.05,A,0,1,
OECD.SDD.STES:DSD_STES_REVISIONS@DF_STES_REVISIONS(4.0),EA20,Q,ULC,PT_PCOS,_T,202305,2021-Q3,0.84,A,0,1,
OECD.SDD.STES:DSD_STES_REVISIONS@DF_STES_REVISIONS(4.0),EA20,Q,ULC,PT_PCOS,_T,202308,2021-Q3,0.74,A,0,1,
OECD.SDD.STES:DSD_STES_REVISIONS@DF_STES_REVISIONS(4.0),EA20,Q,ULC,PT_PCOS,_T,202309,2021-Q3,0.74,A,0,1,
OECD.SDD.STES:DSD_STES_REVISIONS@DF_STES_REVISIONS(4.0),EA20,Q,ULC,PT_PCOS,_T,202307,2021-Q3,0.74,A,0,1,
OECD.SDD.STES:DSD_STES_REVISIONS@DF_STES_REVISIONS(4.0),EA20,Q,ULC,PT_PCOS,_T,202311,2021-Q4,0.8,A,0,1,
OECD.SDD.STES:DSD_STES_REVISIONS@DF_STES_REVISIONS(4.0),EA20,Q,ULC,PT_PCOS,_T,202306,2021-Q4,0.56,A,0,1,
OECD.SDD.STES:DSD_STES_REVISIONS@DF_STES_REVISIONS(4.0),EA20,Q,ULC,PT_PCOS,_T,202304,2021-Q4,0.56,A,0,1,
OECD.SDD.STES:DSD_STES_REVISIONS@DF_STES_REVISIONS(4.0),EA20,Q,ULC,PT_PCOS,_T,202310,2021-Q4,0.71,A,0,1,
OECD.SDD.STES:DSD_STES_REVISIONS@DF_STES_REVISIONS(4.0),EA20,Q,ULC,PT_PCOS,_T,202312,2021-Q4,0.8,A,0,1,
OECD.SDD.STES:DSD_STES_REVISIONS@DF_STES_REVISIONS(4.0),EA20,Q,ULC,PT_PCOS,_T,202305,2021-Q4,0.56,A,0,1,
OECD.SDD.STES:DSD_STES_REVISIONS@DF_STES_REVISIONS(4.0),EA20,Q,ULC,PT_PCOS,_T,202308,2021-Q4,0.66,A,0,1,
OECD.SDD.STES:DSD_STES_REVISIONS@DF_STES_REVISIONS(4.0),EA20,Q,ULC,PT_PCOS,_T,202309,2021-Q4,0.66,A,0,1,
OECD.SDD.STES:DSD_STES_REVISIONS@DF_STES_REVISIONS(4.0),EA20,Q,ULC,PT_PCOS,_T,202307,2021-Q4,0.66,A,0,1,
OECD.SDD.STES:DSD_STES_REVISIONS@DF_STES_REVISIONS(4.0),EA20,Q,ULC,PT_PCOS,_T,202311,2022-Q1,0.94,A,0,1,
OECD.SDD.STES:DSD_STES_REVISIONS@DF_STES_REVISIONS(4.0),EA20,Q,ULC,PT_PCOS,_T,202306,2022-Q1,1.21,A,0,1,
OECD.SDD.STES:DSD_STES_REVISIONS@DF_STES_REVISIONS(4.0),EA20,Q,ULC,PT_PCOS,_T,202304,2022-Q1,1.21,A,0,1,
OECD.SDD.STES:DSD_STES_REVISIONS@DF_STES_REVISIONS(4.0),EA20,Q,ULC,PT_PCOS,_T,202310,2022-Q1,1.03,A,0,1,
OECD.SDD.STES:DSD_STES_REVISIONS@DF_STES_REVISIONS(4.0),EA20,Q,ULC,PT_PCOS,_T,202312,2022-Q1,0.94,A,0,1,
OECD.SDD.STES:DSD_STES_REVISIONS@DF_STES_REVISIONS(4.0),EA20,Q,ULC,PT_PCOS,_T,202305,2022-Q1,1.21,A,0,1,
OECD.SDD.STES:DSD_STES_REVISIONS@DF_STES_REVISIONS(4.0),EA20,Q,ULC,PT_PCOS,_T,202308,2022-Q1,0.98,A,0,1,
OECD.SDD.STES:DSD_STES_REVISIONS@DF_STES_REVISIONS(4.0),EA20,Q,ULC,PT_PCOS,_T,202309,2022-Q1,0.98,A,0,1,
OECD.SDD.STES:DSD_STES_REVISIONS@DF_STES_REVISIONS(4.0),EA20,Q,ULC,PT_PCOS,_T,202307,2022-Q1,0.98,A,0,1,
OECD.SDD.STES:DSD_STES_REVISIONS@DF_STES_REVISIONS(4.0),EA20,Q,ULC,PT_PCOS,_T,202311,2022-Q2,0.17,A,0,1,
OECD.SDD.STES:DSD_STES_REVISIONS@DF_STES_REVISIONS(4.0),EA20,Q,ULC,PT_PCOS,_T,202306,2022-Q2,0.24,A,0,1,
OECD.SDD.STES:DSD_STES_REVISIONS@DF_STES_REVISIONS(4.0),EA20,Q,ULC,PT_PCOS,_T,202304,2022-Q2,0.24,A,0,1,
OECD.SDD.STES:DSD_STES_REVISIONS@DF_STES_REVISIONS(4.0),EA20,Q,ULC,PT_PCOS,_T,202310,2022-Q2,0.2,A,0,1,
OECD.SDD.STES:DSD_STES_REVISIONS@DF_STES_REVISIONS(4.0),EA20,Q,ULC,PT_PCOS,_T,202312,2022-Q2,0.17,A,0,1,
OECD.SDD.STES:DSD_STES_REVISIONS@DF_STES_REVISIONS(4.0),EA20,Q,ULC,PT_PCOS,_T,202305,2022-Q2,0.24,A,0,1,
OECD.SDD.STES:DSD_STES_REVISIONS@DF_STES_REVISIONS(4.0),EA20,Q,ULC,PT_PCOS,_T,202308,2022-Q2,0.24,A,0,1,
OECD.SDD.STES:DSD_STES_REVISIONS@DF_STES_REVISIONS(4.0),EA20,Q,ULC,PT_PCOS,_T,202309,2022-Q2,0.24,A,0,1,
OECD.SDD.STES:DSD_STES_REVISIONS@DF_STES_REVISIONS(4.0),EA20,Q,ULC,PT_PCOS,_T,202307,2022-Q2,0.24,A,0,1,
OECD.SDD.STES:DSD_STES_REVISIONS@DF_STES_REVISIONS(4.0),EA20,Q,ULC,PT_PCOS,_T,202311,2022-Q3,1.41,A,0,1,
OECD.SDD.STES:DSD_STES_REVISIONS@DF_STES_REVISIONS(4.0),EA20,Q,ULC,PT_PCOS,_T,202306,2022-Q3,1.2,A,0,1,
OECD.SDD.STES:DSD_STES_REVISIONS@DF_STES_REVISIONS(4.0),EA20,Q,ULC,PT_PCOS,_T,202304,2022-Q3,1.2,A,0,1,
OECD.SDD.STES:DSD_STES_REVISIONS@DF_STES_REVISIONS(4.0),EA20,Q,ULC,PT_PCOS,_T,202310,2022-Q3,1.3,A,0,1,
OECD.SDD.STES:DSD_STES_REVISIONS@DF_STES_REVISIONS(4.0),EA20,Q,ULC,PT_PCOS,_T,202312,2022-Q3,1.41,A,0,1,
OECD.SDD.STES:DSD_STES_REVISIONS@DF_STES_REVISIONS(4.0),EA20,Q,ULC,PT_PCOS,_T,202305,2022-Q3,1.2,A,0,1,
OECD.SDD.STES:DSD_STES_REVISIONS@DF_STES_REVISIONS(4.0),EA20,Q,ULC,PT_PCOS,_T,202308,2022-Q3,1.21,A,0,1,
OECD.SDD.STES:DSD_STES_REVISIONS@DF_STES_REVISIONS(4.0),EA20,Q,ULC,PT_PCOS,_T,202309,2022-Q3,1.21,A,0,1,
OECD.SDD.STES:DSD_STES_REVISIONS@DF_STES_REVISIONS(4.0),EA20,Q,ULC,PT_PCOS,_T,202307,2022-Q3,1.21,A,0,1,
OECD.SDD.STES:DSD_STES_REVISIONS@DF_STES_REVISIONS(4.0),EA20,Q,ULC,PT_PCOS,_T,202311,2022-Q4,2.08,A,0,1,
OECD.SDD.STES:DSD_STES_REVISIONS@DF_STES_REVISIONS(4.0),EA20,Q,ULC,PT_PCOS,_T,202306,2022-Q4,2.01,A,0,1,
OECD.SDD.STES:DSD_STES_REVISIONS@DF_STES_REVISIONS(4.0),EA20,Q,ULC,PT_PCOS,_T,202304,2022-Q4,2.01,A,0,1,
OECD.SDD.STES:DSD_STES_REVISIONS@DF_STES_REVISIONS(4.0),EA20,Q,ULC,PT_PCOS,_T,202310,2022-Q4,2.09,A,0,1,
OECD.SDD.STES:DSD_STES_REVISIONS@DF_STES_REVISIONS(4.0),EA20,Q,ULC,PT_PCOS,_T,202312,2022-Q4,2.08,A,0,1,
OECD.SDD.STES:DSD_STES_REVISIONS@DF_STES_REVISIONS(4.0),EA20,Q,ULC,PT_PCOS,_T,202305,2022-Q4,2.01,A,0,1,
OECD.SDD.STES:DSD_STES_REVISIONS@DF_STES_REVISIONS(4.0),EA20,Q,ULC,PT_PCOS,_T,202308,2022-Q4,2.02,A,0,1,
OECD.SDD.STES:DSD_STES_REVISIONS@DF_STES_REVISIONS(4.0),EA20,Q,ULC,PT_PCOS,_T,202309,2022-Q4,2.02,A,0,1,
OECD.SDD.STES:DSD_STES_REVISIONS@DF_STES_REVISIONS(4.0),EA20,Q,ULC,PT_PCOS,_T,202307,2022-Q4,2.02,A,0,1,
OECD.SDD.STES:DSD_STES_REVISIONS@DF_STES_REVISIONS(4.0),EA20,Q,ULC,PT_PCOS,_T,202311,2023-Q1,2.15,A,0,1,
OECD.SDD.STES:DSD_STES_REVISIONS@DF_STES_REVISIONS(4.0),EA20,Q,ULC,PT_PCOS,_T,202310,2023-Q1,2.29,A,0,1,
OECD.SDD.STES:DSD_STES_REVISIONS@DF_STES_REVISIONS(4.0),EA20,Q,ULC,PT_PCOS,_T,202312,2023-Q1,2.15,A,0,1,
OECD.SDD.STES:DSD_STES_REVISIONS@DF_STES_REVISIONS(4.0),EA20,Q,ULC,PT_PCOS,_T,202308,2023-Q1,2.24,A,0,1,
OECD.SDD.STES:DSD_STES_REVISIONS@DF_STES_REVISIONS(4.0),EA20,Q,ULC,PT_PCOS,_T,202309,2023-Q1,2.24,A,0,1,
OECD.SDD.STES:DSD_STES_REVISIONS@DF_STES_REVISIONS(4.0),EA20,Q,ULC,PT_PCOS,_T,202307,2023-Q1,2.24,A,0,1,
OECD.SDD.STES:DSD_STES_REVISIONS@DF_STES_REVISIONS(4.0),EA20,Q,ULC,PT_PCOS,_T,202311,2023-Q2,0.66,A,0,1,
OECD.SDD.STES:DSD_STES_REVISIONS@DF_STES_REVISIONS(4.0),EA20,Q,ULC,PT_PCOS,_T,202310,2023-Q2,0.62,A,0,1,
OECD.SDD.STES:DSD_STES_REVISIONS@DF_STES_REVISIONS(4.0),EA20,Q,ULC,PT_PCOS,_T,202312,2023-Q2,0.66,A,0,1,
OECD.SDD.STES:DSD_STES_REVISIONS@DF_STES_REVISIONS(4.0),EA20,Q,ULC,PT_PCOS,_T,202402,2008-Q1,1.03,A,0,1,
OECD.SDD.STES:DSD_STES_REVISIONS@DF_STES_REVISIONS(4.0),EA20,Q,ULC,PT_PCOS,_T,202401,2008-Q1,1.03,A,0,1,
OECD.SDD.STES:DSD_STES_REVISIONS@DF_STES_REVISIONS(4.0),EA20,Q,ULC,PT_PCOS,_T,202404,2008-Q1,1.03,A,0,1,
OECD.SDD.STES:DSD_STES_REVISIONS@DF_STES_REVISIONS(4.0),EA20,Q,ULC,PT_PCOS,_T,202403,2008-Q1,1.03,A,0,1,
OECD.SDD.STES:DSD_STES_REVISIONS@DF_STES_REVISIONS(4.0),EA20,Q,ULC,PT_PCOS,_T,202405,2008-Q1,1.03,A,0,1,
OECD.SDD.STES:DSD_STES_REVISIONS@DF_STES_REVISIONS(4.0),EA20,Q,ULC,PT_PCOS,_T,202412,2008-Q1,0.94,A,0,1,
OECD.SDD.STES:DSD_STES_REVISIONS@DF_STES_REVISIONS(4.0),EA20,Q,ULC,PT_PCOS,_T,202409,2008-Q1,0.93,A,0,1,
OECD.SDD.STES:DSD_STES_REVISIONS@DF_STES_REVISIONS(4.0),EA20,Q,ULC,PT_PCOS,_T,202411,2008-Q1,0.94,A,0,1,
OECD.SDD.STES:DSD_STES_REVISIONS@DF_STES_REVISIONS(4.0),EA20,Q,ULC,PT_PCOS,_T,202407,2008-Q1,0.93,A,0,1,
OECD.SDD.STES:DSD_STES_REVISIONS@DF_STES_REVISIONS(4.0),EA20,Q,ULC,PT_PCOS,_T,202406,2008-Q1,1.03,A,0,1,
OECD.SDD.STES:DSD_STES_REVISIONS@DF_STES_REVISIONS(4.0),EA20,Q,ULC,PT_PCOS,_T,202408,2008-Q1,0.93,A,0,1,
OECD.SDD.STES:DSD_STES_REVISIONS@DF_STES_REVISIONS(4.0),EA20,Q,ULC,PT_PCOS,_T,202510,2008-Q1,0.94,A,0,1,
OECD.SDD.STES:DSD_STES_REVISIONS@DF_STES_REVISIONS(4.0),EA20,Q,ULC,PT_PCOS,_T,202504,2008-Q1,0.94,A,0,1,
OECD.SDD.STES:DSD_STES_REVISIONS@DF_STES_REVISIONS(4.0),EA20,Q,ULC,PT_PCOS,_T,202507,2008-Q1,0.94,A,0,1,
OECD.SDD.STES:DSD_STES_REVISIONS@DF_STES_REVISIONS(4.0),EA20,Q,ULC,PT_PCOS,_T,202506,2008-Q1,0.94,A,0,1,
OECD.SDD.STES:DSD_STES_REVISIONS@DF_STES_REVISIONS(4.0),EA20,Q,ULC,PT_PCOS,_T,202508,2008-Q1,0.939999999999999,A,0,1,
OECD.SDD.STES:DSD_STES_REVISIONS@DF_STES_REVISIONS(4.0),EA20,Q,ULC,PT_PCOS,_T,202503,2008-Q1,0.94,A,0,1,
OECD.SDD.STES:DSD_STES_REVISIONS@DF_STES_REVISIONS(4.0),EA20,Q,ULC,PT_PCOS,_T,202505,2008-Q1,0.94,A,0,1,
OECD.SDD.STES:DSD_STES_REVISIONS@DF_STES_REVISIONS(4.0),EA20,Q,ULC,PT_PCOS,_T,202501,2008-Q1,0.94,A,0,1,
OECD.SDD.STES:DSD_STES_REVISIONS@DF_STES_REVISIONS(4.0),EA20,Q,ULC,PT_PCOS,_T,202502,2008-Q1,0.94,A,0,1,
OECD.SDD.STES:DSD_STES_REVISIONS@DF_STES_REVISIONS(4.0),EA20,Q,ULC,PT_PCOS,_T,202410,2008-Q1,0.94,A,0,1,
OECD.SDD.STES:DSD_STES_REVISIONS@DF_STES_REVISIONS(4.0),EA20,Q,ULC,PT_PCOS,_T,202608,2008-Q1,0.94,A,0,1,
OECD.SDD.STES:DSD_STES_REVISIONS@DF_STES_REVISIONS(4.0),EA20,Q,ULC,PT_PCOS,_T,202607,2008-Q1,0.94,A,0,1,
OECD.SDD.STES:DSD_STES_REVISIONS@DF_STES_REVISIONS(4.0),EA20,Q,ULC,PT_PCOS,_T,202605,2008-Q1,0.94,A,0,1,
OECD.SDD.STES:DSD_STES_REVISIONS@DF_STES_REVISIONS(4.0),EA20,Q,ULC,PT_PCOS,_T,202609,2008-Q1,0.94,A,0,1,
OECD.SDD.STES:DSD_STES_REVISIONS@DF_STES_REVISIONS(4.0),EA20,Q,ULC,PT_PCOS,_T,202606,2008-Q1,0.94,A,0,1,
OECD.SDD.STES:DSD_STES_REVISIONS@DF_STES_REVISIONS(4.0),EA20,Q,ULC,PT_PCOS,_T,202604,2008-Q1,0.94,A,0,1,
OECD.SDD.STES:DSD_STES_REVISIONS@DF_STES_REVISIONS(4.0),EA20,Q,ULC,PT_PCOS,_T,202603,2008-Q1,0.94,A,0,1,
OECD.SDD.STES:DSD_STES_REVISIONS@DF_STES_REVISIONS(4.0),EA20,Q,ULC,PT_PCOS,_T,202602,2008-Q1,0.94,A,0,1,
OECD.SDD.STES:DSD_STES_REVISIONS@DF_STES_REVISIONS(4.0),EA20,Q,ULC,PT_PCOS,_T,202512,2008-Q1,0.94,A,0,1,
OECD.SDD.STES:DSD_STES_REVISIONS@DF_STES_REVISIONS(4.0),EA20,Q,ULC,PT_PCOS,_T,202511,2008-Q1,0.94,A,0,1,
OECD.SDD.STES:DSD_STES_REVISIONS@DF_STES_REVISIONS(4.0),EA20,Q,ULC,PT_PCOS,_T,202601,2008-Q1,0.94,A,0,1,
OECD.SDD.STES:DSD_STES_REVISIONS@DF_STES_REVISIONS(4.0),EA20,Q,ULC,PT_PCOS,_T,202509,2008-Q1,0.94,A,0,1,
OECD.SDD.STES:DSD_STES_REVISIONS@DF_STES_REVISIONS(4.0),EA20,Q,ULC,PT_PCOS,_T,202402,2008-Q2,0.93,A,0,1,
OECD.SDD.STES:DSD_STES_REVISIONS@DF_STES_REVISIONS(4.0),EA20,Q,ULC,PT_PCOS,_T,202401,2008-Q2,0.93,A,0,1,
OECD.SDD.STES:DSD_STES_REVISIONS@DF_STES_REVISIONS(4.0),EA20,Q,ULC,PT_PCOS,_T,202404,2008-Q2,0.93,A,0,1,
OECD.SDD.STES:DSD_STES_REVISIONS@DF_STES_REVISIONS(4.0),EA20,Q,ULC,PT_PCOS,_T,202403,2008-Q2,0.93,A,0,1,
OECD.SDD.STES:DSD_STES_REVISIONS@DF_STES_REVISIONS(4.0),EA20,Q,ULC,PT_PCOS,_T,202405,2008-Q2,0.93,A,0,1,
OECD.SDD.STES:DSD_STES_REVISIONS@DF_STES_REVISIONS(4.0),EA20,Q,ULC,PT_PCOS,_T,202412,2008-Q2,0.97,A,0,1,
OECD.SDD.STES:DSD_STES_REVISIONS@DF_STES_REVISIONS(4.0),EA20,Q,ULC,PT_PCOS,_T,202409,2008-Q2,0.95,A,0,1,
OECD.SDD.STES:DSD_STES_REVISIONS@DF_STES_REVISIONS(4.0),EA20,Q,ULC,PT_PCOS,_T,202411,2008-Q2,0.97,A,0,1,
OECD.SDD.STES:DSD_STES_REVISIONS@DF_STES_REVISIONS(4.0),EA20,Q,ULC,PT_PCOS,_T,202407,2008-Q2,0.95,A,0,1,
OECD.SDD.STES:DSD_STES_REVISIONS@DF_STES_REVISIONS(4.0),EA20,Q,ULC,PT_PCOS,_T,202406,2008-Q2,0.93,A,0,1,
OECD.SDD.STES:DSD_STES_REVISIONS@DF_STES_REVISIONS(4.0),EA20,Q,ULC,PT_PCOS,_T,202408,2008-Q2,0.95,A,0,1,
OECD.SDD.STES:DSD_STES_REVISIONS@DF_STES_REVISIONS(4.0),EA20,Q,ULC,PT_PCOS,_T,202510,2008-Q2,0.97,A,0,1,
OECD.SDD.STES:DSD_STES_REVISIONS@DF_STES_REVISIONS(4.0),EA20,Q,ULC,PT_PCOS,_T,202504,2008-Q2,0.97,A,0,1,
OECD.SDD.STES:DSD_STES_REVISIONS@DF_STES_REVISIONS(4.0),EA20,Q,ULC,PT_PCOS,_T,202507,2008-Q2,0.97,A,0,1,
OECD.SDD.STES:DSD_STES_REVISIONS@DF_STES_REVISIONS(4.0),EA20,Q,ULC,PT_PCOS,_T,202506,2008-Q2,0.97,A,0,1,
OECD.SDD.STES:DSD_STES_REVISIONS@DF_STES_REVISIONS(4.0),EA20,Q,ULC,PT_PCOS,_T,202508,2008-Q2,0.969999999999999,A,0,1,
OECD.SDD.STES:DSD_STES_REVISIONS@DF_STES_REVISIONS(4.0),EA20,Q,ULC,PT_PCOS,_T,202503,2008-Q2,0.97,A,0,1,
OECD.SDD.STES:DSD_STES_REVISIONS@DF_STES_REVISIONS(4.0),EA20,Q,ULC,PT_PCOS,_T,202505,2008-Q2,0.97,A,0,1,
OECD.SDD.STES:DSD_STES_REVISIONS@DF_STES_REVISIONS(4.0),EA20,Q,ULC,PT_PCOS,_T,202501,2008-Q2,0.97,A,0,1,
OECD.SDD.STES:DSD_STES_REVISIONS@DF_STES_REVISIONS(4.0),EA20,Q,ULC,PT_PCOS,_T,202502,2008-Q2,0.97,A,0,1,
OECD.SDD.STES:DSD_STES_REVISIONS@DF_STES_REVISIONS(4.0),EA20,Q,ULC,PT_PCOS,_T,202410,2008-Q2,0.97,A,0,1,
OECD.SDD.STES:DSD_STES_REVISIONS@DF_STES_REVISIONS(4.0),EA20,Q,ULC,PT_PCOS,_T,202608,2008-Q2,0.97,A,0,1,
OECD.SDD.STES:DSD_STES_REVISIONS@DF_STES_REVISIONS(4.0),EA20,Q,ULC,PT_PCOS,_T,202607,2008-Q2,0.97,A,0,1,
OECD.SDD.STES:DSD_STES_REVISIONS@DF_STES_REVISIONS(4.0),EA20,Q,ULC,PT_PCOS,_T,202605,2008-Q2,0.97,A,0,1,
OECD.SDD.STES:DSD_STES_REVISIONS@DF_STES_REVISIONS(4.0),EA20,Q,ULC,PT_PCOS,_T,202609,2008-Q2,0.97,A,0,1,
OECD.SDD.STES:DSD_STES_REVISIONS@DF_STES_REVISIONS(4.0),EA20,Q,ULC,PT_PCOS,_T,202606,2008-Q2,0.97,A,0,1,
OECD.SDD.STES:DSD_STES_REVISIONS@DF_STES_REVISIONS(4.0),EA20,Q,ULC,PT_PCOS,_T,202604,2008-Q2,0.97,A,0,1,
OECD.SDD.STES:DSD_STES_REVISIONS@DF_STES_REVISIONS(4.0),EA20,Q,ULC,PT_PCOS,_T,202603,2008-Q2,0.97,A,0,1,
OECD.SDD.STES:DSD_STES_REVISIONS@DF_STES_REVISIONS(4.0),EA20,Q,ULC,PT_PCOS,_T,202602,2008-Q2,0.97,A,0,1,
OECD.SDD.STES:DSD_STES_REVISIONS@DF_STES_REVISIONS(4.0),EA20,Q,ULC,PT_PCOS,_T,202512,2008-Q2,0.97,A,0,1,
OECD.SDD.STES:DSD_STES_REVISIONS@DF_STES_REVISIONS(4.0),EA20,Q,ULC,PT_PCOS,_T,202601,2008-Q2,0.97,A,0,1,
OECD.SDD.STES:DSD_STES_REVISIONS@DF_STES_REVISIONS(4.0),EA20,Q,ULC,PT_PCOS,_T,202511,2008-Q2,0.97,A,0,1,
OECD.SDD.STES:DSD_STES_REVISIONS@DF_STES_REVISIONS(4.0),EA20,Q,ULC,PT_PCOS,_T,202509,2008-Q2,0.97,A,0,1,
OECD.SDD.STES:DSD_STES_REVISIONS@DF_STES_REVISIONS(4.0),EA20,Q,ULC,PT_PCOS,_T,202402,2008-Q3,1.28,A,0,1,
OECD.SDD.STES:DSD_STES_REVISIONS@DF_STES_REVISIONS(4.0),EA20,Q,ULC,PT_PCOS,_T,202401,2008-Q3,1.28,A,0,1,
OECD.SDD.STES:DSD_STES_REVISIONS@DF_STES_REVISIONS(4.0),EA20,Q,ULC,PT_PCOS,_T,202404,2008-Q3,1.28,A,0,1,
OECD.SDD.STES:DSD_STES_REVISIONS@DF_STES_REVISIONS(4.0),EA20,Q,ULC,PT_PCOS,_T,202403,2008-Q3,1.28,A,0,1,
OECD.SDD.STES:DSD_STES_REVISIONS@DF_STES_REVISIONS(4.0),EA20,Q,ULC,PT_PCOS,_T,202405,2008-Q3,1.28,A,0,1,
OECD.SDD.STES:DSD_STES_REVISIONS@DF_STES_REVISIONS(4.0),EA20,Q,ULC,PT_PCOS,_T,202412,2008-Q3,1.32,A,0,1,
OECD.SDD.STES:DSD_STES_REVISIONS@DF_STES_REVISIONS(4.0),EA20,Q,ULC,PT_PCOS,_T,202409,2008-Q3,1.34,A,0,1,
OECD.SDD.STES:DSD_STES_REVISIONS@DF_STES_REVISIONS(4.0),EA20,Q,ULC,PT_PCOS,_T,202411,2008-Q3,1.32,A,0,1,
OECD.SDD.STES:DSD_STES_REVISIONS@DF_STES_REVISIONS(4.0),EA20,Q,ULC,PT_PCOS,_T,202407,2008-Q3,1.34,A,0,1,
OECD.SDD.STES:DSD_STES_REVISIONS@DF_STES_REVISIONS(4.0),EA20,Q,ULC,PT_PCOS,_T,202406,2008-Q3,1.28,A,0,1,
OECD.SDD.STES:DSD_STES_REVISIONS@DF_STES_REVISIONS(4.0),EA20,Q,ULC,PT_PCOS,_T,202408,2008-Q3,1.34,A,0,1,
OECD.SDD.STES:DSD_STES_REVISIONS@DF_STES_REVISIONS(4.0),EA20,Q,ULC,PT_PCOS,_T,202510,2008-Q3,1.32,A,0,1,
OECD.SDD.STES:DSD_STES_REVISIONS@DF_STES_REVISIONS(4.0),EA20,Q,ULC,PT_PCOS,_T,202504,2008-Q3,1.32,A,0,1,
OECD.SDD.STES:DSD_STES_REVISIONS@DF_STES_REVISIONS(4.0),EA20,Q,ULC,PT_PCOS,_T,202507,2008-Q3,1.32,A,0,1,
OECD.SDD.STES:DSD_STES_REVISIONS@DF_STES_REVISIONS(4.0),EA20,Q,ULC,PT_PCOS,_T,202506,2008-Q3,1.32,A,0,1,
OECD.SDD.STES:DSD_STES_REVISIONS@DF_STES_REVISIONS(4.0),EA20,Q,ULC,PT_PCOS,_T,202508,2008-Q3,1.32,A,0,1,
OECD.SDD.STES:DSD_STES_REVISIONS@DF_STES_REVISIONS(4.0),EA20,Q,ULC,PT_PCOS,_T,202503,2008-Q3,1.32,A,0,1,
OECD.SDD.STES:DSD_STES_REVISIONS@DF_STES_REVISIONS(4.0),EA20,Q,ULC,PT_PCOS,_T,202505,2008-Q3,1.32,A,0,1,
OECD.SDD.STES:DSD_STES_REVISIONS@DF_STES_REVISIONS(4.0),EA20,Q,ULC,PT_PCOS,_T,202501,2008-Q3,1.32,A,0,1,
OECD.SDD.STES:DSD_STES_REVISIONS@DF_STES_REVISIONS(4.0),EA20,Q,ULC,PT_PCOS,_T,202502,2008-Q3,1.32,A,0,1,
OECD.SDD.STES:DSD_STES_REVISIONS@DF_STES_REVISIONS(4.0),EA20,Q,ULC,PT_PCOS,_T,202410,2008-Q3,1.32,A,0,1,
OECD.SDD.STES:DSD_STES_REVISIONS@DF_STES_REVISIONS(4.0),EA20,Q,ULC,PT_PCOS,_T,202608,2008-Q3,1.32,A,0,1,
OECD.SDD.STES:DSD_STES_REVISIONS@DF_STES_REVISIONS(4.0),EA20,Q,ULC,PT_PCOS,_T,202607,2008-Q3,1.32,A,0,1,
OECD.SDD.STES:DSD_STES_REVISIONS@DF_STES_REVISIONS(4.0),EA20,Q,ULC,PT_PCOS,_T,202605,2008-Q3,1.32,A,0,1,
OECD.SDD.STES:DSD_STES_REVISIONS@DF_STES_REVISIONS(4.0),EA20,Q,ULC,PT_PCOS,_T,202609,2008-Q3,1.32,A,0,1,
OECD.SDD.STES:DSD_STES_REVISIONS@DF_STES_REVISIONS(4.0),EA20,Q,ULC,PT_PCOS,_T,202606,2008-Q3,1.32,A,0,1,
OECD.SDD.STES:DSD_STES_REVISIONS@DF_STES_REVISIONS(4.0),EA20,Q,ULC,PT_PCOS,_T,202604,2008-Q3,1.32,A,0,1,
OECD.SDD.STES:DSD_STES_REVISIONS@DF_STES_REVISIONS(4.0),EA20,Q,ULC,PT_PCOS,_T,202603,2008-Q3,1.32,A,0,1,
OECD.SDD.STES:DSD_STES_REVISIONS@DF_STES_REVISIONS(4.0),EA20,Q,ULC,PT_PCOS,_T,202602,2008-Q3,1.32,A,0,1,
OECD.SDD.STES:DSD_STES_REVISIONS@DF_STES_REVISIONS(4.0),EA20,Q,ULC,PT_PCOS,_T,202512,2008-Q3,1.32,A,0,1,
OECD.SDD.STES:DSD_STES_REVISIONS@DF_STES_REVISIONS(4.0),EA20,Q,ULC,PT_PCOS,_T,202511,2008-Q3,1.32,A,0,1,
OECD.SDD.STES:DSD_STES_REVISIONS@DF_STES_REVISIONS(4.0),EA20,Q,ULC,PT_PCOS,_T,202601,2008-Q3,1.32,A,0,1,
OECD.SDD.STES:DSD_STES_REVISIONS@DF_STES_REVISIONS(4.0),EA20,Q,ULC,PT_PCOS,_T,202509,2008-Q3,1.32,A,0,1,
OECD.SDD.STES:DSD_STES_REVISIONS@DF_STES_REVISIONS(4.0),EA20,Q,ULC,PT_PCOS,_T,202402,2008-Q4,1.77,A,0,1,
OECD.SDD.STES:DSD_STES_REVISIONS@DF_STES_REVISIONS(4.0),EA20,Q,ULC,PT_PCOS,_T,202401,2008-Q4,1.77,A,0,1,
OECD.SDD.STES:DSD_STES_REVISIONS@DF_STES_REVISIONS(4.0),EA20,Q,ULC,PT_PCOS,_T,202404,2008-Q4,1.77,A,0,1,
OECD.SDD.STES:DSD_STES_REVISIONS@DF_STES_REVISIONS(4.0),EA20,Q,ULC,PT_PCOS,_T,202403,2008-Q4,1.77,A,0,1,
OECD.SDD.STES:DSD_STES_REVISIONS@DF_STES_REVISIONS(4.0),EA20,Q,ULC,PT_PCOS,_T,202405,2008-Q4,1.77,A,0,1,
OECD.SDD.STES:DSD_STES_REVISIONS@DF_STES_REVISIONS(4.0),EA20,Q,ULC,PT_PCOS,_T,202412,2008-Q4,1.73,A,0,1,
OECD.SDD.STES:DSD_STES_REVISIONS@DF_STES_REVISIONS(4.0),EA20,Q,ULC,PT_PCOS,_T,202409,2008-Q4,1.74,A,0,1,
OECD.SDD.STES:DSD_STES_REVISIONS@DF_STES_REVISIONS(4.0),EA20,Q,ULC,PT_PCOS,_T,202411,2008-Q4,1.73,A,0,1,
OECD.SDD.STES:DSD_STES_REVISIONS@DF_STES_REVISIONS(4.0),EA20,Q,ULC,PT_PCOS,_T,202407,2008-Q4,1.74,A,0,1,
OECD.SDD.STES:DSD_STES_REVISIONS@DF_STES_REVISIONS(4.0),EA20,Q,ULC,PT_PCOS,_T,202406,2008-Q4,1.77,A,0,1,
OECD.SDD.STES:DSD_STES_REVISIONS@DF_STES_REVISIONS(4.0),EA20,Q,ULC,PT_PCOS,_T,202408,2008-Q4,1.74,A,0,1,
OECD.SDD.STES:DSD_STES_REVISIONS@DF_STES_REVISIONS(4.0),EA20,Q,ULC,PT_PCOS,_T,202510,2008-Q4,1.73,A,0,1,
OECD.SDD.STES:DSD_STES_REVISIONS@DF_STES_REVISIONS(4.0),EA20,Q,ULC,PT_PCOS,_T,202504,2008-Q4,1.73,A,0,1,
OECD.SDD.STES:DSD_STES_REVISIONS@DF_STES_REVISIONS(4.0),EA20,Q,ULC,PT_PCOS,_T,202507,2008-Q4,1.73,A,0,1,
OECD.SDD.STES:DSD_STES_REVISIONS@DF_STES_REVISIONS(4.0),EA20,Q,ULC,PT_PCOS,_T,202506,2008-Q4,1.73,A,0,1,
OECD.SDD.STES:DSD_STES_REVISIONS@DF_STES_REVISIONS(4.0),EA20,Q,ULC,PT_PCOS,_T,202508,2008-Q4,1.73,A,0,1,
OECD.SDD.STES:DSD_STES_REVISIONS@DF_STES_REVISIONS(4.0),EA20,Q,ULC,PT_PCOS,_T,202503,2008-Q4,1.73,A,0,1,
OECD.SDD.STES:DSD_STES_REVISIONS@DF_STES_REVISIONS(4.0),EA20,Q,ULC,PT_PCOS,_T,202505,2008-Q4,1.73,A,0,1,
OECD.SDD.STES:DSD_STES_REVISIONS@DF_STES_REVISIONS(4.0),EA20,Q,ULC,PT_PCOS,_T,202501,2008-Q4,1.73,A,0,1,
OECD.SDD.STES:DSD_STES_REVISIONS@DF_STES_REVISIONS(4.0),EA20,Q,ULC,PT_PCOS,_T,202502,2008-Q4,1.73,A,0,1,
OECD.SDD.STES:DSD_STES_REVISIONS@DF_STES_REVISIONS(4.0),EA20,Q,ULC,PT_PCOS,_T,202410,2008-Q4,1.73,A,0,1,
OECD.SDD.STES:DSD_STES_REVISIONS@DF_STES_REVISIONS(4.0),EA20,Q,ULC,PT_PCOS,_T,202608,2008-Q4,1.73,A,0,1,
OECD.SDD.STES:DSD_STES_REVISIONS@DF_STES_REVISIONS(4.0),EA20,Q,ULC,PT_PCOS,_T,202607,2008-Q4,1.73,A,0,1,
OECD.SDD.STES:DSD_STES_REVISIONS@DF_STES_REVISIONS(4.0),EA20,Q,ULC,PT_PCOS,_T,202605,2008-Q4,1.73,A,0,1,
OECD.SDD.STES:DSD_STES_REVISIONS@DF_STES_REVISIONS(4.0),EA20,Q,ULC,PT_PCOS,_T,202609,2008-Q4,1.73,A,0,1,
OECD.SDD.STES:DSD_STES_REVISIONS@DF_STES_REVISIONS(4.0),EA20,Q,ULC,PT_PCOS,_T,202606,2008-Q4,1.73,A,0,1,
OECD.SDD.STES:DSD_STES_REVISIONS@DF_STES_REVISIONS(4.0),EA20,Q,ULC,PT_PCOS,_T,202604,2008-Q4,1.73,A,0,1,
OECD.SDD.STES:DSD_STES_REVISIONS@DF_STES_REVISIONS(4.0),EA20,Q,ULC,PT_PCOS,_T,202603,2008-Q4,1.73,A,0,1,
OECD.SDD.STES:DSD_STES_REVISIONS@DF_STES_REVISIONS(4.0),EA20,Q,ULC,PT_PCOS,_T,202602,2008-Q4,1.73,A,0,1,
OECD.SDD.STES:DSD_STES_REVISIONS@DF_STES_REVISIONS(4.0),EA20,Q,ULC,PT_PCOS,_T,202512,2008-Q4,1.73,A,0,1,
OECD.SDD.STES:DSD_STES_REVISIONS@DF_STES_REVISIONS(4.0),EA20,Q,ULC,PT_PCOS,_T,202601,2008-Q4,1.73,A,0,1,
OECD.SDD.STES:DSD_STES_REVISIONS@DF_STES_REVISIONS(4.0),EA20,Q,ULC,PT_PCOS,_T,202511,2008-Q4,1.73,A,0,1,
OECD.SDD.STES:DSD_STES_REVISIONS@DF_STES_REVISIONS(4.0),EA20,Q,ULC,PT_PCOS,_T,202509,2008-Q4,1.73,A,0,1,
OECD.SDD.STES:DSD_STES_REVISIONS@DF_STES_REVISIONS(4.0),EA20,Q,ULC,PT_PCOS,_T,202402,2009-Q1,2.35,A,0,1,
OECD.SDD.STES:DSD_STES_REVISIONS@DF_STES_REVISIONS(4.0),EA20,Q,ULC,PT_PCOS,_T,202401,2009-Q1,2.35,A,0,1,
OECD.SDD.STES:DSD_STES_REVISIONS@DF_STES_REVISIONS(4.0),EA20,Q,ULC,PT_PCOS,_T,202404,2009-Q1,2.35,A,0,1,
OECD.SDD.STES:DSD_STES_REVISIONS@DF_STES_REVISIONS(4.0),EA20,Q,ULC,PT_PCOS,_T,202403,2009-Q1,2.35,A,0,1,
OECD.SDD.STES:DSD_STES_REVISIONS@DF_STES_REVISIONS(4.0),EA20,Q,ULC,PT_PCOS,_T,202405,2009-Q1,2.35,A,0,1,
OECD.SDD.STES:DSD_STES_REVISIONS@DF_STES_REVISIONS(4.0),EA20,Q,ULC,PT_PCOS,_T,202412,2009-Q1,2.31,A,0,1,
OECD.SDD.STES:DSD_STES_REVISIONS@DF_STES_REVISIONS(4.0),EA20,Q,ULC,PT_PCOS,_T,202409,2009-Q1,2.33,A,0,1,
OECD.SDD.STES:DSD_STES_REVISIONS@DF_STES_REVISIONS(4.0),EA20,Q,ULC,PT_PCOS,_T,202411,2009-Q1,2.31,A,0,1,
OECD.SDD.STES:DSD_STES_REVISIONS@DF_STES_REVISIONS(4.0),EA20,Q,ULC,PT_PCOS,_T,202407,2009-Q1,2.33,A,0,1,
OECD.SDD.STES:DSD_STES_REVISIONS@DF_STES_REVISIONS(4.0),EA20,Q,ULC,PT_PCOS,_T,202406,2009-Q1,2.35,A,0,1,
OECD.SDD.STES:DSD_STES_REVISIONS@DF_STES_REVISIONS(4.0),EA20,Q,ULC,PT_PCOS,_T,202408,2009-Q1,2.33,A,0,1,
OECD.SDD.STES:DSD_STES_REVISIONS@DF_STES_REVISIONS(4.0),EA20,Q,ULC,PT_PCOS,_T,202510,2009-Q1,2.31,A,0,1,
OECD.SDD.STES:DSD_STES_REVISIONS@DF_STES_REVISIONS(4.0),EA20,Q,ULC,PT_PCOS,_T,202504,2009-Q1,2.31,A,0,1,
OECD.SDD.STES:DSD_STES_REVISIONS@DF_STES_REVISIONS(4.0),EA20,Q,ULC,PT_PCOS,_T,202507,2009-Q1,2.31,A,0,1,
OECD.SDD.STES:DSD_STES_REVISIONS@DF_STES_REVISIONS(4.0),EA20,Q,ULC,PT_PCOS,_T,202506,2009-Q1,2.31,A,0,1,
OECD.SDD.STES:DSD_STES_REVISIONS@DF_STES_REVISIONS(4.0),EA20,Q,ULC,PT_PCOS,_T,202508,2009-Q1,2.31,A,0,1,
OECD.SDD.STES:DSD_STES_REVISIONS@DF_STES_REVISIONS(4.0),EA20,Q,ULC,PT_PCOS,_T,202503,2009-Q1,2.31,A,0,1,
OECD.SDD.STES:DSD_STES_REVISIONS@DF_STES_REVISIONS(4.0),EA20,Q,ULC,PT_PCOS,_T,202505,2009-Q1,2.31,A,0,1,
OECD.SDD.STES:DSD_STES_REVISIONS@DF_STES_REVISIONS(4.0),EA20,Q,ULC,PT_PCOS,_T,202501,2009-Q1,2.31,A,0,1,
OECD.SDD.STES:DSD_STES_REVISIONS@DF_STES_REVISIONS(4.0),EA20,Q,ULC,PT_PCOS,_T,202502,2009-Q1,2.31,A,0,1,
OECD.SDD.STES:DSD_STES_REVISIONS@DF_STES_REVISIONS(4.0),EA20,Q,ULC,PT_PCOS,_T,202410,2009-Q1,2.31,A,0,1,
OECD.SDD.STES:DSD_STES_REVISIONS@DF_STES_REVISIONS(4.0),EA20,Q,ULC,PT_PCOS,_T,202608,2009-Q1,2.31,A,0,1,
OECD.SDD.STES:DSD_STES_REVISIONS@DF_STES_REVISIONS(4.0),EA20,Q,ULC,PT_PCOS,_T,202607,2009-Q1,2.31,A,0,1,
OECD.SDD.STES:DSD_STES_REVISIONS@DF_STES_REVISIONS(4.0),EA20,Q,ULC,PT_PCOS,_T,202605,2009-Q1,2.31,A,0,1,
OECD.SDD.STES:DSD_STES_REVISIONS@DF_STES_REVISIONS(4.0),EA20,Q,ULC,PT_PCOS,_T,202609,2009-Q1,2.31,A,0,1,
OECD.SDD.STES:DSD_STES_REVISIONS@DF_STES_REVISIONS(4.0),EA20,Q,ULC,PT_PCOS,_T,202606,2009-Q1,2.31,A,0,1,
OECD.SDD.STES:DSD_STES_REVISIONS@DF_STES_REVISIONS(4.0),EA20,Q,ULC,PT_PCOS,_T,202604,2009-Q1,2.31,A,0,1,
OECD.SDD.STES:DSD_STES_REVISIONS@DF_STES_REVISIONS(4.0),EA20,Q,ULC,PT_PCOS,_T,202603,2009-Q1,2.31,A,0,1,
OECD.SDD.STES:DSD_STES_REVISIONS@DF_STES_REVISIONS(4.0),EA20,Q,ULC,PT_PCOS,_T,202602,2009-Q1,2.31,A,0,1,
OECD.SDD.STES:DSD_STES_REVISIONS@DF_STES_REVISIONS(4.0),EA20,Q,ULC,PT_PCOS,_T,202512,2009-Q1,2.31,A,0,1,
OECD.SDD.STES:DSD_STES_REVISIONS@DF_STES_REVISIONS(4.0),EA20,Q,ULC,PT_PCOS,_T,202511,2009-Q1,2.31,A,0,1,
OECD.SDD.STES:DSD_STES_REVISIONS@DF_STES_REVISIONS(4.0),EA20,Q,ULC,PT_PCOS,_T,202601,2009-Q1,2.31,A,0,1,
OECD.SDD.STES:DSD_STES_REVISIONS@DF_STES_REVISIONS(4.0),EA20,Q,ULC,PT_PCOS,_T,202509,2009-Q1,2.31,A,0,1,
OECD.SDD.STES:DSD_STES_REVISIONS@DF_STES_REVISIONS(4.0),EA20,Q,ULC,PT_PCOS,_T,202402,2009-Q2,-0.2,A,0,1,
OECD.SDD.STES:DSD_STES_REVISIONS@DF_STES_REVISIONS(4.0),EA20,Q,ULC,PT_PCOS,_T,202401,2009-Q2,-0.2,A,0,1,
OECD.SDD.STES:DSD_STES_REVISIONS@DF_STES_REVISIONS(4.0),EA20,Q,ULC,PT_PCOS,_T,202404,2009-Q2,-0.2,A,0,1,
OECD.SDD.STES:DSD_STES_REVISIONS@DF_STES_REVISIONS(4.0),EA20,Q,ULC,PT_PCOS,_T,202403,2009-Q2,-0.2,A,0,1,
OECD.SDD.STES:DSD_STES_REVISIONS@DF_STES_REVISIONS(4.0),EA20,Q,ULC,PT_PCOS,_T,202405,2009-Q2,-0.2,A,0,1,
OECD.SDD.STES:DSD_STES_REVISIONS@DF_STES_REVISIONS(4.0),EA20,Q,ULC,PT_PCOS,_T,202412,2009-Q2,-0.16,A,0,1,
OECD.SDD.STES:DSD_STES_REVISIONS@DF_STES_REVISIONS(4.0),EA20,Q,ULC,PT_PCOS,_T,202409,2009-Q2,-0.18,A,0,1,
OECD.SDD.STES:DSD_STES_REVISIONS@DF_STES_REVISIONS(4.0),EA20,Q,ULC,PT_PCOS,_T,202411,2009-Q2,-0.16,A,0,1,
OECD.SDD.STES:DSD_STES_REVISIONS@DF_STES_REVISIONS(4.0),EA20,Q,ULC,PT_PCOS,_T,202407,2009-Q2,-0.18,A,0,1,
OECD.SDD.STES:DSD_STES_REVISIONS@DF_STES_REVISIONS(4.0),EA20,Q,ULC,PT_PCOS,_T,202406,2009-Q2,-0.2,A,0,1,
OECD.SDD.STES:DSD_STES_REVISIONS@DF_STES_REVISIONS(4.0),EA20,Q,ULC,PT_PCOS,_T,202408,2009-Q2,-0.18,A,0,1,
OECD.SDD.STES:DSD_STES_REVISIONS@DF_STES_REVISIONS(4.0),EA20,Q,ULC,PT_PCOS,_T,202510,2009-Q2,-0.16,A,0,1,
OECD.SDD.STES:DSD_STES_REVISIONS@DF_STES_REVISIONS(4.0),EA20,Q,ULC,PT_PCOS,_T,202504,2009-Q2,-0.16,A,0,1,
OECD.SDD.STES:DSD_STES_REVISIONS@DF_STES_REVISIONS(4.0),EA20,Q,ULC,PT_PCOS,_T,202507,2009-Q2,-0.16,A,0,1,
OECD.SDD.STES:DSD_STES_REVISIONS@DF_STES_REVISIONS(4.0),EA20,Q,ULC,PT_PCOS,_T,202506,2009-Q2,-0.16,A,0,1,
OECD.SDD.STES:DSD_STES_REVISIONS@DF_STES_REVISIONS(4.0),EA20,Q,ULC,PT_PCOS,_T,202508,2009-Q2,-0.16,A,0,1,
OECD.SDD.STES:DSD_STES_REVISIONS@DF_STES_REVISIONS(4.0),EA20,Q,ULC,PT_PCOS,_T,202503,2009-Q2,-0.16,A,0,1,
OECD.SDD.STES:DSD_STES_REVISIONS@DF_STES_REVISIONS(4.0),EA20,Q,ULC,PT_PCOS,_T,202505,2009-Q2,-0.16,A,0,1,
OECD.SDD.STES:DSD_STES_REVISIONS@DF_STES_REVISIONS(4.0),EA20,Q,ULC,PT_PCOS,_T,202501,2009-Q2,-0.16,A,0,1,
OECD.SDD.STES:DSD_STES_REVISIONS@DF_STES_REVISIONS(4.0),EA20,Q,ULC,PT_PCOS,_T,202502,2009-Q2,-0.16,A,0,1,
OECD.SDD.STES:DSD_STES_REVISIONS@DF_STES_REVISIONS(4.0),EA20,Q,ULC,PT_PCOS,_T,202410,2009-Q2,-0.16,A,0,1,
OECD.SDD.STES:DSD_STES_REVISIONS@DF_STES_REVISIONS(4.0),EA20,Q,ULC,PT_PCOS,_T,202608,2009-Q2,-0.16,A,0,1,
OECD.SDD.STES:DSD_STES_REVISIONS@DF_STES_REVISIONS(4.0),EA20,Q,ULC,PT_PCOS,_T,202607,2009-Q2,-0.16,A,0,1,
OECD.SDD.STES:DSD_STES_REVISIONS@DF_STES_REVISIONS(4.0),EA20,Q,ULC,PT_PCOS,_T,202605,2009-Q2,-0.16,A,0,1,
OECD.SDD.STES:DSD_STES_REVISIONS@DF_STES_REVISIONS(4.0),EA20,Q,ULC,PT_PCOS,_T,202609,2009-Q2,-0.16,A,0,1,
OECD.SDD.STES:DSD_STES_REVISIONS@DF_STES_REVISIONS(4.0),EA20,Q,ULC,PT_PCOS,_T,202606,2009-Q2,-0.16,A,0,1,
OECD.SDD.STES:DSD_STES_REVISIONS@DF_STES_REVISIONS(4.0),EA20,Q,ULC,PT_PCOS,_T,202604,2009-Q2,-0.16,A,0,1,
OECD.SDD.STES:DSD_STES_REVISIONS@DF_STES_REVISIONS(4.0),EA20,Q,ULC,PT_PCOS,_T,202603,2009-Q2,-0.16,A,0,1,
OECD.SDD.STES:DSD_STES_REVISIONS@DF_STES_REVISIONS(4.0),EA20,Q,ULC,PT_PCOS,_T,202602,2009-Q2,-0.16,A,0,1,
OECD.SDD.STES:DSD_STES_REVISIONS@DF_STES_REVISIONS(4.0),EA20,Q,ULC,PT_PCOS,_T,202512,2009-Q2,-0.16,A,0,1,
OECD.SDD.STES:DSD_STES_REVISIONS@DF_STES_REVISIONS(4.0),EA20,Q,ULC,PT_PCOS,_T,202601,2009-Q2,-0.16,A,0,1,
OECD.SDD.STES:DSD_STES_REVISIONS@DF_STES_REVISIONS(4.0),EA20,Q,ULC,PT_PCOS,_T,202511,2009-Q2,-0.16,A,0,1,
OECD.SDD.STES:DSD_STES_REVISIONS@DF_STES_REVISIONS(4.0),EA20,Q,ULC,PT_PCOS,_T,202509,2009-Q2,-0.16,A,0,1,
OECD.SDD.STES:DSD_STES_REVISIONS@DF_STES_REVISIONS(4.0),EA20,Q,ULC,PT_PCOS,_T,202402,2009-Q3,-0.14,A,0,1,
OECD.SDD.STES:DSD_STES_REVISIONS@DF_STES_REVISIONS(4.0),EA20,Q,ULC,PT_PCOS,_T,202401,2009-Q3,-0.14,A,0,1,
OECD.SDD.STES:DSD_STES_REVISIONS@DF_STES_REVISIONS(4.0),EA20,Q,ULC,PT_PCOS,_T,202404,2009-Q3,-0.14,A,0,1,
OECD.SDD.STES:DSD_STES_REVISIONS@DF_STES_REVISIONS(4.0),EA20,Q,ULC,PT_PCOS,_T,202403,2009-Q3,-0.14,A,0,1,
OECD.SDD.STES:DSD_STES_REVISIONS@DF_STES_REVISIONS(4.0),EA20,Q,ULC,PT_PCOS,_T,202405,2009-Q3,-0.14,A,0,1,
OECD.SDD.STES:DSD_STES_REVISIONS@DF_STES_REVISIONS(4.0),EA20,Q,ULC,PT_PCOS,_T,202412,2009-Q3,-0.12,A,0,1,
OECD.SDD.STES:DSD_STES_REVISIONS@DF_STES_REVISIONS(4.0),EA20,Q,ULC,PT_PCOS,_T,202409,2009-Q3,-0.15,A,0,1,
OECD.SDD.STES:DSD_STES_REVISIONS@DF_STES_REVISIONS(4.0),EA20,Q,ULC,PT_PCOS,_T,202411,2009-Q3,-0.12,A,0,1,
OECD.SDD.STES:DSD_STES_REVISIONS@DF_STES_REVISIONS(4.0),EA20,Q,ULC,PT_PCOS,_T,202407,2009-Q3,-0.15,A,0,1,
OECD.SDD.STES:DSD_STES_REVISIONS@DF_STES_REVISIONS(4.0),EA20,Q,ULC,PT_PCOS,_T,202406,2009-Q3,-0.14,A,0,1,
OECD.SDD.STES:DSD_STES_REVISIONS@DF_STES_REVISIONS(4.0),EA20,Q,ULC,PT_PCOS,_T,202408,2009-Q3,-0.15,A,0,1,
OECD.SDD.STES:DSD_STES_REVISIONS@DF_STES_REVISIONS(4.0),EA20,Q,ULC,PT_PCOS,_T,202510,2009-Q3,-0.12,A,0,1,
OECD.SDD.STES:DSD_STES_REVISIONS@DF_STES_REVISIONS(4.0),EA20,Q,ULC,PT_PCOS,_T,202504,2009-Q3,-0.12,A,0,1,
OECD.SDD.STES:DSD_STES_REVISIONS@DF_STES_REVISIONS(4.0),EA20,Q,ULC,PT_PCOS,_T,202507,2009-Q3,-0.12,A,0,1,
OECD.SDD.STES:DSD_STES_REVISIONS@DF_STES_REVISIONS(4.0),EA20,Q,ULC,PT_PCOS,_T,202506,2009-Q3,-0.12,A,0,1,
OECD.SDD.STES:DSD_STES_REVISIONS@DF_STES_REVISIONS(4.0),EA20,Q,ULC,PT_PCOS,_T,202508,2009-Q3,-0.12,A,0,1,
OECD.SDD.STES:DSD_STES_REVISIONS@DF_STES_REVISIONS(4.0),EA20,Q,ULC,PT_PCOS,_T,202503,2009-Q3,-0.12,A,0,1,
OECD.SDD.STES:DSD_STES_REVISIONS@DF_STES_REVISIONS(4.0),EA20,Q,ULC,PT_PCOS,_T,202505,2009-Q3,-0.12,A,0,1,
OECD.SDD.STES:DSD_STES_REVISIONS@DF_STES_REVISIONS(4.0),EA20,Q,ULC,PT_PCOS,_T,202501,2009-Q3,-0.12,A,0,1,
OECD.SDD.STES:DSD_STES_REVISIONS@DF_STES_REVISIONS(4.0),EA20,Q,ULC,PT_PCOS,_T,202502,2009-Q3,-0.12,A,0,1,
OECD.SDD.STES:DSD_STES_REVISIONS@DF_STES_REVISIONS(4.0),EA20,Q,ULC,PT_PCOS,_T,202410,2009-Q3,-0.12,A,0,1,
OECD.SDD.STES:DSD_STES_REVISIONS@DF_STES_REVISIONS(4.0),EA20,Q,ULC,PT_PCOS,_T,202608,2009-Q3,-0.12,A,0,1,
OECD.SDD.STES:DSD_STES_REVISIONS@DF_STES_REVISIONS(4.0),EA20,Q,ULC,PT_PCOS,_T,202607,2009-Q3,-0.12,A,0,1,
OECD.SDD.STES:DSD_STES_REVISIONS@DF_STES_REVISIONS(4.0),EA20,Q,ULC,PT_PCOS,_T,202605,2009-Q3,-0.12,A,0,1,
OECD.SDD.STES:DSD_STES_REVISIONS@DF_STES_REVISIONS(4.0),EA20,Q,ULC,PT_PCOS,_T,202609,2009-Q3,-0.12,A,0,1,
OECD.SDD.STES:DSD_STES_REVISIONS@DF_STES_REVISIONS(4.0),EA20,Q,ULC,PT_PCOS,_T,202606,2009-Q3,-0.12,A,0,1,
OECD.SDD.STES:DSD_STES_REVISIONS@DF_STES_REVISIONS(4.0),EA20,Q,ULC,PT_PCOS,_T,202604,2009-Q3,-0.12,A,0,1,
OECD.SDD.STES:DSD_STES_REVISIONS@DF_STES_REVISIONS(4.0),EA20,Q,ULC,PT_PCOS,_T,202603,2009-Q3,-0.12,A,0,1,
OECD.SDD.STES:DSD_STES_REVISIONS@DF_STES_REVISIONS(4.0),EA20,Q,ULC,PT_PCOS,_T,202602,2009-Q3,-0.12,A,0,1,
OECD.SDD.STES:DSD_STES_REVISIONS@DF_STES_REVISIONS(4.0),EA20,Q,ULC,PT_PCOS,_T,202512,2009-Q3,-0.12,A,0,1,
OECD.SDD.STES:DSD_STES_REVISIONS@DF_STES_REVISIONS(4.0),EA20,Q,ULC,PT_PCOS,_T,202511,2009-Q3,-0.12,A,0,1,
OECD.SDD.STES:DSD_STES_REVISIONS@DF_STES_REVISIONS(4.0),EA20,Q,ULC,PT_PCOS,_T,202601,2009-Q3,-0.12,A,0,1,
OECD.SDD.STES:DSD_STES_REVISIONS@DF_STES_REVISIONS(4.0),EA20,Q,ULC,PT_PCOS,_T,202509,2009-Q3,-0.12,A,0,1,
OECD.SDD.STES:DSD_STES_REVISIONS@DF_STES_REVISIONS(4.0),EA20,Q,ULC,PT_PCOS,_T,202402,2009-Q4,-0.04,A,0,1,
OECD.SDD.STES:DSD_STES_REVISIONS@DF_STES_REVISIONS(4.0),EA20,Q,ULC,PT_PCOS,_T,202401,2009-Q4,-0.04,A,0,1,
OECD.SDD.STES:DSD_STES_REVISIONS@DF_STES_REVISIONS(4.0),EA20,Q,ULC,PT_PCOS,_T,202404,2009-Q4,-0.04,A,0,1,
OECD.SDD.STES:DSD_STES_REVISIONS@DF_STES_REVISIONS(4.0),EA20,Q,ULC,PT_PCOS,_T,202403,2009-Q4,-0.04,A,0,1,
OECD.SDD.STES:DSD_STES_REVISIONS@DF_STES_REVISIONS(4.0),EA20,Q,ULC,PT_PCOS,_T,202405,2009-Q4,-0.04,A,0,1,
OECD.SDD.STES:DSD_STES_REVISIONS@DF_STES_REVISIONS(4.0),EA20,Q,ULC,PT_PCOS,_T,202412,2009-Q4,-0.06,A,0,1,
OECD.SDD.STES:DSD_STES_REVISIONS@DF_STES_REVISIONS(4.0),EA20,Q,ULC,PT_PCOS,_T,202409,2009-Q4,-0.06,A,0,1,
OECD.SDD.STES:DSD_STES_REVISIONS@DF_STES_REVISIONS(4.0),EA20,Q,ULC,PT_PCOS,_T,202411,2009-Q4,-0.06,A,0,1,
OECD.SDD.STES:DSD_STES_REVISIONS@DF_STES_REVISIONS(4.0),EA20,Q,ULC,PT_PCOS,_T,202407,2009-Q4,-0.06,A,0,1,
OECD.SDD.STES:DSD_STES_REVISIONS@DF_STES_REVISIONS(4.0),EA20,Q,ULC,PT_PCOS,_T,202406,2009-Q4,-0.04,A,0,1,
OECD.SDD.STES:DSD_STES_REVISIONS@DF_STES_REVISIONS(4.0),EA20,Q,ULC,PT_PCOS,_T,202408,2009-Q4,-0.06,A,0,1,
OECD.SDD.STES:DSD_STES_REVISIONS@DF_STES_REVISIONS(4.0),EA20,Q,ULC,PT_PCOS,_T,202510,2009-Q4,-0.06,A,0,1,
OECD.SDD.STES:DSD_STES_REVISIONS@DF_STES_REVISIONS(4.0),EA20,Q,ULC,PT_PCOS,_T,202504,2009-Q4,-0.06,A,0,1,
OECD.SDD.STES:DSD_STES_REVISIONS@DF_STES_REVISIONS(4.0),EA20,Q,ULC,PT_PCOS,_T,202507,2009-Q4,-0.06,A,0,1,
OECD.SDD.STES:DSD_STES_REVISIONS@DF_STES_REVISIONS(4.0),EA20,Q,ULC,PT_PCOS,_T,202506,2009-Q4,-0.06,A,0,1,
OECD.SDD.STES:DSD_STES_REVISIONS@DF_STES_REVISIONS(4.0),EA20,Q,ULC,PT_PCOS,_T,202508,2009-Q4,-0.0599999999999999,A,0,1,
OECD.SDD.STES:DSD_STES_REVISIONS@DF_STES_REVISIONS(4.0),EA20,Q,ULC,PT_PCOS,_T,202503,2009-Q4,-0.06,A,0,1,
OECD.SDD.STES:DSD_STES_REVISIONS@DF_STES_REVISIONS(4.0),EA20,Q,ULC,PT_PCOS,_T,202505,2009-Q4,-0.06,A,0,1,
OECD.SDD.STES:DSD_STES_REVISIONS@DF_STES_REVISIONS(4.0),EA20,Q,ULC,PT_PCOS,_T,202501,2009-Q4,-0.06,A,0,1,
OECD.SDD.STES:DSD_STES_REVISIONS@DF_STES_REVISIONS(4.0),EA20,Q,ULC,PT_PCOS,_T,202502,2009-Q4,-0.06,A,0,1,
OECD.SDD.STES:DSD_STES_REVISIONS@DF_STES_REVISIONS(4.0),EA20,Q,ULC,PT_PCOS,_T,202410,2009-Q4,-0.06,A,0,1,
OECD.SDD.STES:DSD_STES_REVISIONS@DF_STES_REVISIONS(4.0),EA20,Q,ULC,PT_PCOS,_T,202608,2009-Q4,-0.06,A,0,1,
OECD.SDD.STES:DSD_STES_REVISIONS@DF_STES_REVISIONS(4.0),EA20,Q,ULC,PT_PCOS,_T,202607,2009-Q4,-0.06,A,0,1,
OECD.SDD.STES:DSD_STES_REVISIONS@DF_STES_REVISIONS(4.0),EA20,Q,ULC,PT_PCOS,_T,202605,2009-Q4,-0.06,A,0,1,
OECD.SDD.STES:DSD_STES_REVISIONS@DF_STES_REVISIONS(4.0),EA20,Q,ULC,PT_PCOS,_T,202609,2009-Q4,-0.06,A,0,1,
OECD.SDD.STES:DSD_STES_REVISIONS@DF_STES_REVISIONS(4.0),EA20,Q,ULC,PT_PCOS,_T,202606,2009-Q4,-0.06,A,0,1,
OECD.SDD.STES:DSD_STES_REVISIONS@DF_STES_REVISIONS(4.0),EA20,Q,ULC,PT_PCOS,_T,202604,2009-Q4,-0.06,A,0,1,
OECD.SDD.STES:DSD_STES_REVISIONS@DF_STES_REVISIONS(4.0),EA20,Q,ULC,PT_PCOS,_T,202603,2009-Q4,-0.06,A,0,1,
OECD.SDD.STES:DSD_STES_REVISIONS@DF_STES_REVISIONS(4.0),EA20,Q,ULC,PT_PCOS,_T,202602,2009-Q4,-0.06,A,0,1,
OECD.SDD.STES:DSD_STES_REVISIONS@DF_STES_REVISIONS(4.0),EA20,Q,ULC,PT_PCOS,_T,202512,2009-Q4,-0.06,A,0,1,
OECD.SDD.STES:DSD_STES_REVISIONS@DF_STES_REVISIONS(4.0),EA20,Q,ULC,PT_PCOS,_T,202601,2009-Q4,-0.06,A,0,1,
OECD.SDD.STES:DSD_STES_REVISIONS@DF_STES_REVISIONS(4.0),EA20,Q,ULC,PT_PCOS,_T,202511,2009-Q4,-0.06,A,0,1,
OECD.SDD.STES:DSD_STES_REVISIONS@DF_STES_REVISIONS(4.0),EA20,Q,ULC,PT_PCOS,_T,202509,2009-Q4,-0.06,A,0,1,
OECD.SDD.STES:DSD_STES_REVISIONS@DF_STES_REVISIONS(4.0),EA20,Q,ULC,PT_PCOS,_T,202402,2017-Q3,0.06,A,0,1,
OECD.SDD.STES:DSD_STES_REVISIONS@DF_STES_REVISIONS(4.0),EA20,Q,ULC,PT_PCOS,_T,202401,2017-Q3,0.06,A,0,1,
OECD.SDD.STES:DSD_STES_REVISIONS@DF_STES_REVISIONS(4.0),EA20,Q,ULC,PT_PCOS,_T,202404,2017-Q3,0.06,A,0,1,
OECD.SDD.STES:DSD_STES_REVISIONS@DF_STES_REVISIONS(4.0),EA20,Q,ULC,PT_PCOS,_T,202403,2017-Q3,0.06,A,0,1,
OECD.SDD.STES:DSD_STES_REVISIONS@DF_STES_REVISIONS(4.0),EA20,Q,ULC,PT_PCOS,_T,202405,2017-Q3,0.06,A,0,1,
OECD.SDD.STES:DSD_STES_REVISIONS@DF_STES_REVISIONS(4.0),EA20,Q,ULC,PT_PCOS,_T,202412,2017-Q3,0.05,A,0,1,
OECD.SDD.STES:DSD_STES_REVISIONS@DF_STES_REVISIONS(4.0),EA20,Q,ULC,PT_PCOS,_T,202409,2017-Q3,0.06,A,0,1,
OECD.SDD.STES:DSD_STES_REVISIONS@DF_STES_REVISIONS(4.0),EA20,Q,ULC,PT_PCOS,_T,202411,2017-Q3,0.05,A,0,1,
OECD.SDD.STES:DSD_STES_REVISIONS@DF_STES_REVISIONS(4.0),EA20,Q,ULC,PT_PCOS,_T,202407,2017-Q3,0.06,A,0,1,
OECD.SDD.STES:DSD_STES_REVISIONS@DF_STES_REVISIONS(4.0),EA20,Q,ULC,PT_PCOS,_T,202406,2017-Q3,0.06,A,0,1,
OECD.SDD.STES:DSD_STES_REVISIONS@DF_STES_REVISIONS(4.0),EA20,Q,ULC,PT_PCOS,_T,202408,2017-Q3,0.06,A,0,1,
OECD.SDD.STES:DSD_STES_REVISIONS@DF_STES_REVISIONS(4.0),EA20,Q,ULC,PT_PCOS,_T,202510,2017-Q3,0.05,A,0,1,
OECD.SDD.STES:DSD_STES_REVISIONS@DF_STES_REVISIONS(4.0),EA20,Q,ULC,PT_PCOS,_T,202504,2017-Q3,0.05,A,0,1,
OECD.SDD.STES:DSD_STES_REVISIONS@DF_STES_REVISIONS(4.0),EA20,Q,ULC,PT_PCOS,_T,202507,2017-Q3,0.05,A,0,1,
OECD.SDD.STES:DSD_STES_REVISIONS@DF_STES_REVISIONS(4.0),EA20,Q,ULC,PT_PCOS,_T,202506,2017-Q3,0.05,A,0,1,
OECD.SDD.STES:DSD_STES_REVISIONS@DF_STES_REVISIONS(4.0),EA20,Q,ULC,PT_PCOS,_T,202508,2017-Q3,0.05,A,0,1,
OECD.SDD.STES:DSD_STES_REVISIONS@DF_STES_REVISIONS(4.0),EA20,Q,ULC,PT_PCOS,_T,202503,2017-Q3,0.05,A,0,1,
OECD.SDD.STES:DSD_STES_REVISIONS@DF_STES_REVISIONS(4.0),EA20,Q,ULC,PT_PCOS,_T,202505,2017-Q3,0.05,A,0,1,
OECD.SDD.STES:DSD_STES_REVISIONS@DF_STES_REVISIONS(4.0),EA20,Q,ULC,PT_PCOS,_T,202501,2017-Q3,0.05,A,0,1,
OECD.SDD.STES:DSD_STES_REVISIONS@DF_STES_REVISIONS(4.0),EA20,Q,ULC,PT_PCOS,_T,202502,2017-Q3,0.05,A,0,1,
OECD.SDD.STES:DSD_STES_REVISIONS@DF_STES_REVISIONS(4.0),EA20,Q,ULC,PT_PCOS,_T,202410,2017-Q3,0.05,A,0,1,
OECD.SDD.STES:DSD_STES_REVISIONS@DF_STES_REVISIONS(4.0),EA20,Q,ULC,PT_PCOS,_T,202608,2017-Q3,0.05,A,0,1,
OECD.SDD.STES:DSD_STES_REVISIONS@DF_STES_REVISIONS(4.0),EA20,Q,ULC,PT_PCOS,_T,202607,2017-Q3,0.05,A,0,1,
OECD.SDD.STES:DSD_STES_REVISIONS@DF_STES_REVISIONS(4.0),EA20,Q,ULC,PT_PCOS,_T,202605,2017-Q3,0.05,A,0,1,
OECD.SDD.STES:DSD_STES_REVISIONS@DF_STES_REVISIONS(4.0),EA20,Q,ULC,PT_PCOS,_T,202609,2017-Q3,0.05,A,0,1,
OECD.SDD.STES:DSD_STES_REVISIONS@DF_STES_REVISIONS(4.0),EA20,Q,ULC,PT_PCOS,_T,202606,2017-Q3,0.05,A,0,1,
OECD.SDD.STES:DSD_STES_REVISIONS@DF_STES_REVISIONS(4.0),EA20,Q,ULC,PT_PCOS,_T,202604,2017-Q3,0.05,A,0,1,
OECD.SDD.STES:DSD_STES_REVISIONS@DF_STES_REVISIONS(4.0),EA20,Q,ULC,PT_PCOS,_T,202603,2017-Q3,0.05,A,0,1,
OECD.SDD.STES:DSD_STES_REVISIONS@DF_STES_REVISIONS(4.0),EA20,Q,ULC,PT_PCOS,_T,202602,2017-Q3,0.05,A,0,1,
OECD.SDD.STES:DSD_STES_REVISIONS@DF_STES_REVISIONS(4.0),EA20,Q,ULC,PT_PCOS,_T,202512,2017-Q3,0.05,A,0,1,
OECD.SDD.STES:DSD_STES_REVISIONS@DF_STES_REVISIONS(4.0),EA20,Q,ULC,PT_PCOS,_T,202511,2017-Q3,0.05,A,0,1,
OECD.SDD.STES:DSD_STES_REVISIONS@DF_STES_REVISIONS(4.0),EA20,Q,ULC,PT_PCOS,_T,202601,2017-Q3,0.05,A,0,1,
OECD.SDD.STES:DSD_STES_REVISIONS@DF_STES_REVISIONS(4.0),EA20,Q,ULC,PT_PCOS,_T,202509,2017-Q3,0.05,A,0,1,
OECD.SDD.STES:DSD_STES_REVISIONS@DF_STES_REVISIONS(4.0),EA20,Q,ULC,PT_PCOS,_T,202402,2017-Q4,0.28,A,0,1,
OECD.SDD.STES:DSD_STES_REVISIONS@DF_STES_REVISIONS(4.0),EA20,Q,ULC,PT_PCOS,_T,202401,2017-Q4,0.28,A,0,1,
OECD.SDD.STES:DSD_STES_REVISIONS@DF_STES_REVISIONS(4.0),EA20,Q,ULC,PT_PCOS,_T,202404,2017-Q4,0.28,A,0,1,
OECD.SDD.STES:DSD_STES_REVISIONS@DF_STES_REVISIONS(4.0),EA20,Q,ULC,PT_PCOS,_T,202403,2017-Q4,0.28,A,0,1,
OECD.SDD.STES:DSD_STES_REVISIONS@DF_STES_REVISIONS(4.0),EA20,Q,ULC,PT_PCOS,_T,202405,2017-Q4,0.28,A,0,1,
OECD.SDD.STES:DSD_STES_REVISIONS@DF_STES_REVISIONS(4.0),EA20,Q,ULC,PT_PCOS,_T,202412,2017-Q4,0.3,A,0,1,
OECD.SDD.STES:DSD_STES_REVISIONS@DF_STES_REVISIONS(4.0),EA20,Q,ULC,PT_PCOS,_T,202409,2017-Q4,0.25,A,0,1,
OECD.SDD.STES:DSD_STES_REVISIONS@DF_STES_REVISIONS(4.0),EA20,Q,ULC,PT_PCOS,_T,202411,2017-Q4,0.3,A,0,1,
OECD.SDD.STES:DSD_STES_REVISIONS@DF_STES_REVISIONS(4.0),EA20,Q,ULC,PT_PCOS,_T,202407,2017-Q4,0.25,A,0,1,
OECD.SDD.STES:DSD_STES_REVISIONS@DF_STES_REVISIONS(4.0),EA20,Q,ULC,PT_PCOS,_T,202406,2017-Q4,0.28,A,0,1,
OECD.SDD.STES:DSD_STES_REVISIONS@DF_STES_REVISIONS(4.0),EA20,Q,ULC,PT_PCOS,_T,202408,2017-Q4,0.25,A,0,1,
OECD.SDD.STES:DSD_STES_REVISIONS@DF_STES_REVISIONS(4.0),EA20,Q,ULC,PT_PCOS,_T,202510,2017-Q4,0.3,A,0,1,
OECD.SDD.STES:DSD_STES_REVISIONS@DF_STES_REVISIONS(4.0),EA20,Q,ULC,PT_PCOS,_T,202504,2017-Q4,0.3,A,0,1,
OECD.SDD.STES:DSD_STES_REVISIONS@DF_STES_REVISIONS(4.0),EA20,Q,ULC,PT_PCOS,_T,202507,2017-Q4,0.3,A,0,1,
OECD.SDD.STES:DSD_STES_REVISIONS@DF_STES_REVISIONS(4.0),EA20,Q,ULC,PT_PCOS,_T,202506,2017-Q4,0.3,A,0,1,
OECD.SDD.STES:DSD_STES_REVISIONS@DF_STES_REVISIONS(4.0),EA20,Q,ULC,PT_PCOS,_T,202508,2017-Q4,0.299999999999999,A,0,1,
OECD.SDD.STES:DSD_STES_REVISIONS@DF_STES_REVISIONS(4.0),EA20,Q,ULC,PT_PCOS,_T,202503,2017-Q4,0.3,A,0,1,
OECD.SDD.STES:DSD_STES_REVISIONS@DF_STES_REVISIONS(4.0),EA20,Q,ULC,PT_PCOS,_T,202505,2017-Q4,0.3,A,0,1,
OECD.SDD.STES:DSD_STES_REVISIONS@DF_STES_REVISIONS(4.0),EA20,Q,ULC,PT_PCOS,_T,202501,2017-Q4,0.3,A,0,1,
OECD.SDD.STES:DSD_STES_REVISIONS@DF_STES_REVISIONS(4.0),EA20,Q,ULC,PT_PCOS,_T,202502,2017-Q4,0.3,A,0,1,
OECD.SDD.STES:DSD_STES_REVISIONS@DF_STES_REVISIONS(4.0),EA20,Q,ULC,PT_PCOS,_T,202410,2017-Q4,0.3,A,0,1,
OECD.SDD.STES:DSD_STES_REVISIONS@DF_STES_REVISIONS(4.0),EA20,Q,ULC,PT_PCOS,_T,202608,2017-Q4,0.3,A,0,1,
OECD.SDD.STES:DSD_STES_REVISIONS@DF_STES_REVISIONS(4.0),EA20,Q,ULC,PT_PCOS,_T,202607,2017-Q4,0.3,A,0,1,
OECD.SDD.STES:DSD_STES_REVISIONS@DF_STES_REVISIONS(4.0),EA20,Q,ULC,PT_PCOS,_T,202605,2017-Q4,0.3,A,0,1,
OECD.SDD.STES:DSD_STES_REVISIONS@DF_STES_REVISIONS(4.0),EA20,Q,ULC,PT_PCOS,_T,202609,2017-Q4,0.3,A,0,1,
OECD.SDD.STES:DSD_STES_REVISIONS@DF_STES_REVISIONS(4.0),EA20,Q,ULC,PT_PCOS,_T,202606,2017-Q4,0.3,A,0,1,
OECD.SDD.STES:DSD_STES_REVISIONS@DF_STES_REVISIONS(4.0),EA20,Q,ULC,PT_PCOS,_T,202604,2017-Q4,0.3,A,0,1,
OECD.SDD.STES:DSD_STES_REVISIONS@DF_STES_REVISIONS(4.0),EA20,Q,ULC,PT_PCOS,_T,202603,2017-Q4,0.3,A,0,1,
OECD.SDD.STES:DSD_STES_REVISIONS@DF_STES_REVISIONS(4.0),EA20,Q,ULC,PT_PCOS,_T,202602,2017-Q4,0.3,A,0,1,
OECD.SDD.STES:DSD_STES_REVISIONS@DF_STES_REVISIONS(4.0),EA20,Q,ULC,PT_PCOS,_T,202512,2017-Q4,0.3,A,0,1,
OECD.SDD.STES:DSD_STES_REVISIONS@DF_STES_REVISIONS(4.0),EA20,Q,ULC,PT_PCOS,_T,202601,2017-Q4,0.3,A,0,1,
OECD.SDD.STES:DSD_STES_REVISIONS@DF_STES_REVISIONS(4.0),EA20,Q,ULC,PT_PCOS,_T,202511,2017-Q4,0.3,A,0,1,
OECD.SDD.STES:DSD_STES_REVISIONS@DF_STES_REVISIONS(4.0),EA20,Q,ULC,PT_PCOS,_T,202509,2017-Q4,0.3,A,0,1,
OECD.SDD.STES:DSD_STES_REVISIONS@DF_STES_REVISIONS(4.0),EA20,Q,ULC,PT_PCOS,_T,202402,2018-Q1,0.77,A,0,1,
OECD.SDD.STES:DSD_STES_REVISIONS@DF_STES_REVISIONS(4.0),EA20,Q,ULC,PT_PCOS,_T,202401,2018-Q1,0.77,A,0,1,
OECD.SDD.STES:DSD_STES_REVISIONS@DF_STES_REVISIONS(4.0),EA20,Q,ULC,PT_PCOS,_T,202404,2018-Q1,0.77,A,0,1,
OECD.SDD.STES:DSD_STES_REVISIONS@DF_STES_REVISIONS(4.0),EA20,Q,ULC,PT_PCOS,_T,202403,2018-Q1,0.77,A,0,1,
OECD.SDD.STES:DSD_STES_REVISIONS@DF_STES_REVISIONS(4.0),EA20,Q,ULC,PT_PCOS,_T,202405,2018-Q1,0.77,A,0,1,
OECD.SDD.STES:DSD_STES_REVISIONS@DF_STES_REVISIONS(4.0),EA20,Q,ULC,PT_PCOS,_T,202412,2018-Q1,0.76,A,0,1,
OECD.SDD.STES:DSD_STES_REVISIONS@DF_STES_REVISIONS(4.0),EA20,Q,ULC,PT_PCOS,_T,202409,2018-Q1,0.77,A,0,1,
OECD.SDD.STES:DSD_STES_REVISIONS@DF_STES_REVISIONS(4.0),EA20,Q,ULC,PT_PCOS,_T,202411,2018-Q1,0.76,A,0,1,
OECD.SDD.STES:DSD_STES_REVISIONS@DF_STES_REVISIONS(4.0),EA20,Q,ULC,PT_PCOS,_T,202407,2018-Q1,0.77,A,0,1,
OECD.SDD.STES:DSD_STES_REVISIONS@DF_STES_REVISIONS(4.0),EA20,Q,ULC,PT_PCOS,_T,202406,2018-Q1,0.77,A,0,1,
OECD.SDD.STES:DSD_STES_REVISIONS@DF_STES_REVISIONS(4.0),EA20,Q,ULC,PT_PCOS,_T,202408,2018-Q1,0.77,A,0,1,
OECD.SDD.STES:DSD_STES_REVISIONS@DF_STES_REVISIONS(4.0),EA20,Q,ULC,PT_PCOS,_T,202510,2018-Q1,0.76,A,0,1,
OECD.SDD.STES:DSD_STES_REVISIONS@DF_STES_REVISIONS(4.0),EA20,Q,ULC,PT_PCOS,_T,202504,2018-Q1,0.76,A,0,1,
OECD.SDD.STES:DSD_STES_REVISIONS@DF_STES_REVISIONS(4.0),EA20,Q,ULC,PT_PCOS,_T,202507,2018-Q1,0.76,A,0,1,
OECD.SDD.STES:DSD_STES_REVISIONS@DF_STES_REVISIONS(4.0),EA20,Q,ULC,PT_PCOS,_T,202506,2018-Q1,0.76,A,0,1,
OECD.SDD.STES:DSD_STES_REVISIONS@DF_STES_REVISIONS(4.0),EA20,Q,ULC,PT_PCOS,_T,202508,2018-Q1,0.76,A,0,1,
OECD.SDD.STES:DSD_STES_REVISIONS@DF_STES_REVISIONS(4.0),EA20,Q,ULC,PT_PCOS,_T,202503,2018-Q1,0.76,A,0,1,
OECD.SDD.STES:DSD_STES_REVISIONS@DF_STES_REVISIONS(4.0),EA20,Q,ULC,PT_PCOS,_T,202505,2018-Q1,0.76,A,0,1,
OECD.SDD.STES:DSD_STES_REVISIONS@DF_STES_REVISIONS(4.0),EA20,Q,ULC,PT_PCOS,_T,202501,2018-Q1,0.76,A,0,1,
OECD.SDD.STES:DSD_STES_REVISIONS@DF_STES_REVISIONS(4.0),EA20,Q,ULC,PT_PCOS,_T,202502,2018-Q1,0.76,A,0,1,
OECD.SDD.STES:DSD_STES_REVISIONS@DF_STES_REVISIONS(4.0),EA20,Q,ULC,PT_PCOS,_T,202410,2018-Q1,0.76,A,0,1,
OECD.SDD.STES:DSD_STES_REVISIONS@DF_STES_REVISIONS(4.0),EA20,Q,ULC,PT_PCOS,_T,202608,2018-Q1,0.76,A,0,1,
OECD.SDD.STES:DSD_STES_REVISIONS@DF_STES_REVISIONS(4.0),EA20,Q,ULC,PT_PCOS,_T,202607,2018-Q1,0.76,A,0,1,
OECD.SDD.STES:DSD_STES_REVISIONS@DF_STES_REVISIONS(4.0),EA20,Q,ULC,PT_PCOS,_T,202605,2018-Q1,0.76,A,0,1,
OECD.SDD.STES:DSD_STES_REVISIONS@DF_STES_REVISIONS(4.0),EA20,Q,ULC,PT_PCOS,_T,202609,2018-Q1,0.76,A,0,1,
OECD.SDD.STES:DSD_STES_REVISIONS@DF_STES_REVISIONS(4.0),EA20,Q,ULC,PT_PCOS,_T,202606,2018-Q1,0.76,A,0,1,
OECD.SDD.STES:DSD_STES_REVISIONS@DF_STES_REVISIONS(4.0),EA20,Q,ULC,PT_PCOS,_T,202604,2018-Q1,0.76,A,0,1,
OECD.SDD.STES:DSD_STES_REVISIONS@DF_STES_REVISIONS(4.0),EA20,Q,ULC,PT_PCOS,_T,202603,2018-Q1,0.76,A,0,1,
OECD.SDD.STES:DSD_STES_REVISIONS@DF_STES_REVISIONS(4.0),EA20,Q,ULC,PT_PCOS,_T,202602,2018-Q1,0.76,A,0,1,
OECD.SDD.STES:DSD_STES_REVISIONS@DF_STES_REVISIONS(4.0),EA20,Q,ULC,PT_PCOS,_T,202512,2018-Q1,0.76,A,0,1,
OECD.SDD.STES:DSD_STES_REVISIONS@DF_STES_REVISIONS(4.0),EA20,Q,ULC,PT_PCOS,_T,202511,2018-Q1,0.76,A,0,1,
OECD.SDD.STES:DSD_STES_REVISIONS@DF_STES_REVISIONS(4.0),EA20,Q,ULC,PT_PCOS,_T,202601,2018-Q1,0.76,A,0,1,
OECD.SDD.STES:DSD_STES_REVISIONS@DF_STES_REVISIONS(4.0),EA20,Q,ULC,PT_PCOS,_T,202509,2018-Q1,0.76,A,0,1,
OECD.SDD.STES:DSD_STES_REVISIONS@DF_STES_REVISIONS(4.0),EA20,Q,ULC,PT_PCOS,_T,202402,2018-Q2,0.58,A,0,1,
OECD.SDD.STES:DSD_STES_REVISIONS@DF_STES_REVISIONS(4.0),EA20,Q,ULC,PT_PCOS,_T,202401,2018-Q2,0.58,A,0,1,
OECD.SDD.STES:DSD_STES_REVISIONS@DF_STES_REVISIONS(4.0),EA20,Q,ULC,PT_PCOS,_T,202404,2018-Q2,0.58,A,0,1,
OECD.SDD.STES:DSD_STES_REVISIONS@DF_STES_REVISIONS(4.0),EA20,Q,ULC,PT_PCOS,_T,202403,2018-Q2,0.58,A,0,1,
OECD.SDD.STES:DSD_STES_REVISIONS@DF_STES_REVISIONS(4.0),EA20,Q,ULC,PT_PCOS,_T,202405,2018-Q2,0.58,A,0,1,
OECD.SDD.STES:DSD_STES_REVISIONS@DF_STES_REVISIONS(4.0),EA20,Q,ULC,PT_PCOS,_T,202412,2018-Q2,0.69,A,0,1,
OECD.SDD.STES:DSD_STES_REVISIONS@DF_STES_REVISIONS(4.0),EA20,Q,ULC,PT_PCOS,_T,202409,2018-Q2,0.67,A,0,1,
OECD.SDD.STES:DSD_STES_REVISIONS@DF_STES_REVISIONS(4.0),EA20,Q,ULC,PT_PCOS,_T,202411,2018-Q2,0.69,A,0,1,
OECD.SDD.STES:DSD_STES_REVISIONS@DF_STES_REVISIONS(4.0),EA20,Q,ULC,PT_PCOS,_T,202407,2018-Q2,0.67,A,0,1,
OECD.SDD.STES:DSD_STES_REVISIONS@DF_STES_REVISIONS(4.0),EA20,Q,ULC,PT_PCOS,_T,202406,2018-Q2,0.58,A,0,1,
OECD.SDD.STES:DSD_STES_REVISIONS@DF_STES_REVISIONS(4.0),EA20,Q,ULC,PT_PCOS,_T,202408,2018-Q2,0.67,A,0,1,
OECD.SDD.STES:DSD_STES_REVISIONS@DF_STES_REVISIONS(4.0),EA20,Q,ULC,PT_PCOS,_T,202510,2018-Q2,0.69,A,0,1,
OECD.SDD.STES:DSD_STES_REVISIONS@DF_STES_REVISIONS(4.0),EA20,Q,ULC,PT_PCOS,_T,202504,2018-Q2,0.69,A,0,1,
OECD.SDD.STES:DSD_STES_REVISIONS@DF_STES_REVISIONS(4.0),EA20,Q,ULC,PT_PCOS,_T,202507,2018-Q2,0.69,A,0,1,
OECD.SDD.STES:DSD_STES_REVISIONS@DF_STES_REVISIONS(4.0),EA20,Q,ULC,PT_PCOS,_T,202506,2018-Q2,0.69,A,0,1,
OECD.SDD.STES:DSD_STES_REVISIONS@DF_STES_REVISIONS(4.0),EA20,Q,ULC,PT_PCOS,_T,202508,2018-Q2,0.689999999999999,A,0,1,
OECD.SDD.STES:DSD_STES_REVISIONS@DF_STES_REVISIONS(4.0),EA20,Q,ULC,PT_PCOS,_T,202503,2018-Q2,0.69,A,0,1,
OECD.SDD.STES:DSD_STES_REVISIONS@DF_STES_REVISIONS(4.0),EA20,Q,ULC,PT_PCOS,_T,202505,2018-Q2,0.69,A,0,1,
OECD.SDD.STES:DSD_STES_REVISIONS@DF_STES_REVISIONS(4.0),EA20,Q,ULC,PT_PCOS,_T,202501,2018-Q2,0.69,A,0,1,
OECD.SDD.STES:DSD_STES_REVISIONS@DF_STES_REVISIONS(4.0),EA20,Q,ULC,PT_PCOS,_T,202502,2018-Q2,0.69,A,0,1,
OECD.SDD.STES:DSD_STES_REVISIONS@DF_STES_REVISIONS(4.0),EA20,Q,ULC,PT_PCOS,_T,202410,2018-Q2,0.69,A,0,1,
OECD.SDD.STES:DSD_STES_REVISIONS@DF_STES_REVISIONS(4.0),EA20,Q,ULC,PT_PCOS,_T,202608,2018-Q2,0.69,A,0,1,
OECD.SDD.STES:DSD_STES_REVISIONS@DF_STES_REVISIONS(4.0),EA20,Q,ULC,PT_PCOS,_T,202607,2018-Q2,0.69,A,0,1,
OECD.SDD.STES:DSD_STES_REVISIONS@DF_STES_REVISIONS(4.0),EA20,Q,ULC,PT_PCOS,_T,202605,2018-Q2,0.69,A,0,1,
OECD.SDD.STES:DSD_STES_REVISIONS@DF_STES_REVISIONS(4.0),EA20,Q,ULC,PT_PCOS,_T,202609,2018-Q2,0.69,A,0,1,
OECD.SDD.STES:DSD_STES_REVISIONS@DF_STES_REVISIONS(4.0),EA20,Q,ULC,PT_PCOS,_T,202606,2018-Q2,0.69,A,0,1,
OECD.SDD.STES:DSD_STES_REVISIONS@DF_STES_REVISIONS(4.0),EA20,Q,ULC,PT_PCOS,_T,202604,2018-Q2,0.69,A,0,1,
OECD.SDD.STES:DSD_STES_REVISIONS@DF_STES_REVISIONS(4.0),EA20,Q,ULC,PT_PCOS,_T,202603,2018-Q2,0.69,A,0,1,
OECD.SDD.STES:DSD_STES_REVISIONS@DF_STES_REVISIONS(4.0),EA20,Q,ULC,PT_PCOS,_T,202602,2018-Q2,0.69,A,0,1,
OECD.SDD.STES:DSD_STES_REVISIONS@DF_STES_REVISIONS(4.0),EA20,Q,ULC,PT_PCOS,_T,202512,2018-Q2,0.69,A,0,1,
OECD.SDD.STES:DSD_STES_REVISIONS@DF_STES_REVISIONS(4.0),EA20,Q,ULC,PT_PCOS,_T,202601,2018-Q2,0.69,A,0,1,
OECD.SDD.STES:DSD_STES_REVISIONS@DF_STES_REVISIONS(4.0),EA20,Q,ULC,PT_PCOS,_T,202511,2018-Q2,0.69,A,0,1,
OECD.SDD.STES:DSD_STES_REVISIONS@DF_STES_REVISIONS(4.0),EA20,Q,ULC,PT_PCOS,_T,202509,2018-Q2,0.69,A,0,1,
OECD.SDD.STES:DSD_STES_REVISIONS@DF_STES_REVISIONS(4.0),EA20,Q,ULC,PT_PCOS,_T,202402,2018-Q3,1.02,A,0,1,
OECD.SDD.STES:DSD_STES_REVISIONS@DF_STES_REVISIONS(4.0),EA20,Q,ULC,PT_PCOS,_T,202401,2018-Q3,1.02,A,0,1,
OECD.SDD.STES:DSD_STES_REVISIONS@DF_STES_REVISIONS(4.0),EA20,Q,ULC,PT_PCOS,_T,202404,2018-Q3,1.02,A,0,1,
OECD.SDD.STES:DSD_STES_REVISIONS@DF_STES_REVISIONS(4.0),EA20,Q,ULC,PT_PCOS,_T,202403,2018-Q3,1.02,A,0,1,
OECD.SDD.STES:DSD_STES_REVISIONS@DF_STES_REVISIONS(4.0),EA20,Q,ULC,PT_PCOS,_T,202405,2018-Q3,1.02,A,0,1,
OECD.SDD.STES:DSD_STES_REVISIONS@DF_STES_REVISIONS(4.0),EA20,Q,ULC,PT_PCOS,_T,202412,2018-Q3,0.98,A,0,1,
OECD.SDD.STES:DSD_STES_REVISIONS@DF_STES_REVISIONS(4.0),EA20,Q,ULC,PT_PCOS,_T,202409,2018-Q3,0.97,A,0,1,
OECD.SDD.STES:DSD_STES_REVISIONS@DF_STES_REVISIONS(4.0),EA20,Q,ULC,PT_PCOS,_T,202411,2018-Q3,0.98,A,0,1,
OECD.SDD.STES:DSD_STES_REVISIONS@DF_STES_REVISIONS(4.0),EA20,Q,ULC,PT_PCOS,_T,202407,2018-Q3,0.97,A,0,1,
OECD.SDD.STES:DSD_STES_REVISIONS@DF_STES_REVISIONS(4.0),EA20,Q,ULC,PT_PCOS,_T,202406,2018-Q3,1.02,A,0,1,
OECD.SDD.STES:DSD_STES_REVISIONS@DF_STES_REVISIONS(4.0),EA20,Q,ULC,PT_PCOS,_T,202408,2018-Q3,0.97,A,0,1,
OECD.SDD.STES:DSD_STES_REVISIONS@DF_STES_REVISIONS(4.0),EA20,Q,ULC,PT_PCOS,_T,202510,2018-Q3,0.98,A,0,1,
OECD.SDD.STES:DSD_STES_REVISIONS@DF_STES_REVISIONS(4.0),EA20,Q,ULC,PT_PCOS,_T,202504,2018-Q3,0.98,A,0,1,
OECD.SDD.STES:DSD_STES_REVISIONS@DF_STES_REVISIONS(4.0),EA20,Q,ULC,PT_PCOS,_T,202507,2018-Q3,0.98,A,0,1,
OECD.SDD.STES:DSD_STES_REVISIONS@DF_STES_REVISIONS(4.0),EA20,Q,ULC,PT_PCOS,_T,202506,2018-Q3,0.98,A,0,1,
OECD.SDD.STES:DSD_STES_REVISIONS@DF_STES_REVISIONS(4.0),EA20,Q,ULC,PT_PCOS,_T,202508,2018-Q3,0.979999999999999,A,0,1,
OECD.SDD.STES:DSD_STES_REVISIONS@DF_STES_REVISIONS(4.0),EA20,Q,ULC,PT_PCOS,_T,202503,2018-Q3,0.98,A,0,1,
OECD.SDD.STES:DSD_STES_REVISIONS@DF_STES_REVISIONS(4.0),EA20,Q,ULC,PT_PCOS,_T,202505,2018-Q3,0.98,A,0,1,
OECD.SDD.STES:DSD_STES_REVISIONS@DF_STES_REVISIONS(4.0),EA20,Q,ULC,PT_PCOS,_T,202501,2018-Q3,0.98,A,0,1,
OECD.SDD.STES:DSD_STES_REVISIONS@DF_STES_REVISIONS(4.0),EA20,Q,ULC,PT_PCOS,_T,202502,2018-Q3,0.98,A,0,1,
OECD.SDD.STES:DSD_STES_REVISIONS@DF_STES_REVISIONS(4.0),EA20,Q,ULC,PT_PCOS,_T,202410,2018-Q3,0.98,A,0,1,
OECD.SDD.STES:DSD_STES_REVISIONS@DF_STES_REVISIONS(4.0),EA20,Q,ULC,PT_PCOS,_T,202608,2018-Q3,0.98,A,0,1,
OECD.SDD.STES:DSD_STES_REVISIONS@DF_STES_REVISIONS(4.0),EA20,Q,ULC,PT_PCOS,_T,202607,2018-Q3,0.98,A,0,1,
OECD.SDD.STES:DSD_STES_REVISIONS@DF_STES_REVISIONS(4.0),EA20,Q,ULC,PT_PCOS,_T,202605,2018-Q3,0.98,A,0,1,
OECD.SDD.STES:DSD_STES_REVISIONS@DF_STES_REVISIONS(4.0),EA20,Q,ULC,PT_PCOS,_T,202609,2018-Q3,0.98,A,0,1,
OECD.SDD.STES:DSD_STES_REVISIONS@DF_STES_REVISIONS(4.0),EA20,Q,ULC,PT_PCOS,_T,202606,2018-Q3,0.98,A,0,1,
OECD.SDD.STES:DSD_STES_REVISIONS@DF_STES_REVISIONS(4.0),EA20,Q,ULC,PT_PCOS,_T,202604,2018-Q3,0.98,A,0,1,
OECD.SDD.STES:DSD_STES_REVISIONS@DF_STES_REVISIONS(4.0),EA20,Q,ULC,PT_PCOS,_T,202603,2018-Q3,0.98,A,0,1,
OECD.SDD.STES:DSD_STES_REVISIONS@DF_STES_REVISIONS(4.0),EA20,Q,ULC,PT_PCOS,_T,202602,2018-Q3,0.98,A,0,1,
OECD.SDD.STES:DSD_STES_REVISIONS@DF_STES_REVISIONS(4.0),EA20,Q,ULC,PT_PCOS,_T,202512,2018-Q3,0.98,A,0,1,
OECD.SDD.STES:DSD_STES_REVISIONS@DF_STES_REVISIONS(4.0),EA20,Q,ULC,PT_PCOS,_T,202511,2018-Q3,0.98,A,0,1,
OECD.SDD.STES:DSD_STES_REVISIONS@DF_STES_REVISIONS(4.0),EA20,Q,ULC,PT_PCOS,_T,202601,2018-Q3,0.98,A,0,1,
OECD.SDD.STES:DSD_STES_REVISIONS@DF_STES_REVISIONS(4.0),EA20,Q,ULC,PT_PCOS,_T,202509,2018-Q3,0.98,A,0,1,
OECD.SDD.STES:DSD_STES_REVISIONS@DF_STES_REVISIONS(4.0),EA20,Q,ULC,PT_PCOS,_T,202402,2018-Q4,0.12,A,0,1,
OECD.SDD.STES:DSD_STES_REVISIONS@DF_STES_REVISIONS(4.0),EA20,Q,ULC,PT_PCOS,_T,202401,2018-Q4,0.12,A,0,1,
OECD.SDD.STES:DSD_STES_REVISIONS@DF_STES_REVISIONS(4.0),EA20,Q,ULC,PT_PCOS,_T,202404,2018-Q4,0.12,A,0,1,
OECD.SDD.STES:DSD_STES_REVISIONS@DF_STES_REVISIONS(4.0),EA20,Q,ULC,PT_PCOS,_T,202403,2018-Q4,0.12,A,0,1,
OECD.SDD.STES:DSD_STES_REVISIONS@DF_STES_REVISIONS(4.0),EA20,Q,ULC,PT_PCOS,_T,202405,2018-Q4,0.12,A,0,1,
OECD.SDD.STES:DSD_STES_REVISIONS@DF_STES_REVISIONS(4.0),EA20,Q,ULC,PT_PCOS,_T,202412,2018-Q4,0.11,A,0,1,
OECD.SDD.STES:DSD_STES_REVISIONS@DF_STES_REVISIONS(4.0),EA20,Q,ULC,PT_PCOS,_T,202409,2018-Q4,-0.02,A,0,1,
OECD.SDD.STES:DSD_STES_REVISIONS@DF_STES_REVISIONS(4.0),EA20,Q,ULC,PT_PCOS,_T,202411,2018-Q4,0.11,A,0,1,
OECD.SDD.STES:DSD_STES_REVISIONS@DF_STES_REVISIONS(4.0),EA20,Q,ULC,PT_PCOS,_T,202407,2018-Q4,-0.02,A,0,1,
OECD.SDD.STES:DSD_STES_REVISIONS@DF_STES_REVISIONS(4.0),EA20,Q,ULC,PT_PCOS,_T,202406,2018-Q4,0.12,A,0,1,
OECD.SDD.STES:DSD_STES_REVISIONS@DF_STES_REVISIONS(4.0),EA20,Q,ULC,PT_PCOS,_T,202408,2018-Q4,-0.02,A,0,1,
OECD.SDD.STES:DSD_STES_REVISIONS@DF_STES_REVISIONS(4.0),EA20,Q,ULC,PT_PCOS,_T,202510,2018-Q4,0.11,A,0,1,
OECD.SDD.STES:DSD_STES_REVISIONS@DF_STES_REVISIONS(4.0),EA20,Q,ULC,PT_PCOS,_T,202504,2018-Q4,0.11,A,0,1,
OECD.SDD.STES:DSD_STES_REVISIONS@DF_STES_REVISIONS(4.0),EA20,Q,ULC,PT_PCOS,_T,202507,2018-Q4,0.11,A,0,1,
OECD.SDD.STES:DSD_STES_REVISIONS@DF_STES_REVISIONS(4.0),EA20,Q,ULC,PT_PCOS,_T,202506,2018-Q4,0.11,A,0,1,
OECD.SDD.STES:DSD_STES_REVISIONS@DF_STES_REVISIONS(4.0),EA20,Q,ULC,PT_PCOS,_T,202508,2018-Q4,0.11,A,0,1,
OECD.SDD.STES:DSD_STES_REVISIONS@DF_STES_REVISIONS(4.0),EA20,Q,ULC,PT_PCOS,_T,202503,2018-Q4,0.11,A,0,1,
OECD.SDD.STES:DSD_STES_REVISIONS@DF_STES_REVISIONS(4.0),EA20,Q,ULC,PT_PCOS,_T,202505,2018-Q4,0.11,A,0,1,
OECD.SDD.STES:DSD_STES_REVISIONS@DF_STES_REVISIONS(4.0),EA20,Q,ULC,PT_PCOS,_T,202501,2018-Q4,0.11,A,0,1,
OECD.SDD.STES:DSD_STES_REVISIONS@DF_STES_REVISIONS(4.0),EA20,Q,ULC,PT_PCOS,_T,202502,2018-Q4,0.11,A,0,1,
OECD.SDD.STES:DSD_STES_REVISIONS@DF_STES_REVISIONS(4.0),EA20,Q,ULC,PT_PCOS,_T,202410,2018-Q4,0.11,A,0,1,
OECD.SDD.STES:DSD_STES_REVISIONS@DF_STES_REVISIONS(4.0),EA20,Q,ULC,PT_PCOS,_T,202608,2018-Q4,0.11,A,0,1,
OECD.SDD.STES:DSD_STES_REVISIONS@DF_STES_REVISIONS(4.0),EA20,Q,ULC,PT_PCOS,_T,202607,2018-Q4,0.11,A,0,1,
OECD.SDD.STES:DSD_STES_REVISIONS@DF_STES_REVISIONS(4.0),EA20,Q,ULC,PT_PCOS,_T,202605,2018-Q4,0.11,A,0,1,
OECD.SDD.STES:DSD_STES_REVISIONS@DF_STES_REVISIONS(4.0),EA20,Q,ULC,PT_PCOS,_T,202609,2018-Q4,0.11,A,0,1,
OECD.SDD.STES:DSD_STES_REVISIONS@DF_STES_REVISIONS(4.0),EA20,Q,ULC,PT_PCOS,_T,202606,2018-Q4,0.11,A,0,1,
OECD.SDD.STES:DSD_STES_REVISIONS@DF_STES_REVISIONS(4.0),EA20,Q,ULC,PT_PCOS,_T,202604,2018-Q4,0.11,A,0,1,
OECD.SDD.STES:DSD_STES_REVISIONS@DF_STES_REVISIONS(4.0),EA20,Q,ULC,PT_PCOS,_T,202603,2018-Q4,0.11,A,0,1,
OECD.SDD.STES:DSD_STES_REVISIONS@DF_STES_REVISIONS(4.0),EA20,Q,ULC,PT_PCOS,_T,202602,2018-Q4,0.11,A,0,1,
OECD.SDD.STES:DSD_STES_REVISIONS@DF_STES_REVISIONS(4.0),EA20,Q,ULC,PT_PCOS,_T,202512,2018-Q4,0.11,A,0,1,
OECD.SDD.STES:DSD_STES_REVISIONS@DF_STES_REVISIONS(4.0),EA20,Q,ULC,PT_PCOS,_T,202601,2018-Q4,0.11,A,0,1,
OECD.SDD.STES:DSD_STES_REVISIONS@DF_STES_REVISIONS(4.0),EA20,Q,ULC,PT_PCOS,_T,202511,2018-Q4,0.11,A,0,1,
OECD.SDD.STES:DSD_STES_REVISIONS@DF_STES_REVISIONS(4.0),EA20,Q,ULC,PT_PCOS,_T,202509,2018-Q4,0.11,A,0,1,
OECD.SDD.STES:DSD_STES_REVISIONS@DF_STES_REVISIONS(4.0),EA20,Q,ULC,PT_PCOS,_T,202402,2019-Q1,0.41,A,0,1,
OECD.SDD.STES:DSD_STES_REVISIONS@DF_STES_REVISIONS(4.0),EA20,Q,ULC,PT_PCOS,_T,202401,2019-Q1,0.42,A,0,1,
OECD.SDD.STES:DSD_STES_REVISIONS@DF_STES_REVISIONS(4.0),EA20,Q,ULC,PT_PCOS,_T,202404,2019-Q1,0.41,A,0,1,
OECD.SDD.STES:DSD_STES_REVISIONS@DF_STES_REVISIONS(4.0),EA20,Q,ULC,PT_PCOS,_T,202403,2019-Q1,0.41,A,0,1,
OECD.SDD.STES:DSD_STES_REVISIONS@DF_STES_REVISIONS(4.0),EA20,Q,ULC,PT_PCOS,_T,202405,2019-Q1,0.41,A,0,1,
OECD.SDD.STES:DSD_STES_REVISIONS@DF_STES_REVISIONS(4.0),EA20,Q,ULC,PT_PCOS,_T,202412,2019-Q1,0.32,A,0,1,
OECD.SDD.STES:DSD_STES_REVISIONS@DF_STES_REVISIONS(4.0),EA20,Q,ULC,PT_PCOS,_T,202409,2019-Q1,0.58,A,0,1,
OECD.SDD.STES:DSD_STES_REVISIONS@DF_STES_REVISIONS(4.0),EA20,Q,ULC,PT_PCOS,_T,202411,2019-Q1,0.32,A,0,1,
OECD.SDD.STES:DSD_STES_REVISIONS@DF_STES_REVISIONS(4.0),EA20,Q,ULC,PT_PCOS,_T,202407,2019-Q1,0.58,A,0,1,
OECD.SDD.STES:DSD_STES_REVISIONS@DF_STES_REVISIONS(4.0),EA20,Q,ULC,PT_PCOS,_T,202406,2019-Q1,0.41,A,0,1,
OECD.SDD.STES:DSD_STES_REVISIONS@DF_STES_REVISIONS(4.0),EA20,Q,ULC,PT_PCOS,_T,202408,2019-Q1,0.58,A,0,1,
OECD.SDD.STES:DSD_STES_REVISIONS@DF_STES_REVISIONS(4.0),EA20,Q,ULC,PT_PCOS,_T,202510,2019-Q1,0.32,A,0,1,
OECD.SDD.STES:DSD_STES_REVISIONS@DF_STES_REVISIONS(4.0),EA20,Q,ULC,PT_PCOS,_T,202504,2019-Q1,0.32,A,0,1,
OECD.SDD.STES:DSD_STES_REVISIONS@DF_STES_REVISIONS(4.0),EA20,Q,ULC,PT_PCOS,_T,202507,2019-Q1,0.32,A,0,1,
OECD.SDD.STES:DSD_STES_REVISIONS@DF_STES_REVISIONS(4.0),EA20,Q,ULC,PT_PCOS,_T,202506,2019-Q1,0.32,A,0,1,
OECD.SDD.STES:DSD_STES_REVISIONS@DF_STES_REVISIONS(4.0),EA20,Q,ULC,PT_PCOS,_T,202508,2019-Q1,0.32,A,0,1,
OECD.SDD.STES:DSD_STES_REVISIONS@DF_STES_REVISIONS(4.0),EA20,Q,ULC,PT_PCOS,_T,202503,2019-Q1,0.32,A,0,1,
OECD.SDD.STES:DSD_STES_REVISIONS@DF_STES_REVISIONS(4.0),EA20,Q,ULC,PT_PCOS,_T,202505,2019-Q1,0.32,A,0,1,
OECD.SDD.STES:DSD_STES_REVISIONS@DF_STES_REVISIONS(4.0),EA20,Q,ULC,PT_PCOS,_T,202501,2019-Q1,0.32,A,0,1,
OECD.SDD.STES:DSD_STES_REVISIONS@DF_STES_REVISIONS(4.0),EA20,Q,ULC,PT_PCOS,_T,202502,2019-Q1,0.32,A,0,1,
OECD.SDD.STES:DSD_STES_REVISIONS@DF_STES_REVISIONS(4.0),EA20,Q,ULC,PT_PCOS,_T,202410,2019-Q1,0.32,A,0,1,
OECD.SDD.STES:DSD_STES_REVISIONS@DF_STES_REVISIONS(4.0),EA20,Q,ULC,PT_PCOS,_T,202608,2019-Q1,0.32,A,0,1,
OECD.SDD.STES:DSD_STES_REVISIONS@DF_STES_REVISIONS(4.0),EA20,Q,ULC,PT_PCOS,_T,202607,2019-Q1,0.32,A,0,1,
OECD.SDD.STES:DSD_STES_REVISIONS@DF_STES_REVISIONS(4.0),EA20,Q,ULC,PT_PCOS,_T,202605,2019-Q1,0.32,A,0,1,
OECD.SDD.STES:DSD_STES_REVISIONS@DF_STES_REVISIONS(4.0),EA20,Q,ULC,PT_PCOS,_T,202609,2019-Q1,0.32,A,0,1,
OECD.SDD.STES:DSD_STES_REVISIONS@DF_STES_REVISIONS(4.0),EA20,Q,ULC,PT_PCOS,_T,202606,2019-Q1,0.32,A,0,1,
OECD.SDD.STES:DSD_STES_REVISIONS@DF_STES_REVISIONS(4.0),EA20,Q,ULC,PT_PCOS,_T,202604,2019-Q1,0.32,A,0,1,
OECD.SDD.STES:DSD_STES_REVISIONS@DF_STES_REVISIONS(4.0),EA20,Q,ULC,PT_PCOS,_T,202603,2019-Q1,0.32,A,0,1,
OECD.SDD.STES:DSD_STES_REVISIONS@DF_STES_REVISIONS(4.0),EA20,Q,ULC,PT_PCOS,_T,202602,2019-Q1,0.32,A,0,1,
OECD.SDD.STES:DSD_STES_REVISIONS@DF_STES_REVISIONS(4.0),EA20,Q,ULC,PT_PCOS,_T,202512,2019-Q1,0.32,A,0,1,
OECD.SDD.STES:DSD_STES_REVISIONS@DF_STES_REVISIONS(4.0),EA20,Q,ULC,PT_PCOS,_T,202511,2019-Q1,0.32,A,0,1,
OECD.SDD.STES:DSD_STES_REVISIONS@DF_STES_REVISIONS(4.0),EA20,Q,ULC,PT_PCOS,_T,202601,2019-Q1,0.32,A,0,1,
OECD.SDD.STES:DSD_STES_REVISIONS@DF_STES_REVISIONS(4.0),EA20,Q,ULC,PT_PCOS,_T,202509,2019-Q1,0.32,A,0,1,
OECD.SDD.STES:DSD_STES_REVISIONS@DF_STES_REVISIONS(4.0),EA20,Q,ULC,PT_PCOS,_T,202402,2019-Q2,0.54,A,0,1,
OECD.SDD.STES:DSD_STES_REVISIONS@DF_STES_REVISIONS(4.0),EA20,Q,ULC,PT_PCOS,_T,202401,2019-Q2,0.53,A,0,1,
OECD.SDD.STES:DSD_STES_REVISIONS@DF_STES_REVISIONS(4.0),EA20,Q,ULC,PT_PCOS,_T,202404,2019-Q2,0.54,A,0,1,
OECD.SDD.STES:DSD_STES_REVISIONS@DF_STES_REVISIONS(4.0),EA20,Q,ULC,PT_PCOS,_T,202403,2019-Q2,0.54,A,0,1,
OECD.SDD.STES:DSD_STES_REVISIONS@DF_STES_REVISIONS(4.0),EA20,Q,ULC,PT_PCOS,_T,202405,2019-Q2,0.54,A,0,1,
OECD.SDD.STES:DSD_STES_REVISIONS@DF_STES_REVISIONS(4.0),EA20,Q,ULC,PT_PCOS,_T,202412,2019-Q2,0.62,A,0,1,
OECD.SDD.STES:DSD_STES_REVISIONS@DF_STES_REVISIONS(4.0),EA20,Q,ULC,PT_PCOS,_T,202409,2019-Q2,0.62,A,0,1,
OECD.SDD.STES:DSD_STES_REVISIONS@DF_STES_REVISIONS(4.0),EA20,Q,ULC,PT_PCOS,_T,202411,2019-Q2,0.62,A,0,1,
OECD.SDD.STES:DSD_STES_REVISIONS@DF_STES_REVISIONS(4.0),EA20,Q,ULC,PT_PCOS,_T,202407,2019-Q2,0.62,A,0,1,
OECD.SDD.STES:DSD_STES_REVISIONS@DF_STES_REVISIONS(4.0),EA20,Q,ULC,PT_PCOS,_T,202406,2019-Q2,0.54,A,0,1,
OECD.SDD.STES:DSD_STES_REVISIONS@DF_STES_REVISIONS(4.0),EA20,Q,ULC,PT_PCOS,_T,202408,2019-Q2,0.62,A,0,1,
OECD.SDD.STES:DSD_STES_REVISIONS@DF_STES_REVISIONS(4.0),EA20,Q,ULC,PT_PCOS,_T,202510,2019-Q2,0.62,A,0,1,
OECD.SDD.STES:DSD_STES_REVISIONS@DF_STES_REVISIONS(4.0),EA20,Q,ULC,PT_PCOS,_T,202504,2019-Q2,0.62,A,0,1,
OECD.SDD.STES:DSD_STES_REVISIONS@DF_STES_REVISIONS(4.0),EA20,Q,ULC,PT_PCOS,_T,202507,2019-Q2,0.62,A,0,1,
OECD.SDD.STES:DSD_STES_REVISIONS@DF_STES_REVISIONS(4.0),EA20,Q,ULC,PT_PCOS,_T,202506,2019-Q2,0.62,A,0,1,
OECD.SDD.STES:DSD_STES_REVISIONS@DF_STES_REVISIONS(4.0),EA20,Q,ULC,PT_PCOS,_T,202508,2019-Q2,0.62,A,0,1,
OECD.SDD.STES:DSD_STES_REVISIONS@DF_STES_REVISIONS(4.0),EA20,Q,ULC,PT_PCOS,_T,202503,2019-Q2,0.62,A,0,1,
OECD.SDD.STES:DSD_STES_REVISIONS@DF_STES_REVISIONS(4.0),EA20,Q,ULC,PT_PCOS,_T,202505,2019-Q2,0.62,A,0,1,
OECD.SDD.STES:DSD_STES_REVISIONS@DF_STES_REVISIONS(4.0),EA20,Q,ULC,PT_PCOS,_T,202501,2019-Q2,0.62,A,0,1,
OECD.SDD.STES:DSD_STES_REVISIONS@DF_STES_REVISIONS(4.0),EA20,Q,ULC,PT_PCOS,_T,202502,2019-Q2,0.62,A,0,1,
OECD.SDD.STES:DSD_STES_REVISIONS@DF_STES_REVISIONS(4.0),EA20,Q,ULC,PT_PCOS,_T,202410,2019-Q2,0.62,A,0,1,
OECD.SDD.STES:DSD_STES_REVISIONS@DF_STES_REVISIONS(4.0),EA20,Q,ULC,PT_PCOS,_T,202608,2019-Q2,0.62,A,0,1,
OECD.SDD.STES:DSD_STES_REVISIONS@DF_STES_REVISIONS(4.0),EA20,Q,ULC,PT_PCOS,_T,202607,2019-Q2,0.62,A,0,1,
OECD.SDD.STES:DSD_STES_REVISIONS@DF_STES_REVISIONS(4.0),EA20,Q,ULC,PT_PCOS,_T,202605,2019-Q2,0.62,A,0,1,
OECD.SDD.STES:DSD_STES_REVISIONS@DF_STES_REVISIONS(4.0),EA20,Q,ULC,PT_PCOS,_T,202609,2019-Q2,0.62,A,0,1,
OECD.SDD.STES:DSD_STES_REVISIONS@DF_STES_REVISIONS(4.0),EA20,Q,ULC,PT_PCOS,_T,202606,2019-Q2,0.62,A,0,1,
OECD.SDD.STES:DSD_STES_REVISIONS@DF_STES_REVISIONS(4.0),EA20,Q,ULC,PT_PCOS,_T,202604,2019-Q2,0.62,A,0,1,
OECD.SDD.STES:DSD_STES_REVISIONS@DF_STES_REVISIONS(4.0),EA20,Q,ULC,PT_PCOS,_T,202603,2019-Q2,0.62,A,0,1,
OECD.SDD.STES:DSD_STES_REVISIONS@DF_STES_REVISIONS(4.0),EA20,Q,ULC,PT_PCOS,_T,202602,2019-Q2,0.62,A,0,1,
OECD.SDD.STES:DSD_STES_REVISIONS@DF_STES_REVISIONS(4.0),EA20,Q,ULC,PT_PCOS,_T,202512,2019-Q2,0.62,A,0,1,
OECD.SDD.STES:DSD_STES_REVISIONS@DF_STES_REVISIONS(4.0),EA20,Q,ULC,PT_PCOS,_T,202601,2019-Q2,0.62,A,0,1,
OECD.SDD.STES:DSD_STES_REVISIONS@DF_STES_REVISIONS(4.0),EA20,Q,ULC,PT_PCOS,_T,202511,2019-Q2,0.62,A,0,1,
OECD.SDD.STES:DSD_STES_REVISIONS@DF_STES_REVISIONS(4.0),EA20,Q,ULC,PT_PCOS,_T,202509,2019-Q2,0.62,A,0,1,
OECD.SDD.STES:DSD_STES_REVISIONS@DF_STES_REVISIONS(4.0),EA20,Q,ULC,PT_PCOS,_T,202402,2019-Q3,0.54,A,0,1,
OECD.SDD.STES:DSD_STES_REVISIONS@DF_STES_REVISIONS(4.0),EA20,Q,ULC,PT_PCOS,_T,202401,2019-Q3,0.54,A,0,1,
OECD.SDD.STES:DSD_STES_REVISIONS@DF_STES_REVISIONS(4.0),EA20,Q,ULC,PT_PCOS,_T,202404,2019-Q3,0.54,A,0,1,
OECD.SDD.STES:DSD_STES_REVISIONS@DF_STES_REVISIONS(4.0),EA20,Q,ULC,PT_PCOS,_T,202403,2019-Q3,0.54,A,0,1,
OECD.SDD.STES:DSD_STES_REVISIONS@DF_STES_REVISIONS(4.0),EA20,Q,ULC,PT_PCOS,_T,202405,2019-Q3,0.54,A,0,1,
OECD.SDD.STES:DSD_STES_REVISIONS@DF_STES_REVISIONS(4.0),EA20,Q,ULC,PT_PCOS,_T,202412,2019-Q3,0.51,A,0,1,
OECD.SDD.STES:DSD_STES_REVISIONS@DF_STES_REVISIONS(4.0),EA20,Q,ULC,PT_PCOS,_T,202409,2019-Q3,0.37,A,0,1,
OECD.SDD.STES:DSD_STES_REVISIONS@DF_STES_REVISIONS(4.0),EA20,Q,ULC,PT_PCOS,_T,202411,2019-Q3,0.51,A,0,1,
OECD.SDD.STES:DSD_STES_REVISIONS@DF_STES_REVISIONS(4.0),EA20,Q,ULC,PT_PCOS,_T,202407,2019-Q3,0.37,A,0,1,
OECD.SDD.STES:DSD_STES_REVISIONS@DF_STES_REVISIONS(4.0),EA20,Q,ULC,PT_PCOS,_T,202406,2019-Q3,0.54,A,0,1,
OECD.SDD.STES:DSD_STES_REVISIONS@DF_STES_REVISIONS(4.0),EA20,Q,ULC,PT_PCOS,_T,202408,2019-Q3,0.37,A,0,1,
OECD.SDD.STES:DSD_STES_REVISIONS@DF_STES_REVISIONS(4.0),EA20,Q,ULC,PT_PCOS,_T,202510,2019-Q3,0.51,A,0,1,
OECD.SDD.STES:DSD_STES_REVISIONS@DF_STES_REVISIONS(4.0),EA20,Q,ULC,PT_PCOS,_T,202504,2019-Q3,0.51,A,0,1,
OECD.SDD.STES:DSD_STES_REVISIONS@DF_STES_REVISIONS(4.0),EA20,Q,ULC,PT_PCOS,_T,202507,2019-Q3,0.51,A,0,1,
OECD.SDD.STES:DSD_STES_REVISIONS@DF_STES_REVISIONS(4.0),EA20,Q,ULC,PT_PCOS,_T,202506,2019-Q3,0.51,A,0,1,
OECD.SDD.STES:DSD_STES_REVISIONS@DF_STES_REVISIONS(4.0),EA20,Q,ULC,PT_PCOS,_T,202508,2019-Q3,0.51,A,0,1,
OECD.SDD.STES:DSD_STES_REVISIONS@DF_STES_REVISIONS(4.0),EA20,Q,ULC,PT_PCOS,_T,202503,2019-Q3,0.51,A,0,1,
OECD.SDD.STES:DSD_STES_REVISIONS@DF_STES_REVISIONS(4.0),EA20,Q,ULC,PT_PCOS,_T,202505,2019-Q3,0.51,A,0,1,
OECD.SDD.STES:DSD_STES_REVISIONS@DF_STES_REVISIONS(4.0),EA20,Q,ULC,PT_PCOS,_T,202501,2019-Q3,0.51,A,0,1,
OECD.SDD.STES:DSD_STES_REVISIONS@DF_STES_REVISIONS(4.0),EA20,Q,ULC,PT_PCOS,_T,202502,2019-Q3,0.51,A,0,1,
OECD.SDD.STES:DSD_STES_REVISIONS@DF_STES_REVISIONS(4.0),EA20,Q,ULC,PT_PCOS,_T,202410,2019-Q3,0.51,A,0,1,
OECD.SDD.STES:DSD_STES_REVISIONS@DF_STES_REVISIONS(4.0),EA20,Q,ULC,PT_PCOS,_T,202608,2019-Q3,0.51,A,0,1,
OECD.SDD.STES:DSD_STES_REVISIONS@DF_STES_REVISIONS(4.0),EA20,Q,ULC,PT_PCOS,_T,202607,2019-Q3,0.51,A,0,1,
OECD.SDD.STES:DSD_STES_REVISIONS@DF_STES_REVISIONS(4.0),EA20,Q,ULC,PT_PCOS,_T,202605,2019-Q3,0.51,A,0,1,
OECD.SDD.STES:DSD_STES_REVISIONS@DF_STES_REVISIONS(4.0),EA20,Q,ULC,PT_PCOS,_T,202609,2019-Q3,0.51,A,0,1,
OECD.SDD.STES:DSD_STES_REVISIONS@DF_STES_REVISIONS(4.0),EA20,Q,ULC,PT_PCOS,_T,202606,2019-Q3,0.51,A,0,1,
OECD.SDD.STES:DSD_STES_REVISIONS@DF_STES_REVISIONS(4.0),EA20,Q,ULC,PT_PCOS,_T,202604,2019-Q3,0.51,A,0,1,
OECD.SDD.STES:DSD_STES_REVISIONS@DF_STES_REVISIONS(4.0),EA20,Q,ULC,PT_PCOS,_T,202603,2019-Q3,0.51,A,0,1,
OECD.SDD.STES:DSD_STES_REVISIONS@DF_STES_REVISIONS(4.0),EA20,Q,ULC,PT_PCOS,_T,202602,2019-Q3,0.51,A,0,1,
OECD.SDD.STES:DSD_STES_REVISIONS@DF_STES_REVISIONS(4.0),EA20,Q,ULC,PT_PCOS,_T,202512,2019-Q3,0.51,A,0,1,
OECD.SDD.STES:DSD_STES_REVISIONS@DF_STES_REVISIONS(4.0),EA20,Q,ULC,PT_PCOS,_T,202511,2019-Q3,0.51,A,0,1,
OECD.SDD.STES:DSD_STES_REVISIONS@DF_STES_REVISIONS(4.0),EA20,Q,ULC,PT_PCOS,_T,202601,2019-Q3,0.51,A,0,1,
OECD.SDD.STES:DSD_STES_REVISIONS@DF_STES_REVISIONS(4.0),EA20,Q,ULC,PT_PCOS,_T,202509,2019-Q3,0.51,A,0,1,
OECD.SDD.STES:DSD_STES_REVISIONS@DF_STES_REVISIONS(4.0),EA20,Q,ULC,PT_PCOS,_T,202402,2019-Q4,0.32,A,0,1,
OECD.SDD.STES:DSD_STES_REVISIONS@DF_STES_REVISIONS(4.0),EA20,Q,ULC,PT_PCOS,_T,202401,2019-Q4,0.32,A,0,1,
OECD.SDD.STES:DSD_STES_REVISIONS@DF_STES_REVISIONS(4.0),EA20,Q,ULC,PT_PCOS,_T,202404,2019-Q4,0.32,A,0,1,
OECD.SDD.STES:DSD_STES_REVISIONS@DF_STES_REVISIONS(4.0),EA20,Q,ULC,PT_PCOS,_T,202403,2019-Q4,0.32,A,0,1,
OECD.SDD.STES:DSD_STES_REVISIONS@DF_STES_REVISIONS(4.0),EA20,Q,ULC,PT_PCOS,_T,202405,2019-Q4,0.32,A,0,1,
OECD.SDD.STES:DSD_STES_REVISIONS@DF_STES_REVISIONS(4.0),EA20,Q,ULC,PT_PCOS,_T,202412,2019-Q4,0.35,A,0,1,
OECD.SDD.STES:DSD_STES_REVISIONS@DF_STES_REVISIONS(4.0),EA20,Q,ULC,PT_PCOS,_T,202409,2019-Q4,0.17,A,0,1,
OECD.SDD.STES:DSD_STES_REVISIONS@DF_STES_REVISIONS(4.0),EA20,Q,ULC,PT_PCOS,_T,202411,2019-Q4,0.35,A,0,1,
OECD.SDD.STES:DSD_STES_REVISIONS@DF_STES_REVISIONS(4.0),EA20,Q,ULC,PT_PCOS,_T,202407,2019-Q4,0.17,A,0,1,
OECD.SDD.STES:DSD_STES_REVISIONS@DF_STES_REVISIONS(4.0),EA20,Q,ULC,PT_PCOS,_T,202406,2019-Q4,0.32,A,0,1,
OECD.SDD.STES:DSD_STES_REVISIONS@DF_STES_REVISIONS(4.0),EA20,Q,ULC,PT_PCOS,_T,202408,2019-Q4,0.17,A,0,1,
OECD.SDD.STES:DSD_STES_REVISIONS@DF_STES_REVISIONS(4.0),EA20,Q,ULC,PT_PCOS,_T,202510,2019-Q4,0.35,A,0,1,
OECD.SDD.STES:DSD_STES_REVISIONS@DF_STES_REVISIONS(4.0),EA20,Q,ULC,PT_PCOS,_T,202504,2019-Q4,0.35,A,0,1,
OECD.SDD.STES:DSD_STES_REVISIONS@DF_STES_REVISIONS(4.0),EA20,Q,ULC,PT_PCOS,_T,202507,2019-Q4,0.35,A,0,1,
OECD.SDD.STES:DSD_STES_REVISIONS@DF_STES_REVISIONS(4.0),EA20,Q,ULC,PT_PCOS,_T,202506,2019-Q4,0.35,A,0,1,
OECD.SDD.STES:DSD_STES_REVISIONS@DF_STES_REVISIONS(4.0),EA20,Q,ULC,PT_PCOS,_T,202508,2019-Q4,0.349999999999999,A,0,1,
OECD.SDD.STES:DSD_STES_REVISIONS@DF_STES_REVISIONS(4.0),EA20,Q,ULC,PT_PCOS,_T,202503,2019-Q4,0.35,A,0,1,
OECD.SDD.STES:DSD_STES_REVISIONS@DF_STES_REVISIONS(4.0),EA20,Q,ULC,PT_PCOS,_T,202505,2019-Q4,0.35,A,0,1,
OECD.SDD.STES:DSD_STES_REVISIONS@DF_STES_REVISIONS(4.0),EA20,Q,ULC,PT_PCOS,_T,202501,2019-Q4,0.35,A,0,1,
OECD.SDD.STES:DSD_STES_REVISIONS@DF_STES_REVISIONS(4.0),EA20,Q,ULC,PT_PCOS,_T,202502,2019-Q4,0.35,A,0,1,
OECD.SDD.STES:DSD_STES_REVISIONS@DF_STES_REVISIONS(4.0),EA20,Q,ULC,PT_PCOS,_T,202410,2019-Q4,0.35,A,0,1,
OECD.SDD.STES:DSD_STES_REVISIONS@DF_STES_REVISIONS(4.0),EA20,Q,ULC,PT_PCOS,_T,202608,2019-Q4,0.35,A,0,1,
OECD.SDD.STES:DSD_STES_REVISIONS@DF_STES_REVISIONS(4.0),EA20,Q,ULC,PT_PCOS,_T,202607,2019-Q4,0.35,A,0,1,
OECD.SDD.STES:DSD_STES_REVISIONS@DF_STES_REVISIONS(4.0),EA20,Q,ULC,PT_PCOS,_T,202605,2019-Q4,0.35,A,0,1,
OECD.SDD.STES:DSD_STES_REVISIONS@DF_STES_REVISIONS(4.0),EA20,Q,ULC,PT_PCOS,_T,202609,2019-Q4,0.35,A,0,1,
OECD.SDD.STES:DSD_STES_REVISIONS@DF_STES_REVISIONS(4.0),EA20,Q,ULC,PT_PCOS,_T,202606,2019-Q4,0.35,A,0,1,
OECD.SDD.STES:DSD_STES_REVISIONS@DF_STES_REVISIONS(4.0),EA20,Q,ULC,PT_PCOS,_T,202604,2019-Q4,0.35,A,0,1,
OECD.SDD.STES:DSD_STES_REVISIONS@DF_STES_REVISIONS(4.0),EA20,Q,ULC,PT_PCOS,_T,202603,2019-Q4,0.35,A,0,1,
OECD.SDD.STES:DSD_STES_REVISIONS@DF_STES_REVISIONS(4.0),EA20,Q,ULC,PT_PCOS,_T,202602,2019-Q4,0.35,A,0,1,
OECD.SDD.STES:DSD_STES_REVISIONS@DF_STES_REVISIONS(4.0),EA20,Q,ULC,PT_PCOS,_T,202512,2019-Q4,0.35,A,0,1,
OECD.SDD.STES:DSD_STES_REVISIONS@DF_STES_REVISIONS(4.0),EA20,Q,ULC,PT_PCOS,_T,202601,2019-Q4,0.35,A,0,1,
OECD.SDD.STES:DSD_STES_REVISIONS@DF_STES_REVISIONS(4.0),EA20,Q,ULC,PT_PCOS,_T,202511,2019-Q4,0.35,A,0,1,
OECD.SDD.STES:DSD_STES_REVISIONS@DF_STES_REVISIONS(4.0),EA20,Q,ULC,PT_PCOS,_T,202509,2019-Q4,0.35,A,0,1,
OECD.SDD.STES:DSD_STES_REVISIONS@DF_STES_REVISIONS(4.0),EA20,Q,ULC,PT_PCOS,_T,202402,2020-Q1,2.64,A,0,1,
OECD.SDD.STES:DSD_STES_REVISIONS@DF_STES_REVISIONS(4.0),EA20,Q,ULC,PT_PCOS,_T,202401,2020-Q1,2.64,A,0,1,
OECD.SDD.STES:DSD_STES_REVISIONS@DF_STES_REVISIONS(4.0),EA20,Q,ULC,PT_PCOS,_T,202404,2020-Q1,2.64,A,0,1,
OECD.SDD.STES:DSD_STES_REVISIONS@DF_STES_REVISIONS(4.0),EA20,Q,ULC,PT_PCOS,_T,202403,2020-Q1,2.64,A,0,1,
OECD.SDD.STES:DSD_STES_REVISIONS@DF_STES_REVISIONS(4.0),EA20,Q,ULC,PT_PCOS,_T,202405,2020-Q1,2.64,A,0,1,
OECD.SDD.STES:DSD_STES_REVISIONS@DF_STES_REVISIONS(4.0),EA20,Q,ULC,PT_PCOS,_T,202412,2020-Q1,2.49,A,0,1,
OECD.SDD.STES:DSD_STES_REVISIONS@DF_STES_REVISIONS(4.0),EA20,Q,ULC,PT_PCOS,_T,202409,2020-Q1,2.84,A,0,1,
OECD.SDD.STES:DSD_STES_REVISIONS@DF_STES_REVISIONS(4.0),EA20,Q,ULC,PT_PCOS,_T,202411,2020-Q1,2.49,A,0,1,
OECD.SDD.STES:DSD_STES_REVISIONS@DF_STES_REVISIONS(4.0),EA20,Q,ULC,PT_PCOS,_T,202407,2020-Q1,2.84,A,0,1,
OECD.SDD.STES:DSD_STES_REVISIONS@DF_STES_REVISIONS(4.0),EA20,Q,ULC,PT_PCOS,_T,202406,2020-Q1,2.64,A,0,1,
OECD.SDD.STES:DSD_STES_REVISIONS@DF_STES_REVISIONS(4.0),EA20,Q,ULC,PT_PCOS,_T,202408,2020-Q1,2.84,A,0,1,
OECD.SDD.STES:DSD_STES_REVISIONS@DF_STES_REVISIONS(4.0),EA20,Q,ULC,PT_PCOS,_T,202510,2020-Q1,2.49,A,0,1,
OECD.SDD.STES:DSD_STES_REVISIONS@DF_STES_REVISIONS(4.0),EA20,Q,ULC,PT_PCOS,_T,202504,2020-Q1,2.49,A,0,1,
OECD.SDD.STES:DSD_STES_REVISIONS@DF_STES_REVISIONS(4.0),EA20,Q,ULC,PT_PCOS,_T,202507,2020-Q1,2.49,A,0,1,
OECD.SDD.STES:DSD_STES_REVISIONS@DF_STES_REVISIONS(4.0),EA20,Q,ULC,PT_PCOS,_T,202506,2020-Q1,2.49,A,0,1,
OECD.SDD.STES:DSD_STES_REVISIONS@DF_STES_REVISIONS(4.0),EA20,Q,ULC,PT_PCOS,_T,202508,2020-Q1,2.49,A,0,1,
OECD.SDD.STES:DSD_STES_REVISIONS@DF_STES_REVISIONS(4.0),EA20,Q,ULC,PT_PCOS,_T,202503,2020-Q1,2.49,A,0,1,
OECD.SDD.STES:DSD_STES_REVISIONS@DF_STES_REVISIONS(4.0),EA20,Q,ULC,PT_PCOS,_T,202505,2020-Q1,2.49,A,0,1,
OECD.SDD.STES:DSD_STES_REVISIONS@DF_STES_REVISIONS(4.0),EA20,Q,ULC,PT_PCOS,_T,202501,2020-Q1,2.49,A,0,1,
OECD.SDD.STES:DSD_STES_REVISIONS@DF_STES_REVISIONS(4.0),EA20,Q,ULC,PT_PCOS,_T,202502,2020-Q1,2.49,A,0,1,
OECD.SDD.STES:DSD_STES_REVISIONS@DF_STES_REVISIONS(4.0),EA20,Q,ULC,PT_PCOS,_T,202410,2020-Q1,2.49,A,0,1,
OECD.SDD.STES:DSD_STES_REVISIONS@DF_STES_REVISIONS(4.0),EA20,Q,ULC,PT_PCOS,_T,202608,2020-Q1,2.49,A,0,1,
OECD.SDD.STES:DSD_STES_REVISIONS@DF_STES_REVISIONS(4.0),EA20,Q,ULC,PT_PCOS,_T,202607,2020-Q1,2.49,A,0,1,
OECD.SDD.STES:DSD_STES_REVISIONS@DF_STES_REVISIONS(4.0),EA20,Q,ULC,PT_PCOS,_T,202605,2020-Q1,2.49,A,0,1,
OECD.SDD.STES:DSD_STES_REVISIONS@DF_STES_REVISIONS(4.0),EA20,Q,ULC,PT_PCOS,_T,202609,2020-Q1,2.49,A,0,1,
OECD.SDD.STES:DSD_STES_REVISIONS@DF_STES_REVISIONS(4.0),EA20,Q,ULC,PT_PCOS,_T,202606,2020-Q1,2.49,A,0,1,
OECD.SDD.STES:DSD_STES_REVISIONS@DF_STES_REVISIONS(4.0),EA20,Q,ULC,PT_PCOS,_T,202604,2020-Q1,2.49,A,0,1,
OECD.SDD.STES:DSD_STES_REVISIONS@DF_STES_REVISIONS(4.0),EA20,Q,ULC,PT_PCOS,_T,202603,2020-Q1,2.49,A,0,1,
OECD.SDD.STES:DSD_STES_REVISIONS@DF_STES_REVISIONS(4.0),EA20,Q,ULC,PT_PCOS,_T,202602,2020-Q1,2.49,A,0,1,
OECD.SDD.STES:DSD_STES_REVISIONS@DF_STES_REVISIONS(4.0),EA20,Q,ULC,PT_PCOS,_T,202512,2020-Q1,2.49,A,0,1,
OECD.SDD.STES:DSD_STES_REVISIONS@DF_STES_REVISIONS(4.0),EA20,Q,ULC,PT_PCOS,_T,202511,2020-Q1,2.49,A,0,1,
OECD.SDD.STES:DSD_STES_REVISIONS@DF_STES_REVISIONS(4.0),EA20,Q,ULC,PT_PCOS,_T,202601,2020-Q1,2.49,A,0,1,
OECD.SDD.STES:DSD_STES_REVISIONS@DF_STES_REVISIONS(4.0),EA20,Q,ULC,PT_PCOS,_T,202509,2020-Q1,2.49,A,0,1,
OECD.SDD.STES:DSD_STES_REVISIONS@DF_STES_REVISIONS(4.0),EA20,Q,ULC,PT_PCOS,_T,202402,2020-Q2,4.77,A,0,1,
OECD.SDD.STES:DSD_STES_REVISIONS@DF_STES_REVISIONS(4.0),EA20,Q,ULC,PT_PCOS,_T,202401,2020-Q2,4.79,A,0,1,
OECD.SDD.STES:DSD_STES_REVISIONS@DF_STES_REVISIONS(4.0),EA20,Q,ULC,PT_PCOS,_T,202404,2020-Q2,4.77,A,0,1,
OECD.SDD.STES:DSD_STES_REVISIONS@DF_STES_REVISIONS(4.0),EA20,Q,ULC,PT_PCOS,_T,202403,2020-Q2,4.77,A,0,1,
OECD.SDD.STES:DSD_STES_REVISIONS@DF_STES_REVISIONS(4.0),EA20,Q,ULC,PT_PCOS,_T,202405,2020-Q2,4.77,A,0,1,
OECD.SDD.STES:DSD_STES_REVISIONS@DF_STES_REVISIONS(4.0),EA20,Q,ULC,PT_PCOS,_T,202412,2020-Q2,4.71,A,0,1,
OECD.SDD.STES:DSD_STES_REVISIONS@DF_STES_REVISIONS(4.0),EA20,Q,ULC,PT_PCOS,_T,202409,2020-Q2,5.43,A,0,1,
OECD.SDD.STES:DSD_STES_REVISIONS@DF_STES_REVISIONS(4.0),EA20,Q,ULC,PT_PCOS,_T,202411,2020-Q2,4.71,A,0,1,
OECD.SDD.STES:DSD_STES_REVISIONS@DF_STES_REVISIONS(4.0),EA20,Q,ULC,PT_PCOS,_T,202407,2020-Q2,5.43,A,0,1,
OECD.SDD.STES:DSD_STES_REVISIONS@DF_STES_REVISIONS(4.0),EA20,Q,ULC,PT_PCOS,_T,202406,2020-Q2,4.77,A,0,1,
OECD.SDD.STES:DSD_STES_REVISIONS@DF_STES_REVISIONS(4.0),EA20,Q,ULC,PT_PCOS,_T,202408,2020-Q2,5.43,A,0,1,
OECD.SDD.STES:DSD_STES_REVISIONS@DF_STES_REVISIONS(4.0),EA20,Q,ULC,PT_PCOS,_T,202510,2020-Q2,4.71,A,0,1,
OECD.SDD.STES:DSD_STES_REVISIONS@DF_STES_REVISIONS(4.0),EA20,Q,ULC,PT_PCOS,_T,202504,2020-Q2,4.71,A,0,1,
OECD.SDD.STES:DSD_STES_REVISIONS@DF_STES_REVISIONS(4.0),EA20,Q,ULC,PT_PCOS,_T,202507,2020-Q2,4.71,A,0,1,
OECD.SDD.STES:DSD_STES_REVISIONS@DF_STES_REVISIONS(4.0),EA20,Q,ULC,PT_PCOS,_T,202506,2020-Q2,4.71,A,0,1,
OECD.SDD.STES:DSD_STES_REVISIONS@DF_STES_REVISIONS(4.0),EA20,Q,ULC,PT_PCOS,_T,202508,2020-Q2,4.71,A,0,1,
OECD.SDD.STES:DSD_STES_REVISIONS@DF_STES_REVISIONS(4.0),EA20,Q,ULC,PT_PCOS,_T,202503,2020-Q2,4.71,A,0,1,
OECD.SDD.STES:DSD_STES_REVISIONS@DF_STES_REVISIONS(4.0),EA20,Q,ULC,PT_PCOS,_T,202505,2020-Q2,4.71,A,0,1,
OECD.SDD.STES:DSD_STES_REVISIONS@DF_STES_REVISIONS(4.0),EA20,Q,ULC,PT_PCOS,_T,202501,2020-Q2,4.71,A,0,1,
OECD.SDD.STES:DSD_STES_REVISIONS@DF_STES_REVISIONS(4.0),EA20,Q,ULC,PT_PCOS,_T,202502,2020-Q2,4.71,A,0,1,
OECD.SDD.STES:DSD_STES_REVISIONS@DF_STES_REVISIONS(4.0),EA20,Q,ULC,PT_PCOS,_T,202410,2020-Q2,4.71,A,0,1,
OECD.SDD.STES:DSD_STES_REVISIONS@DF_STES_REVISIONS(4.0),EA20,Q,ULC,PT_PCOS,_T,202608,2020-Q2,4.71,A,0,1,
OECD.SDD.STES:DSD_STES_REVISIONS@DF_STES_REVISIONS(4.0),EA20,Q,ULC,PT_PCOS,_T,202607,2020-Q2,4.71,A,0,1,
OECD.SDD.STES:DSD_STES_REVISIONS@DF_STES_REVISIONS(4.0),EA20,Q,ULC,PT_PCOS,_T,202605,2020-Q2,4.71,A,0,1,
OECD.SDD.STES:DSD_STES_REVISIONS@DF_STES_REVISIONS(4.0),EA20,Q,ULC,PT_PCOS,_T,202609,2020-Q2,4.71,A,0,1,
OECD.SDD.STES:DSD_STES_REVISIONS@DF_STES_REVISIONS(4.0),EA20,Q,ULC,PT_PCOS,_T,202606,2020-Q2,4.71,A,0,1,
OECD.SDD.STES:DSD_STES_REVISIONS@DF_STES_REVISIONS(4.0),EA20,Q,ULC,PT_PCOS,_T,202604,2020-Q2,4.71,A,0,1,
OECD.SDD.STES:DSD_STES_REVISIONS@DF_STES_REVISIONS(4.0),EA20,Q,ULC,PT_PCOS,_T,202603,2020-Q2,4.71,A,0,1,
OECD.SDD.STES:DSD_STES_REVISIONS@DF_STES_REVISIONS(4.0),EA20,Q,ULC,PT_PCOS,_T,202602,2020-Q2,4.71,A,0,1,
OECD.SDD.STES:DSD_STES_REVISIONS@DF_STES_REVISIONS(4.0),EA20,Q,ULC,PT_PCOS,_T,202512,2020-Q2,4.71,A,0,1,
OECD.SDD.STES:DSD_STES_REVISIONS@DF_STES_REVISIONS(4.0),EA20,Q,ULC,PT_PCOS,_T,202601,2020-Q2,4.71,A,0,1,
OECD.SDD.STES:DSD_STES_REVISIONS@DF_STES_REVISIONS(4.0),EA20,Q,ULC,PT_PCOS,_T,202511,2020-Q2,4.71,A,0,1,
OECD.SDD.STES:DSD_STES_REVISIONS@DF_STES_REVISIONS(4.0),EA20,Q,ULC,PT_PCOS,_T,202509,2020-Q2,4.71,A,0,1,
OECD.SDD.STES:DSD_STES_REVISIONS@DF_STES_REVISIONS(4.0),EA20,Q,ULC,PT_PCOS,_T,202402,2020-Q3,-4.52,A,0,1,
OECD.SDD.STES:DSD_STES_REVISIONS@DF_STES_REVISIONS(4.0),EA20,Q,ULC,PT_PCOS,_T,202401,2020-Q3,-4.53,A,0,1,
OECD.SDD.STES:DSD_STES_REVISIONS@DF_STES_REVISIONS(4.0),EA20,Q,ULC,PT_PCOS,_T,202404,2020-Q3,-4.52,A,0,1,
OECD.SDD.STES:DSD_STES_REVISIONS@DF_STES_REVISIONS(4.0),EA20,Q,ULC,PT_PCOS,_T,202403,2020-Q3,-4.52,A,0,1,
OECD.SDD.STES:DSD_STES_REVISIONS@DF_STES_REVISIONS(4.0),EA20,Q,ULC,PT_PCOS,_T,202405,2020-Q3,-4.52,A,0,1,
OECD.SDD.STES:DSD_STES_REVISIONS@DF_STES_REVISIONS(4.0),EA20,Q,ULC,PT_PCOS,_T,202412,2020-Q3,-4.3,A,0,1,
OECD.SDD.STES:DSD_STES_REVISIONS@DF_STES_REVISIONS(4.0),EA20,Q,ULC,PT_PCOS,_T,202409,2020-Q3,-5.55,A,0,1,
OECD.SDD.STES:DSD_STES_REVISIONS@DF_STES_REVISIONS(4.0),EA20,Q,ULC,PT_PCOS,_T,202411,2020-Q3,-4.3,A,0,1,
OECD.SDD.STES:DSD_STES_REVISIONS@DF_STES_REVISIONS(4.0),EA20,Q,ULC,PT_PCOS,_T,202407,2020-Q3,-5.55,A,0,1,
OECD.SDD.STES:DSD_STES_REVISIONS@DF_STES_REVISIONS(4.0),EA20,Q,ULC,PT_PCOS,_T,202406,2020-Q3,-4.52,A,0,1,
OECD.SDD.STES:DSD_STES_REVISIONS@DF_STES_REVISIONS(4.0),EA20,Q,ULC,PT_PCOS,_T,202408,2020-Q3,-5.55,A,0,1,
OECD.SDD.STES:DSD_STES_REVISIONS@DF_STES_REVISIONS(4.0),EA20,Q,ULC,PT_PCOS,_T,202510,2020-Q3,-4.3,A,0,1,
OECD.SDD.STES:DSD_STES_REVISIONS@DF_STES_REVISIONS(4.0),EA20,Q,ULC,PT_PCOS,_T,202504,2020-Q3,-4.3,A,0,1,
OECD.SDD.STES:DSD_STES_REVISIONS@DF_STES_REVISIONS(4.0),EA20,Q,ULC,PT_PCOS,_T,202507,2020-Q3,-4.3,A,0,1,
OECD.SDD.STES:DSD_STES_REVISIONS@DF_STES_REVISIONS(4.0),EA20,Q,ULC,PT_PCOS,_T,202506,2020-Q3,-4.3,A,0,1,
OECD.SDD.STES:DSD_STES_REVISIONS@DF_STES_REVISIONS(4.0),EA20,Q,ULC,PT_PCOS,_T,202508,2020-Q3,-4.29999999999999,A,0,1,
OECD.SDD.STES:DSD_STES_REVISIONS@DF_STES_REVISIONS(4.0),EA20,Q,ULC,PT_PCOS,_T,202503,2020-Q3,-4.3,A,0,1,
OECD.SDD.STES:DSD_STES_REVISIONS@DF_STES_REVISIONS(4.0),EA20,Q,ULC,PT_PCOS,_T,202505,2020-Q3,-4.3,A,0,1,
OECD.SDD.STES:DSD_STES_REVISIONS@DF_STES_REVISIONS(4.0),EA20,Q,ULC,PT_PCOS,_T,202501,2020-Q3,-4.3,A,0,1,
OECD.SDD.STES:DSD_STES_REVISIONS@DF_STES_REVISIONS(4.0),EA20,Q,ULC,PT_PCOS,_T,202502,2020-Q3,-4.3,A,0,1,
OECD.SDD.STES:DSD_STES_REVISIONS@DF_STES_REVISIONS(4.0),EA20,Q,ULC,PT_PCOS,_T,202410,2020-Q3,-4.3,A,0,1,
OECD.SDD.STES:DSD_STES_REVISIONS@DF_STES_REVISIONS(4.0),EA20,Q,ULC,PT_PCOS,_T,202608,2020-Q3,-4.3,A,0,1,
OECD.SDD.STES:DSD_STES_REVISIONS@DF_STES_REVISIONS(4.0),EA20,Q,ULC,PT_PCOS,_T,202607,2020-Q3,-4.3,A,0,1,
OECD.SDD.STES:DSD_STES_REVISIONS@DF_STES_REVISIONS(4.0),EA20,Q,ULC,PT_PCOS,_T,202605,2020-Q3,-4.3,A,0,1,
OECD.SDD.STES:DSD_STES_REVISIONS@DF_STES_REVISIONS(4.0),EA20,Q,ULC,PT_PCOS,_T,202609,2020-Q3,-4.3,A,0,1,
OECD.SDD.STES:DSD_STES_REVISIONS@DF_STES_REVISIONS(4.0),EA20,Q,ULC,PT_PCOS,_T,202606,2020-Q3,-4.3,A,0,1,
OECD.SDD.STES:DSD_STES_REVISIONS@DF_STES_REVISIONS(4.0),EA20,Q,ULC,PT_PCOS,_T,202604,2020-Q3,-4.3,A,0,1,
OECD.SDD.STES:DSD_STES_REVISIONS@DF_STES_REVISIONS(4.0),EA20,Q,ULC,PT_PCOS,_T,202603,2020-Q3,-4.3,A,0,1,
OECD.SDD.STES:DSD_STES_REVISIONS@DF_STES_REVISIONS(4.0),EA20,Q,ULC,PT_PCOS,_T,202602,2020-Q3,-4.3,A,0,1,
OECD.SDD.STES:DSD_STES_REVISIONS@DF_STES_REVISIONS(4.0),EA20,Q,ULC,PT_PCOS,_T,202512,2020-Q3,-4.3,A,0,1,
OECD.SDD.STES:DSD_STES_REVISIONS@DF_STES_REVISIONS(4.0),EA20,Q,ULC,PT_PCOS,_T,202511,2020-Q3,-4.3,A,0,1,
OECD.SDD.STES:DSD_STES_REVISIONS@DF_STES_REVISIONS(4.0),EA20,Q,ULC,PT_PCOS,_T,202601,2020-Q3,-4.3,A,0,1,
OECD.SDD.STES:DSD_STES_REVISIONS@DF_STES_REVISIONS(4.0),EA20,Q,ULC,PT_PCOS,_T,202509,2020-Q3,-4.3,A,0,1,
OECD.SDD.STES:DSD_STES_REVISIONS@DF_STES_REVISIONS(4.0),EA20,Q,ULC,PT_PCOS,_T,202402,2020-Q4,1.08,A,0,1,
OECD.SDD.STES:DSD_STES_REVISIONS@DF_STES_REVISIONS(4.0),EA20,Q,ULC,PT_PCOS,_T,202401,2020-Q4,1.08,A,0,1,
OECD.SDD.STES:DSD_STES_REVISIONS@DF_STES_REVISIONS(4.0),EA20,Q,ULC,PT_PCOS,_T,202404,2020-Q4,1.08,A,0,1,
OECD.SDD.STES:DSD_STES_REVISIONS@DF_STES_REVISIONS(4.0),EA20,Q,ULC,PT_PCOS,_T,202403,2020-Q4,1.08,A,0,1,
OECD.SDD.STES:DSD_STES_REVISIONS@DF_STES_REVISIONS(4.0),EA20,Q,ULC,PT_PCOS,_T,202405,2020-Q4,1.08,A,0,1,
OECD.SDD.STES:DSD_STES_REVISIONS@DF_STES_REVISIONS(4.0),EA20,Q,ULC,PT_PCOS,_T,202412,2020-Q4,0.94,A,0,1,
OECD.SDD.STES:DSD_STES_REVISIONS@DF_STES_REVISIONS(4.0),EA20,Q,ULC,PT_PCOS,_T,202409,2020-Q4,1.39,A,0,1,
OECD.SDD.STES:DSD_STES_REVISIONS@DF_STES_REVISIONS(4.0),EA20,Q,ULC,PT_PCOS,_T,202411,2020-Q4,0.94,A,0,1,
OECD.SDD.STES:DSD_STES_REVISIONS@DF_STES_REVISIONS(4.0),EA20,Q,ULC,PT_PCOS,_T,202407,2020-Q4,1.39,A,0,1,
OECD.SDD.STES:DSD_STES_REVISIONS@DF_STES_REVISIONS(4.0),EA20,Q,ULC,PT_PCOS,_T,202406,2020-Q4,1.08,A,0,1,
OECD.SDD.STES:DSD_STES_REVISIONS@DF_STES_REVISIONS(4.0),EA20,Q,ULC,PT_PCOS,_T,202408,2020-Q4,1.39,A,0,1,
OECD.SDD.STES:DSD_STES_REVISIONS@DF_STES_REVISIONS(4.0),EA20,Q,ULC,PT_PCOS,_T,202510,2020-Q4,0.94,A,0,1,
OECD.SDD.STES:DSD_STES_REVISIONS@DF_STES_REVISIONS(4.0),EA20,Q,ULC,PT_PCOS,_T,202504,2020-Q4,0.94,A,0,1,
OECD.SDD.STES:DSD_STES_REVISIONS@DF_STES_REVISIONS(4.0),EA20,Q,ULC,PT_PCOS,_T,202507,2020-Q4,0.94,A,0,1,
OECD.SDD.STES:DSD_STES_REVISIONS@DF_STES_REVISIONS(4.0),EA20,Q,ULC,PT_PCOS,_T,202506,2020-Q4,0.94,A,0,1,
OECD.SDD.STES:DSD_STES_REVISIONS@DF_STES_REVISIONS(4.0),EA20,Q,ULC,PT_PCOS,_T,202508,2020-Q4,0.939999999999999,A,0,1,
OECD.SDD.STES:DSD_STES_REVISIONS@DF_STES_REVISIONS(4.0),EA20,Q,ULC,PT_PCOS,_T,202503,2020-Q4,0.94,A,0,1,
OECD.SDD.STES:DSD_STES_REVISIONS@DF_STES_REVISIONS(4.0),EA20,Q,ULC,PT_PCOS,_T,202505,2020-Q4,0.94,A,0,1,
OECD.SDD.STES:DSD_STES_REVISIONS@DF_STES_REVISIONS(4.0),EA20,Q,ULC,PT_PCOS,_T,202501,2020-Q4,0.94,A,0,1,
OECD.SDD.STES:DSD_STES_REVISIONS@DF_STES_REVISIONS(4.0),EA20,Q,ULC,PT_PCOS,_T,202502,2020-Q4,0.94,A,0,1,
OECD.SDD.STES:DSD_STES_REVISIONS@DF_STES_REVISIONS(4.0),EA20,Q,ULC,PT_PCOS,_T,202410,2020-Q4,0.94,A,0,1,
OECD.SDD.STES:DSD_STES_REVISIONS@DF_STES_REVISIONS(4.0),EA20,Q,ULC,PT_PCOS,_T,202608,2020-Q4,0.94,A,0,1,
OECD.SDD.STES:DSD_STES_REVISIONS@DF_STES_REVISIONS(4.0),EA20,Q,ULC,PT_PCOS,_T,202607,2020-Q4,0.94,A,0,1,
OECD.SDD.STES:DSD_STES_REVISIONS@DF_STES_REVISIONS(4.0),EA20,Q,ULC,PT_PCOS,_T,202605,2020-Q4,0.94,A,0,1,
OECD.SDD.STES:DSD_STES_REVISIONS@DF_STES_REVISIONS(4.0),EA20,Q,ULC,PT_PCOS,_T,202609,2020-Q4,0.94,A,0,1,
OECD.SDD.STES:DSD_STES_REVISIONS@DF_STES_REVISIONS(4.0),EA20,Q,ULC,PT_PCOS,_T,202606,2020-Q4,0.94,A,0,1,
OECD.SDD.STES:DSD_STES_REVISIONS@DF_STES_REVISIONS(4.0),EA20,Q,ULC,PT_PCOS,_T,202604,2020-Q4,0.94,A,0,1,
OECD.SDD.STES:DSD_STES_REVISIONS@DF_STES_REVISIONS(4.0),EA20,Q,ULC,PT_PCOS,_T,202603,2020-Q4,0.94,A,0,1,
OECD.SDD.STES:DSD_STES_REVISIONS@DF_STES_REVISIONS(4.0),EA20,Q,ULC,PT_PCOS,_T,202602,2020-Q4,0.94,A,0,1,
OECD.SDD.STES:DSD_STES_REVISIONS@DF_STES_REVISIONS(4.0),EA20,Q,ULC,PT_PCOS,_T,202512,2020-Q4,0.94,A,0,1,
OECD.SDD.STES:DSD_STES_REVISIONS@DF_STES_REVISIONS(4.0),EA20,Q,ULC,PT_PCOS,_T,202601,2020-Q4,0.94,A,0,1,
OECD.SDD.STES:DSD_STES_REVISIONS@DF_STES_REVISIONS(4.0),EA20,Q,ULC,PT_PCOS,_T,202511,2020-Q4,0.94,A,0,1,
OECD.SDD.STES:DSD_STES_REVISIONS@DF_STES_REVISIONS(4.0),EA20,Q,ULC,PT_PCOS,_T,202509,2020-Q4,0.94,A,0,1,
OECD.SDD.STES:DSD_STES_REVISIONS@DF_STES_REVISIONS(4.0),EA20,Q,ULC,PT_PCOS,_T,202402,2021-Q1,-0.16,A,0,1,
OECD.SDD.STES:DSD_STES_REVISIONS@DF_STES_REVISIONS(4.0),EA20,Q,ULC,PT_PCOS,_T,202401,2021-Q1,-0.18,A,0,1,
OECD.SDD.STES:DSD_STES_REVISIONS@DF_STES_REVISIONS(4.0),EA20,Q,ULC,PT_PCOS,_T,202404,2021-Q1,-0.16,A,0,1,
OECD.SDD.STES:DSD_STES_REVISIONS@DF_STES_REVISIONS(4.0),EA20,Q,ULC,PT_PCOS,_T,202403,2021-Q1,-0.16,A,0,1,
OECD.SDD.STES:DSD_STES_REVISIONS@DF_STES_REVISIONS(4.0),EA20,Q,ULC,PT_PCOS,_T,202405,2021-Q1,-0.16,A,0,1,
OECD.SDD.STES:DSD_STES_REVISIONS@DF_STES_REVISIONS(4.0),EA20,Q,ULC,PT_PCOS,_T,202412,2021-Q1,-0.18,A,0,1,
OECD.SDD.STES:DSD_STES_REVISIONS@DF_STES_REVISIONS(4.0),EA20,Q,ULC,PT_PCOS,_T,202409,2021-Q1,-0.16,A,0,1,
OECD.SDD.STES:DSD_STES_REVISIONS@DF_STES_REVISIONS(4.0),EA20,Q,ULC,PT_PCOS,_T,202411,2021-Q1,-0.18,A,0,1,
OECD.SDD.STES:DSD_STES_REVISIONS@DF_STES_REVISIONS(4.0),EA20,Q,ULC,PT_PCOS,_T,202407,2021-Q1,-0.16,A,0,1,
OECD.SDD.STES:DSD_STES_REVISIONS@DF_STES_REVISIONS(4.0),EA20,Q,ULC,PT_PCOS,_T,202406,2021-Q1,-0.16,A,0,1,
OECD.SDD.STES:DSD_STES_REVISIONS@DF_STES_REVISIONS(4.0),EA20,Q,ULC,PT_PCOS,_T,202408,2021-Q1,-0.16,A,0,1,
OECD.SDD.STES:DSD_STES_REVISIONS@DF_STES_REVISIONS(4.0),EA20,Q,ULC,PT_PCOS,_T,202510,2021-Q1,-0.18,A,0,1,
OECD.SDD.STES:DSD_STES_REVISIONS@DF_STES_REVISIONS(4.0),EA20,Q,ULC,PT_PCOS,_T,202504,2021-Q1,-0.18,A,0,1,
OECD.SDD.STES:DSD_STES_REVISIONS@DF_STES_REVISIONS(4.0),EA20,Q,ULC,PT_PCOS,_T,202507,2021-Q1,-0.18,A,0,1,
OECD.SDD.STES:DSD_STES_REVISIONS@DF_STES_REVISIONS(4.0),EA20,Q,ULC,PT_PCOS,_T,202506,2021-Q1,-0.18,A,0,1,
OECD.SDD.STES:DSD_STES_REVISIONS@DF_STES_REVISIONS(4.0),EA20,Q,ULC,PT_PCOS,_T,202508,2021-Q1,-0.179999999999999,A,0,1,
OECD.SDD.STES:DSD_STES_REVISIONS@DF_STES_REVISIONS(4.0),EA20,Q,ULC,PT_PCOS,_T,202503,2021-Q1,-0.18,A,0,1,
OECD.SDD.STES:DSD_STES_REVISIONS@DF_STES_REVISIONS(4.0),EA20,Q,ULC,PT_PCOS,_T,202505,2021-Q1,-0.18,A,0,1,
OECD.SDD.STES:DSD_STES_REVISIONS@DF_STES_REVISIONS(4.0),EA20,Q,ULC,PT_PCOS,_T,202501,2021-Q1,-0.18,A,0,1,
OECD.SDD.STES:DSD_STES_REVISIONS@DF_STES_REVISIONS(4.0),EA20,Q,ULC,PT_PCOS,_T,202502,2021-Q1,-0.18,A,0,1,
OECD.SDD.STES:DSD_STES_REVISIONS@DF_STES_REVISIONS(4.0),EA20,Q,ULC,PT_PCOS,_T,202410,2021-Q1,-0.18,A,0,1,
OECD.SDD.STES:DSD_STES_REVISIONS@DF_STES_REVISIONS(4.0),EA20,Q,ULC,PT_PCOS,_T,202608,2021-Q1,-0.18,A,0,1,
OECD.SDD.STES:DSD_STES_REVISIONS@DF_STES_REVISIONS(4.0),EA20,Q,ULC,PT_PCOS,_T,202607,2021-Q1,-0.18,A,0,1,
OECD.SDD.STES:DSD_STES_REVISIONS@DF_STES_REVISIONS(4.0),EA20,Q,ULC,PT_PCOS,_T,202605,2021-Q1,-0.18,A,0,1,
OECD.SDD.STES:DSD_STES_REVISIONS@DF_STES_REVISIONS(4.0),EA20,Q,ULC,PT_PCOS,_T,202609,2021-Q1,-0.18,A,0,1,
OECD.SDD.STES:DSD_STES_REVISIONS@DF_STES_REVISIONS(4.0),EA20,Q,ULC,PT_PCOS,_T,202606,2021-Q1,-0.18,A,0,1,
OECD.SDD.STES:DSD_STES_REVISIONS@DF_STES_REVISIONS(4.0),EA20,Q,ULC,PT_PCOS,_T,202604,2021-Q1,-0.18,A,0,1,
OECD.SDD.STES:DSD_STES_REVISIONS@DF_STES_REVISIONS(4.0),EA20,Q,ULC,PT_PCOS,_T,202603,2021-Q1,-0.18,A,0,1,
OECD.SDD.STES:DSD_STES_REVISIONS@DF_STES_REVISIONS(4.0),EA20,Q,ULC,PT_PCOS,_T,202602,2021-Q1,-0.18,A,0,1,
OECD.SDD.STES:DSD_STES_REVISIONS@DF_STES_REVISIONS(4.0),EA20,Q,ULC,PT_PCOS,_T,202512,2021-Q1,-0.18,A,0,1,
OECD.SDD.STES:DSD_STES_REVISIONS@DF_STES_REVISIONS(4.0),EA20,Q,ULC,PT_PCOS,_T,202511,2021-Q1,-0.18,A,0,1,
OECD.SDD.STES:DSD_STES_REVISIONS@DF_STES_REVISIONS(4.0),EA20,Q,ULC,PT_PCOS,_T,202601,2021-Q1,-0.18,A,0,1,
OECD.SDD.STES:DSD_STES_REVISIONS@DF_STES_REVISIONS(4.0),EA20,Q,ULC,PT_PCOS,_T,202509,2021-Q1,-0.18,A,0,1,
OECD.SDD.STES:DSD_STES_REVISIONS@DF_STES_REVISIONS(4.0),EA20,Q,ULC,PT_PCOS,_T,202402,2021-Q2,-0.6,A,0,1,
OECD.SDD.STES:DSD_STES_REVISIONS@DF_STES_REVISIONS(4.0),EA20,Q,ULC,PT_PCOS,_T,202401,2021-Q2,-0.59,A,0,1,
OECD.SDD.STES:DSD_STES_REVISIONS@DF_STES_REVISIONS(4.0),EA20,Q,ULC,PT_PCOS,_T,202404,2021-Q2,-0.6,A,0,1,
OECD.SDD.STES:DSD_STES_REVISIONS@DF_STES_REVISIONS(4.0),EA20,Q,ULC,PT_PCOS,_T,202403,2021-Q2,-0.6,A,0,1,
OECD.SDD.STES:DSD_STES_REVISIONS@DF_STES_REVISIONS(4.0),EA20,Q,ULC,PT_PCOS,_T,202405,2021-Q2,-0.6,A,0,1,
OECD.SDD.STES:DSD_STES_REVISIONS@DF_STES_REVISIONS(4.0),EA20,Q,ULC,PT_PCOS,_T,202412,2021-Q2,-0.67,A,0,1,
OECD.SDD.STES:DSD_STES_REVISIONS@DF_STES_REVISIONS(4.0),EA20,Q,ULC,PT_PCOS,_T,202409,2021-Q2,-0.41,A,0,1,
OECD.SDD.STES:DSD_STES_REVISIONS@DF_STES_REVISIONS(4.0),EA20,Q,ULC,PT_PCOS,_T,202411,2021-Q2,-0.67,A,0,1,
OECD.SDD.STES:DSD_STES_REVISIONS@DF_STES_REVISIONS(4.0),EA20,Q,ULC,PT_PCOS,_T,202407,2021-Q2,-0.41,A,0,1,
OECD.SDD.STES:DSD_STES_REVISIONS@DF_STES_REVISIONS(4.0),EA20,Q,ULC,PT_PCOS,_T,202406,2021-Q2,-0.6,A,0,1,
OECD.SDD.STES:DSD_STES_REVISIONS@DF_STES_REVISIONS(4.0),EA20,Q,ULC,PT_PCOS,_T,202408,2021-Q2,-0.41,A,0,1,
OECD.SDD.STES:DSD_STES_REVISIONS@DF_STES_REVISIONS(4.0),EA20,Q,ULC,PT_PCOS,_T,202510,2021-Q2,-0.67,A,0,1,
OECD.SDD.STES:DSD_STES_REVISIONS@DF_STES_REVISIONS(4.0),EA20,Q,ULC,PT_PCOS,_T,202504,2021-Q2,-0.67,A,0,1,
OECD.SDD.STES:DSD_STES_REVISIONS@DF_STES_REVISIONS(4.0),EA20,Q,ULC,PT_PCOS,_T,202507,2021-Q2,-0.67,A,0,1,
OECD.SDD.STES:DSD_STES_REVISIONS@DF_STES_REVISIONS(4.0),EA20,Q,ULC,PT_PCOS,_T,202506,2021-Q2,-0.67,A,0,1,
OECD.SDD.STES:DSD_STES_REVISIONS@DF_STES_REVISIONS(4.0),EA20,Q,ULC,PT_PCOS,_T,202508,2021-Q2,-0.67,A,0,1,
OECD.SDD.STES:DSD_STES_REVISIONS@DF_STES_REVISIONS(4.0),EA20,Q,ULC,PT_PCOS,_T,202503,2021-Q2,-0.67,A,0,1,
OECD.SDD.STES:DSD_STES_REVISIONS@DF_STES_REVISIONS(4.0),EA20,Q,ULC,PT_PCOS,_T,202505,2021-Q2,-0.67,A,0,1,
OECD.SDD.STES:DSD_STES_REVISIONS@DF_STES_REVISIONS(4.0),EA20,Q,ULC,PT_PCOS,_T,202501,2021-Q2,-0.67,A,0,1,
OECD.SDD.STES:DSD_STES_REVISIONS@DF_STES_REVISIONS(4.0),EA20,Q,ULC,PT_PCOS,_T,202502,2021-Q2,-0.67,A,0,1,
OECD.SDD.STES:DSD_STES_REVISIONS@DF_STES_REVISIONS(4.0),EA20,Q,ULC,PT_PCOS,_T,202410,2021-Q2,-0.67,A,0,1,
OECD.SDD.STES:DSD_STES_REVISIONS@DF_STES_REVISIONS(4.0),EA20,Q,ULC,PT_PCOS,_T,202608,2021-Q2,-0.67,A,0,1,
OECD.SDD.STES:DSD_STES_REVISIONS@DF_STES_REVISIONS(4.0),EA20,Q,ULC,PT_PCOS,_T,202607,2021-Q2,-0.67,A,0,1,
OECD.SDD.STES:DSD_STES_REVISIONS@DF_STES_REVISIONS(4.0),EA20,Q,ULC,PT_PCOS,_T,202605,2021-Q2,-0.67,A,0,1,
OECD.SDD.STES:DSD_STES_REVISIONS@DF_STES_REVISIONS(4.0),EA20,Q,ULC,PT_PCOS,_T,202609,2021-Q2,-0.67,A,0,1,
OECD.SDD.STES:DSD_STES_REVISIONS@DF_STES_REVISIONS(4.0),EA20,Q,ULC,PT_PCOS,_T,202606,2021-Q2,-0.67,A,0,1,
OECD.SDD.STES:DSD_STES_REVISIONS@DF_STES_REVISIONS(4.0),EA20,Q,ULC,PT_PCOS,_T,202604,2021-Q2,-0.67,A,0,1,
OECD.SDD.STES:DSD_STES_REVISIONS@DF_STES_REVISIONS(4.0),EA20,Q,ULC,PT_PCOS,_T,202603,2021-Q2,-0.67,A,0,1,
OECD.SDD.STES:DSD_STES_REVISIONS@DF_STES_REVISIONS(4.0),EA20,Q,ULC,PT_PCOS,_T,202602,2021-Q2,-0.67,A,0,1,
OECD.SDD.STES:DSD_STES_REVISIONS@DF_STES_REVISIONS(4.0),EA20,Q,ULC,PT_PCOS,_T,202512,2021-Q2,-0.67,A,0,1,
OECD.SDD.STES:DSD_STES_REVISIONS@DF_STES_REVISIONS(4.0),EA20,Q,ULC,PT_PCOS,_T,202601,2021-Q2,-0.67,A,0,1,
OECD.SDD.STES:DSD_STES_REVISIONS@DF_STES_REVISIONS(4.0),EA20,Q,ULC,PT_PCOS,_T,202511,2021-Q2,-0.67,A,0,1,
OECD.SDD.STES:DSD_STES_REVISIONS@DF_STES_REVISIONS(4.0),EA20,Q,ULC,PT_PCOS,_T,202509,2021-Q2,-0.67,A,0,1,
OECD.SDD.STES:DSD_STES_REVISIONS@DF_STES_REVISIONS(4.0),EA20,Q,ULC,PT_PCOS,_T,202402,2021-Q3,1.06,A,0,1,
OECD.SDD.STES:DSD_STES_REVISIONS@DF_STES_REVISIONS(4.0),EA20,Q,ULC,PT_PCOS,_T,202401,2021-Q3,1.06,A,0,1,
OECD.SDD.STES:DSD_STES_REVISIONS@DF_STES_REVISIONS(4.0),EA20,Q,ULC,PT_PCOS,_T,202404,2021-Q3,1.06,A,0,1,
OECD.SDD.STES:DSD_STES_REVISIONS@DF_STES_REVISIONS(4.0),EA20,Q,ULC,PT_PCOS,_T,202403,2021-Q3,1.06,A,0,1,
OECD.SDD.STES:DSD_STES_REVISIONS@DF_STES_REVISIONS(4.0),EA20,Q,ULC,PT_PCOS,_T,202405,2021-Q3,1.06,A,0,1,
OECD.SDD.STES:DSD_STES_REVISIONS@DF_STES_REVISIONS(4.0),EA20,Q,ULC,PT_PCOS,_T,202412,2021-Q3,1.01,A,0,1,
OECD.SDD.STES:DSD_STES_REVISIONS@DF_STES_REVISIONS(4.0),EA20,Q,ULC,PT_PCOS,_T,202409,2021-Q3,1.02,A,0,1,
OECD.SDD.STES:DSD_STES_REVISIONS@DF_STES_REVISIONS(4.0),EA20,Q,ULC,PT_PCOS,_T,202411,2021-Q3,1.01,A,0,1,
OECD.SDD.STES:DSD_STES_REVISIONS@DF_STES_REVISIONS(4.0),EA20,Q,ULC,PT_PCOS,_T,202407,2021-Q3,1.02,A,0,1,
OECD.SDD.STES:DSD_STES_REVISIONS@DF_STES_REVISIONS(4.0),EA20,Q,ULC,PT_PCOS,_T,202406,2021-Q3,1.06,A,0,1,
OECD.SDD.STES:DSD_STES_REVISIONS@DF_STES_REVISIONS(4.0),EA20,Q,ULC,PT_PCOS,_T,202408,2021-Q3,1.02,A,0,1,
OECD.SDD.STES:DSD_STES_REVISIONS@DF_STES_REVISIONS(4.0),EA20,Q,ULC,PT_PCOS,_T,202510,2021-Q3,1.01,A,0,1,
OECD.SDD.STES:DSD_STES_REVISIONS@DF_STES_REVISIONS(4.0),EA20,Q,ULC,PT_PCOS,_T,202504,2021-Q3,1.01,A,0,1,
OECD.SDD.STES:DSD_STES_REVISIONS@DF_STES_REVISIONS(4.0),EA20,Q,ULC,PT_PCOS,_T,202507,2021-Q3,1.01,A,0,1,
OECD.SDD.STES:DSD_STES_REVISIONS@DF_STES_REVISIONS(4.0),EA20,Q,ULC,PT_PCOS,_T,202506,2021-Q3,1.01,A,0,1,
OECD.SDD.STES:DSD_STES_REVISIONS@DF_STES_REVISIONS(4.0),EA20,Q,ULC,PT_PCOS,_T,202508,2021-Q3,1.01,A,0,1,
OECD.SDD.STES:DSD_STES_REVISIONS@DF_STES_REVISIONS(4.0),EA20,Q,ULC,PT_PCOS,_T,202503,2021-Q3,1.01,A,0,1,
OECD.SDD.STES:DSD_STES_REVISIONS@DF_STES_REVISIONS(4.0),EA20,Q,ULC,PT_PCOS,_T,202505,2021-Q3,1.01,A,0,1,
OECD.SDD.STES:DSD_STES_REVISIONS@DF_STES_REVISIONS(4.0),EA20,Q,ULC,PT_PCOS,_T,202501,2021-Q3,1.01,A,0,1,
OECD.SDD.STES:DSD_STES_REVISIONS@DF_STES_REVISIONS(4.0),EA20,Q,ULC,PT_PCOS,_T,202502,2021-Q3,1.01,A,0,1,
OECD.SDD.STES:DSD_STES_REVISIONS@DF_STES_REVISIONS(4.0),EA20,Q,ULC,PT_PCOS,_T,202410,2021-Q3,1.01,A,0,1,
OECD.SDD.STES:DSD_STES_REVISIONS@DF_STES_REVISIONS(4.0),EA20,Q,ULC,PT_PCOS,_T,202608,2021-Q3,1.01,A,0,1,
OECD.SDD.STES:DSD_STES_REVISIONS@DF_STES_REVISIONS(4.0),EA20,Q,ULC,PT_PCOS,_T,202607,2021-Q3,1.01,A,0,1,
OECD.SDD.STES:DSD_STES_REVISIONS@DF_STES_REVISIONS(4.0),EA20,Q,ULC,PT_PCOS,_T,202605,2021-Q3,1.01,A,0,1,
OECD.SDD.STES:DSD_STES_REVISIONS@DF_STES_REVISIONS(4.0),EA20,Q,ULC,PT_PCOS,_T,202609,2021-Q3,1.01,A,0,1,
OECD.SDD.STES:DSD_STES_REVISIONS@DF_STES_REVISIONS(4.0),EA20,Q,ULC,PT_PCOS,_T,202606,2021-Q3,1.01,A,0,1,
OECD.SDD.STES:DSD_STES_REVISIONS@DF_STES_REVISIONS(4.0),EA20,Q,ULC,PT_PCOS,_T,202604,2021-Q3,1.01,A,0,1,
OECD.SDD.STES:DSD_STES_REVISIONS@DF_STES_REVISIONS(4.0),EA20,Q,ULC,PT_PCOS,_T,202603,2021-Q3,1.01,A,0,1,
OECD.SDD.STES:DSD_STES_REVISIONS@DF_STES_REVISIONS(4.0),EA20,Q,ULC,PT_PCOS,_T,202602,2021-Q3,1.01,A,0,1,
OECD.SDD.STES:DSD_STES_REVISIONS@DF_STES_REVISIONS(4.0),EA20,Q,ULC,PT_PCOS,_T,202512,2021-Q3,1.01,A,0,1,
OECD.SDD.STES:DSD_STES_REVISIONS@DF_STES_REVISIONS(4.0),EA20,Q,ULC,PT_PCOS,_T,202511,2021-Q3,1.01,A,0,1,
OECD.SDD.STES:DSD_STES_REVISIONS@DF_STES_REVISIONS(4.0),EA20,Q,ULC,PT_PCOS,_T,202601,2021-Q3,1.01,A,0,1,
OECD.SDD.STES:DSD_STES_REVISIONS@DF_STES_REVISIONS(4.0),EA20,Q,ULC,PT_PCOS,_T,202509,2021-Q3,1.01,A,0,1,
OECD.SDD.STES:DSD_STES_REVISIONS@DF_STES_REVISIONS(4.0),EA20,Q,ULC,PT_PCOS,_T,202402,2021-Q4,0.81,A,0,1,
OECD.SDD.STES:DSD_STES_REVISIONS@DF_STES_REVISIONS(4.0),EA20,Q,ULC,PT_PCOS,_T,202401,2021-Q4,0.81,A,0,1,
OECD.SDD.STES:DSD_STES_REVISIONS@DF_STES_REVISIONS(4.0),EA20,Q,ULC,PT_PCOS,_T,202404,2021-Q4,0.81,A,0,1,
OECD.SDD.STES:DSD_STES_REVISIONS@DF_STES_REVISIONS(4.0),EA20,Q,ULC,PT_PCOS,_T,202403,2021-Q4,0.81,A,0,1,
OECD.SDD.STES:DSD_STES_REVISIONS@DF_STES_REVISIONS(4.0),EA20,Q,ULC,PT_PCOS,_T,202405,2021-Q4,0.81,A,0,1,
OECD.SDD.STES:DSD_STES_REVISIONS@DF_STES_REVISIONS(4.0),EA20,Q,ULC,PT_PCOS,_T,202412,2021-Q4,0.77,A,0,1,
OECD.SDD.STES:DSD_STES_REVISIONS@DF_STES_REVISIONS(4.0),EA20,Q,ULC,PT_PCOS,_T,202409,2021-Q4,0.85,A,0,1,
OECD.SDD.STES:DSD_STES_REVISIONS@DF_STES_REVISIONS(4.0),EA20,Q,ULC,PT_PCOS,_T,202411,2021-Q4,0.77,A,0,1,
OECD.SDD.STES:DSD_STES_REVISIONS@DF_STES_REVISIONS(4.0),EA20,Q,ULC,PT_PCOS,_T,202407,2021-Q4,0.85,A,0,1,
OECD.SDD.STES:DSD_STES_REVISIONS@DF_STES_REVISIONS(4.0),EA20,Q,ULC,PT_PCOS,_T,202406,2021-Q4,0.81,A,0,1,
OECD.SDD.STES:DSD_STES_REVISIONS@DF_STES_REVISIONS(4.0),EA20,Q,ULC,PT_PCOS,_T,202408,2021-Q4,0.85,A,0,1,
OECD.SDD.STES:DSD_STES_REVISIONS@DF_STES_REVISIONS(4.0),EA20,Q,ULC,PT_PCOS,_T,202510,2021-Q4,0.77,A,0,1,
OECD.SDD.STES:DSD_STES_REVISIONS@DF_STES_REVISIONS(4.0),EA20,Q,ULC,PT_PCOS,_T,202504,2021-Q4,0.77,A,0,1,
OECD.SDD.STES:DSD_STES_REVISIONS@DF_STES_REVISIONS(4.0),EA20,Q,ULC,PT_PCOS,_T,202507,2021-Q4,0.77,A,0,1,
OECD.SDD.STES:DSD_STES_REVISIONS@DF_STES_REVISIONS(4.0),EA20,Q,ULC,PT_PCOS,_T,202506,2021-Q4,0.77,A,0,1,
OECD.SDD.STES:DSD_STES_REVISIONS@DF_STES_REVISIONS(4.0),EA20,Q,ULC,PT_PCOS,_T,202508,2021-Q4,0.77,A,0,1,
OECD.SDD.STES:DSD_STES_REVISIONS@DF_STES_REVISIONS(4.0),EA20,Q,ULC,PT_PCOS,_T,202503,2021-Q4,0.77,A,0,1,
OECD.SDD.STES:DSD_STES_REVISIONS@DF_STES_REVISIONS(4.0),EA20,Q,ULC,PT_PCOS,_T,202505,2021-Q4,0.77,A,0,1,
OECD.SDD.STES:DSD_STES_REVISIONS@DF_STES_REVISIONS(4.0),EA20,Q,ULC,PT_PCOS,_T,202501,2021-Q4,0.77,A,0,1,
OECD.SDD.STES:DSD_STES_REVISIONS@DF_STES_REVISIONS(4.0),EA20,Q,ULC,PT_PCOS,_T,202502,2021-Q4,0.77,A,0,1,
OECD.SDD.STES:DSD_STES_REVISIONS@DF_STES_REVISIONS(4.0),EA20,Q,ULC,PT_PCOS,_T,202410,2021-Q4,0.77,A,0,1,
OECD.SDD.STES:DSD_STES_REVISIONS@DF_STES_REVISIONS(4.0),EA20,Q,ULC,PT_PCOS,_T,202608,2021-Q4,0.77,A,0,1,
OECD.SDD.STES:DSD_STES_REVISIONS@DF_STES_REVISIONS(4.0),EA20,Q,ULC,PT_PCOS,_T,202607,2021-Q4,0.77,A,0,1,
OECD.SDD.STES:DSD_STES_REVISIONS@DF_STES_REVISIONS(4.0),EA20,Q,ULC,PT_PCOS,_T,202605,2021-Q4,0.77,A,0,1,
OECD.SDD.STES:DSD_STES_REVISIONS@DF_STES_REVISIONS(4.0),EA20,Q,ULC,PT_PCOS,_T,202609,2021-Q4,0.77,A,0,1,
OECD.SDD.STES:DSD_STES_REVISIONS@DF_STES_REVISIONS(4.0),EA20,Q,ULC,PT_PCOS,_T,202606,2021-Q4,0.77,A,0,1,
OECD.SDD.STES:DSD_STES_REVISIONS@DF_STES_REVISIONS(4.0),EA20,Q,ULC,PT_PCOS,_T,202604,2021-Q4,0.77,A,0,1,
OECD.SDD.STES:DSD_STES_REVISIONS@DF_STES_REVISIONS(4.0),EA20,Q,ULC,PT_PCOS,_T,202603,2021-Q4,0.77,A,0,1,
OECD.SDD.STES:DSD_STES_REVISIONS@DF_STES_REVISIONS(4.0),EA20,Q,ULC,PT_PCOS,_T,202602,2021-Q4,0.77,A,0,1,
OECD.SDD.STES:DSD_STES_REVISIONS@DF_STES_REVISIONS(4.0),EA20,Q,ULC,PT_PCOS,_T,202512,2021-Q4,0.77,A,0,1,
OECD.SDD.STES:DSD_STES_REVISIONS@DF_STES_REVISIONS(4.0),EA20,Q,ULC,PT_PCOS,_T,202601,2021-Q4,0.77,A,0,1,
OECD.SDD.STES:DSD_STES_REVISIONS@DF_STES_REVISIONS(4.0),EA20,Q,ULC,PT_PCOS,_T,202511,2021-Q4,0.77,A,0,1,
OECD.SDD.STES:DSD_STES_REVISIONS@DF_STES_REVISIONS(4.0),EA20,Q,ULC,PT_PCOS,_T,202509,2021-Q4,0.77,A,0,1,
OECD.SDD.STES:DSD_STES_REVISIONS@DF_STES_REVISIONS(4.0),EA20,Q,ULC,PT_PCOS,_T,202402,2022-Q1,0.95,A,0,1,
OECD.SDD.STES:DSD_STES_REVISIONS@DF_STES_REVISIONS(4.0),EA20,Q,ULC,PT_PCOS,_T,202401,2022-Q1,0.95,A,0,1,
OECD.SDD.STES:DSD_STES_REVISIONS@DF_STES_REVISIONS(4.0),EA20,Q,ULC,PT_PCOS,_T,202404,2022-Q1,0.95,A,0,1,
OECD.SDD.STES:DSD_STES_REVISIONS@DF_STES_REVISIONS(4.0),EA20,Q,ULC,PT_PCOS,_T,202403,2022-Q1,0.95,A,0,1,
OECD.SDD.STES:DSD_STES_REVISIONS@DF_STES_REVISIONS(4.0),EA20,Q,ULC,PT_PCOS,_T,202405,2022-Q1,0.95,A,0,1,
OECD.SDD.STES:DSD_STES_REVISIONS@DF_STES_REVISIONS(4.0),EA20,Q,ULC,PT_PCOS,_T,202412,2022-Q1,0.8,A,0,1,
OECD.SDD.STES:DSD_STES_REVISIONS@DF_STES_REVISIONS(4.0),EA20,Q,ULC,PT_PCOS,_T,202409,2022-Q1,0.78,A,0,1,
OECD.SDD.STES:DSD_STES_REVISIONS@DF_STES_REVISIONS(4.0),EA20,Q,ULC,PT_PCOS,_T,202411,2022-Q1,0.8,A,0,1,
OECD.SDD.STES:DSD_STES_REVISIONS@DF_STES_REVISIONS(4.0),EA20,Q,ULC,PT_PCOS,_T,202407,2022-Q1,0.78,A,0,1,
OECD.SDD.STES:DSD_STES_REVISIONS@DF_STES_REVISIONS(4.0),EA20,Q,ULC,PT_PCOS,_T,202406,2022-Q1,0.95,A,0,1,
OECD.SDD.STES:DSD_STES_REVISIONS@DF_STES_REVISIONS(4.0),EA20,Q,ULC,PT_PCOS,_T,202408,2022-Q1,0.78,A,0,1,
OECD.SDD.STES:DSD_STES_REVISIONS@DF_STES_REVISIONS(4.0),EA20,Q,ULC,PT_PCOS,_T,202510,2022-Q1,0.8,A,0,1,
OECD.SDD.STES:DSD_STES_REVISIONS@DF_STES_REVISIONS(4.0),EA20,Q,ULC,PT_PCOS,_T,202504,2022-Q1,0.8,A,0,1,
OECD.SDD.STES:DSD_STES_REVISIONS@DF_STES_REVISIONS(4.0),EA20,Q,ULC,PT_PCOS,_T,202507,2022-Q1,0.8,A,0,1,
OECD.SDD.STES:DSD_STES_REVISIONS@DF_STES_REVISIONS(4.0),EA20,Q,ULC,PT_PCOS,_T,202506,2022-Q1,0.8,A,0,1,
OECD.SDD.STES:DSD_STES_REVISIONS@DF_STES_REVISIONS(4.0),EA20,Q,ULC,PT_PCOS,_T,202508,2022-Q1,0.8,A,0,1,
OECD.SDD.STES:DSD_STES_REVISIONS@DF_STES_REVISIONS(4.0),EA20,Q,ULC,PT_PCOS,_T,202503,2022-Q1,0.8,A,0,1,
OECD.SDD.STES:DSD_STES_REVISIONS@DF_STES_REVISIONS(4.0),EA20,Q,ULC,PT_PCOS,_T,202505,2022-Q1,0.8,A,0,1,
OECD.SDD.STES:DSD_STES_REVISIONS@DF_STES_REVISIONS(4.0),EA20,Q,ULC,PT_PCOS,_T,202501,2022-Q1,0.8,A,0,1,
OECD.SDD.STES:DSD_STES_REVISIONS@DF_STES_REVISIONS(4.0),EA20,Q,ULC,PT_PCOS,_T,202502,2022-Q1,0.8,A,0,1,
OECD.SDD.STES:DSD_STES_REVISIONS@DF_STES_REVISIONS(4.0),EA20,Q,ULC,PT_PCOS,_T,202410,2022-Q1,0.8,A,0,1,
OECD.SDD.STES:DSD_STES_REVISIONS@DF_STES_REVISIONS(4.0),EA20,Q,ULC,PT_PCOS,_T,202608,2022-Q1,0.8,A,0,1,
OECD.SDD.STES:DSD_STES_REVISIONS@DF_STES_REVISIONS(4.0),EA20,Q,ULC,PT_PCOS,_T,202607,2022-Q1,0.8,A,0,1,
OECD.SDD.STES:DSD_STES_REVISIONS@DF_STES_REVISIONS(4.0),EA20,Q,ULC,PT_PCOS,_T,202605,2022-Q1,0.8,A,0,1,
OECD.SDD.STES:DSD_STES_REVISIONS@DF_STES_REVISIONS(4.0),EA20,Q,ULC,PT_PCOS,_T,202609,2022-Q1,0.8,A,0,1,
OECD.SDD.STES:DSD_STES_REVISIONS@DF_STES_REVISIONS(4.0),EA20,Q,ULC,PT_PCOS,_T,202606,2022-Q1,0.8,A,0,1,
OECD.SDD.STES:DSD_STES_REVISIONS@DF_STES_REVISIONS(4.0),EA20,Q,ULC,PT_PCOS,_T,202604,2022-Q1,0.8,A,0,1,
OECD.SDD.STES:DSD_STES_REVISIONS@DF_STES_REVISIONS(4.0),EA20,Q,ULC,PT_PCOS,_T,202603,2022-Q1,0.8,A,0,1,
OECD.SDD.STES:DSD_STES_REVISIONS@DF_STES_REVISIONS(4.0),EA20,Q,ULC,PT_PCOS,_T,202602,2022-Q1,0.8,A,0,1,
OECD.SDD.STES:DSD_STES_REVISIONS@DF_STES_REVISIONS(4.0),EA20,Q,ULC,PT_PCOS,_T,202512,2022-Q1,0.8,A,0,1,
OECD.SDD.STES:DSD_STES_REVISIONS@DF_STES_REVISIONS(4.0),EA20,Q,ULC,PT_PCOS,_T,202511,2022-Q1,0.8,A,0,1,
OECD.SDD.STES:DSD_STES_REVISIONS@DF_STES_REVISIONS(4.0),EA20,Q,ULC,PT_PCOS,_T,202601,2022-Q1,0.8,A,0,1,
OECD.SDD.STES:DSD_STES_REVISIONS@DF_STES_REVISIONS(4.0),EA20,Q,ULC,PT_PCOS,_T,202509,2022-Q1,0.8,A,0,1,
OECD.SDD.STES:DSD_STES_REVISIONS@DF_STES_REVISIONS(4.0),EA20,Q,ULC,PT_PCOS,_T,202402,2022-Q2,0.15,A,0,1,
OECD.SDD.STES:DSD_STES_REVISIONS@DF_STES_REVISIONS(4.0),EA20,Q,ULC,PT_PCOS,_T,202401,2022-Q2,0.15,A,0,1,
OECD.SDD.STES:DSD_STES_REVISIONS@DF_STES_REVISIONS(4.0),EA20,Q,ULC,PT_PCOS,_T,202404,2022-Q2,0.15,A,0,1,
OECD.SDD.STES:DSD_STES_REVISIONS@DF_STES_REVISIONS(4.0),EA20,Q,ULC,PT_PCOS,_T,202403,2022-Q2,0.15,A,0,1,
OECD.SDD.STES:DSD_STES_REVISIONS@DF_STES_REVISIONS(4.0),EA20,Q,ULC,PT_PCOS,_T,202405,2022-Q2,0.15,A,0,1,
OECD.SDD.STES:DSD_STES_REVISIONS@DF_STES_REVISIONS(4.0),EA20,Q,ULC,PT_PCOS,_T,202412,2022-Q2,0.25,A,0,1,
OECD.SDD.STES:DSD_STES_REVISIONS@DF_STES_REVISIONS(4.0),EA20,Q,ULC,PT_PCOS,_T,202409,2022-Q2,0.39,A,0,1,
OECD.SDD.STES:DSD_STES_REVISIONS@DF_STES_REVISIONS(4.0),EA20,Q,ULC,PT_PCOS,_T,202411,2022-Q2,0.25,A,0,1,
OECD.SDD.STES:DSD_STES_REVISIONS@DF_STES_REVISIONS(4.0),EA20,Q,ULC,PT_PCOS,_T,202407,2022-Q2,0.39,A,0,1,
OECD.SDD.STES:DSD_STES_REVISIONS@DF_STES_REVISIONS(4.0),EA20,Q,ULC,PT_PCOS,_T,202406,2022-Q2,0.15,A,0,1,
OECD.SDD.STES:DSD_STES_REVISIONS@DF_STES_REVISIONS(4.0),EA20,Q,ULC,PT_PCOS,_T,202408,2022-Q2,0.39,A,0,1,
OECD.SDD.STES:DSD_STES_REVISIONS@DF_STES_REVISIONS(4.0),EA20,Q,ULC,PT_PCOS,_T,202510,2022-Q2,0.25,A,0,1,
OECD.SDD.STES:DSD_STES_REVISIONS@DF_STES_REVISIONS(4.0),EA20,Q,ULC,PT_PCOS,_T,202504,2022-Q2,0.25,A,0,1,
OECD.SDD.STES:DSD_STES_REVISIONS@DF_STES_REVISIONS(4.0),EA20,Q,ULC,PT_PCOS,_T,202507,2022-Q2,0.25,A,0,1,
OECD.SDD.STES:DSD_STES_REVISIONS@DF_STES_REVISIONS(4.0),EA20,Q,ULC,PT_PCOS,_T,202506,2022-Q2,0.25,A,0,1,
OECD.SDD.STES:DSD_STES_REVISIONS@DF_STES_REVISIONS(4.0),EA20,Q,ULC,PT_PCOS,_T,202508,2022-Q2,0.25,A,0,1,
OECD.SDD.STES:DSD_STES_REVISIONS@DF_STES_REVISIONS(4.0),EA20,Q,ULC,PT_PCOS,_T,202503,2022-Q2,0.25,A,0,1,
OECD.SDD.STES:DSD_STES_REVISIONS@DF_STES_REVISIONS(4.0),EA20,Q,ULC,PT_PCOS,_T,202505,2022-Q2,0.25,A,0,1,
OECD.SDD.STES:DSD_STES_REVISIONS@DF_STES_REVISIONS(4.0),EA20,Q,ULC,PT_PCOS,_T,202501,2022-Q2,0.25,A,0,1,
OECD.SDD.STES:DSD_STES_REVISIONS@DF_STES_REVISIONS(4.0),EA20,Q,ULC,PT_PCOS,_T,202502,2022-Q2,0.25,A,0,1,
OECD.SDD.STES:DSD_STES_REVISIONS@DF_STES_REVISIONS(4.0),EA20,Q,ULC,PT_PCOS,_T,202410,2022-Q2,0.25,A,0,1,
OECD.SDD.STES:DSD_STES_REVISIONS@DF_STES_REVISIONS(4.0),EA20,Q,ULC,PT_PCOS,_T,202608,2022-Q2,0.25,A,0,1,
OECD.SDD.STES:DSD_STES_REVISIONS@DF_STES_REVISIONS(4.0),EA20,Q,ULC,PT_PCOS,_T,202607,2022-Q2,0.25,A,0,1,
OECD.SDD.STES:DSD_STES_REVISIONS@DF_STES_REVISIONS(4.0),EA20,Q,ULC,PT_PCOS,_T,202605,2022-Q2,0.25,A,0,1,
OECD.SDD.STES:DSD_STES_REVISIONS@DF_STES_REVISIONS(4.0),EA20,Q,ULC,PT_PCOS,_T,202609,2022-Q2,0.25,A,0,1,
OECD.SDD.STES:DSD_STES_REVISIONS@DF_STES_REVISIONS(4.0),EA20,Q,ULC,PT_PCOS,_T,202606,2022-Q2,0.25,A,0,1,
OECD.SDD.STES:DSD_STES_REVISIONS@DF_STES_REVISIONS(4.0),EA20,Q,ULC,PT_PCOS,_T,202604,2022-Q2,0.25,A,0,1,
OECD.SDD.STES:DSD_STES_REVISIONS@DF_STES_REVISIONS(4.0),EA20,Q,ULC,PT_PCOS,_T,202603,2022-Q2,0.25,A,0,1,
OECD.SDD.STES:DSD_STES_REVISIONS@DF_STES_REVISIONS(4.0),EA20,Q,ULC,PT_PCOS,_T,202602,2022-Q2,0.25,A,0,1,
OECD.SDD.STES:DSD_STES_REVISIONS@DF_STES_REVISIONS(4.0),EA20,Q,ULC,PT_PCOS,_T,202512,2022-Q2,0.25,A,0,1,
OECD.SDD.STES:DSD_STES_REVISIONS@DF_STES_REVISIONS(4.0),EA20,Q,ULC,PT_PCOS,_T,202601,2022-Q2,0.25,A,0,1,
OECD.SDD.STES:DSD_STES_REVISIONS@DF_STES_REVISIONS(4.0),EA20,Q,ULC,PT_PCOS,_T,202511,2022-Q2,0.25,A,0,1,
OECD.SDD.STES:DSD_STES_REVISIONS@DF_STES_REVISIONS(4.0),EA20,Q,ULC,PT_PCOS,_T,202509,2022-Q2,0.25,A,0,1,
OECD.SDD.STES:DSD_STES_REVISIONS@DF_STES_REVISIONS(4.0),EA20,Q,ULC,PT_PCOS,_T,202402,2022-Q3,1.39,A,0,1,
OECD.SDD.STES:DSD_STES_REVISIONS@DF_STES_REVISIONS(4.0),EA20,Q,ULC,PT_PCOS,_T,202401,2022-Q3,1.39,A,0,1,
OECD.SDD.STES:DSD_STES_REVISIONS@DF_STES_REVISIONS(4.0),EA20,Q,ULC,PT_PCOS,_T,202404,2022-Q3,1.39,A,0,1,
OECD.SDD.STES:DSD_STES_REVISIONS@DF_STES_REVISIONS(4.0),EA20,Q,ULC,PT_PCOS,_T,202403,2022-Q3,1.39,A,0,1,
OECD.SDD.STES:DSD_STES_REVISIONS@DF_STES_REVISIONS(4.0),EA20,Q,ULC,PT_PCOS,_T,202405,2022-Q3,1.39,A,0,1,
OECD.SDD.STES:DSD_STES_REVISIONS@DF_STES_REVISIONS(4.0),EA20,Q,ULC,PT_PCOS,_T,202412,2022-Q3,1.41,A,0,1,
OECD.SDD.STES:DSD_STES_REVISIONS@DF_STES_REVISIONS(4.0),EA20,Q,ULC,PT_PCOS,_T,202409,2022-Q3,1.27,A,0,1,
OECD.SDD.STES:DSD_STES_REVISIONS@DF_STES_REVISIONS(4.0),EA20,Q,ULC,PT_PCOS,_T,202411,2022-Q3,1.41,A,0,1,
OECD.SDD.STES:DSD_STES_REVISIONS@DF_STES_REVISIONS(4.0),EA20,Q,ULC,PT_PCOS,_T,202407,2022-Q3,1.27,A,0,1,
OECD.SDD.STES:DSD_STES_REVISIONS@DF_STES_REVISIONS(4.0),EA20,Q,ULC,PT_PCOS,_T,202406,2022-Q3,1.39,A,0,1,
OECD.SDD.STES:DSD_STES_REVISIONS@DF_STES_REVISIONS(4.0),EA20,Q,ULC,PT_PCOS,_T,202408,2022-Q3,1.27,A,0,1,
OECD.SDD.STES:DSD_STES_REVISIONS@DF_STES_REVISIONS(4.0),EA20,Q,ULC,PT_PCOS,_T,202510,2022-Q3,1.41,A,0,1,
OECD.SDD.STES:DSD_STES_REVISIONS@DF_STES_REVISIONS(4.0),EA20,Q,ULC,PT_PCOS,_T,202504,2022-Q3,1.41,A,0,1,
OECD.SDD.STES:DSD_STES_REVISIONS@DF_STES_REVISIONS(4.0),EA20,Q,ULC,PT_PCOS,_T,202507,2022-Q3,1.41,A,0,1,
OECD.SDD.STES:DSD_STES_REVISIONS@DF_STES_REVISIONS(4.0),EA20,Q,ULC,PT_PCOS,_T,202506,2022-Q3,1.41,A,0,1,
OECD.SDD.STES:DSD_STES_REVISIONS@DF_STES_REVISIONS(4.0),EA20,Q,ULC,PT_PCOS,_T,202508,2022-Q3,1.40999999999999,A,0,1,
OECD.SDD.STES:DSD_STES_REVISIONS@DF_STES_REVISIONS(4.0),EA20,Q,ULC,PT_PCOS,_T,202503,2022-Q3,1.41,A,0,1,
OECD.SDD.STES:DSD_STES_REVISIONS@DF_STES_REVISIONS(4.0),EA20,Q,ULC,PT_PCOS,_T,202505,2022-Q3,1.41,A,0,1,
OECD.SDD.STES:DSD_STES_REVISIONS@DF_STES_REVISIONS(4.0),EA20,Q,ULC,PT_PCOS,_T,202501,2022-Q3,1.41,A,0,1,
OECD.SDD.STES:DSD_STES_REVISIONS@DF_STES_REVISIONS(4.0),EA20,Q,ULC,PT_PCOS,_T,202502,2022-Q3,1.41,A,0,1,
OECD.SDD.STES:DSD_STES_REVISIONS@DF_STES_REVISIONS(4.0),EA20,Q,ULC,PT_PCOS,_T,202410,2022-Q3,1.41,A,0,1,
OECD.SDD.STES:DSD_STES_REVISIONS@DF_STES_REVISIONS(4.0),EA20,Q,ULC,PT_PCOS,_T,202608,2022-Q3,1.41,A,0,1,
OECD.SDD.STES:DSD_STES_REVISIONS@DF_STES_REVISIONS(4.0),EA20,Q,ULC,PT_PCOS,_T,202607,2022-Q3,1.41,A,0,1,
OECD.SDD.STES:DSD_STES_REVISIONS@DF_STES_REVISIONS(4.0),EA20,Q,ULC,PT_PCOS,_T,202605,2022-Q3,1.41,A,0,1,
OECD.SDD.STES:DSD_STES_REVISIONS@DF_STES_REVISIONS(4.0),EA20,Q,ULC,PT_PCOS,_T,202609,2022-Q3,1.41,A,0,1,
OECD.SDD.STES:DSD_STES_REVISIONS@DF_STES_REVISIONS(4.0),EA20,Q,ULC,PT_PCOS,_T,202606,2022-Q3,1.41,A,0,1,
OECD.SDD.STES:DSD_STES_REVISIONS@DF_STES_REVISIONS(4.0),EA20,Q,ULC,PT_PCOS,_T,202604,2022-Q3,1.41,A,0,1,
OECD.SDD.STES:DSD_STES_REVISIONS@DF_STES_REVISIONS(4.0),EA20,Q,ULC,PT_PCOS,_T,202603,2022-Q3,1.41,A,0,1,
OECD.SDD.STES:DSD_STES_REVISIONS@DF_STES_REVISIONS(4.0),EA20,Q,ULC,PT_PCOS,_T,202602,2022-Q3,1.41,A,0,1,
OECD.SDD.STES:DSD_STES_REVISIONS@DF_STES_REVISIONS(4.0),EA20,Q,ULC,PT_PCOS,_T,202512,2022-Q3,1.41,A,0,1,
OECD.SDD.STES:DSD_STES_REVISIONS@DF_STES_REVISIONS(4.0),EA20,Q,ULC,PT_PCOS,_T,202511,2022-Q3,1.41,A,0,1,
OECD.SDD.STES:DSD_STES_REVISIONS@DF_STES_REVISIONS(4.0),EA20,Q,ULC,PT_PCOS,_T,202601,2022-Q3,1.41,A,0,1,
OECD.SDD.STES:DSD_STES_REVISIONS@DF_STES_REVISIONS(4.0),EA20,Q,ULC,PT_PCOS,_T,202509,2022-Q3,1.41,A,0,1,
OECD.SDD.STES:DSD_STES_REVISIONS@DF_STES_REVISIONS(4.0),EA20,Q,ULC,PT_PCOS,_T,202402,2022-Q4,2.09,A,0,1,
OECD.SDD.STES:DSD_STES_REVISIONS@DF_STES_REVISIONS(4.0),EA20,Q,ULC,PT_PCOS,_T,202401,2022-Q4,2.1,A,0,1,
OECD.SDD.STES:DSD_STES_REVISIONS@DF_STES_REVISIONS(4.0),EA20,Q,ULC,PT_PCOS,_T,202404,2022-Q4,2.09,A,0,1,
OECD.SDD.STES:DSD_STES_REVISIONS@DF_STES_REVISIONS(4.0),EA20,Q,ULC,PT_PCOS,_T,202403,2022-Q4,2.09,A,0,1,
OECD.SDD.STES:DSD_STES_REVISIONS@DF_STES_REVISIONS(4.0),EA20,Q,ULC,PT_PCOS,_T,202405,2022-Q4,2.09,A,0,1,
OECD.SDD.STES:DSD_STES_REVISIONS@DF_STES_REVISIONS(4.0),EA20,Q,ULC,PT_PCOS,_T,202412,2022-Q4,2,A,0,1,
OECD.SDD.STES:DSD_STES_REVISIONS@DF_STES_REVISIONS(4.0),EA20,Q,ULC,PT_PCOS,_T,202409,2022-Q4,1.95,A,0,1,
OECD.SDD.STES:DSD_STES_REVISIONS@DF_STES_REVISIONS(4.0),EA20,Q,ULC,PT_PCOS,_T,202411,2022-Q4,2,A,0,1,
OECD.SDD.STES:DSD_STES_REVISIONS@DF_STES_REVISIONS(4.0),EA20,Q,ULC,PT_PCOS,_T,202407,2022-Q4,1.95,A,0,1,
OECD.SDD.STES:DSD_STES_REVISIONS@DF_STES_REVISIONS(4.0),EA20,Q,ULC,PT_PCOS,_T,202406,2022-Q4,2.09,A,0,1,
OECD.SDD.STES:DSD_STES_REVISIONS@DF_STES_REVISIONS(4.0),EA20,Q,ULC,PT_PCOS,_T,202408,2022-Q4,1.95,A,0,1,
OECD.SDD.STES:DSD_STES_REVISIONS@DF_STES_REVISIONS(4.0),EA20,Q,ULC,PT_PCOS,_T,202510,2022-Q4,2,A,0,1,
OECD.SDD.STES:DSD_STES_REVISIONS@DF_STES_REVISIONS(4.0),EA20,Q,ULC,PT_PCOS,_T,202504,2022-Q4,2,A,0,1,
OECD.SDD.STES:DSD_STES_REVISIONS@DF_STES_REVISIONS(4.0),EA20,Q,ULC,PT_PCOS,_T,202507,2022-Q4,2,A,0,1,
OECD.SDD.STES:DSD_STES_REVISIONS@DF_STES_REVISIONS(4.0),EA20,Q,ULC,PT_PCOS,_T,202506,2022-Q4,2,A,0,1,
OECD.SDD.STES:DSD_STES_REVISIONS@DF_STES_REVISIONS(4.0),EA20,Q,ULC,PT_PCOS,_T,202508,2022-Q4,2,A,0,1,
OECD.SDD.STES:DSD_STES_REVISIONS@DF_STES_REVISIONS(4.0),EA20,Q,ULC,PT_PCOS,_T,202503,2022-Q4,2,A,0,1,
OECD.SDD.STES:DSD_STES_REVISIONS@DF_STES_REVISIONS(4.0),EA20,Q,ULC,PT_PCOS,_T,202505,2022-Q4,2,A,0,1,
OECD.SDD.STES:DSD_STES_REVISIONS@DF_STES_REVISIONS(4.0),EA20,Q,ULC,PT_PCOS,_T,202501,2022-Q4,2,A,0,1,
OECD.SDD.STES:DSD_STES_REVISIONS@DF_STES_REVISIONS(4.0),EA20,Q,ULC,PT_PCOS,_T,202502,2022-Q4,2,A,0,1,
OECD.SDD.STES:DSD_STES_REVISIONS@DF_STES_REVISIONS(4.0),EA20,Q,ULC,PT_PCOS,_T,202410,2022-Q4,2,A,0,1,
OECD.SDD.STES:DSD_STES_REVISIONS@DF_STES_REVISIONS(4.0),EA20,Q,ULC,PT_PCOS,_T,202608,2022-Q4,2,A,0,1,
OECD.SDD.STES:DSD_STES_REVISIONS@DF_STES_REVISIONS(4.0),EA20,Q,ULC,PT_PCOS,_T,202607,2022-Q4,2,A,0,1,
OECD.SDD.STES:DSD_STES_REVISIONS@DF_STES_REVISIONS(4.0),EA20,Q,ULC,PT_PCOS,_T,202605,2022-Q4,2,A,0,1,
OECD.SDD.STES:DSD_STES_REVISIONS@DF_STES_REVISIONS(4.0),EA20,Q,ULC,PT_PCOS,_T,202609,2022-Q4,2,A,0,1,
OECD.SDD.STES:DSD_STES_REVISIONS@DF_STES_REVISIONS(4.0),EA20,Q,ULC,PT_PCOS,_T,202606,2022-Q4,2,A,0,1,
OECD.SDD.STES:DSD_STES_REVISIONS@DF_STES_REVISIONS(4.0),EA20,Q,ULC,PT_PCOS,_T,202604,2022-Q4,2,A,0,1,
OECD.SDD.STES:DSD_STES_REVISIONS@DF_STES_REVISIONS(4.0),EA20,Q,ULC,PT_PCOS,_T,202603,2022-Q4,2,A,0,1,
OECD.SDD.STES:DSD_STES_REVISIONS@DF_STES_REVISIONS(4.0),EA20,Q,ULC,PT_PCOS,_T,202602,2022-Q4,2,A,0,1,
OECD.SDD.STES:DSD_STES_REVISIONS@DF_STES_REVISIONS(4.0),EA20,Q,ULC,PT_PCOS,_T,202512,2022-Q4,2,A,0,1,
OECD.SDD.STES:DSD_STES_REVISIONS@DF_STES_REVISIONS(4.0),EA20,Q,ULC,PT_PCOS,_T,202601,2022-Q4,2,A,0,1,
OECD.SDD.STES:DSD_STES_REVISIONS@DF_STES_REVISIONS(4.0),EA20,Q,ULC,PT_PCOS,_T,202511,2022-Q4,2,A,0,1,
OECD.SDD.STES:DSD_STES_REVISIONS@DF_STES_REVISIONS(4.0),EA20,Q,ULC,PT_PCOS,_T,202509,2022-Q4,2,A,0,1,
OECD.SDD.STES:DSD_STES_REVISIONS@DF_STES_REVISIONS(4.0),EA20,Q,ULC,PT_PCOS,_T,202402,2023-Q1,2.16,A,0,1,
OECD.SDD.STES:DSD_STES_REVISIONS@DF_STES_REVISIONS(4.0),EA20,Q,ULC,PT_PCOS,_T,202401,2023-Q1,2.14,A,0,1,
OECD.SDD.STES:DSD_STES_REVISIONS@DF_STES_REVISIONS(4.0),EA20,Q,ULC,PT_PCOS,_T,202404,2023-Q1,2.16,A,0,1,
OECD.SDD.STES:DSD_STES_REVISIONS@DF_STES_REVISIONS(4.0),EA20,Q,ULC,PT_PCOS,_T,202403,2023-Q1,2.16,A,0,1,
OECD.SDD.STES:DSD_STES_REVISIONS@DF_STES_REVISIONS(4.0),EA20,Q,ULC,PT_PCOS,_T,202405,2023-Q1,2.16,A,0,1,
OECD.SDD.STES:DSD_STES_REVISIONS@DF_STES_REVISIONS(4.0),EA20,Q,ULC,PT_PCOS,_T,202412,2023-Q1,2.07,A,0,1,
OECD.SDD.STES:DSD_STES_REVISIONS@DF_STES_REVISIONS(4.0),EA20,Q,ULC,PT_PCOS,_T,202409,2023-Q1,1.98,A,0,1,
OECD.SDD.STES:DSD_STES_REVISIONS@DF_STES_REVISIONS(4.0),EA20,Q,ULC,PT_PCOS,_T,202411,2023-Q1,2.07,A,0,1,
OECD.SDD.STES:DSD_STES_REVISIONS@DF_STES_REVISIONS(4.0),EA20,Q,ULC,PT_PCOS,_T,202407,2023-Q1,1.98,A,0,1,
OECD.SDD.STES:DSD_STES_REVISIONS@DF_STES_REVISIONS(4.0),EA20,Q,ULC,PT_PCOS,_T,202406,2023-Q1,2.16,A,0,1,
OECD.SDD.STES:DSD_STES_REVISIONS@DF_STES_REVISIONS(4.0),EA20,Q,ULC,PT_PCOS,_T,202408,2023-Q1,1.98,A,0,1,
OECD.SDD.STES:DSD_STES_REVISIONS@DF_STES_REVISIONS(4.0),EA20,Q,ULC,PT_PCOS,_T,202510,2023-Q1,2.07,A,0,1,
OECD.SDD.STES:DSD_STES_REVISIONS@DF_STES_REVISIONS(4.0),EA20,Q,ULC,PT_PCOS,_T,202504,2023-Q1,2.07,A,0,1,
OECD.SDD.STES:DSD_STES_REVISIONS@DF_STES_REVISIONS(4.0),EA20,Q,ULC,PT_PCOS,_T,202507,2023-Q1,2.07,A,0,1,
OECD.SDD.STES:DSD_STES_REVISIONS@DF_STES_REVISIONS(4.0),EA20,Q,ULC,PT_PCOS,_T,202506,2023-Q1,2.07,A,0,1,
OECD.SDD.STES:DSD_STES_REVISIONS@DF_STES_REVISIONS(4.0),EA20,Q,ULC,PT_PCOS,_T,202508,2023-Q1,2.06999999999999,A,0,1,
OECD.SDD.STES:DSD_STES_REVISIONS@DF_STES_REVISIONS(4.0),EA20,Q,ULC,PT_PCOS,_T,202503,2023-Q1,2.07,A,0,1,
OECD.SDD.STES:DSD_STES_REVISIONS@DF_STES_REVISIONS(4.0),EA20,Q,ULC,PT_PCOS,_T,202505,2023-Q1,2.07,A,0,1,
OECD.SDD.STES:DSD_STES_REVISIONS@DF_STES_REVISIONS(4.0),EA20,Q,ULC,PT_PCOS,_T,202501,2023-Q1,2.07,A,0,1,
OECD.SDD.STES:DSD_STES_REVISIONS@DF_STES_REVISIONS(4.0),EA20,Q,ULC,PT_PCOS,_T,202502,2023-Q1,2.07,A,0,1,
OECD.SDD.STES:DSD_STES_REVISIONS@DF_STES_REVISIONS(4.0),EA20,Q,ULC,PT_PCOS,_T,202410,2023-Q1,2.07,A,0,1,
OECD.SDD.STES:DSD_STES_REVISIONS@DF_STES_REVISIONS(4.0),EA20,Q,ULC,PT_PCOS,_T,202608,2023-Q1,2.07,A,0,1,
OECD.SDD.STES:DSD_STES_REVISIONS@DF_STES_REVISIONS(4.0),EA20,Q,ULC,PT_PCOS,_T,202607,2023-Q1,2.07,A,0,1,
OECD.SDD.STES:DSD_STES_REVISIONS@DF_STES_REVISIONS(4.0),EA20,Q,ULC,PT_PCOS,_T,202605,2023-Q1,2.07,A,0,1,
OECD.SDD.STES:DSD_STES_REVISIONS@DF_STES_REVISIONS(4.0),EA20,Q,ULC,PT_PCOS,_T,202609,2023-Q1,2.07,A,0,1,
OECD.SDD.STES:DSD_STES_REVISIONS@DF_STES_REVISIONS(4.0),EA20,Q,ULC,PT_PCOS,_T,202606,2023-Q1,2.07,A,0,1,
OECD.SDD.STES:DSD_STES_REVISIONS@DF_STES_REVISIONS(4.0),EA20,Q,ULC,PT_PCOS,_T,202604,2023-Q1,2.07,A,0,1,
OECD.SDD.STES:DSD_STES_REVISIONS@DF_STES_REVISIONS(4.0),EA20,Q,ULC,PT_PCOS,_T,202603,2023-Q1,2.07,A,0,1,
OECD.SDD.STES:DSD_STES_REVISIONS@DF_STES_REVISIONS(4.0),EA20,Q,ULC,PT_PCOS,_T,202602,2023-Q1,2.07,A,0,1,
OECD.SDD.STES:DSD_STES_REVISIONS@DF_STES_REVISIONS(4.0),EA20,Q,ULC,PT_PCOS,_T,202512,2023-Q1,2.07,A,0,1,
OECD.SDD.STES:DSD_STES_REVISIONS@DF_STES_REVISIONS(4.0),EA20,Q,ULC,PT_PCOS,_T,202511,2023-Q1,2.07,A,0,1,
OECD.SDD.STES:DSD_STES_REVISIONS@DF_STES_REVISIONS(4.0),EA20,Q,ULC,PT_PCOS,_T,202601,2023-Q1,2.07,A,0,1,
OECD.SDD.STES:DSD_STES_REVISIONS@DF_STES_REVISIONS(4.0),EA20,Q,ULC,PT_PCOS,_T,202509,2023-Q1,2.07,A,0,1,
OECD.SDD.STES:DSD_STES_REVISIONS@DF_STES_REVISIONS(4.0),EA20,Q,ULC,PT_PCOS,_T,202402,2023-Q2,0.54,A,0,1,
OECD.SDD.STES:DSD_STES_REVISIONS@DF_STES_REVISIONS(4.0),EA20,Q,ULC,PT_PCOS,_T,202401,2023-Q2,0.52,A,0,1,
OECD.SDD.STES:DSD_STES_REVISIONS@DF_STES_REVISIONS(4.0),EA20,Q,ULC,PT_PCOS,_T,202404,2023-Q2,0.54,A,0,1,
OECD.SDD.STES:DSD_STES_REVISIONS@DF_STES_REVISIONS(4.0),EA20,Q,ULC,PT_PCOS,_T,202403,2023-Q2,0.54,A,0,1,
OECD.SDD.STES:DSD_STES_REVISIONS@DF_STES_REVISIONS(4.0),EA20,Q,ULC,PT_PCOS,_T,202405,2023-Q2,0.54,A,0,1,
OECD.SDD.STES:DSD_STES_REVISIONS@DF_STES_REVISIONS(4.0),EA20,Q,ULC,PT_PCOS,_T,202412,2023-Q2,0.79,A,0,1,
OECD.SDD.STES:DSD_STES_REVISIONS@DF_STES_REVISIONS(4.0),EA20,Q,ULC,PT_PCOS,_T,202409,2023-Q2,0.7,A,0,1,
OECD.SDD.STES:DSD_STES_REVISIONS@DF_STES_REVISIONS(4.0),EA20,Q,ULC,PT_PCOS,_T,202411,2023-Q2,0.79,A,0,1,
OECD.SDD.STES:DSD_STES_REVISIONS@DF_STES_REVISIONS(4.0),EA20,Q,ULC,PT_PCOS,_T,202407,2023-Q2,0.7,A,0,1,
OECD.SDD.STES:DSD_STES_REVISIONS@DF_STES_REVISIONS(4.0),EA20,Q,ULC,PT_PCOS,_T,202406,2023-Q2,0.54,A,0,1,
OECD.SDD.STES:DSD_STES_REVISIONS@DF_STES_REVISIONS(4.0),EA20,Q,ULC,PT_PCOS,_T,202408,2023-Q2,0.7,A,0,1,
OECD.SDD.STES:DSD_STES_REVISIONS@DF_STES_REVISIONS(4.0),EA20,Q,ULC,PT_PCOS,_T,202510,2023-Q2,0.79,A,0,1,
OECD.SDD.STES:DSD_STES_REVISIONS@DF_STES_REVISIONS(4.0),EA20,Q,ULC,PT_PCOS,_T,202504,2023-Q2,0.79,A,0,1,
OECD.SDD.STES:DSD_STES_REVISIONS@DF_STES_REVISIONS(4.0),EA20,Q,ULC,PT_PCOS,_T,202507,2023-Q2,0.79,A,0,1,
OECD.SDD.STES:DSD_STES_REVISIONS@DF_STES_REVISIONS(4.0),EA20,Q,ULC,PT_PCOS,_T,202506,2023-Q2,0.79,A,0,1,
OECD.SDD.STES:DSD_STES_REVISIONS@DF_STES_REVISIONS(4.0),EA20,Q,ULC,PT_PCOS,_T,202508,2023-Q2,0.79,A,0,1,
OECD.SDD.STES:DSD_STES_REVISIONS@DF_STES_REVISIONS(4.0),EA20,Q,ULC,PT_PCOS,_T,202503,2023-Q2,0.79,A,0,1,
OECD.SDD.STES:DSD_STES_REVISIONS@DF_STES_REVISIONS(4.0),EA20,Q,ULC,PT_PCOS,_T,202505,2023-Q2,0.79,A,0,1,
OECD.SDD.STES:DSD_STES_REVISIONS@DF_STES_REVISIONS(4.0),EA20,Q,ULC,PT_PCOS,_T,202501,2023-Q2,0.79,A,0,1,
OECD.SDD.STES:DSD_STES_REVISIONS@DF_STES_REVISIONS(4.0),EA20,Q,ULC,PT_PCOS,_T,202502,2023-Q2,0.79,A,0,1,
OECD.SDD.STES:DSD_STES_REVISIONS@DF_STES_REVISIONS(4.0),EA20,Q,ULC,PT_PCOS,_T,202410,2023-Q2,0.79,A,0,1,
OECD.SDD.STES:DSD_STES_REVISIONS@DF_STES_REVISIONS(4.0),EA20,Q,ULC,PT_PCOS,_T,202608,2023-Q2,0.79,A,0,1,
OECD.SDD.STES:DSD_STES_REVISIONS@DF_STES_REVISIONS(4.0),EA20,Q,ULC,PT_PCOS,_T,202607,2023-Q2,0.79,A,0,1,
OECD.SDD.STES:DSD_STES_REVISIONS@DF_STES_REVISIONS(4.0),EA20,Q,ULC,PT_PCOS,_T,202605,2023-Q2,0.79,A,0,1,
OECD.SDD.STES:DSD_STES_REVISIONS@DF_STES_REVISIONS(4.0),EA20,Q,ULC,PT_PCOS,_T,202609,2023-Q2,0.79,A,0,1,
OECD.SDD.STES:DSD_STES_REVISIONS@DF_STES_REVISIONS(4.0),EA20,Q,ULC,PT_PCOS,_T,202606,2023-Q2,0.79,A,0,1,
OECD.SDD.STES:DSD_STES_REVISIONS@DF_STES_REVISIONS(4.0),EA20,Q,ULC,PT_PCOS,_T,202604,2023-Q2,0.79,A,0,1,
OECD.SDD.STES:DSD_STES_REVISIONS@DF_STES_REVISIONS(4.0),EA20,Q,ULC,PT_PCOS,_T,202603,2023-Q2,0.79,A,0,1,
OECD.SDD.STES:DSD_STES_REVISIONS@DF_STES_REVISIONS(4.0),EA20,Q,ULC,PT_PCOS,_T,202602,2023-Q2,0.79,A,0,1,
OECD.SDD.STES:DSD_STES_REVISIONS@DF_STES_REVISIONS(4.0),EA20,Q,ULC,PT_PCOS,_T,202512,2023-Q2,0.79,A,0,1,
OECD.SDD.STES:DSD_STES_REVISIONS@DF_STES_REVISIONS(4.0),EA20,Q,ULC,PT_PCOS,_T,202601,2023-Q2,0.79,A,0,1,
OECD.SDD.STES:DSD_STES_REVISIONS@DF_STES_REVISIONS(4.0),EA20,Q,ULC,PT_PCOS,_T,202511,2023-Q2,0.79,A,0,1,
OECD.SDD.STES:DSD_STES_REVISIONS@DF_STES_REVISIONS(4.0),EA20,Q,ULC,PT_PCOS,_T,202509,2023-Q2,0.79,A,0,1,
OECD.SDD.STES:DSD_STES_REVISIONS@DF_STES_REVISIONS(4.0),EA20,Q,ULC,PT_PCOS,_T,202402,2023-Q3,1.69,A,0,1,
OECD.SDD.STES:DSD_STES_REVISIONS@DF_STES_REVISIONS(4.0),EA20,Q,ULC,PT_PCOS,_T,202401,2023-Q3,1.63,A,0,1,
OECD.SDD.STES:DSD_STES_REVISIONS@DF_STES_REVISIONS(4.0),EA20,Q,ULC,PT_PCOS,_T,202404,2023-Q3,1.69,A,0,1,
OECD.SDD.STES:DSD_STES_REVISIONS@DF_STES_REVISIONS(4.0),EA20,Q,ULC,PT_PCOS,_T,202403,2023-Q3,1.69,A,0,1,
OECD.SDD.STES:DSD_STES_REVISIONS@DF_STES_REVISIONS(4.0),EA20,Q,ULC,PT_PCOS,_T,202405,2023-Q3,1.69,A,0,1,
OECD.SDD.STES:DSD_STES_REVISIONS@DF_STES_REVISIONS(4.0),EA20,Q,ULC,PT_PCOS,_T,202412,2023-Q3,1.59,A,0,1,
OECD.SDD.STES:DSD_STES_REVISIONS@DF_STES_REVISIONS(4.0),EA20,Q,ULC,PT_PCOS,_T,202409,2023-Q3,1.73,A,0,1,
OECD.SDD.STES:DSD_STES_REVISIONS@DF_STES_REVISIONS(4.0),EA20,Q,ULC,PT_PCOS,_T,202411,2023-Q3,1.59,A,0,1,
OECD.SDD.STES:DSD_STES_REVISIONS@DF_STES_REVISIONS(4.0),EA20,Q,ULC,PT_PCOS,_T,202407,2023-Q3,1.73,A,0,1,
OECD.SDD.STES:DSD_STES_REVISIONS@DF_STES_REVISIONS(4.0),EA20,Q,ULC,PT_PCOS,_T,202406,2023-Q3,1.69,A,0,1,
OECD.SDD.STES:DSD_STES_REVISIONS@DF_STES_REVISIONS(4.0),EA20,Q,ULC,PT_PCOS,_T,202408,2023-Q3,1.73,A,0,1,
OECD.SDD.STES:DSD_STES_REVISIONS@DF_STES_REVISIONS(4.0),EA20,Q,ULC,PT_PCOS,_T,202510,2023-Q3,1.59,A,0,1,
OECD.SDD.STES:DSD_STES_REVISIONS@DF_STES_REVISIONS(4.0),EA20,Q,ULC,PT_PCOS,_T,202504,2023-Q3,1.59,A,0,1,
OECD.SDD.STES:DSD_STES_REVISIONS@DF_STES_REVISIONS(4.0),EA20,Q,ULC,PT_PCOS,_T,202507,2023-Q3,1.59,A,0,1,
OECD.SDD.STES:DSD_STES_REVISIONS@DF_STES_REVISIONS(4.0),EA20,Q,ULC,PT_PCOS,_T,202506,2023-Q3,1.59,A,0,1,
OECD.SDD.STES:DSD_STES_REVISIONS@DF_STES_REVISIONS(4.0),EA20,Q,ULC,PT_PCOS,_T,202508,2023-Q3,1.59,A,0,1,
OECD.SDD.STES:DSD_STES_REVISIONS@DF_STES_REVISIONS(4.0),EA20,Q,ULC,PT_PCOS,_T,202503,2023-Q3,1.59,A,0,1,
OECD.SDD.STES:DSD_STES_REVISIONS@DF_STES_REVISIONS(4.0),EA20,Q,ULC,PT_PCOS,_T,202505,2023-Q3,1.59,A,0,1,
OECD.SDD.STES:DSD_STES_REVISIONS@DF_STES_REVISIONS(4.0),EA20,Q,ULC,PT_PCOS,_T,202501,2023-Q3,1.59,A,0,1,
OECD.SDD.STES:DSD_STES_REVISIONS@DF_STES_REVISIONS(4.0),EA20,Q,ULC,PT_PCOS,_T,202502,2023-Q3,1.59,A,0,1,
OECD.SDD.STES:DSD_STES_REVISIONS@DF_STES_REVISIONS(4.0),EA20,Q,ULC,PT_PCOS,_T,202410,2023-Q3,1.59,A,0,1,
OECD.SDD.STES:DSD_STES_REVISIONS@DF_STES_REVISIONS(4.0),EA20,Q,ULC,PT_PCOS,_T,202608,2023-Q3,1.59,A,0,1,
OECD.SDD.STES:DSD_STES_REVISIONS@DF_STES_REVISIONS(4.0),EA20,Q,ULC,PT_PCOS,_T,202607,2023-Q3,1.59,A,0,1,
OECD.SDD.STES:DSD_STES_REVISIONS@DF_STES_REVISIONS(4.0),EA20,Q,ULC,PT_PCOS,_T,202605,2023-Q3,1.59,A,0,1,
OECD.SDD.STES:DSD_STES_REVISIONS@DF_STES_REVISIONS(4.0),EA20,Q,ULC,PT_PCOS,_T,202609,2023-Q3,1.59,A,0,1,
OECD.SDD.STES:DSD_STES_REVISIONS@DF_STES_REVISIONS(4.0),EA20,Q,ULC,PT_PCOS,_T,202606,2023-Q3,1.59,A,0,1,
OECD.SDD.STES:DSD_STES_REVISIONS@DF_STES_REVISIONS(4.0),EA20,Q,ULC,PT_PCOS,_T,202604,2023-Q3,1.59,A,0,1,
OECD.SDD.STES:DSD_STES_REVISIONS@DF_STES_REVISIONS(4.0),EA20,Q,ULC,PT_PCOS,_T,202603,2023-Q3,1.59,A,0,1,
OECD.SDD.STES:DSD_STES_REVISIONS@DF_STES_REVISIONS(4.0),EA20,Q,ULC,PT_PCOS,_T,202602,2023-Q3,1.59,A,0,1,
OECD.SDD.STES:DSD_STES_REVISIONS@DF_STES_REVISIONS(4.0),EA20,Q,ULC,PT_PCOS,_T,202512,2023-Q3,1.59,A,0,1,
OECD.SDD.STES:DSD_STES_REVISIONS@DF_STES_REVISIONS(4.0),EA20,Q,ULC,PT_PCOS,_T,202511,2023-Q3,1.59,A,0,1,
OECD.SDD.STES:DSD_STES_REVISIONS@DF_STES_REVISIONS(4.0),EA20,Q,ULC,PT_PCOS,_T,202601,2023-Q3,1.59,A,0,1,
OECD.SDD.STES:DSD_STES_REVISIONS@DF_STES_REVISIONS(4.0),EA20,Q,ULC,PT_PCOS,_T,202509,2023-Q3,1.59,A,0,1,
OECD.SDD.STES:DSD_STES_REVISIONS@DF_STES_REVISIONS(4.0),EA20,Q,ULC,PT_PCOS,_T,202412,2023-Q4,1.34,A,0,1,
OECD.SDD.STES:DSD_STES_REVISIONS@DF_STES_REVISIONS(4.0),EA20,Q,ULC,PT_PCOS,_T,202409,2023-Q4,1.46,A,0,1,
OECD.SDD.STES:DSD_STES_REVISIONS@DF_STES_REVISIONS(4.0),EA20,Q,ULC,PT_PCOS,_T,202411,2023-Q4,1.34,A,0,1,
OECD.SDD.STES:DSD_STES_REVISIONS@DF_STES_REVISIONS(4.0),EA20,Q,ULC,PT_PCOS,_T,202407,2023-Q4,1.46,A,0,1,
OECD.SDD.STES:DSD_STES_REVISIONS@DF_STES_REVISIONS(4.0),EA20,Q,ULC,PT_PCOS,_T,202408,2023-Q4,1.46,A,0,1,
OECD.SDD.STES:DSD_STES_REVISIONS@DF_STES_REVISIONS(4.0),EA20,Q,ULC,PT_PCOS,_T,202510,2023-Q4,1.34,A,0,1,
OECD.SDD.STES:DSD_STES_REVISIONS@DF_STES_REVISIONS(4.0),EA20,Q,ULC,PT_PCOS,_T,202504,2023-Q4,1.34,A,0,1,
OECD.SDD.STES:DSD_STES_REVISIONS@DF_STES_REVISIONS(4.0),EA20,Q,ULC,PT_PCOS,_T,202507,2023-Q4,1.34,A,0,1,
OECD.SDD.STES:DSD_STES_REVISIONS@DF_STES_REVISIONS(4.0),EA20,Q,ULC,PT_PCOS,_T,202506,2023-Q4,1.34,A,0,1,
OECD.SDD.STES:DSD_STES_REVISIONS@DF_STES_REVISIONS(4.0),EA20,Q,ULC,PT_PCOS,_T,202508,2023-Q4,1.34,A,0,1,
OECD.SDD.STES:DSD_STES_REVISIONS@DF_STES_REVISIONS(4.0),EA20,Q,ULC,PT_PCOS,_T,202503,2023-Q4,1.34,A,0,1,
OECD.SDD.STES:DSD_STES_REVISIONS@DF_STES_REVISIONS(4.0),EA20,Q,ULC,PT_PCOS,_T,202505,2023-Q4,1.34,A,0,1,
OECD.SDD.STES:DSD_STES_REVISIONS@DF_STES_REVISIONS(4.0),EA20,Q,ULC,PT_PCOS,_T,202501,2023-Q4,1.34,A,0,1,
OECD.SDD.STES:DSD_STES_REVISIONS@DF_STES_REVISIONS(4.0),EA20,Q,ULC,PT_PCOS,_T,202502,2023-Q4,1.34,A,0,1,
OECD.SDD.STES:DSD_STES_REVISIONS@DF_STES_REVISIONS(4.0),EA20,Q,ULC,PT_PCOS,_T,202410,2023-Q4,1.34,A,0,1,
OECD.SDD.STES:DSD_STES_REVISIONS@DF_STES_REVISIONS(4.0),EA20,Q,ULC,PT_PCOS,_T,202608,2023-Q4,1.34,A,0,1,
OECD.SDD.STES:DSD_STES_REVISIONS@DF_STES_REVISIONS(4.0),EA20,Q,ULC,PT_PCOS,_T,202607,2023-Q4,1.34,A,0,1,
OECD.SDD.STES:DSD_STES_REVISIONS@DF_STES_REVISIONS(4.0),EA20,Q,ULC,PT_PCOS,_T,202605,2023-Q4,1.34,A,0,1,
OECD.SDD.STES:DSD_STES_REVISIONS@DF_STES_REVISIONS(4.0),EA20,Q,ULC,PT_PCOS,_T,202609,2023-Q4,1.34,A,0,1,
OECD.SDD.STES:DSD_STES_REVISIONS@DF_STES_REVISIONS(4.0),EA20,Q,ULC,PT_PCOS,_T,202606,2023-Q4,1.34,A,0,1,
OECD.SDD.STES:DSD_STES_REVISIONS@DF_STES_REVISIONS(4.0),EA20,Q,ULC,PT_PCOS,_T,202604,2023-Q4,1.34,A,0,1,
OECD.SDD.STES:DSD_STES_REVISIONS@DF_STES_REVISIONS(4.0),EA20,Q,ULC,PT_PCOS,_T,202603,2023-Q4,1.34,A,0,1,
OECD.SDD.STES:DSD_STES_REVISIONS@DF_STES_REVISIONS(4.0),EA20,Q,ULC,PT_PCOS,_T,202602,2023-Q4,1.34,A,0,1,
OECD.SDD.STES:DSD_STES_REVISIONS@DF_STES_REVISIONS(4.0),EA20,Q,ULC,PT_PCOS,_T,202512,2023-Q4,1.34,A,0,1,
OECD.SDD.STES:DSD_STES_REVISIONS@DF_STES_REVISIONS(4.0),EA20,Q,ULC,PT_PCOS,_T,202601,2023-Q4,1.34,A,0,1,
OECD.SDD.STES:DSD_STES_REVISIONS@DF_STES_REVISIONS(4.0),EA20,Q,ULC,PT_PCOS,_T,202511,2023-Q4,1.34,A,0,1,
OECD.SDD.STES:DSD_STES_REVISIONS@DF_STES_REVISIONS(4.0),EA20,Q,ULC,PT_PCOS,_T,202509,2023-Q4,1.34,A,0,1,
OECD.SDD.STES:DSD_STES_REVISIONS@DF_STES_REVISIONS(4.0),EA20,Q,ULC,PT_PCOS,_T,202412,2024-Q1,1.45,A,0,1,
OECD.SDD.STES:DSD_STES_REVISIONS@DF_STES_REVISIONS(4.0),EA20,Q,ULC,PT_PCOS,_T,202409,2024-Q1,1.64,A,0,1,
OECD.SDD.STES:DSD_STES_REVISIONS@DF_STES_REVISIONS(4.0),EA20,Q,ULC,PT_PCOS,_T,202411,2024-Q1,1.45,A,0,1,
OECD.SDD.STES:DSD_STES_REVISIONS@DF_STES_REVISIONS(4.0),EA20,Q,ULC,PT_PCOS,_T,202407,2024-Q1,1.64,A,0,1,
OECD.SDD.STES:DSD_STES_REVISIONS@DF_STES_REVISIONS(4.0),EA20,Q,ULC,PT_PCOS,_T,202408,2024-Q1,1.64,A,0,1,
OECD.SDD.STES:DSD_STES_REVISIONS@DF_STES_REVISIONS(4.0),EA20,Q,ULC,PT_PCOS,_T,202510,2024-Q1,1.45,A,0,1,
OECD.SDD.STES:DSD_STES_REVISIONS@DF_STES_REVISIONS(4.0),EA20,Q,ULC,PT_PCOS,_T,202504,2024-Q1,1.45,A,0,1,
OECD.SDD.STES:DSD_STES_REVISIONS@DF_STES_REVISIONS(4.0),EA20,Q,ULC,PT_PCOS,_T,202507,2024-Q1,1.45,A,0,1,
OECD.SDD.STES:DSD_STES_REVISIONS@DF_STES_REVISIONS(4.0),EA20,Q,ULC,PT_PCOS,_T,202506,2024-Q1,1.45,A,0,1,
OECD.SDD.STES:DSD_STES_REVISIONS@DF_STES_REVISIONS(4.0),EA20,Q,ULC,PT_PCOS,_T,202508,2024-Q1,1.45,A,0,1,
OECD.SDD.STES:DSD_STES_REVISIONS@DF_STES_REVISIONS(4.0),EA20,Q,ULC,PT_PCOS,_T,202503,2024-Q1,1.45,A,0,1,
OECD.SDD.STES:DSD_STES_REVISIONS@DF_STES_REVISIONS(4.0),EA20,Q,ULC,PT_PCOS,_T,202505,2024-Q1,1.45,A,0,1,
OECD.SDD.STES:DSD_STES_REVISIONS@DF_STES_REVISIONS(4.0),EA20,Q,ULC,PT_PCOS,_T,202501,2024-Q1,1.45,A,0,1,
OECD.SDD.STES:DSD_STES_REVISIONS@DF_STES_REVISIONS(4.0),EA20,Q,ULC,PT_PCOS,_T,202502,2024-Q1,1.45,A,0,1,
OECD.SDD.STES:DSD_STES_REVISIONS@DF_STES_REVISIONS(4.0),EA20,Q,ULC,PT_PCOS,_T,202410,2024-Q1,1.45,A,0,1,
OECD.SDD.STES:DSD_STES_REVISIONS@DF_STES_REVISIONS(4.0),EA20,Q,ULC,PT_PCOS,_T,202608,2024-Q1,1.45,A,0,1,
OECD.SDD.STES:DSD_STES_REVISIONS@DF_STES_REVISIONS(4.0),EA20,Q,ULC,PT_PCOS,_T,202607,2024-Q1,1.45,A,0,1,
OECD.SDD.STES:DSD_STES_REVISIONS@DF_STES_REVISIONS(4.0),EA20,Q,ULC,PT_PCOS,_T,202605,2024-Q1,1.45,A,0,1,
OECD.SDD.STES:DSD_STES_REVISIONS@DF_STES_REVISIONS(4.0),EA20,Q,ULC,PT_PCOS,_T,202609,2024-Q1,1.45,A,0,1,
OECD.SDD.STES:DSD_STES_REVISIONS@DF_STES_REVISIONS(4.0),EA20,Q,ULC,PT_PCOS,_T,202606,2024-Q1,1.45,A,0,1,
OECD.SDD.STES:DSD_STES_REVISIONS@DF_STES_REVISIONS(4.0),EA20,Q,ULC,PT_PCOS,_T,202604,2024-Q1,1.45,A,0,1,
OECD.SDD.STES:DSD_STES_REVISIONS@DF_STES_REVISIONS(4.0),EA20,Q,ULC,PT_PCOS,_T,202603,2024-Q1,1.45,A,0,1,
OECD.SDD.STES:DSD_STES_REVISIONS@DF_STES_REVISIONS(4.0),EA20,Q,ULC,PT_PCOS,_T,202602,2024-Q1,1.45,A,0,1,
OECD.SDD.STES:DSD_STES_REVISIONS@DF_STES_REVISIONS(4.0),EA20,Q,ULC,PT_PCOS,_T,202512,2024-Q1,1.45,A,0,1,
OECD.SDD.STES:DSD_STES_REVISIONS@DF_STES_REVISIONS(4.0),EA20,Q,ULC,PT_PCOS,_T,202511,2024-Q1,1.45,A,0,1,
OECD.SDD.STES:DSD_STES_REVISIONS@DF_STES_REVISIONS(4.0),EA20,Q,ULC,PT_PCOS,_T,202601,2024-Q1,1.45,A,0,1,
OECD.SDD.STES:DSD_STES_REVISIONS@DF_STES_REVISIONS(4.0),EA20,Q,ULC,PT_PCOS,_T,202509,2024-Q1,1.45,A,0,1,
