KEY,FREQ,REF_AREA,ADJUSTMENT,RT_ECON_CONCEPT,RT_DENOM,TIME_PERIOD,OBS_VALUE,OBS_STATUS,OBS_CONF,OBS_PRE_BREAK,OBS_COM,TIME_FORMAT,COLLECTION,COMPILING_ORG,DISS_ORG,DOM_SER_IDS,PUBL_MU,PUBL_PUBLIC,UNIT_INDEX_BASE,UNIT_PRICE_BASE,AGG_EQUN,COMPILATION,COVERAGE,DECIMALS,SOURCE_AGENCY,SOURCE_DETAIL,TITLE,TITLE_COMPL,UNIT,UNIT_MULT,ACTION,VALID_FROM,VALID_TO
RTD.M.S0.N.P_C_OV.A,M,S0,N,P_C_OV,A,1991-01,3.89769,A,F,,,P1M,A,,,HICP.M.U2.N.000000.4D0.ANR,,,,,,"See <a class=""external"" href=""http://sdw.ecb.europa.eu/web/generator/docu/rtdb_docu.pdf""> notes</a>; block Monthly; series: AI",,1,,,HICP Inflation rate - Total - Annual rate of change,Euro area (moving concept in the Real Time database context) - HICP - Overall index - Annual growth rate,PCCH,0,Replace,2001-01-03T15:30:00.000+01:00,
RTD.M.S0.N.P_C_OV.A,M,S0,N,P_C_OV,A,1991-02,4.12621,A,F,,,P1M,A,,,HICP.M.U2.N.000000.4D0.ANR,,,,,,"See <a class=""external"" href=""http://sdw.ecb.europa.eu/web/generator/docu/rtdb_docu.pdf""> notes</a>; block Monthly; series: AI",,1,,,HICP Inflation rate - Total - Annual rate of change,Euro area (moving concept in the Real Time database context) - HICP - Overall index - Annual growth rate,PCCH,0,Replace,2001-01-03T15:30:00.000+01:00,
RTD.M.S0.N.P_C_OV.A,M,S0,N,P_C_OV,A,1991-03,3.99516,A,F,,,P1M,A,,,HICP.M.U2.N.000000.4D0.ANR,,,,,,"See <a class=""external"" href=""http://sdw.ecb.europa.eu/web/generator/docu/rtdb_docu.pdf""> notes</a>; block Monthly; series: AI",,1,,,HICP Inflation rate - Total - Annual rate of change,Euro area (moving concept in the Real Time database context) - HICP - Overall index - Annual growth rate,PCCH,0,Replace,2001-01-03T15:30:00.000+01:00,
RTD.M.S0.N.P_C_OV.A,M,S0,N,P_C_OV,A,1991-04,3.86007,A,F,,,P1M,A,,,HICP.M.U2.N.000000.4D0.ANR,,,,,,"See <a class=""external"" href=""http://sdw.ecb.europa.eu/web/generator/docu/rtdb_docu.pdf""> notes</a>; block Monthly; series: AI",,1,,,HICP Inflation rate - Total - Annual rate of change,Euro area (moving concept in the Real Time database context) - HICP - Overall index - Annual growth rate,PCCH,0,Replace,2001-01-03T15:30:00.000+01:00,
RTD.M.S0.N.P_C_OV.A,M,S0,N,P_C_OV,A,1991-05,4.09146,A,F,,,P1M,A,,,HICP.M.U2.N.000000.4D0.ANR,,,,,,"See <a class=""external"" href=""http://sdw.ecb.europa.eu/web/generator/docu/rtdb_docu.pdf""> notes</a>; block Monthly; series: AI",,1,,,HICP Inflation rate - Total - Annual rate of change,Euro area (moving concept in the Real Time database context) - HICP - Overall index - Annual growth rate,PCCH,0,Replace,2001-01-03T15:30:00.000+01:00,
RTD.M.S0.N.P_C_OV.A,M,S0,N,P_C_OV,A,1991-06,4.32692,A,F,,,P1M,A,,,HICP.M.U2.N.000000.4D0.ANR,,,,,,"See <a class=""external"" href=""http://sdw.ecb.europa.eu/web/generator/docu/rtdb_docu.pdf""> notes</a>; block Monthly; series: AI",,1,,,HICP Inflation rate - Total - Annual rate of change,Euro area (moving concept in the Real Time database context) - HICP - Overall index - Annual growth rate,PCCH,0,Replace,2001-01-03T15:30:00.000+01:00,
RTD.M.S0.N.P_C_OV.A,M,S0,N,P_C_OV,A,1991-07,5.04808,A,F,,,P1M,A,,,HICP.M.U2.N.000000.4D0.ANR,,,,,,"See <a class=""external"" href=""http://sdw.ecb.europa.eu/web/generator/docu/rtdb_docu.pdf""> notes</a>; block Monthly; series: AI",,1,,,HICP Inflation rate - Total - Annual rate of change,Euro area (moving concept in the Real Time database context) - HICP - Overall index - Annual growth rate,PCCH,0,Replace,2001-01-03T15:30:00.000+01:00,
RTD.M.S0.N.P_C_OV.A,M,S0,N,P_C_OV,A,1991-08,4.6595,A,F,,,P1M,A,,,HICP.M.U2.N.000000.4D0.ANR,,,,,,"See <a class=""external"" href=""http://sdw.ecb.europa.eu/web/generator/docu/rtdb_docu.pdf""> notes</a>; block Monthly; series: AI",,1,,,HICP Inflation rate - Total - Annual rate of change,Euro area (moving concept in the Real Time database context) - HICP - Overall index - Annual growth rate,PCCH,0,Replace,2001-01-03T15:30:00.000+01:00,
RTD.M.S0.N.P_C_OV.A,M,S0,N,P_C_OV,A,1991-09,3.91459,A,F,,,P1M,A,,,HICP.M.U2.N.000000.4D0.ANR,,,,,,"See <a class=""external"" href=""http://sdw.ecb.europa.eu/web/generator/docu/rtdb_docu.pdf""> notes</a>; block Monthly; series: AI",,1,,,HICP Inflation rate - Total - Annual rate of change,Euro area (moving concept in the Real Time database context) - HICP - Overall index - Annual growth rate,PCCH,0,Replace,2001-01-03T15:30:00.000+01:00,
RTD.M.S0.N.P_C_OV.A,M,S0,N,P_C_OV,A,1991-10,3.65566,A,F,,,P1M,A,,,HICP.M.U2.N.000000.4D0.ANR,,,,,,"See <a class=""external"" href=""http://sdw.ecb.europa.eu/web/generator/docu/rtdb_docu.pdf""> notes</a>; block Monthly; series: AI",,1,,,HICP Inflation rate - Total - Annual rate of change,Euro area (moving concept in the Real Time database context) - HICP - Overall index - Annual growth rate,PCCH,0,Replace,2001-01-03T15:30:00.000+01:00,
RTD.M.S0.N.P_C_OV.A,M,S0,N,P_C_OV,A,1991-11,4.12736,A,F,,,P1M,A,,,HICP.M.U2.N.000000.4D0.ANR,,,,,,"See <a class=""external"" href=""http://sdw.ecb.europa.eu/web/generator/docu/rtdb_docu.pdf""> notes</a>; block Monthly; series: AI",,1,,,HICP Inflation rate - Total - Annual rate of change,Euro area (moving concept in the Real Time database context) - HICP - Overall index - Annual growth rate,PCCH,0,Replace,2001-01-03T15:30:00.000+01:00,
RTD.M.S0.N.P_C_OV.A,M,S0,N,P_C_OV,A,1991-12,4.12736,A,F,,,P1M,A,,,HICP.M.U2.N.000000.4D0.ANR,,,,,,"See <a class=""external"" href=""http://sdw.ecb.europa.eu/web/generator/docu/rtdb_docu.pdf""> notes</a>; block Monthly; series: AI",,1,,,HICP Inflation rate - Total - Annual rate of change,Euro area (moving concept in the Real Time database context) - HICP - Overall index - Annual growth rate,PCCH,0,Replace,2001-01-03T15:30:00.000+01:00,
RTD.M.S0.N.P_C_OV.A,M,S0,N,P_C_OV,A,1992-01,3.98593,A,F,,,P1M,A,,,HICP.M.U2.N.000000.4D0.ANR,,,,,,"See <a class=""external"" href=""http://sdw.ecb.europa.eu/web/generator/docu/rtdb_docu.pdf""> notes</a>; block Monthly; series: AI",,1,,,HICP Inflation rate - Total - Annual rate of change,Euro area (moving concept in the Real Time database context) - HICP - Overall index - Annual growth rate,PCCH,0,Replace,2001-01-03T15:30:00.000+01:00,
RTD.M.S0.N.P_C_OV.A,M,S0,N,P_C_OV,A,1992-02,3.84615,A,F,,,P1M,A,,,HICP.M.U2.N.000000.4D0.ANR,,,,,,"See <a class=""external"" href=""http://sdw.ecb.europa.eu/web/generator/docu/rtdb_docu.pdf""> notes</a>; block Monthly; series: AI",,1,,,HICP Inflation rate - Total - Annual rate of change,Euro area (moving concept in the Real Time database context) - HICP - Overall index - Annual growth rate,PCCH,0,Replace,2001-01-03T15:30:00.000+01:00,
RTD.M.S0.N.P_C_OV.A,M,S0,N,P_C_OV,A,1992-03,4.19092,A,F,,,P1M,A,,,HICP.M.U2.N.000000.4D0.ANR,,,,,,"See <a class=""external"" href=""http://sdw.ecb.europa.eu/web/generator/docu/rtdb_docu.pdf""> notes</a>; block Monthly; series: AI",,1,,,HICP Inflation rate - Total - Annual rate of change,Euro area (moving concept in the Real Time database context) - HICP - Overall index - Annual growth rate,PCCH,0,Replace,2001-01-03T15:30:00.000+01:00,
RTD.M.S0.N.P_C_OV.A,M,S0,N,P_C_OV,A,1992-04,4.29733,A,F,,,P1M,A,,,HICP.M.U2.N.000000.4D0.ANR,,,,,,"See <a class=""external"" href=""http://sdw.ecb.europa.eu/web/generator/docu/rtdb_docu.pdf""> notes</a>; block Monthly; series: AI",,1,,,HICP Inflation rate - Total - Annual rate of change,Euro area (moving concept in the Real Time database context) - HICP - Overall index - Annual growth rate,PCCH,0,Replace,2001-01-03T15:30:00.000+01:00,
RTD.M.S0.N.P_C_OV.A,M,S0,N,P_C_OV,A,1992-05,4.04624,A,F,,,P1M,A,,,HICP.M.U2.N.000000.4D0.ANR,,,,,,"See <a class=""external"" href=""http://sdw.ecb.europa.eu/web/generator/docu/rtdb_docu.pdf""> notes</a>; block Monthly; series: AI",,1,,,HICP Inflation rate - Total - Annual rate of change,Euro area (moving concept in the Real Time database context) - HICP - Overall index - Annual growth rate,PCCH,0,Replace,2001-01-03T15:30:00.000+01:00,
RTD.M.S0.N.P_C_OV.A,M,S0,N,P_C_OV,A,1992-06,3.91705,A,F,,,P1M,A,,,HICP.M.U2.N.000000.4D0.ANR,,,,,,"See <a class=""external"" href=""http://sdw.ecb.europa.eu/web/generator/docu/rtdb_docu.pdf""> notes</a>; block Monthly; series: AI",,1,,,HICP Inflation rate - Total - Annual rate of change,Euro area (moving concept in the Real Time database context) - HICP - Overall index - Annual growth rate,PCCH,0,Replace,2001-01-03T15:30:00.000+01:00,
RTD.M.S0.N.P_C_OV.A,M,S0,N,P_C_OV,A,1992-07,3.31808,A,F,,,P1M,A,,,HICP.M.U2.N.000000.4D0.ANR,,,,,,"See <a class=""external"" href=""http://sdw.ecb.europa.eu/web/generator/docu/rtdb_docu.pdf""> notes</a>; block Monthly; series: AI",,1,,,HICP Inflation rate - Total - Annual rate of change,Euro area (moving concept in the Real Time database context) - HICP - Overall index - Annual growth rate,PCCH,0,Replace,2001-01-03T15:30:00.000+01:00,
RTD.M.S0.N.P_C_OV.A,M,S0,N,P_C_OV,A,1992-08,3.19635,A,F,,,P1M,A,,,HICP.M.U2.N.000000.4D0.ANR,,,,,,"See <a class=""external"" href=""http://sdw.ecb.europa.eu/web/generator/docu/rtdb_docu.pdf""> notes</a>; block Monthly; series: AI",,1,,,HICP Inflation rate - Total - Annual rate of change,Euro area (moving concept in the Real Time database context) - HICP - Overall index - Annual growth rate,PCCH,0,Replace,2001-01-03T15:30:00.000+01:00,
RTD.M.S0.N.P_C_OV.A,M,S0,N,P_C_OV,A,1992-09,3.3105,A,F,,,P1M,A,,,HICP.M.U2.N.000000.4D0.ANR,,,,,,"See <a class=""external"" href=""http://sdw.ecb.europa.eu/web/generator/docu/rtdb_docu.pdf""> notes</a>; block Monthly; series: AI",,1,,,HICP Inflation rate - Total - Annual rate of change,Euro area (moving concept in the Real Time database context) - HICP - Overall index - Annual growth rate,PCCH,0,Replace,2001-01-03T15:30:00.000+01:00,
RTD.M.S0.N.P_C_OV.A,M,S0,N,P_C_OV,A,1992-10,3.18544,A,F,,,P1M,A,,,HICP.M.U2.N.000000.4D0.ANR,,,,,,"See <a class=""external"" href=""http://sdw.ecb.europa.eu/web/generator/docu/rtdb_docu.pdf""> notes</a>; block Monthly; series: AI",,1,,,HICP Inflation rate - Total - Annual rate of change,Euro area (moving concept in the Real Time database context) - HICP - Overall index - Annual growth rate,PCCH,0,Replace,2001-01-03T15:30:00.000+01:00,
RTD.M.S0.N.P_C_OV.A,M,S0,N,P_C_OV,A,1992-11,3.05776,A,F,,,P1M,A,,,HICP.M.U2.N.000000.4D0.ANR,,,,,,"See <a class=""external"" href=""http://sdw.ecb.europa.eu/web/generator/docu/rtdb_docu.pdf""> notes</a>; block Monthly; series: AI",,1,,,HICP Inflation rate - Total - Annual rate of change,Euro area (moving concept in the Real Time database context) - HICP - Overall index - Annual growth rate,PCCH,0,Replace,2001-01-03T15:30:00.000+01:00,
RTD.M.S0.N.P_C_OV.A,M,S0,N,P_C_OV,A,1992-12,3.17101,A,F,,,P1M,A,,,HICP.M.U2.N.000000.4D0.ANR,,,,,,"See <a class=""external"" href=""http://sdw.ecb.europa.eu/web/generator/docu/rtdb_docu.pdf""> notes</a>; block Monthly; series: AI",,1,,,HICP Inflation rate - Total - Annual rate of change,Euro area (moving concept in the Real Time database context) - HICP - Overall index - Annual growth rate,PCCH,0,Replace,2001-01-03T15:30:00.000+01:00,
RTD.M.S0.N.P_C_OV.A,M,S0,N,P_C_OV,A,1993-01,3.26945,A,F,,,P1M,A,,,HICP.M.U2.N.000000.4D0.ANR,,,,,,"See <a class=""external"" href=""http://sdw.ecb.europa.eu/web/generator/docu/rtdb_docu.pdf""> notes</a>; block Monthly; series: AI",,1,,,HICP Inflation rate - Total - Annual rate of change,Euro area (moving concept in the Real Time database context) - HICP - Overall index - Annual growth rate,PCCH,0,Replace,2001-01-03T15:30:00.000+01:00,
RTD.M.S0.N.P_C_OV.A,M,S0,N,P_C_OV,A,1993-02,3.367,A,F,,,P1M,A,,,HICP.M.U2.N.000000.4D0.ANR,,,,,,"See <a class=""external"" href=""http://sdw.ecb.europa.eu/web/generator/docu/rtdb_docu.pdf""> notes</a>; block Monthly; series: AI",,1,,,HICP Inflation rate - Total - Annual rate of change,Euro area (moving concept in the Real Time database context) - HICP - Overall index - Annual growth rate,PCCH,0,Replace,2001-01-03T15:30:00.000+01:00,
RTD.M.S0.N.P_C_OV.A,M,S0,N,P_C_OV,A,1993-03,3.24022,A,F,,,P1M,A,,,HICP.M.U2.N.000000.4D0.ANR,,,,,,"See <a class=""external"" href=""http://sdw.ecb.europa.eu/web/generator/docu/rtdb_docu.pdf""> notes</a>; block Monthly; series: AI",,1,,,HICP Inflation rate - Total - Annual rate of change,Euro area (moving concept in the Real Time database context) - HICP - Overall index - Annual growth rate,PCCH,0,Replace,2001-01-03T15:30:00.000+01:00,
RTD.M.S0.N.P_C_OV.A,M,S0,N,P_C_OV,A,1993-04,3.11804,A,F,,,P1M,A,,,HICP.M.U2.N.000000.4D0.ANR,,,,,,"See <a class=""external"" href=""http://sdw.ecb.europa.eu/web/generator/docu/rtdb_docu.pdf""> notes</a>; block Monthly; series: AI",,1,,,HICP Inflation rate - Total - Annual rate of change,Euro area (moving concept in the Real Time database context) - HICP - Overall index - Annual growth rate,PCCH,0,Replace,2001-01-03T15:30:00.000+01:00,
RTD.M.S0.N.P_C_OV.A,M,S0,N,P_C_OV,A,1993-05,3.11111,A,F,,,P1M,A,,,HICP.M.U2.N.000000.4D0.ANR,,,,,,"See <a class=""external"" href=""http://sdw.ecb.europa.eu/web/generator/docu/rtdb_docu.pdf""> notes</a>; block Monthly; series: AI",,1,,,HICP Inflation rate - Total - Annual rate of change,Euro area (moving concept in the Real Time database context) - HICP - Overall index - Annual growth rate,PCCH,0,Replace,2001-01-03T15:30:00.000+01:00,
RTD.M.S0.N.P_C_OV.A,M,S0,N,P_C_OV,A,1993-06,3.10421,A,F,,,P1M,A,,,HICP.M.U2.N.000000.4D0.ANR,,,,,,"See <a class=""external"" href=""http://sdw.ecb.europa.eu/web/generator/docu/rtdb_docu.pdf""> notes</a>; block Monthly; series: AI",,1,,,HICP Inflation rate - Total - Annual rate of change,Euro area (moving concept in the Real Time database context) - HICP - Overall index - Annual growth rate,PCCH,0,Replace,2001-01-03T15:30:00.000+01:00,
RTD.M.S0.N.P_C_OV.A,M,S0,N,P_C_OV,A,1993-07,3.32226,A,F,,,P1M,A,,,HICP.M.U2.N.000000.4D0.ANR,,,,,,"See <a class=""external"" href=""http://sdw.ecb.europa.eu/web/generator/docu/rtdb_docu.pdf""> notes</a>; block Monthly; series: AI",,1,,,HICP Inflation rate - Total - Annual rate of change,Euro area (moving concept in the Real Time database context) - HICP - Overall index - Annual growth rate,PCCH,0,Replace,2001-01-03T15:30:00.000+01:00,
RTD.M.S0.N.P_C_OV.A,M,S0,N,P_C_OV,A,1993-08,3.31858,A,F,,,P1M,A,,,HICP.M.U2.N.000000.4D0.ANR,,,,,,"See <a class=""external"" href=""http://sdw.ecb.europa.eu/web/generator/docu/rtdb_docu.pdf""> notes</a>; block Monthly; series: AI",,1,,,HICP Inflation rate - Total - Annual rate of change,Euro area (moving concept in the Real Time database context) - HICP - Overall index - Annual growth rate,PCCH,0,Replace,2001-01-03T15:30:00.000+01:00,
RTD.M.S0.N.P_C_OV.A,M,S0,N,P_C_OV,A,1993-09,3.31492,A,F,,,P1M,A,,,HICP.M.U2.N.000000.4D0.ANR,,,,,,"See <a class=""external"" href=""http://sdw.ecb.europa.eu/web/generator/docu/rtdb_docu.pdf""> notes</a>; block Monthly; series: AI",,1,,,HICP Inflation rate - Total - Annual rate of change,Euro area (moving concept in the Real Time database context) - HICP - Overall index - Annual growth rate,PCCH,0,Replace,2001-01-03T15:30:00.000+01:00,
RTD.M.S0.N.P_C_OV.A,M,S0,N,P_C_OV,A,1993-10,3.30761,A,F,,,P1M,A,,,HICP.M.U2.N.000000.4D0.ANR,,,,,,"See <a class=""external"" href=""http://sdw.ecb.europa.eu/web/generator/docu/rtdb_docu.pdf""> notes</a>; block Monthly; series: AI",,1,,,HICP Inflation rate - Total - Annual rate of change,Euro area (moving concept in the Real Time database context) - HICP - Overall index - Annual growth rate,PCCH,0,Replace,2001-01-03T15:30:00.000+01:00,
RTD.M.S0.N.P_C_OV.A,M,S0,N,P_C_OV,A,1993-11,3.18681,A,F,,,P1M,A,,,HICP.M.U2.N.000000.4D0.ANR,,,,,,"See <a class=""external"" href=""http://sdw.ecb.europa.eu/web/generator/docu/rtdb_docu.pdf""> notes</a>; block Monthly; series: AI",,1,,,HICP Inflation rate - Total - Annual rate of change,Euro area (moving concept in the Real Time database context) - HICP - Overall index - Annual growth rate,PCCH,0,Replace,2001-01-03T15:30:00.000+01:00,
RTD.M.S0.N.P_C_OV.A,M,S0,N,P_C_OV,A,1993-12,3.18332,A,F,,,P1M,A,,,HICP.M.U2.N.000000.4D0.ANR,,,,,,"See <a class=""external"" href=""http://sdw.ecb.europa.eu/web/generator/docu/rtdb_docu.pdf""> notes</a>; block Monthly; series: AI",,1,,,HICP Inflation rate - Total - Annual rate of change,Euro area (moving concept in the Real Time database context) - HICP - Overall index - Annual growth rate,PCCH,0,Replace,2001-01-03T15:30:00.000+01:00,
RTD.M.S0.N.P_C_OV.A,M,S0,N,P_C_OV,A,1994-01,2.9476,A,F,,,P1M,A,,,HICP.M.U2.N.000000.4D0.ANR,,,,,,"See <a class=""external"" href=""http://sdw.ecb.europa.eu/web/generator/docu/rtdb_docu.pdf""> notes</a>; block Monthly; series: AI",,1,,,HICP Inflation rate - Total - Annual rate of change,Euro area (moving concept in the Real Time database context) - HICP - Overall index - Annual growth rate,PCCH,0,Replace,2001-01-03T15:30:00.000+01:00,
RTD.M.S0.N.P_C_OV.A,M,S0,N,P_C_OV,A,1994-02,2.9316,A,F,,,P1M,A,,,HICP.M.U2.N.000000.4D0.ANR,,,,,,"See <a class=""external"" href=""http://sdw.ecb.europa.eu/web/generator/docu/rtdb_docu.pdf""> notes</a>; block Monthly; series: AI",,1,,,HICP Inflation rate - Total - Annual rate of change,Euro area (moving concept in the Real Time database context) - HICP - Overall index - Annual growth rate,PCCH,0,Replace,2001-01-03T15:30:00.000+01:00,
RTD.M.S0.N.P_C_OV.A,M,S0,N,P_C_OV,A,1994-03,2.81385,A,F,,,P1M,A,,,HICP.M.U2.N.000000.4D0.ANR,,,,,,"See <a class=""external"" href=""http://sdw.ecb.europa.eu/web/generator/docu/rtdb_docu.pdf""> notes</a>; block Monthly; series: AI",,1,,,HICP Inflation rate - Total - Annual rate of change,Euro area (moving concept in the Real Time database context) - HICP - Overall index - Annual growth rate,PCCH,0,Replace,2001-01-03T15:30:00.000+01:00,
RTD.M.S0.N.P_C_OV.A,M,S0,N,P_C_OV,A,1994-04,2.69978,A,F,,,P1M,A,,,HICP.M.U2.N.000000.4D0.ANR,,,,,,"See <a class=""external"" href=""http://sdw.ecb.europa.eu/web/generator/docu/rtdb_docu.pdf""> notes</a>; block Monthly; series: AI",,1,,,HICP Inflation rate - Total - Annual rate of change,Euro area (moving concept in the Real Time database context) - HICP - Overall index - Annual growth rate,PCCH,0,Replace,2001-01-03T15:30:00.000+01:00,
RTD.M.S0.N.P_C_OV.A,M,S0,N,P_C_OV,A,1994-05,2.80172,A,F,,,P1M,A,,,HICP.M.U2.N.000000.4D0.ANR,,,,,,"See <a class=""external"" href=""http://sdw.ecb.europa.eu/web/generator/docu/rtdb_docu.pdf""> notes</a>; block Monthly; series: AI",,1,,,HICP Inflation rate - Total - Annual rate of change,Euro area (moving concept in the Real Time database context) - HICP - Overall index - Annual growth rate,PCCH,0,Replace,2001-01-03T15:30:00.000+01:00,
RTD.M.S0.N.P_C_OV.A,M,S0,N,P_C_OV,A,1994-06,2.68817,A,F,,,P1M,A,,,HICP.M.U2.N.000000.4D0.ANR,,,,,,"See <a class=""external"" href=""http://sdw.ecb.europa.eu/web/generator/docu/rtdb_docu.pdf""> notes</a>; block Monthly; series: AI",,1,,,HICP Inflation rate - Total - Annual rate of change,Euro area (moving concept in the Real Time database context) - HICP - Overall index - Annual growth rate,PCCH,0,Replace,2001-01-03T15:30:00.000+01:00,
RTD.M.S0.N.P_C_OV.A,M,S0,N,P_C_OV,A,1994-07,2.57235,A,F,,,P1M,A,,,HICP.M.U2.N.000000.4D0.ANR,,,,,,"See <a class=""external"" href=""http://sdw.ecb.europa.eu/web/generator/docu/rtdb_docu.pdf""> notes</a>; block Monthly; series: AI",,1,,,HICP Inflation rate - Total - Annual rate of change,Euro area (moving concept in the Real Time database context) - HICP - Overall index - Annual growth rate,PCCH,0,Replace,2001-01-03T15:30:00.000+01:00,
RTD.M.S0.N.P_C_OV.A,M,S0,N,P_C_OV,A,1994-08,2.67666,A,F,,,P1M,A,,,HICP.M.U2.N.000000.4D0.ANR,,,,,,"See <a class=""external"" href=""http://sdw.ecb.europa.eu/web/generator/docu/rtdb_docu.pdf""> notes</a>; block Monthly; series: AI",,1,,,HICP Inflation rate - Total - Annual rate of change,Euro area (moving concept in the Real Time database context) - HICP - Overall index - Annual growth rate,PCCH,0,Replace,2001-01-03T15:30:00.000+01:00,
RTD.M.S0.N.P_C_OV.A,M,S0,N,P_C_OV,A,1994-09,2.6738,A,F,,,P1M,A,,,HICP.M.U2.N.000000.4D0.ANR,,,,,,"See <a class=""external"" href=""http://sdw.ecb.europa.eu/web/generator/docu/rtdb_docu.pdf""> notes</a>; block Monthly; series: AI",,1,,,HICP Inflation rate - Total - Annual rate of change,Euro area (moving concept in the Real Time database context) - HICP - Overall index - Annual growth rate,PCCH,0,Replace,2001-01-03T15:30:00.000+01:00,
RTD.M.S0.N.P_C_OV.A,M,S0,N,P_C_OV,A,1994-10,2.56137,A,F,,,P1M,A,,,HICP.M.U2.N.000000.4D0.ANR,,,,,,"See <a class=""external"" href=""http://sdw.ecb.europa.eu/web/generator/docu/rtdb_docu.pdf""> notes</a>; block Monthly; series: AI",,1,,,HICP Inflation rate - Total - Annual rate of change,Euro area (moving concept in the Real Time database context) - HICP - Overall index - Annual growth rate,PCCH,0,Replace,2001-01-03T15:30:00.000+01:00,
RTD.M.S0.N.P_C_OV.A,M,S0,N,P_C_OV,A,1994-11,2.44941,A,F,,,P1M,A,,,HICP.M.U2.N.000000.4D0.ANR,,,,,,"See <a class=""external"" href=""http://sdw.ecb.europa.eu/web/generator/docu/rtdb_docu.pdf""> notes</a>; block Monthly; series: AI",,1,,,HICP Inflation rate - Total - Annual rate of change,Euro area (moving concept in the Real Time database context) - HICP - Overall index - Annual growth rate,PCCH,0,Replace,2001-01-03T15:30:00.000+01:00,
RTD.M.S0.N.P_C_OV.A,M,S0,N,P_C_OV,A,1994-12,2.55319,A,F,,,P1M,A,,,HICP.M.U2.N.000000.4D0.ANR,,,,,,"See <a class=""external"" href=""http://sdw.ecb.europa.eu/web/generator/docu/rtdb_docu.pdf""> notes</a>; block Monthly; series: AI",,1,,,HICP Inflation rate - Total - Annual rate of change,Euro area (moving concept in the Real Time database context) - HICP - Overall index - Annual growth rate,PCCH,0,Replace,2001-01-03T15:30:00.000+01:00,
RTD.M.S0.N.P_C_OV.A,M,S0,N,P_C_OV,A,1995-01,2.43902,A,F,,,P1M,A,,,HICP.M.U2.N.000000.4D0.ANR,,,,,,"See <a class=""external"" href=""http://sdw.ecb.europa.eu/web/generator/docu/rtdb_docu.pdf""> notes</a>; block Monthly; series: AI",,1,,,HICP Inflation rate - Total - Annual rate of change,Euro area (moving concept in the Real Time database context) - HICP - Overall index - Annual growth rate,PCCH,0,Replace,2001-01-03T15:30:00.000+01:00,
RTD.M.S0.N.P_C_OV.A,M,S0,N,P_C_OV,A,1995-02,2.42616,A,F,,,P1M,A,,,HICP.M.U2.N.000000.4D0.ANR,,,,,,"See <a class=""external"" href=""http://sdw.ecb.europa.eu/web/generator/docu/rtdb_docu.pdf""> notes</a>; block Monthly; series: AI",,1,,,HICP Inflation rate - Total - Annual rate of change,Euro area (moving concept in the Real Time database context) - HICP - Overall index - Annual growth rate,PCCH,0,Replace,2001-01-03T15:30:00.000+01:00,
RTD.M.S0.N.P_C_OV.A,M,S0,N,P_C_OV,A,1995-03,2.52632,A,F,,,P1M,A,,,HICP.M.U2.N.000000.4D0.ANR,,,,,,"See <a class=""external"" href=""http://sdw.ecb.europa.eu/web/generator/docu/rtdb_docu.pdf""> notes</a>; block Monthly; series: AI",,1,,,HICP Inflation rate - Total - Annual rate of change,Euro area (moving concept in the Real Time database context) - HICP - Overall index - Annual growth rate,PCCH,0,Replace,2001-01-03T15:30:00.000+01:00,
RTD.M.S0.N.P_C_OV.A,M,S0,N,P_C_OV,A,1995-04,2.62881,A,F,,,P1M,A,,,HICP.M.U2.N.000000.4D0.ANR,,,,,,"See <a class=""external"" href=""http://sdw.ecb.europa.eu/web/generator/docu/rtdb_docu.pdf""> notes</a>; block Monthly; series: AI",,1,,,HICP Inflation rate - Total - Annual rate of change,Euro area (moving concept in the Real Time database context) - HICP - Overall index - Annual growth rate,PCCH,0,Replace,2001-01-03T15:30:00.000+01:00,
RTD.M.S0.N.P_C_OV.A,M,S0,N,P_C_OV,A,1995-05,2.4109,A,F,,,P1M,A,,,HICP.M.U2.N.000000.4D0.ANR,,,,,,"See <a class=""external"" href=""http://sdw.ecb.europa.eu/web/generator/docu/rtdb_docu.pdf""> notes</a>; block Monthly; series: AI",,1,,,HICP Inflation rate - Total - Annual rate of change,Euro area (moving concept in the Real Time database context) - HICP - Overall index - Annual growth rate,PCCH,0,Replace,2001-01-03T15:30:00.000+01:00,
RTD.M.S0.N.P_C_OV.A,M,S0,N,P_C_OV,A,1995-06,2.6178,A,F,,,P1M,A,,,HICP.M.U2.N.000000.4D0.ANR,,,,,,"See <a class=""external"" href=""http://sdw.ecb.europa.eu/web/generator/docu/rtdb_docu.pdf""> notes</a>; block Monthly; series: AI",,1,,,HICP Inflation rate - Total - Annual rate of change,Euro area (moving concept in the Real Time database context) - HICP - Overall index - Annual growth rate,PCCH,0,Replace,2001-01-03T15:30:00.000+01:00,
RTD.M.S0.N.P_C_OV.A,M,S0,N,P_C_OV,A,1995-07,2.40334,A,F,,,P1M,A,,,HICP.M.U2.N.000000.4D0.ANR,,,,,,"See <a class=""external"" href=""http://sdw.ecb.europa.eu/web/generator/docu/rtdb_docu.pdf""> notes</a>; block Monthly; series: AI",,1,,,HICP Inflation rate - Total - Annual rate of change,Euro area (moving concept in the Real Time database context) - HICP - Overall index - Annual growth rate,PCCH,0,Replace,2001-01-03T15:30:00.000+01:00,
RTD.M.S0.N.P_C_OV.A,M,S0,N,P_C_OV,A,1995-08,2.29406,A,F,,,P1M,A,,,HICP.M.U2.N.000000.4D0.ANR,,,,,,"See <a class=""external"" href=""http://sdw.ecb.europa.eu/web/generator/docu/rtdb_docu.pdf""> notes</a>; block Monthly; series: AI",,1,,,HICP Inflation rate - Total - Annual rate of change,Euro area (moving concept in the Real Time database context) - HICP - Overall index - Annual growth rate,PCCH,0,Replace,2001-01-03T15:30:00.000+01:00,
RTD.M.S0.N.P_C_OV.A,M,S0,N,P_C_OV,A,1995-09,2.39583,A,F,,,P1M,A,,,HICP.M.U2.N.000000.4D0.ANR,,,,,,"See <a class=""external"" href=""http://sdw.ecb.europa.eu/web/generator/docu/rtdb_docu.pdf""> notes</a>; block Monthly; series: AI",,1,,,HICP Inflation rate - Total - Annual rate of change,Euro area (moving concept in the Real Time database context) - HICP - Overall index - Annual growth rate,PCCH,0,Replace,2001-01-03T15:30:00.000+01:00,
RTD.M.S0.N.P_C_OV.A,M,S0,N,P_C_OV,A,1995-10,2.39334,A,F,,,P1M,A,,,HICP.M.U2.N.000000.4D0.ANR,,,,,,"See <a class=""external"" href=""http://sdw.ecb.europa.eu/web/generator/docu/rtdb_docu.pdf""> notes</a>; block Monthly; series: AI",,1,,,HICP Inflation rate - Total - Annual rate of change,Euro area (moving concept in the Real Time database context) - HICP - Overall index - Annual growth rate,PCCH,0,Replace,2001-01-03T15:30:00.000+01:00,
RTD.M.S0.N.P_C_OV.A,M,S0,N,P_C_OV,A,1995-11,2.39085,A,F,,,P1M,A,,,HICP.M.U2.N.000000.4D0.ANR,,,,,,"See <a class=""external"" href=""http://sdw.ecb.europa.eu/web/generator/docu/rtdb_docu.pdf""> notes</a>; block Monthly; series: AI",,1,,,HICP Inflation rate - Total - Annual rate of change,Euro area (moving concept in the Real Time database context) - HICP - Overall index - Annual growth rate,PCCH,0,Replace,2001-01-03T15:30:00.000+01:00,
RTD.M.S0.N.P_C_OV.A,M,S0,N,P_C_OV,A,1995-12,2.38589,A,F,,,P1M,A,,,HICP.M.U2.N.000000.4D0.ANR,,,,,,"See <a class=""external"" href=""http://sdw.ecb.europa.eu/web/generator/docu/rtdb_docu.pdf""> notes</a>; block Monthly; series: AI",,1,,,HICP Inflation rate - Total - Annual rate of change,Euro area (moving concept in the Real Time database context) - HICP - Overall index - Annual growth rate,PCCH,0,Replace,2001-01-03T15:30:00.000+01:00,
RTD.M.S0.N.P_C_OV.A,M,S0,N,P_C_OV,A,1996-01,2.38095,A,F,,,P1M,A,,,HICP.M.U2.N.000000.4D0.ANR,,,,,,"See <a class=""external"" href=""http://sdw.ecb.europa.eu/web/generator/docu/rtdb_docu.pdf""> notes</a>; block Monthly; series: AI",,1,,,HICP Inflation rate - Total - Annual rate of change,Euro area (moving concept in the Real Time database context) - HICP - Overall index - Annual growth rate,PCCH,0,Replace,2001-01-03T15:30:00.000+01:00,
RTD.M.S0.N.P_C_OV.A,M,S0,N,P_C_OV,A,1996-02,2.36869,A,F,,,P1M,A,,,HICP.M.U2.N.000000.4D0.ANR,,,,,,"See <a class=""external"" href=""http://sdw.ecb.europa.eu/web/generator/docu/rtdb_docu.pdf""> notes</a>; block Monthly; series: AI",,1,,,HICP Inflation rate - Total - Annual rate of change,Euro area (moving concept in the Real Time database context) - HICP - Overall index - Annual growth rate,PCCH,0,Replace,2001-01-03T15:30:00.000+01:00,
RTD.M.S0.N.P_C_OV.A,M,S0,N,P_C_OV,A,1996-03,2.3614,A,F,,,P1M,A,,,HICP.M.U2.N.000000.4D0.ANR,,,,,,"See <a class=""external"" href=""http://sdw.ecb.europa.eu/web/generator/docu/rtdb_docu.pdf""> notes</a>; block Monthly; series: AI",,1,,,HICP Inflation rate - Total - Annual rate of change,Euro area (moving concept in the Real Time database context) - HICP - Overall index - Annual growth rate,PCCH,0,Replace,2001-01-03T15:30:00.000+01:00,
RTD.M.S0.N.P_C_OV.A,M,S0,N,P_C_OV,A,1996-04,2.35656,A,F,,,P1M,A,,,HICP.M.U2.N.000000.4D0.ANR,,,,,,"See <a class=""external"" href=""http://sdw.ecb.europa.eu/web/generator/docu/rtdb_docu.pdf""> notes</a>; block Monthly; series: AI",,1,,,HICP Inflation rate - Total - Annual rate of change,Euro area (moving concept in the Real Time database context) - HICP - Overall index - Annual growth rate,PCCH,0,Replace,2001-01-03T15:30:00.000+01:00,
RTD.M.S0.N.P_C_OV.A,M,S0,N,P_C_OV,A,1996-05,2.4565,A,F,,,P1M,A,,,HICP.M.U2.N.000000.4D0.ANR,,,,,,"See <a class=""external"" href=""http://sdw.ecb.europa.eu/web/generator/docu/rtdb_docu.pdf""> notes</a>; block Monthly; series: AI",,1,,,HICP Inflation rate - Total - Annual rate of change,Euro area (moving concept in the Real Time database context) - HICP - Overall index - Annual growth rate,PCCH,0,Replace,2001-01-03T15:30:00.000+01:00,
RTD.M.S0.N.P_C_OV.A,M,S0,N,P_C_OV,A,1996-06,2.14286,A,F,,,P1M,A,,,HICP.M.U2.N.000000.4D0.ANR,,,,,,"See <a class=""external"" href=""http://sdw.ecb.europa.eu/web/generator/docu/rtdb_docu.pdf""> notes</a>; block Monthly; series: AI",,1,,,HICP Inflation rate - Total - Annual rate of change,Euro area (moving concept in the Real Time database context) - HICP - Overall index - Annual growth rate,PCCH,0,Replace,2001-01-03T15:30:00.000+01:00,
RTD.M.S0.N.P_C_OV.A,M,S0,N,P_C_OV,A,1996-07,2.14286,A,F,,,P1M,A,,,HICP.M.U2.N.000000.4D0.ANR,,,,,,"See <a class=""external"" href=""http://sdw.ecb.europa.eu/web/generator/docu/rtdb_docu.pdf""> notes</a>; block Monthly; series: AI",,1,,,HICP Inflation rate - Total - Annual rate of change,Euro area (moving concept in the Real Time database context) - HICP - Overall index - Annual growth rate,PCCH,0,Replace,2001-01-03T15:30:00.000+01:00,
RTD.M.S0.N.P_C_OV.A,M,S0,N,P_C_OV,A,1996-08,2.03874,A,F,,,P1M,A,,,HICP.M.U2.N.000000.4D0.ANR,,,,,,"See <a class=""external"" href=""http://sdw.ecb.europa.eu/web/generator/docu/rtdb_docu.pdf""> notes</a>; block Monthly; series: AI",,1,,,HICP Inflation rate - Total - Annual rate of change,Euro area (moving concept in the Real Time database context) - HICP - Overall index - Annual growth rate,PCCH,0,Replace,2001-01-03T15:30:00.000+01:00,
RTD.M.S0.N.P_C_OV.A,M,S0,N,P_C_OV,A,1996-09,2.03459,A,F,,,P1M,A,,,HICP.M.U2.N.000000.4D0.ANR,,,,,,"See <a class=""external"" href=""http://sdw.ecb.europa.eu/web/generator/docu/rtdb_docu.pdf""> notes</a>; block Monthly; series: AI",,1,,,HICP Inflation rate - Total - Annual rate of change,Euro area (moving concept in the Real Time database context) - HICP - Overall index - Annual growth rate,PCCH,0,Replace,2001-01-03T15:30:00.000+01:00,
RTD.M.S0.N.P_C_OV.A,M,S0,N,P_C_OV,A,1996-10,2.03252,A,F,,,P1M,A,,,HICP.M.U2.N.000000.4D0.ANR,,,,,,"See <a class=""external"" href=""http://sdw.ecb.europa.eu/web/generator/docu/rtdb_docu.pdf""> notes</a>; block Monthly; series: AI",,1,,,HICP Inflation rate - Total - Annual rate of change,Euro area (moving concept in the Real Time database context) - HICP - Overall index - Annual growth rate,PCCH,0,Replace,2001-01-03T15:30:00.000+01:00,
RTD.M.S0.N.P_C_OV.A,M,S0,N,P_C_OV,A,1996-11,1.92893,A,F,,,P1M,A,,,HICP.M.U2.N.000000.4D0.ANR,,,,,,"See <a class=""external"" href=""http://sdw.ecb.europa.eu/web/generator/docu/rtdb_docu.pdf""> notes</a>; block Monthly; series: AI",,1,,,HICP Inflation rate - Total - Annual rate of change,Euro area (moving concept in the Real Time database context) - HICP - Overall index - Annual growth rate,PCCH,0,Replace,2001-01-03T15:30:00.000+01:00,
RTD.M.S0.N.P_C_OV.A,M,S0,N,P_C_OV,A,1996-12,1.92503,A,F,,,P1M,A,,,HICP.M.U2.N.000000.4D0.ANR,,,,,,"See <a class=""external"" href=""http://sdw.ecb.europa.eu/web/generator/docu/rtdb_docu.pdf""> notes</a>; block Monthly; series: AI",,1,,,HICP Inflation rate - Total - Annual rate of change,Euro area (moving concept in the Real Time database context) - HICP - Overall index - Annual growth rate,PCCH,0,Replace,2001-01-03T15:30:00.000+01:00,
RTD.M.S0.N.P_C_OV.A,M,S0,N,P_C_OV,A,1997-01,2.02224,A,F,,,P1M,A,,,HICP.M.U2.N.000000.4D0.ANR,,,,,,"See <a class=""external"" href=""http://sdw.ecb.europa.eu/web/generator/docu/rtdb_docu.pdf""> notes</a>; block Monthly; series: AI",,1,,,HICP Inflation rate - Total - Annual rate of change,Euro area (moving concept in the Real Time database context) - HICP - Overall index - Annual growth rate,PCCH,0,Replace,2001-01-03T15:30:00.000+01:00,
RTD.M.S0.N.P_C_OV.A,M,S0,N,P_C_OV,A,1997-02,1.81087,A,F,,,P1M,A,,,HICP.M.U2.N.000000.4D0.ANR,,,,,,"See <a class=""external"" href=""http://sdw.ecb.europa.eu/web/generator/docu/rtdb_docu.pdf""> notes</a>; block Monthly; series: AI",,1,,,HICP Inflation rate - Total - Annual rate of change,Euro area (moving concept in the Real Time database context) - HICP - Overall index - Annual growth rate,PCCH,0,Replace,2001-01-03T15:30:00.000+01:00,
RTD.M.S0.N.P_C_OV.A,M,S0,N,P_C_OV,A,1997-03,1.60481,A,F,,,P1M,A,,,HICP.M.U2.N.000000.4D0.ANR,,,,,,"See <a class=""external"" href=""http://sdw.ecb.europa.eu/web/generator/docu/rtdb_docu.pdf""> notes</a>; block Monthly; series: AI",,1,,,HICP Inflation rate - Total - Annual rate of change,Euro area (moving concept in the Real Time database context) - HICP - Overall index - Annual growth rate,PCCH,0,Replace,2001-01-03T15:30:00.000+01:00,
RTD.M.S0.N.P_C_OV.A,M,S0,N,P_C_OV,A,1997-04,1.3013,A,F,,,P1M,A,,,HICP.M.U2.N.000000.4D0.ANR,,,,,,"See <a class=""external"" href=""http://sdw.ecb.europa.eu/web/generator/docu/rtdb_docu.pdf""> notes</a>; block Monthly; series: AI",,1,,,HICP Inflation rate - Total - Annual rate of change,Euro area (moving concept in the Real Time database context) - HICP - Overall index - Annual growth rate,PCCH,0,Replace,2001-01-03T15:30:00.000+01:00,
RTD.M.S0.N.P_C_OV.A,M,S0,N,P_C_OV,A,1997-05,1.3986,A,F,,,P1M,A,,,HICP.M.U2.N.000000.4D0.ANR,,,,,,"See <a class=""external"" href=""http://sdw.ecb.europa.eu/web/generator/docu/rtdb_docu.pdf""> notes</a>; block Monthly; series: AI",,1,,,HICP Inflation rate - Total - Annual rate of change,Euro area (moving concept in the Real Time database context) - HICP - Overall index - Annual growth rate,PCCH,0,Replace,2001-01-03T15:30:00.000+01:00,
RTD.M.S0.N.P_C_OV.A,M,S0,N,P_C_OV,A,1997-06,1.3986,A,F,,,P1M,A,,,HICP.M.U2.N.000000.4D0.ANR,,,,,,"See <a class=""external"" href=""http://sdw.ecb.europa.eu/web/generator/docu/rtdb_docu.pdf""> notes</a>; block Monthly; series: AI",,1,,,HICP Inflation rate - Total - Annual rate of change,Euro area (moving concept in the Real Time database context) - HICP - Overall index - Annual growth rate,PCCH,0,Replace,2001-01-03T15:30:00.000+01:00,
RTD.M.S0.N.P_C_OV.A,M,S0,N,P_C_OV,A,1997-07,1.4985,A,F,,,P1M,A,,,HICP.M.U2.N.000000.4D0.ANR,,,,,,"See <a class=""external"" href=""http://sdw.ecb.europa.eu/web/generator/docu/rtdb_docu.pdf""> notes</a>; block Monthly; series: AI",,1,,,HICP Inflation rate - Total - Annual rate of change,Euro area (moving concept in the Real Time database context) - HICP - Overall index - Annual growth rate,PCCH,0,Replace,2001-01-03T15:30:00.000+01:00,
RTD.M.S0.N.P_C_OV.A,M,S0,N,P_C_OV,A,1997-08,1.6983,A,F,,,P1M,A,,,HICP.M.U2.N.000000.4D0.ANR,,,,,,"See <a class=""external"" href=""http://sdw.ecb.europa.eu/web/generator/docu/rtdb_docu.pdf""> notes</a>; block Monthly; series: AI",,1,,,HICP Inflation rate - Total - Annual rate of change,Euro area (moving concept in the Real Time database context) - HICP - Overall index - Annual growth rate,PCCH,0,Replace,2001-01-03T15:30:00.000+01:00,
RTD.M.S0.N.P_C_OV.A,M,S0,N,P_C_OV,A,1997-09,1.59521,A,F,,,P1M,A,,,HICP.M.U2.N.000000.4D0.ANR,,,,,,"See <a class=""external"" href=""http://sdw.ecb.europa.eu/web/generator/docu/rtdb_docu.pdf""> notes</a>; block Monthly; series: AI",,1,,,HICP Inflation rate - Total - Annual rate of change,Euro area (moving concept in the Real Time database context) - HICP - Overall index - Annual growth rate,PCCH,0,Replace,2001-01-03T15:30:00.000+01:00,
RTD.M.S0.N.P_C_OV.A,M,S0,N,P_C_OV,A,1997-10,1.49402,A,F,,,P1M,A,,,HICP.M.U2.N.000000.4D0.ANR,,,,,,"See <a class=""external"" href=""http://sdw.ecb.europa.eu/web/generator/docu/rtdb_docu.pdf""> notes</a>; block Monthly; series: AI",,1,,,HICP Inflation rate - Total - Annual rate of change,Euro area (moving concept in the Real Time database context) - HICP - Overall index - Annual growth rate,PCCH,0,Replace,2001-01-03T15:30:00.000+01:00,
RTD.M.S0.N.P_C_OV.A,M,S0,N,P_C_OV,A,1997-11,1.59363,A,F,,,P1M,A,,,HICP.M.U2.N.000000.4D0.ANR,,,,,,"See <a class=""external"" href=""http://sdw.ecb.europa.eu/web/generator/docu/rtdb_docu.pdf""> notes</a>; block Monthly; series: AI",,1,,,HICP Inflation rate - Total - Annual rate of change,Euro area (moving concept in the Real Time database context) - HICP - Overall index - Annual growth rate,PCCH,0,Replace,2001-01-03T15:30:00.000+01:00,
RTD.M.S0.N.P_C_OV.A,M,S0,N,P_C_OV,A,1997-12,1.49105,A,F,,,P1M,A,,,HICP.M.U2.N.000000.4D0.ANR,,,,,,"See <a class=""external"" href=""http://sdw.ecb.europa.eu/web/generator/docu/rtdb_docu.pdf""> notes</a>; block Monthly; series: AI",,1,,,HICP Inflation rate - Total - Annual rate of change,Euro area (moving concept in the Real Time database context) - HICP - Overall index - Annual growth rate,PCCH,0,Replace,2001-01-03T15:30:00.000+01:00,
RTD.M.S0.N.P_C_OV.A,M,S0,N,P_C_OV,A,1998-01,1.09019,A,F,,,P1M,A,,,HICP.M.U2.N.000000.4D0.ANR,,,,,,"See <a class=""external"" href=""http://sdw.ecb.europa.eu/web/generator/docu/rtdb_docu.pdf""> notes</a>; block Monthly; series: AI",,1,,,HICP Inflation rate - Total - Annual rate of change,Euro area (moving concept in the Real Time database context) - HICP - Overall index - Annual growth rate,PCCH,0,Replace,2001-01-03T15:30:00.000+01:00,
RTD.M.S0.N.P_C_OV.A,M,S0,N,P_C_OV,A,1998-02,1.08696,A,F,,,P1M,A,,,HICP.M.U2.N.000000.4D0.ANR,,,,,,"See <a class=""external"" href=""http://sdw.ecb.europa.eu/web/generator/docu/rtdb_docu.pdf""> notes</a>; block Monthly; series: AI",,1,,,HICP Inflation rate - Total - Annual rate of change,Euro area (moving concept in the Real Time database context) - HICP - Overall index - Annual growth rate,PCCH,0,Replace,2001-01-03T15:30:00.000+01:00,
RTD.M.S0.N.P_C_OV.A,M,S0,N,P_C_OV,A,1998-03,1.08588,A,F,,,P1M,A,,,HICP.M.U2.N.000000.4D0.ANR,,,,,,"See <a class=""external"" href=""http://sdw.ecb.europa.eu/web/generator/docu/rtdb_docu.pdf""> notes</a>; block Monthly; series: AI",,1,,,HICP Inflation rate - Total - Annual rate of change,Euro area (moving concept in the Real Time database context) - HICP - Overall index - Annual growth rate,PCCH,0,Replace,2001-01-03T15:30:00.000+01:00,
RTD.M.S0.N.P_C_OV.A,M,S0,N,P_C_OV,A,1998-04,1.3834,A,F,,,P1M,A,,,HICP.M.U2.N.000000.4D0.ANR,,,,,,"See <a class=""external"" href=""http://sdw.ecb.europa.eu/web/generator/docu/rtdb_docu.pdf""> notes</a>; block Monthly; series: AI",,1,,,HICP Inflation rate - Total - Annual rate of change,Euro area (moving concept in the Real Time database context) - HICP - Overall index - Annual growth rate,PCCH,0,Replace,2001-01-03T15:30:00.000+01:00,
RTD.M.S0.N.P_C_OV.A,M,S0,N,P_C_OV,A,1998-05,1.28079,A,F,,,P1M,A,,,HICP.M.U2.N.000000.4D0.ANR,,,,,,"See <a class=""external"" href=""http://sdw.ecb.europa.eu/web/generator/docu/rtdb_docu.pdf""> notes</a>; block Monthly; series: AI",,1,,,HICP Inflation rate - Total - Annual rate of change,Euro area (moving concept in the Real Time database context) - HICP - Overall index - Annual growth rate,PCCH,0,Replace,2001-01-03T15:30:00.000+01:00,
RTD.M.S0.N.P_C_OV.A,M,S0,N,P_C_OV,A,1998-06,1.37931,A,F,,,P1M,A,,,HICP.M.U2.N.000000.4D0.ANR,,,,,,"See <a class=""external"" href=""http://sdw.ecb.europa.eu/web/generator/docu/rtdb_docu.pdf""> notes</a>; block Monthly; series: AI",,1,,,HICP Inflation rate - Total - Annual rate of change,Euro area (moving concept in the Real Time database context) - HICP - Overall index - Annual growth rate,PCCH,0,Replace,2001-01-03T15:30:00.000+01:00,
RTD.M.S0.N.P_C_OV.A,M,S0,N,P_C_OV,A,1998-07,1.27953,A,F,,,P1M,A,,,HICP.M.U2.N.000000.4D0.ANR,,,,,,"See <a class=""external"" href=""http://sdw.ecb.europa.eu/web/generator/docu/rtdb_docu.pdf""> notes</a>; block Monthly; series: AI",,1,,,HICP Inflation rate - Total - Annual rate of change,Euro area (moving concept in the Real Time database context) - HICP - Overall index - Annual growth rate,PCCH,0,Replace,2001-01-03T15:30:00.000+01:00,
RTD.M.S0.N.P_C_OV.A,M,S0,N,P_C_OV,A,1998-08,1.08055,A,F,,,P1M,A,,,HICP.M.U2.N.000000.4D0.ANR,,,,,,"See <a class=""external"" href=""http://sdw.ecb.europa.eu/web/generator/docu/rtdb_docu.pdf""> notes</a>; block Monthly; series: AI",,1,,,HICP Inflation rate - Total - Annual rate of change,Euro area (moving concept in the Real Time database context) - HICP - Overall index - Annual growth rate,PCCH,0,Replace,2001-01-03T15:30:00.000+01:00,
RTD.M.S0.N.P_C_OV.A,M,S0,N,P_C_OV,A,1998-09,0.98135,A,F,,,P1M,A,,,HICP.M.U2.N.000000.4D0.ANR,,,,,,"See <a class=""external"" href=""http://sdw.ecb.europa.eu/web/generator/docu/rtdb_docu.pdf""> notes</a>; block Monthly; series: AI",,1,,,HICP Inflation rate - Total - Annual rate of change,Euro area (moving concept in the Real Time database context) - HICP - Overall index - Annual growth rate,PCCH,0,Replace,2001-01-03T15:30:00.000+01:00,
RTD.M.S0.N.P_C_OV.A,M,S0,N,P_C_OV,A,1998-10,0.88322,A,F,,,P1M,A,,,HICP.M.U2.N.000000.4D0.ANR,,,,,,"See <a class=""external"" href=""http://sdw.ecb.europa.eu/web/generator/docu/rtdb_docu.pdf""> notes</a>; block Monthly; series: AI",,1,,,HICP Inflation rate - Total - Annual rate of change,Euro area (moving concept in the Real Time database context) - HICP - Overall index - Annual growth rate,PCCH,0,Replace,2001-01-03T15:30:00.000+01:00,
RTD.M.S0.N.P_C_OV.A,M,S0,N,P_C_OV,A,1998-11,0.78431,A,F,,,P1M,A,,,HICP.M.U2.N.000000.4D0.ANR,,,,,,"See <a class=""external"" href=""http://sdw.ecb.europa.eu/web/generator/docu/rtdb_docu.pdf""> notes</a>; block Monthly; series: AI",,1,,,HICP Inflation rate - Total - Annual rate of change,Euro area (moving concept in the Real Time database context) - HICP - Overall index - Annual growth rate,PCCH,0,Replace,2001-01-03T15:30:00.000+01:00,
RTD.M.S0.N.P_C_OV.A,M,S0,N,P_C_OV,A,1998-12,0.78355,A,F,,,P1M,A,,,HICP.M.U2.N.000000.4D0.ANR,,,,,,"See <a class=""external"" href=""http://sdw.ecb.europa.eu/web/generator/docu/rtdb_docu.pdf""> notes</a>; block Monthly; series: AI",,1,,,HICP Inflation rate - Total - Annual rate of change,Euro area (moving concept in the Real Time database context) - HICP - Overall index - Annual growth rate,PCCH,0,Replace,2001-01-03T15:30:00.000+01:00,
RTD.M.S0.N.P_C_OV.A,M,S0,N,P_C_OV,A,1999-01,0.78431,A,F,,,P1M,A,,,HICP.M.U2.N.000000.4D0.ANR,,,,,,"See <a class=""external"" href=""http://sdw.ecb.europa.eu/web/generator/docu/rtdb_docu.pdf""> notes</a>; block Monthly; series: AI",,1,,,HICP Inflation rate - Total - Annual rate of change,Euro area (moving concept in the Real Time database context) - HICP - Overall index - Annual growth rate,PCCH,0,Replace,2001-01-03T15:30:00.000+01:00,
RTD.M.S0.N.P_C_OV.A,M,S0,N,P_C_OV,A,1999-02,0.78201,A,F,,,P1M,A,,,HICP.M.U2.N.000000.4D0.ANR,,,,,,"See <a class=""external"" href=""http://sdw.ecb.europa.eu/web/generator/docu/rtdb_docu.pdf""> notes</a>; block Monthly; series: AI",,1,,,HICP Inflation rate - Total - Annual rate of change,Euro area (moving concept in the Real Time database context) - HICP - Overall index - Annual growth rate,PCCH,0,Replace,2001-01-03T15:30:00.000+01:00,
RTD.M.S0.N.P_C_OV.A,M,S0,N,P_C_OV,A,1999-03,0.97656,A,F,,,P1M,A,,,HICP.M.U2.N.000000.4D0.ANR,,,,,,"See <a class=""external"" href=""http://sdw.ecb.europa.eu/web/generator/docu/rtdb_docu.pdf""> notes</a>; block Monthly; series: AI",,1,,,HICP Inflation rate - Total - Annual rate of change,Euro area (moving concept in the Real Time database context) - HICP - Overall index - Annual growth rate,PCCH,0,Replace,2001-01-03T15:30:00.000+01:00,
RTD.M.S0.N.P_C_OV.A,M,S0,N,P_C_OV,A,1999-04,1.07212,A,F,,,P1M,A,,,HICP.M.U2.N.000000.4D0.ANR,,,,,,"See <a class=""external"" href=""http://sdw.ecb.europa.eu/web/generator/docu/rtdb_docu.pdf""> notes</a>; block Monthly; series: AI",,1,,,HICP Inflation rate - Total - Annual rate of change,Euro area (moving concept in the Real Time database context) - HICP - Overall index - Annual growth rate,PCCH,0,Replace,2001-01-03T15:30:00.000+01:00,
RTD.M.S0.N.P_C_OV.A,M,S0,N,P_C_OV,A,1999-05,0.97276,A,F,,,P1M,A,,,HICP.M.U2.N.000000.4D0.ANR,,,,,,"See <a class=""external"" href=""http://sdw.ecb.europa.eu/web/generator/docu/rtdb_docu.pdf""> notes</a>; block Monthly; series: AI",,1,,,HICP Inflation rate - Total - Annual rate of change,Euro area (moving concept in the Real Time database context) - HICP - Overall index - Annual growth rate,PCCH,0,Replace,2001-01-03T15:30:00.000+01:00,
RTD.M.S0.N.P_C_OV.A,M,S0,N,P_C_OV,A,1999-06,0.87464,A,F,,,P1M,A,,,HICP.M.U2.N.000000.4D0.ANR,,,,,,"See <a class=""external"" href=""http://sdw.ecb.europa.eu/web/generator/docu/rtdb_docu.pdf""> notes</a>; block Monthly; series: AI",,1,,,HICP Inflation rate - Total - Annual rate of change,Euro area (moving concept in the Real Time database context) - HICP - Overall index - Annual growth rate,PCCH,0,Replace,2001-01-03T15:30:00.000+01:00,
RTD.M.S0.N.P_C_OV.A,M,S0,N,P_C_OV,A,1999-07,1.069,A,F,,,P1M,A,,,HICP.M.U2.N.000000.4D0.ANR,,,,,,"See <a class=""external"" href=""http://sdw.ecb.europa.eu/web/generator/docu/rtdb_docu.pdf""> notes</a>; block Monthly; series: AI",,1,,,HICP Inflation rate - Total - Annual rate of change,Euro area (moving concept in the Real Time database context) - HICP - Overall index - Annual growth rate,PCCH,0,Replace,2001-01-03T15:30:00.000+01:00,
RTD.M.S0.N.P_C_OV.A,M,S0,N,P_C_OV,A,1999-08,1.16618,A,F,,,P1M,A,,,HICP.M.U2.N.000000.4D0.ANR,,,,,,"See <a class=""external"" href=""http://sdw.ecb.europa.eu/web/generator/docu/rtdb_docu.pdf""> notes</a>; block Monthly; series: AI",,1,,,HICP Inflation rate - Total - Annual rate of change,Euro area (moving concept in the Real Time database context) - HICP - Overall index - Annual growth rate,PCCH,0,Replace,2001-01-03T15:30:00.000+01:00,
RTD.M.S0.N.P_C_OV.A,M,S0,N,P_C_OV,A,1999-09,1.16618,A,F,,,P1M,A,,,HICP.M.U2.N.000000.4D0.ANR,,,,,,"See <a class=""external"" href=""http://sdw.ecb.europa.eu/web/generator/docu/rtdb_docu.pdf""> notes</a>; block Monthly; series: AI",,1,,,HICP Inflation rate - Total - Annual rate of change,Euro area (moving concept in the Real Time database context) - HICP - Overall index - Annual growth rate,PCCH,0,Replace,2001-01-03T15:30:00.000+01:00,
RTD.M.S0.N.P_C_OV.A,M,S0,N,P_C_OV,A,1999-10,1.36187,A,F,,,P1M,A,,,HICP.M.U2.N.000000.4D0.ANR,,,,,,"See <a class=""external"" href=""http://sdw.ecb.europa.eu/web/generator/docu/rtdb_docu.pdf""> notes</a>; block Monthly; series: AI",,1,,,HICP Inflation rate - Total - Annual rate of change,Euro area (moving concept in the Real Time database context) - HICP - Overall index - Annual growth rate,PCCH,0,Replace,2001-01-03T15:30:00.000+01:00,
RTD.M.S0.N.P_C_OV.A,M,S0,N,P_C_OV,A,1999-11,1.45914,A,F,,,P1M,A,,,HICP.M.U2.N.000000.4D0.ANR,,,,,,"See <a class=""external"" href=""http://sdw.ecb.europa.eu/web/generator/docu/rtdb_docu.pdf""> notes</a>; block Monthly; series: AI",,1,,,HICP Inflation rate - Total - Annual rate of change,Euro area (moving concept in the Real Time database context) - HICP - Overall index - Annual growth rate,PCCH,0,Replace,2001-01-03T15:30:00.000+01:00,
RTD.M.S0.N.P_C_OV.A,M,S0,N,P_C_OV,A,1999-12,1.74927,A,F,,,P1M,A,,,HICP.M.U2.N.000000.4D0.ANR,,,,,,"See <a class=""external"" href=""http://sdw.ecb.europa.eu/web/generator/docu/rtdb_docu.pdf""> notes</a>; block Monthly; series: AI",,1,,,HICP Inflation rate - Total - Annual rate of change,Euro area (moving concept in the Real Time database context) - HICP - Overall index - Annual growth rate,PCCH,0,Replace,2001-01-03T15:30:00.000+01:00,
RTD.M.S0.N.P_C_OV.A,M,S0,N,P_C_OV,A,2000-01,1.94553,A,F,,,P1M,A,,,HICP.M.U2.N.000000.4D0.ANR,,,,,,"See <a class=""external"" href=""http://sdw.ecb.europa.eu/web/generator/docu/rtdb_docu.pdf""> notes</a>; block Monthly; series: AI",,1,,,HICP Inflation rate - Total - Annual rate of change,Euro area (moving concept in the Real Time database context) - HICP - Overall index - Annual growth rate,PCCH,0,Replace,2001-01-03T15:30:00.000+01:00,
RTD.M.S0.N.P_C_OV.A,M,S0,N,P_C_OV,A,2000-02,2.03686,A,F,,,P1M,A,,,HICP.M.U2.N.000000.4D0.ANR,,,,,,"See <a class=""external"" href=""http://sdw.ecb.europa.eu/web/generator/docu/rtdb_docu.pdf""> notes</a>; block Monthly; series: AI",,1,,,HICP Inflation rate - Total - Annual rate of change,Euro area (moving concept in the Real Time database context) - HICP - Overall index - Annual growth rate,PCCH,0,Replace,2001-01-03T15:30:00.000+01:00,
RTD.M.S0.N.P_C_OV.A,M,S0,N,P_C_OV,A,2000-03,2.12766,A,F,,,P1M,A,,,HICP.M.U2.N.000000.4D0.ANR,,,,,,"See <a class=""external"" href=""http://sdw.ecb.europa.eu/web/generator/docu/rtdb_docu.pdf""> notes</a>; block Monthly; series: AI",,1,,,HICP Inflation rate - Total - Annual rate of change,Euro area (moving concept in the Real Time database context) - HICP - Overall index - Annual growth rate,PCCH,0,Replace,2001-01-03T15:30:00.000+01:00,
RTD.M.S0.N.P_C_OV.A,M,S0,N,P_C_OV,A,2000-04,1.92864,A,F,,,P1M,A,,,HICP.M.U2.N.000000.4D0.ANR,,,,,,"See <a class=""external"" href=""http://sdw.ecb.europa.eu/web/generator/docu/rtdb_docu.pdf""> notes</a>; block Monthly; series: AI",,1,,,HICP Inflation rate - Total - Annual rate of change,Euro area (moving concept in the Real Time database context) - HICP - Overall index - Annual growth rate,PCCH,0,Replace,2001-01-03T15:30:00.000+01:00,
RTD.M.S0.N.P_C_OV.A,M,S0,N,P_C_OV,A,2000-05,1.92678,A,F,,,P1M,A,,,HICP.M.U2.N.000000.4D0.ANR,,,,,,"See <a class=""external"" href=""http://sdw.ecb.europa.eu/web/generator/docu/rtdb_docu.pdf""> notes</a>; block Monthly; series: AI",,1,,,HICP Inflation rate - Total - Annual rate of change,Euro area (moving concept in the Real Time database context) - HICP - Overall index - Annual growth rate,PCCH,0,Replace,2001-01-03T15:30:00.000+01:00,
RTD.M.S0.N.P_C_OV.A,M,S0,N,P_C_OV,A,2000-06,2.40848,A,F,,,P1M,A,,,HICP.M.U2.N.000000.4D0.ANR,,,,,,"See <a class=""external"" href=""http://sdw.ecb.europa.eu/web/generator/docu/rtdb_docu.pdf""> notes</a>; block Monthly; series: AI",,1,,,HICP Inflation rate - Total - Annual rate of change,Euro area (moving concept in the Real Time database context) - HICP - Overall index - Annual growth rate,PCCH,0,Replace,2001-01-03T15:30:00.000+01:00,
RTD.M.S0.N.P_C_OV.A,M,S0,N,P_C_OV,A,2000-07,2.40385,A,F,,,P1M,A,,,HICP.M.U2.N.000000.4D0.ANR,,,,,,"See <a class=""external"" href=""http://sdw.ecb.europa.eu/web/generator/docu/rtdb_docu.pdf""> notes</a>; block Monthly; series: AI",,1,,,HICP Inflation rate - Total - Annual rate of change,Euro area (moving concept in the Real Time database context) - HICP - Overall index - Annual growth rate,PCCH,0,Replace,2001-01-03T15:30:00.000+01:00,
RTD.M.S0.N.P_C_OV.A,M,S0,N,P_C_OV,A,2000-08,2.30548,A,F,,,P1M,A,,,HICP.M.U2.N.000000.4D0.ANR,,,,,,"See <a class=""external"" href=""http://sdw.ecb.europa.eu/web/generator/docu/rtdb_docu.pdf""> notes</a>; block Monthly; series: AI",,1,,,HICP Inflation rate - Total - Annual rate of change,Euro area (moving concept in the Real Time database context) - HICP - Overall index - Annual growth rate,PCCH,0,Replace,2001-01-03T15:30:00.000+01:00,
RTD.M.S0.N.P_C_OV.A,M,S0,N,P_C_OV,A,2000-09,2.78578,A,F,,,P1M,A,,,HICP.M.U2.N.000000.4D0.ANR,,,,,,"See <a class=""external"" href=""http://sdw.ecb.europa.eu/web/generator/docu/rtdb_docu.pdf""> notes</a>; block Monthly; series: AI",,1,,,HICP Inflation rate - Total - Annual rate of change,Euro area (moving concept in the Real Time database context) - HICP - Overall index - Annual growth rate,PCCH,0,Replace,2001-01-03T15:30:00.000+01:00,
RTD.M.S0.N.P_C_OV.A,M,S0,N,P_C_OV,A,2000-10,2.68714,A,F,,,P1M,A,,,HICP.M.U2.N.000000.4D0.ANR,,,,,,"See <a class=""external"" href=""http://sdw.ecb.europa.eu/web/generator/docu/rtdb_docu.pdf""> notes</a>; block Monthly; series: AI",,1,,,HICP Inflation rate - Total - Annual rate of change,Euro area (moving concept in the Real Time database context) - HICP - Overall index - Annual growth rate,PCCH,0,Replace,2001-01-03T15:30:00.000+01:00,
RTD.M.S0.N.P_C_OV.A,M,S0,N,P_C_OV,A,2000-11,2.87632,A,F,,,P1M,A,,,HICP.M.U2.N.000000.4D0.ANR,,,,,,"See <a class=""external"" href=""http://sdw.ecb.europa.eu/web/generator/docu/rtdb_docu.pdf""> notes</a>; block Monthly; series: AI",,1,,,HICP Inflation rate - Total - Annual rate of change,Euro area (moving concept in the Real Time database context) - HICP - Overall index - Annual growth rate,PCCH,0,Replace,2001-01-03T15:30:00.000+01:00,
RTD.M.S0.N.P_C_OV.A,M,S0,N,P_C_OV,A,2000-12,2.5788,A,F,,,P1M,A,,,HICP.M.U2.N.000000.4D0.ANR,,,,,,"See <a class=""external"" href=""http://sdw.ecb.europa.eu/web/generator/docu/rtdb_docu.pdf""> notes</a>; block Monthly; series: AI",,1,,,HICP Inflation rate - Total - Annual rate of change,Euro area (moving concept in the Real Time database context) - HICP - Overall index - Annual growth rate,PCCH,0,Replace,2001-01-31T15:30:00.000+01:00,
RTD.M.S0.N.P_C_OV.A,M,S0,N,P_C_OV,A,2000-07,2.30769,A,F,,,P1M,A,,,HICP.M.U2.N.000000.4D0.ANR,,,,,,"See <a class=""external"" href=""http://sdw.ecb.europa.eu/web/generator/docu/rtdb_docu.pdf""> notes</a>; block Monthly; series: AI",,1,,,HICP Inflation rate - Total - Annual rate of change,Euro area (moving concept in the Real Time database context) - HICP - Overall index - Annual growth rate,PCCH,0,Replace,2001-02-28T15:30:00.000+01:00,
RTD.M.S0.N.P_C_OV.A,M,S0,N,P_C_OV,A,2001-01,2.3855,A,F,,,P1M,A,,,HICP.M.U2.N.000000.4D0.ANR,,,,,,"See <a class=""external"" href=""http://sdw.ecb.europa.eu/web/generator/docu/rtdb_docu.pdf""> notes</a>; block Monthly; series: AI",,1,,,HICP Inflation rate - Total - Annual rate of change,Euro area (moving concept in the Real Time database context) - HICP - Overall index - Annual growth rate,PCCH,0,Replace,2001-02-28T15:30:00.000+01:00,
RTD.M.S0.N.P_C_OV.A,M,S0,N,P_C_OV,A,2001-02,2.56654,A,F,,,P1M,A,,,HICP.M.U2.N.000000.4D0.ANR,,,,,,"See <a class=""external"" href=""http://sdw.ecb.europa.eu/web/generator/docu/rtdb_docu.pdf""> notes</a>; block Monthly; series: AI",,1,,,HICP Inflation rate - Total - Annual rate of change,Euro area (moving concept in the Real Time database context) - HICP - Overall index - Annual growth rate,PCCH,0,Replace,2001-04-10T15:30:00.000+02:00,
RTD.M.S0.N.P_C_OV.A,M,S0,N,P_C_OV,A,2001-03,2.55682,A,F,,,P1M,A,,,HICP.M.U2.N.000000.4D0.ANR,,,,,,"See <a class=""external"" href=""http://sdw.ecb.europa.eu/web/generator/docu/rtdb_docu.pdf""> notes</a>; block Monthly; series: AI",,1,,,HICP Inflation rate - Total - Annual rate of change,Euro area (moving concept in the Real Time database context) - HICP - Overall index - Annual growth rate,PCCH,0,Replace,2001-05-08T15:30:00.000+02:00,
RTD.M.S0.N.P_C_OV.A,M,S0,N,P_C_OV,A,2001-04,2.93283,A,F,,,P1M,A,,,HICP.M.U2.N.000000.4D0.ANR,,,,,,"See <a class=""external"" href=""http://sdw.ecb.europa.eu/web/generator/docu/rtdb_docu.pdf""> notes</a>; block Monthly; series: AI",,1,,,HICP Inflation rate - Total - Annual rate of change,Euro area (moving concept in the Real Time database context) - HICP - Overall index - Annual growth rate,PCCH,0,Replace,2001-06-06T15:30:00.000+02:00,
RTD.M.S0.N.P_C_OV.A,M,S0,N,P_C_OV,A,2001-05,3.40265,A,F,,,P1M,A,,,HICP.M.U2.N.000000.4D0.ANR,,,,,,"See <a class=""external"" href=""http://sdw.ecb.europa.eu/web/generator/docu/rtdb_docu.pdf""> notes</a>; block Monthly; series: AI",,1,,,HICP Inflation rate - Total - Annual rate of change,Euro area (moving concept in the Real Time database context) - HICP - Overall index - Annual growth rate,PCCH,0,Replace,2001-07-04T15:30:00.000+02:00,
RTD.M.S0.N.P_C_OV.A,M,S0,N,P_C_OV,A,2001-06,3.01035,A,F,,,P1M,A,,,HICP.M.U2.N.000000.4D0.ANR,,,,,,"See <a class=""external"" href=""http://sdw.ecb.europa.eu/web/generator/docu/rtdb_docu.pdf""> notes</a>; block Monthly; series: AI",,1,,,HICP Inflation rate - Total - Annual rate of change,Euro area (moving concept in the Real Time database context) - HICP - Overall index - Annual growth rate,PCCH,0,Replace,2001-08-01T15:30:00.000+02:00,
RTD.M.S0.N.P_C_OV.A,M,S0,N,P_C_OV,A,2001-07,2.81955,A,F,,,P1M,A,,,HICP.M.U2.N.000000.4D0.ANR,,,,,,"See <a class=""external"" href=""http://sdw.ecb.europa.eu/web/generator/docu/rtdb_docu.pdf""> notes</a>; block Monthly; series: AI",,1,,,HICP Inflation rate - Total - Annual rate of change,Euro area (moving concept in the Real Time database context) - HICP - Overall index - Annual growth rate,PCCH,0,Replace,2001-09-13T15:30:00.000+02:00,
RTD.M.S0.N.P_C_OV.A,M,S0,N,P_C_OV,A,2001-08,2.723,A,F,,,P1M,A,,,HICP.M.U2.N.000000.4D0.ANR,,,,,,"See <a class=""external"" href=""http://sdw.ecb.europa.eu/web/generator/docu/rtdb_docu.pdf""> notes</a>; block Monthly; series: AI",,1,,,HICP Inflation rate - Total - Annual rate of change,Euro area (moving concept in the Real Time database context) - HICP - Overall index - Annual growth rate,PCCH,0,Replace,2001-10-10T15:30:00.000+02:00,
RTD.M.S0.N.P_C_OV.A,M,S0,N,P_C_OV,A,1991-03,3.87409,A,F,,,P1M,A,,,HICP.M.U2.N.000000.4D0.ANR,,,,,,"See <a class=""external"" href=""http://sdw.ecb.europa.eu/web/generator/docu/rtdb_docu.pdf""> notes</a>; block Monthly; series: AI",,1,,,HICP Inflation rate - Total - Annual rate of change,Euro area (moving concept in the Real Time database context) - HICP - Overall index - Annual growth rate,PCCH,0,Replace,2001-11-07T15:30:00.000+01:00,
RTD.M.S0.N.P_C_OV.A,M,S0,N,P_C_OV,A,1991-08,4.54002,A,F,,,P1M,A,,,HICP.M.U2.N.000000.4D0.ANR,,,,,,"See <a class=""external"" href=""http://sdw.ecb.europa.eu/web/generator/docu/rtdb_docu.pdf""> notes</a>; block Monthly; series: AI",,1,,,HICP Inflation rate - Total - Annual rate of change,Euro area (moving concept in the Real Time database context) - HICP - Overall index - Annual growth rate,PCCH,0,Replace,2001-11-07T15:30:00.000+01:00,
RTD.M.S0.N.P_C_OV.A,M,S0,N,P_C_OV,A,1992-01,3.8687,A,F,,,P1M,A,,,HICP.M.U2.N.000000.4D0.ANR,,,,,,"See <a class=""external"" href=""http://sdw.ecb.europa.eu/web/generator/docu/rtdb_docu.pdf""> notes</a>; block Monthly; series: AI",,1,,,HICP Inflation rate - Total - Annual rate of change,Euro area (moving concept in the Real Time database context) - HICP - Overall index - Annual growth rate,PCCH,0,Replace,2001-11-07T15:30:00.000+01:00,
RTD.M.S0.N.P_C_OV.A,M,S0,N,P_C_OV,A,1992-03,4.31235,A,F,,,P1M,A,,,HICP.M.U2.N.000000.4D0.ANR,,,,,,"See <a class=""external"" href=""http://sdw.ecb.europa.eu/web/generator/docu/rtdb_docu.pdf""> notes</a>; block Monthly; series: AI",,1,,,HICP Inflation rate - Total - Annual rate of change,Euro area (moving concept in the Real Time database context) - HICP - Overall index - Annual growth rate,PCCH,0,Replace,2001-11-07T15:30:00.000+01:00,
RTD.M.S0.N.P_C_OV.A,M,S0,N,P_C_OV,A,1992-04,4.18118,A,F,,,P1M,A,,,HICP.M.U2.N.000000.4D0.ANR,,,,,,"See <a class=""external"" href=""http://sdw.ecb.europa.eu/web/generator/docu/rtdb_docu.pdf""> notes</a>; block Monthly; series: AI",,1,,,HICP Inflation rate - Total - Annual rate of change,Euro area (moving concept in the Real Time database context) - HICP - Overall index - Annual growth rate,PCCH,0,Replace,2001-11-07T15:30:00.000+01:00,
RTD.M.S0.N.P_C_OV.A,M,S0,N,P_C_OV,A,1992-08,3.31429,A,F,,,P1M,A,,,HICP.M.U2.N.000000.4D0.ANR,,,,,,"See <a class=""external"" href=""http://sdw.ecb.europa.eu/web/generator/docu/rtdb_docu.pdf""> notes</a>; block Monthly; series: AI",,1,,,HICP Inflation rate - Total - Annual rate of change,Euro area (moving concept in the Real Time database context) - HICP - Overall index - Annual growth rate,PCCH,0,Replace,2001-11-07T15:30:00.000+01:00,
RTD.M.S0.N.P_C_OV.A,M,S0,N,P_C_OV,A,1993-01,3.386,A,F,,,P1M,A,,,HICP.M.U2.N.000000.4D0.ANR,,,,,,"See <a class=""external"" href=""http://sdw.ecb.europa.eu/web/generator/docu/rtdb_docu.pdf""> notes</a>; block Monthly; series: AI",,1,,,HICP Inflation rate - Total - Annual rate of change,Euro area (moving concept in the Real Time database context) - HICP - Overall index - Annual growth rate,PCCH,0,Replace,2001-11-07T15:30:00.000+01:00,
RTD.M.S0.N.P_C_OV.A,M,S0,N,P_C_OV,A,1993-04,3.233,A,F,,,P1M,A,,,HICP.M.U2.N.000000.4D0.ANR,,,,,,"See <a class=""external"" href=""http://sdw.ecb.europa.eu/web/generator/docu/rtdb_docu.pdf""> notes</a>; block Monthly; series: AI",,1,,,HICP Inflation rate - Total - Annual rate of change,Euro area (moving concept in the Real Time database context) - HICP - Overall index - Annual growth rate,PCCH,0,Replace,2001-11-07T15:30:00.000+01:00,
RTD.M.S0.N.P_C_OV.A,M,S0,N,P_C_OV,A,2001-09,2.52336,A,F,,,P1M,A,,,HICP.M.U2.N.000000.4D0.ANR,,,,,,"See <a class=""external"" href=""http://sdw.ecb.europa.eu/web/generator/docu/rtdb_docu.pdf""> notes</a>; block Monthly; series: AI",,1,,,HICP Inflation rate - Total - Annual rate of change,Euro area (moving concept in the Real Time database context) - HICP - Overall index - Annual growth rate,PCCH,0,Replace,2001-11-07T15:30:00.000+01:00,
RTD.M.S0.N.P_C_OV.A,M,S0,N,P_C_OV,A,2001-10,2.4,A,F,,,P1M,A,,,HICP.M.U2.N.000000.4D0.ANR,,,,,,"See <a class=""external"" href=""http://sdw.ecb.europa.eu/web/generator/docu/rtdb_docu.pdf""> notes</a>; block Monthly; series: AI",,1,,,HICP Inflation rate - Total - Annual rate of change,Euro area (moving concept in the Real Time database context) - HICP - Overall index - Annual growth rate,PCCH,0,Replace,2001-11-07T15:30:00.000+01:00,
RTD.M.S0.N.P_C_OV.A,M,S0,N,P_C_OV,A,2001-10,2.42991,A,F,,,P1M,A,,,HICP.M.U2.N.000000.4D0.ANR,,,,,,"See <a class=""external"" href=""http://sdw.ecb.europa.eu/web/generator/docu/rtdb_docu.pdf""> notes</a>; block Monthly; series: AI",,1,,,HICP Inflation rate - Total - Annual rate of change,Euro area (moving concept in the Real Time database context) - HICP - Overall index - Annual growth rate,PCCH,0,Replace,2001-12-05T15:30:00.000+01:00,
RTD.M.S0.N.P_C_OV.A,M,S0,N,P_C_OV,A,2001-11,2.1,A,F,,,P1M,A,,,HICP.M.U2.N.000000.4D0.ANR,,,,,,"See <a class=""external"" href=""http://sdw.ecb.europa.eu/web/generator/docu/rtdb_docu.pdf""> notes</a>; block Monthly; series: AI",,1,,,HICP Inflation rate - Total - Annual rate of change,Euro area (moving concept in the Real Time database context) - HICP - Overall index - Annual growth rate,PCCH,0,Replace,2001-12-05T15:30:00.000+01:00,
RTD.M.S0.N.P_C_OV.A,M,S0,N,P_C_OV,A,2001-11,2.05033,A,F,,,P1M,A,,,HICP.M.U2.N.000000.4D0.ANR,,,,,,"See <a class=""external"" href=""http://sdw.ecb.europa.eu/web/generator/docu/rtdb_docu.pdf""> notes</a>; block Monthly; series: AI",,1,,,HICP Inflation rate - Total - Annual rate of change,Euro area (moving concept in the Real Time database context) - HICP - Overall index - Annual growth rate,PCCH,0,Replace,2002-01-16T15:30:00.000+01:00,
RTD.M.S0.N.P_C_OV.A,M,S0,N,P_C_OV,A,2001-12,2,A,F,,,P1M,A,,,HICP.M.U2.N.000000.4D0.ANR,,,,,,"See <a class=""external"" href=""http://sdw.ecb.europa.eu/web/generator/docu/rtdb_docu.pdf""> notes</a>; block Monthly; series: AI",,1,,,HICP Inflation rate - Total - Annual rate of change,Euro area (moving concept in the Real Time database context) - HICP - Overall index - Annual growth rate,PCCH,0,Replace,2002-01-16T15:30:00.000+01:00,
RTD.M.S0.N.P_C_OV.A,M,S0,N,P_C_OV,A,2001-12,2.14153,A,F,,,P1M,A,,,HICP.M.U2.N.000000.4D0.ANR,,,,,,"See <a class=""external"" href=""http://sdw.ecb.europa.eu/web/generator/docu/rtdb_docu.pdf""> notes</a>; block Monthly; series: AI",,1,,,HICP Inflation rate - Total - Annual rate of change,Euro area (moving concept in the Real Time database context) - HICP - Overall index - Annual growth rate,PCCH,0,Replace,2002-02-06T15:30:00.000+01:00,
RTD.M.S0.N.P_C_OV.A,M,S0,N,P_C_OV,A,2002-01,2.5,A,F,,,P1M,A,,,HICP.M.U2.N.000000.4D0.ANR,,,,,,"See <a class=""external"" href=""http://sdw.ecb.europa.eu/web/generator/docu/rtdb_docu.pdf""> notes</a>; block Monthly; series: AI",,1,,,HICP Inflation rate - Total - Annual rate of change,Euro area (moving concept in the Real Time database context) - HICP - Overall index - Annual growth rate,PCCH,0,Replace,2002-02-06T15:30:00.000+01:00,
RTD.M.S0.N.P_C_OV.A,M,S0,N,P_C_OV,A,2001-01,2.29008,A,F,,,P1M,A,,,HICP.M.U2.N.000000.4D0.ANR,,,,,,"See <a class=""external"" href=""http://sdw.ecb.europa.eu/web/generator/docu/rtdb_docu.pdf""> notes</a>; block Monthly; series: AI",,1,,,HICP Inflation rate - Total - Annual rate of change,Euro area (moving concept in the Real Time database context) - HICP - Overall index - Annual growth rate,PCCH,0,Replace,2002-03-06T15:30:00.000+01:00,
RTD.M.S0.N.P_C_OV.A,M,S0,N,P_C_OV,A,2001-02,2.28137,A,F,,,P1M,A,,,HICP.M.U2.N.000000.4D0.ANR,,,,,,"See <a class=""external"" href=""http://sdw.ecb.europa.eu/web/generator/docu/rtdb_docu.pdf""> notes</a>; block Monthly; series: AI",,1,,,HICP Inflation rate - Total - Annual rate of change,Euro area (moving concept in the Real Time database context) - HICP - Overall index - Annual growth rate,PCCH,0,Replace,2002-03-06T15:30:00.000+01:00,
RTD.M.S0.N.P_C_OV.A,M,S0,N,P_C_OV,A,2001-03,2.46212,A,F,,,P1M,A,,,HICP.M.U2.N.000000.4D0.ANR,,,,,,"See <a class=""external"" href=""http://sdw.ecb.europa.eu/web/generator/docu/rtdb_docu.pdf""> notes</a>; block Monthly; series: AI",,1,,,HICP Inflation rate - Total - Annual rate of change,Euro area (moving concept in the Real Time database context) - HICP - Overall index - Annual growth rate,PCCH,0,Replace,2002-03-06T15:30:00.000+01:00,
RTD.M.S0.N.P_C_OV.A,M,S0,N,P_C_OV,A,2001-07,2.63158,A,F,,,P1M,A,,,HICP.M.U2.N.000000.4D0.ANR,,,,,,"See <a class=""external"" href=""http://sdw.ecb.europa.eu/web/generator/docu/rtdb_docu.pdf""> notes</a>; block Monthly; series: AI",,1,,,HICP Inflation rate - Total - Annual rate of change,Euro area (moving concept in the Real Time database context) - HICP - Overall index - Annual growth rate,PCCH,0,Replace,2002-03-06T15:30:00.000+01:00,
RTD.M.S0.N.P_C_OV.A,M,S0,N,P_C_OV,A,2001-08,2.44131,A,F,,,P1M,A,,,HICP.M.U2.N.000000.4D0.ANR,,,,,,"See <a class=""external"" href=""http://sdw.ecb.europa.eu/web/generator/docu/rtdb_docu.pdf""> notes</a>; block Monthly; series: AI",,1,,,HICP Inflation rate - Total - Annual rate of change,Euro area (moving concept in the Real Time database context) - HICP - Overall index - Annual growth rate,PCCH,0,Replace,2002-03-06T15:30:00.000+01:00,
RTD.M.S0.N.P_C_OV.A,M,S0,N,P_C_OV,A,2001-09,2.33645,A,F,,,P1M,A,,,HICP.M.U2.N.000000.4D0.ANR,,,,,,"See <a class=""external"" href=""http://sdw.ecb.europa.eu/web/generator/docu/rtdb_docu.pdf""> notes</a>; block Monthly; series: AI",,1,,,HICP Inflation rate - Total - Annual rate of change,Euro area (moving concept in the Real Time database context) - HICP - Overall index - Annual growth rate,PCCH,0,Replace,2002-03-06T15:30:00.000+01:00,
RTD.M.S0.N.P_C_OV.A,M,S0,N,P_C_OV,A,2001-12,2.04842,A,F,,,P1M,A,,,HICP.M.U2.N.000000.4D0.ANR,,,,,,"See <a class=""external"" href=""http://sdw.ecb.europa.eu/web/generator/docu/rtdb_docu.pdf""> notes</a>; block Monthly; series: AI",,1,,,HICP Inflation rate - Total - Annual rate of change,Euro area (moving concept in the Real Time database context) - HICP - Overall index - Annual growth rate,PCCH,0,Replace,2002-03-06T15:30:00.000+01:00,
RTD.M.S0.N.P_C_OV.A,M,S0,N,P_C_OV,A,2002-01,2.70522,A,F,,,P1M,A,,,HICP.M.U2.N.000000.4D0.ANR,,,,,,"See <a class=""external"" href=""http://sdw.ecb.europa.eu/web/generator/docu/rtdb_docu.pdf""> notes</a>; block Monthly; series: AI",,1,,,HICP Inflation rate - Total - Annual rate of change,Euro area (moving concept in the Real Time database context) - HICP - Overall index - Annual growth rate,PCCH,0,Replace,2002-03-06T15:30:00.000+01:00,
RTD.M.S0.N.P_C_OV.A,M,S0,N,P_C_OV,A,2002-02,2.5,A,F,,,P1M,A,,,HICP.M.U2.N.000000.4D0.ANR,,,,,,"See <a class=""external"" href=""http://sdw.ecb.europa.eu/web/generator/docu/rtdb_docu.pdf""> notes</a>; block Monthly; series: AI",,1,,,HICP Inflation rate - Total - Annual rate of change,Euro area (moving concept in the Real Time database context) - HICP - Overall index - Annual growth rate,PCCH,0,Replace,2002-03-06T15:30:00.000+01:00,
RTD.M.S0.N.P_C_OV.A,M,S0,N,P_C_OV,A,2002-02,2.41636,A,F,,,P1M,A,,,HICP.M.U2.N.000000.4D0.ANR,,,,,,"See <a class=""external"" href=""http://sdw.ecb.europa.eu/web/generator/docu/rtdb_docu.pdf""> notes</a>; block Monthly; series: AI",,1,,,HICP Inflation rate - Total - Annual rate of change,Euro area (moving concept in the Real Time database context) - HICP - Overall index - Annual growth rate,PCCH,0,Replace,2002-04-03T15:30:00.000+02:00,
RTD.M.S0.N.P_C_OV.A,M,S0,N,P_C_OV,A,2002-03,2.5,A,F,,,P1M,A,,,HICP.M.U2.N.000000.4D0.ANR,,,,,,"See <a class=""external"" href=""http://sdw.ecb.europa.eu/web/generator/docu/rtdb_docu.pdf""> notes</a>; block Monthly; series: AI",,1,,,HICP Inflation rate - Total - Annual rate of change,Euro area (moving concept in the Real Time database context) - HICP - Overall index - Annual growth rate,PCCH,0,Replace,2002-04-03T15:30:00.000+02:00,
RTD.M.S0.N.P_C_OV.A,M,S0,N,P_C_OV,A,2002-03,2.49538,A,F,,,P1M,A,,,HICP.M.U2.N.000000.4D0.ANR,,,,,,"See <a class=""external"" href=""http://sdw.ecb.europa.eu/web/generator/docu/rtdb_docu.pdf""> notes</a>; block Monthly; series: AI",,1,,,HICP Inflation rate - Total - Annual rate of change,Euro area (moving concept in the Real Time database context) - HICP - Overall index - Annual growth rate,PCCH,0,Replace,2002-04-30T15:30:00.000+02:00,
RTD.M.S0.N.P_C_OV.A,M,S0,N,P_C_OV,A,2002-04,2.2,A,F,,,P1M,A,,,HICP.M.U2.N.000000.4D0.ANR,,,,,,"See <a class=""external"" href=""http://sdw.ecb.europa.eu/web/generator/docu/rtdb_docu.pdf""> notes</a>; block Monthly; series: AI",,1,,,HICP Inflation rate - Total - Annual rate of change,Euro area (moving concept in the Real Time database context) - HICP - Overall index - Annual growth rate,PCCH,0,Replace,2002-04-30T15:30:00.000+02:00,
RTD.M.S0.N.P_C_OV.A,M,S0,N,P_C_OV,A,2001-02,2.18631,A,F,,,P1M,A,,,HICP.M.U2.N.000000.4D0.ANR,,,,,,"See <a class=""external"" href=""http://sdw.ecb.europa.eu/web/generator/docu/rtdb_docu.pdf""> notes</a>; block Monthly; series: AI",,1,,,HICP Inflation rate - Total - Annual rate of change,Euro area (moving concept in the Real Time database context) - HICP - Overall index - Annual growth rate,PCCH,0,Replace,2002-06-05T15:30:00.000+02:00,
RTD.M.S0.N.P_C_OV.A,M,S0,N,P_C_OV,A,2001-03,2.36742,A,F,,,P1M,A,,,HICP.M.U2.N.000000.4D0.ANR,,,,,,"See <a class=""external"" href=""http://sdw.ecb.europa.eu/web/generator/docu/rtdb_docu.pdf""> notes</a>; block Monthly; series: AI",,1,,,HICP Inflation rate - Total - Annual rate of change,Euro area (moving concept in the Real Time database context) - HICP - Overall index - Annual growth rate,PCCH,0,Replace,2002-06-05T15:30:00.000+02:00,
RTD.M.S0.N.P_C_OV.A,M,S0,N,P_C_OV,A,2001-05,3.30813,A,F,,,P1M,A,,,HICP.M.U2.N.000000.4D0.ANR,,,,,,"See <a class=""external"" href=""http://sdw.ecb.europa.eu/web/generator/docu/rtdb_docu.pdf""> notes</a>; block Monthly; series: AI",,1,,,HICP Inflation rate - Total - Annual rate of change,Euro area (moving concept in the Real Time database context) - HICP - Overall index - Annual growth rate,PCCH,0,Replace,2002-06-05T15:30:00.000+02:00,
RTD.M.S0.N.P_C_OV.A,M,S0,N,P_C_OV,A,2001-09,2.24299,A,F,,,P1M,A,,,HICP.M.U2.N.000000.4D0.ANR,,,,,,"See <a class=""external"" href=""http://sdw.ecb.europa.eu/web/generator/docu/rtdb_docu.pdf""> notes</a>; block Monthly; series: AI",,1,,,HICP Inflation rate - Total - Annual rate of change,Euro area (moving concept in the Real Time database context) - HICP - Overall index - Annual growth rate,PCCH,0,Replace,2002-06-05T15:30:00.000+02:00,
RTD.M.S0.N.P_C_OV.A,M,S0,N,P_C_OV,A,2001-10,2.33645,A,F,,,P1M,A,,,HICP.M.U2.N.000000.4D0.ANR,,,,,,"See <a class=""external"" href=""http://sdw.ecb.europa.eu/web/generator/docu/rtdb_docu.pdf""> notes</a>; block Monthly; series: AI",,1,,,HICP Inflation rate - Total - Annual rate of change,Euro area (moving concept in the Real Time database context) - HICP - Overall index - Annual growth rate,PCCH,0,Replace,2002-06-05T15:30:00.000+02:00,
RTD.M.S0.N.P_C_OV.A,M,S0,N,P_C_OV,A,2002-02,2.51163,A,F,,,P1M,A,,,HICP.M.U2.N.000000.4D0.ANR,,,,,,"See <a class=""external"" href=""http://sdw.ecb.europa.eu/web/generator/docu/rtdb_docu.pdf""> notes</a>; block Monthly; series: AI",,1,,,HICP Inflation rate - Total - Annual rate of change,Euro area (moving concept in the Real Time database context) - HICP - Overall index - Annual growth rate,PCCH,0,Replace,2002-06-05T15:30:00.000+02:00,
RTD.M.S0.N.P_C_OV.A,M,S0,N,P_C_OV,A,2002-03,2.49769,A,F,,,P1M,A,,,HICP.M.U2.N.000000.4D0.ANR,,,,,,"See <a class=""external"" href=""http://sdw.ecb.europa.eu/web/generator/docu/rtdb_docu.pdf""> notes</a>; block Monthly; series: AI",,1,,,HICP Inflation rate - Total - Annual rate of change,Euro area (moving concept in the Real Time database context) - HICP - Overall index - Annual growth rate,PCCH,0,Replace,2002-06-05T15:30:00.000+02:00,
RTD.M.S0.N.P_C_OV.A,M,S0,N,P_C_OV,A,2002-04,2.38971,A,F,,,P1M,A,,,HICP.M.U2.N.000000.4D0.ANR,,,,,,"See <a class=""external"" href=""http://sdw.ecb.europa.eu/web/generator/docu/rtdb_docu.pdf""> notes</a>; block Monthly; series: AI",,1,,,HICP Inflation rate - Total - Annual rate of change,Euro area (moving concept in the Real Time database context) - HICP - Overall index - Annual growth rate,PCCH,0,Replace,2002-06-05T15:30:00.000+02:00,
RTD.M.S0.N.P_C_OV.A,M,S0,N,P_C_OV,A,2002-05,2,A,F,,,P1M,A,,,HICP.M.U2.N.000000.4D0.ANR,,,,,,"See <a class=""external"" href=""http://sdw.ecb.europa.eu/web/generator/docu/rtdb_docu.pdf""> notes</a>; block Monthly; series: AI",,1,,,HICP Inflation rate - Total - Annual rate of change,Euro area (moving concept in the Real Time database context) - HICP - Overall index - Annual growth rate,PCCH,0,Replace,2002-06-05T15:30:00.000+02:00,
RTD.M.S0.N.P_C_OV.A,M,S0,N,P_C_OV,A,2002-05,2.01281,A,F,,,P1M,A,,,HICP.M.U2.N.000000.4D0.ANR,,,,,,"See <a class=""external"" href=""http://sdw.ecb.europa.eu/web/generator/docu/rtdb_docu.pdf""> notes</a>; block Monthly; series: AI",,1,,,HICP Inflation rate - Total - Annual rate of change,Euro area (moving concept in the Real Time database context) - HICP - Overall index - Annual growth rate,PCCH,0,Replace,2002-07-03T15:30:00.000+02:00,
RTD.M.S0.N.P_C_OV.A,M,S0,N,P_C_OV,A,2002-06,1.7,A,F,,,P1M,A,,,HICP.M.U2.N.000000.4D0.ANR,,,,,,"See <a class=""external"" href=""http://sdw.ecb.europa.eu/web/generator/docu/rtdb_docu.pdf""> notes</a>; block Monthly; series: AI",,1,,,HICP Inflation rate - Total - Annual rate of change,Euro area (moving concept in the Real Time database context) - HICP - Overall index - Annual growth rate,PCCH,0,Replace,2002-07-03T15:30:00.000+02:00,
RTD.M.S0.N.P_C_OV.A,M,S0,N,P_C_OV,A,2002-06,1.82648,A,F,,,P1M,A,,,HICP.M.U2.N.000000.4D0.ANR,,,,,,"See <a class=""external"" href=""http://sdw.ecb.europa.eu/web/generator/docu/rtdb_docu.pdf""> notes</a>; block Monthly; series: AI",,1,,,HICP Inflation rate - Total - Annual rate of change,Euro area (moving concept in the Real Time database context) - HICP - Overall index - Annual growth rate,PCCH,0,Replace,2002-07-31T15:30:00.000+02:00,
RTD.M.S0.N.P_C_OV.A,M,S0,N,P_C_OV,A,2002-07,1.9,A,F,,,P1M,A,,,HICP.M.U2.N.000000.4D0.ANR,,,,,,"See <a class=""external"" href=""http://sdw.ecb.europa.eu/web/generator/docu/rtdb_docu.pdf""> notes</a>; block Monthly; series: AI",,1,,,HICP Inflation rate - Total - Annual rate of change,Euro area (moving concept in the Real Time database context) - HICP - Overall index - Annual growth rate,PCCH,0,Replace,2002-07-31T15:30:00.000+02:00,
RTD.M.S0.N.P_C_OV.A,M,S0,N,P_C_OV,A,2002-07,1.92308,A,F,,,P1M,A,,,HICP.M.U2.N.000000.4D0.ANR,,,,,,"See <a class=""external"" href=""http://sdw.ecb.europa.eu/web/generator/docu/rtdb_docu.pdf""> notes</a>; block Monthly; series: AI",,1,,,HICP Inflation rate - Total - Annual rate of change,Euro area (moving concept in the Real Time database context) - HICP - Overall index - Annual growth rate,PCCH,0,Replace,2002-09-11T15:30:00.000+02:00,
RTD.M.S0.N.P_C_OV.A,M,S0,N,P_C_OV,A,2002-08,2.1,A,F,,,P1M,A,,,HICP.M.U2.N.000000.4D0.ANR,,,,,,"See <a class=""external"" href=""http://sdw.ecb.europa.eu/web/generator/docu/rtdb_docu.pdf""> notes</a>; block Monthly; series: AI",,1,,,HICP Inflation rate - Total - Annual rate of change,Euro area (moving concept in the Real Time database context) - HICP - Overall index - Annual growth rate,PCCH,0,Replace,2002-09-11T15:30:00.000+02:00,
RTD.M.S0.N.P_C_OV.A,M,S0,N,P_C_OV,A,2002-08,2.10816,A,F,,,P1M,A,,,HICP.M.U2.N.000000.4D0.ANR,,,,,,"See <a class=""external"" href=""http://sdw.ecb.europa.eu/web/generator/docu/rtdb_docu.pdf""> notes</a>; block Monthly; series: AI",,1,,,HICP Inflation rate - Total - Annual rate of change,Euro area (moving concept in the Real Time database context) - HICP - Overall index - Annual growth rate,PCCH,0,Replace,2002-10-09T15:30:00.000+02:00,
RTD.M.S0.N.P_C_OV.A,M,S0,N,P_C_OV,A,2002-09,2.2,A,F,,,P1M,A,,,HICP.M.U2.N.000000.4D0.ANR,,,,,,"See <a class=""external"" href=""http://sdw.ecb.europa.eu/web/generator/docu/rtdb_docu.pdf""> notes</a>; block Monthly; series: AI",,1,,,HICP Inflation rate - Total - Annual rate of change,Euro area (moving concept in the Real Time database context) - HICP - Overall index - Annual growth rate,PCCH,0,Replace,2002-10-09T15:30:00.000+02:00,
RTD.M.S0.N.P_C_OV.A,M,S0,N,P_C_OV,A,2002-09,2.10238,A,F,,,P1M,A,,,HICP.M.U2.N.000000.4D0.ANR,,,,,,"See <a class=""external"" href=""http://sdw.ecb.europa.eu/web/generator/docu/rtdb_docu.pdf""> notes</a>; block Monthly; series: AI",,1,,,HICP Inflation rate - Total - Annual rate of change,Euro area (moving concept in the Real Time database context) - HICP - Overall index - Annual growth rate,PCCH,0,Replace,2002-11-06T15:30:00.000+01:00,
RTD.M.S0.N.P_C_OV.A,M,S0,N,P_C_OV,A,2002-10,2.2,A,F,,,P1M,A,,,HICP.M.U2.N.000000.4D0.ANR,,,,,,"See <a class=""external"" href=""http://sdw.ecb.europa.eu/web/generator/docu/rtdb_docu.pdf""> notes</a>; block Monthly; series: AI",,1,,,HICP Inflation rate - Total - Annual rate of change,Euro area (moving concept in the Real Time database context) - HICP - Overall index - Annual growth rate,PCCH,0,Replace,2002-11-06T15:30:00.000+01:00,
RTD.M.S0.N.P_C_OV.A,M,S0,N,P_C_OV,A,2002-10,2.28311,A,F,,,P1M,A,,,HICP.M.U2.N.000000.4D0.ANR,,,,,,"See <a class=""external"" href=""http://sdw.ecb.europa.eu/web/generator/docu/rtdb_docu.pdf""> notes</a>; block Monthly; series: AI",,1,,,HICP Inflation rate - Total - Annual rate of change,Euro area (moving concept in the Real Time database context) - HICP - Overall index - Annual growth rate,PCCH,0,Replace,2002-12-04T15:30:00.000+01:00,
RTD.M.S0.N.P_C_OV.A,M,S0,N,P_C_OV,A,2002-11,2.2,A,F,,,P1M,A,,,HICP.M.U2.N.000000.4D0.ANR,,,,,,"See <a class=""external"" href=""http://sdw.ecb.europa.eu/web/generator/docu/rtdb_docu.pdf""> notes</a>; block Monthly; series: AI",,1,,,HICP Inflation rate - Total - Annual rate of change,Euro area (moving concept in the Real Time database context) - HICP - Overall index - Annual growth rate,PCCH,0,Replace,2002-12-04T15:30:00.000+01:00,
RTD.M.S0.N.P_C_OV.A,M,S0,N,P_C_OV,A,2002-11,2.19178,A,F,,,P1M,A,,,HICP.M.U2.N.000000.4D0.ANR,,,,,,"See <a class=""external"" href=""http://sdw.ecb.europa.eu/web/generator/docu/rtdb_docu.pdf""> notes</a>; block Monthly; series: AI",,1,,,HICP Inflation rate - Total - Annual rate of change,Euro area (moving concept in the Real Time database context) - HICP - Overall index - Annual growth rate,PCCH,0,Replace,2003-01-15T15:30:00.000+01:00,
RTD.M.S0.N.P_C_OV.A,M,S0,N,P_C_OV,A,2002-12,2.2,A,F,,,P1M,A,,,HICP.M.U2.N.000000.4D0.ANR,,,,,,"See <a class=""external"" href=""http://sdw.ecb.europa.eu/web/generator/docu/rtdb_docu.pdf""> notes</a>; block Monthly; series: AI",,1,,,HICP Inflation rate - Total - Annual rate of change,Euro area (moving concept in the Real Time database context) - HICP - Overall index - Annual growth rate,PCCH,0,Replace,2003-01-15T15:30:00.000+01:00,
RTD.M.S0.N.P_C_OV.A,M,S0,N,P_C_OV,A,2002-12,2.28102,A,F,,,P1M,A,,,HICP.M.U2.N.000000.4D0.ANR,,,,,,"See <a class=""external"" href=""http://sdw.ecb.europa.eu/web/generator/docu/rtdb_docu.pdf""> notes</a>; block Monthly; series: AI",,1,,,HICP Inflation rate - Total - Annual rate of change,Euro area (moving concept in the Real Time database context) - HICP - Overall index - Annual growth rate,PCCH,0,Replace,2003-02-05T15:30:00.000+01:00,
RTD.M.S0.N.P_C_OV.A,M,S0,N,P_C_OV,A,2003-01,2.1,A,F,,,P1M,A,,,HICP.M.U2.N.000000.4D0.ANR,,,,,,"See <a class=""external"" href=""http://sdw.ecb.europa.eu/web/generator/docu/rtdb_docu.pdf""> notes</a>; block Monthly; series: AI",,1,,,HICP Inflation rate - Total - Annual rate of change,Euro area (moving concept in the Real Time database context) - HICP - Overall index - Annual growth rate,PCCH,0,Replace,2003-02-05T15:30:00.000+01:00,
RTD.M.S0.N.P_C_OV.A,M,S0,N,P_C_OV,A,2000-01,1.84825,A,F,,,P1M,A,,,HICP.M.U2.N.000000.4D0.ANR,,,,,,"See <a class=""external"" href=""http://sdw.ecb.europa.eu/web/generator/docu/rtdb_docu.pdf""> notes</a>; block Monthly; series: AI",,1,,,HICP Inflation rate - Total - Annual rate of change,Euro area (moving concept in the Real Time database context) - HICP - Overall index - Annual growth rate,PCCH,0,Replace,2003-03-05T15:30:00.000+01:00,
RTD.M.S0.N.P_C_OV.A,M,S0,N,P_C_OV,A,2000-02,1.93986,A,F,,,P1M,A,,,HICP.M.U2.N.000000.4D0.ANR,,,,,,"See <a class=""external"" href=""http://sdw.ecb.europa.eu/web/generator/docu/rtdb_docu.pdf""> notes</a>; block Monthly; series: AI",,1,,,HICP Inflation rate - Total - Annual rate of change,Euro area (moving concept in the Real Time database context) - HICP - Overall index - Annual growth rate,PCCH,0,Replace,2003-03-05T15:30:00.000+01:00,
RTD.M.S0.N.P_C_OV.A,M,S0,N,P_C_OV,A,2000-03,1.93424,A,F,,,P1M,A,,,HICP.M.U2.N.000000.4D0.ANR,,,,,,"See <a class=""external"" href=""http://sdw.ecb.europa.eu/web/generator/docu/rtdb_docu.pdf""> notes</a>; block Monthly; series: AI",,1,,,HICP Inflation rate - Total - Annual rate of change,Euro area (moving concept in the Real Time database context) - HICP - Overall index - Annual growth rate,PCCH,0,Replace,2003-03-05T15:30:00.000+01:00,
RTD.M.S0.N.P_C_OV.A,M,S0,N,P_C_OV,A,2000-04,1.73578,A,F,,,P1M,A,,,HICP.M.U2.N.000000.4D0.ANR,,,,,,"See <a class=""external"" href=""http://sdw.ecb.europa.eu/web/generator/docu/rtdb_docu.pdf""> notes</a>; block Monthly; series: AI",,1,,,HICP Inflation rate - Total - Annual rate of change,Euro area (moving concept in the Real Time database context) - HICP - Overall index - Annual growth rate,PCCH,0,Replace,2003-03-05T15:30:00.000+01:00,
RTD.M.S0.N.P_C_OV.A,M,S0,N,P_C_OV,A,2000-05,1.7341,A,F,,,P1M,A,,,HICP.M.U2.N.000000.4D0.ANR,,,,,,"See <a class=""external"" href=""http://sdw.ecb.europa.eu/web/generator/docu/rtdb_docu.pdf""> notes</a>; block Monthly; series: AI",,1,,,HICP Inflation rate - Total - Annual rate of change,Euro area (moving concept in the Real Time database context) - HICP - Overall index - Annual growth rate,PCCH,0,Replace,2003-03-05T15:30:00.000+01:00,
RTD.M.S0.N.P_C_OV.A,M,S0,N,P_C_OV,A,2000-06,2.11946,A,F,,,P1M,A,,,HICP.M.U2.N.000000.4D0.ANR,,,,,,"See <a class=""external"" href=""http://sdw.ecb.europa.eu/web/generator/docu/rtdb_docu.pdf""> notes</a>; block Monthly; series: AI",,1,,,HICP Inflation rate - Total - Annual rate of change,Euro area (moving concept in the Real Time database context) - HICP - Overall index - Annual growth rate,PCCH,0,Replace,2003-03-05T15:30:00.000+01:00,
RTD.M.S0.N.P_C_OV.A,M,S0,N,P_C_OV,A,2000-07,2.11538,A,F,,,P1M,A,,,HICP.M.U2.N.000000.4D0.ANR,,,,,,"See <a class=""external"" href=""http://sdw.ecb.europa.eu/web/generator/docu/rtdb_docu.pdf""> notes</a>; block Monthly; series: AI",,1,,,HICP Inflation rate - Total - Annual rate of change,Euro area (moving concept in the Real Time database context) - HICP - Overall index - Annual growth rate,PCCH,0,Replace,2003-03-05T15:30:00.000+01:00,
RTD.M.S0.N.P_C_OV.A,M,S0,N,P_C_OV,A,2000-08,2.11335,A,F,,,P1M,A,,,HICP.M.U2.N.000000.4D0.ANR,,,,,,"See <a class=""external"" href=""http://sdw.ecb.europa.eu/web/generator/docu/rtdb_docu.pdf""> notes</a>; block Monthly; series: AI",,1,,,HICP Inflation rate - Total - Annual rate of change,Euro area (moving concept in the Real Time database context) - HICP - Overall index - Annual growth rate,PCCH,0,Replace,2003-03-05T15:30:00.000+01:00,
RTD.M.S0.N.P_C_OV.A,M,S0,N,P_C_OV,A,2000-09,2.40154,A,F,,,P1M,A,,,HICP.M.U2.N.000000.4D0.ANR,,,,,,"See <a class=""external"" href=""http://sdw.ecb.europa.eu/web/generator/docu/rtdb_docu.pdf""> notes</a>; block Monthly; series: AI",,1,,,HICP Inflation rate - Total - Annual rate of change,Euro area (moving concept in the Real Time database context) - HICP - Overall index - Annual growth rate,PCCH,0,Replace,2003-03-05T15:30:00.000+01:00,
RTD.M.S0.N.P_C_OV.A,M,S0,N,P_C_OV,A,2000-10,2.30326,A,F,,,P1M,A,,,HICP.M.U2.N.000000.4D0.ANR,,,,,,"See <a class=""external"" href=""http://sdw.ecb.europa.eu/web/generator/docu/rtdb_docu.pdf""> notes</a>; block Monthly; series: AI",,1,,,HICP Inflation rate - Total - Annual rate of change,Euro area (moving concept in the Real Time database context) - HICP - Overall index - Annual growth rate,PCCH,0,Replace,2003-03-05T15:30:00.000+01:00,
RTD.M.S0.N.P_C_OV.A,M,S0,N,P_C_OV,A,2000-11,2.39693,A,F,,,P1M,A,,,HICP.M.U2.N.000000.4D0.ANR,,,,,,"See <a class=""external"" href=""http://sdw.ecb.europa.eu/web/generator/docu/rtdb_docu.pdf""> notes</a>; block Monthly; series: AI",,1,,,HICP Inflation rate - Total - Annual rate of change,Euro area (moving concept in the Real Time database context) - HICP - Overall index - Annual growth rate,PCCH,0,Replace,2003-03-05T15:30:00.000+01:00,
RTD.M.S0.N.P_C_OV.A,M,S0,N,P_C_OV,A,2001-01,2.10124,A,F,,,P1M,A,,,HICP.M.U2.N.000000.4D0.ANR,,,,,,"See <a class=""external"" href=""http://sdw.ecb.europa.eu/web/generator/docu/rtdb_docu.pdf""> notes</a>; block Monthly; series: AI",,1,,,HICP Inflation rate - Total - Annual rate of change,Euro area (moving concept in the Real Time database context) - HICP - Overall index - Annual growth rate,PCCH,0,Replace,2003-03-05T15:30:00.000+01:00,
RTD.M.S0.N.P_C_OV.A,M,S0,N,P_C_OV,A,2001-02,1.9981,A,F,,,P1M,A,,,HICP.M.U2.N.000000.4D0.ANR,,,,,,"See <a class=""external"" href=""http://sdw.ecb.europa.eu/web/generator/docu/rtdb_docu.pdf""> notes</a>; block Monthly; series: AI",,1,,,HICP Inflation rate - Total - Annual rate of change,Euro area (moving concept in the Real Time database context) - HICP - Overall index - Annual growth rate,PCCH,0,Replace,2003-03-05T15:30:00.000+01:00,
RTD.M.S0.N.P_C_OV.A,M,S0,N,P_C_OV,A,2001-03,2.27704,A,F,,,P1M,A,,,HICP.M.U2.N.000000.4D0.ANR,,,,,,"See <a class=""external"" href=""http://sdw.ecb.europa.eu/web/generator/docu/rtdb_docu.pdf""> notes</a>; block Monthly; series: AI",,1,,,HICP Inflation rate - Total - Annual rate of change,Euro area (moving concept in the Real Time database context) - HICP - Overall index - Annual growth rate,PCCH,0,Replace,2003-03-05T15:30:00.000+01:00,
RTD.M.S0.N.P_C_OV.A,M,S0,N,P_C_OV,A,2001-04,2.8436,A,F,,,P1M,A,,,HICP.M.U2.N.000000.4D0.ANR,,,,,,"See <a class=""external"" href=""http://sdw.ecb.europa.eu/web/generator/docu/rtdb_docu.pdf""> notes</a>; block Monthly; series: AI",,1,,,HICP Inflation rate - Total - Annual rate of change,Euro area (moving concept in the Real Time database context) - HICP - Overall index - Annual growth rate,PCCH,0,Replace,2003-03-05T15:30:00.000+01:00,
RTD.M.S0.N.P_C_OV.A,M,S0,N,P_C_OV,A,2001-05,3.2197,A,F,,,P1M,A,,,HICP.M.U2.N.000000.4D0.ANR,,,,,,"See <a class=""external"" href=""http://sdw.ecb.europa.eu/web/generator/docu/rtdb_docu.pdf""> notes</a>; block Monthly; series: AI",,1,,,HICP Inflation rate - Total - Annual rate of change,Euro area (moving concept in the Real Time database context) - HICP - Overall index - Annual growth rate,PCCH,0,Replace,2003-03-05T15:30:00.000+01:00,
RTD.M.S0.N.P_C_OV.A,M,S0,N,P_C_OV,A,2001-06,2.92453,A,F,,,P1M,A,,,HICP.M.U2.N.000000.4D0.ANR,,,,,,"See <a class=""external"" href=""http://sdw.ecb.europa.eu/web/generator/docu/rtdb_docu.pdf""> notes</a>; block Monthly; series: AI",,1,,,HICP Inflation rate - Total - Annual rate of change,Euro area (moving concept in the Real Time database context) - HICP - Overall index - Annual growth rate,PCCH,0,Replace,2003-03-05T15:30:00.000+01:00,
RTD.M.S0.N.P_C_OV.A,M,S0,N,P_C_OV,A,2001-07,2.54237,A,F,,,P1M,A,,,HICP.M.U2.N.000000.4D0.ANR,,,,,,"See <a class=""external"" href=""http://sdw.ecb.europa.eu/web/generator/docu/rtdb_docu.pdf""> notes</a>; block Monthly; series: AI",,1,,,HICP Inflation rate - Total - Annual rate of change,Euro area (moving concept in the Real Time database context) - HICP - Overall index - Annual growth rate,PCCH,0,Replace,2003-03-05T15:30:00.000+01:00,
RTD.M.S0.N.P_C_OV.A,M,S0,N,P_C_OV,A,2001-08,2.35183,A,F,,,P1M,A,,,HICP.M.U2.N.000000.4D0.ANR,,,,,,"See <a class=""external"" href=""http://sdw.ecb.europa.eu/web/generator/docu/rtdb_docu.pdf""> notes</a>; block Monthly; series: AI",,1,,,HICP Inflation rate - Total - Annual rate of change,Euro area (moving concept in the Real Time database context) - HICP - Overall index - Annual growth rate,PCCH,0,Replace,2003-03-05T15:30:00.000+01:00,
RTD.M.S0.N.P_C_OV.A,M,S0,N,P_C_OV,A,2001-09,2.34522,A,F,,,P1M,A,,,HICP.M.U2.N.000000.4D0.ANR,,,,,,"See <a class=""external"" href=""http://sdw.ecb.europa.eu/web/generator/docu/rtdb_docu.pdf""> notes</a>; block Monthly; series: AI",,1,,,HICP Inflation rate - Total - Annual rate of change,Euro area (moving concept in the Real Time database context) - HICP - Overall index - Annual growth rate,PCCH,0,Replace,2003-03-05T15:30:00.000+01:00,
RTD.M.S0.N.P_C_OV.A,M,S0,N,P_C_OV,A,2001-10,2.43902,A,F,,,P1M,A,,,HICP.M.U2.N.000000.4D0.ANR,,,,,,"See <a class=""external"" href=""http://sdw.ecb.europa.eu/web/generator/docu/rtdb_docu.pdf""> notes</a>; block Monthly; series: AI",,1,,,HICP Inflation rate - Total - Annual rate of change,Euro area (moving concept in the Real Time database context) - HICP - Overall index - Annual growth rate,PCCH,0,Replace,2003-03-05T15:30:00.000+01:00,
RTD.M.S0.N.P_C_OV.A,M,S0,N,P_C_OV,A,2001-11,2.15356,A,F,,,P1M,A,,,HICP.M.U2.N.000000.4D0.ANR,,,,,,"See <a class=""external"" href=""http://sdw.ecb.europa.eu/web/generator/docu/rtdb_docu.pdf""> notes</a>; block Monthly; series: AI",,1,,,HICP Inflation rate - Total - Annual rate of change,Euro area (moving concept in the Real Time database context) - HICP - Overall index - Annual growth rate,PCCH,0,Replace,2003-03-05T15:30:00.000+01:00,
RTD.M.S0.N.P_C_OV.A,M,S0,N,P_C_OV,A,2002-01,2.61927,A,F,,,P1M,A,,,HICP.M.U2.N.000000.4D0.ANR,,,,,,"See <a class=""external"" href=""http://sdw.ecb.europa.eu/web/generator/docu/rtdb_docu.pdf""> notes</a>; block Monthly; series: AI",,1,,,HICP Inflation rate - Total - Annual rate of change,Euro area (moving concept in the Real Time database context) - HICP - Overall index - Annual growth rate,PCCH,0,Replace,2003-03-05T15:30:00.000+01:00,
RTD.M.S0.N.P_C_OV.A,M,S0,N,P_C_OV,A,2002-02,2.51866,A,F,,,P1M,A,,,HICP.M.U2.N.000000.4D0.ANR,,,,,,"See <a class=""external"" href=""http://sdw.ecb.europa.eu/web/generator/docu/rtdb_docu.pdf""> notes</a>; block Monthly; series: AI",,1,,,HICP Inflation rate - Total - Annual rate of change,Euro area (moving concept in the Real Time database context) - HICP - Overall index - Annual growth rate,PCCH,0,Replace,2003-03-05T15:30:00.000+01:00,
RTD.M.S0.N.P_C_OV.A,M,S0,N,P_C_OV,A,2002-03,2.50464,A,F,,,P1M,A,,,HICP.M.U2.N.000000.4D0.ANR,,,,,,"See <a class=""external"" href=""http://sdw.ecb.europa.eu/web/generator/docu/rtdb_docu.pdf""> notes</a>; block Monthly; series: AI",,1,,,HICP Inflation rate - Total - Annual rate of change,Euro area (moving concept in the Real Time database context) - HICP - Overall index - Annual growth rate,PCCH,0,Replace,2003-03-05T15:30:00.000+01:00,
RTD.M.S0.N.P_C_OV.A,M,S0,N,P_C_OV,A,2002-04,2.30415,A,F,,,P1M,A,,,HICP.M.U2.N.000000.4D0.ANR,,,,,,"See <a class=""external"" href=""http://sdw.ecb.europa.eu/web/generator/docu/rtdb_docu.pdf""> notes</a>; block Monthly; series: AI",,1,,,HICP Inflation rate - Total - Annual rate of change,Euro area (moving concept in the Real Time database context) - HICP - Overall index - Annual growth rate,PCCH,0,Replace,2003-03-05T15:30:00.000+01:00,
RTD.M.S0.N.P_C_OV.A,M,S0,N,P_C_OV,A,2002-05,2.01835,A,F,,,P1M,A,,,HICP.M.U2.N.000000.4D0.ANR,,,,,,"See <a class=""external"" href=""http://sdw.ecb.europa.eu/web/generator/docu/rtdb_docu.pdf""> notes</a>; block Monthly; series: AI",,1,,,HICP Inflation rate - Total - Annual rate of change,Euro area (moving concept in the Real Time database context) - HICP - Overall index - Annual growth rate,PCCH,0,Replace,2003-03-05T15:30:00.000+01:00,
RTD.M.S0.N.P_C_OV.A,M,S0,N,P_C_OV,A,2002-06,1.83318,A,F,,,P1M,A,,,HICP.M.U2.N.000000.4D0.ANR,,,,,,"See <a class=""external"" href=""http://sdw.ecb.europa.eu/web/generator/docu/rtdb_docu.pdf""> notes</a>; block Monthly; series: AI",,1,,,HICP Inflation rate - Total - Annual rate of change,Euro area (moving concept in the Real Time database context) - HICP - Overall index - Annual growth rate,PCCH,0,Replace,2003-03-05T15:30:00.000+01:00,
RTD.M.S0.N.P_C_OV.A,M,S0,N,P_C_OV,A,2002-07,2.0202,A,F,,,P1M,A,,,HICP.M.U2.N.000000.4D0.ANR,,,,,,"See <a class=""external"" href=""http://sdw.ecb.europa.eu/web/generator/docu/rtdb_docu.pdf""> notes</a>; block Monthly; series: AI",,1,,,HICP Inflation rate - Total - Annual rate of change,Euro area (moving concept in the Real Time database context) - HICP - Overall index - Annual growth rate,PCCH,0,Replace,2003-03-05T15:30:00.000+01:00,
RTD.M.S0.N.P_C_OV.A,M,S0,N,P_C_OV,A,2002-08,2.11397,A,F,,,P1M,A,,,HICP.M.U2.N.000000.4D0.ANR,,,,,,"See <a class=""external"" href=""http://sdw.ecb.europa.eu/web/generator/docu/rtdb_docu.pdf""> notes</a>; block Monthly; series: AI",,1,,,HICP Inflation rate - Total - Annual rate of change,Euro area (moving concept in the Real Time database context) - HICP - Overall index - Annual growth rate,PCCH,0,Replace,2003-03-05T15:30:00.000+01:00,
RTD.M.S0.N.P_C_OV.A,M,S0,N,P_C_OV,A,2002-09,2.10816,A,F,,,P1M,A,,,HICP.M.U2.N.000000.4D0.ANR,,,,,,"See <a class=""external"" href=""http://sdw.ecb.europa.eu/web/generator/docu/rtdb_docu.pdf""> notes</a>; block Monthly; series: AI",,1,,,HICP Inflation rate - Total - Annual rate of change,Euro area (moving concept in the Real Time database context) - HICP - Overall index - Annual growth rate,PCCH,0,Replace,2003-03-05T15:30:00.000+01:00,
RTD.M.S0.N.P_C_OV.A,M,S0,N,P_C_OV,A,2002-10,2.1978,A,F,,,P1M,A,,,HICP.M.U2.N.000000.4D0.ANR,,,,,,"See <a class=""external"" href=""http://sdw.ecb.europa.eu/web/generator/docu/rtdb_docu.pdf""> notes</a>; block Monthly; series: AI",,1,,,HICP Inflation rate - Total - Annual rate of change,Euro area (moving concept in the Real Time database context) - HICP - Overall index - Annual growth rate,PCCH,0,Replace,2003-03-05T15:30:00.000+01:00,
RTD.M.S0.N.P_C_OV.A,M,S0,N,P_C_OV,A,2002-11,2.29148,A,F,,,P1M,A,,,HICP.M.U2.N.000000.4D0.ANR,,,,,,"See <a class=""external"" href=""http://sdw.ecb.europa.eu/web/generator/docu/rtdb_docu.pdf""> notes</a>; block Monthly; series: AI",,1,,,HICP Inflation rate - Total - Annual rate of change,Euro area (moving concept in the Real Time database context) - HICP - Overall index - Annual growth rate,PCCH,0,Replace,2003-03-05T15:30:00.000+01:00,
RTD.M.S0.N.P_C_OV.A,M,S0,N,P_C_OV,A,2003-01,2.18778,A,F,,,P1M,A,,,HICP.M.U2.N.000000.4D0.ANR,,,,,,"See <a class=""external"" href=""http://sdw.ecb.europa.eu/web/generator/docu/rtdb_docu.pdf""> notes</a>; block Monthly; series: AI",,1,,,HICP Inflation rate - Total - Annual rate of change,Euro area (moving concept in the Real Time database context) - HICP - Overall index - Annual growth rate,PCCH,0,Replace,2003-03-05T15:30:00.000+01:00,
RTD.M.S0.N.P_C_OV.A,M,S0,N,P_C_OV,A,2003-02,2.3,A,F,,,P1M,A,,,HICP.M.U2.N.000000.4D0.ANR,,,,,,"See <a class=""external"" href=""http://sdw.ecb.europa.eu/web/generator/docu/rtdb_docu.pdf""> notes</a>; block Monthly; series: AI",,1,,,HICP Inflation rate - Total - Annual rate of change,Euro area (moving concept in the Real Time database context) - HICP - Overall index - Annual growth rate,PCCH,0,Replace,2003-03-05T15:30:00.000+01:00,
RTD.M.S0.N.P_C_OV.A,M,S0,N,P_C_OV,A,2003-02,2.36579,A,F,,,P1M,A,,,HICP.M.U2.N.000000.4D0.ANR,,,,,,"See <a class=""external"" href=""http://sdw.ecb.europa.eu/web/generator/docu/rtdb_docu.pdf""> notes</a>; block Monthly; series: AI",,1,,,HICP Inflation rate - Total - Annual rate of change,Euro area (moving concept in the Real Time database context) - HICP - Overall index - Annual growth rate,PCCH,0,Replace,2003-04-02T15:30:00.000+02:00,
RTD.M.S0.N.P_C_OV.A,M,S0,N,P_C_OV,A,2003-03,2.4,A,F,,,P1M,A,,,HICP.M.U2.N.000000.4D0.ANR,,,,,,"See <a class=""external"" href=""http://sdw.ecb.europa.eu/web/generator/docu/rtdb_docu.pdf""> notes</a>; block Monthly; series: AI",,1,,,HICP Inflation rate - Total - Annual rate of change,Euro area (moving concept in the Real Time database context) - HICP - Overall index - Annual growth rate,PCCH,0,Replace,2003-04-02T15:30:00.000+02:00,
RTD.M.S0.N.P_C_OV.A,M,S0,N,P_C_OV,A,2000-07,2.01923,A,F,,,P1M,A,,,HICP.M.U2.N.000000.4D0.ANR,,,,,,"See <a class=""external"" href=""http://sdw.ecb.europa.eu/web/generator/docu/rtdb_docu.pdf""> notes</a>; block Monthly; series: AI",,1,,,HICP Inflation rate - Total - Annual rate of change,Euro area (moving concept in the Real Time database context) - HICP - Overall index - Annual growth rate,PCCH,0,Replace,2003-05-07T15:30:00.000+02:00,
RTD.M.S0.N.P_C_OV.A,M,S0,N,P_C_OV,A,2000-08,2.01729,A,F,,,P1M,A,,,HICP.M.U2.N.000000.4D0.ANR,,,,,,"See <a class=""external"" href=""http://sdw.ecb.europa.eu/web/generator/docu/rtdb_docu.pdf""> notes</a>; block Monthly; series: AI",,1,,,HICP Inflation rate - Total - Annual rate of change,Euro area (moving concept in the Real Time database context) - HICP - Overall index - Annual growth rate,PCCH,0,Replace,2003-05-07T15:30:00.000+02:00,
RTD.M.S0.N.P_C_OV.A,M,S0,N,P_C_OV,A,2000-09,2.4976,A,F,,,P1M,A,,,HICP.M.U2.N.000000.4D0.ANR,,,,,,"See <a class=""external"" href=""http://sdw.ecb.europa.eu/web/generator/docu/rtdb_docu.pdf""> notes</a>; block Monthly; series: AI",,1,,,HICP Inflation rate - Total - Annual rate of change,Euro area (moving concept in the Real Time database context) - HICP - Overall index - Annual growth rate,PCCH,0,Replace,2003-05-07T15:30:00.000+02:00,
RTD.M.S0.N.P_C_OV.A,M,S0,N,P_C_OV,A,2000-10,2.39923,A,F,,,P1M,A,,,HICP.M.U2.N.000000.4D0.ANR,,,,,,"See <a class=""external"" href=""http://sdw.ecb.europa.eu/web/generator/docu/rtdb_docu.pdf""> notes</a>; block Monthly; series: AI",,1,,,HICP Inflation rate - Total - Annual rate of change,Euro area (moving concept in the Real Time database context) - HICP - Overall index - Annual growth rate,PCCH,0,Replace,2003-05-07T15:30:00.000+02:00,
RTD.M.S0.N.P_C_OV.A,M,S0,N,P_C_OV,A,2000-11,2.49281,A,F,,,P1M,A,,,HICP.M.U2.N.000000.4D0.ANR,,,,,,"See <a class=""external"" href=""http://sdw.ecb.europa.eu/web/generator/docu/rtdb_docu.pdf""> notes</a>; block Monthly; series: AI",,1,,,HICP Inflation rate - Total - Annual rate of change,Euro area (moving concept in the Real Time database context) - HICP - Overall index - Annual growth rate,PCCH,0,Replace,2003-05-07T15:30:00.000+02:00,
RTD.M.S0.N.P_C_OV.A,M,S0,N,P_C_OV,A,2000-12,2.48329,A,F,,,P1M,A,,,HICP.M.U2.N.000000.4D0.ANR,,,,,,"See <a class=""external"" href=""http://sdw.ecb.europa.eu/web/generator/docu/rtdb_docu.pdf""> notes</a>; block Monthly; series: AI",,1,,,HICP Inflation rate - Total - Annual rate of change,Euro area (moving concept in the Real Time database context) - HICP - Overall index - Annual growth rate,PCCH,0,Replace,2003-05-07T15:30:00.000+02:00,
RTD.M.S0.N.P_C_OV.A,M,S0,N,P_C_OV,A,2001-01,2.00573,A,F,,,P1M,A,,,HICP.M.U2.N.000000.4D0.ANR,,,,,,"See <a class=""external"" href=""http://sdw.ecb.europa.eu/web/generator/docu/rtdb_docu.pdf""> notes</a>; block Monthly; series: AI",,1,,,HICP Inflation rate - Total - Annual rate of change,Euro area (moving concept in the Real Time database context) - HICP - Overall index - Annual growth rate,PCCH,0,Replace,2003-05-07T15:30:00.000+02:00,
RTD.M.S0.N.P_C_OV.A,M,S0,N,P_C_OV,A,2001-02,1.90295,A,F,,,P1M,A,,,HICP.M.U2.N.000000.4D0.ANR,,,,,,"See <a class=""external"" href=""http://sdw.ecb.europa.eu/web/generator/docu/rtdb_docu.pdf""> notes</a>; block Monthly; series: AI",,1,,,HICP Inflation rate - Total - Annual rate of change,Euro area (moving concept in the Real Time database context) - HICP - Overall index - Annual growth rate,PCCH,0,Replace,2003-05-07T15:30:00.000+02:00,
RTD.M.S0.N.P_C_OV.A,M,S0,N,P_C_OV,A,2001-03,2.18216,A,F,,,P1M,A,,,HICP.M.U2.N.000000.4D0.ANR,,,,,,"See <a class=""external"" href=""http://sdw.ecb.europa.eu/web/generator/docu/rtdb_docu.pdf""> notes</a>; block Monthly; series: AI",,1,,,HICP Inflation rate - Total - Annual rate of change,Euro area (moving concept in the Real Time database context) - HICP - Overall index - Annual growth rate,PCCH,0,Replace,2003-05-07T15:30:00.000+02:00,
RTD.M.S0.N.P_C_OV.A,M,S0,N,P_C_OV,A,2001-04,2.74882,A,F,,,P1M,A,,,HICP.M.U2.N.000000.4D0.ANR,,,,,,"See <a class=""external"" href=""http://sdw.ecb.europa.eu/web/generator/docu/rtdb_docu.pdf""> notes</a>; block Monthly; series: AI",,1,,,HICP Inflation rate - Total - Annual rate of change,Euro area (moving concept in the Real Time database context) - HICP - Overall index - Annual growth rate,PCCH,0,Replace,2003-05-07T15:30:00.000+02:00,
RTD.M.S0.N.P_C_OV.A,M,S0,N,P_C_OV,A,2001-05,3.125,A,F,,,P1M,A,,,HICP.M.U2.N.000000.4D0.ANR,,,,,,"See <a class=""external"" href=""http://sdw.ecb.europa.eu/web/generator/docu/rtdb_docu.pdf""> notes</a>; block Monthly; series: AI",,1,,,HICP Inflation rate - Total - Annual rate of change,Euro area (moving concept in the Real Time database context) - HICP - Overall index - Annual growth rate,PCCH,0,Replace,2003-05-07T15:30:00.000+02:00,
RTD.M.S0.N.P_C_OV.A,M,S0,N,P_C_OV,A,2001-06,2.83019,A,F,,,P1M,A,,,HICP.M.U2.N.000000.4D0.ANR,,,,,,"See <a class=""external"" href=""http://sdw.ecb.europa.eu/web/generator/docu/rtdb_docu.pdf""> notes</a>; block Monthly; series: AI",,1,,,HICP Inflation rate - Total - Annual rate of change,Euro area (moving concept in the Real Time database context) - HICP - Overall index - Annual growth rate,PCCH,0,Replace,2003-05-07T15:30:00.000+02:00,
RTD.M.S0.N.P_C_OV.A,M,S0,N,P_C_OV,A,2001-07,2.54477,A,F,,,P1M,A,,,HICP.M.U2.N.000000.4D0.ANR,,,,,,"See <a class=""external"" href=""http://sdw.ecb.europa.eu/web/generator/docu/rtdb_docu.pdf""> notes</a>; block Monthly; series: AI",,1,,,HICP Inflation rate - Total - Annual rate of change,Euro area (moving concept in the Real Time database context) - HICP - Overall index - Annual growth rate,PCCH,0,Replace,2003-05-07T15:30:00.000+02:00,
RTD.M.S0.N.P_C_OV.A,M,S0,N,P_C_OV,A,2001-08,2.35405,A,F,,,P1M,A,,,HICP.M.U2.N.000000.4D0.ANR,,,,,,"See <a class=""external"" href=""http://sdw.ecb.europa.eu/web/generator/docu/rtdb_docu.pdf""> notes</a>; block Monthly; series: AI",,1,,,HICP Inflation rate - Total - Annual rate of change,Euro area (moving concept in the Real Time database context) - HICP - Overall index - Annual growth rate,PCCH,0,Replace,2003-05-07T15:30:00.000+02:00,
RTD.M.S0.N.P_C_OV.A,M,S0,N,P_C_OV,A,2001-09,2.15558,A,F,,,P1M,A,,,HICP.M.U2.N.000000.4D0.ANR,,,,,,"See <a class=""external"" href=""http://sdw.ecb.europa.eu/web/generator/docu/rtdb_docu.pdf""> notes</a>; block Monthly; series: AI",,1,,,HICP Inflation rate - Total - Annual rate of change,Euro area (moving concept in the Real Time database context) - HICP - Overall index - Annual growth rate,PCCH,0,Replace,2003-05-07T15:30:00.000+02:00,
RTD.M.S0.N.P_C_OV.A,M,S0,N,P_C_OV,A,2001-10,2.2493,A,F,,,P1M,A,,,HICP.M.U2.N.000000.4D0.ANR,,,,,,"See <a class=""external"" href=""http://sdw.ecb.europa.eu/web/generator/docu/rtdb_docu.pdf""> notes</a>; block Monthly; series: AI",,1,,,HICP Inflation rate - Total - Annual rate of change,Euro area (moving concept in the Real Time database context) - HICP - Overall index - Annual growth rate,PCCH,0,Replace,2003-05-07T15:30:00.000+02:00,
RTD.M.S0.N.P_C_OV.A,M,S0,N,P_C_OV,A,2001-11,1.96445,A,F,,,P1M,A,,,HICP.M.U2.N.000000.4D0.ANR,,,,,,"See <a class=""external"" href=""http://sdw.ecb.europa.eu/web/generator/docu/rtdb_docu.pdf""> notes</a>; block Monthly; series: AI",,1,,,HICP Inflation rate - Total - Annual rate of change,Euro area (moving concept in the Real Time database context) - HICP - Overall index - Annual growth rate,PCCH,0,Replace,2003-05-07T15:30:00.000+02:00,
RTD.M.S0.N.P_C_OV.A,M,S0,N,P_C_OV,A,2001-12,2.05033,A,F,,,P1M,A,,,HICP.M.U2.N.000000.4D0.ANR,,,,,,"See <a class=""external"" href=""http://sdw.ecb.europa.eu/web/generator/docu/rtdb_docu.pdf""> notes</a>; block Monthly; series: AI",,1,,,HICP Inflation rate - Total - Annual rate of change,Euro area (moving concept in the Real Time database context) - HICP - Overall index - Annual growth rate,PCCH,0,Replace,2003-05-07T15:30:00.000+02:00,
RTD.M.S0.N.P_C_OV.A,M,S0,N,P_C_OV,A,2002-01,2.62172,A,F,,,P1M,A,,,HICP.M.U2.N.000000.4D0.ANR,,,,,,"See <a class=""external"" href=""http://sdw.ecb.europa.eu/web/generator/docu/rtdb_docu.pdf""> notes</a>; block Monthly; series: AI",,1,,,HICP Inflation rate - Total - Annual rate of change,Euro area (moving concept in the Real Time database context) - HICP - Overall index - Annual growth rate,PCCH,0,Replace,2003-05-07T15:30:00.000+02:00,
RTD.M.S0.N.P_C_OV.A,M,S0,N,P_C_OV,A,2002-02,2.52101,A,F,,,P1M,A,,,HICP.M.U2.N.000000.4D0.ANR,,,,,,"See <a class=""external"" href=""http://sdw.ecb.europa.eu/web/generator/docu/rtdb_docu.pdf""> notes</a>; block Monthly; series: AI",,1,,,HICP Inflation rate - Total - Annual rate of change,Euro area (moving concept in the Real Time database context) - HICP - Overall index - Annual growth rate,PCCH,0,Replace,2003-05-07T15:30:00.000+02:00,
RTD.M.S0.N.P_C_OV.A,M,S0,N,P_C_OV,A,2002-03,2.50696,A,F,,,P1M,A,,,HICP.M.U2.N.000000.4D0.ANR,,,,,,"See <a class=""external"" href=""http://sdw.ecb.europa.eu/web/generator/docu/rtdb_docu.pdf""> notes</a>; block Monthly; series: AI",,1,,,HICP Inflation rate - Total - Annual rate of change,Euro area (moving concept in the Real Time database context) - HICP - Overall index - Annual growth rate,PCCH,0,Replace,2003-05-07T15:30:00.000+02:00,
RTD.M.S0.N.P_C_OV.A,M,S0,N,P_C_OV,A,2002-04,2.30627,A,F,,,P1M,A,,,HICP.M.U2.N.000000.4D0.ANR,,,,,,"See <a class=""external"" href=""http://sdw.ecb.europa.eu/web/generator/docu/rtdb_docu.pdf""> notes</a>; block Monthly; series: AI",,1,,,HICP Inflation rate - Total - Annual rate of change,Euro area (moving concept in the Real Time database context) - HICP - Overall index - Annual growth rate,PCCH,0,Replace,2003-05-07T15:30:00.000+02:00,
RTD.M.S0.N.P_C_OV.A,M,S0,N,P_C_OV,A,2002-05,2.0202,A,F,,,P1M,A,,,HICP.M.U2.N.000000.4D0.ANR,,,,,,"See <a class=""external"" href=""http://sdw.ecb.europa.eu/web/generator/docu/rtdb_docu.pdf""> notes</a>; block Monthly; series: AI",,1,,,HICP Inflation rate - Total - Annual rate of change,Euro area (moving concept in the Real Time database context) - HICP - Overall index - Annual growth rate,PCCH,0,Replace,2003-05-07T15:30:00.000+02:00,
RTD.M.S0.N.P_C_OV.A,M,S0,N,P_C_OV,A,2002-06,1.92661,A,F,,,P1M,A,,,HICP.M.U2.N.000000.4D0.ANR,,,,,,"See <a class=""external"" href=""http://sdw.ecb.europa.eu/web/generator/docu/rtdb_docu.pdf""> notes</a>; block Monthly; series: AI",,1,,,HICP Inflation rate - Total - Annual rate of change,Euro area (moving concept in the Real Time database context) - HICP - Overall index - Annual growth rate,PCCH,0,Replace,2003-05-07T15:30:00.000+02:00,
RTD.M.S0.N.P_C_OV.A,M,S0,N,P_C_OV,A,2002-07,2.02206,A,F,,,P1M,A,,,HICP.M.U2.N.000000.4D0.ANR,,,,,,"See <a class=""external"" href=""http://sdw.ecb.europa.eu/web/generator/docu/rtdb_docu.pdf""> notes</a>; block Monthly; series: AI",,1,,,HICP Inflation rate - Total - Annual rate of change,Euro area (moving concept in the Real Time database context) - HICP - Overall index - Annual growth rate,PCCH,0,Replace,2003-05-07T15:30:00.000+02:00,
RTD.M.S0.N.P_C_OV.A,M,S0,N,P_C_OV,A,2002-08,2.11592,A,F,,,P1M,A,,,HICP.M.U2.N.000000.4D0.ANR,,,,,,"See <a class=""external"" href=""http://sdw.ecb.europa.eu/web/generator/docu/rtdb_docu.pdf""> notes</a>; block Monthly; series: AI",,1,,,HICP Inflation rate - Total - Annual rate of change,Euro area (moving concept in the Real Time database context) - HICP - Overall index - Annual growth rate,PCCH,0,Replace,2003-05-07T15:30:00.000+02:00,
RTD.M.S0.N.P_C_OV.A,M,S0,N,P_C_OV,A,2002-09,2.11009,A,F,,,P1M,A,,,HICP.M.U2.N.000000.4D0.ANR,,,,,,"See <a class=""external"" href=""http://sdw.ecb.europa.eu/web/generator/docu/rtdb_docu.pdf""> notes</a>; block Monthly; series: AI",,1,,,HICP Inflation rate - Total - Annual rate of change,Euro area (moving concept in the Real Time database context) - HICP - Overall index - Annual growth rate,PCCH,0,Replace,2003-05-07T15:30:00.000+02:00,
RTD.M.S0.N.P_C_OV.A,M,S0,N,P_C_OV,A,2002-10,2.29148,A,F,,,P1M,A,,,HICP.M.U2.N.000000.4D0.ANR,,,,,,"See <a class=""external"" href=""http://sdw.ecb.europa.eu/web/generator/docu/rtdb_docu.pdf""> notes</a>; block Monthly; series: AI",,1,,,HICP Inflation rate - Total - Annual rate of change,Euro area (moving concept in the Real Time database context) - HICP - Overall index - Annual growth rate,PCCH,0,Replace,2003-05-07T15:30:00.000+02:00,
RTD.M.S0.N.P_C_OV.A,M,S0,N,P_C_OV,A,2002-11,2.29358,A,F,,,P1M,A,,,HICP.M.U2.N.000000.4D0.ANR,,,,,,"See <a class=""external"" href=""http://sdw.ecb.europa.eu/web/generator/docu/rtdb_docu.pdf""> notes</a>; block Monthly; series: AI",,1,,,HICP Inflation rate - Total - Annual rate of change,Euro area (moving concept in the Real Time database context) - HICP - Overall index - Annual growth rate,PCCH,0,Replace,2003-05-07T15:30:00.000+02:00,
RTD.M.S0.N.P_C_OV.A,M,S0,N,P_C_OV,A,2002-12,2.28311,A,F,,,P1M,A,,,HICP.M.U2.N.000000.4D0.ANR,,,,,,"See <a class=""external"" href=""http://sdw.ecb.europa.eu/web/generator/docu/rtdb_docu.pdf""> notes</a>; block Monthly; series: AI",,1,,,HICP Inflation rate - Total - Annual rate of change,Euro area (moving concept in the Real Time database context) - HICP - Overall index - Annual growth rate,PCCH,0,Replace,2003-05-07T15:30:00.000+02:00,
RTD.M.S0.N.P_C_OV.A,M,S0,N,P_C_OV,A,2003-01,2.09854,A,F,,,P1M,A,,,HICP.M.U2.N.000000.4D0.ANR,,,,,,"See <a class=""external"" href=""http://sdw.ecb.europa.eu/web/generator/docu/rtdb_docu.pdf""> notes</a>; block Monthly; series: AI",,1,,,HICP Inflation rate - Total - Annual rate of change,Euro area (moving concept in the Real Time database context) - HICP - Overall index - Annual growth rate,PCCH,0,Replace,2003-05-07T15:30:00.000+02:00,
RTD.M.S0.N.P_C_OV.A,M,S0,N,P_C_OV,A,2003-02,2.36794,A,F,,,P1M,A,,,HICP.M.U2.N.000000.4D0.ANR,,,,,,"See <a class=""external"" href=""http://sdw.ecb.europa.eu/web/generator/docu/rtdb_docu.pdf""> notes</a>; block Monthly; series: AI",,1,,,HICP Inflation rate - Total - Annual rate of change,Euro area (moving concept in the Real Time database context) - HICP - Overall index - Annual growth rate,PCCH,0,Replace,2003-05-07T15:30:00.000+02:00,
RTD.M.S0.N.P_C_OV.A,M,S0,N,P_C_OV,A,2003-03,2.44565,A,F,,,P1M,A,,,HICP.M.U2.N.000000.4D0.ANR,,,,,,"See <a class=""external"" href=""http://sdw.ecb.europa.eu/web/generator/docu/rtdb_docu.pdf""> notes</a>; block Monthly; series: AI",,1,,,HICP Inflation rate - Total - Annual rate of change,Euro area (moving concept in the Real Time database context) - HICP - Overall index - Annual growth rate,PCCH,0,Replace,2003-05-07T15:30:00.000+02:00,
RTD.M.S0.N.P_C_OV.A,M,S0,N,P_C_OV,A,2003-04,2.1,A,F,,,P1M,A,,,HICP.M.U2.N.000000.4D0.ANR,,,,,,"See <a class=""external"" href=""http://sdw.ecb.europa.eu/web/generator/docu/rtdb_docu.pdf""> notes</a>; block Monthly; series: AI",,1,,,HICP Inflation rate - Total - Annual rate of change,Euro area (moving concept in the Real Time database context) - HICP - Overall index - Annual growth rate,PCCH,0,Replace,2003-05-07T15:30:00.000+02:00,
RTD.M.S0.N.P_C_OV.A,M,S0,N,P_C_OV,A,2003-04,2.07394,A,F,,,P1M,A,,,HICP.M.U2.N.000000.4D0.ANR,,,,,,"See <a class=""external"" href=""http://sdw.ecb.europa.eu/web/generator/docu/rtdb_docu.pdf""> notes</a>; block Monthly; series: AI",,1,,,HICP Inflation rate - Total - Annual rate of change,Euro area (moving concept in the Real Time database context) - HICP - Overall index - Annual growth rate,PCCH,0,Replace,2003-06-04T15:30:00.000+02:00,
RTD.M.S0.N.P_C_OV.A,M,S0,N,P_C_OV,A,2003-05,1.9,A,F,,,P1M,A,,,HICP.M.U2.N.000000.4D0.ANR,,,,,,"See <a class=""external"" href=""http://sdw.ecb.europa.eu/web/generator/docu/rtdb_docu.pdf""> notes</a>; block Monthly; series: AI",,1,,,HICP Inflation rate - Total - Annual rate of change,Euro area (moving concept in the Real Time database context) - HICP - Overall index - Annual growth rate,PCCH,0,Replace,2003-06-04T15:30:00.000+02:00,
RTD.M.S0.N.P_C_OV.A,M,S0,N,P_C_OV,A,2003-05,1.89019,A,F,,,P1M,A,,,HICP.M.U2.N.000000.4D0.ANR,,,,,,"See <a class=""external"" href=""http://sdw.ecb.europa.eu/web/generator/docu/rtdb_docu.pdf""> notes</a>; block Monthly; series: AI",,1,,,HICP Inflation rate - Total - Annual rate of change,Euro area (moving concept in the Real Time database context) - HICP - Overall index - Annual growth rate,PCCH,0,Replace,2003-07-09T15:30:00.000+02:00,
RTD.M.S0.N.P_C_OV.A,M,S0,N,P_C_OV,A,2003-06,2,A,F,,,P1M,A,,,HICP.M.U2.N.000000.4D0.ANR,,,,,,"See <a class=""external"" href=""http://sdw.ecb.europa.eu/web/generator/docu/rtdb_docu.pdf""> notes</a>; block Monthly; series: AI",,1,,,HICP Inflation rate - Total - Annual rate of change,Euro area (moving concept in the Real Time database context) - HICP - Overall index - Annual growth rate,PCCH,0,Replace,2003-07-09T15:30:00.000+02:00,
RTD.M.S0.N.P_C_OV.A,M,S0,N,P_C_OV,A,2003-06,1.9802,A,F,,,P1M,A,,,HICP.M.U2.N.000000.4D0.ANR,,,,,,"See <a class=""external"" href=""http://sdw.ecb.europa.eu/web/generator/docu/rtdb_docu.pdf""> notes</a>; block Monthly; series: AI",,1,,,HICP Inflation rate - Total - Annual rate of change,Euro area (moving concept in the Real Time database context) - HICP - Overall index - Annual growth rate,PCCH,0,Replace,2003-07-30T15:30:00.000+02:00,
RTD.M.S0.N.P_C_OV.A,M,S0,N,P_C_OV,A,2003-07,1.9,A,F,,,P1M,A,,,HICP.M.U2.N.000000.4D0.ANR,,,,,,"See <a class=""external"" href=""http://sdw.ecb.europa.eu/web/generator/docu/rtdb_docu.pdf""> notes</a>; block Monthly; series: AI",,1,,,HICP Inflation rate - Total - Annual rate of change,Euro area (moving concept in the Real Time database context) - HICP - Overall index - Annual growth rate,PCCH,0,Replace,2003-07-30T15:30:00.000+02:00,
RTD.M.S0.N.P_C_OV.A,M,S0,N,P_C_OV,A,2003-07,1.89189,A,F,,,P1M,A,,,HICP.M.U2.N.000000.4D0.ANR,,,,,,"See <a class=""external"" href=""http://sdw.ecb.europa.eu/web/generator/docu/rtdb_docu.pdf""> notes</a>; block Monthly; series: AI",,1,,,HICP Inflation rate - Total - Annual rate of change,Euro area (moving concept in the Real Time database context) - HICP - Overall index - Annual growth rate,PCCH,0,Replace,2003-09-03T15:30:00.000+02:00,
RTD.M.S0.N.P_C_OV.A,M,S0,N,P_C_OV,A,2003-08,2.1,A,F,,,P1M,A,,,HICP.M.U2.N.000000.4D0.ANR,,,,,,"See <a class=""external"" href=""http://sdw.ecb.europa.eu/web/generator/docu/rtdb_docu.pdf""> notes</a>; block Monthly; series: AI",,1,,,HICP Inflation rate - Total - Annual rate of change,Euro area (moving concept in the Real Time database context) - HICP - Overall index - Annual growth rate,PCCH,0,Replace,2003-09-03T15:30:00.000+02:00,
RTD.M.S0.N.P_C_OV.A,M,S0,N,P_C_OV,A,2003-05,1.80018,A,F,,,P1M,A,,,HICP.M.U2.N.000000.4D0.ANR,,,,,,"See <a class=""external"" href=""http://sdw.ecb.europa.eu/web/generator/docu/rtdb_docu.pdf""> notes</a>; block Monthly; series: AI",,1,,,HICP Inflation rate - Total - Annual rate of change,Euro area (moving concept in the Real Time database context) - HICP - Overall index - Annual growth rate,PCCH,0,Replace,2003-10-01T15:30:00.000+02:00,
RTD.M.S0.N.P_C_OV.A,M,S0,N,P_C_OV,A,2003-06,1.89019,A,F,,,P1M,A,,,HICP.M.U2.N.000000.4D0.ANR,,,,,,"See <a class=""external"" href=""http://sdw.ecb.europa.eu/web/generator/docu/rtdb_docu.pdf""> notes</a>; block Monthly; series: AI",,1,,,HICP Inflation rate - Total - Annual rate of change,Euro area (moving concept in the Real Time database context) - HICP - Overall index - Annual growth rate,PCCH,0,Replace,2003-10-01T15:30:00.000+02:00,
RTD.M.S0.N.P_C_OV.A,M,S0,N,P_C_OV,A,2003-08,2.07207,A,F,,,P1M,A,,,HICP.M.U2.N.000000.4D0.ANR,,,,,,"See <a class=""external"" href=""http://sdw.ecb.europa.eu/web/generator/docu/rtdb_docu.pdf""> notes</a>; block Monthly; series: AI",,1,,,HICP Inflation rate - Total - Annual rate of change,Euro area (moving concept in the Real Time database context) - HICP - Overall index - Annual growth rate,PCCH,0,Replace,2003-10-01T15:30:00.000+02:00,
RTD.M.S0.N.P_C_OV.A,M,S0,N,P_C_OV,A,2003-09,2.1,A,F,,,P1M,A,,,HICP.M.U2.N.000000.4D0.ANR,,,,,,"See <a class=""external"" href=""http://sdw.ecb.europa.eu/web/generator/docu/rtdb_docu.pdf""> notes</a>; block Monthly; series: AI",,1,,,HICP Inflation rate - Total - Annual rate of change,Euro area (moving concept in the Real Time database context) - HICP - Overall index - Annual growth rate,PCCH,0,Replace,2003-10-01T15:30:00.000+02:00,
RTD.M.S0.N.P_C_OV.A,M,S0,N,P_C_OV,A,2003-09,2.06649,A,F,,,P1M,A,,,HICP.M.U2.N.000000.4D0.ANR,,,,,,"See <a class=""external"" href=""http://sdw.ecb.europa.eu/web/generator/docu/rtdb_docu.pdf""> notes</a>; block Monthly; series: AI",,1,,,HICP Inflation rate - Total - Annual rate of change,Euro area (moving concept in the Real Time database context) - HICP - Overall index - Annual growth rate,PCCH,0,Replace,2003-11-05T15:30:00.000+01:00,
RTD.M.S0.N.P_C_OV.A,M,S0,N,P_C_OV,A,2003-10,2.1,A,F,,,P1M,A,,,HICP.M.U2.N.000000.4D0.ANR,,,,,,"See <a class=""external"" href=""http://sdw.ecb.europa.eu/web/generator/docu/rtdb_docu.pdf""> notes</a>; block Monthly; series: AI",,1,,,HICP Inflation rate - Total - Annual rate of change,Euro area (moving concept in the Real Time database context) - HICP - Overall index - Annual growth rate,PCCH,0,Replace,2003-11-05T15:30:00.000+01:00,
RTD.M.S0.N.P_C_OV.A,M,S0,N,P_C_OV,A,2003-09,2.15633,A,F,,,P1M,A,,,HICP.M.U2.N.000000.4D0.ANR,,,,,,"See <a class=""external"" href=""http://sdw.ecb.europa.eu/web/generator/docu/rtdb_docu.pdf""> notes</a>; block Monthly; series: AI",,1,,,HICP Inflation rate - Total - Annual rate of change,Euro area (moving concept in the Real Time database context) - HICP - Overall index - Annual growth rate,PCCH,0,Replace,2003-12-03T15:30:00.000+01:00,
RTD.M.S0.N.P_C_OV.A,M,S0,N,P_C_OV,A,2003-10,1.97133,A,F,,,P1M,A,,,HICP.M.U2.N.000000.4D0.ANR,,,,,,"See <a class=""external"" href=""http://sdw.ecb.europa.eu/web/generator/docu/rtdb_docu.pdf""> notes</a>; block Monthly; series: AI",,1,,,HICP Inflation rate - Total - Annual rate of change,Euro area (moving concept in the Real Time database context) - HICP - Overall index - Annual growth rate,PCCH,0,Replace,2003-12-03T15:30:00.000+01:00,
RTD.M.S0.N.P_C_OV.A,M,S0,N,P_C_OV,A,2003-11,2.2,A,F,,,P1M,A,,,HICP.M.U2.N.000000.4D0.ANR,,,,,,"See <a class=""external"" href=""http://sdw.ecb.europa.eu/web/generator/docu/rtdb_docu.pdf""> notes</a>; block Monthly; series: AI",,1,,,HICP Inflation rate - Total - Annual rate of change,Euro area (moving concept in the Real Time database context) - HICP - Overall index - Annual growth rate,PCCH,0,Replace,2003-12-03T15:30:00.000+01:00,
RTD.M.S0.N.P_C_OV.A,M,S0,N,P_C_OV,A,2003-11,2.15247,A,F,,,P1M,A,,,HICP.M.U2.N.000000.4D0.ANR,,,,,,"See <a class=""external"" href=""http://sdw.ecb.europa.eu/web/generator/docu/rtdb_docu.pdf""> notes</a>; block Monthly; series: AI",,1,,,HICP Inflation rate - Total - Annual rate of change,Euro area (moving concept in the Real Time database context) - HICP - Overall index - Annual growth rate,PCCH,0,Replace,2004-01-14T15:30:00.000+01:00,
RTD.M.S0.N.P_C_OV.A,M,S0,N,P_C_OV,A,2003-12,2.1,A,F,,,P1M,A,,,HICP.M.U2.N.000000.4D0.ANR,,,,,,"See <a class=""external"" href=""http://sdw.ecb.europa.eu/web/generator/docu/rtdb_docu.pdf""> notes</a>; block Monthly; series: AI",,1,,,HICP Inflation rate - Total - Annual rate of change,Euro area (moving concept in the Real Time database context) - HICP - Overall index - Annual growth rate,PCCH,0,Replace,2004-01-14T15:30:00.000+01:00,
RTD.M.S0.N.P_C_OV.A,M,S0,N,P_C_OV,A,2003-12,1.96429,A,F,,,P1M,A,,,HICP.M.U2.N.000000.4D0.ANR,,,,,,"See <a class=""external"" href=""http://sdw.ecb.europa.eu/web/generator/docu/rtdb_docu.pdf""> notes</a>; block Monthly; series: AI",,1,,,HICP Inflation rate - Total - Annual rate of change,Euro area (moving concept in the Real Time database context) - HICP - Overall index - Annual growth rate,PCCH,0,Replace,2004-02-04T15:30:00.000+01:00,
RTD.M.S0.N.P_C_OV.A,M,S0,N,P_C_OV,A,2004-01,2,A,F,,,P1M,A,,,HICP.M.U2.N.000000.4D0.ANR,,,,,,"See <a class=""external"" href=""http://sdw.ecb.europa.eu/web/generator/docu/rtdb_docu.pdf""> notes</a>; block Monthly; series: AI",,1,,,HICP Inflation rate - Total - Annual rate of change,Euro area (moving concept in the Real Time database context) - HICP - Overall index - Annual growth rate,PCCH,0,Replace,2004-02-04T15:30:00.000+01:00,
RTD.M.S0.N.P_C_OV.A,M,S0,N,P_C_OV,A,2004-01,1.87668,A,F,,,P1M,A,,,HICP.M.U2.N.000000.4D0.ANR,,,,,,"See <a class=""external"" href=""http://sdw.ecb.europa.eu/web/generator/docu/rtdb_docu.pdf""> notes</a>; block Monthly; series: AI",,1,,,HICP Inflation rate - Total - Annual rate of change,Euro area (moving concept in the Real Time database context) - HICP - Overall index - Annual growth rate,PCCH,0,Replace,2004-03-03T15:30:00.000+01:00,
RTD.M.S0.N.P_C_OV.A,M,S0,N,P_C_OV,A,2004-02,1.6,A,F,,,P1M,A,,,HICP.M.U2.N.000000.4D0.ANR,,,,,,"See <a class=""external"" href=""http://sdw.ecb.europa.eu/web/generator/docu/rtdb_docu.pdf""> notes</a>; block Monthly; series: AI",,1,,,HICP Inflation rate - Total - Annual rate of change,Euro area (moving concept in the Real Time database context) - HICP - Overall index - Annual growth rate,PCCH,0,Replace,2004-03-03T15:30:00.000+01:00,
RTD.M.S0.N.P_C_OV.A,M,S0,N,P_C_OV,A,2004-02,1.60142,A,F,,,P1M,A,,,HICP.M.U2.N.000000.4D0.ANR,,,,,,"See <a class=""external"" href=""http://sdw.ecb.europa.eu/web/generator/docu/rtdb_docu.pdf""> notes</a>; block Monthly; series: AI",,1,,,HICP Inflation rate - Total - Annual rate of change,Euro area (moving concept in the Real Time database context) - HICP - Overall index - Annual growth rate,PCCH,0,Replace,2004-03-31T15:30:00.000+02:00,
RTD.M.S0.N.P_C_OV.A,M,S0,N,P_C_OV,A,2004-03,1.6,A,F,,,P1M,A,,,HICP.M.U2.N.000000.4D0.ANR,,,,,,"See <a class=""external"" href=""http://sdw.ecb.europa.eu/web/generator/docu/rtdb_docu.pdf""> notes</a>; block Monthly; series: AI",,1,,,HICP Inflation rate - Total - Annual rate of change,Euro area (moving concept in the Real Time database context) - HICP - Overall index - Annual growth rate,PCCH,0,Replace,2004-03-31T15:30:00.000+02:00,
RTD.M.S0.N.P_C_OV.A,M,S0,N,P_C_OV,A,2004-03,1.67993,A,F,,,P1M,A,,,HICP.M.U2.N.000000.4D0.ANR,,,,,,"See <a class=""external"" href=""http://sdw.ecb.europa.eu/web/generator/docu/rtdb_docu.pdf""> notes</a>; block Monthly; series: AI",,1,,,HICP Inflation rate - Total - Annual rate of change,Euro area (moving concept in the Real Time database context) - HICP - Overall index - Annual growth rate,PCCH,0,Replace,2004-05-05T15:30:00.000+02:00,
RTD.M.S0.N.P_C_OV.A,M,S0,N,P_C_OV,A,2004-04,2,A,F,,,P1M,A,,,HICP.M.U2.N.000000.4D0.ANR,,,,,,"See <a class=""external"" href=""http://sdw.ecb.europa.eu/web/generator/docu/rtdb_docu.pdf""> notes</a>; block Monthly; series: AI",,1,,,HICP Inflation rate - Total - Annual rate of change,Euro area (moving concept in the Real Time database context) - HICP - Overall index - Annual growth rate,PCCH,0,Replace,2004-05-05T15:30:00.000+02:00,
RTD.M.S0.N.P_C_OV.A,M,S0,N,P_C_OV,A,2004-04,2.0318,A,F,,,P1M,A,,,HICP.M.U2.N.000000.4D0.ANR,,,,,,"See <a class=""external"" href=""http://sdw.ecb.europa.eu/web/generator/docu/rtdb_docu.pdf""> notes</a>; block Monthly; series: AI",,1,,,HICP Inflation rate - Total - Annual rate of change,Euro area (moving concept in the Real Time database context) - HICP - Overall index - Annual growth rate,PCCH,0,Replace,2004-06-02T15:30:00.000+02:00,
RTD.M.S0.N.P_C_OV.A,M,S0,N,P_C_OV,A,2004-05,2.5,A,F,,,P1M,A,,,HICP.M.U2.N.000000.4D0.ANR,,,,,,"See <a class=""external"" href=""http://sdw.ecb.europa.eu/web/generator/docu/rtdb_docu.pdf""> notes</a>; block Monthly; series: AI",,1,,,HICP Inflation rate - Total - Annual rate of change,Euro area (moving concept in the Real Time database context) - HICP - Overall index - Annual growth rate,PCCH,0,Replace,2004-06-02T15:30:00.000+02:00,
RTD.M.S0.N.P_C_OV.A,M,S0,N,P_C_OV,A,2004-05,2.47569,A,F,,,P1M,A,,,HICP.M.U2.N.000000.4D0.ANR,,,,,,"See <a class=""external"" href=""http://sdw.ecb.europa.eu/web/generator/docu/rtdb_docu.pdf""> notes</a>; block Monthly; series: AI",,1,,,HICP Inflation rate - Total - Annual rate of change,Euro area (moving concept in the Real Time database context) - HICP - Overall index - Annual growth rate,PCCH,0,Replace,2004-06-30T15:30:00.000+02:00,
RTD.M.S0.N.P_C_OV.A,M,S0,N,P_C_OV,A,2004-06,2.4,A,F,,,P1M,A,,,HICP.M.U2.N.000000.4D0.ANR,,,,,,"See <a class=""external"" href=""http://sdw.ecb.europa.eu/web/generator/docu/rtdb_docu.pdf""> notes</a>; block Monthly; series: AI",,1,,,HICP Inflation rate - Total - Annual rate of change,Euro area (moving concept in the Real Time database context) - HICP - Overall index - Annual growth rate,PCCH,0,Replace,2004-06-30T15:30:00.000+02:00,
RTD.M.S0.N.P_C_OV.A,M,S0,N,P_C_OV,A,2004-06,2.38516,A,F,,,P1M,A,,,HICP.M.U2.N.000000.4D0.ANR,,,,,,"See <a class=""external"" href=""http://sdw.ecb.europa.eu/web/generator/docu/rtdb_docu.pdf""> notes</a>; block Monthly; series: AI",,1,,,HICP Inflation rate - Total - Annual rate of change,Euro area (moving concept in the Real Time database context) - HICP - Overall index - Annual growth rate,PCCH,0,Replace,2004-08-04T15:30:00.000+02:00,
RTD.M.S0.N.P_C_OV.A,M,S0,N,P_C_OV,A,2004-07,2.4,A,F,,,P1M,A,,,HICP.M.U2.N.000000.4D0.ANR,,,,,,"See <a class=""external"" href=""http://sdw.ecb.europa.eu/web/generator/docu/rtdb_docu.pdf""> notes</a>; block Monthly; series: AI",,1,,,HICP Inflation rate - Total - Annual rate of change,Euro area (moving concept in the Real Time database context) - HICP - Overall index - Annual growth rate,PCCH,0,Replace,2004-08-04T15:30:00.000+02:00,
RTD.M.S0.N.P_C_OV.A,M,S0,N,P_C_OV,A,2004-07,2.29885,A,F,,,P1M,A,,,HICP.M.U2.N.000000.4D0.ANR,,,,,,"See <a class=""external"" href=""http://sdw.ecb.europa.eu/web/generator/docu/rtdb_docu.pdf""> notes</a>; block Monthly; series: AI",,1,,,HICP Inflation rate - Total - Annual rate of change,Euro area (moving concept in the Real Time database context) - HICP - Overall index - Annual growth rate,PCCH,0,Replace,2004-09-01T15:30:00.000+02:00,
RTD.M.S0.N.P_C_OV.A,M,S0,N,P_C_OV,A,2004-08,2.3,A,F,,,P1M,A,,,HICP.M.U2.N.000000.4D0.ANR,,,,,,"See <a class=""external"" href=""http://sdw.ecb.europa.eu/web/generator/docu/rtdb_docu.pdf""> notes</a>; block Monthly; series: AI",,1,,,HICP Inflation rate - Total - Annual rate of change,Euro area (moving concept in the Real Time database context) - HICP - Overall index - Annual growth rate,PCCH,0,Replace,2004-09-01T15:30:00.000+02:00,
RTD.M.S0.N.P_C_OV.A,M,S0,N,P_C_OV,A,2004-08,2.29479,A,F,,,P1M,A,,,HICP.M.U2.N.000000.4D0.ANR,,,,,,"See <a class=""external"" href=""http://sdw.ecb.europa.eu/web/generator/docu/rtdb_docu.pdf""> notes</a>; block Monthly; series: AI",,1,,,HICP Inflation rate - Total - Annual rate of change,Euro area (moving concept in the Real Time database context) - HICP - Overall index - Annual growth rate,PCCH,0,Replace,2004-10-06T15:30:00.000+02:00,
RTD.M.S0.N.P_C_OV.A,M,S0,N,P_C_OV,A,2004-09,2.2,A,F,,,P1M,A,,,HICP.M.U2.N.000000.4D0.ANR,,,,,,"See <a class=""external"" href=""http://sdw.ecb.europa.eu/web/generator/docu/rtdb_docu.pdf""> notes</a>; block Monthly; series: AI",,1,,,HICP Inflation rate - Total - Annual rate of change,Euro area (moving concept in the Real Time database context) - HICP - Overall index - Annual growth rate,PCCH,0,Replace,2004-10-06T15:30:00.000+02:00,
RTD.M.S0.N.P_C_OV.A,M,S0,N,P_C_OV,A,2004-09,2.11082,A,F,,,P1M,A,,,HICP.M.U2.N.000000.4D0.ANR,,,,,,"See <a class=""external"" href=""http://sdw.ecb.europa.eu/web/generator/docu/rtdb_docu.pdf""> notes</a>; block Monthly; series: AI",,1,,,HICP Inflation rate - Total - Annual rate of change,Euro area (moving concept in the Real Time database context) - HICP - Overall index - Annual growth rate,PCCH,0,Replace,2004-11-03T15:30:00.000+01:00,
RTD.M.S0.N.P_C_OV.A,M,S0,N,P_C_OV,A,2004-10,2.5,A,F,,,P1M,A,,,HICP.M.U2.N.000000.4D0.ANR,,,,,,"See <a class=""external"" href=""http://sdw.ecb.europa.eu/web/generator/docu/rtdb_docu.pdf""> notes</a>; block Monthly; series: AI",,1,,,HICP Inflation rate - Total - Annual rate of change,Euro area (moving concept in the Real Time database context) - HICP - Overall index - Annual growth rate,PCCH,0,Replace,2004-11-03T15:30:00.000+01:00,
RTD.M.S0.N.P_C_OV.A,M,S0,N,P_C_OV,A,2004-10,2.37258,A,F,,,P1M,A,,,HICP.M.U2.N.000000.4D0.ANR,,,,,,"See <a class=""external"" href=""http://sdw.ecb.europa.eu/web/generator/docu/rtdb_docu.pdf""> notes</a>; block Monthly; series: AI",,1,,,HICP Inflation rate - Total - Annual rate of change,Euro area (moving concept in the Real Time database context) - HICP - Overall index - Annual growth rate,PCCH,0,Replace,2004-12-01T15:30:00.000+01:00,
RTD.M.S0.N.P_C_OV.A,M,S0,N,P_C_OV,A,2004-11,2.2,A,F,,,P1M,A,,,HICP.M.U2.N.000000.4D0.ANR,,,,,,"See <a class=""external"" href=""http://sdw.ecb.europa.eu/web/generator/docu/rtdb_docu.pdf""> notes</a>; block Monthly; series: AI",,1,,,HICP Inflation rate - Total - Annual rate of change,Euro area (moving concept in the Real Time database context) - HICP - Overall index - Annual growth rate,PCCH,0,Replace,2004-12-01T15:30:00.000+01:00,
RTD.M.S0.N.P_C_OV.A,M,S0,N,P_C_OV,A,2004-11,2.19491,A,F,,,P1M,A,,,HICP.M.U2.N.000000.4D0.ANR,,,,,,"See <a class=""external"" href=""http://sdw.ecb.europa.eu/web/generator/docu/rtdb_docu.pdf""> notes</a>; block Monthly; series: AI",,1,,,HICP Inflation rate - Total - Annual rate of change,Euro area (moving concept in the Real Time database context) - HICP - Overall index - Annual growth rate,PCCH,0,Replace,2005-01-12T15:30:00.000+01:00,
RTD.M.S0.N.P_C_OV.A,M,S0,N,P_C_OV,A,2004-12,2.3,A,F,,,P1M,A,,,HICP.M.U2.N.000000.4D0.ANR,,,,,,"See <a class=""external"" href=""http://sdw.ecb.europa.eu/web/generator/docu/rtdb_docu.pdf""> notes</a>; block Monthly; series: AI",,1,,,HICP Inflation rate - Total - Annual rate of change,Euro area (moving concept in the Real Time database context) - HICP - Overall index - Annual growth rate,PCCH,0,Replace,2005-01-12T15:30:00.000+01:00,
RTD.M.S0.N.P_C_OV.A,M,S0,N,P_C_OV,A,2004-12,2.36427,A,F,,,P1M,A,,,HICP.M.U2.N.000000.4D0.ANR,,,,,,"See <a class=""external"" href=""http://sdw.ecb.europa.eu/web/generator/docu/rtdb_docu.pdf""> notes</a>; block Monthly; series: AI",,1,,,HICP Inflation rate - Total - Annual rate of change,Euro area (moving concept in the Real Time database context) - HICP - Overall index - Annual growth rate,PCCH,0,Replace,2005-02-02T15:30:00.000+01:00,
RTD.M.S0.N.P_C_OV.A,M,S0,N,P_C_OV,A,2005-01,1.92982,A,F,,,P1M,A,,,HICP.M.U2.N.000000.4D0.ANR,,,,,,"See <a class=""external"" href=""http://sdw.ecb.europa.eu/web/generator/docu/rtdb_docu.pdf""> notes</a>; block Monthly; series: AI",,1,,,HICP Inflation rate - Total - Annual rate of change,Euro area (moving concept in the Real Time database context) - HICP - Overall index - Annual growth rate,PCCH,0,Replace,2005-03-02T15:30:00.000+01:00,
RTD.M.S0.N.P_C_OV.A,M,S0,N,P_C_OV,A,2005-02,2,A,F,,,P1M,A,,,HICP.M.U2.N.000000.4D0.ANR,,,,,,"See <a class=""external"" href=""http://sdw.ecb.europa.eu/web/generator/docu/rtdb_docu.pdf""> notes</a>; block Monthly; series: AI",,1,,,HICP Inflation rate - Total - Annual rate of change,Euro area (moving concept in the Real Time database context) - HICP - Overall index - Annual growth rate,PCCH,0,Replace,2005-03-02T15:30:00.000+01:00,
RTD.M.S0.N.P_C_OV.A,M,S0,N,P_C_OV,A,2005-02,2.10158,A,F,,,P1M,A,,,HICP.M.U2.N.000000.4D0.ANR,,,,,,"See <a class=""external"" href=""http://sdw.ecb.europa.eu/web/generator/docu/rtdb_docu.pdf""> notes</a>; block Monthly; series: AI",,1,,,HICP Inflation rate - Total - Annual rate of change,Euro area (moving concept in the Real Time database context) - HICP - Overall index - Annual growth rate,PCCH,0,Replace,2005-04-06T15:30:00.000+02:00,
RTD.M.S0.N.P_C_OV.A,M,S0,N,P_C_OV,A,2005-03,2.1,A,F,,,P1M,A,,,HICP.M.U2.N.000000.4D0.ANR,,,,,,"See <a class=""external"" href=""http://sdw.ecb.europa.eu/web/generator/docu/rtdb_docu.pdf""> notes</a>; block Monthly; series: AI",,1,,,HICP Inflation rate - Total - Annual rate of change,Euro area (moving concept in the Real Time database context) - HICP - Overall index - Annual growth rate,PCCH,0,Replace,2005-04-06T15:30:00.000+02:00,
RTD.M.S0.N.P_C_OV.A,M,S0,N,P_C_OV,A,2005-03,2.08696,A,F,,,P1M,A,,,HICP.M.U2.N.000000.4D0.ANR,,,,,,"See <a class=""external"" href=""http://sdw.ecb.europa.eu/web/generator/docu/rtdb_docu.pdf""> notes</a>; block Monthly; series: AI",,1,,,HICP Inflation rate - Total - Annual rate of change,Euro area (moving concept in the Real Time database context) - HICP - Overall index - Annual growth rate,PCCH,0,Replace,2005-05-03T15:30:00.000+02:00,
RTD.M.S0.N.P_C_OV.A,M,S0,N,P_C_OV,A,2005-04,2.1,A,F,,,P1M,A,,,HICP.M.U2.N.000000.4D0.ANR,,,,,,"See <a class=""external"" href=""http://sdw.ecb.europa.eu/web/generator/docu/rtdb_docu.pdf""> notes</a>; block Monthly; series: AI",,1,,,HICP Inflation rate - Total - Annual rate of change,Euro area (moving concept in the Real Time database context) - HICP - Overall index - Annual growth rate,PCCH,0,Replace,2005-05-03T15:30:00.000+02:00,
RTD.M.S0.N.P_C_OV.A,M,S0,N,P_C_OV,A,2005-04,2.07792,A,F,,,P1M,A,,,HICP.M.U2.N.000000.4D0.ANR,,,,,,"See <a class=""external"" href=""http://sdw.ecb.europa.eu/web/generator/docu/rtdb_docu.pdf""> notes</a>; block Monthly; series: AI",,1,,,HICP Inflation rate - Total - Annual rate of change,Euro area (moving concept in the Real Time database context) - HICP - Overall index - Annual growth rate,PCCH,0,Replace,2005-06-01T15:30:00.000+02:00,
RTD.M.S0.N.P_C_OV.A,M,S0,N,P_C_OV,A,2005-05,2,A,F,,,P1M,A,,,HICP.M.U2.N.000000.4D0.ANR,,,,,,"See <a class=""external"" href=""http://sdw.ecb.europa.eu/web/generator/docu/rtdb_docu.pdf""> notes</a>; block Monthly; series: AI",,1,,,HICP Inflation rate - Total - Annual rate of change,Euro area (moving concept in the Real Time database context) - HICP - Overall index - Annual growth rate,PCCH,0,Replace,2005-06-01T15:30:00.000+02:00,
RTD.M.S0.N.P_C_OV.A,M,S0,N,P_C_OV,A,2005-05,1.89819,A,F,,,P1M,A,,,HICP.M.U2.N.000000.4D0.ANR,,,,,,"See <a class=""external"" href=""http://sdw.ecb.europa.eu/web/generator/docu/rtdb_docu.pdf""> notes</a>; block Monthly; series: AI",,1,,,HICP Inflation rate - Total - Annual rate of change,Euro area (moving concept in the Real Time database context) - HICP - Overall index - Annual growth rate,PCCH,0,Replace,2005-07-06T15:30:00.000+02:00,
RTD.M.S0.N.P_C_OV.A,M,S0,N,P_C_OV,A,2005-06,2.1,A,F,,,P1M,A,,,HICP.M.U2.N.000000.4D0.ANR,,,,,,"See <a class=""external"" href=""http://sdw.ecb.europa.eu/web/generator/docu/rtdb_docu.pdf""> notes</a>; block Monthly; series: AI",,1,,,HICP Inflation rate - Total - Annual rate of change,Euro area (moving concept in the Real Time database context) - HICP - Overall index - Annual growth rate,PCCH,0,Replace,2005-07-06T15:30:00.000+02:00,
RTD.M.S0.N.P_C_OV.A,M,S0,N,P_C_OV,A,2005-05,1.98447,A,F,,,P1M,A,,,HICP.M.U2.N.000000.4D0.ANR,,,,,,"See <a class=""external"" href=""http://sdw.ecb.europa.eu/web/generator/docu/rtdb_docu.pdf""> notes</a>; block Monthly; series: AI",,1,,,HICP Inflation rate - Total - Annual rate of change,Euro area (moving concept in the Real Time database context) - HICP - Overall index - Annual growth rate,PCCH,0,Replace,2005-08-03T15:30:00.000+02:00,
RTD.M.S0.N.P_C_OV.A,M,S0,N,P_C_OV,A,2005-06,2.07075,A,F,,,P1M,A,,,HICP.M.U2.N.000000.4D0.ANR,,,,,,"See <a class=""external"" href=""http://sdw.ecb.europa.eu/web/generator/docu/rtdb_docu.pdf""> notes</a>; block Monthly; series: AI",,1,,,HICP Inflation rate - Total - Annual rate of change,Euro area (moving concept in the Real Time database context) - HICP - Overall index - Annual growth rate,PCCH,0,Replace,2005-08-03T15:30:00.000+02:00,
RTD.M.S0.N.P_C_OV.A,M,S0,N,P_C_OV,A,2005-07,2.2,A,F,,,P1M,A,,,HICP.M.U2.N.000000.4D0.ANR,,,,,,"See <a class=""external"" href=""http://sdw.ecb.europa.eu/web/generator/docu/rtdb_docu.pdf""> notes</a>; block Monthly; series: AI",,1,,,HICP Inflation rate - Total - Annual rate of change,Euro area (moving concept in the Real Time database context) - HICP - Overall index - Annual growth rate,PCCH,0,Replace,2005-08-03T15:30:00.000+02:00,
RTD.M.S0.N.P_C_OV.A,M,S0,N,P_C_OV,A,2005-07,2.16076,A,F,,,P1M,A,,,HICP.M.U2.N.000000.4D0.ANR,,,,,,"See <a class=""external"" href=""http://sdw.ecb.europa.eu/web/generator/docu/rtdb_docu.pdf""> notes</a>; block Monthly; series: AI",,1,,,HICP Inflation rate - Total - Annual rate of change,Euro area (moving concept in the Real Time database context) - HICP - Overall index - Annual growth rate,PCCH,0,Replace,2005-08-31T15:30:00.000+02:00,
RTD.M.S0.N.P_C_OV.A,M,S0,N,P_C_OV,A,2005-08,2.1,A,F,,,P1M,A,,,HICP.M.U2.N.000000.4D0.ANR,,,,,,"See <a class=""external"" href=""http://sdw.ecb.europa.eu/web/generator/docu/rtdb_docu.pdf""> notes</a>; block Monthly; series: AI",,1,,,HICP Inflation rate - Total - Annual rate of change,Euro area (moving concept in the Real Time database context) - HICP - Overall index - Annual growth rate,PCCH,0,Replace,2005-08-31T15:30:00.000+02:00,
RTD.M.S0.N.P_C_OV.A,M,S0,N,P_C_OV,A,2005-08,2.24331,A,F,,,P1M,A,,,HICP.M.U2.N.000000.4D0.ANR,,,,,,"See <a class=""external"" href=""http://sdw.ecb.europa.eu/web/generator/docu/rtdb_docu.pdf""> notes</a>; block Monthly; series: AI",,1,,,HICP Inflation rate - Total - Annual rate of change,Euro area (moving concept in the Real Time database context) - HICP - Overall index - Annual growth rate,PCCH,0,Replace,2005-10-05T15:30:00.000+02:00,
RTD.M.S0.N.P_C_OV.A,M,S0,N,P_C_OV,A,2005-09,2.5,A,F,,,P1M,A,,,HICP.M.U2.N.000000.4D0.ANR,,,,,,"See <a class=""external"" href=""http://sdw.ecb.europa.eu/web/generator/docu/rtdb_docu.pdf""> notes</a>; block Monthly; series: AI",,1,,,HICP Inflation rate - Total - Annual rate of change,Euro area (moving concept in the Real Time database context) - HICP - Overall index - Annual growth rate,PCCH,0,Replace,2005-10-05T15:30:00.000+02:00,
RTD.M.S0.N.P_C_OV.A,M,S0,N,P_C_OV,A,2005-09,2.58398,A,F,,,P1M,A,,,HICP.M.U2.N.000000.4D0.ANR,,,,,,"See <a class=""external"" href=""http://sdw.ecb.europa.eu/web/generator/docu/rtdb_docu.pdf""> notes</a>; block Monthly; series: AI",,1,,,HICP Inflation rate - Total - Annual rate of change,Euro area (moving concept in the Real Time database context) - HICP - Overall index - Annual growth rate,PCCH,0,Replace,2005-11-02T15:30:00.000+01:00,
RTD.M.S0.N.P_C_OV.A,M,S0,N,P_C_OV,A,2005-10,2.5,A,F,,,P1M,A,,,HICP.M.U2.N.000000.4D0.ANR,,,,,,"See <a class=""external"" href=""http://sdw.ecb.europa.eu/web/generator/docu/rtdb_docu.pdf""> notes</a>; block Monthly; series: AI",,1,,,HICP Inflation rate - Total - Annual rate of change,Euro area (moving concept in the Real Time database context) - HICP - Overall index - Annual growth rate,PCCH,0,Replace,2005-11-02T15:30:00.000+01:00,
RTD.M.S0.N.P_C_OV.A,M,S0,N,P_C_OV,A,2005-10,2.48927,A,F,,,P1M,A,,,HICP.M.U2.N.000000.4D0.ANR,,,,,,"See <a class=""external"" href=""http://sdw.ecb.europa.eu/web/generator/docu/rtdb_docu.pdf""> notes</a>; block Monthly; series: AI",,1,,,HICP Inflation rate - Total - Annual rate of change,Euro area (moving concept in the Real Time database context) - HICP - Overall index - Annual growth rate,PCCH,0,Replace,2005-11-30T15:30:00.000+01:00,
RTD.M.S0.N.P_C_OV.A,M,S0,N,P_C_OV,A,2005-11,2.4,A,F,,,P1M,A,,,HICP.M.U2.N.000000.4D0.ANR,,,,,,"See <a class=""external"" href=""http://sdw.ecb.europa.eu/web/generator/docu/rtdb_docu.pdf""> notes</a>; block Monthly; series: AI",,1,,,HICP Inflation rate - Total - Annual rate of change,Euro area (moving concept in the Real Time database context) - HICP - Overall index - Annual growth rate,PCCH,0,Replace,2005-11-30T15:30:00.000+01:00,
RTD.M.S0.N.P_C_OV.A,M,S0,N,P_C_OV,A,2005-11,2.31959,A,F,,,P1M,A,,,HICP.M.U2.N.000000.4D0.ANR,,,,,,"See <a class=""external"" href=""http://sdw.ecb.europa.eu/web/generator/docu/rtdb_docu.pdf""> notes</a>; block Monthly; series: AI",,1,,,HICP Inflation rate - Total - Annual rate of change,Euro area (moving concept in the Real Time database context) - HICP - Overall index - Annual growth rate,PCCH,0,Replace,2006-01-11T15:30:00.000+01:00,
RTD.M.S0.N.P_C_OV.A,M,S0,N,P_C_OV,A,2005-12,2.2,A,F,,,P1M,A,,,HICP.M.U2.N.000000.4D0.ANR,,,,,,"See <a class=""external"" href=""http://sdw.ecb.europa.eu/web/generator/docu/rtdb_docu.pdf""> notes</a>; block Monthly; series: AI",,1,,,HICP Inflation rate - Total - Annual rate of change,Euro area (moving concept in the Real Time database context) - HICP - Overall index - Annual growth rate,PCCH,0,Replace,2006-01-11T15:30:00.000+01:00,
RTD.M.S0.N.P_C_OV.A,M,S0,N,P_C_OV,A,2005-12,2.22412,A,F,,,P1M,A,,,HICP.M.U2.N.000000.4D0.ANR,,,,,,"See <a class=""external"" href=""http://sdw.ecb.europa.eu/web/generator/docu/rtdb_docu.pdf""> notes</a>; block Monthly; series: AI",,1,,,HICP Inflation rate - Total - Annual rate of change,Euro area (moving concept in the Real Time database context) - HICP - Overall index - Annual growth rate,PCCH,0,Replace,2006-02-01T15:30:00.000+01:00,
RTD.M.S0.N.P_C_OV.A,M,S0,N,P_C_OV,A,1991-01,3.90153,A,F,,,P1M,A,,,HICP.M.U2.N.000000.4D0.ANR,,,,,,"See <a class=""external"" href=""http://sdw.ecb.europa.eu/web/generator/docu/rtdb_docu.pdf""> notes</a>; block Monthly; series: AI",,1,,,HICP Inflation rate - Total - Annual rate of change,Euro area (moving concept in the Real Time database context) - HICP - Overall index - Annual growth rate,PCCH,0,Replace,2006-03-01T15:30:00.000+01:00,
RTD.M.S0.N.P_C_OV.A,M,S0,N,P_C_OV,A,1991-02,4.1314,A,F,,,P1M,A,,,HICP.M.U2.N.000000.4D0.ANR,,,,,,"See <a class=""external"" href=""http://sdw.ecb.europa.eu/web/generator/docu/rtdb_docu.pdf""> notes</a>; block Monthly; series: AI",,1,,,HICP Inflation rate - Total - Annual rate of change,Euro area (moving concept in the Real Time database context) - HICP - Overall index - Annual growth rate,PCCH,0,Replace,2006-03-01T15:30:00.000+01:00,
RTD.M.S0.N.P_C_OV.A,M,S0,N,P_C_OV,A,1991-03,3.87808,A,F,,,P1M,A,,,HICP.M.U2.N.000000.4D0.ANR,,,,,,"See <a class=""external"" href=""http://sdw.ecb.europa.eu/web/generator/docu/rtdb_docu.pdf""> notes</a>; block Monthly; series: AI",,1,,,HICP Inflation rate - Total - Annual rate of change,Euro area (moving concept in the Real Time database context) - HICP - Overall index - Annual growth rate,PCCH,0,Replace,2006-03-01T15:30:00.000+01:00,
RTD.M.S0.N.P_C_OV.A,M,S0,N,P_C_OV,A,1991-04,3.84944,A,F,,,P1M,A,,,HICP.M.U2.N.000000.4D0.ANR,,,,,,"See <a class=""external"" href=""http://sdw.ecb.europa.eu/web/generator/docu/rtdb_docu.pdf""> notes</a>; block Monthly; series: AI",,1,,,HICP Inflation rate - Total - Annual rate of change,Euro area (moving concept in the Real Time database context) - HICP - Overall index - Annual growth rate,PCCH,0,Replace,2006-03-01T15:30:00.000+01:00,
RTD.M.S0.N.P_C_OV.A,M,S0,N,P_C_OV,A,1991-05,4.09673,A,F,,,P1M,A,,,HICP.M.U2.N.000000.4D0.ANR,,,,,,"See <a class=""external"" href=""http://sdw.ecb.europa.eu/web/generator/docu/rtdb_docu.pdf""> notes</a>; block Monthly; series: AI",,1,,,HICP Inflation rate - Total - Annual rate of change,Euro area (moving concept in the Real Time database context) - HICP - Overall index - Annual growth rate,PCCH,0,Replace,2006-03-01T15:30:00.000+01:00,
RTD.M.S0.N.P_C_OV.A,M,S0,N,P_C_OV,A,1991-06,4.3188,A,F,,,P1M,A,,,HICP.M.U2.N.000000.4D0.ANR,,,,,,"See <a class=""external"" href=""http://sdw.ecb.europa.eu/web/generator/docu/rtdb_docu.pdf""> notes</a>; block Monthly; series: AI",,1,,,HICP Inflation rate - Total - Annual rate of change,Euro area (moving concept in the Real Time database context) - HICP - Overall index - Annual growth rate,PCCH,0,Replace,2006-03-01T15:30:00.000+01:00,
RTD.M.S0.N.P_C_OV.A,M,S0,N,P_C_OV,A,1991-07,5.04333,A,F,,,P1M,A,,,HICP.M.U2.N.000000.4D0.ANR,,,,,,"See <a class=""external"" href=""http://sdw.ecb.europa.eu/web/generator/docu/rtdb_docu.pdf""> notes</a>; block Monthly; series: AI",,1,,,HICP Inflation rate - Total - Annual rate of change,Euro area (moving concept in the Real Time database context) - HICP - Overall index - Annual growth rate,PCCH,0,Replace,2006-03-01T15:30:00.000+01:00,
RTD.M.S0.N.P_C_OV.A,M,S0,N,P_C_OV,A,1991-08,4.54738,A,F,,,P1M,A,,,HICP.M.U2.N.000000.4D0.ANR,,,,,,"See <a class=""external"" href=""http://sdw.ecb.europa.eu/web/generator/docu/rtdb_docu.pdf""> notes</a>; block Monthly; series: AI",,1,,,HICP Inflation rate - Total - Annual rate of change,Euro area (moving concept in the Real Time database context) - HICP - Overall index - Annual growth rate,PCCH,0,Replace,2006-03-01T15:30:00.000+01:00,
RTD.M.S0.N.P_C_OV.A,M,S0,N,P_C_OV,A,1991-09,3.91195,A,F,,,P1M,A,,,HICP.M.U2.N.000000.4D0.ANR,,,,,,"See <a class=""external"" href=""http://sdw.ecb.europa.eu/web/generator/docu/rtdb_docu.pdf""> notes</a>; block Monthly; series: AI",,1,,,HICP Inflation rate - Total - Annual rate of change,Euro area (moving concept in the Real Time database context) - HICP - Overall index - Annual growth rate,PCCH,0,Replace,2006-03-01T15:30:00.000+01:00,
RTD.M.S0.N.P_C_OV.A,M,S0,N,P_C_OV,A,1991-10,3.66602,A,F,,,P1M,A,,,HICP.M.U2.N.000000.4D0.ANR,,,,,,"See <a class=""external"" href=""http://sdw.ecb.europa.eu/web/generator/docu/rtdb_docu.pdf""> notes</a>; block Monthly; series: AI",,1,,,HICP Inflation rate - Total - Annual rate of change,Euro area (moving concept in the Real Time database context) - HICP - Overall index - Annual growth rate,PCCH,0,Replace,2006-03-01T15:30:00.000+01:00,
RTD.M.S0.N.P_C_OV.A,M,S0,N,P_C_OV,A,1991-11,4.12601,A,F,,,P1M,A,,,HICP.M.U2.N.000000.4D0.ANR,,,,,,"See <a class=""external"" href=""http://sdw.ecb.europa.eu/web/generator/docu/rtdb_docu.pdf""> notes</a>; block Monthly; series: AI",,1,,,HICP Inflation rate - Total - Annual rate of change,Euro area (moving concept in the Real Time database context) - HICP - Overall index - Annual growth rate,PCCH,0,Replace,2006-03-01T15:30:00.000+01:00,
RTD.M.S0.N.P_C_OV.A,M,S0,N,P_C_OV,A,1991-12,4.12601,A,F,,,P1M,A,,,HICP.M.U2.N.000000.4D0.ANR,,,,,,"See <a class=""external"" href=""http://sdw.ecb.europa.eu/web/generator/docu/rtdb_docu.pdf""> notes</a>; block Monthly; series: AI",,1,,,HICP Inflation rate - Total - Annual rate of change,Euro area (moving concept in the Real Time database context) - HICP - Overall index - Annual growth rate,PCCH,0,Replace,2006-03-01T15:30:00.000+01:00,
RTD.M.S0.N.P_C_OV.A,M,S0,N,P_C_OV,A,1992-01,3.86587,A,F,,,P1M,A,,,HICP.M.U2.N.000000.4D0.ANR,,,,,,"See <a class=""external"" href=""http://sdw.ecb.europa.eu/web/generator/docu/rtdb_docu.pdf""> notes</a>; block Monthly; series: AI",,1,,,HICP Inflation rate - Total - Annual rate of change,Euro area (moving concept in the Real Time database context) - HICP - Overall index - Annual growth rate,PCCH,0,Replace,2006-03-01T15:30:00.000+01:00,
RTD.M.S0.N.P_C_OV.A,M,S0,N,P_C_OV,A,1992-02,3.8435,A,F,,,P1M,A,,,HICP.M.U2.N.000000.4D0.ANR,,,,,,"See <a class=""external"" href=""http://sdw.ecb.europa.eu/web/generator/docu/rtdb_docu.pdf""> notes</a>; block Monthly; series: AI",,1,,,HICP Inflation rate - Total - Annual rate of change,Euro area (moving concept in the Real Time database context) - HICP - Overall index - Annual growth rate,PCCH,0,Replace,2006-03-01T15:30:00.000+01:00,
RTD.M.S0.N.P_C_OV.A,M,S0,N,P_C_OV,A,1992-03,4.31189,A,F,,,P1M,A,,,HICP.M.U2.N.000000.4D0.ANR,,,,,,"See <a class=""external"" href=""http://sdw.ecb.europa.eu/web/generator/docu/rtdb_docu.pdf""> notes</a>; block Monthly; series: AI",,1,,,HICP Inflation rate - Total - Annual rate of change,Euro area (moving concept in the Real Time database context) - HICP - Overall index - Annual growth rate,PCCH,0,Replace,2006-03-01T15:30:00.000+01:00,
RTD.M.S0.N.P_C_OV.A,M,S0,N,P_C_OV,A,1992-04,4.18726,A,F,,,P1M,A,,,HICP.M.U2.N.000000.4D0.ANR,,,,,,"See <a class=""external"" href=""http://sdw.ecb.europa.eu/web/generator/docu/rtdb_docu.pdf""> notes</a>; block Monthly; series: AI",,1,,,HICP Inflation rate - Total - Annual rate of change,Euro area (moving concept in the Real Time database context) - HICP - Overall index - Annual growth rate,PCCH,0,Replace,2006-03-01T15:30:00.000+01:00,
RTD.M.S0.N.P_C_OV.A,M,S0,N,P_C_OV,A,1992-05,4.04482,A,F,,,P1M,A,,,HICP.M.U2.N.000000.4D0.ANR,,,,,,"See <a class=""external"" href=""http://sdw.ecb.europa.eu/web/generator/docu/rtdb_docu.pdf""> notes</a>; block Monthly; series: AI",,1,,,HICP Inflation rate - Total - Annual rate of change,Euro area (moving concept in the Real Time database context) - HICP - Overall index - Annual growth rate,PCCH,0,Replace,2006-03-01T15:30:00.000+01:00,
RTD.M.S0.N.P_C_OV.A,M,S0,N,P_C_OV,A,1992-06,3.9221,A,F,,,P1M,A,,,HICP.M.U2.N.000000.4D0.ANR,,,,,,"See <a class=""external"" href=""http://sdw.ecb.europa.eu/web/generator/docu/rtdb_docu.pdf""> notes</a>; block Monthly; series: AI",,1,,,HICP Inflation rate - Total - Annual rate of change,Euro area (moving concept in the Real Time database context) - HICP - Overall index - Annual growth rate,PCCH,0,Replace,2006-03-01T15:30:00.000+01:00,
RTD.M.S0.N.P_C_OV.A,M,S0,N,P_C_OV,A,1992-07,3.32702,A,F,,,P1M,A,,,HICP.M.U2.N.000000.4D0.ANR,,,,,,"See <a class=""external"" href=""http://sdw.ecb.europa.eu/web/generator/docu/rtdb_docu.pdf""> notes</a>; block Monthly; series: AI",,1,,,HICP Inflation rate - Total - Annual rate of change,Euro area (moving concept in the Real Time database context) - HICP - Overall index - Annual growth rate,PCCH,0,Replace,2006-03-01T15:30:00.000+01:00,
RTD.M.S0.N.P_C_OV.A,M,S0,N,P_C_OV,A,1992-08,3.30947,A,F,,,P1M,A,,,HICP.M.U2.N.000000.4D0.ANR,,,,,,"See <a class=""external"" href=""http://sdw.ecb.europa.eu/web/generator/docu/rtdb_docu.pdf""> notes</a>; block Monthly; series: AI",,1,,,HICP Inflation rate - Total - Annual rate of change,Euro area (moving concept in the Real Time database context) - HICP - Overall index - Annual growth rate,PCCH,0,Replace,2006-03-01T15:30:00.000+01:00,
RTD.M.S0.N.P_C_OV.A,M,S0,N,P_C_OV,A,1992-09,3.31939,A,F,,,P1M,A,,,HICP.M.U2.N.000000.4D0.ANR,,,,,,"See <a class=""external"" href=""http://sdw.ecb.europa.eu/web/generator/docu/rtdb_docu.pdf""> notes</a>; block Monthly; series: AI",,1,,,HICP Inflation rate - Total - Annual rate of change,Euro area (moving concept in the Real Time database context) - HICP - Overall index - Annual growth rate,PCCH,0,Replace,2006-03-01T15:30:00.000+01:00,
RTD.M.S0.N.P_C_OV.A,M,S0,N,P_C_OV,A,1992-10,3.17332,A,F,,,P1M,A,,,HICP.M.U2.N.000000.4D0.ANR,,,,,,"See <a class=""external"" href=""http://sdw.ecb.europa.eu/web/generator/docu/rtdb_docu.pdf""> notes</a>; block Monthly; series: AI",,1,,,HICP Inflation rate - Total - Annual rate of change,Euro area (moving concept in the Real Time database context) - HICP - Overall index - Annual growth rate,PCCH,0,Replace,2006-03-01T15:30:00.000+01:00,
RTD.M.S0.N.P_C_OV.A,M,S0,N,P_C_OV,A,1992-11,3.0656,A,F,,,P1M,A,,,HICP.M.U2.N.000000.4D0.ANR,,,,,,"See <a class=""external"" href=""http://sdw.ecb.europa.eu/web/generator/docu/rtdb_docu.pdf""> notes</a>; block Monthly; series: AI",,1,,,HICP Inflation rate - Total - Annual rate of change,Euro area (moving concept in the Real Time database context) - HICP - Overall index - Annual growth rate,PCCH,0,Replace,2006-03-01T15:30:00.000+01:00,
RTD.M.S0.N.P_C_OV.A,M,S0,N,P_C_OV,A,1992-12,3.17269,A,F,,,P1M,A,,,HICP.M.U2.N.000000.4D0.ANR,,,,,,"See <a class=""external"" href=""http://sdw.ecb.europa.eu/web/generator/docu/rtdb_docu.pdf""> notes</a>; block Monthly; series: AI",,1,,,HICP Inflation rate - Total - Annual rate of change,Euro area (moving concept in the Real Time database context) - HICP - Overall index - Annual growth rate,PCCH,0,Replace,2006-03-01T15:30:00.000+01:00,
RTD.M.S0.N.P_C_OV.A,M,S0,N,P_C_OV,A,1993-01,3.38847,A,F,,,P1M,A,,,HICP.M.U2.N.000000.4D0.ANR,,,,,,"See <a class=""external"" href=""http://sdw.ecb.europa.eu/web/generator/docu/rtdb_docu.pdf""> notes</a>; block Monthly; series: AI",,1,,,HICP Inflation rate - Total - Annual rate of change,Euro area (moving concept in the Real Time database context) - HICP - Overall index - Annual growth rate,PCCH,0,Replace,2006-03-01T15:30:00.000+01:00,
RTD.M.S0.N.P_C_OV.A,M,S0,N,P_C_OV,A,1993-02,3.36959,A,F,,,P1M,A,,,HICP.M.U2.N.000000.4D0.ANR,,,,,,"See <a class=""external"" href=""http://sdw.ecb.europa.eu/web/generator/docu/rtdb_docu.pdf""> notes</a>; block Monthly; series: AI",,1,,,HICP Inflation rate - Total - Annual rate of change,Euro area (moving concept in the Real Time database context) - HICP - Overall index - Annual growth rate,PCCH,0,Replace,2006-03-01T15:30:00.000+01:00,
RTD.M.S0.N.P_C_OV.A,M,S0,N,P_C_OV,A,1993-03,3.2356,A,F,,,P1M,A,,,HICP.M.U2.N.000000.4D0.ANR,,,,,,"See <a class=""external"" href=""http://sdw.ecb.europa.eu/web/generator/docu/rtdb_docu.pdf""> notes</a>; block Monthly; series: AI",,1,,,HICP Inflation rate - Total - Annual rate of change,Euro area (moving concept in the Real Time database context) - HICP - Overall index - Annual growth rate,PCCH,0,Replace,2006-03-01T15:30:00.000+01:00,
RTD.M.S0.N.P_C_OV.A,M,S0,N,P_C_OV,A,1993-04,3.22836,A,F,,,P1M,A,,,HICP.M.U2.N.000000.4D0.ANR,,,,,,"See <a class=""external"" href=""http://sdw.ecb.europa.eu/web/generator/docu/rtdb_docu.pdf""> notes</a>; block Monthly; series: AI",,1,,,HICP Inflation rate - Total - Annual rate of change,Euro area (moving concept in the Real Time database context) - HICP - Overall index - Annual growth rate,PCCH,0,Replace,2006-03-01T15:30:00.000+01:00,
RTD.M.S0.N.P_C_OV.A,M,S0,N,P_C_OV,A,1993-05,3.11269,A,F,,,P1M,A,,,HICP.M.U2.N.000000.4D0.ANR,,,,,,"See <a class=""external"" href=""http://sdw.ecb.europa.eu/web/generator/docu/rtdb_docu.pdf""> notes</a>; block Monthly; series: AI",,1,,,HICP Inflation rate - Total - Annual rate of change,Euro area (moving concept in the Real Time database context) - HICP - Overall index - Annual growth rate,PCCH,0,Replace,2006-03-01T15:30:00.000+01:00,
RTD.M.S0.N.P_C_OV.A,M,S0,N,P_C_OV,A,1993-06,3.10575,A,F,,,P1M,A,,,HICP.M.U2.N.000000.4D0.ANR,,,,,,"See <a class=""external"" href=""http://sdw.ecb.europa.eu/web/generator/docu/rtdb_docu.pdf""> notes</a>; block Monthly; series: AI",,1,,,HICP Inflation rate - Total - Annual rate of change,Euro area (moving concept in the Real Time database context) - HICP - Overall index - Annual growth rate,PCCH,0,Replace,2006-03-01T15:30:00.000+01:00,
RTD.M.S0.N.P_C_OV.A,M,S0,N,P_C_OV,A,1993-07,3.31152,A,F,,,P1M,A,,,HICP.M.U2.N.000000.4D0.ANR,,,,,,"See <a class=""external"" href=""http://sdw.ecb.europa.eu/web/generator/docu/rtdb_docu.pdf""> notes</a>; block Monthly; series: AI",,1,,,HICP Inflation rate - Total - Annual rate of change,Euro area (moving concept in the Real Time database context) - HICP - Overall index - Annual growth rate,PCCH,0,Replace,2006-03-01T15:30:00.000+01:00,
RTD.M.S0.N.P_C_OV.A,M,S0,N,P_C_OV,A,1993-08,3.32113,A,F,,,P1M,A,,,HICP.M.U2.N.000000.4D0.ANR,,,,,,"See <a class=""external"" href=""http://sdw.ecb.europa.eu/web/generator/docu/rtdb_docu.pdf""> notes</a>; block Monthly; series: AI",,1,,,HICP Inflation rate - Total - Annual rate of change,Euro area (moving concept in the Real Time database context) - HICP - Overall index - Annual growth rate,PCCH,0,Replace,2006-03-01T15:30:00.000+01:00,
RTD.M.S0.N.P_C_OV.A,M,S0,N,P_C_OV,A,1993-09,3.30417,A,F,,,P1M,A,,,HICP.M.U2.N.000000.4D0.ANR,,,,,,"See <a class=""external"" href=""http://sdw.ecb.europa.eu/web/generator/docu/rtdb_docu.pdf""> notes</a>; block Monthly; series: AI",,1,,,HICP Inflation rate - Total - Annual rate of change,Euro area (moving concept in the Real Time database context) - HICP - Overall index - Annual growth rate,PCCH,0,Replace,2006-03-01T15:30:00.000+01:00,
RTD.M.S0.N.P_C_OV.A,M,S0,N,P_C_OV,A,1993-10,3.31031,A,F,,,P1M,A,,,HICP.M.U2.N.000000.4D0.ANR,,,,,,"See <a class=""external"" href=""http://sdw.ecb.europa.eu/web/generator/docu/rtdb_docu.pdf""> notes</a>; block Monthly; series: AI",,1,,,HICP Inflation rate - Total - Annual rate of change,Euro area (moving concept in the Real Time database context) - HICP - Overall index - Annual growth rate,PCCH,0,Replace,2006-03-01T15:30:00.000+01:00,
RTD.M.S0.N.P_C_OV.A,M,S0,N,P_C_OV,A,1993-11,3.18223,A,F,,,P1M,A,,,HICP.M.U2.N.000000.4D0.ANR,,,,,,"See <a class=""external"" href=""http://sdw.ecb.europa.eu/web/generator/docu/rtdb_docu.pdf""> notes</a>; block Monthly; series: AI",,1,,,HICP Inflation rate - Total - Annual rate of change,Euro area (moving concept in the Real Time database context) - HICP - Overall index - Annual growth rate,PCCH,0,Replace,2006-03-01T15:30:00.000+01:00,
RTD.M.S0.N.P_C_OV.A,M,S0,N,P_C_OV,A,1993-12,3.1919,A,F,,,P1M,A,,,HICP.M.U2.N.000000.4D0.ANR,,,,,,"See <a class=""external"" href=""http://sdw.ecb.europa.eu/web/generator/docu/rtdb_docu.pdf""> notes</a>; block Monthly; series: AI",,1,,,HICP Inflation rate - Total - Annual rate of change,Euro area (moving concept in the Real Time database context) - HICP - Overall index - Annual growth rate,PCCH,0,Replace,2006-03-01T15:30:00.000+01:00,
RTD.M.S0.N.P_C_OV.A,M,S0,N,P_C_OV,A,1994-01,2.94194,A,F,,,P1M,A,,,HICP.M.U2.N.000000.4D0.ANR,,,,,,"See <a class=""external"" href=""http://sdw.ecb.europa.eu/web/generator/docu/rtdb_docu.pdf""> notes</a>; block Monthly; series: AI",,1,,,HICP Inflation rate - Total - Annual rate of change,Euro area (moving concept in the Real Time database context) - HICP - Overall index - Annual growth rate,PCCH,0,Replace,2006-03-01T15:30:00.000+01:00,
RTD.M.S0.N.P_C_OV.A,M,S0,N,P_C_OV,A,1994-02,2.92608,A,F,,,P1M,A,,,HICP.M.U2.N.000000.4D0.ANR,,,,,,"See <a class=""external"" href=""http://sdw.ecb.europa.eu/web/generator/docu/rtdb_docu.pdf""> notes</a>; block Monthly; series: AI",,1,,,HICP Inflation rate - Total - Annual rate of change,Euro area (moving concept in the Real Time database context) - HICP - Overall index - Annual growth rate,PCCH,0,Replace,2006-03-01T15:30:00.000+01:00,
RTD.M.S0.N.P_C_OV.A,M,S0,N,P_C_OV,A,1994-03,2.81438,A,F,,,P1M,A,,,HICP.M.U2.N.000000.4D0.ANR,,,,,,"See <a class=""external"" href=""http://sdw.ecb.europa.eu/web/generator/docu/rtdb_docu.pdf""> notes</a>; block Monthly; series: AI",,1,,,HICP Inflation rate - Total - Annual rate of change,Euro area (moving concept in the Real Time database context) - HICP - Overall index - Annual growth rate,PCCH,0,Replace,2006-03-01T15:30:00.000+01:00,
RTD.M.S0.N.P_C_OV.A,M,S0,N,P_C_OV,A,1994-04,2.70615,A,F,,,P1M,A,,,HICP.M.U2.N.000000.4D0.ANR,,,,,,"See <a class=""external"" href=""http://sdw.ecb.europa.eu/web/generator/docu/rtdb_docu.pdf""> notes</a>; block Monthly; series: AI",,1,,,HICP Inflation rate - Total - Annual rate of change,Euro area (moving concept in the Real Time database context) - HICP - Overall index - Annual growth rate,PCCH,0,Replace,2006-03-01T15:30:00.000+01:00,
RTD.M.S0.N.P_C_OV.A,M,S0,N,P_C_OV,A,1994-05,2.80219,A,F,,,P1M,A,,,HICP.M.U2.N.000000.4D0.ANR,,,,,,"See <a class=""external"" href=""http://sdw.ecb.europa.eu/web/generator/docu/rtdb_docu.pdf""> notes</a>; block Monthly; series: AI",,1,,,HICP Inflation rate - Total - Annual rate of change,Euro area (moving concept in the Real Time database context) - HICP - Overall index - Annual growth rate,PCCH,0,Replace,2006-03-01T15:30:00.000+01:00,
RTD.M.S0.N.P_C_OV.A,M,S0,N,P_C_OV,A,1994-06,2.69446,A,F,,,P1M,A,,,HICP.M.U2.N.000000.4D0.ANR,,,,,,"See <a class=""external"" href=""http://sdw.ecb.europa.eu/web/generator/docu/rtdb_docu.pdf""> notes</a>; block Monthly; series: AI",,1,,,HICP Inflation rate - Total - Annual rate of change,Euro area (moving concept in the Real Time database context) - HICP - Overall index - Annual growth rate,PCCH,0,Replace,2006-03-01T15:30:00.000+01:00,
RTD.M.S0.N.P_C_OV.A,M,S0,N,P_C_OV,A,1994-07,2.5719,A,F,,,P1M,A,,,HICP.M.U2.N.000000.4D0.ANR,,,,,,"See <a class=""external"" href=""http://sdw.ecb.europa.eu/web/generator/docu/rtdb_docu.pdf""> notes</a>; block Monthly; series: AI",,1,,,HICP Inflation rate - Total - Annual rate of change,Euro area (moving concept in the Real Time database context) - HICP - Overall index - Annual growth rate,PCCH,0,Replace,2006-03-01T15:30:00.000+01:00,
RTD.M.S0.N.P_C_OV.A,M,S0,N,P_C_OV,A,1994-08,2.67021,A,F,,,P1M,A,,,HICP.M.U2.N.000000.4D0.ANR,,,,,,"See <a class=""external"" href=""http://sdw.ecb.europa.eu/web/generator/docu/rtdb_docu.pdf""> notes</a>; block Monthly; series: AI",,1,,,HICP Inflation rate - Total - Annual rate of change,Euro area (moving concept in the Real Time database context) - HICP - Overall index - Annual growth rate,PCCH,0,Replace,2006-03-01T15:30:00.000+01:00,
RTD.M.S0.N.P_C_OV.A,M,S0,N,P_C_OV,A,1994-09,2.68015,A,F,,,P1M,A,,,HICP.M.U2.N.000000.4D0.ANR,,,,,,"See <a class=""external"" href=""http://sdw.ecb.europa.eu/web/generator/docu/rtdb_docu.pdf""> notes</a>; block Monthly; series: AI",,1,,,HICP Inflation rate - Total - Annual rate of change,Euro area (moving concept in the Real Time database context) - HICP - Overall index - Annual growth rate,PCCH,0,Replace,2006-03-01T15:30:00.000+01:00,
RTD.M.S0.N.P_C_OV.A,M,S0,N,P_C_OV,A,1994-10,2.56087,A,F,,,P1M,A,,,HICP.M.U2.N.000000.4D0.ANR,,,,,,"See <a class=""external"" href=""http://sdw.ecb.europa.eu/web/generator/docu/rtdb_docu.pdf""> notes</a>; block Monthly; series: AI",,1,,,HICP Inflation rate - Total - Annual rate of change,Euro area (moving concept in the Real Time database context) - HICP - Overall index - Annual growth rate,PCCH,0,Replace,2006-03-01T15:30:00.000+01:00,
RTD.M.S0.N.P_C_OV.A,M,S0,N,P_C_OV,A,1994-11,2.45468,A,F,,,P1M,A,,,HICP.M.U2.N.000000.4D0.ANR,,,,,,"See <a class=""external"" href=""http://sdw.ecb.europa.eu/web/generator/docu/rtdb_docu.pdf""> notes</a>; block Monthly; series: AI",,1,,,HICP Inflation rate - Total - Annual rate of change,Euro area (moving concept in the Real Time database context) - HICP - Overall index - Annual growth rate,PCCH,0,Replace,2006-03-01T15:30:00.000+01:00,
RTD.M.S0.N.P_C_OV.A,M,S0,N,P_C_OV,A,1994-12,2.5525,A,F,,,P1M,A,,,HICP.M.U2.N.000000.4D0.ANR,,,,,,"See <a class=""external"" href=""http://sdw.ecb.europa.eu/web/generator/docu/rtdb_docu.pdf""> notes</a>; block Monthly; series: AI",,1,,,HICP Inflation rate - Total - Annual rate of change,Euro area (moving concept in the Real Time database context) - HICP - Overall index - Annual growth rate,PCCH,0,Replace,2006-03-01T15:30:00.000+01:00,
RTD.M.S0.N.P_C_OV.A,M,S0,N,P_C_OV,A,1995-01,2.44422,A,F,,,P1M,A,,,HICP.M.U2.N.000000.4D0.ANR,,,,,,"See <a class=""external"" href=""http://sdw.ecb.europa.eu/web/generator/docu/rtdb_docu.pdf""> notes</a>; block Monthly; series: AI",,1,,,HICP Inflation rate - Total - Annual rate of change,Euro area (moving concept in the Real Time database context) - HICP - Overall index - Annual growth rate,PCCH,0,Replace,2006-03-01T15:30:00.000+01:00,
RTD.M.S0.N.P_C_OV.A,M,S0,N,P_C_OV,A,1995-02,2.43142,A,F,,,P1M,A,,,HICP.M.U2.N.000000.4D0.ANR,,,,,,"See <a class=""external"" href=""http://sdw.ecb.europa.eu/web/generator/docu/rtdb_docu.pdf""> notes</a>; block Monthly; series: AI",,1,,,HICP Inflation rate - Total - Annual rate of change,Euro area (moving concept in the Real Time database context) - HICP - Overall index - Annual growth rate,PCCH,0,Replace,2006-03-01T15:30:00.000+01:00,
RTD.M.S0.N.P_C_OV.A,M,S0,N,P_C_OV,A,1995-03,2.52582,A,F,,,P1M,A,,,HICP.M.U2.N.000000.4D0.ANR,,,,,,"See <a class=""external"" href=""http://sdw.ecb.europa.eu/web/generator/docu/rtdb_docu.pdf""> notes</a>; block Monthly; series: AI",,1,,,HICP Inflation rate - Total - Annual rate of change,Euro area (moving concept in the Real Time database context) - HICP - Overall index - Annual growth rate,PCCH,0,Replace,2006-03-01T15:30:00.000+01:00,
RTD.M.S0.N.P_C_OV.A,M,S0,N,P_C_OV,A,1995-04,2.62242,A,F,,,P1M,A,,,HICP.M.U2.N.000000.4D0.ANR,,,,,,"See <a class=""external"" href=""http://sdw.ecb.europa.eu/web/generator/docu/rtdb_docu.pdf""> notes</a>; block Monthly; series: AI",,1,,,HICP Inflation rate - Total - Annual rate of change,Euro area (moving concept in the Real Time database context) - HICP - Overall index - Annual growth rate,PCCH,0,Replace,2006-03-01T15:30:00.000+01:00,
RTD.M.S0.N.P_C_OV.A,M,S0,N,P_C_OV,A,1995-05,2.41606,A,F,,,P1M,A,,,HICP.M.U2.N.000000.4D0.ANR,,,,,,"See <a class=""external"" href=""http://sdw.ecb.europa.eu/web/generator/docu/rtdb_docu.pdf""> notes</a>; block Monthly; series: AI",,1,,,HICP Inflation rate - Total - Annual rate of change,Euro area (moving concept in the Real Time database context) - HICP - Overall index - Annual growth rate,PCCH,0,Replace,2006-03-01T15:30:00.000+01:00,
RTD.M.S0.N.P_C_OV.A,M,S0,N,P_C_OV,A,1995-06,2.61139,A,F,,,P1M,A,,,HICP.M.U2.N.000000.4D0.ANR,,,,,,"See <a class=""external"" href=""http://sdw.ecb.europa.eu/web/generator/docu/rtdb_docu.pdf""> notes</a>; block Monthly; series: AI",,1,,,HICP Inflation rate - Total - Annual rate of change,Euro area (moving concept in the Real Time database context) - HICP - Overall index - Annual growth rate,PCCH,0,Replace,2006-03-01T15:30:00.000+01:00,
RTD.M.S0.N.P_C_OV.A,M,S0,N,P_C_OV,A,1995-07,2.4086,A,F,,,P1M,A,,,HICP.M.U2.N.000000.4D0.ANR,,,,,,"See <a class=""external"" href=""http://sdw.ecb.europa.eu/web/generator/docu/rtdb_docu.pdf""> notes</a>; block Monthly; series: AI",,1,,,HICP Inflation rate - Total - Annual rate of change,Euro area (moving concept in the Real Time database context) - HICP - Overall index - Annual growth rate,PCCH,0,Replace,2006-03-01T15:30:00.000+01:00,
RTD.M.S0.N.P_C_OV.A,M,S0,N,P_C_OV,A,1995-08,2.29262,A,F,,,P1M,A,,,HICP.M.U2.N.000000.4D0.ANR,,,,,,"See <a class=""external"" href=""http://sdw.ecb.europa.eu/web/generator/docu/rtdb_docu.pdf""> notes</a>; block Monthly; series: AI",,1,,,HICP Inflation rate - Total - Annual rate of change,Euro area (moving concept in the Real Time database context) - HICP - Overall index - Annual growth rate,PCCH,0,Replace,2006-03-01T15:30:00.000+01:00,
RTD.M.S0.N.P_C_OV.A,M,S0,N,P_C_OV,A,1995-09,2.38857,A,F,,,P1M,A,,,HICP.M.U2.N.000000.4D0.ANR,,,,,,"See <a class=""external"" href=""http://sdw.ecb.europa.eu/web/generator/docu/rtdb_docu.pdf""> notes</a>; block Monthly; series: AI",,1,,,HICP Inflation rate - Total - Annual rate of change,Euro area (moving concept in the Real Time database context) - HICP - Overall index - Annual growth rate,PCCH,0,Replace,2006-03-01T15:30:00.000+01:00,
RTD.M.S0.N.P_C_OV.A,M,S0,N,P_C_OV,A,1995-10,2.39852,A,F,,,P1M,A,,,HICP.M.U2.N.000000.4D0.ANR,,,,,,"See <a class=""external"" href=""http://sdw.ecb.europa.eu/web/generator/docu/rtdb_docu.pdf""> notes</a>; block Monthly; series: AI",,1,,,HICP Inflation rate - Total - Annual rate of change,Euro area (moving concept in the Real Time database context) - HICP - Overall index - Annual growth rate,PCCH,0,Replace,2006-03-01T15:30:00.000+01:00,
RTD.M.S0.N.P_C_OV.A,M,S0,N,P_C_OV,A,1995-11,2.38359,A,F,,,P1M,A,,,HICP.M.U2.N.000000.4D0.ANR,,,,,,"See <a class=""external"" href=""http://sdw.ecb.europa.eu/web/generator/docu/rtdb_docu.pdf""> notes</a>; block Monthly; series: AI",,1,,,HICP Inflation rate - Total - Annual rate of change,Euro area (moving concept in the Real Time database context) - HICP - Overall index - Annual growth rate,PCCH,0,Replace,2006-03-01T15:30:00.000+01:00,
RTD.M.S0.N.P_C_OV.A,M,S0,N,P_C_OV,A,1995-12,2.37862,A,F,,,P1M,A,,,HICP.M.U2.N.000000.4D0.ANR,,,,,,"See <a class=""external"" href=""http://sdw.ecb.europa.eu/web/generator/docu/rtdb_docu.pdf""> notes</a>; block Monthly; series: AI",,1,,,HICP Inflation rate - Total - Annual rate of change,Euro area (moving concept in the Real Time database context) - HICP - Overall index - Annual growth rate,PCCH,0,Replace,2006-03-01T15:30:00.000+01:00,
RTD.M.S0.N.P_C_OV.A,M,S0,N,P_C_OV,A,1996-01,2.37367,A,F,,,P1M,A,,,HICP.M.U2.N.000000.4D0.ANR,,,,,,"See <a class=""external"" href=""http://sdw.ecb.europa.eu/web/generator/docu/rtdb_docu.pdf""> notes</a>; block Monthly; series: AI",,1,,,HICP Inflation rate - Total - Annual rate of change,Euro area (moving concept in the Real Time database context) - HICP - Overall index - Annual growth rate,PCCH,0,Replace,2006-03-01T15:30:00.000+01:00,
RTD.M.S0.N.P_C_OV.A,M,S0,N,P_C_OV,A,1996-02,2.36153,A,F,,,P1M,A,,,HICP.M.U2.N.000000.4D0.ANR,,,,,,"See <a class=""external"" href=""http://sdw.ecb.europa.eu/web/generator/docu/rtdb_docu.pdf""> notes</a>; block Monthly; series: AI",,1,,,HICP Inflation rate - Total - Annual rate of change,Euro area (moving concept in the Real Time database context) - HICP - Overall index - Annual growth rate,PCCH,0,Replace,2006-03-01T15:30:00.000+01:00,
RTD.M.S0.N.P_C_OV.A,M,S0,N,P_C_OV,A,1996-03,2.3665,A,F,,,P1M,A,,,HICP.M.U2.N.000000.4D0.ANR,,,,,,"See <a class=""external"" href=""http://sdw.ecb.europa.eu/web/generator/docu/rtdb_docu.pdf""> notes</a>; block Monthly; series: AI",,1,,,HICP Inflation rate - Total - Annual rate of change,Euro area (moving concept in the Real Time database context) - HICP - Overall index - Annual growth rate,PCCH,0,Replace,2006-03-01T15:30:00.000+01:00,
RTD.M.S0.N.P_C_OV.A,M,S0,N,P_C_OV,A,1996-04,2.36163,A,F,,,P1M,A,,,HICP.M.U2.N.000000.4D0.ANR,,,,,,"See <a class=""external"" href=""http://sdw.ecb.europa.eu/web/generator/docu/rtdb_docu.pdf""> notes</a>; block Monthly; series: AI",,1,,,HICP Inflation rate - Total - Annual rate of change,Euro area (moving concept in the Real Time database context) - HICP - Overall index - Annual growth rate,PCCH,0,Replace,2006-03-01T15:30:00.000+01:00,
RTD.M.S0.N.P_C_OV.A,M,S0,N,P_C_OV,A,1996-05,2.45584,A,F,,,P1M,A,,,HICP.M.U2.N.000000.4D0.ANR,,,,,,"See <a class=""external"" href=""http://sdw.ecb.europa.eu/web/generator/docu/rtdb_docu.pdf""> notes</a>; block Monthly; series: AI",,1,,,HICP Inflation rate - Total - Annual rate of change,Euro area (moving concept in the Real Time database context) - HICP - Overall index - Annual growth rate,PCCH,0,Replace,2006-03-01T15:30:00.000+01:00,
RTD.M.S0.N.P_C_OV.A,M,S0,N,P_C_OV,A,1996-06,2.14691,A,F,,,P1M,A,,,HICP.M.U2.N.000000.4D0.ANR,,,,,,"See <a class=""external"" href=""http://sdw.ecb.europa.eu/web/generator/docu/rtdb_docu.pdf""> notes</a>; block Monthly; series: AI",,1,,,HICP Inflation rate - Total - Annual rate of change,Euro area (moving concept in the Real Time database context) - HICP - Overall index - Annual growth rate,PCCH,0,Replace,2006-03-01T15:30:00.000+01:00,
RTD.M.S0.N.P_C_OV.A,M,S0,N,P_C_OV,A,1996-07,2.14691,A,F,,,P1M,A,,,HICP.M.U2.N.000000.4D0.ANR,,,,,,"See <a class=""external"" href=""http://sdw.ecb.europa.eu/web/generator/docu/rtdb_docu.pdf""> notes</a>; block Monthly; series: AI",,1,,,HICP Inflation rate - Total - Annual rate of change,Euro area (moving concept in the Real Time database context) - HICP - Overall index - Annual growth rate,PCCH,0,Replace,2006-03-01T15:30:00.000+01:00,
RTD.M.S0.N.P_C_OV.A,M,S0,N,P_C_OV,A,1996-08,2.04844,A,F,,,P1M,A,,,HICP.M.U2.N.000000.4D0.ANR,,,,,,"See <a class=""external"" href=""http://sdw.ecb.europa.eu/web/generator/docu/rtdb_docu.pdf""> notes</a>; block Monthly; series: AI",,1,,,HICP Inflation rate - Total - Annual rate of change,Euro area (moving concept in the Real Time database context) - HICP - Overall index - Annual growth rate,PCCH,0,Replace,2006-03-01T15:30:00.000+01:00,
RTD.M.S0.N.P_C_OV.A,M,S0,N,P_C_OV,A,1996-09,2.04425,A,F,,,P1M,A,,,HICP.M.U2.N.000000.4D0.ANR,,,,,,"See <a class=""external"" href=""http://sdw.ecb.europa.eu/web/generator/docu/rtdb_docu.pdf""> notes</a>; block Monthly; series: AI",,1,,,HICP Inflation rate - Total - Annual rate of change,Euro area (moving concept in the Real Time database context) - HICP - Overall index - Annual growth rate,PCCH,0,Replace,2006-03-01T15:30:00.000+01:00,
RTD.M.S0.N.P_C_OV.A,M,S0,N,P_C_OV,A,1996-10,2.03003,A,F,,,P1M,A,,,HICP.M.U2.N.000000.4D0.ANR,,,,,,"See <a class=""external"" href=""http://sdw.ecb.europa.eu/web/generator/docu/rtdb_docu.pdf""> notes</a>; block Monthly; series: AI",,1,,,HICP Inflation rate - Total - Annual rate of change,Euro area (moving concept in the Real Time database context) - HICP - Overall index - Annual growth rate,PCCH,0,Replace,2006-03-01T15:30:00.000+01:00,
RTD.M.S0.N.P_C_OV.A,M,S0,N,P_C_OV,A,1996-11,1.93208,A,F,,,P1M,A,,,HICP.M.U2.N.000000.4D0.ANR,,,,,,"See <a class=""external"" href=""http://sdw.ecb.europa.eu/web/generator/docu/rtdb_docu.pdf""> notes</a>; block Monthly; series: AI",,1,,,HICP Inflation rate - Total - Annual rate of change,Euro area (moving concept in the Real Time database context) - HICP - Overall index - Annual growth rate,PCCH,0,Replace,2006-03-01T15:30:00.000+01:00,
RTD.M.S0.N.P_C_OV.A,M,S0,N,P_C_OV,A,1996-12,1.92814,A,F,,,P1M,A,,,HICP.M.U2.N.000000.4D0.ANR,,,,,,"See <a class=""external"" href=""http://sdw.ecb.europa.eu/web/generator/docu/rtdb_docu.pdf""> notes</a>; block Monthly; series: AI",,1,,,HICP Inflation rate - Total - Annual rate of change,Euro area (moving concept in the Real Time database context) - HICP - Overall index - Annual growth rate,PCCH,0,Replace,2006-03-01T15:30:00.000+01:00,
RTD.M.S0.N.P_C_OV.A,M,S0,N,P_C_OV,A,1997-01,2.01984,A,F,,,P1M,A,,,HICP.M.U2.N.000000.4D0.ANR,,,,,,"See <a class=""external"" href=""http://sdw.ecb.europa.eu/web/generator/docu/rtdb_docu.pdf""> notes</a>; block Monthly; series: AI",,1,,,HICP Inflation rate - Total - Annual rate of change,Euro area (moving concept in the Real Time database context) - HICP - Overall index - Annual growth rate,PCCH,0,Replace,2006-03-01T15:30:00.000+01:00,
RTD.M.S0.N.P_C_OV.A,M,S0,N,P_C_OV,A,1997-02,1.81948,A,F,,,P1M,A,,,HICP.M.U2.N.000000.4D0.ANR,,,,,,"See <a class=""external"" href=""http://sdw.ecb.europa.eu/web/generator/docu/rtdb_docu.pdf""> notes</a>; block Monthly; series: AI",,1,,,HICP Inflation rate - Total - Annual rate of change,Euro area (moving concept in the Real Time database context) - HICP - Overall index - Annual growth rate,PCCH,0,Replace,2006-03-01T15:30:00.000+01:00,
RTD.M.S0.N.P_C_OV.A,M,S0,N,P_C_OV,A,1997-03,1.60047,A,F,,,P1M,A,,,HICP.M.U2.N.000000.4D0.ANR,,,,,,"See <a class=""external"" href=""http://sdw.ecb.europa.eu/web/generator/docu/rtdb_docu.pdf""> notes</a>; block Monthly; series: AI",,1,,,HICP Inflation rate - Total - Annual rate of change,Euro area (moving concept in the Real Time database context) - HICP - Overall index - Annual growth rate,PCCH,0,Replace,2006-03-01T15:30:00.000+01:00,
RTD.M.S0.N.P_C_OV.A,M,S0,N,P_C_OV,A,1997-04,1.30147,A,F,,,P1M,A,,,HICP.M.U2.N.000000.4D0.ANR,,,,,,"See <a class=""external"" href=""http://sdw.ecb.europa.eu/web/generator/docu/rtdb_docu.pdf""> notes</a>; block Monthly; series: AI",,1,,,HICP Inflation rate - Total - Annual rate of change,Euro area (moving concept in the Real Time database context) - HICP - Overall index - Annual growth rate,PCCH,0,Replace,2006-03-01T15:30:00.000+01:00,
RTD.M.S0.N.P_C_OV.A,M,S0,N,P_C_OV,A,1997-05,1.39332,A,F,,,P1M,A,,,HICP.M.U2.N.000000.4D0.ANR,,,,,,"See <a class=""external"" href=""http://sdw.ecb.europa.eu/web/generator/docu/rtdb_docu.pdf""> notes</a>; block Monthly; series: AI",,1,,,HICP Inflation rate - Total - Annual rate of change,Euro area (moving concept in the Real Time database context) - HICP - Overall index - Annual growth rate,PCCH,0,Replace,2006-03-01T15:30:00.000+01:00,
RTD.M.S0.N.P_C_OV.A,M,S0,N,P_C_OV,A,1997-06,1.39332,A,F,,,P1M,A,,,HICP.M.U2.N.000000.4D0.ANR,,,,,,"See <a class=""external"" href=""http://sdw.ecb.europa.eu/web/generator/docu/rtdb_docu.pdf""> notes</a>; block Monthly; series: AI",,1,,,HICP Inflation rate - Total - Annual rate of change,Euro area (moving concept in the Real Time database context) - HICP - Overall index - Annual growth rate,PCCH,0,Replace,2006-03-01T15:30:00.000+01:00,
RTD.M.S0.N.P_C_OV.A,M,S0,N,P_C_OV,A,1997-07,1.49959,A,F,,,P1M,A,,,HICP.M.U2.N.000000.4D0.ANR,,,,,,"See <a class=""external"" href=""http://sdw.ecb.europa.eu/web/generator/docu/rtdb_docu.pdf""> notes</a>; block Monthly; series: AI",,1,,,HICP Inflation rate - Total - Annual rate of change,Euro area (moving concept in the Real Time database context) - HICP - Overall index - Annual growth rate,PCCH,0,Replace,2006-03-01T15:30:00.000+01:00,
RTD.M.S0.N.P_C_OV.A,M,S0,N,P_C_OV,A,1997-08,1.70032,A,F,,,P1M,A,,,HICP.M.U2.N.000000.4D0.ANR,,,,,,"See <a class=""external"" href=""http://sdw.ecb.europa.eu/web/generator/docu/rtdb_docu.pdf""> notes</a>; block Monthly; series: AI",,1,,,HICP Inflation rate - Total - Annual rate of change,Euro area (moving concept in the Real Time database context) - HICP - Overall index - Annual growth rate,PCCH,0,Replace,2006-03-01T15:30:00.000+01:00,
RTD.M.S0.N.P_C_OV.A,M,S0,N,P_C_OV,A,1997-09,1.59086,A,F,,,P1M,A,,,HICP.M.U2.N.000000.4D0.ANR,,,,,,"See <a class=""external"" href=""http://sdw.ecb.europa.eu/web/generator/docu/rtdb_docu.pdf""> notes</a>; block Monthly; series: AI",,1,,,HICP Inflation rate - Total - Annual rate of change,Euro area (moving concept in the Real Time database context) - HICP - Overall index - Annual growth rate,PCCH,0,Replace,2006-03-01T15:30:00.000+01:00,
RTD.M.S0.N.P_C_OV.A,M,S0,N,P_C_OV,A,1997-10,1.49517,A,F,,,P1M,A,,,HICP.M.U2.N.000000.4D0.ANR,,,,,,"See <a class=""external"" href=""http://sdw.ecb.europa.eu/web/generator/docu/rtdb_docu.pdf""> notes</a>; block Monthly; series: AI",,1,,,HICP Inflation rate - Total - Annual rate of change,Euro area (moving concept in the Real Time database context) - HICP - Overall index - Annual growth rate,PCCH,0,Replace,2006-03-01T15:30:00.000+01:00,
RTD.M.S0.N.P_C_OV.A,M,S0,N,P_C_OV,A,1997-11,1.58936,A,F,,,P1M,A,,,HICP.M.U2.N.000000.4D0.ANR,,,,,,"See <a class=""external"" href=""http://sdw.ecb.europa.eu/web/generator/docu/rtdb_docu.pdf""> notes</a>; block Monthly; series: AI",,1,,,HICP Inflation rate - Total - Annual rate of change,Euro area (moving concept in the Real Time database context) - HICP - Overall index - Annual growth rate,PCCH,0,Replace,2006-03-01T15:30:00.000+01:00,
RTD.M.S0.N.P_C_OV.A,M,S0,N,P_C_OV,A,1997-12,1.49219,A,F,,,P1M,A,,,HICP.M.U2.N.000000.4D0.ANR,,,,,,"See <a class=""external"" href=""http://sdw.ecb.europa.eu/web/generator/docu/rtdb_docu.pdf""> notes</a>; block Monthly; series: AI",,1,,,HICP Inflation rate - Total - Annual rate of change,Euro area (moving concept in the Real Time database context) - HICP - Overall index - Annual growth rate,PCCH,0,Replace,2006-03-01T15:30:00.000+01:00,
RTD.M.S0.N.P_C_OV.A,M,S0,N,P_C_OV,A,1998-01,1.0895,A,F,,,P1M,A,,,HICP.M.U2.N.000000.4D0.ANR,,,,,,"See <a class=""external"" href=""http://sdw.ecb.europa.eu/web/generator/docu/rtdb_docu.pdf""> notes</a>; block Monthly; series: AI",,1,,,HICP Inflation rate - Total - Annual rate of change,Euro area (moving concept in the Real Time database context) - HICP - Overall index - Annual growth rate,PCCH,0,Replace,2006-03-01T15:30:00.000+01:00,
RTD.M.S0.N.P_C_OV.A,M,S0,N,P_C_OV,A,1998-02,1.08619,A,F,,,P1M,A,,,HICP.M.U2.N.000000.4D0.ANR,,,,,,"See <a class=""external"" href=""http://sdw.ecb.europa.eu/web/generator/docu/rtdb_docu.pdf""> notes</a>; block Monthly; series: AI",,1,,,HICP Inflation rate - Total - Annual rate of change,Euro area (moving concept in the Real Time database context) - HICP - Overall index - Annual growth rate,PCCH,0,Replace,2006-03-01T15:30:00.000+01:00,
RTD.M.S0.N.P_C_OV.A,M,S0,N,P_C_OV,A,1998-03,1.08518,A,F,,,P1M,A,,,HICP.M.U2.N.000000.4D0.ANR,,,,,,"See <a class=""external"" href=""http://sdw.ecb.europa.eu/web/generator/docu/rtdb_docu.pdf""> notes</a>; block Monthly; series: AI",,1,,,HICP Inflation rate - Total - Annual rate of change,Euro area (moving concept in the Real Time database context) - HICP - Overall index - Annual growth rate,PCCH,0,Replace,2006-03-01T15:30:00.000+01:00,
RTD.M.S0.N.P_C_OV.A,M,S0,N,P_C_OV,A,1998-04,1.37818,A,F,,,P1M,A,,,HICP.M.U2.N.000000.4D0.ANR,,,,,,"See <a class=""external"" href=""http://sdw.ecb.europa.eu/web/generator/docu/rtdb_docu.pdf""> notes</a>; block Monthly; series: AI",,1,,,HICP Inflation rate - Total - Annual rate of change,Euro area (moving concept in the Real Time database context) - HICP - Overall index - Annual growth rate,PCCH,0,Replace,2006-03-01T15:30:00.000+01:00,
RTD.M.S0.N.P_C_OV.A,M,S0,N,P_C_OV,A,1998-05,1.28101,A,F,,,P1M,A,,,HICP.M.U2.N.000000.4D0.ANR,,,,,,"See <a class=""external"" href=""http://sdw.ecb.europa.eu/web/generator/docu/rtdb_docu.pdf""> notes</a>; block Monthly; series: AI",,1,,,HICP Inflation rate - Total - Annual rate of change,Euro area (moving concept in the Real Time database context) - HICP - Overall index - Annual growth rate,PCCH,0,Replace,2006-03-01T15:30:00.000+01:00,
RTD.M.S0.N.P_C_OV.A,M,S0,N,P_C_OV,A,1998-06,1.38582,A,F,,,P1M,A,,,HICP.M.U2.N.000000.4D0.ANR,,,,,,"See <a class=""external"" href=""http://sdw.ecb.europa.eu/web/generator/docu/rtdb_docu.pdf""> notes</a>; block Monthly; series: AI",,1,,,HICP Inflation rate - Total - Annual rate of change,Euro area (moving concept in the Real Time database context) - HICP - Overall index - Annual growth rate,PCCH,0,Replace,2006-03-01T15:30:00.000+01:00,
RTD.M.S0.N.P_C_OV.A,M,S0,N,P_C_OV,A,1998-07,1.27966,A,F,,,P1M,A,,,HICP.M.U2.N.000000.4D0.ANR,,,,,,"See <a class=""external"" href=""http://sdw.ecb.europa.eu/web/generator/docu/rtdb_docu.pdf""> notes</a>; block Monthly; series: AI",,1,,,HICP Inflation rate - Total - Annual rate of change,Euro area (moving concept in the Real Time database context) - HICP - Overall index - Annual growth rate,PCCH,0,Replace,2006-03-01T15:30:00.000+01:00,
RTD.M.S0.N.P_C_OV.A,M,S0,N,P_C_OV,A,1998-08,1.07976,A,F,,,P1M,A,,,HICP.M.U2.N.000000.4D0.ANR,,,,,,"See <a class=""external"" href=""http://sdw.ecb.europa.eu/web/generator/docu/rtdb_docu.pdf""> notes</a>; block Monthly; series: AI",,1,,,HICP Inflation rate - Total - Annual rate of change,Euro area (moving concept in the Real Time database context) - HICP - Overall index - Annual growth rate,PCCH,0,Replace,2006-03-01T15:30:00.000+01:00,
RTD.M.S0.N.P_C_OV.A,M,S0,N,P_C_OV,A,1998-09,0.98596,A,F,,,P1M,A,,,HICP.M.U2.N.000000.4D0.ANR,,,,,,"See <a class=""external"" href=""http://sdw.ecb.europa.eu/web/generator/docu/rtdb_docu.pdf""> notes</a>; block Monthly; series: AI",,1,,,HICP Inflation rate - Total - Annual rate of change,Euro area (moving concept in the Real Time database context) - HICP - Overall index - Annual growth rate,PCCH,0,Replace,2006-03-01T15:30:00.000+01:00,
RTD.M.S0.N.P_C_OV.A,M,S0,N,P_C_OV,A,1998-10,0.88157,A,F,,,P1M,A,,,HICP.M.U2.N.000000.4D0.ANR,,,,,,"See <a class=""external"" href=""http://sdw.ecb.europa.eu/web/generator/docu/rtdb_docu.pdf""> notes</a>; block Monthly; series: AI",,1,,,HICP Inflation rate - Total - Annual rate of change,Euro area (moving concept in the Real Time database context) - HICP - Overall index - Annual growth rate,PCCH,0,Replace,2006-03-01T15:30:00.000+01:00,
RTD.M.S0.N.P_C_OV.A,M,S0,N,P_C_OV,A,1998-11,0.78804,A,F,,,P1M,A,,,HICP.M.U2.N.000000.4D0.ANR,,,,,,"See <a class=""external"" href=""http://sdw.ecb.europa.eu/web/generator/docu/rtdb_docu.pdf""> notes</a>; block Monthly; series: AI",,1,,,HICP Inflation rate - Total - Annual rate of change,Euro area (moving concept in the Real Time database context) - HICP - Overall index - Annual growth rate,PCCH,0,Replace,2006-03-01T15:30:00.000+01:00,
RTD.M.S0.N.P_C_OV.A,M,S0,N,P_C_OV,A,1998-12,0.78722,A,F,,,P1M,A,,,HICP.M.U2.N.000000.4D0.ANR,,,,,,"See <a class=""external"" href=""http://sdw.ecb.europa.eu/web/generator/docu/rtdb_docu.pdf""> notes</a>; block Monthly; series: AI",,1,,,HICP Inflation rate - Total - Annual rate of change,Euro area (moving concept in the Real Time database context) - HICP - Overall index - Annual growth rate,PCCH,0,Replace,2006-03-01T15:30:00.000+01:00,
RTD.M.S0.N.P_C_OV.A,M,S0,N,P_C_OV,A,1999-01,0.78804,A,F,,,P1M,A,,,HICP.M.U2.N.000000.4D0.ANR,,,,,,"See <a class=""external"" href=""http://sdw.ecb.europa.eu/web/generator/docu/rtdb_docu.pdf""> notes</a>; block Monthly; series: AI",,1,,,HICP Inflation rate - Total - Annual rate of change,Euro area (moving concept in the Real Time database context) - HICP - Overall index - Annual growth rate,PCCH,0,Replace,2006-03-01T15:30:00.000+01:00,
RTD.M.S0.N.P_C_OV.A,M,S0,N,P_C_OV,A,1999-02,0.78567,A,F,,,P1M,A,,,HICP.M.U2.N.000000.4D0.ANR,,,,,,"See <a class=""external"" href=""http://sdw.ecb.europa.eu/web/generator/docu/rtdb_docu.pdf""> notes</a>; block Monthly; series: AI",,1,,,HICP Inflation rate - Total - Annual rate of change,Euro area (moving concept in the Real Time database context) - HICP - Overall index - Annual growth rate,PCCH,0,Replace,2006-03-01T15:30:00.000+01:00,
RTD.M.S0.N.P_C_OV.A,M,S0,N,P_C_OV,A,1999-03,0.98118,A,F,,,P1M,A,,,HICP.M.U2.N.000000.4D0.ANR,,,,,,"See <a class=""external"" href=""http://sdw.ecb.europa.eu/web/generator/docu/rtdb_docu.pdf""> notes</a>; block Monthly; series: AI",,1,,,HICP Inflation rate - Total - Annual rate of change,Euro area (moving concept in the Real Time database context) - HICP - Overall index - Annual growth rate,PCCH,0,Replace,2006-03-01T15:30:00.000+01:00,
RTD.M.S0.N.P_C_OV.A,M,S0,N,P_C_OV,A,1999-04,1.07143,A,F,,,P1M,A,,,HICP.M.U2.N.000000.4D0.ANR,,,,,,"See <a class=""external"" href=""http://sdw.ecb.europa.eu/web/generator/docu/rtdb_docu.pdf""> notes</a>; block Monthly; series: AI",,1,,,HICP Inflation rate - Total - Annual rate of change,Euro area (moving concept in the Real Time database context) - HICP - Overall index - Annual growth rate,PCCH,0,Replace,2006-03-01T15:30:00.000+01:00,
RTD.M.S0.N.P_C_OV.A,M,S0,N,P_C_OV,A,1999-05,0.97735,A,F,,,P1M,A,,,HICP.M.U2.N.000000.4D0.ANR,,,,,,"See <a class=""external"" href=""http://sdw.ecb.europa.eu/web/generator/docu/rtdb_docu.pdf""> notes</a>; block Monthly; series: AI",,1,,,HICP Inflation rate - Total - Annual rate of change,Euro area (moving concept in the Real Time database context) - HICP - Overall index - Annual growth rate,PCCH,0,Replace,2006-03-01T15:30:00.000+01:00,
RTD.M.S0.N.P_C_OV.A,M,S0,N,P_C_OV,A,1999-06,0.87296,A,F,,,P1M,A,,,HICP.M.U2.N.000000.4D0.ANR,,,,,,"See <a class=""external"" href=""http://sdw.ecb.europa.eu/web/generator/docu/rtdb_docu.pdf""> notes</a>; block Monthly; series: AI",,1,,,HICP Inflation rate - Total - Annual rate of change,Euro area (moving concept in the Real Time database context) - HICP - Overall index - Annual growth rate,PCCH,0,Replace,2006-03-01T15:30:00.000+01:00,
RTD.M.S0.N.P_C_OV.A,M,S0,N,P_C_OV,A,1999-07,1.06823,A,F,,,P1M,A,,,HICP.M.U2.N.000000.4D0.ANR,,,,,,"See <a class=""external"" href=""http://sdw.ecb.europa.eu/web/generator/docu/rtdb_docu.pdf""> notes</a>; block Monthly; series: AI",,1,,,HICP Inflation rate - Total - Annual rate of change,Euro area (moving concept in the Real Time database context) - HICP - Overall index - Annual growth rate,PCCH,0,Replace,2006-03-01T15:30:00.000+01:00,
RTD.M.S0.N.P_C_OV.A,M,S0,N,P_C_OV,A,1999-08,1.16012,A,F,,,P1M,A,,,HICP.M.U2.N.000000.4D0.ANR,,,,,,"See <a class=""external"" href=""http://sdw.ecb.europa.eu/web/generator/docu/rtdb_docu.pdf""> notes</a>; block Monthly; series: AI",,1,,,HICP Inflation rate - Total - Annual rate of change,Euro area (moving concept in the Real Time database context) - HICP - Overall index - Annual growth rate,PCCH,0,Replace,2006-03-01T15:30:00.000+01:00,
RTD.M.S0.N.P_C_OV.A,M,S0,N,P_C_OV,A,1999-09,1.16012,A,F,,,P1M,A,,,HICP.M.U2.N.000000.4D0.ANR,,,,,,"See <a class=""external"" href=""http://sdw.ecb.europa.eu/web/generator/docu/rtdb_docu.pdf""> notes</a>; block Monthly; series: AI",,1,,,HICP Inflation rate - Total - Annual rate of change,Euro area (moving concept in the Real Time database context) - HICP - Overall index - Annual growth rate,PCCH,0,Replace,2006-03-01T15:30:00.000+01:00,
RTD.M.S0.N.P_C_OV.A,M,S0,N,P_C_OV,A,1999-10,1.36829,A,F,,,P1M,A,,,HICP.M.U2.N.000000.4D0.ANR,,,,,,"See <a class=""external"" href=""http://sdw.ecb.europa.eu/web/generator/docu/rtdb_docu.pdf""> notes</a>; block Monthly; series: AI",,1,,,HICP Inflation rate - Total - Annual rate of change,Euro area (moving concept in the Real Time database context) - HICP - Overall index - Annual growth rate,PCCH,0,Replace,2006-03-01T15:30:00.000+01:00,
RTD.M.S0.N.P_C_OV.A,M,S0,N,P_C_OV,A,1999-11,1.46027,A,F,,,P1M,A,,,HICP.M.U2.N.000000.4D0.ANR,,,,,,"See <a class=""external"" href=""http://sdw.ecb.europa.eu/web/generator/docu/rtdb_docu.pdf""> notes</a>; block Monthly; series: AI",,1,,,HICP Inflation rate - Total - Annual rate of change,Euro area (moving concept in the Real Time database context) - HICP - Overall index - Annual growth rate,PCCH,0,Replace,2006-03-01T15:30:00.000+01:00,
RTD.M.S0.N.P_C_OV.A,M,S0,N,P_C_OV,A,1999-12,1.74592,A,F,,,P1M,A,,,HICP.M.U2.N.000000.4D0.ANR,,,,,,"See <a class=""external"" href=""http://sdw.ecb.europa.eu/web/generator/docu/rtdb_docu.pdf""> notes</a>; block Monthly; series: AI",,1,,,HICP Inflation rate - Total - Annual rate of change,Euro area (moving concept in the Real Time database context) - HICP - Overall index - Annual growth rate,PCCH,0,Replace,2006-03-01T15:30:00.000+01:00,
RTD.M.S0.N.P_C_OV.A,M,S0,N,P_C_OV,A,2000-01,1.85121,A,F,,,P1M,A,,,HICP.M.U2.N.000000.4D0.ANR,,,,,,"See <a class=""external"" href=""http://sdw.ecb.europa.eu/web/generator/docu/rtdb_docu.pdf""> notes</a>; block Monthly; series: AI",,1,,,HICP Inflation rate - Total - Annual rate of change,Euro area (moving concept in the Real Time database context) - HICP - Overall index - Annual growth rate,PCCH,0,Replace,2006-03-01T15:30:00.000+01:00,
RTD.M.S0.N.P_C_OV.A,M,S0,N,P_C_OV,A,2000-02,1.93741,A,F,,,P1M,A,,,HICP.M.U2.N.000000.4D0.ANR,,,,,,"See <a class=""external"" href=""http://sdw.ecb.europa.eu/web/generator/docu/rtdb_docu.pdf""> notes</a>; block Monthly; series: AI",,1,,,HICP Inflation rate - Total - Annual rate of change,Euro area (moving concept in the Real Time database context) - HICP - Overall index - Annual growth rate,PCCH,0,Replace,2006-03-01T15:30:00.000+01:00,
RTD.M.S0.N.P_C_OV.A,M,S0,N,P_C_OV,A,2000-03,1.93187,A,F,,,P1M,A,,,HICP.M.U2.N.000000.4D0.ANR,,,,,,"See <a class=""external"" href=""http://sdw.ecb.europa.eu/web/generator/docu/rtdb_docu.pdf""> notes</a>; block Monthly; series: AI",,1,,,HICP Inflation rate - Total - Annual rate of change,Euro area (moving concept in the Real Time database context) - HICP - Overall index - Annual growth rate,PCCH,0,Replace,2006-03-01T15:30:00.000+01:00,
RTD.M.S0.N.P_C_OV.A,M,S0,N,P_C_OV,A,2000-04,1.74399,A,F,,,P1M,A,,,HICP.M.U2.N.000000.4D0.ANR,,,,,,"See <a class=""external"" href=""http://sdw.ecb.europa.eu/web/generator/docu/rtdb_docu.pdf""> notes</a>; block Monthly; series: AI",,1,,,HICP Inflation rate - Total - Annual rate of change,Euro area (moving concept in the Real Time database context) - HICP - Overall index - Annual growth rate,PCCH,0,Replace,2006-03-01T15:30:00.000+01:00,
RTD.M.S0.N.P_C_OV.A,M,S0,N,P_C_OV,A,2000-05,1.73081,A,F,,,P1M,A,,,HICP.M.U2.N.000000.4D0.ANR,,,,,,"See <a class=""external"" href=""http://sdw.ecb.europa.eu/web/generator/docu/rtdb_docu.pdf""> notes</a>; block Monthly; series: AI",,1,,,HICP Inflation rate - Total - Annual rate of change,Euro area (moving concept in the Real Time database context) - HICP - Overall index - Annual growth rate,PCCH,0,Replace,2006-03-01T15:30:00.000+01:00,
RTD.M.S0.N.P_C_OV.A,M,S0,N,P_C_OV,A,2000-06,2.11797,A,F,,,P1M,A,,,HICP.M.U2.N.000000.4D0.ANR,,,,,,"See <a class=""external"" href=""http://sdw.ecb.europa.eu/web/generator/docu/rtdb_docu.pdf""> notes</a>; block Monthly; series: AI",,1,,,HICP Inflation rate - Total - Annual rate of change,Euro area (moving concept in the Real Time database context) - HICP - Overall index - Annual growth rate,PCCH,0,Replace,2006-03-01T15:30:00.000+01:00,
RTD.M.S0.N.P_C_OV.A,M,S0,N,P_C_OV,A,2000-07,2.01159,A,F,,,P1M,A,,,HICP.M.U2.N.000000.4D0.ANR,,,,,,"See <a class=""external"" href=""http://sdw.ecb.europa.eu/web/generator/docu/rtdb_docu.pdf""> notes</a>; block Monthly; series: AI",,1,,,HICP Inflation rate - Total - Annual rate of change,Euro area (moving concept in the Real Time database context) - HICP - Overall index - Annual growth rate,PCCH,0,Replace,2006-03-01T15:30:00.000+01:00,
RTD.M.S0.N.P_C_OV.A,M,S0,N,P_C_OV,A,2000-08,2.02112,A,F,,,P1M,A,,,HICP.M.U2.N.000000.4D0.ANR,,,,,,"See <a class=""external"" href=""http://sdw.ecb.europa.eu/web/generator/docu/rtdb_docu.pdf""> notes</a>; block Monthly; series: AI",,1,,,HICP Inflation rate - Total - Annual rate of change,Euro area (moving concept in the Real Time database context) - HICP - Overall index - Annual growth rate,PCCH,0,Replace,2006-03-01T15:30:00.000+01:00,
RTD.M.S0.N.P_C_OV.A,M,S0,N,P_C_OV,A,2000-09,2.49801,A,F,,,P1M,A,,,HICP.M.U2.N.000000.4D0.ANR,,,,,,"See <a class=""external"" href=""http://sdw.ecb.europa.eu/web/generator/docu/rtdb_docu.pdf""> notes</a>; block Monthly; series: AI",,1,,,HICP Inflation rate - Total - Annual rate of change,Euro area (moving concept in the Real Time database context) - HICP - Overall index - Annual growth rate,PCCH,0,Replace,2006-03-01T15:30:00.000+01:00,
RTD.M.S0.N.P_C_OV.A,M,S0,N,P_C_OV,A,2000-10,2.39338,A,F,,,P1M,A,,,HICP.M.U2.N.000000.4D0.ANR,,,,,,"See <a class=""external"" href=""http://sdw.ecb.europa.eu/web/generator/docu/rtdb_docu.pdf""> notes</a>; block Monthly; series: AI",,1,,,HICP Inflation rate - Total - Annual rate of change,Euro area (moving concept in the Real Time database context) - HICP - Overall index - Annual growth rate,PCCH,0,Replace,2006-03-01T15:30:00.000+01:00,
RTD.M.S0.N.P_C_OV.A,M,S0,N,P_C_OV,A,2000-11,2.4932,A,F,,,P1M,A,,,HICP.M.U2.N.000000.4D0.ANR,,,,,,"See <a class=""external"" href=""http://sdw.ecb.europa.eu/web/generator/docu/rtdb_docu.pdf""> notes</a>; block Monthly; series: AI",,1,,,HICP Inflation rate - Total - Annual rate of change,Euro area (moving concept in the Real Time database context) - HICP - Overall index - Annual growth rate,PCCH,0,Replace,2006-03-01T15:30:00.000+01:00,
RTD.M.S0.N.P_C_OV.A,M,S0,N,P_C_OV,A,2000-12,2.48363,A,F,,,P1M,A,,,HICP.M.U2.N.000000.4D0.ANR,,,,,,"See <a class=""external"" href=""http://sdw.ecb.europa.eu/web/generator/docu/rtdb_docu.pdf""> notes</a>; block Monthly; series: AI",,1,,,HICP Inflation rate - Total - Annual rate of change,Euro area (moving concept in the Real Time database context) - HICP - Overall index - Annual growth rate,PCCH,0,Replace,2006-03-01T15:30:00.000+01:00,
RTD.M.S0.N.P_C_OV.A,M,S0,N,P_C_OV,A,2001-01,2.00948,A,F,,,P1M,A,,,HICP.M.U2.N.000000.4D0.ANR,,,,,,"See <a class=""external"" href=""http://sdw.ecb.europa.eu/web/generator/docu/rtdb_docu.pdf""> notes</a>; block Monthly; series: AI",,1,,,HICP Inflation rate - Total - Annual rate of change,Euro area (moving concept in the Real Time database context) - HICP - Overall index - Annual growth rate,PCCH,0,Replace,2006-03-01T15:30:00.000+01:00,
RTD.M.S0.N.P_C_OV.A,M,S0,N,P_C_OV,A,2001-02,1.90058,A,F,,,P1M,A,,,HICP.M.U2.N.000000.4D0.ANR,,,,,,"See <a class=""external"" href=""http://sdw.ecb.europa.eu/web/generator/docu/rtdb_docu.pdf""> notes</a>; block Monthly; series: AI",,1,,,HICP Inflation rate - Total - Annual rate of change,Euro area (moving concept in the Real Time database context) - HICP - Overall index - Annual growth rate,PCCH,0,Replace,2006-03-01T15:30:00.000+01:00,
RTD.M.S0.N.P_C_OV.A,M,S0,N,P_C_OV,A,2001-03,2.18683,A,F,,,P1M,A,,,HICP.M.U2.N.000000.4D0.ANR,,,,,,"See <a class=""external"" href=""http://sdw.ecb.europa.eu/web/generator/docu/rtdb_docu.pdf""> notes</a>; block Monthly; series: AI",,1,,,HICP Inflation rate - Total - Annual rate of change,Euro area (moving concept in the Real Time database context) - HICP - Overall index - Annual growth rate,PCCH,0,Replace,2006-03-01T15:30:00.000+01:00,
RTD.M.S0.N.P_C_OV.A,M,S0,N,P_C_OV,A,2001-04,2.74479,A,F,,,P1M,A,,,HICP.M.U2.N.000000.4D0.ANR,,,,,,"See <a class=""external"" href=""http://sdw.ecb.europa.eu/web/generator/docu/rtdb_docu.pdf""> notes</a>; block Monthly; series: AI",,1,,,HICP Inflation rate - Total - Annual rate of change,Euro area (moving concept in the Real Time database context) - HICP - Overall index - Annual growth rate,PCCH,0,Replace,2006-03-01T15:30:00.000+01:00,
RTD.M.S0.N.P_C_OV.A,M,S0,N,P_C_OV,A,2001-05,3.1229,A,F,,,P1M,A,,,HICP.M.U2.N.000000.4D0.ANR,,,,,,"See <a class=""external"" href=""http://sdw.ecb.europa.eu/web/generator/docu/rtdb_docu.pdf""> notes</a>; block Monthly; series: AI",,1,,,HICP Inflation rate - Total - Annual rate of change,Euro area (moving concept in the Real Time database context) - HICP - Overall index - Annual growth rate,PCCH,0,Replace,2006-03-01T15:30:00.000+01:00,
RTD.M.S0.N.P_C_OV.A,M,S0,N,P_C_OV,A,2001-06,2.83229,A,F,,,P1M,A,,,HICP.M.U2.N.000000.4D0.ANR,,,,,,"See <a class=""external"" href=""http://sdw.ecb.europa.eu/web/generator/docu/rtdb_docu.pdf""> notes</a>; block Monthly; series: AI",,1,,,HICP Inflation rate - Total - Annual rate of change,Euro area (moving concept in the Real Time database context) - HICP - Overall index - Annual growth rate,PCCH,0,Replace,2006-03-01T15:30:00.000+01:00,
RTD.M.S0.N.P_C_OV.A,M,S0,N,P_C_OV,A,2001-07,2.55125,A,F,,,P1M,A,,,HICP.M.U2.N.000000.4D0.ANR,,,,,,"See <a class=""external"" href=""http://sdw.ecb.europa.eu/web/generator/docu/rtdb_docu.pdf""> notes</a>; block Monthly; series: AI",,1,,,HICP Inflation rate - Total - Annual rate of change,Euro area (moving concept in the Real Time database context) - HICP - Overall index - Annual growth rate,PCCH,0,Replace,2006-03-01T15:30:00.000+01:00,
RTD.M.S0.N.P_C_OV.A,M,S0,N,P_C_OV,A,2001-08,2.34836,A,F,,,P1M,A,,,HICP.M.U2.N.000000.4D0.ANR,,,,,,"See <a class=""external"" href=""http://sdw.ecb.europa.eu/web/generator/docu/rtdb_docu.pdf""> notes</a>; block Monthly; series: AI",,1,,,HICP Inflation rate - Total - Annual rate of change,Euro area (moving concept in the Real Time database context) - HICP - Overall index - Annual growth rate,PCCH,0,Replace,2006-03-01T15:30:00.000+01:00,
RTD.M.S0.N.P_C_OV.A,M,S0,N,P_C_OV,A,2001-09,2.16019,A,F,,,P1M,A,,,HICP.M.U2.N.000000.4D0.ANR,,,,,,"See <a class=""external"" href=""http://sdw.ecb.europa.eu/web/generator/docu/rtdb_docu.pdf""> notes</a>; block Monthly; series: AI",,1,,,HICP Inflation rate - Total - Annual rate of change,Euro area (moving concept in the Real Time database context) - HICP - Overall index - Annual growth rate,PCCH,0,Replace,2006-03-01T15:30:00.000+01:00,
RTD.M.S0.N.P_C_OV.A,M,S0,N,P_C_OV,A,2001-10,2.24881,A,F,,,P1M,A,,,HICP.M.U2.N.000000.4D0.ANR,,,,,,"See <a class=""external"" href=""http://sdw.ecb.europa.eu/web/generator/docu/rtdb_docu.pdf""> notes</a>; block Monthly; series: AI",,1,,,HICP Inflation rate - Total - Annual rate of change,Euro area (moving concept in the Real Time database context) - HICP - Overall index - Annual growth rate,PCCH,0,Replace,2006-03-01T15:30:00.000+01:00,
RTD.M.S0.N.P_C_OV.A,M,S0,N,P_C_OV,A,2001-11,1.96816,A,F,,,P1M,A,,,HICP.M.U2.N.000000.4D0.ANR,,,,,,"See <a class=""external"" href=""http://sdw.ecb.europa.eu/web/generator/docu/rtdb_docu.pdf""> notes</a>; block Monthly; series: AI",,1,,,HICP Inflation rate - Total - Annual rate of change,Euro area (moving concept in the Real Time database context) - HICP - Overall index - Annual growth rate,PCCH,0,Replace,2006-03-01T15:30:00.000+01:00,
RTD.M.S0.N.P_C_OV.A,M,S0,N,P_C_OV,A,2001-12,2.04891,A,F,,,P1M,A,,,HICP.M.U2.N.000000.4D0.ANR,,,,,,"See <a class=""external"" href=""http://sdw.ecb.europa.eu/web/generator/docu/rtdb_docu.pdf""> notes</a>; block Monthly; series: AI",,1,,,HICP Inflation rate - Total - Annual rate of change,Euro area (moving concept in the Real Time database context) - HICP - Overall index - Annual growth rate,PCCH,0,Replace,2006-03-01T15:30:00.000+01:00,
RTD.M.S0.N.P_C_OV.A,M,S0,N,P_C_OV,A,2002-01,2.61178,A,F,,,P1M,A,,,HICP.M.U2.N.000000.4D0.ANR,,,,,,"See <a class=""external"" href=""http://sdw.ecb.europa.eu/web/generator/docu/rtdb_docu.pdf""> notes</a>; block Monthly; series: AI",,1,,,HICP Inflation rate - Total - Annual rate of change,Euro area (moving concept in the Real Time database context) - HICP - Overall index - Annual growth rate,PCCH,0,Replace,2006-03-01T15:30:00.000+01:00,
RTD.M.S0.N.P_C_OV.A,M,S0,N,P_C_OV,A,2002-02,2.51628,A,F,,,P1M,A,,,HICP.M.U2.N.000000.4D0.ANR,,,,,,"See <a class=""external"" href=""http://sdw.ecb.europa.eu/web/generator/docu/rtdb_docu.pdf""> notes</a>; block Monthly; series: AI",,1,,,HICP Inflation rate - Total - Annual rate of change,Euro area (moving concept in the Real Time database context) - HICP - Overall index - Annual growth rate,PCCH,0,Replace,2006-03-01T15:30:00.000+01:00,
RTD.M.S0.N.P_C_OV.A,M,S0,N,P_C_OV,A,2002-03,2.50219,A,F,,,P1M,A,,,HICP.M.U2.N.000000.4D0.ANR,,,,,,"See <a class=""external"" href=""http://sdw.ecb.europa.eu/web/generator/docu/rtdb_docu.pdf""> notes</a>; block Monthly; series: AI",,1,,,HICP Inflation rate - Total - Annual rate of change,Euro area (moving concept in the Real Time database context) - HICP - Overall index - Annual growth rate,PCCH,0,Replace,2006-03-01T15:30:00.000+01:00,
RTD.M.S0.N.P_C_OV.A,M,S0,N,P_C_OV,A,2002-04,2.30073,A,F,,,P1M,A,,,HICP.M.U2.N.000000.4D0.ANR,,,,,,"See <a class=""external"" href=""http://sdw.ecb.europa.eu/web/generator/docu/rtdb_docu.pdf""> notes</a>; block Monthly; series: AI",,1,,,HICP Inflation rate - Total - Annual rate of change,Euro area (moving concept in the Real Time database context) - HICP - Overall index - Annual growth rate,PCCH,0,Replace,2006-03-01T15:30:00.000+01:00,
RTD.M.S0.N.P_C_OV.A,M,S0,N,P_C_OV,A,2002-05,2.01889,A,F,,,P1M,A,,,HICP.M.U2.N.000000.4D0.ANR,,,,,,"See <a class=""external"" href=""http://sdw.ecb.europa.eu/web/generator/docu/rtdb_docu.pdf""> notes</a>; block Monthly; series: AI",,1,,,HICP Inflation rate - Total - Annual rate of change,Euro area (moving concept in the Real Time database context) - HICP - Overall index - Annual growth rate,PCCH,0,Replace,2006-03-01T15:30:00.000+01:00,
RTD.M.S0.N.P_C_OV.A,M,S0,N,P_C_OV,A,2002-06,1.91932,A,F,,,P1M,A,,,HICP.M.U2.N.000000.4D0.ANR,,,,,,"See <a class=""external"" href=""http://sdw.ecb.europa.eu/web/generator/docu/rtdb_docu.pdf""> notes</a>; block Monthly; series: AI",,1,,,HICP Inflation rate - Total - Annual rate of change,Euro area (moving concept in the Real Time database context) - HICP - Overall index - Annual growth rate,PCCH,0,Replace,2006-03-01T15:30:00.000+01:00,
RTD.M.S0.N.P_C_OV.A,M,S0,N,P_C_OV,A,2002-07,2.02064,A,F,,,P1M,A,,,HICP.M.U2.N.000000.4D0.ANR,,,,,,"See <a class=""external"" href=""http://sdw.ecb.europa.eu/web/generator/docu/rtdb_docu.pdf""> notes</a>; block Monthly; series: AI",,1,,,HICP Inflation rate - Total - Annual rate of change,Euro area (moving concept in the Real Time database context) - HICP - Overall index - Annual growth rate,PCCH,0,Replace,2006-03-01T15:30:00.000+01:00,
RTD.M.S0.N.P_C_OV.A,M,S0,N,P_C_OV,A,2002-08,2.12049,A,F,,,P1M,A,,,HICP.M.U2.N.000000.4D0.ANR,,,,,,"See <a class=""external"" href=""http://sdw.ecb.europa.eu/web/generator/docu/rtdb_docu.pdf""> notes</a>; block Monthly; series: AI",,1,,,HICP Inflation rate - Total - Annual rate of change,Euro area (moving concept in the Real Time database context) - HICP - Overall index - Annual growth rate,PCCH,0,Replace,2006-03-01T15:30:00.000+01:00,
RTD.M.S0.N.P_C_OV.A,M,S0,N,P_C_OV,A,2002-09,2.10367,A,F,,,P1M,A,,,HICP.M.U2.N.000000.4D0.ANR,,,,,,"See <a class=""external"" href=""http://sdw.ecb.europa.eu/web/generator/docu/rtdb_docu.pdf""> notes</a>; block Monthly; series: AI",,1,,,HICP Inflation rate - Total - Annual rate of change,Euro area (moving concept in the Real Time database context) - HICP - Overall index - Annual growth rate,PCCH,0,Replace,2006-03-01T15:30:00.000+01:00,
RTD.M.S0.N.P_C_OV.A,M,S0,N,P_C_OV,A,2002-10,2.29686,A,F,,,P1M,A,,,HICP.M.U2.N.000000.4D0.ANR,,,,,,"See <a class=""external"" href=""http://sdw.ecb.europa.eu/web/generator/docu/rtdb_docu.pdf""> notes</a>; block Monthly; series: AI",,1,,,HICP Inflation rate - Total - Annual rate of change,Euro area (moving concept in the Real Time database context) - HICP - Overall index - Annual growth rate,PCCH,0,Replace,2006-03-01T15:30:00.000+01:00,
RTD.M.S0.N.P_C_OV.A,M,S0,N,P_C_OV,A,2002-11,2.28801,A,F,,,P1M,A,,,HICP.M.U2.N.000000.4D0.ANR,,,,,,"See <a class=""external"" href=""http://sdw.ecb.europa.eu/web/generator/docu/rtdb_docu.pdf""> notes</a>; block Monthly; series: AI",,1,,,HICP Inflation rate - Total - Annual rate of change,Euro area (moving concept in the Real Time database context) - HICP - Overall index - Annual growth rate,PCCH,0,Replace,2006-03-01T15:30:00.000+01:00,
RTD.M.S0.N.P_C_OV.A,M,S0,N,P_C_OV,A,2002-12,2.27763,A,F,,,P1M,A,,,HICP.M.U2.N.000000.4D0.ANR,,,,,,"See <a class=""external"" href=""http://sdw.ecb.europa.eu/web/generator/docu/rtdb_docu.pdf""> notes</a>; block Monthly; series: AI",,1,,,HICP Inflation rate - Total - Annual rate of change,Euro area (moving concept in the Real Time database context) - HICP - Overall index - Annual growth rate,PCCH,0,Replace,2006-03-01T15:30:00.000+01:00,
RTD.M.S0.N.P_C_OV.A,M,S0,N,P_C_OV,A,2003-01,2.10311,A,F,,,P1M,A,,,HICP.M.U2.N.000000.4D0.ANR,,,,,,"See <a class=""external"" href=""http://sdw.ecb.europa.eu/web/generator/docu/rtdb_docu.pdf""> notes</a>; block Monthly; series: AI",,1,,,HICP Inflation rate - Total - Annual rate of change,Euro area (moving concept in the Real Time database context) - HICP - Overall index - Annual growth rate,PCCH,0,Replace,2006-03-01T15:30:00.000+01:00,
RTD.M.S0.N.P_C_OV.A,M,S0,N,P_C_OV,A,2003-02,2.36839,A,F,,,P1M,A,,,HICP.M.U2.N.000000.4D0.ANR,,,,,,"See <a class=""external"" href=""http://sdw.ecb.europa.eu/web/generator/docu/rtdb_docu.pdf""> notes</a>; block Monthly; series: AI",,1,,,HICP Inflation rate - Total - Annual rate of change,Euro area (moving concept in the Real Time database context) - HICP - Overall index - Annual growth rate,PCCH,0,Replace,2006-03-01T15:30:00.000+01:00,
RTD.M.S0.N.P_C_OV.A,M,S0,N,P_C_OV,A,2003-03,2.45182,A,F,,,P1M,A,,,HICP.M.U2.N.000000.4D0.ANR,,,,,,"See <a class=""external"" href=""http://sdw.ecb.europa.eu/web/generator/docu/rtdb_docu.pdf""> notes</a>; block Monthly; series: AI",,1,,,HICP Inflation rate - Total - Annual rate of change,Euro area (moving concept in the Real Time database context) - HICP - Overall index - Annual growth rate,PCCH,0,Replace,2006-03-01T15:30:00.000+01:00,
RTD.M.S0.N.P_C_OV.A,M,S0,N,P_C_OV,A,2003-04,2.07845,A,F,,,P1M,A,,,HICP.M.U2.N.000000.4D0.ANR,,,,,,"See <a class=""external"" href=""http://sdw.ecb.europa.eu/web/generator/docu/rtdb_docu.pdf""> notes</a>; block Monthly; series: AI",,1,,,HICP Inflation rate - Total - Annual rate of change,Euro area (moving concept in the Real Time database context) - HICP - Overall index - Annual growth rate,PCCH,0,Replace,2006-03-01T15:30:00.000+01:00,
RTD.M.S0.N.P_C_OV.A,M,S0,N,P_C_OV,A,2003-05,1.8087,A,F,,,P1M,A,,,HICP.M.U2.N.000000.4D0.ANR,,,,,,"See <a class=""external"" href=""http://sdw.ecb.europa.eu/web/generator/docu/rtdb_docu.pdf""> notes</a>; block Monthly; series: AI",,1,,,HICP Inflation rate - Total - Annual rate of change,Euro area (moving concept in the Real Time database context) - HICP - Overall index - Annual growth rate,PCCH,0,Replace,2006-03-01T15:30:00.000+01:00,
RTD.M.S0.N.P_C_OV.A,M,S0,N,P_C_OV,A,2003-06,1.89382,A,F,,,P1M,A,,,HICP.M.U2.N.000000.4D0.ANR,,,,,,"See <a class=""external"" href=""http://sdw.ecb.europa.eu/web/generator/docu/rtdb_docu.pdf""> notes</a>; block Monthly; series: AI",,1,,,HICP Inflation rate - Total - Annual rate of change,Euro area (moving concept in the Real Time database context) - HICP - Overall index - Annual growth rate,PCCH,0,Replace,2006-03-01T15:30:00.000+01:00,
RTD.M.S0.N.P_C_OV.A,M,S0,N,P_C_OV,A,2003-07,1.89543,A,F,,,P1M,A,,,HICP.M.U2.N.000000.4D0.ANR,,,,,,"See <a class=""external"" href=""http://sdw.ecb.europa.eu/web/generator/docu/rtdb_docu.pdf""> notes</a>; block Monthly; series: AI",,1,,,HICP Inflation rate - Total - Annual rate of change,Euro area (moving concept in the Real Time database context) - HICP - Overall index - Annual growth rate,PCCH,0,Replace,2006-03-01T15:30:00.000+01:00,
RTD.M.S0.N.P_C_OV.A,M,S0,N,P_C_OV,A,2003-08,2.06581,A,F,,,P1M,A,,,HICP.M.U2.N.000000.4D0.ANR,,,,,,"See <a class=""external"" href=""http://sdw.ecb.europa.eu/web/generator/docu/rtdb_docu.pdf""> notes</a>; block Monthly; series: AI",,1,,,HICP Inflation rate - Total - Annual rate of change,Euro area (moving concept in the Real Time database context) - HICP - Overall index - Annual growth rate,PCCH,0,Replace,2006-03-01T15:30:00.000+01:00,
RTD.M.S0.N.P_C_OV.A,M,S0,N,P_C_OV,A,2003-09,2.1559,A,F,,,P1M,A,,,HICP.M.U2.N.000000.4D0.ANR,,,,,,"See <a class=""external"" href=""http://sdw.ecb.europa.eu/web/generator/docu/rtdb_docu.pdf""> notes</a>; block Monthly; series: AI",,1,,,HICP Inflation rate - Total - Annual rate of change,Euro area (moving concept in the Real Time database context) - HICP - Overall index - Annual growth rate,PCCH,0,Replace,2006-03-01T15:30:00.000+01:00,
RTD.M.S0.N.P_C_OV.A,M,S0,N,P_C_OV,A,2003-10,1.96992,A,F,,,P1M,A,,,HICP.M.U2.N.000000.4D0.ANR,,,,,,"See <a class=""external"" href=""http://sdw.ecb.europa.eu/web/generator/docu/rtdb_docu.pdf""> notes</a>; block Monthly; series: AI",,1,,,HICP Inflation rate - Total - Annual rate of change,Euro area (moving concept in the Real Time database context) - HICP - Overall index - Annual growth rate,PCCH,0,Replace,2006-03-01T15:30:00.000+01:00,
RTD.M.S0.N.P_C_OV.A,M,S0,N,P_C_OV,A,2003-11,2.15202,A,F,,,P1M,A,,,HICP.M.U2.N.000000.4D0.ANR,,,,,,"See <a class=""external"" href=""http://sdw.ecb.europa.eu/web/generator/docu/rtdb_docu.pdf""> notes</a>; block Monthly; series: AI",,1,,,HICP Inflation rate - Total - Annual rate of change,Euro area (moving concept in the Real Time database context) - HICP - Overall index - Annual growth rate,PCCH,0,Replace,2006-03-01T15:30:00.000+01:00,
RTD.M.S0.N.P_C_OV.A,M,S0,N,P_C_OV,A,2003-12,1.97361,A,F,,,P1M,A,,,HICP.M.U2.N.000000.4D0.ANR,,,,,,"See <a class=""external"" href=""http://sdw.ecb.europa.eu/web/generator/docu/rtdb_docu.pdf""> notes</a>; block Monthly; series: AI",,1,,,HICP Inflation rate - Total - Annual rate of change,Euro area (moving concept in the Real Time database context) - HICP - Overall index - Annual growth rate,PCCH,0,Replace,2006-03-01T15:30:00.000+01:00,
RTD.M.S0.N.P_C_OV.A,M,S0,N,P_C_OV,A,2004-01,1.88022,A,F,,,P1M,A,,,HICP.M.U2.N.000000.4D0.ANR,,,,,,"See <a class=""external"" href=""http://sdw.ecb.europa.eu/web/generator/docu/rtdb_docu.pdf""> notes</a>; block Monthly; series: AI",,1,,,HICP Inflation rate - Total - Annual rate of change,Euro area (moving concept in the Real Time database context) - HICP - Overall index - Annual growth rate,PCCH,0,Replace,2006-03-01T15:30:00.000+01:00,
RTD.M.S0.N.P_C_OV.A,M,S0,N,P_C_OV,A,2004-02,1.609,A,F,,,P1M,A,,,HICP.M.U2.N.000000.4D0.ANR,,,,,,"See <a class=""external"" href=""http://sdw.ecb.europa.eu/web/generator/docu/rtdb_docu.pdf""> notes</a>; block Monthly; series: AI",,1,,,HICP Inflation rate - Total - Annual rate of change,Euro area (moving concept in the Real Time database context) - HICP - Overall index - Annual growth rate,PCCH,0,Replace,2006-03-01T15:30:00.000+01:00,
RTD.M.S0.N.P_C_OV.A,M,S0,N,P_C_OV,A,2004-03,1.67207,A,F,,,P1M,A,,,HICP.M.U2.N.000000.4D0.ANR,,,,,,"See <a class=""external"" href=""http://sdw.ecb.europa.eu/web/generator/docu/rtdb_docu.pdf""> notes</a>; block Monthly; series: AI",,1,,,HICP Inflation rate - Total - Annual rate of change,Euro area (moving concept in the Real Time database context) - HICP - Overall index - Annual growth rate,PCCH,0,Replace,2006-03-01T15:30:00.000+01:00,
RTD.M.S0.N.P_C_OV.A,M,S0,N,P_C_OV,A,2004-04,2.03613,A,F,,,P1M,A,,,HICP.M.U2.N.000000.4D0.ANR,,,,,,"See <a class=""external"" href=""http://sdw.ecb.europa.eu/web/generator/docu/rtdb_docu.pdf""> notes</a>; block Monthly; series: AI",,1,,,HICP Inflation rate - Total - Annual rate of change,Euro area (moving concept in the Real Time database context) - HICP - Overall index - Annual growth rate,PCCH,0,Replace,2006-03-01T15:30:00.000+01:00,
RTD.M.S0.N.P_C_OV.A,M,S0,N,P_C_OV,A,2004-05,2.4663,A,F,,,P1M,A,,,HICP.M.U2.N.000000.4D0.ANR,,,,,,"See <a class=""external"" href=""http://sdw.ecb.europa.eu/web/generator/docu/rtdb_docu.pdf""> notes</a>; block Monthly; series: AI",,1,,,HICP Inflation rate - Total - Annual rate of change,Euro area (moving concept in the Real Time database context) - HICP - Overall index - Annual growth rate,PCCH,0,Replace,2006-03-01T15:30:00.000+01:00,
RTD.M.S0.N.P_C_OV.A,M,S0,N,P_C_OV,A,2004-06,2.3807,A,F,,,P1M,A,,,HICP.M.U2.N.000000.4D0.ANR,,,,,,"See <a class=""external"" href=""http://sdw.ecb.europa.eu/web/generator/docu/rtdb_docu.pdf""> notes</a>; block Monthly; series: AI",,1,,,HICP Inflation rate - Total - Annual rate of change,Euro area (moving concept in the Real Time database context) - HICP - Overall index - Annual growth rate,PCCH,0,Replace,2006-03-01T15:30:00.000+01:00,
RTD.M.S0.N.P_C_OV.A,M,S0,N,P_C_OV,A,2004-07,2.28864,A,F,,,P1M,A,,,HICP.M.U2.N.000000.4D0.ANR,,,,,,"See <a class=""external"" href=""http://sdw.ecb.europa.eu/web/generator/docu/rtdb_docu.pdf""> notes</a>; block Monthly; series: AI",,1,,,HICP Inflation rate - Total - Annual rate of change,Euro area (moving concept in the Real Time database context) - HICP - Overall index - Annual growth rate,PCCH,0,Replace,2006-03-01T15:30:00.000+01:00,
RTD.M.S0.N.P_C_OV.A,M,S0,N,P_C_OV,A,2004-08,2.29525,A,F,,,P1M,A,,,HICP.M.U2.N.000000.4D0.ANR,,,,,,"See <a class=""external"" href=""http://sdw.ecb.europa.eu/web/generator/docu/rtdb_docu.pdf""> notes</a>; block Monthly; series: AI",,1,,,HICP Inflation rate - Total - Annual rate of change,Euro area (moving concept in the Real Time database context) - HICP - Overall index - Annual growth rate,PCCH,0,Replace,2006-03-01T15:30:00.000+01:00,
RTD.M.S0.N.P_C_OV.A,M,S0,N,P_C_OV,A,2004-09,2.11041,A,F,,,P1M,A,,,HICP.M.U2.N.000000.4D0.ANR,,,,,,"See <a class=""external"" href=""http://sdw.ecb.europa.eu/web/generator/docu/rtdb_docu.pdf""> notes</a>; block Monthly; series: AI",,1,,,HICP Inflation rate - Total - Annual rate of change,Euro area (moving concept in the Real Time database context) - HICP - Overall index - Annual growth rate,PCCH,0,Replace,2006-03-01T15:30:00.000+01:00,
RTD.M.S0.N.P_C_OV.A,M,S0,N,P_C_OV,A,2004-10,2.36809,A,F,,,P1M,A,,,HICP.M.U2.N.000000.4D0.ANR,,,,,,"See <a class=""external"" href=""http://sdw.ecb.europa.eu/web/generator/docu/rtdb_docu.pdf""> notes</a>; block Monthly; series: AI",,1,,,HICP Inflation rate - Total - Annual rate of change,Euro area (moving concept in the Real Time database context) - HICP - Overall index - Annual growth rate,PCCH,0,Replace,2006-03-01T15:30:00.000+01:00,
RTD.M.S0.N.P_C_OV.A,M,S0,N,P_C_OV,A,2004-11,2.20008,A,F,,,P1M,A,,,HICP.M.U2.N.000000.4D0.ANR,,,,,,"See <a class=""external"" href=""http://sdw.ecb.europa.eu/web/generator/docu/rtdb_docu.pdf""> notes</a>; block Monthly; series: AI",,1,,,HICP Inflation rate - Total - Annual rate of change,Euro area (moving concept in the Real Time database context) - HICP - Overall index - Annual growth rate,PCCH,0,Replace,2006-03-01T15:30:00.000+01:00,
RTD.M.S0.N.P_C_OV.A,M,S0,N,P_C_OV,A,2004-12,2.35976,A,F,,,P1M,A,,,HICP.M.U2.N.000000.4D0.ANR,,,,,,"See <a class=""external"" href=""http://sdw.ecb.europa.eu/web/generator/docu/rtdb_docu.pdf""> notes</a>; block Monthly; series: AI",,1,,,HICP Inflation rate - Total - Annual rate of change,Euro area (moving concept in the Real Time database context) - HICP - Overall index - Annual growth rate,PCCH,0,Replace,2006-03-01T15:30:00.000+01:00,
RTD.M.S0.N.P_C_OV.A,M,S0,N,P_C_OV,A,2005-01,1.92846,A,F,,,P1M,A,,,HICP.M.U2.N.000000.4D0.ANR,,,,,,"See <a class=""external"" href=""http://sdw.ecb.europa.eu/web/generator/docu/rtdb_docu.pdf""> notes</a>; block Monthly; series: AI",,1,,,HICP Inflation rate - Total - Annual rate of change,Euro area (moving concept in the Real Time database context) - HICP - Overall index - Annual growth rate,PCCH,0,Replace,2006-03-01T15:30:00.000+01:00,
RTD.M.S0.N.P_C_OV.A,M,S0,N,P_C_OV,A,2005-02,2.10101,A,F,,,P1M,A,,,HICP.M.U2.N.000000.4D0.ANR,,,,,,"See <a class=""external"" href=""http://sdw.ecb.europa.eu/web/generator/docu/rtdb_docu.pdf""> notes</a>; block Monthly; series: AI",,1,,,HICP Inflation rate - Total - Annual rate of change,Euro area (moving concept in the Real Time database context) - HICP - Overall index - Annual growth rate,PCCH,0,Replace,2006-03-01T15:30:00.000+01:00,
RTD.M.S0.N.P_C_OV.A,M,S0,N,P_C_OV,A,2005-03,2.08655,A,F,,,P1M,A,,,HICP.M.U2.N.000000.4D0.ANR,,,,,,"See <a class=""external"" href=""http://sdw.ecb.europa.eu/web/generator/docu/rtdb_docu.pdf""> notes</a>; block Monthly; series: AI",,1,,,HICP Inflation rate - Total - Annual rate of change,Euro area (moving concept in the Real Time database context) - HICP - Overall index - Annual growth rate,PCCH,0,Replace,2006-03-01T15:30:00.000+01:00,
RTD.M.S0.N.P_C_OV.A,M,S0,N,P_C_OV,A,2005-04,2.07736,A,F,,,P1M,A,,,HICP.M.U2.N.000000.4D0.ANR,,,,,,"See <a class=""external"" href=""http://sdw.ecb.europa.eu/web/generator/docu/rtdb_docu.pdf""> notes</a>; block Monthly; series: AI",,1,,,HICP Inflation rate - Total - Annual rate of change,Euro area (moving concept in the Real Time database context) - HICP - Overall index - Annual growth rate,PCCH,0,Replace,2006-03-01T15:30:00.000+01:00,
RTD.M.S0.N.P_C_OV.A,M,S0,N,P_C_OV,A,2005-05,1.98878,A,F,,,P1M,A,,,HICP.M.U2.N.000000.4D0.ANR,,,,,,"See <a class=""external"" href=""http://sdw.ecb.europa.eu/web/generator/docu/rtdb_docu.pdf""> notes</a>; block Monthly; series: AI",,1,,,HICP Inflation rate - Total - Annual rate of change,Euro area (moving concept in the Real Time database context) - HICP - Overall index - Annual growth rate,PCCH,0,Replace,2006-03-01T15:30:00.000+01:00,
RTD.M.S0.N.P_C_OV.A,M,S0,N,P_C_OV,A,2005-06,2.07037,A,F,,,P1M,A,,,HICP.M.U2.N.000000.4D0.ANR,,,,,,"See <a class=""external"" href=""http://sdw.ecb.europa.eu/web/generator/docu/rtdb_docu.pdf""> notes</a>; block Monthly; series: AI",,1,,,HICP Inflation rate - Total - Annual rate of change,Euro area (moving concept in the Real Time database context) - HICP - Overall index - Annual growth rate,PCCH,0,Replace,2006-03-01T15:30:00.000+01:00,
RTD.M.S0.N.P_C_OV.A,M,S0,N,P_C_OV,A,2005-07,2.16592,A,F,,,P1M,A,,,HICP.M.U2.N.000000.4D0.ANR,,,,,,"See <a class=""external"" href=""http://sdw.ecb.europa.eu/web/generator/docu/rtdb_docu.pdf""> notes</a>; block Monthly; series: AI",,1,,,HICP Inflation rate - Total - Annual rate of change,Euro area (moving concept in the Real Time database context) - HICP - Overall index - Annual growth rate,PCCH,0,Replace,2006-03-01T15:30:00.000+01:00,
RTD.M.S0.N.P_C_OV.A,M,S0,N,P_C_OV,A,2005-08,2.24375,A,F,,,P1M,A,,,HICP.M.U2.N.000000.4D0.ANR,,,,,,"See <a class=""external"" href=""http://sdw.ecb.europa.eu/web/generator/docu/rtdb_docu.pdf""> notes</a>; block Monthly; series: AI",,1,,,HICP Inflation rate - Total - Annual rate of change,Euro area (moving concept in the Real Time database context) - HICP - Overall index - Annual growth rate,PCCH,0,Replace,2006-03-01T15:30:00.000+01:00,
RTD.M.S0.N.P_C_OV.A,M,S0,N,P_C_OV,A,2005-09,2.58603,A,F,,,P1M,A,,,HICP.M.U2.N.000000.4D0.ANR,,,,,,"See <a class=""external"" href=""http://sdw.ecb.europa.eu/web/generator/docu/rtdb_docu.pdf""> notes</a>; block Monthly; series: AI",,1,,,HICP Inflation rate - Total - Annual rate of change,Euro area (moving concept in the Real Time database context) - HICP - Overall index - Annual growth rate,PCCH,0,Replace,2006-03-01T15:30:00.000+01:00,
RTD.M.S0.N.P_C_OV.A,M,S0,N,P_C_OV,A,2005-10,2.49594,A,F,,,P1M,A,,,HICP.M.U2.N.000000.4D0.ANR,,,,,,"See <a class=""external"" href=""http://sdw.ecb.europa.eu/web/generator/docu/rtdb_docu.pdf""> notes</a>; block Monthly; series: AI",,1,,,HICP Inflation rate - Total - Annual rate of change,Euro area (moving concept in the Real Time database context) - HICP - Overall index - Annual growth rate,PCCH,0,Replace,2006-03-01T15:30:00.000+01:00,
RTD.M.S0.N.P_C_OV.A,M,S0,N,P_C_OV,A,2005-11,2.31519,A,F,,,P1M,A,,,HICP.M.U2.N.000000.4D0.ANR,,,,,,"See <a class=""external"" href=""http://sdw.ecb.europa.eu/web/generator/docu/rtdb_docu.pdf""> notes</a>; block Monthly; series: AI",,1,,,HICP Inflation rate - Total - Annual rate of change,Euro area (moving concept in the Real Time database context) - HICP - Overall index - Annual growth rate,PCCH,0,Replace,2006-03-01T15:30:00.000+01:00,
RTD.M.S0.N.P_C_OV.A,M,S0,N,P_C_OV,A,2005-12,2.22447,A,F,,,P1M,A,,,HICP.M.U2.N.000000.4D0.ANR,,,,,,"See <a class=""external"" href=""http://sdw.ecb.europa.eu/web/generator/docu/rtdb_docu.pdf""> notes</a>; block Monthly; series: AI",,1,,,HICP Inflation rate - Total - Annual rate of change,Euro area (moving concept in the Real Time database context) - HICP - Overall index - Annual growth rate,PCCH,0,Replace,2006-03-01T15:30:00.000+01:00,
RTD.M.S0.N.P_C_OV.A,M,S0,N,P_C_OV,A,2006-01,2.38023,A,F,,,P1M,A,,,HICP.M.U2.N.000000.4D0.ANR,,,,,,"See <a class=""external"" href=""http://sdw.ecb.europa.eu/web/generator/docu/rtdb_docu.pdf""> notes</a>; block Monthly; series: AI",,1,,,HICP Inflation rate - Total - Annual rate of change,Euro area (moving concept in the Real Time database context) - HICP - Overall index - Annual growth rate,PCCH,0,Replace,2006-03-01T15:30:00.000+01:00,
RTD.M.S0.N.P_C_OV.A,M,S0,N,P_C_OV,A,2006-02,2.3,A,F,,,P1M,A,,,HICP.M.U2.N.000000.4D0.ANR,,,,,,"See <a class=""external"" href=""http://sdw.ecb.europa.eu/web/generator/docu/rtdb_docu.pdf""> notes</a>; block Monthly; series: AI",,1,,,HICP Inflation rate - Total - Annual rate of change,Euro area (moving concept in the Real Time database context) - HICP - Overall index - Annual growth rate,PCCH,0,Replace,2006-03-01T15:30:00.000+01:00,
RTD.M.S0.N.P_C_OV.A,M,S0,N,P_C_OV,A,2006-02,2.32134,A,F,,,P1M,A,,,HICP.M.U2.N.000000.4D0.ANR,,,,,,"See <a class=""external"" href=""http://sdw.ecb.europa.eu/web/generator/docu/rtdb_docu.pdf""> notes</a>; block Monthly; series: AI",,1,,,HICP Inflation rate - Total - Annual rate of change,Euro area (moving concept in the Real Time database context) - HICP - Overall index - Annual growth rate,PCCH,0,Replace,2006-04-04T15:30:00.000+02:00,
RTD.M.S0.N.P_C_OV.A,M,S0,N,P_C_OV,A,2006-03,2.2,A,F,,,P1M,A,,,HICP.M.U2.N.000000.4D0.ANR,,,,,,"See <a class=""external"" href=""http://sdw.ecb.europa.eu/web/generator/docu/rtdb_docu.pdf""> notes</a>; block Monthly; series: AI",,1,,,HICP Inflation rate - Total - Annual rate of change,Euro area (moving concept in the Real Time database context) - HICP - Overall index - Annual growth rate,PCCH,0,Replace,2006-04-04T15:30:00.000+02:00,
RTD.M.S0.N.P_C_OV.A,M,S0,N,P_C_OV,A,2006-01,2.3904,A,F,,,P1M,A,,,HICP.M.U2.N.000000.4D0.ANR,,,,,,"See <a class=""external"" href=""http://sdw.ecb.europa.eu/web/generator/docu/rtdb_docu.pdf""> notes</a>; block Monthly; series: AI",,1,,,HICP Inflation rate - Total - Annual rate of change,Euro area (moving concept in the Real Time database context) - HICP - Overall index - Annual growth rate,PCCH,0,Replace,2006-05-03T15:30:00.000+02:00,
RTD.M.S0.N.P_C_OV.A,M,S0,N,P_C_OV,A,2006-03,2.20499,A,F,,,P1M,A,,,HICP.M.U2.N.000000.4D0.ANR,,,,,,"See <a class=""external"" href=""http://sdw.ecb.europa.eu/web/generator/docu/rtdb_docu.pdf""> notes</a>; block Monthly; series: AI",,1,,,HICP Inflation rate - Total - Annual rate of change,Euro area (moving concept in the Real Time database context) - HICP - Overall index - Annual growth rate,PCCH,0,Replace,2006-05-03T15:30:00.000+02:00,
RTD.M.S0.N.P_C_OV.A,M,S0,N,P_C_OV,A,2006-04,2.4,A,F,,,P1M,A,,,HICP.M.U2.N.000000.4D0.ANR,,,,,,"See <a class=""external"" href=""http://sdw.ecb.europa.eu/web/generator/docu/rtdb_docu.pdf""> notes</a>; block Monthly; series: AI",,1,,,HICP Inflation rate - Total - Annual rate of change,Euro area (moving concept in the Real Time database context) - HICP - Overall index - Annual growth rate,PCCH,0,Replace,2006-05-03T15:30:00.000+02:00,
RTD.M.S0.N.P_C_OV.A,M,S0,N,P_C_OV,A,2006-04,2.43609,A,F,,,P1M,A,,,HICP.M.U2.N.000000.4D0.ANR,,,,,,"See <a class=""external"" href=""http://sdw.ecb.europa.eu/web/generator/docu/rtdb_docu.pdf""> notes</a>; block Monthly; series: AI",,1,,,HICP Inflation rate - Total - Annual rate of change,Euro area (moving concept in the Real Time database context) - HICP - Overall index - Annual growth rate,PCCH,0,Replace,2006-06-07T15:30:00.000+02:00,
RTD.M.S0.N.P_C_OV.A,M,S0,N,P_C_OV,A,2006-05,2.5,A,F,,,P1M,A,,,HICP.M.U2.N.000000.4D0.ANR,,,,,,"See <a class=""external"" href=""http://sdw.ecb.europa.eu/web/generator/docu/rtdb_docu.pdf""> notes</a>; block Monthly; series: AI",,1,,,HICP Inflation rate - Total - Annual rate of change,Euro area (moving concept in the Real Time database context) - HICP - Overall index - Annual growth rate,PCCH,0,Replace,2006-06-07T15:30:00.000+02:00,
RTD.M.S0.N.P_C_OV.A,M,S0,N,P_C_OV,A,2006-04,2.44612,A,F,,,P1M,A,,,HICP.M.U2.N.000000.4D0.ANR,,,,,,"See <a class=""external"" href=""http://sdw.ecb.europa.eu/web/generator/docu/rtdb_docu.pdf""> notes</a>; block Monthly; series: AI",,1,,,HICP Inflation rate - Total - Annual rate of change,Euro area (moving concept in the Real Time database context) - HICP - Overall index - Annual growth rate,PCCH,0,Replace,2006-07-05T15:30:00.000+02:00,
RTD.M.S0.N.P_C_OV.A,M,S0,N,P_C_OV,A,2006-05,2.47,A,F,,,P1M,A,,,HICP.M.U2.N.000000.4D0.ANR,,,,,,"See <a class=""external"" href=""http://sdw.ecb.europa.eu/web/generator/docu/rtdb_docu.pdf""> notes</a>; block Monthly; series: AI",,1,,,HICP Inflation rate - Total - Annual rate of change,Euro area (moving concept in the Real Time database context) - HICP - Overall index - Annual growth rate,PCCH,0,Replace,2006-07-05T15:30:00.000+02:00,
RTD.M.S0.N.P_C_OV.A,M,S0,N,P_C_OV,A,2006-06,2.5,A,F,,,P1M,A,,,HICP.M.U2.N.000000.4D0.ANR,,,,,,"See <a class=""external"" href=""http://sdw.ecb.europa.eu/web/generator/docu/rtdb_docu.pdf""> notes</a>; block Monthly; series: AI",,1,,,HICP Inflation rate - Total - Annual rate of change,Euro area (moving concept in the Real Time database context) - HICP - Overall index - Annual growth rate,PCCH,0,Replace,2006-07-05T15:30:00.000+02:00,
RTD.M.S0.N.P_C_OV.A,M,S0,N,P_C_OV,A,2006-05,2.46,A,F,,,P1M,A,,,HICP.M.U2.N.000000.4D0.ANR,,,,,,"See <a class=""external"" href=""http://sdw.ecb.europa.eu/web/generator/docu/rtdb_docu.pdf""> notes</a>; block Monthly; series: AI",,1,,,HICP Inflation rate - Total - Annual rate of change,Euro area (moving concept in the Real Time database context) - HICP - Overall index - Annual growth rate,PCCH,0,Replace,2006-08-02T15:30:00.000+02:00,
RTD.M.S0.N.P_C_OV.A,M,S0,N,P_C_OV,A,2006-06,2.45803,A,F,,,P1M,A,,,HICP.M.U2.N.000000.4D0.ANR,,,,,,"See <a class=""external"" href=""http://sdw.ecb.europa.eu/web/generator/docu/rtdb_docu.pdf""> notes</a>; block Monthly; series: AI",,1,,,HICP Inflation rate - Total - Annual rate of change,Euro area (moving concept in the Real Time database context) - HICP - Overall index - Annual growth rate,PCCH,0,Replace,2006-08-02T15:30:00.000+02:00,
RTD.M.S0.N.P_C_OV.A,M,S0,N,P_C_OV,A,2006-07,2.5,A,F,,,P1M,A,,,HICP.M.U2.N.000000.4D0.ANR,,,,,,"See <a class=""external"" href=""http://sdw.ecb.europa.eu/web/generator/docu/rtdb_docu.pdf""> notes</a>; block Monthly; series: AI",,1,,,HICP Inflation rate - Total - Annual rate of change,Euro area (moving concept in the Real Time database context) - HICP - Overall index - Annual growth rate,PCCH,0,Replace,2006-08-02T15:30:00.000+02:00,
RTD.M.S0.N.P_C_OV.A,M,S0,N,P_C_OV,A,2006-07,2.41,A,F,,,P1M,A,,,HICP.M.U2.N.000000.4D0.ANR,,,,,,"See <a class=""external"" href=""http://sdw.ecb.europa.eu/web/generator/docu/rtdb_docu.pdf""> notes</a>; block Monthly; series: AI",,1,,,HICP Inflation rate - Total - Annual rate of change,Euro area (moving concept in the Real Time database context) - HICP - Overall index - Annual growth rate,PCCH,0,Replace,2006-08-30T15:30:00.000+02:00,
RTD.M.S0.N.P_C_OV.A,M,S0,N,P_C_OV,A,2006-08,2.3,A,F,,,P1M,A,,,HICP.M.U2.N.000000.4D0.ANR,,,,,,"See <a class=""external"" href=""http://sdw.ecb.europa.eu/web/generator/docu/rtdb_docu.pdf""> notes</a>; block Monthly; series: AI",,1,,,HICP Inflation rate - Total - Annual rate of change,Euro area (moving concept in the Real Time database context) - HICP - Overall index - Annual growth rate,PCCH,0,Replace,2006-08-30T15:30:00.000+02:00,
RTD.M.S0.N.P_C_OV.A,M,S0,N,P_C_OV,A,2006-08,2.25436,A,F,,,P1M,A,,,HICP.M.U2.N.000000.4D0.ANR,,,,,,"See <a class=""external"" href=""http://sdw.ecb.europa.eu/web/generator/docu/rtdb_docu.pdf""> notes</a>; block Monthly; series: AI",,1,,,HICP Inflation rate - Total - Annual rate of change,Euro area (moving concept in the Real Time database context) - HICP - Overall index - Annual growth rate,PCCH,0,Replace,2006-10-04T15:30:00.000+02:00,
RTD.M.S0.N.P_C_OV.A,M,S0,N,P_C_OV,A,2006-09,1.8,A,F,,,P1M,A,,,HICP.M.U2.N.000000.4D0.ANR,,,,,,"See <a class=""external"" href=""http://sdw.ecb.europa.eu/web/generator/docu/rtdb_docu.pdf""> notes</a>; block Monthly; series: AI",,1,,,HICP Inflation rate - Total - Annual rate of change,Euro area (moving concept in the Real Time database context) - HICP - Overall index - Annual growth rate,PCCH,0,Replace,2006-10-04T15:30:00.000+02:00,
RTD.M.S0.N.P_C_OV.A,M,S0,N,P_C_OV,A,2006-02,2.33147,A,F,,,P1M,A,,,HICP.M.U2.N.000000.4D0.ANR,,,,,,"See <a class=""external"" href=""http://sdw.ecb.europa.eu/web/generator/docu/rtdb_docu.pdf""> notes</a>; block Monthly; series: AI",,1,,,HICP Inflation rate - Total - Annual rate of change,Euro area (moving concept in the Real Time database context) - HICP - Overall index - Annual growth rate,PCCH,0,Replace,2006-10-31T15:30:00.000+01:00,
RTD.M.S0.N.P_C_OV.A,M,S0,N,P_C_OV,A,2006-03,2.22513,A,F,,,P1M,A,,,HICP.M.U2.N.000000.4D0.ANR,,,,,,"See <a class=""external"" href=""http://sdw.ecb.europa.eu/web/generator/docu/rtdb_docu.pdf""> notes</a>; block Monthly; series: AI",,1,,,HICP Inflation rate - Total - Annual rate of change,Euro area (moving concept in the Real Time database context) - HICP - Overall index - Annual growth rate,PCCH,0,Replace,2006-10-31T15:30:00.000+01:00,
RTD.M.S0.N.P_C_OV.A,M,S0,N,P_C_OV,A,2006-04,2.45614,A,F,,,P1M,A,,,HICP.M.U2.N.000000.4D0.ANR,,,,,,"See <a class=""external"" href=""http://sdw.ecb.europa.eu/web/generator/docu/rtdb_docu.pdf""> notes</a>; block Monthly; series: AI",,1,,,HICP Inflation rate - Total - Annual rate of change,Euro area (moving concept in the Real Time database context) - HICP - Overall index - Annual growth rate,PCCH,0,Replace,2006-10-31T15:30:00.000+01:00,
RTD.M.S0.N.P_C_OV.A,M,S0,N,P_C_OV,A,2006-05,2.48,A,F,,,P1M,A,,,HICP.M.U2.N.000000.4D0.ANR,,,,,,"See <a class=""external"" href=""http://sdw.ecb.europa.eu/web/generator/docu/rtdb_docu.pdf""> notes</a>; block Monthly; series: AI",,1,,,HICP Inflation rate - Total - Annual rate of change,Euro area (moving concept in the Real Time database context) - HICP - Overall index - Annual growth rate,PCCH,0,Replace,2006-10-31T15:30:00.000+01:00,
RTD.M.S0.N.P_C_OV.A,M,S0,N,P_C_OV,A,2006-06,2.47802,A,F,,,P1M,A,,,HICP.M.U2.N.000000.4D0.ANR,,,,,,"See <a class=""external"" href=""http://sdw.ecb.europa.eu/web/generator/docu/rtdb_docu.pdf""> notes</a>; block Monthly; series: AI",,1,,,HICP Inflation rate - Total - Annual rate of change,Euro area (moving concept in the Real Time database context) - HICP - Overall index - Annual growth rate,PCCH,0,Replace,2006-10-31T15:30:00.000+01:00,
RTD.M.S0.N.P_C_OV.A,M,S0,N,P_C_OV,A,2006-07,2.43,A,F,,,P1M,A,,,HICP.M.U2.N.000000.4D0.ANR,,,,,,"See <a class=""external"" href=""http://sdw.ecb.europa.eu/web/generator/docu/rtdb_docu.pdf""> notes</a>; block Monthly; series: AI",,1,,,HICP Inflation rate - Total - Annual rate of change,Euro area (moving concept in the Real Time database context) - HICP - Overall index - Annual growth rate,PCCH,0,Replace,2006-10-31T15:30:00.000+01:00,
RTD.M.S0.N.P_C_OV.A,M,S0,N,P_C_OV,A,2006-08,2.26434,A,F,,,P1M,A,,,HICP.M.U2.N.000000.4D0.ANR,,,,,,"See <a class=""external"" href=""http://sdw.ecb.europa.eu/web/generator/docu/rtdb_docu.pdf""> notes</a>; block Monthly; series: AI",,1,,,HICP Inflation rate - Total - Annual rate of change,Euro area (moving concept in the Real Time database context) - HICP - Overall index - Annual growth rate,PCCH,0,Replace,2006-10-31T15:30:00.000+01:00,
RTD.M.S0.N.P_C_OV.A,M,S0,N,P_C_OV,A,2006-09,1.74672,A,F,,,P1M,A,,,HICP.M.U2.N.000000.4D0.ANR,,,,,,"See <a class=""external"" href=""http://sdw.ecb.europa.eu/web/generator/docu/rtdb_docu.pdf""> notes</a>; block Monthly; series: AI",,1,,,HICP Inflation rate - Total - Annual rate of change,Euro area (moving concept in the Real Time database context) - HICP - Overall index - Annual growth rate,PCCH,0,Replace,2006-10-31T15:30:00.000+01:00,
RTD.M.S0.N.P_C_OV.A,M,S0,N,P_C_OV,A,2006-10,1.6,A,F,,,P1M,A,,,HICP.M.U2.N.000000.4D0.ANR,,,,,,"See <a class=""external"" href=""http://sdw.ecb.europa.eu/web/generator/docu/rtdb_docu.pdf""> notes</a>; block Monthly; series: AI",,1,,,HICP Inflation rate - Total - Annual rate of change,Euro area (moving concept in the Real Time database context) - HICP - Overall index - Annual growth rate,PCCH,0,Replace,2006-10-31T15:30:00.000+01:00,
RTD.M.S0.N.P_C_OV.A,M,S0,N,P_C_OV,A,2006-10,1.56405,A,F,,,P1M,A,,,HICP.M.U2.N.000000.4D0.ANR,,,,,,"See <a class=""external"" href=""http://sdw.ecb.europa.eu/web/generator/docu/rtdb_docu.pdf""> notes</a>; block Monthly; series: AI",,1,,,HICP Inflation rate - Total - Annual rate of change,Euro area (moving concept in the Real Time database context) - HICP - Overall index - Annual growth rate,PCCH,0,Replace,2006-12-06T15:30:00.000+01:00,
RTD.M.S0.N.P_C_OV.A,M,S0,N,P_C_OV,A,2006-11,1.8,A,F,,,P1M,A,,,HICP.M.U2.N.000000.4D0.ANR,,,,,,"See <a class=""external"" href=""http://sdw.ecb.europa.eu/web/generator/docu/rtdb_docu.pdf""> notes</a>; block Monthly; series: AI",,1,,,HICP Inflation rate - Total - Annual rate of change,Euro area (moving concept in the Real Time database context) - HICP - Overall index - Annual growth rate,PCCH,0,Replace,2006-12-06T15:30:00.000+01:00,
RTD.M.S0.N.P_C_OV.A,M,S0,N,P_C_OV,A,2006-11,1.86582,A,F,,,P1M,A,,,HICP.M.U2.N.000000.4D0.ANR,,,,,,"See <a class=""external"" href=""http://sdw.ecb.europa.eu/web/generator/docu/rtdb_docu.pdf""> notes</a>; block Monthly; series: AI",,1,,,HICP Inflation rate - Total - Annual rate of change,Euro area (moving concept in the Real Time database context) - HICP - Overall index - Annual growth rate,PCCH,0,Replace,2007-01-10T15:30:00.000+01:00,
RTD.M.S0.N.P_C_OV.A,M,S0,N,P_C_OV,A,2006-12,1.91889,A,F,,,P1M,A,,,HICP.M.U2.N.000000.4D0.ANR,,,,,,"See <a class=""external"" href=""http://sdw.ecb.europa.eu/web/generator/docu/rtdb_docu.pdf""> notes</a>; block Monthly; series: AI",,1,,,HICP Inflation rate - Total - Annual rate of change,Euro area (moving concept in the Real Time database context) - HICP - Overall index - Annual growth rate,PCCH,0,Replace,2007-01-10T15:30:00.000+01:00,
RTD.M.S0.N.P_C_OV.A,M,S0,N,P_C_OV,A,2007-01,1.9,A,F,,,P1M,A,,,HICP.M.U2.N.000000.4D0.ANR,,,,,,"See <a class=""external"" href=""http://sdw.ecb.europa.eu/web/generator/docu/rtdb_docu.pdf""> notes</a>; block Monthly; series: AI",,1,,,HICP Inflation rate - Total - Annual rate of change,Euro area (moving concept in the Real Time database context) - HICP - Overall index - Annual growth rate,PCCH,0,Replace,2007-01-10T15:30:00.000+01:00,
RTD.M.S0.N.P_C_OV.A,M,S0,N,P_C_OV,A,2007-01,1.82794,A,F,,,P1M,A,,,HICP.M.U2.N.000000.4D0.ANR,,,,,,"See <a class=""external"" href=""http://sdw.ecb.europa.eu/web/generator/docu/rtdb_docu.pdf""> notes</a>; block Monthly; series: AI",,1,,,HICP Inflation rate - Total - Annual rate of change,Euro area (moving concept in the Real Time database context) - HICP - Overall index - Annual growth rate,PCCH,0,Replace,2007-03-07T15:30:00.000+01:00,
RTD.M.S0.N.P_C_OV.A,M,S0,N,P_C_OV,A,2007-02,1.8,A,F,,,P1M,A,,,HICP.M.U2.N.000000.4D0.ANR,,,,,,"See <a class=""external"" href=""http://sdw.ecb.europa.eu/web/generator/docu/rtdb_docu.pdf""> notes</a>; block Monthly; series: AI",,1,,,HICP Inflation rate - Total - Annual rate of change,Euro area (moving concept in the Real Time database context) - HICP - Overall index - Annual growth rate,PCCH,0,Replace,2007-03-07T15:30:00.000+01:00,
RTD.M.S0.N.P_C_OV.A,M,S0,N,P_C_OV,A,2007-01,1.83787,A,F,,,P1M,A,,,HICP.M.U2.N.000000.4D0.ANR,,,,,,"See <a class=""external"" href=""http://sdw.ecb.europa.eu/web/generator/docu/rtdb_docu.pdf""> notes</a>; block Monthly; series: AI",,1,,,HICP Inflation rate - Total - Annual rate of change,Euro area (moving concept in the Real Time database context) - HICP - Overall index - Annual growth rate,PCCH,0,Replace,2007-04-11T15:30:00.000+02:00,
RTD.M.S0.N.P_C_OV.A,M,S0,N,P_C_OV,A,2007-02,1.8425,A,F,,,P1M,A,,,HICP.M.U2.N.000000.4D0.ANR,,,,,,"See <a class=""external"" href=""http://sdw.ecb.europa.eu/web/generator/docu/rtdb_docu.pdf""> notes</a>; block Monthly; series: AI",,1,,,HICP Inflation rate - Total - Annual rate of change,Euro area (moving concept in the Real Time database context) - HICP - Overall index - Annual growth rate,PCCH,0,Replace,2007-04-11T15:30:00.000+02:00,
RTD.M.S0.N.P_C_OV.A,M,S0,N,P_C_OV,A,2007-03,1.9,A,F,,,P1M,A,,,HICP.M.U2.N.000000.4D0.ANR,,,,,,"See <a class=""external"" href=""http://sdw.ecb.europa.eu/web/generator/docu/rtdb_docu.pdf""> notes</a>; block Monthly; series: AI",,1,,,HICP Inflation rate - Total - Annual rate of change,Euro area (moving concept in the Real Time database context) - HICP - Overall index - Annual growth rate,PCCH,0,Replace,2007-04-11T15:30:00.000+02:00,
RTD.M.S0.N.P_C_OV.A,M,S0,N,P_C_OV,A,2007-03,1.94031,A,F,,,P1M,A,,,HICP.M.U2.N.000000.4D0.ANR,,,,,,"See <a class=""external"" href=""http://sdw.ecb.europa.eu/web/generator/docu/rtdb_docu.pdf""> notes</a>; block Monthly; series: AI",,1,,,HICP Inflation rate - Total - Annual rate of change,Euro area (moving concept in the Real Time database context) - HICP - Overall index - Annual growth rate,PCCH,0,Replace,2007-05-08T15:30:00.000+02:00,
RTD.M.S0.N.P_C_OV.A,M,S0,N,P_C_OV,A,2007-04,1.8,A,F,,,P1M,A,,,HICP.M.U2.N.000000.4D0.ANR,,,,,,"See <a class=""external"" href=""http://sdw.ecb.europa.eu/web/generator/docu/rtdb_docu.pdf""> notes</a>; block Monthly; series: AI",,1,,,HICP Inflation rate - Total - Annual rate of change,Euro area (moving concept in the Real Time database context) - HICP - Overall index - Annual growth rate,PCCH,0,Replace,2007-05-08T15:30:00.000+02:00,
RTD.M.S0.N.P_C_OV.A,M,S0,N,P_C_OV,A,2007-04,1.90802,A,F,,,P1M,A,,,HICP.M.U2.N.000000.4D0.ANR,,,,,,"See <a class=""external"" href=""http://sdw.ecb.europa.eu/web/generator/docu/rtdb_docu.pdf""> notes</a>; block Monthly; series: AI",,1,,,HICP Inflation rate - Total - Annual rate of change,Euro area (moving concept in the Real Time database context) - HICP - Overall index - Annual growth rate,PCCH,0,Replace,2007-06-05T15:30:00.000+02:00,
RTD.M.S0.N.P_C_OV.A,M,S0,N,P_C_OV,A,2007-05,1.9,A,F,,,P1M,A,,,HICP.M.U2.N.000000.4D0.ANR,,,,,,"See <a class=""external"" href=""http://sdw.ecb.europa.eu/web/generator/docu/rtdb_docu.pdf""> notes</a>; block Monthly; series: AI",,1,,,HICP Inflation rate - Total - Annual rate of change,Euro area (moving concept in the Real Time database context) - HICP - Overall index - Annual growth rate,PCCH,0,Replace,2007-06-05T15:30:00.000+02:00,
RTD.M.S0.N.P_C_OV.A,M,S0,N,P_C_OV,A,2007-05,1.87354,A,F,,,P1M,A,,,HICP.M.U2.N.000000.4D0.ANR,,,,,,"See <a class=""external"" href=""http://sdw.ecb.europa.eu/web/generator/docu/rtdb_docu.pdf""> notes</a>; block Monthly; series: AI",,1,,,HICP Inflation rate - Total - Annual rate of change,Euro area (moving concept in the Real Time database context) - HICP - Overall index - Annual growth rate,PCCH,0,Replace,2007-07-04T15:30:00.000+02:00,
RTD.M.S0.N.P_C_OV.A,M,S0,N,P_C_OV,A,2007-06,1.9,A,F,,,P1M,A,,,HICP.M.U2.N.000000.4D0.ANR,,,,,,"See <a class=""external"" href=""http://sdw.ecb.europa.eu/web/generator/docu/rtdb_docu.pdf""> notes</a>; block Monthly; series: AI",,1,,,HICP Inflation rate - Total - Annual rate of change,Euro area (moving concept in the Real Time database context) - HICP - Overall index - Annual growth rate,PCCH,0,Replace,2007-07-04T15:30:00.000+02:00,
RTD.M.S0.N.P_C_OV.A,M,S0,N,P_C_OV,A,2007-06,1.89158,A,F,,,P1M,A,,,HICP.M.U2.N.000000.4D0.ANR,,,,,,"See <a class=""external"" href=""http://sdw.ecb.europa.eu/web/generator/docu/rtdb_docu.pdf""> notes</a>; block Monthly; series: AI",,1,,,HICP Inflation rate - Total - Annual rate of change,Euro area (moving concept in the Real Time database context) - HICP - Overall index - Annual growth rate,PCCH,0,Replace,2007-08-01T15:30:00.000+02:00,
RTD.M.S0.N.P_C_OV.A,M,S0,N,P_C_OV,A,2007-07,1.8,A,F,,,P1M,A,,,HICP.M.U2.N.000000.4D0.ANR,,,,,,"See <a class=""external"" href=""http://sdw.ecb.europa.eu/web/generator/docu/rtdb_docu.pdf""> notes</a>; block Monthly; series: AI",,1,,,HICP Inflation rate - Total - Annual rate of change,Euro area (moving concept in the Real Time database context) - HICP - Overall index - Annual growth rate,PCCH,0,Replace,2007-08-01T15:30:00.000+02:00,
RTD.M.S0.N.P_C_OV.A,M,S0,N,P_C_OV,A,2007-07,1.77682,A,F,,,P1M,A,,,HICP.M.U2.N.000000.4D0.ANR,,,,,,"See <a class=""external"" href=""http://sdw.ecb.europa.eu/web/generator/docu/rtdb_docu.pdf""> notes</a>; block Monthly; series: AI",,1,,,HICP Inflation rate - Total - Annual rate of change,Euro area (moving concept in the Real Time database context) - HICP - Overall index - Annual growth rate,PCCH,0,Replace,2007-09-05T15:30:00.000+02:00,
RTD.M.S0.N.P_C_OV.A,M,S0,N,P_C_OV,A,2007-08,1.8,A,F,,,P1M,A,,,HICP.M.U2.N.000000.4D0.ANR,,,,,,"See <a class=""external"" href=""http://sdw.ecb.europa.eu/web/generator/docu/rtdb_docu.pdf""> notes</a>; block Monthly; series: AI",,1,,,HICP Inflation rate - Total - Annual rate of change,Euro area (moving concept in the Real Time database context) - HICP - Overall index - Annual growth rate,PCCH,0,Replace,2007-09-05T15:30:00.000+02:00,
RTD.M.S0.N.P_C_OV.A,M,S0,N,P_C_OV,A,2007-08,1.746,A,F,,,P1M,A,,,HICP.M.U2.N.000000.4D0.ANR,,,,,,"See <a class=""external"" href=""http://sdw.ecb.europa.eu/web/generator/docu/rtdb_docu.pdf""> notes</a>; block Monthly; series: AI",,1,,,HICP Inflation rate - Total - Annual rate of change,Euro area (moving concept in the Real Time database context) - HICP - Overall index - Annual growth rate,PCCH,0,Replace,2007-10-02T15:30:00.000+02:00,
RTD.M.S0.N.P_C_OV.A,M,S0,N,P_C_OV,A,2007-09,2.1,A,F,,,P1M,A,,,HICP.M.U2.N.000000.4D0.ANR,,,,,,"See <a class=""external"" href=""http://sdw.ecb.europa.eu/web/generator/docu/rtdb_docu.pdf""> notes</a>; block Monthly; series: AI",,1,,,HICP Inflation rate - Total - Annual rate of change,Euro area (moving concept in the Real Time database context) - HICP - Overall index - Annual growth rate,PCCH,0,Replace,2007-10-02T15:30:00.000+02:00,
RTD.M.S0.N.P_C_OV.A,M,S0,N,P_C_OV,A,2007-09,2.13617,A,F,,,P1M,A,,,HICP.M.U2.N.000000.4D0.ANR,,,,,,"See <a class=""external"" href=""http://sdw.ecb.europa.eu/web/generator/docu/rtdb_docu.pdf""> notes</a>; block Monthly; series: AI",,1,,,HICP Inflation rate - Total - Annual rate of change,Euro area (moving concept in the Real Time database context) - HICP - Overall index - Annual growth rate,PCCH,0,Replace,2007-11-07T15:30:00.000+01:00,
RTD.M.S0.N.P_C_OV.A,M,S0,N,P_C_OV,A,2007-10,2.6,A,F,,,P1M,A,,,HICP.M.U2.N.000000.4D0.ANR,,,,,,"See <a class=""external"" href=""http://sdw.ecb.europa.eu/web/generator/docu/rtdb_docu.pdf""> notes</a>; block Monthly; series: AI",,1,,,HICP Inflation rate - Total - Annual rate of change,Euro area (moving concept in the Real Time database context) - HICP - Overall index - Annual growth rate,PCCH,0,Replace,2007-11-07T15:30:00.000+01:00,
RTD.M.S0.N.P_C_OV.A,M,S0,N,P_C_OV,A,2007-10,2.55361,A,F,,,P1M,A,,,HICP.M.U2.N.000000.4D0.ANR,,,,,,"See <a class=""external"" href=""http://sdw.ecb.europa.eu/web/generator/docu/rtdb_docu.pdf""> notes</a>; block Monthly; series: AI",,1,,,HICP Inflation rate - Total - Annual rate of change,Euro area (moving concept in the Real Time database context) - HICP - Overall index - Annual growth rate,PCCH,0,Replace,2007-12-05T15:30:00.000+01:00,
RTD.M.S0.N.P_C_OV.A,M,S0,N,P_C_OV,A,2007-11,3,A,F,,,P1M,A,,,HICP.M.U2.N.000000.4D0.ANR,,,,,,"See <a class=""external"" href=""http://sdw.ecb.europa.eu/web/generator/docu/rtdb_docu.pdf""> notes</a>; block Monthly; series: AI",,1,,,HICP Inflation rate - Total - Annual rate of change,Euro area (moving concept in the Real Time database context) - HICP - Overall index - Annual growth rate,PCCH,0,Replace,2007-12-05T15:30:00.000+01:00,
RTD.M.S0.N.P_C_OV.A,M,S0,N,P_C_OV,A,2007-11,3.05924,A,F,,,P1M,A,,,HICP.M.U2.N.000000.4D0.ANR,,,,,,"See <a class=""external"" href=""http://sdw.ecb.europa.eu/web/generator/docu/rtdb_docu.pdf""> notes</a>; block Monthly; series: AI",,1,,,HICP Inflation rate - Total - Annual rate of change,Euro area (moving concept in the Real Time database context) - HICP - Overall index - Annual growth rate,PCCH,0,Replace,2008-01-09T15:30:00.000+01:00,
RTD.M.S0.N.P_C_OV.A,M,S0,N,P_C_OV,A,2007-12,3.1,A,F,,,P1M,A,,,HICP.M.U2.N.000000.4D0.ANR,,,,,,"See <a class=""external"" href=""http://sdw.ecb.europa.eu/web/generator/docu/rtdb_docu.pdf""> notes</a>; block Monthly; series: AI",,1,,,HICP Inflation rate - Total - Annual rate of change,Euro area (moving concept in the Real Time database context) - HICP - Overall index - Annual growth rate,PCCH,0,Replace,2008-01-09T15:30:00.000+01:00,
RTD.M.S0.N.P_C_OV.A,M,S0,N,P_C_OV,A,2007-12,3.06677,A,F,,,P1M,A,,,HICP.M.U2.N.000000.4D0.ANR,,,,,,"See <a class=""external"" href=""http://sdw.ecb.europa.eu/web/generator/docu/rtdb_docu.pdf""> notes</a>; block Monthly; series: AI",,1,,,HICP Inflation rate - Total - Annual rate of change,Euro area (moving concept in the Real Time database context) - HICP - Overall index - Annual growth rate,PCCH,0,Replace,2008-02-06T15:30:00.000+01:00,
RTD.M.S0.N.P_C_OV.A,M,S0,N,P_C_OV,A,2008-01,3.2,A,F,,,P1M,A,,,HICP.M.U2.N.000000.4D0.ANR,,,,,,"See <a class=""external"" href=""http://sdw.ecb.europa.eu/web/generator/docu/rtdb_docu.pdf""> notes</a>; block Monthly; series: AI",,1,,,HICP Inflation rate - Total - Annual rate of change,Euro area (moving concept in the Real Time database context) - HICP - Overall index - Annual growth rate,PCCH,0,Replace,2008-02-06T15:30:00.000+01:00,
RTD.M.S0.N.P_C_OV.A,M,S0,N,P_C_OV,A,2008-01,3.19969,A,F,,,P1M,A,,,HICP.M.U2.N.000000.4D0.ANR,,,,,,"See <a class=""external"" href=""http://sdw.ecb.europa.eu/web/generator/docu/rtdb_docu.pdf""> notes</a>; block Monthly; series: AI",,1,,,HICP Inflation rate - Total - Annual rate of change,Euro area (moving concept in the Real Time database context) - HICP - Overall index - Annual growth rate,PCCH,0,Replace,2008-03-05T15:30:00.000+01:00,
RTD.M.S0.N.P_C_OV.A,M,S0,N,P_C_OV,A,2008-02,3.2,A,F,,,P1M,A,,,HICP.M.U2.N.000000.4D0.ANR,,,,,,"See <a class=""external"" href=""http://sdw.ecb.europa.eu/web/generator/docu/rtdb_docu.pdf""> notes</a>; block Monthly; series: AI",,1,,,HICP Inflation rate - Total - Annual rate of change,Euro area (moving concept in the Real Time database context) - HICP - Overall index - Annual growth rate,PCCH,0,Replace,2008-03-05T15:30:00.000+01:00,
RTD.M.S0.N.P_C_OV.A,M,S0,N,P_C_OV,A,2008-02,3.25844,A,F,,,P1M,A,,,HICP.M.U2.N.000000.4D0.ANR,,,,,,"See <a class=""external"" href=""http://sdw.ecb.europa.eu/web/generator/docu/rtdb_docu.pdf""> notes</a>; block Monthly; series: AI",,1,,,HICP Inflation rate - Total - Annual rate of change,Euro area (moving concept in the Real Time database context) - HICP - Overall index - Annual growth rate,PCCH,0,Replace,2008-04-09T15:30:00.000+02:00,
RTD.M.S0.N.P_C_OV.A,M,S0,N,P_C_OV,A,2008-03,3.5,A,F,,,P1M,A,,,HICP.M.U2.N.000000.4D0.ANR,,,,,,"See <a class=""external"" href=""http://sdw.ecb.europa.eu/web/generator/docu/rtdb_docu.pdf""> notes</a>; block Monthly; series: AI",,1,,,HICP Inflation rate - Total - Annual rate of change,Euro area (moving concept in the Real Time database context) - HICP - Overall index - Annual growth rate,PCCH,0,Replace,2008-04-09T15:30:00.000+02:00,
RTD.M.S0.N.P_C_OV.A,M,S0,N,P_C_OV,A,2008-01,3.20944,A,F,,,P1M,A,,,HICP.M.U2.N.000000.4D0.ANR,,,,,,"See <a class=""external"" href=""http://sdw.ecb.europa.eu/web/generator/docu/rtdb_docu.pdf""> notes</a>; block Monthly; series: AI",,1,,,HICP Inflation rate - Total - Annual rate of change,Euro area (moving concept in the Real Time database context) - HICP - Overall index - Annual growth rate,PCCH,0,Replace,2008-05-06T15:30:00.000+02:00,
RTD.M.S0.N.P_C_OV.A,M,S0,N,P_C_OV,A,2008-02,3.26816,A,F,,,P1M,A,,,HICP.M.U2.N.000000.4D0.ANR,,,,,,"See <a class=""external"" href=""http://sdw.ecb.europa.eu/web/generator/docu/rtdb_docu.pdf""> notes</a>; block Monthly; series: AI",,1,,,HICP Inflation rate - Total - Annual rate of change,Euro area (moving concept in the Real Time database context) - HICP - Overall index - Annual growth rate,PCCH,0,Replace,2008-05-06T15:30:00.000+02:00,
RTD.M.S0.N.P_C_OV.A,M,S0,N,P_C_OV,A,2008-03,3.58454,A,F,,,P1M,A,,,HICP.M.U2.N.000000.4D0.ANR,,,,,,"See <a class=""external"" href=""http://sdw.ecb.europa.eu/web/generator/docu/rtdb_docu.pdf""> notes</a>; block Monthly; series: AI",,1,,,HICP Inflation rate - Total - Annual rate of change,Euro area (moving concept in the Real Time database context) - HICP - Overall index - Annual growth rate,PCCH,0,Replace,2008-05-06T15:30:00.000+02:00,
RTD.M.S0.N.P_C_OV.A,M,S0,N,P_C_OV,A,2008-04,3.3,A,F,,,P1M,A,,,HICP.M.U2.N.000000.4D0.ANR,,,,,,"See <a class=""external"" href=""http://sdw.ecb.europa.eu/web/generator/docu/rtdb_docu.pdf""> notes</a>; block Monthly; series: AI",,1,,,HICP Inflation rate - Total - Annual rate of change,Euro area (moving concept in the Real Time database context) - HICP - Overall index - Annual growth rate,PCCH,0,Replace,2008-05-06T15:30:00.000+02:00,
RTD.M.S0.N.P_C_OV.A,M,S0,N,P_C_OV,A,2008-04,3.26452,A,F,,,P1M,A,,,HICP.M.U2.N.000000.4D0.ANR,,,,,,"See <a class=""external"" href=""http://sdw.ecb.europa.eu/web/generator/docu/rtdb_docu.pdf""> notes</a>; block Monthly; series: AI",,1,,,HICP Inflation rate - Total - Annual rate of change,Euro area (moving concept in the Real Time database context) - HICP - Overall index - Annual growth rate,PCCH,0,Replace,2008-06-04T15:30:00.000+02:00,
RTD.M.S0.N.P_C_OV.A,M,S0,N,P_C_OV,A,2008-05,3.6,A,F,,,P1M,A,,,HICP.M.U2.N.000000.4D0.ANR,,,,,,"See <a class=""external"" href=""http://sdw.ecb.europa.eu/web/generator/docu/rtdb_docu.pdf""> notes</a>; block Monthly; series: AI",,1,,,HICP Inflation rate - Total - Annual rate of change,Euro area (moving concept in the Real Time database context) - HICP - Overall index - Annual growth rate,PCCH,0,Replace,2008-06-04T15:30:00.000+02:00,
RTD.M.S0.N.P_C_OV.A,M,S0,N,P_C_OV,A,2008-05,3.66858,A,F,,,P1M,A,,,HICP.M.U2.N.000000.4D0.ANR,,,,,,"See <a class=""external"" href=""http://sdw.ecb.europa.eu/web/generator/docu/rtdb_docu.pdf""> notes</a>; block Monthly; series: AI",,1,,,HICP Inflation rate - Total - Annual rate of change,Euro area (moving concept in the Real Time database context) - HICP - Overall index - Annual growth rate,PCCH,0,Replace,2008-07-02T15:30:00.000+02:00,
RTD.M.S0.N.P_C_OV.A,M,S0,N,P_C_OV,A,2008-06,4,A,F,,,P1M,A,,,HICP.M.U2.N.000000.4D0.ANR,,,,,,"See <a class=""external"" href=""http://sdw.ecb.europa.eu/web/generator/docu/rtdb_docu.pdf""> notes</a>; block Monthly; series: AI",,1,,,HICP Inflation rate - Total - Annual rate of change,Euro area (moving concept in the Real Time database context) - HICP - Overall index - Annual growth rate,PCCH,0,Replace,2008-07-02T15:30:00.000+02:00,
RTD.M.S0.N.P_C_OV.A,M,S0,N,P_C_OV,A,2008-06,3.96172,A,F,,,P1M,A,,,HICP.M.U2.N.000000.4D0.ANR,,,,,,"See <a class=""external"" href=""http://sdw.ecb.europa.eu/web/generator/docu/rtdb_docu.pdf""> notes</a>; block Monthly; series: AI",,1,,,HICP Inflation rate - Total - Annual rate of change,Euro area (moving concept in the Real Time database context) - HICP - Overall index - Annual growth rate,PCCH,0,Replace,2008-08-06T15:30:00.000+02:00,
RTD.M.S0.N.P_C_OV.A,M,S0,N,P_C_OV,A,2008-07,4.1,A,F,,,P1M,A,,,HICP.M.U2.N.000000.4D0.ANR,,,,,,"See <a class=""external"" href=""http://sdw.ecb.europa.eu/web/generator/docu/rtdb_docu.pdf""> notes</a>; block Monthly; series: AI",,1,,,HICP Inflation rate - Total - Annual rate of change,Euro area (moving concept in the Real Time database context) - HICP - Overall index - Annual growth rate,PCCH,0,Replace,2008-08-06T15:30:00.000+02:00,
RTD.M.S0.N.P_C_OV.A,M,S0,N,P_C_OV,A,2008-07,4.04796,A,F,,,P1M,A,,,HICP.M.U2.N.000000.4D0.ANR,,,,,,"See <a class=""external"" href=""http://sdw.ecb.europa.eu/web/generator/docu/rtdb_docu.pdf""> notes</a>; block Monthly; series: AI",,1,,,HICP Inflation rate - Total - Annual rate of change,Euro area (moving concept in the Real Time database context) - HICP - Overall index - Annual growth rate,PCCH,0,Replace,2008-09-03T15:30:00.000+02:00,
RTD.M.S0.N.P_C_OV.A,M,S0,N,P_C_OV,A,2008-08,3.8,A,F,,,P1M,A,,,HICP.M.U2.N.000000.4D0.ANR,,,,,,"See <a class=""external"" href=""http://sdw.ecb.europa.eu/web/generator/docu/rtdb_docu.pdf""> notes</a>; block Monthly; series: AI",,1,,,HICP Inflation rate - Total - Annual rate of change,Euro area (moving concept in the Real Time database context) - HICP - Overall index - Annual growth rate,PCCH,0,Replace,2008-09-03T15:30:00.000+02:00,
RTD.M.S0.N.P_C_OV.A,M,S0,N,P_C_OV,A,2008-08,3.84431,A,F,,,P1M,A,,,HICP.M.U2.N.000000.4D0.ANR,,,,,,"See <a class=""external"" href=""http://sdw.ecb.europa.eu/web/generator/docu/rtdb_docu.pdf""> notes</a>; block Monthly; series: AI",,1,,,HICP Inflation rate - Total - Annual rate of change,Euro area (moving concept in the Real Time database context) - HICP - Overall index - Annual growth rate,PCCH,0,Replace,2008-09-30T15:30:00.000+02:00,
RTD.M.S0.N.P_C_OV.A,M,S0,N,P_C_OV,A,2008-09,3.6,A,F,,,P1M,A,,,HICP.M.U2.N.000000.4D0.ANR,,,,,,"See <a class=""external"" href=""http://sdw.ecb.europa.eu/web/generator/docu/rtdb_docu.pdf""> notes</a>; block Monthly; series: AI",,1,,,HICP Inflation rate - Total - Annual rate of change,Euro area (moving concept in the Real Time database context) - HICP - Overall index - Annual growth rate,PCCH,0,Replace,2008-09-30T15:30:00.000+02:00,
RTD.M.S0.N.P_C_OV.A,M,S0,N,P_C_OV,A,2008-09,3.63862,A,F,,,P1M,A,,,HICP.M.U2.N.000000.4D0.ANR,,,,,,"See <a class=""external"" href=""http://sdw.ecb.europa.eu/web/generator/docu/rtdb_docu.pdf""> notes</a>; block Monthly; series: AI",,1,,,HICP Inflation rate - Total - Annual rate of change,Euro area (moving concept in the Real Time database context) - HICP - Overall index - Annual growth rate,PCCH,0,Replace,2008-11-05T15:30:00.000+01:00,
RTD.M.S0.N.P_C_OV.A,M,S0,N,P_C_OV,A,2008-10,3.2,A,F,,,P1M,A,,,HICP.M.U2.N.000000.4D0.ANR,,,,,,"See <a class=""external"" href=""http://sdw.ecb.europa.eu/web/generator/docu/rtdb_docu.pdf""> notes</a>; block Monthly; series: AI",,1,,,HICP Inflation rate - Total - Annual rate of change,Euro area (moving concept in the Real Time database context) - HICP - Overall index - Annual growth rate,PCCH,0,Replace,2008-11-05T15:30:00.000+01:00,
RTD.M.S0.N.P_C_OV.A,M,S0,N,P_C_OV,A,2008-10,3.1648,A,F,,,P1M,A,,,HICP.M.U2.N.000000.4D0.ANR,,,,,,"See <a class=""external"" href=""http://sdw.ecb.europa.eu/web/generator/docu/rtdb_docu.pdf""> notes</a>; block Monthly; series: AI",,1,,,HICP Inflation rate - Total - Annual rate of change,Euro area (moving concept in the Real Time database context) - HICP - Overall index - Annual growth rate,PCCH,0,Replace,2008-12-03T15:30:00.000+01:00,
RTD.M.S0.N.P_C_OV.A,M,S0,N,P_C_OV,A,2008-11,2.1,A,F,,,P1M,A,,,HICP.M.U2.N.000000.4D0.ANR,,,,,,"See <a class=""external"" href=""http://sdw.ecb.europa.eu/web/generator/docu/rtdb_docu.pdf""> notes</a>; block Monthly; series: AI",,1,,,HICP Inflation rate - Total - Annual rate of change,Euro area (moving concept in the Real Time database context) - HICP - Overall index - Annual growth rate,PCCH,0,Replace,2008-12-03T15:30:00.000+01:00,
RTD.M.S0.N.P_C_OV.A,M,S0,N,P_C_OV,A,2008-11,2.1176,A,F,,,P1M,A,,,HICP.M.U2.N.000000.4D0.ANR,,,,,,"See <a class=""external"" href=""http://sdw.ecb.europa.eu/web/generator/docu/rtdb_docu.pdf""> notes</a>; block Monthly; series: AI",,1,,,HICP Inflation rate - Total - Annual rate of change,Euro area (moving concept in the Real Time database context) - HICP - Overall index - Annual growth rate,PCCH,0,Replace,2009-01-14T15:30:00.000+01:00,
RTD.M.S0.N.P_C_OV.A,M,S0,N,P_C_OV,A,2008-12,1.58192,A,F,,,P1M,A,,,HICP.M.U2.N.000000.4D0.ANR,,,,,,"See <a class=""external"" href=""http://sdw.ecb.europa.eu/web/generator/docu/rtdb_docu.pdf""> notes</a>; block Monthly; series: AI",,1,,,HICP Inflation rate - Total - Annual rate of change,Euro area (moving concept in the Real Time database context) - HICP - Overall index - Annual growth rate,PCCH,0,Replace,2009-01-14T15:30:00.000+01:00,
RTD.M.S0.N.P_C_OV.A,M,S0,N,P_C_OV,A,2009-01,1.1,A,F,,,P1M,A,,,HICP.M.U2.N.000000.4D0.ANR,,,,,,"See <a class=""external"" href=""http://sdw.ecb.europa.eu/web/generator/docu/rtdb_docu.pdf""> notes</a>; block Monthly; series: AI",,1,,,HICP Inflation rate - Total - Annual rate of change,Euro area (moving concept in the Real Time database context) - HICP - Overall index - Annual growth rate,PCCH,0,Replace,2009-02-04T15:30:00.000+01:00,
RTD.M.S0.N.P_C_OV.A,M,S0,N,P_C_OV,A,2009-01,1.11531,A,F,,,P1M,A,,,HICP.M.U2.N.000000.4D0.ANR,,,,,,"See <a class=""external"" href=""http://sdw.ecb.europa.eu/web/generator/docu/rtdb_docu.pdf""> notes</a>; block Monthly; series: AI",,1,,,HICP Inflation rate - Total - Annual rate of change,Euro area (moving concept in the Real Time database context) - HICP - Overall index - Annual growth rate,PCCH,0,Replace,2009-03-04T15:30:00.000+01:00,
RTD.M.S0.N.P_C_OV.A,M,S0,N,P_C_OV,A,2009-02,1.2,A,F,,,P1M,A,,,HICP.M.U2.N.000000.4D0.ANR,,,,,,"See <a class=""external"" href=""http://sdw.ecb.europa.eu/web/generator/docu/rtdb_docu.pdf""> notes</a>; block Monthly; series: AI",,1,,,HICP Inflation rate - Total - Annual rate of change,Euro area (moving concept in the Real Time database context) - HICP - Overall index - Annual growth rate,PCCH,0,Replace,2009-03-04T15:30:00.000+01:00,
RTD.M.S0.N.P_C_OV.A,M,S0,N,P_C_OV,A,2009-02,1.17736,A,F,,,P1M,A,,,HICP.M.U2.N.000000.4D0.ANR,,,,,,"See <a class=""external"" href=""http://sdw.ecb.europa.eu/web/generator/docu/rtdb_docu.pdf""> notes</a>; block Monthly; series: AI",,1,,,HICP Inflation rate - Total - Annual rate of change,Euro area (moving concept in the Real Time database context) - HICP - Overall index - Annual growth rate,PCCH,0,Replace,2009-04-01T15:30:00.000+02:00,
RTD.M.S0.N.P_C_OV.A,M,S0,N,P_C_OV,A,2009-03,0.6,A,F,,,P1M,A,,,HICP.M.U2.N.000000.4D0.ANR,,,,,,"See <a class=""external"" href=""http://sdw.ecb.europa.eu/web/generator/docu/rtdb_docu.pdf""> notes</a>; block Monthly; series: AI",,1,,,HICP Inflation rate - Total - Annual rate of change,Euro area (moving concept in the Real Time database context) - HICP - Overall index - Annual growth rate,PCCH,0,Replace,2009-04-01T15:30:00.000+02:00,
RTD.M.S0.N.P_C_OV.A,M,S0,N,P_C_OV,A,2009-03,0.56898,A,F,,,P1M,A,,,HICP.M.U2.N.000000.4D0.ANR,,,,,,"See <a class=""external"" href=""http://sdw.ecb.europa.eu/web/generator/docu/rtdb_docu.pdf""> notes</a>; block Monthly; series: AI",,1,,,HICP Inflation rate - Total - Annual rate of change,Euro area (moving concept in the Real Time database context) - HICP - Overall index - Annual growth rate,PCCH,0,Replace,2009-05-06T15:30:00.000+02:00,
RTD.M.S0.N.P_C_OV.A,M,S0,N,P_C_OV,A,2009-04,0.6,A,F,,,P1M,A,,,HICP.M.U2.N.000000.4D0.ANR,,,,,,"See <a class=""external"" href=""http://sdw.ecb.europa.eu/web/generator/docu/rtdb_docu.pdf""> notes</a>; block Monthly; series: AI",,1,,,HICP Inflation rate - Total - Annual rate of change,Euro area (moving concept in the Real Time database context) - HICP - Overall index - Annual growth rate,PCCH,0,Replace,2009-05-06T15:30:00.000+02:00,
RTD.M.S0.N.P_C_OV.A,M,S0,N,P_C_OV,A,2009-04,0.61367,A,F,,,P1M,A,,,HICP.M.U2.N.000000.4D0.ANR,,,,,,"See <a class=""external"" href=""http://sdw.ecb.europa.eu/web/generator/docu/rtdb_docu.pdf""> notes</a>; block Monthly; series: AI",,1,,,HICP Inflation rate - Total - Annual rate of change,Euro area (moving concept in the Real Time database context) - HICP - Overall index - Annual growth rate,PCCH,0,Replace,2009-06-03T15:30:00.000+02:00,
RTD.M.S0.N.P_C_OV.A,M,S0,N,P_C_OV,A,2009-05,0,A,F,,,P1M,A,,,HICP.M.U2.N.000000.4D0.ANR,,,,,,"See <a class=""external"" href=""http://sdw.ecb.europa.eu/web/generator/docu/rtdb_docu.pdf""> notes</a>; block Monthly; series: AI",,1,,,HICP Inflation rate - Total - Annual rate of change,Euro area (moving concept in the Real Time database context) - HICP - Overall index - Annual growth rate,PCCH,0,Replace,2009-06-03T15:30:00.000+02:00,
RTD.M.S0.N.P_C_OV.A,M,S0,N,P_C_OV,A,2009-05,0.03696,A,F,,,P1M,A,,,HICP.M.U2.N.000000.4D0.ANR,,,,,,"See <a class=""external"" href=""http://sdw.ecb.europa.eu/web/generator/docu/rtdb_docu.pdf""> notes</a>; block Monthly; series: AI",,1,,,HICP Inflation rate - Total - Annual rate of change,Euro area (moving concept in the Real Time database context) - HICP - Overall index - Annual growth rate,PCCH,0,Replace,2009-07-01T15:30:00.000+02:00,
RTD.M.S0.N.P_C_OV.A,M,S0,N,P_C_OV,A,2009-06,-0.1,A,F,,,P1M,A,,,HICP.M.U2.N.000000.4D0.ANR,,,,,,"See <a class=""external"" href=""http://sdw.ecb.europa.eu/web/generator/docu/rtdb_docu.pdf""> notes</a>; block Monthly; series: AI",,1,,,HICP Inflation rate - Total - Annual rate of change,Euro area (moving concept in the Real Time database context) - HICP - Overall index - Annual growth rate,PCCH,0,Replace,2009-07-01T15:30:00.000+02:00,
RTD.M.S0.N.P_C_OV.A,M,S0,N,P_C_OV,A,2009-06,-0.14728,A,F,,,P1M,A,,,HICP.M.U2.N.000000.4D0.ANR,,,,,,"See <a class=""external"" href=""http://sdw.ecb.europa.eu/web/generator/docu/rtdb_docu.pdf""> notes</a>; block Monthly; series: AI",,1,,,HICP Inflation rate - Total - Annual rate of change,Euro area (moving concept in the Real Time database context) - HICP - Overall index - Annual growth rate,PCCH,0,Replace,2009-08-05T15:30:00.000+02:00,
RTD.M.S0.N.P_C_OV.A,M,S0,N,P_C_OV,A,2009-07,-0.6,A,F,,,P1M,A,,,HICP.M.U2.N.000000.4D0.ANR,,,,,,"See <a class=""external"" href=""http://sdw.ecb.europa.eu/web/generator/docu/rtdb_docu.pdf""> notes</a>; block Monthly; series: AI",,1,,,HICP Inflation rate - Total - Annual rate of change,Euro area (moving concept in the Real Time database context) - HICP - Overall index - Annual growth rate,PCCH,0,Replace,2009-08-05T15:30:00.000+02:00,
RTD.M.S0.N.P_C_OV.A,M,S0,N,P_C_OV,A,2009-07,-0.65456,A,F,,,P1M,A,,,HICP.M.U2.N.000000.4D0.ANR,,,,,,"See <a class=""external"" href=""http://sdw.ecb.europa.eu/web/generator/docu/rtdb_docu.pdf""> notes</a>; block Monthly; series: AI",,1,,,HICP Inflation rate - Total - Annual rate of change,Euro area (moving concept in the Real Time database context) - HICP - Overall index - Annual growth rate,PCCH,0,Replace,2009-09-02T15:30:00.000+02:00,
RTD.M.S0.N.P_C_OV.A,M,S0,N,P_C_OV,A,2009-08,-0.2,A,F,,,P1M,A,,,HICP.M.U2.N.000000.4D0.ANR,,,,,,"See <a class=""external"" href=""http://sdw.ecb.europa.eu/web/generator/docu/rtdb_docu.pdf""> notes</a>; block Monthly; series: AI",,1,,,HICP Inflation rate - Total - Annual rate of change,Euro area (moving concept in the Real Time database context) - HICP - Overall index - Annual growth rate,PCCH,0,Replace,2009-09-02T15:30:00.000+02:00,
RTD.M.S0.N.P_C_OV.A,M,S0,N,P_C_OV,A,2009-08,-0.17541,A,F,,,P1M,A,,,HICP.M.U2.N.000000.4D0.ANR,,,,,,"See <a class=""external"" href=""http://sdw.ecb.europa.eu/web/generator/docu/rtdb_docu.pdf""> notes</a>; block Monthly; series: AI",,1,,,HICP Inflation rate - Total - Annual rate of change,Euro area (moving concept in the Real Time database context) - HICP - Overall index - Annual growth rate,PCCH,0,Replace,2009-10-07T15:30:00.000+02:00,
RTD.M.S0.N.P_C_OV.A,M,S0,N,P_C_OV,A,2009-09,-0.3,A,F,,,P1M,A,,,HICP.M.U2.N.000000.4D0.ANR,,,,,,"See <a class=""external"" href=""http://sdw.ecb.europa.eu/web/generator/docu/rtdb_docu.pdf""> notes</a>; block Monthly; series: AI",,1,,,HICP Inflation rate - Total - Annual rate of change,Euro area (moving concept in the Real Time database context) - HICP - Overall index - Annual growth rate,PCCH,0,Replace,2009-10-07T15:30:00.000+02:00,
RTD.M.S0.N.P_C_OV.A,M,S0,N,P_C_OV,A,2009-09,-0.33174,A,F,,,P1M,A,,,HICP.M.U2.N.000000.4D0.ANR,,,,,,"See <a class=""external"" href=""http://sdw.ecb.europa.eu/web/generator/docu/rtdb_docu.pdf""> notes</a>; block Monthly; series: AI",,1,,,HICP Inflation rate - Total - Annual rate of change,Euro area (moving concept in the Real Time database context) - HICP - Overall index - Annual growth rate,PCCH,0,Replace,2009-11-04T15:30:00.000+01:00,
RTD.M.S0.N.P_C_OV.A,M,S0,N,P_C_OV,A,2009-10,-0.1,A,F,,,P1M,A,,,HICP.M.U2.N.000000.4D0.ANR,,,,,,"See <a class=""external"" href=""http://sdw.ecb.europa.eu/web/generator/docu/rtdb_docu.pdf""> notes</a>; block Monthly; series: AI",,1,,,HICP Inflation rate - Total - Annual rate of change,Euro area (moving concept in the Real Time database context) - HICP - Overall index - Annual growth rate,PCCH,0,Replace,2009-11-04T15:30:00.000+01:00,
RTD.M.S0.N.P_C_OV.A,M,S0,N,P_C_OV,A,2009-10,-0.12897,A,F,,,P1M,A,,,HICP.M.U2.N.000000.4D0.ANR,,,,,,"See <a class=""external"" href=""http://sdw.ecb.europa.eu/web/generator/docu/rtdb_docu.pdf""> notes</a>; block Monthly; series: AI",,1,,,HICP Inflation rate - Total - Annual rate of change,Euro area (moving concept in the Real Time database context) - HICP - Overall index - Annual growth rate,PCCH,0,Replace,2009-12-02T15:30:00.000+01:00,
RTD.M.S0.N.P_C_OV.A,M,S0,N,P_C_OV,A,2009-11,0.6,A,F,,,P1M,A,,,HICP.M.U2.N.000000.4D0.ANR,,,,,,"See <a class=""external"" href=""http://sdw.ecb.europa.eu/web/generator/docu/rtdb_docu.pdf""> notes</a>; block Monthly; series: AI",,1,,,HICP Inflation rate - Total - Annual rate of change,Euro area (moving concept in the Real Time database context) - HICP - Overall index - Annual growth rate,PCCH,0,Replace,2009-12-02T15:30:00.000+01:00,
RTD.M.S0.N.P_C_OV.A,M,S0,N,P_C_OV,A,2009-11,0.48139,A,F,,,P1M,A,,,HICP.M.U2.N.000000.4D0.ANR,,,,,,"See <a class=""external"" href=""http://sdw.ecb.europa.eu/web/generator/docu/rtdb_docu.pdf""> notes</a>; block Monthly; series: AI",,1,,,HICP Inflation rate - Total - Annual rate of change,Euro area (moving concept in the Real Time database context) - HICP - Overall index - Annual growth rate,PCCH,0,Replace,2010-01-13T15:30:00.000+01:00,
RTD.M.S0.N.P_C_OV.A,M,S0,N,P_C_OV,A,2009-12,0.9,A,F,,,P1M,A,,,HICP.M.U2.N.000000.4D0.ANR,,,,,,"See <a class=""external"" href=""http://sdw.ecb.europa.eu/web/generator/docu/rtdb_docu.pdf""> notes</a>; block Monthly; series: AI",,1,,,HICP Inflation rate - Total - Annual rate of change,Euro area (moving concept in the Real Time database context) - HICP - Overall index - Annual growth rate,PCCH,0,Replace,2010-01-13T15:30:00.000+01:00,
RTD.M.S0.N.P_C_OV.A,M,S0,N,P_C_OV,A,2009-12,0.92696,A,F,,,P1M,A,,,HICP.M.U2.N.000000.4D0.ANR,,,,,,"See <a class=""external"" href=""http://sdw.ecb.europa.eu/web/generator/docu/rtdb_docu.pdf""> notes</a>; block Monthly; series: AI",,1,,,HICP Inflation rate - Total - Annual rate of change,Euro area (moving concept in the Real Time database context) - HICP - Overall index - Annual growth rate,PCCH,0,Replace,2010-02-03T15:30:00.000+01:00,
RTD.M.S0.N.P_C_OV.A,M,S0,N,P_C_OV,A,2010-01,1,A,F,,,P1M,A,,,HICP.M.U2.N.000000.4D0.ANR,,,,,,"See <a class=""external"" href=""http://sdw.ecb.europa.eu/web/generator/docu/rtdb_docu.pdf""> notes</a>; block Monthly; series: AI",,1,,,HICP Inflation rate - Total - Annual rate of change,Euro area (moving concept in the Real Time database context) - HICP - Overall index - Annual growth rate,PCCH,0,Replace,2010-02-03T15:30:00.000+01:00,
RTD.M.S0.N.P_C_OV.A,M,S0,N,P_C_OV,A,2010-01,1.00019,A,F,,,P1M,A,,,HICP.M.U2.N.000000.4D0.ANR,,,,,,"See <a class=""external"" href=""http://sdw.ecb.europa.eu/web/generator/docu/rtdb_docu.pdf""> notes</a>; block Monthly; series: AI",,1,,,HICP Inflation rate - Total - Annual rate of change,Euro area (moving concept in the Real Time database context) - HICP - Overall index - Annual growth rate,PCCH,0,Replace,2010-03-03T15:30:00.000+01:00,
RTD.M.S0.N.P_C_OV.A,M,S0,N,P_C_OV,A,2010-02,0.9,A,F,,,P1M,A,,,HICP.M.U2.N.000000.4D0.ANR,,,,,,"See <a class=""external"" href=""http://sdw.ecb.europa.eu/web/generator/docu/rtdb_docu.pdf""> notes</a>; block Monthly; series: AI",,1,,,HICP Inflation rate - Total - Annual rate of change,Euro area (moving concept in the Real Time database context) - HICP - Overall index - Annual growth rate,PCCH,0,Replace,2010-03-03T15:30:00.000+01:00,
RTD.M.S0.N.P_C_OV.A,M,S0,N,P_C_OV,A,2010-02,0.903,A,F,,,P1M,A,,,HICP.M.U2.N.000000.4D0.ANR,,,,,,"See <a class=""external"" href=""http://sdw.ecb.europa.eu/web/generator/docu/rtdb_docu.pdf""> notes</a>; block Monthly; series: AI",,1,,,HICP Inflation rate - Total - Annual rate of change,Euro area (moving concept in the Real Time database context) - HICP - Overall index - Annual growth rate,PCCH,0,Replace,2010-04-07T15:30:00.000+02:00,
RTD.M.S0.N.P_C_OV.A,M,S0,N,P_C_OV,A,2010-03,1.5,A,F,,,P1M,A,,,HICP.M.U2.N.000000.4D0.ANR,,,,,,"See <a class=""external"" href=""http://sdw.ecb.europa.eu/web/generator/docu/rtdb_docu.pdf""> notes</a>; block Monthly; series: AI",,1,,,HICP Inflation rate - Total - Annual rate of change,Euro area (moving concept in the Real Time database context) - HICP - Overall index - Annual growth rate,PCCH,0,Replace,2010-04-07T15:30:00.000+02:00,
RTD.M.S0.N.P_C_OV.A,M,S0,N,P_C_OV,A,2010-03,1.43758,A,F,,,P1M,A,,,HICP.M.U2.N.000000.4D0.ANR,,,,,,"See <a class=""external"" href=""http://sdw.ecb.europa.eu/web/generator/docu/rtdb_docu.pdf""> notes</a>; block Monthly; series: AI",,1,,,HICP Inflation rate - Total - Annual rate of change,Euro area (moving concept in the Real Time database context) - HICP - Overall index - Annual growth rate,PCCH,0,Replace,2010-05-05T15:30:00.000+02:00,
RTD.M.S0.N.P_C_OV.A,M,S0,N,P_C_OV,A,2010-04,1.5,A,F,,,P1M,A,,,HICP.M.U2.N.000000.4D0.ANR,,,,,,"See <a class=""external"" href=""http://sdw.ecb.europa.eu/web/generator/docu/rtdb_docu.pdf""> notes</a>; block Monthly; series: AI",,1,,,HICP Inflation rate - Total - Annual rate of change,Euro area (moving concept in the Real Time database context) - HICP - Overall index - Annual growth rate,PCCH,0,Replace,2010-05-05T15:30:00.000+02:00,
RTD.M.S0.N.P_C_OV.A,M,S0,N,P_C_OV,A,2009-07,-0.64534,A,F,,,P1M,A,,,HICP.M.U2.N.000000.4D0.ANR,,,,,,"See <a class=""external"" href=""http://sdw.ecb.europa.eu/web/generator/docu/rtdb_docu.pdf""> notes</a>; block Monthly; series: AI",,1,,,HICP Inflation rate - Total - Annual rate of change,Euro area (moving concept in the Real Time database context) - HICP - Overall index - Annual growth rate,PCCH,0,Replace,2010-06-09T15:30:00.000+02:00,
RTD.M.S0.N.P_C_OV.A,M,S0,N,P_C_OV,A,2009-08,-0.16617,A,F,,,P1M,A,,,HICP.M.U2.N.000000.4D0.ANR,,,,,,"See <a class=""external"" href=""http://sdw.ecb.europa.eu/web/generator/docu/rtdb_docu.pdf""> notes</a>; block Monthly; series: AI",,1,,,HICP Inflation rate - Total - Annual rate of change,Euro area (moving concept in the Real Time database context) - HICP - Overall index - Annual growth rate,PCCH,0,Replace,2010-06-09T15:30:00.000+02:00,
RTD.M.S0.N.P_C_OV.A,M,S0,N,P_C_OV,A,2010-04,1.53405,A,F,,,P1M,A,,,HICP.M.U2.N.000000.4D0.ANR,,,,,,"See <a class=""external"" href=""http://sdw.ecb.europa.eu/web/generator/docu/rtdb_docu.pdf""> notes</a>; block Monthly; series: AI",,1,,,HICP Inflation rate - Total - Annual rate of change,Euro area (moving concept in the Real Time database context) - HICP - Overall index - Annual growth rate,PCCH,0,Replace,2010-06-09T15:30:00.000+02:00,
RTD.M.S0.N.P_C_OV.A,M,S0,N,P_C_OV,A,2010-05,1.6,A,F,,,P1M,A,,,HICP.M.U2.N.000000.4D0.ANR,,,,,,"See <a class=""external"" href=""http://sdw.ecb.europa.eu/web/generator/docu/rtdb_docu.pdf""> notes</a>; block Monthly; series: AI",,1,,,HICP Inflation rate - Total - Annual rate of change,Euro area (moving concept in the Real Time database context) - HICP - Overall index - Annual growth rate,PCCH,0,Replace,2010-06-09T15:30:00.000+02:00,
RTD.M.S0.N.P_C_OV.A,M,S0,N,P_C_OV,A,2010-05,1.60709,A,F,,,P1M,A,,,HICP.M.U2.N.000000.4D0.ANR,,,,,,"See <a class=""external"" href=""http://sdw.ecb.europa.eu/web/generator/docu/rtdb_docu.pdf""> notes</a>; block Monthly; series: AI",,1,,,HICP Inflation rate - Total - Annual rate of change,Euro area (moving concept in the Real Time database context) - HICP - Overall index - Annual growth rate,PCCH,0,Replace,2010-07-07T15:30:00.000+02:00,
RTD.M.S0.N.P_C_OV.A,M,S0,N,P_C_OV,A,2010-06,1.4,A,F,,,P1M,A,,,HICP.M.U2.N.000000.4D0.ANR,,,,,,"See <a class=""external"" href=""http://sdw.ecb.europa.eu/web/generator/docu/rtdb_docu.pdf""> notes</a>; block Monthly; series: AI",,1,,,HICP Inflation rate - Total - Annual rate of change,Euro area (moving concept in the Real Time database context) - HICP - Overall index - Annual growth rate,PCCH,0,Replace,2010-07-07T15:30:00.000+02:00,
RTD.M.S0.N.P_C_OV.A,M,S0,N,P_C_OV,A,2010-06,1.41962,A,F,,,P1M,A,,,HICP.M.U2.N.000000.4D0.ANR,,,,,,"See <a class=""external"" href=""http://sdw.ecb.europa.eu/web/generator/docu/rtdb_docu.pdf""> notes</a>; block Monthly; series: AI",,1,,,HICP Inflation rate - Total - Annual rate of change,Euro area (moving concept in the Real Time database context) - HICP - Overall index - Annual growth rate,PCCH,0,Replace,2010-08-04T15:30:00.000+02:00,
RTD.M.S0.N.P_C_OV.A,M,S0,N,P_C_OV,A,2010-07,1.7,A,F,,,P1M,A,,,HICP.M.U2.N.000000.4D0.ANR,,,,,,"See <a class=""external"" href=""http://sdw.ecb.europa.eu/web/generator/docu/rtdb_docu.pdf""> notes</a>; block Monthly; series: AI",,1,,,HICP Inflation rate - Total - Annual rate of change,Euro area (moving concept in the Real Time database context) - HICP - Overall index - Annual growth rate,PCCH,0,Replace,2010-08-04T15:30:00.000+02:00,
RTD.M.S0.N.P_C_OV.A,M,S0,N,P_C_OV,A,2010-07,1.74446,A,F,,,P1M,A,,,HICP.M.U2.N.000000.4D0.ANR,,,,,,"See <a class=""external"" href=""http://sdw.ecb.europa.eu/web/generator/docu/rtdb_docu.pdf""> notes</a>; block Monthly; series: AI",,1,,,HICP Inflation rate - Total - Annual rate of change,Euro area (moving concept in the Real Time database context) - HICP - Overall index - Annual growth rate,PCCH,0,Replace,2010-09-01T15:30:00.000+02:00,
RTD.M.S0.N.P_C_OV.A,M,S0,N,P_C_OV,A,2010-08,1.6,A,F,,,P1M,A,,,HICP.M.U2.N.000000.4D0.ANR,,,,,,"See <a class=""external"" href=""http://sdw.ecb.europa.eu/web/generator/docu/rtdb_docu.pdf""> notes</a>; block Monthly; series: AI",,1,,,HICP Inflation rate - Total - Annual rate of change,Euro area (moving concept in the Real Time database context) - HICP - Overall index - Annual growth rate,PCCH,0,Replace,2010-09-01T15:30:00.000+02:00,
RTD.M.S0.N.P_C_OV.A,M,S0,N,P_C_OV,A,2010-08,1.59978,A,F,,,P1M,A,,,HICP.M.U2.N.000000.4D0.ANR,,,,,,"See <a class=""external"" href=""http://sdw.ecb.europa.eu/web/generator/docu/rtdb_docu.pdf""> notes</a>; block Monthly; series: AI",,1,,,HICP Inflation rate - Total - Annual rate of change,Euro area (moving concept in the Real Time database context) - HICP - Overall index - Annual growth rate,PCCH,0,Replace,2010-10-06T15:30:00.000+02:00,
RTD.M.S0.N.P_C_OV.A,M,S0,N,P_C_OV,A,2010-09,1.8,A,F,,,P1M,A,,,HICP.M.U2.N.000000.4D0.ANR,,,,,,"See <a class=""external"" href=""http://sdw.ecb.europa.eu/web/generator/docu/rtdb_docu.pdf""> notes</a>; block Monthly; series: AI",,1,,,HICP Inflation rate - Total - Annual rate of change,Euro area (moving concept in the Real Time database context) - HICP - Overall index - Annual growth rate,PCCH,0,Replace,2010-10-06T15:30:00.000+02:00,
RTD.M.S0.N.P_C_OV.A,M,S0,N,P_C_OV,A,2010-09,1.78439,A,F,,,P1M,A,,,HICP.M.U2.N.000000.4D0.ANR,,,,,,"See <a class=""external"" href=""http://sdw.ecb.europa.eu/web/generator/docu/rtdb_docu.pdf""> notes</a>; block Monthly; series: AI",,1,,,HICP Inflation rate - Total - Annual rate of change,Euro area (moving concept in the Real Time database context) - HICP - Overall index - Annual growth rate,PCCH,0,Replace,2010-11-03T15:30:00.000+01:00,
RTD.M.S0.N.P_C_OV.A,M,S0,N,P_C_OV,A,2010-10,1.9,A,F,,,P1M,A,,,HICP.M.U2.N.000000.4D0.ANR,,,,,,"See <a class=""external"" href=""http://sdw.ecb.europa.eu/web/generator/docu/rtdb_docu.pdf""> notes</a>; block Monthly; series: AI",,1,,,HICP Inflation rate - Total - Annual rate of change,Euro area (moving concept in the Real Time database context) - HICP - Overall index - Annual growth rate,PCCH,0,Replace,2010-11-03T15:30:00.000+01:00,
RTD.M.S0.N.P_C_OV.A,M,S0,N,P_C_OV,A,2010-10,1.90942,A,F,,,P1M,A,,,HICP.M.U2.N.000000.4D0.ANR,,,,,,"See <a class=""external"" href=""http://sdw.ecb.europa.eu/web/generator/docu/rtdb_docu.pdf""> notes</a>; block Monthly; series: AI",,1,,,HICP Inflation rate - Total - Annual rate of change,Euro area (moving concept in the Real Time database context) - HICP - Overall index - Annual growth rate,PCCH,0,Replace,2010-12-01T15:30:00.000+01:00,
RTD.M.S0.N.P_C_OV.A,M,S0,N,P_C_OV,A,2010-11,1.9,A,F,,,P1M,A,,,HICP.M.U2.N.000000.4D0.ANR,,,,,,"See <a class=""external"" href=""http://sdw.ecb.europa.eu/web/generator/docu/rtdb_docu.pdf""> notes</a>; block Monthly; series: AI",,1,,,HICP Inflation rate - Total - Annual rate of change,Euro area (moving concept in the Real Time database context) - HICP - Overall index - Annual growth rate,PCCH,0,Replace,2010-12-01T15:30:00.000+01:00,
RTD.M.S0.N.P_C_OV.A,M,S0,N,P_C_OV,A,2010-11,1.91634,A,F,,,P1M,A,,,HICP.M.U2.N.000000.4D0.ANR,,,,,,"See <a class=""external"" href=""http://sdw.ecb.europa.eu/web/generator/docu/rtdb_docu.pdf""> notes</a>; block Monthly; series: AI",,1,,,HICP Inflation rate - Total - Annual rate of change,Euro area (moving concept in the Real Time database context) - HICP - Overall index - Annual growth rate,PCCH,0,Replace,2011-01-12T15:30:00.000+01:00,
RTD.M.S0.N.P_C_OV.A,M,S0,N,P_C_OV,A,2010-12,2.2,A,F,,,P1M,A,,,HICP.M.U2.N.000000.4D0.ANR,,,,,,"See <a class=""external"" href=""http://sdw.ecb.europa.eu/web/generator/docu/rtdb_docu.pdf""> notes</a>; block Monthly; series: AI",,1,,,HICP Inflation rate - Total - Annual rate of change,Euro area (moving concept in the Real Time database context) - HICP - Overall index - Annual growth rate,PCCH,0,Replace,2011-01-12T15:30:00.000+01:00,
RTD.M.S0.N.P_C_OV.A,M,S0,N,P_C_OV,A,2010-12,2.21345,A,F,,,P1M,A,,,HICP.M.U2.N.000000.4D0.ANR,,,,,,"See <a class=""external"" href=""http://sdw.ecb.europa.eu/web/generator/docu/rtdb_docu.pdf""> notes</a>; block Monthly; series: AI",,1,,,HICP Inflation rate - Total - Annual rate of change,Euro area (moving concept in the Real Time database context) - HICP - Overall index - Annual growth rate,PCCH,0,Replace,2011-02-02T15:30:00.000+01:00,
RTD.M.S0.N.P_C_OV.A,M,S0,N,P_C_OV,A,2011-01,2.4,A,F,,,P1M,A,,,HICP.M.U2.N.000000.4D0.ANR,,,,,,"See <a class=""external"" href=""http://sdw.ecb.europa.eu/web/generator/docu/rtdb_docu.pdf""> notes</a>; block Monthly; series: AI",,1,,,HICP Inflation rate - Total - Annual rate of change,Euro area (moving concept in the Real Time database context) - HICP - Overall index - Annual growth rate,PCCH,0,Replace,2011-02-02T15:30:00.000+01:00,
RTD.M.S0.N.P_C_OV.A,M,S0,N,P_C_OV,A,2010-01,0.9441,A,F,,,P1M,A,,,HICP.M.U2.N.000000.4D0.ANR,,,,,,"See <a class=""external"" href=""http://sdw.ecb.europa.eu/web/generator/docu/rtdb_docu.pdf""> notes</a>; block Monthly; series: AI",,1,,,HICP Inflation rate - Total - Annual rate of change,Euro area (moving concept in the Real Time database context) - HICP - Overall index - Annual growth rate,PCCH,0,Replace,2011-03-02T15:30:00.000+01:00,
RTD.M.S0.N.P_C_OV.A,M,S0,N,P_C_OV,A,2010-02,0.84714,A,F,,,P1M,A,,,HICP.M.U2.N.000000.4D0.ANR,,,,,,"See <a class=""external"" href=""http://sdw.ecb.europa.eu/web/generator/docu/rtdb_docu.pdf""> notes</a>; block Monthly; series: AI",,1,,,HICP Inflation rate - Total - Annual rate of change,Euro area (moving concept in the Real Time database context) - HICP - Overall index - Annual growth rate,PCCH,0,Replace,2011-03-02T15:30:00.000+01:00,
RTD.M.S0.N.P_C_OV.A,M,S0,N,P_C_OV,A,2010-03,1.58598,A,F,,,P1M,A,,,HICP.M.U2.N.000000.4D0.ANR,,,,,,"See <a class=""external"" href=""http://sdw.ecb.europa.eu/web/generator/docu/rtdb_docu.pdf""> notes</a>; block Monthly; series: AI",,1,,,HICP Inflation rate - Total - Annual rate of change,Euro area (moving concept in the Real Time database context) - HICP - Overall index - Annual growth rate,PCCH,0,Replace,2011-03-02T15:30:00.000+01:00,
RTD.M.S0.N.P_C_OV.A,M,S0,N,P_C_OV,A,2010-04,1.63571,A,F,,,P1M,A,,,HICP.M.U2.N.000000.4D0.ANR,,,,,,"See <a class=""external"" href=""http://sdw.ecb.europa.eu/web/generator/docu/rtdb_docu.pdf""> notes</a>; block Monthly; series: AI",,1,,,HICP Inflation rate - Total - Annual rate of change,Euro area (moving concept in the Real Time database context) - HICP - Overall index - Annual growth rate,PCCH,0,Replace,2011-03-02T15:30:00.000+01:00,
RTD.M.S0.N.P_C_OV.A,M,S0,N,P_C_OV,A,2010-05,1.69022,A,F,,,P1M,A,,,HICP.M.U2.N.000000.4D0.ANR,,,,,,"See <a class=""external"" href=""http://sdw.ecb.europa.eu/web/generator/docu/rtdb_docu.pdf""> notes</a>; block Monthly; series: AI",,1,,,HICP Inflation rate - Total - Annual rate of change,Euro area (moving concept in the Real Time database context) - HICP - Overall index - Annual growth rate,PCCH,0,Replace,2011-03-02T15:30:00.000+01:00,
RTD.M.S0.N.P_C_OV.A,M,S0,N,P_C_OV,A,2010-06,1.49336,A,F,,,P1M,A,,,HICP.M.U2.N.000000.4D0.ANR,,,,,,"See <a class=""external"" href=""http://sdw.ecb.europa.eu/web/generator/docu/rtdb_docu.pdf""> notes</a>; block Monthly; series: AI",,1,,,HICP Inflation rate - Total - Annual rate of change,Euro area (moving concept in the Real Time database context) - HICP - Overall index - Annual growth rate,PCCH,0,Replace,2011-03-02T15:30:00.000+01:00,
RTD.M.S0.N.P_C_OV.A,M,S0,N,P_C_OV,A,2010-07,1.7259,A,F,,,P1M,A,,,HICP.M.U2.N.000000.4D0.ANR,,,,,,"See <a class=""external"" href=""http://sdw.ecb.europa.eu/web/generator/docu/rtdb_docu.pdf""> notes</a>; block Monthly; series: AI",,1,,,HICP Inflation rate - Total - Annual rate of change,Euro area (moving concept in the Real Time database context) - HICP - Overall index - Annual growth rate,PCCH,0,Replace,2011-03-02T15:30:00.000+01:00,
RTD.M.S0.N.P_C_OV.A,M,S0,N,P_C_OV,A,2010-08,1.58128,A,F,,,P1M,A,,,HICP.M.U2.N.000000.4D0.ANR,,,,,,"See <a class=""external"" href=""http://sdw.ecb.europa.eu/web/generator/docu/rtdb_docu.pdf""> notes</a>; block Monthly; series: AI",,1,,,HICP Inflation rate - Total - Annual rate of change,Euro area (moving concept in the Real Time database context) - HICP - Overall index - Annual growth rate,PCCH,0,Replace,2011-03-02T15:30:00.000+01:00,
RTD.M.S0.N.P_C_OV.A,M,S0,N,P_C_OV,A,2010-09,1.87685,A,F,,,P1M,A,,,HICP.M.U2.N.000000.4D0.ANR,,,,,,"See <a class=""external"" href=""http://sdw.ecb.europa.eu/web/generator/docu/rtdb_docu.pdf""> notes</a>; block Monthly; series: AI",,1,,,HICP Inflation rate - Total - Annual rate of change,Euro area (moving concept in the Real Time database context) - HICP - Overall index - Annual growth rate,PCCH,0,Replace,2011-03-02T15:30:00.000+01:00,
RTD.M.S0.N.P_C_OV.A,M,S0,N,P_C_OV,A,2010-10,1.94631,A,F,,,P1M,A,,,HICP.M.U2.N.000000.4D0.ANR,,,,,,"See <a class=""external"" href=""http://sdw.ecb.europa.eu/web/generator/docu/rtdb_docu.pdf""> notes</a>; block Monthly; series: AI",,1,,,HICP Inflation rate - Total - Annual rate of change,Euro area (moving concept in the Real Time database context) - HICP - Overall index - Annual growth rate,PCCH,0,Replace,2011-03-02T15:30:00.000+01:00,
RTD.M.S0.N.P_C_OV.A,M,S0,N,P_C_OV,A,2011-01,2.32429,A,F,,,P1M,A,,,HICP.M.U2.N.000000.4D0.ANR,,,,,,"See <a class=""external"" href=""http://sdw.ecb.europa.eu/web/generator/docu/rtdb_docu.pdf""> notes</a>; block Monthly; series: AI",,1,,,HICP Inflation rate - Total - Annual rate of change,Euro area (moving concept in the Real Time database context) - HICP - Overall index - Annual growth rate,PCCH,0,Replace,2011-03-02T15:30:00.000+01:00,
RTD.M.S0.N.P_C_OV.A,M,S0,N,P_C_OV,A,2011-02,2.4,A,F,,,P1M,A,,,HICP.M.U2.N.000000.4D0.ANR,,,,,,"See <a class=""external"" href=""http://sdw.ecb.europa.eu/web/generator/docu/rtdb_docu.pdf""> notes</a>; block Monthly; series: AI",,1,,,HICP Inflation rate - Total - Annual rate of change,Euro area (moving concept in the Real Time database context) - HICP - Overall index - Annual growth rate,PCCH,0,Replace,2011-03-02T15:30:00.000+01:00,
RTD.M.S0.N.P_C_OV.A,M,S0,N,P_C_OV,A,2011-02,2.42777,A,F,,,P1M,A,,,HICP.M.U2.N.000000.4D0.ANR,,,,,,"See <a class=""external"" href=""http://sdw.ecb.europa.eu/web/generator/docu/rtdb_docu.pdf""> notes</a>; block Monthly; series: AI",,1,,,HICP Inflation rate - Total - Annual rate of change,Euro area (moving concept in the Real Time database context) - HICP - Overall index - Annual growth rate,PCCH,0,Replace,2011-04-06T15:30:00.000+02:00,
RTD.M.S0.N.P_C_OV.A,M,S0,N,P_C_OV,A,2011-03,2.6,A,F,,,P1M,A,,,HICP.M.U2.N.000000.4D0.ANR,,,,,,"See <a class=""external"" href=""http://sdw.ecb.europa.eu/web/generator/docu/rtdb_docu.pdf""> notes</a>; block Monthly; series: AI",,1,,,HICP Inflation rate - Total - Annual rate of change,Euro area (moving concept in the Real Time database context) - HICP - Overall index - Annual growth rate,PCCH,0,Replace,2011-04-06T15:30:00.000+02:00,
RTD.M.S0.N.P_C_OV.A,M,S0,N,P_C_OV,A,2011-03,2.6842,A,F,,,P1M,A,,,HICP.M.U2.N.000000.4D0.ANR,,,,,,"See <a class=""external"" href=""http://sdw.ecb.europa.eu/web/generator/docu/rtdb_docu.pdf""> notes</a>; block Monthly; series: AI",,1,,,HICP Inflation rate - Total - Annual rate of change,Euro area (moving concept in the Real Time database context) - HICP - Overall index - Annual growth rate,PCCH,0,Replace,2011-05-04T15:30:00.000+02:00,
RTD.M.S0.N.P_C_OV.A,M,S0,N,P_C_OV,A,2011-04,2.8,A,F,,,P1M,A,,,HICP.M.U2.N.000000.4D0.ANR,,,,,,"See <a class=""external"" href=""http://sdw.ecb.europa.eu/web/generator/docu/rtdb_docu.pdf""> notes</a>; block Monthly; series: AI",,1,,,HICP Inflation rate - Total - Annual rate of change,Euro area (moving concept in the Real Time database context) - HICP - Overall index - Annual growth rate,PCCH,0,Replace,2011-05-04T15:30:00.000+02:00,
RTD.M.S0.N.P_C_OV.A,M,S0,N,P_C_OV,A,2011-04,2.83688,A,F,,,P1M,A,,,HICP.M.U2.N.000000.4D0.ANR,,,,,,"See <a class=""external"" href=""http://sdw.ecb.europa.eu/web/generator/docu/rtdb_docu.pdf""> notes</a>; block Monthly; series: AI",,1,,,HICP Inflation rate - Total - Annual rate of change,Euro area (moving concept in the Real Time database context) - HICP - Overall index - Annual growth rate,PCCH,0,Replace,2011-06-08T15:30:00.000+02:00,
RTD.M.S0.N.P_C_OV.A,M,S0,N,P_C_OV,A,2011-05,2.7,A,F,,,P1M,A,,,HICP.M.U2.N.000000.4D0.ANR,,,,,,"See <a class=""external"" href=""http://sdw.ecb.europa.eu/web/generator/docu/rtdb_docu.pdf""> notes</a>; block Monthly; series: AI",,1,,,HICP Inflation rate - Total - Annual rate of change,Euro area (moving concept in the Real Time database context) - HICP - Overall index - Annual growth rate,PCCH,0,Replace,2011-06-08T15:30:00.000+02:00,
RTD.M.S0.N.P_C_OV.A,M,S0,N,P_C_OV,A,2011-05,2.7248,A,F,,,P1M,A,,,HICP.M.U2.N.000000.4D0.ANR,,,,,,"See <a class=""external"" href=""http://sdw.ecb.europa.eu/web/generator/docu/rtdb_docu.pdf""> notes</a>; block Monthly; series: AI",,1,,,HICP Inflation rate - Total - Annual rate of change,Euro area (moving concept in the Real Time database context) - HICP - Overall index - Annual growth rate,PCCH,0,Replace,2011-07-06T15:30:00.000+02:00,
RTD.M.S0.N.P_C_OV.A,M,S0,N,P_C_OV,A,2011-06,2.7,A,F,,,P1M,A,,,HICP.M.U2.N.000000.4D0.ANR,,,,,,"See <a class=""external"" href=""http://sdw.ecb.europa.eu/web/generator/docu/rtdb_docu.pdf""> notes</a>; block Monthly; series: AI",,1,,,HICP Inflation rate - Total - Annual rate of change,Euro area (moving concept in the Real Time database context) - HICP - Overall index - Annual growth rate,PCCH,0,Replace,2011-07-06T15:30:00.000+02:00,
RTD.M.S0.N.P_C_OV.A,M,S0,N,P_C_OV,A,2011-05,2.73388,A,F,,,P1M,A,,,HICP.M.U2.N.000000.4D0.ANR,,,,,,"See <a class=""external"" href=""http://sdw.ecb.europa.eu/web/generator/docu/rtdb_docu.pdf""> notes</a>; block Monthly; series: AI",,1,,,HICP Inflation rate - Total - Annual rate of change,Euro area (moving concept in the Real Time database context) - HICP - Overall index - Annual growth rate,PCCH,0,Replace,2011-08-03T15:30:00.000+02:00,
RTD.M.S0.N.P_C_OV.A,M,S0,N,P_C_OV,A,2011-06,2.7248,A,F,,,P1M,A,,,HICP.M.U2.N.000000.4D0.ANR,,,,,,"See <a class=""external"" href=""http://sdw.ecb.europa.eu/web/generator/docu/rtdb_docu.pdf""> notes</a>; block Monthly; series: AI",,1,,,HICP Inflation rate - Total - Annual rate of change,Euro area (moving concept in the Real Time database context) - HICP - Overall index - Annual growth rate,PCCH,0,Replace,2011-08-03T15:30:00.000+02:00,
RTD.M.S0.N.P_C_OV.A,M,S0,N,P_C_OV,A,2011-07,2.5,A,F,,,P1M,A,,,HICP.M.U2.N.000000.4D0.ANR,,,,,,"See <a class=""external"" href=""http://sdw.ecb.europa.eu/web/generator/docu/rtdb_docu.pdf""> notes</a>; block Monthly; series: AI",,1,,,HICP Inflation rate - Total - Annual rate of change,Euro area (moving concept in the Real Time database context) - HICP - Overall index - Annual growth rate,PCCH,0,Replace,2011-08-03T15:30:00.000+02:00,
RTD.M.S0.N.P_C_OV.A,M,S0,N,P_C_OV,A,2011-07,2.5358,A,F,,,P1M,A,,,HICP.M.U2.N.000000.4D0.ANR,,,,,,"See <a class=""external"" href=""http://sdw.ecb.europa.eu/web/generator/docu/rtdb_docu.pdf""> notes</a>; block Monthly; series: AI",,1,,,HICP Inflation rate - Total - Annual rate of change,Euro area (moving concept in the Real Time database context) - HICP - Overall index - Annual growth rate,PCCH,0,Replace,2011-09-07T15:30:00.000+02:00,
RTD.M.S0.N.P_C_OV.A,M,S0,N,P_C_OV,A,2011-08,2.5,A,F,,,P1M,A,,,HICP.M.U2.N.000000.4D0.ANR,,,,,,"See <a class=""external"" href=""http://sdw.ecb.europa.eu/web/generator/docu/rtdb_docu.pdf""> notes</a>; block Monthly; series: AI",,1,,,HICP Inflation rate - Total - Annual rate of change,Euro area (moving concept in the Real Time database context) - HICP - Overall index - Annual growth rate,PCCH,0,Replace,2011-09-07T15:30:00.000+02:00,
RTD.M.S0.N.P_C_OV.A,M,S0,N,P_C_OV,A,2011-08,2.52162,A,F,,,P1M,A,,,HICP.M.U2.N.000000.4D0.ANR,,,,,,"See <a class=""external"" href=""http://sdw.ecb.europa.eu/web/generator/docu/rtdb_docu.pdf""> notes</a>; block Monthly; series: AI",,1,,,HICP Inflation rate - Total - Annual rate of change,Euro area (moving concept in the Real Time database context) - HICP - Overall index - Annual growth rate,PCCH,0,Replace,2011-10-05T15:30:00.000+02:00,
RTD.M.S0.N.P_C_OV.A,M,S0,N,P_C_OV,A,2011-09,3,A,F,,,P1M,A,,,HICP.M.U2.N.000000.4D0.ANR,,,,,,"See <a class=""external"" href=""http://sdw.ecb.europa.eu/web/generator/docu/rtdb_docu.pdf""> notes</a>; block Monthly; series: AI",,1,,,HICP Inflation rate - Total - Annual rate of change,Euro area (moving concept in the Real Time database context) - HICP - Overall index - Annual growth rate,PCCH,0,Replace,2011-10-05T15:30:00.000+02:00,
RTD.M.S0.N.P_C_OV.A,M,S0,N,P_C_OV,A,2011-09,2.98575,A,F,,,P1M,A,,,HICP.M.U2.N.000000.4D0.ANR,,,,,,"See <a class=""external"" href=""http://sdw.ecb.europa.eu/web/generator/docu/rtdb_docu.pdf""> notes</a>; block Monthly; series: AI",,1,,,HICP Inflation rate - Total - Annual rate of change,Euro area (moving concept in the Real Time database context) - HICP - Overall index - Annual growth rate,PCCH,0,Replace,2011-11-02T15:30:00.000+01:00,
RTD.M.S0.N.P_C_OV.A,M,S0,N,P_C_OV,A,2011-10,3,A,F,,,P1M,A,,,HICP.M.U2.N.000000.4D0.ANR,,,,,,"See <a class=""external"" href=""http://sdw.ecb.europa.eu/web/generator/docu/rtdb_docu.pdf""> notes</a>; block Monthly; series: AI",,1,,,HICP Inflation rate - Total - Annual rate of change,Euro area (moving concept in the Real Time database context) - HICP - Overall index - Annual growth rate,PCCH,0,Replace,2011-11-02T15:30:00.000+01:00,
RTD.M.S0.N.P_C_OV.A,M,S0,N,P_C_OV,A,2011-10,3.03113,A,F,,,P1M,A,,,HICP.M.U2.N.000000.4D0.ANR,,,,,,"See <a class=""external"" href=""http://sdw.ecb.europa.eu/web/generator/docu/rtdb_docu.pdf""> notes</a>; block Monthly; series: AI",,1,,,HICP Inflation rate - Total - Annual rate of change,Euro area (moving concept in the Real Time database context) - HICP - Overall index - Annual growth rate,PCCH,0,Replace,2011-12-07T15:30:00.000+01:00,
RTD.M.S0.N.P_C_OV.A,M,S0,N,P_C_OV,A,2011-11,3,A,F,,,P1M,A,,,HICP.M.U2.N.000000.4D0.ANR,,,,,,"See <a class=""external"" href=""http://sdw.ecb.europa.eu/web/generator/docu/rtdb_docu.pdf""> notes</a>; block Monthly; series: AI",,1,,,HICP Inflation rate - Total - Annual rate of change,Euro area (moving concept in the Real Time database context) - HICP - Overall index - Annual growth rate,PCCH,0,Replace,2011-12-07T15:30:00.000+01:00,
RTD.M.S0.N.P_C_OV.A,M,S0,N,P_C_OV,A,2011-11,3.03743,A,F,,,P1M,A,,,HICP.M.U2.N.000000.4D0.ANR,,,,,,"See <a class=""external"" href=""http://sdw.ecb.europa.eu/web/generator/docu/rtdb_docu.pdf""> notes</a>; block Monthly; series: AI",,1,,,HICP Inflation rate - Total - Annual rate of change,Euro area (moving concept in the Real Time database context) - HICP - Overall index - Annual growth rate,PCCH,0,Replace,2012-01-11T15:30:00.000+01:00,
RTD.M.S0.N.P_C_OV.A,M,S0,N,P_C_OV,A,2011-12,2.8,A,F,,,P1M,A,,,HICP.M.U2.N.000000.4D0.ANR,,,,,,"See <a class=""external"" href=""http://sdw.ecb.europa.eu/web/generator/docu/rtdb_docu.pdf""> notes</a>; block Monthly; series: AI",,1,,,HICP Inflation rate - Total - Annual rate of change,Euro area (moving concept in the Real Time database context) - HICP - Overall index - Annual growth rate,PCCH,0,Replace,2012-01-11T15:30:00.000+01:00,
RTD.M.S0.N.P_C_OV.A,M,S0,N,P_C_OV,A,2011-12,2.74957,A,F,,,P1M,A,,,HICP.M.U2.N.000000.4D0.ANR,,,,,,"See <a class=""external"" href=""http://sdw.ecb.europa.eu/web/generator/docu/rtdb_docu.pdf""> notes</a>; block Monthly; series: AI",,1,,,HICP Inflation rate - Total - Annual rate of change,Euro area (moving concept in the Real Time database context) - HICP - Overall index - Annual growth rate,PCCH,0,Replace,2012-02-08T15:30:00.000+01:00,
RTD.M.S0.N.P_C_OV.A,M,S0,N,P_C_OV,A,2012-01,2.7,A,F,,,P1M,A,,,HICP.M.U2.N.000000.4D0.ANR,,,,,,"See <a class=""external"" href=""http://sdw.ecb.europa.eu/web/generator/docu/rtdb_docu.pdf""> notes</a>; block Monthly; series: AI",,1,,,HICP Inflation rate - Total - Annual rate of change,Euro area (moving concept in the Real Time database context) - HICP - Overall index - Annual growth rate,PCCH,0,Replace,2012-02-08T15:30:00.000+01:00,
RTD.M.S0.N.P_C_OV.A,M,S0,N,P_C_OV,A,2011-03,2.67507,A,F,,,P1M,A,,,HICP.M.U2.N.000000.4D0.ANR,,,,,,"See <a class=""external"" href=""http://sdw.ecb.europa.eu/web/generator/docu/rtdb_docu.pdf""> notes</a>; block Monthly; series: AI",,1,,,HICP Inflation rate - Total - Annual rate of change,Euro area (moving concept in the Real Time database context) - HICP - Overall index - Annual growth rate,PCCH,0,Replace,2012-03-07T15:30:00.000+01:00,
RTD.M.S0.N.P_C_OV.A,M,S0,N,P_C_OV,A,2011-04,2.82779,A,F,,,P1M,A,,,HICP.M.U2.N.000000.4D0.ANR,,,,,,"See <a class=""external"" href=""http://sdw.ecb.europa.eu/web/generator/docu/rtdb_docu.pdf""> notes</a>; block Monthly; series: AI",,1,,,HICP Inflation rate - Total - Annual rate of change,Euro area (moving concept in the Real Time database context) - HICP - Overall index - Annual growth rate,PCCH,0,Replace,2012-03-07T15:30:00.000+01:00,
RTD.M.S0.N.P_C_OV.A,M,S0,N,P_C_OV,A,2011-05,2.7248,A,F,,,P1M,A,,,HICP.M.U2.N.000000.4D0.ANR,,,,,,"See <a class=""external"" href=""http://sdw.ecb.europa.eu/web/generator/docu/rtdb_docu.pdf""> notes</a>; block Monthly; series: AI",,1,,,HICP Inflation rate - Total - Annual rate of change,Euro area (moving concept in the Real Time database context) - HICP - Overall index - Annual growth rate,PCCH,0,Replace,2012-03-07T15:30:00.000+01:00,
RTD.M.S0.N.P_C_OV.A,M,S0,N,P_C_OV,A,2011-06,2.71571,A,F,,,P1M,A,,,HICP.M.U2.N.000000.4D0.ANR,,,,,,"See <a class=""external"" href=""http://sdw.ecb.europa.eu/web/generator/docu/rtdb_docu.pdf""> notes</a>; block Monthly; series: AI",,1,,,HICP Inflation rate - Total - Annual rate of change,Euro area (moving concept in the Real Time database context) - HICP - Overall index - Annual growth rate,PCCH,0,Replace,2012-03-07T15:30:00.000+01:00,
RTD.M.S0.N.P_C_OV.A,M,S0,N,P_C_OV,A,2011-07,2.55405,A,F,,,P1M,A,,,HICP.M.U2.N.000000.4D0.ANR,,,,,,"See <a class=""external"" href=""http://sdw.ecb.europa.eu/web/generator/docu/rtdb_docu.pdf""> notes</a>; block Monthly; series: AI",,1,,,HICP Inflation rate - Total - Annual rate of change,Euro area (moving concept in the Real Time database context) - HICP - Overall index - Annual growth rate,PCCH,0,Replace,2012-03-07T15:30:00.000+01:00,
RTD.M.S0.N.P_C_OV.A,M,S0,N,P_C_OV,A,2011-08,2.54893,A,F,,,P1M,A,,,HICP.M.U2.N.000000.4D0.ANR,,,,,,"See <a class=""external"" href=""http://sdw.ecb.europa.eu/web/generator/docu/rtdb_docu.pdf""> notes</a>; block Monthly; series: AI",,1,,,HICP Inflation rate - Total - Annual rate of change,Euro area (moving concept in the Real Time database context) - HICP - Overall index - Annual growth rate,PCCH,0,Replace,2012-03-07T15:30:00.000+01:00,
RTD.M.S0.N.P_C_OV.A,M,S0,N,P_C_OV,A,2012-01,2.64253,A,F,,,P1M,A,,,HICP.M.U2.N.000000.4D0.ANR,,,,,,"See <a class=""external"" href=""http://sdw.ecb.europa.eu/web/generator/docu/rtdb_docu.pdf""> notes</a>; block Monthly; series: AI",,1,,,HICP Inflation rate - Total - Annual rate of change,Euro area (moving concept in the Real Time database context) - HICP - Overall index - Annual growth rate,PCCH,0,Replace,2012-03-07T15:30:00.000+01:00,
RTD.M.S0.N.P_C_OV.A,M,S0,N,P_C_OV,A,2012-02,2.7,A,F,,,P1M,A,,,HICP.M.U2.N.000000.4D0.ANR,,,,,,"See <a class=""external"" href=""http://sdw.ecb.europa.eu/web/generator/docu/rtdb_docu.pdf""> notes</a>; block Monthly; series: AI",,1,,,HICP Inflation rate - Total - Annual rate of change,Euro area (moving concept in the Real Time database context) - HICP - Overall index - Annual growth rate,PCCH,0,Replace,2012-03-07T15:30:00.000+01:00,
RTD.M.S0.N.P_C_OV.A,M,S0,N,P_C_OV,A,2012-01,2.65158,A,F,,,P1M,A,,,HICP.M.U2.N.000000.4D0.ANR,,,,,,"See <a class=""external"" href=""http://sdw.ecb.europa.eu/web/generator/docu/rtdb_docu.pdf""> notes</a>; block Monthly; series: AI",,1,,,HICP Inflation rate - Total - Annual rate of change,Euro area (moving concept in the Real Time database context) - HICP - Overall index - Annual growth rate,PCCH,0,Replace,2012-04-03T15:30:00.000+02:00,
RTD.M.S0.N.P_C_OV.A,M,S0,N,P_C_OV,A,2012-02,2.73071,A,F,,,P1M,A,,,HICP.M.U2.N.000000.4D0.ANR,,,,,,"See <a class=""external"" href=""http://sdw.ecb.europa.eu/web/generator/docu/rtdb_docu.pdf""> notes</a>; block Monthly; series: AI",,1,,,HICP Inflation rate - Total - Annual rate of change,Euro area (moving concept in the Real Time database context) - HICP - Overall index - Annual growth rate,PCCH,0,Replace,2012-04-03T15:30:00.000+02:00,
RTD.M.S0.N.P_C_OV.A,M,S0,N,P_C_OV,A,2012-03,2.6,A,F,,,P1M,A,,,HICP.M.U2.N.000000.4D0.ANR,,,,,,"See <a class=""external"" href=""http://sdw.ecb.europa.eu/web/generator/docu/rtdb_docu.pdf""> notes</a>; block Monthly; series: AI",,1,,,HICP Inflation rate - Total - Annual rate of change,Euro area (moving concept in the Real Time database context) - HICP - Overall index - Annual growth rate,PCCH,0,Replace,2012-04-03T15:30:00.000+02:00,
RTD.M.S0.N.P_C_OV.A,M,S0,N,P_C_OV,A,2012-03,2.67651,A,F,,,P1M,A,,,HICP.M.U2.N.000000.4D0.ANR,,,,,,"See <a class=""external"" href=""http://sdw.ecb.europa.eu/web/generator/docu/rtdb_docu.pdf""> notes</a>; block Monthly; series: AI",,1,,,HICP Inflation rate - Total - Annual rate of change,Euro area (moving concept in the Real Time database context) - HICP - Overall index - Annual growth rate,PCCH,0,Replace,2012-05-02T15:30:00.000+02:00,
RTD.M.S0.N.P_C_OV.A,M,S0,N,P_C_OV,A,2012-04,2.6,A,F,,,P1M,A,,,HICP.M.U2.N.000000.4D0.ANR,,,,,,"See <a class=""external"" href=""http://sdw.ecb.europa.eu/web/generator/docu/rtdb_docu.pdf""> notes</a>; block Monthly; series: AI",,1,,,HICP Inflation rate - Total - Annual rate of change,Euro area (moving concept in the Real Time database context) - HICP - Overall index - Annual growth rate,PCCH,0,Replace,2012-05-02T15:30:00.000+02:00,
RTD.M.S0.N.P_C_OV.A,M,S0,N,P_C_OV,A,2012-04,2.58201,A,F,,,P1M,A,,,HICP.M.U2.N.000000.4D0.ANR,,,,,,"See <a class=""external"" href=""http://sdw.ecb.europa.eu/web/generator/docu/rtdb_docu.pdf""> notes</a>; block Monthly; series: AI",,1,,,HICP Inflation rate - Total - Annual rate of change,Euro area (moving concept in the Real Time database context) - HICP - Overall index - Annual growth rate,PCCH,0,Replace,2012-06-05T15:30:00.000+02:00,
RTD.M.S0.N.P_C_OV.A,M,S0,N,P_C_OV,A,2012-05,2.4,A,F,,,P1M,A,,,HICP.M.U2.N.000000.4D0.ANR,,,,,,"See <a class=""external"" href=""http://sdw.ecb.europa.eu/web/generator/docu/rtdb_docu.pdf""> notes</a>; block Monthly; series: AI",,1,,,HICP Inflation rate - Total - Annual rate of change,Euro area (moving concept in the Real Time database context) - HICP - Overall index - Annual growth rate,PCCH,0,Replace,2012-06-05T15:30:00.000+02:00,
RTD.M.S0.N.P_C_OV.A,M,S0,N,P_C_OV,A,2011-10,3.04017,A,F,,,P1M,A,,,HICP.M.U2.N.000000.4D0.ANR,,,,,,"See <a class=""external"" href=""http://sdw.ecb.europa.eu/web/generator/docu/rtdb_docu.pdf""> notes</a>; block Monthly; series: AI",,1,,,HICP Inflation rate - Total - Annual rate of change,Euro area (moving concept in the Real Time database context) - HICP - Overall index - Annual growth rate,PCCH,0,Replace,2012-07-04T15:30:00.000+02:00,
RTD.M.S0.N.P_C_OV.A,M,S0,N,P_C_OV,A,2012-05,2.43148,A,F,,,P1M,A,,,HICP.M.U2.N.000000.4D0.ANR,,,,,,"See <a class=""external"" href=""http://sdw.ecb.europa.eu/web/generator/docu/rtdb_docu.pdf""> notes</a>; block Monthly; series: AI",,1,,,HICP Inflation rate - Total - Annual rate of change,Euro area (moving concept in the Real Time database context) - HICP - Overall index - Annual growth rate,PCCH,0,Replace,2012-07-04T15:30:00.000+02:00,
RTD.M.S0.N.P_C_OV.A,M,S0,N,P_C_OV,A,2012-06,2.4,A,F,,,P1M,A,,,HICP.M.U2.N.000000.4D0.ANR,,,,,,"See <a class=""external"" href=""http://sdw.ecb.europa.eu/web/generator/docu/rtdb_docu.pdf""> notes</a>; block Monthly; series: AI",,1,,,HICP Inflation rate - Total - Annual rate of change,Euro area (moving concept in the Real Time database context) - HICP - Overall index - Annual growth rate,PCCH,0,Replace,2012-07-04T15:30:00.000+02:00,
RTD.M.S0.N.P_C_OV.A,M,S0,N,P_C_OV,A,2012-06,2.36095,A,F,,,P1M,A,,,HICP.M.U2.N.000000.4D0.ANR,,,,,,"See <a class=""external"" href=""http://sdw.ecb.europa.eu/web/generator/docu/rtdb_docu.pdf""> notes</a>; block Monthly; series: AI",,1,,,HICP Inflation rate - Total - Annual rate of change,Euro area (moving concept in the Real Time database context) - HICP - Overall index - Annual growth rate,PCCH,0,Replace,2012-08-01T15:30:00.000+02:00,
RTD.M.S0.N.P_C_OV.A,M,S0,N,P_C_OV,A,2012-07,2.4,A,F,,,P1M,A,,,HICP.M.U2.N.000000.4D0.ANR,,,,,,"See <a class=""external"" href=""http://sdw.ecb.europa.eu/web/generator/docu/rtdb_docu.pdf""> notes</a>; block Monthly; series: AI",,1,,,HICP Inflation rate - Total - Annual rate of change,Euro area (moving concept in the Real Time database context) - HICP - Overall index - Annual growth rate,PCCH,0,Replace,2012-08-01T15:30:00.000+02:00,
RTD.M.S0.N.P_C_OV.A,M,S0,N,P_C_OV,A,2012-07,2.41039,A,F,,,P1M,A,,,HICP.M.U2.N.000000.4D0.ANR,,,,,,"See <a class=""external"" href=""http://sdw.ecb.europa.eu/web/generator/docu/rtdb_docu.pdf""> notes</a>; block Monthly; series: AI",,1,,,HICP Inflation rate - Total - Annual rate of change,Euro area (moving concept in the Real Time database context) - HICP - Overall index - Annual growth rate,PCCH,0,Replace,2012-09-05T15:30:00.000+02:00,
RTD.M.S0.N.P_C_OV.A,M,S0,N,P_C_OV,A,2012-08,2.6,A,F,,,P1M,A,,,HICP.M.U2.N.000000.4D0.ANR,,,,,,"See <a class=""external"" href=""http://sdw.ecb.europa.eu/web/generator/docu/rtdb_docu.pdf""> notes</a>; block Monthly; series: AI",,1,,,HICP Inflation rate - Total - Annual rate of change,Euro area (moving concept in the Real Time database context) - HICP - Overall index - Annual growth rate,PCCH,0,Replace,2012-09-05T15:30:00.000+02:00,
RTD.M.S0.N.P_C_OV.A,M,S0,N,P_C_OV,A,2012-08,2.60985,A,F,,,P1M,A,,,HICP.M.U2.N.000000.4D0.ANR,,,,,,"See <a class=""external"" href=""http://sdw.ecb.europa.eu/web/generator/docu/rtdb_docu.pdf""> notes</a>; block Monthly; series: AI",,1,,,HICP Inflation rate - Total - Annual rate of change,Euro area (moving concept in the Real Time database context) - HICP - Overall index - Annual growth rate,PCCH,0,Replace,2012-10-03T15:30:00.000+02:00,
RTD.M.S0.N.P_C_OV.A,M,S0,N,P_C_OV,A,2012-09,2.7,A,F,,,P1M,A,,,HICP.M.U2.N.000000.4D0.ANR,,,,,,"See <a class=""external"" href=""http://sdw.ecb.europa.eu/web/generator/docu/rtdb_docu.pdf""> notes</a>; block Monthly; series: AI",,1,,,HICP Inflation rate - Total - Annual rate of change,Euro area (moving concept in the Real Time database context) - HICP - Overall index - Annual growth rate,PCCH,0,Replace,2012-10-03T15:30:00.000+02:00,
RTD.M.S0.N.P_C_OV.A,M,S0,N,P_C_OV,A,2012-09,2.60839,A,F,,,P1M,A,,,HICP.M.U2.N.000000.4D0.ANR,,,,,,"See <a class=""external"" href=""http://sdw.ecb.europa.eu/web/generator/docu/rtdb_docu.pdf""> notes</a>; block Monthly; series: AI",,1,,,HICP Inflation rate - Total - Annual rate of change,Euro area (moving concept in the Real Time database context) - HICP - Overall index - Annual growth rate,PCCH,0,Replace,2012-11-07T15:30:00.000+01:00,
RTD.M.S0.N.P_C_OV.A,M,S0,N,P_C_OV,A,2012-10,2.5,A,F,,,P1M,A,,,HICP.M.U2.N.000000.4D0.ANR,,,,,,"See <a class=""external"" href=""http://sdw.ecb.europa.eu/web/generator/docu/rtdb_docu.pdf""> notes</a>; block Monthly; series: AI",,1,,,HICP Inflation rate - Total - Annual rate of change,Euro area (moving concept in the Real Time database context) - HICP - Overall index - Annual growth rate,PCCH,0,Replace,2012-11-07T15:30:00.000+01:00,
RTD.M.S0.N.P_C_OV.A,M,S0,N,P_C_OV,A,2012-10,2.48507,A,F,,,P1M,A,,,HICP.M.U2.N.000000.4D0.ANR,,,,,,"See <a class=""external"" href=""http://sdw.ecb.europa.eu/web/generator/docu/rtdb_docu.pdf""> notes</a>; block Monthly; series: AI",,1,,,HICP Inflation rate - Total - Annual rate of change,Euro area (moving concept in the Real Time database context) - HICP - Overall index - Annual growth rate,PCCH,0,Replace,2012-12-05T15:30:00.000+01:00,
RTD.M.S0.N.P_C_OV.A,M,S0,N,P_C_OV,A,2012-11,2.2,A,F,,,P1M,A,,,HICP.M.U2.N.000000.4D0.ANR,,,,,,"See <a class=""external"" href=""http://sdw.ecb.europa.eu/web/generator/docu/rtdb_docu.pdf""> notes</a>; block Monthly; series: AI",,1,,,HICP Inflation rate - Total - Annual rate of change,Euro area (moving concept in the Real Time database context) - HICP - Overall index - Annual growth rate,PCCH,0,Replace,2012-12-05T15:30:00.000+01:00,
RTD.M.S0.N.P_C_OV.A,M,S0,N,P_C_OV,A,2012-11,2.19337,A,F,,,P1M,A,,,HICP.M.U2.N.000000.4D0.ANR,,,,,,"See <a class=""external"" href=""http://sdw.ecb.europa.eu/web/generator/docu/rtdb_docu.pdf""> notes</a>; block Monthly; series: AI",,1,,,HICP Inflation rate - Total - Annual rate of change,Euro area (moving concept in the Real Time database context) - HICP - Overall index - Annual growth rate,PCCH,0,Replace,2013-01-09T15:30:00.000+01:00,
RTD.M.S0.N.P_C_OV.A,M,S0,N,P_C_OV,A,2012-12,2.2,A,F,,,P1M,A,,,HICP.M.U2.N.000000.4D0.ANR,,,,,,"See <a class=""external"" href=""http://sdw.ecb.europa.eu/web/generator/docu/rtdb_docu.pdf""> notes</a>; block Monthly; series: AI",,1,,,HICP Inflation rate - Total - Annual rate of change,Euro area (moving concept in the Real Time database context) - HICP - Overall index - Annual growth rate,PCCH,0,Replace,2013-01-09T15:30:00.000+01:00,
RTD.M.S0.N.P_C_OV.A,M,S0,N,P_C_OV,A,2012-12,2.22125,A,F,,,P1M,A,,,HICP.M.U2.N.000000.4D0.ANR,,,,,,"See <a class=""external"" href=""http://sdw.ecb.europa.eu/web/generator/docu/rtdb_docu.pdf""> notes</a>; block Monthly; series: AI",,1,,,HICP Inflation rate - Total - Annual rate of change,Euro area (moving concept in the Real Time database context) - HICP - Overall index - Annual growth rate,PCCH,0,Replace,2013-02-06T15:30:00.000+01:00,
RTD.M.S0.N.P_C_OV.A,M,S0,N,P_C_OV,A,2013-01,2,A,F,,,P1M,A,,,HICP.M.U2.N.000000.4D0.ANR,,,,,,"See <a class=""external"" href=""http://sdw.ecb.europa.eu/web/generator/docu/rtdb_docu.pdf""> notes</a>; block Monthly; series: AI",,1,,,HICP Inflation rate - Total - Annual rate of change,Euro area (moving concept in the Real Time database context) - HICP - Overall index - Annual growth rate,PCCH,0,Replace,2013-02-06T15:30:00.000+01:00,
RTD.M.S0.N.P_C_OV.A,M,S0,N,P_C_OV,A,2011-01,2.31503,A,F,,,P1M,A,,,HICP.M.U2.N.000000.4D0.ANR,,,,,,"See <a class=""external"" href=""http://sdw.ecb.europa.eu/web/generator/docu/rtdb_docu.pdf""> notes</a>; block Monthly; series: AI",,1,,,HICP Inflation rate - Total - Annual rate of change,Euro area (moving concept in the Real Time database context) - HICP - Overall index - Annual growth rate,PCCH,0,Replace,2013-03-06T15:30:00.000+01:00,
RTD.M.S0.N.P_C_OV.A,M,S0,N,P_C_OV,A,2011-05,2.71571,A,F,,,P1M,A,,,HICP.M.U2.N.000000.4D0.ANR,,,,,,"See <a class=""external"" href=""http://sdw.ecb.europa.eu/web/generator/docu/rtdb_docu.pdf""> notes</a>; block Monthly; series: AI",,1,,,HICP Inflation rate - Total - Annual rate of change,Euro area (moving concept in the Real Time database context) - HICP - Overall index - Annual growth rate,PCCH,0,Replace,2013-03-06T15:30:00.000+01:00,
RTD.M.S0.N.P_C_OV.A,M,S0,N,P_C_OV,A,2011-06,2.70663,A,F,,,P1M,A,,,HICP.M.U2.N.000000.4D0.ANR,,,,,,"See <a class=""external"" href=""http://sdw.ecb.europa.eu/web/generator/docu/rtdb_docu.pdf""> notes</a>; block Monthly; series: AI",,1,,,HICP Inflation rate - Total - Annual rate of change,Euro area (moving concept in the Real Time database context) - HICP - Overall index - Annual growth rate,PCCH,0,Replace,2013-03-06T15:30:00.000+01:00,
RTD.M.S0.N.P_C_OV.A,M,S0,N,P_C_OV,A,2011-07,2.56317,A,F,,,P1M,A,,,HICP.M.U2.N.000000.4D0.ANR,,,,,,"See <a class=""external"" href=""http://sdw.ecb.europa.eu/web/generator/docu/rtdb_docu.pdf""> notes</a>; block Monthly; series: AI",,1,,,HICP Inflation rate - Total - Annual rate of change,Euro area (moving concept in the Real Time database context) - HICP - Overall index - Annual growth rate,PCCH,0,Replace,2013-03-06T15:30:00.000+01:00,
RTD.M.S0.N.P_C_OV.A,M,S0,N,P_C_OV,A,2011-09,2.97668,A,F,,,P1M,A,,,HICP.M.U2.N.000000.4D0.ANR,,,,,,"See <a class=""external"" href=""http://sdw.ecb.europa.eu/web/generator/docu/rtdb_docu.pdf""> notes</a>; block Monthly; series: AI",,1,,,HICP Inflation rate - Total - Annual rate of change,Euro area (moving concept in the Real Time database context) - HICP - Overall index - Annual growth rate,PCCH,0,Replace,2013-03-06T15:30:00.000+01:00,
RTD.M.S0.N.P_C_OV.A,M,S0,N,P_C_OV,A,2011-10,3.03113,A,F,,,P1M,A,,,HICP.M.U2.N.000000.4D0.ANR,,,,,,"See <a class=""external"" href=""http://sdw.ecb.europa.eu/web/generator/docu/rtdb_docu.pdf""> notes</a>; block Monthly; series: AI",,1,,,HICP Inflation rate - Total - Annual rate of change,Euro area (moving concept in the Real Time database context) - HICP - Overall index - Annual growth rate,PCCH,0,Replace,2013-03-06T15:30:00.000+01:00,
RTD.M.S0.N.P_C_OV.A,M,S0,N,P_C_OV,A,2011-11,3.02839,A,F,,,P1M,A,,,HICP.M.U2.N.000000.4D0.ANR,,,,,,"See <a class=""external"" href=""http://sdw.ecb.europa.eu/web/generator/docu/rtdb_docu.pdf""> notes</a>; block Monthly; series: AI",,1,,,HICP Inflation rate - Total - Annual rate of change,Euro area (moving concept in the Real Time database context) - HICP - Overall index - Annual growth rate,PCCH,0,Replace,2013-03-06T15:30:00.000+01:00,
RTD.M.S0.N.P_C_OV.A,M,S0,N,P_C_OV,A,2012-01,2.65182,A,F,,,P1M,A,,,HICP.M.U2.N.000000.4D0.ANR,,,,,,"See <a class=""external"" href=""http://sdw.ecb.europa.eu/web/generator/docu/rtdb_docu.pdf""> notes</a>; block Monthly; series: AI",,1,,,HICP Inflation rate - Total - Annual rate of change,Euro area (moving concept in the Real Time database context) - HICP - Overall index - Annual growth rate,PCCH,0,Replace,2013-03-06T15:30:00.000+01:00,
RTD.M.S0.N.P_C_OV.A,M,S0,N,P_C_OV,A,2012-03,2.66762,A,F,,,P1M,A,,,HICP.M.U2.N.000000.4D0.ANR,,,,,,"See <a class=""external"" href=""http://sdw.ecb.europa.eu/web/generator/docu/rtdb_docu.pdf""> notes</a>; block Monthly; series: AI",,1,,,HICP Inflation rate - Total - Annual rate of change,Euro area (moving concept in the Real Time database context) - HICP - Overall index - Annual growth rate,PCCH,0,Replace,2013-03-06T15:30:00.000+01:00,
RTD.M.S0.N.P_C_OV.A,M,S0,N,P_C_OV,A,2012-04,2.57317,A,F,,,P1M,A,,,HICP.M.U2.N.000000.4D0.ANR,,,,,,"See <a class=""external"" href=""http://sdw.ecb.europa.eu/web/generator/docu/rtdb_docu.pdf""> notes</a>; block Monthly; series: AI",,1,,,HICP Inflation rate - Total - Annual rate of change,Euro area (moving concept in the Real Time database context) - HICP - Overall index - Annual growth rate,PCCH,0,Replace,2013-03-06T15:30:00.000+01:00,
RTD.M.S0.N.P_C_OV.A,M,S0,N,P_C_OV,A,2012-05,2.43169,A,F,,,P1M,A,,,HICP.M.U2.N.000000.4D0.ANR,,,,,,"See <a class=""external"" href=""http://sdw.ecb.europa.eu/web/generator/docu/rtdb_docu.pdf""> notes</a>; block Monthly; series: AI",,1,,,HICP Inflation rate - Total - Annual rate of change,Euro area (moving concept in the Real Time database context) - HICP - Overall index - Annual growth rate,PCCH,0,Replace,2013-03-06T15:30:00.000+01:00,
RTD.M.S0.N.P_C_OV.A,M,S0,N,P_C_OV,A,2012-06,2.36116,A,F,,,P1M,A,,,HICP.M.U2.N.000000.4D0.ANR,,,,,,"See <a class=""external"" href=""http://sdw.ecb.europa.eu/web/generator/docu/rtdb_docu.pdf""> notes</a>; block Monthly; series: AI",,1,,,HICP Inflation rate - Total - Annual rate of change,Euro area (moving concept in the Real Time database context) - HICP - Overall index - Annual growth rate,PCCH,0,Replace,2013-03-06T15:30:00.000+01:00,
RTD.M.S0.N.P_C_OV.A,M,S0,N,P_C_OV,A,2012-07,2.41017,A,F,,,P1M,A,,,HICP.M.U2.N.000000.4D0.ANR,,,,,,"See <a class=""external"" href=""http://sdw.ecb.europa.eu/web/generator/docu/rtdb_docu.pdf""> notes</a>; block Monthly; series: AI",,1,,,HICP Inflation rate - Total - Annual rate of change,Euro area (moving concept in the Real Time database context) - HICP - Overall index - Annual growth rate,PCCH,0,Replace,2013-03-06T15:30:00.000+01:00,
RTD.M.S0.N.P_C_OV.A,M,S0,N,P_C_OV,A,2012-09,2.60862,A,F,,,P1M,A,,,HICP.M.U2.N.000000.4D0.ANR,,,,,,"See <a class=""external"" href=""http://sdw.ecb.europa.eu/web/generator/docu/rtdb_docu.pdf""> notes</a>; block Monthly; series: AI",,1,,,HICP Inflation rate - Total - Annual rate of change,Euro area (moving concept in the Real Time database context) - HICP - Overall index - Annual growth rate,PCCH,0,Replace,2013-03-06T15:30:00.000+01:00,
RTD.M.S0.N.P_C_OV.A,M,S0,N,P_C_OV,A,2012-10,2.49407,A,F,,,P1M,A,,,HICP.M.U2.N.000000.4D0.ANR,,,,,,"See <a class=""external"" href=""http://sdw.ecb.europa.eu/web/generator/docu/rtdb_docu.pdf""> notes</a>; block Monthly; series: AI",,1,,,HICP Inflation rate - Total - Annual rate of change,Euro area (moving concept in the Real Time database context) - HICP - Overall index - Annual growth rate,PCCH,0,Replace,2013-03-06T15:30:00.000+01:00,
RTD.M.S0.N.P_C_OV.A,M,S0,N,P_C_OV,A,2012-11,2.19356,A,F,,,P1M,A,,,HICP.M.U2.N.000000.4D0.ANR,,,,,,"See <a class=""external"" href=""http://sdw.ecb.europa.eu/web/generator/docu/rtdb_docu.pdf""> notes</a>; block Monthly; series: AI",,1,,,HICP Inflation rate - Total - Annual rate of change,Euro area (moving concept in the Real Time database context) - HICP - Overall index - Annual growth rate,PCCH,0,Replace,2013-03-06T15:30:00.000+01:00,
RTD.M.S0.N.P_C_OV.A,M,S0,N,P_C_OV,A,2013-01,1.98378,A,F,,,P1M,A,,,HICP.M.U2.N.000000.4D0.ANR,,,,,,"See <a class=""external"" href=""http://sdw.ecb.europa.eu/web/generator/docu/rtdb_docu.pdf""> notes</a>; block Monthly; series: AI",,1,,,HICP Inflation rate - Total - Annual rate of change,Euro area (moving concept in the Real Time database context) - HICP - Overall index - Annual growth rate,PCCH,0,Replace,2013-03-06T15:30:00.000+01:00,
RTD.M.S0.N.P_C_OV.A,M,S0,N,P_C_OV,A,2013-02,1.8,A,F,,,P1M,A,,,HICP.M.U2.N.000000.4D0.ANR,,,,,,"See <a class=""external"" href=""http://sdw.ecb.europa.eu/web/generator/docu/rtdb_docu.pdf""> notes</a>; block Monthly; series: AI",,1,,,HICP Inflation rate - Total - Annual rate of change,Euro area (moving concept in the Real Time database context) - HICP - Overall index - Annual growth rate,PCCH,0,Replace,2013-03-06T15:30:00.000+01:00,
RTD.M.S0.N.P_C_OV.A,M,S0,N,P_C_OV,A,2013-02,1.84227,A,F,,,P1M,A,,,HICP.M.U2.N.000000.4D0.ANR,,,,,,"See <a class=""external"" href=""http://sdw.ecb.europa.eu/web/generator/docu/rtdb_docu.pdf""> notes</a>; block Monthly; series: AI",,1,,,HICP Inflation rate - Total - Annual rate of change,Euro area (moving concept in the Real Time database context) - HICP - Overall index - Annual growth rate,PCCH,0,Replace,2013-04-03T15:30:00.000+02:00,
RTD.M.S0.N.P_C_OV.A,M,S0,N,P_C_OV,A,2013-03,1.7,A,F,,,P1M,A,,,HICP.M.U2.N.000000.4D0.ANR,,,,,,"See <a class=""external"" href=""http://sdw.ecb.europa.eu/web/generator/docu/rtdb_docu.pdf""> notes</a>; block Monthly; series: AI",,1,,,HICP Inflation rate - Total - Annual rate of change,Euro area (moving concept in the Real Time database context) - HICP - Overall index - Annual growth rate,PCCH,0,Replace,2013-04-03T15:30:00.000+02:00,
RTD.M.S0.N.P_C_OV.A,M,S0,N,P_C_OV,A,2013-03,1.74086,A,F,,,P1M,A,,,HICP.M.U2.N.000000.4D0.ANR,,,,,,"See <a class=""external"" href=""http://sdw.ecb.europa.eu/web/generator/docu/rtdb_docu.pdf""> notes</a>; block Monthly; series: AI",,1,,,HICP Inflation rate - Total - Annual rate of change,Euro area (moving concept in the Real Time database context) - HICP - Overall index - Annual growth rate,PCCH,0,Replace,2013-04-30T15:30:00.000+02:00,
RTD.M.S0.N.P_C_OV.A,M,S0,N,P_C_OV,A,2013-04,1.2,A,F,,,P1M,A,,,HICP.M.U2.N.000000.4D0.ANR,,,,,,"See <a class=""external"" href=""http://sdw.ecb.europa.eu/web/generator/docu/rtdb_docu.pdf""> notes</a>; block Monthly; series: AI",,1,,,HICP Inflation rate - Total - Annual rate of change,Euro area (moving concept in the Real Time database context) - HICP - Overall index - Annual growth rate,PCCH,0,Replace,2013-04-30T15:30:00.000+02:00,
RTD.M.S0.N.P_C_OV.A,M,S0,N,P_C_OV,A,2013-04,1.17241,A,F,,,P1M,A,,,HICP.M.U2.N.000000.4D0.ANR,,,,,,"See <a class=""external"" href=""http://sdw.ecb.europa.eu/web/generator/docu/rtdb_docu.pdf""> notes</a>; block Monthly; series: AI",,1,,,HICP Inflation rate - Total - Annual rate of change,Euro area (moving concept in the Real Time database context) - HICP - Overall index - Annual growth rate,PCCH,0,Replace,2013-06-05T15:30:00.000+02:00,
RTD.M.S0.N.P_C_OV.A,M,S0,N,P_C_OV,A,2013-05,1.4,A,F,,,P1M,A,,,HICP.M.U2.N.000000.4D0.ANR,,,,,,"See <a class=""external"" href=""http://sdw.ecb.europa.eu/web/generator/docu/rtdb_docu.pdf""> notes</a>; block Monthly; series: AI",,1,,,HICP Inflation rate - Total - Annual rate of change,Euro area (moving concept in the Real Time database context) - HICP - Overall index - Annual growth rate,PCCH,0,Replace,2013-06-05T15:30:00.000+02:00,
RTD.M.S0.N.P_C_OV.A,M,S0,N,P_C_OV,A,2013-05,1.42438,A,F,,,P1M,A,,,HICP.M.U2.N.000000.4D0.ANR,,,,,,"See <a class=""external"" href=""http://sdw.ecb.europa.eu/web/generator/docu/rtdb_docu.pdf""> notes</a>; block Monthly; series: AI",,1,,,HICP Inflation rate - Total - Annual rate of change,Euro area (moving concept in the Real Time database context) - HICP - Overall index - Annual growth rate,PCCH,0,Replace,2013-07-03T15:30:00.000+02:00,
RTD.M.S0.N.P_C_OV.A,M,S0,N,P_C_OV,A,2013-06,1.6,A,F,,,P1M,A,,,HICP.M.U2.N.000000.4D0.ANR,,,,,,"See <a class=""external"" href=""http://sdw.ecb.europa.eu/web/generator/docu/rtdb_docu.pdf""> notes</a>; block Monthly; series: AI",,1,,,HICP Inflation rate - Total - Annual rate of change,Euro area (moving concept in the Real Time database context) - HICP - Overall index - Annual growth rate,PCCH,0,Replace,2013-07-03T15:30:00.000+02:00,
RTD.M.S0.N.P_C_OV.A,M,S0,N,P_C_OV,A,2013-06,1.60691,A,F,,,P1M,A,,,HICP.M.U2.N.000000.4D0.ANR,,,,,,"See <a class=""external"" href=""http://sdw.ecb.europa.eu/web/generator/docu/rtdb_docu.pdf""> notes</a>; block Monthly; series: AI",,1,,,HICP Inflation rate - Total - Annual rate of change,Euro area (moving concept in the Real Time database context) - HICP - Overall index - Annual growth rate,PCCH,0,Replace,2013-07-31T15:30:00.000+02:00,
RTD.M.S0.N.P_C_OV.A,M,S0,N,P_C_OV,A,2013-07,1.6,A,F,,,P1M,A,,,HICP.M.U2.N.000000.4D0.ANR,,,,,,"See <a class=""external"" href=""http://sdw.ecb.europa.eu/web/generator/docu/rtdb_docu.pdf""> notes</a>; block Monthly; series: AI",,1,,,HICP Inflation rate - Total - Annual rate of change,Euro area (moving concept in the Real Time database context) - HICP - Overall index - Annual growth rate,PCCH,0,Replace,2013-07-31T15:30:00.000+02:00,
RTD.M.S0.N.P_C_OV.A,M,S0,N,P_C_OV,A,2013-07,1.59792,A,F,,,P1M,A,,,HICP.M.U2.N.000000.4D0.ANR,,,,,,"See <a class=""external"" href=""http://sdw.ecb.europa.eu/web/generator/docu/rtdb_docu.pdf""> notes</a>; block Monthly; series: AI",,1,,,HICP Inflation rate - Total - Annual rate of change,Euro area (moving concept in the Real Time database context) - HICP - Overall index - Annual growth rate,PCCH,0,Replace,2013-09-04T15:30:00.000+02:00,
RTD.M.S0.N.P_C_OV.A,M,S0,N,P_C_OV,A,2013-08,1.3,A,F,,,P1M,A,,,HICP.M.U2.N.000000.4D0.ANR,,,,,,"See <a class=""external"" href=""http://sdw.ecb.europa.eu/web/generator/docu/rtdb_docu.pdf""> notes</a>; block Monthly; series: AI",,1,,,HICP Inflation rate - Total - Annual rate of change,Euro area (moving concept in the Real Time database context) - HICP - Overall index - Annual growth rate,PCCH,0,Replace,2013-09-04T15:30:00.000+02:00,
RTD.M.S0.N.P_C_OV.A,M,S0,N,P_C_OV,A,2013-08,1.34095,A,F,,,P1M,A,,,HICP.M.U2.N.000000.4D0.ANR,,,,,,"See <a class=""external"" href=""http://sdw.ecb.europa.eu/web/generator/docu/rtdb_docu.pdf""> notes</a>; block Monthly; series: AI",,1,,,HICP Inflation rate - Total - Annual rate of change,Euro area (moving concept in the Real Time database context) - HICP - Overall index - Annual growth rate,PCCH,0,Replace,2013-10-01T15:30:00.000+02:00,
RTD.M.S0.N.P_C_OV.A,M,S0,N,P_C_OV,A,2013-09,1.1,A,F,,,P1M,A,,,HICP.M.U2.N.000000.4D0.ANR,,,,,,"See <a class=""external"" href=""http://sdw.ecb.europa.eu/web/generator/docu/rtdb_docu.pdf""> notes</a>; block Monthly; series: AI",,1,,,HICP Inflation rate - Total - Annual rate of change,Euro area (moving concept in the Real Time database context) - HICP - Overall index - Annual growth rate,PCCH,0,Replace,2013-10-01T15:30:00.000+02:00,
RTD.M.S0.N.P_C_OV.A,M,S0,N,P_C_OV,A,2013-09,1.09937,A,F,,,P1M,A,,,HICP.M.U2.N.000000.4D0.ANR,,,,,,"See <a class=""external"" href=""http://sdw.ecb.europa.eu/web/generator/docu/rtdb_docu.pdf""> notes</a>; block Monthly; series: AI",,1,,,HICP Inflation rate - Total - Annual rate of change,Euro area (moving concept in the Real Time database context) - HICP - Overall index - Annual growth rate,PCCH,0,Replace,2013-11-06T15:30:00.000+01:00,
RTD.M.S0.N.P_C_OV.A,M,S0,N,P_C_OV,A,2013-10,0.7,A,F,,,P1M,A,,,HICP.M.U2.N.000000.4D0.ANR,,,,,,"See <a class=""external"" href=""http://sdw.ecb.europa.eu/web/generator/docu/rtdb_docu.pdf""> notes</a>; block Monthly; series: AI",,1,,,HICP Inflation rate - Total - Annual rate of change,Euro area (moving concept in the Real Time database context) - HICP - Overall index - Annual growth rate,PCCH,0,Replace,2013-11-06T15:30:00.000+01:00,
RTD.M.S0.N.P_C_OV.A,M,S0,N,P_C_OV,A,2013-10,0.7283,A,F,,,P1M,A,,,HICP.M.U2.N.000000.4D0.ANR,,,,,,"See <a class=""external"" href=""http://sdw.ecb.europa.eu/web/generator/docu/rtdb_docu.pdf""> notes</a>; block Monthly; series: AI",,1,,,HICP Inflation rate - Total - Annual rate of change,Euro area (moving concept in the Real Time database context) - HICP - Overall index - Annual growth rate,PCCH,0,Replace,2013-12-04T15:30:00.000+01:00,
RTD.M.S0.N.P_C_OV.A,M,S0,N,P_C_OV,A,2013-11,0.9,A,F,,,P1M,A,,,HICP.M.U2.N.000000.4D0.ANR,,,,,,"See <a class=""external"" href=""http://sdw.ecb.europa.eu/web/generator/docu/rtdb_docu.pdf""> notes</a>; block Monthly; series: AI",,1,,,HICP Inflation rate - Total - Annual rate of change,Euro area (moving concept in the Real Time database context) - HICP - Overall index - Annual growth rate,PCCH,0,Replace,2013-12-04T15:30:00.000+01:00,
RTD.M.S0.N.P_C_OV.A,M,S0,N,P_C_OV,A,2013-11,0.85859,A,F,,,P1M,A,,,HICP.M.U2.N.000000.4D0.ANR,,,,,,"See <a class=""external"" href=""http://sdw.ecb.europa.eu/web/generator/docu/rtdb_docu.pdf""> notes</a>; block Monthly; series: AI",,1,,,HICP Inflation rate - Total - Annual rate of change,Euro area (moving concept in the Real Time database context) - HICP - Overall index - Annual growth rate,PCCH,0,Replace,2014-01-08T15:30:00.000+01:00,
RTD.M.S0.N.P_C_OV.A,M,S0,N,P_C_OV,A,2013-12,0.8,A,F,,,P1M,A,,,HICP.M.U2.N.000000.4D0.ANR,,,,,,"See <a class=""external"" href=""http://sdw.ecb.europa.eu/web/generator/docu/rtdb_docu.pdf""> notes</a>; block Monthly; series: AI",,1,,,HICP Inflation rate - Total - Annual rate of change,Euro area (moving concept in the Real Time database context) - HICP - Overall index - Annual growth rate,PCCH,0,Replace,2014-01-08T15:30:00.000+01:00,
RTD.M.S0.N.P_C_OV.A,M,S0,N,P_C_OV,A,2013-12,0.84695,A,F,,,P1M,A,,,HICP.M.U2.N.000000.4D0.ANR,,,,,,"See <a class=""external"" href=""http://sdw.ecb.europa.eu/web/generator/docu/rtdb_docu.pdf""> notes</a>; block Monthly; series: AI",,1,,,HICP Inflation rate - Total - Annual rate of change,Euro area (moving concept in the Real Time database context) - HICP - Overall index - Annual growth rate,PCCH,0,Replace,2014-02-05T15:30:00.000+01:00,
RTD.M.S0.N.P_C_OV.A,M,S0,N,P_C_OV,A,2014-01,0.7,A,F,,,P1M,A,,,HICP.M.U2.N.000000.4D0.ANR,,,,,,"See <a class=""external"" href=""http://sdw.ecb.europa.eu/web/generator/docu/rtdb_docu.pdf""> notes</a>; block Monthly; series: AI",,1,,,HICP Inflation rate - Total - Annual rate of change,Euro area (moving concept in the Real Time database context) - HICP - Overall index - Annual growth rate,PCCH,0,Replace,2014-02-05T15:30:00.000+01:00,
RTD.M.S0.N.P_C_OV.A,M,S0,N,P_C_OV,A,2014-01,0.77808,A,F,,,P1M,A,,,HICP.M.U2.N.000000.4D0.ANR,,,,,,"See <a class=""external"" href=""http://sdw.ecb.europa.eu/web/generator/docu/rtdb_docu.pdf""> notes</a>; block Monthly; series: AI",,1,,,HICP Inflation rate - Total - Annual rate of change,Euro area (moving concept in the Real Time database context) - HICP - Overall index - Annual growth rate,PCCH,0,Replace,2014-03-05T15:30:00.000+01:00,
RTD.M.S0.N.P_C_OV.A,M,S0,N,P_C_OV,A,2014-02,0.8,A,F,,,P1M,A,,,HICP.M.U2.N.000000.4D0.ANR,,,,,,"See <a class=""external"" href=""http://sdw.ecb.europa.eu/web/generator/docu/rtdb_docu.pdf""> notes</a>; block Monthly; series: AI",,1,,,HICP Inflation rate - Total - Annual rate of change,Euro area (moving concept in the Real Time database context) - HICP - Overall index - Annual growth rate,PCCH,0,Replace,2014-03-05T15:30:00.000+01:00,
RTD.M.S0.N.P_C_OV.A,M,S0,N,P_C_OV,A,2014-02,0.71496,A,F,,,P1M,A,,,HICP.M.U2.N.000000.4D0.ANR,,,,,,"See <a class=""external"" href=""http://sdw.ecb.europa.eu/web/generator/docu/rtdb_docu.pdf""> notes</a>; block Monthly; series: AI",,1,,,HICP Inflation rate - Total - Annual rate of change,Euro area (moving concept in the Real Time database context) - HICP - Overall index - Annual growth rate,PCCH,0,Replace,2014-04-02T15:30:00.000+02:00,
RTD.M.S0.N.P_C_OV.A,M,S0,N,P_C_OV,A,2014-03,0.5,A,F,,,P1M,A,,,HICP.M.U2.N.000000.4D0.ANR,,,,,,"See <a class=""external"" href=""http://sdw.ecb.europa.eu/web/generator/docu/rtdb_docu.pdf""> notes</a>; block Monthly; series: AI",,1,,,HICP Inflation rate - Total - Annual rate of change,Euro area (moving concept in the Real Time database context) - HICP - Overall index - Annual growth rate,PCCH,0,Replace,2014-04-02T15:30:00.000+02:00,
RTD.M.S0.N.P_C_OV.A,M,S0,N,P_C_OV,A,2014-03,0.4682,A,F,,,P1M,A,,,HICP.M.U2.N.000000.4D0.ANR,,,,,,"See <a class=""external"" href=""http://sdw.ecb.europa.eu/web/generator/docu/rtdb_docu.pdf""> notes</a>; block Monthly; series: AI",,1,,,HICP Inflation rate - Total - Annual rate of change,Euro area (moving concept in the Real Time database context) - HICP - Overall index - Annual growth rate,PCCH,0,Replace,2014-05-07T15:30:00.000+02:00,
RTD.M.S0.N.P_C_OV.A,M,S0,N,P_C_OV,A,2014-04,0.7,A,F,,,P1M,A,,,HICP.M.U2.N.000000.4D0.ANR,,,,,,"See <a class=""external"" href=""http://sdw.ecb.europa.eu/web/generator/docu/rtdb_docu.pdf""> notes</a>; block Monthly; series: AI",,1,,,HICP Inflation rate - Total - Annual rate of change,Euro area (moving concept in the Real Time database context) - HICP - Overall index - Annual growth rate,PCCH,0,Replace,2014-05-07T15:30:00.000+02:00,
RTD.M.S0.N.P_C_OV.A,M,S0,N,P_C_OV,A,2014-04,0.71575,A,F,,,P1M,A,,,HICP.M.U2.N.000000.4D0.ANR,,,,,,"See <a class=""external"" href=""http://sdw.ecb.europa.eu/web/generator/docu/rtdb_docu.pdf""> notes</a>; block Monthly; series: AI",,1,,,HICP Inflation rate - Total - Annual rate of change,Euro area (moving concept in the Real Time database context) - HICP - Overall index - Annual growth rate,PCCH,0,Replace,2014-06-04T15:30:00.000+02:00,
RTD.M.S0.N.P_C_OV.A,M,S0,N,P_C_OV,A,2014-05,0.5,A,F,,,P1M,A,,,HICP.M.U2.N.000000.4D0.ANR,,,,,,"See <a class=""external"" href=""http://sdw.ecb.europa.eu/web/generator/docu/rtdb_docu.pdf""> notes</a>; block Monthly; series: AI",,1,,,HICP Inflation rate - Total - Annual rate of change,Euro area (moving concept in the Real Time database context) - HICP - Overall index - Annual growth rate,PCCH,0,Replace,2014-06-04T15:30:00.000+02:00,
RTD.M.S0.N.P_C_OV.A,M,S0,N,P_C_OV,A,2014-05,0.49366,A,F,,,P1M,A,,,HICP.M.U2.N.000000.4D0.ANR,,,,,,"See <a class=""external"" href=""http://sdw.ecb.europa.eu/web/generator/docu/rtdb_docu.pdf""> notes</a>; block Monthly; series: AI",,1,,,HICP Inflation rate - Total - Annual rate of change,Euro area (moving concept in the Real Time database context) - HICP - Overall index - Annual growth rate,PCCH,0,Replace,2014-07-02T15:30:00.000+02:00,
RTD.M.S0.N.P_C_OV.A,M,S0,N,P_C_OV,A,2014-06,0.5,A,F,,,P1M,A,,,HICP.M.U2.N.000000.4D0.ANR,,,,,,"See <a class=""external"" href=""http://sdw.ecb.europa.eu/web/generator/docu/rtdb_docu.pdf""> notes</a>; block Monthly; series: AI",,1,,,HICP Inflation rate - Total - Annual rate of change,Euro area (moving concept in the Real Time database context) - HICP - Overall index - Annual growth rate,PCCH,0,Replace,2014-07-02T15:30:00.000+02:00,
RTD.M.S0.N.P_C_OV.A,M,S0,N,P_C_OV,A,2014-06,0.50166,A,F,,,P1M,A,,,HICP.M.U2.N.000000.4D0.ANR,,,,,,"See <a class=""external"" href=""http://sdw.ecb.europa.eu/web/generator/docu/rtdb_docu.pdf""> notes</a>; block Monthly; series: AI",,1,,,HICP Inflation rate - Total - Annual rate of change,Euro area (moving concept in the Real Time database context) - HICP - Overall index - Annual growth rate,PCCH,0,Replace,2014-08-06T15:30:00.000+02:00,
RTD.M.S0.N.P_C_OV.A,M,S0,N,P_C_OV,A,2014-07,0.4,A,F,,,P1M,A,,,HICP.M.U2.N.000000.4D0.ANR,,,,,,"See <a class=""external"" href=""http://sdw.ecb.europa.eu/web/generator/docu/rtdb_docu.pdf""> notes</a>; block Monthly; series: AI",,1,,,HICP Inflation rate - Total - Annual rate of change,Euro area (moving concept in the Real Time database context) - HICP - Overall index - Annual growth rate,PCCH,0,Replace,2014-08-06T15:30:00.000+02:00,
RTD.M.S0.N.P_C_OV.A,M,S0,N,P_C_OV,A,2014-07,0.3761,A,F,,,P1M,A,,,HICP.M.U2.N.000000.4D0.ANR,,,,,,"See <a class=""external"" href=""http://sdw.ecb.europa.eu/web/generator/docu/rtdb_docu.pdf""> notes</a>; block Monthly; series: AI",,1,,,HICP Inflation rate - Total - Annual rate of change,Euro area (moving concept in the Real Time database context) - HICP - Overall index - Annual growth rate,PCCH,0,Replace,2014-09-03T15:30:00.000+02:00,
RTD.M.S0.N.P_C_OV.A,M,S0,N,P_C_OV,A,2014-08,0.3,A,F,,,P1M,A,,,HICP.M.U2.N.000000.4D0.ANR,,,,,,"See <a class=""external"" href=""http://sdw.ecb.europa.eu/web/generator/docu/rtdb_docu.pdf""> notes</a>; block Monthly; series: AI",,1,,,HICP Inflation rate - Total - Annual rate of change,Euro area (moving concept in the Real Time database context) - HICP - Overall index - Annual growth rate,PCCH,0,Replace,2014-09-03T15:30:00.000+02:00,
RTD.M.S0.N.P_C_OV.A,M,S0,N,P_C_OV,A,2014-08,0.36708,A,F,,,P1M,A,,,HICP.M.U2.N.000000.4D0.ANR,,,,,,"See <a class=""external"" href=""http://sdw.ecb.europa.eu/web/generator/docu/rtdb_docu.pdf""> notes</a>; block Monthly; series: AI",,1,,,HICP Inflation rate - Total - Annual rate of change,Euro area (moving concept in the Real Time database context) - HICP - Overall index - Annual growth rate,PCCH,0,Replace,2014-10-01T15:30:00.000+02:00,
RTD.M.S0.N.P_C_OV.A,M,S0,N,P_C_OV,A,2014-09,0.3,A,F,,,P1M,A,,,HICP.M.U2.N.000000.4D0.ANR,,,,,,"See <a class=""external"" href=""http://sdw.ecb.europa.eu/web/generator/docu/rtdb_docu.pdf""> notes</a>; block Monthly; series: AI",,1,,,HICP Inflation rate - Total - Annual rate of change,Euro area (moving concept in the Real Time database context) - HICP - Overall index - Annual growth rate,PCCH,0,Replace,2014-10-01T15:30:00.000+02:00,
RTD.M.S0.N.P_C_OV.A,M,S0,N,P_C_OV,A,2014-09,0.31433,A,F,,,P1M,A,,,HICP.M.U2.N.000000.4D0.ANR,,,,,,"See <a class=""external"" href=""http://sdw.ecb.europa.eu/web/generator/docu/rtdb_docu.pdf""> notes</a>; block Monthly; series: AI",,1,,,HICP Inflation rate - Total - Annual rate of change,Euro area (moving concept in the Real Time database context) - HICP - Overall index - Annual growth rate,PCCH,0,Replace,2014-11-05T15:30:00.000+01:00,
RTD.M.S0.N.P_C_OV.A,M,S0,N,P_C_OV,A,2014-10,0.4,A,F,,,P1M,A,,,HICP.M.U2.N.000000.4D0.ANR,,,,,,"See <a class=""external"" href=""http://sdw.ecb.europa.eu/web/generator/docu/rtdb_docu.pdf""> notes</a>; block Monthly; series: AI",,1,,,HICP Inflation rate - Total - Annual rate of change,Euro area (moving concept in the Real Time database context) - HICP - Overall index - Annual growth rate,PCCH,0,Replace,2014-11-05T15:30:00.000+01:00,
RTD.M.S0.N.P_C_OV.A,M,S0,N,P_C_OV,A,2014-10,0.38278,A,F,,,P1M,A,,,HICP.M.U2.N.000000.4D0.ANR,,,,,,"See <a class=""external"" href=""http://sdw.ecb.europa.eu/web/generator/docu/rtdb_docu.pdf""> notes</a>; block Monthly; series: AI",,1,,,HICP Inflation rate - Total - Annual rate of change,Euro area (moving concept in the Real Time database context) - HICP - Overall index - Annual growth rate,PCCH,0,Replace,2014-12-03T15:30:00.000+01:00,
RTD.M.S0.N.P_C_OV.A,M,S0,N,P_C_OV,A,2014-11,0.3,A,F,,,P1M,A,,,HICP.M.U2.N.000000.4D0.ANR,,,,,,"See <a class=""external"" href=""http://sdw.ecb.europa.eu/web/generator/docu/rtdb_docu.pdf""> notes</a>; block Monthly; series: AI",,1,,,HICP Inflation rate - Total - Annual rate of change,Euro area (moving concept in the Real Time database context) - HICP - Overall index - Annual growth rate,PCCH,0,Replace,2014-12-03T15:30:00.000+01:00,
RTD.M.S0.N.P_C_OV.A,M,S0,N,P_C_OV,A,2014-11,0.28092,A,F,,,P1M,A,,,HICP.M.U2.N.000000.4D0.ANR,,,,,,"See <a class=""external"" href=""http://sdw.ecb.europa.eu/web/generator/docu/rtdb_docu.pdf""> notes</a>; block Monthly; series: AI",,1,,,HICP Inflation rate - Total - Annual rate of change,Euro area (moving concept in the Real Time database context) - HICP - Overall index - Annual growth rate,PCCH,0,Replace,2015-01-21T15:30:00.000+01:00,
RTD.M.S0.N.P_C_OV.A,M,S0,N,P_C_OV,A,2014-12,-0.16118,A,F,,,P1M,A,,,HICP.M.U2.N.000000.4D0.ANR,,,,,,"See <a class=""external"" href=""http://sdw.ecb.europa.eu/web/generator/docu/rtdb_docu.pdf""> notes</a>; block Monthly; series: AI",,1,,,HICP Inflation rate - Total - Annual rate of change,Euro area (moving concept in the Real Time database context) - HICP - Overall index - Annual growth rate,PCCH,0,Replace,2015-01-21T15:30:00.000+01:00,
RTD.M.S0.N.P_C_OV.A,M,S0,N,P_C_OV,A,2015-01,-0.61765,A,F,,,P1M,A,,,HICP.M.U2.N.000000.4D0.ANR,,,,,,"See <a class=""external"" href=""http://sdw.ecb.europa.eu/web/generator/docu/rtdb_docu.pdf""> notes</a>; block Monthly; series: AI",,1,,,HICP Inflation rate - Total - Annual rate of change,Euro area (moving concept in the Real Time database context) - HICP - Overall index - Annual growth rate,PCCH,0,Replace,2015-03-04T15:30:00.000+01:00,
RTD.M.S0.N.P_C_OV.A,M,S0,N,P_C_OV,A,2015-02,-0.3,A,F,,,P1M,A,,,HICP.M.U2.N.000000.4D0.ANR,,,,,,"See <a class=""external"" href=""http://sdw.ecb.europa.eu/web/generator/docu/rtdb_docu.pdf""> notes</a>; block Monthly; series: AI",,1,,,HICP Inflation rate - Total - Annual rate of change,Euro area (moving concept in the Real Time database context) - HICP - Overall index - Annual growth rate,PCCH,0,Replace,2015-03-04T15:30:00.000+01:00,
RTD.M.S0.N.P_C_OV.A,M,S0,N,P_C_OV,A,2015-02,-0.28224,A,F,,,P1M,A,,,HICP.M.U2.N.000000.4D0.ANR,,,,,,"See <a class=""external"" href=""http://sdw.ecb.europa.eu/web/generator/docu/rtdb_docu.pdf""> notes</a>; block Monthly; series: AI",,1,,,HICP Inflation rate - Total - Annual rate of change,Euro area (moving concept in the Real Time database context) - HICP - Overall index - Annual growth rate,PCCH,0,Replace,2015-04-14T15:30:00.000+02:00,
RTD.M.S0.N.P_C_OV.A,M,S0,N,P_C_OV,A,2015-03,-0.1,A,F,,,P1M,A,,,HICP.M.U2.N.000000.4D0.ANR,,,,,,"See <a class=""external"" href=""http://sdw.ecb.europa.eu/web/generator/docu/rtdb_docu.pdf""> notes</a>; block Monthly; series: AI",,1,,,HICP Inflation rate - Total - Annual rate of change,Euro area (moving concept in the Real Time database context) - HICP - Overall index - Annual growth rate,PCCH,0,Replace,2015-04-14T15:30:00.000+02:00,
RTD.M.S0.N.P_C_OV.A,M,S0,N,P_C_OV,A,2015-01,-0.60908,A,F,,,P1M,A,,,HICP.M.U2.N.000000.4D0.ANR,,,,,,"See <a class=""external"" href=""http://sdw.ecb.europa.eu/web/generator/docu/rtdb_docu.pdf""> notes</a>; block Monthly; series: AI",,1,,,HICP Inflation rate - Total - Annual rate of change,Euro area (moving concept in the Real Time database context) - HICP - Overall index - Annual growth rate,PCCH,0,Replace,2015-06-02T15:30:00.000+02:00,
RTD.M.S0.N.P_C_OV.A,M,S0,N,P_C_OV,A,2015-02,-0.26514,A,F,,,P1M,A,,,HICP.M.U2.N.000000.4D0.ANR,,,,,,"See <a class=""external"" href=""http://sdw.ecb.europa.eu/web/generator/docu/rtdb_docu.pdf""> notes</a>; block Monthly; series: AI",,1,,,HICP Inflation rate - Total - Annual rate of change,Euro area (moving concept in the Real Time database context) - HICP - Overall index - Annual growth rate,PCCH,0,Replace,2015-06-02T15:30:00.000+02:00,
RTD.M.S0.N.P_C_OV.A,M,S0,N,P_C_OV,A,2015-03,-0.07626,A,F,,,P1M,A,,,HICP.M.U2.N.000000.4D0.ANR,,,,,,"See <a class=""external"" href=""http://sdw.ecb.europa.eu/web/generator/docu/rtdb_docu.pdf""> notes</a>; block Monthly; series: AI",,1,,,HICP Inflation rate - Total - Annual rate of change,Euro area (moving concept in the Real Time database context) - HICP - Overall index - Annual growth rate,PCCH,0,Replace,2015-06-02T15:30:00.000+02:00,
RTD.M.S0.N.P_C_OV.A,M,S0,N,P_C_OV,A,2015-04,0.00846,A,F,,,P1M,A,,,HICP.M.U2.N.000000.4D0.ANR,,,,,,"See <a class=""external"" href=""http://sdw.ecb.europa.eu/web/generator/docu/rtdb_docu.pdf""> notes</a>; block Monthly; series: AI",,1,,,HICP Inflation rate - Total - Annual rate of change,Euro area (moving concept in the Real Time database context) - HICP - Overall index - Annual growth rate,PCCH,0,Replace,2015-06-02T15:30:00.000+02:00,
RTD.M.S0.N.P_C_OV.A,M,S0,N,P_C_OV,A,2015-05,0.3,A,F,,,P1M,A,,,HICP.M.U2.N.000000.4D0.ANR,,,,,,"See <a class=""external"" href=""http://sdw.ecb.europa.eu/web/generator/docu/rtdb_docu.pdf""> notes</a>; block Monthly; series: AI",,1,,,HICP Inflation rate - Total - Annual rate of change,Euro area (moving concept in the Real Time database context) - HICP - Overall index - Annual growth rate,PCCH,0,Replace,2015-06-02T15:30:00.000+02:00,
RTD.M.S0.N.P_C_OV.A,M,S0,N,P_C_OV,A,2015-05,0.34725,A,F,,,P1M,A,,,HICP.M.U2.N.000000.4D0.ANR,,,,,,"See <a class=""external"" href=""http://sdw.ecb.europa.eu/web/generator/docu/rtdb_docu.pdf""> notes</a>; block Monthly; series: AI",,1,,,HICP Inflation rate - Total - Annual rate of change,Euro area (moving concept in the Real Time database context) - HICP - Overall index - Annual growth rate,PCCH,0,Replace,2015-07-15T15:30:00.000+02:00,
RTD.M.S0.N.P_C_OV.A,M,S0,N,P_C_OV,A,2015-06,0.21997,A,F,,,P1M,A,,,HICP.M.U2.N.000000.4D0.ANR,,,,,,"See <a class=""external"" href=""http://sdw.ecb.europa.eu/web/generator/docu/rtdb_docu.pdf""> notes</a>; block Monthly; series: AI",,1,,,HICP Inflation rate - Total - Annual rate of change,Euro area (moving concept in the Real Time database context) - HICP - Overall index - Annual growth rate,PCCH,0,Replace,2015-07-15T15:30:00.000+02:00,
RTD.M.S0.N.P_C_OV.A,M,S0,N,P_C_OV,A,2015-07,0.23844,A,F,,,P1M,A,,,HICP.M.U2.N.000000.4D0.ANR,,,,,,"See <a class=""external"" href=""http://sdw.ecb.europa.eu/web/generator/docu/rtdb_docu.pdf""> notes</a>; block Monthly; series: AI",,1,,,HICP Inflation rate - Total - Annual rate of change,Euro area (moving concept in the Real Time database context) - HICP - Overall index - Annual growth rate,PCCH,0,Replace,2015-09-02T15:30:00.000+02:00,
RTD.M.S0.N.P_C_OV.A,M,S0,N,P_C_OV,A,2015-08,0.2,A,F,,,P1M,A,,,HICP.M.U2.N.000000.4D0.ANR,,,,,,"See <a class=""external"" href=""http://sdw.ecb.europa.eu/web/generator/docu/rtdb_docu.pdf""> notes</a>; block Monthly; series: AI",,1,,,HICP Inflation rate - Total - Annual rate of change,Euro area (moving concept in the Real Time database context) - HICP - Overall index - Annual growth rate,PCCH,0,Replace,2015-09-02T15:30:00.000+02:00,
RTD.M.S0.N.P_C_OV.A,M,S0,N,P_C_OV,A,2015-08,0.12758,A,F,,,P1M,A,,,HICP.M.U2.N.000000.4D0.ANR,,,,,,"See <a class=""external"" href=""http://sdw.ecb.europa.eu/web/generator/docu/rtdb_docu.pdf""> notes</a>; block Monthly; series: AI",,1,,,HICP Inflation rate - Total - Annual rate of change,Euro area (moving concept in the Real Time database context) - HICP - Overall index - Annual growth rate,PCCH,0,Replace,2015-10-21T15:30:00.000+02:00,
RTD.M.S0.N.P_C_OV.A,M,S0,N,P_C_OV,A,2015-09,-0.08469,A,F,,,P1M,A,,,HICP.M.U2.N.000000.4D0.ANR,,,,,,"See <a class=""external"" href=""http://sdw.ecb.europa.eu/web/generator/docu/rtdb_docu.pdf""> notes</a>; block Monthly; series: AI",,1,,,HICP Inflation rate - Total - Annual rate of change,Euro area (moving concept in the Real Time database context) - HICP - Overall index - Annual growth rate,PCCH,0,Replace,2015-10-21T15:30:00.000+02:00,
RTD.M.S0.N.P_C_OV.A,M,S0,N,P_C_OV,A,1991-01,3.9,A,F,,,P1M,A,,,HICP.M.U2.N.000000.4D0.ANR,,,,,,"See <a class=""external"" href=""http://sdw.ecb.europa.eu/web/generator/docu/rtdb_docu.pdf""> notes</a>; block Monthly; series: AI",,1,,,HICP Inflation rate - Total - Annual rate of change,Euro area (moving concept in the Real Time database context) - HICP - Overall index - Annual growth rate,PCCH,0,Replace,2015-12-02T15:30:00.000+01:00,
RTD.M.S0.N.P_C_OV.A,M,S0,N,P_C_OV,A,1991-02,4.1,A,F,,,P1M,A,,,HICP.M.U2.N.000000.4D0.ANR,,,,,,"See <a class=""external"" href=""http://sdw.ecb.europa.eu/web/generator/docu/rtdb_docu.pdf""> notes</a>; block Monthly; series: AI",,1,,,HICP Inflation rate - Total - Annual rate of change,Euro area (moving concept in the Real Time database context) - HICP - Overall index - Annual growth rate,PCCH,0,Replace,2015-12-02T15:30:00.000+01:00,
RTD.M.S0.N.P_C_OV.A,M,S0,N,P_C_OV,A,1991-03,3.9,A,F,,,P1M,A,,,HICP.M.U2.N.000000.4D0.ANR,,,,,,"See <a class=""external"" href=""http://sdw.ecb.europa.eu/web/generator/docu/rtdb_docu.pdf""> notes</a>; block Monthly; series: AI",,1,,,HICP Inflation rate - Total - Annual rate of change,Euro area (moving concept in the Real Time database context) - HICP - Overall index - Annual growth rate,PCCH,0,Replace,2015-12-02T15:30:00.000+01:00,
RTD.M.S0.N.P_C_OV.A,M,S0,N,P_C_OV,A,1991-04,3.8,A,F,,,P1M,A,,,HICP.M.U2.N.000000.4D0.ANR,,,,,,"See <a class=""external"" href=""http://sdw.ecb.europa.eu/web/generator/docu/rtdb_docu.pdf""> notes</a>; block Monthly; series: AI",,1,,,HICP Inflation rate - Total - Annual rate of change,Euro area (moving concept in the Real Time database context) - HICP - Overall index - Annual growth rate,PCCH,0,Replace,2015-12-02T15:30:00.000+01:00,
RTD.M.S0.N.P_C_OV.A,M,S0,N,P_C_OV,A,1991-05,4.1,A,F,,,P1M,A,,,HICP.M.U2.N.000000.4D0.ANR,,,,,,"See <a class=""external"" href=""http://sdw.ecb.europa.eu/web/generator/docu/rtdb_docu.pdf""> notes</a>; block Monthly; series: AI",,1,,,HICP Inflation rate - Total - Annual rate of change,Euro area (moving concept in the Real Time database context) - HICP - Overall index - Annual growth rate,PCCH,0,Replace,2015-12-02T15:30:00.000+01:00,
RTD.M.S0.N.P_C_OV.A,M,S0,N,P_C_OV,A,1991-06,4.3,A,F,,,P1M,A,,,HICP.M.U2.N.000000.4D0.ANR,,,,,,"See <a class=""external"" href=""http://sdw.ecb.europa.eu/web/generator/docu/rtdb_docu.pdf""> notes</a>; block Monthly; series: AI",,1,,,HICP Inflation rate - Total - Annual rate of change,Euro area (moving concept in the Real Time database context) - HICP - Overall index - Annual growth rate,PCCH,0,Replace,2015-12-02T15:30:00.000+01:00,
RTD.M.S0.N.P_C_OV.A,M,S0,N,P_C_OV,A,1991-07,5,A,F,,,P1M,A,,,HICP.M.U2.N.000000.4D0.ANR,,,,,,"See <a class=""external"" href=""http://sdw.ecb.europa.eu/web/generator/docu/rtdb_docu.pdf""> notes</a>; block Monthly; series: AI",,1,,,HICP Inflation rate - Total - Annual rate of change,Euro area (moving concept in the Real Time database context) - HICP - Overall index - Annual growth rate,PCCH,0,Replace,2015-12-02T15:30:00.000+01:00,
RTD.M.S0.N.P_C_OV.A,M,S0,N,P_C_OV,A,1991-08,4.5,A,F,,,P1M,A,,,HICP.M.U2.N.000000.4D0.ANR,,,,,,"See <a class=""external"" href=""http://sdw.ecb.europa.eu/web/generator/docu/rtdb_docu.pdf""> notes</a>; block Monthly; series: AI",,1,,,HICP Inflation rate - Total - Annual rate of change,Euro area (moving concept in the Real Time database context) - HICP - Overall index - Annual growth rate,PCCH,0,Replace,2015-12-02T15:30:00.000+01:00,
RTD.M.S0.N.P_C_OV.A,M,S0,N,P_C_OV,A,1991-09,3.9,A,F,,,P1M,A,,,HICP.M.U2.N.000000.4D0.ANR,,,,,,"See <a class=""external"" href=""http://sdw.ecb.europa.eu/web/generator/docu/rtdb_docu.pdf""> notes</a>; block Monthly; series: AI",,1,,,HICP Inflation rate - Total - Annual rate of change,Euro area (moving concept in the Real Time database context) - HICP - Overall index - Annual growth rate,PCCH,0,Replace,2015-12-02T15:30:00.000+01:00,
RTD.M.S0.N.P_C_OV.A,M,S0,N,P_C_OV,A,1991-10,3.7,A,F,,,P1M,A,,,HICP.M.U2.N.000000.4D0.ANR,,,,,,"See <a class=""external"" href=""http://sdw.ecb.europa.eu/web/generator/docu/rtdb_docu.pdf""> notes</a>; block Monthly; series: AI",,1,,,HICP Inflation rate - Total - Annual rate of change,Euro area (moving concept in the Real Time database context) - HICP - Overall index - Annual growth rate,PCCH,0,Replace,2015-12-02T15:30:00.000+01:00,
RTD.M.S0.N.P_C_OV.A,M,S0,N,P_C_OV,A,1991-11,4.1,A,F,,,P1M,A,,,HICP.M.U2.N.000000.4D0.ANR,,,,,,"See <a class=""external"" href=""http://sdw.ecb.europa.eu/web/generator/docu/rtdb_docu.pdf""> notes</a>; block Monthly; series: AI",,1,,,HICP Inflation rate - Total - Annual rate of change,Euro area (moving concept in the Real Time database context) - HICP - Overall index - Annual growth rate,PCCH,0,Replace,2015-12-02T15:30:00.000+01:00,
RTD.M.S0.N.P_C_OV.A,M,S0,N,P_C_OV,A,1991-12,4.1,A,F,,,P1M,A,,,HICP.M.U2.N.000000.4D0.ANR,,,,,,"See <a class=""external"" href=""http://sdw.ecb.europa.eu/web/generator/docu/rtdb_docu.pdf""> notes</a>; block Monthly; series: AI",,1,,,HICP Inflation rate - Total - Annual rate of change,Euro area (moving concept in the Real Time database context) - HICP - Overall index - Annual growth rate,PCCH,0,Replace,2015-12-02T15:30:00.000+01:00,
RTD.M.S0.N.P_C_OV.A,M,S0,N,P_C_OV,A,1992-01,3.9,A,F,,,P1M,A,,,HICP.M.U2.N.000000.4D0.ANR,,,,,,"See <a class=""external"" href=""http://sdw.ecb.europa.eu/web/generator/docu/rtdb_docu.pdf""> notes</a>; block Monthly; series: AI",,1,,,HICP Inflation rate - Total - Annual rate of change,Euro area (moving concept in the Real Time database context) - HICP - Overall index - Annual growth rate,PCCH,0,Replace,2015-12-02T15:30:00.000+01:00,
RTD.M.S0.N.P_C_OV.A,M,S0,N,P_C_OV,A,1992-02,3.8,A,F,,,P1M,A,,,HICP.M.U2.N.000000.4D0.ANR,,,,,,"See <a class=""external"" href=""http://sdw.ecb.europa.eu/web/generator/docu/rtdb_docu.pdf""> notes</a>; block Monthly; series: AI",,1,,,HICP Inflation rate - Total - Annual rate of change,Euro area (moving concept in the Real Time database context) - HICP - Overall index - Annual growth rate,PCCH,0,Replace,2015-12-02T15:30:00.000+01:00,
RTD.M.S0.N.P_C_OV.A,M,S0,N,P_C_OV,A,1992-03,4.3,A,F,,,P1M,A,,,HICP.M.U2.N.000000.4D0.ANR,,,,,,"See <a class=""external"" href=""http://sdw.ecb.europa.eu/web/generator/docu/rtdb_docu.pdf""> notes</a>; block Monthly; series: AI",,1,,,HICP Inflation rate - Total - Annual rate of change,Euro area (moving concept in the Real Time database context) - HICP - Overall index - Annual growth rate,PCCH,0,Replace,2015-12-02T15:30:00.000+01:00,
RTD.M.S0.N.P_C_OV.A,M,S0,N,P_C_OV,A,1992-04,4.2,A,F,,,P1M,A,,,HICP.M.U2.N.000000.4D0.ANR,,,,,,"See <a class=""external"" href=""http://sdw.ecb.europa.eu/web/generator/docu/rtdb_docu.pdf""> notes</a>; block Monthly; series: AI",,1,,,HICP Inflation rate - Total - Annual rate of change,Euro area (moving concept in the Real Time database context) - HICP - Overall index - Annual growth rate,PCCH,0,Replace,2015-12-02T15:30:00.000+01:00,
RTD.M.S0.N.P_C_OV.A,M,S0,N,P_C_OV,A,1992-05,4,A,F,,,P1M,A,,,HICP.M.U2.N.000000.4D0.ANR,,,,,,"See <a class=""external"" href=""http://sdw.ecb.europa.eu/web/generator/docu/rtdb_docu.pdf""> notes</a>; block Monthly; series: AI",,1,,,HICP Inflation rate - Total - Annual rate of change,Euro area (moving concept in the Real Time database context) - HICP - Overall index - Annual growth rate,PCCH,0,Replace,2015-12-02T15:30:00.000+01:00,
RTD.M.S0.N.P_C_OV.A,M,S0,N,P_C_OV,A,1992-06,3.9,A,F,,,P1M,A,,,HICP.M.U2.N.000000.4D0.ANR,,,,,,"See <a class=""external"" href=""http://sdw.ecb.europa.eu/web/generator/docu/rtdb_docu.pdf""> notes</a>; block Monthly; series: AI",,1,,,HICP Inflation rate - Total - Annual rate of change,Euro area (moving concept in the Real Time database context) - HICP - Overall index - Annual growth rate,PCCH,0,Replace,2015-12-02T15:30:00.000+01:00,
RTD.M.S0.N.P_C_OV.A,M,S0,N,P_C_OV,A,1992-07,3.3,A,F,,,P1M,A,,,HICP.M.U2.N.000000.4D0.ANR,,,,,,"See <a class=""external"" href=""http://sdw.ecb.europa.eu/web/generator/docu/rtdb_docu.pdf""> notes</a>; block Monthly; series: AI",,1,,,HICP Inflation rate - Total - Annual rate of change,Euro area (moving concept in the Real Time database context) - HICP - Overall index - Annual growth rate,PCCH,0,Replace,2015-12-02T15:30:00.000+01:00,
RTD.M.S0.N.P_C_OV.A,M,S0,N,P_C_OV,A,1992-08,3.3,A,F,,,P1M,A,,,HICP.M.U2.N.000000.4D0.ANR,,,,,,"See <a class=""external"" href=""http://sdw.ecb.europa.eu/web/generator/docu/rtdb_docu.pdf""> notes</a>; block Monthly; series: AI",,1,,,HICP Inflation rate - Total - Annual rate of change,Euro area (moving concept in the Real Time database context) - HICP - Overall index - Annual growth rate,PCCH,0,Replace,2015-12-02T15:30:00.000+01:00,
RTD.M.S0.N.P_C_OV.A,M,S0,N,P_C_OV,A,1992-09,3.3,A,F,,,P1M,A,,,HICP.M.U2.N.000000.4D0.ANR,,,,,,"See <a class=""external"" href=""http://sdw.ecb.europa.eu/web/generator/docu/rtdb_docu.pdf""> notes</a>; block Monthly; series: AI",,1,,,HICP Inflation rate - Total - Annual rate of change,Euro area (moving concept in the Real Time database context) - HICP - Overall index - Annual growth rate,PCCH,0,Replace,2015-12-02T15:30:00.000+01:00,
RTD.M.S0.N.P_C_OV.A,M,S0,N,P_C_OV,A,1992-10,3.2,A,F,,,P1M,A,,,HICP.M.U2.N.000000.4D0.ANR,,,,,,"See <a class=""external"" href=""http://sdw.ecb.europa.eu/web/generator/docu/rtdb_docu.pdf""> notes</a>; block Monthly; series: AI",,1,,,HICP Inflation rate - Total - Annual rate of change,Euro area (moving concept in the Real Time database context) - HICP - Overall index - Annual growth rate,PCCH,0,Replace,2015-12-02T15:30:00.000+01:00,
RTD.M.S0.N.P_C_OV.A,M,S0,N,P_C_OV,A,1992-11,3.1,A,F,,,P1M,A,,,HICP.M.U2.N.000000.4D0.ANR,,,,,,"See <a class=""external"" href=""http://sdw.ecb.europa.eu/web/generator/docu/rtdb_docu.pdf""> notes</a>; block Monthly; series: AI",,1,,,HICP Inflation rate - Total - Annual rate of change,Euro area (moving concept in the Real Time database context) - HICP - Overall index - Annual growth rate,PCCH,0,Replace,2015-12-02T15:30:00.000+01:00,
RTD.M.S0.N.P_C_OV.A,M,S0,N,P_C_OV,A,1992-12,3.2,A,F,,,P1M,A,,,HICP.M.U2.N.000000.4D0.ANR,,,,,,"See <a class=""external"" href=""http://sdw.ecb.europa.eu/web/generator/docu/rtdb_docu.pdf""> notes</a>; block Monthly; series: AI",,1,,,HICP Inflation rate - Total - Annual rate of change,Euro area (moving concept in the Real Time database context) - HICP - Overall index - Annual growth rate,PCCH,0,Replace,2015-12-02T15:30:00.000+01:00,
RTD.M.S0.N.P_C_OV.A,M,S0,N,P_C_OV,A,1993-01,3.4,A,F,,,P1M,A,,,HICP.M.U2.N.000000.4D0.ANR,,,,,,"See <a class=""external"" href=""http://sdw.ecb.europa.eu/web/generator/docu/rtdb_docu.pdf""> notes</a>; block Monthly; series: AI",,1,,,HICP Inflation rate - Total - Annual rate of change,Euro area (moving concept in the Real Time database context) - HICP - Overall index - Annual growth rate,PCCH,0,Replace,2015-12-02T15:30:00.000+01:00,
RTD.M.S0.N.P_C_OV.A,M,S0,N,P_C_OV,A,1993-02,3.4,A,F,,,P1M,A,,,HICP.M.U2.N.000000.4D0.ANR,,,,,,"See <a class=""external"" href=""http://sdw.ecb.europa.eu/web/generator/docu/rtdb_docu.pdf""> notes</a>; block Monthly; series: AI",,1,,,HICP Inflation rate - Total - Annual rate of change,Euro area (moving concept in the Real Time database context) - HICP - Overall index - Annual growth rate,PCCH,0,Replace,2015-12-02T15:30:00.000+01:00,
RTD.M.S0.N.P_C_OV.A,M,S0,N,P_C_OV,A,1993-03,3.2,A,F,,,P1M,A,,,HICP.M.U2.N.000000.4D0.ANR,,,,,,"See <a class=""external"" href=""http://sdw.ecb.europa.eu/web/generator/docu/rtdb_docu.pdf""> notes</a>; block Monthly; series: AI",,1,,,HICP Inflation rate - Total - Annual rate of change,Euro area (moving concept in the Real Time database context) - HICP - Overall index - Annual growth rate,PCCH,0,Replace,2015-12-02T15:30:00.000+01:00,
RTD.M.S0.N.P_C_OV.A,M,S0,N,P_C_OV,A,1993-04,3.2,A,F,,,P1M,A,,,HICP.M.U2.N.000000.4D0.ANR,,,,,,"See <a class=""external"" href=""http://sdw.ecb.europa.eu/web/generator/docu/rtdb_docu.pdf""> notes</a>; block Monthly; series: AI",,1,,,HICP Inflation rate - Total - Annual rate of change,Euro area (moving concept in the Real Time database context) - HICP - Overall index - Annual growth rate,PCCH,0,Replace,2015-12-02T15:30:00.000+01:00,
RTD.M.S0.N.P_C_OV.A,M,S0,N,P_C_OV,A,1993-05,3.1,A,F,,,P1M,A,,,HICP.M.U2.N.000000.4D0.ANR,,,,,,"See <a class=""external"" href=""http://sdw.ecb.europa.eu/web/generator/docu/rtdb_docu.pdf""> notes</a>; block Monthly; series: AI",,1,,,HICP Inflation rate - Total - Annual rate of change,Euro area (moving concept in the Real Time database context) - HICP - Overall index - Annual growth rate,PCCH,0,Replace,2015-12-02T15:30:00.000+01:00,
RTD.M.S0.N.P_C_OV.A,M,S0,N,P_C_OV,A,1993-06,3.1,A,F,,,P1M,A,,,HICP.M.U2.N.000000.4D0.ANR,,,,,,"See <a class=""external"" href=""http://sdw.ecb.europa.eu/web/generator/docu/rtdb_docu.pdf""> notes</a>; block Monthly; series: AI",,1,,,HICP Inflation rate - Total - Annual rate of change,Euro area (moving concept in the Real Time database context) - HICP - Overall index - Annual growth rate,PCCH,0,Replace,2015-12-02T15:30:00.000+01:00,
RTD.M.S0.N.P_C_OV.A,M,S0,N,P_C_OV,A,1993-07,3.3,A,F,,,P1M,A,,,HICP.M.U2.N.000000.4D0.ANR,,,,,,"See <a class=""external"" href=""http://sdw.ecb.europa.eu/web/generator/docu/rtdb_docu.pdf""> notes</a>; block Monthly; series: AI",,1,,,HICP Inflation rate - Total - Annual rate of change,Euro area (moving concept in the Real Time database context) - HICP - Overall index - Annual growth rate,PCCH,0,Replace,2015-12-02T15:30:00.000+01:00,
RTD.M.S0.N.P_C_OV.A,M,S0,N,P_C_OV,A,1993-08,3.3,A,F,,,P1M,A,,,HICP.M.U2.N.000000.4D0.ANR,,,,,,"See <a class=""external"" href=""http://sdw.ecb.europa.eu/web/generator/docu/rtdb_docu.pdf""> notes</a>; block Monthly; series: AI",,1,,,HICP Inflation rate - Total - Annual rate of change,Euro area (moving concept in the Real Time database context) - HICP - Overall index - Annual growth rate,PCCH,0,Replace,2015-12-02T15:30:00.000+01:00,
RTD.M.S0.N.P_C_OV.A,M,S0,N,P_C_OV,A,1993-09,3.3,A,F,,,P1M,A,,,HICP.M.U2.N.000000.4D0.ANR,,,,,,"See <a class=""external"" href=""http://sdw.ecb.europa.eu/web/generator/docu/rtdb_docu.pdf""> notes</a>; block Monthly; series: AI",,1,,,HICP Inflation rate - Total - Annual rate of change,Euro area (moving concept in the Real Time database context) - HICP - Overall index - Annual growth rate,PCCH,0,Replace,2015-12-02T15:30:00.000+01:00,
RTD.M.S0.N.P_C_OV.A,M,S0,N,P_C_OV,A,1993-10,3.3,A,F,,,P1M,A,,,HICP.M.U2.N.000000.4D0.ANR,,,,,,"See <a class=""external"" href=""http://sdw.ecb.europa.eu/web/generator/docu/rtdb_docu.pdf""> notes</a>; block Monthly; series: AI",,1,,,HICP Inflation rate - Total - Annual rate of change,Euro area (moving concept in the Real Time database context) - HICP - Overall index - Annual growth rate,PCCH,0,Replace,2015-12-02T15:30:00.000+01:00,
RTD.M.S0.N.P_C_OV.A,M,S0,N,P_C_OV,A,1993-11,3.2,A,F,,,P1M,A,,,HICP.M.U2.N.000000.4D0.ANR,,,,,,"See <a class=""external"" href=""http://sdw.ecb.europa.eu/web/generator/docu/rtdb_docu.pdf""> notes</a>; block Monthly; series: AI",,1,,,HICP Inflation rate - Total - Annual rate of change,Euro area (moving concept in the Real Time database context) - HICP - Overall index - Annual growth rate,PCCH,0,Replace,2015-12-02T15:30:00.000+01:00,
RTD.M.S0.N.P_C_OV.A,M,S0,N,P_C_OV,A,1993-12,3.2,A,F,,,P1M,A,,,HICP.M.U2.N.000000.4D0.ANR,,,,,,"See <a class=""external"" href=""http://sdw.ecb.europa.eu/web/generator/docu/rtdb_docu.pdf""> notes</a>; block Monthly; series: AI",,1,,,HICP Inflation rate - Total - Annual rate of change,Euro area (moving concept in the Real Time database context) - HICP - Overall index - Annual growth rate,PCCH,0,Replace,2015-12-02T15:30:00.000+01:00,
RTD.M.S0.N.P_C_OV.A,M,S0,N,P_C_OV,A,1994-01,2.9,A,F,,,P1M,A,,,HICP.M.U2.N.000000.4D0.ANR,,,,,,"See <a class=""external"" href=""http://sdw.ecb.europa.eu/web/generator/docu/rtdb_docu.pdf""> notes</a>; block Monthly; series: AI",,1,,,HICP Inflation rate - Total - Annual rate of change,Euro area (moving concept in the Real Time database context) - HICP - Overall index - Annual growth rate,PCCH,0,Replace,2015-12-02T15:30:00.000+01:00,
RTD.M.S0.N.P_C_OV.A,M,S0,N,P_C_OV,A,1994-02,2.9,A,F,,,P1M,A,,,HICP.M.U2.N.000000.4D0.ANR,,,,,,"See <a class=""external"" href=""http://sdw.ecb.europa.eu/web/generator/docu/rtdb_docu.pdf""> notes</a>; block Monthly; series: AI",,1,,,HICP Inflation rate - Total - Annual rate of change,Euro area (moving concept in the Real Time database context) - HICP - Overall index - Annual growth rate,PCCH,0,Replace,2015-12-02T15:30:00.000+01:00,
RTD.M.S0.N.P_C_OV.A,M,S0,N,P_C_OV,A,1994-03,2.8,A,F,,,P1M,A,,,HICP.M.U2.N.000000.4D0.ANR,,,,,,"See <a class=""external"" href=""http://sdw.ecb.europa.eu/web/generator/docu/rtdb_docu.pdf""> notes</a>; block Monthly; series: AI",,1,,,HICP Inflation rate - Total - Annual rate of change,Euro area (moving concept in the Real Time database context) - HICP - Overall index - Annual growth rate,PCCH,0,Replace,2015-12-02T15:30:00.000+01:00,
RTD.M.S0.N.P_C_OV.A,M,S0,N,P_C_OV,A,1994-04,2.7,A,F,,,P1M,A,,,HICP.M.U2.N.000000.4D0.ANR,,,,,,"See <a class=""external"" href=""http://sdw.ecb.europa.eu/web/generator/docu/rtdb_docu.pdf""> notes</a>; block Monthly; series: AI",,1,,,HICP Inflation rate - Total - Annual rate of change,Euro area (moving concept in the Real Time database context) - HICP - Overall index - Annual growth rate,PCCH,0,Replace,2015-12-02T15:30:00.000+01:00,
RTD.M.S0.N.P_C_OV.A,M,S0,N,P_C_OV,A,1994-05,2.8,A,F,,,P1M,A,,,HICP.M.U2.N.000000.4D0.ANR,,,,,,"See <a class=""external"" href=""http://sdw.ecb.europa.eu/web/generator/docu/rtdb_docu.pdf""> notes</a>; block Monthly; series: AI",,1,,,HICP Inflation rate - Total - Annual rate of change,Euro area (moving concept in the Real Time database context) - HICP - Overall index - Annual growth rate,PCCH,0,Replace,2015-12-02T15:30:00.000+01:00,
RTD.M.S0.N.P_C_OV.A,M,S0,N,P_C_OV,A,1994-06,2.7,A,F,,,P1M,A,,,HICP.M.U2.N.000000.4D0.ANR,,,,,,"See <a class=""external"" href=""http://sdw.ecb.europa.eu/web/generator/docu/rtdb_docu.pdf""> notes</a>; block Monthly; series: AI",,1,,,HICP Inflation rate - Total - Annual rate of change,Euro area (moving concept in the Real Time database context) - HICP - Overall index - Annual growth rate,PCCH,0,Replace,2015-12-02T15:30:00.000+01:00,
RTD.M.S0.N.P_C_OV.A,M,S0,N,P_C_OV,A,1994-07,2.6,A,F,,,P1M,A,,,HICP.M.U2.N.000000.4D0.ANR,,,,,,"See <a class=""external"" href=""http://sdw.ecb.europa.eu/web/generator/docu/rtdb_docu.pdf""> notes</a>; block Monthly; series: AI",,1,,,HICP Inflation rate - Total - Annual rate of change,Euro area (moving concept in the Real Time database context) - HICP - Overall index - Annual growth rate,PCCH,0,Replace,2015-12-02T15:30:00.000+01:00,
RTD.M.S0.N.P_C_OV.A,M,S0,N,P_C_OV,A,1994-08,2.7,A,F,,,P1M,A,,,HICP.M.U2.N.000000.4D0.ANR,,,,,,"See <a class=""external"" href=""http://sdw.ecb.europa.eu/web/generator/docu/rtdb_docu.pdf""> notes</a>; block Monthly; series: AI",,1,,,HICP Inflation rate - Total - Annual rate of change,Euro area (moving concept in the Real Time database context) - HICP - Overall index - Annual growth rate,PCCH,0,Replace,2015-12-02T15:30:00.000+01:00,
RTD.M.S0.N.P_C_OV.A,M,S0,N,P_C_OV,A,1994-09,2.7,A,F,,,P1M,A,,,HICP.M.U2.N.000000.4D0.ANR,,,,,,"See <a class=""external"" href=""http://sdw.ecb.europa.eu/web/generator/docu/rtdb_docu.pdf""> notes</a>; block Monthly; series: AI",,1,,,HICP Inflation rate - Total - Annual rate of change,Euro area (moving concept in the Real Time database context) - HICP - Overall index - Annual growth rate,PCCH,0,Replace,2015-12-02T15:30:00.000+01:00,
RTD.M.S0.N.P_C_OV.A,M,S0,N,P_C_OV,A,1994-10,2.6,A,F,,,P1M,A,,,HICP.M.U2.N.000000.4D0.ANR,,,,,,"See <a class=""external"" href=""http://sdw.ecb.europa.eu/web/generator/docu/rtdb_docu.pdf""> notes</a>; block Monthly; series: AI",,1,,,HICP Inflation rate - Total - Annual rate of change,Euro area (moving concept in the Real Time database context) - HICP - Overall index - Annual growth rate,PCCH,0,Replace,2015-12-02T15:30:00.000+01:00,
RTD.M.S0.N.P_C_OV.A,M,S0,N,P_C_OV,A,1994-11,2.5,A,F,,,P1M,A,,,HICP.M.U2.N.000000.4D0.ANR,,,,,,"See <a class=""external"" href=""http://sdw.ecb.europa.eu/web/generator/docu/rtdb_docu.pdf""> notes</a>; block Monthly; series: AI",,1,,,HICP Inflation rate - Total - Annual rate of change,Euro area (moving concept in the Real Time database context) - HICP - Overall index - Annual growth rate,PCCH,0,Replace,2015-12-02T15:30:00.000+01:00,
RTD.M.S0.N.P_C_OV.A,M,S0,N,P_C_OV,A,1994-12,2.6,A,F,,,P1M,A,,,HICP.M.U2.N.000000.4D0.ANR,,,,,,"See <a class=""external"" href=""http://sdw.ecb.europa.eu/web/generator/docu/rtdb_docu.pdf""> notes</a>; block Monthly; series: AI",,1,,,HICP Inflation rate - Total - Annual rate of change,Euro area (moving concept in the Real Time database context) - HICP - Overall index - Annual growth rate,PCCH,0,Replace,2015-12-02T15:30:00.000+01:00,
RTD.M.S0.N.P_C_OV.A,M,S0,N,P_C_OV,A,1995-01,2.4,A,F,,,P1M,A,,,HICP.M.U2.N.000000.4D0.ANR,,,,,,"See <a class=""external"" href=""http://sdw.ecb.europa.eu/web/generator/docu/rtdb_docu.pdf""> notes</a>; block Monthly; series: AI",,1,,,HICP Inflation rate - Total - Annual rate of change,Euro area (moving concept in the Real Time database context) - HICP - Overall index - Annual growth rate,PCCH,0,Replace,2015-12-02T15:30:00.000+01:00,
RTD.M.S0.N.P_C_OV.A,M,S0,N,P_C_OV,A,1995-02,2.4,A,F,,,P1M,A,,,HICP.M.U2.N.000000.4D0.ANR,,,,,,"See <a class=""external"" href=""http://sdw.ecb.europa.eu/web/generator/docu/rtdb_docu.pdf""> notes</a>; block Monthly; series: AI",,1,,,HICP Inflation rate - Total - Annual rate of change,Euro area (moving concept in the Real Time database context) - HICP - Overall index - Annual growth rate,PCCH,0,Replace,2015-12-02T15:30:00.000+01:00,
RTD.M.S0.N.P_C_OV.A,M,S0,N,P_C_OV,A,1995-03,2.5,A,F,,,P1M,A,,,HICP.M.U2.N.000000.4D0.ANR,,,,,,"See <a class=""external"" href=""http://sdw.ecb.europa.eu/web/generator/docu/rtdb_docu.pdf""> notes</a>; block Monthly; series: AI",,1,,,HICP Inflation rate - Total - Annual rate of change,Euro area (moving concept in the Real Time database context) - HICP - Overall index - Annual growth rate,PCCH,0,Replace,2015-12-02T15:30:00.000+01:00,
RTD.M.S0.N.P_C_OV.A,M,S0,N,P_C_OV,A,1995-04,2.6,A,F,,,P1M,A,,,HICP.M.U2.N.000000.4D0.ANR,,,,,,"See <a class=""external"" href=""http://sdw.ecb.europa.eu/web/generator/docu/rtdb_docu.pdf""> notes</a>; block Monthly; series: AI",,1,,,HICP Inflation rate - Total - Annual rate of change,Euro area (moving concept in the Real Time database context) - HICP - Overall index - Annual growth rate,PCCH,0,Replace,2015-12-02T15:30:00.000+01:00,
RTD.M.S0.N.P_C_OV.A,M,S0,N,P_C_OV,A,1995-05,2.4,A,F,,,P1M,A,,,HICP.M.U2.N.000000.4D0.ANR,,,,,,"See <a class=""external"" href=""http://sdw.ecb.europa.eu/web/generator/docu/rtdb_docu.pdf""> notes</a>; block Monthly; series: AI",,1,,,HICP Inflation rate - Total - Annual rate of change,Euro area (moving concept in the Real Time database context) - HICP - Overall index - Annual growth rate,PCCH,0,Replace,2015-12-02T15:30:00.000+01:00,
RTD.M.S0.N.P_C_OV.A,M,S0,N,P_C_OV,A,1995-06,2.6,A,F,,,P1M,A,,,HICP.M.U2.N.000000.4D0.ANR,,,,,,"See <a class=""external"" href=""http://sdw.ecb.europa.eu/web/generator/docu/rtdb_docu.pdf""> notes</a>; block Monthly; series: AI",,1,,,HICP Inflation rate - Total - Annual rate of change,Euro area (moving concept in the Real Time database context) - HICP - Overall index - Annual growth rate,PCCH,0,Replace,2015-12-02T15:30:00.000+01:00,
RTD.M.S0.N.P_C_OV.A,M,S0,N,P_C_OV,A,1995-07,2.4,A,F,,,P1M,A,,,HICP.M.U2.N.000000.4D0.ANR,,,,,,"See <a class=""external"" href=""http://sdw.ecb.europa.eu/web/generator/docu/rtdb_docu.pdf""> notes</a>; block Monthly; series: AI",,1,,,HICP Inflation rate - Total - Annual rate of change,Euro area (moving concept in the Real Time database context) - HICP - Overall index - Annual growth rate,PCCH,0,Replace,2015-12-02T15:30:00.000+01:00,
RTD.M.S0.N.P_C_OV.A,M,S0,N,P_C_OV,A,1995-08,2.3,A,F,,,P1M,A,,,HICP.M.U2.N.000000.4D0.ANR,,,,,,"See <a class=""external"" href=""http://sdw.ecb.europa.eu/web/generator/docu/rtdb_docu.pdf""> notes</a>; block Monthly; series: AI",,1,,,HICP Inflation rate - Total - Annual rate of change,Euro area (moving concept in the Real Time database context) - HICP - Overall index - Annual growth rate,PCCH,0,Replace,2015-12-02T15:30:00.000+01:00,
RTD.M.S0.N.P_C_OV.A,M,S0,N,P_C_OV,A,1995-09,2.4,A,F,,,P1M,A,,,HICP.M.U2.N.000000.4D0.ANR,,,,,,"See <a class=""external"" href=""http://sdw.ecb.europa.eu/web/generator/docu/rtdb_docu.pdf""> notes</a>; block Monthly; series: AI",,1,,,HICP Inflation rate - Total - Annual rate of change,Euro area (moving concept in the Real Time database context) - HICP - Overall index - Annual growth rate,PCCH,0,Replace,2015-12-02T15:30:00.000+01:00,
RTD.M.S0.N.P_C_OV.A,M,S0,N,P_C_OV,A,1995-10,2.4,A,F,,,P1M,A,,,HICP.M.U2.N.000000.4D0.ANR,,,,,,"See <a class=""external"" href=""http://sdw.ecb.europa.eu/web/generator/docu/rtdb_docu.pdf""> notes</a>; block Monthly; series: AI",,1,,,HICP Inflation rate - Total - Annual rate of change,Euro area (moving concept in the Real Time database context) - HICP - Overall index - Annual growth rate,PCCH,0,Replace,2015-12-02T15:30:00.000+01:00,
RTD.M.S0.N.P_C_OV.A,M,S0,N,P_C_OV,A,1995-11,2.4,A,F,,,P1M,A,,,HICP.M.U2.N.000000.4D0.ANR,,,,,,"See <a class=""external"" href=""http://sdw.ecb.europa.eu/web/generator/docu/rtdb_docu.pdf""> notes</a>; block Monthly; series: AI",,1,,,HICP Inflation rate - Total - Annual rate of change,Euro area (moving concept in the Real Time database context) - HICP - Overall index - Annual growth rate,PCCH,0,Replace,2015-12-02T15:30:00.000+01:00,
RTD.M.S0.N.P_C_OV.A,M,S0,N,P_C_OV,A,1995-12,2.4,A,F,,,P1M,A,,,HICP.M.U2.N.000000.4D0.ANR,,,,,,"See <a class=""external"" href=""http://sdw.ecb.europa.eu/web/generator/docu/rtdb_docu.pdf""> notes</a>; block Monthly; series: AI",,1,,,HICP Inflation rate - Total - Annual rate of change,Euro area (moving concept in the Real Time database context) - HICP - Overall index - Annual growth rate,PCCH,0,Replace,2015-12-02T15:30:00.000+01:00,
RTD.M.S0.N.P_C_OV.A,M,S0,N,P_C_OV,A,1996-01,2.4,A,F,,,P1M,A,,,HICP.M.U2.N.000000.4D0.ANR,,,,,,"See <a class=""external"" href=""http://sdw.ecb.europa.eu/web/generator/docu/rtdb_docu.pdf""> notes</a>; block Monthly; series: AI",,1,,,HICP Inflation rate - Total - Annual rate of change,Euro area (moving concept in the Real Time database context) - HICP - Overall index - Annual growth rate,PCCH,0,Replace,2015-12-02T15:30:00.000+01:00,
RTD.M.S0.N.P_C_OV.A,M,S0,N,P_C_OV,A,1996-02,2.4,A,F,,,P1M,A,,,HICP.M.U2.N.000000.4D0.ANR,,,,,,"See <a class=""external"" href=""http://sdw.ecb.europa.eu/web/generator/docu/rtdb_docu.pdf""> notes</a>; block Monthly; series: AI",,1,,,HICP Inflation rate - Total - Annual rate of change,Euro area (moving concept in the Real Time database context) - HICP - Overall index - Annual growth rate,PCCH,0,Replace,2015-12-02T15:30:00.000+01:00,
RTD.M.S0.N.P_C_OV.A,M,S0,N,P_C_OV,A,1996-03,2.4,A,F,,,P1M,A,,,HICP.M.U2.N.000000.4D0.ANR,,,,,,"See <a class=""external"" href=""http://sdw.ecb.europa.eu/web/generator/docu/rtdb_docu.pdf""> notes</a>; block Monthly; series: AI",,1,,,HICP Inflation rate - Total - Annual rate of change,Euro area (moving concept in the Real Time database context) - HICP - Overall index - Annual growth rate,PCCH,0,Replace,2015-12-02T15:30:00.000+01:00,
RTD.M.S0.N.P_C_OV.A,M,S0,N,P_C_OV,A,1996-04,2.4,A,F,,,P1M,A,,,HICP.M.U2.N.000000.4D0.ANR,,,,,,"See <a class=""external"" href=""http://sdw.ecb.europa.eu/web/generator/docu/rtdb_docu.pdf""> notes</a>; block Monthly; series: AI",,1,,,HICP Inflation rate - Total - Annual rate of change,Euro area (moving concept in the Real Time database context) - HICP - Overall index - Annual growth rate,PCCH,0,Replace,2015-12-02T15:30:00.000+01:00,
RTD.M.S0.N.P_C_OV.A,M,S0,N,P_C_OV,A,1996-05,2.5,A,F,,,P1M,A,,,HICP.M.U2.N.000000.4D0.ANR,,,,,,"See <a class=""external"" href=""http://sdw.ecb.europa.eu/web/generator/docu/rtdb_docu.pdf""> notes</a>; block Monthly; series: AI",,1,,,HICP Inflation rate - Total - Annual rate of change,Euro area (moving concept in the Real Time database context) - HICP - Overall index - Annual growth rate,PCCH,0,Replace,2015-12-02T15:30:00.000+01:00,
RTD.M.S0.N.P_C_OV.A,M,S0,N,P_C_OV,A,1996-06,2.1,A,F,,,P1M,A,,,HICP.M.U2.N.000000.4D0.ANR,,,,,,"See <a class=""external"" href=""http://sdw.ecb.europa.eu/web/generator/docu/rtdb_docu.pdf""> notes</a>; block Monthly; series: AI",,1,,,HICP Inflation rate - Total - Annual rate of change,Euro area (moving concept in the Real Time database context) - HICP - Overall index - Annual growth rate,PCCH,0,Replace,2015-12-02T15:30:00.000+01:00,
RTD.M.S0.N.P_C_OV.A,M,S0,N,P_C_OV,A,1996-07,2.1,A,F,,,P1M,A,,,HICP.M.U2.N.000000.4D0.ANR,,,,,,"See <a class=""external"" href=""http://sdw.ecb.europa.eu/web/generator/docu/rtdb_docu.pdf""> notes</a>; block Monthly; series: AI",,1,,,HICP Inflation rate - Total - Annual rate of change,Euro area (moving concept in the Real Time database context) - HICP - Overall index - Annual growth rate,PCCH,0,Replace,2015-12-02T15:30:00.000+01:00,
RTD.M.S0.N.P_C_OV.A,M,S0,N,P_C_OV,A,1996-08,2,A,F,,,P1M,A,,,HICP.M.U2.N.000000.4D0.ANR,,,,,,"See <a class=""external"" href=""http://sdw.ecb.europa.eu/web/generator/docu/rtdb_docu.pdf""> notes</a>; block Monthly; series: AI",,1,,,HICP Inflation rate - Total - Annual rate of change,Euro area (moving concept in the Real Time database context) - HICP - Overall index - Annual growth rate,PCCH,0,Replace,2015-12-02T15:30:00.000+01:00,
RTD.M.S0.N.P_C_OV.A,M,S0,N,P_C_OV,A,1996-09,2,A,F,,,P1M,A,,,HICP.M.U2.N.000000.4D0.ANR,,,,,,"See <a class=""external"" href=""http://sdw.ecb.europa.eu/web/generator/docu/rtdb_docu.pdf""> notes</a>; block Monthly; series: AI",,1,,,HICP Inflation rate - Total - Annual rate of change,Euro area (moving concept in the Real Time database context) - HICP - Overall index - Annual growth rate,PCCH,0,Replace,2015-12-02T15:30:00.000+01:00,
RTD.M.S0.N.P_C_OV.A,M,S0,N,P_C_OV,A,1996-10,2,A,F,,,P1M,A,,,HICP.M.U2.N.000000.4D0.ANR,,,,,,"See <a class=""external"" href=""http://sdw.ecb.europa.eu/web/generator/docu/rtdb_docu.pdf""> notes</a>; block Monthly; series: AI",,1,,,HICP Inflation rate - Total - Annual rate of change,Euro area (moving concept in the Real Time database context) - HICP - Overall index - Annual growth rate,PCCH,0,Replace,2015-12-02T15:30:00.000+01:00,
RTD.M.S0.N.P_C_OV.A,M,S0,N,P_C_OV,A,1996-11,1.9,A,F,,,P1M,A,,,HICP.M.U2.N.000000.4D0.ANR,,,,,,"See <a class=""external"" href=""http://sdw.ecb.europa.eu/web/generator/docu/rtdb_docu.pdf""> notes</a>; block Monthly; series: AI",,1,,,HICP Inflation rate - Total - Annual rate of change,Euro area (moving concept in the Real Time database context) - HICP - Overall index - Annual growth rate,PCCH,0,Replace,2015-12-02T15:30:00.000+01:00,
RTD.M.S0.N.P_C_OV.A,M,S0,N,P_C_OV,A,1996-12,1.9,A,F,,,P1M,A,,,HICP.M.U2.N.000000.4D0.ANR,,,,,,"See <a class=""external"" href=""http://sdw.ecb.europa.eu/web/generator/docu/rtdb_docu.pdf""> notes</a>; block Monthly; series: AI",,1,,,HICP Inflation rate - Total - Annual rate of change,Euro area (moving concept in the Real Time database context) - HICP - Overall index - Annual growth rate,PCCH,0,Replace,2015-12-02T15:30:00.000+01:00,
RTD.M.S0.N.P_C_OV.A,M,S0,N,P_C_OV,A,1997-01,2,A,F,,,P1M,A,,,HICP.M.U2.N.000000.4D0.ANR,,,,,,"See <a class=""external"" href=""http://sdw.ecb.europa.eu/web/generator/docu/rtdb_docu.pdf""> notes</a>; block Monthly; series: AI",,1,,,HICP Inflation rate - Total - Annual rate of change,Euro area (moving concept in the Real Time database context) - HICP - Overall index - Annual growth rate,PCCH,0,Replace,2015-12-02T15:30:00.000+01:00,
RTD.M.S0.N.P_C_OV.A,M,S0,N,P_C_OV,A,1997-02,1.8,A,F,,,P1M,A,,,HICP.M.U2.N.000000.4D0.ANR,,,,,,"See <a class=""external"" href=""http://sdw.ecb.europa.eu/web/generator/docu/rtdb_docu.pdf""> notes</a>; block Monthly; series: AI",,1,,,HICP Inflation rate - Total - Annual rate of change,Euro area (moving concept in the Real Time database context) - HICP - Overall index - Annual growth rate,PCCH,0,Replace,2015-12-02T15:30:00.000+01:00,
RTD.M.S0.N.P_C_OV.A,M,S0,N,P_C_OV,A,1997-03,1.6,A,F,,,P1M,A,,,HICP.M.U2.N.000000.4D0.ANR,,,,,,"See <a class=""external"" href=""http://sdw.ecb.europa.eu/web/generator/docu/rtdb_docu.pdf""> notes</a>; block Monthly; series: AI",,1,,,HICP Inflation rate - Total - Annual rate of change,Euro area (moving concept in the Real Time database context) - HICP - Overall index - Annual growth rate,PCCH,0,Replace,2015-12-02T15:30:00.000+01:00,
RTD.M.S0.N.P_C_OV.A,M,S0,N,P_C_OV,A,1997-04,1.3,A,F,,,P1M,A,,,HICP.M.U2.N.000000.4D0.ANR,,,,,,"See <a class=""external"" href=""http://sdw.ecb.europa.eu/web/generator/docu/rtdb_docu.pdf""> notes</a>; block Monthly; series: AI",,1,,,HICP Inflation rate - Total - Annual rate of change,Euro area (moving concept in the Real Time database context) - HICP - Overall index - Annual growth rate,PCCH,0,Replace,2015-12-02T15:30:00.000+01:00,
RTD.M.S0.N.P_C_OV.A,M,S0,N,P_C_OV,A,1997-05,1.4,A,F,,,P1M,A,,,HICP.M.U2.N.000000.4D0.ANR,,,,,,"See <a class=""external"" href=""http://sdw.ecb.europa.eu/web/generator/docu/rtdb_docu.pdf""> notes</a>; block Monthly; series: AI",,1,,,HICP Inflation rate - Total - Annual rate of change,Euro area (moving concept in the Real Time database context) - HICP - Overall index - Annual growth rate,PCCH,0,Replace,2015-12-02T15:30:00.000+01:00,
RTD.M.S0.N.P_C_OV.A,M,S0,N,P_C_OV,A,1997-06,1.4,A,F,,,P1M,A,,,HICP.M.U2.N.000000.4D0.ANR,,,,,,"See <a class=""external"" href=""http://sdw.ecb.europa.eu/web/generator/docu/rtdb_docu.pdf""> notes</a>; block Monthly; series: AI",,1,,,HICP Inflation rate - Total - Annual rate of change,Euro area (moving concept in the Real Time database context) - HICP - Overall index - Annual growth rate,PCCH,0,Replace,2015-12-02T15:30:00.000+01:00,
RTD.M.S0.N.P_C_OV.A,M,S0,N,P_C_OV,A,1997-07,1.5,A,F,,,P1M,A,,,HICP.M.U2.N.000000.4D0.ANR,,,,,,"See <a class=""external"" href=""http://sdw.ecb.europa.eu/web/generator/docu/rtdb_docu.pdf""> notes</a>; block Monthly; series: AI",,1,,,HICP Inflation rate - Total - Annual rate of change,Euro area (moving concept in the Real Time database context) - HICP - Overall index - Annual growth rate,PCCH,0,Replace,2015-12-02T15:30:00.000+01:00,
RTD.M.S0.N.P_C_OV.A,M,S0,N,P_C_OV,A,1997-08,1.7,A,F,,,P1M,A,,,HICP.M.U2.N.000000.4D0.ANR,,,,,,"See <a class=""external"" href=""http://sdw.ecb.europa.eu/web/generator/docu/rtdb_docu.pdf""> notes</a>; block Monthly; series: AI",,1,,,HICP Inflation rate - Total - Annual rate of change,Euro area (moving concept in the Real Time database context) - HICP - Overall index - Annual growth rate,PCCH,0,Replace,2015-12-02T15:30:00.000+01:00,
RTD.M.S0.N.P_C_OV.A,M,S0,N,P_C_OV,A,1997-09,1.6,A,F,,,P1M,A,,,HICP.M.U2.N.000000.4D0.ANR,,,,,,"See <a class=""external"" href=""http://sdw.ecb.europa.eu/web/generator/docu/rtdb_docu.pdf""> notes</a>; block Monthly; series: AI",,1,,,HICP Inflation rate - Total - Annual rate of change,Euro area (moving concept in the Real Time database context) - HICP - Overall index - Annual growth rate,PCCH,0,Replace,2015-12-02T15:30:00.000+01:00,
RTD.M.S0.N.P_C_OV.A,M,S0,N,P_C_OV,A,1997-10,1.5,A,F,,,P1M,A,,,HICP.M.U2.N.000000.4D0.ANR,,,,,,"See <a class=""external"" href=""http://sdw.ecb.europa.eu/web/generator/docu/rtdb_docu.pdf""> notes</a>; block Monthly; series: AI",,1,,,HICP Inflation rate - Total - Annual rate of change,Euro area (moving concept in the Real Time database context) - HICP - Overall index - Annual growth rate,PCCH,0,Replace,2015-12-02T15:30:00.000+01:00,
RTD.M.S0.N.P_C_OV.A,M,S0,N,P_C_OV,A,1997-11,1.6,A,F,,,P1M,A,,,HICP.M.U2.N.000000.4D0.ANR,,,,,,"See <a class=""external"" href=""http://sdw.ecb.europa.eu/web/generator/docu/rtdb_docu.pdf""> notes</a>; block Monthly; series: AI",,1,,,HICP Inflation rate - Total - Annual rate of change,Euro area (moving concept in the Real Time database context) - HICP - Overall index - Annual growth rate,PCCH,0,Replace,2015-12-02T15:30:00.000+01:00,
RTD.M.S0.N.P_C_OV.A,M,S0,N,P_C_OV,A,1997-12,1.5,A,F,,,P1M,A,,,HICP.M.U2.N.000000.4D0.ANR,,,,,,"See <a class=""external"" href=""http://sdw.ecb.europa.eu/web/generator/docu/rtdb_docu.pdf""> notes</a>; block Monthly; series: AI",,1,,,HICP Inflation rate - Total - Annual rate of change,Euro area (moving concept in the Real Time database context) - HICP - Overall index - Annual growth rate,PCCH,0,Replace,2015-12-02T15:30:00.000+01:00,
RTD.M.S0.N.P_C_OV.A,M,S0,N,P_C_OV,A,1998-01,1.1,A,F,,,P1M,A,,,HICP.M.U2.N.000000.4D0.ANR,,,,,,"See <a class=""external"" href=""http://sdw.ecb.europa.eu/web/generator/docu/rtdb_docu.pdf""> notes</a>; block Monthly; series: AI",,1,,,HICP Inflation rate - Total - Annual rate of change,Euro area (moving concept in the Real Time database context) - HICP - Overall index - Annual growth rate,PCCH,0,Replace,2015-12-02T15:30:00.000+01:00,
RTD.M.S0.N.P_C_OV.A,M,S0,N,P_C_OV,A,1998-02,1.1,A,F,,,P1M,A,,,HICP.M.U2.N.000000.4D0.ANR,,,,,,"See <a class=""external"" href=""http://sdw.ecb.europa.eu/web/generator/docu/rtdb_docu.pdf""> notes</a>; block Monthly; series: AI",,1,,,HICP Inflation rate - Total - Annual rate of change,Euro area (moving concept in the Real Time database context) - HICP - Overall index - Annual growth rate,PCCH,0,Replace,2015-12-02T15:30:00.000+01:00,
RTD.M.S0.N.P_C_OV.A,M,S0,N,P_C_OV,A,1998-03,1.1,A,F,,,P1M,A,,,HICP.M.U2.N.000000.4D0.ANR,,,,,,"See <a class=""external"" href=""http://sdw.ecb.europa.eu/web/generator/docu/rtdb_docu.pdf""> notes</a>; block Monthly; series: AI",,1,,,HICP Inflation rate - Total - Annual rate of change,Euro area (moving concept in the Real Time database context) - HICP - Overall index - Annual growth rate,PCCH,0,Replace,2015-12-02T15:30:00.000+01:00,
RTD.M.S0.N.P_C_OV.A,M,S0,N,P_C_OV,A,1998-04,1.4,A,F,,,P1M,A,,,HICP.M.U2.N.000000.4D0.ANR,,,,,,"See <a class=""external"" href=""http://sdw.ecb.europa.eu/web/generator/docu/rtdb_docu.pdf""> notes</a>; block Monthly; series: AI",,1,,,HICP Inflation rate - Total - Annual rate of change,Euro area (moving concept in the Real Time database context) - HICP - Overall index - Annual growth rate,PCCH,0,Replace,2015-12-02T15:30:00.000+01:00,
RTD.M.S0.N.P_C_OV.A,M,S0,N,P_C_OV,A,1998-05,1.3,A,F,,,P1M,A,,,HICP.M.U2.N.000000.4D0.ANR,,,,,,"See <a class=""external"" href=""http://sdw.ecb.europa.eu/web/generator/docu/rtdb_docu.pdf""> notes</a>; block Monthly; series: AI",,1,,,HICP Inflation rate - Total - Annual rate of change,Euro area (moving concept in the Real Time database context) - HICP - Overall index - Annual growth rate,PCCH,0,Replace,2015-12-02T15:30:00.000+01:00,
RTD.M.S0.N.P_C_OV.A,M,S0,N,P_C_OV,A,1998-06,1.4,A,F,,,P1M,A,,,HICP.M.U2.N.000000.4D0.ANR,,,,,,"See <a class=""external"" href=""http://sdw.ecb.europa.eu/web/generator/docu/rtdb_docu.pdf""> notes</a>; block Monthly; series: AI",,1,,,HICP Inflation rate - Total - Annual rate of change,Euro area (moving concept in the Real Time database context) - HICP - Overall index - Annual growth rate,PCCH,0,Replace,2015-12-02T15:30:00.000+01:00,
RTD.M.S0.N.P_C_OV.A,M,S0,N,P_C_OV,A,1998-07,1.3,A,F,,,P1M,A,,,HICP.M.U2.N.000000.4D0.ANR,,,,,,"See <a class=""external"" href=""http://sdw.ecb.europa.eu/web/generator/docu/rtdb_docu.pdf""> notes</a>; block Monthly; series: AI",,1,,,HICP Inflation rate - Total - Annual rate of change,Euro area (moving concept in the Real Time database context) - HICP - Overall index - Annual growth rate,PCCH,0,Replace,2015-12-02T15:30:00.000+01:00,
RTD.M.S0.N.P_C_OV.A,M,S0,N,P_C_OV,A,1998-08,1.1,A,F,,,P1M,A,,,HICP.M.U2.N.000000.4D0.ANR,,,,,,"See <a class=""external"" href=""http://sdw.ecb.europa.eu/web/generator/docu/rtdb_docu.pdf""> notes</a>; block Monthly; series: AI",,1,,,HICP Inflation rate - Total - Annual rate of change,Euro area (moving concept in the Real Time database context) - HICP - Overall index - Annual growth rate,PCCH,0,Replace,2015-12-02T15:30:00.000+01:00,
RTD.M.S0.N.P_C_OV.A,M,S0,N,P_C_OV,A,1998-09,1,A,F,,,P1M,A,,,HICP.M.U2.N.000000.4D0.ANR,,,,,,"See <a class=""external"" href=""http://sdw.ecb.europa.eu/web/generator/docu/rtdb_docu.pdf""> notes</a>; block Monthly; series: AI",,1,,,HICP Inflation rate - Total - Annual rate of change,Euro area (moving concept in the Real Time database context) - HICP - Overall index - Annual growth rate,PCCH,0,Replace,2015-12-02T15:30:00.000+01:00,
RTD.M.S0.N.P_C_OV.A,M,S0,N,P_C_OV,A,1998-10,0.9,A,F,,,P1M,A,,,HICP.M.U2.N.000000.4D0.ANR,,,,,,"See <a class=""external"" href=""http://sdw.ecb.europa.eu/web/generator/docu/rtdb_docu.pdf""> notes</a>; block Monthly; series: AI",,1,,,HICP Inflation rate - Total - Annual rate of change,Euro area (moving concept in the Real Time database context) - HICP - Overall index - Annual growth rate,PCCH,0,Replace,2015-12-02T15:30:00.000+01:00,
RTD.M.S0.N.P_C_OV.A,M,S0,N,P_C_OV,A,1998-11,0.8,A,F,,,P1M,A,,,HICP.M.U2.N.000000.4D0.ANR,,,,,,"See <a class=""external"" href=""http://sdw.ecb.europa.eu/web/generator/docu/rtdb_docu.pdf""> notes</a>; block Monthly; series: AI",,1,,,HICP Inflation rate - Total - Annual rate of change,Euro area (moving concept in the Real Time database context) - HICP - Overall index - Annual growth rate,PCCH,0,Replace,2015-12-02T15:30:00.000+01:00,
RTD.M.S0.N.P_C_OV.A,M,S0,N,P_C_OV,A,1998-12,0.8,A,F,,,P1M,A,,,HICP.M.U2.N.000000.4D0.ANR,,,,,,"See <a class=""external"" href=""http://sdw.ecb.europa.eu/web/generator/docu/rtdb_docu.pdf""> notes</a>; block Monthly; series: AI",,1,,,HICP Inflation rate - Total - Annual rate of change,Euro area (moving concept in the Real Time database context) - HICP - Overall index - Annual growth rate,PCCH,0,Replace,2015-12-02T15:30:00.000+01:00,
RTD.M.S0.N.P_C_OV.A,M,S0,N,P_C_OV,A,1999-01,0.8,A,F,,,P1M,A,,,HICP.M.U2.N.000000.4D0.ANR,,,,,,"See <a class=""external"" href=""http://sdw.ecb.europa.eu/web/generator/docu/rtdb_docu.pdf""> notes</a>; block Monthly; series: AI",,1,,,HICP Inflation rate - Total - Annual rate of change,Euro area (moving concept in the Real Time database context) - HICP - Overall index - Annual growth rate,PCCH,0,Replace,2015-12-02T15:30:00.000+01:00,
RTD.M.S0.N.P_C_OV.A,M,S0,N,P_C_OV,A,1999-02,0.8,A,F,,,P1M,A,,,HICP.M.U2.N.000000.4D0.ANR,,,,,,"See <a class=""external"" href=""http://sdw.ecb.europa.eu/web/generator/docu/rtdb_docu.pdf""> notes</a>; block Monthly; series: AI",,1,,,HICP Inflation rate - Total - Annual rate of change,Euro area (moving concept in the Real Time database context) - HICP - Overall index - Annual growth rate,PCCH,0,Replace,2015-12-02T15:30:00.000+01:00,
RTD.M.S0.N.P_C_OV.A,M,S0,N,P_C_OV,A,1999-03,1,A,F,,,P1M,A,,,HICP.M.U2.N.000000.4D0.ANR,,,,,,"See <a class=""external"" href=""http://sdw.ecb.europa.eu/web/generator/docu/rtdb_docu.pdf""> notes</a>; block Monthly; series: AI",,1,,,HICP Inflation rate - Total - Annual rate of change,Euro area (moving concept in the Real Time database context) - HICP - Overall index - Annual growth rate,PCCH,0,Replace,2015-12-02T15:30:00.000+01:00,
RTD.M.S0.N.P_C_OV.A,M,S0,N,P_C_OV,A,1999-04,1.1,A,F,,,P1M,A,,,HICP.M.U2.N.000000.4D0.ANR,,,,,,"See <a class=""external"" href=""http://sdw.ecb.europa.eu/web/generator/docu/rtdb_docu.pdf""> notes</a>; block Monthly; series: AI",,1,,,HICP Inflation rate - Total - Annual rate of change,Euro area (moving concept in the Real Time database context) - HICP - Overall index - Annual growth rate,PCCH,0,Replace,2015-12-02T15:30:00.000+01:00,
RTD.M.S0.N.P_C_OV.A,M,S0,N,P_C_OV,A,1999-05,1,A,F,,,P1M,A,,,HICP.M.U2.N.000000.4D0.ANR,,,,,,"See <a class=""external"" href=""http://sdw.ecb.europa.eu/web/generator/docu/rtdb_docu.pdf""> notes</a>; block Monthly; series: AI",,1,,,HICP Inflation rate - Total - Annual rate of change,Euro area (moving concept in the Real Time database context) - HICP - Overall index - Annual growth rate,PCCH,0,Replace,2015-12-02T15:30:00.000+01:00,
RTD.M.S0.N.P_C_OV.A,M,S0,N,P_C_OV,A,1999-06,0.9,A,F,,,P1M,A,,,HICP.M.U2.N.000000.4D0.ANR,,,,,,"See <a class=""external"" href=""http://sdw.ecb.europa.eu/web/generator/docu/rtdb_docu.pdf""> notes</a>; block Monthly; series: AI",,1,,,HICP Inflation rate - Total - Annual rate of change,Euro area (moving concept in the Real Time database context) - HICP - Overall index - Annual growth rate,PCCH,0,Replace,2015-12-02T15:30:00.000+01:00,
RTD.M.S0.N.P_C_OV.A,M,S0,N,P_C_OV,A,1999-07,1.1,A,F,,,P1M,A,,,HICP.M.U2.N.000000.4D0.ANR,,,,,,"See <a class=""external"" href=""http://sdw.ecb.europa.eu/web/generator/docu/rtdb_docu.pdf""> notes</a>; block Monthly; series: AI",,1,,,HICP Inflation rate - Total - Annual rate of change,Euro area (moving concept in the Real Time database context) - HICP - Overall index - Annual growth rate,PCCH,0,Replace,2015-12-02T15:30:00.000+01:00,
RTD.M.S0.N.P_C_OV.A,M,S0,N,P_C_OV,A,1999-08,1.2,A,F,,,P1M,A,,,HICP.M.U2.N.000000.4D0.ANR,,,,,,"See <a class=""external"" href=""http://sdw.ecb.europa.eu/web/generator/docu/rtdb_docu.pdf""> notes</a>; block Monthly; series: AI",,1,,,HICP Inflation rate - Total - Annual rate of change,Euro area (moving concept in the Real Time database context) - HICP - Overall index - Annual growth rate,PCCH,0,Replace,2015-12-02T15:30:00.000+01:00,
RTD.M.S0.N.P_C_OV.A,M,S0,N,P_C_OV,A,1999-09,1.2,A,F,,,P1M,A,,,HICP.M.U2.N.000000.4D0.ANR,,,,,,"See <a class=""external"" href=""http://sdw.ecb.europa.eu/web/generator/docu/rtdb_docu.pdf""> notes</a>; block Monthly; series: AI",,1,,,HICP Inflation rate - Total - Annual rate of change,Euro area (moving concept in the Real Time database context) - HICP - Overall index - Annual growth rate,PCCH,0,Replace,2015-12-02T15:30:00.000+01:00,
RTD.M.S0.N.P_C_OV.A,M,S0,N,P_C_OV,A,1999-10,1.4,A,F,,,P1M,A,,,HICP.M.U2.N.000000.4D0.ANR,,,,,,"See <a class=""external"" href=""http://sdw.ecb.europa.eu/web/generator/docu/rtdb_docu.pdf""> notes</a>; block Monthly; series: AI",,1,,,HICP Inflation rate - Total - Annual rate of change,Euro area (moving concept in the Real Time database context) - HICP - Overall index - Annual growth rate,PCCH,0,Replace,2015-12-02T15:30:00.000+01:00,
RTD.M.S0.N.P_C_OV.A,M,S0,N,P_C_OV,A,1999-11,1.5,A,F,,,P1M,A,,,HICP.M.U2.N.000000.4D0.ANR,,,,,,"See <a class=""external"" href=""http://sdw.ecb.europa.eu/web/generator/docu/rtdb_docu.pdf""> notes</a>; block Monthly; series: AI",,1,,,HICP Inflation rate - Total - Annual rate of change,Euro area (moving concept in the Real Time database context) - HICP - Overall index - Annual growth rate,PCCH,0,Replace,2015-12-02T15:30:00.000+01:00,
RTD.M.S0.N.P_C_OV.A,M,S0,N,P_C_OV,A,1999-12,1.7,A,F,,,P1M,A,,,HICP.M.U2.N.000000.4D0.ANR,,,,,,"See <a class=""external"" href=""http://sdw.ecb.europa.eu/web/generator/docu/rtdb_docu.pdf""> notes</a>; block Monthly; series: AI",,1,,,HICP Inflation rate - Total - Annual rate of change,Euro area (moving concept in the Real Time database context) - HICP - Overall index - Annual growth rate,PCCH,0,Replace,2015-12-02T15:30:00.000+01:00,
RTD.M.S0.N.P_C_OV.A,M,S0,N,P_C_OV,A,2000-01,1.9,A,F,,,P1M,A,,,HICP.M.U2.N.000000.4D0.ANR,,,,,,"See <a class=""external"" href=""http://sdw.ecb.europa.eu/web/generator/docu/rtdb_docu.pdf""> notes</a>; block Monthly; series: AI",,1,,,HICP Inflation rate - Total - Annual rate of change,Euro area (moving concept in the Real Time database context) - HICP - Overall index - Annual growth rate,PCCH,0,Replace,2015-12-02T15:30:00.000+01:00,
RTD.M.S0.N.P_C_OV.A,M,S0,N,P_C_OV,A,2000-02,1.9,A,F,,,P1M,A,,,HICP.M.U2.N.000000.4D0.ANR,,,,,,"See <a class=""external"" href=""http://sdw.ecb.europa.eu/web/generator/docu/rtdb_docu.pdf""> notes</a>; block Monthly; series: AI",,1,,,HICP Inflation rate - Total - Annual rate of change,Euro area (moving concept in the Real Time database context) - HICP - Overall index - Annual growth rate,PCCH,0,Replace,2015-12-02T15:30:00.000+01:00,
RTD.M.S0.N.P_C_OV.A,M,S0,N,P_C_OV,A,2000-03,1.9,A,F,,,P1M,A,,,HICP.M.U2.N.000000.4D0.ANR,,,,,,"See <a class=""external"" href=""http://sdw.ecb.europa.eu/web/generator/docu/rtdb_docu.pdf""> notes</a>; block Monthly; series: AI",,1,,,HICP Inflation rate - Total - Annual rate of change,Euro area (moving concept in the Real Time database context) - HICP - Overall index - Annual growth rate,PCCH,0,Replace,2015-12-02T15:30:00.000+01:00,
RTD.M.S0.N.P_C_OV.A,M,S0,N,P_C_OV,A,2000-04,1.7,A,F,,,P1M,A,,,HICP.M.U2.N.000000.4D0.ANR,,,,,,"See <a class=""external"" href=""http://sdw.ecb.europa.eu/web/generator/docu/rtdb_docu.pdf""> notes</a>; block Monthly; series: AI",,1,,,HICP Inflation rate - Total - Annual rate of change,Euro area (moving concept in the Real Time database context) - HICP - Overall index - Annual growth rate,PCCH,0,Replace,2015-12-02T15:30:00.000+01:00,
RTD.M.S0.N.P_C_OV.A,M,S0,N,P_C_OV,A,2000-05,1.7,A,F,,,P1M,A,,,HICP.M.U2.N.000000.4D0.ANR,,,,,,"See <a class=""external"" href=""http://sdw.ecb.europa.eu/web/generator/docu/rtdb_docu.pdf""> notes</a>; block Monthly; series: AI",,1,,,HICP Inflation rate - Total - Annual rate of change,Euro area (moving concept in the Real Time database context) - HICP - Overall index - Annual growth rate,PCCH,0,Replace,2015-12-02T15:30:00.000+01:00,
RTD.M.S0.N.P_C_OV.A,M,S0,N,P_C_OV,A,2000-06,2.1,A,F,,,P1M,A,,,HICP.M.U2.N.000000.4D0.ANR,,,,,,"See <a class=""external"" href=""http://sdw.ecb.europa.eu/web/generator/docu/rtdb_docu.pdf""> notes</a>; block Monthly; series: AI",,1,,,HICP Inflation rate - Total - Annual rate of change,Euro area (moving concept in the Real Time database context) - HICP - Overall index - Annual growth rate,PCCH,0,Replace,2015-12-02T15:30:00.000+01:00,
RTD.M.S0.N.P_C_OV.A,M,S0,N,P_C_OV,A,2000-07,2,A,F,,,P1M,A,,,HICP.M.U2.N.000000.4D0.ANR,,,,,,"See <a class=""external"" href=""http://sdw.ecb.europa.eu/web/generator/docu/rtdb_docu.pdf""> notes</a>; block Monthly; series: AI",,1,,,HICP Inflation rate - Total - Annual rate of change,Euro area (moving concept in the Real Time database context) - HICP - Overall index - Annual growth rate,PCCH,0,Replace,2015-12-02T15:30:00.000+01:00,
RTD.M.S0.N.P_C_OV.A,M,S0,N,P_C_OV,A,2000-08,2,A,F,,,P1M,A,,,HICP.M.U2.N.000000.4D0.ANR,,,,,,"See <a class=""external"" href=""http://sdw.ecb.europa.eu/web/generator/docu/rtdb_docu.pdf""> notes</a>; block Monthly; series: AI",,1,,,HICP Inflation rate - Total - Annual rate of change,Euro area (moving concept in the Real Time database context) - HICP - Overall index - Annual growth rate,PCCH,0,Replace,2015-12-02T15:30:00.000+01:00,
RTD.M.S0.N.P_C_OV.A,M,S0,N,P_C_OV,A,2000-09,2.5,A,F,,,P1M,A,,,HICP.M.U2.N.000000.4D0.ANR,,,,,,"See <a class=""external"" href=""http://sdw.ecb.europa.eu/web/generator/docu/rtdb_docu.pdf""> notes</a>; block Monthly; series: AI",,1,,,HICP Inflation rate - Total - Annual rate of change,Euro area (moving concept in the Real Time database context) - HICP - Overall index - Annual growth rate,PCCH,0,Replace,2015-12-02T15:30:00.000+01:00,
RTD.M.S0.N.P_C_OV.A,M,S0,N,P_C_OV,A,2000-10,2.4,A,F,,,P1M,A,,,HICP.M.U2.N.000000.4D0.ANR,,,,,,"See <a class=""external"" href=""http://sdw.ecb.europa.eu/web/generator/docu/rtdb_docu.pdf""> notes</a>; block Monthly; series: AI",,1,,,HICP Inflation rate - Total - Annual rate of change,Euro area (moving concept in the Real Time database context) - HICP - Overall index - Annual growth rate,PCCH,0,Replace,2015-12-02T15:30:00.000+01:00,
RTD.M.S0.N.P_C_OV.A,M,S0,N,P_C_OV,A,2000-11,2.5,A,F,,,P1M,A,,,HICP.M.U2.N.000000.4D0.ANR,,,,,,"See <a class=""external"" href=""http://sdw.ecb.europa.eu/web/generator/docu/rtdb_docu.pdf""> notes</a>; block Monthly; series: AI",,1,,,HICP Inflation rate - Total - Annual rate of change,Euro area (moving concept in the Real Time database context) - HICP - Overall index - Annual growth rate,PCCH,0,Replace,2015-12-02T15:30:00.000+01:00,
RTD.M.S0.N.P_C_OV.A,M,S0,N,P_C_OV,A,2000-12,2.5,A,F,,,P1M,A,,,HICP.M.U2.N.000000.4D0.ANR,,,,,,"See <a class=""external"" href=""http://sdw.ecb.europa.eu/web/generator/docu/rtdb_docu.pdf""> notes</a>; block Monthly; series: AI",,1,,,HICP Inflation rate - Total - Annual rate of change,Euro area (moving concept in the Real Time database context) - HICP - Overall index - Annual growth rate,PCCH,0,Replace,2015-12-02T15:30:00.000+01:00,
RTD.M.S0.N.P_C_OV.A,M,S0,N,P_C_OV,A,2001-01,2,A,F,,,P1M,A,,,HICP.M.U2.N.000000.4D0.ANR,,,,,,"See <a class=""external"" href=""http://sdw.ecb.europa.eu/web/generator/docu/rtdb_docu.pdf""> notes</a>; block Monthly; series: AI",,1,,,HICP Inflation rate - Total - Annual rate of change,Euro area (moving concept in the Real Time database context) - HICP - Overall index - Annual growth rate,PCCH,0,Replace,2015-12-02T15:30:00.000+01:00,
RTD.M.S0.N.P_C_OV.A,M,S0,N,P_C_OV,A,2001-02,1.9,A,F,,,P1M,A,,,HICP.M.U2.N.000000.4D0.ANR,,,,,,"See <a class=""external"" href=""http://sdw.ecb.europa.eu/web/generator/docu/rtdb_docu.pdf""> notes</a>; block Monthly; series: AI",,1,,,HICP Inflation rate - Total - Annual rate of change,Euro area (moving concept in the Real Time database context) - HICP - Overall index - Annual growth rate,PCCH,0,Replace,2015-12-02T15:30:00.000+01:00,
RTD.M.S0.N.P_C_OV.A,M,S0,N,P_C_OV,A,2001-03,2.2,A,F,,,P1M,A,,,HICP.M.U2.N.000000.4D0.ANR,,,,,,"See <a class=""external"" href=""http://sdw.ecb.europa.eu/web/generator/docu/rtdb_docu.pdf""> notes</a>; block Monthly; series: AI",,1,,,HICP Inflation rate - Total - Annual rate of change,Euro area (moving concept in the Real Time database context) - HICP - Overall index - Annual growth rate,PCCH,0,Replace,2015-12-02T15:30:00.000+01:00,
RTD.M.S0.N.P_C_OV.A,M,S0,N,P_C_OV,A,2001-04,2.7,A,F,,,P1M,A,,,HICP.M.U2.N.000000.4D0.ANR,,,,,,"See <a class=""external"" href=""http://sdw.ecb.europa.eu/web/generator/docu/rtdb_docu.pdf""> notes</a>; block Monthly; series: AI",,1,,,HICP Inflation rate - Total - Annual rate of change,Euro area (moving concept in the Real Time database context) - HICP - Overall index - Annual growth rate,PCCH,0,Replace,2015-12-02T15:30:00.000+01:00,
RTD.M.S0.N.P_C_OV.A,M,S0,N,P_C_OV,A,2001-05,3.1,A,F,,,P1M,A,,,HICP.M.U2.N.000000.4D0.ANR,,,,,,"See <a class=""external"" href=""http://sdw.ecb.europa.eu/web/generator/docu/rtdb_docu.pdf""> notes</a>; block Monthly; series: AI",,1,,,HICP Inflation rate - Total - Annual rate of change,Euro area (moving concept in the Real Time database context) - HICP - Overall index - Annual growth rate,PCCH,0,Replace,2015-12-02T15:30:00.000+01:00,
RTD.M.S0.N.P_C_OV.A,M,S0,N,P_C_OV,A,2001-06,2.8,A,F,,,P1M,A,,,HICP.M.U2.N.000000.4D0.ANR,,,,,,"See <a class=""external"" href=""http://sdw.ecb.europa.eu/web/generator/docu/rtdb_docu.pdf""> notes</a>; block Monthly; series: AI",,1,,,HICP Inflation rate - Total - Annual rate of change,Euro area (moving concept in the Real Time database context) - HICP - Overall index - Annual growth rate,PCCH,0,Replace,2015-12-02T15:30:00.000+01:00,
RTD.M.S0.N.P_C_OV.A,M,S0,N,P_C_OV,A,2001-07,2.6,A,F,,,P1M,A,,,HICP.M.U2.N.000000.4D0.ANR,,,,,,"See <a class=""external"" href=""http://sdw.ecb.europa.eu/web/generator/docu/rtdb_docu.pdf""> notes</a>; block Monthly; series: AI",,1,,,HICP Inflation rate - Total - Annual rate of change,Euro area (moving concept in the Real Time database context) - HICP - Overall index - Annual growth rate,PCCH,0,Replace,2015-12-02T15:30:00.000+01:00,
RTD.M.S0.N.P_C_OV.A,M,S0,N,P_C_OV,A,2001-08,2.3,A,F,,,P1M,A,,,HICP.M.U2.N.000000.4D0.ANR,,,,,,"See <a class=""external"" href=""http://sdw.ecb.europa.eu/web/generator/docu/rtdb_docu.pdf""> notes</a>; block Monthly; series: AI",,1,,,HICP Inflation rate - Total - Annual rate of change,Euro area (moving concept in the Real Time database context) - HICP - Overall index - Annual growth rate,PCCH,0,Replace,2015-12-02T15:30:00.000+01:00,
RTD.M.S0.N.P_C_OV.A,M,S0,N,P_C_OV,A,2001-09,2.2,A,F,,,P1M,A,,,HICP.M.U2.N.000000.4D0.ANR,,,,,,"See <a class=""external"" href=""http://sdw.ecb.europa.eu/web/generator/docu/rtdb_docu.pdf""> notes</a>; block Monthly; series: AI",,1,,,HICP Inflation rate - Total - Annual rate of change,Euro area (moving concept in the Real Time database context) - HICP - Overall index - Annual growth rate,PCCH,0,Replace,2015-12-02T15:30:00.000+01:00,
RTD.M.S0.N.P_C_OV.A,M,S0,N,P_C_OV,A,2001-10,2.2,A,F,,,P1M,A,,,HICP.M.U2.N.000000.4D0.ANR,,,,,,"See <a class=""external"" href=""http://sdw.ecb.europa.eu/web/generator/docu/rtdb_docu.pdf""> notes</a>; block Monthly; series: AI",,1,,,HICP Inflation rate - Total - Annual rate of change,Euro area (moving concept in the Real Time database context) - HICP - Overall index - Annual growth rate,PCCH,0,Replace,2015-12-02T15:30:00.000+01:00,
RTD.M.S0.N.P_C_OV.A,M,S0,N,P_C_OV,A,2001-11,2,A,F,,,P1M,A,,,HICP.M.U2.N.000000.4D0.ANR,,,,,,"See <a class=""external"" href=""http://sdw.ecb.europa.eu/web/generator/docu/rtdb_docu.pdf""> notes</a>; block Monthly; series: AI",,1,,,HICP Inflation rate - Total - Annual rate of change,Euro area (moving concept in the Real Time database context) - HICP - Overall index - Annual growth rate,PCCH,0,Replace,2015-12-02T15:30:00.000+01:00,
RTD.M.S0.N.P_C_OV.A,M,S0,N,P_C_OV,A,2001-12,2,A,F,,,P1M,A,,,HICP.M.U2.N.000000.4D0.ANR,,,,,,"See <a class=""external"" href=""http://sdw.ecb.europa.eu/web/generator/docu/rtdb_docu.pdf""> notes</a>; block Monthly; series: AI",,1,,,HICP Inflation rate - Total - Annual rate of change,Euro area (moving concept in the Real Time database context) - HICP - Overall index - Annual growth rate,PCCH,0,Replace,2015-12-02T15:30:00.000+01:00,
RTD.M.S0.N.P_C_OV.A,M,S0,N,P_C_OV,A,2002-01,2.6,A,F,,,P1M,A,,,HICP.M.U2.N.000000.4D0.ANR,,,,,,"See <a class=""external"" href=""http://sdw.ecb.europa.eu/web/generator/docu/rtdb_docu.pdf""> notes</a>; block Monthly; series: AI",,1,,,HICP Inflation rate - Total - Annual rate of change,Euro area (moving concept in the Real Time database context) - HICP - Overall index - Annual growth rate,PCCH,0,Replace,2015-12-02T15:30:00.000+01:00,
RTD.M.S0.N.P_C_OV.A,M,S0,N,P_C_OV,A,2002-02,2.5,A,F,,,P1M,A,,,HICP.M.U2.N.000000.4D0.ANR,,,,,,"See <a class=""external"" href=""http://sdw.ecb.europa.eu/web/generator/docu/rtdb_docu.pdf""> notes</a>; block Monthly; series: AI",,1,,,HICP Inflation rate - Total - Annual rate of change,Euro area (moving concept in the Real Time database context) - HICP - Overall index - Annual growth rate,PCCH,0,Replace,2015-12-02T15:30:00.000+01:00,
RTD.M.S0.N.P_C_OV.A,M,S0,N,P_C_OV,A,2002-03,2.5,A,F,,,P1M,A,,,HICP.M.U2.N.000000.4D0.ANR,,,,,,"See <a class=""external"" href=""http://sdw.ecb.europa.eu/web/generator/docu/rtdb_docu.pdf""> notes</a>; block Monthly; series: AI",,1,,,HICP Inflation rate - Total - Annual rate of change,Euro area (moving concept in the Real Time database context) - HICP - Overall index - Annual growth rate,PCCH,0,Replace,2015-12-02T15:30:00.000+01:00,
RTD.M.S0.N.P_C_OV.A,M,S0,N,P_C_OV,A,2002-04,2.3,A,F,,,P1M,A,,,HICP.M.U2.N.000000.4D0.ANR,,,,,,"See <a class=""external"" href=""http://sdw.ecb.europa.eu/web/generator/docu/rtdb_docu.pdf""> notes</a>; block Monthly; series: AI",,1,,,HICP Inflation rate - Total - Annual rate of change,Euro area (moving concept in the Real Time database context) - HICP - Overall index - Annual growth rate,PCCH,0,Replace,2015-12-02T15:30:00.000+01:00,
RTD.M.S0.N.P_C_OV.A,M,S0,N,P_C_OV,A,2002-05,2,A,F,,,P1M,A,,,HICP.M.U2.N.000000.4D0.ANR,,,,,,"See <a class=""external"" href=""http://sdw.ecb.europa.eu/web/generator/docu/rtdb_docu.pdf""> notes</a>; block Monthly; series: AI",,1,,,HICP Inflation rate - Total - Annual rate of change,Euro area (moving concept in the Real Time database context) - HICP - Overall index - Annual growth rate,PCCH,0,Replace,2015-12-02T15:30:00.000+01:00,
RTD.M.S0.N.P_C_OV.A,M,S0,N,P_C_OV,A,2002-06,1.9,A,F,,,P1M,A,,,HICP.M.U2.N.000000.4D0.ANR,,,,,,"See <a class=""external"" href=""http://sdw.ecb.europa.eu/web/generator/docu/rtdb_docu.pdf""> notes</a>; block Monthly; series: AI",,1,,,HICP Inflation rate - Total - Annual rate of change,Euro area (moving concept in the Real Time database context) - HICP - Overall index - Annual growth rate,PCCH,0,Replace,2015-12-02T15:30:00.000+01:00,
RTD.M.S0.N.P_C_OV.A,M,S0,N,P_C_OV,A,2002-07,2,A,F,,,P1M,A,,,HICP.M.U2.N.000000.4D0.ANR,,,,,,"See <a class=""external"" href=""http://sdw.ecb.europa.eu/web/generator/docu/rtdb_docu.pdf""> notes</a>; block Monthly; series: AI",,1,,,HICP Inflation rate - Total - Annual rate of change,Euro area (moving concept in the Real Time database context) - HICP - Overall index - Annual growth rate,PCCH,0,Replace,2015-12-02T15:30:00.000+01:00,
RTD.M.S0.N.P_C_OV.A,M,S0,N,P_C_OV,A,2002-08,2.1,A,F,,,P1M,A,,,HICP.M.U2.N.000000.4D0.ANR,,,,,,"See <a class=""external"" href=""http://sdw.ecb.europa.eu/web/generator/docu/rtdb_docu.pdf""> notes</a>; block Monthly; series: AI",,1,,,HICP Inflation rate - Total - Annual rate of change,Euro area (moving concept in the Real Time database context) - HICP - Overall index - Annual growth rate,PCCH,0,Replace,2015-12-02T15:30:00.000+01:00,
RTD.M.S0.N.P_C_OV.A,M,S0,N,P_C_OV,A,2002-09,2.1,A,F,,,P1M,A,,,HICP.M.U2.N.000000.4D0.ANR,,,,,,"See <a class=""external"" href=""http://sdw.ecb.europa.eu/web/generator/docu/rtdb_docu.pdf""> notes</a>; block Monthly; series: AI",,1,,,HICP Inflation rate - Total - Annual rate of change,Euro area (moving concept in the Real Time database context) - HICP - Overall index - Annual growth rate,PCCH,0,Replace,2015-12-02T15:30:00.000+01:00,
RTD.M.S0.N.P_C_OV.A,M,S0,N,P_C_OV,A,2002-10,2.3,A,F,,,P1M,A,,,HICP.M.U2.N.000000.4D0.ANR,,,,,,"See <a class=""external"" href=""http://sdw.ecb.europa.eu/web/generator/docu/rtdb_docu.pdf""> notes</a>; block Monthly; series: AI",,1,,,HICP Inflation rate - Total - Annual rate of change,Euro area (moving concept in the Real Time database context) - HICP - Overall index - Annual growth rate,PCCH,0,Replace,2015-12-02T15:30:00.000+01:00,
RTD.M.S0.N.P_C_OV.A,M,S0,N,P_C_OV,A,2002-11,2.3,A,F,,,P1M,A,,,HICP.M.U2.N.000000.4D0.ANR,,,,,,"See <a class=""external"" href=""http://sdw.ecb.europa.eu/web/generator/docu/rtdb_docu.pdf""> notes</a>; block Monthly; series: AI",,1,,,HICP Inflation rate - Total - Annual rate of change,Euro area (moving concept in the Real Time database context) - HICP - Overall index - Annual growth rate,PCCH,0,Replace,2015-12-02T15:30:00.000+01:00,
RTD.M.S0.N.P_C_OV.A,M,S0,N,P_C_OV,A,2002-12,2.3,A,F,,,P1M,A,,,HICP.M.U2.N.000000.4D0.ANR,,,,,,"See <a class=""external"" href=""http://sdw.ecb.europa.eu/web/generator/docu/rtdb_docu.pdf""> notes</a>; block Monthly; series: AI",,1,,,HICP Inflation rate - Total - Annual rate of change,Euro area (moving concept in the Real Time database context) - HICP - Overall index - Annual growth rate,PCCH,0,Replace,2015-12-02T15:30:00.000+01:00,
RTD.M.S0.N.P_C_OV.A,M,S0,N,P_C_OV,A,2003-01,2.1,A,F,,,P1M,A,,,HICP.M.U2.N.000000.4D0.ANR,,,,,,"See <a class=""external"" href=""http://sdw.ecb.europa.eu/web/generator/docu/rtdb_docu.pdf""> notes</a>; block Monthly; series: AI",,1,,,HICP Inflation rate - Total - Annual rate of change,Euro area (moving concept in the Real Time database context) - HICP - Overall index - Annual growth rate,PCCH,0,Replace,2015-12-02T15:30:00.000+01:00,
RTD.M.S0.N.P_C_OV.A,M,S0,N,P_C_OV,A,2003-02,2.4,A,F,,,P1M,A,,,HICP.M.U2.N.000000.4D0.ANR,,,,,,"See <a class=""external"" href=""http://sdw.ecb.europa.eu/web/generator/docu/rtdb_docu.pdf""> notes</a>; block Monthly; series: AI",,1,,,HICP Inflation rate - Total - Annual rate of change,Euro area (moving concept in the Real Time database context) - HICP - Overall index - Annual growth rate,PCCH,0,Replace,2015-12-02T15:30:00.000+01:00,
RTD.M.S0.N.P_C_OV.A,M,S0,N,P_C_OV,A,2003-03,2.5,A,F,,,P1M,A,,,HICP.M.U2.N.000000.4D0.ANR,,,,,,"See <a class=""external"" href=""http://sdw.ecb.europa.eu/web/generator/docu/rtdb_docu.pdf""> notes</a>; block Monthly; series: AI",,1,,,HICP Inflation rate - Total - Annual rate of change,Euro area (moving concept in the Real Time database context) - HICP - Overall index - Annual growth rate,PCCH,0,Replace,2015-12-02T15:30:00.000+01:00,
RTD.M.S0.N.P_C_OV.A,M,S0,N,P_C_OV,A,2003-04,2.1,A,F,,,P1M,A,,,HICP.M.U2.N.000000.4D0.ANR,,,,,,"See <a class=""external"" href=""http://sdw.ecb.europa.eu/web/generator/docu/rtdb_docu.pdf""> notes</a>; block Monthly; series: AI",,1,,,HICP Inflation rate - Total - Annual rate of change,Euro area (moving concept in the Real Time database context) - HICP - Overall index - Annual growth rate,PCCH,0,Replace,2015-12-02T15:30:00.000+01:00,
RTD.M.S0.N.P_C_OV.A,M,S0,N,P_C_OV,A,2003-05,1.8,A,F,,,P1M,A,,,HICP.M.U2.N.000000.4D0.ANR,,,,,,"See <a class=""external"" href=""http://sdw.ecb.europa.eu/web/generator/docu/rtdb_docu.pdf""> notes</a>; block Monthly; series: AI",,1,,,HICP Inflation rate - Total - Annual rate of change,Euro area (moving concept in the Real Time database context) - HICP - Overall index - Annual growth rate,PCCH,0,Replace,2015-12-02T15:30:00.000+01:00,
RTD.M.S0.N.P_C_OV.A,M,S0,N,P_C_OV,A,2003-06,1.9,A,F,,,P1M,A,,,HICP.M.U2.N.000000.4D0.ANR,,,,,,"See <a class=""external"" href=""http://sdw.ecb.europa.eu/web/generator/docu/rtdb_docu.pdf""> notes</a>; block Monthly; series: AI",,1,,,HICP Inflation rate - Total - Annual rate of change,Euro area (moving concept in the Real Time database context) - HICP - Overall index - Annual growth rate,PCCH,0,Replace,2015-12-02T15:30:00.000+01:00,
RTD.M.S0.N.P_C_OV.A,M,S0,N,P_C_OV,A,2003-07,1.9,A,F,,,P1M,A,,,HICP.M.U2.N.000000.4D0.ANR,,,,,,"See <a class=""external"" href=""http://sdw.ecb.europa.eu/web/generator/docu/rtdb_docu.pdf""> notes</a>; block Monthly; series: AI",,1,,,HICP Inflation rate - Total - Annual rate of change,Euro area (moving concept in the Real Time database context) - HICP - Overall index - Annual growth rate,PCCH,0,Replace,2015-12-02T15:30:00.000+01:00,
RTD.M.S0.N.P_C_OV.A,M,S0,N,P_C_OV,A,2003-08,2.1,A,F,,,P1M,A,,,HICP.M.U2.N.000000.4D0.ANR,,,,,,"See <a class=""external"" href=""http://sdw.ecb.europa.eu/web/generator/docu/rtdb_docu.pdf""> notes</a>; block Monthly; series: AI",,1,,,HICP Inflation rate - Total - Annual rate of change,Euro area (moving concept in the Real Time database context) - HICP - Overall index - Annual growth rate,PCCH,0,Replace,2015-12-02T15:30:00.000+01:00,
RTD.M.S0.N.P_C_OV.A,M,S0,N,P_C_OV,A,2003-09,2.2,A,F,,,P1M,A,,,HICP.M.U2.N.000000.4D0.ANR,,,,,,"See <a class=""external"" href=""http://sdw.ecb.europa.eu/web/generator/docu/rtdb_docu.pdf""> notes</a>; block Monthly; series: AI",,1,,,HICP Inflation rate - Total - Annual rate of change,Euro area (moving concept in the Real Time database context) - HICP - Overall index - Annual growth rate,PCCH,0,Replace,2015-12-02T15:30:00.000+01:00,
RTD.M.S0.N.P_C_OV.A,M,S0,N,P_C_OV,A,2003-10,2,A,F,,,P1M,A,,,HICP.M.U2.N.000000.4D0.ANR,,,,,,"See <a class=""external"" href=""http://sdw.ecb.europa.eu/web/generator/docu/rtdb_docu.pdf""> notes</a>; block Monthly; series: AI",,1,,,HICP Inflation rate - Total - Annual rate of change,Euro area (moving concept in the Real Time database context) - HICP - Overall index - Annual growth rate,PCCH,0,Replace,2015-12-02T15:30:00.000+01:00,
RTD.M.S0.N.P_C_OV.A,M,S0,N,P_C_OV,A,2003-11,2.2,A,F,,,P1M,A,,,HICP.M.U2.N.000000.4D0.ANR,,,,,,"See <a class=""external"" href=""http://sdw.ecb.europa.eu/web/generator/docu/rtdb_docu.pdf""> notes</a>; block Monthly; series: AI",,1,,,HICP Inflation rate - Total - Annual rate of change,Euro area (moving concept in the Real Time database context) - HICP - Overall index - Annual growth rate,PCCH,0,Replace,2015-12-02T15:30:00.000+01:00,
RTD.M.S0.N.P_C_OV.A,M,S0,N,P_C_OV,A,2003-12,2,A,F,,,P1M,A,,,HICP.M.U2.N.000000.4D0.ANR,,,,,,"See <a class=""external"" href=""http://sdw.ecb.europa.eu/web/generator/docu/rtdb_docu.pdf""> notes</a>; block Monthly; series: AI",,1,,,HICP Inflation rate - Total - Annual rate of change,Euro area (moving concept in the Real Time database context) - HICP - Overall index - Annual growth rate,PCCH,0,Replace,2015-12-02T15:30:00.000+01:00,
RTD.M.S0.N.P_C_OV.A,M,S0,N,P_C_OV,A,2004-01,1.9,A,F,,,P1M,A,,,HICP.M.U2.N.000000.4D0.ANR,,,,,,"See <a class=""external"" href=""http://sdw.ecb.europa.eu/web/generator/docu/rtdb_docu.pdf""> notes</a>; block Monthly; series: AI",,1,,,HICP Inflation rate - Total - Annual rate of change,Euro area (moving concept in the Real Time database context) - HICP - Overall index - Annual growth rate,PCCH,0,Replace,2015-12-02T15:30:00.000+01:00,
RTD.M.S0.N.P_C_OV.A,M,S0,N,P_C_OV,A,2004-02,1.6,A,F,,,P1M,A,,,HICP.M.U2.N.000000.4D0.ANR,,,,,,"See <a class=""external"" href=""http://sdw.ecb.europa.eu/web/generator/docu/rtdb_docu.pdf""> notes</a>; block Monthly; series: AI",,1,,,HICP Inflation rate - Total - Annual rate of change,Euro area (moving concept in the Real Time database context) - HICP - Overall index - Annual growth rate,PCCH,0,Replace,2015-12-02T15:30:00.000+01:00,
RTD.M.S0.N.P_C_OV.A,M,S0,N,P_C_OV,A,2004-03,1.7,A,F,,,P1M,A,,,HICP.M.U2.N.000000.4D0.ANR,,,,,,"See <a class=""external"" href=""http://sdw.ecb.europa.eu/web/generator/docu/rtdb_docu.pdf""> notes</a>; block Monthly; series: AI",,1,,,HICP Inflation rate - Total - Annual rate of change,Euro area (moving concept in the Real Time database context) - HICP - Overall index - Annual growth rate,PCCH,0,Replace,2015-12-02T15:30:00.000+01:00,
RTD.M.S0.N.P_C_OV.A,M,S0,N,P_C_OV,A,2004-04,2,A,F,,,P1M,A,,,HICP.M.U2.N.000000.4D0.ANR,,,,,,"See <a class=""external"" href=""http://sdw.ecb.europa.eu/web/generator/docu/rtdb_docu.pdf""> notes</a>; block Monthly; series: AI",,1,,,HICP Inflation rate - Total - Annual rate of change,Euro area (moving concept in the Real Time database context) - HICP - Overall index - Annual growth rate,PCCH,0,Replace,2015-12-02T15:30:00.000+01:00,
RTD.M.S0.N.P_C_OV.A,M,S0,N,P_C_OV,A,2004-05,2.5,A,F,,,P1M,A,,,HICP.M.U2.N.000000.4D0.ANR,,,,,,"See <a class=""external"" href=""http://sdw.ecb.europa.eu/web/generator/docu/rtdb_docu.pdf""> notes</a>; block Monthly; series: AI",,1,,,HICP Inflation rate - Total - Annual rate of change,Euro area (moving concept in the Real Time database context) - HICP - Overall index - Annual growth rate,PCCH,0,Replace,2015-12-02T15:30:00.000+01:00,
RTD.M.S0.N.P_C_OV.A,M,S0,N,P_C_OV,A,2004-06,2.4,A,F,,,P1M,A,,,HICP.M.U2.N.000000.4D0.ANR,,,,,,"See <a class=""external"" href=""http://sdw.ecb.europa.eu/web/generator/docu/rtdb_docu.pdf""> notes</a>; block Monthly; series: AI",,1,,,HICP Inflation rate - Total - Annual rate of change,Euro area (moving concept in the Real Time database context) - HICP - Overall index - Annual growth rate,PCCH,0,Replace,2015-12-02T15:30:00.000+01:00,
RTD.M.S0.N.P_C_OV.A,M,S0,N,P_C_OV,A,2004-07,2.3,A,F,,,P1M,A,,,HICP.M.U2.N.000000.4D0.ANR,,,,,,"See <a class=""external"" href=""http://sdw.ecb.europa.eu/web/generator/docu/rtdb_docu.pdf""> notes</a>; block Monthly; series: AI",,1,,,HICP Inflation rate - Total - Annual rate of change,Euro area (moving concept in the Real Time database context) - HICP - Overall index - Annual growth rate,PCCH,0,Replace,2015-12-02T15:30:00.000+01:00,
RTD.M.S0.N.P_C_OV.A,M,S0,N,P_C_OV,A,2004-08,2.3,A,F,,,P1M,A,,,HICP.M.U2.N.000000.4D0.ANR,,,,,,"See <a class=""external"" href=""http://sdw.ecb.europa.eu/web/generator/docu/rtdb_docu.pdf""> notes</a>; block Monthly; series: AI",,1,,,HICP Inflation rate - Total - Annual rate of change,Euro area (moving concept in the Real Time database context) - HICP - Overall index - Annual growth rate,PCCH,0,Replace,2015-12-02T15:30:00.000+01:00,
RTD.M.S0.N.P_C_OV.A,M,S0,N,P_C_OV,A,2004-09,2.1,A,F,,,P1M,A,,,HICP.M.U2.N.000000.4D0.ANR,,,,,,"See <a class=""external"" href=""http://sdw.ecb.europa.eu/web/generator/docu/rtdb_docu.pdf""> notes</a>; block Monthly; series: AI",,1,,,HICP Inflation rate - Total - Annual rate of change,Euro area (moving concept in the Real Time database context) - HICP - Overall index - Annual growth rate,PCCH,0,Replace,2015-12-02T15:30:00.000+01:00,
RTD.M.S0.N.P_C_OV.A,M,S0,N,P_C_OV,A,2004-10,2.4,A,F,,,P1M,A,,,HICP.M.U2.N.000000.4D0.ANR,,,,,,"See <a class=""external"" href=""http://sdw.ecb.europa.eu/web/generator/docu/rtdb_docu.pdf""> notes</a>; block Monthly; series: AI",,1,,,HICP Inflation rate - Total - Annual rate of change,Euro area (moving concept in the Real Time database context) - HICP - Overall index - Annual growth rate,PCCH,0,Replace,2015-12-02T15:30:00.000+01:00,
RTD.M.S0.N.P_C_OV.A,M,S0,N,P_C_OV,A,2004-11,2.2,A,F,,,P1M,A,,,HICP.M.U2.N.000000.4D0.ANR,,,,,,"See <a class=""external"" href=""http://sdw.ecb.europa.eu/web/generator/docu/rtdb_docu.pdf""> notes</a>; block Monthly; series: AI",,1,,,HICP Inflation rate - Total - Annual rate of change,Euro area (moving concept in the Real Time database context) - HICP - Overall index - Annual growth rate,PCCH,0,Replace,2015-12-02T15:30:00.000+01:00,
RTD.M.S0.N.P_C_OV.A,M,S0,N,P_C_OV,A,2004-12,2.4,A,F,,,P1M,A,,,HICP.M.U2.N.000000.4D0.ANR,,,,,,"See <a class=""external"" href=""http://sdw.ecb.europa.eu/web/generator/docu/rtdb_docu.pdf""> notes</a>; block Monthly; series: AI",,1,,,HICP Inflation rate - Total - Annual rate of change,Euro area (moving concept in the Real Time database context) - HICP - Overall index - Annual growth rate,PCCH,0,Replace,2015-12-02T15:30:00.000+01:00,
RTD.M.S0.N.P_C_OV.A,M,S0,N,P_C_OV,A,2005-01,1.9,A,F,,,P1M,A,,,HICP.M.U2.N.000000.4D0.ANR,,,,,,"See <a class=""external"" href=""http://sdw.ecb.europa.eu/web/generator/docu/rtdb_docu.pdf""> notes</a>; block Monthly; series: AI",,1,,,HICP Inflation rate - Total - Annual rate of change,Euro area (moving concept in the Real Time database context) - HICP - Overall index - Annual growth rate,PCCH,0,Replace,2015-12-02T15:30:00.000+01:00,
RTD.M.S0.N.P_C_OV.A,M,S0,N,P_C_OV,A,2005-02,2.1,A,F,,,P1M,A,,,HICP.M.U2.N.000000.4D0.ANR,,,,,,"See <a class=""external"" href=""http://sdw.ecb.europa.eu/web/generator/docu/rtdb_docu.pdf""> notes</a>; block Monthly; series: AI",,1,,,HICP Inflation rate - Total - Annual rate of change,Euro area (moving concept in the Real Time database context) - HICP - Overall index - Annual growth rate,PCCH,0,Replace,2015-12-02T15:30:00.000+01:00,
RTD.M.S0.N.P_C_OV.A,M,S0,N,P_C_OV,A,2005-03,2.1,A,F,,,P1M,A,,,HICP.M.U2.N.000000.4D0.ANR,,,,,,"See <a class=""external"" href=""http://sdw.ecb.europa.eu/web/generator/docu/rtdb_docu.pdf""> notes</a>; block Monthly; series: AI",,1,,,HICP Inflation rate - Total - Annual rate of change,Euro area (moving concept in the Real Time database context) - HICP - Overall index - Annual growth rate,PCCH,0,Replace,2015-12-02T15:30:00.000+01:00,
RTD.M.S0.N.P_C_OV.A,M,S0,N,P_C_OV,A,2005-04,2.1,A,F,,,P1M,A,,,HICP.M.U2.N.000000.4D0.ANR,,,,,,"See <a class=""external"" href=""http://sdw.ecb.europa.eu/web/generator/docu/rtdb_docu.pdf""> notes</a>; block Monthly; series: AI",,1,,,HICP Inflation rate - Total - Annual rate of change,Euro area (moving concept in the Real Time database context) - HICP - Overall index - Annual growth rate,PCCH,0,Replace,2015-12-02T15:30:00.000+01:00,
RTD.M.S0.N.P_C_OV.A,M,S0,N,P_C_OV,A,2005-05,2,A,F,,,P1M,A,,,HICP.M.U2.N.000000.4D0.ANR,,,,,,"See <a class=""external"" href=""http://sdw.ecb.europa.eu/web/generator/docu/rtdb_docu.pdf""> notes</a>; block Monthly; series: AI",,1,,,HICP Inflation rate - Total - Annual rate of change,Euro area (moving concept in the Real Time database context) - HICP - Overall index - Annual growth rate,PCCH,0,Replace,2015-12-02T15:30:00.000+01:00,
RTD.M.S0.N.P_C_OV.A,M,S0,N,P_C_OV,A,2005-06,2.1,A,F,,,P1M,A,,,HICP.M.U2.N.000000.4D0.ANR,,,,,,"See <a class=""external"" href=""http://sdw.ecb.europa.eu/web/generator/docu/rtdb_docu.pdf""> notes</a>; block Monthly; series: AI",,1,,,HICP Inflation rate - Total - Annual rate of change,Euro area (moving concept in the Real Time database context) - HICP - Overall index - Annual growth rate,PCCH,0,Replace,2015-12-02T15:30:00.000+01:00,
RTD.M.S0.N.P_C_OV.A,M,S0,N,P_C_OV,A,2005-07,2.2,A,F,,,P1M,A,,,HICP.M.U2.N.000000.4D0.ANR,,,,,,"See <a class=""external"" href=""http://sdw.ecb.europa.eu/web/generator/docu/rtdb_docu.pdf""> notes</a>; block Monthly; series: AI",,1,,,HICP Inflation rate - Total - Annual rate of change,Euro area (moving concept in the Real Time database context) - HICP - Overall index - Annual growth rate,PCCH,0,Replace,2015-12-02T15:30:00.000+01:00,
RTD.M.S0.N.P_C_OV.A,M,S0,N,P_C_OV,A,2005-08,2.2,A,F,,,P1M,A,,,HICP.M.U2.N.000000.4D0.ANR,,,,,,"See <a class=""external"" href=""http://sdw.ecb.europa.eu/web/generator/docu/rtdb_docu.pdf""> notes</a>; block Monthly; series: AI",,1,,,HICP Inflation rate - Total - Annual rate of change,Euro area (moving concept in the Real Time database context) - HICP - Overall index - Annual growth rate,PCCH,0,Replace,2015-12-02T15:30:00.000+01:00,
RTD.M.S0.N.P_C_OV.A,M,S0,N,P_C_OV,A,2005-09,2.6,A,F,,,P1M,A,,,HICP.M.U2.N.000000.4D0.ANR,,,,,,"See <a class=""external"" href=""http://sdw.ecb.europa.eu/web/generator/docu/rtdb_docu.pdf""> notes</a>; block Monthly; series: AI",,1,,,HICP Inflation rate - Total - Annual rate of change,Euro area (moving concept in the Real Time database context) - HICP - Overall index - Annual growth rate,PCCH,0,Replace,2015-12-02T15:30:00.000+01:00,
RTD.M.S0.N.P_C_OV.A,M,S0,N,P_C_OV,A,2005-10,2.5,A,F,,,P1M,A,,,HICP.M.U2.N.000000.4D0.ANR,,,,,,"See <a class=""external"" href=""http://sdw.ecb.europa.eu/web/generator/docu/rtdb_docu.pdf""> notes</a>; block Monthly; series: AI",,1,,,HICP Inflation rate - Total - Annual rate of change,Euro area (moving concept in the Real Time database context) - HICP - Overall index - Annual growth rate,PCCH,0,Replace,2015-12-02T15:30:00.000+01:00,
RTD.M.S0.N.P_C_OV.A,M,S0,N,P_C_OV,A,2005-11,2.3,A,F,,,P1M,A,,,HICP.M.U2.N.000000.4D0.ANR,,,,,,"See <a class=""external"" href=""http://sdw.ecb.europa.eu/web/generator/docu/rtdb_docu.pdf""> notes</a>; block Monthly; series: AI",,1,,,HICP Inflation rate - Total - Annual rate of change,Euro area (moving concept in the Real Time database context) - HICP - Overall index - Annual growth rate,PCCH,0,Replace,2015-12-02T15:30:00.000+01:00,
RTD.M.S0.N.P_C_OV.A,M,S0,N,P_C_OV,A,2005-12,2.2,A,F,,,P1M,A,,,HICP.M.U2.N.000000.4D0.ANR,,,,,,"See <a class=""external"" href=""http://sdw.ecb.europa.eu/web/generator/docu/rtdb_docu.pdf""> notes</a>; block Monthly; series: AI",,1,,,HICP Inflation rate - Total - Annual rate of change,Euro area (moving concept in the Real Time database context) - HICP - Overall index - Annual growth rate,PCCH,0,Replace,2015-12-02T15:30:00.000+01:00,
RTD.M.S0.N.P_C_OV.A,M,S0,N,P_C_OV,A,2006-01,2.4,A,F,,,P1M,A,,,HICP.M.U2.N.000000.4D0.ANR,,,,,,"See <a class=""external"" href=""http://sdw.ecb.europa.eu/web/generator/docu/rtdb_docu.pdf""> notes</a>; block Monthly; series: AI",,1,,,HICP Inflation rate - Total - Annual rate of change,Euro area (moving concept in the Real Time database context) - HICP - Overall index - Annual growth rate,PCCH,0,Replace,2015-12-02T15:30:00.000+01:00,
RTD.M.S0.N.P_C_OV.A,M,S0,N,P_C_OV,A,2006-02,2.3,A,F,,,P1M,A,,,HICP.M.U2.N.000000.4D0.ANR,,,,,,"See <a class=""external"" href=""http://sdw.ecb.europa.eu/web/generator/docu/rtdb_docu.pdf""> notes</a>; block Monthly; series: AI",,1,,,HICP Inflation rate - Total - Annual rate of change,Euro area (moving concept in the Real Time database context) - HICP - Overall index - Annual growth rate,PCCH,0,Replace,2015-12-02T15:30:00.000+01:00,
RTD.M.S0.N.P_C_OV.A,M,S0,N,P_C_OV,A,2006-03,2.2,A,F,,,P1M,A,,,HICP.M.U2.N.000000.4D0.ANR,,,,,,"See <a class=""external"" href=""http://sdw.ecb.europa.eu/web/generator/docu/rtdb_docu.pdf""> notes</a>; block Monthly; series: AI",,1,,,HICP Inflation rate - Total - Annual rate of change,Euro area (moving concept in the Real Time database context) - HICP - Overall index - Annual growth rate,PCCH,0,Replace,2015-12-02T15:30:00.000+01:00,
RTD.M.S0.N.P_C_OV.A,M,S0,N,P_C_OV,A,2006-04,2.5,A,F,,,P1M,A,,,HICP.M.U2.N.000000.4D0.ANR,,,,,,"See <a class=""external"" href=""http://sdw.ecb.europa.eu/web/generator/docu/rtdb_docu.pdf""> notes</a>; block Monthly; series: AI",,1,,,HICP Inflation rate - Total - Annual rate of change,Euro area (moving concept in the Real Time database context) - HICP - Overall index - Annual growth rate,PCCH,0,Replace,2015-12-02T15:30:00.000+01:00,
RTD.M.S0.N.P_C_OV.A,M,S0,N,P_C_OV,A,2006-05,2.5,A,F,,,P1M,A,,,HICP.M.U2.N.000000.4D0.ANR,,,,,,"See <a class=""external"" href=""http://sdw.ecb.europa.eu/web/generator/docu/rtdb_docu.pdf""> notes</a>; block Monthly; series: AI",,1,,,HICP Inflation rate - Total - Annual rate of change,Euro area (moving concept in the Real Time database context) - HICP - Overall index - Annual growth rate,PCCH,0,Replace,2015-12-02T15:30:00.000+01:00,
RTD.M.S0.N.P_C_OV.A,M,S0,N,P_C_OV,A,2006-06,2.5,A,F,,,P1M,A,,,HICP.M.U2.N.000000.4D0.ANR,,,,,,"See <a class=""external"" href=""http://sdw.ecb.europa.eu/web/generator/docu/rtdb_docu.pdf""> notes</a>; block Monthly; series: AI",,1,,,HICP Inflation rate - Total - Annual rate of change,Euro area (moving concept in the Real Time database context) - HICP - Overall index - Annual growth rate,PCCH,0,Replace,2015-12-02T15:30:00.000+01:00,
RTD.M.S0.N.P_C_OV.A,M,S0,N,P_C_OV,A,2006-07,2.4,A,F,,,P1M,A,,,HICP.M.U2.N.000000.4D0.ANR,,,,,,"See <a class=""external"" href=""http://sdw.ecb.europa.eu/web/generator/docu/rtdb_docu.pdf""> notes</a>; block Monthly; series: AI",,1,,,HICP Inflation rate - Total - Annual rate of change,Euro area (moving concept in the Real Time database context) - HICP - Overall index - Annual growth rate,PCCH,0,Replace,2015-12-02T15:30:00.000+01:00,
RTD.M.S0.N.P_C_OV.A,M,S0,N,P_C_OV,A,2006-08,2.3,A,F,,,P1M,A,,,HICP.M.U2.N.000000.4D0.ANR,,,,,,"See <a class=""external"" href=""http://sdw.ecb.europa.eu/web/generator/docu/rtdb_docu.pdf""> notes</a>; block Monthly; series: AI",,1,,,HICP Inflation rate - Total - Annual rate of change,Euro area (moving concept in the Real Time database context) - HICP - Overall index - Annual growth rate,PCCH,0,Replace,2015-12-02T15:30:00.000+01:00,
RTD.M.S0.N.P_C_OV.A,M,S0,N,P_C_OV,A,2006-09,1.7,A,F,,,P1M,A,,,HICP.M.U2.N.000000.4D0.ANR,,,,,,"See <a class=""external"" href=""http://sdw.ecb.europa.eu/web/generator/docu/rtdb_docu.pdf""> notes</a>; block Monthly; series: AI",,1,,,HICP Inflation rate - Total - Annual rate of change,Euro area (moving concept in the Real Time database context) - HICP - Overall index - Annual growth rate,PCCH,0,Replace,2015-12-02T15:30:00.000+01:00,
RTD.M.S0.N.P_C_OV.A,M,S0,N,P_C_OV,A,2006-10,1.6,A,F,,,P1M,A,,,HICP.M.U2.N.000000.4D0.ANR,,,,,,"See <a class=""external"" href=""http://sdw.ecb.europa.eu/web/generator/docu/rtdb_docu.pdf""> notes</a>; block Monthly; series: AI",,1,,,HICP Inflation rate - Total - Annual rate of change,Euro area (moving concept in the Real Time database context) - HICP - Overall index - Annual growth rate,PCCH,0,Replace,2015-12-02T15:30:00.000+01:00,
RTD.M.S0.N.P_C_OV.A,M,S0,N,P_C_OV,A,2006-11,1.9,A,F,,,P1M,A,,,HICP.M.U2.N.000000.4D0.ANR,,,,,,"See <a class=""external"" href=""http://sdw.ecb.europa.eu/web/generator/docu/rtdb_docu.pdf""> notes</a>; block Monthly; series: AI",,1,,,HICP Inflation rate - Total - Annual rate of change,Euro area (moving concept in the Real Time database context) - HICP - Overall index - Annual growth rate,PCCH,0,Replace,2015-12-02T15:30:00.000+01:00,
RTD.M.S0.N.P_C_OV.A,M,S0,N,P_C_OV,A,2006-12,1.9,A,F,,,P1M,A,,,HICP.M.U2.N.000000.4D0.ANR,,,,,,"See <a class=""external"" href=""http://sdw.ecb.europa.eu/web/generator/docu/rtdb_docu.pdf""> notes</a>; block Monthly; series: AI",,1,,,HICP Inflation rate - Total - Annual rate of change,Euro area (moving concept in the Real Time database context) - HICP - Overall index - Annual growth rate,PCCH,0,Replace,2015-12-02T15:30:00.000+01:00,
RTD.M.S0.N.P_C_OV.A,M,S0,N,P_C_OV,A,2007-01,1.8,A,F,,,P1M,A,,,HICP.M.U2.N.000000.4D0.ANR,,,,,,"See <a class=""external"" href=""http://sdw.ecb.europa.eu/web/generator/docu/rtdb_docu.pdf""> notes</a>; block Monthly; series: AI",,1,,,HICP Inflation rate - Total - Annual rate of change,Euro area (moving concept in the Real Time database context) - HICP - Overall index - Annual growth rate,PCCH,0,Replace,2015-12-02T15:30:00.000+01:00,
RTD.M.S0.N.P_C_OV.A,M,S0,N,P_C_OV,A,2007-02,1.8,A,F,,,P1M,A,,,HICP.M.U2.N.000000.4D0.ANR,,,,,,"See <a class=""external"" href=""http://sdw.ecb.europa.eu/web/generator/docu/rtdb_docu.pdf""> notes</a>; block Monthly; series: AI",,1,,,HICP Inflation rate - Total - Annual rate of change,Euro area (moving concept in the Real Time database context) - HICP - Overall index - Annual growth rate,PCCH,0,Replace,2015-12-02T15:30:00.000+01:00,
RTD.M.S0.N.P_C_OV.A,M,S0,N,P_C_OV,A,2007-03,1.9,A,F,,,P1M,A,,,HICP.M.U2.N.000000.4D0.ANR,,,,,,"See <a class=""external"" href=""http://sdw.ecb.europa.eu/web/generator/docu/rtdb_docu.pdf""> notes</a>; block Monthly; series: AI",,1,,,HICP Inflation rate - Total - Annual rate of change,Euro area (moving concept in the Real Time database context) - HICP - Overall index - Annual growth rate,PCCH,0,Replace,2015-12-02T15:30:00.000+01:00,
RTD.M.S0.N.P_C_OV.A,M,S0,N,P_C_OV,A,2007-04,1.9,A,F,,,P1M,A,,,HICP.M.U2.N.000000.4D0.ANR,,,,,,"See <a class=""external"" href=""http://sdw.ecb.europa.eu/web/generator/docu/rtdb_docu.pdf""> notes</a>; block Monthly; series: AI",,1,,,HICP Inflation rate - Total - Annual rate of change,Euro area (moving concept in the Real Time database context) - HICP - Overall index - Annual growth rate,PCCH,0,Replace,2015-12-02T15:30:00.000+01:00,
RTD.M.S0.N.P_C_OV.A,M,S0,N,P_C_OV,A,2007-05,1.9,A,F,,,P1M,A,,,HICP.M.U2.N.000000.4D0.ANR,,,,,,"See <a class=""external"" href=""http://sdw.ecb.europa.eu/web/generator/docu/rtdb_docu.pdf""> notes</a>; block Monthly; series: AI",,1,,,HICP Inflation rate - Total - Annual rate of change,Euro area (moving concept in the Real Time database context) - HICP - Overall index - Annual growth rate,PCCH,0,Replace,2015-12-02T15:30:00.000+01:00,
RTD.M.S0.N.P_C_OV.A,M,S0,N,P_C_OV,A,2007-06,1.9,A,F,,,P1M,A,,,HICP.M.U2.N.000000.4D0.ANR,,,,,,"See <a class=""external"" href=""http://sdw.ecb.europa.eu/web/generator/docu/rtdb_docu.pdf""> notes</a>; block Monthly; series: AI",,1,,,HICP Inflation rate - Total - Annual rate of change,Euro area (moving concept in the Real Time database context) - HICP - Overall index - Annual growth rate,PCCH,0,Replace,2015-12-02T15:30:00.000+01:00,
RTD.M.S0.N.P_C_OV.A,M,S0,N,P_C_OV,A,2007-07,1.8,A,F,,,P1M,A,,,HICP.M.U2.N.000000.4D0.ANR,,,,,,"See <a class=""external"" href=""http://sdw.ecb.europa.eu/web/generator/docu/rtdb_docu.pdf""> notes</a>; block Monthly; series: AI",,1,,,HICP Inflation rate - Total - Annual rate of change,Euro area (moving concept in the Real Time database context) - HICP - Overall index - Annual growth rate,PCCH,0,Replace,2015-12-02T15:30:00.000+01:00,
RTD.M.S0.N.P_C_OV.A,M,S0,N,P_C_OV,A,2007-08,1.7,A,F,,,P1M,A,,,HICP.M.U2.N.000000.4D0.ANR,,,,,,"See <a class=""external"" href=""http://sdw.ecb.europa.eu/web/generator/docu/rtdb_docu.pdf""> notes</a>; block Monthly; series: AI",,1,,,HICP Inflation rate - Total - Annual rate of change,Euro area (moving concept in the Real Time database context) - HICP - Overall index - Annual growth rate,PCCH,0,Replace,2015-12-02T15:30:00.000+01:00,
RTD.M.S0.N.P_C_OV.A,M,S0,N,P_C_OV,A,2007-09,2.1,A,F,,,P1M,A,,,HICP.M.U2.N.000000.4D0.ANR,,,,,,"See <a class=""external"" href=""http://sdw.ecb.europa.eu/web/generator/docu/rtdb_docu.pdf""> notes</a>; block Monthly; series: AI",,1,,,HICP Inflation rate - Total - Annual rate of change,Euro area (moving concept in the Real Time database context) - HICP - Overall index - Annual growth rate,PCCH,0,Replace,2015-12-02T15:30:00.000+01:00,
RTD.M.S0.N.P_C_OV.A,M,S0,N,P_C_OV,A,2007-10,2.6,A,F,,,P1M,A,,,HICP.M.U2.N.000000.4D0.ANR,,,,,,"See <a class=""external"" href=""http://sdw.ecb.europa.eu/web/generator/docu/rtdb_docu.pdf""> notes</a>; block Monthly; series: AI",,1,,,HICP Inflation rate - Total - Annual rate of change,Euro area (moving concept in the Real Time database context) - HICP - Overall index - Annual growth rate,PCCH,0,Replace,2015-12-02T15:30:00.000+01:00,
RTD.M.S0.N.P_C_OV.A,M,S0,N,P_C_OV,A,2007-11,3.1,A,F,,,P1M,A,,,HICP.M.U2.N.000000.4D0.ANR,,,,,,"See <a class=""external"" href=""http://sdw.ecb.europa.eu/web/generator/docu/rtdb_docu.pdf""> notes</a>; block Monthly; series: AI",,1,,,HICP Inflation rate - Total - Annual rate of change,Euro area (moving concept in the Real Time database context) - HICP - Overall index - Annual growth rate,PCCH,0,Replace,2015-12-02T15:30:00.000+01:00,
RTD.M.S0.N.P_C_OV.A,M,S0,N,P_C_OV,A,2007-12,3.1,A,F,,,P1M,A,,,HICP.M.U2.N.000000.4D0.ANR,,,,,,"See <a class=""external"" href=""http://sdw.ecb.europa.eu/web/generator/docu/rtdb_docu.pdf""> notes</a>; block Monthly; series: AI",,1,,,HICP Inflation rate - Total - Annual rate of change,Euro area (moving concept in the Real Time database context) - HICP - Overall index - Annual growth rate,PCCH,0,Replace,2015-12-02T15:30:00.000+01:00,
RTD.M.S0.N.P_C_OV.A,M,S0,N,P_C_OV,A,2008-01,3.2,A,F,,,P1M,A,,,HICP.M.U2.N.000000.4D0.ANR,,,,,,"See <a class=""external"" href=""http://sdw.ecb.europa.eu/web/generator/docu/rtdb_docu.pdf""> notes</a>; block Monthly; series: AI",,1,,,HICP Inflation rate - Total - Annual rate of change,Euro area (moving concept in the Real Time database context) - HICP - Overall index - Annual growth rate,PCCH,0,Replace,2015-12-02T15:30:00.000+01:00,
RTD.M.S0.N.P_C_OV.A,M,S0,N,P_C_OV,A,2008-02,3.3,A,F,,,P1M,A,,,HICP.M.U2.N.000000.4D0.ANR,,,,,,"See <a class=""external"" href=""http://sdw.ecb.europa.eu/web/generator/docu/rtdb_docu.pdf""> notes</a>; block Monthly; series: AI",,1,,,HICP Inflation rate - Total - Annual rate of change,Euro area (moving concept in the Real Time database context) - HICP - Overall index - Annual growth rate,PCCH,0,Replace,2015-12-02T15:30:00.000+01:00,
RTD.M.S0.N.P_C_OV.A,M,S0,N,P_C_OV,A,2008-03,3.6,A,F,,,P1M,A,,,HICP.M.U2.N.000000.4D0.ANR,,,,,,"See <a class=""external"" href=""http://sdw.ecb.europa.eu/web/generator/docu/rtdb_docu.pdf""> notes</a>; block Monthly; series: AI",,1,,,HICP Inflation rate - Total - Annual rate of change,Euro area (moving concept in the Real Time database context) - HICP - Overall index - Annual growth rate,PCCH,0,Replace,2015-12-02T15:30:00.000+01:00,
RTD.M.S0.N.P_C_OV.A,M,S0,N,P_C_OV,A,2008-04,3.3,A,F,,,P1M,A,,,HICP.M.U2.N.000000.4D0.ANR,,,,,,"See <a class=""external"" href=""http://sdw.ecb.europa.eu/web/generator/docu/rtdb_docu.pdf""> notes</a>; block Monthly; series: AI",,1,,,HICP Inflation rate - Total - Annual rate of change,Euro area (moving concept in the Real Time database context) - HICP - Overall index - Annual growth rate,PCCH,0,Replace,2015-12-02T15:30:00.000+01:00,
RTD.M.S0.N.P_C_OV.A,M,S0,N,P_C_OV,A,2008-05,3.7,A,F,,,P1M,A,,,HICP.M.U2.N.000000.4D0.ANR,,,,,,"See <a class=""external"" href=""http://sdw.ecb.europa.eu/web/generator/docu/rtdb_docu.pdf""> notes</a>; block Monthly; series: AI",,1,,,HICP Inflation rate - Total - Annual rate of change,Euro area (moving concept in the Real Time database context) - HICP - Overall index - Annual growth rate,PCCH,0,Replace,2015-12-02T15:30:00.000+01:00,
RTD.M.S0.N.P_C_OV.A,M,S0,N,P_C_OV,A,2008-06,4,A,F,,,P1M,A,,,HICP.M.U2.N.000000.4D0.ANR,,,,,,"See <a class=""external"" href=""http://sdw.ecb.europa.eu/web/generator/docu/rtdb_docu.pdf""> notes</a>; block Monthly; series: AI",,1,,,HICP Inflation rate - Total - Annual rate of change,Euro area (moving concept in the Real Time database context) - HICP - Overall index - Annual growth rate,PCCH,0,Replace,2015-12-02T15:30:00.000+01:00,
RTD.M.S0.N.P_C_OV.A,M,S0,N,P_C_OV,A,2008-07,4,A,F,,,P1M,A,,,HICP.M.U2.N.000000.4D0.ANR,,,,,,"See <a class=""external"" href=""http://sdw.ecb.europa.eu/web/generator/docu/rtdb_docu.pdf""> notes</a>; block Monthly; series: AI",,1,,,HICP Inflation rate - Total - Annual rate of change,Euro area (moving concept in the Real Time database context) - HICP - Overall index - Annual growth rate,PCCH,0,Replace,2015-12-02T15:30:00.000+01:00,
RTD.M.S0.N.P_C_OV.A,M,S0,N,P_C_OV,A,2008-08,3.8,A,F,,,P1M,A,,,HICP.M.U2.N.000000.4D0.ANR,,,,,,"See <a class=""external"" href=""http://sdw.ecb.europa.eu/web/generator/docu/rtdb_docu.pdf""> notes</a>; block Monthly; series: AI",,1,,,HICP Inflation rate - Total - Annual rate of change,Euro area (moving concept in the Real Time database context) - HICP - Overall index - Annual growth rate,PCCH,0,Replace,2015-12-02T15:30:00.000+01:00,
RTD.M.S0.N.P_C_OV.A,M,S0,N,P_C_OV,A,2008-09,3.6,A,F,,,P1M,A,,,HICP.M.U2.N.000000.4D0.ANR,,,,,,"See <a class=""external"" href=""http://sdw.ecb.europa.eu/web/generator/docu/rtdb_docu.pdf""> notes</a>; block Monthly; series: AI",,1,,,HICP Inflation rate - Total - Annual rate of change,Euro area (moving concept in the Real Time database context) - HICP - Overall index - Annual growth rate,PCCH,0,Replace,2015-12-02T15:30:00.000+01:00,
RTD.M.S0.N.P_C_OV.A,M,S0,N,P_C_OV,A,2008-10,3.2,A,F,,,P1M,A,,,HICP.M.U2.N.000000.4D0.ANR,,,,,,"See <a class=""external"" href=""http://sdw.ecb.europa.eu/web/generator/docu/rtdb_docu.pdf""> notes</a>; block Monthly; series: AI",,1,,,HICP Inflation rate - Total - Annual rate of change,Euro area (moving concept in the Real Time database context) - HICP - Overall index - Annual growth rate,PCCH,0,Replace,2015-12-02T15:30:00.000+01:00,
RTD.M.S0.N.P_C_OV.A,M,S0,N,P_C_OV,A,2008-11,2.1,A,F,,,P1M,A,,,HICP.M.U2.N.000000.4D0.ANR,,,,,,"See <a class=""external"" href=""http://sdw.ecb.europa.eu/web/generator/docu/rtdb_docu.pdf""> notes</a>; block Monthly; series: AI",,1,,,HICP Inflation rate - Total - Annual rate of change,Euro area (moving concept in the Real Time database context) - HICP - Overall index - Annual growth rate,PCCH,0,Replace,2015-12-02T15:30:00.000+01:00,
RTD.M.S0.N.P_C_OV.A,M,S0,N,P_C_OV,A,2008-12,1.6,A,F,,,P1M,A,,,HICP.M.U2.N.000000.4D0.ANR,,,,,,"See <a class=""external"" href=""http://sdw.ecb.europa.eu/web/generator/docu/rtdb_docu.pdf""> notes</a>; block Monthly; series: AI",,1,,,HICP Inflation rate - Total - Annual rate of change,Euro area (moving concept in the Real Time database context) - HICP - Overall index - Annual growth rate,PCCH,0,Replace,2015-12-02T15:30:00.000+01:00,
RTD.M.S0.N.P_C_OV.A,M,S0,N,P_C_OV,A,2009-01,1.1,A,F,,,P1M,A,,,HICP.M.U2.N.000000.4D0.ANR,,,,,,"See <a class=""external"" href=""http://sdw.ecb.europa.eu/web/generator/docu/rtdb_docu.pdf""> notes</a>; block Monthly; series: AI",,1,,,HICP Inflation rate - Total - Annual rate of change,Euro area (moving concept in the Real Time database context) - HICP - Overall index - Annual growth rate,PCCH,0,Replace,2015-12-02T15:30:00.000+01:00,
RTD.M.S0.N.P_C_OV.A,M,S0,N,P_C_OV,A,2009-02,1.2,A,F,,,P1M,A,,,HICP.M.U2.N.000000.4D0.ANR,,,,,,"See <a class=""external"" href=""http://sdw.ecb.europa.eu/web/generator/docu/rtdb_docu.pdf""> notes</a>; block Monthly; series: AI",,1,,,HICP Inflation rate - Total - Annual rate of change,Euro area (moving concept in the Real Time database context) - HICP - Overall index - Annual growth rate,PCCH,0,Replace,2015-12-02T15:30:00.000+01:00,
RTD.M.S0.N.P_C_OV.A,M,S0,N,P_C_OV,A,2009-03,0.6,A,F,,,P1M,A,,,HICP.M.U2.N.000000.4D0.ANR,,,,,,"See <a class=""external"" href=""http://sdw.ecb.europa.eu/web/generator/docu/rtdb_docu.pdf""> notes</a>; block Monthly; series: AI",,1,,,HICP Inflation rate - Total - Annual rate of change,Euro area (moving concept in the Real Time database context) - HICP - Overall index - Annual growth rate,PCCH,0,Replace,2015-12-02T15:30:00.000+01:00,
RTD.M.S0.N.P_C_OV.A,M,S0,N,P_C_OV,A,2009-04,0.6,A,F,,,P1M,A,,,HICP.M.U2.N.000000.4D0.ANR,,,,,,"See <a class=""external"" href=""http://sdw.ecb.europa.eu/web/generator/docu/rtdb_docu.pdf""> notes</a>; block Monthly; series: AI",,1,,,HICP Inflation rate - Total - Annual rate of change,Euro area (moving concept in the Real Time database context) - HICP - Overall index - Annual growth rate,PCCH,0,Replace,2015-12-02T15:30:00.000+01:00,
RTD.M.S0.N.P_C_OV.A,M,S0,N,P_C_OV,A,2009-05,0,A,F,,,P1M,A,,,HICP.M.U2.N.000000.4D0.ANR,,,,,,"See <a class=""external"" href=""http://sdw.ecb.europa.eu/web/generator/docu/rtdb_docu.pdf""> notes</a>; block Monthly; series: AI",,1,,,HICP Inflation rate - Total - Annual rate of change,Euro area (moving concept in the Real Time database context) - HICP - Overall index - Annual growth rate,PCCH,0,Replace,2015-12-02T15:30:00.000+01:00,
RTD.M.S0.N.P_C_OV.A,M,S0,N,P_C_OV,A,2009-06,-0.1,A,F,,,P1M,A,,,HICP.M.U2.N.000000.4D0.ANR,,,,,,"See <a class=""external"" href=""http://sdw.ecb.europa.eu/web/generator/docu/rtdb_docu.pdf""> notes</a>; block Monthly; series: AI",,1,,,HICP Inflation rate - Total - Annual rate of change,Euro area (moving concept in the Real Time database context) - HICP - Overall index - Annual growth rate,PCCH,0,Replace,2015-12-02T15:30:00.000+01:00,
RTD.M.S0.N.P_C_OV.A,M,S0,N,P_C_OV,A,2009-07,-0.6,A,F,,,P1M,A,,,HICP.M.U2.N.000000.4D0.ANR,,,,,,"See <a class=""external"" href=""http://sdw.ecb.europa.eu/web/generator/docu/rtdb_docu.pdf""> notes</a>; block Monthly; series: AI",,1,,,HICP Inflation rate - Total - Annual rate of change,Euro area (moving concept in the Real Time database context) - HICP - Overall index - Annual growth rate,PCCH,0,Replace,2015-12-02T15:30:00.000+01:00,
RTD.M.S0.N.P_C_OV.A,M,S0,N,P_C_OV,A,2009-08,-0.2,A,F,,,P1M,A,,,HICP.M.U2.N.000000.4D0.ANR,,,,,,"See <a class=""external"" href=""http://sdw.ecb.europa.eu/web/generator/docu/rtdb_docu.pdf""> notes</a>; block Monthly; series: AI",,1,,,HICP Inflation rate - Total - Annual rate of change,Euro area (moving concept in the Real Time database context) - HICP - Overall index - Annual growth rate,PCCH,0,Replace,2015-12-02T15:30:00.000+01:00,
RTD.M.S0.N.P_C_OV.A,M,S0,N,P_C_OV,A,2009-09,-0.3,A,F,,,P1M,A,,,HICP.M.U2.N.000000.4D0.ANR,,,,,,"See <a class=""external"" href=""http://sdw.ecb.europa.eu/web/generator/docu/rtdb_docu.pdf""> notes</a>; block Monthly; series: AI",,1,,,HICP Inflation rate - Total - Annual rate of change,Euro area (moving concept in the Real Time database context) - HICP - Overall index - Annual growth rate,PCCH,0,Replace,2015-12-02T15:30:00.000+01:00,
RTD.M.S0.N.P_C_OV.A,M,S0,N,P_C_OV,A,2009-10,-0.1,A,F,,,P1M,A,,,HICP.M.U2.N.000000.4D0.ANR,,,,,,"See <a class=""external"" href=""http://sdw.ecb.europa.eu/web/generator/docu/rtdb_docu.pdf""> notes</a>; block Monthly; series: AI",,1,,,HICP Inflation rate - Total - Annual rate of change,Euro area (moving concept in the Real Time database context) - HICP - Overall index - Annual growth rate,PCCH,0,Replace,2015-12-02T15:30:00.000+01:00,
RTD.M.S0.N.P_C_OV.A,M,S0,N,P_C_OV,A,2009-11,0.5,A,F,,,P1M,A,,,HICP.M.U2.N.000000.4D0.ANR,,,,,,"See <a class=""external"" href=""http://sdw.ecb.europa.eu/web/generator/docu/rtdb_docu.pdf""> notes</a>; block Monthly; series: AI",,1,,,HICP Inflation rate - Total - Annual rate of change,Euro area (moving concept in the Real Time database context) - HICP - Overall index - Annual growth rate,PCCH,0,Replace,2015-12-02T15:30:00.000+01:00,
RTD.M.S0.N.P_C_OV.A,M,S0,N,P_C_OV,A,2009-12,0.9,A,F,,,P1M,A,,,HICP.M.U2.N.000000.4D0.ANR,,,,,,"See <a class=""external"" href=""http://sdw.ecb.europa.eu/web/generator/docu/rtdb_docu.pdf""> notes</a>; block Monthly; series: AI",,1,,,HICP Inflation rate - Total - Annual rate of change,Euro area (moving concept in the Real Time database context) - HICP - Overall index - Annual growth rate,PCCH,0,Replace,2015-12-02T15:30:00.000+01:00,
RTD.M.S0.N.P_C_OV.A,M,S0,N,P_C_OV,A,2010-01,0.9,A,F,,,P1M,A,,,HICP.M.U2.N.000000.4D0.ANR,,,,,,"See <a class=""external"" href=""http://sdw.ecb.europa.eu/web/generator/docu/rtdb_docu.pdf""> notes</a>; block Monthly; series: AI",,1,,,HICP Inflation rate - Total - Annual rate of change,Euro area (moving concept in the Real Time database context) - HICP - Overall index - Annual growth rate,PCCH,0,Replace,2015-12-02T15:30:00.000+01:00,
RTD.M.S0.N.P_C_OV.A,M,S0,N,P_C_OV,A,2010-02,0.8,A,F,,,P1M,A,,,HICP.M.U2.N.000000.4D0.ANR,,,,,,"See <a class=""external"" href=""http://sdw.ecb.europa.eu/web/generator/docu/rtdb_docu.pdf""> notes</a>; block Monthly; series: AI",,1,,,HICP Inflation rate - Total - Annual rate of change,Euro area (moving concept in the Real Time database context) - HICP - Overall index - Annual growth rate,PCCH,0,Replace,2015-12-02T15:30:00.000+01:00,
RTD.M.S0.N.P_C_OV.A,M,S0,N,P_C_OV,A,2010-03,1.6,A,F,,,P1M,A,,,HICP.M.U2.N.000000.4D0.ANR,,,,,,"See <a class=""external"" href=""http://sdw.ecb.europa.eu/web/generator/docu/rtdb_docu.pdf""> notes</a>; block Monthly; series: AI",,1,,,HICP Inflation rate - Total - Annual rate of change,Euro area (moving concept in the Real Time database context) - HICP - Overall index - Annual growth rate,PCCH,0,Replace,2015-12-02T15:30:00.000+01:00,
RTD.M.S0.N.P_C_OV.A,M,S0,N,P_C_OV,A,2010-04,1.6,A,F,,,P1M,A,,,HICP.M.U2.N.000000.4D0.ANR,,,,,,"See <a class=""external"" href=""http://sdw.ecb.europa.eu/web/generator/docu/rtdb_docu.pdf""> notes</a>; block Monthly; series: AI",,1,,,HICP Inflation rate - Total - Annual rate of change,Euro area (moving concept in the Real Time database context) - HICP - Overall index - Annual growth rate,PCCH,0,Replace,2015-12-02T15:30:00.000+01:00,
RTD.M.S0.N.P_C_OV.A,M,S0,N,P_C_OV,A,2010-05,1.7,A,F,,,P1M,A,,,HICP.M.U2.N.000000.4D0.ANR,,,,,,"See <a class=""external"" href=""http://sdw.ecb.europa.eu/web/generator/docu/rtdb_docu.pdf""> notes</a>; block Monthly; series: AI",,1,,,HICP Inflation rate - Total - Annual rate of change,Euro area (moving concept in the Real Time database context) - HICP - Overall index - Annual growth rate,PCCH,0,Replace,2015-12-02T15:30:00.000+01:00,
RTD.M.S0.N.P_C_OV.A,M,S0,N,P_C_OV,A,2010-06,1.5,A,F,,,P1M,A,,,HICP.M.U2.N.000000.4D0.ANR,,,,,,"See <a class=""external"" href=""http://sdw.ecb.europa.eu/web/generator/docu/rtdb_docu.pdf""> notes</a>; block Monthly; series: AI",,1,,,HICP Inflation rate - Total - Annual rate of change,Euro area (moving concept in the Real Time database context) - HICP - Overall index - Annual growth rate,PCCH,0,Replace,2015-12-02T15:30:00.000+01:00,
RTD.M.S0.N.P_C_OV.A,M,S0,N,P_C_OV,A,2010-07,1.7,A,F,,,P1M,A,,,HICP.M.U2.N.000000.4D0.ANR,,,,,,"See <a class=""external"" href=""http://sdw.ecb.europa.eu/web/generator/docu/rtdb_docu.pdf""> notes</a>; block Monthly; series: AI",,1,,,HICP Inflation rate - Total - Annual rate of change,Euro area (moving concept in the Real Time database context) - HICP - Overall index - Annual growth rate,PCCH,0,Replace,2015-12-02T15:30:00.000+01:00,
RTD.M.S0.N.P_C_OV.A,M,S0,N,P_C_OV,A,2010-08,1.6,A,F,,,P1M,A,,,HICP.M.U2.N.000000.4D0.ANR,,,,,,"See <a class=""external"" href=""http://sdw.ecb.europa.eu/web/generator/docu/rtdb_docu.pdf""> notes</a>; block Monthly; series: AI",,1,,,HICP Inflation rate - Total - Annual rate of change,Euro area (moving concept in the Real Time database context) - HICP - Overall index - Annual growth rate,PCCH,0,Replace,2015-12-02T15:30:00.000+01:00,
RTD.M.S0.N.P_C_OV.A,M,S0,N,P_C_OV,A,2010-09,1.9,A,F,,,P1M,A,,,HICP.M.U2.N.000000.4D0.ANR,,,,,,"See <a class=""external"" href=""http://sdw.ecb.europa.eu/web/generator/docu/rtdb_docu.pdf""> notes</a>; block Monthly; series: AI",,1,,,HICP Inflation rate - Total - Annual rate of change,Euro area (moving concept in the Real Time database context) - HICP - Overall index - Annual growth rate,PCCH,0,Replace,2015-12-02T15:30:00.000+01:00,
RTD.M.S0.N.P_C_OV.A,M,S0,N,P_C_OV,A,2010-10,1.9,A,F,,,P1M,A,,,HICP.M.U2.N.000000.4D0.ANR,,,,,,"See <a class=""external"" href=""http://sdw.ecb.europa.eu/web/generator/docu/rtdb_docu.pdf""> notes</a>; block Monthly; series: AI",,1,,,HICP Inflation rate - Total - Annual rate of change,Euro area (moving concept in the Real Time database context) - HICP - Overall index - Annual growth rate,PCCH,0,Replace,2015-12-02T15:30:00.000+01:00,
RTD.M.S0.N.P_C_OV.A,M,S0,N,P_C_OV,A,2010-11,1.9,A,F,,,P1M,A,,,HICP.M.U2.N.000000.4D0.ANR,,,,,,"See <a class=""external"" href=""http://sdw.ecb.europa.eu/web/generator/docu/rtdb_docu.pdf""> notes</a>; block Monthly; series: AI",,1,,,HICP Inflation rate - Total - Annual rate of change,Euro area (moving concept in the Real Time database context) - HICP - Overall index - Annual growth rate,PCCH,0,Replace,2015-12-02T15:30:00.000+01:00,
RTD.M.S0.N.P_C_OV.A,M,S0,N,P_C_OV,A,2010-12,2.2,A,F,,,P1M,A,,,HICP.M.U2.N.000000.4D0.ANR,,,,,,"See <a class=""external"" href=""http://sdw.ecb.europa.eu/web/generator/docu/rtdb_docu.pdf""> notes</a>; block Monthly; series: AI",,1,,,HICP Inflation rate - Total - Annual rate of change,Euro area (moving concept in the Real Time database context) - HICP - Overall index - Annual growth rate,PCCH,0,Replace,2015-12-02T15:30:00.000+01:00,
RTD.M.S0.N.P_C_OV.A,M,S0,N,P_C_OV,A,2011-01,2.3,A,F,,,P1M,A,,,HICP.M.U2.N.000000.4D0.ANR,,,,,,"See <a class=""external"" href=""http://sdw.ecb.europa.eu/web/generator/docu/rtdb_docu.pdf""> notes</a>; block Monthly; series: AI",,1,,,HICP Inflation rate - Total - Annual rate of change,Euro area (moving concept in the Real Time database context) - HICP - Overall index - Annual growth rate,PCCH,0,Replace,2015-12-02T15:30:00.000+01:00,
RTD.M.S0.N.P_C_OV.A,M,S0,N,P_C_OV,A,2011-02,2.4,A,F,,,P1M,A,,,HICP.M.U2.N.000000.4D0.ANR,,,,,,"See <a class=""external"" href=""http://sdw.ecb.europa.eu/web/generator/docu/rtdb_docu.pdf""> notes</a>; block Monthly; series: AI",,1,,,HICP Inflation rate - Total - Annual rate of change,Euro area (moving concept in the Real Time database context) - HICP - Overall index - Annual growth rate,PCCH,0,Replace,2015-12-02T15:30:00.000+01:00,
RTD.M.S0.N.P_C_OV.A,M,S0,N,P_C_OV,A,2011-03,2.7,A,F,,,P1M,A,,,HICP.M.U2.N.000000.4D0.ANR,,,,,,"See <a class=""external"" href=""http://sdw.ecb.europa.eu/web/generator/docu/rtdb_docu.pdf""> notes</a>; block Monthly; series: AI",,1,,,HICP Inflation rate - Total - Annual rate of change,Euro area (moving concept in the Real Time database context) - HICP - Overall index - Annual growth rate,PCCH,0,Replace,2015-12-02T15:30:00.000+01:00,
RTD.M.S0.N.P_C_OV.A,M,S0,N,P_C_OV,A,2011-04,2.8,A,F,,,P1M,A,,,HICP.M.U2.N.000000.4D0.ANR,,,,,,"See <a class=""external"" href=""http://sdw.ecb.europa.eu/web/generator/docu/rtdb_docu.pdf""> notes</a>; block Monthly; series: AI",,1,,,HICP Inflation rate - Total - Annual rate of change,Euro area (moving concept in the Real Time database context) - HICP - Overall index - Annual growth rate,PCCH,0,Replace,2015-12-02T15:30:00.000+01:00,
RTD.M.S0.N.P_C_OV.A,M,S0,N,P_C_OV,A,2011-05,2.7,A,F,,,P1M,A,,,HICP.M.U2.N.000000.4D0.ANR,,,,,,"See <a class=""external"" href=""http://sdw.ecb.europa.eu/web/generator/docu/rtdb_docu.pdf""> notes</a>; block Monthly; series: AI",,1,,,HICP Inflation rate - Total - Annual rate of change,Euro area (moving concept in the Real Time database context) - HICP - Overall index - Annual growth rate,PCCH,0,Replace,2015-12-02T15:30:00.000+01:00,
RTD.M.S0.N.P_C_OV.A,M,S0,N,P_C_OV,A,2011-06,2.7,A,F,,,P1M,A,,,HICP.M.U2.N.000000.4D0.ANR,,,,,,"See <a class=""external"" href=""http://sdw.ecb.europa.eu/web/generator/docu/rtdb_docu.pdf""> notes</a>; block Monthly; series: AI",,1,,,HICP Inflation rate - Total - Annual rate of change,Euro area (moving concept in the Real Time database context) - HICP - Overall index - Annual growth rate,PCCH,0,Replace,2015-12-02T15:30:00.000+01:00,
RTD.M.S0.N.P_C_OV.A,M,S0,N,P_C_OV,A,2011-07,2.6,A,F,,,P1M,A,,,HICP.M.U2.N.000000.4D0.ANR,,,,,,"See <a class=""external"" href=""http://sdw.ecb.europa.eu/web/generator/docu/rtdb_docu.pdf""> notes</a>; block Monthly; series: AI",,1,,,HICP Inflation rate - Total - Annual rate of change,Euro area (moving concept in the Real Time database context) - HICP - Overall index - Annual growth rate,PCCH,0,Replace,2015-12-02T15:30:00.000+01:00,
RTD.M.S0.N.P_C_OV.A,M,S0,N,P_C_OV,A,2011-08,2.5,A,F,,,P1M,A,,,HICP.M.U2.N.000000.4D0.ANR,,,,,,"See <a class=""external"" href=""http://sdw.ecb.europa.eu/web/generator/docu/rtdb_docu.pdf""> notes</a>; block Monthly; series: AI",,1,,,HICP Inflation rate - Total - Annual rate of change,Euro area (moving concept in the Real Time database context) - HICP - Overall index - Annual growth rate,PCCH,0,Replace,2015-12-02T15:30:00.000+01:00,
RTD.M.S0.N.P_C_OV.A,M,S0,N,P_C_OV,A,2011-09,3,A,F,,,P1M,A,,,HICP.M.U2.N.000000.4D0.ANR,,,,,,"See <a class=""external"" href=""http://sdw.ecb.europa.eu/web/generator/docu/rtdb_docu.pdf""> notes</a>; block Monthly; series: AI",,1,,,HICP Inflation rate - Total - Annual rate of change,Euro area (moving concept in the Real Time database context) - HICP - Overall index - Annual growth rate,PCCH,0,Replace,2015-12-02T15:30:00.000+01:00,
RTD.M.S0.N.P_C_OV.A,M,S0,N,P_C_OV,A,2011-10,3,A,F,,,P1M,A,,,HICP.M.U2.N.000000.4D0.ANR,,,,,,"See <a class=""external"" href=""http://sdw.ecb.europa.eu/web/generator/docu/rtdb_docu.pdf""> notes</a>; block Monthly; series: AI",,1,,,HICP Inflation rate - Total - Annual rate of change,Euro area (moving concept in the Real Time database context) - HICP - Overall index - Annual growth rate,PCCH,0,Replace,2015-12-02T15:30:00.000+01:00,
RTD.M.S0.N.P_C_OV.A,M,S0,N,P_C_OV,A,2011-11,3,A,F,,,P1M,A,,,HICP.M.U2.N.000000.4D0.ANR,,,,,,"See <a class=""external"" href=""http://sdw.ecb.europa.eu/web/generator/docu/rtdb_docu.pdf""> notes</a>; block Monthly; series: AI",,1,,,HICP Inflation rate - Total - Annual rate of change,Euro area (moving concept in the Real Time database context) - HICP - Overall index - Annual growth rate,PCCH,0,Replace,2015-12-02T15:30:00.000+01:00,
RTD.M.S0.N.P_C_OV.A,M,S0,N,P_C_OV,A,2011-12,2.7,A,F,,,P1M,A,,,HICP.M.U2.N.000000.4D0.ANR,,,,,,"See <a class=""external"" href=""http://sdw.ecb.europa.eu/web/generator/docu/rtdb_docu.pdf""> notes</a>; block Monthly; series: AI",,1,,,HICP Inflation rate - Total - Annual rate of change,Euro area (moving concept in the Real Time database context) - HICP - Overall index - Annual growth rate,PCCH,0,Replace,2015-12-02T15:30:00.000+01:00,
RTD.M.S0.N.P_C_OV.A,M,S0,N,P_C_OV,A,2012-01,2.7,A,F,,,P1M,A,,,HICP.M.U2.N.000000.4D0.ANR,,,,,,"See <a class=""external"" href=""http://sdw.ecb.europa.eu/web/generator/docu/rtdb_docu.pdf""> notes</a>; block Monthly; series: AI",,1,,,HICP Inflation rate - Total - Annual rate of change,Euro area (moving concept in the Real Time database context) - HICP - Overall index - Annual growth rate,PCCH,0,Replace,2015-12-02T15:30:00.000+01:00,
RTD.M.S0.N.P_C_OV.A,M,S0,N,P_C_OV,A,2012-02,2.7,A,F,,,P1M,A,,,HICP.M.U2.N.000000.4D0.ANR,,,,,,"See <a class=""external"" href=""http://sdw.ecb.europa.eu/web/generator/docu/rtdb_docu.pdf""> notes</a>; block Monthly; series: AI",,1,,,HICP Inflation rate - Total - Annual rate of change,Euro area (moving concept in the Real Time database context) - HICP - Overall index - Annual growth rate,PCCH,0,Replace,2015-12-02T15:30:00.000+01:00,
RTD.M.S0.N.P_C_OV.A,M,S0,N,P_C_OV,A,2012-03,2.7,A,F,,,P1M,A,,,HICP.M.U2.N.000000.4D0.ANR,,,,,,"See <a class=""external"" href=""http://sdw.ecb.europa.eu/web/generator/docu/rtdb_docu.pdf""> notes</a>; block Monthly; series: AI",,1,,,HICP Inflation rate - Total - Annual rate of change,Euro area (moving concept in the Real Time database context) - HICP - Overall index - Annual growth rate,PCCH,0,Replace,2015-12-02T15:30:00.000+01:00,
RTD.M.S0.N.P_C_OV.A,M,S0,N,P_C_OV,A,2012-04,2.6,A,F,,,P1M,A,,,HICP.M.U2.N.000000.4D0.ANR,,,,,,"See <a class=""external"" href=""http://sdw.ecb.europa.eu/web/generator/docu/rtdb_docu.pdf""> notes</a>; block Monthly; series: AI",,1,,,HICP Inflation rate - Total - Annual rate of change,Euro area (moving concept in the Real Time database context) - HICP - Overall index - Annual growth rate,PCCH,0,Replace,2015-12-02T15:30:00.000+01:00,
RTD.M.S0.N.P_C_OV.A,M,S0,N,P_C_OV,A,2012-05,2.4,A,F,,,P1M,A,,,HICP.M.U2.N.000000.4D0.ANR,,,,,,"See <a class=""external"" href=""http://sdw.ecb.europa.eu/web/generator/docu/rtdb_docu.pdf""> notes</a>; block Monthly; series: AI",,1,,,HICP Inflation rate - Total - Annual rate of change,Euro area (moving concept in the Real Time database context) - HICP - Overall index - Annual growth rate,PCCH,0,Replace,2015-12-02T15:30:00.000+01:00,
RTD.M.S0.N.P_C_OV.A,M,S0,N,P_C_OV,A,2012-06,2.4,A,F,,,P1M,A,,,HICP.M.U2.N.000000.4D0.ANR,,,,,,"See <a class=""external"" href=""http://sdw.ecb.europa.eu/web/generator/docu/rtdb_docu.pdf""> notes</a>; block Monthly; series: AI",,1,,,HICP Inflation rate - Total - Annual rate of change,Euro area (moving concept in the Real Time database context) - HICP - Overall index - Annual growth rate,PCCH,0,Replace,2015-12-02T15:30:00.000+01:00,
RTD.M.S0.N.P_C_OV.A,M,S0,N,P_C_OV,A,2012-07,2.4,A,F,,,P1M,A,,,HICP.M.U2.N.000000.4D0.ANR,,,,,,"See <a class=""external"" href=""http://sdw.ecb.europa.eu/web/generator/docu/rtdb_docu.pdf""> notes</a>; block Monthly; series: AI",,1,,,HICP Inflation rate - Total - Annual rate of change,Euro area (moving concept in the Real Time database context) - HICP - Overall index - Annual growth rate,PCCH,0,Replace,2015-12-02T15:30:00.000+01:00,
RTD.M.S0.N.P_C_OV.A,M,S0,N,P_C_OV,A,2012-08,2.6,A,F,,,P1M,A,,,HICP.M.U2.N.000000.4D0.ANR,,,,,,"See <a class=""external"" href=""http://sdw.ecb.europa.eu/web/generator/docu/rtdb_docu.pdf""> notes</a>; block Monthly; series: AI",,1,,,HICP Inflation rate - Total - Annual rate of change,Euro area (moving concept in the Real Time database context) - HICP - Overall index - Annual growth rate,PCCH,0,Replace,2015-12-02T15:30:00.000+01:00,
RTD.M.S0.N.P_C_OV.A,M,S0,N,P_C_OV,A,2012-09,2.6,A,F,,,P1M,A,,,HICP.M.U2.N.000000.4D0.ANR,,,,,,"See <a class=""external"" href=""http://sdw.ecb.europa.eu/web/generator/docu/rtdb_docu.pdf""> notes</a>; block Monthly; series: AI",,1,,,HICP Inflation rate - Total - Annual rate of change,Euro area (moving concept in the Real Time database context) - HICP - Overall index - Annual growth rate,PCCH,0,Replace,2015-12-02T15:30:00.000+01:00,
RTD.M.S0.N.P_C_OV.A,M,S0,N,P_C_OV,A,2012-10,2.5,A,F,,,P1M,A,,,HICP.M.U2.N.000000.4D0.ANR,,,,,,"See <a class=""external"" href=""http://sdw.ecb.europa.eu/web/generator/docu/rtdb_docu.pdf""> notes</a>; block Monthly; series: AI",,1,,,HICP Inflation rate - Total - Annual rate of change,Euro area (moving concept in the Real Time database context) - HICP - Overall index - Annual growth rate,PCCH,0,Replace,2015-12-02T15:30:00.000+01:00,
RTD.M.S0.N.P_C_OV.A,M,S0,N,P_C_OV,A,2012-11,2.2,A,F,,,P1M,A,,,HICP.M.U2.N.000000.4D0.ANR,,,,,,"See <a class=""external"" href=""http://sdw.ecb.europa.eu/web/generator/docu/rtdb_docu.pdf""> notes</a>; block Monthly; series: AI",,1,,,HICP Inflation rate - Total - Annual rate of change,Euro area (moving concept in the Real Time database context) - HICP - Overall index - Annual growth rate,PCCH,0,Replace,2015-12-02T15:30:00.000+01:00,
RTD.M.S0.N.P_C_OV.A,M,S0,N,P_C_OV,A,2012-12,2.2,A,F,,,P1M,A,,,HICP.M.U2.N.000000.4D0.ANR,,,,,,"See <a class=""external"" href=""http://sdw.ecb.europa.eu/web/generator/docu/rtdb_docu.pdf""> notes</a>; block Monthly; series: AI",,1,,,HICP Inflation rate - Total - Annual rate of change,Euro area (moving concept in the Real Time database context) - HICP - Overall index - Annual growth rate,PCCH,0,Replace,2015-12-02T15:30:00.000+01:00,
RTD.M.S0.N.P_C_OV.A,M,S0,N,P_C_OV,A,2013-01,2,A,F,,,P1M,A,,,HICP.M.U2.N.000000.4D0.ANR,,,,,,"See <a class=""external"" href=""http://sdw.ecb.europa.eu/web/generator/docu/rtdb_docu.pdf""> notes</a>; block Monthly; series: AI",,1,,,HICP Inflation rate - Total - Annual rate of change,Euro area (moving concept in the Real Time database context) - HICP - Overall index - Annual growth rate,PCCH,0,Replace,2015-12-02T15:30:00.000+01:00,
RTD.M.S0.N.P_C_OV.A,M,S0,N,P_C_OV,A,2013-02,1.8,A,F,,,P1M,A,,,HICP.M.U2.N.000000.4D0.ANR,,,,,,"See <a class=""external"" href=""http://sdw.ecb.europa.eu/web/generator/docu/rtdb_docu.pdf""> notes</a>; block Monthly; series: AI",,1,,,HICP Inflation rate - Total - Annual rate of change,Euro area (moving concept in the Real Time database context) - HICP - Overall index - Annual growth rate,PCCH,0,Replace,2015-12-02T15:30:00.000+01:00,
RTD.M.S0.N.P_C_OV.A,M,S0,N,P_C_OV,A,2013-03,1.7,A,F,,,P1M,A,,,HICP.M.U2.N.000000.4D0.ANR,,,,,,"See <a class=""external"" href=""http://sdw.ecb.europa.eu/web/generator/docu/rtdb_docu.pdf""> notes</a>; block Monthly; series: AI",,1,,,HICP Inflation rate - Total - Annual rate of change,Euro area (moving concept in the Real Time database context) - HICP - Overall index - Annual growth rate,PCCH,0,Replace,2015-12-02T15:30:00.000+01:00,
RTD.M.S0.N.P_C_OV.A,M,S0,N,P_C_OV,A,2013-04,1.2,A,F,,,P1M,A,,,HICP.M.U2.N.000000.4D0.ANR,,,,,,"See <a class=""external"" href=""http://sdw.ecb.europa.eu/web/generator/docu/rtdb_docu.pdf""> notes</a>; block Monthly; series: AI",,1,,,HICP Inflation rate - Total - Annual rate of change,Euro area (moving concept in the Real Time database context) - HICP - Overall index - Annual growth rate,PCCH,0,Replace,2015-12-02T15:30:00.000+01:00,
RTD.M.S0.N.P_C_OV.A,M,S0,N,P_C_OV,A,2013-05,1.4,A,F,,,P1M,A,,,HICP.M.U2.N.000000.4D0.ANR,,,,,,"See <a class=""external"" href=""http://sdw.ecb.europa.eu/web/generator/docu/rtdb_docu.pdf""> notes</a>; block Monthly; series: AI",,1,,,HICP Inflation rate - Total - Annual rate of change,Euro area (moving concept in the Real Time database context) - HICP - Overall index - Annual growth rate,PCCH,0,Replace,2015-12-02T15:30:00.000+01:00,
RTD.M.S0.N.P_C_OV.A,M,S0,N,P_C_OV,A,2013-06,1.6,A,F,,,P1M,A,,,HICP.M.U2.N.000000.4D0.ANR,,,,,,"See <a class=""external"" href=""http://sdw.ecb.europa.eu/web/generator/docu/rtdb_docu.pdf""> notes</a>; block Monthly; series: AI",,1,,,HICP Inflation rate - Total - Annual rate of change,Euro area (moving concept in the Real Time database context) - HICP - Overall index - Annual growth rate,PCCH,0,Replace,2015-12-02T15:30:00.000+01:00,
RTD.M.S0.N.P_C_OV.A,M,S0,N,P_C_OV,A,2013-07,1.6,A,F,,,P1M,A,,,HICP.M.U2.N.000000.4D0.ANR,,,,,,"See <a class=""external"" href=""http://sdw.ecb.europa.eu/web/generator/docu/rtdb_docu.pdf""> notes</a>; block Monthly; series: AI",,1,,,HICP Inflation rate - Total - Annual rate of change,Euro area (moving concept in the Real Time database context) - HICP - Overall index - Annual growth rate,PCCH,0,Replace,2015-12-02T15:30:00.000+01:00,
RTD.M.S0.N.P_C_OV.A,M,S0,N,P_C_OV,A,2013-08,1.3,A,F,,,P1M,A,,,HICP.M.U2.N.000000.4D0.ANR,,,,,,"See <a class=""external"" href=""http://sdw.ecb.europa.eu/web/generator/docu/rtdb_docu.pdf""> notes</a>; block Monthly; series: AI",,1,,,HICP Inflation rate - Total - Annual rate of change,Euro area (moving concept in the Real Time database context) - HICP - Overall index - Annual growth rate,PCCH,0,Replace,2015-12-02T15:30:00.000+01:00,
RTD.M.S0.N.P_C_OV.A,M,S0,N,P_C_OV,A,2013-09,1.1,A,F,,,P1M,A,,,HICP.M.U2.N.000000.4D0.ANR,,,,,,"See <a class=""external"" href=""http://sdw.ecb.europa.eu/web/generator/docu/rtdb_docu.pdf""> notes</a>; block Monthly; series: AI",,1,,,HICP Inflation rate - Total - Annual rate of change,Euro area (moving concept in the Real Time database context) - HICP - Overall index - Annual growth rate,PCCH,0,Replace,2015-12-02T15:30:00.000+01:00,
RTD.M.S0.N.P_C_OV.A,M,S0,N,P_C_OV,A,2013-10,0.7,A,F,,,P1M,A,,,HICP.M.U2.N.000000.4D0.ANR,,,,,,"See <a class=""external"" href=""http://sdw.ecb.europa.eu/web/generator/docu/rtdb_docu.pdf""> notes</a>; block Monthly; series: AI",,1,,,HICP Inflation rate - Total - Annual rate of change,Euro area (moving concept in the Real Time database context) - HICP - Overall index - Annual growth rate,PCCH,0,Replace,2015-12-02T15:30:00.000+01:00,
RTD.M.S0.N.P_C_OV.A,M,S0,N,P_C_OV,A,2013-11,0.9,A,F,,,P1M,A,,,HICP.M.U2.N.000000.4D0.ANR,,,,,,"See <a class=""external"" href=""http://sdw.ecb.europa.eu/web/generator/docu/rtdb_docu.pdf""> notes</a>; block Monthly; series: AI",,1,,,HICP Inflation rate - Total - Annual rate of change,Euro area (moving concept in the Real Time database context) - HICP - Overall index - Annual growth rate,PCCH,0,Replace,2015-12-02T15:30:00.000+01:00,
RTD.M.S0.N.P_C_OV.A,M,S0,N,P_C_OV,A,2013-12,0.8,A,F,,,P1M,A,,,HICP.M.U2.N.000000.4D0.ANR,,,,,,"See <a class=""external"" href=""http://sdw.ecb.europa.eu/web/generator/docu/rtdb_docu.pdf""> notes</a>; block Monthly; series: AI",,1,,,HICP Inflation rate - Total - Annual rate of change,Euro area (moving concept in the Real Time database context) - HICP - Overall index - Annual growth rate,PCCH,0,Replace,2015-12-02T15:30:00.000+01:00,
RTD.M.S0.N.P_C_OV.A,M,S0,N,P_C_OV,A,2014-01,0.8,A,F,,,P1M,A,,,HICP.M.U2.N.000000.4D0.ANR,,,,,,"See <a class=""external"" href=""http://sdw.ecb.europa.eu/web/generator/docu/rtdb_docu.pdf""> notes</a>; block Monthly; series: AI",,1,,,HICP Inflation rate - Total - Annual rate of change,Euro area (moving concept in the Real Time database context) - HICP - Overall index - Annual growth rate,PCCH,0,Replace,2015-12-02T15:30:00.000+01:00,
RTD.M.S0.N.P_C_OV.A,M,S0,N,P_C_OV,A,2014-02,0.7,A,F,,,P1M,A,,,HICP.M.U2.N.000000.4D0.ANR,,,,,,"See <a class=""external"" href=""http://sdw.ecb.europa.eu/web/generator/docu/rtdb_docu.pdf""> notes</a>; block Monthly; series: AI",,1,,,HICP Inflation rate - Total - Annual rate of change,Euro area (moving concept in the Real Time database context) - HICP - Overall index - Annual growth rate,PCCH,0,Replace,2015-12-02T15:30:00.000+01:00,
RTD.M.S0.N.P_C_OV.A,M,S0,N,P_C_OV,A,2014-03,0.5,A,F,,,P1M,A,,,HICP.M.U2.N.000000.4D0.ANR,,,,,,"See <a class=""external"" href=""http://sdw.ecb.europa.eu/web/generator/docu/rtdb_docu.pdf""> notes</a>; block Monthly; series: AI",,1,,,HICP Inflation rate - Total - Annual rate of change,Euro area (moving concept in the Real Time database context) - HICP - Overall index - Annual growth rate,PCCH,0,Replace,2015-12-02T15:30:00.000+01:00,
RTD.M.S0.N.P_C_OV.A,M,S0,N,P_C_OV,A,2014-04,0.7,A,F,,,P1M,A,,,HICP.M.U2.N.000000.4D0.ANR,,,,,,"See <a class=""external"" href=""http://sdw.ecb.europa.eu/web/generator/docu/rtdb_docu.pdf""> notes</a>; block Monthly; series: AI",,1,,,HICP Inflation rate - Total - Annual rate of change,Euro area (moving concept in the Real Time database context) - HICP - Overall index - Annual growth rate,PCCH,0,Replace,2015-12-02T15:30:00.000+01:00,
RTD.M.S0.N.P_C_OV.A,M,S0,N,P_C_OV,A,2014-05,0.5,A,F,,,P1M,A,,,HICP.M.U2.N.000000.4D0.ANR,,,,,,"See <a class=""external"" href=""http://sdw.ecb.europa.eu/web/generator/docu/rtdb_docu.pdf""> notes</a>; block Monthly; series: AI",,1,,,HICP Inflation rate - Total - Annual rate of change,Euro area (moving concept in the Real Time database context) - HICP - Overall index - Annual growth rate,PCCH,0,Replace,2015-12-02T15:30:00.000+01:00,
RTD.M.S0.N.P_C_OV.A,M,S0,N,P_C_OV,A,2014-06,0.5,A,F,,,P1M,A,,,HICP.M.U2.N.000000.4D0.ANR,,,,,,"See <a class=""external"" href=""http://sdw.ecb.europa.eu/web/generator/docu/rtdb_docu.pdf""> notes</a>; block Monthly; series: AI",,1,,,HICP Inflation rate - Total - Annual rate of change,Euro area (moving concept in the Real Time database context) - HICP - Overall index - Annual growth rate,PCCH,0,Replace,2015-12-02T15:30:00.000+01:00,
RTD.M.S0.N.P_C_OV.A,M,S0,N,P_C_OV,A,2014-07,0.4,A,F,,,P1M,A,,,HICP.M.U2.N.000000.4D0.ANR,,,,,,"See <a class=""external"" href=""http://sdw.ecb.europa.eu/web/generator/docu/rtdb_docu.pdf""> notes</a>; block Monthly; series: AI",,1,,,HICP Inflation rate - Total - Annual rate of change,Euro area (moving concept in the Real Time database context) - HICP - Overall index - Annual growth rate,PCCH,0,Replace,2015-12-02T15:30:00.000+01:00,
RTD.M.S0.N.P_C_OV.A,M,S0,N,P_C_OV,A,2014-08,0.4,A,F,,,P1M,A,,,HICP.M.U2.N.000000.4D0.ANR,,,,,,"See <a class=""external"" href=""http://sdw.ecb.europa.eu/web/generator/docu/rtdb_docu.pdf""> notes</a>; block Monthly; series: AI",,1,,,HICP Inflation rate - Total - Annual rate of change,Euro area (moving concept in the Real Time database context) - HICP - Overall index - Annual growth rate,PCCH,0,Replace,2015-12-02T15:30:00.000+01:00,
RTD.M.S0.N.P_C_OV.A,M,S0,N,P_C_OV,A,2014-09,0.3,A,F,,,P1M,A,,,HICP.M.U2.N.000000.4D0.ANR,,,,,,"See <a class=""external"" href=""http://sdw.ecb.europa.eu/web/generator/docu/rtdb_docu.pdf""> notes</a>; block Monthly; series: AI",,1,,,HICP Inflation rate - Total - Annual rate of change,Euro area (moving concept in the Real Time database context) - HICP - Overall index - Annual growth rate,PCCH,0,Replace,2015-12-02T15:30:00.000+01:00,
RTD.M.S0.N.P_C_OV.A,M,S0,N,P_C_OV,A,2014-10,0.4,A,F,,,P1M,A,,,HICP.M.U2.N.000000.4D0.ANR,,,,,,"See <a class=""external"" href=""http://sdw.ecb.europa.eu/web/generator/docu/rtdb_docu.pdf""> notes</a>; block Monthly; series: AI",,1,,,HICP Inflation rate - Total - Annual rate of change,Euro area (moving concept in the Real Time database context) - HICP - Overall index - Annual growth rate,PCCH,0,Replace,2015-12-02T15:30:00.000+01:00,
RTD.M.S0.N.P_C_OV.A,M,S0,N,P_C_OV,A,2014-11,0.3,A,F,,,P1M,A,,,HICP.M.U2.N.000000.4D0.ANR,,,,,,"See <a class=""external"" href=""http://sdw.ecb.europa.eu/web/generator/docu/rtdb_docu.pdf""> notes</a>; block Monthly; series: AI",,1,,,HICP Inflation rate - Total - Annual rate of change,Euro area (moving concept in the Real Time database context) - HICP - Overall index - Annual growth rate,PCCH,0,Replace,2015-12-02T15:30:00.000+01:00,
RTD.M.S0.N.P_C_OV.A,M,S0,N,P_C_OV,A,2014-12,-0.2,A,F,,,P1M,A,,,HICP.M.U2.N.000000.4D0.ANR,,,,,,"See <a class=""external"" href=""http://sdw.ecb.europa.eu/web/generator/docu/rtdb_docu.pdf""> notes</a>; block Monthly; series: AI",,1,,,HICP Inflation rate - Total - Annual rate of change,Euro area (moving concept in the Real Time database context) - HICP - Overall index - Annual growth rate,PCCH,0,Replace,2015-12-02T15:30:00.000+01:00,
RTD.M.S0.N.P_C_OV.A,M,S0,N,P_C_OV,A,2015-01,-0.6,A,F,,,P1M,A,,,HICP.M.U2.N.000000.4D0.ANR,,,,,,"See <a class=""external"" href=""http://sdw.ecb.europa.eu/web/generator/docu/rtdb_docu.pdf""> notes</a>; block Monthly; series: AI",,1,,,HICP Inflation rate - Total - Annual rate of change,Euro area (moving concept in the Real Time database context) - HICP - Overall index - Annual growth rate,PCCH,0,Replace,2015-12-02T15:30:00.000+01:00,
RTD.M.S0.N.P_C_OV.A,M,S0,N,P_C_OV,A,2015-02,-0.3,A,F,,,P1M,A,,,HICP.M.U2.N.000000.4D0.ANR,,,,,,"See <a class=""external"" href=""http://sdw.ecb.europa.eu/web/generator/docu/rtdb_docu.pdf""> notes</a>; block Monthly; series: AI",,1,,,HICP Inflation rate - Total - Annual rate of change,Euro area (moving concept in the Real Time database context) - HICP - Overall index - Annual growth rate,PCCH,0,Replace,2015-12-02T15:30:00.000+01:00,
RTD.M.S0.N.P_C_OV.A,M,S0,N,P_C_OV,A,2015-03,-0.1,A,F,,,P1M,A,,,HICP.M.U2.N.000000.4D0.ANR,,,,,,"See <a class=""external"" href=""http://sdw.ecb.europa.eu/web/generator/docu/rtdb_docu.pdf""> notes</a>; block Monthly; series: AI",,1,,,HICP Inflation rate - Total - Annual rate of change,Euro area (moving concept in the Real Time database context) - HICP - Overall index - Annual growth rate,PCCH,0,Replace,2015-12-02T15:30:00.000+01:00,
RTD.M.S0.N.P_C_OV.A,M,S0,N,P_C_OV,A,2015-04,0,A,F,,,P1M,A,,,HICP.M.U2.N.000000.4D0.ANR,,,,,,"See <a class=""external"" href=""http://sdw.ecb.europa.eu/web/generator/docu/rtdb_docu.pdf""> notes</a>; block Monthly; series: AI",,1,,,HICP Inflation rate - Total - Annual rate of change,Euro area (moving concept in the Real Time database context) - HICP - Overall index - Annual growth rate,PCCH,0,Replace,2015-12-02T15:30:00.000+01:00,
RTD.M.S0.N.P_C_OV.A,M,S0,N,P_C_OV,A,2015-05,0.3,A,F,,,P1M,A,,,HICP.M.U2.N.000000.4D0.ANR,,,,,,"See <a class=""external"" href=""http://sdw.ecb.europa.eu/web/generator/docu/rtdb_docu.pdf""> notes</a>; block Monthly; series: AI",,1,,,HICP Inflation rate - Total - Annual rate of change,Euro area (moving concept in the Real Time database context) - HICP - Overall index - Annual growth rate,PCCH,0,Replace,2015-12-02T15:30:00.000+01:00,
RTD.M.S0.N.P_C_OV.A,M,S0,N,P_C_OV,A,2015-06,0.2,A,F,,,P1M,A,,,HICP.M.U2.N.000000.4D0.ANR,,,,,,"See <a class=""external"" href=""http://sdw.ecb.europa.eu/web/generator/docu/rtdb_docu.pdf""> notes</a>; block Monthly; series: AI",,1,,,HICP Inflation rate - Total - Annual rate of change,Euro area (moving concept in the Real Time database context) - HICP - Overall index - Annual growth rate,PCCH,0,Replace,2015-12-02T15:30:00.000+01:00,
RTD.M.S0.N.P_C_OV.A,M,S0,N,P_C_OV,A,2015-07,0.2,A,F,,,P1M,A,,,HICP.M.U2.N.000000.4D0.ANR,,,,,,"See <a class=""external"" href=""http://sdw.ecb.europa.eu/web/generator/docu/rtdb_docu.pdf""> notes</a>; block Monthly; series: AI",,1,,,HICP Inflation rate - Total - Annual rate of change,Euro area (moving concept in the Real Time database context) - HICP - Overall index - Annual growth rate,PCCH,0,Replace,2015-12-02T15:30:00.000+01:00,
RTD.M.S0.N.P_C_OV.A,M,S0,N,P_C_OV,A,2015-08,0.1,A,F,,,P1M,A,,,HICP.M.U2.N.000000.4D0.ANR,,,,,,"See <a class=""external"" href=""http://sdw.ecb.europa.eu/web/generator/docu/rtdb_docu.pdf""> notes</a>; block Monthly; series: AI",,1,,,HICP Inflation rate - Total - Annual rate of change,Euro area (moving concept in the Real Time database context) - HICP - Overall index - Annual growth rate,PCCH,0,Replace,2015-12-02T15:30:00.000+01:00,
RTD.M.S0.N.P_C_OV.A,M,S0,N,P_C_OV,A,2015-09,-0.1,A,F,,,P1M,A,,,HICP.M.U2.N.000000.4D0.ANR,,,,,,"See <a class=""external"" href=""http://sdw.ecb.europa.eu/web/generator/docu/rtdb_docu.pdf""> notes</a>; block Monthly; series: AI",,1,,,HICP Inflation rate - Total - Annual rate of change,Euro area (moving concept in the Real Time database context) - HICP - Overall index - Annual growth rate,PCCH,0,Replace,2015-12-02T15:30:00.000+01:00,
RTD.M.S0.N.P_C_OV.A,M,S0,N,P_C_OV,A,2015-10,0.1,A,F,,,P1M,A,,,HICP.M.U2.N.000000.4D0.ANR,,,,,,"See <a class=""external"" href=""http://sdw.ecb.europa.eu/web/generator/docu/rtdb_docu.pdf""> notes</a>; block Monthly; series: AI",,1,,,HICP Inflation rate - Total - Annual rate of change,Euro area (moving concept in the Real Time database context) - HICP - Overall index - Annual growth rate,PCCH,0,Replace,2015-12-02T15:30:00.000+01:00,
RTD.M.S0.N.P_C_OV.A,M,S0,N,P_C_OV,A,2015-11,0.1,A,F,,,P1M,A,,,HICP.M.U2.N.000000.4D0.ANR,,,,,,"See <a class=""external"" href=""http://sdw.ecb.europa.eu/web/generator/docu/rtdb_docu.pdf""> notes</a>; block Monthly; series: AI",,1,,,HICP Inflation rate - Total - Annual rate of change,Euro area (moving concept in the Real Time database context) - HICP - Overall index - Annual growth rate,PCCH,0,Replace,2015-12-02T15:30:00.000+01:00,
RTD.M.S0.N.P_C_OV.A,M,S0,N,P_C_OV,A,2013-02,1.9,A,F,,,P1M,A,,,HICP.M.U2.N.000000.4D0.ANR,,,,,,"See <a class=""external"" href=""http://sdw.ecb.europa.eu/web/generator/docu/rtdb_docu.pdf""> notes</a>; block Monthly; series: AI",,1,,,HICP Inflation rate - Total - Annual rate of change,Euro area (moving concept in the Real Time database context) - HICP - Overall index - Annual growth rate,PCCH,0,Replace,2016-01-20T15:30:00.000+01:00,
RTD.M.S0.N.P_C_OV.A,M,S0,N,P_C_OV,A,2015-12,0.2,A,F,,,P1M,A,,,HICP.M.U2.N.000000.4D0.ANR,,,,,,"See <a class=""external"" href=""http://sdw.ecb.europa.eu/web/generator/docu/rtdb_docu.pdf""> notes</a>; block Monthly; series: AI",,1,,,HICP Inflation rate - Total - Annual rate of change,Euro area (moving concept in the Real Time database context) - HICP - Overall index - Annual growth rate,PCCH,0,Replace,2016-01-20T15:30:00.000+01:00,
RTD.M.S0.N.P_C_OV.A,M,S0,N,P_C_OV,A,1997-01,2.1,A,F,,,P1M,A,,,HICP.M.U2.N.000000.4D0.ANR,,,,,,"See <a class=""external"" href=""http://sdw.ecb.europa.eu/web/generator/docu/rtdb_docu.pdf""> notes</a>; block Monthly; series: AI",,1,,,HICP Inflation rate - Total - Annual rate of change,Euro area (moving concept in the Real Time database context) - HICP - Overall index - Annual growth rate,PCCH,0,Replace,2016-03-09T15:30:00.000+01:00,
RTD.M.S0.N.P_C_OV.A,M,S0,N,P_C_OV,A,1997-03,1.5,A,F,,,P1M,A,,,HICP.M.U2.N.000000.4D0.ANR,,,,,,"See <a class=""external"" href=""http://sdw.ecb.europa.eu/web/generator/docu/rtdb_docu.pdf""> notes</a>; block Monthly; series: AI",,1,,,HICP Inflation rate - Total - Annual rate of change,Euro area (moving concept in the Real Time database context) - HICP - Overall index - Annual growth rate,PCCH,0,Replace,2016-03-09T15:30:00.000+01:00,
RTD.M.S0.N.P_C_OV.A,M,S0,N,P_C_OV,A,1998-06,1.3,A,F,,,P1M,A,,,HICP.M.U2.N.000000.4D0.ANR,,,,,,"See <a class=""external"" href=""http://sdw.ecb.europa.eu/web/generator/docu/rtdb_docu.pdf""> notes</a>; block Monthly; series: AI",,1,,,HICP Inflation rate - Total - Annual rate of change,Euro area (moving concept in the Real Time database context) - HICP - Overall index - Annual growth rate,PCCH,0,Replace,2016-03-09T15:30:00.000+01:00,
RTD.M.S0.N.P_C_OV.A,M,S0,N,P_C_OV,A,1998-12,0.7,A,F,,,P1M,A,,,HICP.M.U2.N.000000.4D0.ANR,,,,,,"See <a class=""external"" href=""http://sdw.ecb.europa.eu/web/generator/docu/rtdb_docu.pdf""> notes</a>; block Monthly; series: AI",,1,,,HICP Inflation rate - Total - Annual rate of change,Euro area (moving concept in the Real Time database context) - HICP - Overall index - Annual growth rate,PCCH,0,Replace,2016-03-09T15:30:00.000+01:00,
RTD.M.S0.N.P_C_OV.A,M,S0,N,P_C_OV,A,1999-02,0.7,A,F,,,P1M,A,,,HICP.M.U2.N.000000.4D0.ANR,,,,,,"See <a class=""external"" href=""http://sdw.ecb.europa.eu/web/generator/docu/rtdb_docu.pdf""> notes</a>; block Monthly; series: AI",,1,,,HICP Inflation rate - Total - Annual rate of change,Euro area (moving concept in the Real Time database context) - HICP - Overall index - Annual growth rate,PCCH,0,Replace,2016-03-09T15:30:00.000+01:00,
RTD.M.S0.N.P_C_OV.A,M,S0,N,P_C_OV,A,1999-03,0.9,A,F,,,P1M,A,,,HICP.M.U2.N.000000.4D0.ANR,,,,,,"See <a class=""external"" href=""http://sdw.ecb.europa.eu/web/generator/docu/rtdb_docu.pdf""> notes</a>; block Monthly; series: AI",,1,,,HICP Inflation rate - Total - Annual rate of change,Euro area (moving concept in the Real Time database context) - HICP - Overall index - Annual growth rate,PCCH,0,Replace,2016-03-09T15:30:00.000+01:00,
RTD.M.S0.N.P_C_OV.A,M,S0,N,P_C_OV,A,1999-05,0.9,A,F,,,P1M,A,,,HICP.M.U2.N.000000.4D0.ANR,,,,,,"See <a class=""external"" href=""http://sdw.ecb.europa.eu/web/generator/docu/rtdb_docu.pdf""> notes</a>; block Monthly; series: AI",,1,,,HICP Inflation rate - Total - Annual rate of change,Euro area (moving concept in the Real Time database context) - HICP - Overall index - Annual growth rate,PCCH,0,Replace,2016-03-09T15:30:00.000+01:00,
RTD.M.S0.N.P_C_OV.A,M,S0,N,P_C_OV,A,1999-07,1,A,F,,,P1M,A,,,HICP.M.U2.N.000000.4D0.ANR,,,,,,"See <a class=""external"" href=""http://sdw.ecb.europa.eu/web/generator/docu/rtdb_docu.pdf""> notes</a>; block Monthly; series: AI",,1,,,HICP Inflation rate - Total - Annual rate of change,Euro area (moving concept in the Real Time database context) - HICP - Overall index - Annual growth rate,PCCH,0,Replace,2016-03-09T15:30:00.000+01:00,
RTD.M.S0.N.P_C_OV.A,M,S0,N,P_C_OV,A,1999-08,1.1,A,F,,,P1M,A,,,HICP.M.U2.N.000000.4D0.ANR,,,,,,"See <a class=""external"" href=""http://sdw.ecb.europa.eu/web/generator/docu/rtdb_docu.pdf""> notes</a>; block Monthly; series: AI",,1,,,HICP Inflation rate - Total - Annual rate of change,Euro area (moving concept in the Real Time database context) - HICP - Overall index - Annual growth rate,PCCH,0,Replace,2016-03-09T15:30:00.000+01:00,
RTD.M.S0.N.P_C_OV.A,M,S0,N,P_C_OV,A,1999-10,1.3,A,F,,,P1M,A,,,HICP.M.U2.N.000000.4D0.ANR,,,,,,"See <a class=""external"" href=""http://sdw.ecb.europa.eu/web/generator/docu/rtdb_docu.pdf""> notes</a>; block Monthly; series: AI",,1,,,HICP Inflation rate - Total - Annual rate of change,Euro area (moving concept in the Real Time database context) - HICP - Overall index - Annual growth rate,PCCH,0,Replace,2016-03-09T15:30:00.000+01:00,
RTD.M.S0.N.P_C_OV.A,M,S0,N,P_C_OV,A,1999-11,1.4,A,F,,,P1M,A,,,HICP.M.U2.N.000000.4D0.ANR,,,,,,"See <a class=""external"" href=""http://sdw.ecb.europa.eu/web/generator/docu/rtdb_docu.pdf""> notes</a>; block Monthly; series: AI",,1,,,HICP Inflation rate - Total - Annual rate of change,Euro area (moving concept in the Real Time database context) - HICP - Overall index - Annual growth rate,PCCH,0,Replace,2016-03-09T15:30:00.000+01:00,
RTD.M.S0.N.P_C_OV.A,M,S0,N,P_C_OV,A,2000-03,2,A,F,,,P1M,A,,,HICP.M.U2.N.000000.4D0.ANR,,,,,,"See <a class=""external"" href=""http://sdw.ecb.europa.eu/web/generator/docu/rtdb_docu.pdf""> notes</a>; block Monthly; series: AI",,1,,,HICP Inflation rate - Total - Annual rate of change,Euro area (moving concept in the Real Time database context) - HICP - Overall index - Annual growth rate,PCCH,0,Replace,2016-03-09T15:30:00.000+01:00,
RTD.M.S0.N.P_C_OV.A,M,S0,N,P_C_OV,A,2000-05,1.8,A,F,,,P1M,A,,,HICP.M.U2.N.000000.4D0.ANR,,,,,,"See <a class=""external"" href=""http://sdw.ecb.europa.eu/web/generator/docu/rtdb_docu.pdf""> notes</a>; block Monthly; series: AI",,1,,,HICP Inflation rate - Total - Annual rate of change,Euro area (moving concept in the Real Time database context) - HICP - Overall index - Annual growth rate,PCCH,0,Replace,2016-03-09T15:30:00.000+01:00,
RTD.M.S0.N.P_C_OV.A,M,S0,N,P_C_OV,A,2000-07,2.1,A,F,,,P1M,A,,,HICP.M.U2.N.000000.4D0.ANR,,,,,,"See <a class=""external"" href=""http://sdw.ecb.europa.eu/web/generator/docu/rtdb_docu.pdf""> notes</a>; block Monthly; series: AI",,1,,,HICP Inflation rate - Total - Annual rate of change,Euro area (moving concept in the Real Time database context) - HICP - Overall index - Annual growth rate,PCCH,0,Replace,2016-03-09T15:30:00.000+01:00,
RTD.M.S0.N.P_C_OV.A,M,S0,N,P_C_OV,A,2000-09,2.4,A,F,,,P1M,A,,,HICP.M.U2.N.000000.4D0.ANR,,,,,,"See <a class=""external"" href=""http://sdw.ecb.europa.eu/web/generator/docu/rtdb_docu.pdf""> notes</a>; block Monthly; series: AI",,1,,,HICP Inflation rate - Total - Annual rate of change,Euro area (moving concept in the Real Time database context) - HICP - Overall index - Annual growth rate,PCCH,0,Replace,2016-03-09T15:30:00.000+01:00,
RTD.M.S0.N.P_C_OV.A,M,S0,N,P_C_OV,A,2001-02,2,A,F,,,P1M,A,,,HICP.M.U2.N.000000.4D0.ANR,,,,,,"See <a class=""external"" href=""http://sdw.ecb.europa.eu/web/generator/docu/rtdb_docu.pdf""> notes</a>; block Monthly; series: AI",,1,,,HICP Inflation rate - Total - Annual rate of change,Euro area (moving concept in the Real Time database context) - HICP - Overall index - Annual growth rate,PCCH,0,Replace,2016-03-09T15:30:00.000+01:00,
RTD.M.S0.N.P_C_OV.A,M,S0,N,P_C_OV,A,2001-06,2.9,A,F,,,P1M,A,,,HICP.M.U2.N.000000.4D0.ANR,,,,,,"See <a class=""external"" href=""http://sdw.ecb.europa.eu/web/generator/docu/rtdb_docu.pdf""> notes</a>; block Monthly; series: AI",,1,,,HICP Inflation rate - Total - Annual rate of change,Euro area (moving concept in the Real Time database context) - HICP - Overall index - Annual growth rate,PCCH,0,Replace,2016-03-09T15:30:00.000+01:00,
RTD.M.S0.N.P_C_OV.A,M,S0,N,P_C_OV,A,2001-07,2.5,A,F,,,P1M,A,,,HICP.M.U2.N.000000.4D0.ANR,,,,,,"See <a class=""external"" href=""http://sdw.ecb.europa.eu/web/generator/docu/rtdb_docu.pdf""> notes</a>; block Monthly; series: AI",,1,,,HICP Inflation rate - Total - Annual rate of change,Euro area (moving concept in the Real Time database context) - HICP - Overall index - Annual growth rate,PCCH,0,Replace,2016-03-09T15:30:00.000+01:00,
RTD.M.S0.N.P_C_OV.A,M,S0,N,P_C_OV,A,2001-10,2.3,A,F,,,P1M,A,,,HICP.M.U2.N.000000.4D0.ANR,,,,,,"See <a class=""external"" href=""http://sdw.ecb.europa.eu/web/generator/docu/rtdb_docu.pdf""> notes</a>; block Monthly; series: AI",,1,,,HICP Inflation rate - Total - Annual rate of change,Euro area (moving concept in the Real Time database context) - HICP - Overall index - Annual growth rate,PCCH,0,Replace,2016-03-09T15:30:00.000+01:00,
RTD.M.S0.N.P_C_OV.A,M,S0,N,P_C_OV,A,2001-12,2.1,A,F,,,P1M,A,,,HICP.M.U2.N.000000.4D0.ANR,,,,,,"See <a class=""external"" href=""http://sdw.ecb.europa.eu/web/generator/docu/rtdb_docu.pdf""> notes</a>; block Monthly; series: AI",,1,,,HICP Inflation rate - Total - Annual rate of change,Euro area (moving concept in the Real Time database context) - HICP - Overall index - Annual growth rate,PCCH,0,Replace,2016-03-09T15:30:00.000+01:00,
RTD.M.S0.N.P_C_OV.A,M,S0,N,P_C_OV,A,2002-04,2.4,A,F,,,P1M,A,,,HICP.M.U2.N.000000.4D0.ANR,,,,,,"See <a class=""external"" href=""http://sdw.ecb.europa.eu/web/generator/docu/rtdb_docu.pdf""> notes</a>; block Monthly; series: AI",,1,,,HICP Inflation rate - Total - Annual rate of change,Euro area (moving concept in the Real Time database context) - HICP - Overall index - Annual growth rate,PCCH,0,Replace,2016-03-09T15:30:00.000+01:00,
RTD.M.S0.N.P_C_OV.A,M,S0,N,P_C_OV,A,2002-05,2.1,A,F,,,P1M,A,,,HICP.M.U2.N.000000.4D0.ANR,,,,,,"See <a class=""external"" href=""http://sdw.ecb.europa.eu/web/generator/docu/rtdb_docu.pdf""> notes</a>; block Monthly; series: AI",,1,,,HICP Inflation rate - Total - Annual rate of change,Euro area (moving concept in the Real Time database context) - HICP - Overall index - Annual growth rate,PCCH,0,Replace,2016-03-09T15:30:00.000+01:00,
RTD.M.S0.N.P_C_OV.A,M,S0,N,P_C_OV,A,2002-08,2.2,A,F,,,P1M,A,,,HICP.M.U2.N.000000.4D0.ANR,,,,,,"See <a class=""external"" href=""http://sdw.ecb.europa.eu/web/generator/docu/rtdb_docu.pdf""> notes</a>; block Monthly; series: AI",,1,,,HICP Inflation rate - Total - Annual rate of change,Euro area (moving concept in the Real Time database context) - HICP - Overall index - Annual growth rate,PCCH,0,Replace,2016-03-09T15:30:00.000+01:00,
RTD.M.S0.N.P_C_OV.A,M,S0,N,P_C_OV,A,2003-03,2.4,A,F,,,P1M,A,,,HICP.M.U2.N.000000.4D0.ANR,,,,,,"See <a class=""external"" href=""http://sdw.ecb.europa.eu/web/generator/docu/rtdb_docu.pdf""> notes</a>; block Monthly; series: AI",,1,,,HICP Inflation rate - Total - Annual rate of change,Euro area (moving concept in the Real Time database context) - HICP - Overall index - Annual growth rate,PCCH,0,Replace,2016-03-09T15:30:00.000+01:00,
RTD.M.S0.N.P_C_OV.A,M,S0,N,P_C_OV,A,2003-06,2,A,F,,,P1M,A,,,HICP.M.U2.N.000000.4D0.ANR,,,,,,"See <a class=""external"" href=""http://sdw.ecb.europa.eu/web/generator/docu/rtdb_docu.pdf""> notes</a>; block Monthly; series: AI",,1,,,HICP Inflation rate - Total - Annual rate of change,Euro area (moving concept in the Real Time database context) - HICP - Overall index - Annual growth rate,PCCH,0,Replace,2016-03-09T15:30:00.000+01:00,
RTD.M.S0.N.P_C_OV.A,M,S0,N,P_C_OV,A,2003-08,2,A,F,,,P1M,A,,,HICP.M.U2.N.000000.4D0.ANR,,,,,,"See <a class=""external"" href=""http://sdw.ecb.europa.eu/web/generator/docu/rtdb_docu.pdf""> notes</a>; block Monthly; series: AI",,1,,,HICP Inflation rate - Total - Annual rate of change,Euro area (moving concept in the Real Time database context) - HICP - Overall index - Annual growth rate,PCCH,0,Replace,2016-03-09T15:30:00.000+01:00,
RTD.M.S0.N.P_C_OV.A,M,S0,N,P_C_OV,A,2003-09,2.1,A,F,,,P1M,A,,,HICP.M.U2.N.000000.4D0.ANR,,,,,,"See <a class=""external"" href=""http://sdw.ecb.europa.eu/web/generator/docu/rtdb_docu.pdf""> notes</a>; block Monthly; series: AI",,1,,,HICP Inflation rate - Total - Annual rate of change,Euro area (moving concept in the Real Time database context) - HICP - Overall index - Annual growth rate,PCCH,0,Replace,2016-03-09T15:30:00.000+01:00,
RTD.M.S0.N.P_C_OV.A,M,S0,N,P_C_OV,A,2004-01,1.8,A,F,,,P1M,A,,,HICP.M.U2.N.000000.4D0.ANR,,,,,,"See <a class=""external"" href=""http://sdw.ecb.europa.eu/web/generator/docu/rtdb_docu.pdf""> notes</a>; block Monthly; series: AI",,1,,,HICP Inflation rate - Total - Annual rate of change,Euro area (moving concept in the Real Time database context) - HICP - Overall index - Annual growth rate,PCCH,0,Replace,2016-03-09T15:30:00.000+01:00,
RTD.M.S0.N.P_C_OV.A,M,S0,N,P_C_OV,A,2004-04,2.1,A,F,,,P1M,A,,,HICP.M.U2.N.000000.4D0.ANR,,,,,,"See <a class=""external"" href=""http://sdw.ecb.europa.eu/web/generator/docu/rtdb_docu.pdf""> notes</a>; block Monthly; series: AI",,1,,,HICP Inflation rate - Total - Annual rate of change,Euro area (moving concept in the Real Time database context) - HICP - Overall index - Annual growth rate,PCCH,0,Replace,2016-03-09T15:30:00.000+01:00,
RTD.M.S0.N.P_C_OV.A,M,S0,N,P_C_OV,A,2004-05,2.4,A,F,,,P1M,A,,,HICP.M.U2.N.000000.4D0.ANR,,,,,,"See <a class=""external"" href=""http://sdw.ecb.europa.eu/web/generator/docu/rtdb_docu.pdf""> notes</a>; block Monthly; series: AI",,1,,,HICP Inflation rate - Total - Annual rate of change,Euro area (moving concept in the Real Time database context) - HICP - Overall index - Annual growth rate,PCCH,0,Replace,2016-03-09T15:30:00.000+01:00,
RTD.M.S0.N.P_C_OV.A,M,S0,N,P_C_OV,A,2004-08,2.4,A,F,,,P1M,A,,,HICP.M.U2.N.000000.4D0.ANR,,,,,,"See <a class=""external"" href=""http://sdw.ecb.europa.eu/web/generator/docu/rtdb_docu.pdf""> notes</a>; block Monthly; series: AI",,1,,,HICP Inflation rate - Total - Annual rate of change,Euro area (moving concept in the Real Time database context) - HICP - Overall index - Annual growth rate,PCCH,0,Replace,2016-03-09T15:30:00.000+01:00,
RTD.M.S0.N.P_C_OV.A,M,S0,N,P_C_OV,A,2004-12,2.3,A,F,,,P1M,A,,,HICP.M.U2.N.000000.4D0.ANR,,,,,,"See <a class=""external"" href=""http://sdw.ecb.europa.eu/web/generator/docu/rtdb_docu.pdf""> notes</a>; block Monthly; series: AI",,1,,,HICP Inflation rate - Total - Annual rate of change,Euro area (moving concept in the Real Time database context) - HICP - Overall index - Annual growth rate,PCCH,0,Replace,2016-03-09T15:30:00.000+01:00,
RTD.M.S0.N.P_C_OV.A,M,S0,N,P_C_OV,A,2005-03,2.2,A,F,,,P1M,A,,,HICP.M.U2.N.000000.4D0.ANR,,,,,,"See <a class=""external"" href=""http://sdw.ecb.europa.eu/web/generator/docu/rtdb_docu.pdf""> notes</a>; block Monthly; series: AI",,1,,,HICP Inflation rate - Total - Annual rate of change,Euro area (moving concept in the Real Time database context) - HICP - Overall index - Annual growth rate,PCCH,0,Replace,2016-03-09T15:30:00.000+01:00,
RTD.M.S0.N.P_C_OV.A,M,S0,N,P_C_OV,A,2005-06,2,A,F,,,P1M,A,,,HICP.M.U2.N.000000.4D0.ANR,,,,,,"See <a class=""external"" href=""http://sdw.ecb.europa.eu/web/generator/docu/rtdb_docu.pdf""> notes</a>; block Monthly; series: AI",,1,,,HICP Inflation rate - Total - Annual rate of change,Euro area (moving concept in the Real Time database context) - HICP - Overall index - Annual growth rate,PCCH,0,Replace,2016-03-09T15:30:00.000+01:00,
RTD.M.S0.N.P_C_OV.A,M,S0,N,P_C_OV,A,2005-07,2.1,A,F,,,P1M,A,,,HICP.M.U2.N.000000.4D0.ANR,,,,,,"See <a class=""external"" href=""http://sdw.ecb.europa.eu/web/generator/docu/rtdb_docu.pdf""> notes</a>; block Monthly; series: AI",,1,,,HICP Inflation rate - Total - Annual rate of change,Euro area (moving concept in the Real Time database context) - HICP - Overall index - Annual growth rate,PCCH,0,Replace,2016-03-09T15:30:00.000+01:00,
RTD.M.S0.N.P_C_OV.A,M,S0,N,P_C_OV,A,2005-10,2.4,A,F,,,P1M,A,,,HICP.M.U2.N.000000.4D0.ANR,,,,,,"See <a class=""external"" href=""http://sdw.ecb.europa.eu/web/generator/docu/rtdb_docu.pdf""> notes</a>; block Monthly; series: AI",,1,,,HICP Inflation rate - Total - Annual rate of change,Euro area (moving concept in the Real Time database context) - HICP - Overall index - Annual growth rate,PCCH,0,Replace,2016-03-09T15:30:00.000+01:00,
RTD.M.S0.N.P_C_OV.A,M,S0,N,P_C_OV,A,2005-12,2.3,A,F,,,P1M,A,,,HICP.M.U2.N.000000.4D0.ANR,,,,,,"See <a class=""external"" href=""http://sdw.ecb.europa.eu/web/generator/docu/rtdb_docu.pdf""> notes</a>; block Monthly; series: AI",,1,,,HICP Inflation rate - Total - Annual rate of change,Euro area (moving concept in the Real Time database context) - HICP - Overall index - Annual growth rate,PCCH,0,Replace,2016-03-09T15:30:00.000+01:00,
RTD.M.S0.N.P_C_OV.A,M,S0,N,P_C_OV,A,2006-02,2.4,A,F,,,P1M,A,,,HICP.M.U2.N.000000.4D0.ANR,,,,,,"See <a class=""external"" href=""http://sdw.ecb.europa.eu/web/generator/docu/rtdb_docu.pdf""> notes</a>; block Monthly; series: AI",,1,,,HICP Inflation rate - Total - Annual rate of change,Euro area (moving concept in the Real Time database context) - HICP - Overall index - Annual growth rate,PCCH,0,Replace,2016-03-09T15:30:00.000+01:00,
RTD.M.S0.N.P_C_OV.A,M,S0,N,P_C_OV,A,2006-04,2.4,A,F,,,P1M,A,,,HICP.M.U2.N.000000.4D0.ANR,,,,,,"See <a class=""external"" href=""http://sdw.ecb.europa.eu/web/generator/docu/rtdb_docu.pdf""> notes</a>; block Monthly; series: AI",,1,,,HICP Inflation rate - Total - Annual rate of change,Euro area (moving concept in the Real Time database context) - HICP - Overall index - Annual growth rate,PCCH,0,Replace,2016-03-09T15:30:00.000+01:00,
RTD.M.S0.N.P_C_OV.A,M,S0,N,P_C_OV,A,2006-09,1.8,A,F,,,P1M,A,,,HICP.M.U2.N.000000.4D0.ANR,,,,,,"See <a class=""external"" href=""http://sdw.ecb.europa.eu/web/generator/docu/rtdb_docu.pdf""> notes</a>; block Monthly; series: AI",,1,,,HICP Inflation rate - Total - Annual rate of change,Euro area (moving concept in the Real Time database context) - HICP - Overall index - Annual growth rate,PCCH,0,Replace,2016-03-09T15:30:00.000+01:00,
RTD.M.S0.N.P_C_OV.A,M,S0,N,P_C_OV,A,2007-10,2.5,A,F,,,P1M,A,,,HICP.M.U2.N.000000.4D0.ANR,,,,,,"See <a class=""external"" href=""http://sdw.ecb.europa.eu/web/generator/docu/rtdb_docu.pdf""> notes</a>; block Monthly; series: AI",,1,,,HICP Inflation rate - Total - Annual rate of change,Euro area (moving concept in the Real Time database context) - HICP - Overall index - Annual growth rate,PCCH,0,Replace,2016-03-09T15:30:00.000+01:00,
RTD.M.S0.N.P_C_OV.A,M,S0,N,P_C_OV,A,2008-07,4.1,A,F,,,P1M,A,,,HICP.M.U2.N.000000.4D0.ANR,,,,,,"See <a class=""external"" href=""http://sdw.ecb.europa.eu/web/generator/docu/rtdb_docu.pdf""> notes</a>; block Monthly; series: AI",,1,,,HICP Inflation rate - Total - Annual rate of change,Euro area (moving concept in the Real Time database context) - HICP - Overall index - Annual growth rate,PCCH,0,Replace,2016-03-09T15:30:00.000+01:00,
RTD.M.S0.N.P_C_OV.A,M,S0,N,P_C_OV,A,2009-07,-0.7,A,F,,,P1M,A,,,HICP.M.U2.N.000000.4D0.ANR,,,,,,"See <a class=""external"" href=""http://sdw.ecb.europa.eu/web/generator/docu/rtdb_docu.pdf""> notes</a>; block Monthly; series: AI",,1,,,HICP Inflation rate - Total - Annual rate of change,Euro area (moving concept in the Real Time database context) - HICP - Overall index - Annual growth rate,PCCH,0,Replace,2016-03-09T15:30:00.000+01:00,
RTD.M.S0.N.P_C_OV.A,M,S0,N,P_C_OV,A,2010-02,0.9,A,F,,,P1M,A,,,HICP.M.U2.N.000000.4D0.ANR,,,,,,"See <a class=""external"" href=""http://sdw.ecb.europa.eu/web/generator/docu/rtdb_docu.pdf""> notes</a>; block Monthly; series: AI",,1,,,HICP Inflation rate - Total - Annual rate of change,Euro area (moving concept in the Real Time database context) - HICP - Overall index - Annual growth rate,PCCH,0,Replace,2016-03-09T15:30:00.000+01:00,
RTD.M.S0.N.P_C_OV.A,M,S0,N,P_C_OV,A,2011-12,2.8,A,F,,,P1M,A,,,HICP.M.U2.N.000000.4D0.ANR,,,,,,"See <a class=""external"" href=""http://sdw.ecb.europa.eu/web/generator/docu/rtdb_docu.pdf""> notes</a>; block Monthly; series: AI",,1,,,HICP Inflation rate - Total - Annual rate of change,Euro area (moving concept in the Real Time database context) - HICP - Overall index - Annual growth rate,PCCH,0,Replace,2016-03-09T15:30:00.000+01:00,
RTD.M.S0.N.P_C_OV.A,M,S0,N,P_C_OV,A,2016-01,0.3,A,F,,,P1M,A,,,HICP.M.U2.N.000000.4D0.ANR,,,,,,"See <a class=""external"" href=""http://sdw.ecb.europa.eu/web/generator/docu/rtdb_docu.pdf""> notes</a>; block Monthly; series: AI",,1,,,HICP Inflation rate - Total - Annual rate of change,Euro area (moving concept in the Real Time database context) - HICP - Overall index - Annual growth rate,PCCH,0,Replace,2016-03-09T15:30:00.000+01:00,
RTD.M.S0.N.P_C_OV.A,M,S0,N,P_C_OV,A,2016-02,-0.2,A,F,,,P1M,A,,,HICP.M.U2.N.000000.4D0.ANR,,,,,,"See <a class=""external"" href=""http://sdw.ecb.europa.eu/web/generator/docu/rtdb_docu.pdf""> notes</a>; block Monthly; series: AI",,1,,,HICP Inflation rate - Total - Annual rate of change,Euro area (moving concept in the Real Time database context) - HICP - Overall index - Annual growth rate,PCCH,0,Replace,2016-03-09T15:30:00.000+01:00,
RTD.M.S0.N.P_C_OV.A,M,S0,N,P_C_OV,A,1991-01,3.9,A,F,,,P1M,A,,,HICP.M.U2.N.000000.4D0.ANR,,,,,,"See <a class=""external"" href=""http://sdw.ecb.europa.eu/web/generator/docu/rtdb_docu.pdf""> notes</a>; block Monthly; series: AI",,1,,,HICP Inflation rate - Total - Annual rate of change,Euro area (moving concept in the Real Time database context) - HICP - Overall index - Annual growth rate,PCCH,0,Replace,2016-04-20T15:30:00.000+02:00,
RTD.M.S0.N.P_C_OV.A,M,S0,N,P_C_OV,A,1991-02,4.1,A,F,,,P1M,A,,,HICP.M.U2.N.000000.4D0.ANR,,,,,,"See <a class=""external"" href=""http://sdw.ecb.europa.eu/web/generator/docu/rtdb_docu.pdf""> notes</a>; block Monthly; series: AI",,1,,,HICP Inflation rate - Total - Annual rate of change,Euro area (moving concept in the Real Time database context) - HICP - Overall index - Annual growth rate,PCCH,0,Replace,2016-04-20T15:30:00.000+02:00,
RTD.M.S0.N.P_C_OV.A,M,S0,N,P_C_OV,A,1991-03,3.9,A,F,,,P1M,A,,,HICP.M.U2.N.000000.4D0.ANR,,,,,,"See <a class=""external"" href=""http://sdw.ecb.europa.eu/web/generator/docu/rtdb_docu.pdf""> notes</a>; block Monthly; series: AI",,1,,,HICP Inflation rate - Total - Annual rate of change,Euro area (moving concept in the Real Time database context) - HICP - Overall index - Annual growth rate,PCCH,0,Replace,2016-04-20T15:30:00.000+02:00,
RTD.M.S0.N.P_C_OV.A,M,S0,N,P_C_OV,A,1991-04,3.8,A,F,,,P1M,A,,,HICP.M.U2.N.000000.4D0.ANR,,,,,,"See <a class=""external"" href=""http://sdw.ecb.europa.eu/web/generator/docu/rtdb_docu.pdf""> notes</a>; block Monthly; series: AI",,1,,,HICP Inflation rate - Total - Annual rate of change,Euro area (moving concept in the Real Time database context) - HICP - Overall index - Annual growth rate,PCCH,0,Replace,2016-04-20T15:30:00.000+02:00,
RTD.M.S0.N.P_C_OV.A,M,S0,N,P_C_OV,A,1991-05,4.1,A,F,,,P1M,A,,,HICP.M.U2.N.000000.4D0.ANR,,,,,,"See <a class=""external"" href=""http://sdw.ecb.europa.eu/web/generator/docu/rtdb_docu.pdf""> notes</a>; block Monthly; series: AI",,1,,,HICP Inflation rate - Total - Annual rate of change,Euro area (moving concept in the Real Time database context) - HICP - Overall index - Annual growth rate,PCCH,0,Replace,2016-04-20T15:30:00.000+02:00,
RTD.M.S0.N.P_C_OV.A,M,S0,N,P_C_OV,A,1991-06,4.3,A,F,,,P1M,A,,,HICP.M.U2.N.000000.4D0.ANR,,,,,,"See <a class=""external"" href=""http://sdw.ecb.europa.eu/web/generator/docu/rtdb_docu.pdf""> notes</a>; block Monthly; series: AI",,1,,,HICP Inflation rate - Total - Annual rate of change,Euro area (moving concept in the Real Time database context) - HICP - Overall index - Annual growth rate,PCCH,0,Replace,2016-04-20T15:30:00.000+02:00,
RTD.M.S0.N.P_C_OV.A,M,S0,N,P_C_OV,A,1991-07,5,A,F,,,P1M,A,,,HICP.M.U2.N.000000.4D0.ANR,,,,,,"See <a class=""external"" href=""http://sdw.ecb.europa.eu/web/generator/docu/rtdb_docu.pdf""> notes</a>; block Monthly; series: AI",,1,,,HICP Inflation rate - Total - Annual rate of change,Euro area (moving concept in the Real Time database context) - HICP - Overall index - Annual growth rate,PCCH,0,Replace,2016-04-20T15:30:00.000+02:00,
RTD.M.S0.N.P_C_OV.A,M,S0,N,P_C_OV,A,1991-08,4.5,A,F,,,P1M,A,,,HICP.M.U2.N.000000.4D0.ANR,,,,,,"See <a class=""external"" href=""http://sdw.ecb.europa.eu/web/generator/docu/rtdb_docu.pdf""> notes</a>; block Monthly; series: AI",,1,,,HICP Inflation rate - Total - Annual rate of change,Euro area (moving concept in the Real Time database context) - HICP - Overall index - Annual growth rate,PCCH,0,Replace,2016-04-20T15:30:00.000+02:00,
RTD.M.S0.N.P_C_OV.A,M,S0,N,P_C_OV,A,1991-09,3.9,A,F,,,P1M,A,,,HICP.M.U2.N.000000.4D0.ANR,,,,,,"See <a class=""external"" href=""http://sdw.ecb.europa.eu/web/generator/docu/rtdb_docu.pdf""> notes</a>; block Monthly; series: AI",,1,,,HICP Inflation rate - Total - Annual rate of change,Euro area (moving concept in the Real Time database context) - HICP - Overall index - Annual growth rate,PCCH,0,Replace,2016-04-20T15:30:00.000+02:00,
RTD.M.S0.N.P_C_OV.A,M,S0,N,P_C_OV,A,1991-10,3.7,A,F,,,P1M,A,,,HICP.M.U2.N.000000.4D0.ANR,,,,,,"See <a class=""external"" href=""http://sdw.ecb.europa.eu/web/generator/docu/rtdb_docu.pdf""> notes</a>; block Monthly; series: AI",,1,,,HICP Inflation rate - Total - Annual rate of change,Euro area (moving concept in the Real Time database context) - HICP - Overall index - Annual growth rate,PCCH,0,Replace,2016-04-20T15:30:00.000+02:00,
RTD.M.S0.N.P_C_OV.A,M,S0,N,P_C_OV,A,1991-11,4.1,A,F,,,P1M,A,,,HICP.M.U2.N.000000.4D0.ANR,,,,,,"See <a class=""external"" href=""http://sdw.ecb.europa.eu/web/generator/docu/rtdb_docu.pdf""> notes</a>; block Monthly; series: AI",,1,,,HICP Inflation rate - Total - Annual rate of change,Euro area (moving concept in the Real Time database context) - HICP - Overall index - Annual growth rate,PCCH,0,Replace,2016-04-20T15:30:00.000+02:00,
RTD.M.S0.N.P_C_OV.A,M,S0,N,P_C_OV,A,1991-12,4.1,A,F,,,P1M,A,,,HICP.M.U2.N.000000.4D0.ANR,,,,,,"See <a class=""external"" href=""http://sdw.ecb.europa.eu/web/generator/docu/rtdb_docu.pdf""> notes</a>; block Monthly; series: AI",,1,,,HICP Inflation rate - Total - Annual rate of change,Euro area (moving concept in the Real Time database context) - HICP - Overall index - Annual growth rate,PCCH,0,Replace,2016-04-20T15:30:00.000+02:00,
RTD.M.S0.N.P_C_OV.A,M,S0,N,P_C_OV,A,1992-01,3.9,A,F,,,P1M,A,,,HICP.M.U2.N.000000.4D0.ANR,,,,,,"See <a class=""external"" href=""http://sdw.ecb.europa.eu/web/generator/docu/rtdb_docu.pdf""> notes</a>; block Monthly; series: AI",,1,,,HICP Inflation rate - Total - Annual rate of change,Euro area (moving concept in the Real Time database context) - HICP - Overall index - Annual growth rate,PCCH,0,Replace,2016-04-20T15:30:00.000+02:00,
RTD.M.S0.N.P_C_OV.A,M,S0,N,P_C_OV,A,1992-02,3.8,A,F,,,P1M,A,,,HICP.M.U2.N.000000.4D0.ANR,,,,,,"See <a class=""external"" href=""http://sdw.ecb.europa.eu/web/generator/docu/rtdb_docu.pdf""> notes</a>; block Monthly; series: AI",,1,,,HICP Inflation rate - Total - Annual rate of change,Euro area (moving concept in the Real Time database context) - HICP - Overall index - Annual growth rate,PCCH,0,Replace,2016-04-20T15:30:00.000+02:00,
RTD.M.S0.N.P_C_OV.A,M,S0,N,P_C_OV,A,1992-03,4.3,A,F,,,P1M,A,,,HICP.M.U2.N.000000.4D0.ANR,,,,,,"See <a class=""external"" href=""http://sdw.ecb.europa.eu/web/generator/docu/rtdb_docu.pdf""> notes</a>; block Monthly; series: AI",,1,,,HICP Inflation rate - Total - Annual rate of change,Euro area (moving concept in the Real Time database context) - HICP - Overall index - Annual growth rate,PCCH,0,Replace,2016-04-20T15:30:00.000+02:00,
RTD.M.S0.N.P_C_OV.A,M,S0,N,P_C_OV,A,1992-04,4.2,A,F,,,P1M,A,,,HICP.M.U2.N.000000.4D0.ANR,,,,,,"See <a class=""external"" href=""http://sdw.ecb.europa.eu/web/generator/docu/rtdb_docu.pdf""> notes</a>; block Monthly; series: AI",,1,,,HICP Inflation rate - Total - Annual rate of change,Euro area (moving concept in the Real Time database context) - HICP - Overall index - Annual growth rate,PCCH,0,Replace,2016-04-20T15:30:00.000+02:00,
RTD.M.S0.N.P_C_OV.A,M,S0,N,P_C_OV,A,1992-05,4,A,F,,,P1M,A,,,HICP.M.U2.N.000000.4D0.ANR,,,,,,"See <a class=""external"" href=""http://sdw.ecb.europa.eu/web/generator/docu/rtdb_docu.pdf""> notes</a>; block Monthly; series: AI",,1,,,HICP Inflation rate - Total - Annual rate of change,Euro area (moving concept in the Real Time database context) - HICP - Overall index - Annual growth rate,PCCH,0,Replace,2016-04-20T15:30:00.000+02:00,
RTD.M.S0.N.P_C_OV.A,M,S0,N,P_C_OV,A,1992-06,3.9,A,F,,,P1M,A,,,HICP.M.U2.N.000000.4D0.ANR,,,,,,"See <a class=""external"" href=""http://sdw.ecb.europa.eu/web/generator/docu/rtdb_docu.pdf""> notes</a>; block Monthly; series: AI",,1,,,HICP Inflation rate - Total - Annual rate of change,Euro area (moving concept in the Real Time database context) - HICP - Overall index - Annual growth rate,PCCH,0,Replace,2016-04-20T15:30:00.000+02:00,
RTD.M.S0.N.P_C_OV.A,M,S0,N,P_C_OV,A,1992-07,3.3,A,F,,,P1M,A,,,HICP.M.U2.N.000000.4D0.ANR,,,,,,"See <a class=""external"" href=""http://sdw.ecb.europa.eu/web/generator/docu/rtdb_docu.pdf""> notes</a>; block Monthly; series: AI",,1,,,HICP Inflation rate - Total - Annual rate of change,Euro area (moving concept in the Real Time database context) - HICP - Overall index - Annual growth rate,PCCH,0,Replace,2016-04-20T15:30:00.000+02:00,
RTD.M.S0.N.P_C_OV.A,M,S0,N,P_C_OV,A,1992-08,3.3,A,F,,,P1M,A,,,HICP.M.U2.N.000000.4D0.ANR,,,,,,"See <a class=""external"" href=""http://sdw.ecb.europa.eu/web/generator/docu/rtdb_docu.pdf""> notes</a>; block Monthly; series: AI",,1,,,HICP Inflation rate - Total - Annual rate of change,Euro area (moving concept in the Real Time database context) - HICP - Overall index - Annual growth rate,PCCH,0,Replace,2016-04-20T15:30:00.000+02:00,
RTD.M.S0.N.P_C_OV.A,M,S0,N,P_C_OV,A,1992-09,3.3,A,F,,,P1M,A,,,HICP.M.U2.N.000000.4D0.ANR,,,,,,"See <a class=""external"" href=""http://sdw.ecb.europa.eu/web/generator/docu/rtdb_docu.pdf""> notes</a>; block Monthly; series: AI",,1,,,HICP Inflation rate - Total - Annual rate of change,Euro area (moving concept in the Real Time database context) - HICP - Overall index - Annual growth rate,PCCH,0,Replace,2016-04-20T15:30:00.000+02:00,
RTD.M.S0.N.P_C_OV.A,M,S0,N,P_C_OV,A,1992-10,3.2,A,F,,,P1M,A,,,HICP.M.U2.N.000000.4D0.ANR,,,,,,"See <a class=""external"" href=""http://sdw.ecb.europa.eu/web/generator/docu/rtdb_docu.pdf""> notes</a>; block Monthly; series: AI",,1,,,HICP Inflation rate - Total - Annual rate of change,Euro area (moving concept in the Real Time database context) - HICP - Overall index - Annual growth rate,PCCH,0,Replace,2016-04-20T15:30:00.000+02:00,
RTD.M.S0.N.P_C_OV.A,M,S0,N,P_C_OV,A,1992-11,3.1,A,F,,,P1M,A,,,HICP.M.U2.N.000000.4D0.ANR,,,,,,"See <a class=""external"" href=""http://sdw.ecb.europa.eu/web/generator/docu/rtdb_docu.pdf""> notes</a>; block Monthly; series: AI",,1,,,HICP Inflation rate - Total - Annual rate of change,Euro area (moving concept in the Real Time database context) - HICP - Overall index - Annual growth rate,PCCH,0,Replace,2016-04-20T15:30:00.000+02:00,
RTD.M.S0.N.P_C_OV.A,M,S0,N,P_C_OV,A,1992-12,3.2,A,F,,,P1M,A,,,HICP.M.U2.N.000000.4D0.ANR,,,,,,"See <a class=""external"" href=""http://sdw.ecb.europa.eu/web/generator/docu/rtdb_docu.pdf""> notes</a>; block Monthly; series: AI",,1,,,HICP Inflation rate - Total - Annual rate of change,Euro area (moving concept in the Real Time database context) - HICP - Overall index - Annual growth rate,PCCH,0,Replace,2016-04-20T15:30:00.000+02:00,
RTD.M.S0.N.P_C_OV.A,M,S0,N,P_C_OV,A,1993-01,3.4,A,F,,,P1M,A,,,HICP.M.U2.N.000000.4D0.ANR,,,,,,"See <a class=""external"" href=""http://sdw.ecb.europa.eu/web/generator/docu/rtdb_docu.pdf""> notes</a>; block Monthly; series: AI",,1,,,HICP Inflation rate - Total - Annual rate of change,Euro area (moving concept in the Real Time database context) - HICP - Overall index - Annual growth rate,PCCH,0,Replace,2016-04-20T15:30:00.000+02:00,
RTD.M.S0.N.P_C_OV.A,M,S0,N,P_C_OV,A,1993-02,3.4,A,F,,,P1M,A,,,HICP.M.U2.N.000000.4D0.ANR,,,,,,"See <a class=""external"" href=""http://sdw.ecb.europa.eu/web/generator/docu/rtdb_docu.pdf""> notes</a>; block Monthly; series: AI",,1,,,HICP Inflation rate - Total - Annual rate of change,Euro area (moving concept in the Real Time database context) - HICP - Overall index - Annual growth rate,PCCH,0,Replace,2016-04-20T15:30:00.000+02:00,
RTD.M.S0.N.P_C_OV.A,M,S0,N,P_C_OV,A,1993-03,3.2,A,F,,,P1M,A,,,HICP.M.U2.N.000000.4D0.ANR,,,,,,"See <a class=""external"" href=""http://sdw.ecb.europa.eu/web/generator/docu/rtdb_docu.pdf""> notes</a>; block Monthly; series: AI",,1,,,HICP Inflation rate - Total - Annual rate of change,Euro area (moving concept in the Real Time database context) - HICP - Overall index - Annual growth rate,PCCH,0,Replace,2016-04-20T15:30:00.000+02:00,
RTD.M.S0.N.P_C_OV.A,M,S0,N,P_C_OV,A,1993-04,3.2,A,F,,,P1M,A,,,HICP.M.U2.N.000000.4D0.ANR,,,,,,"See <a class=""external"" href=""http://sdw.ecb.europa.eu/web/generator/docu/rtdb_docu.pdf""> notes</a>; block Monthly; series: AI",,1,,,HICP Inflation rate - Total - Annual rate of change,Euro area (moving concept in the Real Time database context) - HICP - Overall index - Annual growth rate,PCCH,0,Replace,2016-04-20T15:30:00.000+02:00,
RTD.M.S0.N.P_C_OV.A,M,S0,N,P_C_OV,A,1993-05,3.1,A,F,,,P1M,A,,,HICP.M.U2.N.000000.4D0.ANR,,,,,,"See <a class=""external"" href=""http://sdw.ecb.europa.eu/web/generator/docu/rtdb_docu.pdf""> notes</a>; block Monthly; series: AI",,1,,,HICP Inflation rate - Total - Annual rate of change,Euro area (moving concept in the Real Time database context) - HICP - Overall index - Annual growth rate,PCCH,0,Replace,2016-04-20T15:30:00.000+02:00,
RTD.M.S0.N.P_C_OV.A,M,S0,N,P_C_OV,A,1993-06,3.1,A,F,,,P1M,A,,,HICP.M.U2.N.000000.4D0.ANR,,,,,,"See <a class=""external"" href=""http://sdw.ecb.europa.eu/web/generator/docu/rtdb_docu.pdf""> notes</a>; block Monthly; series: AI",,1,,,HICP Inflation rate - Total - Annual rate of change,Euro area (moving concept in the Real Time database context) - HICP - Overall index - Annual growth rate,PCCH,0,Replace,2016-04-20T15:30:00.000+02:00,
RTD.M.S0.N.P_C_OV.A,M,S0,N,P_C_OV,A,1993-07,3.3,A,F,,,P1M,A,,,HICP.M.U2.N.000000.4D0.ANR,,,,,,"See <a class=""external"" href=""http://sdw.ecb.europa.eu/web/generator/docu/rtdb_docu.pdf""> notes</a>; block Monthly; series: AI",,1,,,HICP Inflation rate - Total - Annual rate of change,Euro area (moving concept in the Real Time database context) - HICP - Overall index - Annual growth rate,PCCH,0,Replace,2016-04-20T15:30:00.000+02:00,
RTD.M.S0.N.P_C_OV.A,M,S0,N,P_C_OV,A,1993-08,3.3,A,F,,,P1M,A,,,HICP.M.U2.N.000000.4D0.ANR,,,,,,"See <a class=""external"" href=""http://sdw.ecb.europa.eu/web/generator/docu/rtdb_docu.pdf""> notes</a>; block Monthly; series: AI",,1,,,HICP Inflation rate - Total - Annual rate of change,Euro area (moving concept in the Real Time database context) - HICP - Overall index - Annual growth rate,PCCH,0,Replace,2016-04-20T15:30:00.000+02:00,
RTD.M.S0.N.P_C_OV.A,M,S0,N,P_C_OV,A,1993-09,3.3,A,F,,,P1M,A,,,HICP.M.U2.N.000000.4D0.ANR,,,,,,"See <a class=""external"" href=""http://sdw.ecb.europa.eu/web/generator/docu/rtdb_docu.pdf""> notes</a>; block Monthly; series: AI",,1,,,HICP Inflation rate - Total - Annual rate of change,Euro area (moving concept in the Real Time database context) - HICP - Overall index - Annual growth rate,PCCH,0,Replace,2016-04-20T15:30:00.000+02:00,
RTD.M.S0.N.P_C_OV.A,M,S0,N,P_C_OV,A,1993-10,3.3,A,F,,,P1M,A,,,HICP.M.U2.N.000000.4D0.ANR,,,,,,"See <a class=""external"" href=""http://sdw.ecb.europa.eu/web/generator/docu/rtdb_docu.pdf""> notes</a>; block Monthly; series: AI",,1,,,HICP Inflation rate - Total - Annual rate of change,Euro area (moving concept in the Real Time database context) - HICP - Overall index - Annual growth rate,PCCH,0,Replace,2016-04-20T15:30:00.000+02:00,
RTD.M.S0.N.P_C_OV.A,M,S0,N,P_C_OV,A,1993-11,3.2,A,F,,,P1M,A,,,HICP.M.U2.N.000000.4D0.ANR,,,,,,"See <a class=""external"" href=""http://sdw.ecb.europa.eu/web/generator/docu/rtdb_docu.pdf""> notes</a>; block Monthly; series: AI",,1,,,HICP Inflation rate - Total - Annual rate of change,Euro area (moving concept in the Real Time database context) - HICP - Overall index - Annual growth rate,PCCH,0,Replace,2016-04-20T15:30:00.000+02:00,
RTD.M.S0.N.P_C_OV.A,M,S0,N,P_C_OV,A,1993-12,3.2,A,F,,,P1M,A,,,HICP.M.U2.N.000000.4D0.ANR,,,,,,"See <a class=""external"" href=""http://sdw.ecb.europa.eu/web/generator/docu/rtdb_docu.pdf""> notes</a>; block Monthly; series: AI",,1,,,HICP Inflation rate - Total - Annual rate of change,Euro area (moving concept in the Real Time database context) - HICP - Overall index - Annual growth rate,PCCH,0,Replace,2016-04-20T15:30:00.000+02:00,
RTD.M.S0.N.P_C_OV.A,M,S0,N,P_C_OV,A,1994-01,2.9,A,F,,,P1M,A,,,HICP.M.U2.N.000000.4D0.ANR,,,,,,"See <a class=""external"" href=""http://sdw.ecb.europa.eu/web/generator/docu/rtdb_docu.pdf""> notes</a>; block Monthly; series: AI",,1,,,HICP Inflation rate - Total - Annual rate of change,Euro area (moving concept in the Real Time database context) - HICP - Overall index - Annual growth rate,PCCH,0,Replace,2016-04-20T15:30:00.000+02:00,
RTD.M.S0.N.P_C_OV.A,M,S0,N,P_C_OV,A,1994-02,2.9,A,F,,,P1M,A,,,HICP.M.U2.N.000000.4D0.ANR,,,,,,"See <a class=""external"" href=""http://sdw.ecb.europa.eu/web/generator/docu/rtdb_docu.pdf""> notes</a>; block Monthly; series: AI",,1,,,HICP Inflation rate - Total - Annual rate of change,Euro area (moving concept in the Real Time database context) - HICP - Overall index - Annual growth rate,PCCH,0,Replace,2016-04-20T15:30:00.000+02:00,
RTD.M.S0.N.P_C_OV.A,M,S0,N,P_C_OV,A,1994-03,2.8,A,F,,,P1M,A,,,HICP.M.U2.N.000000.4D0.ANR,,,,,,"See <a class=""external"" href=""http://sdw.ecb.europa.eu/web/generator/docu/rtdb_docu.pdf""> notes</a>; block Monthly; series: AI",,1,,,HICP Inflation rate - Total - Annual rate of change,Euro area (moving concept in the Real Time database context) - HICP - Overall index - Annual growth rate,PCCH,0,Replace,2016-04-20T15:30:00.000+02:00,
RTD.M.S0.N.P_C_OV.A,M,S0,N,P_C_OV,A,1994-04,2.7,A,F,,,P1M,A,,,HICP.M.U2.N.000000.4D0.ANR,,,,,,"See <a class=""external"" href=""http://sdw.ecb.europa.eu/web/generator/docu/rtdb_docu.pdf""> notes</a>; block Monthly; series: AI",,1,,,HICP Inflation rate - Total - Annual rate of change,Euro area (moving concept in the Real Time database context) - HICP - Overall index - Annual growth rate,PCCH,0,Replace,2016-04-20T15:30:00.000+02:00,
RTD.M.S0.N.P_C_OV.A,M,S0,N,P_C_OV,A,1994-05,2.8,A,F,,,P1M,A,,,HICP.M.U2.N.000000.4D0.ANR,,,,,,"See <a class=""external"" href=""http://sdw.ecb.europa.eu/web/generator/docu/rtdb_docu.pdf""> notes</a>; block Monthly; series: AI",,1,,,HICP Inflation rate - Total - Annual rate of change,Euro area (moving concept in the Real Time database context) - HICP - Overall index - Annual growth rate,PCCH,0,Replace,2016-04-20T15:30:00.000+02:00,
RTD.M.S0.N.P_C_OV.A,M,S0,N,P_C_OV,A,1994-06,2.7,A,F,,,P1M,A,,,HICP.M.U2.N.000000.4D0.ANR,,,,,,"See <a class=""external"" href=""http://sdw.ecb.europa.eu/web/generator/docu/rtdb_docu.pdf""> notes</a>; block Monthly; series: AI",,1,,,HICP Inflation rate - Total - Annual rate of change,Euro area (moving concept in the Real Time database context) - HICP - Overall index - Annual growth rate,PCCH,0,Replace,2016-04-20T15:30:00.000+02:00,
RTD.M.S0.N.P_C_OV.A,M,S0,N,P_C_OV,A,1994-07,2.6,A,F,,,P1M,A,,,HICP.M.U2.N.000000.4D0.ANR,,,,,,"See <a class=""external"" href=""http://sdw.ecb.europa.eu/web/generator/docu/rtdb_docu.pdf""> notes</a>; block Monthly; series: AI",,1,,,HICP Inflation rate - Total - Annual rate of change,Euro area (moving concept in the Real Time database context) - HICP - Overall index - Annual growth rate,PCCH,0,Replace,2016-04-20T15:30:00.000+02:00,
RTD.M.S0.N.P_C_OV.A,M,S0,N,P_C_OV,A,1994-08,2.7,A,F,,,P1M,A,,,HICP.M.U2.N.000000.4D0.ANR,,,,,,"See <a class=""external"" href=""http://sdw.ecb.europa.eu/web/generator/docu/rtdb_docu.pdf""> notes</a>; block Monthly; series: AI",,1,,,HICP Inflation rate - Total - Annual rate of change,Euro area (moving concept in the Real Time database context) - HICP - Overall index - Annual growth rate,PCCH,0,Replace,2016-04-20T15:30:00.000+02:00,
RTD.M.S0.N.P_C_OV.A,M,S0,N,P_C_OV,A,1994-09,2.7,A,F,,,P1M,A,,,HICP.M.U2.N.000000.4D0.ANR,,,,,,"See <a class=""external"" href=""http://sdw.ecb.europa.eu/web/generator/docu/rtdb_docu.pdf""> notes</a>; block Monthly; series: AI",,1,,,HICP Inflation rate - Total - Annual rate of change,Euro area (moving concept in the Real Time database context) - HICP - Overall index - Annual growth rate,PCCH,0,Replace,2016-04-20T15:30:00.000+02:00,
RTD.M.S0.N.P_C_OV.A,M,S0,N,P_C_OV,A,1994-10,2.6,A,F,,,P1M,A,,,HICP.M.U2.N.000000.4D0.ANR,,,,,,"See <a class=""external"" href=""http://sdw.ecb.europa.eu/web/generator/docu/rtdb_docu.pdf""> notes</a>; block Monthly; series: AI",,1,,,HICP Inflation rate - Total - Annual rate of change,Euro area (moving concept in the Real Time database context) - HICP - Overall index - Annual growth rate,PCCH,0,Replace,2016-04-20T15:30:00.000+02:00,
RTD.M.S0.N.P_C_OV.A,M,S0,N,P_C_OV,A,1994-11,2.5,A,F,,,P1M,A,,,HICP.M.U2.N.000000.4D0.ANR,,,,,,"See <a class=""external"" href=""http://sdw.ecb.europa.eu/web/generator/docu/rtdb_docu.pdf""> notes</a>; block Monthly; series: AI",,1,,,HICP Inflation rate - Total - Annual rate of change,Euro area (moving concept in the Real Time database context) - HICP - Overall index - Annual growth rate,PCCH,0,Replace,2016-04-20T15:30:00.000+02:00,
RTD.M.S0.N.P_C_OV.A,M,S0,N,P_C_OV,A,1994-12,2.6,A,F,,,P1M,A,,,HICP.M.U2.N.000000.4D0.ANR,,,,,,"See <a class=""external"" href=""http://sdw.ecb.europa.eu/web/generator/docu/rtdb_docu.pdf""> notes</a>; block Monthly; series: AI",,1,,,HICP Inflation rate - Total - Annual rate of change,Euro area (moving concept in the Real Time database context) - HICP - Overall index - Annual growth rate,PCCH,0,Replace,2016-04-20T15:30:00.000+02:00,
RTD.M.S0.N.P_C_OV.A,M,S0,N,P_C_OV,A,1995-01,2.4,A,F,,,P1M,A,,,HICP.M.U2.N.000000.4D0.ANR,,,,,,"See <a class=""external"" href=""http://sdw.ecb.europa.eu/web/generator/docu/rtdb_docu.pdf""> notes</a>; block Monthly; series: AI",,1,,,HICP Inflation rate - Total - Annual rate of change,Euro area (moving concept in the Real Time database context) - HICP - Overall index - Annual growth rate,PCCH,0,Replace,2016-04-20T15:30:00.000+02:00,
RTD.M.S0.N.P_C_OV.A,M,S0,N,P_C_OV,A,1995-02,2.4,A,F,,,P1M,A,,,HICP.M.U2.N.000000.4D0.ANR,,,,,,"See <a class=""external"" href=""http://sdw.ecb.europa.eu/web/generator/docu/rtdb_docu.pdf""> notes</a>; block Monthly; series: AI",,1,,,HICP Inflation rate - Total - Annual rate of change,Euro area (moving concept in the Real Time database context) - HICP - Overall index - Annual growth rate,PCCH,0,Replace,2016-04-20T15:30:00.000+02:00,
RTD.M.S0.N.P_C_OV.A,M,S0,N,P_C_OV,A,1995-03,2.5,A,F,,,P1M,A,,,HICP.M.U2.N.000000.4D0.ANR,,,,,,"See <a class=""external"" href=""http://sdw.ecb.europa.eu/web/generator/docu/rtdb_docu.pdf""> notes</a>; block Monthly; series: AI",,1,,,HICP Inflation rate - Total - Annual rate of change,Euro area (moving concept in the Real Time database context) - HICP - Overall index - Annual growth rate,PCCH,0,Replace,2016-04-20T15:30:00.000+02:00,
RTD.M.S0.N.P_C_OV.A,M,S0,N,P_C_OV,A,1995-04,2.6,A,F,,,P1M,A,,,HICP.M.U2.N.000000.4D0.ANR,,,,,,"See <a class=""external"" href=""http://sdw.ecb.europa.eu/web/generator/docu/rtdb_docu.pdf""> notes</a>; block Monthly; series: AI",,1,,,HICP Inflation rate - Total - Annual rate of change,Euro area (moving concept in the Real Time database context) - HICP - Overall index - Annual growth rate,PCCH,0,Replace,2016-04-20T15:30:00.000+02:00,
RTD.M.S0.N.P_C_OV.A,M,S0,N,P_C_OV,A,1995-05,2.4,A,F,,,P1M,A,,,HICP.M.U2.N.000000.4D0.ANR,,,,,,"See <a class=""external"" href=""http://sdw.ecb.europa.eu/web/generator/docu/rtdb_docu.pdf""> notes</a>; block Monthly; series: AI",,1,,,HICP Inflation rate - Total - Annual rate of change,Euro area (moving concept in the Real Time database context) - HICP - Overall index - Annual growth rate,PCCH,0,Replace,2016-04-20T15:30:00.000+02:00,
RTD.M.S0.N.P_C_OV.A,M,S0,N,P_C_OV,A,1995-06,2.6,A,F,,,P1M,A,,,HICP.M.U2.N.000000.4D0.ANR,,,,,,"See <a class=""external"" href=""http://sdw.ecb.europa.eu/web/generator/docu/rtdb_docu.pdf""> notes</a>; block Monthly; series: AI",,1,,,HICP Inflation rate - Total - Annual rate of change,Euro area (moving concept in the Real Time database context) - HICP - Overall index - Annual growth rate,PCCH,0,Replace,2016-04-20T15:30:00.000+02:00,
RTD.M.S0.N.P_C_OV.A,M,S0,N,P_C_OV,A,1995-07,2.4,A,F,,,P1M,A,,,HICP.M.U2.N.000000.4D0.ANR,,,,,,"See <a class=""external"" href=""http://sdw.ecb.europa.eu/web/generator/docu/rtdb_docu.pdf""> notes</a>; block Monthly; series: AI",,1,,,HICP Inflation rate - Total - Annual rate of change,Euro area (moving concept in the Real Time database context) - HICP - Overall index - Annual growth rate,PCCH,0,Replace,2016-04-20T15:30:00.000+02:00,
RTD.M.S0.N.P_C_OV.A,M,S0,N,P_C_OV,A,1995-08,2.3,A,F,,,P1M,A,,,HICP.M.U2.N.000000.4D0.ANR,,,,,,"See <a class=""external"" href=""http://sdw.ecb.europa.eu/web/generator/docu/rtdb_docu.pdf""> notes</a>; block Monthly; series: AI",,1,,,HICP Inflation rate - Total - Annual rate of change,Euro area (moving concept in the Real Time database context) - HICP - Overall index - Annual growth rate,PCCH,0,Replace,2016-04-20T15:30:00.000+02:00,
RTD.M.S0.N.P_C_OV.A,M,S0,N,P_C_OV,A,1995-09,2.4,A,F,,,P1M,A,,,HICP.M.U2.N.000000.4D0.ANR,,,,,,"See <a class=""external"" href=""http://sdw.ecb.europa.eu/web/generator/docu/rtdb_docu.pdf""> notes</a>; block Monthly; series: AI",,1,,,HICP Inflation rate - Total - Annual rate of change,Euro area (moving concept in the Real Time database context) - HICP - Overall index - Annual growth rate,PCCH,0,Replace,2016-04-20T15:30:00.000+02:00,
RTD.M.S0.N.P_C_OV.A,M,S0,N,P_C_OV,A,1995-10,2.4,A,F,,,P1M,A,,,HICP.M.U2.N.000000.4D0.ANR,,,,,,"See <a class=""external"" href=""http://sdw.ecb.europa.eu/web/generator/docu/rtdb_docu.pdf""> notes</a>; block Monthly; series: AI",,1,,,HICP Inflation rate - Total - Annual rate of change,Euro area (moving concept in the Real Time database context) - HICP - Overall index - Annual growth rate,PCCH,0,Replace,2016-04-20T15:30:00.000+02:00,
RTD.M.S0.N.P_C_OV.A,M,S0,N,P_C_OV,A,1995-11,2.4,A,F,,,P1M,A,,,HICP.M.U2.N.000000.4D0.ANR,,,,,,"See <a class=""external"" href=""http://sdw.ecb.europa.eu/web/generator/docu/rtdb_docu.pdf""> notes</a>; block Monthly; series: AI",,1,,,HICP Inflation rate - Total - Annual rate of change,Euro area (moving concept in the Real Time database context) - HICP - Overall index - Annual growth rate,PCCH,0,Replace,2016-04-20T15:30:00.000+02:00,
RTD.M.S0.N.P_C_OV.A,M,S0,N,P_C_OV,A,1995-12,2.4,A,F,,,P1M,A,,,HICP.M.U2.N.000000.4D0.ANR,,,,,,"See <a class=""external"" href=""http://sdw.ecb.europa.eu/web/generator/docu/rtdb_docu.pdf""> notes</a>; block Monthly; series: AI",,1,,,HICP Inflation rate - Total - Annual rate of change,Euro area (moving concept in the Real Time database context) - HICP - Overall index - Annual growth rate,PCCH,0,Replace,2016-04-20T15:30:00.000+02:00,
RTD.M.S0.N.P_C_OV.A,M,S0,N,P_C_OV,A,1996-01,2.4,A,F,,,P1M,A,,,HICP.M.U2.N.000000.4D0.ANR,,,,,,"See <a class=""external"" href=""http://sdw.ecb.europa.eu/web/generator/docu/rtdb_docu.pdf""> notes</a>; block Monthly; series: AI",,1,,,HICP Inflation rate - Total - Annual rate of change,Euro area (moving concept in the Real Time database context) - HICP - Overall index - Annual growth rate,PCCH,0,Replace,2016-04-20T15:30:00.000+02:00,
RTD.M.S0.N.P_C_OV.A,M,S0,N,P_C_OV,A,1996-02,2.4,A,F,,,P1M,A,,,HICP.M.U2.N.000000.4D0.ANR,,,,,,"See <a class=""external"" href=""http://sdw.ecb.europa.eu/web/generator/docu/rtdb_docu.pdf""> notes</a>; block Monthly; series: AI",,1,,,HICP Inflation rate - Total - Annual rate of change,Euro area (moving concept in the Real Time database context) - HICP - Overall index - Annual growth rate,PCCH,0,Replace,2016-04-20T15:30:00.000+02:00,
RTD.M.S0.N.P_C_OV.A,M,S0,N,P_C_OV,A,1996-03,2.4,A,F,,,P1M,A,,,HICP.M.U2.N.000000.4D0.ANR,,,,,,"See <a class=""external"" href=""http://sdw.ecb.europa.eu/web/generator/docu/rtdb_docu.pdf""> notes</a>; block Monthly; series: AI",,1,,,HICP Inflation rate - Total - Annual rate of change,Euro area (moving concept in the Real Time database context) - HICP - Overall index - Annual growth rate,PCCH,0,Replace,2016-04-20T15:30:00.000+02:00,
RTD.M.S0.N.P_C_OV.A,M,S0,N,P_C_OV,A,1996-04,2.4,A,F,,,P1M,A,,,HICP.M.U2.N.000000.4D0.ANR,,,,,,"See <a class=""external"" href=""http://sdw.ecb.europa.eu/web/generator/docu/rtdb_docu.pdf""> notes</a>; block Monthly; series: AI",,1,,,HICP Inflation rate - Total - Annual rate of change,Euro area (moving concept in the Real Time database context) - HICP - Overall index - Annual growth rate,PCCH,0,Replace,2016-04-20T15:30:00.000+02:00,
RTD.M.S0.N.P_C_OV.A,M,S0,N,P_C_OV,A,1996-05,2.5,A,F,,,P1M,A,,,HICP.M.U2.N.000000.4D0.ANR,,,,,,"See <a class=""external"" href=""http://sdw.ecb.europa.eu/web/generator/docu/rtdb_docu.pdf""> notes</a>; block Monthly; series: AI",,1,,,HICP Inflation rate - Total - Annual rate of change,Euro area (moving concept in the Real Time database context) - HICP - Overall index - Annual growth rate,PCCH,0,Replace,2016-04-20T15:30:00.000+02:00,
RTD.M.S0.N.P_C_OV.A,M,S0,N,P_C_OV,A,1996-06,2.1,A,F,,,P1M,A,,,HICP.M.U2.N.000000.4D0.ANR,,,,,,"See <a class=""external"" href=""http://sdw.ecb.europa.eu/web/generator/docu/rtdb_docu.pdf""> notes</a>; block Monthly; series: AI",,1,,,HICP Inflation rate - Total - Annual rate of change,Euro area (moving concept in the Real Time database context) - HICP - Overall index - Annual growth rate,PCCH,0,Replace,2016-04-20T15:30:00.000+02:00,
RTD.M.S0.N.P_C_OV.A,M,S0,N,P_C_OV,A,1996-07,2.1,A,F,,,P1M,A,,,HICP.M.U2.N.000000.4D0.ANR,,,,,,"See <a class=""external"" href=""http://sdw.ecb.europa.eu/web/generator/docu/rtdb_docu.pdf""> notes</a>; block Monthly; series: AI",,1,,,HICP Inflation rate - Total - Annual rate of change,Euro area (moving concept in the Real Time database context) - HICP - Overall index - Annual growth rate,PCCH,0,Replace,2016-04-20T15:30:00.000+02:00,
RTD.M.S0.N.P_C_OV.A,M,S0,N,P_C_OV,A,1996-08,2,A,F,,,P1M,A,,,HICP.M.U2.N.000000.4D0.ANR,,,,,,"See <a class=""external"" href=""http://sdw.ecb.europa.eu/web/generator/docu/rtdb_docu.pdf""> notes</a>; block Monthly; series: AI",,1,,,HICP Inflation rate - Total - Annual rate of change,Euro area (moving concept in the Real Time database context) - HICP - Overall index - Annual growth rate,PCCH,0,Replace,2016-04-20T15:30:00.000+02:00,
RTD.M.S0.N.P_C_OV.A,M,S0,N,P_C_OV,A,1996-09,2,A,F,,,P1M,A,,,HICP.M.U2.N.000000.4D0.ANR,,,,,,"See <a class=""external"" href=""http://sdw.ecb.europa.eu/web/generator/docu/rtdb_docu.pdf""> notes</a>; block Monthly; series: AI",,1,,,HICP Inflation rate - Total - Annual rate of change,Euro area (moving concept in the Real Time database context) - HICP - Overall index - Annual growth rate,PCCH,0,Replace,2016-04-20T15:30:00.000+02:00,
RTD.M.S0.N.P_C_OV.A,M,S0,N,P_C_OV,A,1996-10,2,A,F,,,P1M,A,,,HICP.M.U2.N.000000.4D0.ANR,,,,,,"See <a class=""external"" href=""http://sdw.ecb.europa.eu/web/generator/docu/rtdb_docu.pdf""> notes</a>; block Monthly; series: AI",,1,,,HICP Inflation rate - Total - Annual rate of change,Euro area (moving concept in the Real Time database context) - HICP - Overall index - Annual growth rate,PCCH,0,Replace,2016-04-20T15:30:00.000+02:00,
RTD.M.S0.N.P_C_OV.A,M,S0,N,P_C_OV,A,1996-11,1.9,A,F,,,P1M,A,,,HICP.M.U2.N.000000.4D0.ANR,,,,,,"See <a class=""external"" href=""http://sdw.ecb.europa.eu/web/generator/docu/rtdb_docu.pdf""> notes</a>; block Monthly; series: AI",,1,,,HICP Inflation rate - Total - Annual rate of change,Euro area (moving concept in the Real Time database context) - HICP - Overall index - Annual growth rate,PCCH,0,Replace,2016-04-20T15:30:00.000+02:00,
RTD.M.S0.N.P_C_OV.A,M,S0,N,P_C_OV,A,1996-12,1.9,A,F,,,P1M,A,,,HICP.M.U2.N.000000.4D0.ANR,,,,,,"See <a class=""external"" href=""http://sdw.ecb.europa.eu/web/generator/docu/rtdb_docu.pdf""> notes</a>; block Monthly; series: AI",,1,,,HICP Inflation rate - Total - Annual rate of change,Euro area (moving concept in the Real Time database context) - HICP - Overall index - Annual growth rate,PCCH,0,Replace,2016-04-20T15:30:00.000+02:00,
RTD.M.S0.N.P_C_OV.A,M,S0,N,P_C_OV,A,2016-03,0,A,F,,,P1M,A,,,HICP.M.U2.N.000000.4D0.ANR,,,,,,"See <a class=""external"" href=""http://sdw.ecb.europa.eu/web/generator/docu/rtdb_docu.pdf""> notes</a>; block Monthly; series: AI",,1,,,HICP Inflation rate - Total - Annual rate of change,Euro area (moving concept in the Real Time database context) - HICP - Overall index - Annual growth rate,PCCH,0,Replace,2016-04-20T15:30:00.000+02:00,
RTD.M.S0.N.P_C_OV.A,M,S0,N,P_C_OV,A,2016-04,-0.2,A,F,,,P1M,A,,,HICP.M.U2.N.000000.4D0.ANR,,,,,,"See <a class=""external"" href=""http://sdw.ecb.europa.eu/web/generator/docu/rtdb_docu.pdf""> notes</a>; block Monthly; series: AI",,1,,,HICP Inflation rate - Total - Annual rate of change,Euro area (moving concept in the Real Time database context) - HICP - Overall index - Annual growth rate,PCCH,0,Replace,2016-06-01T15:30:00.000+02:00,
RTD.M.S0.N.P_C_OV.A,M,S0,N,P_C_OV,A,2016-05,-0.1,A,F,,,P1M,A,,,HICP.M.U2.N.000000.4D0.ANR,,,,,,"See <a class=""external"" href=""http://sdw.ecb.europa.eu/web/generator/docu/rtdb_docu.pdf""> notes</a>; block Monthly; series: AI",,1,,,HICP Inflation rate - Total - Annual rate of change,Euro area (moving concept in the Real Time database context) - HICP - Overall index - Annual growth rate,PCCH,0,Replace,2016-06-01T15:30:00.000+02:00,
RTD.M.S0.N.P_C_OV.A,M,S0,N,P_C_OV,A,2016-06,0.1,A,F,,,P1M,A,,,HICP.M.U2.N.000000.4D0.ANR,,,,,,"See <a class=""external"" href=""http://sdw.ecb.europa.eu/web/generator/docu/rtdb_docu.pdf""> notes</a>; block Monthly; series: AI",,1,,,HICP Inflation rate - Total - Annual rate of change,Euro area (moving concept in the Real Time database context) - HICP - Overall index - Annual growth rate,PCCH,0,Replace,2016-07-20T15:30:00.000+02:00,
RTD.M.S0.N.P_C_OV.A,M,S0,N,P_C_OV,A,2016-07,0.2,A,F,,,P1M,A,,,HICP.M.U2.N.000000.4D0.ANR,,,,,,"See <a class=""external"" href=""http://sdw.ecb.europa.eu/web/generator/docu/rtdb_docu.pdf""> notes</a>; block Monthly; series: AI",,1,,,HICP Inflation rate - Total - Annual rate of change,Euro area (moving concept in the Real Time database context) - HICP - Overall index - Annual growth rate,PCCH,0,Replace,2016-09-07T15:30:00.000+02:00,
RTD.M.S0.N.P_C_OV.A,M,S0,N,P_C_OV,A,2016-08,0.2,A,F,,,P1M,A,,,HICP.M.U2.N.000000.4D0.ANR,,,,,,"See <a class=""external"" href=""http://sdw.ecb.europa.eu/web/generator/docu/rtdb_docu.pdf""> notes</a>; block Monthly; series: AI",,1,,,HICP Inflation rate - Total - Annual rate of change,Euro area (moving concept in the Real Time database context) - HICP - Overall index - Annual growth rate,PCCH,0,Replace,2016-09-07T15:30:00.000+02:00,
RTD.M.S0.N.P_C_OV.A,M,S0,N,P_C_OV,A,2016-09,0.4,A,F,,,P1M,A,,,HICP.M.U2.N.000000.4D0.ANR,,,,,,"See <a class=""external"" href=""http://sdw.ecb.europa.eu/web/generator/docu/rtdb_docu.pdf""> notes</a>; block Monthly; series: AI",,1,,,HICP Inflation rate - Total - Annual rate of change,Euro area (moving concept in the Real Time database context) - HICP - Overall index - Annual growth rate,PCCH,0,Replace,2016-10-19T15:30:00.000+02:00,
RTD.M.S0.N.P_C_OV.A,M,S0,N,P_C_OV,A,2016-10,0.5,A,F,,,P1M,A,,,HICP.M.U2.N.000000.4D0.ANR,,,,,,"See <a class=""external"" href=""http://sdw.ecb.europa.eu/web/generator/docu/rtdb_docu.pdf""> notes</a>; block Monthly; series: AI",,1,,,HICP Inflation rate - Total - Annual rate of change,Euro area (moving concept in the Real Time database context) - HICP - Overall index - Annual growth rate,PCCH,0,Replace,2016-12-07T15:30:00.000+01:00,
RTD.M.S0.N.P_C_OV.A,M,S0,N,P_C_OV,A,2016-11,0.6,A,F,,,P1M,A,,,HICP.M.U2.N.000000.4D0.ANR,,,,,,"See <a class=""external"" href=""http://sdw.ecb.europa.eu/web/generator/docu/rtdb_docu.pdf""> notes</a>; block Monthly; series: AI",,1,,,HICP Inflation rate - Total - Annual rate of change,Euro area (moving concept in the Real Time database context) - HICP - Overall index - Annual growth rate,PCCH,0,Replace,2016-12-07T15:30:00.000+01:00,
RTD.M.S0.N.P_C_OV.A,M,S0,N,P_C_OV,A,2016-12,1.1,A,F,,,P1M,A,,,HICP.M.U2.N.000000.4D0.ANR,,,,,,"See <a class=""external"" href=""http://sdw.ecb.europa.eu/web/generator/docu/rtdb_docu.pdf""> notes</a>; block Monthly; series: AI",,1,,,HICP Inflation rate - Total - Annual rate of change,Euro area (moving concept in the Real Time database context) - HICP - Overall index - Annual growth rate,PCCH,0,Replace,2017-01-18T15:30:00.000+01:00,
RTD.M.S0.N.P_C_OV.A,M,S0,N,P_C_OV,A,2017-01,1.8,A,F,,,P1M,A,,,HICP.M.U2.N.000000.4D0.ANR,,,,,,"See <a class=""external"" href=""http://sdw.ecb.europa.eu/web/generator/docu/rtdb_docu.pdf""> notes</a>; block Monthly; series: AI",,1,,,HICP Inflation rate - Total - Annual rate of change,Euro area (moving concept in the Real Time database context) - HICP - Overall index - Annual growth rate,PCCH,0,Replace,2017-03-08T15:30:00.000+01:00,
RTD.M.S0.N.P_C_OV.A,M,S0,N,P_C_OV,A,2017-02,2,A,F,,,P1M,A,,,HICP.M.U2.N.000000.4D0.ANR,,,,,,"See <a class=""external"" href=""http://sdw.ecb.europa.eu/web/generator/docu/rtdb_docu.pdf""> notes</a>; block Monthly; series: AI",,1,,,HICP Inflation rate - Total - Annual rate of change,Euro area (moving concept in the Real Time database context) - HICP - Overall index - Annual growth rate,PCCH,0,Replace,2017-03-08T15:30:00.000+01:00,
RTD.M.S0.N.P_C_OV.A,M,S0,N,P_C_OV,A,2017-03,1.5,A,F,,,P1M,A,,,HICP.M.U2.N.000000.4D0.ANR,,,,,,"See <a class=""external"" href=""http://sdw.ecb.europa.eu/web/generator/docu/rtdb_docu.pdf""> notes</a>; block Monthly; series: AI",,1,,,HICP Inflation rate - Total - Annual rate of change,Euro area (moving concept in the Real Time database context) - HICP - Overall index - Annual growth rate,PCCH,0,Replace,2017-04-26T15:30:00.000+02:00,
RTD.M.S0.N.P_C_OV.A,M,S0,N,P_C_OV,A,2017-04,1.9,A,F,,,P1M,A,,,HICP.M.U2.N.000000.4D0.ANR,,,,,,"See <a class=""external"" href=""http://sdw.ecb.europa.eu/web/generator/docu/rtdb_docu.pdf""> notes</a>; block Monthly; series: AI",,1,,,HICP Inflation rate - Total - Annual rate of change,Euro area (moving concept in the Real Time database context) - HICP - Overall index - Annual growth rate,PCCH,0,Replace,2017-06-07T15:30:00.000+02:00,
RTD.M.S0.N.P_C_OV.A,M,S0,N,P_C_OV,A,2017-05,1.4,A,F,,,P1M,A,,,HICP.M.U2.N.000000.4D0.ANR,,,,,,"See <a class=""external"" href=""http://sdw.ecb.europa.eu/web/generator/docu/rtdb_docu.pdf""> notes</a>; block Monthly; series: AI",,1,,,HICP Inflation rate - Total - Annual rate of change,Euro area (moving concept in the Real Time database context) - HICP - Overall index - Annual growth rate,PCCH,0,Replace,2017-06-07T15:30:00.000+02:00,
RTD.M.S0.N.P_C_OV.A,M,S0,N,P_C_OV,A,2017-06,1.3,A,F,,,P1M,A,,,HICP.M.U2.N.000000.4D0.ANR,,,,,,"See <a class=""external"" href=""http://sdw.ecb.europa.eu/web/generator/docu/rtdb_docu.pdf""> notes</a>; block Monthly; series: AI",,1,,,HICP Inflation rate - Total - Annual rate of change,Euro area (moving concept in the Real Time database context) - HICP - Overall index - Annual growth rate,PCCH,0,Replace,2017-07-19T15:30:00.000+02:00,
RTD.M.S0.N.P_C_OV.A,M,S0,N,P_C_OV,A,2017-07,1.3,A,F,,,P1M,A,,,HICP.M.U2.N.000000.4D0.ANR,,,,,,"See <a class=""external"" href=""http://sdw.ecb.europa.eu/web/generator/docu/rtdb_docu.pdf""> notes</a>; block Monthly; series: AI",,1,,,HICP Inflation rate - Total - Annual rate of change,Euro area (moving concept in the Real Time database context) - HICP - Overall index - Annual growth rate,PCCH,0,Replace,2017-09-06T15:30:00.000+02:00,
RTD.M.S0.N.P_C_OV.A,M,S0,N,P_C_OV,A,2017-08,1.5,A,F,,,P1M,A,,,HICP.M.U2.N.000000.4D0.ANR,,,,,,"See <a class=""external"" href=""http://sdw.ecb.europa.eu/web/generator/docu/rtdb_docu.pdf""> notes</a>; block Monthly; series: AI",,1,,,HICP Inflation rate - Total - Annual rate of change,Euro area (moving concept in the Real Time database context) - HICP - Overall index - Annual growth rate,PCCH,0,Replace,2017-09-06T15:30:00.000+02:00,
RTD.M.S0.N.P_C_OV.A,M,S0,N,P_C_OV,A,2017-09,1.5,A,F,,,P1M,A,,,HICP.M.U2.N.000000.4D0.ANR,,,,,,"See <a class=""external"" href=""http://sdw.ecb.europa.eu/web/generator/docu/rtdb_docu.pdf""> notes</a>; block Monthly; series: AI",,1,,,HICP Inflation rate - Total - Annual rate of change,Euro area (moving concept in the Real Time database context) - HICP - Overall index - Annual growth rate,PCCH,0,Replace,2017-10-25T15:30:00.000+02:00,
RTD.M.S0.N.P_C_OV.A,M,S0,N,P_C_OV,A,2017-10,1.4,A,F,,,P1M,A,,,HICP.M.U2.N.000000.4D0.ANR,,,,,,"See <a class=""external"" href=""http://sdw.ecb.europa.eu/web/generator/docu/rtdb_docu.pdf""> notes</a>; block Monthly; series: AI",,1,,,HICP Inflation rate - Total - Annual rate of change,Euro area (moving concept in the Real Time database context) - HICP - Overall index - Annual growth rate,PCCH,0,Replace,2017-12-13T15:30:00.000+01:00,
RTD.M.S0.N.P_C_OV.A,M,S0,N,P_C_OV,A,2017-11,1.5,A,F,,,P1M,A,,,HICP.M.U2.N.000000.4D0.ANR,,,,,,"See <a class=""external"" href=""http://sdw.ecb.europa.eu/web/generator/docu/rtdb_docu.pdf""> notes</a>; block Monthly; series: AI",,1,,,HICP Inflation rate - Total - Annual rate of change,Euro area (moving concept in the Real Time database context) - HICP - Overall index - Annual growth rate,PCCH,0,Replace,2017-12-13T15:30:00.000+01:00,
RTD.M.S0.N.P_C_OV.A,M,S0,N,P_C_OV,A,2017-12,1.4,A,F,,,P1M,A,,,HICP.M.U2.N.000000.4D0.ANR,,,,,,"See <a class=""external"" href=""http://sdw.ecb.europa.eu/web/generator/docu/rtdb_docu.pdf""> notes</a>; block Monthly; series: AI",,1,,,HICP Inflation rate - Total - Annual rate of change,Euro area (moving concept in the Real Time database context) - HICP - Overall index - Annual growth rate,PCCH,0,Replace,2018-01-24T15:30:00.000+01:00,
RTD.M.S0.N.P_C_OV.A,M,S0,N,P_C_OV,A,2018-01,1.3,A,F,,,P1M,A,,,HICP.M.U2.N.000000.4D0.ANR,,,,,,"See <a class=""external"" href=""http://sdw.ecb.europa.eu/web/generator/docu/rtdb_docu.pdf""> notes</a>; block Monthly; series: AI",,1,,,HICP Inflation rate - Total - Annual rate of change,Euro area (moving concept in the Real Time database context) - HICP - Overall index - Annual growth rate,PCCH,0,Replace,2018-03-07T15:30:00.000+01:00,
RTD.M.S0.N.P_C_OV.A,M,S0,N,P_C_OV,A,2018-02,1.2,A,F,,,P1M,A,,,HICP.M.U2.N.000000.4D0.ANR,,,,,,"See <a class=""external"" href=""http://sdw.ecb.europa.eu/web/generator/docu/rtdb_docu.pdf""> notes</a>; block Monthly; series: AI",,1,,,HICP Inflation rate - Total - Annual rate of change,Euro area (moving concept in the Real Time database context) - HICP - Overall index - Annual growth rate,PCCH,0,Replace,2018-03-07T15:30:00.000+01:00,
RTD.M.S0.N.P_C_OV.A,M,S0,N,P_C_OV,A,2018-02,1.1,A,F,,,P1M,A,,,HICP.M.U2.N.000000.4D0.ANR,,,,,,"See <a class=""external"" href=""http://sdw.ecb.europa.eu/web/generator/docu/rtdb_docu.pdf""> notes</a>; block Monthly; series: AI",,1,,,HICP Inflation rate - Total - Annual rate of change,Euro area (moving concept in the Real Time database context) - HICP - Overall index - Annual growth rate,PCCH,0,Replace,2018-04-25T15:30:00.000+02:00,
RTD.M.S0.N.P_C_OV.A,M,S0,N,P_C_OV,A,2018-03,1.3,A,F,,,P1M,A,,,HICP.M.U2.N.000000.4D0.ANR,,,,,,"See <a class=""external"" href=""http://sdw.ecb.europa.eu/web/generator/docu/rtdb_docu.pdf""> notes</a>; block Monthly; series: AI",,1,,,HICP Inflation rate - Total - Annual rate of change,Euro area (moving concept in the Real Time database context) - HICP - Overall index - Annual growth rate,PCCH,0,Replace,2018-04-25T15:30:00.000+02:00,
RTD.M.S0.N.P_C_OV.A,M,S0,N,P_C_OV,A,2018-04,1.2,A,F,,,P1M,A,,,HICP.M.U2.N.000000.4D0.ANR,,,,,,"See <a class=""external"" href=""http://sdw.ecb.europa.eu/web/generator/docu/rtdb_docu.pdf""> notes</a>; block Monthly; series: AI",,1,,,HICP Inflation rate - Total - Annual rate of change,Euro area (moving concept in the Real Time database context) - HICP - Overall index - Annual growth rate,PCCH,0,Replace,2018-06-13T15:30:00.000+02:00,
RTD.M.S0.N.P_C_OV.A,M,S0,N,P_C_OV,A,2018-05,1.9,A,F,,,P1M,A,,,HICP.M.U2.N.000000.4D0.ANR,,,,,,"See <a class=""external"" href=""http://sdw.ecb.europa.eu/web/generator/docu/rtdb_docu.pdf""> notes</a>; block Monthly; series: AI",,1,,,HICP Inflation rate - Total - Annual rate of change,Euro area (moving concept in the Real Time database context) - HICP - Overall index - Annual growth rate,PCCH,0,Replace,2018-06-13T15:30:00.000+02:00,
RTD.M.S0.N.P_C_OV.A,M,S0,N,P_C_OV,A,2018-04,1.3,A,F,,,P1M,A,,,HICP.M.U2.N.000000.4D0.ANR,,,,,,"See <a class=""external"" href=""http://sdw.ecb.europa.eu/web/generator/docu/rtdb_docu.pdf""> notes</a>; block Monthly; series: AI",,1,,,HICP Inflation rate - Total - Annual rate of change,Euro area (moving concept in the Real Time database context) - HICP - Overall index - Annual growth rate,PCCH,0,Replace,2018-07-25T15:30:00.000+02:00,
RTD.M.S0.N.P_C_OV.A,M,S0,N,P_C_OV,A,2018-06,2,A,F,,,P1M,A,,,HICP.M.U2.N.000000.4D0.ANR,,,,,,"See <a class=""external"" href=""http://sdw.ecb.europa.eu/web/generator/docu/rtdb_docu.pdf""> notes</a>; block Monthly; series: AI",,1,,,HICP Inflation rate - Total - Annual rate of change,Euro area (moving concept in the Real Time database context) - HICP - Overall index - Annual growth rate,PCCH,0,Replace,2018-07-25T15:30:00.000+02:00,
RTD.M.S0.N.P_C_OV.A,M,S0,N,P_C_OV,A,2018-07,2.1,A,F,,,P1M,A,,,HICP.M.U2.N.000000.4D0.ANR,,,,,,"See <a class=""external"" href=""http://sdw.ecb.europa.eu/web/generator/docu/rtdb_docu.pdf""> notes</a>; block Monthly; series: AI",,1,,,HICP Inflation rate - Total - Annual rate of change,Euro area (moving concept in the Real Time database context) - HICP - Overall index - Annual growth rate,PCCH,0,Replace,2018-09-12T15:30:00.000+02:00,
RTD.M.S0.N.P_C_OV.A,M,S0,N,P_C_OV,A,2018-08,2,A,F,,,P1M,A,,,HICP.M.U2.N.000000.4D0.ANR,,,,,,"See <a class=""external"" href=""http://sdw.ecb.europa.eu/web/generator/docu/rtdb_docu.pdf""> notes</a>; block Monthly; series: AI",,1,,,HICP Inflation rate - Total - Annual rate of change,Euro area (moving concept in the Real Time database context) - HICP - Overall index - Annual growth rate,PCCH,0,Replace,2018-09-12T15:30:00.000+02:00,
RTD.M.S0.N.P_C_OV.A,M,S0,N,P_C_OV,A,2018-09,2.1,A,F,,,P1M,A,,,HICP.M.U2.N.000000.4D0.ANR,,,,,,"See <a class=""external"" href=""http://sdw.ecb.europa.eu/web/generator/docu/rtdb_docu.pdf""> notes</a>; block Monthly; series: AI",,1,,,HICP Inflation rate - Total - Annual rate of change,Euro area (moving concept in the Real Time database context) - HICP - Overall index - Annual growth rate,PCCH,0,Replace,2018-10-24T15:30:00.000+02:00,
RTD.M.S0.N.P_C_OV.A,M,S0,N,P_C_OV,A,2018-10,2.2,A,F,,,P1M,A,,,HICP.M.U2.N.000000.4D0.ANR,,,,,,"See <a class=""external"" href=""http://sdw.ecb.europa.eu/web/generator/docu/rtdb_docu.pdf""> notes</a>; block Monthly; series: AI",,1,,,HICP Inflation rate - Total - Annual rate of change,Euro area (moving concept in the Real Time database context) - HICP - Overall index - Annual growth rate,PCCH,0,Replace,2018-12-12T15:30:00.000+01:00,
RTD.M.S0.N.P_C_OV.A,M,S0,N,P_C_OV,A,2018-11,2,A,F,,,P1M,A,,,HICP.M.U2.N.000000.4D0.ANR,,,,,,"See <a class=""external"" href=""http://sdw.ecb.europa.eu/web/generator/docu/rtdb_docu.pdf""> notes</a>; block Monthly; series: AI",,1,,,HICP Inflation rate - Total - Annual rate of change,Euro area (moving concept in the Real Time database context) - HICP - Overall index - Annual growth rate,PCCH,0,Replace,2018-12-12T15:30:00.000+01:00,
RTD.M.S0.N.P_C_OV.A,M,S0,N,P_C_OV,A,2018-11,1.9,A,F,,,P1M,A,,,HICP.M.U2.N.000000.4D0.ANR,,,,,,"See <a class=""external"" href=""http://sdw.ecb.europa.eu/web/generator/docu/rtdb_docu.pdf""> notes</a>; block Monthly; series: AI",,1,,,HICP Inflation rate - Total - Annual rate of change,Euro area (moving concept in the Real Time database context) - HICP - Overall index - Annual growth rate,PCCH,0,Replace,2019-01-23T15:30:00.000+01:00,
RTD.M.S0.N.P_C_OV.A,M,S0,N,P_C_OV,A,2018-12,1.6,A,F,,,P1M,A,,,HICP.M.U2.N.000000.4D0.ANR,,,,,,"See <a class=""external"" href=""http://sdw.ecb.europa.eu/web/generator/docu/rtdb_docu.pdf""> notes</a>; block Monthly; series: AI",,1,,,HICP Inflation rate - Total - Annual rate of change,Euro area (moving concept in the Real Time database context) - HICP - Overall index - Annual growth rate,PCCH,0,Replace,2019-01-23T15:30:00.000+01:00,
RTD.M.S0.N.P_C_OV.A,M,S0,N,P_C_OV,A,1997-01,2,A,F,,,P1M,A,,,HICP.M.U2.N.000000.4D0.ANR,,,,,,"See <a class=""external"" href=""http://sdw.ecb.europa.eu/web/generator/docu/rtdb_docu.pdf""> notes</a>; block Monthly; series: AI",,1,,,HICP Inflation rate - Total - Annual rate of change,Euro area (moving concept in the Real Time database context) - HICP - Overall index - Annual growth rate,PCCH,0,Replace,2019-03-06T15:30:00.000+01:00,
RTD.M.S0.N.P_C_OV.A,M,S0,N,P_C_OV,A,1997-03,1.6,A,F,,,P1M,A,,,HICP.M.U2.N.000000.4D0.ANR,,,,,,"See <a class=""external"" href=""http://sdw.ecb.europa.eu/web/generator/docu/rtdb_docu.pdf""> notes</a>; block Monthly; series: AI",,1,,,HICP Inflation rate - Total - Annual rate of change,Euro area (moving concept in the Real Time database context) - HICP - Overall index - Annual growth rate,PCCH,0,Replace,2019-03-06T15:30:00.000+01:00,
RTD.M.S0.N.P_C_OV.A,M,S0,N,P_C_OV,A,1998-12,0.8,A,F,,,P1M,A,,,HICP.M.U2.N.000000.4D0.ANR,,,,,,"See <a class=""external"" href=""http://sdw.ecb.europa.eu/web/generator/docu/rtdb_docu.pdf""> notes</a>; block Monthly; series: AI",,1,,,HICP Inflation rate - Total - Annual rate of change,Euro area (moving concept in the Real Time database context) - HICP - Overall index - Annual growth rate,PCCH,0,Replace,2019-03-06T15:30:00.000+01:00,
RTD.M.S0.N.P_C_OV.A,M,S0,N,P_C_OV,A,1999-11,1.5,A,F,,,P1M,A,,,HICP.M.U2.N.000000.4D0.ANR,,,,,,"See <a class=""external"" href=""http://sdw.ecb.europa.eu/web/generator/docu/rtdb_docu.pdf""> notes</a>; block Monthly; series: AI",,1,,,HICP Inflation rate - Total - Annual rate of change,Euro area (moving concept in the Real Time database context) - HICP - Overall index - Annual growth rate,PCCH,0,Replace,2019-03-06T15:30:00.000+01:00,
RTD.M.S0.N.P_C_OV.A,M,S0,N,P_C_OV,A,2001-10,2.2,A,F,,,P1M,A,,,HICP.M.U2.N.000000.4D0.ANR,,,,,,"See <a class=""external"" href=""http://sdw.ecb.europa.eu/web/generator/docu/rtdb_docu.pdf""> notes</a>; block Monthly; series: AI",,1,,,HICP Inflation rate - Total - Annual rate of change,Euro area (moving concept in the Real Time database context) - HICP - Overall index - Annual growth rate,PCCH,0,Replace,2019-03-06T15:30:00.000+01:00,
RTD.M.S0.N.P_C_OV.A,M,S0,N,P_C_OV,A,2002-08,2.1,A,F,,,P1M,A,,,HICP.M.U2.N.000000.4D0.ANR,,,,,,"See <a class=""external"" href=""http://sdw.ecb.europa.eu/web/generator/docu/rtdb_docu.pdf""> notes</a>; block Monthly; series: AI",,1,,,HICP Inflation rate - Total - Annual rate of change,Euro area (moving concept in the Real Time database context) - HICP - Overall index - Annual growth rate,PCCH,0,Replace,2019-03-06T15:30:00.000+01:00,
RTD.M.S0.N.P_C_OV.A,M,S0,N,P_C_OV,A,2004-05,2.5,A,F,,,P1M,A,,,HICP.M.U2.N.000000.4D0.ANR,,,,,,"See <a class=""external"" href=""http://sdw.ecb.europa.eu/web/generator/docu/rtdb_docu.pdf""> notes</a>; block Monthly; series: AI",,1,,,HICP Inflation rate - Total - Annual rate of change,Euro area (moving concept in the Real Time database context) - HICP - Overall index - Annual growth rate,PCCH,0,Replace,2019-03-06T15:30:00.000+01:00,
RTD.M.S0.N.P_C_OV.A,M,S0,N,P_C_OV,A,2005-10,2.5,A,F,,,P1M,A,,,HICP.M.U2.N.000000.4D0.ANR,,,,,,"See <a class=""external"" href=""http://sdw.ecb.europa.eu/web/generator/docu/rtdb_docu.pdf""> notes</a>; block Monthly; series: AI",,1,,,HICP Inflation rate - Total - Annual rate of change,Euro area (moving concept in the Real Time database context) - HICP - Overall index - Annual growth rate,PCCH,0,Replace,2019-03-06T15:30:00.000+01:00,
RTD.M.S0.N.P_C_OV.A,M,S0,N,P_C_OV,A,2006-11,1.8,A,F,,,P1M,A,,,HICP.M.U2.N.000000.4D0.ANR,,,,,,"See <a class=""external"" href=""http://sdw.ecb.europa.eu/web/generator/docu/rtdb_docu.pdf""> notes</a>; block Monthly; series: AI",,1,,,HICP Inflation rate - Total - Annual rate of change,Euro area (moving concept in the Real Time database context) - HICP - Overall index - Annual growth rate,PCCH,0,Replace,2019-03-06T15:30:00.000+01:00,
RTD.M.S0.N.P_C_OV.A,M,S0,N,P_C_OV,A,2008-06,3.9,A,F,,,P1M,A,,,HICP.M.U2.N.000000.4D0.ANR,,,,,,"See <a class=""external"" href=""http://sdw.ecb.europa.eu/web/generator/docu/rtdb_docu.pdf""> notes</a>; block Monthly; series: AI",,1,,,HICP Inflation rate - Total - Annual rate of change,Euro area (moving concept in the Real Time database context) - HICP - Overall index - Annual growth rate,PCCH,0,Replace,2019-03-06T15:30:00.000+01:00,
RTD.M.S0.N.P_C_OV.A,M,S0,N,P_C_OV,A,2009-07,-0.6,A,F,,,P1M,A,,,HICP.M.U2.N.000000.4D0.ANR,,,,,,"See <a class=""external"" href=""http://sdw.ecb.europa.eu/web/generator/docu/rtdb_docu.pdf""> notes</a>; block Monthly; series: AI",,1,,,HICP Inflation rate - Total - Annual rate of change,Euro area (moving concept in the Real Time database context) - HICP - Overall index - Annual growth rate,PCCH,0,Replace,2019-03-06T15:30:00.000+01:00,
RTD.M.S0.N.P_C_OV.A,M,S0,N,P_C_OV,A,2010-02,0.8,A,F,,,P1M,A,,,HICP.M.U2.N.000000.4D0.ANR,,,,,,"See <a class=""external"" href=""http://sdw.ecb.europa.eu/web/generator/docu/rtdb_docu.pdf""> notes</a>; block Monthly; series: AI",,1,,,HICP Inflation rate - Total - Annual rate of change,Euro area (moving concept in the Real Time database context) - HICP - Overall index - Annual growth rate,PCCH,0,Replace,2019-03-06T15:30:00.000+01:00,
RTD.M.S0.N.P_C_OV.A,M,S0,N,P_C_OV,A,2015-04,0.2,A,F,,,P1M,A,,,HICP.M.U2.N.000000.4D0.ANR,,,,,,"See <a class=""external"" href=""http://sdw.ecb.europa.eu/web/generator/docu/rtdb_docu.pdf""> notes</a>; block Monthly; series: AI",,1,,,HICP Inflation rate - Total - Annual rate of change,Euro area (moving concept in the Real Time database context) - HICP - Overall index - Annual growth rate,PCCH,0,Replace,2019-03-06T15:30:00.000+01:00,
RTD.M.S0.N.P_C_OV.A,M,S0,N,P_C_OV,A,2015-05,0.6,A,F,,,P1M,A,,,HICP.M.U2.N.000000.4D0.ANR,,,,,,"See <a class=""external"" href=""http://sdw.ecb.europa.eu/web/generator/docu/rtdb_docu.pdf""> notes</a>; block Monthly; series: AI",,1,,,HICP Inflation rate - Total - Annual rate of change,Euro area (moving concept in the Real Time database context) - HICP - Overall index - Annual growth rate,PCCH,0,Replace,2019-03-06T15:30:00.000+01:00,
RTD.M.S0.N.P_C_OV.A,M,S0,N,P_C_OV,A,2015-06,0.5,A,F,,,P1M,A,,,HICP.M.U2.N.000000.4D0.ANR,,,,,,"See <a class=""external"" href=""http://sdw.ecb.europa.eu/web/generator/docu/rtdb_docu.pdf""> notes</a>; block Monthly; series: AI",,1,,,HICP Inflation rate - Total - Annual rate of change,Euro area (moving concept in the Real Time database context) - HICP - Overall index - Annual growth rate,PCCH,0,Replace,2019-03-06T15:30:00.000+01:00,
RTD.M.S0.N.P_C_OV.A,M,S0,N,P_C_OV,A,2015-07,0.5,A,F,,,P1M,A,,,HICP.M.U2.N.000000.4D0.ANR,,,,,,"See <a class=""external"" href=""http://sdw.ecb.europa.eu/web/generator/docu/rtdb_docu.pdf""> notes</a>; block Monthly; series: AI",,1,,,HICP Inflation rate - Total - Annual rate of change,Euro area (moving concept in the Real Time database context) - HICP - Overall index - Annual growth rate,PCCH,0,Replace,2019-03-06T15:30:00.000+01:00,
RTD.M.S0.N.P_C_OV.A,M,S0,N,P_C_OV,A,2015-08,0.4,A,F,,,P1M,A,,,HICP.M.U2.N.000000.4D0.ANR,,,,,,"See <a class=""external"" href=""http://sdw.ecb.europa.eu/web/generator/docu/rtdb_docu.pdf""> notes</a>; block Monthly; series: AI",,1,,,HICP Inflation rate - Total - Annual rate of change,Euro area (moving concept in the Real Time database context) - HICP - Overall index - Annual growth rate,PCCH,0,Replace,2019-03-06T15:30:00.000+01:00,
RTD.M.S0.N.P_C_OV.A,M,S0,N,P_C_OV,A,2015-09,0.2,A,F,,,P1M,A,,,HICP.M.U2.N.000000.4D0.ANR,,,,,,"See <a class=""external"" href=""http://sdw.ecb.europa.eu/web/generator/docu/rtdb_docu.pdf""> notes</a>; block Monthly; series: AI",,1,,,HICP Inflation rate - Total - Annual rate of change,Euro area (moving concept in the Real Time database context) - HICP - Overall index - Annual growth rate,PCCH,0,Replace,2019-03-06T15:30:00.000+01:00,
RTD.M.S0.N.P_C_OV.A,M,S0,N,P_C_OV,A,2015-10,0.4,A,F,,,P1M,A,,,HICP.M.U2.N.000000.4D0.ANR,,,,,,"See <a class=""external"" href=""http://sdw.ecb.europa.eu/web/generator/docu/rtdb_docu.pdf""> notes</a>; block Monthly; series: AI",,1,,,HICP Inflation rate - Total - Annual rate of change,Euro area (moving concept in the Real Time database context) - HICP - Overall index - Annual growth rate,PCCH,0,Replace,2019-03-06T15:30:00.000+01:00,
RTD.M.S0.N.P_C_OV.A,M,S0,N,P_C_OV,A,2015-12,0.3,A,F,,,P1M,A,,,HICP.M.U2.N.000000.4D0.ANR,,,,,,"See <a class=""external"" href=""http://sdw.ecb.europa.eu/web/generator/docu/rtdb_docu.pdf""> notes</a>; block Monthly; series: AI",,1,,,HICP Inflation rate - Total - Annual rate of change,Euro area (moving concept in the Real Time database context) - HICP - Overall index - Annual growth rate,PCCH,0,Replace,2019-03-06T15:30:00.000+01:00,
RTD.M.S0.N.P_C_OV.A,M,S0,N,P_C_OV,A,2016-02,-0.1,A,F,,,P1M,A,,,HICP.M.U2.N.000000.4D0.ANR,,,,,,"See <a class=""external"" href=""http://sdw.ecb.europa.eu/web/generator/docu/rtdb_docu.pdf""> notes</a>; block Monthly; series: AI",,1,,,HICP Inflation rate - Total - Annual rate of change,Euro area (moving concept in the Real Time database context) - HICP - Overall index - Annual growth rate,PCCH,0,Replace,2019-03-06T15:30:00.000+01:00,
RTD.M.S0.N.P_C_OV.A,M,S0,N,P_C_OV,A,2016-04,-0.3,A,F,,,P1M,A,,,HICP.M.U2.N.000000.4D0.ANR,,,,,,"See <a class=""external"" href=""http://sdw.ecb.europa.eu/web/generator/docu/rtdb_docu.pdf""> notes</a>; block Monthly; series: AI",,1,,,HICP Inflation rate - Total - Annual rate of change,Euro area (moving concept in the Real Time database context) - HICP - Overall index - Annual growth rate,PCCH,0,Replace,2019-03-06T15:30:00.000+01:00,
RTD.M.S0.N.P_C_OV.A,M,S0,N,P_C_OV,A,2016-06,0,A,F,,,P1M,A,,,HICP.M.U2.N.000000.4D0.ANR,,,,,,"See <a class=""external"" href=""http://sdw.ecb.europa.eu/web/generator/docu/rtdb_docu.pdf""> notes</a>; block Monthly; series: AI",,1,,,HICP Inflation rate - Total - Annual rate of change,Euro area (moving concept in the Real Time database context) - HICP - Overall index - Annual growth rate,PCCH,0,Replace,2019-03-06T15:30:00.000+01:00,
RTD.M.S0.N.P_C_OV.A,M,S0,N,P_C_OV,A,2017-01,1.7,A,F,,,P1M,A,,,HICP.M.U2.N.000000.4D0.ANR,,,,,,"See <a class=""external"" href=""http://sdw.ecb.europa.eu/web/generator/docu/rtdb_docu.pdf""> notes</a>; block Monthly; series: AI",,1,,,HICP Inflation rate - Total - Annual rate of change,Euro area (moving concept in the Real Time database context) - HICP - Overall index - Annual growth rate,PCCH,0,Replace,2019-03-06T15:30:00.000+01:00,
RTD.M.S0.N.P_C_OV.A,M,S0,N,P_C_OV,A,2017-09,1.6,A,F,,,P1M,A,,,HICP.M.U2.N.000000.4D0.ANR,,,,,,"See <a class=""external"" href=""http://sdw.ecb.europa.eu/web/generator/docu/rtdb_docu.pdf""> notes</a>; block Monthly; series: AI",,1,,,HICP Inflation rate - Total - Annual rate of change,Euro area (moving concept in the Real Time database context) - HICP - Overall index - Annual growth rate,PCCH,0,Replace,2019-03-06T15:30:00.000+01:00,
RTD.M.S0.N.P_C_OV.A,M,S0,N,P_C_OV,A,2017-12,1.3,A,F,,,P1M,A,,,HICP.M.U2.N.000000.4D0.ANR,,,,,,"See <a class=""external"" href=""http://sdw.ecb.europa.eu/web/generator/docu/rtdb_docu.pdf""> notes</a>; block Monthly; series: AI",,1,,,HICP Inflation rate - Total - Annual rate of change,Euro area (moving concept in the Real Time database context) - HICP - Overall index - Annual growth rate,PCCH,0,Replace,2019-03-06T15:30:00.000+01:00,
RTD.M.S0.N.P_C_OV.A,M,S0,N,P_C_OV,A,2018-03,1.4,A,F,,,P1M,A,,,HICP.M.U2.N.000000.4D0.ANR,,,,,,"See <a class=""external"" href=""http://sdw.ecb.europa.eu/web/generator/docu/rtdb_docu.pdf""> notes</a>; block Monthly; series: AI",,1,,,HICP Inflation rate - Total - Annual rate of change,Euro area (moving concept in the Real Time database context) - HICP - Overall index - Annual growth rate,PCCH,0,Replace,2019-03-06T15:30:00.000+01:00,
RTD.M.S0.N.P_C_OV.A,M,S0,N,P_C_OV,A,2018-04,1.2,A,F,,,P1M,A,,,HICP.M.U2.N.000000.4D0.ANR,,,,,,"See <a class=""external"" href=""http://sdw.ecb.europa.eu/web/generator/docu/rtdb_docu.pdf""> notes</a>; block Monthly; series: AI",,1,,,HICP Inflation rate - Total - Annual rate of change,Euro area (moving concept in the Real Time database context) - HICP - Overall index - Annual growth rate,PCCH,0,Replace,2019-03-06T15:30:00.000+01:00,
RTD.M.S0.N.P_C_OV.A,M,S0,N,P_C_OV,A,2018-05,2,A,F,,,P1M,A,,,HICP.M.U2.N.000000.4D0.ANR,,,,,,"See <a class=""external"" href=""http://sdw.ecb.europa.eu/web/generator/docu/rtdb_docu.pdf""> notes</a>; block Monthly; series: AI",,1,,,HICP Inflation rate - Total - Annual rate of change,Euro area (moving concept in the Real Time database context) - HICP - Overall index - Annual growth rate,PCCH,0,Replace,2019-03-06T15:30:00.000+01:00,
RTD.M.S0.N.P_C_OV.A,M,S0,N,P_C_OV,A,2018-07,2.2,A,F,,,P1M,A,,,HICP.M.U2.N.000000.4D0.ANR,,,,,,"See <a class=""external"" href=""http://sdw.ecb.europa.eu/web/generator/docu/rtdb_docu.pdf""> notes</a>; block Monthly; series: AI",,1,,,HICP Inflation rate - Total - Annual rate of change,Euro area (moving concept in the Real Time database context) - HICP - Overall index - Annual growth rate,PCCH,0,Replace,2019-03-06T15:30:00.000+01:00,
RTD.M.S0.N.P_C_OV.A,M,S0,N,P_C_OV,A,2018-08,2.1,A,F,,,P1M,A,,,HICP.M.U2.N.000000.4D0.ANR,,,,,,"See <a class=""external"" href=""http://sdw.ecb.europa.eu/web/generator/docu/rtdb_docu.pdf""> notes</a>; block Monthly; series: AI",,1,,,HICP Inflation rate - Total - Annual rate of change,Euro area (moving concept in the Real Time database context) - HICP - Overall index - Annual growth rate,PCCH,0,Replace,2019-03-06T15:30:00.000+01:00,
RTD.M.S0.N.P_C_OV.A,M,S0,N,P_C_OV,A,2018-10,2.3,A,F,,,P1M,A,,,HICP.M.U2.N.000000.4D0.ANR,,,,,,"See <a class=""external"" href=""http://sdw.ecb.europa.eu/web/generator/docu/rtdb_docu.pdf""> notes</a>; block Monthly; series: AI",,1,,,HICP Inflation rate - Total - Annual rate of change,Euro area (moving concept in the Real Time database context) - HICP - Overall index - Annual growth rate,PCCH,0,Replace,2019-03-06T15:30:00.000+01:00,
RTD.M.S0.N.P_C_OV.A,M,S0,N,P_C_OV,A,2018-12,1.5,A,F,,,P1M,A,,,HICP.M.U2.N.000000.4D0.ANR,,,,,,"See <a class=""external"" href=""http://sdw.ecb.europa.eu/web/generator/docu/rtdb_docu.pdf""> notes</a>; block Monthly; series: AI",,1,,,HICP Inflation rate - Total - Annual rate of change,Euro area (moving concept in the Real Time database context) - HICP - Overall index - Annual growth rate,PCCH,0,Replace,2019-03-06T15:30:00.000+01:00,
RTD.M.S0.N.P_C_OV.A,M,S0,N,P_C_OV,A,2019-01,1.4,A,F,,,P1M,A,,,HICP.M.U2.N.000000.4D0.ANR,,,,,,"See <a class=""external"" href=""http://sdw.ecb.europa.eu/web/generator/docu/rtdb_docu.pdf""> notes</a>; block Monthly; series: AI",,1,,,HICP Inflation rate - Total - Annual rate of change,Euro area (moving concept in the Real Time database context) - HICP - Overall index - Annual growth rate,PCCH,0,Replace,2019-03-06T15:30:00.000+01:00,
RTD.M.S0.N.P_C_OV.A,M,S0,N,P_C_OV,A,2019-02,1.5,A,F,,,P1M,A,,,HICP.M.U2.N.000000.4D0.ANR,,,,,,"See <a class=""external"" href=""http://sdw.ecb.europa.eu/web/generator/docu/rtdb_docu.pdf""> notes</a>; block Monthly; series: AI",,1,,,HICP Inflation rate - Total - Annual rate of change,Euro area (moving concept in the Real Time database context) - HICP - Overall index - Annual growth rate,PCCH,0,Replace,2019-03-06T15:30:00.000+01:00,
RTD.M.S0.N.P_C_OV.A,M,S0,N,P_C_OV,A,2019-03,1.4,A,F,,,P1M,A,,,HICP.M.U2.N.000000.4D0.ANR,,,,,,"See <a class=""external"" href=""http://sdw.ecb.europa.eu/web/generator/docu/rtdb_docu.pdf""> notes</a>; block Monthly; series: AI",,1,,,HICP Inflation rate - Total - Annual rate of change,Euro area (moving concept in the Real Time database context) - HICP - Overall index - Annual growth rate,PCCH,0,Replace,2019-04-09T15:30:00.000+02:00,
RTD.M.S0.N.P_C_OV.A,M,S0,N,P_C_OV,A,2019-04,1.7,A,F,,,P1M,A,,,HICP.M.U2.N.000000.4D0.ANR,,,,,,"See <a class=""external"" href=""http://sdw.ecb.europa.eu/web/generator/docu/rtdb_docu.pdf""> notes</a>; block Monthly; series: AI",,1,,,HICP Inflation rate - Total - Annual rate of change,Euro area (moving concept in the Real Time database context) - HICP - Overall index - Annual growth rate,PCCH,0,Replace,2019-06-05T15:30:00.000+02:00,
RTD.M.S0.N.P_C_OV.A,M,S0,N,P_C_OV,A,2019-05,1.2,A,F,,,P1M,A,,,HICP.M.U2.N.000000.4D0.ANR,,,,,,"See <a class=""external"" href=""http://sdw.ecb.europa.eu/web/generator/docu/rtdb_docu.pdf""> notes</a>; block Monthly; series: AI",,1,,,HICP Inflation rate - Total - Annual rate of change,Euro area (moving concept in the Real Time database context) - HICP - Overall index - Annual growth rate,PCCH,0,Replace,2019-06-05T15:30:00.000+02:00,
RTD.M.S0.N.P_C_OV.A,M,S0,N,P_C_OV,A,2019-06,1.3,A,F,,,P1M,A,,,HICP.M.U2.N.000000.4D0.ANR,,,,,,"See <a class=""external"" href=""http://sdw.ecb.europa.eu/web/generator/docu/rtdb_docu.pdf""> notes</a>; block Monthly; series: AI",,1,,,HICP Inflation rate - Total - Annual rate of change,Euro area (moving concept in the Real Time database context) - HICP - Overall index - Annual growth rate,PCCH,0,Replace,2019-07-24T15:30:00.000+02:00,
RTD.M.S0.N.P_C_OV.A,M,S0,N,P_C_OV,A,2019-07,1,A,F,,,P1M,A,,,HICP.M.U2.N.000000.4D0.ANR,,,,,,"See <a class=""external"" href=""http://sdw.ecb.europa.eu/web/generator/docu/rtdb_docu.pdf""> notes</a>; block Monthly; series: AI",,1,,,HICP Inflation rate - Total - Annual rate of change,Euro area (moving concept in the Real Time database context) - HICP - Overall index - Annual growth rate,PCCH,0,Replace,2019-09-11T15:30:00.000+02:00,
RTD.M.S0.N.P_C_OV.A,M,S0,N,P_C_OV,A,2019-08,1,A,F,,,P1M,A,,,HICP.M.U2.N.000000.4D0.ANR,,,,,,"See <a class=""external"" href=""http://sdw.ecb.europa.eu/web/generator/docu/rtdb_docu.pdf""> notes</a>; block Monthly; series: AI",,1,,,HICP Inflation rate - Total - Annual rate of change,Euro area (moving concept in the Real Time database context) - HICP - Overall index - Annual growth rate,PCCH,0,Replace,2019-09-11T15:30:00.000+02:00,
RTD.M.S0.N.P_C_OV.A,M,S0,N,P_C_OV,A,2019-09,0.8,A,F,,,P1M,A,,,HICP.M.U2.N.000000.4D0.ANR,,,,,,"See <a class=""external"" href=""http://sdw.ecb.europa.eu/web/generator/docu/rtdb_docu.pdf""> notes</a>; block Monthly; series: AI",,1,,,HICP Inflation rate - Total - Annual rate of change,Euro area (moving concept in the Real Time database context) - HICP - Overall index - Annual growth rate,PCCH,0,Replace,2019-10-23T15:30:00.000+02:00,
RTD.M.S0.N.P_C_OV.A,M,S0,N,P_C_OV,A,2019-10,0.7,A,F,,,P1M,A,,,HICP.M.U2.N.000000.4D0.ANR,,,,,,"See <a class=""external"" href=""http://sdw.ecb.europa.eu/web/generator/docu/rtdb_docu.pdf""> notes</a>; block Monthly; series: AI",,1,,,HICP Inflation rate - Total - Annual rate of change,Euro area (moving concept in the Real Time database context) - HICP - Overall index - Annual growth rate,PCCH,0,Replace,2019-12-11T15:30:00.000+01:00,
RTD.M.S0.N.P_C_OV.A,M,S0,N,P_C_OV,A,2019-11,1,A,F,,,P1M,A,,,HICP.M.U2.N.000000.4D0.ANR,,,,,,"See <a class=""external"" href=""http://sdw.ecb.europa.eu/web/generator/docu/rtdb_docu.pdf""> notes</a>; block Monthly; series: AI",,1,,,HICP Inflation rate - Total - Annual rate of change,Euro area (moving concept in the Real Time database context) - HICP - Overall index - Annual growth rate,PCCH,0,Replace,2019-12-11T15:30:00.000+01:00,
RTD.M.S0.N.P_C_OV.A,M,S0,N,P_C_OV,A,2019-12,1.3,A,F,,,P1M,A,,,HICP.M.U2.N.000000.4D0.ANR,,,,,,"See <a class=""external"" href=""http://sdw.ecb.europa.eu/web/generator/docu/rtdb_docu.pdf""> notes</a>; block Monthly; series: AI",,1,,,HICP Inflation rate - Total - Annual rate of change,Euro area (moving concept in the Real Time database context) - HICP - Overall index - Annual growth rate,PCCH,0,Replace,2020-01-22T15:30:00.000+01:00,
RTD.M.S0.N.P_C_OV.A,M,S0,N,P_C_OV,A,2020-01,1.4,A,F,,,P1M,A,,,HICP.M.U2.N.000000.4D0.ANR,,,,,,"See <a class=""external"" href=""http://sdw.ecb.europa.eu/web/generator/docu/rtdb_docu.pdf""> notes</a>; block Monthly; series: AI",,1,,,HICP Inflation rate - Total - Annual rate of change,Euro area (moving concept in the Real Time database context) - HICP - Overall index - Annual growth rate,PCCH,0,Replace,2020-03-11T15:30:00.000+01:00,
RTD.M.S0.N.P_C_OV.A,M,S0,N,P_C_OV,A,2020-02,1.2,A,F,,,P1M,A,,,HICP.M.U2.N.000000.4D0.ANR,,,,,,"See <a class=""external"" href=""http://sdw.ecb.europa.eu/web/generator/docu/rtdb_docu.pdf""> notes</a>; block Monthly; series: AI",,1,,,HICP Inflation rate - Total - Annual rate of change,Euro area (moving concept in the Real Time database context) - HICP - Overall index - Annual growth rate,PCCH,0,Replace,2020-03-11T15:30:00.000+01:00,
RTD.M.S0.N.P_C_OV.A,M,S0,N,P_C_OV,A,2020-03,0.7,A,F,,,P1M,A,,,HICP.M.U2.N.000000.4D0.ANR,,,,,,"See <a class=""external"" href=""http://sdw.ecb.europa.eu/web/generator/docu/rtdb_docu.pdf""> notes</a>; block Monthly; series: AI",,1,,,HICP Inflation rate - Total - Annual rate of change,Euro area (moving concept in the Real Time database context) - HICP - Overall index - Annual growth rate,PCCH,0,Replace,2020-04-29T15:30:00.000+02:00,
RTD.M.S0.N.P_C_OV.A,M,S0,N,P_C_OV,A,2020-04,0.4,E,F,,,P1M,A,,,HICP.M.U2.N.000000.4D0.ANR,,,,,,"See <a class=""external"" href=""http://sdw.ecb.europa.eu/web/generator/docu/rtdb_docu.pdf""> notes</a>; block Monthly; series: AI",,1,,,HICP Inflation rate - Total - Annual rate of change,Euro area (moving concept in the Real Time database context) - HICP - Overall index - Annual growth rate,PCCH,0,Replace,2020-04-29T15:30:00.000+02:00,
RTD.M.S0.N.P_C_OV.A,M,S0,N,P_C_OV,A,2020-04,0.3,A,F,,,P1M,A,,,HICP.M.U2.N.000000.4D0.ANR,,,,,,"See <a class=""external"" href=""http://sdw.ecb.europa.eu/web/generator/docu/rtdb_docu.pdf""> notes</a>; block Monthly; series: AI",,1,,,HICP Inflation rate - Total - Annual rate of change,Euro area (moving concept in the Real Time database context) - HICP - Overall index - Annual growth rate,PCCH,0,Replace,2020-06-03T15:30:00.000+02:00,
RTD.M.S0.N.P_C_OV.A,M,S0,N,P_C_OV,A,2020-05,0.1,A,F,,,P1M,A,,,HICP.M.U2.N.000000.4D0.ANR,,,,,,"See <a class=""external"" href=""http://sdw.ecb.europa.eu/web/generator/docu/rtdb_docu.pdf""> notes</a>; block Monthly; series: AI",,1,,,HICP Inflation rate - Total - Annual rate of change,Euro area (moving concept in the Real Time database context) - HICP - Overall index - Annual growth rate,PCCH,0,Replace,2020-06-03T15:30:00.000+02:00,
RTD.M.S0.N.P_C_OV.A,M,S0,N,P_C_OV,A,2020-06,0.3,A,F,,,P1M,A,,,HICP.M.U2.N.000000.4D0.ANR,,,,,,"See <a class=""external"" href=""http://sdw.ecb.europa.eu/web/generator/docu/rtdb_docu.pdf""> notes</a>; block Monthly; series: AI",,1,,,HICP Inflation rate - Total - Annual rate of change,Euro area (moving concept in the Real Time database context) - HICP - Overall index - Annual growth rate,PCCH,0,Replace,2020-07-15T15:30:00.000+02:00,
RTD.M.S0.N.P_C_OV.A,M,S0,N,P_C_OV,A,2020-07,0.4,A,F,,,P1M,A,,,HICP.M.U2.N.000000.4D0.ANR,,,,,,"See <a class=""external"" href=""http://sdw.ecb.europa.eu/web/generator/docu/rtdb_docu.pdf""> notes</a>; block Monthly; series: AI",,1,,,HICP Inflation rate - Total - Annual rate of change,Euro area (moving concept in the Real Time database context) - HICP - Overall index - Annual growth rate,PCCH,0,Replace,2020-09-09T15:30:00.000+02:00,
RTD.M.S0.N.P_C_OV.A,M,S0,N,P_C_OV,A,2020-08,-0.2,E,F,,,P1M,A,,,HICP.M.U2.N.000000.4D0.ANR,,,,,,"See <a class=""external"" href=""http://sdw.ecb.europa.eu/web/generator/docu/rtdb_docu.pdf""> notes</a>; block Monthly; series: AI",,1,,,HICP Inflation rate - Total - Annual rate of change,Euro area (moving concept in the Real Time database context) - HICP - Overall index - Annual growth rate,PCCH,0,Replace,2020-09-09T15:30:00.000+02:00,
RTD.M.S0.N.P_C_OV.A,M,S0,N,P_C_OV,A,2020-08,-0.2,A,F,,,P1M,A,,,HICP.M.U2.N.000000.4D0.ANR,,,,,,"See <a class=""external"" href=""http://sdw.ecb.europa.eu/web/generator/docu/rtdb_docu.pdf""> notes</a>; block Monthly; series: AI",,1,,,HICP Inflation rate - Total - Annual rate of change,Euro area (moving concept in the Real Time database context) - HICP - Overall index - Annual growth rate,PCCH,0,Replace,2020-10-28T15:30:00.000+01:00,
RTD.M.S0.N.P_C_OV.A,M,S0,N,P_C_OV,A,2020-09,-0.3,A,F,,,P1M,A,,,HICP.M.U2.N.000000.4D0.ANR,,,,,,"See <a class=""external"" href=""http://sdw.ecb.europa.eu/web/generator/docu/rtdb_docu.pdf""> notes</a>; block Monthly; series: AI",,1,,,HICP Inflation rate - Total - Annual rate of change,Euro area (moving concept in the Real Time database context) - HICP - Overall index - Annual growth rate,PCCH,0,Replace,2020-10-28T15:30:00.000+01:00,
RTD.M.S0.N.P_C_OV.A,M,S0,N,P_C_OV,A,2020-10,-0.3,A,F,,,P1M,A,,,HICP.M.U2.N.000000.4D0.ANR,,,,,,"See <a class=""external"" href=""http://sdw.ecb.europa.eu/web/generator/docu/rtdb_docu.pdf""> notes</a>; block Monthly; series: AI",,1,,,HICP Inflation rate - Total - Annual rate of change,Euro area (moving concept in the Real Time database context) - HICP - Overall index - Annual growth rate,PCCH,0,Replace,2020-12-09T15:30:00.000+01:00,
RTD.M.S0.N.P_C_OV.A,M,S0,N,P_C_OV,A,2020-11,-0.3,A,F,,,P1M,A,,,HICP.M.U2.N.000000.4D0.ANR,,,,,,"See <a class=""external"" href=""http://sdw.ecb.europa.eu/web/generator/docu/rtdb_docu.pdf""> notes</a>; block Monthly; series: AI",,1,,,HICP Inflation rate - Total - Annual rate of change,Euro area (moving concept in the Real Time database context) - HICP - Overall index - Annual growth rate,PCCH,0,Replace,2020-12-09T15:30:00.000+01:00,
RTD.M.S0.N.P_C_OV.A,M,S0,N,P_C_OV,A,2020-12,-0.3,A,F,,,P1M,A,,,HICP.M.U2.N.000000.4D0.ANR,,,,,,"See <a class=""external"" href=""http://sdw.ecb.europa.eu/web/generator/docu/rtdb_docu.pdf""> notes</a>; block Monthly; series: AI",,1,,,HICP Inflation rate - Total - Annual rate of change,Euro area (moving concept in the Real Time database context) - HICP - Overall index - Annual growth rate,PCCH,0,Replace,2021-01-20T15:30:01.000+01:00,
RTD.M.S0.N.P_C_OV.A,M,S0,N,P_C_OV,A,2021-01,0.9,A,F,,,P1M,A,,,HICP.M.U2.N.000000.4D0.ANR,,,,,,"See <a class=""external"" href=""http://sdw.ecb.europa.eu/web/generator/docu/rtdb_docu.pdf""> notes</a>; block Monthly; series: AI",,1,,,HICP Inflation rate - Total - Annual rate of change,Euro area (moving concept in the Real Time database context) - HICP - Overall index - Annual growth rate,PCCH,0,Replace,2021-03-10T15:30:00.000+01:00,
RTD.M.S0.N.P_C_OV.A,M,S0,N,P_C_OV,A,2021-02,0.9,A,F,,,P1M,A,,,HICP.M.U2.N.000000.4D0.ANR,,,,,,"See <a class=""external"" href=""http://sdw.ecb.europa.eu/web/generator/docu/rtdb_docu.pdf""> notes</a>; block Monthly; series: AI",,1,,,HICP Inflation rate - Total - Annual rate of change,Euro area (moving concept in the Real Time database context) - HICP - Overall index - Annual growth rate,PCCH,0,Replace,2021-03-10T15:30:00.000+01:00,
RTD.M.S0.N.P_C_OV.A,M,S0,N,P_C_OV,A,2021-03,1.3,A,F,,,P1M,A,,,HICP.M.U2.N.000000.4D0.ANR,,,,,,"See <a class=""external"" href=""http://sdw.ecb.europa.eu/web/generator/docu/rtdb_docu.pdf""> notes</a>; block Monthly; series: AI",,1,,,HICP Inflation rate - Total - Annual rate of change,Euro area (moving concept in the Real Time database context) - HICP - Overall index - Annual growth rate,PCCH,0,Replace,2021-04-21T15:30:00.000+02:00,
RTD.M.S0.N.P_C_OV.A,M,S0,N,P_C_OV,A,2021-04,1.6,A,F,,,P1M,A,,,HICP.M.U2.N.000000.4D0.ANR,,,,,,"See <a class=""external"" href=""http://sdw.ecb.europa.eu/web/generator/docu/rtdb_docu.pdf""> notes</a>; block Monthly; series: AI",,1,,,HICP Inflation rate - Total - Annual rate of change,Euro area (moving concept in the Real Time database context) - HICP - Overall index - Annual growth rate,PCCH,0,Replace,2021-06-09T15:30:00.000+02:00,
RTD.M.S0.N.P_C_OV.A,M,S0,N,P_C_OV,A,2021-05,2,A,F,,,P1M,A,,,HICP.M.U2.N.000000.4D0.ANR,,,,,,"See <a class=""external"" href=""http://sdw.ecb.europa.eu/web/generator/docu/rtdb_docu.pdf""> notes</a>; block Monthly; series: AI",,1,,,HICP Inflation rate - Total - Annual rate of change,Euro area (moving concept in the Real Time database context) - HICP - Overall index - Annual growth rate,PCCH,0,Replace,2021-06-09T15:30:00.000+02:00,
RTD.M.S0.N.P_C_OV.A,M,S0,N,P_C_OV,A,2021-06,1.9,A,F,,,P1M,A,,,HICP.M.U2.N.000000.4D0.ANR,,,,,,"See <a class=""external"" href=""http://sdw.ecb.europa.eu/web/generator/docu/rtdb_docu.pdf""> notes</a>; block Monthly; series: AI",,1,,,HICP Inflation rate - Total - Annual rate of change,Euro area (moving concept in the Real Time database context) - HICP - Overall index - Annual growth rate,PCCH,0,Replace,2021-07-21T15:30:00.000+02:00,
RTD.M.S0.N.P_C_OV.A,M,S0,N,P_C_OV,A,2021-07,2.2,A,F,,,P1M,A,,,HICP.M.U2.N.000000.4D0.ANR,,,,,,"See <a class=""external"" href=""http://sdw.ecb.europa.eu/web/generator/docu/rtdb_docu.pdf""> notes</a>; block Monthly; series: AI",,1,,,HICP Inflation rate - Total - Annual rate of change,Euro area (moving concept in the Real Time database context) - HICP - Overall index - Annual growth rate,PCCH,0,Replace,2021-09-08T15:30:01.000+02:00,
RTD.M.S0.N.P_C_OV.A,M,S0,N,P_C_OV,A,2021-08,3,A,F,,,P1M,A,,,HICP.M.U2.N.000000.4D0.ANR,,,,,,"See <a class=""external"" href=""http://sdw.ecb.europa.eu/web/generator/docu/rtdb_docu.pdf""> notes</a>; block Monthly; series: AI",,1,,,HICP Inflation rate - Total - Annual rate of change,Euro area (moving concept in the Real Time database context) - HICP - Overall index - Annual growth rate,PCCH,0,Replace,2021-09-08T15:30:01.000+02:00,
RTD.M.S0.N.P_C_OV.A,M,S0,N,P_C_OV,A,2021-09,3.4,A,F,,,P1M,A,,,HICP.M.U2.N.000000.4D0.ANR,,,,,,"See <a class=""external"" href=""http://sdw.ecb.europa.eu/web/generator/docu/rtdb_docu.pdf""> notes</a>; block Monthly; series: AI",,1,,,HICP Inflation rate - Total - Annual rate of change,Euro area (moving concept in the Real Time database context) - HICP - Overall index - Annual growth rate,PCCH,0,Replace,2021-10-27T15:30:00.000+02:00,
RTD.M.S0.N.P_C_OV.A,M,S0,N,P_C_OV,A,2021-10,4.1,A,F,,,P1M,A,,,HICP.M.U2.N.000000.4D0.ANR,,,,,,"See <a class=""external"" href=""http://sdw.ecb.europa.eu/web/generator/docu/rtdb_docu.pdf""> notes</a>; block Monthly; series: AI",,1,,,HICP Inflation rate - Total - Annual rate of change,Euro area (moving concept in the Real Time database context) - HICP - Overall index - Annual growth rate,PCCH,0,Replace,2021-12-15T15:30:00.000+01:00,
RTD.M.S0.N.P_C_OV.A,M,S0,N,P_C_OV,A,2021-11,4.9,A,F,,,P1M,A,,,HICP.M.U2.N.000000.4D0.ANR,,,,,,"See <a class=""external"" href=""http://sdw.ecb.europa.eu/web/generator/docu/rtdb_docu.pdf""> notes</a>; block Monthly; series: AI",,1,,,HICP Inflation rate - Total - Annual rate of change,Euro area (moving concept in the Real Time database context) - HICP - Overall index - Annual growth rate,PCCH,0,Replace,2021-12-15T15:30:00.000+01:00,
RTD.M.S0.N.P_C_OV.A,M,S0,N,P_C_OV,A,2021-12,5,A,F,,,P1M,A,,,HICP.M.U2.N.000000.4D0.ANR,,,,,,"See <a class=""external"" href=""http://sdw.ecb.europa.eu/web/generator/docu/rtdb_docu.pdf""> notes</a>; block Monthly; series: AI",,1,,,HICP Inflation rate - Total - Annual rate of change,Euro area (moving concept in the Real Time database context) - HICP - Overall index - Annual growth rate,PCCH,0,Replace,2022-02-02T15:30:00.000+01:00,
RTD.M.S0.N.P_C_OV.A,M,S0,N,P_C_OV,A,2022-01,5.1,E,F,,,P1M,A,,,HICP.M.U2.N.000000.4D0.ANR,,,,,,"See <a class=""external"" href=""http://sdw.ecb.europa.eu/web/generator/docu/rtdb_docu.pdf""> notes</a>; block Monthly; series: AI",,1,,,HICP Inflation rate - Total - Annual rate of change,Euro area (moving concept in the Real Time database context) - HICP - Overall index - Annual growth rate,PCCH,0,Replace,2022-02-02T15:30:00.000+01:00,
RTD.M.S0.N.P_C_OV.A,M,S0,N,P_C_OV,A,2022-01,5.1,A,F,,,P1M,A,,,HICP.M.U2.N.000000.4D0.ANR,,,,,,"See <a class=""external"" href=""http://sdw.ecb.europa.eu/web/generator/docu/rtdb_docu.pdf""> notes</a>; block Monthly; series: AI",,1,,,HICP Inflation rate - Total - Annual rate of change,Euro area (moving concept in the Real Time database context) - HICP - Overall index - Annual growth rate,PCCH,0,Replace,2022-03-09T15:30:00.000+01:00,
RTD.M.S0.N.P_C_OV.A,M,S0,N,P_C_OV,A,2022-02,5.8,A,F,,,P1M,A,,,HICP.M.U2.N.000000.4D0.ANR,,,,,,"See <a class=""external"" href=""http://sdw.ecb.europa.eu/web/generator/docu/rtdb_docu.pdf""> notes</a>; block Monthly; series: AI",,1,,,HICP Inflation rate - Total - Annual rate of change,Euro area (moving concept in the Real Time database context) - HICP - Overall index - Annual growth rate,PCCH,0,Replace,2022-03-09T15:30:00.000+01:00,
RTD.M.S0.N.P_C_OV.A,M,S0,N,P_C_OV,A,2022-02,5.9,A,F,,,P1M,A,,,HICP.M.U2.N.000000.4D0.ANR,,,,,,"See <a class=""external"" href=""http://sdw.ecb.europa.eu/web/generator/docu/rtdb_docu.pdf""> notes</a>; block Monthly; series: AI",,1,,,HICP Inflation rate - Total - Annual rate of change,Euro area (moving concept in the Real Time database context) - HICP - Overall index - Annual growth rate,PCCH,0,Replace,2022-04-13T15:30:00.000+02:00,
RTD.M.S0.N.P_C_OV.A,M,S0,N,P_C_OV,A,2022-03,7.5,A,F,,,P1M,A,,,HICP.M.U2.N.000000.4D0.ANR,,,,,,"See <a class=""external"" href=""http://sdw.ecb.europa.eu/web/generator/docu/rtdb_docu.pdf""> notes</a>; block Monthly; series: AI",,1,,,HICP Inflation rate - Total - Annual rate of change,Euro area (moving concept in the Real Time database context) - HICP - Overall index - Annual growth rate,PCCH,0,Replace,2022-04-13T15:30:00.000+02:00,
RTD.M.S0.N.P_C_OV.A,M,S0,N,P_C_OV,A,2022-03,7.4,A,F,,,P1M,A,,,HICP.M.U2.N.000000.4D0.ANR,,,,,,"See <a class=""external"" href=""http://sdw.ecb.europa.eu/web/generator/docu/rtdb_docu.pdf""> notes</a>; block Monthly; series: AI",,1,,,HICP Inflation rate - Total - Annual rate of change,Euro area (moving concept in the Real Time database context) - HICP - Overall index - Annual growth rate,PCCH,0,Replace,2022-07-20T15:30:00.000+02:00,
RTD.M.S0.N.P_C_OV.A,M,S0,N,P_C_OV,A,2022-04,7.4,A,F,,,P1M,A,,,HICP.M.U2.N.000000.4D0.ANR,,,,,,"See <a class=""external"" href=""http://sdw.ecb.europa.eu/web/generator/docu/rtdb_docu.pdf""> notes</a>; block Monthly; series: AI",,1,,,HICP Inflation rate - Total - Annual rate of change,Euro area (moving concept in the Real Time database context) - HICP - Overall index - Annual growth rate,PCCH,0,Replace,2022-07-20T15:30:00.000+02:00,
RTD.M.S0.N.P_C_OV.A,M,S0,N,P_C_OV,A,2022-05,8.1,A,F,,,P1M,A,,,HICP.M.U2.N.000000.4D0.ANR,,,,,,"See <a class=""external"" href=""http://sdw.ecb.europa.eu/web/generator/docu/rtdb_docu.pdf""> notes</a>; block Monthly; series: AI",,1,,,HICP Inflation rate - Total - Annual rate of change,Euro area (moving concept in the Real Time database context) - HICP - Overall index - Annual growth rate,PCCH,0,Replace,2022-07-20T15:30:00.000+02:00,
RTD.M.S0.N.P_C_OV.A,M,S0,N,P_C_OV,A,2022-06,8.6,A,,,,P1M,A,,,HICP.M.U2.N.000000.4D0.ANR,,,,,,"See <a class=""external"" href=""http://sdw.ecb.europa.eu/web/generator/docu/rtdb_docu.pdf""> notes</a>; block Monthly; series: AI",,1,,,HICP Inflation rate - Total - Annual rate of change,Euro area (moving concept in the Real Time database context) - HICP - Overall index - Annual growth rate,PCCH,0,Replace,2022-07-20T15:30:00.000+02:00,
RTD.M.S0.N.P_C_OV.A,M,S0,N,P_C_OV,A,2022-06,8.6,A,F,,,P1M,A,,,HICP.M.U2.N.000000.4D0.ANR,,,,,,"See <a class=""external"" href=""http://sdw.ecb.europa.eu/web/generator/docu/rtdb_docu.pdf""> notes</a>; block Monthly; series: AI",,1,,,HICP Inflation rate - Total - Annual rate of change,Euro area (moving concept in the Real Time database context) - HICP - Overall index - Annual growth rate,PCCH,0,Replace,2022-09-07T15:30:00.000+02:00,
RTD.M.S0.N.P_C_OV.A,M,S0,N,P_C_OV,A,2022-07,8.9,A,F,,,P1M,A,,,HICP.M.U2.N.000000.4D0.ANR,,,,,,"See <a class=""external"" href=""http://sdw.ecb.europa.eu/web/generator/docu/rtdb_docu.pdf""> notes</a>; block Monthly; series: AI",,1,,,HICP Inflation rate - Total - Annual rate of change,Euro area (moving concept in the Real Time database context) - HICP - Overall index - Annual growth rate,PCCH,0,Replace,2022-09-07T15:30:00.000+02:00,
RTD.M.S0.N.P_C_OV.A,M,S0,N,P_C_OV,A,2022-08,9.1,E,F,,,P1M,A,,,HICP.M.U2.N.000000.4D0.ANR,,,,,,"See <a class=""external"" href=""http://sdw.ecb.europa.eu/web/generator/docu/rtdb_docu.pdf""> notes</a>; block Monthly; series: AI",,1,,,HICP Inflation rate - Total - Annual rate of change,Euro area (moving concept in the Real Time database context) - HICP - Overall index - Annual growth rate,PCCH,0,Replace,2022-09-07T15:30:00.000+02:00,
RTD.M.S0.N.P_C_OV.A,M,S0,N,P_C_OV,A,2022-08,9.1,A,F,,,P1M,A,,,HICP.M.U2.N.000000.4D0.ANR,,,,,,"See <a class=""external"" href=""http://sdw.ecb.europa.eu/web/generator/docu/rtdb_docu.pdf""> notes</a>; block Monthly; series: AI",,1,,,HICP Inflation rate - Total - Annual rate of change,Euro area (moving concept in the Real Time database context) - HICP - Overall index - Annual growth rate,PCCH,0,Replace,2022-10-26T15:30:00.000+02:00,
RTD.M.S0.N.P_C_OV.A,M,S0,N,P_C_OV,A,2022-09,9.9,A,F,,,P1M,A,,,HICP.M.U2.N.000000.4D0.ANR,,,,,,"See <a class=""external"" href=""http://sdw.ecb.europa.eu/web/generator/docu/rtdb_docu.pdf""> notes</a>; block Monthly; series: AI",,1,,,HICP Inflation rate - Total - Annual rate of change,Euro area (moving concept in the Real Time database context) - HICP - Overall index - Annual growth rate,PCCH,0,Replace,2022-10-26T15:30:00.000+02:00,
RTD.M.S0.N.P_C_OV.A,M,S0,N,P_C_OV,A,2022-10,10.6,A,F,,,P1M,A,,,HICP.M.U2.N.000000.4D0.ANR,,,,,,"See <a class=""external"" href=""http://sdw.ecb.europa.eu/web/generator/docu/rtdb_docu.pdf""> notes</a>; block Monthly; series: AI",,1,,,HICP Inflation rate - Total - Annual rate of change,Euro area (moving concept in the Real Time database context) - HICP - Overall index - Annual growth rate,PCCH,0,Replace,2022-12-14T15:30:00.000+01:00,
RTD.M.S0.N.P_C_OV.A,M,S0,N,P_C_OV,A,2022-11,10,A,F,,,P1M,A,,,HICP.M.U2.N.000000.4D0.ANR,,,,,,"See <a class=""external"" href=""http://sdw.ecb.europa.eu/web/generator/docu/rtdb_docu.pdf""> notes</a>; block Monthly; series: AI",,1,,,HICP Inflation rate - Total - Annual rate of change,Euro area (moving concept in the Real Time database context) - HICP - Overall index - Annual growth rate,PCCH,0,Replace,2022-12-14T15:30:00.000+01:00,
RTD.M.S0.N.P_C_OV.A,M,S0,N,P_C_OV,A,2022-11,10.1,A,F,,,P1M,A,,,HICP.M.U2.N.000000.4D0.ANR,,,,,,"See <a class=""external"" href=""http://sdw.ecb.europa.eu/web/generator/docu/rtdb_docu.pdf""> notes</a>; block Monthly; series: AI",,1,,,HICP Inflation rate - Total - Annual rate of change,Euro area (moving concept in the Real Time database context) - HICP - Overall index - Annual growth rate,PCCH,0,Replace,2023-02-01T15:30:00.000+01:00,
RTD.M.S0.N.P_C_OV.A,M,S0,N,P_C_OV,A,2022-12,9.2,A,F,,,P1M,A,,,HICP.M.U2.N.000000.4D0.ANR,,,,,,"See <a class=""external"" href=""http://sdw.ecb.europa.eu/web/generator/docu/rtdb_docu.pdf""> notes</a>; block Monthly; series: AI",,1,,,HICP Inflation rate - Total - Annual rate of change,Euro area (moving concept in the Real Time database context) - HICP - Overall index - Annual growth rate,PCCH,0,Replace,2023-02-01T15:30:00.000+01:00,
RTD.M.S0.N.P_C_OV.A,M,S0,N,P_C_OV,A,2023-01,8.5,E,F,,,P1M,A,,,HICP.M.U2.N.000000.4D0.ANR,,,,,,"See <a class=""external"" href=""http://sdw.ecb.europa.eu/web/generator/docu/rtdb_docu.pdf""> notes</a>; block Monthly; series: AI",,1,,,HICP Inflation rate - Total - Annual rate of change,Euro area (moving concept in the Real Time database context) - HICP - Overall index - Annual growth rate,PCCH,0,Replace,2023-02-01T15:30:00.000+01:00,
RTD.M.S0.N.P_C_OV.A,M,S0,N,P_C_OV,A,2023-01,8.6,A,F,,,P1M,A,,,HICP.M.U2.N.000000.4D0.ANR,,,,,,"See <a class=""external"" href=""http://sdw.ecb.europa.eu/web/generator/docu/rtdb_docu.pdf""> notes</a>; block Monthly; series: AI",,1,,,HICP Inflation rate - Total - Annual rate of change,Euro area (moving concept in the Real Time database context) - HICP - Overall index - Annual growth rate,PCCH,0,Replace,2023-03-15T15:30:00.000+01:00,
RTD.M.S0.N.P_C_OV.A,M,S0,N,P_C_OV,A,2023-02,8.5,A,F,,,P1M,A,,,HICP.M.U2.N.000000.4D0.ANR,,,,,,"See <a class=""external"" href=""http://sdw.ecb.europa.eu/web/generator/docu/rtdb_docu.pdf""> notes</a>; block Monthly; series: AI",,1,,,HICP Inflation rate - Total - Annual rate of change,Euro area (moving concept in the Real Time database context) - HICP - Overall index - Annual growth rate,PCCH,0,Replace,2023-03-15T15:30:00.000+01:00,
RTD.M.S0.N.P_C_OV.A,M,S0,N,P_C_OV,A,2023-03,6.9,A,F,,,P1M,A,,,HICP.M.U2.N.000000.4D0.ANR,,,,,,"See <a class=""external"" href=""http://sdw.ecb.europa.eu/web/generator/docu/rtdb_docu.pdf""> notes</a>; block Monthly; series: AI",,1,,,HICP Inflation rate - Total - Annual rate of change,Euro area (moving concept in the Real Time database context) - HICP - Overall index - Annual growth rate,PCCH,0,Replace,2023-05-03T15:30:00.000+02:00,
RTD.M.S0.N.P_C_OV.A,M,S0,N,P_C_OV,A,2023-04,7,A,F,,,P1M,A,,,HICP.M.U2.N.000000.4D0.ANR,,,,,,"See <a class=""external"" href=""http://sdw.ecb.europa.eu/web/generator/docu/rtdb_docu.pdf""> notes</a>; block Monthly; series: AI",,1,,,HICP Inflation rate - Total - Annual rate of change,Euro area (moving concept in the Real Time database context) - HICP - Overall index - Annual growth rate,PCCH,0,Replace,2023-05-03T15:30:00.000+02:00,
RTD.M.S0.N.P_C_OV.A,M,S0,N,P_C_OV,A,2023-05,6.1,A,F,,,P1M,A,,,HICP.M.U2.N.000000.4D0.ANR,,,,,,"See <a class=""external"" href=""http://sdw.ecb.europa.eu/web/generator/docu/rtdb_docu.pdf""> notes</a>; block Monthly; series: AI",,1,,,HICP Inflation rate - Total - Annual rate of change,Euro area (moving concept in the Real Time database context) - HICP - Overall index - Annual growth rate,PCCH,0,Replace,2023-06-14T15:30:00.000+02:00,
RTD.M.S0.N.P_C_OV.A,M,S0,N,P_C_OV,A,2023-06,5.5,A,F,,,P1M,A,,,HICP.M.U2.N.000000.4D0.ANR,,,,,,"See <a class=""external"" href=""http://sdw.ecb.europa.eu/web/generator/docu/rtdb_docu.pdf""> notes</a>; block Monthly; series: AI",,1,,,HICP Inflation rate - Total - Annual rate of change,Euro area (moving concept in the Real Time database context) - HICP - Overall index - Annual growth rate,PCCH,0,Replace,2023-07-26T15:30:00.000+02:00,
RTD.M.S0.N.P_C_OV.A,M,S0,N,P_C_OV,A,2023-07,5.3,A,F,,,P1M,A,,,HICP.M.U2.N.000000.4D0.ANR,,,,,,"See <a class=""external"" href=""http://sdw.ecb.europa.eu/web/generator/docu/rtdb_docu.pdf""> notes</a>; block Monthly; series: AI",,1,,,HICP Inflation rate - Total - Annual rate of change,Euro area (moving concept in the Real Time database context) - HICP - Overall index - Annual growth rate,PCCH,0,Replace,2023-09-13T15:30:00.000+02:00,
RTD.M.S0.N.P_C_OV.A,M,S0,N,P_C_OV,A,2023-08,5.3,A,F,,,P1M,A,,,HICP.M.U2.N.000000.4D0.ANR,,,,,,"See <a class=""external"" href=""http://sdw.ecb.europa.eu/web/generator/docu/rtdb_docu.pdf""> notes</a>; block Monthly; series: AI",,1,,,HICP Inflation rate - Total - Annual rate of change,Euro area (moving concept in the Real Time database context) - HICP - Overall index - Annual growth rate,PCCH,0,Replace,2023-09-13T15:30:00.000+02:00,
RTD.M.S0.N.P_C_OV.A,M,S0,N,P_C_OV,A,2023-08,5.2,A,F,,,P1M,A,,,HICP.M.U2.N.000000.4D0.ANR,,,,,,"See <a class=""external"" href=""http://sdw.ecb.europa.eu/web/generator/docu/rtdb_docu.pdf""> notes</a>; block Monthly; series: AI",,1,,,HICP Inflation rate - Total - Annual rate of change,Euro area (moving concept in the Real Time database context) - HICP - Overall index - Annual growth rate,PCCH,0,Replace,2023-10-25T15:30:00.000+02:00,
RTD.M.S0.N.P_C_OV.A,M,S0,N,P_C_OV,A,2023-09,4.3,A,F,,,P1M,A,,,HICP.M.U2.N.000000.4D0.ANR,,,,,,"See <a class=""external"" href=""http://sdw.ecb.europa.eu/web/generator/docu/rtdb_docu.pdf""> notes</a>; block Monthly; series: AI",,1,,,HICP Inflation rate - Total - Annual rate of change,Euro area (moving concept in the Real Time database context) - HICP - Overall index - Annual growth rate,PCCH,0,Replace,2023-10-25T15:30:00.000+02:00,
RTD.M.S0.N.P_C_OV.A,M,S0,N,P_C_OV,A,2023-10,2.9,A,F,,,P1M,A,,,HICP.M.U2.N.000000.4D0.ANR,,,,,,"See <a class=""external"" href=""http://sdw.ecb.europa.eu/web/generator/docu/rtdb_docu.pdf""> notes</a>; block Monthly; series: AI",,1,,,HICP Inflation rate - Total - Annual rate of change,Euro area (moving concept in the Real Time database context) - HICP - Overall index - Annual growth rate,PCCH,0,Replace,2023-12-13T15:30:00.000+01:00,
RTD.M.S0.N.P_C_OV.A,M,S0,N,P_C_OV,A,2023-11,2.4,A,F,,,P1M,A,,,HICP.M.U2.N.000000.4D0.ANR,,,,,,"See <a class=""external"" href=""http://sdw.ecb.europa.eu/web/generator/docu/rtdb_docu.pdf""> notes</a>; block Monthly; series: AI",,1,,,HICP Inflation rate - Total - Annual rate of change,Euro area (moving concept in the Real Time database context) - HICP - Overall index - Annual growth rate,PCCH,0,Replace,2023-12-13T15:30:00.000+01:00,
RTD.M.S0.N.P_C_OV.A,M,S0,N,P_C_OV,A,2023-12,2.9,A,F,,,P1M,A,,,HICP.M.U2.N.000000.4D0.ANR,,,,,,"See <a class=""external"" href=""http://sdw.ecb.europa.eu/web/generator/docu/rtdb_docu.pdf""> notes</a>; block Monthly; series: AI",,1,,,HICP Inflation rate - Total - Annual rate of change,Euro area (moving concept in the Real Time database context) - HICP - Overall index - Annual growth rate,PCCH,0,Replace,2024-01-24T15:30:00.000+01:00,
RTD.M.S0.N.P_C_OV.A,M,S0,N,P_C_OV,A,2024-01,2.8,A,F,,,P1M,A,,,HICP.M.U2.N.000000.4D0.ANR,,,,,,"See <a class=""external"" href=""http://sdw.ecb.europa.eu/web/generator/docu/rtdb_docu.pdf""> notes</a>; block Monthly; series: AI",,1,,,HICP Inflation rate - Total - Annual rate of change,Euro area (moving concept in the Real Time database context) - HICP - Overall index - Annual growth rate,PCCH,0,Replace,2024-03-06T15:30:00.000+01:00,
RTD.M.S0.N.P_C_OV.A,M,S0,N,P_C_OV,A,2024-02,2.6,A,F,,,P1M,A,,,HICP.M.U2.N.000000.4D0.ANR,,,,,,"See <a class=""external"" href=""http://sdw.ecb.europa.eu/web/generator/docu/rtdb_docu.pdf""> notes</a>; block Monthly; series: AI",,1,,,HICP Inflation rate - Total - Annual rate of change,Euro area (moving concept in the Real Time database context) - HICP - Overall index - Annual growth rate,PCCH,0,Replace,2024-03-06T15:30:00.000+01:00,
RTD.M.S0.N.P_C_OV.A,M,S0,N,P_C_OV,A,1991-01,,Q,F,,,P1M,A,,,HICP.M.U2.N.000000.4D0.ANR,,,,,,"See <a class=""external"" href=""http://sdw.ecb.europa.eu/web/generator/docu/rtdb_docu.pdf""> notes</a>; block Monthly; series: AI",,1,,,HICP Inflation rate - Total - Annual rate of change,Euro area (moving concept in the Real Time database context) - HICP - Overall index - Annual growth rate,PCCH,0,Replace,2024-04-10T15:30:00.000+02:00,
RTD.M.S0.N.P_C_OV.A,M,S0,N,P_C_OV,A,1991-02,,Q,F,,,P1M,A,,,HICP.M.U2.N.000000.4D0.ANR,,,,,,"See <a class=""external"" href=""http://sdw.ecb.europa.eu/web/generator/docu/rtdb_docu.pdf""> notes</a>; block Monthly; series: AI",,1,,,HICP Inflation rate - Total - Annual rate of change,Euro area (moving concept in the Real Time database context) - HICP - Overall index - Annual growth rate,PCCH,0,Replace,2024-04-10T15:30:00.000+02:00,
RTD.M.S0.N.P_C_OV.A,M,S0,N,P_C_OV,A,1991-03,,Q,F,,,P1M,A,,,HICP.M.U2.N.000000.4D0.ANR,,,,,,"See <a class=""external"" href=""http://sdw.ecb.europa.eu/web/generator/docu/rtdb_docu.pdf""> notes</a>; block Monthly; series: AI",,1,,,HICP Inflation rate - Total - Annual rate of change,Euro area (moving concept in the Real Time database context) - HICP - Overall index - Annual growth rate,PCCH,0,Replace,2024-04-10T15:30:00.000+02:00,
RTD.M.S0.N.P_C_OV.A,M,S0,N,P_C_OV,A,1991-04,,Q,F,,,P1M,A,,,HICP.M.U2.N.000000.4D0.ANR,,,,,,"See <a class=""external"" href=""http://sdw.ecb.europa.eu/web/generator/docu/rtdb_docu.pdf""> notes</a>; block Monthly; series: AI",,1,,,HICP Inflation rate - Total - Annual rate of change,Euro area (moving concept in the Real Time database context) - HICP - Overall index - Annual growth rate,PCCH,0,Replace,2024-04-10T15:30:00.000+02:00,
RTD.M.S0.N.P_C_OV.A,M,S0,N,P_C_OV,A,1991-05,,Q,F,,,P1M,A,,,HICP.M.U2.N.000000.4D0.ANR,,,,,,"See <a class=""external"" href=""http://sdw.ecb.europa.eu/web/generator/docu/rtdb_docu.pdf""> notes</a>; block Monthly; series: AI",,1,,,HICP Inflation rate - Total - Annual rate of change,Euro area (moving concept in the Real Time database context) - HICP - Overall index - Annual growth rate,PCCH,0,Replace,2024-04-10T15:30:00.000+02:00,
RTD.M.S0.N.P_C_OV.A,M,S0,N,P_C_OV,A,1991-06,,Q,F,,,P1M,A,,,HICP.M.U2.N.000000.4D0.ANR,,,,,,"See <a class=""external"" href=""http://sdw.ecb.europa.eu/web/generator/docu/rtdb_docu.pdf""> notes</a>; block Monthly; series: AI",,1,,,HICP Inflation rate - Total - Annual rate of change,Euro area (moving concept in the Real Time database context) - HICP - Overall index - Annual growth rate,PCCH,0,Replace,2024-04-10T15:30:00.000+02:00,
RTD.M.S0.N.P_C_OV.A,M,S0,N,P_C_OV,A,1991-07,,Q,F,,,P1M,A,,,HICP.M.U2.N.000000.4D0.ANR,,,,,,"See <a class=""external"" href=""http://sdw.ecb.europa.eu/web/generator/docu/rtdb_docu.pdf""> notes</a>; block Monthly; series: AI",,1,,,HICP Inflation rate - Total - Annual rate of change,Euro area (moving concept in the Real Time database context) - HICP - Overall index - Annual growth rate,PCCH,0,Replace,2024-04-10T15:30:00.000+02:00,
RTD.M.S0.N.P_C_OV.A,M,S0,N,P_C_OV,A,1991-08,,Q,F,,,P1M,A,,,HICP.M.U2.N.000000.4D0.ANR,,,,,,"See <a class=""external"" href=""http://sdw.ecb.europa.eu/web/generator/docu/rtdb_docu.pdf""> notes</a>; block Monthly; series: AI",,1,,,HICP Inflation rate - Total - Annual rate of change,Euro area (moving concept in the Real Time database context) - HICP - Overall index - Annual growth rate,PCCH,0,Replace,2024-04-10T15:30:00.000+02:00,
RTD.M.S0.N.P_C_OV.A,M,S0,N,P_C_OV,A,1991-09,,Q,F,,,P1M,A,,,HICP.M.U2.N.000000.4D0.ANR,,,,,,"See <a class=""external"" href=""http://sdw.ecb.europa.eu/web/generator/docu/rtdb_docu.pdf""> notes</a>; block Monthly; series: AI",,1,,,HICP Inflation rate - Total - Annual rate of change,Euro area (moving concept in the Real Time database context) - HICP - Overall index - Annual growth rate,PCCH,0,Replace,2024-04-10T15:30:00.000+02:00,
RTD.M.S0.N.P_C_OV.A,M,S0,N,P_C_OV,A,1991-10,,Q,F,,,P1M,A,,,HICP.M.U2.N.000000.4D0.ANR,,,,,,"See <a class=""external"" href=""http://sdw.ecb.europa.eu/web/generator/docu/rtdb_docu.pdf""> notes</a>; block Monthly; series: AI",,1,,,HICP Inflation rate - Total - Annual rate of change,Euro area (moving concept in the Real Time database context) - HICP - Overall index - Annual growth rate,PCCH,0,Replace,2024-04-10T15:30:00.000+02:00,
RTD.M.S0.N.P_C_OV.A,M,S0,N,P_C_OV,A,1991-11,,Q,F,,,P1M,A,,,HICP.M.U2.N.000000.4D0.ANR,,,,,,"See <a class=""external"" href=""http://sdw.ecb.europa.eu/web/generator/docu/rtdb_docu.pdf""> notes</a>; block Monthly; series: AI",,1,,,HICP Inflation rate - Total - Annual rate of change,Euro area (moving concept in the Real Time database context) - HICP - Overall index - Annual growth rate,PCCH,0,Replace,2024-04-10T15:30:00.000+02:00,
RTD.M.S0.N.P_C_OV.A,M,S0,N,P_C_OV,A,1991-12,,Q,F,,,P1M,A,,,HICP.M.U2.N.000000.4D0.ANR,,,,,,"See <a class=""external"" href=""http://sdw.ecb.europa.eu/web/generator/docu/rtdb_docu.pdf""> notes</a>; block Monthly; series: AI",,1,,,HICP Inflation rate - Total - Annual rate of change,Euro area (moving concept in the Real Time database context) - HICP - Overall index - Annual growth rate,PCCH,0,Replace,2024-04-10T15:30:00.000+02:00,
RTD.M.S0.N.P_C_OV.A,M,S0,N,P_C_OV,A,1992-01,,Q,F,,,P1M,A,,,HICP.M.U2.N.000000.4D0.ANR,,,,,,"See <a class=""external"" href=""http://sdw.ecb.europa.eu/web/generator/docu/rtdb_docu.pdf""> notes</a>; block Monthly; series: AI",,1,,,HICP Inflation rate - Total - Annual rate of change,Euro area (moving concept in the Real Time database context) - HICP - Overall index - Annual growth rate,PCCH,0,Replace,2024-04-10T15:30:00.000+02:00,
RTD.M.S0.N.P_C_OV.A,M,S0,N,P_C_OV,A,1992-02,,Q,F,,,P1M,A,,,HICP.M.U2.N.000000.4D0.ANR,,,,,,"See <a class=""external"" href=""http://sdw.ecb.europa.eu/web/generator/docu/rtdb_docu.pdf""> notes</a>; block Monthly; series: AI",,1,,,HICP Inflation rate - Total - Annual rate of change,Euro area (moving concept in the Real Time database context) - HICP - Overall index - Annual growth rate,PCCH,0,Replace,2024-04-10T15:30:00.000+02:00,
RTD.M.S0.N.P_C_OV.A,M,S0,N,P_C_OV,A,1992-03,,Q,F,,,P1M,A,,,HICP.M.U2.N.000000.4D0.ANR,,,,,,"See <a class=""external"" href=""http://sdw.ecb.europa.eu/web/generator/docu/rtdb_docu.pdf""> notes</a>; block Monthly; series: AI",,1,,,HICP Inflation rate - Total - Annual rate of change,Euro area (moving concept in the Real Time database context) - HICP - Overall index - Annual growth rate,PCCH,0,Replace,2024-04-10T15:30:00.000+02:00,
RTD.M.S0.N.P_C_OV.A,M,S0,N,P_C_OV,A,1992-04,,Q,F,,,P1M,A,,,HICP.M.U2.N.000000.4D0.ANR,,,,,,"See <a class=""external"" href=""http://sdw.ecb.europa.eu/web/generator/docu/rtdb_docu.pdf""> notes</a>; block Monthly; series: AI",,1,,,HICP Inflation rate - Total - Annual rate of change,Euro area (moving concept in the Real Time database context) - HICP - Overall index - Annual growth rate,PCCH,0,Replace,2024-04-10T15:30:00.000+02:00,
RTD.M.S0.N.P_C_OV.A,M,S0,N,P_C_OV,A,1992-05,,Q,F,,,P1M,A,,,HICP.M.U2.N.000000.4D0.ANR,,,,,,"See <a class=""external"" href=""http://sdw.ecb.europa.eu/web/generator/docu/rtdb_docu.pdf""> notes</a>; block Monthly; series: AI",,1,,,HICP Inflation rate - Total - Annual rate of change,Euro area (moving concept in the Real Time database context) - HICP - Overall index - Annual growth rate,PCCH,0,Replace,2024-04-10T15:30:00.000+02:00,
RTD.M.S0.N.P_C_OV.A,M,S0,N,P_C_OV,A,1992-06,,Q,F,,,P1M,A,,,HICP.M.U2.N.000000.4D0.ANR,,,,,,"See <a class=""external"" href=""http://sdw.ecb.europa.eu/web/generator/docu/rtdb_docu.pdf""> notes</a>; block Monthly; series: AI",,1,,,HICP Inflation rate - Total - Annual rate of change,Euro area (moving concept in the Real Time database context) - HICP - Overall index - Annual growth rate,PCCH,0,Replace,2024-04-10T15:30:00.000+02:00,
RTD.M.S0.N.P_C_OV.A,M,S0,N,P_C_OV,A,1992-07,,Q,F,,,P1M,A,,,HICP.M.U2.N.000000.4D0.ANR,,,,,,"See <a class=""external"" href=""http://sdw.ecb.europa.eu/web/generator/docu/rtdb_docu.pdf""> notes</a>; block Monthly; series: AI",,1,,,HICP Inflation rate - Total - Annual rate of change,Euro area (moving concept in the Real Time database context) - HICP - Overall index - Annual growth rate,PCCH,0,Replace,2024-04-10T15:30:00.000+02:00,
RTD.M.S0.N.P_C_OV.A,M,S0,N,P_C_OV,A,1992-08,,Q,F,,,P1M,A,,,HICP.M.U2.N.000000.4D0.ANR,,,,,,"See <a class=""external"" href=""http://sdw.ecb.europa.eu/web/generator/docu/rtdb_docu.pdf""> notes</a>; block Monthly; series: AI",,1,,,HICP Inflation rate - Total - Annual rate of change,Euro area (moving concept in the Real Time database context) - HICP - Overall index - Annual growth rate,PCCH,0,Replace,2024-04-10T15:30:00.000+02:00,
RTD.M.S0.N.P_C_OV.A,M,S0,N,P_C_OV,A,1992-09,,Q,F,,,P1M,A,,,HICP.M.U2.N.000000.4D0.ANR,,,,,,"See <a class=""external"" href=""http://sdw.ecb.europa.eu/web/generator/docu/rtdb_docu.pdf""> notes</a>; block Monthly; series: AI",,1,,,HICP Inflation rate - Total - Annual rate of change,Euro area (moving concept in the Real Time database context) - HICP - Overall index - Annual growth rate,PCCH,0,Replace,2024-04-10T15:30:00.000+02:00,
RTD.M.S0.N.P_C_OV.A,M,S0,N,P_C_OV,A,1992-10,,Q,F,,,P1M,A,,,HICP.M.U2.N.000000.4D0.ANR,,,,,,"See <a class=""external"" href=""http://sdw.ecb.europa.eu/web/generator/docu/rtdb_docu.pdf""> notes</a>; block Monthly; series: AI",,1,,,HICP Inflation rate - Total - Annual rate of change,Euro area (moving concept in the Real Time database context) - HICP - Overall index - Annual growth rate,PCCH,0,Replace,2024-04-10T15:30:00.000+02:00,
RTD.M.S0.N.P_C_OV.A,M,S0,N,P_C_OV,A,1992-11,,Q,F,,,P1M,A,,,HICP.M.U2.N.000000.4D0.ANR,,,,,,"See <a class=""external"" href=""http://sdw.ecb.europa.eu/web/generator/docu/rtdb_docu.pdf""> notes</a>; block Monthly; series: AI",,1,,,HICP Inflation rate - Total - Annual rate of change,Euro area (moving concept in the Real Time database context) - HICP - Overall index - Annual growth rate,PCCH,0,Replace,2024-04-10T15:30:00.000+02:00,
RTD.M.S0.N.P_C_OV.A,M,S0,N,P_C_OV,A,1992-12,,Q,F,,,P1M,A,,,HICP.M.U2.N.000000.4D0.ANR,,,,,,"See <a class=""external"" href=""http://sdw.ecb.europa.eu/web/generator/docu/rtdb_docu.pdf""> notes</a>; block Monthly; series: AI",,1,,,HICP Inflation rate - Total - Annual rate of change,Euro area (moving concept in the Real Time database context) - HICP - Overall index - Annual growth rate,PCCH,0,Replace,2024-04-10T15:30:00.000+02:00,
RTD.M.S0.N.P_C_OV.A,M,S0,N,P_C_OV,A,1993-01,,Q,F,,,P1M,A,,,HICP.M.U2.N.000000.4D0.ANR,,,,,,"See <a class=""external"" href=""http://sdw.ecb.europa.eu/web/generator/docu/rtdb_docu.pdf""> notes</a>; block Monthly; series: AI",,1,,,HICP Inflation rate - Total - Annual rate of change,Euro area (moving concept in the Real Time database context) - HICP - Overall index - Annual growth rate,PCCH,0,Replace,2024-04-10T15:30:00.000+02:00,
RTD.M.S0.N.P_C_OV.A,M,S0,N,P_C_OV,A,1993-02,,Q,F,,,P1M,A,,,HICP.M.U2.N.000000.4D0.ANR,,,,,,"See <a class=""external"" href=""http://sdw.ecb.europa.eu/web/generator/docu/rtdb_docu.pdf""> notes</a>; block Monthly; series: AI",,1,,,HICP Inflation rate - Total - Annual rate of change,Euro area (moving concept in the Real Time database context) - HICP - Overall index - Annual growth rate,PCCH,0,Replace,2024-04-10T15:30:00.000+02:00,
RTD.M.S0.N.P_C_OV.A,M,S0,N,P_C_OV,A,1993-03,,Q,F,,,P1M,A,,,HICP.M.U2.N.000000.4D0.ANR,,,,,,"See <a class=""external"" href=""http://sdw.ecb.europa.eu/web/generator/docu/rtdb_docu.pdf""> notes</a>; block Monthly; series: AI",,1,,,HICP Inflation rate - Total - Annual rate of change,Euro area (moving concept in the Real Time database context) - HICP - Overall index - Annual growth rate,PCCH,0,Replace,2024-04-10T15:30:00.000+02:00,
RTD.M.S0.N.P_C_OV.A,M,S0,N,P_C_OV,A,1993-04,,Q,F,,,P1M,A,,,HICP.M.U2.N.000000.4D0.ANR,,,,,,"See <a class=""external"" href=""http://sdw.ecb.europa.eu/web/generator/docu/rtdb_docu.pdf""> notes</a>; block Monthly; series: AI",,1,,,HICP Inflation rate - Total - Annual rate of change,Euro area (moving concept in the Real Time database context) - HICP - Overall index - Annual growth rate,PCCH,0,Replace,2024-04-10T15:30:00.000+02:00,
RTD.M.S0.N.P_C_OV.A,M,S0,N,P_C_OV,A,1993-05,,Q,F,,,P1M,A,,,HICP.M.U2.N.000000.4D0.ANR,,,,,,"See <a class=""external"" href=""http://sdw.ecb.europa.eu/web/generator/docu/rtdb_docu.pdf""> notes</a>; block Monthly; series: AI",,1,,,HICP Inflation rate - Total - Annual rate of change,Euro area (moving concept in the Real Time database context) - HICP - Overall index - Annual growth rate,PCCH,0,Replace,2024-04-10T15:30:00.000+02:00,
RTD.M.S0.N.P_C_OV.A,M,S0,N,P_C_OV,A,1993-06,,Q,F,,,P1M,A,,,HICP.M.U2.N.000000.4D0.ANR,,,,,,"See <a class=""external"" href=""http://sdw.ecb.europa.eu/web/generator/docu/rtdb_docu.pdf""> notes</a>; block Monthly; series: AI",,1,,,HICP Inflation rate - Total - Annual rate of change,Euro area (moving concept in the Real Time database context) - HICP - Overall index - Annual growth rate,PCCH,0,Replace,2024-04-10T15:30:00.000+02:00,
RTD.M.S0.N.P_C_OV.A,M,S0,N,P_C_OV,A,1993-07,,Q,F,,,P1M,A,,,HICP.M.U2.N.000000.4D0.ANR,,,,,,"See <a class=""external"" href=""http://sdw.ecb.europa.eu/web/generator/docu/rtdb_docu.pdf""> notes</a>; block Monthly; series: AI",,1,,,HICP Inflation rate - Total - Annual rate of change,Euro area (moving concept in the Real Time database context) - HICP - Overall index - Annual growth rate,PCCH,0,Replace,2024-04-10T15:30:00.000+02:00,
RTD.M.S0.N.P_C_OV.A,M,S0,N,P_C_OV,A,1993-08,,Q,F,,,P1M,A,,,HICP.M.U2.N.000000.4D0.ANR,,,,,,"See <a class=""external"" href=""http://sdw.ecb.europa.eu/web/generator/docu/rtdb_docu.pdf""> notes</a>; block Monthly; series: AI",,1,,,HICP Inflation rate - Total - Annual rate of change,Euro area (moving concept in the Real Time database context) - HICP - Overall index - Annual growth rate,PCCH,0,Replace,2024-04-10T15:30:00.000+02:00,
RTD.M.S0.N.P_C_OV.A,M,S0,N,P_C_OV,A,1993-09,,Q,F,,,P1M,A,,,HICP.M.U2.N.000000.4D0.ANR,,,,,,"See <a class=""external"" href=""http://sdw.ecb.europa.eu/web/generator/docu/rtdb_docu.pdf""> notes</a>; block Monthly; series: AI",,1,,,HICP Inflation rate - Total - Annual rate of change,Euro area (moving concept in the Real Time database context) - HICP - Overall index - Annual growth rate,PCCH,0,Replace,2024-04-10T15:30:00.000+02:00,
RTD.M.S0.N.P_C_OV.A,M,S0,N,P_C_OV,A,1993-10,,Q,F,,,P1M,A,,,HICP.M.U2.N.000000.4D0.ANR,,,,,,"See <a class=""external"" href=""http://sdw.ecb.europa.eu/web/generator/docu/rtdb_docu.pdf""> notes</a>; block Monthly; series: AI",,1,,,HICP Inflation rate - Total - Annual rate of change,Euro area (moving concept in the Real Time database context) - HICP - Overall index - Annual growth rate,PCCH,0,Replace,2024-04-10T15:30:00.000+02:00,
RTD.M.S0.N.P_C_OV.A,M,S0,N,P_C_OV,A,1993-11,,Q,F,,,P1M,A,,,HICP.M.U2.N.000000.4D0.ANR,,,,,,"See <a class=""external"" href=""http://sdw.ecb.europa.eu/web/generator/docu/rtdb_docu.pdf""> notes</a>; block Monthly; series: AI",,1,,,HICP Inflation rate - Total - Annual rate of change,Euro area (moving concept in the Real Time database context) - HICP - Overall index - Annual growth rate,PCCH,0,Replace,2024-04-10T15:30:00.000+02:00,
RTD.M.S0.N.P_C_OV.A,M,S0,N,P_C_OV,A,1993-12,,Q,F,,,P1M,A,,,HICP.M.U2.N.000000.4D0.ANR,,,,,,"See <a class=""external"" href=""http://sdw.ecb.europa.eu/web/generator/docu/rtdb_docu.pdf""> notes</a>; block Monthly; series: AI",,1,,,HICP Inflation rate - Total - Annual rate of change,Euro area (moving concept in the Real Time database context) - HICP - Overall index - Annual growth rate,PCCH,0,Replace,2024-04-10T15:30:00.000+02:00,
RTD.M.S0.N.P_C_OV.A,M,S0,N,P_C_OV,A,1994-01,,Q,F,,,P1M,A,,,HICP.M.U2.N.000000.4D0.ANR,,,,,,"See <a class=""external"" href=""http://sdw.ecb.europa.eu/web/generator/docu/rtdb_docu.pdf""> notes</a>; block Monthly; series: AI",,1,,,HICP Inflation rate - Total - Annual rate of change,Euro area (moving concept in the Real Time database context) - HICP - Overall index - Annual growth rate,PCCH,0,Replace,2024-04-10T15:30:00.000+02:00,
RTD.M.S0.N.P_C_OV.A,M,S0,N,P_C_OV,A,1994-02,,Q,F,,,P1M,A,,,HICP.M.U2.N.000000.4D0.ANR,,,,,,"See <a class=""external"" href=""http://sdw.ecb.europa.eu/web/generator/docu/rtdb_docu.pdf""> notes</a>; block Monthly; series: AI",,1,,,HICP Inflation rate - Total - Annual rate of change,Euro area (moving concept in the Real Time database context) - HICP - Overall index - Annual growth rate,PCCH,0,Replace,2024-04-10T15:30:00.000+02:00,
RTD.M.S0.N.P_C_OV.A,M,S0,N,P_C_OV,A,1994-03,,Q,F,,,P1M,A,,,HICP.M.U2.N.000000.4D0.ANR,,,,,,"See <a class=""external"" href=""http://sdw.ecb.europa.eu/web/generator/docu/rtdb_docu.pdf""> notes</a>; block Monthly; series: AI",,1,,,HICP Inflation rate - Total - Annual rate of change,Euro area (moving concept in the Real Time database context) - HICP - Overall index - Annual growth rate,PCCH,0,Replace,2024-04-10T15:30:00.000+02:00,
RTD.M.S0.N.P_C_OV.A,M,S0,N,P_C_OV,A,1994-04,,Q,F,,,P1M,A,,,HICP.M.U2.N.000000.4D0.ANR,,,,,,"See <a class=""external"" href=""http://sdw.ecb.europa.eu/web/generator/docu/rtdb_docu.pdf""> notes</a>; block Monthly; series: AI",,1,,,HICP Inflation rate - Total - Annual rate of change,Euro area (moving concept in the Real Time database context) - HICP - Overall index - Annual growth rate,PCCH,0,Replace,2024-04-10T15:30:00.000+02:00,
RTD.M.S0.N.P_C_OV.A,M,S0,N,P_C_OV,A,1994-05,,Q,F,,,P1M,A,,,HICP.M.U2.N.000000.4D0.ANR,,,,,,"See <a class=""external"" href=""http://sdw.ecb.europa.eu/web/generator/docu/rtdb_docu.pdf""> notes</a>; block Monthly; series: AI",,1,,,HICP Inflation rate - Total - Annual rate of change,Euro area (moving concept in the Real Time database context) - HICP - Overall index - Annual growth rate,PCCH,0,Replace,2024-04-10T15:30:00.000+02:00,
RTD.M.S0.N.P_C_OV.A,M,S0,N,P_C_OV,A,1994-06,,Q,F,,,P1M,A,,,HICP.M.U2.N.000000.4D0.ANR,,,,,,"See <a class=""external"" href=""http://sdw.ecb.europa.eu/web/generator/docu/rtdb_docu.pdf""> notes</a>; block Monthly; series: AI",,1,,,HICP Inflation rate - Total - Annual rate of change,Euro area (moving concept in the Real Time database context) - HICP - Overall index - Annual growth rate,PCCH,0,Replace,2024-04-10T15:30:00.000+02:00,
RTD.M.S0.N.P_C_OV.A,M,S0,N,P_C_OV,A,1994-07,,Q,F,,,P1M,A,,,HICP.M.U2.N.000000.4D0.ANR,,,,,,"See <a class=""external"" href=""http://sdw.ecb.europa.eu/web/generator/docu/rtdb_docu.pdf""> notes</a>; block Monthly; series: AI",,1,,,HICP Inflation rate - Total - Annual rate of change,Euro area (moving concept in the Real Time database context) - HICP - Overall index - Annual growth rate,PCCH,0,Replace,2024-04-10T15:30:00.000+02:00,
RTD.M.S0.N.P_C_OV.A,M,S0,N,P_C_OV,A,1994-08,,Q,F,,,P1M,A,,,HICP.M.U2.N.000000.4D0.ANR,,,,,,"See <a class=""external"" href=""http://sdw.ecb.europa.eu/web/generator/docu/rtdb_docu.pdf""> notes</a>; block Monthly; series: AI",,1,,,HICP Inflation rate - Total - Annual rate of change,Euro area (moving concept in the Real Time database context) - HICP - Overall index - Annual growth rate,PCCH,0,Replace,2024-04-10T15:30:00.000+02:00,
RTD.M.S0.N.P_C_OV.A,M,S0,N,P_C_OV,A,1994-09,,Q,F,,,P1M,A,,,HICP.M.U2.N.000000.4D0.ANR,,,,,,"See <a class=""external"" href=""http://sdw.ecb.europa.eu/web/generator/docu/rtdb_docu.pdf""> notes</a>; block Monthly; series: AI",,1,,,HICP Inflation rate - Total - Annual rate of change,Euro area (moving concept in the Real Time database context) - HICP - Overall index - Annual growth rate,PCCH,0,Replace,2024-04-10T15:30:00.000+02:00,
RTD.M.S0.N.P_C_OV.A,M,S0,N,P_C_OV,A,1994-10,,Q,F,,,P1M,A,,,HICP.M.U2.N.000000.4D0.ANR,,,,,,"See <a class=""external"" href=""http://sdw.ecb.europa.eu/web/generator/docu/rtdb_docu.pdf""> notes</a>; block Monthly; series: AI",,1,,,HICP Inflation rate - Total - Annual rate of change,Euro area (moving concept in the Real Time database context) - HICP - Overall index - Annual growth rate,PCCH,0,Replace,2024-04-10T15:30:00.000+02:00,
RTD.M.S0.N.P_C_OV.A,M,S0,N,P_C_OV,A,1994-11,,Q,F,,,P1M,A,,,HICP.M.U2.N.000000.4D0.ANR,,,,,,"See <a class=""external"" href=""http://sdw.ecb.europa.eu/web/generator/docu/rtdb_docu.pdf""> notes</a>; block Monthly; series: AI",,1,,,HICP Inflation rate - Total - Annual rate of change,Euro area (moving concept in the Real Time database context) - HICP - Overall index - Annual growth rate,PCCH,0,Replace,2024-04-10T15:30:00.000+02:00,
RTD.M.S0.N.P_C_OV.A,M,S0,N,P_C_OV,A,1994-12,,Q,F,,,P1M,A,,,HICP.M.U2.N.000000.4D0.ANR,,,,,,"See <a class=""external"" href=""http://sdw.ecb.europa.eu/web/generator/docu/rtdb_docu.pdf""> notes</a>; block Monthly; series: AI",,1,,,HICP Inflation rate - Total - Annual rate of change,Euro area (moving concept in the Real Time database context) - HICP - Overall index - Annual growth rate,PCCH,0,Replace,2024-04-10T15:30:00.000+02:00,
RTD.M.S0.N.P_C_OV.A,M,S0,N,P_C_OV,A,1995-01,,Q,F,,,P1M,A,,,HICP.M.U2.N.000000.4D0.ANR,,,,,,"See <a class=""external"" href=""http://sdw.ecb.europa.eu/web/generator/docu/rtdb_docu.pdf""> notes</a>; block Monthly; series: AI",,1,,,HICP Inflation rate - Total - Annual rate of change,Euro area (moving concept in the Real Time database context) - HICP - Overall index - Annual growth rate,PCCH,0,Replace,2024-04-10T15:30:00.000+02:00,
RTD.M.S0.N.P_C_OV.A,M,S0,N,P_C_OV,A,1995-02,,Q,F,,,P1M,A,,,HICP.M.U2.N.000000.4D0.ANR,,,,,,"See <a class=""external"" href=""http://sdw.ecb.europa.eu/web/generator/docu/rtdb_docu.pdf""> notes</a>; block Monthly; series: AI",,1,,,HICP Inflation rate - Total - Annual rate of change,Euro area (moving concept in the Real Time database context) - HICP - Overall index - Annual growth rate,PCCH,0,Replace,2024-04-10T15:30:00.000+02:00,
RTD.M.S0.N.P_C_OV.A,M,S0,N,P_C_OV,A,1995-03,,Q,F,,,P1M,A,,,HICP.M.U2.N.000000.4D0.ANR,,,,,,"See <a class=""external"" href=""http://sdw.ecb.europa.eu/web/generator/docu/rtdb_docu.pdf""> notes</a>; block Monthly; series: AI",,1,,,HICP Inflation rate - Total - Annual rate of change,Euro area (moving concept in the Real Time database context) - HICP - Overall index - Annual growth rate,PCCH,0,Replace,2024-04-10T15:30:00.000+02:00,
RTD.M.S0.N.P_C_OV.A,M,S0,N,P_C_OV,A,1995-04,,Q,F,,,P1M,A,,,HICP.M.U2.N.000000.4D0.ANR,,,,,,"See <a class=""external"" href=""http://sdw.ecb.europa.eu/web/generator/docu/rtdb_docu.pdf""> notes</a>; block Monthly; series: AI",,1,,,HICP Inflation rate - Total - Annual rate of change,Euro area (moving concept in the Real Time database context) - HICP - Overall index - Annual growth rate,PCCH,0,Replace,2024-04-10T15:30:00.000+02:00,
RTD.M.S0.N.P_C_OV.A,M,S0,N,P_C_OV,A,1995-05,,Q,F,,,P1M,A,,,HICP.M.U2.N.000000.4D0.ANR,,,,,,"See <a class=""external"" href=""http://sdw.ecb.europa.eu/web/generator/docu/rtdb_docu.pdf""> notes</a>; block Monthly; series: AI",,1,,,HICP Inflation rate - Total - Annual rate of change,Euro area (moving concept in the Real Time database context) - HICP - Overall index - Annual growth rate,PCCH,0,Replace,2024-04-10T15:30:00.000+02:00,
RTD.M.S0.N.P_C_OV.A,M,S0,N,P_C_OV,A,1995-06,,Q,F,,,P1M,A,,,HICP.M.U2.N.000000.4D0.ANR,,,,,,"See <a class=""external"" href=""http://sdw.ecb.europa.eu/web/generator/docu/rtdb_docu.pdf""> notes</a>; block Monthly; series: AI",,1,,,HICP Inflation rate - Total - Annual rate of change,Euro area (moving concept in the Real Time database context) - HICP - Overall index - Annual growth rate,PCCH,0,Replace,2024-04-10T15:30:00.000+02:00,
RTD.M.S0.N.P_C_OV.A,M,S0,N,P_C_OV,A,1995-07,,Q,F,,,P1M,A,,,HICP.M.U2.N.000000.4D0.ANR,,,,,,"See <a class=""external"" href=""http://sdw.ecb.europa.eu/web/generator/docu/rtdb_docu.pdf""> notes</a>; block Monthly; series: AI",,1,,,HICP Inflation rate - Total - Annual rate of change,Euro area (moving concept in the Real Time database context) - HICP - Overall index - Annual growth rate,PCCH,0,Replace,2024-04-10T15:30:00.000+02:00,
RTD.M.S0.N.P_C_OV.A,M,S0,N,P_C_OV,A,1995-08,,Q,F,,,P1M,A,,,HICP.M.U2.N.000000.4D0.ANR,,,,,,"See <a class=""external"" href=""http://sdw.ecb.europa.eu/web/generator/docu/rtdb_docu.pdf""> notes</a>; block Monthly; series: AI",,1,,,HICP Inflation rate - Total - Annual rate of change,Euro area (moving concept in the Real Time database context) - HICP - Overall index - Annual growth rate,PCCH,0,Replace,2024-04-10T15:30:00.000+02:00,
RTD.M.S0.N.P_C_OV.A,M,S0,N,P_C_OV,A,1995-09,,Q,F,,,P1M,A,,,HICP.M.U2.N.000000.4D0.ANR,,,,,,"See <a class=""external"" href=""http://sdw.ecb.europa.eu/web/generator/docu/rtdb_docu.pdf""> notes</a>; block Monthly; series: AI",,1,,,HICP Inflation rate - Total - Annual rate of change,Euro area (moving concept in the Real Time database context) - HICP - Overall index - Annual growth rate,PCCH,0,Replace,2024-04-10T15:30:00.000+02:00,
RTD.M.S0.N.P_C_OV.A,M,S0,N,P_C_OV,A,1995-10,,Q,F,,,P1M,A,,,HICP.M.U2.N.000000.4D0.ANR,,,,,,"See <a class=""external"" href=""http://sdw.ecb.europa.eu/web/generator/docu/rtdb_docu.pdf""> notes</a>; block Monthly; series: AI",,1,,,HICP Inflation rate - Total - Annual rate of change,Euro area (moving concept in the Real Time database context) - HICP - Overall index - Annual growth rate,PCCH,0,Replace,2024-04-10T15:30:00.000+02:00,
RTD.M.S0.N.P_C_OV.A,M,S0,N,P_C_OV,A,1995-11,,Q,F,,,P1M,A,,,HICP.M.U2.N.000000.4D0.ANR,,,,,,"See <a class=""external"" href=""http://sdw.ecb.europa.eu/web/generator/docu/rtdb_docu.pdf""> notes</a>; block Monthly; series: AI",,1,,,HICP Inflation rate - Total - Annual rate of change,Euro area (moving concept in the Real Time database context) - HICP - Overall index - Annual growth rate,PCCH,0,Replace,2024-04-10T15:30:00.000+02:00,
RTD.M.S0.N.P_C_OV.A,M,S0,N,P_C_OV,A,1995-12,,Q,F,,,P1M,A,,,HICP.M.U2.N.000000.4D0.ANR,,,,,,"See <a class=""external"" href=""http://sdw.ecb.europa.eu/web/generator/docu/rtdb_docu.pdf""> notes</a>; block Monthly; series: AI",,1,,,HICP Inflation rate - Total - Annual rate of change,Euro area (moving concept in the Real Time database context) - HICP - Overall index - Annual growth rate,PCCH,0,Replace,2024-04-10T15:30:00.000+02:00,
RTD.M.S0.N.P_C_OV.A,M,S0,N,P_C_OV,A,1996-01,,Q,F,,,P1M,A,,,HICP.M.U2.N.000000.4D0.ANR,,,,,,"See <a class=""external"" href=""http://sdw.ecb.europa.eu/web/generator/docu/rtdb_docu.pdf""> notes</a>; block Monthly; series: AI",,1,,,HICP Inflation rate - Total - Annual rate of change,Euro area (moving concept in the Real Time database context) - HICP - Overall index - Annual growth rate,PCCH,0,Replace,2024-04-10T15:30:00.000+02:00,
RTD.M.S0.N.P_C_OV.A,M,S0,N,P_C_OV,A,1996-02,,Q,F,,,P1M,A,,,HICP.M.U2.N.000000.4D0.ANR,,,,,,"See <a class=""external"" href=""http://sdw.ecb.europa.eu/web/generator/docu/rtdb_docu.pdf""> notes</a>; block Monthly; series: AI",,1,,,HICP Inflation rate - Total - Annual rate of change,Euro area (moving concept in the Real Time database context) - HICP - Overall index - Annual growth rate,PCCH,0,Replace,2024-04-10T15:30:00.000+02:00,
RTD.M.S0.N.P_C_OV.A,M,S0,N,P_C_OV,A,1996-03,,Q,F,,,P1M,A,,,HICP.M.U2.N.000000.4D0.ANR,,,,,,"See <a class=""external"" href=""http://sdw.ecb.europa.eu/web/generator/docu/rtdb_docu.pdf""> notes</a>; block Monthly; series: AI",,1,,,HICP Inflation rate - Total - Annual rate of change,Euro area (moving concept in the Real Time database context) - HICP - Overall index - Annual growth rate,PCCH,0,Replace,2024-04-10T15:30:00.000+02:00,
RTD.M.S0.N.P_C_OV.A,M,S0,N,P_C_OV,A,1996-04,,Q,F,,,P1M,A,,,HICP.M.U2.N.000000.4D0.ANR,,,,,,"See <a class=""external"" href=""http://sdw.ecb.europa.eu/web/generator/docu/rtdb_docu.pdf""> notes</a>; block Monthly; series: AI",,1,,,HICP Inflation rate - Total - Annual rate of change,Euro area (moving concept in the Real Time database context) - HICP - Overall index - Annual growth rate,PCCH,0,Replace,2024-04-10T15:30:00.000+02:00,
RTD.M.S0.N.P_C_OV.A,M,S0,N,P_C_OV,A,1996-05,,Q,F,,,P1M,A,,,HICP.M.U2.N.000000.4D0.ANR,,,,,,"See <a class=""external"" href=""http://sdw.ecb.europa.eu/web/generator/docu/rtdb_docu.pdf""> notes</a>; block Monthly; series: AI",,1,,,HICP Inflation rate - Total - Annual rate of change,Euro area (moving concept in the Real Time database context) - HICP - Overall index - Annual growth rate,PCCH,0,Replace,2024-04-10T15:30:00.000+02:00,
RTD.M.S0.N.P_C_OV.A,M,S0,N,P_C_OV,A,1996-06,,Q,F,,,P1M,A,,,HICP.M.U2.N.000000.4D0.ANR,,,,,,"See <a class=""external"" href=""http://sdw.ecb.europa.eu/web/generator/docu/rtdb_docu.pdf""> notes</a>; block Monthly; series: AI",,1,,,HICP Inflation rate - Total - Annual rate of change,Euro area (moving concept in the Real Time database context) - HICP - Overall index - Annual growth rate,PCCH,0,Replace,2024-04-10T15:30:00.000+02:00,
RTD.M.S0.N.P_C_OV.A,M,S0,N,P_C_OV,A,1996-07,,Q,F,,,P1M,A,,,HICP.M.U2.N.000000.4D0.ANR,,,,,,"See <a class=""external"" href=""http://sdw.ecb.europa.eu/web/generator/docu/rtdb_docu.pdf""> notes</a>; block Monthly; series: AI",,1,,,HICP Inflation rate - Total - Annual rate of change,Euro area (moving concept in the Real Time database context) - HICP - Overall index - Annual growth rate,PCCH,0,Replace,2024-04-10T15:30:00.000+02:00,
RTD.M.S0.N.P_C_OV.A,M,S0,N,P_C_OV,A,1996-08,,Q,F,,,P1M,A,,,HICP.M.U2.N.000000.4D0.ANR,,,,,,"See <a class=""external"" href=""http://sdw.ecb.europa.eu/web/generator/docu/rtdb_docu.pdf""> notes</a>; block Monthly; series: AI",,1,,,HICP Inflation rate - Total - Annual rate of change,Euro area (moving concept in the Real Time database context) - HICP - Overall index - Annual growth rate,PCCH,0,Replace,2024-04-10T15:30:00.000+02:00,
RTD.M.S0.N.P_C_OV.A,M,S0,N,P_C_OV,A,1996-09,,Q,F,,,P1M,A,,,HICP.M.U2.N.000000.4D0.ANR,,,,,,"See <a class=""external"" href=""http://sdw.ecb.europa.eu/web/generator/docu/rtdb_docu.pdf""> notes</a>; block Monthly; series: AI",,1,,,HICP Inflation rate - Total - Annual rate of change,Euro area (moving concept in the Real Time database context) - HICP - Overall index - Annual growth rate,PCCH,0,Replace,2024-04-10T15:30:00.000+02:00,
RTD.M.S0.N.P_C_OV.A,M,S0,N,P_C_OV,A,1996-10,,Q,F,,,P1M,A,,,HICP.M.U2.N.000000.4D0.ANR,,,,,,"See <a class=""external"" href=""http://sdw.ecb.europa.eu/web/generator/docu/rtdb_docu.pdf""> notes</a>; block Monthly; series: AI",,1,,,HICP Inflation rate - Total - Annual rate of change,Euro area (moving concept in the Real Time database context) - HICP - Overall index - Annual growth rate,PCCH,0,Replace,2024-04-10T15:30:00.000+02:00,
RTD.M.S0.N.P_C_OV.A,M,S0,N,P_C_OV,A,1996-11,,Q,F,,,P1M,A,,,HICP.M.U2.N.000000.4D0.ANR,,,,,,"See <a class=""external"" href=""http://sdw.ecb.europa.eu/web/generator/docu/rtdb_docu.pdf""> notes</a>; block Monthly; series: AI",,1,,,HICP Inflation rate - Total - Annual rate of change,Euro area (moving concept in the Real Time database context) - HICP - Overall index - Annual growth rate,PCCH,0,Replace,2024-04-10T15:30:00.000+02:00,
RTD.M.S0.N.P_C_OV.A,M,S0,N,P_C_OV,A,1996-12,,Q,F,,,P1M,A,,,HICP.M.U2.N.000000.4D0.ANR,,,,,,"See <a class=""external"" href=""http://sdw.ecb.europa.eu/web/generator/docu/rtdb_docu.pdf""> notes</a>; block Monthly; series: AI",,1,,,HICP Inflation rate - Total - Annual rate of change,Euro area (moving concept in the Real Time database context) - HICP - Overall index - Annual growth rate,PCCH,0,Replace,2024-04-10T15:30:00.000+02:00,
RTD.M.S0.N.P_C_OV.A,M,S0,N,P_C_OV,A,2024-03,2.4,E,F,,,P1M,A,,,HICP.M.U2.N.000000.4D0.ANR,,,,,,"See <a class=""external"" href=""http://sdw.ecb.europa.eu/web/generator/docu/rtdb_docu.pdf""> notes</a>; block Monthly; series: AI",,1,,,HICP Inflation rate - Total - Annual rate of change,Euro area (moving concept in the Real Time database context) - HICP - Overall index - Annual growth rate,PCCH,0,Replace,2024-04-10T15:30:00.000+02:00,
RTD.M.S0.N.P_C_OV.A,M,S0,N,P_C_OV,A,2024-03,2.4,A,F,,,P1M,A,,,HICP.M.U2.N.000000.4D0.ANR,,,,,,"See <a class=""external"" href=""http://sdw.ecb.europa.eu/web/generator/docu/rtdb_docu.pdf""> notes</a>; block Monthly; series: AI",,1,,,HICP Inflation rate - Total - Annual rate of change,Euro area (moving concept in the Real Time database context) - HICP - Overall index - Annual growth rate,PCCH,0,Replace,2024-06-05T15:30:00.000+02:00,
RTD.M.S0.N.P_C_OV.A,M,S0,N,P_C_OV,A,2024-04,2.4,A,F,,,P1M,A,,,HICP.M.U2.N.000000.4D0.ANR,,,,,,"See <a class=""external"" href=""http://sdw.ecb.europa.eu/web/generator/docu/rtdb_docu.pdf""> notes</a>; block Monthly; series: AI",,1,,,HICP Inflation rate - Total - Annual rate of change,Euro area (moving concept in the Real Time database context) - HICP - Overall index - Annual growth rate,PCCH,0,Replace,2024-06-05T15:30:00.000+02:00,
RTD.M.S0.N.P_C_OV.A,M,S0,N,P_C_OV,A,2024-05,2.6,E,F,,,P1M,A,,,HICP.M.U2.N.000000.4D0.ANR,,,,,,"See <a class=""external"" href=""http://sdw.ecb.europa.eu/web/generator/docu/rtdb_docu.pdf""> notes</a>; block Monthly; series: AI",,1,,,HICP Inflation rate - Total - Annual rate of change,Euro area (moving concept in the Real Time database context) - HICP - Overall index - Annual growth rate,PCCH,0,Replace,2024-06-05T15:30:00.000+02:00,
RTD.M.S0.N.P_C_OV.A,M,S0,N,P_C_OV,A,2024-05,2.6,A,F,,,P1M,A,,,HICP.M.U2.N.000000.4D0.ANR,,,,,,"See <a class=""external"" href=""http://sdw.ecb.europa.eu/web/generator/docu/rtdb_docu.pdf""> notes</a>; block Monthly; series: AI",,1,,,HICP Inflation rate - Total - Annual rate of change,Euro area (moving concept in the Real Time database context) - HICP - Overall index - Annual growth rate,PCCH,0,Replace,2024-07-17T15:30:00.000+02:00,
RTD.M.S0.N.P_C_OV.A,M,S0,N,P_C_OV,A,2024-06,2.5,E,F,,,P1M,A,,,HICP.M.U2.N.000000.4D0.ANR,,,,,,"See <a class=""external"" href=""http://sdw.ecb.europa.eu/web/generator/docu/rtdb_docu.pdf""> notes</a>; block Monthly; series: AI",,1,,,HICP Inflation rate - Total - Annual rate of change,Euro area (moving concept in the Real Time database context) - HICP - Overall index - Annual growth rate,PCCH,0,Replace,2024-07-17T15:30:00.000+02:00,
RTD.M.S0.N.P_C_OV.A,M,S0,N,P_C_OV,A,2024-07,2.6,E,F,,,P1M,A,,,HICP.M.U2.N.000000.4D0.ANR,,,,,,"See <a class=""external"" href=""http://sdw.ecb.europa.eu/web/generator/docu/rtdb_docu.pdf""> notes</a>; block Monthly; series: AI",,1,,,HICP Inflation rate - Total - Annual rate of change,Euro area (moving concept in the Real Time database context) - HICP - Overall index - Annual growth rate,PCCH,0,Replace,2024-09-11T15:30:00.000+02:00,
RTD.M.S0.N.P_C_OV.A,M,S0,N,P_C_OV,A,2024-08,2.2,E,F,,,P1M,A,,,HICP.M.U2.N.000000.4D0.ANR,,,,,,"See <a class=""external"" href=""http://sdw.ecb.europa.eu/web/generator/docu/rtdb_docu.pdf""> notes</a>; block Monthly; series: AI",,1,,,HICP Inflation rate - Total - Annual rate of change,Euro area (moving concept in the Real Time database context) - HICP - Overall index - Annual growth rate,PCCH,0,Replace,2024-09-11T15:30:00.000+02:00,
RTD.M.S0.N.P_C_OV.A,M,S0,N,P_C_OV,A,2024-06,2.5,A,F,,,P1M,A,,,HICP.M.U2.N.000000.4D0.ANR,,,,,,"See <a class=""external"" href=""http://sdw.ecb.europa.eu/web/generator/docu/rtdb_docu.pdf""> notes</a>; block Monthly; series: AI",,1,,,HICP Inflation rate - Total - Annual rate of change,Euro area (moving concept in the Real Time database context) - HICP - Overall index - Annual growth rate,PCCH,0,Replace,2024-10-16T15:30:00.000+02:00,
RTD.M.S0.N.P_C_OV.A,M,S0,N,P_C_OV,A,2024-07,2.6,A,F,,,P1M,A,,,HICP.M.U2.N.000000.4D0.ANR,,,,,,"See <a class=""external"" href=""http://sdw.ecb.europa.eu/web/generator/docu/rtdb_docu.pdf""> notes</a>; block Monthly; series: AI",,1,,,HICP Inflation rate - Total - Annual rate of change,Euro area (moving concept in the Real Time database context) - HICP - Overall index - Annual growth rate,PCCH,0,Replace,2024-10-16T15:30:00.000+02:00,
RTD.M.S0.N.P_C_OV.A,M,S0,N,P_C_OV,A,2024-08,2.2,A,F,,,P1M,A,,,HICP.M.U2.N.000000.4D0.ANR,,,,,,"See <a class=""external"" href=""http://sdw.ecb.europa.eu/web/generator/docu/rtdb_docu.pdf""> notes</a>; block Monthly; series: AI",,1,,,HICP Inflation rate - Total - Annual rate of change,Euro area (moving concept in the Real Time database context) - HICP - Overall index - Annual growth rate,PCCH,0,Replace,2024-10-16T15:30:00.000+02:00,
RTD.M.S0.N.P_C_OV.A,M,S0,N,P_C_OV,A,2024-09,1.7,A,F,,,P1M,A,,,HICP.M.U2.N.000000.4D0.ANR,,,,,,"See <a class=""external"" href=""http://sdw.ecb.europa.eu/web/generator/docu/rtdb_docu.pdf""> notes</a>; block Monthly; series: AI",,1,,,HICP Inflation rate - Total - Annual rate of change,Euro area (moving concept in the Real Time database context) - HICP - Overall index - Annual growth rate,PCCH,0,Replace,2024-10-16T15:30:00.000+02:00,
RTD.M.S0.N.P_C_OV.A,M,S0,N,P_C_OV,A,2024-10,2,A,F,,,P1M,A,,,HICP.M.U2.N.000000.4D0.ANR,,,,,,"See <a class=""external"" href=""http://sdw.ecb.europa.eu/web/generator/docu/rtdb_docu.pdf""> notes</a>; block Monthly; series: AI",,1,,,HICP Inflation rate - Total - Annual rate of change,Euro area (moving concept in the Real Time database context) - HICP - Overall index - Annual growth rate,PCCH,0,Replace,2024-12-11T15:30:00.000+01:00,
RTD.M.S0.N.P_C_OV.A,M,S0,N,P_C_OV,A,2024-11,2.3,E,F,,,P1M,A,,,HICP.M.U2.N.000000.4D0.ANR,,,,,,"See <a class=""external"" href=""http://sdw.ecb.europa.eu/web/generator/docu/rtdb_docu.pdf""> notes</a>; block Monthly; series: AI",,1,,,HICP Inflation rate - Total - Annual rate of change,Euro area (moving concept in the Real Time database context) - HICP - Overall index - Annual growth rate,PCCH,0,Replace,2024-12-11T15:30:00.000+01:00,
RTD.M.S0.N.P_C_OV.A,M,S0,N,P_C_OV,A,2024-11,2.2,A,F,,,P1M,A,,,HICP.M.U2.N.000000.4D0.ANR,,,,,,"See <a class=""external"" href=""http://sdw.ecb.europa.eu/web/generator/docu/rtdb_docu.pdf""> notes</a>; block Monthly; series: AI",,1,,,HICP Inflation rate - Total - Annual rate of change,Euro area (moving concept in the Real Time database context) - HICP - Overall index - Annual growth rate,PCCH,0,Replace,2025-01-29T15:30:00.000+01:00,
RTD.M.S0.N.P_C_OV.A,M,S0,N,P_C_OV,A,2024-12,2.4,E,F,,,P1M,A,,,HICP.M.U2.N.000000.4D0.ANR,,,,,,"See <a class=""external"" href=""http://sdw.ecb.europa.eu/web/generator/docu/rtdb_docu.pdf""> notes</a>; block Monthly; series: AI",,1,,,HICP Inflation rate - Total - Annual rate of change,Euro area (moving concept in the Real Time database context) - HICP - Overall index - Annual growth rate,PCCH,0,Replace,2025-01-29T15:30:00.000+01:00,
RTD.M.S0.N.P_C_OV.A,M,S0,N,P_C_OV,A,2024-12,2.4,A,F,,,P1M,A,,,HICP.M.U2.N.000000.4D0.ANR,,,,,,"See <a class=""external"" href=""http://sdw.ecb.europa.eu/web/generator/docu/rtdb_docu.pdf""> notes</a>; block Monthly; series: AI",,1,,,HICP Inflation rate - Total - Annual rate of change,Euro area (moving concept in the Real Time database context) - HICP - Overall index - Annual growth rate,PCCH,0,Replace,2025-03-05T15:30:00.000+01:00,
RTD.M.S0.N.P_C_OV.A,M,S0,N,P_C_OV,A,2025-01,2.5,A,F,,,P1M,A,,,HICP.M.U2.N.000000.4D0.ANR,,,,,,"See <a class=""external"" href=""http://sdw.ecb.europa.eu/web/generator/docu/rtdb_docu.pdf""> notes</a>; block Monthly; series: AI",,1,,,HICP Inflation rate - Total - Annual rate of change,Euro area (moving concept in the Real Time database context) - HICP - Overall index - Annual growth rate,PCCH,0,Replace,2025-03-05T15:30:00.000+01:00,
RTD.M.S0.N.P_C_OV.A,M,S0,N,P_C_OV,A,2025-02,2.4,E,F,,,P1M,A,,,HICP.M.U2.N.000000.4D0.ANR,,,,,,"See <a class=""external"" href=""http://sdw.ecb.europa.eu/web/generator/docu/rtdb_docu.pdf""> notes</a>; block Monthly; series: AI",,1,,,HICP Inflation rate - Total - Annual rate of change,Euro area (moving concept in the Real Time database context) - HICP - Overall index - Annual growth rate,PCCH,0,Replace,2025-03-05T15:30:00.000+01:00,
RTD.M.S0.N.P_C_OV.A,M,S0,N,P_C_OV,A,2025-02,2.3,A,F,,,P1M,A,,,HICP.M.U2.N.000000.4D0.ANR,,,,,,"See <a class=""external"" href=""http://sdw.ecb.europa.eu/web/generator/docu/rtdb_docu.pdf""> notes</a>; block Monthly; series: AI",,1,,,HICP Inflation rate - Total - Annual rate of change,Euro area (moving concept in the Real Time database context) - HICP - Overall index - Annual growth rate,PCCH,0,Replace,2025-04-16T15:30:00.000+02:00,
RTD.M.S0.N.P_C_OV.A,M,S0,N,P_C_OV,A,2025-03,2.2,E,F,,,P1M,A,,,HICP.M.U2.N.000000.4D0.ANR,,,,,,"See <a class=""external"" href=""http://sdw.ecb.europa.eu/web/generator/docu/rtdb_docu.pdf""> notes</a>; block Monthly; series: AI",,1,,,HICP Inflation rate - Total - Annual rate of change,Euro area (moving concept in the Real Time database context) - HICP - Overall index - Annual growth rate,PCCH,0,Replace,2025-04-16T15:30:00.000+02:00,
RTD.M.S0.N.P_C_OV.A,M,S0,N,P_C_OV,A,2025-03,2.2,A,F,,,P1M,A,,,HICP.M.U2.N.000000.4D0.ANR,,,,,,"See <a class=""external"" href=""http://sdw.ecb.europa.eu/web/generator/docu/rtdb_docu.pdf""> notes</a>; block Monthly; series: AI",,1,,,HICP Inflation rate - Total - Annual rate of change,Euro area (moving concept in the Real Time database context) - HICP - Overall index - Annual growth rate,PCCH,0,Replace,2025-06-04T15:30:00.000+02:00,
RTD.M.S0.N.P_C_OV.A,M,S0,N,P_C_OV,A,2025-04,2.2,A,F,,,P1M,A,,,HICP.M.U2.N.000000.4D0.ANR,,,,,,"See <a class=""external"" href=""http://sdw.ecb.europa.eu/web/generator/docu/rtdb_docu.pdf""> notes</a>; block Monthly; series: AI",,1,,,HICP Inflation rate - Total - Annual rate of change,Euro area (moving concept in the Real Time database context) - HICP - Overall index - Annual growth rate,PCCH,0,Replace,2025-06-04T15:30:00.000+02:00,
RTD.M.S0.N.P_C_OV.A,M,S0,N,P_C_OV,A,2025-05,1.9,E,F,,,P1M,A,,,HICP.M.U2.N.000000.4D0.ANR,,,,,,"See <a class=""external"" href=""http://sdw.ecb.europa.eu/web/generator/docu/rtdb_docu.pdf""> notes</a>; block Monthly; series: AI",,1,,,HICP Inflation rate - Total - Annual rate of change,Euro area (moving concept in the Real Time database context) - HICP - Overall index - Annual growth rate,PCCH,0,Replace,2025-06-04T15:30:00.000+02:00,
RTD.M.S0.N.P_C_OV.A,M,S0,N,P_C_OV,A,2025-05,1.9,A,F,,,P1M,A,,,HICP.M.U2.N.000000.4D0.ANR,,,,,,"See <a class=""external"" href=""http://sdw.ecb.europa.eu/web/generator/docu/rtdb_docu.pdf""> notes</a>; block Monthly; series: AI",,1,,,HICP Inflation rate - Total - Annual rate of change,Euro area (moving concept in the Real Time database context) - HICP - Overall index - Annual growth rate,PCCH,0,Replace,2025-07-23T15:30:00.000+02:00,
RTD.M.S0.N.P_C_OV.A,M,S0,N,P_C_OV,A,2025-06,2,E,F,,,P1M,A,,,HICP.M.U2.N.000000.4D0.ANR,,,,,,"See <a class=""external"" href=""http://sdw.ecb.europa.eu/web/generator/docu/rtdb_docu.pdf""> notes</a>; block Monthly; series: AI",,1,,,HICP Inflation rate - Total - Annual rate of change,Euro area (moving concept in the Real Time database context) - HICP - Overall index - Annual growth rate,PCCH,0,Replace,2025-07-23T15:30:00.000+02:00,
RTD.M.S0.N.P_C_OV.A,M,S0,N,P_C_OV,A,2025-07,2,A,F,,,P1M,A,,,HICP.M.U2.N.000000.4D0.ANR,,,,,,"See <a class=""external"" href=""http://sdw.ecb.europa.eu/web/generator/docu/rtdb_docu.pdf""> notes</a>; block Monthly; series: AI",,1,,,HICP Inflation rate - Total - Annual rate of change,Euro area (moving concept in the Real Time database context) - HICP - Overall index - Annual growth rate,PCCH,0,Replace,2025-09-10T15:30:00.000+02:00,
RTD.M.S0.N.P_C_OV.A,M,S0,N,P_C_OV,A,2025-08,2.1,E,F,,,P1M,A,,,HICP.M.U2.N.000000.4D0.ANR,,,,,,"See <a class=""external"" href=""http://sdw.ecb.europa.eu/web/generator/docu/rtdb_docu.pdf""> notes</a>; block Monthly; series: AI",,1,,,HICP Inflation rate - Total - Annual rate of change,Euro area (moving concept in the Real Time database context) - HICP - Overall index - Annual growth rate,PCCH,0,Replace,2025-09-10T15:30:00.000+02:00,
RTD.M.S0.N.P_C_OV.A,M,S0,N,P_C_OV,A,2025-08,2,A,F,,,P1M,A,,,HICP.M.U2.N.000000.4D0.ANR,,,,,,"See <a class=""external"" href=""http://sdw.ecb.europa.eu/web/generator/docu/rtdb_docu.pdf""> notes</a>; block Monthly; series: AI",,1,,,HICP Inflation rate - Total - Annual rate of change,Euro area (moving concept in the Real Time database context) - HICP - Overall index - Annual growth rate,PCCH,0,Replace,2025-10-29T15:30:00.000+01:00,
RTD.M.S0.N.P_C_OV.A,M,S0,N,P_C_OV,A,2025-09,2.2,A,F,,,P1M,A,,,HICP.M.U2.N.000000.4D0.ANR,,,,,,"See <a class=""external"" href=""http://sdw.ecb.europa.eu/web/generator/docu/rtdb_docu.pdf""> notes</a>; block Monthly; series: AI",,1,,,HICP Inflation rate - Total - Annual rate of change,Euro area (moving concept in the Real Time database context) - HICP - Overall index - Annual growth rate,PCCH,0,Replace,2025-10-29T15:30:00.000+01:00,
RTD.M.S0.N.P_C_OV.A,M,S0,N,P_C_OV,A,2025-10,2.1,E,F,,,P1M,A,,,HICP.M.U2.N.000000.4D0.ANR,,,,,,"See <a class=""external"" href=""http://sdw.ecb.europa.eu/web/generator/docu/rtdb_docu.pdf""> notes</a>; block Monthly; series: AI",,1,,,HICP Inflation rate - Total - Annual rate of change,Euro area (moving concept in the Real Time database context) - HICP - Overall index - Annual growth rate,PCCH,0,Replace,2025-12-17T15:30:00.000+01:00,
RTD.M.S0.N.P_C_OV.A,M,S0,N,P_C_OV,A,2025-11,2.1,A,F,,,P1M,A,,,HICP.M.U2.N.000000.4D0.ANR,,,,,,"See <a class=""external"" href=""http://sdw.ecb.europa.eu/web/generator/docu/rtdb_docu.pdf""> notes</a>; block Monthly; series: AI",,1,,,HICP Inflation rate - Total - Annual rate of change,Euro area (moving concept in the Real Time database context) - HICP - Overall index - Annual growth rate,PCCH,0,Replace,2025-12-17T15:30:00.000+01:00,
RTD.M.S0.N.P_C_OV.A,M,S0,N,P_C_OV,A,1997-01,2.1,A,F,,,P1M,A,,,HICP.M.U2.N.000000.4D0.ANR,,,,,,"See <a class=""external"" href=""http://sdw.ecb.europa.eu/web/generator/docu/rtdb_docu.pdf""> notes</a>; block Monthly; series: AI",,1,,,HICP Inflation rate - Total - Annual rate of change,Euro area (moving concept in the Real Time database context) - HICP - Overall index - Annual growth rate,PCCH,0,Replace,2026-02-04T15:30:00.000+01:00,
RTD.M.S0.N.P_C_OV.A,M,S0,N,P_C_OV,A,1997-03,1.5,A,F,,,P1M,A,,,HICP.M.U2.N.000000.4D0.ANR,,,,,,"See <a class=""external"" href=""http://sdw.ecb.europa.eu/web/generator/docu/rtdb_docu.pdf""> notes</a>; block Monthly; series: AI",,1,,,HICP Inflation rate - Total - Annual rate of change,Euro area (moving concept in the Real Time database context) - HICP - Overall index - Annual growth rate,PCCH,0,Replace,2026-02-04T15:30:00.000+01:00,
RTD.M.S0.N.P_C_OV.A,M,S0,N,P_C_OV,A,1999-11,1.4,A,F,,,P1M,A,,,HICP.M.U2.N.000000.4D0.ANR,,,,,,"See <a class=""external"" href=""http://sdw.ecb.europa.eu/web/generator/docu/rtdb_docu.pdf""> notes</a>; block Monthly; series: AI",,1,,,HICP Inflation rate - Total - Annual rate of change,Euro area (moving concept in the Real Time database context) - HICP - Overall index - Annual growth rate,PCCH,0,Replace,2026-02-04T15:30:00.000+01:00,
RTD.M.S0.N.P_C_OV.A,M,S0,N,P_C_OV,A,2000-05,1.7,A,F,,,P1M,A,,,HICP.M.U2.N.000000.4D0.ANR,,,,,,"See <a class=""external"" href=""http://sdw.ecb.europa.eu/web/generator/docu/rtdb_docu.pdf""> notes</a>; block Monthly; series: AI",,1,,,HICP Inflation rate - Total - Annual rate of change,Euro area (moving concept in the Real Time database context) - HICP - Overall index - Annual growth rate,PCCH,0,Replace,2026-02-04T15:30:00.000+01:00,
RTD.M.S0.N.P_C_OV.A,M,S0,N,P_C_OV,A,2000-08,2.1,A,F,,,P1M,A,,,HICP.M.U2.N.000000.4D0.ANR,,,,,,"See <a class=""external"" href=""http://sdw.ecb.europa.eu/web/generator/docu/rtdb_docu.pdf""> notes</a>; block Monthly; series: AI",,1,,,HICP Inflation rate - Total - Annual rate of change,Euro area (moving concept in the Real Time database context) - HICP - Overall index - Annual growth rate,PCCH,0,Replace,2026-02-04T15:30:00.000+01:00,
RTD.M.S0.N.P_C_OV.A,M,S0,N,P_C_OV,A,2000-11,2.4,A,F,,,P1M,A,,,HICP.M.U2.N.000000.4D0.ANR,,,,,,"See <a class=""external"" href=""http://sdw.ecb.europa.eu/web/generator/docu/rtdb_docu.pdf""> notes</a>; block Monthly; series: AI",,1,,,HICP Inflation rate - Total - Annual rate of change,Euro area (moving concept in the Real Time database context) - HICP - Overall index - Annual growth rate,PCCH,0,Replace,2026-02-04T15:30:00.000+01:00,
RTD.M.S0.N.P_C_OV.A,M,S0,N,P_C_OV,A,2001-12,2,A,F,,,P1M,A,,,HICP.M.U2.N.000000.4D0.ANR,,,,,,"See <a class=""external"" href=""http://sdw.ecb.europa.eu/web/generator/docu/rtdb_docu.pdf""> notes</a>; block Monthly; series: AI",,1,,,HICP Inflation rate - Total - Annual rate of change,Euro area (moving concept in the Real Time database context) - HICP - Overall index - Annual growth rate,PCCH,0,Replace,2026-02-04T15:30:00.000+01:00,
RTD.M.S0.N.P_C_OV.A,M,S0,N,P_C_OV,A,2004-05,2.4,A,F,,,P1M,A,,,HICP.M.U2.N.000000.4D0.ANR,,,,,,"See <a class=""external"" href=""http://sdw.ecb.europa.eu/web/generator/docu/rtdb_docu.pdf""> notes</a>; block Monthly; series: AI",,1,,,HICP Inflation rate - Total - Annual rate of change,Euro area (moving concept in the Real Time database context) - HICP - Overall index - Annual growth rate,PCCH,0,Replace,2026-02-04T15:30:00.000+01:00,
RTD.M.S0.N.P_C_OV.A,M,S0,N,P_C_OV,A,2004-11,2.3,A,F,,,P1M,A,,,HICP.M.U2.N.000000.4D0.ANR,,,,,,"See <a class=""external"" href=""http://sdw.ecb.europa.eu/web/generator/docu/rtdb_docu.pdf""> notes</a>; block Monthly; series: AI",,1,,,HICP Inflation rate - Total - Annual rate of change,Euro area (moving concept in the Real Time database context) - HICP - Overall index - Annual growth rate,PCCH,0,Replace,2026-02-04T15:30:00.000+01:00,
RTD.M.S0.N.P_C_OV.A,M,S0,N,P_C_OV,A,2005-10,2.4,A,F,,,P1M,A,,,HICP.M.U2.N.000000.4D0.ANR,,,,,,"See <a class=""external"" href=""http://sdw.ecb.europa.eu/web/generator/docu/rtdb_docu.pdf""> notes</a>; block Monthly; series: AI",,1,,,HICP Inflation rate - Total - Annual rate of change,Euro area (moving concept in the Real Time database context) - HICP - Overall index - Annual growth rate,PCCH,0,Replace,2026-02-04T15:30:00.000+01:00,
RTD.M.S0.N.P_C_OV.A,M,S0,N,P_C_OV,A,2005-12,2.2,A,F,,,P1M,A,,,HICP.M.U2.N.000000.4D0.ANR,,,,,,"See <a class=""external"" href=""http://sdw.ecb.europa.eu/web/generator/docu/rtdb_docu.pdf""> notes</a>; block Monthly; series: AI",,1,,,HICP Inflation rate - Total - Annual rate of change,Euro area (moving concept in the Real Time database context) - HICP - Overall index - Annual growth rate,PCCH,0,Replace,2026-02-04T15:30:00.000+01:00,
RTD.M.S0.N.P_C_OV.A,M,S0,N,P_C_OV,A,2006-11,1.9,A,F,,,P1M,A,,,HICP.M.U2.N.000000.4D0.ANR,,,,,,"See <a class=""external"" href=""http://sdw.ecb.europa.eu/web/generator/docu/rtdb_docu.pdf""> notes</a>; block Monthly; series: AI",,1,,,HICP Inflation rate - Total - Annual rate of change,Euro area (moving concept in the Real Time database context) - HICP - Overall index - Annual growth rate,PCCH,0,Replace,2026-02-04T15:30:00.000+01:00,
RTD.M.S0.N.P_C_OV.A,M,S0,N,P_C_OV,A,2007-02,1.9,A,F,,,P1M,A,,,HICP.M.U2.N.000000.4D0.ANR,,,,,,"See <a class=""external"" href=""http://sdw.ecb.europa.eu/web/generator/docu/rtdb_docu.pdf""> notes</a>; block Monthly; series: AI",,1,,,HICP Inflation rate - Total - Annual rate of change,Euro area (moving concept in the Real Time database context) - HICP - Overall index - Annual growth rate,PCCH,0,Replace,2026-02-04T15:30:00.000+01:00,
RTD.M.S0.N.P_C_OV.A,M,S0,N,P_C_OV,A,2007-11,3,A,F,,,P1M,A,,,HICP.M.U2.N.000000.4D0.ANR,,,,,,"See <a class=""external"" href=""http://sdw.ecb.europa.eu/web/generator/docu/rtdb_docu.pdf""> notes</a>; block Monthly; series: AI",,1,,,HICP Inflation rate - Total - Annual rate of change,Euro area (moving concept in the Real Time database context) - HICP - Overall index - Annual growth rate,PCCH,0,Replace,2026-02-04T15:30:00.000+01:00,
RTD.M.S0.N.P_C_OV.A,M,S0,N,P_C_OV,A,2008-06,4,A,F,,,P1M,A,,,HICP.M.U2.N.000000.4D0.ANR,,,,,,"See <a class=""external"" href=""http://sdw.ecb.europa.eu/web/generator/docu/rtdb_docu.pdf""> notes</a>; block Monthly; series: AI",,1,,,HICP Inflation rate - Total - Annual rate of change,Euro area (moving concept in the Real Time database context) - HICP - Overall index - Annual growth rate,PCCH,0,Replace,2026-02-04T15:30:00.000+01:00,
RTD.M.S0.N.P_C_OV.A,M,S0,N,P_C_OV,A,2008-09,3.7,A,F,,,P1M,A,,,HICP.M.U2.N.000000.4D0.ANR,,,,,,"See <a class=""external"" href=""http://sdw.ecb.europa.eu/web/generator/docu/rtdb_docu.pdf""> notes</a>; block Monthly; series: AI",,1,,,HICP Inflation rate - Total - Annual rate of change,Euro area (moving concept in the Real Time database context) - HICP - Overall index - Annual growth rate,PCCH,0,Replace,2026-02-04T15:30:00.000+01:00,
RTD.M.S0.N.P_C_OV.A,M,S0,N,P_C_OV,A,2009-07,-0.7,A,F,,,P1M,A,,,HICP.M.U2.N.000000.4D0.ANR,,,,,,"See <a class=""external"" href=""http://sdw.ecb.europa.eu/web/generator/docu/rtdb_docu.pdf""> notes</a>; block Monthly; series: AI",,1,,,HICP Inflation rate - Total - Annual rate of change,Euro area (moving concept in the Real Time database context) - HICP - Overall index - Annual growth rate,PCCH,0,Replace,2026-02-04T15:30:00.000+01:00,
RTD.M.S0.N.P_C_OV.A,M,S0,N,P_C_OV,A,2010-01,1,A,F,,,P1M,A,,,HICP.M.U2.N.000000.4D0.ANR,,,,,,"See <a class=""external"" href=""http://sdw.ecb.europa.eu/web/generator/docu/rtdb_docu.pdf""> notes</a>; block Monthly; series: AI",,1,,,HICP Inflation rate - Total - Annual rate of change,Euro area (moving concept in the Real Time database context) - HICP - Overall index - Annual growth rate,PCCH,0,Replace,2026-02-04T15:30:00.000+01:00,
RTD.M.S0.N.P_C_OV.A,M,S0,N,P_C_OV,A,2011-07,2.5,A,F,,,P1M,A,,,HICP.M.U2.N.000000.4D0.ANR,,,,,,"See <a class=""external"" href=""http://sdw.ecb.europa.eu/web/generator/docu/rtdb_docu.pdf""> notes</a>; block Monthly; series: AI",,1,,,HICP Inflation rate - Total - Annual rate of change,Euro area (moving concept in the Real Time database context) - HICP - Overall index - Annual growth rate,PCCH,0,Replace,2026-02-04T15:30:00.000+01:00,
RTD.M.S0.N.P_C_OV.A,M,S0,N,P_C_OV,A,2015-07,0.6,A,F,,,P1M,A,,,HICP.M.U2.N.000000.4D0.ANR,,,,,,"See <a class=""external"" href=""http://sdw.ecb.europa.eu/web/generator/docu/rtdb_docu.pdf""> notes</a>; block Monthly; series: AI",,1,,,HICP Inflation rate - Total - Annual rate of change,Euro area (moving concept in the Real Time database context) - HICP - Overall index - Annual growth rate,PCCH,0,Replace,2026-02-04T15:30:00.000+01:00,
RTD.M.S0.N.P_C_OV.A,M,S0,N,P_C_OV,A,2015-12,0.2,A,F,,,P1M,A,,,HICP.M.U2.N.000000.4D0.ANR,,,,,,"See <a class=""external"" href=""http://sdw.ecb.europa.eu/web/generator/docu/rtdb_docu.pdf""> notes</a>; block Monthly; series: AI",,1,,,HICP Inflation rate - Total - Annual rate of change,Euro area (moving concept in the Real Time database context) - HICP - Overall index - Annual growth rate,PCCH,0,Replace,2026-02-04T15:30:00.000+01:00,
RTD.M.S0.N.P_C_OV.A,M,S0,N,P_C_OV,A,2016-06,0.1,A,F,,,P1M,A,,,HICP.M.U2.N.000000.4D0.ANR,,,,,,"See <a class=""external"" href=""http://sdw.ecb.europa.eu/web/generator/docu/rtdb_docu.pdf""> notes</a>; block Monthly; series: AI",,1,,,HICP Inflation rate - Total - Annual rate of change,Euro area (moving concept in the Real Time database context) - HICP - Overall index - Annual growth rate,PCCH,0,Replace,2026-02-04T15:30:00.000+01:00,
RTD.M.S0.N.P_C_OV.A,M,S0,N,P_C_OV,A,2022-04,7.5,A,F,,,P1M,A,,,HICP.M.U2.N.000000.4D0.ANR,,,,,,"See <a class=""external"" href=""http://sdw.ecb.europa.eu/web/generator/docu/rtdb_docu.pdf""> notes</a>; block Monthly; series: AI",,1,,,HICP Inflation rate - Total - Annual rate of change,Euro area (moving concept in the Real Time database context) - HICP - Overall index - Annual growth rate,PCCH,0,Replace,2026-02-04T15:30:00.000+01:00,
RTD.M.S0.N.P_C_OV.A,M,S0,N,P_C_OV,A,2023-04,6.9,A,F,,,P1M,A,,,HICP.M.U2.N.000000.4D0.ANR,,,,,,"See <a class=""external"" href=""http://sdw.ecb.europa.eu/web/generator/docu/rtdb_docu.pdf""> notes</a>; block Monthly; series: AI",,1,,,HICP Inflation rate - Total - Annual rate of change,Euro area (moving concept in the Real Time database context) - HICP - Overall index - Annual growth rate,PCCH,0,Replace,2026-02-04T15:30:00.000+01:00,
RTD.M.S0.N.P_C_OV.A,M,S0,N,P_C_OV,A,2025-06,2,A,F,,,P1M,A,,,HICP.M.U2.N.000000.4D0.ANR,,,,,,"See <a class=""external"" href=""http://sdw.ecb.europa.eu/web/generator/docu/rtdb_docu.pdf""> notes</a>; block Monthly; series: AI",,1,,,HICP Inflation rate - Total - Annual rate of change,Euro area (moving concept in the Real Time database context) - HICP - Overall index - Annual growth rate,PCCH,0,Replace,2026-02-04T15:30:00.000+01:00,
RTD.M.S0.N.P_C_OV.A,M,S0,N,P_C_OV,A,2025-10,2.1,A,F,,,P1M,A,,,HICP.M.U2.N.000000.4D0.ANR,,,,,,"See <a class=""external"" href=""http://sdw.ecb.europa.eu/web/generator/docu/rtdb_docu.pdf""> notes</a>; block Monthly; series: AI",,1,,,HICP Inflation rate - Total - Annual rate of change,Euro area (moving concept in the Real Time database context) - HICP - Overall index - Annual growth rate,PCCH,0,Replace,2026-02-04T15:30:00.000+01:00,
RTD.M.S0.N.P_C_OV.A,M,S0,N,P_C_OV,A,2025-12,2,A,F,,,P1M,A,,,HICP.M.U2.N.000000.4D0.ANR,,,,,,"See <a class=""external"" href=""http://sdw.ecb.europa.eu/web/generator/docu/rtdb_docu.pdf""> notes</a>; block Monthly; series: AI",,1,,,HICP Inflation rate - Total - Annual rate of change,Euro area (moving concept in the Real Time database context) - HICP - Overall index - Annual growth rate,PCCH,0,Replace,2026-02-04T15:30:00.000+01:00,
RTD.M.S0.N.P_C_OV.A,M,S0,N,P_C_OV,A,2026-01,1.7,A,F,,,P1M,A,,,HICP.M.U2.N.000000.4D0.ANR,,,,,,"See <a class=""external"" href=""http://sdw.ecb.europa.eu/web/generator/docu/rtdb_docu.pdf""> notes</a>; block Monthly; series: AI",,1,,,HICP Inflation rate - Total - Annual rate of change,Euro area (moving concept in the Real Time database context) - HICP - Overall index - Annual growth rate,PCCH,0,Replace,2026-02-04T15:30:00.000+01:00,
RTD.M.S0.N.P_C_OV.A,M,S0,N,P_C_OV,A,2026-02,1.9,A,F,,,P1M,A,,,HICP.M.U2.N.000000.4D0.ANR,,,,,,"See <a class=""external"" href=""http://sdw.ecb.europa.eu/web/generator/docu/rtdb_docu.pdf""> notes</a>; block Monthly; series: AI",,1,,,HICP Inflation rate - Total - Annual rate of change,Euro area (moving concept in the Real Time database context) - HICP - Overall index - Annual growth rate,PCCH,0,Replace,2026-03-18T15:30:00.000+01:00,
RTD.M.S0.N.P_C_OV.A,M,S0,N,P_C_OV,A,2026-03,2.6,A,F,,,P1M,A,,,HICP.M.U2.N.000000.4D0.ANR,,,,,,"See <a class=""external"" href=""http://sdw.ecb.europa.eu/web/generator/docu/rtdb_docu.pdf""> notes</a>; block Monthly; series: AI",,1,,,HICP Inflation rate - Total - Annual rate of change,Euro area (moving concept in the Real Time database context) - HICP - Overall index - Annual growth rate,PCCH,0,Replace,2026-04-29T15:30:00.000+02:00,
RTD.M.S0.N.P_C_OV.A,M,S0,N,P_C_OV,A,2026-04,3,E,F,,,P1M,A,,,HICP.M.U2.N.000000.4D0.ANR,,,,,,"See <a class=""external"" href=""http://sdw.ecb.europa.eu/web/generator/docu/rtdb_docu.pdf""> notes</a>; block Monthly; series: AI",,1,,,HICP Inflation rate - Total - Annual rate of change,Euro area (moving concept in the Real Time database context) - HICP - Overall index - Annual growth rate,PCCH,0,Replace,2026-04-29T15:30:00.000+02:00,
RTD.M.S0.N.P_C_OV.A,M,S0,N,P_C_OV,A,2026-04,3,A,F,,,P1M,A,,,HICP.M.U2.N.000000.4D0.ANR,,,,,,"See <a class=""external"" href=""http://sdw.ecb.europa.eu/web/generator/docu/rtdb_docu.pdf""> notes</a>; block Monthly; series: AI",,1,,,HICP Inflation rate - Total - Annual rate of change,Euro area (moving concept in the Real Time database context) - HICP - Overall index - Annual growth rate,PCCH,0,Replace,2026-06-10T15:30:00.000+02:00,
RTD.M.S0.N.P_C_OV.A,M,S0,N,P_C_OV,A,2026-05,3.2,E,F,,,P1M,A,,,HICP.M.U2.N.000000.4D0.ANR,,,,,,"See <a class=""external"" href=""http://sdw.ecb.europa.eu/web/generator/docu/rtdb_docu.pdf""> notes</a>; block Monthly; series: AI",,1,,,HICP Inflation rate - Total - Annual rate of change,Euro area (moving concept in the Real Time database context) - HICP - Overall index - Annual growth rate,PCCH,0,Replace,2026-06-10T15:30:00.000+02:00,
RTD.M.S0.N.P_C_OV.A,M,S0,N,P_C_OV,A,2026-05,3.2,A,F,,,P1M,A,,,HICP.M.U2.N.000000.4D0.ANR,,,,,,"See <a class=""external"" href=""http://sdw.ecb.europa.eu/web/generator/docu/rtdb_docu.pdf""> notes</a>; block Monthly; series: AI",,1,,,HICP Inflation rate - Total - Annual rate of change,Euro area (moving concept in the Real Time database context) - HICP - Overall index - Annual growth rate,PCCH,0,Replace,2026-09-09T15:30:00.000+02:00,
RTD.M.S0.N.P_C_OV.A,M,S0,N,P_C_OV,A,2026-06,2.8,A,F,,,P1M,A,,,HICP.M.U2.N.000000.4D0.ANR,,,,,,"See <a class=""external"" href=""http://sdw.ecb.europa.eu/web/generator/docu/rtdb_docu.pdf""> notes</a>; block Monthly; series: AI",,1,,,HICP Inflation rate - Total - Annual rate of change,Euro area (moving concept in the Real Time database context) - HICP - Overall index - Annual growth rate,PCCH,0,Replace,2026-09-09T15:30:00.000+02:00,
RTD.M.S0.N.P_C_OV.A,M,S0,N,P_C_OV,A,2026-07,2.9,A,F,,,P1M,A,,,HICP.M.U2.N.000000.4D0.ANR,,,,,,"See <a class=""external"" href=""http://sdw.ecb.europa.eu/web/generator/docu/rtdb_docu.pdf""> notes</a>; block Monthly; series: AI",,1,,,HICP Inflation rate - Total - Annual rate of change,Euro area (moving concept in the Real Time database context) - HICP - Overall index - Annual growth rate,PCCH,0,Replace,2026-09-09T15:30:00.000+02:00,
RTD.M.S0.N.P_C_OV.A,M,S0,N,P_C_OV,A,2026-08,3.3,E,F,,,P1M,A,,,HICP.M.U2.N.000000.4D0.ANR,,,,,,"See <a class=""external"" href=""http://sdw.ecb.europa.eu/web/generator/docu/rtdb_docu.pdf""> notes</a>; block Monthly; series: AI",,1,,,HICP Inflation rate - Total - Annual rate of change,Euro area (moving concept in the Real Time database context) - HICP - Overall index - Annual growth rate,PCCH,0,Replace,2026-09-09T15:30:00.000+02:00,
RTD.M.S0.N.P_C_OV.A,M,S0,N,P_C_OV,A,1991-01,,,,,,,,,,,,,,,,,,,,,,,,,Delete,,2016-03-09T15:30:00.000+01:00
RTD.M.S0.N.P_C_OV.A,M,S0,N,P_C_OV,A,1991-02,,,,,,,,,,,,,,,,,,,,,,,,,Delete,,2016-03-09T15:30:00.000+01:00
RTD.M.S0.N.P_C_OV.A,M,S0,N,P_C_OV,A,1991-03,,,,,,,,,,,,,,,,,,,,,,,,,Delete,,2016-03-09T15:30:00.000+01:00
RTD.M.S0.N.P_C_OV.A,M,S0,N,P_C_OV,A,1991-04,,,,,,,,,,,,,,,,,,,,,,,,,Delete,,2016-03-09T15:30:00.000+01:00
RTD.M.S0.N.P_C_OV.A,M,S0,N,P_C_OV,A,1991-05,,,,,,,,,,,,,,,,,,,,,,,,,Delete,,2016-03-09T15:30:00.000+01:00
RTD.M.S0.N.P_C_OV.A,M,S0,N,P_C_OV,A,1991-06,,,,,,,,,,,,,,,,,,,,,,,,,Delete,,2016-03-09T15:30:00.000+01:00
RTD.M.S0.N.P_C_OV.A,M,S0,N,P_C_OV,A,1991-07,,,,,,,,,,,,,,,,,,,,,,,,,Delete,,2016-03-09T15:30:00.000+01:00
RTD.M.S0.N.P_C_OV.A,M,S0,N,P_C_OV,A,1991-08,,,,,,,,,,,,,,,,,,,,,,,,,Delete,,2016-03-09T15:30:00.000+01:00
RTD.M.S0.N.P_C_OV.A,M,S0,N,P_C_OV,A,1991-09,,,,,,,,,,,,,,,,,,,,,,,,,Delete,,2016-03-09T15:30:00.000+01:00
RTD.M.S0.N.P_C_OV.A,M,S0,N,P_C_OV,A,1991-10,,,,,,,,,,,,,,,,,,,,,,,,,Delete,,2016-03-09T15:30:00.000+01:00
RTD.M.S0.N.P_C_OV.A,M,S0,N,P_C_OV,A,1991-11,,,,,,,,,,,,,,,,,,,,,,,,,Delete,,2016-03-09T15:30:00.000+01:00
RTD.M.S0.N.P_C_OV.A,M,S0,N,P_C_OV,A,1991-12,,,,,,,,,,,,,,,,,,,,,,,,,Delete,,2016-03-09T15:30:00.000+01:00
RTD.M.S0.N.P_C_OV.A,M,S0,N,P_C_OV,A,1992-01,,,,,,,,,,,,,,,,,,,,,,,,,Delete,,2016-03-09T15:30:00.000+01:00
RTD.M.S0.N.P_C_OV.A,M,S0,N,P_C_OV,A,1992-02,,,,,,,,,,,,,,,,,,,,,,,,,Delete,,2016-03-09T15:30:00.000+01:00
RTD.M.S0.N.P_C_OV.A,M,S0,N,P_C_OV,A,1992-03,,,,,,,,,,,,,,,,,,,,,,,,,Delete,,2016-03-09T15:30:00.000+01:00
RTD.M.S0.N.P_C_OV.A,M,S0,N,P_C_OV,A,1992-04,,,,,,,,,,,,,,,,,,,,,,,,,Delete,,2016-03-09T15:30:00.000+01:00
RTD.M.S0.N.P_C_OV.A,M,S0,N,P_C_OV,A,1992-05,,,,,,,,,,,,,,,,,,,,,,,,,Delete,,2016-03-09T15:30:00.000+01:00
RTD.M.S0.N.P_C_OV.A,M,S0,N,P_C_OV,A,1992-06,,,,,,,,,,,,,,,,,,,,,,,,,Delete,,2016-03-09T15:30:00.000+01:00
RTD.M.S0.N.P_C_OV.A,M,S0,N,P_C_OV,A,1992-07,,,,,,,,,,,,,,,,,,,,,,,,,Delete,,2016-03-09T15:30:00.000+01:00
RTD.M.S0.N.P_C_OV.A,M,S0,N,P_C_OV,A,1992-08,,,,,,,,,,,,,,,,,,,,,,,,,Delete,,2016-03-09T15:30:00.000+01:00
RTD.M.S0.N.P_C_OV.A,M,S0,N,P_C_OV,A,1992-09,,,,,,,,,,,,,,,,,,,,,,,,,Delete,,2016-03-09T15:30:00.000+01:00
RTD.M.S0.N.P_C_OV.A,M,S0,N,P_C_OV,A,1992-10,,,,,,,,,,,,,,,,,,,,,,,,,Delete,,2016-03-09T15:30:00.000+01:00
RTD.M.S0.N.P_C_OV.A,M,S0,N,P_C_OV,A,1992-11,,,,,,,,,,,,,,,,,,,,,,,,,Delete,,2016-03-09T15:30:00.000+01:00
RTD.M.S0.N.P_C_OV.A,M,S0,N,P_C_OV,A,1992-12,,,,,,,,,,,,,,,,,,,,,,,,,Delete,,2016-03-09T15:30:00.000+01:00
RTD.M.S0.N.P_C_OV.A,M,S0,N,P_C_OV,A,1993-01,,,,,,,,,,,,,,,,,,,,,,,,,Delete,,2016-03-09T15:30:00.000+01:00
RTD.M.S0.N.P_C_OV.A,M,S0,N,P_C_OV,A,1993-02,,,,,,,,,,,,,,,,,,,,,,,,,Delete,,2016-03-09T15:30:00.000+01:00
RTD.M.S0.N.P_C_OV.A,M,S0,N,P_C_OV,A,1993-03,,,,,,,,,,,,,,,,,,,,,,,,,Delete,,2016-03-09T15:30:00.000+01:00
RTD.M.S0.N.P_C_OV.A,M,S0,N,P_C_OV,A,1993-04,,,,,,,,,,,,,,,,,,,,,,,,,Delete,,2016-03-09T15:30:00.000+01:00
RTD.M.S0.N.P_C_OV.A,M,S0,N,P_C_OV,A,1993-05,,,,,,,,,,,,,,,,,,,,,,,,,Delete,,2016-03-09T15:30:00.000+01:00
RTD.M.S0.N.P_C_OV.A,M,S0,N,P_C_OV,A,1993-06,,,,,,,,,,,,,,,,,,,,,,,,,Delete,,2016-03-09T15:30:00.000+01:00
RTD.M.S0.N.P_C_OV.A,M,S0,N,P_C_OV,A,1993-07,,,,,,,,,,,,,,,,,,,,,,,,,Delete,,2016-03-09T15:30:00.000+01:00
RTD.M.S0.N.P_C_OV.A,M,S0,N,P_C_OV,A,1993-08,,,,,,,,,,,,,,,,,,,,,,,,,Delete,,2016-03-09T15:30:00.000+01:00
RTD.M.S0.N.P_C_OV.A,M,S0,N,P_C_OV,A,1993-09,,,,,,,,,,,,,,,,,,,,,,,,,Delete,,2016-03-09T15:30:00.000+01:00
RTD.M.S0.N.P_C_OV.A,M,S0,N,P_C_OV,A,1993-10,,,,,,,,,,,,,,,,,,,,,,,,,Delete,,2016-03-09T15:30:00.000+01:00
RTD.M.S0.N.P_C_OV.A,M,S0,N,P_C_OV,A,1993-11,,,,,,,,,,,,,,,,,,,,,,,,,Delete,,2016-03-09T15:30:00.000+01:00
RTD.M.S0.N.P_C_OV.A,M,S0,N,P_C_OV,A,1993-12,,,,,,,,,,,,,,,,,,,,,,,,,Delete,,2016-03-09T15:30:00.000+01:00
RTD.M.S0.N.P_C_OV.A,M,S0,N,P_C_OV,A,1994-01,,,,,,,,,,,,,,,,,,,,,,,,,Delete,,2016-03-09T15:30:00.000+01:00
RTD.M.S0.N.P_C_OV.A,M,S0,N,P_C_OV,A,1994-02,,,,,,,,,,,,,,,,,,,,,,,,,Delete,,2016-03-09T15:30:00.000+01:00
RTD.M.S0.N.P_C_OV.A,M,S0,N,P_C_OV,A,1994-03,,,,,,,,,,,,,,,,,,,,,,,,,Delete,,2016-03-09T15:30:00.000+01:00
RTD.M.S0.N.P_C_OV.A,M,S0,N,P_C_OV,A,1994-04,,,,,,,,,,,,,,,,,,,,,,,,,Delete,,2016-03-09T15:30:00.000+01:00
RTD.M.S0.N.P_C_OV.A,M,S0,N,P_C_OV,A,1994-05,,,,,,,,,,,,,,,,,,,,,,,,,Delete,,2016-03-09T15:30:00.000+01:00
RTD.M.S0.N.P_C_OV.A,M,S0,N,P_C_OV,A,1994-06,,,,,,,,,,,,,,,,,,,,,,,,,Delete,,2016-03-09T15:30:00.000+01:00
RTD.M.S0.N.P_C_OV.A,M,S0,N,P_C_OV,A,1994-07,,,,,,,,,,,,,,,,,,,,,,,,,Delete,,2016-03-09T15:30:00.000+01:00
RTD.M.S0.N.P_C_OV.A,M,S0,N,P_C_OV,A,1994-08,,,,,,,,,,,,,,,,,,,,,,,,,Delete,,2016-03-09T15:30:00.000+01:00
RTD.M.S0.N.P_C_OV.A,M,S0,N,P_C_OV,A,1994-09,,,,,,,,,,,,,,,,,,,,,,,,,Delete,,2016-03-09T15:30:00.000+01:00
RTD.M.S0.N.P_C_OV.A,M,S0,N,P_C_OV,A,1994-10,,,,,,,,,,,,,,,,,,,,,,,,,Delete,,2016-03-09T15:30:00.000+01:00
RTD.M.S0.N.P_C_OV.A,M,S0,N,P_C_OV,A,1994-11,,,,,,,,,,,,,,,,,,,,,,,,,Delete,,2016-03-09T15:30:00.000+01:00
RTD.M.S0.N.P_C_OV.A,M,S0,N,P_C_OV,A,1994-12,,,,,,,,,,,,,,,,,,,,,,,,,Delete,,2016-03-09T15:30:00.000+01:00
RTD.M.S0.N.P_C_OV.A,M,S0,N,P_C_OV,A,1995-01,,,,,,,,,,,,,,,,,,,,,,,,,Delete,,2016-03-09T15:30:00.000+01:00
RTD.M.S0.N.P_C_OV.A,M,S0,N,P_C_OV,A,1995-02,,,,,,,,,,,,,,,,,,,,,,,,,Delete,,2016-03-09T15:30:00.000+01:00
RTD.M.S0.N.P_C_OV.A,M,S0,N,P_C_OV,A,1995-03,,,,,,,,,,,,,,,,,,,,,,,,,Delete,,2016-03-09T15:30:00.000+01:00
RTD.M.S0.N.P_C_OV.A,M,S0,N,P_C_OV,A,1995-04,,,,,,,,,,,,,,,,,,,,,,,,,Delete,,2016-03-09T15:30:00.000+01:00
RTD.M.S0.N.P_C_OV.A,M,S0,N,P_C_OV,A,1995-05,,,,,,,,,,,,,,,,,,,,,,,,,Delete,,2016-03-09T15:30:00.000+01:00
RTD.M.S0.N.P_C_OV.A,M,S0,N,P_C_OV,A,1995-06,,,,,,,,,,,,,,,,,,,,,,,,,Delete,,2016-03-09T15:30:00.000+01:00
RTD.M.S0.N.P_C_OV.A,M,S0,N,P_C_OV,A,1995-07,,,,,,,,,,,,,,,,,,,,,,,,,Delete,,2016-03-09T15:30:00.000+01:00
RTD.M.S0.N.P_C_OV.A,M,S0,N,P_C_OV,A,1995-08,,,,,,,,,,,,,,,,,,,,,,,,,Delete,,2016-03-09T15:30:00.000+01:00
RTD.M.S0.N.P_C_OV.A,M,S0,N,P_C_OV,A,1995-09,,,,,,,,,,,,,,,,,,,,,,,,,Delete,,2016-03-09T15:30:00.000+01:00
RTD.M.S0.N.P_C_OV.A,M,S0,N,P_C_OV,A,1995-10,,,,,,,,,,,,,,,,,,,,,,,,,Delete,,2016-03-09T15:30:00.000+01:00
RTD.M.S0.N.P_C_OV.A,M,S0,N,P_C_OV,A,1995-11,,,,,,,,,,,,,,,,,,,,,,,,,Delete,,2016-03-09T15:30:00.000+01:00
RTD.M.S0.N.P_C_OV.A,M,S0,N,P_C_OV,A,1995-12,,,,,,,,,,,,,,,,,,,,,,,,,Delete,,2016-03-09T15:30:00.000+01:00
RTD.M.S0.N.P_C_OV.A,M,S0,N,P_C_OV,A,1996-01,,,,,,,,,,,,,,,,,,,,,,,,,Delete,,2016-03-09T15:30:00.000+01:00
RTD.M.S0.N.P_C_OV.A,M,S0,N,P_C_OV,A,1996-02,,,,,,,,,,,,,,,,,,,,,,,,,Delete,,2016-03-09T15:30:00.000+01:00
RTD.M.S0.N.P_C_OV.A,M,S0,N,P_C_OV,A,1996-03,,,,,,,,,,,,,,,,,,,,,,,,,Delete,,2016-03-09T15:30:00.000+01:00
RTD.M.S0.N.P_C_OV.A,M,S0,N,P_C_OV,A,1996-04,,,,,,,,,,,,,,,,,,,,,,,,,Delete,,2016-03-09T15:30:00.000+01:00
RTD.M.S0.N.P_C_OV.A,M,S0,N,P_C_OV,A,1996-05,,,,,,,,,,,,,,,,,,,,,,,,,Delete,,2016-03-09T15:30:00.000+01:00
RTD.M.S0.N.P_C_OV.A,M,S0,N,P_C_OV,A,1996-06,,,,,,,,,,,,,,,,,,,,,,,,,Delete,,2016-03-09T15:30:00.000+01:00
RTD.M.S0.N.P_C_OV.A,M,S0,N,P_C_OV,A,1996-07,,,,,,,,,,,,,,,,,,,,,,,,,Delete,,2016-03-09T15:30:00.000+01:00
RTD.M.S0.N.P_C_OV.A,M,S0,N,P_C_OV,A,1996-08,,,,,,,,,,,,,,,,,,,,,,,,,Delete,,2016-03-09T15:30:00.000+01:00
RTD.M.S0.N.P_C_OV.A,M,S0,N,P_C_OV,A,1996-09,,,,,,,,,,,,,,,,,,,,,,,,,Delete,,2016-03-09T15:30:00.000+01:00
RTD.M.S0.N.P_C_OV.A,M,S0,N,P_C_OV,A,1996-10,,,,,,,,,,,,,,,,,,,,,,,,,Delete,,2016-03-09T15:30:00.000+01:00
RTD.M.S0.N.P_C_OV.A,M,S0,N,P_C_OV,A,1996-11,,,,,,,,,,,,,,,,,,,,,,,,,Delete,,2016-03-09T15:30:00.000+01:00
RTD.M.S0.N.P_C_OV.A,M,S0,N,P_C_OV,A,1996-12,,,,,,,,,,,,,,,,,,,,,,,,,Delete,,2016-03-09T15:30:00.000+01:00
RTD.M.S0.N.P_C_OV.A,M,S0,N,P_C_OV,A,1991-01,,,,,,,,,,,,,,,,,,,,,,,,,Delete,,2017-07-19T15:30:00.000+02:00
RTD.M.S0.N.P_C_OV.A,M,S0,N,P_C_OV,A,1991-02,,,,,,,,,,,,,,,,,,,,,,,,,Delete,,2017-07-19T15:30:00.000+02:00
RTD.M.S0.N.P_C_OV.A,M,S0,N,P_C_OV,A,1991-03,,,,,,,,,,,,,,,,,,,,,,,,,Delete,,2017-07-19T15:30:00.000+02:00
RTD.M.S0.N.P_C_OV.A,M,S0,N,P_C_OV,A,1991-04,,,,,,,,,,,,,,,,,,,,,,,,,Delete,,2017-07-19T15:30:00.000+02:00
RTD.M.S0.N.P_C_OV.A,M,S0,N,P_C_OV,A,1991-05,,,,,,,,,,,,,,,,,,,,,,,,,Delete,,2017-07-19T15:30:00.000+02:00
RTD.M.S0.N.P_C_OV.A,M,S0,N,P_C_OV,A,1991-06,,,,,,,,,,,,,,,,,,,,,,,,,Delete,,2017-07-19T15:30:00.000+02:00
RTD.M.S0.N.P_C_OV.A,M,S0,N,P_C_OV,A,1991-07,,,,,,,,,,,,,,,,,,,,,,,,,Delete,,2017-07-19T15:30:00.000+02:00
RTD.M.S0.N.P_C_OV.A,M,S0,N,P_C_OV,A,1991-08,,,,,,,,,,,,,,,,,,,,,,,,,Delete,,2017-07-19T15:30:00.000+02:00
RTD.M.S0.N.P_C_OV.A,M,S0,N,P_C_OV,A,1991-09,,,,,,,,,,,,,,,,,,,,,,,,,Delete,,2017-07-19T15:30:00.000+02:00
RTD.M.S0.N.P_C_OV.A,M,S0,N,P_C_OV,A,1991-10,,,,,,,,,,,,,,,,,,,,,,,,,Delete,,2017-07-19T15:30:00.000+02:00
RTD.M.S0.N.P_C_OV.A,M,S0,N,P_C_OV,A,1991-11,,,,,,,,,,,,,,,,,,,,,,,,,Delete,,2017-07-19T15:30:00.000+02:00
RTD.M.S0.N.P_C_OV.A,M,S0,N,P_C_OV,A,1991-12,,,,,,,,,,,,,,,,,,,,,,,,,Delete,,2017-07-19T15:30:00.000+02:00
RTD.M.S0.N.P_C_OV.A,M,S0,N,P_C_OV,A,1992-01,,,,,,,,,,,,,,,,,,,,,,,,,Delete,,2017-07-19T15:30:00.000+02:00
RTD.M.S0.N.P_C_OV.A,M,S0,N,P_C_OV,A,1992-02,,,,,,,,,,,,,,,,,,,,,,,,,Delete,,2017-07-19T15:30:00.000+02:00
RTD.M.S0.N.P_C_OV.A,M,S0,N,P_C_OV,A,1992-03,,,,,,,,,,,,,,,,,,,,,,,,,Delete,,2017-07-19T15:30:00.000+02:00
RTD.M.S0.N.P_C_OV.A,M,S0,N,P_C_OV,A,1992-04,,,,,,,,,,,,,,,,,,,,,,,,,Delete,,2017-07-19T15:30:00.000+02:00
RTD.M.S0.N.P_C_OV.A,M,S0,N,P_C_OV,A,1992-05,,,,,,,,,,,,,,,,,,,,,,,,,Delete,,2017-07-19T15:30:00.000+02:00
RTD.M.S0.N.P_C_OV.A,M,S0,N,P_C_OV,A,1992-06,,,,,,,,,,,,,,,,,,,,,,,,,Delete,,2017-07-19T15:30:00.000+02:00
RTD.M.S0.N.P_C_OV.A,M,S0,N,P_C_OV,A,1992-07,,,,,,,,,,,,,,,,,,,,,,,,,Delete,,2017-07-19T15:30:00.000+02:00
RTD.M.S0.N.P_C_OV.A,M,S0,N,P_C_OV,A,1992-08,,,,,,,,,,,,,,,,,,,,,,,,,Delete,,2017-07-19T15:30:00.000+02:00
RTD.M.S0.N.P_C_OV.A,M,S0,N,P_C_OV,A,1992-09,,,,,,,,,,,,,,,,,,,,,,,,,Delete,,2017-07-19T15:30:00.000+02:00
RTD.M.S0.N.P_C_OV.A,M,S0,N,P_C_OV,A,1992-10,,,,,,,,,,,,,,,,,,,,,,,,,Delete,,2017-07-19T15:30:00.000+02:00
RTD.M.S0.N.P_C_OV.A,M,S0,N,P_C_OV,A,1992-11,,,,,,,,,,,,,,,,,,,,,,,,,Delete,,2017-07-19T15:30:00.000+02:00
RTD.M.S0.N.P_C_OV.A,M,S0,N,P_C_OV,A,1992-12,,,,,,,,,,,,,,,,,,,,,,,,,Delete,,2017-07-19T15:30:00.000+02:00
RTD.M.S0.N.P_C_OV.A,M,S0,N,P_C_OV,A,1993-01,,,,,,,,,,,,,,,,,,,,,,,,,Delete,,2017-07-19T15:30:00.000+02:00
RTD.M.S0.N.P_C_OV.A,M,S0,N,P_C_OV,A,1993-02,,,,,,,,,,,,,,,,,,,,,,,,,Delete,,2017-07-19T15:30:00.000+02:00
RTD.M.S0.N.P_C_OV.A,M,S0,N,P_C_OV,A,1993-03,,,,,,,,,,,,,,,,,,,,,,,,,Delete,,2017-07-19T15:30:00.000+02:00
RTD.M.S0.N.P_C_OV.A,M,S0,N,P_C_OV,A,1993-04,,,,,,,,,,,,,,,,,,,,,,,,,Delete,,2017-07-19T15:30:00.000+02:00
RTD.M.S0.N.P_C_OV.A,M,S0,N,P_C_OV,A,1993-05,,,,,,,,,,,,,,,,,,,,,,,,,Delete,,2017-07-19T15:30:00.000+02:00
RTD.M.S0.N.P_C_OV.A,M,S0,N,P_C_OV,A,1993-06,,,,,,,,,,,,,,,,,,,,,,,,,Delete,,2017-07-19T15:30:00.000+02:00
RTD.M.S0.N.P_C_OV.A,M,S0,N,P_C_OV,A,1993-07,,,,,,,,,,,,,,,,,,,,,,,,,Delete,,2017-07-19T15:30:00.000+02:00
RTD.M.S0.N.P_C_OV.A,M,S0,N,P_C_OV,A,1993-08,,,,,,,,,,,,,,,,,,,,,,,,,Delete,,2017-07-19T15:30:00.000+02:00
RTD.M.S0.N.P_C_OV.A,M,S0,N,P_C_OV,A,1993-09,,,,,,,,,,,,,,,,,,,,,,,,,Delete,,2017-07-19T15:30:00.000+02:00
RTD.M.S0.N.P_C_OV.A,M,S0,N,P_C_OV,A,1993-10,,,,,,,,,,,,,,,,,,,,,,,,,Delete,,2017-07-19T15:30:00.000+02:00
RTD.M.S0.N.P_C_OV.A,M,S0,N,P_C_OV,A,1993-11,,,,,,,,,,,,,,,,,,,,,,,,,Delete,,2017-07-19T15:30:00.000+02:00
RTD.M.S0.N.P_C_OV.A,M,S0,N,P_C_OV,A,1993-12,,,,,,,,,,,,,,,,,,,,,,,,,Delete,,2017-07-19T15:30:00.000+02:00
RTD.M.S0.N.P_C_OV.A,M,S0,N,P_C_OV,A,1994-01,,,,,,,,,,,,,,,,,,,,,,,,,Delete,,2017-07-19T15:30:00.000+02:00
RTD.M.S0.N.P_C_OV.A,M,S0,N,P_C_OV,A,1994-02,,,,,,,,,,,,,,,,,,,,,,,,,Delete,,2017-07-19T15:30:00.000+02:00
RTD.M.S0.N.P_C_OV.A,M,S0,N,P_C_OV,A,1994-03,,,,,,,,,,,,,,,,,,,,,,,,,Delete,,2017-07-19T15:30:00.000+02:00
RTD.M.S0.N.P_C_OV.A,M,S0,N,P_C_OV,A,1994-04,,,,,,,,,,,,,,,,,,,,,,,,,Delete,,2017-07-19T15:30:00.000+02:00
RTD.M.S0.N.P_C_OV.A,M,S0,N,P_C_OV,A,1994-05,,,,,,,,,,,,,,,,,,,,,,,,,Delete,,2017-07-19T15:30:00.000+02:00
RTD.M.S0.N.P_C_OV.A,M,S0,N,P_C_OV,A,1994-06,,,,,,,,,,,,,,,,,,,,,,,,,Delete,,2017-07-19T15:30:00.000+02:00
RTD.M.S0.N.P_C_OV.A,M,S0,N,P_C_OV,A,1994-07,,,,,,,,,,,,,,,,,,,,,,,,,Delete,,2017-07-19T15:30:00.000+02:00
RTD.M.S0.N.P_C_OV.A,M,S0,N,P_C_OV,A,1994-08,,,,,,,,,,,,,,,,,,,,,,,,,Delete,,2017-07-19T15:30:00.000+02:00
RTD.M.S0.N.P_C_OV.A,M,S0,N,P_C_OV,A,1994-09,,,,,,,,,,,,,,,,,,,,,,,,,Delete,,2017-07-19T15:30:00.000+02:00
RTD.M.S0.N.P_C_OV.A,M,S0,N,P_C_OV,A,1994-10,,,,,,,,,,,,,,,,,,,,,,,,,Delete,,2017-07-19T15:30:00.000+02:00
RTD.M.S0.N.P_C_OV.A,M,S0,N,P_C_OV,A,1994-11,,,,,,,,,,,,,,,,,,,,,,,,,Delete,,2017-07-19T15:30:00.000+02:00
RTD.M.S0.N.P_C_OV.A,M,S0,N,P_C_OV,A,1994-12,,,,,,,,,,,,,,,,,,,,,,,,,Delete,,2017-07-19T15:30:00.000+02:00
RTD.M.S0.N.P_C_OV.A,M,S0,N,P_C_OV,A,1995-01,,,,,,,,,,,,,,,,,,,,,,,,,Delete,,2017-07-19T15:30:00.000+02:00
RTD.M.S0.N.P_C_OV.A,M,S0,N,P_C_OV,A,1995-02,,,,,,,,,,,,,,,,,,,,,,,,,Delete,,2017-07-19T15:30:00.000+02:00
RTD.M.S0.N.P_C_OV.A,M,S0,N,P_C_OV,A,1995-03,,,,,,,,,,,,,,,,,,,,,,,,,Delete,,2017-07-19T15:30:00.000+02:00
RTD.M.S0.N.P_C_OV.A,M,S0,N,P_C_OV,A,1995-04,,,,,,,,,,,,,,,,,,,,,,,,,Delete,,2017-07-19T15:30:00.000+02:00
RTD.M.S0.N.P_C_OV.A,M,S0,N,P_C_OV,A,1995-05,,,,,,,,,,,,,,,,,,,,,,,,,Delete,,2017-07-19T15:30:00.000+02:00
RTD.M.S0.N.P_C_OV.A,M,S0,N,P_C_OV,A,1995-06,,,,,,,,,,,,,,,,,,,,,,,,,Delete,,2017-07-19T15:30:00.000+02:00
RTD.M.S0.N.P_C_OV.A,M,S0,N,P_C_OV,A,1995-07,,,,,,,,,,,,,,,,,,,,,,,,,Delete,,2017-07-19T15:30:00.000+02:00
RTD.M.S0.N.P_C_OV.A,M,S0,N,P_C_OV,A,1995-08,,,,,,,,,,,,,,,,,,,,,,,,,Delete,,2017-07-19T15:30:00.000+02:00
RTD.M.S0.N.P_C_OV.A,M,S0,N,P_C_OV,A,1995-09,,,,,,,,,,,,,,,,,,,,,,,,,Delete,,2017-07-19T15:30:00.000+02:00
RTD.M.S0.N.P_C_OV.A,M,S0,N,P_C_OV,A,1995-10,,,,,,,,,,,,,,,,,,,,,,,,,Delete,,2017-07-19T15:30:00.000+02:00
RTD.M.S0.N.P_C_OV.A,M,S0,N,P_C_OV,A,1995-11,,,,,,,,,,,,,,,,,,,,,,,,,Delete,,2017-07-19T15:30:00.000+02:00
RTD.M.S0.N.P_C_OV.A,M,S0,N,P_C_OV,A,1995-12,,,,,,,,,,,,,,,,,,,,,,,,,Delete,,2017-07-19T15:30:00.000+02:00
RTD.M.S0.N.P_C_OV.A,M,S0,N,P_C_OV,A,1996-01,,,,,,,,,,,,,,,,,,,,,,,,,Delete,,2017-07-19T15:30:00.000+02:00
RTD.M.S0.N.P_C_OV.A,M,S0,N,P_C_OV,A,1996-02,,,,,,,,,,,,,,,,,,,,,,,,,Delete,,2017-07-19T15:30:00.000+02:00
RTD.M.S0.N.P_C_OV.A,M,S0,N,P_C_OV,A,1996-03,,,,,,,,,,,,,,,,,,,,,,,,,Delete,,2017-07-19T15:30:00.000+02:00
RTD.M.S0.N.P_C_OV.A,M,S0,N,P_C_OV,A,1996-04,,,,,,,,,,,,,,,,,,,,,,,,,Delete,,2017-07-19T15:30:00.000+02:00
RTD.M.S0.N.P_C_OV.A,M,S0,N,P_C_OV,A,1996-05,,,,,,,,,,,,,,,,,,,,,,,,,Delete,,2017-07-19T15:30:00.000+02:00
RTD.M.S0.N.P_C_OV.A,M,S0,N,P_C_OV,A,1996-06,,,,,,,,,,,,,,,,,,,,,,,,,Delete,,2017-07-19T15:30:00.000+02:00
RTD.M.S0.N.P_C_OV.A,M,S0,N,P_C_OV,A,1996-07,,,,,,,,,,,,,,,,,,,,,,,,,Delete,,2017-07-19T15:30:00.000+02:00
RTD.M.S0.N.P_C_OV.A,M,S0,N,P_C_OV,A,1996-08,,,,,,,,,,,,,,,,,,,,,,,,,Delete,,2017-07-19T15:30:00.000+02:00
RTD.M.S0.N.P_C_OV.A,M,S0,N,P_C_OV,A,1996-09,,,,,,,,,,,,,,,,,,,,,,,,,Delete,,2017-07-19T15:30:00.000+02:00
RTD.M.S0.N.P_C_OV.A,M,S0,N,P_C_OV,A,1996-10,,,,,,,,,,,,,,,,,,,,,,,,,Delete,,2017-07-19T15:30:00.000+02:00
RTD.M.S0.N.P_C_OV.A,M,S0,N,P_C_OV,A,1996-11,,,,,,,,,,,,,,,,,,,,,,,,,Delete,,2017-07-19T15:30:00.000+02:00
RTD.M.S0.N.P_C_OV.A,M,S0,N,P_C_OV,A,1996-12,,,,,,,,,,,,,,,,,,,,,,,,,Delete,,2017-07-19T15:30:00.000+02:00
