KEY,FREQ,REF_AREA,ADJUSTMENT,RT_ECON_CONCEPT,RT_DENOM,TIME_PERIOD,OBS_VALUE,OBS_STATUS,OBS_CONF,OBS_PRE_BREAK,OBS_COM,TIME_FORMAT,COLLECTION,COMPILING_ORG,DISS_ORG,DOM_SER_IDS,PUBL_MU,PUBL_PUBLIC,UNIT_INDEX_BASE,UNIT_PRICE_BASE,AGG_EQUN,COMPILATION,COVERAGE,DECIMALS,SOURCE_AGENCY,SOURCE_DETAIL,TITLE,TITLE_COMPL,UNIT,UNIT_MULT,ACTION,VALID_FROM,VALID_TO
RTD.A.S0.N.F_UMS_CGG_D0.F,A,S0,N,F_UMS_CGG_D0,F,1991,0.62016,A,F,,,P1Y,S,,,GFS.A.N.I10.W0.S13.S1._Z.B.B9P._Z._Z._Z.XDC_R_B1GQ._Z.S.V.N._T,,,,,,"See <a class=""external"" href=""http://sdw.ecb.europa.eu/web/generator/docu/rtdb_docu.pdf""> notes</a>; block Annual; series: G",,4,,,"Government primary deficit(-) or surplus(+), percent of GDP",Euro area (moving concept in the Real Time database context) - Primary deficit/surplus without UMTS proceeds - All sectors/ unspecified/ not applicable (ESA2010)-NCBs - General government (ESA2010)-NCBs - Non-financial flows current prices - Percentage,XDC_R_B1GQ,0,Replace,2001-01-03T15:30:00.000+01:00,
RTD.A.S0.N.F_UMS_CGG_D0.F,A,S0,N,F_UMS_CGG_D0,F,1992,0.91907,A,F,,,P1Y,S,,,GFS.A.N.I10.W0.S13.S1._Z.B.B9P._Z._Z._Z.XDC_R_B1GQ._Z.S.V.N._T,,,,,,"See <a class=""external"" href=""http://sdw.ecb.europa.eu/web/generator/docu/rtdb_docu.pdf""> notes</a>; block Annual; series: G",,4,,,"Government primary deficit(-) or surplus(+), percent of GDP",Euro area (moving concept in the Real Time database context) - Primary deficit/surplus without UMTS proceeds - All sectors/ unspecified/ not applicable (ESA2010)-NCBs - General government (ESA2010)-NCBs - Non-financial flows current prices - Percentage,XDC_R_B1GQ,0,Replace,2001-01-03T15:30:00.000+01:00,
RTD.A.S0.N.F_UMS_CGG_D0.F,A,S0,N,F_UMS_CGG_D0,F,1993,0.31244,A,F,,,P1Y,S,,,GFS.A.N.I10.W0.S13.S1._Z.B.B9P._Z._Z._Z.XDC_R_B1GQ._Z.S.V.N._T,,,,,,"See <a class=""external"" href=""http://sdw.ecb.europa.eu/web/generator/docu/rtdb_docu.pdf""> notes</a>; block Annual; series: G",,4,,,"Government primary deficit(-) or surplus(+), percent of GDP",Euro area (moving concept in the Real Time database context) - Primary deficit/surplus without UMTS proceeds - All sectors/ unspecified/ not applicable (ESA2010)-NCBs - General government (ESA2010)-NCBs - Non-financial flows current prices - Percentage,XDC_R_B1GQ,0,Replace,2001-01-03T15:30:00.000+01:00,
RTD.A.S0.N.F_UMS_CGG_D0.F,A,S0,N,F_UMS_CGG_D0,F,1994,0.58155,A,F,,,P1Y,S,,,GFS.A.N.I10.W0.S13.S1._Z.B.B9P._Z._Z._Z.XDC_R_B1GQ._Z.S.V.N._T,,,,,,"See <a class=""external"" href=""http://sdw.ecb.europa.eu/web/generator/docu/rtdb_docu.pdf""> notes</a>; block Annual; series: G",,4,,,"Government primary deficit(-) or surplus(+), percent of GDP",Euro area (moving concept in the Real Time database context) - Primary deficit/surplus without UMTS proceeds - All sectors/ unspecified/ not applicable (ESA2010)-NCBs - General government (ESA2010)-NCBs - Non-financial flows current prices - Percentage,XDC_R_B1GQ,0,Replace,2001-01-03T15:30:00.000+01:00,
RTD.A.S0.N.F_UMS_CGG_D0.F,A,S0,N,F_UMS_CGG_D0,F,1995,0.66343,A,F,,,P1Y,S,,,GFS.A.N.I10.W0.S13.S1._Z.B.B9P._Z._Z._Z.XDC_R_B1GQ._Z.S.V.N._T,,,,,,"See <a class=""external"" href=""http://sdw.ecb.europa.eu/web/generator/docu/rtdb_docu.pdf""> notes</a>; block Annual; series: G",,4,,,"Government primary deficit(-) or surplus(+), percent of GDP",Euro area (moving concept in the Real Time database context) - Primary deficit/surplus without UMTS proceeds - All sectors/ unspecified/ not applicable (ESA2010)-NCBs - General government (ESA2010)-NCBs - Non-financial flows current prices - Percentage,XDC_R_B1GQ,0,Replace,2001-01-03T15:30:00.000+01:00,
RTD.A.S0.N.F_UMS_CGG_D0.F,A,S0,N,F_UMS_CGG_D0,F,1996,1.44262,A,F,,,P1Y,S,,,GFS.A.N.I10.W0.S13.S1._Z.B.B9P._Z._Z._Z.XDC_R_B1GQ._Z.S.V.N._T,,,,,,"See <a class=""external"" href=""http://sdw.ecb.europa.eu/web/generator/docu/rtdb_docu.pdf""> notes</a>; block Annual; series: G",,4,,,"Government primary deficit(-) or surplus(+), percent of GDP",Euro area (moving concept in the Real Time database context) - Primary deficit/surplus without UMTS proceeds - All sectors/ unspecified/ not applicable (ESA2010)-NCBs - General government (ESA2010)-NCBs - Non-financial flows current prices - Percentage,XDC_R_B1GQ,0,Replace,2001-01-03T15:30:00.000+01:00,
RTD.A.S0.N.F_UMS_CGG_D0.F,A,S0,N,F_UMS_CGG_D0,F,1997,2.52376,A,F,,,P1Y,S,,,GFS.A.N.I10.W0.S13.S1._Z.B.B9P._Z._Z._Z.XDC_R_B1GQ._Z.S.V.N._T,,,,,,"See <a class=""external"" href=""http://sdw.ecb.europa.eu/web/generator/docu/rtdb_docu.pdf""> notes</a>; block Annual; series: G",,4,,,"Government primary deficit(-) or surplus(+), percent of GDP",Euro area (moving concept in the Real Time database context) - Primary deficit/surplus without UMTS proceeds - All sectors/ unspecified/ not applicable (ESA2010)-NCBs - General government (ESA2010)-NCBs - Non-financial flows current prices - Percentage,XDC_R_B1GQ,0,Replace,2001-01-03T15:30:00.000+01:00,
RTD.A.S0.N.F_UMS_CGG_D0.F,A,S0,N,F_UMS_CGG_D0,F,1998,2.59282,A,F,,,P1Y,S,,,GFS.A.N.I10.W0.S13.S1._Z.B.B9P._Z._Z._Z.XDC_R_B1GQ._Z.S.V.N._T,,,,,,"See <a class=""external"" href=""http://sdw.ecb.europa.eu/web/generator/docu/rtdb_docu.pdf""> notes</a>; block Annual; series: G",,4,,,"Government primary deficit(-) or surplus(+), percent of GDP",Euro area (moving concept in the Real Time database context) - Primary deficit/surplus without UMTS proceeds - All sectors/ unspecified/ not applicable (ESA2010)-NCBs - General government (ESA2010)-NCBs - Non-financial flows current prices - Percentage,XDC_R_B1GQ,0,Replace,2001-01-03T15:30:00.000+01:00,
RTD.A.S0.N.F_UMS_CGG_D0.F,A,S0,N,F_UMS_CGG_D0,F,1999,3.01851,A,F,,,P1Y,S,,,GFS.A.N.I10.W0.S13.S1._Z.B.B9P._Z._Z._Z.XDC_R_B1GQ._Z.S.V.N._T,,,,,,"See <a class=""external"" href=""http://sdw.ecb.europa.eu/web/generator/docu/rtdb_docu.pdf""> notes</a>; block Annual; series: G",,4,,,"Government primary deficit(-) or surplus(+), percent of GDP",Euro area (moving concept in the Real Time database context) - Primary deficit/surplus without UMTS proceeds - All sectors/ unspecified/ not applicable (ESA2010)-NCBs - General government (ESA2010)-NCBs - Non-financial flows current prices - Percentage,XDC_R_B1GQ,0,Replace,2001-01-03T15:30:00.000+01:00,
RTD.A.S0.N.F_UMS_CGG_D0.F,A,S0,N,F_UMS_CGG_D0,F,1998,2.59082,A,F,,,P1Y,S,,,GFS.A.N.I10.W0.S13.S1._Z.B.B9P._Z._Z._Z.XDC_R_B1GQ._Z.S.V.N._T,,,,,,"See <a class=""external"" href=""http://sdw.ecb.europa.eu/web/generator/docu/rtdb_docu.pdf""> notes</a>; block Annual; series: G",,4,,,"Government primary deficit(-) or surplus(+), percent of GDP",Euro area (moving concept in the Real Time database context) - Primary deficit/surplus without UMTS proceeds - All sectors/ unspecified/ not applicable (ESA2010)-NCBs - General government (ESA2010)-NCBs - Non-financial flows current prices - Percentage,XDC_R_B1GQ,0,Replace,2001-01-31T15:30:00.000+01:00,
RTD.A.S0.N.F_UMS_CGG_D0.F,A,S0,N,F_UMS_CGG_D0,F,1999,3.00788,A,F,,,P1Y,S,,,GFS.A.N.I10.W0.S13.S1._Z.B.B9P._Z._Z._Z.XDC_R_B1GQ._Z.S.V.N._T,,,,,,"See <a class=""external"" href=""http://sdw.ecb.europa.eu/web/generator/docu/rtdb_docu.pdf""> notes</a>; block Annual; series: G",,4,,,"Government primary deficit(-) or surplus(+), percent of GDP",Euro area (moving concept in the Real Time database context) - Primary deficit/surplus without UMTS proceeds - All sectors/ unspecified/ not applicable (ESA2010)-NCBs - General government (ESA2010)-NCBs - Non-financial flows current prices - Percentage,XDC_R_B1GQ,0,Replace,2001-01-31T15:30:00.000+01:00,
RTD.A.S0.N.F_UMS_CGG_D0.F,A,S0,N,F_UMS_CGG_D0,F,1991,0.62037,A,F,,,P1Y,S,,,GFS.A.N.I10.W0.S13.S1._Z.B.B9P._Z._Z._Z.XDC_R_B1GQ._Z.S.V.N._T,,,,,,"See <a class=""external"" href=""http://sdw.ecb.europa.eu/web/generator/docu/rtdb_docu.pdf""> notes</a>; block Annual; series: G",,4,,,"Government primary deficit(-) or surplus(+), percent of GDP",Euro area (moving concept in the Real Time database context) - Primary deficit/surplus without UMTS proceeds - All sectors/ unspecified/ not applicable (ESA2010)-NCBs - General government (ESA2010)-NCBs - Non-financial flows current prices - Percentage,XDC_R_B1GQ,0,Replace,2001-02-28T15:30:00.000+01:00,
RTD.A.S0.N.F_UMS_CGG_D0.F,A,S0,N,F_UMS_CGG_D0,F,1992,0.91927,A,F,,,P1Y,S,,,GFS.A.N.I10.W0.S13.S1._Z.B.B9P._Z._Z._Z.XDC_R_B1GQ._Z.S.V.N._T,,,,,,"See <a class=""external"" href=""http://sdw.ecb.europa.eu/web/generator/docu/rtdb_docu.pdf""> notes</a>; block Annual; series: G",,4,,,"Government primary deficit(-) or surplus(+), percent of GDP",Euro area (moving concept in the Real Time database context) - Primary deficit/surplus without UMTS proceeds - All sectors/ unspecified/ not applicable (ESA2010)-NCBs - General government (ESA2010)-NCBs - Non-financial flows current prices - Percentage,XDC_R_B1GQ,0,Replace,2001-02-28T15:30:00.000+01:00,
RTD.A.S0.N.F_UMS_CGG_D0.F,A,S0,N,F_UMS_CGG_D0,F,1993,0.3125,A,F,,,P1Y,S,,,GFS.A.N.I10.W0.S13.S1._Z.B.B9P._Z._Z._Z.XDC_R_B1GQ._Z.S.V.N._T,,,,,,"See <a class=""external"" href=""http://sdw.ecb.europa.eu/web/generator/docu/rtdb_docu.pdf""> notes</a>; block Annual; series: G",,4,,,"Government primary deficit(-) or surplus(+), percent of GDP",Euro area (moving concept in the Real Time database context) - Primary deficit/surplus without UMTS proceeds - All sectors/ unspecified/ not applicable (ESA2010)-NCBs - General government (ESA2010)-NCBs - Non-financial flows current prices - Percentage,XDC_R_B1GQ,0,Replace,2001-02-28T15:30:00.000+01:00,
RTD.A.S0.N.F_UMS_CGG_D0.F,A,S0,N,F_UMS_CGG_D0,F,1994,0.58162,A,F,,,P1Y,S,,,GFS.A.N.I10.W0.S13.S1._Z.B.B9P._Z._Z._Z.XDC_R_B1GQ._Z.S.V.N._T,,,,,,"See <a class=""external"" href=""http://sdw.ecb.europa.eu/web/generator/docu/rtdb_docu.pdf""> notes</a>; block Annual; series: G",,4,,,"Government primary deficit(-) or surplus(+), percent of GDP",Euro area (moving concept in the Real Time database context) - Primary deficit/surplus without UMTS proceeds - All sectors/ unspecified/ not applicable (ESA2010)-NCBs - General government (ESA2010)-NCBs - Non-financial flows current prices - Percentage,XDC_R_B1GQ,0,Replace,2001-02-28T15:30:00.000+01:00,
RTD.A.S0.N.F_UMS_CGG_D0.F,A,S0,N,F_UMS_CGG_D0,F,1995,0.66347,A,F,,,P1Y,S,,,GFS.A.N.I10.W0.S13.S1._Z.B.B9P._Z._Z._Z.XDC_R_B1GQ._Z.S.V.N._T,,,,,,"See <a class=""external"" href=""http://sdw.ecb.europa.eu/web/generator/docu/rtdb_docu.pdf""> notes</a>; block Annual; series: G",,4,,,"Government primary deficit(-) or surplus(+), percent of GDP",Euro area (moving concept in the Real Time database context) - Primary deficit/surplus without UMTS proceeds - All sectors/ unspecified/ not applicable (ESA2010)-NCBs - General government (ESA2010)-NCBs - Non-financial flows current prices - Percentage,XDC_R_B1GQ,0,Replace,2001-02-28T15:30:00.000+01:00,
RTD.A.S0.N.F_UMS_CGG_D0.F,A,S0,N,F_UMS_CGG_D0,F,1996,1.44268,A,F,,,P1Y,S,,,GFS.A.N.I10.W0.S13.S1._Z.B.B9P._Z._Z._Z.XDC_R_B1GQ._Z.S.V.N._T,,,,,,"See <a class=""external"" href=""http://sdw.ecb.europa.eu/web/generator/docu/rtdb_docu.pdf""> notes</a>; block Annual; series: G",,4,,,"Government primary deficit(-) or surplus(+), percent of GDP",Euro area (moving concept in the Real Time database context) - Primary deficit/surplus without UMTS proceeds - All sectors/ unspecified/ not applicable (ESA2010)-NCBs - General government (ESA2010)-NCBs - Non-financial flows current prices - Percentage,XDC_R_B1GQ,0,Replace,2001-02-28T15:30:00.000+01:00,
RTD.A.S0.N.F_UMS_CGG_D0.F,A,S0,N,F_UMS_CGG_D0,F,1997,2.52403,A,F,,,P1Y,S,,,GFS.A.N.I10.W0.S13.S1._Z.B.B9P._Z._Z._Z.XDC_R_B1GQ._Z.S.V.N._T,,,,,,"See <a class=""external"" href=""http://sdw.ecb.europa.eu/web/generator/docu/rtdb_docu.pdf""> notes</a>; block Annual; series: G",,4,,,"Government primary deficit(-) or surplus(+), percent of GDP",Euro area (moving concept in the Real Time database context) - Primary deficit/surplus without UMTS proceeds - All sectors/ unspecified/ not applicable (ESA2010)-NCBs - General government (ESA2010)-NCBs - Non-financial flows current prices - Percentage,XDC_R_B1GQ,0,Replace,2001-02-28T15:30:00.000+01:00,
RTD.A.S0.N.F_UMS_CGG_D0.F,A,S0,N,F_UMS_CGG_D0,F,1998,2.59071,A,F,,,P1Y,S,,,GFS.A.N.I10.W0.S13.S1._Z.B.B9P._Z._Z._Z.XDC_R_B1GQ._Z.S.V.N._T,,,,,,"See <a class=""external"" href=""http://sdw.ecb.europa.eu/web/generator/docu/rtdb_docu.pdf""> notes</a>; block Annual; series: G",,4,,,"Government primary deficit(-) or surplus(+), percent of GDP",Euro area (moving concept in the Real Time database context) - Primary deficit/surplus without UMTS proceeds - All sectors/ unspecified/ not applicable (ESA2010)-NCBs - General government (ESA2010)-NCBs - Non-financial flows current prices - Percentage,XDC_R_B1GQ,0,Replace,2001-02-28T15:30:00.000+01:00,
RTD.A.S0.N.F_UMS_CGG_D0.F,A,S0,N,F_UMS_CGG_D0,F,1999,3.00707,A,F,,,P1Y,S,,,GFS.A.N.I10.W0.S13.S1._Z.B.B9P._Z._Z._Z.XDC_R_B1GQ._Z.S.V.N._T,,,,,,"See <a class=""external"" href=""http://sdw.ecb.europa.eu/web/generator/docu/rtdb_docu.pdf""> notes</a>; block Annual; series: G",,4,,,"Government primary deficit(-) or surplus(+), percent of GDP",Euro area (moving concept in the Real Time database context) - Primary deficit/surplus without UMTS proceeds - All sectors/ unspecified/ not applicable (ESA2010)-NCBs - General government (ESA2010)-NCBs - Non-financial flows current prices - Percentage,XDC_R_B1GQ,0,Replace,2001-02-28T15:30:00.000+01:00,
RTD.A.S0.N.F_UMS_CGG_D0.F,A,S0,N,F_UMS_CGG_D0,F,1991,0.51594,A,F,,,P1Y,S,,,GFS.A.N.I10.W0.S13.S1._Z.B.B9P._Z._Z._Z.XDC_R_B1GQ._Z.S.V.N._T,,,,,,"See <a class=""external"" href=""http://sdw.ecb.europa.eu/web/generator/docu/rtdb_docu.pdf""> notes</a>; block Annual; series: G",,4,,,"Government primary deficit(-) or surplus(+), percent of GDP",Euro area (moving concept in the Real Time database context) - Primary deficit/surplus without UMTS proceeds - All sectors/ unspecified/ not applicable (ESA2010)-NCBs - General government (ESA2010)-NCBs - Non-financial flows current prices - Percentage,XDC_R_B1GQ,0,Replace,2001-04-10T15:30:00.000+02:00,
RTD.A.S0.N.F_UMS_CGG_D0.F,A,S0,N,F_UMS_CGG_D0,F,1992,0.81296,A,F,,,P1Y,S,,,GFS.A.N.I10.W0.S13.S1._Z.B.B9P._Z._Z._Z.XDC_R_B1GQ._Z.S.V.N._T,,,,,,"See <a class=""external"" href=""http://sdw.ecb.europa.eu/web/generator/docu/rtdb_docu.pdf""> notes</a>; block Annual; series: G",,4,,,"Government primary deficit(-) or surplus(+), percent of GDP",Euro area (moving concept in the Real Time database context) - Primary deficit/surplus without UMTS proceeds - All sectors/ unspecified/ not applicable (ESA2010)-NCBs - General government (ESA2010)-NCBs - Non-financial flows current prices - Percentage,XDC_R_B1GQ,0,Replace,2001-04-10T15:30:00.000+02:00,
RTD.A.S0.N.F_UMS_CGG_D0.F,A,S0,N,F_UMS_CGG_D0,F,1993,0.22816,A,F,,,P1Y,S,,,GFS.A.N.I10.W0.S13.S1._Z.B.B9P._Z._Z._Z.XDC_R_B1GQ._Z.S.V.N._T,,,,,,"See <a class=""external"" href=""http://sdw.ecb.europa.eu/web/generator/docu/rtdb_docu.pdf""> notes</a>; block Annual; series: G",,4,,,"Government primary deficit(-) or surplus(+), percent of GDP",Euro area (moving concept in the Real Time database context) - Primary deficit/surplus without UMTS proceeds - All sectors/ unspecified/ not applicable (ESA2010)-NCBs - General government (ESA2010)-NCBs - Non-financial flows current prices - Percentage,XDC_R_B1GQ,0,Replace,2001-04-10T15:30:00.000+02:00,
RTD.A.S0.N.F_UMS_CGG_D0.F,A,S0,N,F_UMS_CGG_D0,F,1994,0.53892,A,F,,,P1Y,S,,,GFS.A.N.I10.W0.S13.S1._Z.B.B9P._Z._Z._Z.XDC_R_B1GQ._Z.S.V.N._T,,,,,,"See <a class=""external"" href=""http://sdw.ecb.europa.eu/web/generator/docu/rtdb_docu.pdf""> notes</a>; block Annual; series: G",,4,,,"Government primary deficit(-) or surplus(+), percent of GDP",Euro area (moving concept in the Real Time database context) - Primary deficit/surplus without UMTS proceeds - All sectors/ unspecified/ not applicable (ESA2010)-NCBs - General government (ESA2010)-NCBs - Non-financial flows current prices - Percentage,XDC_R_B1GQ,0,Replace,2001-04-10T15:30:00.000+02:00,
RTD.A.S0.N.F_UMS_CGG_D0.F,A,S0,N,F_UMS_CGG_D0,F,1995,0.69353,A,F,,,P1Y,S,,,GFS.A.N.I10.W0.S13.S1._Z.B.B9P._Z._Z._Z.XDC_R_B1GQ._Z.S.V.N._T,,,,,,"See <a class=""external"" href=""http://sdw.ecb.europa.eu/web/generator/docu/rtdb_docu.pdf""> notes</a>; block Annual; series: G",,4,,,"Government primary deficit(-) or surplus(+), percent of GDP",Euro area (moving concept in the Real Time database context) - Primary deficit/surplus without UMTS proceeds - All sectors/ unspecified/ not applicable (ESA2010)-NCBs - General government (ESA2010)-NCBs - Non-financial flows current prices - Percentage,XDC_R_B1GQ,0,Replace,2001-04-10T15:30:00.000+02:00,
RTD.A.S0.N.F_UMS_CGG_D0.F,A,S0,N,F_UMS_CGG_D0,F,1996,1.47221,A,F,,,P1Y,S,,,GFS.A.N.I10.W0.S13.S1._Z.B.B9P._Z._Z._Z.XDC_R_B1GQ._Z.S.V.N._T,,,,,,"See <a class=""external"" href=""http://sdw.ecb.europa.eu/web/generator/docu/rtdb_docu.pdf""> notes</a>; block Annual; series: G",,4,,,"Government primary deficit(-) or surplus(+), percent of GDP",Euro area (moving concept in the Real Time database context) - Primary deficit/surplus without UMTS proceeds - All sectors/ unspecified/ not applicable (ESA2010)-NCBs - General government (ESA2010)-NCBs - Non-financial flows current prices - Percentage,XDC_R_B1GQ,0,Replace,2001-04-10T15:30:00.000+02:00,
RTD.A.S0.N.F_UMS_CGG_D0.F,A,S0,N,F_UMS_CGG_D0,F,1997,2.53019,A,F,,,P1Y,S,,,GFS.A.N.I10.W0.S13.S1._Z.B.B9P._Z._Z._Z.XDC_R_B1GQ._Z.S.V.N._T,,,,,,"See <a class=""external"" href=""http://sdw.ecb.europa.eu/web/generator/docu/rtdb_docu.pdf""> notes</a>; block Annual; series: G",,4,,,"Government primary deficit(-) or surplus(+), percent of GDP",Euro area (moving concept in the Real Time database context) - Primary deficit/surplus without UMTS proceeds - All sectors/ unspecified/ not applicable (ESA2010)-NCBs - General government (ESA2010)-NCBs - Non-financial flows current prices - Percentage,XDC_R_B1GQ,0,Replace,2001-04-10T15:30:00.000+02:00,
RTD.A.S0.N.F_UMS_CGG_D0.F,A,S0,N,F_UMS_CGG_D0,F,1998,2.58486,A,F,,,P1Y,S,,,GFS.A.N.I10.W0.S13.S1._Z.B.B9P._Z._Z._Z.XDC_R_B1GQ._Z.S.V.N._T,,,,,,"See <a class=""external"" href=""http://sdw.ecb.europa.eu/web/generator/docu/rtdb_docu.pdf""> notes</a>; block Annual; series: G",,4,,,"Government primary deficit(-) or surplus(+), percent of GDP",Euro area (moving concept in the Real Time database context) - Primary deficit/surplus without UMTS proceeds - All sectors/ unspecified/ not applicable (ESA2010)-NCBs - General government (ESA2010)-NCBs - Non-financial flows current prices - Percentage,XDC_R_B1GQ,0,Replace,2001-04-10T15:30:00.000+02:00,
RTD.A.S0.N.F_UMS_CGG_D0.F,A,S0,N,F_UMS_CGG_D0,F,1999,3.04351,A,F,,,P1Y,S,,,GFS.A.N.I10.W0.S13.S1._Z.B.B9P._Z._Z._Z.XDC_R_B1GQ._Z.S.V.N._T,,,,,,"See <a class=""external"" href=""http://sdw.ecb.europa.eu/web/generator/docu/rtdb_docu.pdf""> notes</a>; block Annual; series: G",,4,,,"Government primary deficit(-) or surplus(+), percent of GDP",Euro area (moving concept in the Real Time database context) - Primary deficit/surplus without UMTS proceeds - All sectors/ unspecified/ not applicable (ESA2010)-NCBs - General government (ESA2010)-NCBs - Non-financial flows current prices - Percentage,XDC_R_B1GQ,0,Replace,2001-04-10T15:30:00.000+02:00,
RTD.A.S0.N.F_UMS_CGG_D0.F,A,S0,N,F_UMS_CGG_D0,F,2000,3.33487,A,F,,,P1Y,S,,,GFS.A.N.I10.W0.S13.S1._Z.B.B9P._Z._Z._Z.XDC_R_B1GQ._Z.S.V.N._T,,,,,,"See <a class=""external"" href=""http://sdw.ecb.europa.eu/web/generator/docu/rtdb_docu.pdf""> notes</a>; block Annual; series: G",,4,,,"Government primary deficit(-) or surplus(+), percent of GDP",Euro area (moving concept in the Real Time database context) - Primary deficit/surplus without UMTS proceeds - All sectors/ unspecified/ not applicable (ESA2010)-NCBs - General government (ESA2010)-NCBs - Non-financial flows current prices - Percentage,XDC_R_B1GQ,0,Replace,2001-04-10T15:30:00.000+02:00,
RTD.A.S0.N.F_UMS_CGG_D0.F,A,S0,N,F_UMS_CGG_D0,F,1991,0.51572,A,F,,,P1Y,S,,,GFS.A.N.I10.W0.S13.S1._Z.B.B9P._Z._Z._Z.XDC_R_B1GQ._Z.S.V.N._T,,,,,,"See <a class=""external"" href=""http://sdw.ecb.europa.eu/web/generator/docu/rtdb_docu.pdf""> notes</a>; block Annual; series: G",,4,,,"Government primary deficit(-) or surplus(+), percent of GDP",Euro area (moving concept in the Real Time database context) - Primary deficit/surplus without UMTS proceeds - All sectors/ unspecified/ not applicable (ESA2010)-NCBs - General government (ESA2010)-NCBs - Non-financial flows current prices - Percentage,XDC_R_B1GQ,0,Replace,2001-05-08T15:30:00.000+02:00,
RTD.A.S0.N.F_UMS_CGG_D0.F,A,S0,N,F_UMS_CGG_D0,F,1992,0.81212,A,F,,,P1Y,S,,,GFS.A.N.I10.W0.S13.S1._Z.B.B9P._Z._Z._Z.XDC_R_B1GQ._Z.S.V.N._T,,,,,,"See <a class=""external"" href=""http://sdw.ecb.europa.eu/web/generator/docu/rtdb_docu.pdf""> notes</a>; block Annual; series: G",,4,,,"Government primary deficit(-) or surplus(+), percent of GDP",Euro area (moving concept in the Real Time database context) - Primary deficit/surplus without UMTS proceeds - All sectors/ unspecified/ not applicable (ESA2010)-NCBs - General government (ESA2010)-NCBs - Non-financial flows current prices - Percentage,XDC_R_B1GQ,0,Replace,2001-05-08T15:30:00.000+02:00,
RTD.A.S0.N.F_UMS_CGG_D0.F,A,S0,N,F_UMS_CGG_D0,F,1993,0.22736,A,F,,,P1Y,S,,,GFS.A.N.I10.W0.S13.S1._Z.B.B9P._Z._Z._Z.XDC_R_B1GQ._Z.S.V.N._T,,,,,,"See <a class=""external"" href=""http://sdw.ecb.europa.eu/web/generator/docu/rtdb_docu.pdf""> notes</a>; block Annual; series: G",,4,,,"Government primary deficit(-) or surplus(+), percent of GDP",Euro area (moving concept in the Real Time database context) - Primary deficit/surplus without UMTS proceeds - All sectors/ unspecified/ not applicable (ESA2010)-NCBs - General government (ESA2010)-NCBs - Non-financial flows current prices - Percentage,XDC_R_B1GQ,0,Replace,2001-05-08T15:30:00.000+02:00,
RTD.A.S0.N.F_UMS_CGG_D0.F,A,S0,N,F_UMS_CGG_D0,F,1994,0.53824,A,F,,,P1Y,S,,,GFS.A.N.I10.W0.S13.S1._Z.B.B9P._Z._Z._Z.XDC_R_B1GQ._Z.S.V.N._T,,,,,,"See <a class=""external"" href=""http://sdw.ecb.europa.eu/web/generator/docu/rtdb_docu.pdf""> notes</a>; block Annual; series: G",,4,,,"Government primary deficit(-) or surplus(+), percent of GDP",Euro area (moving concept in the Real Time database context) - Primary deficit/surplus without UMTS proceeds - All sectors/ unspecified/ not applicable (ESA2010)-NCBs - General government (ESA2010)-NCBs - Non-financial flows current prices - Percentage,XDC_R_B1GQ,0,Replace,2001-05-08T15:30:00.000+02:00,
RTD.A.S0.N.F_UMS_CGG_D0.F,A,S0,N,F_UMS_CGG_D0,F,1995,0.69282,A,F,,,P1Y,S,,,GFS.A.N.I10.W0.S13.S1._Z.B.B9P._Z._Z._Z.XDC_R_B1GQ._Z.S.V.N._T,,,,,,"See <a class=""external"" href=""http://sdw.ecb.europa.eu/web/generator/docu/rtdb_docu.pdf""> notes</a>; block Annual; series: G",,4,,,"Government primary deficit(-) or surplus(+), percent of GDP",Euro area (moving concept in the Real Time database context) - Primary deficit/surplus without UMTS proceeds - All sectors/ unspecified/ not applicable (ESA2010)-NCBs - General government (ESA2010)-NCBs - Non-financial flows current prices - Percentage,XDC_R_B1GQ,0,Replace,2001-05-08T15:30:00.000+02:00,
RTD.A.S0.N.F_UMS_CGG_D0.F,A,S0,N,F_UMS_CGG_D0,F,1996,1.47163,A,F,,,P1Y,S,,,GFS.A.N.I10.W0.S13.S1._Z.B.B9P._Z._Z._Z.XDC_R_B1GQ._Z.S.V.N._T,,,,,,"See <a class=""external"" href=""http://sdw.ecb.europa.eu/web/generator/docu/rtdb_docu.pdf""> notes</a>; block Annual; series: G",,4,,,"Government primary deficit(-) or surplus(+), percent of GDP",Euro area (moving concept in the Real Time database context) - Primary deficit/surplus without UMTS proceeds - All sectors/ unspecified/ not applicable (ESA2010)-NCBs - General government (ESA2010)-NCBs - Non-financial flows current prices - Percentage,XDC_R_B1GQ,0,Replace,2001-05-08T15:30:00.000+02:00,
RTD.A.S0.N.F_UMS_CGG_D0.F,A,S0,N,F_UMS_CGG_D0,F,1997,2.53152,A,F,,,P1Y,S,,,GFS.A.N.I10.W0.S13.S1._Z.B.B9P._Z._Z._Z.XDC_R_B1GQ._Z.S.V.N._T,,,,,,"See <a class=""external"" href=""http://sdw.ecb.europa.eu/web/generator/docu/rtdb_docu.pdf""> notes</a>; block Annual; series: G",,4,,,"Government primary deficit(-) or surplus(+), percent of GDP",Euro area (moving concept in the Real Time database context) - Primary deficit/surplus without UMTS proceeds - All sectors/ unspecified/ not applicable (ESA2010)-NCBs - General government (ESA2010)-NCBs - Non-financial flows current prices - Percentage,XDC_R_B1GQ,0,Replace,2001-05-08T15:30:00.000+02:00,
RTD.A.S0.N.F_UMS_CGG_D0.F,A,S0,N,F_UMS_CGG_D0,F,1998,2.58481,A,F,,,P1Y,S,,,GFS.A.N.I10.W0.S13.S1._Z.B.B9P._Z._Z._Z.XDC_R_B1GQ._Z.S.V.N._T,,,,,,"See <a class=""external"" href=""http://sdw.ecb.europa.eu/web/generator/docu/rtdb_docu.pdf""> notes</a>; block Annual; series: G",,4,,,"Government primary deficit(-) or surplus(+), percent of GDP",Euro area (moving concept in the Real Time database context) - Primary deficit/surplus without UMTS proceeds - All sectors/ unspecified/ not applicable (ESA2010)-NCBs - General government (ESA2010)-NCBs - Non-financial flows current prices - Percentage,XDC_R_B1GQ,0,Replace,2001-05-08T15:30:00.000+02:00,
RTD.A.S0.N.F_UMS_CGG_D0.F,A,S0,N,F_UMS_CGG_D0,F,1999,3.04294,A,F,,,P1Y,S,,,GFS.A.N.I10.W0.S13.S1._Z.B.B9P._Z._Z._Z.XDC_R_B1GQ._Z.S.V.N._T,,,,,,"See <a class=""external"" href=""http://sdw.ecb.europa.eu/web/generator/docu/rtdb_docu.pdf""> notes</a>; block Annual; series: G",,4,,,"Government primary deficit(-) or surplus(+), percent of GDP",Euro area (moving concept in the Real Time database context) - Primary deficit/surplus without UMTS proceeds - All sectors/ unspecified/ not applicable (ESA2010)-NCBs - General government (ESA2010)-NCBs - Non-financial flows current prices - Percentage,XDC_R_B1GQ,0,Replace,2001-05-08T15:30:00.000+02:00,
RTD.A.S0.N.F_UMS_CGG_D0.F,A,S0,N,F_UMS_CGG_D0,F,2000,3.36386,A,F,,,P1Y,S,,,GFS.A.N.I10.W0.S13.S1._Z.B.B9P._Z._Z._Z.XDC_R_B1GQ._Z.S.V.N._T,,,,,,"See <a class=""external"" href=""http://sdw.ecb.europa.eu/web/generator/docu/rtdb_docu.pdf""> notes</a>; block Annual; series: G",,4,,,"Government primary deficit(-) or surplus(+), percent of GDP",Euro area (moving concept in the Real Time database context) - Primary deficit/surplus without UMTS proceeds - All sectors/ unspecified/ not applicable (ESA2010)-NCBs - General government (ESA2010)-NCBs - Non-financial flows current prices - Percentage,XDC_R_B1GQ,0,Replace,2001-05-08T15:30:00.000+02:00,
RTD.A.S0.N.F_UMS_CGG_D0.F,A,S0,N,F_UMS_CGG_D0,F,1991,0.51464,A,F,,,P1Y,S,,,GFS.A.N.I10.W0.S13.S1._Z.B.B9P._Z._Z._Z.XDC_R_B1GQ._Z.S.V.N._T,,,,,,"See <a class=""external"" href=""http://sdw.ecb.europa.eu/web/generator/docu/rtdb_docu.pdf""> notes</a>; block Annual; series: G",,4,,,"Government primary deficit(-) or surplus(+), percent of GDP",Euro area (moving concept in the Real Time database context) - Primary deficit/surplus without UMTS proceeds - All sectors/ unspecified/ not applicable (ESA2010)-NCBs - General government (ESA2010)-NCBs - Non-financial flows current prices - Percentage,XDC_R_B1GQ,0,Replace,2001-06-06T15:30:00.000+02:00,
RTD.A.S0.N.F_UMS_CGG_D0.F,A,S0,N,F_UMS_CGG_D0,F,1992,0.8126,A,F,,,P1Y,S,,,GFS.A.N.I10.W0.S13.S1._Z.B.B9P._Z._Z._Z.XDC_R_B1GQ._Z.S.V.N._T,,,,,,"See <a class=""external"" href=""http://sdw.ecb.europa.eu/web/generator/docu/rtdb_docu.pdf""> notes</a>; block Annual; series: G",,4,,,"Government primary deficit(-) or surplus(+), percent of GDP",Euro area (moving concept in the Real Time database context) - Primary deficit/surplus without UMTS proceeds - All sectors/ unspecified/ not applicable (ESA2010)-NCBs - General government (ESA2010)-NCBs - Non-financial flows current prices - Percentage,XDC_R_B1GQ,0,Replace,2001-06-06T15:30:00.000+02:00,
RTD.A.S0.N.F_UMS_CGG_D0.F,A,S0,N,F_UMS_CGG_D0,F,1993,0.22876,A,F,,,P1Y,S,,,GFS.A.N.I10.W0.S13.S1._Z.B.B9P._Z._Z._Z.XDC_R_B1GQ._Z.S.V.N._T,,,,,,"See <a class=""external"" href=""http://sdw.ecb.europa.eu/web/generator/docu/rtdb_docu.pdf""> notes</a>; block Annual; series: G",,4,,,"Government primary deficit(-) or surplus(+), percent of GDP",Euro area (moving concept in the Real Time database context) - Primary deficit/surplus without UMTS proceeds - All sectors/ unspecified/ not applicable (ESA2010)-NCBs - General government (ESA2010)-NCBs - Non-financial flows current prices - Percentage,XDC_R_B1GQ,0,Replace,2001-06-06T15:30:00.000+02:00,
RTD.A.S0.N.F_UMS_CGG_D0.F,A,S0,N,F_UMS_CGG_D0,F,1994,0.53831,A,F,,,P1Y,S,,,GFS.A.N.I10.W0.S13.S1._Z.B.B9P._Z._Z._Z.XDC_R_B1GQ._Z.S.V.N._T,,,,,,"See <a class=""external"" href=""http://sdw.ecb.europa.eu/web/generator/docu/rtdb_docu.pdf""> notes</a>; block Annual; series: G",,4,,,"Government primary deficit(-) or surplus(+), percent of GDP",Euro area (moving concept in the Real Time database context) - Primary deficit/surplus without UMTS proceeds - All sectors/ unspecified/ not applicable (ESA2010)-NCBs - General government (ESA2010)-NCBs - Non-financial flows current prices - Percentage,XDC_R_B1GQ,0,Replace,2001-06-06T15:30:00.000+02:00,
RTD.A.S0.N.F_UMS_CGG_D0.F,A,S0,N,F_UMS_CGG_D0,F,1995,0.69388,A,F,,,P1Y,S,,,GFS.A.N.I10.W0.S13.S1._Z.B.B9P._Z._Z._Z.XDC_R_B1GQ._Z.S.V.N._T,,,,,,"See <a class=""external"" href=""http://sdw.ecb.europa.eu/web/generator/docu/rtdb_docu.pdf""> notes</a>; block Annual; series: G",,4,,,"Government primary deficit(-) or surplus(+), percent of GDP",Euro area (moving concept in the Real Time database context) - Primary deficit/surplus without UMTS proceeds - All sectors/ unspecified/ not applicable (ESA2010)-NCBs - General government (ESA2010)-NCBs - Non-financial flows current prices - Percentage,XDC_R_B1GQ,0,Replace,2001-06-06T15:30:00.000+02:00,
RTD.A.S0.N.F_UMS_CGG_D0.F,A,S0,N,F_UMS_CGG_D0,F,1996,1.47198,A,F,,,P1Y,S,,,GFS.A.N.I10.W0.S13.S1._Z.B.B9P._Z._Z._Z.XDC_R_B1GQ._Z.S.V.N._T,,,,,,"See <a class=""external"" href=""http://sdw.ecb.europa.eu/web/generator/docu/rtdb_docu.pdf""> notes</a>; block Annual; series: G",,4,,,"Government primary deficit(-) or surplus(+), percent of GDP",Euro area (moving concept in the Real Time database context) - Primary deficit/surplus without UMTS proceeds - All sectors/ unspecified/ not applicable (ESA2010)-NCBs - General government (ESA2010)-NCBs - Non-financial flows current prices - Percentage,XDC_R_B1GQ,0,Replace,2001-06-06T15:30:00.000+02:00,
RTD.A.S0.N.F_UMS_CGG_D0.F,A,S0,N,F_UMS_CGG_D0,F,1997,2.55782,A,F,,,P1Y,S,,,GFS.A.N.I10.W0.S13.S1._Z.B.B9P._Z._Z._Z.XDC_R_B1GQ._Z.S.V.N._T,,,,,,"See <a class=""external"" href=""http://sdw.ecb.europa.eu/web/generator/docu/rtdb_docu.pdf""> notes</a>; block Annual; series: G",,4,,,"Government primary deficit(-) or surplus(+), percent of GDP",Euro area (moving concept in the Real Time database context) - Primary deficit/surplus without UMTS proceeds - All sectors/ unspecified/ not applicable (ESA2010)-NCBs - General government (ESA2010)-NCBs - Non-financial flows current prices - Percentage,XDC_R_B1GQ,0,Replace,2001-06-06T15:30:00.000+02:00,
RTD.A.S0.N.F_UMS_CGG_D0.F,A,S0,N,F_UMS_CGG_D0,F,1998,2.58899,A,F,,,P1Y,S,,,GFS.A.N.I10.W0.S13.S1._Z.B.B9P._Z._Z._Z.XDC_R_B1GQ._Z.S.V.N._T,,,,,,"See <a class=""external"" href=""http://sdw.ecb.europa.eu/web/generator/docu/rtdb_docu.pdf""> notes</a>; block Annual; series: G",,4,,,"Government primary deficit(-) or surplus(+), percent of GDP",Euro area (moving concept in the Real Time database context) - Primary deficit/surplus without UMTS proceeds - All sectors/ unspecified/ not applicable (ESA2010)-NCBs - General government (ESA2010)-NCBs - Non-financial flows current prices - Percentage,XDC_R_B1GQ,0,Replace,2001-06-06T15:30:00.000+02:00,
RTD.A.S0.N.F_UMS_CGG_D0.F,A,S0,N,F_UMS_CGG_D0,F,1999,3.04369,A,F,,,P1Y,S,,,GFS.A.N.I10.W0.S13.S1._Z.B.B9P._Z._Z._Z.XDC_R_B1GQ._Z.S.V.N._T,,,,,,"See <a class=""external"" href=""http://sdw.ecb.europa.eu/web/generator/docu/rtdb_docu.pdf""> notes</a>; block Annual; series: G",,4,,,"Government primary deficit(-) or surplus(+), percent of GDP",Euro area (moving concept in the Real Time database context) - Primary deficit/surplus without UMTS proceeds - All sectors/ unspecified/ not applicable (ESA2010)-NCBs - General government (ESA2010)-NCBs - Non-financial flows current prices - Percentage,XDC_R_B1GQ,0,Replace,2001-06-06T15:30:00.000+02:00,
RTD.A.S0.N.F_UMS_CGG_D0.F,A,S0,N,F_UMS_CGG_D0,F,2000,3.35395,A,F,,,P1Y,S,,,GFS.A.N.I10.W0.S13.S1._Z.B.B9P._Z._Z._Z.XDC_R_B1GQ._Z.S.V.N._T,,,,,,"See <a class=""external"" href=""http://sdw.ecb.europa.eu/web/generator/docu/rtdb_docu.pdf""> notes</a>; block Annual; series: G",,4,,,"Government primary deficit(-) or surplus(+), percent of GDP",Euro area (moving concept in the Real Time database context) - Primary deficit/surplus without UMTS proceeds - All sectors/ unspecified/ not applicable (ESA2010)-NCBs - General government (ESA2010)-NCBs - Non-financial flows current prices - Percentage,XDC_R_B1GQ,0,Replace,2001-06-06T15:30:00.000+02:00,
RTD.A.S0.N.F_UMS_CGG_D0.F,A,S0,N,F_UMS_CGG_D0,F,1991,0.51393,A,F,,,P1Y,S,,,GFS.A.N.I10.W0.S13.S1._Z.B.B9P._Z._Z._Z.XDC_R_B1GQ._Z.S.V.N._T,,,,,,"See <a class=""external"" href=""http://sdw.ecb.europa.eu/web/generator/docu/rtdb_docu.pdf""> notes</a>; block Annual; series: G",,4,,,"Government primary deficit(-) or surplus(+), percent of GDP",Euro area (moving concept in the Real Time database context) - Primary deficit/surplus without UMTS proceeds - All sectors/ unspecified/ not applicable (ESA2010)-NCBs - General government (ESA2010)-NCBs - Non-financial flows current prices - Percentage,XDC_R_B1GQ,0,Replace,2001-07-04T15:30:00.000+02:00,
RTD.A.S0.N.F_UMS_CGG_D0.F,A,S0,N,F_UMS_CGG_D0,F,1992,0.81184,A,F,,,P1Y,S,,,GFS.A.N.I10.W0.S13.S1._Z.B.B9P._Z._Z._Z.XDC_R_B1GQ._Z.S.V.N._T,,,,,,"See <a class=""external"" href=""http://sdw.ecb.europa.eu/web/generator/docu/rtdb_docu.pdf""> notes</a>; block Annual; series: G",,4,,,"Government primary deficit(-) or surplus(+), percent of GDP",Euro area (moving concept in the Real Time database context) - Primary deficit/surplus without UMTS proceeds - All sectors/ unspecified/ not applicable (ESA2010)-NCBs - General government (ESA2010)-NCBs - Non-financial flows current prices - Percentage,XDC_R_B1GQ,0,Replace,2001-07-04T15:30:00.000+02:00,
RTD.A.S0.N.F_UMS_CGG_D0.F,A,S0,N,F_UMS_CGG_D0,F,1993,0.228,A,F,,,P1Y,S,,,GFS.A.N.I10.W0.S13.S1._Z.B.B9P._Z._Z._Z.XDC_R_B1GQ._Z.S.V.N._T,,,,,,"See <a class=""external"" href=""http://sdw.ecb.europa.eu/web/generator/docu/rtdb_docu.pdf""> notes</a>; block Annual; series: G",,4,,,"Government primary deficit(-) or surplus(+), percent of GDP",Euro area (moving concept in the Real Time database context) - Primary deficit/surplus without UMTS proceeds - All sectors/ unspecified/ not applicable (ESA2010)-NCBs - General government (ESA2010)-NCBs - Non-financial flows current prices - Percentage,XDC_R_B1GQ,0,Replace,2001-07-04T15:30:00.000+02:00,
RTD.A.S0.N.F_UMS_CGG_D0.F,A,S0,N,F_UMS_CGG_D0,F,1994,0.53755,A,F,,,P1Y,S,,,GFS.A.N.I10.W0.S13.S1._Z.B.B9P._Z._Z._Z.XDC_R_B1GQ._Z.S.V.N._T,,,,,,"See <a class=""external"" href=""http://sdw.ecb.europa.eu/web/generator/docu/rtdb_docu.pdf""> notes</a>; block Annual; series: G",,4,,,"Government primary deficit(-) or surplus(+), percent of GDP",Euro area (moving concept in the Real Time database context) - Primary deficit/surplus without UMTS proceeds - All sectors/ unspecified/ not applicable (ESA2010)-NCBs - General government (ESA2010)-NCBs - Non-financial flows current prices - Percentage,XDC_R_B1GQ,0,Replace,2001-07-04T15:30:00.000+02:00,
RTD.A.S0.N.F_UMS_CGG_D0.F,A,S0,N,F_UMS_CGG_D0,F,1995,0.69161,A,F,,,P1Y,S,,,GFS.A.N.I10.W0.S13.S1._Z.B.B9P._Z._Z._Z.XDC_R_B1GQ._Z.S.V.N._T,,,,,,"See <a class=""external"" href=""http://sdw.ecb.europa.eu/web/generator/docu/rtdb_docu.pdf""> notes</a>; block Annual; series: G",,4,,,"Government primary deficit(-) or surplus(+), percent of GDP",Euro area (moving concept in the Real Time database context) - Primary deficit/surplus without UMTS proceeds - All sectors/ unspecified/ not applicable (ESA2010)-NCBs - General government (ESA2010)-NCBs - Non-financial flows current prices - Percentage,XDC_R_B1GQ,0,Replace,2001-07-04T15:30:00.000+02:00,
RTD.A.S0.N.F_UMS_CGG_D0.F,A,S0,N,F_UMS_CGG_D0,F,1996,1.47069,A,F,,,P1Y,S,,,GFS.A.N.I10.W0.S13.S1._Z.B.B9P._Z._Z._Z.XDC_R_B1GQ._Z.S.V.N._T,,,,,,"See <a class=""external"" href=""http://sdw.ecb.europa.eu/web/generator/docu/rtdb_docu.pdf""> notes</a>; block Annual; series: G",,4,,,"Government primary deficit(-) or surplus(+), percent of GDP",Euro area (moving concept in the Real Time database context) - Primary deficit/surplus without UMTS proceeds - All sectors/ unspecified/ not applicable (ESA2010)-NCBs - General government (ESA2010)-NCBs - Non-financial flows current prices - Percentage,XDC_R_B1GQ,0,Replace,2001-07-04T15:30:00.000+02:00,
RTD.A.S0.N.F_UMS_CGG_D0.F,A,S0,N,F_UMS_CGG_D0,F,1997,2.55244,A,F,,,P1Y,S,,,GFS.A.N.I10.W0.S13.S1._Z.B.B9P._Z._Z._Z.XDC_R_B1GQ._Z.S.V.N._T,,,,,,"See <a class=""external"" href=""http://sdw.ecb.europa.eu/web/generator/docu/rtdb_docu.pdf""> notes</a>; block Annual; series: G",,4,,,"Government primary deficit(-) or surplus(+), percent of GDP",Euro area (moving concept in the Real Time database context) - Primary deficit/surplus without UMTS proceeds - All sectors/ unspecified/ not applicable (ESA2010)-NCBs - General government (ESA2010)-NCBs - Non-financial flows current prices - Percentage,XDC_R_B1GQ,0,Replace,2001-07-04T15:30:00.000+02:00,
RTD.A.S0.N.F_UMS_CGG_D0.F,A,S0,N,F_UMS_CGG_D0,F,1998,2.58807,A,F,,,P1Y,S,,,GFS.A.N.I10.W0.S13.S1._Z.B.B9P._Z._Z._Z.XDC_R_B1GQ._Z.S.V.N._T,,,,,,"See <a class=""external"" href=""http://sdw.ecb.europa.eu/web/generator/docu/rtdb_docu.pdf""> notes</a>; block Annual; series: G",,4,,,"Government primary deficit(-) or surplus(+), percent of GDP",Euro area (moving concept in the Real Time database context) - Primary deficit/surplus without UMTS proceeds - All sectors/ unspecified/ not applicable (ESA2010)-NCBs - General government (ESA2010)-NCBs - Non-financial flows current prices - Percentage,XDC_R_B1GQ,0,Replace,2001-07-04T15:30:00.000+02:00,
RTD.A.S0.N.F_UMS_CGG_D0.F,A,S0,N,F_UMS_CGG_D0,F,1999,3.04177,A,F,,,P1Y,S,,,GFS.A.N.I10.W0.S13.S1._Z.B.B9P._Z._Z._Z.XDC_R_B1GQ._Z.S.V.N._T,,,,,,"See <a class=""external"" href=""http://sdw.ecb.europa.eu/web/generator/docu/rtdb_docu.pdf""> notes</a>; block Annual; series: G",,4,,,"Government primary deficit(-) or surplus(+), percent of GDP",Euro area (moving concept in the Real Time database context) - Primary deficit/surplus without UMTS proceeds - All sectors/ unspecified/ not applicable (ESA2010)-NCBs - General government (ESA2010)-NCBs - Non-financial flows current prices - Percentage,XDC_R_B1GQ,0,Replace,2001-07-04T15:30:00.000+02:00,
RTD.A.S0.N.F_UMS_CGG_D0.F,A,S0,N,F_UMS_CGG_D0,F,2000,3.35214,A,F,,,P1Y,S,,,GFS.A.N.I10.W0.S13.S1._Z.B.B9P._Z._Z._Z.XDC_R_B1GQ._Z.S.V.N._T,,,,,,"See <a class=""external"" href=""http://sdw.ecb.europa.eu/web/generator/docu/rtdb_docu.pdf""> notes</a>; block Annual; series: G",,4,,,"Government primary deficit(-) or surplus(+), percent of GDP",Euro area (moving concept in the Real Time database context) - Primary deficit/surplus without UMTS proceeds - All sectors/ unspecified/ not applicable (ESA2010)-NCBs - General government (ESA2010)-NCBs - Non-financial flows current prices - Percentage,XDC_R_B1GQ,0,Replace,2001-07-04T15:30:00.000+02:00,
RTD.A.S0.N.F_UMS_CGG_D0.F,A,S0,N,F_UMS_CGG_D0,F,1991,0.52475,A,F,,,P1Y,S,,,GFS.A.N.I10.W0.S13.S1._Z.B.B9P._Z._Z._Z.XDC_R_B1GQ._Z.S.V.N._T,,,,,,"See <a class=""external"" href=""http://sdw.ecb.europa.eu/web/generator/docu/rtdb_docu.pdf""> notes</a>; block Annual; series: G",,4,,,"Government primary deficit(-) or surplus(+), percent of GDP",Euro area (moving concept in the Real Time database context) - Primary deficit/surplus without UMTS proceeds - All sectors/ unspecified/ not applicable (ESA2010)-NCBs - General government (ESA2010)-NCBs - Non-financial flows current prices - Percentage,XDC_R_B1GQ,0,Replace,2001-09-13T15:30:00.000+02:00,
RTD.A.S0.N.F_UMS_CGG_D0.F,A,S0,N,F_UMS_CGG_D0,F,1995,0.69163,A,F,,,P1Y,S,,,GFS.A.N.I10.W0.S13.S1._Z.B.B9P._Z._Z._Z.XDC_R_B1GQ._Z.S.V.N._T,,,,,,"See <a class=""external"" href=""http://sdw.ecb.europa.eu/web/generator/docu/rtdb_docu.pdf""> notes</a>; block Annual; series: G",,4,,,"Government primary deficit(-) or surplus(+), percent of GDP",Euro area (moving concept in the Real Time database context) - Primary deficit/surplus without UMTS proceeds - All sectors/ unspecified/ not applicable (ESA2010)-NCBs - General government (ESA2010)-NCBs - Non-financial flows current prices - Percentage,XDC_R_B1GQ,0,Replace,2001-09-13T15:30:00.000+02:00,
RTD.A.S0.N.F_UMS_CGG_D0.F,A,S0,N,F_UMS_CGG_D0,F,1996,1.47071,A,F,,,P1Y,S,,,GFS.A.N.I10.W0.S13.S1._Z.B.B9P._Z._Z._Z.XDC_R_B1GQ._Z.S.V.N._T,,,,,,"See <a class=""external"" href=""http://sdw.ecb.europa.eu/web/generator/docu/rtdb_docu.pdf""> notes</a>; block Annual; series: G",,4,,,"Government primary deficit(-) or surplus(+), percent of GDP",Euro area (moving concept in the Real Time database context) - Primary deficit/surplus without UMTS proceeds - All sectors/ unspecified/ not applicable (ESA2010)-NCBs - General government (ESA2010)-NCBs - Non-financial flows current prices - Percentage,XDC_R_B1GQ,0,Replace,2001-09-13T15:30:00.000+02:00,
RTD.A.S0.N.F_UMS_CGG_D0.F,A,S0,N,F_UMS_CGG_D0,F,1997,2.54917,A,F,,,P1Y,S,,,GFS.A.N.I10.W0.S13.S1._Z.B.B9P._Z._Z._Z.XDC_R_B1GQ._Z.S.V.N._T,,,,,,"See <a class=""external"" href=""http://sdw.ecb.europa.eu/web/generator/docu/rtdb_docu.pdf""> notes</a>; block Annual; series: G",,4,,,"Government primary deficit(-) or surplus(+), percent of GDP",Euro area (moving concept in the Real Time database context) - Primary deficit/surplus without UMTS proceeds - All sectors/ unspecified/ not applicable (ESA2010)-NCBs - General government (ESA2010)-NCBs - Non-financial flows current prices - Percentage,XDC_R_B1GQ,0,Replace,2001-09-13T15:30:00.000+02:00,
RTD.A.S0.N.F_UMS_CGG_D0.F,A,S0,N,F_UMS_CGG_D0,F,1998,2.53866,A,F,,,P1Y,S,,,GFS.A.N.I10.W0.S13.S1._Z.B.B9P._Z._Z._Z.XDC_R_B1GQ._Z.S.V.N._T,,,,,,"See <a class=""external"" href=""http://sdw.ecb.europa.eu/web/generator/docu/rtdb_docu.pdf""> notes</a>; block Annual; series: G",,4,,,"Government primary deficit(-) or surplus(+), percent of GDP",Euro area (moving concept in the Real Time database context) - Primary deficit/surplus without UMTS proceeds - All sectors/ unspecified/ not applicable (ESA2010)-NCBs - General government (ESA2010)-NCBs - Non-financial flows current prices - Percentage,XDC_R_B1GQ,0,Replace,2001-09-13T15:30:00.000+02:00,
RTD.A.S0.N.F_UMS_CGG_D0.F,A,S0,N,F_UMS_CGG_D0,F,1999,2.97729,A,F,,,P1Y,S,,,GFS.A.N.I10.W0.S13.S1._Z.B.B9P._Z._Z._Z.XDC_R_B1GQ._Z.S.V.N._T,,,,,,"See <a class=""external"" href=""http://sdw.ecb.europa.eu/web/generator/docu/rtdb_docu.pdf""> notes</a>; block Annual; series: G",,4,,,"Government primary deficit(-) or surplus(+), percent of GDP",Euro area (moving concept in the Real Time database context) - Primary deficit/surplus without UMTS proceeds - All sectors/ unspecified/ not applicable (ESA2010)-NCBs - General government (ESA2010)-NCBs - Non-financial flows current prices - Percentage,XDC_R_B1GQ,0,Replace,2001-09-13T15:30:00.000+02:00,
RTD.A.S0.N.F_UMS_CGG_D0.F,A,S0,N,F_UMS_CGG_D0,F,2000,3.27548,A,F,,,P1Y,S,,,GFS.A.N.I10.W0.S13.S1._Z.B.B9P._Z._Z._Z.XDC_R_B1GQ._Z.S.V.N._T,,,,,,"See <a class=""external"" href=""http://sdw.ecb.europa.eu/web/generator/docu/rtdb_docu.pdf""> notes</a>; block Annual; series: G",,4,,,"Government primary deficit(-) or surplus(+), percent of GDP",Euro area (moving concept in the Real Time database context) - Primary deficit/surplus without UMTS proceeds - All sectors/ unspecified/ not applicable (ESA2010)-NCBs - General government (ESA2010)-NCBs - Non-financial flows current prices - Percentage,XDC_R_B1GQ,0,Replace,2001-09-13T15:30:00.000+02:00,
RTD.A.S0.N.F_UMS_CGG_D0.F,A,S0,N,F_UMS_CGG_D0,F,1991,0.51369,A,F,,,P1Y,S,,,GFS.A.N.I10.W0.S13.S1._Z.B.B9P._Z._Z._Z.XDC_R_B1GQ._Z.S.V.N._T,,,,,,"See <a class=""external"" href=""http://sdw.ecb.europa.eu/web/generator/docu/rtdb_docu.pdf""> notes</a>; block Annual; series: G",,4,,,"Government primary deficit(-) or surplus(+), percent of GDP",Euro area (moving concept in the Real Time database context) - Primary deficit/surplus without UMTS proceeds - All sectors/ unspecified/ not applicable (ESA2010)-NCBs - General government (ESA2010)-NCBs - Non-financial flows current prices - Percentage,XDC_R_B1GQ,0,Replace,2001-10-10T15:30:00.000+02:00,
RTD.A.S0.N.F_UMS_CGG_D0.F,A,S0,N,F_UMS_CGG_D0,F,1992,0.79666,A,F,,,P1Y,S,,,GFS.A.N.I10.W0.S13.S1._Z.B.B9P._Z._Z._Z.XDC_R_B1GQ._Z.S.V.N._T,,,,,,"See <a class=""external"" href=""http://sdw.ecb.europa.eu/web/generator/docu/rtdb_docu.pdf""> notes</a>; block Annual; series: G",,4,,,"Government primary deficit(-) or surplus(+), percent of GDP",Euro area (moving concept in the Real Time database context) - Primary deficit/surplus without UMTS proceeds - All sectors/ unspecified/ not applicable (ESA2010)-NCBs - General government (ESA2010)-NCBs - Non-financial flows current prices - Percentage,XDC_R_B1GQ,0,Replace,2001-10-10T15:30:00.000+02:00,
RTD.A.S0.N.F_UMS_CGG_D0.F,A,S0,N,F_UMS_CGG_D0,F,1993,0.14183,A,F,,,P1Y,S,,,GFS.A.N.I10.W0.S13.S1._Z.B.B9P._Z._Z._Z.XDC_R_B1GQ._Z.S.V.N._T,,,,,,"See <a class=""external"" href=""http://sdw.ecb.europa.eu/web/generator/docu/rtdb_docu.pdf""> notes</a>; block Annual; series: G",,4,,,"Government primary deficit(-) or surplus(+), percent of GDP",Euro area (moving concept in the Real Time database context) - Primary deficit/surplus without UMTS proceeds - All sectors/ unspecified/ not applicable (ESA2010)-NCBs - General government (ESA2010)-NCBs - Non-financial flows current prices - Percentage,XDC_R_B1GQ,0,Replace,2001-10-10T15:30:00.000+02:00,
RTD.A.S0.N.F_UMS_CGG_D0.F,A,S0,N,F_UMS_CGG_D0,F,1994,0.50219,A,F,,,P1Y,S,,,GFS.A.N.I10.W0.S13.S1._Z.B.B9P._Z._Z._Z.XDC_R_B1GQ._Z.S.V.N._T,,,,,,"See <a class=""external"" href=""http://sdw.ecb.europa.eu/web/generator/docu/rtdb_docu.pdf""> notes</a>; block Annual; series: G",,4,,,"Government primary deficit(-) or surplus(+), percent of GDP",Euro area (moving concept in the Real Time database context) - Primary deficit/surplus without UMTS proceeds - All sectors/ unspecified/ not applicable (ESA2010)-NCBs - General government (ESA2010)-NCBs - Non-financial flows current prices - Percentage,XDC_R_B1GQ,0,Replace,2001-10-10T15:30:00.000+02:00,
RTD.A.S0.N.F_UMS_CGG_D0.F,A,S0,N,F_UMS_CGG_D0,F,1995,0.66147,A,F,,,P1Y,S,,,GFS.A.N.I10.W0.S13.S1._Z.B.B9P._Z._Z._Z.XDC_R_B1GQ._Z.S.V.N._T,,,,,,"See <a class=""external"" href=""http://sdw.ecb.europa.eu/web/generator/docu/rtdb_docu.pdf""> notes</a>; block Annual; series: G",,4,,,"Government primary deficit(-) or surplus(+), percent of GDP",Euro area (moving concept in the Real Time database context) - Primary deficit/surplus without UMTS proceeds - All sectors/ unspecified/ not applicable (ESA2010)-NCBs - General government (ESA2010)-NCBs - Non-financial flows current prices - Percentage,XDC_R_B1GQ,0,Replace,2001-10-10T15:30:00.000+02:00,
RTD.A.S0.N.F_UMS_CGG_D0.F,A,S0,N,F_UMS_CGG_D0,F,1996,1.44365,A,F,,,P1Y,S,,,GFS.A.N.I10.W0.S13.S1._Z.B.B9P._Z._Z._Z.XDC_R_B1GQ._Z.S.V.N._T,,,,,,"See <a class=""external"" href=""http://sdw.ecb.europa.eu/web/generator/docu/rtdb_docu.pdf""> notes</a>; block Annual; series: G",,4,,,"Government primary deficit(-) or surplus(+), percent of GDP",Euro area (moving concept in the Real Time database context) - Primary deficit/surplus without UMTS proceeds - All sectors/ unspecified/ not applicable (ESA2010)-NCBs - General government (ESA2010)-NCBs - Non-financial flows current prices - Percentage,XDC_R_B1GQ,0,Replace,2001-10-10T15:30:00.000+02:00,
RTD.A.S0.N.F_UMS_CGG_D0.F,A,S0,N,F_UMS_CGG_D0,F,1997,2.54411,A,F,,,P1Y,S,,,GFS.A.N.I10.W0.S13.S1._Z.B.B9P._Z._Z._Z.XDC_R_B1GQ._Z.S.V.N._T,,,,,,"See <a class=""external"" href=""http://sdw.ecb.europa.eu/web/generator/docu/rtdb_docu.pdf""> notes</a>; block Annual; series: G",,4,,,"Government primary deficit(-) or surplus(+), percent of GDP",Euro area (moving concept in the Real Time database context) - Primary deficit/surplus without UMTS proceeds - All sectors/ unspecified/ not applicable (ESA2010)-NCBs - General government (ESA2010)-NCBs - Non-financial flows current prices - Percentage,XDC_R_B1GQ,0,Replace,2001-10-10T15:30:00.000+02:00,
RTD.A.S0.N.F_UMS_CGG_D0.F,A,S0,N,F_UMS_CGG_D0,F,1998,2.53243,A,F,,,P1Y,S,,,GFS.A.N.I10.W0.S13.S1._Z.B.B9P._Z._Z._Z.XDC_R_B1GQ._Z.S.V.N._T,,,,,,"See <a class=""external"" href=""http://sdw.ecb.europa.eu/web/generator/docu/rtdb_docu.pdf""> notes</a>; block Annual; series: G",,4,,,"Government primary deficit(-) or surplus(+), percent of GDP",Euro area (moving concept in the Real Time database context) - Primary deficit/surplus without UMTS proceeds - All sectors/ unspecified/ not applicable (ESA2010)-NCBs - General government (ESA2010)-NCBs - Non-financial flows current prices - Percentage,XDC_R_B1GQ,0,Replace,2001-10-10T15:30:00.000+02:00,
RTD.A.S0.N.F_UMS_CGG_D0.F,A,S0,N,F_UMS_CGG_D0,F,1999,2.97381,A,F,,,P1Y,S,,,GFS.A.N.I10.W0.S13.S1._Z.B.B9P._Z._Z._Z.XDC_R_B1GQ._Z.S.V.N._T,,,,,,"See <a class=""external"" href=""http://sdw.ecb.europa.eu/web/generator/docu/rtdb_docu.pdf""> notes</a>; block Annual; series: G",,4,,,"Government primary deficit(-) or surplus(+), percent of GDP",Euro area (moving concept in the Real Time database context) - Primary deficit/surplus without UMTS proceeds - All sectors/ unspecified/ not applicable (ESA2010)-NCBs - General government (ESA2010)-NCBs - Non-financial flows current prices - Percentage,XDC_R_B1GQ,0,Replace,2001-10-10T15:30:00.000+02:00,
RTD.A.S0.N.F_UMS_CGG_D0.F,A,S0,N,F_UMS_CGG_D0,F,2000,3.26642,A,F,,,P1Y,S,,,GFS.A.N.I10.W0.S13.S1._Z.B.B9P._Z._Z._Z.XDC_R_B1GQ._Z.S.V.N._T,,,,,,"See <a class=""external"" href=""http://sdw.ecb.europa.eu/web/generator/docu/rtdb_docu.pdf""> notes</a>; block Annual; series: G",,4,,,"Government primary deficit(-) or surplus(+), percent of GDP",Euro area (moving concept in the Real Time database context) - Primary deficit/surplus without UMTS proceeds - All sectors/ unspecified/ not applicable (ESA2010)-NCBs - General government (ESA2010)-NCBs - Non-financial flows current prices - Percentage,XDC_R_B1GQ,0,Replace,2001-10-10T15:30:00.000+02:00,
RTD.A.S0.N.F_UMS_CGG_D0.F,A,S0,N,F_UMS_CGG_D0,F,1991,0.5136,A,F,,,P1Y,S,,,GFS.A.N.I10.W0.S13.S1._Z.B.B9P._Z._Z._Z.XDC_R_B1GQ._Z.S.V.N._T,,,,,,"See <a class=""external"" href=""http://sdw.ecb.europa.eu/web/generator/docu/rtdb_docu.pdf""> notes</a>; block Annual; series: G",,4,,,"Government primary deficit(-) or surplus(+), percent of GDP",Euro area (moving concept in the Real Time database context) - Primary deficit/surplus without UMTS proceeds - All sectors/ unspecified/ not applicable (ESA2010)-NCBs - General government (ESA2010)-NCBs - Non-financial flows current prices - Percentage,XDC_R_B1GQ,0,Replace,2001-11-07T15:30:00.000+01:00,
RTD.A.S0.N.F_UMS_CGG_D0.F,A,S0,N,F_UMS_CGG_D0,F,1992,0.79417,A,F,,,P1Y,S,,,GFS.A.N.I10.W0.S13.S1._Z.B.B9P._Z._Z._Z.XDC_R_B1GQ._Z.S.V.N._T,,,,,,"See <a class=""external"" href=""http://sdw.ecb.europa.eu/web/generator/docu/rtdb_docu.pdf""> notes</a>; block Annual; series: G",,4,,,"Government primary deficit(-) or surplus(+), percent of GDP",Euro area (moving concept in the Real Time database context) - Primary deficit/surplus without UMTS proceeds - All sectors/ unspecified/ not applicable (ESA2010)-NCBs - General government (ESA2010)-NCBs - Non-financial flows current prices - Percentage,XDC_R_B1GQ,0,Replace,2001-11-07T15:30:00.000+01:00,
RTD.A.S0.N.F_UMS_CGG_D0.F,A,S0,N,F_UMS_CGG_D0,F,1993,0.13984,A,F,,,P1Y,S,,,GFS.A.N.I10.W0.S13.S1._Z.B.B9P._Z._Z._Z.XDC_R_B1GQ._Z.S.V.N._T,,,,,,"See <a class=""external"" href=""http://sdw.ecb.europa.eu/web/generator/docu/rtdb_docu.pdf""> notes</a>; block Annual; series: G",,4,,,"Government primary deficit(-) or surplus(+), percent of GDP",Euro area (moving concept in the Real Time database context) - Primary deficit/surplus without UMTS proceeds - All sectors/ unspecified/ not applicable (ESA2010)-NCBs - General government (ESA2010)-NCBs - Non-financial flows current prices - Percentage,XDC_R_B1GQ,0,Replace,2001-11-07T15:30:00.000+01:00,
RTD.A.S0.N.F_UMS_CGG_D0.F,A,S0,N,F_UMS_CGG_D0,F,1994,0.50052,A,F,,,P1Y,S,,,GFS.A.N.I10.W0.S13.S1._Z.B.B9P._Z._Z._Z.XDC_R_B1GQ._Z.S.V.N._T,,,,,,"See <a class=""external"" href=""http://sdw.ecb.europa.eu/web/generator/docu/rtdb_docu.pdf""> notes</a>; block Annual; series: G",,4,,,"Government primary deficit(-) or surplus(+), percent of GDP",Euro area (moving concept in the Real Time database context) - Primary deficit/surplus without UMTS proceeds - All sectors/ unspecified/ not applicable (ESA2010)-NCBs - General government (ESA2010)-NCBs - Non-financial flows current prices - Percentage,XDC_R_B1GQ,0,Replace,2001-11-07T15:30:00.000+01:00,
RTD.A.S0.N.F_UMS_CGG_D0.F,A,S0,N,F_UMS_CGG_D0,F,1995,0.66038,A,F,,,P1Y,S,,,GFS.A.N.I10.W0.S13.S1._Z.B.B9P._Z._Z._Z.XDC_R_B1GQ._Z.S.V.N._T,,,,,,"See <a class=""external"" href=""http://sdw.ecb.europa.eu/web/generator/docu/rtdb_docu.pdf""> notes</a>; block Annual; series: G",,4,,,"Government primary deficit(-) or surplus(+), percent of GDP",Euro area (moving concept in the Real Time database context) - Primary deficit/surplus without UMTS proceeds - All sectors/ unspecified/ not applicable (ESA2010)-NCBs - General government (ESA2010)-NCBs - Non-financial flows current prices - Percentage,XDC_R_B1GQ,0,Replace,2001-11-07T15:30:00.000+01:00,
RTD.A.S0.N.F_UMS_CGG_D0.F,A,S0,N,F_UMS_CGG_D0,F,1996,1.44319,A,F,,,P1Y,S,,,GFS.A.N.I10.W0.S13.S1._Z.B.B9P._Z._Z._Z.XDC_R_B1GQ._Z.S.V.N._T,,,,,,"See <a class=""external"" href=""http://sdw.ecb.europa.eu/web/generator/docu/rtdb_docu.pdf""> notes</a>; block Annual; series: G",,4,,,"Government primary deficit(-) or surplus(+), percent of GDP",Euro area (moving concept in the Real Time database context) - Primary deficit/surplus without UMTS proceeds - All sectors/ unspecified/ not applicable (ESA2010)-NCBs - General government (ESA2010)-NCBs - Non-financial flows current prices - Percentage,XDC_R_B1GQ,0,Replace,2001-11-07T15:30:00.000+01:00,
RTD.A.S0.N.F_UMS_CGG_D0.F,A,S0,N,F_UMS_CGG_D0,F,1997,2.52239,A,F,,,P1Y,S,,,GFS.A.N.I10.W0.S13.S1._Z.B.B9P._Z._Z._Z.XDC_R_B1GQ._Z.S.V.N._T,,,,,,"See <a class=""external"" href=""http://sdw.ecb.europa.eu/web/generator/docu/rtdb_docu.pdf""> notes</a>; block Annual; series: G",,4,,,"Government primary deficit(-) or surplus(+), percent of GDP",Euro area (moving concept in the Real Time database context) - Primary deficit/surplus without UMTS proceeds - All sectors/ unspecified/ not applicable (ESA2010)-NCBs - General government (ESA2010)-NCBs - Non-financial flows current prices - Percentage,XDC_R_B1GQ,0,Replace,2001-11-07T15:30:00.000+01:00,
RTD.A.S0.N.F_UMS_CGG_D0.F,A,S0,N,F_UMS_CGG_D0,F,1998,2.53848,A,F,,,P1Y,S,,,GFS.A.N.I10.W0.S13.S1._Z.B.B9P._Z._Z._Z.XDC_R_B1GQ._Z.S.V.N._T,,,,,,"See <a class=""external"" href=""http://sdw.ecb.europa.eu/web/generator/docu/rtdb_docu.pdf""> notes</a>; block Annual; series: G",,4,,,"Government primary deficit(-) or surplus(+), percent of GDP",Euro area (moving concept in the Real Time database context) - Primary deficit/surplus without UMTS proceeds - All sectors/ unspecified/ not applicable (ESA2010)-NCBs - General government (ESA2010)-NCBs - Non-financial flows current prices - Percentage,XDC_R_B1GQ,0,Replace,2001-11-07T15:30:00.000+01:00,
RTD.A.S0.N.F_UMS_CGG_D0.F,A,S0,N,F_UMS_CGG_D0,F,1999,2.97579,A,F,,,P1Y,S,,,GFS.A.N.I10.W0.S13.S1._Z.B.B9P._Z._Z._Z.XDC_R_B1GQ._Z.S.V.N._T,,,,,,"See <a class=""external"" href=""http://sdw.ecb.europa.eu/web/generator/docu/rtdb_docu.pdf""> notes</a>; block Annual; series: G",,4,,,"Government primary deficit(-) or surplus(+), percent of GDP",Euro area (moving concept in the Real Time database context) - Primary deficit/surplus without UMTS proceeds - All sectors/ unspecified/ not applicable (ESA2010)-NCBs - General government (ESA2010)-NCBs - Non-financial flows current prices - Percentage,XDC_R_B1GQ,0,Replace,2001-11-07T15:30:00.000+01:00,
RTD.A.S0.N.F_UMS_CGG_D0.F,A,S0,N,F_UMS_CGG_D0,F,2000,3.26373,A,F,,,P1Y,S,,,GFS.A.N.I10.W0.S13.S1._Z.B.B9P._Z._Z._Z.XDC_R_B1GQ._Z.S.V.N._T,,,,,,"See <a class=""external"" href=""http://sdw.ecb.europa.eu/web/generator/docu/rtdb_docu.pdf""> notes</a>; block Annual; series: G",,4,,,"Government primary deficit(-) or surplus(+), percent of GDP",Euro area (moving concept in the Real Time database context) - Primary deficit/surplus without UMTS proceeds - All sectors/ unspecified/ not applicable (ESA2010)-NCBs - General government (ESA2010)-NCBs - Non-financial flows current prices - Percentage,XDC_R_B1GQ,0,Replace,2001-11-07T15:30:00.000+01:00,
RTD.A.S0.N.F_UMS_CGG_D0.F,A,S0,N,F_UMS_CGG_D0,F,1996,1.44318,A,F,,,P1Y,S,,,GFS.A.N.I10.W0.S13.S1._Z.B.B9P._Z._Z._Z.XDC_R_B1GQ._Z.S.V.N._T,,,,,,"See <a class=""external"" href=""http://sdw.ecb.europa.eu/web/generator/docu/rtdb_docu.pdf""> notes</a>; block Annual; series: G",,4,,,"Government primary deficit(-) or surplus(+), percent of GDP",Euro area (moving concept in the Real Time database context) - Primary deficit/surplus without UMTS proceeds - All sectors/ unspecified/ not applicable (ESA2010)-NCBs - General government (ESA2010)-NCBs - Non-financial flows current prices - Percentage,XDC_R_B1GQ,0,Replace,2001-12-05T15:30:00.000+01:00,
RTD.A.S0.N.F_UMS_CGG_D0.F,A,S0,N,F_UMS_CGG_D0,F,1997,2.5224,A,F,,,P1Y,S,,,GFS.A.N.I10.W0.S13.S1._Z.B.B9P._Z._Z._Z.XDC_R_B1GQ._Z.S.V.N._T,,,,,,"See <a class=""external"" href=""http://sdw.ecb.europa.eu/web/generator/docu/rtdb_docu.pdf""> notes</a>; block Annual; series: G",,4,,,"Government primary deficit(-) or surplus(+), percent of GDP",Euro area (moving concept in the Real Time database context) - Primary deficit/surplus without UMTS proceeds - All sectors/ unspecified/ not applicable (ESA2010)-NCBs - General government (ESA2010)-NCBs - Non-financial flows current prices - Percentage,XDC_R_B1GQ,0,Replace,2001-12-05T15:30:00.000+01:00,
RTD.A.S0.N.F_UMS_CGG_D0.F,A,S0,N,F_UMS_CGG_D0,F,1998,2.53847,A,F,,,P1Y,S,,,GFS.A.N.I10.W0.S13.S1._Z.B.B9P._Z._Z._Z.XDC_R_B1GQ._Z.S.V.N._T,,,,,,"See <a class=""external"" href=""http://sdw.ecb.europa.eu/web/generator/docu/rtdb_docu.pdf""> notes</a>; block Annual; series: G",,4,,,"Government primary deficit(-) or surplus(+), percent of GDP",Euro area (moving concept in the Real Time database context) - Primary deficit/surplus without UMTS proceeds - All sectors/ unspecified/ not applicable (ESA2010)-NCBs - General government (ESA2010)-NCBs - Non-financial flows current prices - Percentage,XDC_R_B1GQ,0,Replace,2001-12-05T15:30:00.000+01:00,
RTD.A.S0.N.F_UMS_CGG_D0.F,A,S0,N,F_UMS_CGG_D0,F,1999,2.9758,A,F,,,P1Y,S,,,GFS.A.N.I10.W0.S13.S1._Z.B.B9P._Z._Z._Z.XDC_R_B1GQ._Z.S.V.N._T,,,,,,"See <a class=""external"" href=""http://sdw.ecb.europa.eu/web/generator/docu/rtdb_docu.pdf""> notes</a>; block Annual; series: G",,4,,,"Government primary deficit(-) or surplus(+), percent of GDP",Euro area (moving concept in the Real Time database context) - Primary deficit/surplus without UMTS proceeds - All sectors/ unspecified/ not applicable (ESA2010)-NCBs - General government (ESA2010)-NCBs - Non-financial flows current prices - Percentage,XDC_R_B1GQ,0,Replace,2001-12-05T15:30:00.000+01:00,
RTD.A.S0.N.F_UMS_CGG_D0.F,A,S0,N,F_UMS_CGG_D0,F,2000,3.26372,A,F,,,P1Y,S,,,GFS.A.N.I10.W0.S13.S1._Z.B.B9P._Z._Z._Z.XDC_R_B1GQ._Z.S.V.N._T,,,,,,"See <a class=""external"" href=""http://sdw.ecb.europa.eu/web/generator/docu/rtdb_docu.pdf""> notes</a>; block Annual; series: G",,4,,,"Government primary deficit(-) or surplus(+), percent of GDP",Euro area (moving concept in the Real Time database context) - Primary deficit/surplus without UMTS proceeds - All sectors/ unspecified/ not applicable (ESA2010)-NCBs - General government (ESA2010)-NCBs - Non-financial flows current prices - Percentage,XDC_R_B1GQ,0,Replace,2001-12-05T15:30:00.000+01:00,
RTD.A.S0.N.F_UMS_CGG_D0.F,A,S0,N,F_UMS_CGG_D0,F,1999,2.97531,A,F,,,P1Y,S,,,GFS.A.N.I10.W0.S13.S1._Z.B.B9P._Z._Z._Z.XDC_R_B1GQ._Z.S.V.N._T,,,,,,"See <a class=""external"" href=""http://sdw.ecb.europa.eu/web/generator/docu/rtdb_docu.pdf""> notes</a>; block Annual; series: G",,4,,,"Government primary deficit(-) or surplus(+), percent of GDP",Euro area (moving concept in the Real Time database context) - Primary deficit/surplus without UMTS proceeds - All sectors/ unspecified/ not applicable (ESA2010)-NCBs - General government (ESA2010)-NCBs - Non-financial flows current prices - Percentage,XDC_R_B1GQ,0,Replace,2002-01-16T15:30:00.000+01:00,
RTD.A.S0.N.F_UMS_CGG_D0.F,A,S0,N,F_UMS_CGG_D0,F,2000,3.26582,A,F,,,P1Y,S,,,GFS.A.N.I10.W0.S13.S1._Z.B.B9P._Z._Z._Z.XDC_R_B1GQ._Z.S.V.N._T,,,,,,"See <a class=""external"" href=""http://sdw.ecb.europa.eu/web/generator/docu/rtdb_docu.pdf""> notes</a>; block Annual; series: G",,4,,,"Government primary deficit(-) or surplus(+), percent of GDP",Euro area (moving concept in the Real Time database context) - Primary deficit/surplus without UMTS proceeds - All sectors/ unspecified/ not applicable (ESA2010)-NCBs - General government (ESA2010)-NCBs - Non-financial flows current prices - Percentage,XDC_R_B1GQ,0,Replace,2002-01-16T15:30:00.000+01:00,
RTD.A.S0.N.F_UMS_CGG_D0.F,A,S0,N,F_UMS_CGG_D0,F,1991,0.51483,A,F,,,P1Y,S,,,GFS.A.N.I10.W0.S13.S1._Z.B.B9P._Z._Z._Z.XDC_R_B1GQ._Z.S.V.N._T,,,,,,"See <a class=""external"" href=""http://sdw.ecb.europa.eu/web/generator/docu/rtdb_docu.pdf""> notes</a>; block Annual; series: G",,4,,,"Government primary deficit(-) or surplus(+), percent of GDP",Euro area (moving concept in the Real Time database context) - Primary deficit/surplus without UMTS proceeds - All sectors/ unspecified/ not applicable (ESA2010)-NCBs - General government (ESA2010)-NCBs - Non-financial flows current prices - Percentage,XDC_R_B1GQ,0,Replace,2002-02-06T15:30:00.000+01:00,
RTD.A.S0.N.F_UMS_CGG_D0.F,A,S0,N,F_UMS_CGG_D0,F,1992,0.78988,A,F,,,P1Y,S,,,GFS.A.N.I10.W0.S13.S1._Z.B.B9P._Z._Z._Z.XDC_R_B1GQ._Z.S.V.N._T,,,,,,"See <a class=""external"" href=""http://sdw.ecb.europa.eu/web/generator/docu/rtdb_docu.pdf""> notes</a>; block Annual; series: G",,4,,,"Government primary deficit(-) or surplus(+), percent of GDP",Euro area (moving concept in the Real Time database context) - Primary deficit/surplus without UMTS proceeds - All sectors/ unspecified/ not applicable (ESA2010)-NCBs - General government (ESA2010)-NCBs - Non-financial flows current prices - Percentage,XDC_R_B1GQ,0,Replace,2002-02-06T15:30:00.000+01:00,
RTD.A.S0.N.F_UMS_CGG_D0.F,A,S0,N,F_UMS_CGG_D0,F,1993,0.14024,A,F,,,P1Y,S,,,GFS.A.N.I10.W0.S13.S1._Z.B.B9P._Z._Z._Z.XDC_R_B1GQ._Z.S.V.N._T,,,,,,"See <a class=""external"" href=""http://sdw.ecb.europa.eu/web/generator/docu/rtdb_docu.pdf""> notes</a>; block Annual; series: G",,4,,,"Government primary deficit(-) or surplus(+), percent of GDP",Euro area (moving concept in the Real Time database context) - Primary deficit/surplus without UMTS proceeds - All sectors/ unspecified/ not applicable (ESA2010)-NCBs - General government (ESA2010)-NCBs - Non-financial flows current prices - Percentage,XDC_R_B1GQ,0,Replace,2002-02-06T15:30:00.000+01:00,
RTD.A.S0.N.F_UMS_CGG_D0.F,A,S0,N,F_UMS_CGG_D0,F,1994,0.50511,A,F,,,P1Y,S,,,GFS.A.N.I10.W0.S13.S1._Z.B.B9P._Z._Z._Z.XDC_R_B1GQ._Z.S.V.N._T,,,,,,"See <a class=""external"" href=""http://sdw.ecb.europa.eu/web/generator/docu/rtdb_docu.pdf""> notes</a>; block Annual; series: G",,4,,,"Government primary deficit(-) or surplus(+), percent of GDP",Euro area (moving concept in the Real Time database context) - Primary deficit/surplus without UMTS proceeds - All sectors/ unspecified/ not applicable (ESA2010)-NCBs - General government (ESA2010)-NCBs - Non-financial flows current prices - Percentage,XDC_R_B1GQ,0,Replace,2002-02-06T15:30:00.000+01:00,
RTD.A.S0.N.F_UMS_CGG_D0.F,A,S0,N,F_UMS_CGG_D0,F,1995,0.65751,A,F,,,P1Y,S,,,GFS.A.N.I10.W0.S13.S1._Z.B.B9P._Z._Z._Z.XDC_R_B1GQ._Z.S.V.N._T,,,,,,"See <a class=""external"" href=""http://sdw.ecb.europa.eu/web/generator/docu/rtdb_docu.pdf""> notes</a>; block Annual; series: G",,4,,,"Government primary deficit(-) or surplus(+), percent of GDP",Euro area (moving concept in the Real Time database context) - Primary deficit/surplus without UMTS proceeds - All sectors/ unspecified/ not applicable (ESA2010)-NCBs - General government (ESA2010)-NCBs - Non-financial flows current prices - Percentage,XDC_R_B1GQ,0,Replace,2002-02-06T15:30:00.000+01:00,
RTD.A.S0.N.F_UMS_CGG_D0.F,A,S0,N,F_UMS_CGG_D0,F,1996,1.44026,A,F,,,P1Y,S,,,GFS.A.N.I10.W0.S13.S1._Z.B.B9P._Z._Z._Z.XDC_R_B1GQ._Z.S.V.N._T,,,,,,"See <a class=""external"" href=""http://sdw.ecb.europa.eu/web/generator/docu/rtdb_docu.pdf""> notes</a>; block Annual; series: G",,4,,,"Government primary deficit(-) or surplus(+), percent of GDP",Euro area (moving concept in the Real Time database context) - Primary deficit/surplus without UMTS proceeds - All sectors/ unspecified/ not applicable (ESA2010)-NCBs - General government (ESA2010)-NCBs - Non-financial flows current prices - Percentage,XDC_R_B1GQ,0,Replace,2002-02-06T15:30:00.000+01:00,
RTD.A.S0.N.F_UMS_CGG_D0.F,A,S0,N,F_UMS_CGG_D0,F,1997,2.52313,A,F,,,P1Y,S,,,GFS.A.N.I10.W0.S13.S1._Z.B.B9P._Z._Z._Z.XDC_R_B1GQ._Z.S.V.N._T,,,,,,"See <a class=""external"" href=""http://sdw.ecb.europa.eu/web/generator/docu/rtdb_docu.pdf""> notes</a>; block Annual; series: G",,4,,,"Government primary deficit(-) or surplus(+), percent of GDP",Euro area (moving concept in the Real Time database context) - Primary deficit/surplus without UMTS proceeds - All sectors/ unspecified/ not applicable (ESA2010)-NCBs - General government (ESA2010)-NCBs - Non-financial flows current prices - Percentage,XDC_R_B1GQ,0,Replace,2002-02-06T15:30:00.000+01:00,
RTD.A.S0.N.F_UMS_CGG_D0.F,A,S0,N,F_UMS_CGG_D0,F,1998,2.54057,A,F,,,P1Y,S,,,GFS.A.N.I10.W0.S13.S1._Z.B.B9P._Z._Z._Z.XDC_R_B1GQ._Z.S.V.N._T,,,,,,"See <a class=""external"" href=""http://sdw.ecb.europa.eu/web/generator/docu/rtdb_docu.pdf""> notes</a>; block Annual; series: G",,4,,,"Government primary deficit(-) or surplus(+), percent of GDP",Euro area (moving concept in the Real Time database context) - Primary deficit/surplus without UMTS proceeds - All sectors/ unspecified/ not applicable (ESA2010)-NCBs - General government (ESA2010)-NCBs - Non-financial flows current prices - Percentage,XDC_R_B1GQ,0,Replace,2002-02-06T15:30:00.000+01:00,
RTD.A.S0.N.F_UMS_CGG_D0.F,A,S0,N,F_UMS_CGG_D0,F,1999,2.97636,A,F,,,P1Y,S,,,GFS.A.N.I10.W0.S13.S1._Z.B.B9P._Z._Z._Z.XDC_R_B1GQ._Z.S.V.N._T,,,,,,"See <a class=""external"" href=""http://sdw.ecb.europa.eu/web/generator/docu/rtdb_docu.pdf""> notes</a>; block Annual; series: G",,4,,,"Government primary deficit(-) or surplus(+), percent of GDP",Euro area (moving concept in the Real Time database context) - Primary deficit/surplus without UMTS proceeds - All sectors/ unspecified/ not applicable (ESA2010)-NCBs - General government (ESA2010)-NCBs - Non-financial flows current prices - Percentage,XDC_R_B1GQ,0,Replace,2002-02-06T15:30:00.000+01:00,
RTD.A.S0.N.F_UMS_CGG_D0.F,A,S0,N,F_UMS_CGG_D0,F,2000,3.28517,A,F,,,P1Y,S,,,GFS.A.N.I10.W0.S13.S1._Z.B.B9P._Z._Z._Z.XDC_R_B1GQ._Z.S.V.N._T,,,,,,"See <a class=""external"" href=""http://sdw.ecb.europa.eu/web/generator/docu/rtdb_docu.pdf""> notes</a>; block Annual; series: G",,4,,,"Government primary deficit(-) or surplus(+), percent of GDP",Euro area (moving concept in the Real Time database context) - Primary deficit/surplus without UMTS proceeds - All sectors/ unspecified/ not applicable (ESA2010)-NCBs - General government (ESA2010)-NCBs - Non-financial flows current prices - Percentage,XDC_R_B1GQ,0,Replace,2002-02-06T15:30:00.000+01:00,
RTD.A.S0.N.F_UMS_CGG_D0.F,A,S0,N,F_UMS_CGG_D0,F,1991,0.48162,A,F,,,P1Y,S,,,GFS.A.N.I10.W0.S13.S1._Z.B.B9P._Z._Z._Z.XDC_R_B1GQ._Z.S.V.N._T,,,,,,"See <a class=""external"" href=""http://sdw.ecb.europa.eu/web/generator/docu/rtdb_docu.pdf""> notes</a>; block Annual; series: G",,4,,,"Government primary deficit(-) or surplus(+), percent of GDP",Euro area (moving concept in the Real Time database context) - Primary deficit/surplus without UMTS proceeds - All sectors/ unspecified/ not applicable (ESA2010)-NCBs - General government (ESA2010)-NCBs - Non-financial flows current prices - Percentage,XDC_R_B1GQ,0,Replace,2002-04-03T15:30:00.000+02:00,
RTD.A.S0.N.F_UMS_CGG_D0.F,A,S0,N,F_UMS_CGG_D0,F,1992,0.74766,A,F,,,P1Y,S,,,GFS.A.N.I10.W0.S13.S1._Z.B.B9P._Z._Z._Z.XDC_R_B1GQ._Z.S.V.N._T,,,,,,"See <a class=""external"" href=""http://sdw.ecb.europa.eu/web/generator/docu/rtdb_docu.pdf""> notes</a>; block Annual; series: G",,4,,,"Government primary deficit(-) or surplus(+), percent of GDP",Euro area (moving concept in the Real Time database context) - Primary deficit/surplus without UMTS proceeds - All sectors/ unspecified/ not applicable (ESA2010)-NCBs - General government (ESA2010)-NCBs - Non-financial flows current prices - Percentage,XDC_R_B1GQ,0,Replace,2002-04-03T15:30:00.000+02:00,
RTD.A.S0.N.F_UMS_CGG_D0.F,A,S0,N,F_UMS_CGG_D0,F,1993,0.10801,A,F,,,P1Y,S,,,GFS.A.N.I10.W0.S13.S1._Z.B.B9P._Z._Z._Z.XDC_R_B1GQ._Z.S.V.N._T,,,,,,"See <a class=""external"" href=""http://sdw.ecb.europa.eu/web/generator/docu/rtdb_docu.pdf""> notes</a>; block Annual; series: G",,4,,,"Government primary deficit(-) or surplus(+), percent of GDP",Euro area (moving concept in the Real Time database context) - Primary deficit/surplus without UMTS proceeds - All sectors/ unspecified/ not applicable (ESA2010)-NCBs - General government (ESA2010)-NCBs - Non-financial flows current prices - Percentage,XDC_R_B1GQ,0,Replace,2002-04-03T15:30:00.000+02:00,
RTD.A.S0.N.F_UMS_CGG_D0.F,A,S0,N,F_UMS_CGG_D0,F,1994,0.49099,A,F,,,P1Y,S,,,GFS.A.N.I10.W0.S13.S1._Z.B.B9P._Z._Z._Z.XDC_R_B1GQ._Z.S.V.N._T,,,,,,"See <a class=""external"" href=""http://sdw.ecb.europa.eu/web/generator/docu/rtdb_docu.pdf""> notes</a>; block Annual; series: G",,4,,,"Government primary deficit(-) or surplus(+), percent of GDP",Euro area (moving concept in the Real Time database context) - Primary deficit/surplus without UMTS proceeds - All sectors/ unspecified/ not applicable (ESA2010)-NCBs - General government (ESA2010)-NCBs - Non-financial flows current prices - Percentage,XDC_R_B1GQ,0,Replace,2002-04-03T15:30:00.000+02:00,
RTD.A.S0.N.F_UMS_CGG_D0.F,A,S0,N,F_UMS_CGG_D0,F,1995,0.66002,A,F,,,P1Y,S,,,GFS.A.N.I10.W0.S13.S1._Z.B.B9P._Z._Z._Z.XDC_R_B1GQ._Z.S.V.N._T,,,,,,"See <a class=""external"" href=""http://sdw.ecb.europa.eu/web/generator/docu/rtdb_docu.pdf""> notes</a>; block Annual; series: G",,4,,,"Government primary deficit(-) or surplus(+), percent of GDP",Euro area (moving concept in the Real Time database context) - Primary deficit/surplus without UMTS proceeds - All sectors/ unspecified/ not applicable (ESA2010)-NCBs - General government (ESA2010)-NCBs - Non-financial flows current prices - Percentage,XDC_R_B1GQ,0,Replace,2002-04-03T15:30:00.000+02:00,
RTD.A.S0.N.F_UMS_CGG_D0.F,A,S0,N,F_UMS_CGG_D0,F,1996,1.44172,A,F,,,P1Y,S,,,GFS.A.N.I10.W0.S13.S1._Z.B.B9P._Z._Z._Z.XDC_R_B1GQ._Z.S.V.N._T,,,,,,"See <a class=""external"" href=""http://sdw.ecb.europa.eu/web/generator/docu/rtdb_docu.pdf""> notes</a>; block Annual; series: G",,4,,,"Government primary deficit(-) or surplus(+), percent of GDP",Euro area (moving concept in the Real Time database context) - Primary deficit/surplus without UMTS proceeds - All sectors/ unspecified/ not applicable (ESA2010)-NCBs - General government (ESA2010)-NCBs - Non-financial flows current prices - Percentage,XDC_R_B1GQ,0,Replace,2002-04-03T15:30:00.000+02:00,
RTD.A.S0.N.F_UMS_CGG_D0.F,A,S0,N,F_UMS_CGG_D0,F,1997,2.52297,A,F,,,P1Y,S,,,GFS.A.N.I10.W0.S13.S1._Z.B.B9P._Z._Z._Z.XDC_R_B1GQ._Z.S.V.N._T,,,,,,"See <a class=""external"" href=""http://sdw.ecb.europa.eu/web/generator/docu/rtdb_docu.pdf""> notes</a>; block Annual; series: G",,4,,,"Government primary deficit(-) or surplus(+), percent of GDP",Euro area (moving concept in the Real Time database context) - Primary deficit/surplus without UMTS proceeds - All sectors/ unspecified/ not applicable (ESA2010)-NCBs - General government (ESA2010)-NCBs - Non-financial flows current prices - Percentage,XDC_R_B1GQ,0,Replace,2002-04-03T15:30:00.000+02:00,
RTD.A.S0.N.F_UMS_CGG_D0.F,A,S0,N,F_UMS_CGG_D0,F,1998,2.54389,A,F,,,P1Y,S,,,GFS.A.N.I10.W0.S13.S1._Z.B.B9P._Z._Z._Z.XDC_R_B1GQ._Z.S.V.N._T,,,,,,"See <a class=""external"" href=""http://sdw.ecb.europa.eu/web/generator/docu/rtdb_docu.pdf""> notes</a>; block Annual; series: G",,4,,,"Government primary deficit(-) or surplus(+), percent of GDP",Euro area (moving concept in the Real Time database context) - Primary deficit/surplus without UMTS proceeds - All sectors/ unspecified/ not applicable (ESA2010)-NCBs - General government (ESA2010)-NCBs - Non-financial flows current prices - Percentage,XDC_R_B1GQ,0,Replace,2002-04-03T15:30:00.000+02:00,
RTD.A.S0.N.F_UMS_CGG_D0.F,A,S0,N,F_UMS_CGG_D0,F,1999,2.97703,A,F,,,P1Y,S,,,GFS.A.N.I10.W0.S13.S1._Z.B.B9P._Z._Z._Z.XDC_R_B1GQ._Z.S.V.N._T,,,,,,"See <a class=""external"" href=""http://sdw.ecb.europa.eu/web/generator/docu/rtdb_docu.pdf""> notes</a>; block Annual; series: G",,4,,,"Government primary deficit(-) or surplus(+), percent of GDP",Euro area (moving concept in the Real Time database context) - Primary deficit/surplus without UMTS proceeds - All sectors/ unspecified/ not applicable (ESA2010)-NCBs - General government (ESA2010)-NCBs - Non-financial flows current prices - Percentage,XDC_R_B1GQ,0,Replace,2002-04-03T15:30:00.000+02:00,
RTD.A.S0.N.F_UMS_CGG_D0.F,A,S0,N,F_UMS_CGG_D0,F,2000,3.25106,A,F,,,P1Y,S,,,GFS.A.N.I10.W0.S13.S1._Z.B.B9P._Z._Z._Z.XDC_R_B1GQ._Z.S.V.N._T,,,,,,"See <a class=""external"" href=""http://sdw.ecb.europa.eu/web/generator/docu/rtdb_docu.pdf""> notes</a>; block Annual; series: G",,4,,,"Government primary deficit(-) or surplus(+), percent of GDP",Euro area (moving concept in the Real Time database context) - Primary deficit/surplus without UMTS proceeds - All sectors/ unspecified/ not applicable (ESA2010)-NCBs - General government (ESA2010)-NCBs - Non-financial flows current prices - Percentage,XDC_R_B1GQ,0,Replace,2002-04-03T15:30:00.000+02:00,
RTD.A.S0.N.F_UMS_CGG_D0.F,A,S0,N,F_UMS_CGG_D0,F,1991,0.48314,A,F,,,P1Y,S,,,GFS.A.N.I10.W0.S13.S1._Z.B.B9P._Z._Z._Z.XDC_R_B1GQ._Z.S.V.N._T,,,,,,"See <a class=""external"" href=""http://sdw.ecb.europa.eu/web/generator/docu/rtdb_docu.pdf""> notes</a>; block Annual; series: G",,4,,,"Government primary deficit(-) or surplus(+), percent of GDP",Euro area (moving concept in the Real Time database context) - Primary deficit/surplus without UMTS proceeds - All sectors/ unspecified/ not applicable (ESA2010)-NCBs - General government (ESA2010)-NCBs - Non-financial flows current prices - Percentage,XDC_R_B1GQ,0,Replace,2002-04-30T15:30:00.000+02:00,
RTD.A.S0.N.F_UMS_CGG_D0.F,A,S0,N,F_UMS_CGG_D0,F,1992,0.74875,A,F,,,P1Y,S,,,GFS.A.N.I10.W0.S13.S1._Z.B.B9P._Z._Z._Z.XDC_R_B1GQ._Z.S.V.N._T,,,,,,"See <a class=""external"" href=""http://sdw.ecb.europa.eu/web/generator/docu/rtdb_docu.pdf""> notes</a>; block Annual; series: G",,4,,,"Government primary deficit(-) or surplus(+), percent of GDP",Euro area (moving concept in the Real Time database context) - Primary deficit/surplus without UMTS proceeds - All sectors/ unspecified/ not applicable (ESA2010)-NCBs - General government (ESA2010)-NCBs - Non-financial flows current prices - Percentage,XDC_R_B1GQ,0,Replace,2002-04-30T15:30:00.000+02:00,
RTD.A.S0.N.F_UMS_CGG_D0.F,A,S0,N,F_UMS_CGG_D0,F,1993,0.10845,A,F,,,P1Y,S,,,GFS.A.N.I10.W0.S13.S1._Z.B.B9P._Z._Z._Z.XDC_R_B1GQ._Z.S.V.N._T,,,,,,"See <a class=""external"" href=""http://sdw.ecb.europa.eu/web/generator/docu/rtdb_docu.pdf""> notes</a>; block Annual; series: G",,4,,,"Government primary deficit(-) or surplus(+), percent of GDP",Euro area (moving concept in the Real Time database context) - Primary deficit/surplus without UMTS proceeds - All sectors/ unspecified/ not applicable (ESA2010)-NCBs - General government (ESA2010)-NCBs - Non-financial flows current prices - Percentage,XDC_R_B1GQ,0,Replace,2002-04-30T15:30:00.000+02:00,
RTD.A.S0.N.F_UMS_CGG_D0.F,A,S0,N,F_UMS_CGG_D0,F,1994,0.49011,A,F,,,P1Y,S,,,GFS.A.N.I10.W0.S13.S1._Z.B.B9P._Z._Z._Z.XDC_R_B1GQ._Z.S.V.N._T,,,,,,"See <a class=""external"" href=""http://sdw.ecb.europa.eu/web/generator/docu/rtdb_docu.pdf""> notes</a>; block Annual; series: G",,4,,,"Government primary deficit(-) or surplus(+), percent of GDP",Euro area (moving concept in the Real Time database context) - Primary deficit/surplus without UMTS proceeds - All sectors/ unspecified/ not applicable (ESA2010)-NCBs - General government (ESA2010)-NCBs - Non-financial flows current prices - Percentage,XDC_R_B1GQ,0,Replace,2002-04-30T15:30:00.000+02:00,
RTD.A.S0.N.F_UMS_CGG_D0.F,A,S0,N,F_UMS_CGG_D0,F,1995,0.6594,A,F,,,P1Y,S,,,GFS.A.N.I10.W0.S13.S1._Z.B.B9P._Z._Z._Z.XDC_R_B1GQ._Z.S.V.N._T,,,,,,"See <a class=""external"" href=""http://sdw.ecb.europa.eu/web/generator/docu/rtdb_docu.pdf""> notes</a>; block Annual; series: G",,4,,,"Government primary deficit(-) or surplus(+), percent of GDP",Euro area (moving concept in the Real Time database context) - Primary deficit/surplus without UMTS proceeds - All sectors/ unspecified/ not applicable (ESA2010)-NCBs - General government (ESA2010)-NCBs - Non-financial flows current prices - Percentage,XDC_R_B1GQ,0,Replace,2002-04-30T15:30:00.000+02:00,
RTD.A.S0.N.F_UMS_CGG_D0.F,A,S0,N,F_UMS_CGG_D0,F,1996,1.44488,A,F,,,P1Y,S,,,GFS.A.N.I10.W0.S13.S1._Z.B.B9P._Z._Z._Z.XDC_R_B1GQ._Z.S.V.N._T,,,,,,"See <a class=""external"" href=""http://sdw.ecb.europa.eu/web/generator/docu/rtdb_docu.pdf""> notes</a>; block Annual; series: G",,4,,,"Government primary deficit(-) or surplus(+), percent of GDP",Euro area (moving concept in the Real Time database context) - Primary deficit/surplus without UMTS proceeds - All sectors/ unspecified/ not applicable (ESA2010)-NCBs - General government (ESA2010)-NCBs - Non-financial flows current prices - Percentage,XDC_R_B1GQ,0,Replace,2002-04-30T15:30:00.000+02:00,
RTD.A.S0.N.F_UMS_CGG_D0.F,A,S0,N,F_UMS_CGG_D0,F,1997,2.5253,A,F,,,P1Y,S,,,GFS.A.N.I10.W0.S13.S1._Z.B.B9P._Z._Z._Z.XDC_R_B1GQ._Z.S.V.N._T,,,,,,"See <a class=""external"" href=""http://sdw.ecb.europa.eu/web/generator/docu/rtdb_docu.pdf""> notes</a>; block Annual; series: G",,4,,,"Government primary deficit(-) or surplus(+), percent of GDP",Euro area (moving concept in the Real Time database context) - Primary deficit/surplus without UMTS proceeds - All sectors/ unspecified/ not applicable (ESA2010)-NCBs - General government (ESA2010)-NCBs - Non-financial flows current prices - Percentage,XDC_R_B1GQ,0,Replace,2002-04-30T15:30:00.000+02:00,
RTD.A.S0.N.F_UMS_CGG_D0.F,A,S0,N,F_UMS_CGG_D0,F,1998,2.54617,A,F,,,P1Y,S,,,GFS.A.N.I10.W0.S13.S1._Z.B.B9P._Z._Z._Z.XDC_R_B1GQ._Z.S.V.N._T,,,,,,"See <a class=""external"" href=""http://sdw.ecb.europa.eu/web/generator/docu/rtdb_docu.pdf""> notes</a>; block Annual; series: G",,4,,,"Government primary deficit(-) or surplus(+), percent of GDP",Euro area (moving concept in the Real Time database context) - Primary deficit/surplus without UMTS proceeds - All sectors/ unspecified/ not applicable (ESA2010)-NCBs - General government (ESA2010)-NCBs - Non-financial flows current prices - Percentage,XDC_R_B1GQ,0,Replace,2002-04-30T15:30:00.000+02:00,
RTD.A.S0.N.F_UMS_CGG_D0.F,A,S0,N,F_UMS_CGG_D0,F,1999,2.97524,A,F,,,P1Y,S,,,GFS.A.N.I10.W0.S13.S1._Z.B.B9P._Z._Z._Z.XDC_R_B1GQ._Z.S.V.N._T,,,,,,"See <a class=""external"" href=""http://sdw.ecb.europa.eu/web/generator/docu/rtdb_docu.pdf""> notes</a>; block Annual; series: G",,4,,,"Government primary deficit(-) or surplus(+), percent of GDP",Euro area (moving concept in the Real Time database context) - Primary deficit/surplus without UMTS proceeds - All sectors/ unspecified/ not applicable (ESA2010)-NCBs - General government (ESA2010)-NCBs - Non-financial flows current prices - Percentage,XDC_R_B1GQ,0,Replace,2002-04-30T15:30:00.000+02:00,
RTD.A.S0.N.F_UMS_CGG_D0.F,A,S0,N,F_UMS_CGG_D0,F,2000,3.2681,A,F,,,P1Y,S,,,GFS.A.N.I10.W0.S13.S1._Z.B.B9P._Z._Z._Z.XDC_R_B1GQ._Z.S.V.N._T,,,,,,"See <a class=""external"" href=""http://sdw.ecb.europa.eu/web/generator/docu/rtdb_docu.pdf""> notes</a>; block Annual; series: G",,4,,,"Government primary deficit(-) or surplus(+), percent of GDP",Euro area (moving concept in the Real Time database context) - Primary deficit/surplus without UMTS proceeds - All sectors/ unspecified/ not applicable (ESA2010)-NCBs - General government (ESA2010)-NCBs - Non-financial flows current prices - Percentage,XDC_R_B1GQ,0,Replace,2002-04-30T15:30:00.000+02:00,
RTD.A.S0.N.F_UMS_CGG_D0.F,A,S0,N,F_UMS_CGG_D0,F,2001,2.6122,A,F,,,P1Y,S,,,GFS.A.N.I10.W0.S13.S1._Z.B.B9P._Z._Z._Z.XDC_R_B1GQ._Z.S.V.N._T,,,,,,"See <a class=""external"" href=""http://sdw.ecb.europa.eu/web/generator/docu/rtdb_docu.pdf""> notes</a>; block Annual; series: G",,4,,,"Government primary deficit(-) or surplus(+), percent of GDP",Euro area (moving concept in the Real Time database context) - Primary deficit/surplus without UMTS proceeds - All sectors/ unspecified/ not applicable (ESA2010)-NCBs - General government (ESA2010)-NCBs - Non-financial flows current prices - Percentage,XDC_R_B1GQ,0,Replace,2002-04-30T15:30:00.000+02:00,
RTD.A.S0.N.F_UMS_CGG_D0.F,A,S0,N,F_UMS_CGG_D0,F,1992,0.74877,A,F,,,P1Y,S,,,GFS.A.N.I10.W0.S13.S1._Z.B.B9P._Z._Z._Z.XDC_R_B1GQ._Z.S.V.N._T,,,,,,"See <a class=""external"" href=""http://sdw.ecb.europa.eu/web/generator/docu/rtdb_docu.pdf""> notes</a>; block Annual; series: G",,4,,,"Government primary deficit(-) or surplus(+), percent of GDP",Euro area (moving concept in the Real Time database context) - Primary deficit/surplus without UMTS proceeds - All sectors/ unspecified/ not applicable (ESA2010)-NCBs - General government (ESA2010)-NCBs - Non-financial flows current prices - Percentage,XDC_R_B1GQ,0,Replace,2002-06-05T15:30:00.000+02:00,
RTD.A.S0.N.F_UMS_CGG_D0.F,A,S0,N,F_UMS_CGG_D0,F,1995,0.65942,A,F,,,P1Y,S,,,GFS.A.N.I10.W0.S13.S1._Z.B.B9P._Z._Z._Z.XDC_R_B1GQ._Z.S.V.N._T,,,,,,"See <a class=""external"" href=""http://sdw.ecb.europa.eu/web/generator/docu/rtdb_docu.pdf""> notes</a>; block Annual; series: G",,4,,,"Government primary deficit(-) or surplus(+), percent of GDP",Euro area (moving concept in the Real Time database context) - Primary deficit/surplus without UMTS proceeds - All sectors/ unspecified/ not applicable (ESA2010)-NCBs - General government (ESA2010)-NCBs - Non-financial flows current prices - Percentage,XDC_R_B1GQ,0,Replace,2002-06-05T15:30:00.000+02:00,
RTD.A.S0.N.F_UMS_CGG_D0.F,A,S0,N,F_UMS_CGG_D0,F,1997,2.52541,A,F,,,P1Y,S,,,GFS.A.N.I10.W0.S13.S1._Z.B.B9P._Z._Z._Z.XDC_R_B1GQ._Z.S.V.N._T,,,,,,"See <a class=""external"" href=""http://sdw.ecb.europa.eu/web/generator/docu/rtdb_docu.pdf""> notes</a>; block Annual; series: G",,4,,,"Government primary deficit(-) or surplus(+), percent of GDP",Euro area (moving concept in the Real Time database context) - Primary deficit/surplus without UMTS proceeds - All sectors/ unspecified/ not applicable (ESA2010)-NCBs - General government (ESA2010)-NCBs - Non-financial flows current prices - Percentage,XDC_R_B1GQ,0,Replace,2002-06-05T15:30:00.000+02:00,
RTD.A.S0.N.F_UMS_CGG_D0.F,A,S0,N,F_UMS_CGG_D0,F,1998,2.54598,A,F,,,P1Y,S,,,GFS.A.N.I10.W0.S13.S1._Z.B.B9P._Z._Z._Z.XDC_R_B1GQ._Z.S.V.N._T,,,,,,"See <a class=""external"" href=""http://sdw.ecb.europa.eu/web/generator/docu/rtdb_docu.pdf""> notes</a>; block Annual; series: G",,4,,,"Government primary deficit(-) or surplus(+), percent of GDP",Euro area (moving concept in the Real Time database context) - Primary deficit/surplus without UMTS proceeds - All sectors/ unspecified/ not applicable (ESA2010)-NCBs - General government (ESA2010)-NCBs - Non-financial flows current prices - Percentage,XDC_R_B1GQ,0,Replace,2002-06-05T15:30:00.000+02:00,
RTD.A.S0.N.F_UMS_CGG_D0.F,A,S0,N,F_UMS_CGG_D0,F,1999,2.97255,A,F,,,P1Y,S,,,GFS.A.N.I10.W0.S13.S1._Z.B.B9P._Z._Z._Z.XDC_R_B1GQ._Z.S.V.N._T,,,,,,"See <a class=""external"" href=""http://sdw.ecb.europa.eu/web/generator/docu/rtdb_docu.pdf""> notes</a>; block Annual; series: G",,4,,,"Government primary deficit(-) or surplus(+), percent of GDP",Euro area (moving concept in the Real Time database context) - Primary deficit/surplus without UMTS proceeds - All sectors/ unspecified/ not applicable (ESA2010)-NCBs - General government (ESA2010)-NCBs - Non-financial flows current prices - Percentage,XDC_R_B1GQ,0,Replace,2002-06-05T15:30:00.000+02:00,
RTD.A.S0.N.F_UMS_CGG_D0.F,A,S0,N,F_UMS_CGG_D0,F,2000,3.24586,A,F,,,P1Y,S,,,GFS.A.N.I10.W0.S13.S1._Z.B.B9P._Z._Z._Z.XDC_R_B1GQ._Z.S.V.N._T,,,,,,"See <a class=""external"" href=""http://sdw.ecb.europa.eu/web/generator/docu/rtdb_docu.pdf""> notes</a>; block Annual; series: G",,4,,,"Government primary deficit(-) or surplus(+), percent of GDP",Euro area (moving concept in the Real Time database context) - Primary deficit/surplus without UMTS proceeds - All sectors/ unspecified/ not applicable (ESA2010)-NCBs - General government (ESA2010)-NCBs - Non-financial flows current prices - Percentage,XDC_R_B1GQ,0,Replace,2002-06-05T15:30:00.000+02:00,
RTD.A.S0.N.F_UMS_CGG_D0.F,A,S0,N,F_UMS_CGG_D0,F,2001,2.62453,A,F,,,P1Y,S,,,GFS.A.N.I10.W0.S13.S1._Z.B.B9P._Z._Z._Z.XDC_R_B1GQ._Z.S.V.N._T,,,,,,"See <a class=""external"" href=""http://sdw.ecb.europa.eu/web/generator/docu/rtdb_docu.pdf""> notes</a>; block Annual; series: G",,4,,,"Government primary deficit(-) or surplus(+), percent of GDP",Euro area (moving concept in the Real Time database context) - Primary deficit/surplus without UMTS proceeds - All sectors/ unspecified/ not applicable (ESA2010)-NCBs - General government (ESA2010)-NCBs - Non-financial flows current prices - Percentage,XDC_R_B1GQ,0,Replace,2002-06-05T15:30:00.000+02:00,
RTD.A.S0.N.F_UMS_CGG_D0.F,A,S0,N,F_UMS_CGG_D0,F,1991,0.48302,A,F,,,P1Y,S,,,GFS.A.N.I10.W0.S13.S1._Z.B.B9P._Z._Z._Z.XDC_R_B1GQ._Z.S.V.N._T,,,,,,"See <a class=""external"" href=""http://sdw.ecb.europa.eu/web/generator/docu/rtdb_docu.pdf""> notes</a>; block Annual; series: G",,4,,,"Government primary deficit(-) or surplus(+), percent of GDP",Euro area (moving concept in the Real Time database context) - Primary deficit/surplus without UMTS proceeds - All sectors/ unspecified/ not applicable (ESA2010)-NCBs - General government (ESA2010)-NCBs - Non-financial flows current prices - Percentage,XDC_R_B1GQ,0,Replace,2002-07-31T15:30:00.000+02:00,
RTD.A.S0.N.F_UMS_CGG_D0.F,A,S0,N,F_UMS_CGG_D0,F,1992,0.74858,A,F,,,P1Y,S,,,GFS.A.N.I10.W0.S13.S1._Z.B.B9P._Z._Z._Z.XDC_R_B1GQ._Z.S.V.N._T,,,,,,"See <a class=""external"" href=""http://sdw.ecb.europa.eu/web/generator/docu/rtdb_docu.pdf""> notes</a>; block Annual; series: G",,4,,,"Government primary deficit(-) or surplus(+), percent of GDP",Euro area (moving concept in the Real Time database context) - Primary deficit/surplus without UMTS proceeds - All sectors/ unspecified/ not applicable (ESA2010)-NCBs - General government (ESA2010)-NCBs - Non-financial flows current prices - Percentage,XDC_R_B1GQ,0,Replace,2002-07-31T15:30:00.000+02:00,
RTD.A.S0.N.F_UMS_CGG_D0.F,A,S0,N,F_UMS_CGG_D0,F,1993,0.10859,A,F,,,P1Y,S,,,GFS.A.N.I10.W0.S13.S1._Z.B.B9P._Z._Z._Z.XDC_R_B1GQ._Z.S.V.N._T,,,,,,"See <a class=""external"" href=""http://sdw.ecb.europa.eu/web/generator/docu/rtdb_docu.pdf""> notes</a>; block Annual; series: G",,4,,,"Government primary deficit(-) or surplus(+), percent of GDP",Euro area (moving concept in the Real Time database context) - Primary deficit/surplus without UMTS proceeds - All sectors/ unspecified/ not applicable (ESA2010)-NCBs - General government (ESA2010)-NCBs - Non-financial flows current prices - Percentage,XDC_R_B1GQ,0,Replace,2002-07-31T15:30:00.000+02:00,
RTD.A.S0.N.F_UMS_CGG_D0.F,A,S0,N,F_UMS_CGG_D0,F,1994,0.49054,A,F,,,P1Y,S,,,GFS.A.N.I10.W0.S13.S1._Z.B.B9P._Z._Z._Z.XDC_R_B1GQ._Z.S.V.N._T,,,,,,"See <a class=""external"" href=""http://sdw.ecb.europa.eu/web/generator/docu/rtdb_docu.pdf""> notes</a>; block Annual; series: G",,4,,,"Government primary deficit(-) or surplus(+), percent of GDP",Euro area (moving concept in the Real Time database context) - Primary deficit/surplus without UMTS proceeds - All sectors/ unspecified/ not applicable (ESA2010)-NCBs - General government (ESA2010)-NCBs - Non-financial flows current prices - Percentage,XDC_R_B1GQ,0,Replace,2002-07-31T15:30:00.000+02:00,
RTD.A.S0.N.F_UMS_CGG_D0.F,A,S0,N,F_UMS_CGG_D0,F,1995,0.66021,A,F,,,P1Y,S,,,GFS.A.N.I10.W0.S13.S1._Z.B.B9P._Z._Z._Z.XDC_R_B1GQ._Z.S.V.N._T,,,,,,"See <a class=""external"" href=""http://sdw.ecb.europa.eu/web/generator/docu/rtdb_docu.pdf""> notes</a>; block Annual; series: G",,4,,,"Government primary deficit(-) or surplus(+), percent of GDP",Euro area (moving concept in the Real Time database context) - Primary deficit/surplus without UMTS proceeds - All sectors/ unspecified/ not applicable (ESA2010)-NCBs - General government (ESA2010)-NCBs - Non-financial flows current prices - Percentage,XDC_R_B1GQ,0,Replace,2002-07-31T15:30:00.000+02:00,
RTD.A.S0.N.F_UMS_CGG_D0.F,A,S0,N,F_UMS_CGG_D0,F,1996,1.44307,A,F,,,P1Y,S,,,GFS.A.N.I10.W0.S13.S1._Z.B.B9P._Z._Z._Z.XDC_R_B1GQ._Z.S.V.N._T,,,,,,"See <a class=""external"" href=""http://sdw.ecb.europa.eu/web/generator/docu/rtdb_docu.pdf""> notes</a>; block Annual; series: G",,4,,,"Government primary deficit(-) or surplus(+), percent of GDP",Euro area (moving concept in the Real Time database context) - Primary deficit/surplus without UMTS proceeds - All sectors/ unspecified/ not applicable (ESA2010)-NCBs - General government (ESA2010)-NCBs - Non-financial flows current prices - Percentage,XDC_R_B1GQ,0,Replace,2002-07-31T15:30:00.000+02:00,
RTD.A.S0.N.F_UMS_CGG_D0.F,A,S0,N,F_UMS_CGG_D0,F,1997,2.52709,A,F,,,P1Y,S,,,GFS.A.N.I10.W0.S13.S1._Z.B.B9P._Z._Z._Z.XDC_R_B1GQ._Z.S.V.N._T,,,,,,"See <a class=""external"" href=""http://sdw.ecb.europa.eu/web/generator/docu/rtdb_docu.pdf""> notes</a>; block Annual; series: G",,4,,,"Government primary deficit(-) or surplus(+), percent of GDP",Euro area (moving concept in the Real Time database context) - Primary deficit/surplus without UMTS proceeds - All sectors/ unspecified/ not applicable (ESA2010)-NCBs - General government (ESA2010)-NCBs - Non-financial flows current prices - Percentage,XDC_R_B1GQ,0,Replace,2002-07-31T15:30:00.000+02:00,
RTD.A.S0.N.F_UMS_CGG_D0.F,A,S0,N,F_UMS_CGG_D0,F,1998,2.55095,A,F,,,P1Y,S,,,GFS.A.N.I10.W0.S13.S1._Z.B.B9P._Z._Z._Z.XDC_R_B1GQ._Z.S.V.N._T,,,,,,"See <a class=""external"" href=""http://sdw.ecb.europa.eu/web/generator/docu/rtdb_docu.pdf""> notes</a>; block Annual; series: G",,4,,,"Government primary deficit(-) or surplus(+), percent of GDP",Euro area (moving concept in the Real Time database context) - Primary deficit/surplus without UMTS proceeds - All sectors/ unspecified/ not applicable (ESA2010)-NCBs - General government (ESA2010)-NCBs - Non-financial flows current prices - Percentage,XDC_R_B1GQ,0,Replace,2002-07-31T15:30:00.000+02:00,
RTD.A.S0.N.F_UMS_CGG_D0.F,A,S0,N,F_UMS_CGG_D0,F,1999,2.97555,A,F,,,P1Y,S,,,GFS.A.N.I10.W0.S13.S1._Z.B.B9P._Z._Z._Z.XDC_R_B1GQ._Z.S.V.N._T,,,,,,"See <a class=""external"" href=""http://sdw.ecb.europa.eu/web/generator/docu/rtdb_docu.pdf""> notes</a>; block Annual; series: G",,4,,,"Government primary deficit(-) or surplus(+), percent of GDP",Euro area (moving concept in the Real Time database context) - Primary deficit/surplus without UMTS proceeds - All sectors/ unspecified/ not applicable (ESA2010)-NCBs - General government (ESA2010)-NCBs - Non-financial flows current prices - Percentage,XDC_R_B1GQ,0,Replace,2002-07-31T15:30:00.000+02:00,
RTD.A.S0.N.F_UMS_CGG_D0.F,A,S0,N,F_UMS_CGG_D0,F,2000,3.24593,A,F,,,P1Y,S,,,GFS.A.N.I10.W0.S13.S1._Z.B.B9P._Z._Z._Z.XDC_R_B1GQ._Z.S.V.N._T,,,,,,"See <a class=""external"" href=""http://sdw.ecb.europa.eu/web/generator/docu/rtdb_docu.pdf""> notes</a>; block Annual; series: G",,4,,,"Government primary deficit(-) or surplus(+), percent of GDP",Euro area (moving concept in the Real Time database context) - Primary deficit/surplus without UMTS proceeds - All sectors/ unspecified/ not applicable (ESA2010)-NCBs - General government (ESA2010)-NCBs - Non-financial flows current prices - Percentage,XDC_R_B1GQ,0,Replace,2002-07-31T15:30:00.000+02:00,
RTD.A.S0.N.F_UMS_CGG_D0.F,A,S0,N,F_UMS_CGG_D0,F,2001,2.63081,A,F,,,P1Y,S,,,GFS.A.N.I10.W0.S13.S1._Z.B.B9P._Z._Z._Z.XDC_R_B1GQ._Z.S.V.N._T,,,,,,"See <a class=""external"" href=""http://sdw.ecb.europa.eu/web/generator/docu/rtdb_docu.pdf""> notes</a>; block Annual; series: G",,4,,,"Government primary deficit(-) or surplus(+), percent of GDP",Euro area (moving concept in the Real Time database context) - Primary deficit/surplus without UMTS proceeds - All sectors/ unspecified/ not applicable (ESA2010)-NCBs - General government (ESA2010)-NCBs - Non-financial flows current prices - Percentage,XDC_R_B1GQ,0,Replace,2002-07-31T15:30:00.000+02:00,
RTD.A.S0.N.F_UMS_CGG_D0.F,A,S0,N,F_UMS_CGG_D0,F,1995,0.66017,A,F,,,P1Y,S,,,GFS.A.N.I10.W0.S13.S1._Z.B.B9P._Z._Z._Z.XDC_R_B1GQ._Z.S.V.N._T,,,,,,"See <a class=""external"" href=""http://sdw.ecb.europa.eu/web/generator/docu/rtdb_docu.pdf""> notes</a>; block Annual; series: G",,4,,,"Government primary deficit(-) or surplus(+), percent of GDP",Euro area (moving concept in the Real Time database context) - Primary deficit/surplus without UMTS proceeds - All sectors/ unspecified/ not applicable (ESA2010)-NCBs - General government (ESA2010)-NCBs - Non-financial flows current prices - Percentage,XDC_R_B1GQ,0,Replace,2002-09-11T15:30:00.000+02:00,
RTD.A.S0.N.F_UMS_CGG_D0.F,A,S0,N,F_UMS_CGG_D0,F,1996,1.44305,A,F,,,P1Y,S,,,GFS.A.N.I10.W0.S13.S1._Z.B.B9P._Z._Z._Z.XDC_R_B1GQ._Z.S.V.N._T,,,,,,"See <a class=""external"" href=""http://sdw.ecb.europa.eu/web/generator/docu/rtdb_docu.pdf""> notes</a>; block Annual; series: G",,4,,,"Government primary deficit(-) or surplus(+), percent of GDP",Euro area (moving concept in the Real Time database context) - Primary deficit/surplus without UMTS proceeds - All sectors/ unspecified/ not applicable (ESA2010)-NCBs - General government (ESA2010)-NCBs - Non-financial flows current prices - Percentage,XDC_R_B1GQ,0,Replace,2002-09-11T15:30:00.000+02:00,
RTD.A.S0.N.F_UMS_CGG_D0.F,A,S0,N,F_UMS_CGG_D0,F,1998,2.55021,A,F,,,P1Y,S,,,GFS.A.N.I10.W0.S13.S1._Z.B.B9P._Z._Z._Z.XDC_R_B1GQ._Z.S.V.N._T,,,,,,"See <a class=""external"" href=""http://sdw.ecb.europa.eu/web/generator/docu/rtdb_docu.pdf""> notes</a>; block Annual; series: G",,4,,,"Government primary deficit(-) or surplus(+), percent of GDP",Euro area (moving concept in the Real Time database context) - Primary deficit/surplus without UMTS proceeds - All sectors/ unspecified/ not applicable (ESA2010)-NCBs - General government (ESA2010)-NCBs - Non-financial flows current prices - Percentage,XDC_R_B1GQ,0,Replace,2002-09-11T15:30:00.000+02:00,
RTD.A.S0.N.F_UMS_CGG_D0.F,A,S0,N,F_UMS_CGG_D0,F,1999,2.96595,A,F,,,P1Y,S,,,GFS.A.N.I10.W0.S13.S1._Z.B.B9P._Z._Z._Z.XDC_R_B1GQ._Z.S.V.N._T,,,,,,"See <a class=""external"" href=""http://sdw.ecb.europa.eu/web/generator/docu/rtdb_docu.pdf""> notes</a>; block Annual; series: G",,4,,,"Government primary deficit(-) or surplus(+), percent of GDP",Euro area (moving concept in the Real Time database context) - Primary deficit/surplus without UMTS proceeds - All sectors/ unspecified/ not applicable (ESA2010)-NCBs - General government (ESA2010)-NCBs - Non-financial flows current prices - Percentage,XDC_R_B1GQ,0,Replace,2002-09-11T15:30:00.000+02:00,
RTD.A.S0.N.F_UMS_CGG_D0.F,A,S0,N,F_UMS_CGG_D0,F,2000,3.20221,A,F,,,P1Y,S,,,GFS.A.N.I10.W0.S13.S1._Z.B.B9P._Z._Z._Z.XDC_R_B1GQ._Z.S.V.N._T,,,,,,"See <a class=""external"" href=""http://sdw.ecb.europa.eu/web/generator/docu/rtdb_docu.pdf""> notes</a>; block Annual; series: G",,4,,,"Government primary deficit(-) or surplus(+), percent of GDP",Euro area (moving concept in the Real Time database context) - Primary deficit/surplus without UMTS proceeds - All sectors/ unspecified/ not applicable (ESA2010)-NCBs - General government (ESA2010)-NCBs - Non-financial flows current prices - Percentage,XDC_R_B1GQ,0,Replace,2002-09-11T15:30:00.000+02:00,
RTD.A.S0.N.F_UMS_CGG_D0.F,A,S0,N,F_UMS_CGG_D0,F,2001,2.46398,A,F,,,P1Y,S,,,GFS.A.N.I10.W0.S13.S1._Z.B.B9P._Z._Z._Z.XDC_R_B1GQ._Z.S.V.N._T,,,,,,"See <a class=""external"" href=""http://sdw.ecb.europa.eu/web/generator/docu/rtdb_docu.pdf""> notes</a>; block Annual; series: G",,4,,,"Government primary deficit(-) or surplus(+), percent of GDP",Euro area (moving concept in the Real Time database context) - Primary deficit/surplus without UMTS proceeds - All sectors/ unspecified/ not applicable (ESA2010)-NCBs - General government (ESA2010)-NCBs - Non-financial flows current prices - Percentage,XDC_R_B1GQ,0,Replace,2002-09-11T15:30:00.000+02:00,
RTD.A.S0.N.F_UMS_CGG_D0.F,A,S0,N,F_UMS_CGG_D0,F,1991,0.5003,A,F,,,P1Y,S,,,GFS.A.N.I10.W0.S13.S1._Z.B.B9P._Z._Z._Z.XDC_R_B1GQ._Z.S.V.N._T,,,,,,"See <a class=""external"" href=""http://sdw.ecb.europa.eu/web/generator/docu/rtdb_docu.pdf""> notes</a>; block Annual; series: G",,4,,,"Government primary deficit(-) or surplus(+), percent of GDP",Euro area (moving concept in the Real Time database context) - Primary deficit/surplus without UMTS proceeds - All sectors/ unspecified/ not applicable (ESA2010)-NCBs - General government (ESA2010)-NCBs - Non-financial flows current prices - Percentage,XDC_R_B1GQ,0,Replace,2002-10-09T15:30:00.000+02:00,
RTD.A.S0.N.F_UMS_CGG_D0.F,A,S0,N,F_UMS_CGG_D0,F,1992,0.73772,A,F,,,P1Y,S,,,GFS.A.N.I10.W0.S13.S1._Z.B.B9P._Z._Z._Z.XDC_R_B1GQ._Z.S.V.N._T,,,,,,"See <a class=""external"" href=""http://sdw.ecb.europa.eu/web/generator/docu/rtdb_docu.pdf""> notes</a>; block Annual; series: G",,4,,,"Government primary deficit(-) or surplus(+), percent of GDP",Euro area (moving concept in the Real Time database context) - Primary deficit/surplus without UMTS proceeds - All sectors/ unspecified/ not applicable (ESA2010)-NCBs - General government (ESA2010)-NCBs - Non-financial flows current prices - Percentage,XDC_R_B1GQ,0,Replace,2002-10-09T15:30:00.000+02:00,
RTD.A.S0.N.F_UMS_CGG_D0.F,A,S0,N,F_UMS_CGG_D0,F,1993,0.13486,A,F,,,P1Y,S,,,GFS.A.N.I10.W0.S13.S1._Z.B.B9P._Z._Z._Z.XDC_R_B1GQ._Z.S.V.N._T,,,,,,"See <a class=""external"" href=""http://sdw.ecb.europa.eu/web/generator/docu/rtdb_docu.pdf""> notes</a>; block Annual; series: G",,4,,,"Government primary deficit(-) or surplus(+), percent of GDP",Euro area (moving concept in the Real Time database context) - Primary deficit/surplus without UMTS proceeds - All sectors/ unspecified/ not applicable (ESA2010)-NCBs - General government (ESA2010)-NCBs - Non-financial flows current prices - Percentage,XDC_R_B1GQ,0,Replace,2002-10-09T15:30:00.000+02:00,
RTD.A.S0.N.F_UMS_CGG_D0.F,A,S0,N,F_UMS_CGG_D0,F,1994,0.50892,A,F,,,P1Y,S,,,GFS.A.N.I10.W0.S13.S1._Z.B.B9P._Z._Z._Z.XDC_R_B1GQ._Z.S.V.N._T,,,,,,"See <a class=""external"" href=""http://sdw.ecb.europa.eu/web/generator/docu/rtdb_docu.pdf""> notes</a>; block Annual; series: G",,4,,,"Government primary deficit(-) or surplus(+), percent of GDP",Euro area (moving concept in the Real Time database context) - Primary deficit/surplus without UMTS proceeds - All sectors/ unspecified/ not applicable (ESA2010)-NCBs - General government (ESA2010)-NCBs - Non-financial flows current prices - Percentage,XDC_R_B1GQ,0,Replace,2002-10-09T15:30:00.000+02:00,
RTD.A.S0.N.F_UMS_CGG_D0.F,A,S0,N,F_UMS_CGG_D0,F,1995,0.65795,A,F,,,P1Y,S,,,GFS.A.N.I10.W0.S13.S1._Z.B.B9P._Z._Z._Z.XDC_R_B1GQ._Z.S.V.N._T,,,,,,"See <a class=""external"" href=""http://sdw.ecb.europa.eu/web/generator/docu/rtdb_docu.pdf""> notes</a>; block Annual; series: G",,4,,,"Government primary deficit(-) or surplus(+), percent of GDP",Euro area (moving concept in the Real Time database context) - Primary deficit/surplus without UMTS proceeds - All sectors/ unspecified/ not applicable (ESA2010)-NCBs - General government (ESA2010)-NCBs - Non-financial flows current prices - Percentage,XDC_R_B1GQ,0,Replace,2002-10-09T15:30:00.000+02:00,
RTD.A.S0.N.F_UMS_CGG_D0.F,A,S0,N,F_UMS_CGG_D0,F,1996,1.44052,A,F,,,P1Y,S,,,GFS.A.N.I10.W0.S13.S1._Z.B.B9P._Z._Z._Z.XDC_R_B1GQ._Z.S.V.N._T,,,,,,"See <a class=""external"" href=""http://sdw.ecb.europa.eu/web/generator/docu/rtdb_docu.pdf""> notes</a>; block Annual; series: G",,4,,,"Government primary deficit(-) or surplus(+), percent of GDP",Euro area (moving concept in the Real Time database context) - Primary deficit/surplus without UMTS proceeds - All sectors/ unspecified/ not applicable (ESA2010)-NCBs - General government (ESA2010)-NCBs - Non-financial flows current prices - Percentage,XDC_R_B1GQ,0,Replace,2002-10-09T15:30:00.000+02:00,
RTD.A.S0.N.F_UMS_CGG_D0.F,A,S0,N,F_UMS_CGG_D0,F,1997,2.51995,A,F,,,P1Y,S,,,GFS.A.N.I10.W0.S13.S1._Z.B.B9P._Z._Z._Z.XDC_R_B1GQ._Z.S.V.N._T,,,,,,"See <a class=""external"" href=""http://sdw.ecb.europa.eu/web/generator/docu/rtdb_docu.pdf""> notes</a>; block Annual; series: G",,4,,,"Government primary deficit(-) or surplus(+), percent of GDP",Euro area (moving concept in the Real Time database context) - Primary deficit/surplus without UMTS proceeds - All sectors/ unspecified/ not applicable (ESA2010)-NCBs - General government (ESA2010)-NCBs - Non-financial flows current prices - Percentage,XDC_R_B1GQ,0,Replace,2002-10-09T15:30:00.000+02:00,
RTD.A.S0.N.F_UMS_CGG_D0.F,A,S0,N,F_UMS_CGG_D0,F,1998,2.53335,A,F,,,P1Y,S,,,GFS.A.N.I10.W0.S13.S1._Z.B.B9P._Z._Z._Z.XDC_R_B1GQ._Z.S.V.N._T,,,,,,"See <a class=""external"" href=""http://sdw.ecb.europa.eu/web/generator/docu/rtdb_docu.pdf""> notes</a>; block Annual; series: G",,4,,,"Government primary deficit(-) or surplus(+), percent of GDP",Euro area (moving concept in the Real Time database context) - Primary deficit/surplus without UMTS proceeds - All sectors/ unspecified/ not applicable (ESA2010)-NCBs - General government (ESA2010)-NCBs - Non-financial flows current prices - Percentage,XDC_R_B1GQ,0,Replace,2002-10-09T15:30:00.000+02:00,
RTD.A.S0.N.F_UMS_CGG_D0.F,A,S0,N,F_UMS_CGG_D0,F,1999,2.96079,A,F,,,P1Y,S,,,GFS.A.N.I10.W0.S13.S1._Z.B.B9P._Z._Z._Z.XDC_R_B1GQ._Z.S.V.N._T,,,,,,"See <a class=""external"" href=""http://sdw.ecb.europa.eu/web/generator/docu/rtdb_docu.pdf""> notes</a>; block Annual; series: G",,4,,,"Government primary deficit(-) or surplus(+), percent of GDP",Euro area (moving concept in the Real Time database context) - Primary deficit/surplus without UMTS proceeds - All sectors/ unspecified/ not applicable (ESA2010)-NCBs - General government (ESA2010)-NCBs - Non-financial flows current prices - Percentage,XDC_R_B1GQ,0,Replace,2002-10-09T15:30:00.000+02:00,
RTD.A.S0.N.F_UMS_CGG_D0.F,A,S0,N,F_UMS_CGG_D0,F,2000,3.16826,A,F,,,P1Y,S,,,GFS.A.N.I10.W0.S13.S1._Z.B.B9P._Z._Z._Z.XDC_R_B1GQ._Z.S.V.N._T,,,,,,"See <a class=""external"" href=""http://sdw.ecb.europa.eu/web/generator/docu/rtdb_docu.pdf""> notes</a>; block Annual; series: G",,4,,,"Government primary deficit(-) or surplus(+), percent of GDP",Euro area (moving concept in the Real Time database context) - Primary deficit/surplus without UMTS proceeds - All sectors/ unspecified/ not applicable (ESA2010)-NCBs - General government (ESA2010)-NCBs - Non-financial flows current prices - Percentage,XDC_R_B1GQ,0,Replace,2002-10-09T15:30:00.000+02:00,
RTD.A.S0.N.F_UMS_CGG_D0.F,A,S0,N,F_UMS_CGG_D0,F,2001,2.46365,A,F,,,P1Y,S,,,GFS.A.N.I10.W0.S13.S1._Z.B.B9P._Z._Z._Z.XDC_R_B1GQ._Z.S.V.N._T,,,,,,"See <a class=""external"" href=""http://sdw.ecb.europa.eu/web/generator/docu/rtdb_docu.pdf""> notes</a>; block Annual; series: G",,4,,,"Government primary deficit(-) or surplus(+), percent of GDP",Euro area (moving concept in the Real Time database context) - Primary deficit/surplus without UMTS proceeds - All sectors/ unspecified/ not applicable (ESA2010)-NCBs - General government (ESA2010)-NCBs - Non-financial flows current prices - Percentage,XDC_R_B1GQ,0,Replace,2002-10-09T15:30:00.000+02:00,
RTD.A.S0.N.F_UMS_CGG_D0.F,A,S0,N,F_UMS_CGG_D0,F,1991,0.50041,A,F,,,P1Y,S,,,GFS.A.N.I10.W0.S13.S1._Z.B.B9P._Z._Z._Z.XDC_R_B1GQ._Z.S.V.N._T,,,,,,"See <a class=""external"" href=""http://sdw.ecb.europa.eu/web/generator/docu/rtdb_docu.pdf""> notes</a>; block Annual; series: G",,4,,,"Government primary deficit(-) or surplus(+), percent of GDP",Euro area (moving concept in the Real Time database context) - Primary deficit/surplus without UMTS proceeds - All sectors/ unspecified/ not applicable (ESA2010)-NCBs - General government (ESA2010)-NCBs - Non-financial flows current prices - Percentage,XDC_R_B1GQ,0,Replace,2002-11-06T15:30:00.000+01:00,
RTD.A.S0.N.F_UMS_CGG_D0.F,A,S0,N,F_UMS_CGG_D0,F,1992,0.73789,A,F,,,P1Y,S,,,GFS.A.N.I10.W0.S13.S1._Z.B.B9P._Z._Z._Z.XDC_R_B1GQ._Z.S.V.N._T,,,,,,"See <a class=""external"" href=""http://sdw.ecb.europa.eu/web/generator/docu/rtdb_docu.pdf""> notes</a>; block Annual; series: G",,4,,,"Government primary deficit(-) or surplus(+), percent of GDP",Euro area (moving concept in the Real Time database context) - Primary deficit/surplus without UMTS proceeds - All sectors/ unspecified/ not applicable (ESA2010)-NCBs - General government (ESA2010)-NCBs - Non-financial flows current prices - Percentage,XDC_R_B1GQ,0,Replace,2002-11-06T15:30:00.000+01:00,
RTD.A.S0.N.F_UMS_CGG_D0.F,A,S0,N,F_UMS_CGG_D0,F,1993,0.13499,A,F,,,P1Y,S,,,GFS.A.N.I10.W0.S13.S1._Z.B.B9P._Z._Z._Z.XDC_R_B1GQ._Z.S.V.N._T,,,,,,"See <a class=""external"" href=""http://sdw.ecb.europa.eu/web/generator/docu/rtdb_docu.pdf""> notes</a>; block Annual; series: G",,4,,,"Government primary deficit(-) or surplus(+), percent of GDP",Euro area (moving concept in the Real Time database context) - Primary deficit/surplus without UMTS proceeds - All sectors/ unspecified/ not applicable (ESA2010)-NCBs - General government (ESA2010)-NCBs - Non-financial flows current prices - Percentage,XDC_R_B1GQ,0,Replace,2002-11-06T15:30:00.000+01:00,
RTD.A.S0.N.F_UMS_CGG_D0.F,A,S0,N,F_UMS_CGG_D0,F,1994,0.50903,A,F,,,P1Y,S,,,GFS.A.N.I10.W0.S13.S1._Z.B.B9P._Z._Z._Z.XDC_R_B1GQ._Z.S.V.N._T,,,,,,"See <a class=""external"" href=""http://sdw.ecb.europa.eu/web/generator/docu/rtdb_docu.pdf""> notes</a>; block Annual; series: G",,4,,,"Government primary deficit(-) or surplus(+), percent of GDP",Euro area (moving concept in the Real Time database context) - Primary deficit/surplus without UMTS proceeds - All sectors/ unspecified/ not applicable (ESA2010)-NCBs - General government (ESA2010)-NCBs - Non-financial flows current prices - Percentage,XDC_R_B1GQ,0,Replace,2002-11-06T15:30:00.000+01:00,
RTD.A.S0.N.F_UMS_CGG_D0.F,A,S0,N,F_UMS_CGG_D0,F,1995,0.65793,A,F,,,P1Y,S,,,GFS.A.N.I10.W0.S13.S1._Z.B.B9P._Z._Z._Z.XDC_R_B1GQ._Z.S.V.N._T,,,,,,"See <a class=""external"" href=""http://sdw.ecb.europa.eu/web/generator/docu/rtdb_docu.pdf""> notes</a>; block Annual; series: G",,4,,,"Government primary deficit(-) or surplus(+), percent of GDP",Euro area (moving concept in the Real Time database context) - Primary deficit/surplus without UMTS proceeds - All sectors/ unspecified/ not applicable (ESA2010)-NCBs - General government (ESA2010)-NCBs - Non-financial flows current prices - Percentage,XDC_R_B1GQ,0,Replace,2002-11-06T15:30:00.000+01:00,
RTD.A.S0.N.F_UMS_CGG_D0.F,A,S0,N,F_UMS_CGG_D0,F,1996,1.44056,A,F,,,P1Y,S,,,GFS.A.N.I10.W0.S13.S1._Z.B.B9P._Z._Z._Z.XDC_R_B1GQ._Z.S.V.N._T,,,,,,"See <a class=""external"" href=""http://sdw.ecb.europa.eu/web/generator/docu/rtdb_docu.pdf""> notes</a>; block Annual; series: G",,4,,,"Government primary deficit(-) or surplus(+), percent of GDP",Euro area (moving concept in the Real Time database context) - Primary deficit/surplus without UMTS proceeds - All sectors/ unspecified/ not applicable (ESA2010)-NCBs - General government (ESA2010)-NCBs - Non-financial flows current prices - Percentage,XDC_R_B1GQ,0,Replace,2002-11-06T15:30:00.000+01:00,
RTD.A.S0.N.F_UMS_CGG_D0.F,A,S0,N,F_UMS_CGG_D0,F,1997,2.52012,A,F,,,P1Y,S,,,GFS.A.N.I10.W0.S13.S1._Z.B.B9P._Z._Z._Z.XDC_R_B1GQ._Z.S.V.N._T,,,,,,"See <a class=""external"" href=""http://sdw.ecb.europa.eu/web/generator/docu/rtdb_docu.pdf""> notes</a>; block Annual; series: G",,4,,,"Government primary deficit(-) or surplus(+), percent of GDP",Euro area (moving concept in the Real Time database context) - Primary deficit/surplus without UMTS proceeds - All sectors/ unspecified/ not applicable (ESA2010)-NCBs - General government (ESA2010)-NCBs - Non-financial flows current prices - Percentage,XDC_R_B1GQ,0,Replace,2002-11-06T15:30:00.000+01:00,
RTD.A.S0.N.F_UMS_CGG_D0.F,A,S0,N,F_UMS_CGG_D0,F,1998,2.53356,A,F,,,P1Y,S,,,GFS.A.N.I10.W0.S13.S1._Z.B.B9P._Z._Z._Z.XDC_R_B1GQ._Z.S.V.N._T,,,,,,"See <a class=""external"" href=""http://sdw.ecb.europa.eu/web/generator/docu/rtdb_docu.pdf""> notes</a>; block Annual; series: G",,4,,,"Government primary deficit(-) or surplus(+), percent of GDP",Euro area (moving concept in the Real Time database context) - Primary deficit/surplus without UMTS proceeds - All sectors/ unspecified/ not applicable (ESA2010)-NCBs - General government (ESA2010)-NCBs - Non-financial flows current prices - Percentage,XDC_R_B1GQ,0,Replace,2002-11-06T15:30:00.000+01:00,
RTD.A.S0.N.F_UMS_CGG_D0.F,A,S0,N,F_UMS_CGG_D0,F,1999,2.96061,A,F,,,P1Y,S,,,GFS.A.N.I10.W0.S13.S1._Z.B.B9P._Z._Z._Z.XDC_R_B1GQ._Z.S.V.N._T,,,,,,"See <a class=""external"" href=""http://sdw.ecb.europa.eu/web/generator/docu/rtdb_docu.pdf""> notes</a>; block Annual; series: G",,4,,,"Government primary deficit(-) or surplus(+), percent of GDP",Euro area (moving concept in the Real Time database context) - Primary deficit/surplus without UMTS proceeds - All sectors/ unspecified/ not applicable (ESA2010)-NCBs - General government (ESA2010)-NCBs - Non-financial flows current prices - Percentage,XDC_R_B1GQ,0,Replace,2002-11-06T15:30:00.000+01:00,
RTD.A.S0.N.F_UMS_CGG_D0.F,A,S0,N,F_UMS_CGG_D0,F,2000,3.16847,A,F,,,P1Y,S,,,GFS.A.N.I10.W0.S13.S1._Z.B.B9P._Z._Z._Z.XDC_R_B1GQ._Z.S.V.N._T,,,,,,"See <a class=""external"" href=""http://sdw.ecb.europa.eu/web/generator/docu/rtdb_docu.pdf""> notes</a>; block Annual; series: G",,4,,,"Government primary deficit(-) or surplus(+), percent of GDP",Euro area (moving concept in the Real Time database context) - Primary deficit/surplus without UMTS proceeds - All sectors/ unspecified/ not applicable (ESA2010)-NCBs - General government (ESA2010)-NCBs - Non-financial flows current prices - Percentage,XDC_R_B1GQ,0,Replace,2002-11-06T15:30:00.000+01:00,
RTD.A.S0.N.F_UMS_CGG_D0.F,A,S0,N,F_UMS_CGG_D0,F,2001,2.46511,A,F,,,P1Y,S,,,GFS.A.N.I10.W0.S13.S1._Z.B.B9P._Z._Z._Z.XDC_R_B1GQ._Z.S.V.N._T,,,,,,"See <a class=""external"" href=""http://sdw.ecb.europa.eu/web/generator/docu/rtdb_docu.pdf""> notes</a>; block Annual; series: G",,4,,,"Government primary deficit(-) or surplus(+), percent of GDP",Euro area (moving concept in the Real Time database context) - Primary deficit/surplus without UMTS proceeds - All sectors/ unspecified/ not applicable (ESA2010)-NCBs - General government (ESA2010)-NCBs - Non-financial flows current prices - Percentage,XDC_R_B1GQ,0,Replace,2002-11-06T15:30:00.000+01:00,
RTD.A.S0.N.F_UMS_CGG_D0.F,A,S0,N,F_UMS_CGG_D0,F,1992,0.73775,A,F,,,P1Y,S,,,GFS.A.N.I10.W0.S13.S1._Z.B.B9P._Z._Z._Z.XDC_R_B1GQ._Z.S.V.N._T,,,,,,"See <a class=""external"" href=""http://sdw.ecb.europa.eu/web/generator/docu/rtdb_docu.pdf""> notes</a>; block Annual; series: G",,4,,,"Government primary deficit(-) or surplus(+), percent of GDP",Euro area (moving concept in the Real Time database context) - Primary deficit/surplus without UMTS proceeds - All sectors/ unspecified/ not applicable (ESA2010)-NCBs - General government (ESA2010)-NCBs - Non-financial flows current prices - Percentage,XDC_R_B1GQ,0,Replace,2002-12-04T15:30:00.000+01:00,
RTD.A.S0.N.F_UMS_CGG_D0.F,A,S0,N,F_UMS_CGG_D0,F,1994,0.50892,A,F,,,P1Y,S,,,GFS.A.N.I10.W0.S13.S1._Z.B.B9P._Z._Z._Z.XDC_R_B1GQ._Z.S.V.N._T,,,,,,"See <a class=""external"" href=""http://sdw.ecb.europa.eu/web/generator/docu/rtdb_docu.pdf""> notes</a>; block Annual; series: G",,4,,,"Government primary deficit(-) or surplus(+), percent of GDP",Euro area (moving concept in the Real Time database context) - Primary deficit/surplus without UMTS proceeds - All sectors/ unspecified/ not applicable (ESA2010)-NCBs - General government (ESA2010)-NCBs - Non-financial flows current prices - Percentage,XDC_R_B1GQ,0,Replace,2002-12-04T15:30:00.000+01:00,
RTD.A.S0.N.F_UMS_CGG_D0.F,A,S0,N,F_UMS_CGG_D0,F,1995,0.65803,A,F,,,P1Y,S,,,GFS.A.N.I10.W0.S13.S1._Z.B.B9P._Z._Z._Z.XDC_R_B1GQ._Z.S.V.N._T,,,,,,"See <a class=""external"" href=""http://sdw.ecb.europa.eu/web/generator/docu/rtdb_docu.pdf""> notes</a>; block Annual; series: G",,4,,,"Government primary deficit(-) or surplus(+), percent of GDP",Euro area (moving concept in the Real Time database context) - Primary deficit/surplus without UMTS proceeds - All sectors/ unspecified/ not applicable (ESA2010)-NCBs - General government (ESA2010)-NCBs - Non-financial flows current prices - Percentage,XDC_R_B1GQ,0,Replace,2002-12-04T15:30:00.000+01:00,
RTD.A.S0.N.F_UMS_CGG_D0.F,A,S0,N,F_UMS_CGG_D0,F,1996,1.44067,A,F,,,P1Y,S,,,GFS.A.N.I10.W0.S13.S1._Z.B.B9P._Z._Z._Z.XDC_R_B1GQ._Z.S.V.N._T,,,,,,"See <a class=""external"" href=""http://sdw.ecb.europa.eu/web/generator/docu/rtdb_docu.pdf""> notes</a>; block Annual; series: G",,4,,,"Government primary deficit(-) or surplus(+), percent of GDP",Euro area (moving concept in the Real Time database context) - Primary deficit/surplus without UMTS proceeds - All sectors/ unspecified/ not applicable (ESA2010)-NCBs - General government (ESA2010)-NCBs - Non-financial flows current prices - Percentage,XDC_R_B1GQ,0,Replace,2002-12-04T15:30:00.000+01:00,
RTD.A.S0.N.F_UMS_CGG_D0.F,A,S0,N,F_UMS_CGG_D0,F,1997,2.51992,A,F,,,P1Y,S,,,GFS.A.N.I10.W0.S13.S1._Z.B.B9P._Z._Z._Z.XDC_R_B1GQ._Z.S.V.N._T,,,,,,"See <a class=""external"" href=""http://sdw.ecb.europa.eu/web/generator/docu/rtdb_docu.pdf""> notes</a>; block Annual; series: G",,4,,,"Government primary deficit(-) or surplus(+), percent of GDP",Euro area (moving concept in the Real Time database context) - Primary deficit/surplus without UMTS proceeds - All sectors/ unspecified/ not applicable (ESA2010)-NCBs - General government (ESA2010)-NCBs - Non-financial flows current prices - Percentage,XDC_R_B1GQ,0,Replace,2002-12-04T15:30:00.000+01:00,
RTD.A.S0.N.F_UMS_CGG_D0.F,A,S0,N,F_UMS_CGG_D0,F,1998,2.53363,A,F,,,P1Y,S,,,GFS.A.N.I10.W0.S13.S1._Z.B.B9P._Z._Z._Z.XDC_R_B1GQ._Z.S.V.N._T,,,,,,"See <a class=""external"" href=""http://sdw.ecb.europa.eu/web/generator/docu/rtdb_docu.pdf""> notes</a>; block Annual; series: G",,4,,,"Government primary deficit(-) or surplus(+), percent of GDP",Euro area (moving concept in the Real Time database context) - Primary deficit/surplus without UMTS proceeds - All sectors/ unspecified/ not applicable (ESA2010)-NCBs - General government (ESA2010)-NCBs - Non-financial flows current prices - Percentage,XDC_R_B1GQ,0,Replace,2002-12-04T15:30:00.000+01:00,
RTD.A.S0.N.F_UMS_CGG_D0.F,A,S0,N,F_UMS_CGG_D0,F,2000,3.1504,A,F,,,P1Y,S,,,GFS.A.N.I10.W0.S13.S1._Z.B.B9P._Z._Z._Z.XDC_R_B1GQ._Z.S.V.N._T,,,,,,"See <a class=""external"" href=""http://sdw.ecb.europa.eu/web/generator/docu/rtdb_docu.pdf""> notes</a>; block Annual; series: G",,4,,,"Government primary deficit(-) or surplus(+), percent of GDP",Euro area (moving concept in the Real Time database context) - Primary deficit/surplus without UMTS proceeds - All sectors/ unspecified/ not applicable (ESA2010)-NCBs - General government (ESA2010)-NCBs - Non-financial flows current prices - Percentage,XDC_R_B1GQ,0,Replace,2002-12-04T15:30:00.000+01:00,
RTD.A.S0.N.F_UMS_CGG_D0.F,A,S0,N,F_UMS_CGG_D0,F,2001,2.44209,A,F,,,P1Y,S,,,GFS.A.N.I10.W0.S13.S1._Z.B.B9P._Z._Z._Z.XDC_R_B1GQ._Z.S.V.N._T,,,,,,"See <a class=""external"" href=""http://sdw.ecb.europa.eu/web/generator/docu/rtdb_docu.pdf""> notes</a>; block Annual; series: G",,4,,,"Government primary deficit(-) or surplus(+), percent of GDP",Euro area (moving concept in the Real Time database context) - Primary deficit/surplus without UMTS proceeds - All sectors/ unspecified/ not applicable (ESA2010)-NCBs - General government (ESA2010)-NCBs - Non-financial flows current prices - Percentage,XDC_R_B1GQ,0,Replace,2002-12-04T15:30:00.000+01:00,
RTD.A.S0.N.F_UMS_CGG_D0.F,A,S0,N,F_UMS_CGG_D0,F,1995,0.64182,A,F,,,P1Y,S,,,GFS.A.N.I10.W0.S13.S1._Z.B.B9P._Z._Z._Z.XDC_R_B1GQ._Z.S.V.N._T,,,,,,"See <a class=""external"" href=""http://sdw.ecb.europa.eu/web/generator/docu/rtdb_docu.pdf""> notes</a>; block Annual; series: G",,4,,,"Government primary deficit(-) or surplus(+), percent of GDP",Euro area (moving concept in the Real Time database context) - Primary deficit/surplus without UMTS proceeds - All sectors/ unspecified/ not applicable (ESA2010)-NCBs - General government (ESA2010)-NCBs - Non-financial flows current prices - Percentage,XDC_R_B1GQ,0,Replace,2003-01-15T15:30:00.000+01:00,
RTD.A.S0.N.F_UMS_CGG_D0.F,A,S0,N,F_UMS_CGG_D0,F,1996,1.42753,A,F,,,P1Y,S,,,GFS.A.N.I10.W0.S13.S1._Z.B.B9P._Z._Z._Z.XDC_R_B1GQ._Z.S.V.N._T,,,,,,"See <a class=""external"" href=""http://sdw.ecb.europa.eu/web/generator/docu/rtdb_docu.pdf""> notes</a>; block Annual; series: G",,4,,,"Government primary deficit(-) or surplus(+), percent of GDP",Euro area (moving concept in the Real Time database context) - Primary deficit/surplus without UMTS proceeds - All sectors/ unspecified/ not applicable (ESA2010)-NCBs - General government (ESA2010)-NCBs - Non-financial flows current prices - Percentage,XDC_R_B1GQ,0,Replace,2003-01-15T15:30:00.000+01:00,
RTD.A.S0.N.F_UMS_CGG_D0.F,A,S0,N,F_UMS_CGG_D0,F,1997,2.50978,A,F,,,P1Y,S,,,GFS.A.N.I10.W0.S13.S1._Z.B.B9P._Z._Z._Z.XDC_R_B1GQ._Z.S.V.N._T,,,,,,"See <a class=""external"" href=""http://sdw.ecb.europa.eu/web/generator/docu/rtdb_docu.pdf""> notes</a>; block Annual; series: G",,4,,,"Government primary deficit(-) or surplus(+), percent of GDP",Euro area (moving concept in the Real Time database context) - Primary deficit/surplus without UMTS proceeds - All sectors/ unspecified/ not applicable (ESA2010)-NCBs - General government (ESA2010)-NCBs - Non-financial flows current prices - Percentage,XDC_R_B1GQ,0,Replace,2003-01-15T15:30:00.000+01:00,
RTD.A.S0.N.F_UMS_CGG_D0.F,A,S0,N,F_UMS_CGG_D0,F,1998,2.52364,A,F,,,P1Y,S,,,GFS.A.N.I10.W0.S13.S1._Z.B.B9P._Z._Z._Z.XDC_R_B1GQ._Z.S.V.N._T,,,,,,"See <a class=""external"" href=""http://sdw.ecb.europa.eu/web/generator/docu/rtdb_docu.pdf""> notes</a>; block Annual; series: G",,4,,,"Government primary deficit(-) or surplus(+), percent of GDP",Euro area (moving concept in the Real Time database context) - Primary deficit/surplus without UMTS proceeds - All sectors/ unspecified/ not applicable (ESA2010)-NCBs - General government (ESA2010)-NCBs - Non-financial flows current prices - Percentage,XDC_R_B1GQ,0,Replace,2003-01-15T15:30:00.000+01:00,
RTD.A.S0.N.F_UMS_CGG_D0.F,A,S0,N,F_UMS_CGG_D0,F,1999,2.95261,A,F,,,P1Y,S,,,GFS.A.N.I10.W0.S13.S1._Z.B.B9P._Z._Z._Z.XDC_R_B1GQ._Z.S.V.N._T,,,,,,"See <a class=""external"" href=""http://sdw.ecb.europa.eu/web/generator/docu/rtdb_docu.pdf""> notes</a>; block Annual; series: G",,4,,,"Government primary deficit(-) or surplus(+), percent of GDP",Euro area (moving concept in the Real Time database context) - Primary deficit/surplus without UMTS proceeds - All sectors/ unspecified/ not applicable (ESA2010)-NCBs - General government (ESA2010)-NCBs - Non-financial flows current prices - Percentage,XDC_R_B1GQ,0,Replace,2003-01-15T15:30:00.000+01:00,
RTD.A.S0.N.F_UMS_CGG_D0.F,A,S0,N,F_UMS_CGG_D0,F,1991,0.49994,A,F,,,P1Y,S,,,GFS.A.N.I10.W0.S13.S1._Z.B.B9P._Z._Z._Z.XDC_R_B1GQ._Z.S.V.N._T,,,,,,"See <a class=""external"" href=""http://sdw.ecb.europa.eu/web/generator/docu/rtdb_docu.pdf""> notes</a>; block Annual; series: G",,4,,,"Government primary deficit(-) or surplus(+), percent of GDP",Euro area (moving concept in the Real Time database context) - Primary deficit/surplus without UMTS proceeds - All sectors/ unspecified/ not applicable (ESA2010)-NCBs - General government (ESA2010)-NCBs - Non-financial flows current prices - Percentage,XDC_R_B1GQ,0,Replace,2003-04-02T15:30:00.000+02:00,
RTD.A.S0.N.F_UMS_CGG_D0.F,A,S0,N,F_UMS_CGG_D0,F,1992,0.73826,A,F,,,P1Y,S,,,GFS.A.N.I10.W0.S13.S1._Z.B.B9P._Z._Z._Z.XDC_R_B1GQ._Z.S.V.N._T,,,,,,"See <a class=""external"" href=""http://sdw.ecb.europa.eu/web/generator/docu/rtdb_docu.pdf""> notes</a>; block Annual; series: G",,4,,,"Government primary deficit(-) or surplus(+), percent of GDP",Euro area (moving concept in the Real Time database context) - Primary deficit/surplus without UMTS proceeds - All sectors/ unspecified/ not applicable (ESA2010)-NCBs - General government (ESA2010)-NCBs - Non-financial flows current prices - Percentage,XDC_R_B1GQ,0,Replace,2003-04-02T15:30:00.000+02:00,
RTD.A.S0.N.F_UMS_CGG_D0.F,A,S0,N,F_UMS_CGG_D0,F,1993,0.13415,A,F,,,P1Y,S,,,GFS.A.N.I10.W0.S13.S1._Z.B.B9P._Z._Z._Z.XDC_R_B1GQ._Z.S.V.N._T,,,,,,"See <a class=""external"" href=""http://sdw.ecb.europa.eu/web/generator/docu/rtdb_docu.pdf""> notes</a>; block Annual; series: G",,4,,,"Government primary deficit(-) or surplus(+), percent of GDP",Euro area (moving concept in the Real Time database context) - Primary deficit/surplus without UMTS proceeds - All sectors/ unspecified/ not applicable (ESA2010)-NCBs - General government (ESA2010)-NCBs - Non-financial flows current prices - Percentage,XDC_R_B1GQ,0,Replace,2003-04-02T15:30:00.000+02:00,
RTD.A.S0.N.F_UMS_CGG_D0.F,A,S0,N,F_UMS_CGG_D0,F,1994,0.50896,A,F,,,P1Y,S,,,GFS.A.N.I10.W0.S13.S1._Z.B.B9P._Z._Z._Z.XDC_R_B1GQ._Z.S.V.N._T,,,,,,"See <a class=""external"" href=""http://sdw.ecb.europa.eu/web/generator/docu/rtdb_docu.pdf""> notes</a>; block Annual; series: G",,4,,,"Government primary deficit(-) or surplus(+), percent of GDP",Euro area (moving concept in the Real Time database context) - Primary deficit/surplus without UMTS proceeds - All sectors/ unspecified/ not applicable (ESA2010)-NCBs - General government (ESA2010)-NCBs - Non-financial flows current prices - Percentage,XDC_R_B1GQ,0,Replace,2003-04-02T15:30:00.000+02:00,
RTD.A.S0.N.F_UMS_CGG_D0.F,A,S0,N,F_UMS_CGG_D0,F,1995,0.64053,A,F,,,P1Y,S,,,GFS.A.N.I10.W0.S13.S1._Z.B.B9P._Z._Z._Z.XDC_R_B1GQ._Z.S.V.N._T,,,,,,"See <a class=""external"" href=""http://sdw.ecb.europa.eu/web/generator/docu/rtdb_docu.pdf""> notes</a>; block Annual; series: G",,4,,,"Government primary deficit(-) or surplus(+), percent of GDP",Euro area (moving concept in the Real Time database context) - Primary deficit/surplus without UMTS proceeds - All sectors/ unspecified/ not applicable (ESA2010)-NCBs - General government (ESA2010)-NCBs - Non-financial flows current prices - Percentage,XDC_R_B1GQ,0,Replace,2003-04-02T15:30:00.000+02:00,
RTD.A.S0.N.F_UMS_CGG_D0.F,A,S0,N,F_UMS_CGG_D0,F,1996,1.4274,A,F,,,P1Y,S,,,GFS.A.N.I10.W0.S13.S1._Z.B.B9P._Z._Z._Z.XDC_R_B1GQ._Z.S.V.N._T,,,,,,"See <a class=""external"" href=""http://sdw.ecb.europa.eu/web/generator/docu/rtdb_docu.pdf""> notes</a>; block Annual; series: G",,4,,,"Government primary deficit(-) or surplus(+), percent of GDP",Euro area (moving concept in the Real Time database context) - Primary deficit/surplus without UMTS proceeds - All sectors/ unspecified/ not applicable (ESA2010)-NCBs - General government (ESA2010)-NCBs - Non-financial flows current prices - Percentage,XDC_R_B1GQ,0,Replace,2003-04-02T15:30:00.000+02:00,
RTD.A.S0.N.F_UMS_CGG_D0.F,A,S0,N,F_UMS_CGG_D0,F,1997,2.51092,A,F,,,P1Y,S,,,GFS.A.N.I10.W0.S13.S1._Z.B.B9P._Z._Z._Z.XDC_R_B1GQ._Z.S.V.N._T,,,,,,"See <a class=""external"" href=""http://sdw.ecb.europa.eu/web/generator/docu/rtdb_docu.pdf""> notes</a>; block Annual; series: G",,4,,,"Government primary deficit(-) or surplus(+), percent of GDP",Euro area (moving concept in the Real Time database context) - Primary deficit/surplus without UMTS proceeds - All sectors/ unspecified/ not applicable (ESA2010)-NCBs - General government (ESA2010)-NCBs - Non-financial flows current prices - Percentage,XDC_R_B1GQ,0,Replace,2003-04-02T15:30:00.000+02:00,
RTD.A.S0.N.F_UMS_CGG_D0.F,A,S0,N,F_UMS_CGG_D0,F,1998,2.52363,A,F,,,P1Y,S,,,GFS.A.N.I10.W0.S13.S1._Z.B.B9P._Z._Z._Z.XDC_R_B1GQ._Z.S.V.N._T,,,,,,"See <a class=""external"" href=""http://sdw.ecb.europa.eu/web/generator/docu/rtdb_docu.pdf""> notes</a>; block Annual; series: G",,4,,,"Government primary deficit(-) or surplus(+), percent of GDP",Euro area (moving concept in the Real Time database context) - Primary deficit/surplus without UMTS proceeds - All sectors/ unspecified/ not applicable (ESA2010)-NCBs - General government (ESA2010)-NCBs - Non-financial flows current prices - Percentage,XDC_R_B1GQ,0,Replace,2003-04-02T15:30:00.000+02:00,
RTD.A.S0.N.F_UMS_CGG_D0.F,A,S0,N,F_UMS_CGG_D0,F,1999,2.95234,A,F,,,P1Y,S,,,GFS.A.N.I10.W0.S13.S1._Z.B.B9P._Z._Z._Z.XDC_R_B1GQ._Z.S.V.N._T,,,,,,"See <a class=""external"" href=""http://sdw.ecb.europa.eu/web/generator/docu/rtdb_docu.pdf""> notes</a>; block Annual; series: G",,4,,,"Government primary deficit(-) or surplus(+), percent of GDP",Euro area (moving concept in the Real Time database context) - Primary deficit/surplus without UMTS proceeds - All sectors/ unspecified/ not applicable (ESA2010)-NCBs - General government (ESA2010)-NCBs - Non-financial flows current prices - Percentage,XDC_R_B1GQ,0,Replace,2003-04-02T15:30:00.000+02:00,
RTD.A.S0.N.F_UMS_CGG_D0.F,A,S0,N,F_UMS_CGG_D0,F,2000,3.15191,A,F,,,P1Y,S,,,GFS.A.N.I10.W0.S13.S1._Z.B.B9P._Z._Z._Z.XDC_R_B1GQ._Z.S.V.N._T,,,,,,"See <a class=""external"" href=""http://sdw.ecb.europa.eu/web/generator/docu/rtdb_docu.pdf""> notes</a>; block Annual; series: G",,4,,,"Government primary deficit(-) or surplus(+), percent of GDP",Euro area (moving concept in the Real Time database context) - Primary deficit/surplus without UMTS proceeds - All sectors/ unspecified/ not applicable (ESA2010)-NCBs - General government (ESA2010)-NCBs - Non-financial flows current prices - Percentage,XDC_R_B1GQ,0,Replace,2003-04-02T15:30:00.000+02:00,
RTD.A.S0.N.F_UMS_CGG_D0.F,A,S0,N,F_UMS_CGG_D0,F,2001,2.44319,A,F,,,P1Y,S,,,GFS.A.N.I10.W0.S13.S1._Z.B.B9P._Z._Z._Z.XDC_R_B1GQ._Z.S.V.N._T,,,,,,"See <a class=""external"" href=""http://sdw.ecb.europa.eu/web/generator/docu/rtdb_docu.pdf""> notes</a>; block Annual; series: G",,4,,,"Government primary deficit(-) or surplus(+), percent of GDP",Euro area (moving concept in the Real Time database context) - Primary deficit/surplus without UMTS proceeds - All sectors/ unspecified/ not applicable (ESA2010)-NCBs - General government (ESA2010)-NCBs - Non-financial flows current prices - Percentage,XDC_R_B1GQ,0,Replace,2003-04-02T15:30:00.000+02:00,
RTD.A.S0.N.F_UMS_CGG_D0.F,A,S0,N,F_UMS_CGG_D0,F,1991,0.4966,A,F,,,P1Y,S,,,GFS.A.N.I10.W0.S13.S1._Z.B.B9P._Z._Z._Z.XDC_R_B1GQ._Z.S.V.N._T,,,,,,"See <a class=""external"" href=""http://sdw.ecb.europa.eu/web/generator/docu/rtdb_docu.pdf""> notes</a>; block Annual; series: G",,4,,,"Government primary deficit(-) or surplus(+), percent of GDP",Euro area (moving concept in the Real Time database context) - Primary deficit/surplus without UMTS proceeds - All sectors/ unspecified/ not applicable (ESA2010)-NCBs - General government (ESA2010)-NCBs - Non-financial flows current prices - Percentage,XDC_R_B1GQ,0,Replace,2003-05-07T15:30:00.000+02:00,
RTD.A.S0.N.F_UMS_CGG_D0.F,A,S0,N,F_UMS_CGG_D0,F,1992,0.75061,A,F,,,P1Y,S,,,GFS.A.N.I10.W0.S13.S1._Z.B.B9P._Z._Z._Z.XDC_R_B1GQ._Z.S.V.N._T,,,,,,"See <a class=""external"" href=""http://sdw.ecb.europa.eu/web/generator/docu/rtdb_docu.pdf""> notes</a>; block Annual; series: G",,4,,,"Government primary deficit(-) or surplus(+), percent of GDP",Euro area (moving concept in the Real Time database context) - Primary deficit/surplus without UMTS proceeds - All sectors/ unspecified/ not applicable (ESA2010)-NCBs - General government (ESA2010)-NCBs - Non-financial flows current prices - Percentage,XDC_R_B1GQ,0,Replace,2003-05-07T15:30:00.000+02:00,
RTD.A.S0.N.F_UMS_CGG_D0.F,A,S0,N,F_UMS_CGG_D0,F,1993,0.13668,A,F,,,P1Y,S,,,GFS.A.N.I10.W0.S13.S1._Z.B.B9P._Z._Z._Z.XDC_R_B1GQ._Z.S.V.N._T,,,,,,"See <a class=""external"" href=""http://sdw.ecb.europa.eu/web/generator/docu/rtdb_docu.pdf""> notes</a>; block Annual; series: G",,4,,,"Government primary deficit(-) or surplus(+), percent of GDP",Euro area (moving concept in the Real Time database context) - Primary deficit/surplus without UMTS proceeds - All sectors/ unspecified/ not applicable (ESA2010)-NCBs - General government (ESA2010)-NCBs - Non-financial flows current prices - Percentage,XDC_R_B1GQ,0,Replace,2003-05-07T15:30:00.000+02:00,
RTD.A.S0.N.F_UMS_CGG_D0.F,A,S0,N,F_UMS_CGG_D0,F,1994,0.48243,A,F,,,P1Y,S,,,GFS.A.N.I10.W0.S13.S1._Z.B.B9P._Z._Z._Z.XDC_R_B1GQ._Z.S.V.N._T,,,,,,"See <a class=""external"" href=""http://sdw.ecb.europa.eu/web/generator/docu/rtdb_docu.pdf""> notes</a>; block Annual; series: G",,4,,,"Government primary deficit(-) or surplus(+), percent of GDP",Euro area (moving concept in the Real Time database context) - Primary deficit/surplus without UMTS proceeds - All sectors/ unspecified/ not applicable (ESA2010)-NCBs - General government (ESA2010)-NCBs - Non-financial flows current prices - Percentage,XDC_R_B1GQ,0,Replace,2003-05-07T15:30:00.000+02:00,
RTD.A.S0.N.F_UMS_CGG_D0.F,A,S0,N,F_UMS_CGG_D0,F,1995,0.63608,A,F,,,P1Y,S,,,GFS.A.N.I10.W0.S13.S1._Z.B.B9P._Z._Z._Z.XDC_R_B1GQ._Z.S.V.N._T,,,,,,"See <a class=""external"" href=""http://sdw.ecb.europa.eu/web/generator/docu/rtdb_docu.pdf""> notes</a>; block Annual; series: G",,4,,,"Government primary deficit(-) or surplus(+), percent of GDP",Euro area (moving concept in the Real Time database context) - Primary deficit/surplus without UMTS proceeds - All sectors/ unspecified/ not applicable (ESA2010)-NCBs - General government (ESA2010)-NCBs - Non-financial flows current prices - Percentage,XDC_R_B1GQ,0,Replace,2003-05-07T15:30:00.000+02:00,
RTD.A.S0.N.F_UMS_CGG_D0.F,A,S0,N,F_UMS_CGG_D0,F,1996,1.42911,A,F,,,P1Y,S,,,GFS.A.N.I10.W0.S13.S1._Z.B.B9P._Z._Z._Z.XDC_R_B1GQ._Z.S.V.N._T,,,,,,"See <a class=""external"" href=""http://sdw.ecb.europa.eu/web/generator/docu/rtdb_docu.pdf""> notes</a>; block Annual; series: G",,4,,,"Government primary deficit(-) or surplus(+), percent of GDP",Euro area (moving concept in the Real Time database context) - Primary deficit/surplus without UMTS proceeds - All sectors/ unspecified/ not applicable (ESA2010)-NCBs - General government (ESA2010)-NCBs - Non-financial flows current prices - Percentage,XDC_R_B1GQ,0,Replace,2003-05-07T15:30:00.000+02:00,
RTD.A.S0.N.F_UMS_CGG_D0.F,A,S0,N,F_UMS_CGG_D0,F,1997,2.51393,A,F,,,P1Y,S,,,GFS.A.N.I10.W0.S13.S1._Z.B.B9P._Z._Z._Z.XDC_R_B1GQ._Z.S.V.N._T,,,,,,"See <a class=""external"" href=""http://sdw.ecb.europa.eu/web/generator/docu/rtdb_docu.pdf""> notes</a>; block Annual; series: G",,4,,,"Government primary deficit(-) or surplus(+), percent of GDP",Euro area (moving concept in the Real Time database context) - Primary deficit/surplus without UMTS proceeds - All sectors/ unspecified/ not applicable (ESA2010)-NCBs - General government (ESA2010)-NCBs - Non-financial flows current prices - Percentage,XDC_R_B1GQ,0,Replace,2003-05-07T15:30:00.000+02:00,
RTD.A.S0.N.F_UMS_CGG_D0.F,A,S0,N,F_UMS_CGG_D0,F,1998,2.4961,A,F,,,P1Y,S,,,GFS.A.N.I10.W0.S13.S1._Z.B.B9P._Z._Z._Z.XDC_R_B1GQ._Z.S.V.N._T,,,,,,"See <a class=""external"" href=""http://sdw.ecb.europa.eu/web/generator/docu/rtdb_docu.pdf""> notes</a>; block Annual; series: G",,4,,,"Government primary deficit(-) or surplus(+), percent of GDP",Euro area (moving concept in the Real Time database context) - Primary deficit/surplus without UMTS proceeds - All sectors/ unspecified/ not applicable (ESA2010)-NCBs - General government (ESA2010)-NCBs - Non-financial flows current prices - Percentage,XDC_R_B1GQ,0,Replace,2003-05-07T15:30:00.000+02:00,
RTD.A.S0.N.F_UMS_CGG_D0.F,A,S0,N,F_UMS_CGG_D0,F,1999,2.96189,A,F,,,P1Y,S,,,GFS.A.N.I10.W0.S13.S1._Z.B.B9P._Z._Z._Z.XDC_R_B1GQ._Z.S.V.N._T,,,,,,"See <a class=""external"" href=""http://sdw.ecb.europa.eu/web/generator/docu/rtdb_docu.pdf""> notes</a>; block Annual; series: G",,4,,,"Government primary deficit(-) or surplus(+), percent of GDP",Euro area (moving concept in the Real Time database context) - Primary deficit/surplus without UMTS proceeds - All sectors/ unspecified/ not applicable (ESA2010)-NCBs - General government (ESA2010)-NCBs - Non-financial flows current prices - Percentage,XDC_R_B1GQ,0,Replace,2003-05-07T15:30:00.000+02:00,
RTD.A.S0.N.F_UMS_CGG_D0.F,A,S0,N,F_UMS_CGG_D0,F,2000,3.0928,A,F,,,P1Y,S,,,GFS.A.N.I10.W0.S13.S1._Z.B.B9P._Z._Z._Z.XDC_R_B1GQ._Z.S.V.N._T,,,,,,"See <a class=""external"" href=""http://sdw.ecb.europa.eu/web/generator/docu/rtdb_docu.pdf""> notes</a>; block Annual; series: G",,4,,,"Government primary deficit(-) or surplus(+), percent of GDP",Euro area (moving concept in the Real Time database context) - Primary deficit/surplus without UMTS proceeds - All sectors/ unspecified/ not applicable (ESA2010)-NCBs - General government (ESA2010)-NCBs - Non-financial flows current prices - Percentage,XDC_R_B1GQ,0,Replace,2003-05-07T15:30:00.000+02:00,
RTD.A.S0.N.F_UMS_CGG_D0.F,A,S0,N,F_UMS_CGG_D0,F,2001,2.3438,A,F,,,P1Y,S,,,GFS.A.N.I10.W0.S13.S1._Z.B.B9P._Z._Z._Z.XDC_R_B1GQ._Z.S.V.N._T,,,,,,"See <a class=""external"" href=""http://sdw.ecb.europa.eu/web/generator/docu/rtdb_docu.pdf""> notes</a>; block Annual; series: G",,4,,,"Government primary deficit(-) or surplus(+), percent of GDP",Euro area (moving concept in the Real Time database context) - Primary deficit/surplus without UMTS proceeds - All sectors/ unspecified/ not applicable (ESA2010)-NCBs - General government (ESA2010)-NCBs - Non-financial flows current prices - Percentage,XDC_R_B1GQ,0,Replace,2003-05-07T15:30:00.000+02:00,
RTD.A.S0.N.F_UMS_CGG_D0.F,A,S0,N,F_UMS_CGG_D0,F,2002,1.46617,A,F,,,P1Y,S,,,GFS.A.N.I10.W0.S13.S1._Z.B.B9P._Z._Z._Z.XDC_R_B1GQ._Z.S.V.N._T,,,,,,"See <a class=""external"" href=""http://sdw.ecb.europa.eu/web/generator/docu/rtdb_docu.pdf""> notes</a>; block Annual; series: G",,4,,,"Government primary deficit(-) or surplus(+), percent of GDP",Euro area (moving concept in the Real Time database context) - Primary deficit/surplus without UMTS proceeds - All sectors/ unspecified/ not applicable (ESA2010)-NCBs - General government (ESA2010)-NCBs - Non-financial flows current prices - Percentage,XDC_R_B1GQ,0,Replace,2003-05-07T15:30:00.000+02:00,
RTD.A.S0.N.F_UMS_CGG_D0.F,A,S0,N,F_UMS_CGG_D0,F,1991,0.49659,A,F,,,P1Y,S,,,GFS.A.N.I10.W0.S13.S1._Z.B.B9P._Z._Z._Z.XDC_R_B1GQ._Z.S.V.N._T,,,,,,"See <a class=""external"" href=""http://sdw.ecb.europa.eu/web/generator/docu/rtdb_docu.pdf""> notes</a>; block Annual; series: G",,4,,,"Government primary deficit(-) or surplus(+), percent of GDP",Euro area (moving concept in the Real Time database context) - Primary deficit/surplus without UMTS proceeds - All sectors/ unspecified/ not applicable (ESA2010)-NCBs - General government (ESA2010)-NCBs - Non-financial flows current prices - Percentage,XDC_R_B1GQ,0,Replace,2003-06-04T15:30:00.000+02:00,
RTD.A.S0.N.F_UMS_CGG_D0.F,A,S0,N,F_UMS_CGG_D0,F,1992,0.75062,A,F,,,P1Y,S,,,GFS.A.N.I10.W0.S13.S1._Z.B.B9P._Z._Z._Z.XDC_R_B1GQ._Z.S.V.N._T,,,,,,"See <a class=""external"" href=""http://sdw.ecb.europa.eu/web/generator/docu/rtdb_docu.pdf""> notes</a>; block Annual; series: G",,4,,,"Government primary deficit(-) or surplus(+), percent of GDP",Euro area (moving concept in the Real Time database context) - Primary deficit/surplus without UMTS proceeds - All sectors/ unspecified/ not applicable (ESA2010)-NCBs - General government (ESA2010)-NCBs - Non-financial flows current prices - Percentage,XDC_R_B1GQ,0,Replace,2003-06-04T15:30:00.000+02:00,
RTD.A.S0.N.F_UMS_CGG_D0.F,A,S0,N,F_UMS_CGG_D0,F,1995,0.63607,A,F,,,P1Y,S,,,GFS.A.N.I10.W0.S13.S1._Z.B.B9P._Z._Z._Z.XDC_R_B1GQ._Z.S.V.N._T,,,,,,"See <a class=""external"" href=""http://sdw.ecb.europa.eu/web/generator/docu/rtdb_docu.pdf""> notes</a>; block Annual; series: G",,4,,,"Government primary deficit(-) or surplus(+), percent of GDP",Euro area (moving concept in the Real Time database context) - Primary deficit/surplus without UMTS proceeds - All sectors/ unspecified/ not applicable (ESA2010)-NCBs - General government (ESA2010)-NCBs - Non-financial flows current prices - Percentage,XDC_R_B1GQ,0,Replace,2003-06-04T15:30:00.000+02:00,
RTD.A.S0.N.F_UMS_CGG_D0.F,A,S0,N,F_UMS_CGG_D0,F,1996,1.42913,A,F,,,P1Y,S,,,GFS.A.N.I10.W0.S13.S1._Z.B.B9P._Z._Z._Z.XDC_R_B1GQ._Z.S.V.N._T,,,,,,"See <a class=""external"" href=""http://sdw.ecb.europa.eu/web/generator/docu/rtdb_docu.pdf""> notes</a>; block Annual; series: G",,4,,,"Government primary deficit(-) or surplus(+), percent of GDP",Euro area (moving concept in the Real Time database context) - Primary deficit/surplus without UMTS proceeds - All sectors/ unspecified/ not applicable (ESA2010)-NCBs - General government (ESA2010)-NCBs - Non-financial flows current prices - Percentage,XDC_R_B1GQ,0,Replace,2003-06-04T15:30:00.000+02:00,
RTD.A.S0.N.F_UMS_CGG_D0.F,A,S0,N,F_UMS_CGG_D0,F,1997,2.51395,A,F,,,P1Y,S,,,GFS.A.N.I10.W0.S13.S1._Z.B.B9P._Z._Z._Z.XDC_R_B1GQ._Z.S.V.N._T,,,,,,"See <a class=""external"" href=""http://sdw.ecb.europa.eu/web/generator/docu/rtdb_docu.pdf""> notes</a>; block Annual; series: G",,4,,,"Government primary deficit(-) or surplus(+), percent of GDP",Euro area (moving concept in the Real Time database context) - Primary deficit/surplus without UMTS proceeds - All sectors/ unspecified/ not applicable (ESA2010)-NCBs - General government (ESA2010)-NCBs - Non-financial flows current prices - Percentage,XDC_R_B1GQ,0,Replace,2003-06-04T15:30:00.000+02:00,
RTD.A.S0.N.F_UMS_CGG_D0.F,A,S0,N,F_UMS_CGG_D0,F,1999,2.96177,A,F,,,P1Y,S,,,GFS.A.N.I10.W0.S13.S1._Z.B.B9P._Z._Z._Z.XDC_R_B1GQ._Z.S.V.N._T,,,,,,"See <a class=""external"" href=""http://sdw.ecb.europa.eu/web/generator/docu/rtdb_docu.pdf""> notes</a>; block Annual; series: G",,4,,,"Government primary deficit(-) or surplus(+), percent of GDP",Euro area (moving concept in the Real Time database context) - Primary deficit/surplus without UMTS proceeds - All sectors/ unspecified/ not applicable (ESA2010)-NCBs - General government (ESA2010)-NCBs - Non-financial flows current prices - Percentage,XDC_R_B1GQ,0,Replace,2003-06-04T15:30:00.000+02:00,
RTD.A.S0.N.F_UMS_CGG_D0.F,A,S0,N,F_UMS_CGG_D0,F,2001,2.32601,A,F,,,P1Y,S,,,GFS.A.N.I10.W0.S13.S1._Z.B.B9P._Z._Z._Z.XDC_R_B1GQ._Z.S.V.N._T,,,,,,"See <a class=""external"" href=""http://sdw.ecb.europa.eu/web/generator/docu/rtdb_docu.pdf""> notes</a>; block Annual; series: G",,4,,,"Government primary deficit(-) or surplus(+), percent of GDP",Euro area (moving concept in the Real Time database context) - Primary deficit/surplus without UMTS proceeds - All sectors/ unspecified/ not applicable (ESA2010)-NCBs - General government (ESA2010)-NCBs - Non-financial flows current prices - Percentage,XDC_R_B1GQ,0,Replace,2003-06-04T15:30:00.000+02:00,
RTD.A.S0.N.F_UMS_CGG_D0.F,A,S0,N,F_UMS_CGG_D0,F,2002,1.45676,A,F,,,P1Y,S,,,GFS.A.N.I10.W0.S13.S1._Z.B.B9P._Z._Z._Z.XDC_R_B1GQ._Z.S.V.N._T,,,,,,"See <a class=""external"" href=""http://sdw.ecb.europa.eu/web/generator/docu/rtdb_docu.pdf""> notes</a>; block Annual; series: G",,4,,,"Government primary deficit(-) or surplus(+), percent of GDP",Euro area (moving concept in the Real Time database context) - Primary deficit/surplus without UMTS proceeds - All sectors/ unspecified/ not applicable (ESA2010)-NCBs - General government (ESA2010)-NCBs - Non-financial flows current prices - Percentage,XDC_R_B1GQ,0,Replace,2003-06-04T15:30:00.000+02:00,
RTD.A.S0.N.F_UMS_CGG_D0.F,A,S0,N,F_UMS_CGG_D0,F,1995,0.63602,A,F,,,P1Y,S,,,GFS.A.N.I10.W0.S13.S1._Z.B.B9P._Z._Z._Z.XDC_R_B1GQ._Z.S.V.N._T,,,,,,"See <a class=""external"" href=""http://sdw.ecb.europa.eu/web/generator/docu/rtdb_docu.pdf""> notes</a>; block Annual; series: G",,4,,,"Government primary deficit(-) or surplus(+), percent of GDP",Euro area (moving concept in the Real Time database context) - Primary deficit/surplus without UMTS proceeds - All sectors/ unspecified/ not applicable (ESA2010)-NCBs - General government (ESA2010)-NCBs - Non-financial flows current prices - Percentage,XDC_R_B1GQ,0,Replace,2003-07-09T15:30:00.000+02:00,
RTD.A.S0.N.F_UMS_CGG_D0.F,A,S0,N,F_UMS_CGG_D0,F,1996,1.42962,A,F,,,P1Y,S,,,GFS.A.N.I10.W0.S13.S1._Z.B.B9P._Z._Z._Z.XDC_R_B1GQ._Z.S.V.N._T,,,,,,"See <a class=""external"" href=""http://sdw.ecb.europa.eu/web/generator/docu/rtdb_docu.pdf""> notes</a>; block Annual; series: G",,4,,,"Government primary deficit(-) or surplus(+), percent of GDP",Euro area (moving concept in the Real Time database context) - Primary deficit/surplus without UMTS proceeds - All sectors/ unspecified/ not applicable (ESA2010)-NCBs - General government (ESA2010)-NCBs - Non-financial flows current prices - Percentage,XDC_R_B1GQ,0,Replace,2003-07-09T15:30:00.000+02:00,
RTD.A.S0.N.F_UMS_CGG_D0.F,A,S0,N,F_UMS_CGG_D0,F,1997,2.51386,A,F,,,P1Y,S,,,GFS.A.N.I10.W0.S13.S1._Z.B.B9P._Z._Z._Z.XDC_R_B1GQ._Z.S.V.N._T,,,,,,"See <a class=""external"" href=""http://sdw.ecb.europa.eu/web/generator/docu/rtdb_docu.pdf""> notes</a>; block Annual; series: G",,4,,,"Government primary deficit(-) or surplus(+), percent of GDP",Euro area (moving concept in the Real Time database context) - Primary deficit/surplus without UMTS proceeds - All sectors/ unspecified/ not applicable (ESA2010)-NCBs - General government (ESA2010)-NCBs - Non-financial flows current prices - Percentage,XDC_R_B1GQ,0,Replace,2003-07-09T15:30:00.000+02:00,
RTD.A.S0.N.F_UMS_CGG_D0.F,A,S0,N,F_UMS_CGG_D0,F,1998,2.49654,A,F,,,P1Y,S,,,GFS.A.N.I10.W0.S13.S1._Z.B.B9P._Z._Z._Z.XDC_R_B1GQ._Z.S.V.N._T,,,,,,"See <a class=""external"" href=""http://sdw.ecb.europa.eu/web/generator/docu/rtdb_docu.pdf""> notes</a>; block Annual; series: G",,4,,,"Government primary deficit(-) or surplus(+), percent of GDP",Euro area (moving concept in the Real Time database context) - Primary deficit/surplus without UMTS proceeds - All sectors/ unspecified/ not applicable (ESA2010)-NCBs - General government (ESA2010)-NCBs - Non-financial flows current prices - Percentage,XDC_R_B1GQ,0,Replace,2003-07-09T15:30:00.000+02:00,
RTD.A.S0.N.F_UMS_CGG_D0.F,A,S0,N,F_UMS_CGG_D0,F,1999,2.96365,A,F,,,P1Y,S,,,GFS.A.N.I10.W0.S13.S1._Z.B.B9P._Z._Z._Z.XDC_R_B1GQ._Z.S.V.N._T,,,,,,"See <a class=""external"" href=""http://sdw.ecb.europa.eu/web/generator/docu/rtdb_docu.pdf""> notes</a>; block Annual; series: G",,4,,,"Government primary deficit(-) or surplus(+), percent of GDP",Euro area (moving concept in the Real Time database context) - Primary deficit/surplus without UMTS proceeds - All sectors/ unspecified/ not applicable (ESA2010)-NCBs - General government (ESA2010)-NCBs - Non-financial flows current prices - Percentage,XDC_R_B1GQ,0,Replace,2003-07-09T15:30:00.000+02:00,
RTD.A.S0.N.F_UMS_CGG_D0.F,A,S0,N,F_UMS_CGG_D0,F,2000,3.09422,A,F,,,P1Y,S,,,GFS.A.N.I10.W0.S13.S1._Z.B.B9P._Z._Z._Z.XDC_R_B1GQ._Z.S.V.N._T,,,,,,"See <a class=""external"" href=""http://sdw.ecb.europa.eu/web/generator/docu/rtdb_docu.pdf""> notes</a>; block Annual; series: G",,4,,,"Government primary deficit(-) or surplus(+), percent of GDP",Euro area (moving concept in the Real Time database context) - Primary deficit/surplus without UMTS proceeds - All sectors/ unspecified/ not applicable (ESA2010)-NCBs - General government (ESA2010)-NCBs - Non-financial flows current prices - Percentage,XDC_R_B1GQ,0,Replace,2003-07-09T15:30:00.000+02:00,
RTD.A.S0.N.F_UMS_CGG_D0.F,A,S0,N,F_UMS_CGG_D0,F,2001,2.33041,A,F,,,P1Y,S,,,GFS.A.N.I10.W0.S13.S1._Z.B.B9P._Z._Z._Z.XDC_R_B1GQ._Z.S.V.N._T,,,,,,"See <a class=""external"" href=""http://sdw.ecb.europa.eu/web/generator/docu/rtdb_docu.pdf""> notes</a>; block Annual; series: G",,4,,,"Government primary deficit(-) or surplus(+), percent of GDP",Euro area (moving concept in the Real Time database context) - Primary deficit/surplus without UMTS proceeds - All sectors/ unspecified/ not applicable (ESA2010)-NCBs - General government (ESA2010)-NCBs - Non-financial flows current prices - Percentage,XDC_R_B1GQ,0,Replace,2003-07-09T15:30:00.000+02:00,
RTD.A.S0.N.F_UMS_CGG_D0.F,A,S0,N,F_UMS_CGG_D0,F,2002,1.45706,A,F,,,P1Y,S,,,GFS.A.N.I10.W0.S13.S1._Z.B.B9P._Z._Z._Z.XDC_R_B1GQ._Z.S.V.N._T,,,,,,"See <a class=""external"" href=""http://sdw.ecb.europa.eu/web/generator/docu/rtdb_docu.pdf""> notes</a>; block Annual; series: G",,4,,,"Government primary deficit(-) or surplus(+), percent of GDP",Euro area (moving concept in the Real Time database context) - Primary deficit/surplus without UMTS proceeds - All sectors/ unspecified/ not applicable (ESA2010)-NCBs - General government (ESA2010)-NCBs - Non-financial flows current prices - Percentage,XDC_R_B1GQ,0,Replace,2003-07-09T15:30:00.000+02:00,
RTD.A.S0.N.F_UMS_CGG_D0.F,A,S0,N,F_UMS_CGG_D0,F,1991,0.49954,A,F,,,P1Y,S,,,GFS.A.N.I10.W0.S13.S1._Z.B.B9P._Z._Z._Z.XDC_R_B1GQ._Z.S.V.N._T,,,,,,"See <a class=""external"" href=""http://sdw.ecb.europa.eu/web/generator/docu/rtdb_docu.pdf""> notes</a>; block Annual; series: G",,4,,,"Government primary deficit(-) or surplus(+), percent of GDP",Euro area (moving concept in the Real Time database context) - Primary deficit/surplus without UMTS proceeds - All sectors/ unspecified/ not applicable (ESA2010)-NCBs - General government (ESA2010)-NCBs - Non-financial flows current prices - Percentage,XDC_R_B1GQ,0,Replace,2003-09-03T15:30:00.000+02:00,
RTD.A.S0.N.F_UMS_CGG_D0.F,A,S0,N,F_UMS_CGG_D0,F,1992,0.75222,A,F,,,P1Y,S,,,GFS.A.N.I10.W0.S13.S1._Z.B.B9P._Z._Z._Z.XDC_R_B1GQ._Z.S.V.N._T,,,,,,"See <a class=""external"" href=""http://sdw.ecb.europa.eu/web/generator/docu/rtdb_docu.pdf""> notes</a>; block Annual; series: G",,4,,,"Government primary deficit(-) or surplus(+), percent of GDP",Euro area (moving concept in the Real Time database context) - Primary deficit/surplus without UMTS proceeds - All sectors/ unspecified/ not applicable (ESA2010)-NCBs - General government (ESA2010)-NCBs - Non-financial flows current prices - Percentage,XDC_R_B1GQ,0,Replace,2003-09-03T15:30:00.000+02:00,
RTD.A.S0.N.F_UMS_CGG_D0.F,A,S0,N,F_UMS_CGG_D0,F,1993,0.13768,A,F,,,P1Y,S,,,GFS.A.N.I10.W0.S13.S1._Z.B.B9P._Z._Z._Z.XDC_R_B1GQ._Z.S.V.N._T,,,,,,"See <a class=""external"" href=""http://sdw.ecb.europa.eu/web/generator/docu/rtdb_docu.pdf""> notes</a>; block Annual; series: G",,4,,,"Government primary deficit(-) or surplus(+), percent of GDP",Euro area (moving concept in the Real Time database context) - Primary deficit/surplus without UMTS proceeds - All sectors/ unspecified/ not applicable (ESA2010)-NCBs - General government (ESA2010)-NCBs - Non-financial flows current prices - Percentage,XDC_R_B1GQ,0,Replace,2003-09-03T15:30:00.000+02:00,
RTD.A.S0.N.F_UMS_CGG_D0.F,A,S0,N,F_UMS_CGG_D0,F,1994,0.48166,A,F,,,P1Y,S,,,GFS.A.N.I10.W0.S13.S1._Z.B.B9P._Z._Z._Z.XDC_R_B1GQ._Z.S.V.N._T,,,,,,"See <a class=""external"" href=""http://sdw.ecb.europa.eu/web/generator/docu/rtdb_docu.pdf""> notes</a>; block Annual; series: G",,4,,,"Government primary deficit(-) or surplus(+), percent of GDP",Euro area (moving concept in the Real Time database context) - Primary deficit/surplus without UMTS proceeds - All sectors/ unspecified/ not applicable (ESA2010)-NCBs - General government (ESA2010)-NCBs - Non-financial flows current prices - Percentage,XDC_R_B1GQ,0,Replace,2003-09-03T15:30:00.000+02:00,
RTD.A.S0.N.F_UMS_CGG_D0.F,A,S0,N,F_UMS_CGG_D0,F,1995,0.63673,A,F,,,P1Y,S,,,GFS.A.N.I10.W0.S13.S1._Z.B.B9P._Z._Z._Z.XDC_R_B1GQ._Z.S.V.N._T,,,,,,"See <a class=""external"" href=""http://sdw.ecb.europa.eu/web/generator/docu/rtdb_docu.pdf""> notes</a>; block Annual; series: G",,4,,,"Government primary deficit(-) or surplus(+), percent of GDP",Euro area (moving concept in the Real Time database context) - Primary deficit/surplus without UMTS proceeds - All sectors/ unspecified/ not applicable (ESA2010)-NCBs - General government (ESA2010)-NCBs - Non-financial flows current prices - Percentage,XDC_R_B1GQ,0,Replace,2003-09-03T15:30:00.000+02:00,
RTD.A.S0.N.F_UMS_CGG_D0.F,A,S0,N,F_UMS_CGG_D0,F,1996,1.43106,A,F,,,P1Y,S,,,GFS.A.N.I10.W0.S13.S1._Z.B.B9P._Z._Z._Z.XDC_R_B1GQ._Z.S.V.N._T,,,,,,"See <a class=""external"" href=""http://sdw.ecb.europa.eu/web/generator/docu/rtdb_docu.pdf""> notes</a>; block Annual; series: G",,4,,,"Government primary deficit(-) or surplus(+), percent of GDP",Euro area (moving concept in the Real Time database context) - Primary deficit/surplus without UMTS proceeds - All sectors/ unspecified/ not applicable (ESA2010)-NCBs - General government (ESA2010)-NCBs - Non-financial flows current prices - Percentage,XDC_R_B1GQ,0,Replace,2003-09-03T15:30:00.000+02:00,
RTD.A.S0.N.F_UMS_CGG_D0.F,A,S0,N,F_UMS_CGG_D0,F,1997,2.51482,A,F,,,P1Y,S,,,GFS.A.N.I10.W0.S13.S1._Z.B.B9P._Z._Z._Z.XDC_R_B1GQ._Z.S.V.N._T,,,,,,"See <a class=""external"" href=""http://sdw.ecb.europa.eu/web/generator/docu/rtdb_docu.pdf""> notes</a>; block Annual; series: G",,4,,,"Government primary deficit(-) or surplus(+), percent of GDP",Euro area (moving concept in the Real Time database context) - Primary deficit/surplus without UMTS proceeds - All sectors/ unspecified/ not applicable (ESA2010)-NCBs - General government (ESA2010)-NCBs - Non-financial flows current prices - Percentage,XDC_R_B1GQ,0,Replace,2003-09-03T15:30:00.000+02:00,
RTD.A.S0.N.F_UMS_CGG_D0.F,A,S0,N,F_UMS_CGG_D0,F,1998,2.49874,A,F,,,P1Y,S,,,GFS.A.N.I10.W0.S13.S1._Z.B.B9P._Z._Z._Z.XDC_R_B1GQ._Z.S.V.N._T,,,,,,"See <a class=""external"" href=""http://sdw.ecb.europa.eu/web/generator/docu/rtdb_docu.pdf""> notes</a>; block Annual; series: G",,4,,,"Government primary deficit(-) or surplus(+), percent of GDP",Euro area (moving concept in the Real Time database context) - Primary deficit/surplus without UMTS proceeds - All sectors/ unspecified/ not applicable (ESA2010)-NCBs - General government (ESA2010)-NCBs - Non-financial flows current prices - Percentage,XDC_R_B1GQ,0,Replace,2003-09-03T15:30:00.000+02:00,
RTD.A.S0.N.F_UMS_CGG_D0.F,A,S0,N,F_UMS_CGG_D0,F,1999,2.97214,A,F,,,P1Y,S,,,GFS.A.N.I10.W0.S13.S1._Z.B.B9P._Z._Z._Z.XDC_R_B1GQ._Z.S.V.N._T,,,,,,"See <a class=""external"" href=""http://sdw.ecb.europa.eu/web/generator/docu/rtdb_docu.pdf""> notes</a>; block Annual; series: G",,4,,,"Government primary deficit(-) or surplus(+), percent of GDP",Euro area (moving concept in the Real Time database context) - Primary deficit/surplus without UMTS proceeds - All sectors/ unspecified/ not applicable (ESA2010)-NCBs - General government (ESA2010)-NCBs - Non-financial flows current prices - Percentage,XDC_R_B1GQ,0,Replace,2003-09-03T15:30:00.000+02:00,
RTD.A.S0.N.F_UMS_CGG_D0.F,A,S0,N,F_UMS_CGG_D0,F,2000,3.16205,A,F,,,P1Y,S,,,GFS.A.N.I10.W0.S13.S1._Z.B.B9P._Z._Z._Z.XDC_R_B1GQ._Z.S.V.N._T,,,,,,"See <a class=""external"" href=""http://sdw.ecb.europa.eu/web/generator/docu/rtdb_docu.pdf""> notes</a>; block Annual; series: G",,4,,,"Government primary deficit(-) or surplus(+), percent of GDP",Euro area (moving concept in the Real Time database context) - Primary deficit/surplus without UMTS proceeds - All sectors/ unspecified/ not applicable (ESA2010)-NCBs - General government (ESA2010)-NCBs - Non-financial flows current prices - Percentage,XDC_R_B1GQ,0,Replace,2003-09-03T15:30:00.000+02:00,
RTD.A.S0.N.F_UMS_CGG_D0.F,A,S0,N,F_UMS_CGG_D0,F,2001,2.30935,A,F,,,P1Y,S,,,GFS.A.N.I10.W0.S13.S1._Z.B.B9P._Z._Z._Z.XDC_R_B1GQ._Z.S.V.N._T,,,,,,"See <a class=""external"" href=""http://sdw.ecb.europa.eu/web/generator/docu/rtdb_docu.pdf""> notes</a>; block Annual; series: G",,4,,,"Government primary deficit(-) or surplus(+), percent of GDP",Euro area (moving concept in the Real Time database context) - Primary deficit/surplus without UMTS proceeds - All sectors/ unspecified/ not applicable (ESA2010)-NCBs - General government (ESA2010)-NCBs - Non-financial flows current prices - Percentage,XDC_R_B1GQ,0,Replace,2003-09-03T15:30:00.000+02:00,
RTD.A.S0.N.F_UMS_CGG_D0.F,A,S0,N,F_UMS_CGG_D0,F,2002,1.44333,A,F,,,P1Y,S,,,GFS.A.N.I10.W0.S13.S1._Z.B.B9P._Z._Z._Z.XDC_R_B1GQ._Z.S.V.N._T,,,,,,"See <a class=""external"" href=""http://sdw.ecb.europa.eu/web/generator/docu/rtdb_docu.pdf""> notes</a>; block Annual; series: G",,4,,,"Government primary deficit(-) or surplus(+), percent of GDP",Euro area (moving concept in the Real Time database context) - Primary deficit/surplus without UMTS proceeds - All sectors/ unspecified/ not applicable (ESA2010)-NCBs - General government (ESA2010)-NCBs - Non-financial flows current prices - Percentage,XDC_R_B1GQ,0,Replace,2003-09-03T15:30:00.000+02:00,
RTD.A.S0.N.F_UMS_CGG_D0.F,A,S0,N,F_UMS_CGG_D0,F,1991,0.49939,A,F,,,P1Y,S,,,GFS.A.N.I10.W0.S13.S1._Z.B.B9P._Z._Z._Z.XDC_R_B1GQ._Z.S.V.N._T,,,,,,"See <a class=""external"" href=""http://sdw.ecb.europa.eu/web/generator/docu/rtdb_docu.pdf""> notes</a>; block Annual; series: G",,4,,,"Government primary deficit(-) or surplus(+), percent of GDP",Euro area (moving concept in the Real Time database context) - Primary deficit/surplus without UMTS proceeds - All sectors/ unspecified/ not applicable (ESA2010)-NCBs - General government (ESA2010)-NCBs - Non-financial flows current prices - Percentage,XDC_R_B1GQ,0,Replace,2003-10-01T15:30:00.000+02:00,
RTD.A.S0.N.F_UMS_CGG_D0.F,A,S0,N,F_UMS_CGG_D0,F,1992,0.75092,A,F,,,P1Y,S,,,GFS.A.N.I10.W0.S13.S1._Z.B.B9P._Z._Z._Z.XDC_R_B1GQ._Z.S.V.N._T,,,,,,"See <a class=""external"" href=""http://sdw.ecb.europa.eu/web/generator/docu/rtdb_docu.pdf""> notes</a>; block Annual; series: G",,4,,,"Government primary deficit(-) or surplus(+), percent of GDP",Euro area (moving concept in the Real Time database context) - Primary deficit/surplus without UMTS proceeds - All sectors/ unspecified/ not applicable (ESA2010)-NCBs - General government (ESA2010)-NCBs - Non-financial flows current prices - Percentage,XDC_R_B1GQ,0,Replace,2003-10-01T15:30:00.000+02:00,
RTD.A.S0.N.F_UMS_CGG_D0.F,A,S0,N,F_UMS_CGG_D0,F,1993,0.13752,A,F,,,P1Y,S,,,GFS.A.N.I10.W0.S13.S1._Z.B.B9P._Z._Z._Z.XDC_R_B1GQ._Z.S.V.N._T,,,,,,"See <a class=""external"" href=""http://sdw.ecb.europa.eu/web/generator/docu/rtdb_docu.pdf""> notes</a>; block Annual; series: G",,4,,,"Government primary deficit(-) or surplus(+), percent of GDP",Euro area (moving concept in the Real Time database context) - Primary deficit/surplus without UMTS proceeds - All sectors/ unspecified/ not applicable (ESA2010)-NCBs - General government (ESA2010)-NCBs - Non-financial flows current prices - Percentage,XDC_R_B1GQ,0,Replace,2003-10-01T15:30:00.000+02:00,
RTD.A.S0.N.F_UMS_CGG_D0.F,A,S0,N,F_UMS_CGG_D0,F,1994,0.48163,A,F,,,P1Y,S,,,GFS.A.N.I10.W0.S13.S1._Z.B.B9P._Z._Z._Z.XDC_R_B1GQ._Z.S.V.N._T,,,,,,"See <a class=""external"" href=""http://sdw.ecb.europa.eu/web/generator/docu/rtdb_docu.pdf""> notes</a>; block Annual; series: G",,4,,,"Government primary deficit(-) or surplus(+), percent of GDP",Euro area (moving concept in the Real Time database context) - Primary deficit/surplus without UMTS proceeds - All sectors/ unspecified/ not applicable (ESA2010)-NCBs - General government (ESA2010)-NCBs - Non-financial flows current prices - Percentage,XDC_R_B1GQ,0,Replace,2003-10-01T15:30:00.000+02:00,
RTD.A.S0.N.F_UMS_CGG_D0.F,A,S0,N,F_UMS_CGG_D0,F,1995,0.6367,A,F,,,P1Y,S,,,GFS.A.N.I10.W0.S13.S1._Z.B.B9P._Z._Z._Z.XDC_R_B1GQ._Z.S.V.N._T,,,,,,"See <a class=""external"" href=""http://sdw.ecb.europa.eu/web/generator/docu/rtdb_docu.pdf""> notes</a>; block Annual; series: G",,4,,,"Government primary deficit(-) or surplus(+), percent of GDP",Euro area (moving concept in the Real Time database context) - Primary deficit/surplus without UMTS proceeds - All sectors/ unspecified/ not applicable (ESA2010)-NCBs - General government (ESA2010)-NCBs - Non-financial flows current prices - Percentage,XDC_R_B1GQ,0,Replace,2003-10-01T15:30:00.000+02:00,
RTD.A.S0.N.F_UMS_CGG_D0.F,A,S0,N,F_UMS_CGG_D0,F,1996,1.43092,A,F,,,P1Y,S,,,GFS.A.N.I10.W0.S13.S1._Z.B.B9P._Z._Z._Z.XDC_R_B1GQ._Z.S.V.N._T,,,,,,"See <a class=""external"" href=""http://sdw.ecb.europa.eu/web/generator/docu/rtdb_docu.pdf""> notes</a>; block Annual; series: G",,4,,,"Government primary deficit(-) or surplus(+), percent of GDP",Euro area (moving concept in the Real Time database context) - Primary deficit/surplus without UMTS proceeds - All sectors/ unspecified/ not applicable (ESA2010)-NCBs - General government (ESA2010)-NCBs - Non-financial flows current prices - Percentage,XDC_R_B1GQ,0,Replace,2003-10-01T15:30:00.000+02:00,
RTD.A.S0.N.F_UMS_CGG_D0.F,A,S0,N,F_UMS_CGG_D0,F,1997,2.51478,A,F,,,P1Y,S,,,GFS.A.N.I10.W0.S13.S1._Z.B.B9P._Z._Z._Z.XDC_R_B1GQ._Z.S.V.N._T,,,,,,"See <a class=""external"" href=""http://sdw.ecb.europa.eu/web/generator/docu/rtdb_docu.pdf""> notes</a>; block Annual; series: G",,4,,,"Government primary deficit(-) or surplus(+), percent of GDP",Euro area (moving concept in the Real Time database context) - Primary deficit/surplus without UMTS proceeds - All sectors/ unspecified/ not applicable (ESA2010)-NCBs - General government (ESA2010)-NCBs - Non-financial flows current prices - Percentage,XDC_R_B1GQ,0,Replace,2003-10-01T15:30:00.000+02:00,
RTD.A.S0.N.F_UMS_CGG_D0.F,A,S0,N,F_UMS_CGG_D0,F,1998,2.49893,A,F,,,P1Y,S,,,GFS.A.N.I10.W0.S13.S1._Z.B.B9P._Z._Z._Z.XDC_R_B1GQ._Z.S.V.N._T,,,,,,"See <a class=""external"" href=""http://sdw.ecb.europa.eu/web/generator/docu/rtdb_docu.pdf""> notes</a>; block Annual; series: G",,4,,,"Government primary deficit(-) or surplus(+), percent of GDP",Euro area (moving concept in the Real Time database context) - Primary deficit/surplus without UMTS proceeds - All sectors/ unspecified/ not applicable (ESA2010)-NCBs - General government (ESA2010)-NCBs - Non-financial flows current prices - Percentage,XDC_R_B1GQ,0,Replace,2003-10-01T15:30:00.000+02:00,
RTD.A.S0.N.F_UMS_CGG_D0.F,A,S0,N,F_UMS_CGG_D0,F,1999,2.99194,A,F,,,P1Y,S,,,GFS.A.N.I10.W0.S13.S1._Z.B.B9P._Z._Z._Z.XDC_R_B1GQ._Z.S.V.N._T,,,,,,"See <a class=""external"" href=""http://sdw.ecb.europa.eu/web/generator/docu/rtdb_docu.pdf""> notes</a>; block Annual; series: G",,4,,,"Government primary deficit(-) or surplus(+), percent of GDP",Euro area (moving concept in the Real Time database context) - Primary deficit/surplus without UMTS proceeds - All sectors/ unspecified/ not applicable (ESA2010)-NCBs - General government (ESA2010)-NCBs - Non-financial flows current prices - Percentage,XDC_R_B1GQ,0,Replace,2003-10-01T15:30:00.000+02:00,
RTD.A.S0.N.F_UMS_CGG_D0.F,A,S0,N,F_UMS_CGG_D0,F,2000,3.1761,A,F,,,P1Y,S,,,GFS.A.N.I10.W0.S13.S1._Z.B.B9P._Z._Z._Z.XDC_R_B1GQ._Z.S.V.N._T,,,,,,"See <a class=""external"" href=""http://sdw.ecb.europa.eu/web/generator/docu/rtdb_docu.pdf""> notes</a>; block Annual; series: G",,4,,,"Government primary deficit(-) or surplus(+), percent of GDP",Euro area (moving concept in the Real Time database context) - Primary deficit/surplus without UMTS proceeds - All sectors/ unspecified/ not applicable (ESA2010)-NCBs - General government (ESA2010)-NCBs - Non-financial flows current prices - Percentage,XDC_R_B1GQ,0,Replace,2003-10-01T15:30:00.000+02:00,
RTD.A.S0.N.F_UMS_CGG_D0.F,A,S0,N,F_UMS_CGG_D0,F,2001,2.29763,A,F,,,P1Y,S,,,GFS.A.N.I10.W0.S13.S1._Z.B.B9P._Z._Z._Z.XDC_R_B1GQ._Z.S.V.N._T,,,,,,"See <a class=""external"" href=""http://sdw.ecb.europa.eu/web/generator/docu/rtdb_docu.pdf""> notes</a>; block Annual; series: G",,4,,,"Government primary deficit(-) or surplus(+), percent of GDP",Euro area (moving concept in the Real Time database context) - Primary deficit/surplus without UMTS proceeds - All sectors/ unspecified/ not applicable (ESA2010)-NCBs - General government (ESA2010)-NCBs - Non-financial flows current prices - Percentage,XDC_R_B1GQ,0,Replace,2003-10-01T15:30:00.000+02:00,
RTD.A.S0.N.F_UMS_CGG_D0.F,A,S0,N,F_UMS_CGG_D0,F,2002,1.41739,A,F,,,P1Y,S,,,GFS.A.N.I10.W0.S13.S1._Z.B.B9P._Z._Z._Z.XDC_R_B1GQ._Z.S.V.N._T,,,,,,"See <a class=""external"" href=""http://sdw.ecb.europa.eu/web/generator/docu/rtdb_docu.pdf""> notes</a>; block Annual; series: G",,4,,,"Government primary deficit(-) or surplus(+), percent of GDP",Euro area (moving concept in the Real Time database context) - Primary deficit/surplus without UMTS proceeds - All sectors/ unspecified/ not applicable (ESA2010)-NCBs - General government (ESA2010)-NCBs - Non-financial flows current prices - Percentage,XDC_R_B1GQ,0,Replace,2003-10-01T15:30:00.000+02:00,
RTD.A.S0.N.F_UMS_CGG_D0.F,A,S0,N,F_UMS_CGG_D0,F,1991,0.49938,A,F,,,P1Y,S,,,GFS.A.N.I10.W0.S13.S1._Z.B.B9P._Z._Z._Z.XDC_R_B1GQ._Z.S.V.N._T,,,,,,"See <a class=""external"" href=""http://sdw.ecb.europa.eu/web/generator/docu/rtdb_docu.pdf""> notes</a>; block Annual; series: G",,4,,,"Government primary deficit(-) or surplus(+), percent of GDP",Euro area (moving concept in the Real Time database context) - Primary deficit/surplus without UMTS proceeds - All sectors/ unspecified/ not applicable (ESA2010)-NCBs - General government (ESA2010)-NCBs - Non-financial flows current prices - Percentage,XDC_R_B1GQ,0,Replace,2004-02-04T15:30:00.000+01:00,
RTD.A.S0.N.F_UMS_CGG_D0.F,A,S0,N,F_UMS_CGG_D0,F,1992,0.7509,A,F,,,P1Y,S,,,GFS.A.N.I10.W0.S13.S1._Z.B.B9P._Z._Z._Z.XDC_R_B1GQ._Z.S.V.N._T,,,,,,"See <a class=""external"" href=""http://sdw.ecb.europa.eu/web/generator/docu/rtdb_docu.pdf""> notes</a>; block Annual; series: G",,4,,,"Government primary deficit(-) or surplus(+), percent of GDP",Euro area (moving concept in the Real Time database context) - Primary deficit/surplus without UMTS proceeds - All sectors/ unspecified/ not applicable (ESA2010)-NCBs - General government (ESA2010)-NCBs - Non-financial flows current prices - Percentage,XDC_R_B1GQ,0,Replace,2004-02-04T15:30:00.000+01:00,
RTD.A.S0.N.F_UMS_CGG_D0.F,A,S0,N,F_UMS_CGG_D0,F,1993,0.13753,A,F,,,P1Y,S,,,GFS.A.N.I10.W0.S13.S1._Z.B.B9P._Z._Z._Z.XDC_R_B1GQ._Z.S.V.N._T,,,,,,"See <a class=""external"" href=""http://sdw.ecb.europa.eu/web/generator/docu/rtdb_docu.pdf""> notes</a>; block Annual; series: G",,4,,,"Government primary deficit(-) or surplus(+), percent of GDP",Euro area (moving concept in the Real Time database context) - Primary deficit/surplus without UMTS proceeds - All sectors/ unspecified/ not applicable (ESA2010)-NCBs - General government (ESA2010)-NCBs - Non-financial flows current prices - Percentage,XDC_R_B1GQ,0,Replace,2004-02-04T15:30:00.000+01:00,
RTD.A.S0.N.F_UMS_CGG_D0.F,A,S0,N,F_UMS_CGG_D0,F,1994,0.48162,A,F,,,P1Y,S,,,GFS.A.N.I10.W0.S13.S1._Z.B.B9P._Z._Z._Z.XDC_R_B1GQ._Z.S.V.N._T,,,,,,"See <a class=""external"" href=""http://sdw.ecb.europa.eu/web/generator/docu/rtdb_docu.pdf""> notes</a>; block Annual; series: G",,4,,,"Government primary deficit(-) or surplus(+), percent of GDP",Euro area (moving concept in the Real Time database context) - Primary deficit/surplus without UMTS proceeds - All sectors/ unspecified/ not applicable (ESA2010)-NCBs - General government (ESA2010)-NCBs - Non-financial flows current prices - Percentage,XDC_R_B1GQ,0,Replace,2004-02-04T15:30:00.000+01:00,
RTD.A.S0.N.F_UMS_CGG_D0.F,A,S0,N,F_UMS_CGG_D0,F,1995,0.63671,A,F,,,P1Y,S,,,GFS.A.N.I10.W0.S13.S1._Z.B.B9P._Z._Z._Z.XDC_R_B1GQ._Z.S.V.N._T,,,,,,"See <a class=""external"" href=""http://sdw.ecb.europa.eu/web/generator/docu/rtdb_docu.pdf""> notes</a>; block Annual; series: G",,4,,,"Government primary deficit(-) or surplus(+), percent of GDP",Euro area (moving concept in the Real Time database context) - Primary deficit/surplus without UMTS proceeds - All sectors/ unspecified/ not applicable (ESA2010)-NCBs - General government (ESA2010)-NCBs - Non-financial flows current prices - Percentage,XDC_R_B1GQ,0,Replace,2004-02-04T15:30:00.000+01:00,
RTD.A.S0.N.F_UMS_CGG_D0.F,A,S0,N,F_UMS_CGG_D0,F,1996,1.43091,A,F,,,P1Y,S,,,GFS.A.N.I10.W0.S13.S1._Z.B.B9P._Z._Z._Z.XDC_R_B1GQ._Z.S.V.N._T,,,,,,"See <a class=""external"" href=""http://sdw.ecb.europa.eu/web/generator/docu/rtdb_docu.pdf""> notes</a>; block Annual; series: G",,4,,,"Government primary deficit(-) or surplus(+), percent of GDP",Euro area (moving concept in the Real Time database context) - Primary deficit/surplus without UMTS proceeds - All sectors/ unspecified/ not applicable (ESA2010)-NCBs - General government (ESA2010)-NCBs - Non-financial flows current prices - Percentage,XDC_R_B1GQ,0,Replace,2004-02-04T15:30:00.000+01:00,
RTD.A.S0.N.F_UMS_CGG_D0.F,A,S0,N,F_UMS_CGG_D0,F,1998,2.49909,A,F,,,P1Y,S,,,GFS.A.N.I10.W0.S13.S1._Z.B.B9P._Z._Z._Z.XDC_R_B1GQ._Z.S.V.N._T,,,,,,"See <a class=""external"" href=""http://sdw.ecb.europa.eu/web/generator/docu/rtdb_docu.pdf""> notes</a>; block Annual; series: G",,4,,,"Government primary deficit(-) or surplus(+), percent of GDP",Euro area (moving concept in the Real Time database context) - Primary deficit/surplus without UMTS proceeds - All sectors/ unspecified/ not applicable (ESA2010)-NCBs - General government (ESA2010)-NCBs - Non-financial flows current prices - Percentage,XDC_R_B1GQ,0,Replace,2004-02-04T15:30:00.000+01:00,
RTD.A.S0.N.F_UMS_CGG_D0.F,A,S0,N,F_UMS_CGG_D0,F,1999,2.9921,A,F,,,P1Y,S,,,GFS.A.N.I10.W0.S13.S1._Z.B.B9P._Z._Z._Z.XDC_R_B1GQ._Z.S.V.N._T,,,,,,"See <a class=""external"" href=""http://sdw.ecb.europa.eu/web/generator/docu/rtdb_docu.pdf""> notes</a>; block Annual; series: G",,4,,,"Government primary deficit(-) or surplus(+), percent of GDP",Euro area (moving concept in the Real Time database context) - Primary deficit/surplus without UMTS proceeds - All sectors/ unspecified/ not applicable (ESA2010)-NCBs - General government (ESA2010)-NCBs - Non-financial flows current prices - Percentage,XDC_R_B1GQ,0,Replace,2004-02-04T15:30:00.000+01:00,
RTD.A.S0.N.F_UMS_CGG_D0.F,A,S0,N,F_UMS_CGG_D0,F,2000,3.17747,A,F,,,P1Y,S,,,GFS.A.N.I10.W0.S13.S1._Z.B.B9P._Z._Z._Z.XDC_R_B1GQ._Z.S.V.N._T,,,,,,"See <a class=""external"" href=""http://sdw.ecb.europa.eu/web/generator/docu/rtdb_docu.pdf""> notes</a>; block Annual; series: G",,4,,,"Government primary deficit(-) or surplus(+), percent of GDP",Euro area (moving concept in the Real Time database context) - Primary deficit/surplus without UMTS proceeds - All sectors/ unspecified/ not applicable (ESA2010)-NCBs - General government (ESA2010)-NCBs - Non-financial flows current prices - Percentage,XDC_R_B1GQ,0,Replace,2004-02-04T15:30:00.000+01:00,
RTD.A.S0.N.F_UMS_CGG_D0.F,A,S0,N,F_UMS_CGG_D0,F,2001,2.29423,A,F,,,P1Y,S,,,GFS.A.N.I10.W0.S13.S1._Z.B.B9P._Z._Z._Z.XDC_R_B1GQ._Z.S.V.N._T,,,,,,"See <a class=""external"" href=""http://sdw.ecb.europa.eu/web/generator/docu/rtdb_docu.pdf""> notes</a>; block Annual; series: G",,4,,,"Government primary deficit(-) or surplus(+), percent of GDP",Euro area (moving concept in the Real Time database context) - Primary deficit/surplus without UMTS proceeds - All sectors/ unspecified/ not applicable (ESA2010)-NCBs - General government (ESA2010)-NCBs - Non-financial flows current prices - Percentage,XDC_R_B1GQ,0,Replace,2004-02-04T15:30:00.000+01:00,
RTD.A.S0.N.F_UMS_CGG_D0.F,A,S0,N,F_UMS_CGG_D0,F,2002,1.41585,A,F,,,P1Y,S,,,GFS.A.N.I10.W0.S13.S1._Z.B.B9P._Z._Z._Z.XDC_R_B1GQ._Z.S.V.N._T,,,,,,"See <a class=""external"" href=""http://sdw.ecb.europa.eu/web/generator/docu/rtdb_docu.pdf""> notes</a>; block Annual; series: G",,4,,,"Government primary deficit(-) or surplus(+), percent of GDP",Euro area (moving concept in the Real Time database context) - Primary deficit/surplus without UMTS proceeds - All sectors/ unspecified/ not applicable (ESA2010)-NCBs - General government (ESA2010)-NCBs - Non-financial flows current prices - Percentage,XDC_R_B1GQ,0,Replace,2004-02-04T15:30:00.000+01:00,
RTD.A.S0.N.F_UMS_CGG_D0.F,A,S0,N,F_UMS_CGG_D0,F,1991,0.49949,A,F,,,P1Y,S,,,GFS.A.N.I10.W0.S13.S1._Z.B.B9P._Z._Z._Z.XDC_R_B1GQ._Z.S.V.N._T,,,,,,"See <a class=""external"" href=""http://sdw.ecb.europa.eu/web/generator/docu/rtdb_docu.pdf""> notes</a>; block Annual; series: G",,4,,,"Government primary deficit(-) or surplus(+), percent of GDP",Euro area (moving concept in the Real Time database context) - Primary deficit/surplus without UMTS proceeds - All sectors/ unspecified/ not applicable (ESA2010)-NCBs - General government (ESA2010)-NCBs - Non-financial flows current prices - Percentage,XDC_R_B1GQ,0,Replace,2004-05-05T15:30:00.000+02:00,
RTD.A.S0.N.F_UMS_CGG_D0.F,A,S0,N,F_UMS_CGG_D0,F,1992,0.74897,A,F,,,P1Y,S,,,GFS.A.N.I10.W0.S13.S1._Z.B.B9P._Z._Z._Z.XDC_R_B1GQ._Z.S.V.N._T,,,,,,"See <a class=""external"" href=""http://sdw.ecb.europa.eu/web/generator/docu/rtdb_docu.pdf""> notes</a>; block Annual; series: G",,4,,,"Government primary deficit(-) or surplus(+), percent of GDP",Euro area (moving concept in the Real Time database context) - Primary deficit/surplus without UMTS proceeds - All sectors/ unspecified/ not applicable (ESA2010)-NCBs - General government (ESA2010)-NCBs - Non-financial flows current prices - Percentage,XDC_R_B1GQ,0,Replace,2004-05-05T15:30:00.000+02:00,
RTD.A.S0.N.F_UMS_CGG_D0.F,A,S0,N,F_UMS_CGG_D0,F,1993,0.13457,A,F,,,P1Y,S,,,GFS.A.N.I10.W0.S13.S1._Z.B.B9P._Z._Z._Z.XDC_R_B1GQ._Z.S.V.N._T,,,,,,"See <a class=""external"" href=""http://sdw.ecb.europa.eu/web/generator/docu/rtdb_docu.pdf""> notes</a>; block Annual; series: G",,4,,,"Government primary deficit(-) or surplus(+), percent of GDP",Euro area (moving concept in the Real Time database context) - Primary deficit/surplus without UMTS proceeds - All sectors/ unspecified/ not applicable (ESA2010)-NCBs - General government (ESA2010)-NCBs - Non-financial flows current prices - Percentage,XDC_R_B1GQ,0,Replace,2004-05-05T15:30:00.000+02:00,
RTD.A.S0.N.F_UMS_CGG_D0.F,A,S0,N,F_UMS_CGG_D0,F,1994,0.47882,A,F,,,P1Y,S,,,GFS.A.N.I10.W0.S13.S1._Z.B.B9P._Z._Z._Z.XDC_R_B1GQ._Z.S.V.N._T,,,,,,"See <a class=""external"" href=""http://sdw.ecb.europa.eu/web/generator/docu/rtdb_docu.pdf""> notes</a>; block Annual; series: G",,4,,,"Government primary deficit(-) or surplus(+), percent of GDP",Euro area (moving concept in the Real Time database context) - Primary deficit/surplus without UMTS proceeds - All sectors/ unspecified/ not applicable (ESA2010)-NCBs - General government (ESA2010)-NCBs - Non-financial flows current prices - Percentage,XDC_R_B1GQ,0,Replace,2004-05-05T15:30:00.000+02:00,
RTD.A.S0.N.F_UMS_CGG_D0.F,A,S0,N,F_UMS_CGG_D0,F,1995,0.63571,A,F,,,P1Y,S,,,GFS.A.N.I10.W0.S13.S1._Z.B.B9P._Z._Z._Z.XDC_R_B1GQ._Z.S.V.N._T,,,,,,"See <a class=""external"" href=""http://sdw.ecb.europa.eu/web/generator/docu/rtdb_docu.pdf""> notes</a>; block Annual; series: G",,4,,,"Government primary deficit(-) or surplus(+), percent of GDP",Euro area (moving concept in the Real Time database context) - Primary deficit/surplus without UMTS proceeds - All sectors/ unspecified/ not applicable (ESA2010)-NCBs - General government (ESA2010)-NCBs - Non-financial flows current prices - Percentage,XDC_R_B1GQ,0,Replace,2004-05-05T15:30:00.000+02:00,
RTD.A.S0.N.F_UMS_CGG_D0.F,A,S0,N,F_UMS_CGG_D0,F,1996,1.43222,A,F,,,P1Y,S,,,GFS.A.N.I10.W0.S13.S1._Z.B.B9P._Z._Z._Z.XDC_R_B1GQ._Z.S.V.N._T,,,,,,"See <a class=""external"" href=""http://sdw.ecb.europa.eu/web/generator/docu/rtdb_docu.pdf""> notes</a>; block Annual; series: G",,4,,,"Government primary deficit(-) or surplus(+), percent of GDP",Euro area (moving concept in the Real Time database context) - Primary deficit/surplus without UMTS proceeds - All sectors/ unspecified/ not applicable (ESA2010)-NCBs - General government (ESA2010)-NCBs - Non-financial flows current prices - Percentage,XDC_R_B1GQ,0,Replace,2004-05-05T15:30:00.000+02:00,
RTD.A.S0.N.F_UMS_CGG_D0.F,A,S0,N,F_UMS_CGG_D0,F,1997,2.51587,A,F,,,P1Y,S,,,GFS.A.N.I10.W0.S13.S1._Z.B.B9P._Z._Z._Z.XDC_R_B1GQ._Z.S.V.N._T,,,,,,"See <a class=""external"" href=""http://sdw.ecb.europa.eu/web/generator/docu/rtdb_docu.pdf""> notes</a>; block Annual; series: G",,4,,,"Government primary deficit(-) or surplus(+), percent of GDP",Euro area (moving concept in the Real Time database context) - Primary deficit/surplus without UMTS proceeds - All sectors/ unspecified/ not applicable (ESA2010)-NCBs - General government (ESA2010)-NCBs - Non-financial flows current prices - Percentage,XDC_R_B1GQ,0,Replace,2004-05-05T15:30:00.000+02:00,
RTD.A.S0.N.F_UMS_CGG_D0.F,A,S0,N,F_UMS_CGG_D0,F,1998,2.50129,A,F,,,P1Y,S,,,GFS.A.N.I10.W0.S13.S1._Z.B.B9P._Z._Z._Z.XDC_R_B1GQ._Z.S.V.N._T,,,,,,"See <a class=""external"" href=""http://sdw.ecb.europa.eu/web/generator/docu/rtdb_docu.pdf""> notes</a>; block Annual; series: G",,4,,,"Government primary deficit(-) or surplus(+), percent of GDP",Euro area (moving concept in the Real Time database context) - Primary deficit/surplus without UMTS proceeds - All sectors/ unspecified/ not applicable (ESA2010)-NCBs - General government (ESA2010)-NCBs - Non-financial flows current prices - Percentage,XDC_R_B1GQ,0,Replace,2004-05-05T15:30:00.000+02:00,
RTD.A.S0.N.F_UMS_CGG_D0.F,A,S0,N,F_UMS_CGG_D0,F,1999,2.99227,A,F,,,P1Y,S,,,GFS.A.N.I10.W0.S13.S1._Z.B.B9P._Z._Z._Z.XDC_R_B1GQ._Z.S.V.N._T,,,,,,"See <a class=""external"" href=""http://sdw.ecb.europa.eu/web/generator/docu/rtdb_docu.pdf""> notes</a>; block Annual; series: G",,4,,,"Government primary deficit(-) or surplus(+), percent of GDP",Euro area (moving concept in the Real Time database context) - Primary deficit/surplus without UMTS proceeds - All sectors/ unspecified/ not applicable (ESA2010)-NCBs - General government (ESA2010)-NCBs - Non-financial flows current prices - Percentage,XDC_R_B1GQ,0,Replace,2004-05-05T15:30:00.000+02:00,
RTD.A.S0.N.F_UMS_CGG_D0.F,A,S0,N,F_UMS_CGG_D0,F,2000,3.16923,A,F,,,P1Y,S,,,GFS.A.N.I10.W0.S13.S1._Z.B.B9P._Z._Z._Z.XDC_R_B1GQ._Z.S.V.N._T,,,,,,"See <a class=""external"" href=""http://sdw.ecb.europa.eu/web/generator/docu/rtdb_docu.pdf""> notes</a>; block Annual; series: G",,4,,,"Government primary deficit(-) or surplus(+), percent of GDP",Euro area (moving concept in the Real Time database context) - Primary deficit/surplus without UMTS proceeds - All sectors/ unspecified/ not applicable (ESA2010)-NCBs - General government (ESA2010)-NCBs - Non-financial flows current prices - Percentage,XDC_R_B1GQ,0,Replace,2004-05-05T15:30:00.000+02:00,
RTD.A.S0.N.F_UMS_CGG_D0.F,A,S0,N,F_UMS_CGG_D0,F,2001,2.31095,A,F,,,P1Y,S,,,GFS.A.N.I10.W0.S13.S1._Z.B.B9P._Z._Z._Z.XDC_R_B1GQ._Z.S.V.N._T,,,,,,"See <a class=""external"" href=""http://sdw.ecb.europa.eu/web/generator/docu/rtdb_docu.pdf""> notes</a>; block Annual; series: G",,4,,,"Government primary deficit(-) or surplus(+), percent of GDP",Euro area (moving concept in the Real Time database context) - Primary deficit/surplus without UMTS proceeds - All sectors/ unspecified/ not applicable (ESA2010)-NCBs - General government (ESA2010)-NCBs - Non-financial flows current prices - Percentage,XDC_R_B1GQ,0,Replace,2004-05-05T15:30:00.000+02:00,
RTD.A.S0.N.F_UMS_CGG_D0.F,A,S0,N,F_UMS_CGG_D0,F,2002,1.40073,A,F,,,P1Y,S,,,GFS.A.N.I10.W0.S13.S1._Z.B.B9P._Z._Z._Z.XDC_R_B1GQ._Z.S.V.N._T,,,,,,"See <a class=""external"" href=""http://sdw.ecb.europa.eu/web/generator/docu/rtdb_docu.pdf""> notes</a>; block Annual; series: G",,4,,,"Government primary deficit(-) or surplus(+), percent of GDP",Euro area (moving concept in the Real Time database context) - Primary deficit/surplus without UMTS proceeds - All sectors/ unspecified/ not applicable (ESA2010)-NCBs - General government (ESA2010)-NCBs - Non-financial flows current prices - Percentage,XDC_R_B1GQ,0,Replace,2004-05-05T15:30:00.000+02:00,
RTD.A.S0.N.F_UMS_CGG_D0.F,A,S0,N,F_UMS_CGG_D0,F,2003,0.77115,A,F,,,P1Y,S,,,GFS.A.N.I10.W0.S13.S1._Z.B.B9P._Z._Z._Z.XDC_R_B1GQ._Z.S.V.N._T,,,,,,"See <a class=""external"" href=""http://sdw.ecb.europa.eu/web/generator/docu/rtdb_docu.pdf""> notes</a>; block Annual; series: G",,4,,,"Government primary deficit(-) or surplus(+), percent of GDP",Euro area (moving concept in the Real Time database context) - Primary deficit/surplus without UMTS proceeds - All sectors/ unspecified/ not applicable (ESA2010)-NCBs - General government (ESA2010)-NCBs - Non-financial flows current prices - Percentage,XDC_R_B1GQ,0,Replace,2004-05-05T15:30:00.000+02:00,
RTD.A.S0.N.F_UMS_CGG_D0.F,A,S0,N,F_UMS_CGG_D0,F,1994,0.47881,A,F,,,P1Y,S,,,GFS.A.N.I10.W0.S13.S1._Z.B.B9P._Z._Z._Z.XDC_R_B1GQ._Z.S.V.N._T,,,,,,"See <a class=""external"" href=""http://sdw.ecb.europa.eu/web/generator/docu/rtdb_docu.pdf""> notes</a>; block Annual; series: G",,4,,,"Government primary deficit(-) or surplus(+), percent of GDP",Euro area (moving concept in the Real Time database context) - Primary deficit/surplus without UMTS proceeds - All sectors/ unspecified/ not applicable (ESA2010)-NCBs - General government (ESA2010)-NCBs - Non-financial flows current prices - Percentage,XDC_R_B1GQ,0,Replace,2004-06-02T15:30:00.000+02:00,
RTD.A.S0.N.F_UMS_CGG_D0.F,A,S0,N,F_UMS_CGG_D0,F,1996,1.43223,A,F,,,P1Y,S,,,GFS.A.N.I10.W0.S13.S1._Z.B.B9P._Z._Z._Z.XDC_R_B1GQ._Z.S.V.N._T,,,,,,"See <a class=""external"" href=""http://sdw.ecb.europa.eu/web/generator/docu/rtdb_docu.pdf""> notes</a>; block Annual; series: G",,4,,,"Government primary deficit(-) or surplus(+), percent of GDP",Euro area (moving concept in the Real Time database context) - Primary deficit/surplus without UMTS proceeds - All sectors/ unspecified/ not applicable (ESA2010)-NCBs - General government (ESA2010)-NCBs - Non-financial flows current prices - Percentage,XDC_R_B1GQ,0,Replace,2004-06-02T15:30:00.000+02:00,
RTD.A.S0.N.F_UMS_CGG_D0.F,A,S0,N,F_UMS_CGG_D0,F,1997,2.51586,A,F,,,P1Y,S,,,GFS.A.N.I10.W0.S13.S1._Z.B.B9P._Z._Z._Z.XDC_R_B1GQ._Z.S.V.N._T,,,,,,"See <a class=""external"" href=""http://sdw.ecb.europa.eu/web/generator/docu/rtdb_docu.pdf""> notes</a>; block Annual; series: G",,4,,,"Government primary deficit(-) or surplus(+), percent of GDP",Euro area (moving concept in the Real Time database context) - Primary deficit/surplus without UMTS proceeds - All sectors/ unspecified/ not applicable (ESA2010)-NCBs - General government (ESA2010)-NCBs - Non-financial flows current prices - Percentage,XDC_R_B1GQ,0,Replace,2004-06-02T15:30:00.000+02:00,
RTD.A.S0.N.F_UMS_CGG_D0.F,A,S0,N,F_UMS_CGG_D0,F,2000,3.16922,A,F,,,P1Y,S,,,GFS.A.N.I10.W0.S13.S1._Z.B.B9P._Z._Z._Z.XDC_R_B1GQ._Z.S.V.N._T,,,,,,"See <a class=""external"" href=""http://sdw.ecb.europa.eu/web/generator/docu/rtdb_docu.pdf""> notes</a>; block Annual; series: G",,4,,,"Government primary deficit(-) or surplus(+), percent of GDP",Euro area (moving concept in the Real Time database context) - Primary deficit/surplus without UMTS proceeds - All sectors/ unspecified/ not applicable (ESA2010)-NCBs - General government (ESA2010)-NCBs - Non-financial flows current prices - Percentage,XDC_R_B1GQ,0,Replace,2004-06-02T15:30:00.000+02:00,
RTD.A.S0.N.F_UMS_CGG_D0.F,A,S0,N,F_UMS_CGG_D0,F,2001,2.31094,A,F,,,P1Y,S,,,GFS.A.N.I10.W0.S13.S1._Z.B.B9P._Z._Z._Z.XDC_R_B1GQ._Z.S.V.N._T,,,,,,"See <a class=""external"" href=""http://sdw.ecb.europa.eu/web/generator/docu/rtdb_docu.pdf""> notes</a>; block Annual; series: G",,4,,,"Government primary deficit(-) or surplus(+), percent of GDP",Euro area (moving concept in the Real Time database context) - Primary deficit/surplus without UMTS proceeds - All sectors/ unspecified/ not applicable (ESA2010)-NCBs - General government (ESA2010)-NCBs - Non-financial flows current prices - Percentage,XDC_R_B1GQ,0,Replace,2004-06-02T15:30:00.000+02:00,
RTD.A.S0.N.F_UMS_CGG_D0.F,A,S0,N,F_UMS_CGG_D0,F,2002,1.37925,A,F,,,P1Y,S,,,GFS.A.N.I10.W0.S13.S1._Z.B.B9P._Z._Z._Z.XDC_R_B1GQ._Z.S.V.N._T,,,,,,"See <a class=""external"" href=""http://sdw.ecb.europa.eu/web/generator/docu/rtdb_docu.pdf""> notes</a>; block Annual; series: G",,4,,,"Government primary deficit(-) or surplus(+), percent of GDP",Euro area (moving concept in the Real Time database context) - Primary deficit/surplus without UMTS proceeds - All sectors/ unspecified/ not applicable (ESA2010)-NCBs - General government (ESA2010)-NCBs - Non-financial flows current prices - Percentage,XDC_R_B1GQ,0,Replace,2004-06-02T15:30:00.000+02:00,
RTD.A.S0.N.F_UMS_CGG_D0.F,A,S0,N,F_UMS_CGG_D0,F,2003,0.76398,A,F,,,P1Y,S,,,GFS.A.N.I10.W0.S13.S1._Z.B.B9P._Z._Z._Z.XDC_R_B1GQ._Z.S.V.N._T,,,,,,"See <a class=""external"" href=""http://sdw.ecb.europa.eu/web/generator/docu/rtdb_docu.pdf""> notes</a>; block Annual; series: G",,4,,,"Government primary deficit(-) or surplus(+), percent of GDP",Euro area (moving concept in the Real Time database context) - Primary deficit/surplus without UMTS proceeds - All sectors/ unspecified/ not applicable (ESA2010)-NCBs - General government (ESA2010)-NCBs - Non-financial flows current prices - Percentage,XDC_R_B1GQ,0,Replace,2004-06-02T15:30:00.000+02:00,
RTD.A.S0.N.F_UMS_CGG_D0.F,A,S0,N,F_UMS_CGG_D0,F,1991,0.48272,A,F,,,P1Y,S,,,GFS.A.N.I10.W0.S13.S1._Z.B.B9P._Z._Z._Z.XDC_R_B1GQ._Z.S.V.N._T,,,,,,"See <a class=""external"" href=""http://sdw.ecb.europa.eu/web/generator/docu/rtdb_docu.pdf""> notes</a>; block Annual; series: G",,4,,,"Government primary deficit(-) or surplus(+), percent of GDP",Euro area (moving concept in the Real Time database context) - Primary deficit/surplus without UMTS proceeds - All sectors/ unspecified/ not applicable (ESA2010)-NCBs - General government (ESA2010)-NCBs - Non-financial flows current prices - Percentage,XDC_R_B1GQ,0,Replace,2004-10-06T15:30:00.000+02:00,
RTD.A.S0.N.F_UMS_CGG_D0.F,A,S0,N,F_UMS_CGG_D0,F,1992,0.73074,A,F,,,P1Y,S,,,GFS.A.N.I10.W0.S13.S1._Z.B.B9P._Z._Z._Z.XDC_R_B1GQ._Z.S.V.N._T,,,,,,"See <a class=""external"" href=""http://sdw.ecb.europa.eu/web/generator/docu/rtdb_docu.pdf""> notes</a>; block Annual; series: G",,4,,,"Government primary deficit(-) or surplus(+), percent of GDP",Euro area (moving concept in the Real Time database context) - Primary deficit/surplus without UMTS proceeds - All sectors/ unspecified/ not applicable (ESA2010)-NCBs - General government (ESA2010)-NCBs - Non-financial flows current prices - Percentage,XDC_R_B1GQ,0,Replace,2004-10-06T15:30:00.000+02:00,
RTD.A.S0.N.F_UMS_CGG_D0.F,A,S0,N,F_UMS_CGG_D0,F,1993,0.11209,A,F,,,P1Y,S,,,GFS.A.N.I10.W0.S13.S1._Z.B.B9P._Z._Z._Z.XDC_R_B1GQ._Z.S.V.N._T,,,,,,"See <a class=""external"" href=""http://sdw.ecb.europa.eu/web/generator/docu/rtdb_docu.pdf""> notes</a>; block Annual; series: G",,4,,,"Government primary deficit(-) or surplus(+), percent of GDP",Euro area (moving concept in the Real Time database context) - Primary deficit/surplus without UMTS proceeds - All sectors/ unspecified/ not applicable (ESA2010)-NCBs - General government (ESA2010)-NCBs - Non-financial flows current prices - Percentage,XDC_R_B1GQ,0,Replace,2004-10-06T15:30:00.000+02:00,
RTD.A.S0.N.F_UMS_CGG_D0.F,A,S0,N,F_UMS_CGG_D0,F,1994,0.45474,A,F,,,P1Y,S,,,GFS.A.N.I10.W0.S13.S1._Z.B.B9P._Z._Z._Z.XDC_R_B1GQ._Z.S.V.N._T,,,,,,"See <a class=""external"" href=""http://sdw.ecb.europa.eu/web/generator/docu/rtdb_docu.pdf""> notes</a>; block Annual; series: G",,4,,,"Government primary deficit(-) or surplus(+), percent of GDP",Euro area (moving concept in the Real Time database context) - Primary deficit/surplus without UMTS proceeds - All sectors/ unspecified/ not applicable (ESA2010)-NCBs - General government (ESA2010)-NCBs - Non-financial flows current prices - Percentage,XDC_R_B1GQ,0,Replace,2004-10-06T15:30:00.000+02:00,
RTD.A.S0.N.F_UMS_CGG_D0.F,A,S0,N,F_UMS_CGG_D0,F,1995,0.64605,A,F,,,P1Y,S,,,GFS.A.N.I10.W0.S13.S1._Z.B.B9P._Z._Z._Z.XDC_R_B1GQ._Z.S.V.N._T,,,,,,"See <a class=""external"" href=""http://sdw.ecb.europa.eu/web/generator/docu/rtdb_docu.pdf""> notes</a>; block Annual; series: G",,4,,,"Government primary deficit(-) or surplus(+), percent of GDP",Euro area (moving concept in the Real Time database context) - Primary deficit/surplus without UMTS proceeds - All sectors/ unspecified/ not applicable (ESA2010)-NCBs - General government (ESA2010)-NCBs - Non-financial flows current prices - Percentage,XDC_R_B1GQ,0,Replace,2004-10-06T15:30:00.000+02:00,
RTD.A.S0.N.F_UMS_CGG_D0.F,A,S0,N,F_UMS_CGG_D0,F,1996,1.45485,A,F,,,P1Y,S,,,GFS.A.N.I10.W0.S13.S1._Z.B.B9P._Z._Z._Z.XDC_R_B1GQ._Z.S.V.N._T,,,,,,"See <a class=""external"" href=""http://sdw.ecb.europa.eu/web/generator/docu/rtdb_docu.pdf""> notes</a>; block Annual; series: G",,4,,,"Government primary deficit(-) or surplus(+), percent of GDP",Euro area (moving concept in the Real Time database context) - Primary deficit/surplus without UMTS proceeds - All sectors/ unspecified/ not applicable (ESA2010)-NCBs - General government (ESA2010)-NCBs - Non-financial flows current prices - Percentage,XDC_R_B1GQ,0,Replace,2004-10-06T15:30:00.000+02:00,
RTD.A.S0.N.F_UMS_CGG_D0.F,A,S0,N,F_UMS_CGG_D0,F,1997,2.54139,A,F,,,P1Y,S,,,GFS.A.N.I10.W0.S13.S1._Z.B.B9P._Z._Z._Z.XDC_R_B1GQ._Z.S.V.N._T,,,,,,"See <a class=""external"" href=""http://sdw.ecb.europa.eu/web/generator/docu/rtdb_docu.pdf""> notes</a>; block Annual; series: G",,4,,,"Government primary deficit(-) or surplus(+), percent of GDP",Euro area (moving concept in the Real Time database context) - Primary deficit/surplus without UMTS proceeds - All sectors/ unspecified/ not applicable (ESA2010)-NCBs - General government (ESA2010)-NCBs - Non-financial flows current prices - Percentage,XDC_R_B1GQ,0,Replace,2004-10-06T15:30:00.000+02:00,
RTD.A.S0.N.F_UMS_CGG_D0.F,A,S0,N,F_UMS_CGG_D0,F,1998,2.52608,A,F,,,P1Y,S,,,GFS.A.N.I10.W0.S13.S1._Z.B.B9P._Z._Z._Z.XDC_R_B1GQ._Z.S.V.N._T,,,,,,"See <a class=""external"" href=""http://sdw.ecb.europa.eu/web/generator/docu/rtdb_docu.pdf""> notes</a>; block Annual; series: G",,4,,,"Government primary deficit(-) or surplus(+), percent of GDP",Euro area (moving concept in the Real Time database context) - Primary deficit/surplus without UMTS proceeds - All sectors/ unspecified/ not applicable (ESA2010)-NCBs - General government (ESA2010)-NCBs - Non-financial flows current prices - Percentage,XDC_R_B1GQ,0,Replace,2004-10-06T15:30:00.000+02:00,
RTD.A.S0.N.F_UMS_CGG_D0.F,A,S0,N,F_UMS_CGG_D0,F,1999,2.99403,A,F,,,P1Y,S,,,GFS.A.N.I10.W0.S13.S1._Z.B.B9P._Z._Z._Z.XDC_R_B1GQ._Z.S.V.N._T,,,,,,"See <a class=""external"" href=""http://sdw.ecb.europa.eu/web/generator/docu/rtdb_docu.pdf""> notes</a>; block Annual; series: G",,4,,,"Government primary deficit(-) or surplus(+), percent of GDP",Euro area (moving concept in the Real Time database context) - Primary deficit/surplus without UMTS proceeds - All sectors/ unspecified/ not applicable (ESA2010)-NCBs - General government (ESA2010)-NCBs - Non-financial flows current prices - Percentage,XDC_R_B1GQ,0,Replace,2004-10-06T15:30:00.000+02:00,
RTD.A.S0.N.F_UMS_CGG_D0.F,A,S0,N,F_UMS_CGG_D0,F,2000,3.13514,A,F,,,P1Y,S,,,GFS.A.N.I10.W0.S13.S1._Z.B.B9P._Z._Z._Z.XDC_R_B1GQ._Z.S.V.N._T,,,,,,"See <a class=""external"" href=""http://sdw.ecb.europa.eu/web/generator/docu/rtdb_docu.pdf""> notes</a>; block Annual; series: G",,4,,,"Government primary deficit(-) or surplus(+), percent of GDP",Euro area (moving concept in the Real Time database context) - Primary deficit/surplus without UMTS proceeds - All sectors/ unspecified/ not applicable (ESA2010)-NCBs - General government (ESA2010)-NCBs - Non-financial flows current prices - Percentage,XDC_R_B1GQ,0,Replace,2004-10-06T15:30:00.000+02:00,
RTD.A.S0.N.F_UMS_CGG_D0.F,A,S0,N,F_UMS_CGG_D0,F,2001,2.26703,A,F,,,P1Y,S,,,GFS.A.N.I10.W0.S13.S1._Z.B.B9P._Z._Z._Z.XDC_R_B1GQ._Z.S.V.N._T,,,,,,"See <a class=""external"" href=""http://sdw.ecb.europa.eu/web/generator/docu/rtdb_docu.pdf""> notes</a>; block Annual; series: G",,4,,,"Government primary deficit(-) or surplus(+), percent of GDP",Euro area (moving concept in the Real Time database context) - Primary deficit/surplus without UMTS proceeds - All sectors/ unspecified/ not applicable (ESA2010)-NCBs - General government (ESA2010)-NCBs - Non-financial flows current prices - Percentage,XDC_R_B1GQ,0,Replace,2004-10-06T15:30:00.000+02:00,
RTD.A.S0.N.F_UMS_CGG_D0.F,A,S0,N,F_UMS_CGG_D0,F,2002,1.29225,A,F,,,P1Y,S,,,GFS.A.N.I10.W0.S13.S1._Z.B.B9P._Z._Z._Z.XDC_R_B1GQ._Z.S.V.N._T,,,,,,"See <a class=""external"" href=""http://sdw.ecb.europa.eu/web/generator/docu/rtdb_docu.pdf""> notes</a>; block Annual; series: G",,4,,,"Government primary deficit(-) or surplus(+), percent of GDP",Euro area (moving concept in the Real Time database context) - Primary deficit/surplus without UMTS proceeds - All sectors/ unspecified/ not applicable (ESA2010)-NCBs - General government (ESA2010)-NCBs - Non-financial flows current prices - Percentage,XDC_R_B1GQ,0,Replace,2004-10-06T15:30:00.000+02:00,
RTD.A.S0.N.F_UMS_CGG_D0.F,A,S0,N,F_UMS_CGG_D0,F,2003,0.76256,A,F,,,P1Y,S,,,GFS.A.N.I10.W0.S13.S1._Z.B.B9P._Z._Z._Z.XDC_R_B1GQ._Z.S.V.N._T,,,,,,"See <a class=""external"" href=""http://sdw.ecb.europa.eu/web/generator/docu/rtdb_docu.pdf""> notes</a>; block Annual; series: G",,4,,,"Government primary deficit(-) or surplus(+), percent of GDP",Euro area (moving concept in the Real Time database context) - Primary deficit/surplus without UMTS proceeds - All sectors/ unspecified/ not applicable (ESA2010)-NCBs - General government (ESA2010)-NCBs - Non-financial flows current prices - Percentage,XDC_R_B1GQ,0,Replace,2004-10-06T15:30:00.000+02:00,
RTD.A.S0.N.F_UMS_CGG_D0.F,A,S0,N,F_UMS_CGG_D0,F,1991,0.49308,A,F,,,P1Y,S,,,GFS.A.N.I10.W0.S13.S1._Z.B.B9P._Z._Z._Z.XDC_R_B1GQ._Z.S.V.N._T,,,,,,"See <a class=""external"" href=""http://sdw.ecb.europa.eu/web/generator/docu/rtdb_docu.pdf""> notes</a>; block Annual; series: G",,4,,,"Government primary deficit(-) or surplus(+), percent of GDP",Euro area (moving concept in the Real Time database context) - Primary deficit/surplus without UMTS proceeds - All sectors/ unspecified/ not applicable (ESA2010)-NCBs - General government (ESA2010)-NCBs - Non-financial flows current prices - Percentage,XDC_R_B1GQ,0,Replace,2004-11-03T15:30:00.000+01:00,
RTD.A.S0.N.F_UMS_CGG_D0.F,A,S0,N,F_UMS_CGG_D0,F,1992,0.74092,A,F,,,P1Y,S,,,GFS.A.N.I10.W0.S13.S1._Z.B.B9P._Z._Z._Z.XDC_R_B1GQ._Z.S.V.N._T,,,,,,"See <a class=""external"" href=""http://sdw.ecb.europa.eu/web/generator/docu/rtdb_docu.pdf""> notes</a>; block Annual; series: G",,4,,,"Government primary deficit(-) or surplus(+), percent of GDP",Euro area (moving concept in the Real Time database context) - Primary deficit/surplus without UMTS proceeds - All sectors/ unspecified/ not applicable (ESA2010)-NCBs - General government (ESA2010)-NCBs - Non-financial flows current prices - Percentage,XDC_R_B1GQ,0,Replace,2004-11-03T15:30:00.000+01:00,
RTD.A.S0.N.F_UMS_CGG_D0.F,A,S0,N,F_UMS_CGG_D0,F,1993,0.12392,A,F,,,P1Y,S,,,GFS.A.N.I10.W0.S13.S1._Z.B.B9P._Z._Z._Z.XDC_R_B1GQ._Z.S.V.N._T,,,,,,"See <a class=""external"" href=""http://sdw.ecb.europa.eu/web/generator/docu/rtdb_docu.pdf""> notes</a>; block Annual; series: G",,4,,,"Government primary deficit(-) or surplus(+), percent of GDP",Euro area (moving concept in the Real Time database context) - Primary deficit/surplus without UMTS proceeds - All sectors/ unspecified/ not applicable (ESA2010)-NCBs - General government (ESA2010)-NCBs - Non-financial flows current prices - Percentage,XDC_R_B1GQ,0,Replace,2004-11-03T15:30:00.000+01:00,
RTD.A.S0.N.F_UMS_CGG_D0.F,A,S0,N,F_UMS_CGG_D0,F,1994,0.46761,A,F,,,P1Y,S,,,GFS.A.N.I10.W0.S13.S1._Z.B.B9P._Z._Z._Z.XDC_R_B1GQ._Z.S.V.N._T,,,,,,"See <a class=""external"" href=""http://sdw.ecb.europa.eu/web/generator/docu/rtdb_docu.pdf""> notes</a>; block Annual; series: G",,4,,,"Government primary deficit(-) or surplus(+), percent of GDP",Euro area (moving concept in the Real Time database context) - Primary deficit/surplus without UMTS proceeds - All sectors/ unspecified/ not applicable (ESA2010)-NCBs - General government (ESA2010)-NCBs - Non-financial flows current prices - Percentage,XDC_R_B1GQ,0,Replace,2004-11-03T15:30:00.000+01:00,
RTD.A.S0.N.F_UMS_CGG_D0.F,A,S0,N,F_UMS_CGG_D0,F,1995,0.64577,A,F,,,P1Y,S,,,GFS.A.N.I10.W0.S13.S1._Z.B.B9P._Z._Z._Z.XDC_R_B1GQ._Z.S.V.N._T,,,,,,"See <a class=""external"" href=""http://sdw.ecb.europa.eu/web/generator/docu/rtdb_docu.pdf""> notes</a>; block Annual; series: G",,4,,,"Government primary deficit(-) or surplus(+), percent of GDP",Euro area (moving concept in the Real Time database context) - Primary deficit/surplus without UMTS proceeds - All sectors/ unspecified/ not applicable (ESA2010)-NCBs - General government (ESA2010)-NCBs - Non-financial flows current prices - Percentage,XDC_R_B1GQ,0,Replace,2004-11-03T15:30:00.000+01:00,
RTD.A.S0.N.F_UMS_CGG_D0.F,A,S0,N,F_UMS_CGG_D0,F,1996,1.43044,A,F,,,P1Y,S,,,GFS.A.N.I10.W0.S13.S1._Z.B.B9P._Z._Z._Z.XDC_R_B1GQ._Z.S.V.N._T,,,,,,"See <a class=""external"" href=""http://sdw.ecb.europa.eu/web/generator/docu/rtdb_docu.pdf""> notes</a>; block Annual; series: G",,4,,,"Government primary deficit(-) or surplus(+), percent of GDP",Euro area (moving concept in the Real Time database context) - Primary deficit/surplus without UMTS proceeds - All sectors/ unspecified/ not applicable (ESA2010)-NCBs - General government (ESA2010)-NCBs - Non-financial flows current prices - Percentage,XDC_R_B1GQ,0,Replace,2004-11-03T15:30:00.000+01:00,
RTD.A.S0.N.F_UMS_CGG_D0.F,A,S0,N,F_UMS_CGG_D0,F,1997,2.51692,A,F,,,P1Y,S,,,GFS.A.N.I10.W0.S13.S1._Z.B.B9P._Z._Z._Z.XDC_R_B1GQ._Z.S.V.N._T,,,,,,"See <a class=""external"" href=""http://sdw.ecb.europa.eu/web/generator/docu/rtdb_docu.pdf""> notes</a>; block Annual; series: G",,4,,,"Government primary deficit(-) or surplus(+), percent of GDP",Euro area (moving concept in the Real Time database context) - Primary deficit/surplus without UMTS proceeds - All sectors/ unspecified/ not applicable (ESA2010)-NCBs - General government (ESA2010)-NCBs - Non-financial flows current prices - Percentage,XDC_R_B1GQ,0,Replace,2004-11-03T15:30:00.000+01:00,
RTD.A.S0.N.F_UMS_CGG_D0.F,A,S0,N,F_UMS_CGG_D0,F,1998,2.50615,A,F,,,P1Y,S,,,GFS.A.N.I10.W0.S13.S1._Z.B.B9P._Z._Z._Z.XDC_R_B1GQ._Z.S.V.N._T,,,,,,"See <a class=""external"" href=""http://sdw.ecb.europa.eu/web/generator/docu/rtdb_docu.pdf""> notes</a>; block Annual; series: G",,4,,,"Government primary deficit(-) or surplus(+), percent of GDP",Euro area (moving concept in the Real Time database context) - Primary deficit/surplus without UMTS proceeds - All sectors/ unspecified/ not applicable (ESA2010)-NCBs - General government (ESA2010)-NCBs - Non-financial flows current prices - Percentage,XDC_R_B1GQ,0,Replace,2004-11-03T15:30:00.000+01:00,
RTD.A.S0.N.F_UMS_CGG_D0.F,A,S0,N,F_UMS_CGG_D0,F,1999,2.9427,A,F,,,P1Y,S,,,GFS.A.N.I10.W0.S13.S1._Z.B.B9P._Z._Z._Z.XDC_R_B1GQ._Z.S.V.N._T,,,,,,"See <a class=""external"" href=""http://sdw.ecb.europa.eu/web/generator/docu/rtdb_docu.pdf""> notes</a>; block Annual; series: G",,4,,,"Government primary deficit(-) or surplus(+), percent of GDP",Euro area (moving concept in the Real Time database context) - Primary deficit/surplus without UMTS proceeds - All sectors/ unspecified/ not applicable (ESA2010)-NCBs - General government (ESA2010)-NCBs - Non-financial flows current prices - Percentage,XDC_R_B1GQ,0,Replace,2004-11-03T15:30:00.000+01:00,
RTD.A.S0.N.F_UMS_CGG_D0.F,A,S0,N,F_UMS_CGG_D0,F,2000,3.11682,A,F,,,P1Y,S,,,GFS.A.N.I10.W0.S13.S1._Z.B.B9P._Z._Z._Z.XDC_R_B1GQ._Z.S.V.N._T,,,,,,"See <a class=""external"" href=""http://sdw.ecb.europa.eu/web/generator/docu/rtdb_docu.pdf""> notes</a>; block Annual; series: G",,4,,,"Government primary deficit(-) or surplus(+), percent of GDP",Euro area (moving concept in the Real Time database context) - Primary deficit/surplus without UMTS proceeds - All sectors/ unspecified/ not applicable (ESA2010)-NCBs - General government (ESA2010)-NCBs - Non-financial flows current prices - Percentage,XDC_R_B1GQ,0,Replace,2004-11-03T15:30:00.000+01:00,
RTD.A.S0.N.F_UMS_CGG_D0.F,A,S0,N,F_UMS_CGG_D0,F,2001,2.26948,A,F,,,P1Y,S,,,GFS.A.N.I10.W0.S13.S1._Z.B.B9P._Z._Z._Z.XDC_R_B1GQ._Z.S.V.N._T,,,,,,"See <a class=""external"" href=""http://sdw.ecb.europa.eu/web/generator/docu/rtdb_docu.pdf""> notes</a>; block Annual; series: G",,4,,,"Government primary deficit(-) or surplus(+), percent of GDP",Euro area (moving concept in the Real Time database context) - Primary deficit/surplus without UMTS proceeds - All sectors/ unspecified/ not applicable (ESA2010)-NCBs - General government (ESA2010)-NCBs - Non-financial flows current prices - Percentage,XDC_R_B1GQ,0,Replace,2004-11-03T15:30:00.000+01:00,
RTD.A.S0.N.F_UMS_CGG_D0.F,A,S0,N,F_UMS_CGG_D0,F,2002,1.28021,A,F,,,P1Y,S,,,GFS.A.N.I10.W0.S13.S1._Z.B.B9P._Z._Z._Z.XDC_R_B1GQ._Z.S.V.N._T,,,,,,"See <a class=""external"" href=""http://sdw.ecb.europa.eu/web/generator/docu/rtdb_docu.pdf""> notes</a>; block Annual; series: G",,4,,,"Government primary deficit(-) or surplus(+), percent of GDP",Euro area (moving concept in the Real Time database context) - Primary deficit/surplus without UMTS proceeds - All sectors/ unspecified/ not applicable (ESA2010)-NCBs - General government (ESA2010)-NCBs - Non-financial flows current prices - Percentage,XDC_R_B1GQ,0,Replace,2004-11-03T15:30:00.000+01:00,
RTD.A.S0.N.F_UMS_CGG_D0.F,A,S0,N,F_UMS_CGG_D0,F,2003,0.74443,A,F,,,P1Y,S,,,GFS.A.N.I10.W0.S13.S1._Z.B.B9P._Z._Z._Z.XDC_R_B1GQ._Z.S.V.N._T,,,,,,"See <a class=""external"" href=""http://sdw.ecb.europa.eu/web/generator/docu/rtdb_docu.pdf""> notes</a>; block Annual; series: G",,4,,,"Government primary deficit(-) or surplus(+), percent of GDP",Euro area (moving concept in the Real Time database context) - Primary deficit/surplus without UMTS proceeds - All sectors/ unspecified/ not applicable (ESA2010)-NCBs - General government (ESA2010)-NCBs - Non-financial flows current prices - Percentage,XDC_R_B1GQ,0,Replace,2004-11-03T15:30:00.000+01:00,
RTD.A.S0.N.F_UMS_CGG_D0.F,A,S0,N,F_UMS_CGG_D0,F,1995,0.64571,A,F,,,P1Y,S,,,GFS.A.N.I10.W0.S13.S1._Z.B.B9P._Z._Z._Z.XDC_R_B1GQ._Z.S.V.N._T,,,,,,"See <a class=""external"" href=""http://sdw.ecb.europa.eu/web/generator/docu/rtdb_docu.pdf""> notes</a>; block Annual; series: G",,4,,,"Government primary deficit(-) or surplus(+), percent of GDP",Euro area (moving concept in the Real Time database context) - Primary deficit/surplus without UMTS proceeds - All sectors/ unspecified/ not applicable (ESA2010)-NCBs - General government (ESA2010)-NCBs - Non-financial flows current prices - Percentage,XDC_R_B1GQ,0,Replace,2004-12-01T15:30:00.000+01:00,
RTD.A.S0.N.F_UMS_CGG_D0.F,A,S0,N,F_UMS_CGG_D0,F,1996,1.43046,A,F,,,P1Y,S,,,GFS.A.N.I10.W0.S13.S1._Z.B.B9P._Z._Z._Z.XDC_R_B1GQ._Z.S.V.N._T,,,,,,"See <a class=""external"" href=""http://sdw.ecb.europa.eu/web/generator/docu/rtdb_docu.pdf""> notes</a>; block Annual; series: G",,4,,,"Government primary deficit(-) or surplus(+), percent of GDP",Euro area (moving concept in the Real Time database context) - Primary deficit/surplus without UMTS proceeds - All sectors/ unspecified/ not applicable (ESA2010)-NCBs - General government (ESA2010)-NCBs - Non-financial flows current prices - Percentage,XDC_R_B1GQ,0,Replace,2004-12-01T15:30:00.000+01:00,
RTD.A.S0.N.F_UMS_CGG_D0.F,A,S0,N,F_UMS_CGG_D0,F,1997,2.5169,A,F,,,P1Y,S,,,GFS.A.N.I10.W0.S13.S1._Z.B.B9P._Z._Z._Z.XDC_R_B1GQ._Z.S.V.N._T,,,,,,"See <a class=""external"" href=""http://sdw.ecb.europa.eu/web/generator/docu/rtdb_docu.pdf""> notes</a>; block Annual; series: G",,4,,,"Government primary deficit(-) or surplus(+), percent of GDP",Euro area (moving concept in the Real Time database context) - Primary deficit/surplus without UMTS proceeds - All sectors/ unspecified/ not applicable (ESA2010)-NCBs - General government (ESA2010)-NCBs - Non-financial flows current prices - Percentage,XDC_R_B1GQ,0,Replace,2004-12-01T15:30:00.000+01:00,
RTD.A.S0.N.F_UMS_CGG_D0.F,A,S0,N,F_UMS_CGG_D0,F,1998,2.50618,A,F,,,P1Y,S,,,GFS.A.N.I10.W0.S13.S1._Z.B.B9P._Z._Z._Z.XDC_R_B1GQ._Z.S.V.N._T,,,,,,"See <a class=""external"" href=""http://sdw.ecb.europa.eu/web/generator/docu/rtdb_docu.pdf""> notes</a>; block Annual; series: G",,4,,,"Government primary deficit(-) or surplus(+), percent of GDP",Euro area (moving concept in the Real Time database context) - Primary deficit/surplus without UMTS proceeds - All sectors/ unspecified/ not applicable (ESA2010)-NCBs - General government (ESA2010)-NCBs - Non-financial flows current prices - Percentage,XDC_R_B1GQ,0,Replace,2004-12-01T15:30:00.000+01:00,
RTD.A.S0.N.F_UMS_CGG_D0.F,A,S0,N,F_UMS_CGG_D0,F,1999,2.94272,A,F,,,P1Y,S,,,GFS.A.N.I10.W0.S13.S1._Z.B.B9P._Z._Z._Z.XDC_R_B1GQ._Z.S.V.N._T,,,,,,"See <a class=""external"" href=""http://sdw.ecb.europa.eu/web/generator/docu/rtdb_docu.pdf""> notes</a>; block Annual; series: G",,4,,,"Government primary deficit(-) or surplus(+), percent of GDP",Euro area (moving concept in the Real Time database context) - Primary deficit/surplus without UMTS proceeds - All sectors/ unspecified/ not applicable (ESA2010)-NCBs - General government (ESA2010)-NCBs - Non-financial flows current prices - Percentage,XDC_R_B1GQ,0,Replace,2004-12-01T15:30:00.000+01:00,
RTD.A.S0.N.F_UMS_CGG_D0.F,A,S0,N,F_UMS_CGG_D0,F,2001,2.25164,A,F,,,P1Y,S,,,GFS.A.N.I10.W0.S13.S1._Z.B.B9P._Z._Z._Z.XDC_R_B1GQ._Z.S.V.N._T,,,,,,"See <a class=""external"" href=""http://sdw.ecb.europa.eu/web/generator/docu/rtdb_docu.pdf""> notes</a>; block Annual; series: G",,4,,,"Government primary deficit(-) or surplus(+), percent of GDP",Euro area (moving concept in the Real Time database context) - Primary deficit/surplus without UMTS proceeds - All sectors/ unspecified/ not applicable (ESA2010)-NCBs - General government (ESA2010)-NCBs - Non-financial flows current prices - Percentage,XDC_R_B1GQ,0,Replace,2004-12-01T15:30:00.000+01:00,
RTD.A.S0.N.F_UMS_CGG_D0.F,A,S0,N,F_UMS_CGG_D0,F,2002,1.27164,A,F,,,P1Y,S,,,GFS.A.N.I10.W0.S13.S1._Z.B.B9P._Z._Z._Z.XDC_R_B1GQ._Z.S.V.N._T,,,,,,"See <a class=""external"" href=""http://sdw.ecb.europa.eu/web/generator/docu/rtdb_docu.pdf""> notes</a>; block Annual; series: G",,4,,,"Government primary deficit(-) or surplus(+), percent of GDP",Euro area (moving concept in the Real Time database context) - Primary deficit/surplus without UMTS proceeds - All sectors/ unspecified/ not applicable (ESA2010)-NCBs - General government (ESA2010)-NCBs - Non-financial flows current prices - Percentage,XDC_R_B1GQ,0,Replace,2004-12-01T15:30:00.000+01:00,
RTD.A.S0.N.F_UMS_CGG_D0.F,A,S0,N,F_UMS_CGG_D0,F,2003,0.74278,A,F,,,P1Y,S,,,GFS.A.N.I10.W0.S13.S1._Z.B.B9P._Z._Z._Z.XDC_R_B1GQ._Z.S.V.N._T,,,,,,"See <a class=""external"" href=""http://sdw.ecb.europa.eu/web/generator/docu/rtdb_docu.pdf""> notes</a>; block Annual; series: G",,4,,,"Government primary deficit(-) or surplus(+), percent of GDP",Euro area (moving concept in the Real Time database context) - Primary deficit/surplus without UMTS proceeds - All sectors/ unspecified/ not applicable (ESA2010)-NCBs - General government (ESA2010)-NCBs - Non-financial flows current prices - Percentage,XDC_R_B1GQ,0,Replace,2004-12-01T15:30:00.000+01:00,
RTD.A.S0.N.F_UMS_CGG_D0.F,A,S0,N,F_UMS_CGG_D0,F,1991,0.47004,A,F,,,P1Y,S,,,GFS.A.N.I10.W0.S13.S1._Z.B.B9P._Z._Z._Z.XDC_R_B1GQ._Z.S.V.N._T,,,,,,"See <a class=""external"" href=""http://sdw.ecb.europa.eu/web/generator/docu/rtdb_docu.pdf""> notes</a>; block Annual; series: G",,4,,,"Government primary deficit(-) or surplus(+), percent of GDP",Euro area (moving concept in the Real Time database context) - Primary deficit/surplus without UMTS proceeds - All sectors/ unspecified/ not applicable (ESA2010)-NCBs - General government (ESA2010)-NCBs - Non-financial flows current prices - Percentage,XDC_R_B1GQ,0,Replace,2005-05-03T15:30:00.000+02:00,
RTD.A.S0.N.F_UMS_CGG_D0.F,A,S0,N,F_UMS_CGG_D0,F,1992,0.72925,A,F,,,P1Y,S,,,GFS.A.N.I10.W0.S13.S1._Z.B.B9P._Z._Z._Z.XDC_R_B1GQ._Z.S.V.N._T,,,,,,"See <a class=""external"" href=""http://sdw.ecb.europa.eu/web/generator/docu/rtdb_docu.pdf""> notes</a>; block Annual; series: G",,4,,,"Government primary deficit(-) or surplus(+), percent of GDP",Euro area (moving concept in the Real Time database context) - Primary deficit/surplus without UMTS proceeds - All sectors/ unspecified/ not applicable (ESA2010)-NCBs - General government (ESA2010)-NCBs - Non-financial flows current prices - Percentage,XDC_R_B1GQ,0,Replace,2005-05-03T15:30:00.000+02:00,
RTD.A.S0.N.F_UMS_CGG_D0.F,A,S0,N,F_UMS_CGG_D0,F,1993,0.11376,A,F,,,P1Y,S,,,GFS.A.N.I10.W0.S13.S1._Z.B.B9P._Z._Z._Z.XDC_R_B1GQ._Z.S.V.N._T,,,,,,"See <a class=""external"" href=""http://sdw.ecb.europa.eu/web/generator/docu/rtdb_docu.pdf""> notes</a>; block Annual; series: G",,4,,,"Government primary deficit(-) or surplus(+), percent of GDP",Euro area (moving concept in the Real Time database context) - Primary deficit/surplus without UMTS proceeds - All sectors/ unspecified/ not applicable (ESA2010)-NCBs - General government (ESA2010)-NCBs - Non-financial flows current prices - Percentage,XDC_R_B1GQ,0,Replace,2005-05-03T15:30:00.000+02:00,
RTD.A.S0.N.F_UMS_CGG_D0.F,A,S0,N,F_UMS_CGG_D0,F,1994,0.45434,A,F,,,P1Y,S,,,GFS.A.N.I10.W0.S13.S1._Z.B.B9P._Z._Z._Z.XDC_R_B1GQ._Z.S.V.N._T,,,,,,"See <a class=""external"" href=""http://sdw.ecb.europa.eu/web/generator/docu/rtdb_docu.pdf""> notes</a>; block Annual; series: G",,4,,,"Government primary deficit(-) or surplus(+), percent of GDP",Euro area (moving concept in the Real Time database context) - Primary deficit/surplus without UMTS proceeds - All sectors/ unspecified/ not applicable (ESA2010)-NCBs - General government (ESA2010)-NCBs - Non-financial flows current prices - Percentage,XDC_R_B1GQ,0,Replace,2005-05-03T15:30:00.000+02:00,
RTD.A.S0.N.F_UMS_CGG_D0.F,A,S0,N,F_UMS_CGG_D0,F,1995,0.6326,A,F,,,P1Y,S,,,GFS.A.N.I10.W0.S13.S1._Z.B.B9P._Z._Z._Z.XDC_R_B1GQ._Z.S.V.N._T,,,,,,"See <a class=""external"" href=""http://sdw.ecb.europa.eu/web/generator/docu/rtdb_docu.pdf""> notes</a>; block Annual; series: G",,4,,,"Government primary deficit(-) or surplus(+), percent of GDP",Euro area (moving concept in the Real Time database context) - Primary deficit/surplus without UMTS proceeds - All sectors/ unspecified/ not applicable (ESA2010)-NCBs - General government (ESA2010)-NCBs - Non-financial flows current prices - Percentage,XDC_R_B1GQ,0,Replace,2005-05-03T15:30:00.000+02:00,
RTD.A.S0.N.F_UMS_CGG_D0.F,A,S0,N,F_UMS_CGG_D0,F,1996,1.39009,A,F,,,P1Y,S,,,GFS.A.N.I10.W0.S13.S1._Z.B.B9P._Z._Z._Z.XDC_R_B1GQ._Z.S.V.N._T,,,,,,"See <a class=""external"" href=""http://sdw.ecb.europa.eu/web/generator/docu/rtdb_docu.pdf""> notes</a>; block Annual; series: G",,4,,,"Government primary deficit(-) or surplus(+), percent of GDP",Euro area (moving concept in the Real Time database context) - Primary deficit/surplus without UMTS proceeds - All sectors/ unspecified/ not applicable (ESA2010)-NCBs - General government (ESA2010)-NCBs - Non-financial flows current prices - Percentage,XDC_R_B1GQ,0,Replace,2005-05-03T15:30:00.000+02:00,
RTD.A.S0.N.F_UMS_CGG_D0.F,A,S0,N,F_UMS_CGG_D0,F,1997,2.4475,A,F,,,P1Y,S,,,GFS.A.N.I10.W0.S13.S1._Z.B.B9P._Z._Z._Z.XDC_R_B1GQ._Z.S.V.N._T,,,,,,"See <a class=""external"" href=""http://sdw.ecb.europa.eu/web/generator/docu/rtdb_docu.pdf""> notes</a>; block Annual; series: G",,4,,,"Government primary deficit(-) or surplus(+), percent of GDP",Euro area (moving concept in the Real Time database context) - Primary deficit/surplus without UMTS proceeds - All sectors/ unspecified/ not applicable (ESA2010)-NCBs - General government (ESA2010)-NCBs - Non-financial flows current prices - Percentage,XDC_R_B1GQ,0,Replace,2005-05-03T15:30:00.000+02:00,
RTD.A.S0.N.F_UMS_CGG_D0.F,A,S0,N,F_UMS_CGG_D0,F,1998,2.43059,A,F,,,P1Y,S,,,GFS.A.N.I10.W0.S13.S1._Z.B.B9P._Z._Z._Z.XDC_R_B1GQ._Z.S.V.N._T,,,,,,"See <a class=""external"" href=""http://sdw.ecb.europa.eu/web/generator/docu/rtdb_docu.pdf""> notes</a>; block Annual; series: G",,4,,,"Government primary deficit(-) or surplus(+), percent of GDP",Euro area (moving concept in the Real Time database context) - Primary deficit/surplus without UMTS proceeds - All sectors/ unspecified/ not applicable (ESA2010)-NCBs - General government (ESA2010)-NCBs - Non-financial flows current prices - Percentage,XDC_R_B1GQ,0,Replace,2005-05-03T15:30:00.000+02:00,
RTD.A.S0.N.F_UMS_CGG_D0.F,A,S0,N,F_UMS_CGG_D0,F,1999,2.83817,A,F,,,P1Y,S,,,GFS.A.N.I10.W0.S13.S1._Z.B.B9P._Z._Z._Z.XDC_R_B1GQ._Z.S.V.N._T,,,,,,"See <a class=""external"" href=""http://sdw.ecb.europa.eu/web/generator/docu/rtdb_docu.pdf""> notes</a>; block Annual; series: G",,4,,,"Government primary deficit(-) or surplus(+), percent of GDP",Euro area (moving concept in the Real Time database context) - Primary deficit/surplus without UMTS proceeds - All sectors/ unspecified/ not applicable (ESA2010)-NCBs - General government (ESA2010)-NCBs - Non-financial flows current prices - Percentage,XDC_R_B1GQ,0,Replace,2005-05-03T15:30:00.000+02:00,
RTD.A.S0.N.F_UMS_CGG_D0.F,A,S0,N,F_UMS_CGG_D0,F,2000,3.05358,A,F,,,P1Y,S,,,GFS.A.N.I10.W0.S13.S1._Z.B.B9P._Z._Z._Z.XDC_R_B1GQ._Z.S.V.N._T,,,,,,"See <a class=""external"" href=""http://sdw.ecb.europa.eu/web/generator/docu/rtdb_docu.pdf""> notes</a>; block Annual; series: G",,4,,,"Government primary deficit(-) or surplus(+), percent of GDP",Euro area (moving concept in the Real Time database context) - Primary deficit/surplus without UMTS proceeds - All sectors/ unspecified/ not applicable (ESA2010)-NCBs - General government (ESA2010)-NCBs - Non-financial flows current prices - Percentage,XDC_R_B1GQ,0,Replace,2005-05-03T15:30:00.000+02:00,
RTD.A.S0.N.F_UMS_CGG_D0.F,A,S0,N,F_UMS_CGG_D0,F,2001,2.1206,A,F,,,P1Y,S,,,GFS.A.N.I10.W0.S13.S1._Z.B.B9P._Z._Z._Z.XDC_R_B1GQ._Z.S.V.N._T,,,,,,"See <a class=""external"" href=""http://sdw.ecb.europa.eu/web/generator/docu/rtdb_docu.pdf""> notes</a>; block Annual; series: G",,4,,,"Government primary deficit(-) or surplus(+), percent of GDP",Euro area (moving concept in the Real Time database context) - Primary deficit/surplus without UMTS proceeds - All sectors/ unspecified/ not applicable (ESA2010)-NCBs - General government (ESA2010)-NCBs - Non-financial flows current prices - Percentage,XDC_R_B1GQ,0,Replace,2005-05-03T15:30:00.000+02:00,
RTD.A.S0.N.F_UMS_CGG_D0.F,A,S0,N,F_UMS_CGG_D0,F,2002,1.14127,A,F,,,P1Y,S,,,GFS.A.N.I10.W0.S13.S1._Z.B.B9P._Z._Z._Z.XDC_R_B1GQ._Z.S.V.N._T,,,,,,"See <a class=""external"" href=""http://sdw.ecb.europa.eu/web/generator/docu/rtdb_docu.pdf""> notes</a>; block Annual; series: G",,4,,,"Government primary deficit(-) or surplus(+), percent of GDP",Euro area (moving concept in the Real Time database context) - Primary deficit/surplus without UMTS proceeds - All sectors/ unspecified/ not applicable (ESA2010)-NCBs - General government (ESA2010)-NCBs - Non-financial flows current prices - Percentage,XDC_R_B1GQ,0,Replace,2005-05-03T15:30:00.000+02:00,
RTD.A.S0.N.F_UMS_CGG_D0.F,A,S0,N,F_UMS_CGG_D0,F,2003,0.57906,A,F,,,P1Y,S,,,GFS.A.N.I10.W0.S13.S1._Z.B.B9P._Z._Z._Z.XDC_R_B1GQ._Z.S.V.N._T,,,,,,"See <a class=""external"" href=""http://sdw.ecb.europa.eu/web/generator/docu/rtdb_docu.pdf""> notes</a>; block Annual; series: G",,4,,,"Government primary deficit(-) or surplus(+), percent of GDP",Euro area (moving concept in the Real Time database context) - Primary deficit/surplus without UMTS proceeds - All sectors/ unspecified/ not applicable (ESA2010)-NCBs - General government (ESA2010)-NCBs - Non-financial flows current prices - Percentage,XDC_R_B1GQ,0,Replace,2005-05-03T15:30:00.000+02:00,
RTD.A.S0.N.F_UMS_CGG_D0.F,A,S0,N,F_UMS_CGG_D0,F,2004,0.54831,A,F,,,P1Y,S,,,GFS.A.N.I10.W0.S13.S1._Z.B.B9P._Z._Z._Z.XDC_R_B1GQ._Z.S.V.N._T,,,,,,"See <a class=""external"" href=""http://sdw.ecb.europa.eu/web/generator/docu/rtdb_docu.pdf""> notes</a>; block Annual; series: G",,4,,,"Government primary deficit(-) or surplus(+), percent of GDP",Euro area (moving concept in the Real Time database context) - Primary deficit/surplus without UMTS proceeds - All sectors/ unspecified/ not applicable (ESA2010)-NCBs - General government (ESA2010)-NCBs - Non-financial flows current prices - Percentage,XDC_R_B1GQ,0,Replace,2005-05-03T15:30:00.000+02:00,
RTD.A.S0.N.F_UMS_CGG_D0.F,A,S0,N,F_UMS_CGG_D0,F,1993,0.11377,A,F,,,P1Y,S,,,GFS.A.N.I10.W0.S13.S1._Z.B.B9P._Z._Z._Z.XDC_R_B1GQ._Z.S.V.N._T,,,,,,"See <a class=""external"" href=""http://sdw.ecb.europa.eu/web/generator/docu/rtdb_docu.pdf""> notes</a>; block Annual; series: G",,4,,,"Government primary deficit(-) or surplus(+), percent of GDP",Euro area (moving concept in the Real Time database context) - Primary deficit/surplus without UMTS proceeds - All sectors/ unspecified/ not applicable (ESA2010)-NCBs - General government (ESA2010)-NCBs - Non-financial flows current prices - Percentage,XDC_R_B1GQ,0,Replace,2005-06-01T15:30:00.000+02:00,
RTD.A.S0.N.F_UMS_CGG_D0.F,A,S0,N,F_UMS_CGG_D0,F,1996,1.38988,A,F,,,P1Y,S,,,GFS.A.N.I10.W0.S13.S1._Z.B.B9P._Z._Z._Z.XDC_R_B1GQ._Z.S.V.N._T,,,,,,"See <a class=""external"" href=""http://sdw.ecb.europa.eu/web/generator/docu/rtdb_docu.pdf""> notes</a>; block Annual; series: G",,4,,,"Government primary deficit(-) or surplus(+), percent of GDP",Euro area (moving concept in the Real Time database context) - Primary deficit/surplus without UMTS proceeds - All sectors/ unspecified/ not applicable (ESA2010)-NCBs - General government (ESA2010)-NCBs - Non-financial flows current prices - Percentage,XDC_R_B1GQ,0,Replace,2005-06-01T15:30:00.000+02:00,
RTD.A.S0.N.F_UMS_CGG_D0.F,A,S0,N,F_UMS_CGG_D0,F,1997,2.44748,A,F,,,P1Y,S,,,GFS.A.N.I10.W0.S13.S1._Z.B.B9P._Z._Z._Z.XDC_R_B1GQ._Z.S.V.N._T,,,,,,"See <a class=""external"" href=""http://sdw.ecb.europa.eu/web/generator/docu/rtdb_docu.pdf""> notes</a>; block Annual; series: G",,4,,,"Government primary deficit(-) or surplus(+), percent of GDP",Euro area (moving concept in the Real Time database context) - Primary deficit/surplus without UMTS proceeds - All sectors/ unspecified/ not applicable (ESA2010)-NCBs - General government (ESA2010)-NCBs - Non-financial flows current prices - Percentage,XDC_R_B1GQ,0,Replace,2005-06-01T15:30:00.000+02:00,
RTD.A.S0.N.F_UMS_CGG_D0.F,A,S0,N,F_UMS_CGG_D0,F,1999,2.84106,A,F,,,P1Y,S,,,GFS.A.N.I10.W0.S13.S1._Z.B.B9P._Z._Z._Z.XDC_R_B1GQ._Z.S.V.N._T,,,,,,"See <a class=""external"" href=""http://sdw.ecb.europa.eu/web/generator/docu/rtdb_docu.pdf""> notes</a>; block Annual; series: G",,4,,,"Government primary deficit(-) or surplus(+), percent of GDP",Euro area (moving concept in the Real Time database context) - Primary deficit/surplus without UMTS proceeds - All sectors/ unspecified/ not applicable (ESA2010)-NCBs - General government (ESA2010)-NCBs - Non-financial flows current prices - Percentage,XDC_R_B1GQ,0,Replace,2005-06-01T15:30:00.000+02:00,
RTD.A.S0.N.F_UMS_CGG_D0.F,A,S0,N,F_UMS_CGG_D0,F,2000,3.0446,A,F,,,P1Y,S,,,GFS.A.N.I10.W0.S13.S1._Z.B.B9P._Z._Z._Z.XDC_R_B1GQ._Z.S.V.N._T,,,,,,"See <a class=""external"" href=""http://sdw.ecb.europa.eu/web/generator/docu/rtdb_docu.pdf""> notes</a>; block Annual; series: G",,4,,,"Government primary deficit(-) or surplus(+), percent of GDP",Euro area (moving concept in the Real Time database context) - Primary deficit/surplus without UMTS proceeds - All sectors/ unspecified/ not applicable (ESA2010)-NCBs - General government (ESA2010)-NCBs - Non-financial flows current prices - Percentage,XDC_R_B1GQ,0,Replace,2005-06-01T15:30:00.000+02:00,
RTD.A.S0.N.F_UMS_CGG_D0.F,A,S0,N,F_UMS_CGG_D0,F,2001,2.11225,A,F,,,P1Y,S,,,GFS.A.N.I10.W0.S13.S1._Z.B.B9P._Z._Z._Z.XDC_R_B1GQ._Z.S.V.N._T,,,,,,"See <a class=""external"" href=""http://sdw.ecb.europa.eu/web/generator/docu/rtdb_docu.pdf""> notes</a>; block Annual; series: G",,4,,,"Government primary deficit(-) or surplus(+), percent of GDP",Euro area (moving concept in the Real Time database context) - Primary deficit/surplus without UMTS proceeds - All sectors/ unspecified/ not applicable (ESA2010)-NCBs - General government (ESA2010)-NCBs - Non-financial flows current prices - Percentage,XDC_R_B1GQ,0,Replace,2005-06-01T15:30:00.000+02:00,
RTD.A.S0.N.F_UMS_CGG_D0.F,A,S0,N,F_UMS_CGG_D0,F,2002,1.13716,A,F,,,P1Y,S,,,GFS.A.N.I10.W0.S13.S1._Z.B.B9P._Z._Z._Z.XDC_R_B1GQ._Z.S.V.N._T,,,,,,"See <a class=""external"" href=""http://sdw.ecb.europa.eu/web/generator/docu/rtdb_docu.pdf""> notes</a>; block Annual; series: G",,4,,,"Government primary deficit(-) or surplus(+), percent of GDP",Euro area (moving concept in the Real Time database context) - Primary deficit/surplus without UMTS proceeds - All sectors/ unspecified/ not applicable (ESA2010)-NCBs - General government (ESA2010)-NCBs - Non-financial flows current prices - Percentage,XDC_R_B1GQ,0,Replace,2005-06-01T15:30:00.000+02:00,
RTD.A.S0.N.F_UMS_CGG_D0.F,A,S0,N,F_UMS_CGG_D0,F,2003,0.5811,A,F,,,P1Y,S,,,GFS.A.N.I10.W0.S13.S1._Z.B.B9P._Z._Z._Z.XDC_R_B1GQ._Z.S.V.N._T,,,,,,"See <a class=""external"" href=""http://sdw.ecb.europa.eu/web/generator/docu/rtdb_docu.pdf""> notes</a>; block Annual; series: G",,4,,,"Government primary deficit(-) or surplus(+), percent of GDP",Euro area (moving concept in the Real Time database context) - Primary deficit/surplus without UMTS proceeds - All sectors/ unspecified/ not applicable (ESA2010)-NCBs - General government (ESA2010)-NCBs - Non-financial flows current prices - Percentage,XDC_R_B1GQ,0,Replace,2005-06-01T15:30:00.000+02:00,
RTD.A.S0.N.F_UMS_CGG_D0.F,A,S0,N,F_UMS_CGG_D0,F,2004,0.54273,A,F,,,P1Y,S,,,GFS.A.N.I10.W0.S13.S1._Z.B.B9P._Z._Z._Z.XDC_R_B1GQ._Z.S.V.N._T,,,,,,"See <a class=""external"" href=""http://sdw.ecb.europa.eu/web/generator/docu/rtdb_docu.pdf""> notes</a>; block Annual; series: G",,4,,,"Government primary deficit(-) or surplus(+), percent of GDP",Euro area (moving concept in the Real Time database context) - Primary deficit/surplus without UMTS proceeds - All sectors/ unspecified/ not applicable (ESA2010)-NCBs - General government (ESA2010)-NCBs - Non-financial flows current prices - Percentage,XDC_R_B1GQ,0,Replace,2005-06-01T15:30:00.000+02:00,
RTD.A.S0.N.F_UMS_CGG_D0.F,A,S0,N,F_UMS_CGG_D0,F,1991,0.45714,A,F,,,P1Y,S,,,GFS.A.N.I10.W0.S13.S1._Z.B.B9P._Z._Z._Z.XDC_R_B1GQ._Z.S.V.N._T,,,,,,"See <a class=""external"" href=""http://sdw.ecb.europa.eu/web/generator/docu/rtdb_docu.pdf""> notes</a>; block Annual; series: G",,4,,,"Government primary deficit(-) or surplus(+), percent of GDP",Euro area (moving concept in the Real Time database context) - Primary deficit/surplus without UMTS proceeds - All sectors/ unspecified/ not applicable (ESA2010)-NCBs - General government (ESA2010)-NCBs - Non-financial flows current prices - Percentage,XDC_R_B1GQ,0,Replace,2005-10-05T15:30:00.000+02:00,
RTD.A.S0.N.F_UMS_CGG_D0.F,A,S0,N,F_UMS_CGG_D0,F,1992,0.70607,A,F,,,P1Y,S,,,GFS.A.N.I10.W0.S13.S1._Z.B.B9P._Z._Z._Z.XDC_R_B1GQ._Z.S.V.N._T,,,,,,"See <a class=""external"" href=""http://sdw.ecb.europa.eu/web/generator/docu/rtdb_docu.pdf""> notes</a>; block Annual; series: G",,4,,,"Government primary deficit(-) or surplus(+), percent of GDP",Euro area (moving concept in the Real Time database context) - Primary deficit/surplus without UMTS proceeds - All sectors/ unspecified/ not applicable (ESA2010)-NCBs - General government (ESA2010)-NCBs - Non-financial flows current prices - Percentage,XDC_R_B1GQ,0,Replace,2005-10-05T15:30:00.000+02:00,
RTD.A.S0.N.F_UMS_CGG_D0.F,A,S0,N,F_UMS_CGG_D0,F,1993,0.09103,A,F,,,P1Y,S,,,GFS.A.N.I10.W0.S13.S1._Z.B.B9P._Z._Z._Z.XDC_R_B1GQ._Z.S.V.N._T,,,,,,"See <a class=""external"" href=""http://sdw.ecb.europa.eu/web/generator/docu/rtdb_docu.pdf""> notes</a>; block Annual; series: G",,4,,,"Government primary deficit(-) or surplus(+), percent of GDP",Euro area (moving concept in the Real Time database context) - Primary deficit/surplus without UMTS proceeds - All sectors/ unspecified/ not applicable (ESA2010)-NCBs - General government (ESA2010)-NCBs - Non-financial flows current prices - Percentage,XDC_R_B1GQ,0,Replace,2005-10-05T15:30:00.000+02:00,
RTD.A.S0.N.F_UMS_CGG_D0.F,A,S0,N,F_UMS_CGG_D0,F,1994,0.43851,A,F,,,P1Y,S,,,GFS.A.N.I10.W0.S13.S1._Z.B.B9P._Z._Z._Z.XDC_R_B1GQ._Z.S.V.N._T,,,,,,"See <a class=""external"" href=""http://sdw.ecb.europa.eu/web/generator/docu/rtdb_docu.pdf""> notes</a>; block Annual; series: G",,4,,,"Government primary deficit(-) or surplus(+), percent of GDP",Euro area (moving concept in the Real Time database context) - Primary deficit/surplus without UMTS proceeds - All sectors/ unspecified/ not applicable (ESA2010)-NCBs - General government (ESA2010)-NCBs - Non-financial flows current prices - Percentage,XDC_R_B1GQ,0,Replace,2005-10-05T15:30:00.000+02:00,
RTD.A.S0.N.F_UMS_CGG_D0.F,A,S0,N,F_UMS_CGG_D0,F,1995,0.62047,A,F,,,P1Y,S,,,GFS.A.N.I10.W0.S13.S1._Z.B.B9P._Z._Z._Z.XDC_R_B1GQ._Z.S.V.N._T,,,,,,"See <a class=""external"" href=""http://sdw.ecb.europa.eu/web/generator/docu/rtdb_docu.pdf""> notes</a>; block Annual; series: G",,4,,,"Government primary deficit(-) or surplus(+), percent of GDP",Euro area (moving concept in the Real Time database context) - Primary deficit/surplus without UMTS proceeds - All sectors/ unspecified/ not applicable (ESA2010)-NCBs - General government (ESA2010)-NCBs - Non-financial flows current prices - Percentage,XDC_R_B1GQ,0,Replace,2005-10-05T15:30:00.000+02:00,
RTD.A.S0.N.F_UMS_CGG_D0.F,A,S0,N,F_UMS_CGG_D0,F,1996,1.37271,A,F,,,P1Y,S,,,GFS.A.N.I10.W0.S13.S1._Z.B.B9P._Z._Z._Z.XDC_R_B1GQ._Z.S.V.N._T,,,,,,"See <a class=""external"" href=""http://sdw.ecb.europa.eu/web/generator/docu/rtdb_docu.pdf""> notes</a>; block Annual; series: G",,4,,,"Government primary deficit(-) or surplus(+), percent of GDP",Euro area (moving concept in the Real Time database context) - Primary deficit/surplus without UMTS proceeds - All sectors/ unspecified/ not applicable (ESA2010)-NCBs - General government (ESA2010)-NCBs - Non-financial flows current prices - Percentage,XDC_R_B1GQ,0,Replace,2005-10-05T15:30:00.000+02:00,
RTD.A.S0.N.F_UMS_CGG_D0.F,A,S0,N,F_UMS_CGG_D0,F,1997,2.403,A,F,,,P1Y,S,,,GFS.A.N.I10.W0.S13.S1._Z.B.B9P._Z._Z._Z.XDC_R_B1GQ._Z.S.V.N._T,,,,,,"See <a class=""external"" href=""http://sdw.ecb.europa.eu/web/generator/docu/rtdb_docu.pdf""> notes</a>; block Annual; series: G",,4,,,"Government primary deficit(-) or surplus(+), percent of GDP",Euro area (moving concept in the Real Time database context) - Primary deficit/surplus without UMTS proceeds - All sectors/ unspecified/ not applicable (ESA2010)-NCBs - General government (ESA2010)-NCBs - Non-financial flows current prices - Percentage,XDC_R_B1GQ,0,Replace,2005-10-05T15:30:00.000+02:00,
RTD.A.S0.N.F_UMS_CGG_D0.F,A,S0,N,F_UMS_CGG_D0,F,1998,2.38594,A,F,,,P1Y,S,,,GFS.A.N.I10.W0.S13.S1._Z.B.B9P._Z._Z._Z.XDC_R_B1GQ._Z.S.V.N._T,,,,,,"See <a class=""external"" href=""http://sdw.ecb.europa.eu/web/generator/docu/rtdb_docu.pdf""> notes</a>; block Annual; series: G",,4,,,"Government primary deficit(-) or surplus(+), percent of GDP",Euro area (moving concept in the Real Time database context) - Primary deficit/surplus without UMTS proceeds - All sectors/ unspecified/ not applicable (ESA2010)-NCBs - General government (ESA2010)-NCBs - Non-financial flows current prices - Percentage,XDC_R_B1GQ,0,Replace,2005-10-05T15:30:00.000+02:00,
RTD.A.S0.N.F_UMS_CGG_D0.F,A,S0,N,F_UMS_CGG_D0,F,1999,2.79622,A,F,,,P1Y,S,,,GFS.A.N.I10.W0.S13.S1._Z.B.B9P._Z._Z._Z.XDC_R_B1GQ._Z.S.V.N._T,,,,,,"See <a class=""external"" href=""http://sdw.ecb.europa.eu/web/generator/docu/rtdb_docu.pdf""> notes</a>; block Annual; series: G",,4,,,"Government primary deficit(-) or surplus(+), percent of GDP",Euro area (moving concept in the Real Time database context) - Primary deficit/surplus without UMTS proceeds - All sectors/ unspecified/ not applicable (ESA2010)-NCBs - General government (ESA2010)-NCBs - Non-financial flows current prices - Percentage,XDC_R_B1GQ,0,Replace,2005-10-05T15:30:00.000+02:00,
RTD.A.S0.N.F_UMS_CGG_D0.F,A,S0,N,F_UMS_CGG_D0,F,2000,3.01377,A,F,,,P1Y,S,,,GFS.A.N.I10.W0.S13.S1._Z.B.B9P._Z._Z._Z.XDC_R_B1GQ._Z.S.V.N._T,,,,,,"See <a class=""external"" href=""http://sdw.ecb.europa.eu/web/generator/docu/rtdb_docu.pdf""> notes</a>; block Annual; series: G",,4,,,"Government primary deficit(-) or surplus(+), percent of GDP",Euro area (moving concept in the Real Time database context) - Primary deficit/surplus without UMTS proceeds - All sectors/ unspecified/ not applicable (ESA2010)-NCBs - General government (ESA2010)-NCBs - Non-financial flows current prices - Percentage,XDC_R_B1GQ,0,Replace,2005-10-05T15:30:00.000+02:00,
RTD.A.S0.N.F_UMS_CGG_D0.F,A,S0,N,F_UMS_CGG_D0,F,2001,1.98167,A,F,,,P1Y,S,,,GFS.A.N.I10.W0.S13.S1._Z.B.B9P._Z._Z._Z.XDC_R_B1GQ._Z.S.V.N._T,,,,,,"See <a class=""external"" href=""http://sdw.ecb.europa.eu/web/generator/docu/rtdb_docu.pdf""> notes</a>; block Annual; series: G",,4,,,"Government primary deficit(-) or surplus(+), percent of GDP",Euro area (moving concept in the Real Time database context) - Primary deficit/surplus without UMTS proceeds - All sectors/ unspecified/ not applicable (ESA2010)-NCBs - General government (ESA2010)-NCBs - Non-financial flows current prices - Percentage,XDC_R_B1GQ,0,Replace,2005-10-05T15:30:00.000+02:00,
RTD.A.S0.N.F_UMS_CGG_D0.F,A,S0,N,F_UMS_CGG_D0,F,2002,1.0237,A,F,,,P1Y,S,,,GFS.A.N.I10.W0.S13.S1._Z.B.B9P._Z._Z._Z.XDC_R_B1GQ._Z.S.V.N._T,,,,,,"See <a class=""external"" href=""http://sdw.ecb.europa.eu/web/generator/docu/rtdb_docu.pdf""> notes</a>; block Annual; series: G",,4,,,"Government primary deficit(-) or surplus(+), percent of GDP",Euro area (moving concept in the Real Time database context) - Primary deficit/surplus without UMTS proceeds - All sectors/ unspecified/ not applicable (ESA2010)-NCBs - General government (ESA2010)-NCBs - Non-financial flows current prices - Percentage,XDC_R_B1GQ,0,Replace,2005-10-05T15:30:00.000+02:00,
RTD.A.S0.N.F_UMS_CGG_D0.F,A,S0,N,F_UMS_CGG_D0,F,2003,0.38473,A,F,,,P1Y,S,,,GFS.A.N.I10.W0.S13.S1._Z.B.B9P._Z._Z._Z.XDC_R_B1GQ._Z.S.V.N._T,,,,,,"See <a class=""external"" href=""http://sdw.ecb.europa.eu/web/generator/docu/rtdb_docu.pdf""> notes</a>; block Annual; series: G",,4,,,"Government primary deficit(-) or surplus(+), percent of GDP",Euro area (moving concept in the Real Time database context) - Primary deficit/surplus without UMTS proceeds - All sectors/ unspecified/ not applicable (ESA2010)-NCBs - General government (ESA2010)-NCBs - Non-financial flows current prices - Percentage,XDC_R_B1GQ,0,Replace,2005-10-05T15:30:00.000+02:00,
RTD.A.S0.N.F_UMS_CGG_D0.F,A,S0,N,F_UMS_CGG_D0,F,2004,0.48733,A,F,,,P1Y,S,,,GFS.A.N.I10.W0.S13.S1._Z.B.B9P._Z._Z._Z.XDC_R_B1GQ._Z.S.V.N._T,,,,,,"See <a class=""external"" href=""http://sdw.ecb.europa.eu/web/generator/docu/rtdb_docu.pdf""> notes</a>; block Annual; series: G",,4,,,"Government primary deficit(-) or surplus(+), percent of GDP",Euro area (moving concept in the Real Time database context) - Primary deficit/surplus without UMTS proceeds - All sectors/ unspecified/ not applicable (ESA2010)-NCBs - General government (ESA2010)-NCBs - Non-financial flows current prices - Percentage,XDC_R_B1GQ,0,Replace,2005-10-05T15:30:00.000+02:00,
RTD.A.S0.N.F_UMS_CGG_D0.F,A,S0,N,F_UMS_CGG_D0,F,1993,0.02463,A,F,,,P1Y,S,,,GFS.A.N.I10.W0.S13.S1._Z.B.B9P._Z._Z._Z.XDC_R_B1GQ._Z.S.V.N._T,,,,,,"See <a class=""external"" href=""http://sdw.ecb.europa.eu/web/generator/docu/rtdb_docu.pdf""> notes</a>; block Annual; series: G",,4,,,"Government primary deficit(-) or surplus(+), percent of GDP",Euro area (moving concept in the Real Time database context) - Primary deficit/surplus without UMTS proceeds - All sectors/ unspecified/ not applicable (ESA2010)-NCBs - General government (ESA2010)-NCBs - Non-financial flows current prices - Percentage,XDC_R_B1GQ,0,Replace,2005-11-02T15:30:00.000+01:00,
RTD.A.S0.N.F_UMS_CGG_D0.F,A,S0,N,F_UMS_CGG_D0,F,1994,0.38116,A,F,,,P1Y,S,,,GFS.A.N.I10.W0.S13.S1._Z.B.B9P._Z._Z._Z.XDC_R_B1GQ._Z.S.V.N._T,,,,,,"See <a class=""external"" href=""http://sdw.ecb.europa.eu/web/generator/docu/rtdb_docu.pdf""> notes</a>; block Annual; series: G",,4,,,"Government primary deficit(-) or surplus(+), percent of GDP",Euro area (moving concept in the Real Time database context) - Primary deficit/surplus without UMTS proceeds - All sectors/ unspecified/ not applicable (ESA2010)-NCBs - General government (ESA2010)-NCBs - Non-financial flows current prices - Percentage,XDC_R_B1GQ,0,Replace,2005-11-02T15:30:00.000+01:00,
RTD.A.S0.N.F_UMS_CGG_D0.F,A,S0,N,F_UMS_CGG_D0,F,1995,0.56724,A,F,,,P1Y,S,,,GFS.A.N.I10.W0.S13.S1._Z.B.B9P._Z._Z._Z.XDC_R_B1GQ._Z.S.V.N._T,,,,,,"See <a class=""external"" href=""http://sdw.ecb.europa.eu/web/generator/docu/rtdb_docu.pdf""> notes</a>; block Annual; series: G",,4,,,"Government primary deficit(-) or surplus(+), percent of GDP",Euro area (moving concept in the Real Time database context) - Primary deficit/surplus without UMTS proceeds - All sectors/ unspecified/ not applicable (ESA2010)-NCBs - General government (ESA2010)-NCBs - Non-financial flows current prices - Percentage,XDC_R_B1GQ,0,Replace,2005-11-02T15:30:00.000+01:00,
RTD.A.S0.N.F_UMS_CGG_D0.F,A,S0,N,F_UMS_CGG_D0,F,1996,1.32775,A,F,,,P1Y,S,,,GFS.A.N.I10.W0.S13.S1._Z.B.B9P._Z._Z._Z.XDC_R_B1GQ._Z.S.V.N._T,,,,,,"See <a class=""external"" href=""http://sdw.ecb.europa.eu/web/generator/docu/rtdb_docu.pdf""> notes</a>; block Annual; series: G",,4,,,"Government primary deficit(-) or surplus(+), percent of GDP",Euro area (moving concept in the Real Time database context) - Primary deficit/surplus without UMTS proceeds - All sectors/ unspecified/ not applicable (ESA2010)-NCBs - General government (ESA2010)-NCBs - Non-financial flows current prices - Percentage,XDC_R_B1GQ,0,Replace,2005-11-02T15:30:00.000+01:00,
RTD.A.S0.N.F_UMS_CGG_D0.F,A,S0,N,F_UMS_CGG_D0,F,1997,2.37497,A,F,,,P1Y,S,,,GFS.A.N.I10.W0.S13.S1._Z.B.B9P._Z._Z._Z.XDC_R_B1GQ._Z.S.V.N._T,,,,,,"See <a class=""external"" href=""http://sdw.ecb.europa.eu/web/generator/docu/rtdb_docu.pdf""> notes</a>; block Annual; series: G",,4,,,"Government primary deficit(-) or surplus(+), percent of GDP",Euro area (moving concept in the Real Time database context) - Primary deficit/surplus without UMTS proceeds - All sectors/ unspecified/ not applicable (ESA2010)-NCBs - General government (ESA2010)-NCBs - Non-financial flows current prices - Percentage,XDC_R_B1GQ,0,Replace,2005-11-02T15:30:00.000+01:00,
RTD.A.S0.N.F_UMS_CGG_D0.F,A,S0,N,F_UMS_CGG_D0,F,1998,2.35596,A,F,,,P1Y,S,,,GFS.A.N.I10.W0.S13.S1._Z.B.B9P._Z._Z._Z.XDC_R_B1GQ._Z.S.V.N._T,,,,,,"See <a class=""external"" href=""http://sdw.ecb.europa.eu/web/generator/docu/rtdb_docu.pdf""> notes</a>; block Annual; series: G",,4,,,"Government primary deficit(-) or surplus(+), percent of GDP",Euro area (moving concept in the Real Time database context) - Primary deficit/surplus without UMTS proceeds - All sectors/ unspecified/ not applicable (ESA2010)-NCBs - General government (ESA2010)-NCBs - Non-financial flows current prices - Percentage,XDC_R_B1GQ,0,Replace,2005-11-02T15:30:00.000+01:00,
RTD.A.S0.N.F_UMS_CGG_D0.F,A,S0,N,F_UMS_CGG_D0,F,1999,2.74875,A,F,,,P1Y,S,,,GFS.A.N.I10.W0.S13.S1._Z.B.B9P._Z._Z._Z.XDC_R_B1GQ._Z.S.V.N._T,,,,,,"See <a class=""external"" href=""http://sdw.ecb.europa.eu/web/generator/docu/rtdb_docu.pdf""> notes</a>; block Annual; series: G",,4,,,"Government primary deficit(-) or surplus(+), percent of GDP",Euro area (moving concept in the Real Time database context) - Primary deficit/surplus without UMTS proceeds - All sectors/ unspecified/ not applicable (ESA2010)-NCBs - General government (ESA2010)-NCBs - Non-financial flows current prices - Percentage,XDC_R_B1GQ,0,Replace,2005-11-02T15:30:00.000+01:00,
RTD.A.S0.N.F_UMS_CGG_D0.F,A,S0,N,F_UMS_CGG_D0,F,2000,2.94244,A,F,,,P1Y,S,,,GFS.A.N.I10.W0.S13.S1._Z.B.B9P._Z._Z._Z.XDC_R_B1GQ._Z.S.V.N._T,,,,,,"See <a class=""external"" href=""http://sdw.ecb.europa.eu/web/generator/docu/rtdb_docu.pdf""> notes</a>; block Annual; series: G",,4,,,"Government primary deficit(-) or surplus(+), percent of GDP",Euro area (moving concept in the Real Time database context) - Primary deficit/surplus without UMTS proceeds - All sectors/ unspecified/ not applicable (ESA2010)-NCBs - General government (ESA2010)-NCBs - Non-financial flows current prices - Percentage,XDC_R_B1GQ,0,Replace,2005-11-02T15:30:00.000+01:00,
RTD.A.S0.N.F_UMS_CGG_D0.F,A,S0,N,F_UMS_CGG_D0,F,2001,1.95473,A,F,,,P1Y,S,,,GFS.A.N.I10.W0.S13.S1._Z.B.B9P._Z._Z._Z.XDC_R_B1GQ._Z.S.V.N._T,,,,,,"See <a class=""external"" href=""http://sdw.ecb.europa.eu/web/generator/docu/rtdb_docu.pdf""> notes</a>; block Annual; series: G",,4,,,"Government primary deficit(-) or surplus(+), percent of GDP",Euro area (moving concept in the Real Time database context) - Primary deficit/surplus without UMTS proceeds - All sectors/ unspecified/ not applicable (ESA2010)-NCBs - General government (ESA2010)-NCBs - Non-financial flows current prices - Percentage,XDC_R_B1GQ,0,Replace,2005-11-02T15:30:00.000+01:00,
RTD.A.S0.N.F_UMS_CGG_D0.F,A,S0,N,F_UMS_CGG_D0,F,2002,1.0021,A,F,,,P1Y,S,,,GFS.A.N.I10.W0.S13.S1._Z.B.B9P._Z._Z._Z.XDC_R_B1GQ._Z.S.V.N._T,,,,,,"See <a class=""external"" href=""http://sdw.ecb.europa.eu/web/generator/docu/rtdb_docu.pdf""> notes</a>; block Annual; series: G",,4,,,"Government primary deficit(-) or surplus(+), percent of GDP",Euro area (moving concept in the Real Time database context) - Primary deficit/surplus without UMTS proceeds - All sectors/ unspecified/ not applicable (ESA2010)-NCBs - General government (ESA2010)-NCBs - Non-financial flows current prices - Percentage,XDC_R_B1GQ,0,Replace,2005-11-02T15:30:00.000+01:00,
RTD.A.S0.N.F_UMS_CGG_D0.F,A,S0,N,F_UMS_CGG_D0,F,2003,0.34548,A,F,,,P1Y,S,,,GFS.A.N.I10.W0.S13.S1._Z.B.B9P._Z._Z._Z.XDC_R_B1GQ._Z.S.V.N._T,,,,,,"See <a class=""external"" href=""http://sdw.ecb.europa.eu/web/generator/docu/rtdb_docu.pdf""> notes</a>; block Annual; series: G",,4,,,"Government primary deficit(-) or surplus(+), percent of GDP",Euro area (moving concept in the Real Time database context) - Primary deficit/surplus without UMTS proceeds - All sectors/ unspecified/ not applicable (ESA2010)-NCBs - General government (ESA2010)-NCBs - Non-financial flows current prices - Percentage,XDC_R_B1GQ,0,Replace,2005-11-02T15:30:00.000+01:00,
RTD.A.S0.N.F_UMS_CGG_D0.F,A,S0,N,F_UMS_CGG_D0,F,2004,0.44609,A,F,,,P1Y,S,,,GFS.A.N.I10.W0.S13.S1._Z.B.B9P._Z._Z._Z.XDC_R_B1GQ._Z.S.V.N._T,,,,,,"See <a class=""external"" href=""http://sdw.ecb.europa.eu/web/generator/docu/rtdb_docu.pdf""> notes</a>; block Annual; series: G",,4,,,"Government primary deficit(-) or surplus(+), percent of GDP",Euro area (moving concept in the Real Time database context) - Primary deficit/surplus without UMTS proceeds - All sectors/ unspecified/ not applicable (ESA2010)-NCBs - General government (ESA2010)-NCBs - Non-financial flows current prices - Percentage,XDC_R_B1GQ,0,Replace,2005-11-02T15:30:00.000+01:00,
RTD.A.S0.N.F_UMS_CGG_D0.F,A,S0,N,F_UMS_CGG_D0,F,2004,0.44414,A,F,,,P1Y,S,,,GFS.A.N.I10.W0.S13.S1._Z.B.B9P._Z._Z._Z.XDC_R_B1GQ._Z.S.V.N._T,,,,,,"See <a class=""external"" href=""http://sdw.ecb.europa.eu/web/generator/docu/rtdb_docu.pdf""> notes</a>; block Annual; series: G",,4,,,"Government primary deficit(-) or surplus(+), percent of GDP",Euro area (moving concept in the Real Time database context) - Primary deficit/surplus without UMTS proceeds - All sectors/ unspecified/ not applicable (ESA2010)-NCBs - General government (ESA2010)-NCBs - Non-financial flows current prices - Percentage,XDC_R_B1GQ,0,Replace,2005-11-30T15:30:00.000+01:00,
RTD.A.S0.N.F_UMS_CGG_D0.F,A,S0,N,F_UMS_CGG_D0,F,1991,0.43744,A,F,,,P1Y,S,,,GFS.A.N.I10.W0.S13.S1._Z.B.B9P._Z._Z._Z.XDC_R_B1GQ._Z.S.V.N._T,,,,,,"See <a class=""external"" href=""http://sdw.ecb.europa.eu/web/generator/docu/rtdb_docu.pdf""> notes</a>; block Annual; series: G",,4,,,"Government primary deficit(-) or surplus(+), percent of GDP",Euro area (moving concept in the Real Time database context) - Primary deficit/surplus without UMTS proceeds - All sectors/ unspecified/ not applicable (ESA2010)-NCBs - General government (ESA2010)-NCBs - Non-financial flows current prices - Percentage,XDC_R_B1GQ,0,Replace,2006-03-01T15:30:00.000+01:00,
RTD.A.S0.N.F_UMS_CGG_D0.F,A,S0,N,F_UMS_CGG_D0,F,1992,0.67222,A,F,,,P1Y,S,,,GFS.A.N.I10.W0.S13.S1._Z.B.B9P._Z._Z._Z.XDC_R_B1GQ._Z.S.V.N._T,,,,,,"See <a class=""external"" href=""http://sdw.ecb.europa.eu/web/generator/docu/rtdb_docu.pdf""> notes</a>; block Annual; series: G",,4,,,"Government primary deficit(-) or surplus(+), percent of GDP",Euro area (moving concept in the Real Time database context) - Primary deficit/surplus without UMTS proceeds - All sectors/ unspecified/ not applicable (ESA2010)-NCBs - General government (ESA2010)-NCBs - Non-financial flows current prices - Percentage,XDC_R_B1GQ,0,Replace,2006-03-01T15:30:00.000+01:00,
RTD.A.S0.N.F_UMS_CGG_D0.F,A,S0,N,F_UMS_CGG_D0,F,1993,-0.03188,A,F,,,P1Y,S,,,GFS.A.N.I10.W0.S13.S1._Z.B.B9P._Z._Z._Z.XDC_R_B1GQ._Z.S.V.N._T,,,,,,"See <a class=""external"" href=""http://sdw.ecb.europa.eu/web/generator/docu/rtdb_docu.pdf""> notes</a>; block Annual; series: G",,4,,,"Government primary deficit(-) or surplus(+), percent of GDP",Euro area (moving concept in the Real Time database context) - Primary deficit/surplus without UMTS proceeds - All sectors/ unspecified/ not applicable (ESA2010)-NCBs - General government (ESA2010)-NCBs - Non-financial flows current prices - Percentage,XDC_R_B1GQ,0,Replace,2006-03-01T15:30:00.000+01:00,
RTD.A.S0.N.F_UMS_CGG_D0.F,A,S0,N,F_UMS_CGG_D0,F,1994,0.41687,A,F,,,P1Y,S,,,GFS.A.N.I10.W0.S13.S1._Z.B.B9P._Z._Z._Z.XDC_R_B1GQ._Z.S.V.N._T,,,,,,"See <a class=""external"" href=""http://sdw.ecb.europa.eu/web/generator/docu/rtdb_docu.pdf""> notes</a>; block Annual; series: G",,4,,,"Government primary deficit(-) or surplus(+), percent of GDP",Euro area (moving concept in the Real Time database context) - Primary deficit/surplus without UMTS proceeds - All sectors/ unspecified/ not applicable (ESA2010)-NCBs - General government (ESA2010)-NCBs - Non-financial flows current prices - Percentage,XDC_R_B1GQ,0,Replace,2006-03-01T15:30:00.000+01:00,
RTD.A.S0.N.F_UMS_CGG_D0.F,A,S0,N,F_UMS_CGG_D0,F,1991,0.46813,A,F,,,P1Y,S,,,GFS.A.N.I10.W0.S13.S1._Z.B.B9P._Z._Z._Z.XDC_R_B1GQ._Z.S.V.N._T,,,,,,"See <a class=""external"" href=""http://sdw.ecb.europa.eu/web/generator/docu/rtdb_docu.pdf""> notes</a>; block Annual; series: G",,4,,,"Government primary deficit(-) or surplus(+), percent of GDP",Euro area (moving concept in the Real Time database context) - Primary deficit/surplus without UMTS proceeds - All sectors/ unspecified/ not applicable (ESA2010)-NCBs - General government (ESA2010)-NCBs - Non-financial flows current prices - Percentage,XDC_R_B1GQ,0,Replace,2006-05-03T15:30:00.000+02:00,
RTD.A.S0.N.F_UMS_CGG_D0.F,A,S0,N,F_UMS_CGG_D0,F,1992,0.68746,A,F,,,P1Y,S,,,GFS.A.N.I10.W0.S13.S1._Z.B.B9P._Z._Z._Z.XDC_R_B1GQ._Z.S.V.N._T,,,,,,"See <a class=""external"" href=""http://sdw.ecb.europa.eu/web/generator/docu/rtdb_docu.pdf""> notes</a>; block Annual; series: G",,4,,,"Government primary deficit(-) or surplus(+), percent of GDP",Euro area (moving concept in the Real Time database context) - Primary deficit/surplus without UMTS proceeds - All sectors/ unspecified/ not applicable (ESA2010)-NCBs - General government (ESA2010)-NCBs - Non-financial flows current prices - Percentage,XDC_R_B1GQ,0,Replace,2006-05-03T15:30:00.000+02:00,
RTD.A.S0.N.F_UMS_CGG_D0.F,A,S0,N,F_UMS_CGG_D0,F,1993,-0.02926,A,F,,,P1Y,S,,,GFS.A.N.I10.W0.S13.S1._Z.B.B9P._Z._Z._Z.XDC_R_B1GQ._Z.S.V.N._T,,,,,,"See <a class=""external"" href=""http://sdw.ecb.europa.eu/web/generator/docu/rtdb_docu.pdf""> notes</a>; block Annual; series: G",,4,,,"Government primary deficit(-) or surplus(+), percent of GDP",Euro area (moving concept in the Real Time database context) - Primary deficit/surplus without UMTS proceeds - All sectors/ unspecified/ not applicable (ESA2010)-NCBs - General government (ESA2010)-NCBs - Non-financial flows current prices - Percentage,XDC_R_B1GQ,0,Replace,2006-05-03T15:30:00.000+02:00,
RTD.A.S0.N.F_UMS_CGG_D0.F,A,S0,N,F_UMS_CGG_D0,F,1994,0.46894,A,F,,,P1Y,S,,,GFS.A.N.I10.W0.S13.S1._Z.B.B9P._Z._Z._Z.XDC_R_B1GQ._Z.S.V.N._T,,,,,,"See <a class=""external"" href=""http://sdw.ecb.europa.eu/web/generator/docu/rtdb_docu.pdf""> notes</a>; block Annual; series: G",,4,,,"Government primary deficit(-) or surplus(+), percent of GDP",Euro area (moving concept in the Real Time database context) - Primary deficit/surplus without UMTS proceeds - All sectors/ unspecified/ not applicable (ESA2010)-NCBs - General government (ESA2010)-NCBs - Non-financial flows current prices - Percentage,XDC_R_B1GQ,0,Replace,2006-05-03T15:30:00.000+02:00,
RTD.A.S0.N.F_UMS_CGG_D0.F,A,S0,N,F_UMS_CGG_D0,F,1995,0.58796,A,F,,,P1Y,S,,,GFS.A.N.I10.W0.S13.S1._Z.B.B9P._Z._Z._Z.XDC_R_B1GQ._Z.S.V.N._T,,,,,,"See <a class=""external"" href=""http://sdw.ecb.europa.eu/web/generator/docu/rtdb_docu.pdf""> notes</a>; block Annual; series: G",,4,,,"Government primary deficit(-) or surplus(+), percent of GDP",Euro area (moving concept in the Real Time database context) - Primary deficit/surplus without UMTS proceeds - All sectors/ unspecified/ not applicable (ESA2010)-NCBs - General government (ESA2010)-NCBs - Non-financial flows current prices - Percentage,XDC_R_B1GQ,0,Replace,2006-05-03T15:30:00.000+02:00,
RTD.A.S0.N.F_UMS_CGG_D0.F,A,S0,N,F_UMS_CGG_D0,F,1996,1.3603,A,F,,,P1Y,S,,,GFS.A.N.I10.W0.S13.S1._Z.B.B9P._Z._Z._Z.XDC_R_B1GQ._Z.S.V.N._T,,,,,,"See <a class=""external"" href=""http://sdw.ecb.europa.eu/web/generator/docu/rtdb_docu.pdf""> notes</a>; block Annual; series: G",,4,,,"Government primary deficit(-) or surplus(+), percent of GDP",Euro area (moving concept in the Real Time database context) - Primary deficit/surplus without UMTS proceeds - All sectors/ unspecified/ not applicable (ESA2010)-NCBs - General government (ESA2010)-NCBs - Non-financial flows current prices - Percentage,XDC_R_B1GQ,0,Replace,2006-05-03T15:30:00.000+02:00,
RTD.A.S0.N.F_UMS_CGG_D0.F,A,S0,N,F_UMS_CGG_D0,F,1997,2.38763,A,F,,,P1Y,S,,,GFS.A.N.I10.W0.S13.S1._Z.B.B9P._Z._Z._Z.XDC_R_B1GQ._Z.S.V.N._T,,,,,,"See <a class=""external"" href=""http://sdw.ecb.europa.eu/web/generator/docu/rtdb_docu.pdf""> notes</a>; block Annual; series: G",,4,,,"Government primary deficit(-) or surplus(+), percent of GDP",Euro area (moving concept in the Real Time database context) - Primary deficit/surplus without UMTS proceeds - All sectors/ unspecified/ not applicable (ESA2010)-NCBs - General government (ESA2010)-NCBs - Non-financial flows current prices - Percentage,XDC_R_B1GQ,0,Replace,2006-05-03T15:30:00.000+02:00,
RTD.A.S0.N.F_UMS_CGG_D0.F,A,S0,N,F_UMS_CGG_D0,F,1998,2.34882,A,F,,,P1Y,S,,,GFS.A.N.I10.W0.S13.S1._Z.B.B9P._Z._Z._Z.XDC_R_B1GQ._Z.S.V.N._T,,,,,,"See <a class=""external"" href=""http://sdw.ecb.europa.eu/web/generator/docu/rtdb_docu.pdf""> notes</a>; block Annual; series: G",,4,,,"Government primary deficit(-) or surplus(+), percent of GDP",Euro area (moving concept in the Real Time database context) - Primary deficit/surplus without UMTS proceeds - All sectors/ unspecified/ not applicable (ESA2010)-NCBs - General government (ESA2010)-NCBs - Non-financial flows current prices - Percentage,XDC_R_B1GQ,0,Replace,2006-05-03T15:30:00.000+02:00,
RTD.A.S0.N.F_UMS_CGG_D0.F,A,S0,N,F_UMS_CGG_D0,F,1999,2.71623,A,F,,,P1Y,S,,,GFS.A.N.I10.W0.S13.S1._Z.B.B9P._Z._Z._Z.XDC_R_B1GQ._Z.S.V.N._T,,,,,,"See <a class=""external"" href=""http://sdw.ecb.europa.eu/web/generator/docu/rtdb_docu.pdf""> notes</a>; block Annual; series: G",,4,,,"Government primary deficit(-) or surplus(+), percent of GDP",Euro area (moving concept in the Real Time database context) - Primary deficit/surplus without UMTS proceeds - All sectors/ unspecified/ not applicable (ESA2010)-NCBs - General government (ESA2010)-NCBs - Non-financial flows current prices - Percentage,XDC_R_B1GQ,0,Replace,2006-05-03T15:30:00.000+02:00,
RTD.A.S0.N.F_UMS_CGG_D0.F,A,S0,N,F_UMS_CGG_D0,F,2000,2.91184,A,F,,,P1Y,S,,,GFS.A.N.I10.W0.S13.S1._Z.B.B9P._Z._Z._Z.XDC_R_B1GQ._Z.S.V.N._T,,,,,,"See <a class=""external"" href=""http://sdw.ecb.europa.eu/web/generator/docu/rtdb_docu.pdf""> notes</a>; block Annual; series: G",,4,,,"Government primary deficit(-) or surplus(+), percent of GDP",Euro area (moving concept in the Real Time database context) - Primary deficit/surplus without UMTS proceeds - All sectors/ unspecified/ not applicable (ESA2010)-NCBs - General government (ESA2010)-NCBs - Non-financial flows current prices - Percentage,XDC_R_B1GQ,0,Replace,2006-05-03T15:30:00.000+02:00,
RTD.A.S0.N.F_UMS_CGG_D0.F,A,S0,N,F_UMS_CGG_D0,F,2001,1.95136,A,F,,,P1Y,S,,,GFS.A.N.I10.W0.S13.S1._Z.B.B9P._Z._Z._Z.XDC_R_B1GQ._Z.S.V.N._T,,,,,,"See <a class=""external"" href=""http://sdw.ecb.europa.eu/web/generator/docu/rtdb_docu.pdf""> notes</a>; block Annual; series: G",,4,,,"Government primary deficit(-) or surplus(+), percent of GDP",Euro area (moving concept in the Real Time database context) - Primary deficit/surplus without UMTS proceeds - All sectors/ unspecified/ not applicable (ESA2010)-NCBs - General government (ESA2010)-NCBs - Non-financial flows current prices - Percentage,XDC_R_B1GQ,0,Replace,2006-05-03T15:30:00.000+02:00,
RTD.A.S0.N.F_UMS_CGG_D0.F,A,S0,N,F_UMS_CGG_D0,F,2002,0.93593,A,F,,,P1Y,S,,,GFS.A.N.I10.W0.S13.S1._Z.B.B9P._Z._Z._Z.XDC_R_B1GQ._Z.S.V.N._T,,,,,,"See <a class=""external"" href=""http://sdw.ecb.europa.eu/web/generator/docu/rtdb_docu.pdf""> notes</a>; block Annual; series: G",,4,,,"Government primary deficit(-) or surplus(+), percent of GDP",Euro area (moving concept in the Real Time database context) - Primary deficit/surplus without UMTS proceeds - All sectors/ unspecified/ not applicable (ESA2010)-NCBs - General government (ESA2010)-NCBs - Non-financial flows current prices - Percentage,XDC_R_B1GQ,0,Replace,2006-05-03T15:30:00.000+02:00,
RTD.A.S0.N.F_UMS_CGG_D0.F,A,S0,N,F_UMS_CGG_D0,F,2003,0.26317,A,F,,,P1Y,S,,,GFS.A.N.I10.W0.S13.S1._Z.B.B9P._Z._Z._Z.XDC_R_B1GQ._Z.S.V.N._T,,,,,,"See <a class=""external"" href=""http://sdw.ecb.europa.eu/web/generator/docu/rtdb_docu.pdf""> notes</a>; block Annual; series: G",,4,,,"Government primary deficit(-) or surplus(+), percent of GDP",Euro area (moving concept in the Real Time database context) - Primary deficit/surplus without UMTS proceeds - All sectors/ unspecified/ not applicable (ESA2010)-NCBs - General government (ESA2010)-NCBs - Non-financial flows current prices - Percentage,XDC_R_B1GQ,0,Replace,2006-05-03T15:30:00.000+02:00,
RTD.A.S0.N.F_UMS_CGG_D0.F,A,S0,N,F_UMS_CGG_D0,F,2004,0.33541,A,F,,,P1Y,S,,,GFS.A.N.I10.W0.S13.S1._Z.B.B9P._Z._Z._Z.XDC_R_B1GQ._Z.S.V.N._T,,,,,,"See <a class=""external"" href=""http://sdw.ecb.europa.eu/web/generator/docu/rtdb_docu.pdf""> notes</a>; block Annual; series: G",,4,,,"Government primary deficit(-) or surplus(+), percent of GDP",Euro area (moving concept in the Real Time database context) - Primary deficit/surplus without UMTS proceeds - All sectors/ unspecified/ not applicable (ESA2010)-NCBs - General government (ESA2010)-NCBs - Non-financial flows current prices - Percentage,XDC_R_B1GQ,0,Replace,2006-05-03T15:30:00.000+02:00,
RTD.A.S0.N.F_UMS_CGG_D0.F,A,S0,N,F_UMS_CGG_D0,F,2005,0.62578,A,F,,,P1Y,S,,,GFS.A.N.I10.W0.S13.S1._Z.B.B9P._Z._Z._Z.XDC_R_B1GQ._Z.S.V.N._T,,,,,,"See <a class=""external"" href=""http://sdw.ecb.europa.eu/web/generator/docu/rtdb_docu.pdf""> notes</a>; block Annual; series: G",,4,,,"Government primary deficit(-) or surplus(+), percent of GDP",Euro area (moving concept in the Real Time database context) - Primary deficit/surplus without UMTS proceeds - All sectors/ unspecified/ not applicable (ESA2010)-NCBs - General government (ESA2010)-NCBs - Non-financial flows current prices - Percentage,XDC_R_B1GQ,0,Replace,2006-05-03T15:30:00.000+02:00,
RTD.A.S0.N.F_UMS_CGG_D0.F,A,S0,N,F_UMS_CGG_D0,F,1992,0.68744,A,F,,,P1Y,S,,,GFS.A.N.I10.W0.S13.S1._Z.B.B9P._Z._Z._Z.XDC_R_B1GQ._Z.S.V.N._T,,,,,,"See <a class=""external"" href=""http://sdw.ecb.europa.eu/web/generator/docu/rtdb_docu.pdf""> notes</a>; block Annual; series: G",,4,,,"Government primary deficit(-) or surplus(+), percent of GDP",Euro area (moving concept in the Real Time database context) - Primary deficit/surplus without UMTS proceeds - All sectors/ unspecified/ not applicable (ESA2010)-NCBs - General government (ESA2010)-NCBs - Non-financial flows current prices - Percentage,XDC_R_B1GQ,0,Replace,2006-06-07T15:30:00.000+02:00,
RTD.A.S0.N.F_UMS_CGG_D0.F,A,S0,N,F_UMS_CGG_D0,F,1993,-0.02923,A,F,,,P1Y,S,,,GFS.A.N.I10.W0.S13.S1._Z.B.B9P._Z._Z._Z.XDC_R_B1GQ._Z.S.V.N._T,,,,,,"See <a class=""external"" href=""http://sdw.ecb.europa.eu/web/generator/docu/rtdb_docu.pdf""> notes</a>; block Annual; series: G",,4,,,"Government primary deficit(-) or surplus(+), percent of GDP",Euro area (moving concept in the Real Time database context) - Primary deficit/surplus without UMTS proceeds - All sectors/ unspecified/ not applicable (ESA2010)-NCBs - General government (ESA2010)-NCBs - Non-financial flows current prices - Percentage,XDC_R_B1GQ,0,Replace,2006-06-07T15:30:00.000+02:00,
RTD.A.S0.N.F_UMS_CGG_D0.F,A,S0,N,F_UMS_CGG_D0,F,1994,0.46899,A,F,,,P1Y,S,,,GFS.A.N.I10.W0.S13.S1._Z.B.B9P._Z._Z._Z.XDC_R_B1GQ._Z.S.V.N._T,,,,,,"See <a class=""external"" href=""http://sdw.ecb.europa.eu/web/generator/docu/rtdb_docu.pdf""> notes</a>; block Annual; series: G",,4,,,"Government primary deficit(-) or surplus(+), percent of GDP",Euro area (moving concept in the Real Time database context) - Primary deficit/surplus without UMTS proceeds - All sectors/ unspecified/ not applicable (ESA2010)-NCBs - General government (ESA2010)-NCBs - Non-financial flows current prices - Percentage,XDC_R_B1GQ,0,Replace,2006-06-07T15:30:00.000+02:00,
RTD.A.S0.N.F_UMS_CGG_D0.F,A,S0,N,F_UMS_CGG_D0,F,1996,1.36008,A,F,,,P1Y,S,,,GFS.A.N.I10.W0.S13.S1._Z.B.B9P._Z._Z._Z.XDC_R_B1GQ._Z.S.V.N._T,,,,,,"See <a class=""external"" href=""http://sdw.ecb.europa.eu/web/generator/docu/rtdb_docu.pdf""> notes</a>; block Annual; series: G",,4,,,"Government primary deficit(-) or surplus(+), percent of GDP",Euro area (moving concept in the Real Time database context) - Primary deficit/surplus without UMTS proceeds - All sectors/ unspecified/ not applicable (ESA2010)-NCBs - General government (ESA2010)-NCBs - Non-financial flows current prices - Percentage,XDC_R_B1GQ,0,Replace,2006-06-07T15:30:00.000+02:00,
RTD.A.S0.N.F_UMS_CGG_D0.F,A,S0,N,F_UMS_CGG_D0,F,1997,2.38745,A,F,,,P1Y,S,,,GFS.A.N.I10.W0.S13.S1._Z.B.B9P._Z._Z._Z.XDC_R_B1GQ._Z.S.V.N._T,,,,,,"See <a class=""external"" href=""http://sdw.ecb.europa.eu/web/generator/docu/rtdb_docu.pdf""> notes</a>; block Annual; series: G",,4,,,"Government primary deficit(-) or surplus(+), percent of GDP",Euro area (moving concept in the Real Time database context) - Primary deficit/surplus without UMTS proceeds - All sectors/ unspecified/ not applicable (ESA2010)-NCBs - General government (ESA2010)-NCBs - Non-financial flows current prices - Percentage,XDC_R_B1GQ,0,Replace,2006-06-07T15:30:00.000+02:00,
RTD.A.S0.N.F_UMS_CGG_D0.F,A,S0,N,F_UMS_CGG_D0,F,1998,2.34861,A,F,,,P1Y,S,,,GFS.A.N.I10.W0.S13.S1._Z.B.B9P._Z._Z._Z.XDC_R_B1GQ._Z.S.V.N._T,,,,,,"See <a class=""external"" href=""http://sdw.ecb.europa.eu/web/generator/docu/rtdb_docu.pdf""> notes</a>; block Annual; series: G",,4,,,"Government primary deficit(-) or surplus(+), percent of GDP",Euro area (moving concept in the Real Time database context) - Primary deficit/surplus without UMTS proceeds - All sectors/ unspecified/ not applicable (ESA2010)-NCBs - General government (ESA2010)-NCBs - Non-financial flows current prices - Percentage,XDC_R_B1GQ,0,Replace,2006-06-07T15:30:00.000+02:00,
RTD.A.S0.N.F_UMS_CGG_D0.F,A,S0,N,F_UMS_CGG_D0,F,1999,2.70677,A,F,,,P1Y,S,,,GFS.A.N.I10.W0.S13.S1._Z.B.B9P._Z._Z._Z.XDC_R_B1GQ._Z.S.V.N._T,,,,,,"See <a class=""external"" href=""http://sdw.ecb.europa.eu/web/generator/docu/rtdb_docu.pdf""> notes</a>; block Annual; series: G",,4,,,"Government primary deficit(-) or surplus(+), percent of GDP",Euro area (moving concept in the Real Time database context) - Primary deficit/surplus without UMTS proceeds - All sectors/ unspecified/ not applicable (ESA2010)-NCBs - General government (ESA2010)-NCBs - Non-financial flows current prices - Percentage,XDC_R_B1GQ,0,Replace,2006-06-07T15:30:00.000+02:00,
RTD.A.S0.N.F_UMS_CGG_D0.F,A,S0,N,F_UMS_CGG_D0,F,2000,2.91149,A,F,,,P1Y,S,,,GFS.A.N.I10.W0.S13.S1._Z.B.B9P._Z._Z._Z.XDC_R_B1GQ._Z.S.V.N._T,,,,,,"See <a class=""external"" href=""http://sdw.ecb.europa.eu/web/generator/docu/rtdb_docu.pdf""> notes</a>; block Annual; series: G",,4,,,"Government primary deficit(-) or surplus(+), percent of GDP",Euro area (moving concept in the Real Time database context) - Primary deficit/surplus without UMTS proceeds - All sectors/ unspecified/ not applicable (ESA2010)-NCBs - General government (ESA2010)-NCBs - Non-financial flows current prices - Percentage,XDC_R_B1GQ,0,Replace,2006-06-07T15:30:00.000+02:00,
RTD.A.S0.N.F_UMS_CGG_D0.F,A,S0,N,F_UMS_CGG_D0,F,2001,1.95096,A,F,,,P1Y,S,,,GFS.A.N.I10.W0.S13.S1._Z.B.B9P._Z._Z._Z.XDC_R_B1GQ._Z.S.V.N._T,,,,,,"See <a class=""external"" href=""http://sdw.ecb.europa.eu/web/generator/docu/rtdb_docu.pdf""> notes</a>; block Annual; series: G",,4,,,"Government primary deficit(-) or surplus(+), percent of GDP",Euro area (moving concept in the Real Time database context) - Primary deficit/surplus without UMTS proceeds - All sectors/ unspecified/ not applicable (ESA2010)-NCBs - General government (ESA2010)-NCBs - Non-financial flows current prices - Percentage,XDC_R_B1GQ,0,Replace,2006-06-07T15:30:00.000+02:00,
RTD.A.S0.N.F_UMS_CGG_D0.F,A,S0,N,F_UMS_CGG_D0,F,2002,0.93592,A,F,,,P1Y,S,,,GFS.A.N.I10.W0.S13.S1._Z.B.B9P._Z._Z._Z.XDC_R_B1GQ._Z.S.V.N._T,,,,,,"See <a class=""external"" href=""http://sdw.ecb.europa.eu/web/generator/docu/rtdb_docu.pdf""> notes</a>; block Annual; series: G",,4,,,"Government primary deficit(-) or surplus(+), percent of GDP",Euro area (moving concept in the Real Time database context) - Primary deficit/surplus without UMTS proceeds - All sectors/ unspecified/ not applicable (ESA2010)-NCBs - General government (ESA2010)-NCBs - Non-financial flows current prices - Percentage,XDC_R_B1GQ,0,Replace,2006-06-07T15:30:00.000+02:00,
RTD.A.S0.N.F_UMS_CGG_D0.F,A,S0,N,F_UMS_CGG_D0,F,2003,0.26341,A,F,,,P1Y,S,,,GFS.A.N.I10.W0.S13.S1._Z.B.B9P._Z._Z._Z.XDC_R_B1GQ._Z.S.V.N._T,,,,,,"See <a class=""external"" href=""http://sdw.ecb.europa.eu/web/generator/docu/rtdb_docu.pdf""> notes</a>; block Annual; series: G",,4,,,"Government primary deficit(-) or surplus(+), percent of GDP",Euro area (moving concept in the Real Time database context) - Primary deficit/surplus without UMTS proceeds - All sectors/ unspecified/ not applicable (ESA2010)-NCBs - General government (ESA2010)-NCBs - Non-financial flows current prices - Percentage,XDC_R_B1GQ,0,Replace,2006-06-07T15:30:00.000+02:00,
RTD.A.S0.N.F_UMS_CGG_D0.F,A,S0,N,F_UMS_CGG_D0,F,2004,0.33539,A,F,,,P1Y,S,,,GFS.A.N.I10.W0.S13.S1._Z.B.B9P._Z._Z._Z.XDC_R_B1GQ._Z.S.V.N._T,,,,,,"See <a class=""external"" href=""http://sdw.ecb.europa.eu/web/generator/docu/rtdb_docu.pdf""> notes</a>; block Annual; series: G",,4,,,"Government primary deficit(-) or surplus(+), percent of GDP",Euro area (moving concept in the Real Time database context) - Primary deficit/surplus without UMTS proceeds - All sectors/ unspecified/ not applicable (ESA2010)-NCBs - General government (ESA2010)-NCBs - Non-financial flows current prices - Percentage,XDC_R_B1GQ,0,Replace,2006-06-07T15:30:00.000+02:00,
RTD.A.S0.N.F_UMS_CGG_D0.F,A,S0,N,F_UMS_CGG_D0,F,2005,0.61775,A,F,,,P1Y,S,,,GFS.A.N.I10.W0.S13.S1._Z.B.B9P._Z._Z._Z.XDC_R_B1GQ._Z.S.V.N._T,,,,,,"See <a class=""external"" href=""http://sdw.ecb.europa.eu/web/generator/docu/rtdb_docu.pdf""> notes</a>; block Annual; series: G",,4,,,"Government primary deficit(-) or surplus(+), percent of GDP",Euro area (moving concept in the Real Time database context) - Primary deficit/surplus without UMTS proceeds - All sectors/ unspecified/ not applicable (ESA2010)-NCBs - General government (ESA2010)-NCBs - Non-financial flows current prices - Percentage,XDC_R_B1GQ,0,Replace,2006-06-07T15:30:00.000+02:00,
RTD.A.S0.N.F_UMS_CGG_D0.F,A,S0,N,F_UMS_CGG_D0,F,1994,0.46898,A,F,,,P1Y,S,,,GFS.A.N.I10.W0.S13.S1._Z.B.B9P._Z._Z._Z.XDC_R_B1GQ._Z.S.V.N._T,,,,,,"See <a class=""external"" href=""http://sdw.ecb.europa.eu/web/generator/docu/rtdb_docu.pdf""> notes</a>; block Annual; series: G",,4,,,"Government primary deficit(-) or surplus(+), percent of GDP",Euro area (moving concept in the Real Time database context) - Primary deficit/surplus without UMTS proceeds - All sectors/ unspecified/ not applicable (ESA2010)-NCBs - General government (ESA2010)-NCBs - Non-financial flows current prices - Percentage,XDC_R_B1GQ,0,Replace,2006-07-05T15:30:00.000+02:00,
RTD.A.S0.N.F_UMS_CGG_D0.F,A,S0,N,F_UMS_CGG_D0,F,1997,2.38744,A,F,,,P1Y,S,,,GFS.A.N.I10.W0.S13.S1._Z.B.B9P._Z._Z._Z.XDC_R_B1GQ._Z.S.V.N._T,,,,,,"See <a class=""external"" href=""http://sdw.ecb.europa.eu/web/generator/docu/rtdb_docu.pdf""> notes</a>; block Annual; series: G",,4,,,"Government primary deficit(-) or surplus(+), percent of GDP",Euro area (moving concept in the Real Time database context) - Primary deficit/surplus without UMTS proceeds - All sectors/ unspecified/ not applicable (ESA2010)-NCBs - General government (ESA2010)-NCBs - Non-financial flows current prices - Percentage,XDC_R_B1GQ,0,Replace,2006-07-05T15:30:00.000+02:00,
RTD.A.S0.N.F_UMS_CGG_D0.F,A,S0,N,F_UMS_CGG_D0,F,2001,1.95095,A,F,,,P1Y,S,,,GFS.A.N.I10.W0.S13.S1._Z.B.B9P._Z._Z._Z.XDC_R_B1GQ._Z.S.V.N._T,,,,,,"See <a class=""external"" href=""http://sdw.ecb.europa.eu/web/generator/docu/rtdb_docu.pdf""> notes</a>; block Annual; series: G",,4,,,"Government primary deficit(-) or surplus(+), percent of GDP",Euro area (moving concept in the Real Time database context) - Primary deficit/surplus without UMTS proceeds - All sectors/ unspecified/ not applicable (ESA2010)-NCBs - General government (ESA2010)-NCBs - Non-financial flows current prices - Percentage,XDC_R_B1GQ,0,Replace,2006-07-05T15:30:00.000+02:00,
RTD.A.S0.N.F_UMS_CGG_D0.F,A,S0,N,F_UMS_CGG_D0,F,2002,0.93591,A,F,,,P1Y,S,,,GFS.A.N.I10.W0.S13.S1._Z.B.B9P._Z._Z._Z.XDC_R_B1GQ._Z.S.V.N._T,,,,,,"See <a class=""external"" href=""http://sdw.ecb.europa.eu/web/generator/docu/rtdb_docu.pdf""> notes</a>; block Annual; series: G",,4,,,"Government primary deficit(-) or surplus(+), percent of GDP",Euro area (moving concept in the Real Time database context) - Primary deficit/surplus without UMTS proceeds - All sectors/ unspecified/ not applicable (ESA2010)-NCBs - General government (ESA2010)-NCBs - Non-financial flows current prices - Percentage,XDC_R_B1GQ,0,Replace,2006-07-05T15:30:00.000+02:00,
RTD.A.S0.N.F_UMS_CGG_D0.F,A,S0,N,F_UMS_CGG_D0,F,2005,0.61907,A,F,,,P1Y,S,,,GFS.A.N.I10.W0.S13.S1._Z.B.B9P._Z._Z._Z.XDC_R_B1GQ._Z.S.V.N._T,,,,,,"See <a class=""external"" href=""http://sdw.ecb.europa.eu/web/generator/docu/rtdb_docu.pdf""> notes</a>; block Annual; series: G",,4,,,"Government primary deficit(-) or surplus(+), percent of GDP",Euro area (moving concept in the Real Time database context) - Primary deficit/surplus without UMTS proceeds - All sectors/ unspecified/ not applicable (ESA2010)-NCBs - General government (ESA2010)-NCBs - Non-financial flows current prices - Percentage,XDC_R_B1GQ,0,Replace,2006-08-02T15:30:00.000+02:00,
RTD.A.S0.N.F_UMS_CGG_D0.F,A,S0,N,F_UMS_CGG_D0,F,2002,0.94995,A,F,,,P1Y,S,,,GFS.A.N.I10.W0.S13.S1._Z.B.B9P._Z._Z._Z.XDC_R_B1GQ._Z.S.V.N._T,,,,,,"See <a class=""external"" href=""http://sdw.ecb.europa.eu/web/generator/docu/rtdb_docu.pdf""> notes</a>; block Annual; series: G",,4,,,"Government primary deficit(-) or surplus(+), percent of GDP",Euro area (moving concept in the Real Time database context) - Primary deficit/surplus without UMTS proceeds - All sectors/ unspecified/ not applicable (ESA2010)-NCBs - General government (ESA2010)-NCBs - Non-financial flows current prices - Percentage,XDC_R_B1GQ,0,Replace,2006-08-30T15:30:00.000+02:00,
RTD.A.S0.N.F_UMS_CGG_D0.F,A,S0,N,F_UMS_CGG_D0,F,2003,0.25114,A,F,,,P1Y,S,,,GFS.A.N.I10.W0.S13.S1._Z.B.B9P._Z._Z._Z.XDC_R_B1GQ._Z.S.V.N._T,,,,,,"See <a class=""external"" href=""http://sdw.ecb.europa.eu/web/generator/docu/rtdb_docu.pdf""> notes</a>; block Annual; series: G",,4,,,"Government primary deficit(-) or surplus(+), percent of GDP",Euro area (moving concept in the Real Time database context) - Primary deficit/surplus without UMTS proceeds - All sectors/ unspecified/ not applicable (ESA2010)-NCBs - General government (ESA2010)-NCBs - Non-financial flows current prices - Percentage,XDC_R_B1GQ,0,Replace,2006-08-30T15:30:00.000+02:00,
RTD.A.S0.N.F_UMS_CGG_D0.F,A,S0,N,F_UMS_CGG_D0,F,2004,0.31393,A,F,,,P1Y,S,,,GFS.A.N.I10.W0.S13.S1._Z.B.B9P._Z._Z._Z.XDC_R_B1GQ._Z.S.V.N._T,,,,,,"See <a class=""external"" href=""http://sdw.ecb.europa.eu/web/generator/docu/rtdb_docu.pdf""> notes</a>; block Annual; series: G",,4,,,"Government primary deficit(-) or surplus(+), percent of GDP",Euro area (moving concept in the Real Time database context) - Primary deficit/surplus without UMTS proceeds - All sectors/ unspecified/ not applicable (ESA2010)-NCBs - General government (ESA2010)-NCBs - Non-financial flows current prices - Percentage,XDC_R_B1GQ,0,Replace,2006-08-30T15:30:00.000+02:00,
RTD.A.S0.N.F_UMS_CGG_D0.F,A,S0,N,F_UMS_CGG_D0,F,2005,0.6258,A,F,,,P1Y,S,,,GFS.A.N.I10.W0.S13.S1._Z.B.B9P._Z._Z._Z.XDC_R_B1GQ._Z.S.V.N._T,,,,,,"See <a class=""external"" href=""http://sdw.ecb.europa.eu/web/generator/docu/rtdb_docu.pdf""> notes</a>; block Annual; series: G",,4,,,"Government primary deficit(-) or surplus(+), percent of GDP",Euro area (moving concept in the Real Time database context) - Primary deficit/surplus without UMTS proceeds - All sectors/ unspecified/ not applicable (ESA2010)-NCBs - General government (ESA2010)-NCBs - Non-financial flows current prices - Percentage,XDC_R_B1GQ,0,Replace,2006-08-30T15:30:00.000+02:00,
RTD.A.S0.N.F_UMS_CGG_D0.F,A,S0,N,F_UMS_CGG_D0,F,1991,0.32097,A,F,,,P1Y,S,,,GFS.A.N.I10.W0.S13.S1._Z.B.B9P._Z._Z._Z.XDC_R_B1GQ._Z.S.V.N._T,,,,,,"See <a class=""external"" href=""http://sdw.ecb.europa.eu/web/generator/docu/rtdb_docu.pdf""> notes</a>; block Annual; series: G",,4,,,"Government primary deficit(-) or surplus(+), percent of GDP",Euro area (moving concept in the Real Time database context) - Primary deficit/surplus without UMTS proceeds - All sectors/ unspecified/ not applicable (ESA2010)-NCBs - General government (ESA2010)-NCBs - Non-financial flows current prices - Percentage,XDC_R_B1GQ,0,Replace,2006-10-31T15:30:00.000+01:00,
RTD.A.S0.N.F_UMS_CGG_D0.F,A,S0,N,F_UMS_CGG_D0,F,1992,0.59407,A,F,,,P1Y,S,,,GFS.A.N.I10.W0.S13.S1._Z.B.B9P._Z._Z._Z.XDC_R_B1GQ._Z.S.V.N._T,,,,,,"See <a class=""external"" href=""http://sdw.ecb.europa.eu/web/generator/docu/rtdb_docu.pdf""> notes</a>; block Annual; series: G",,4,,,"Government primary deficit(-) or surplus(+), percent of GDP",Euro area (moving concept in the Real Time database context) - Primary deficit/surplus without UMTS proceeds - All sectors/ unspecified/ not applicable (ESA2010)-NCBs - General government (ESA2010)-NCBs - Non-financial flows current prices - Percentage,XDC_R_B1GQ,0,Replace,2006-10-31T15:30:00.000+01:00,
RTD.A.S0.N.F_UMS_CGG_D0.F,A,S0,N,F_UMS_CGG_D0,F,1993,-0.00703,A,F,,,P1Y,S,,,GFS.A.N.I10.W0.S13.S1._Z.B.B9P._Z._Z._Z.XDC_R_B1GQ._Z.S.V.N._T,,,,,,"See <a class=""external"" href=""http://sdw.ecb.europa.eu/web/generator/docu/rtdb_docu.pdf""> notes</a>; block Annual; series: G",,4,,,"Government primary deficit(-) or surplus(+), percent of GDP",Euro area (moving concept in the Real Time database context) - Primary deficit/surplus without UMTS proceeds - All sectors/ unspecified/ not applicable (ESA2010)-NCBs - General government (ESA2010)-NCBs - Non-financial flows current prices - Percentage,XDC_R_B1GQ,0,Replace,2006-10-31T15:30:00.000+01:00,
RTD.A.S0.N.F_UMS_CGG_D0.F,A,S0,N,F_UMS_CGG_D0,F,1994,0.48339,A,F,,,P1Y,S,,,GFS.A.N.I10.W0.S13.S1._Z.B.B9P._Z._Z._Z.XDC_R_B1GQ._Z.S.V.N._T,,,,,,"See <a class=""external"" href=""http://sdw.ecb.europa.eu/web/generator/docu/rtdb_docu.pdf""> notes</a>; block Annual; series: G",,4,,,"Government primary deficit(-) or surplus(+), percent of GDP",Euro area (moving concept in the Real Time database context) - Primary deficit/surplus without UMTS proceeds - All sectors/ unspecified/ not applicable (ESA2010)-NCBs - General government (ESA2010)-NCBs - Non-financial flows current prices - Percentage,XDC_R_B1GQ,0,Replace,2006-10-31T15:30:00.000+01:00,
RTD.A.S0.N.F_UMS_CGG_D0.F,A,S0,N,F_UMS_CGG_D0,F,1995,0.56471,A,F,,,P1Y,S,,,GFS.A.N.I10.W0.S13.S1._Z.B.B9P._Z._Z._Z.XDC_R_B1GQ._Z.S.V.N._T,,,,,,"See <a class=""external"" href=""http://sdw.ecb.europa.eu/web/generator/docu/rtdb_docu.pdf""> notes</a>; block Annual; series: G",,4,,,"Government primary deficit(-) or surplus(+), percent of GDP",Euro area (moving concept in the Real Time database context) - Primary deficit/surplus without UMTS proceeds - All sectors/ unspecified/ not applicable (ESA2010)-NCBs - General government (ESA2010)-NCBs - Non-financial flows current prices - Percentage,XDC_R_B1GQ,0,Replace,2006-10-31T15:30:00.000+01:00,
RTD.A.S0.N.F_UMS_CGG_D0.F,A,S0,N,F_UMS_CGG_D0,F,1996,1.34285,A,F,,,P1Y,S,,,GFS.A.N.I10.W0.S13.S1._Z.B.B9P._Z._Z._Z.XDC_R_B1GQ._Z.S.V.N._T,,,,,,"See <a class=""external"" href=""http://sdw.ecb.europa.eu/web/generator/docu/rtdb_docu.pdf""> notes</a>; block Annual; series: G",,4,,,"Government primary deficit(-) or surplus(+), percent of GDP",Euro area (moving concept in the Real Time database context) - Primary deficit/surplus without UMTS proceeds - All sectors/ unspecified/ not applicable (ESA2010)-NCBs - General government (ESA2010)-NCBs - Non-financial flows current prices - Percentage,XDC_R_B1GQ,0,Replace,2006-10-31T15:30:00.000+01:00,
RTD.A.S0.N.F_UMS_CGG_D0.F,A,S0,N,F_UMS_CGG_D0,F,1997,2.36761,A,F,,,P1Y,S,,,GFS.A.N.I10.W0.S13.S1._Z.B.B9P._Z._Z._Z.XDC_R_B1GQ._Z.S.V.N._T,,,,,,"See <a class=""external"" href=""http://sdw.ecb.europa.eu/web/generator/docu/rtdb_docu.pdf""> notes</a>; block Annual; series: G",,4,,,"Government primary deficit(-) or surplus(+), percent of GDP",Euro area (moving concept in the Real Time database context) - Primary deficit/surplus without UMTS proceeds - All sectors/ unspecified/ not applicable (ESA2010)-NCBs - General government (ESA2010)-NCBs - Non-financial flows current prices - Percentage,XDC_R_B1GQ,0,Replace,2006-10-31T15:30:00.000+01:00,
RTD.A.S0.N.F_UMS_CGG_D0.F,A,S0,N,F_UMS_CGG_D0,F,1998,2.33456,A,F,,,P1Y,S,,,GFS.A.N.I10.W0.S13.S1._Z.B.B9P._Z._Z._Z.XDC_R_B1GQ._Z.S.V.N._T,,,,,,"See <a class=""external"" href=""http://sdw.ecb.europa.eu/web/generator/docu/rtdb_docu.pdf""> notes</a>; block Annual; series: G",,4,,,"Government primary deficit(-) or surplus(+), percent of GDP",Euro area (moving concept in the Real Time database context) - Primary deficit/surplus without UMTS proceeds - All sectors/ unspecified/ not applicable (ESA2010)-NCBs - General government (ESA2010)-NCBs - Non-financial flows current prices - Percentage,XDC_R_B1GQ,0,Replace,2006-10-31T15:30:00.000+01:00,
RTD.A.S0.N.F_UMS_CGG_D0.F,A,S0,N,F_UMS_CGG_D0,F,1999,2.68399,A,F,,,P1Y,S,,,GFS.A.N.I10.W0.S13.S1._Z.B.B9P._Z._Z._Z.XDC_R_B1GQ._Z.S.V.N._T,,,,,,"See <a class=""external"" href=""http://sdw.ecb.europa.eu/web/generator/docu/rtdb_docu.pdf""> notes</a>; block Annual; series: G",,4,,,"Government primary deficit(-) or surplus(+), percent of GDP",Euro area (moving concept in the Real Time database context) - Primary deficit/surplus without UMTS proceeds - All sectors/ unspecified/ not applicable (ESA2010)-NCBs - General government (ESA2010)-NCBs - Non-financial flows current prices - Percentage,XDC_R_B1GQ,0,Replace,2006-10-31T15:30:00.000+01:00,
RTD.A.S0.N.F_UMS_CGG_D0.F,A,S0,N,F_UMS_CGG_D0,F,2000,2.89463,A,F,,,P1Y,S,,,GFS.A.N.I10.W0.S13.S1._Z.B.B9P._Z._Z._Z.XDC_R_B1GQ._Z.S.V.N._T,,,,,,"See <a class=""external"" href=""http://sdw.ecb.europa.eu/web/generator/docu/rtdb_docu.pdf""> notes</a>; block Annual; series: G",,4,,,"Government primary deficit(-) or surplus(+), percent of GDP",Euro area (moving concept in the Real Time database context) - Primary deficit/surplus without UMTS proceeds - All sectors/ unspecified/ not applicable (ESA2010)-NCBs - General government (ESA2010)-NCBs - Non-financial flows current prices - Percentage,XDC_R_B1GQ,0,Replace,2006-10-31T15:30:00.000+01:00,
RTD.A.S0.N.F_UMS_CGG_D0.F,A,S0,N,F_UMS_CGG_D0,F,2001,1.94727,A,F,,,P1Y,S,,,GFS.A.N.I10.W0.S13.S1._Z.B.B9P._Z._Z._Z.XDC_R_B1GQ._Z.S.V.N._T,,,,,,"See <a class=""external"" href=""http://sdw.ecb.europa.eu/web/generator/docu/rtdb_docu.pdf""> notes</a>; block Annual; series: G",,4,,,"Government primary deficit(-) or surplus(+), percent of GDP",Euro area (moving concept in the Real Time database context) - Primary deficit/surplus without UMTS proceeds - All sectors/ unspecified/ not applicable (ESA2010)-NCBs - General government (ESA2010)-NCBs - Non-financial flows current prices - Percentage,XDC_R_B1GQ,0,Replace,2006-10-31T15:30:00.000+01:00,
RTD.A.S0.N.F_UMS_CGG_D0.F,A,S0,N,F_UMS_CGG_D0,F,2002,0.94454,A,F,,,P1Y,S,,,GFS.A.N.I10.W0.S13.S1._Z.B.B9P._Z._Z._Z.XDC_R_B1GQ._Z.S.V.N._T,,,,,,"See <a class=""external"" href=""http://sdw.ecb.europa.eu/web/generator/docu/rtdb_docu.pdf""> notes</a>; block Annual; series: G",,4,,,"Government primary deficit(-) or surplus(+), percent of GDP",Euro area (moving concept in the Real Time database context) - Primary deficit/surplus without UMTS proceeds - All sectors/ unspecified/ not applicable (ESA2010)-NCBs - General government (ESA2010)-NCBs - Non-financial flows current prices - Percentage,XDC_R_B1GQ,0,Replace,2006-10-31T15:30:00.000+01:00,
RTD.A.S0.N.F_UMS_CGG_D0.F,A,S0,N,F_UMS_CGG_D0,F,2003,0.22703,A,F,,,P1Y,S,,,GFS.A.N.I10.W0.S13.S1._Z.B.B9P._Z._Z._Z.XDC_R_B1GQ._Z.S.V.N._T,,,,,,"See <a class=""external"" href=""http://sdw.ecb.europa.eu/web/generator/docu/rtdb_docu.pdf""> notes</a>; block Annual; series: G",,4,,,"Government primary deficit(-) or surplus(+), percent of GDP",Euro area (moving concept in the Real Time database context) - Primary deficit/surplus without UMTS proceeds - All sectors/ unspecified/ not applicable (ESA2010)-NCBs - General government (ESA2010)-NCBs - Non-financial flows current prices - Percentage,XDC_R_B1GQ,0,Replace,2006-10-31T15:30:00.000+01:00,
RTD.A.S0.N.F_UMS_CGG_D0.F,A,S0,N,F_UMS_CGG_D0,F,2004,0.29634,A,F,,,P1Y,S,,,GFS.A.N.I10.W0.S13.S1._Z.B.B9P._Z._Z._Z.XDC_R_B1GQ._Z.S.V.N._T,,,,,,"See <a class=""external"" href=""http://sdw.ecb.europa.eu/web/generator/docu/rtdb_docu.pdf""> notes</a>; block Annual; series: G",,4,,,"Government primary deficit(-) or surplus(+), percent of GDP",Euro area (moving concept in the Real Time database context) - Primary deficit/surplus without UMTS proceeds - All sectors/ unspecified/ not applicable (ESA2010)-NCBs - General government (ESA2010)-NCBs - Non-financial flows current prices - Percentage,XDC_R_B1GQ,0,Replace,2006-10-31T15:30:00.000+01:00,
RTD.A.S0.N.F_UMS_CGG_D0.F,A,S0,N,F_UMS_CGG_D0,F,2005,0.61693,A,F,,,P1Y,S,,,GFS.A.N.I10.W0.S13.S1._Z.B.B9P._Z._Z._Z.XDC_R_B1GQ._Z.S.V.N._T,,,,,,"See <a class=""external"" href=""http://sdw.ecb.europa.eu/web/generator/docu/rtdb_docu.pdf""> notes</a>; block Annual; series: G",,4,,,"Government primary deficit(-) or surplus(+), percent of GDP",Euro area (moving concept in the Real Time database context) - Primary deficit/surplus without UMTS proceeds - All sectors/ unspecified/ not applicable (ESA2010)-NCBs - General government (ESA2010)-NCBs - Non-financial flows current prices - Percentage,XDC_R_B1GQ,0,Replace,2006-10-31T15:30:00.000+01:00,
RTD.A.S0.N.F_UMS_CGG_D0.F,A,S0,N,F_UMS_CGG_D0,F,2000,2.89456,A,F,,,P1Y,S,,,GFS.A.N.I10.W0.S13.S1._Z.B.B9P._Z._Z._Z.XDC_R_B1GQ._Z.S.V.N._T,,,,,,"See <a class=""external"" href=""http://sdw.ecb.europa.eu/web/generator/docu/rtdb_docu.pdf""> notes</a>; block Annual; series: G",,4,,,"Government primary deficit(-) or surplus(+), percent of GDP",Euro area (moving concept in the Real Time database context) - Primary deficit/surplus without UMTS proceeds - All sectors/ unspecified/ not applicable (ESA2010)-NCBs - General government (ESA2010)-NCBs - Non-financial flows current prices - Percentage,XDC_R_B1GQ,0,Replace,2006-12-06T15:30:00.000+01:00,
RTD.A.S0.N.F_UMS_CGG_D0.F,A,S0,N,F_UMS_CGG_D0,F,2001,1.94737,A,F,,,P1Y,S,,,GFS.A.N.I10.W0.S13.S1._Z.B.B9P._Z._Z._Z.XDC_R_B1GQ._Z.S.V.N._T,,,,,,"See <a class=""external"" href=""http://sdw.ecb.europa.eu/web/generator/docu/rtdb_docu.pdf""> notes</a>; block Annual; series: G",,4,,,"Government primary deficit(-) or surplus(+), percent of GDP",Euro area (moving concept in the Real Time database context) - Primary deficit/surplus without UMTS proceeds - All sectors/ unspecified/ not applicable (ESA2010)-NCBs - General government (ESA2010)-NCBs - Non-financial flows current prices - Percentage,XDC_R_B1GQ,0,Replace,2006-12-06T15:30:00.000+01:00,
RTD.A.S0.N.F_UMS_CGG_D0.F,A,S0,N,F_UMS_CGG_D0,F,2002,0.94462,A,F,,,P1Y,S,,,GFS.A.N.I10.W0.S13.S1._Z.B.B9P._Z._Z._Z.XDC_R_B1GQ._Z.S.V.N._T,,,,,,"See <a class=""external"" href=""http://sdw.ecb.europa.eu/web/generator/docu/rtdb_docu.pdf""> notes</a>; block Annual; series: G",,4,,,"Government primary deficit(-) or surplus(+), percent of GDP",Euro area (moving concept in the Real Time database context) - Primary deficit/surplus without UMTS proceeds - All sectors/ unspecified/ not applicable (ESA2010)-NCBs - General government (ESA2010)-NCBs - Non-financial flows current prices - Percentage,XDC_R_B1GQ,0,Replace,2006-12-06T15:30:00.000+01:00,
RTD.A.S0.N.F_UMS_CGG_D0.F,A,S0,N,F_UMS_CGG_D0,F,2003,0.22705,A,F,,,P1Y,S,,,GFS.A.N.I10.W0.S13.S1._Z.B.B9P._Z._Z._Z.XDC_R_B1GQ._Z.S.V.N._T,,,,,,"See <a class=""external"" href=""http://sdw.ecb.europa.eu/web/generator/docu/rtdb_docu.pdf""> notes</a>; block Annual; series: G",,4,,,"Government primary deficit(-) or surplus(+), percent of GDP",Euro area (moving concept in the Real Time database context) - Primary deficit/surplus without UMTS proceeds - All sectors/ unspecified/ not applicable (ESA2010)-NCBs - General government (ESA2010)-NCBs - Non-financial flows current prices - Percentage,XDC_R_B1GQ,0,Replace,2006-12-06T15:30:00.000+01:00,
RTD.A.S0.N.F_UMS_CGG_D0.F,A,S0,N,F_UMS_CGG_D0,F,2004,0.29639,A,F,,,P1Y,S,,,GFS.A.N.I10.W0.S13.S1._Z.B.B9P._Z._Z._Z.XDC_R_B1GQ._Z.S.V.N._T,,,,,,"See <a class=""external"" href=""http://sdw.ecb.europa.eu/web/generator/docu/rtdb_docu.pdf""> notes</a>; block Annual; series: G",,4,,,"Government primary deficit(-) or surplus(+), percent of GDP",Euro area (moving concept in the Real Time database context) - Primary deficit/surplus without UMTS proceeds - All sectors/ unspecified/ not applicable (ESA2010)-NCBs - General government (ESA2010)-NCBs - Non-financial flows current prices - Percentage,XDC_R_B1GQ,0,Replace,2006-12-06T15:30:00.000+01:00,
RTD.A.S0.N.F_UMS_CGG_D0.F,A,S0,N,F_UMS_CGG_D0,F,2005,0.53023,A,F,,,P1Y,S,,,GFS.A.N.I10.W0.S13.S1._Z.B.B9P._Z._Z._Z.XDC_R_B1GQ._Z.S.V.N._T,,,,,,"See <a class=""external"" href=""http://sdw.ecb.europa.eu/web/generator/docu/rtdb_docu.pdf""> notes</a>; block Annual; series: G",,4,,,"Government primary deficit(-) or surplus(+), percent of GDP",Euro area (moving concept in the Real Time database context) - Primary deficit/surplus without UMTS proceeds - All sectors/ unspecified/ not applicable (ESA2010)-NCBs - General government (ESA2010)-NCBs - Non-financial flows current prices - Percentage,XDC_R_B1GQ,0,Replace,2006-12-06T15:30:00.000+01:00,
RTD.A.S0.N.F_UMS_CGG_D0.F,A,S0,N,F_UMS_CGG_D0,F,1995,0.55241,A,F,,,P1Y,S,,,GFS.A.N.I10.W0.S13.S1._Z.B.B9P._Z._Z._Z.XDC_R_B1GQ._Z.S.V.N._T,,,,,,"See <a class=""external"" href=""http://sdw.ecb.europa.eu/web/generator/docu/rtdb_docu.pdf""> notes</a>; block Annual; series: G",,4,,,"Government primary deficit(-) or surplus(+), percent of GDP",Euro area (moving concept in the Real Time database context) - Primary deficit/surplus without UMTS proceeds - All sectors/ unspecified/ not applicable (ESA2010)-NCBs - General government (ESA2010)-NCBs - Non-financial flows current prices - Percentage,XDC_R_B1GQ,0,Replace,2007-05-08T15:30:00.000+02:00,
RTD.A.S0.N.F_UMS_CGG_D0.F,A,S0,N,F_UMS_CGG_D0,F,1996,1.33096,A,F,,,P1Y,S,,,GFS.A.N.I10.W0.S13.S1._Z.B.B9P._Z._Z._Z.XDC_R_B1GQ._Z.S.V.N._T,,,,,,"See <a class=""external"" href=""http://sdw.ecb.europa.eu/web/generator/docu/rtdb_docu.pdf""> notes</a>; block Annual; series: G",,4,,,"Government primary deficit(-) or surplus(+), percent of GDP",Euro area (moving concept in the Real Time database context) - Primary deficit/surplus without UMTS proceeds - All sectors/ unspecified/ not applicable (ESA2010)-NCBs - General government (ESA2010)-NCBs - Non-financial flows current prices - Percentage,XDC_R_B1GQ,0,Replace,2007-05-08T15:30:00.000+02:00,
RTD.A.S0.N.F_UMS_CGG_D0.F,A,S0,N,F_UMS_CGG_D0,F,1997,2.36023,A,F,,,P1Y,S,,,GFS.A.N.I10.W0.S13.S1._Z.B.B9P._Z._Z._Z.XDC_R_B1GQ._Z.S.V.N._T,,,,,,"See <a class=""external"" href=""http://sdw.ecb.europa.eu/web/generator/docu/rtdb_docu.pdf""> notes</a>; block Annual; series: G",,4,,,"Government primary deficit(-) or surplus(+), percent of GDP",Euro area (moving concept in the Real Time database context) - Primary deficit/surplus without UMTS proceeds - All sectors/ unspecified/ not applicable (ESA2010)-NCBs - General government (ESA2010)-NCBs - Non-financial flows current prices - Percentage,XDC_R_B1GQ,0,Replace,2007-05-08T15:30:00.000+02:00,
RTD.A.S0.N.F_UMS_CGG_D0.F,A,S0,N,F_UMS_CGG_D0,F,1998,2.32331,A,F,,,P1Y,S,,,GFS.A.N.I10.W0.S13.S1._Z.B.B9P._Z._Z._Z.XDC_R_B1GQ._Z.S.V.N._T,,,,,,"See <a class=""external"" href=""http://sdw.ecb.europa.eu/web/generator/docu/rtdb_docu.pdf""> notes</a>; block Annual; series: G",,4,,,"Government primary deficit(-) or surplus(+), percent of GDP",Euro area (moving concept in the Real Time database context) - Primary deficit/surplus without UMTS proceeds - All sectors/ unspecified/ not applicable (ESA2010)-NCBs - General government (ESA2010)-NCBs - Non-financial flows current prices - Percentage,XDC_R_B1GQ,0,Replace,2007-05-08T15:30:00.000+02:00,
RTD.A.S0.N.F_UMS_CGG_D0.F,A,S0,N,F_UMS_CGG_D0,F,1999,2.67346,A,F,,,P1Y,S,,,GFS.A.N.I10.W0.S13.S1._Z.B.B9P._Z._Z._Z.XDC_R_B1GQ._Z.S.V.N._T,,,,,,"See <a class=""external"" href=""http://sdw.ecb.europa.eu/web/generator/docu/rtdb_docu.pdf""> notes</a>; block Annual; series: G",,4,,,"Government primary deficit(-) or surplus(+), percent of GDP",Euro area (moving concept in the Real Time database context) - Primary deficit/surplus without UMTS proceeds - All sectors/ unspecified/ not applicable (ESA2010)-NCBs - General government (ESA2010)-NCBs - Non-financial flows current prices - Percentage,XDC_R_B1GQ,0,Replace,2007-05-08T15:30:00.000+02:00,
RTD.A.S0.N.F_UMS_CGG_D0.F,A,S0,N,F_UMS_CGG_D0,F,2000,2.88448,A,F,,,P1Y,S,,,GFS.A.N.I10.W0.S13.S1._Z.B.B9P._Z._Z._Z.XDC_R_B1GQ._Z.S.V.N._T,,,,,,"See <a class=""external"" href=""http://sdw.ecb.europa.eu/web/generator/docu/rtdb_docu.pdf""> notes</a>; block Annual; series: G",,4,,,"Government primary deficit(-) or surplus(+), percent of GDP",Euro area (moving concept in the Real Time database context) - Primary deficit/surplus without UMTS proceeds - All sectors/ unspecified/ not applicable (ESA2010)-NCBs - General government (ESA2010)-NCBs - Non-financial flows current prices - Percentage,XDC_R_B1GQ,0,Replace,2007-05-08T15:30:00.000+02:00,
RTD.A.S0.N.F_UMS_CGG_D0.F,A,S0,N,F_UMS_CGG_D0,F,2001,1.93621,A,F,,,P1Y,S,,,GFS.A.N.I10.W0.S13.S1._Z.B.B9P._Z._Z._Z.XDC_R_B1GQ._Z.S.V.N._T,,,,,,"See <a class=""external"" href=""http://sdw.ecb.europa.eu/web/generator/docu/rtdb_docu.pdf""> notes</a>; block Annual; series: G",,4,,,"Government primary deficit(-) or surplus(+), percent of GDP",Euro area (moving concept in the Real Time database context) - Primary deficit/surplus without UMTS proceeds - All sectors/ unspecified/ not applicable (ESA2010)-NCBs - General government (ESA2010)-NCBs - Non-financial flows current prices - Percentage,XDC_R_B1GQ,0,Replace,2007-05-08T15:30:00.000+02:00,
RTD.A.S0.N.F_UMS_CGG_D0.F,A,S0,N,F_UMS_CGG_D0,F,2002,0.94116,A,F,,,P1Y,S,,,GFS.A.N.I10.W0.S13.S1._Z.B.B9P._Z._Z._Z.XDC_R_B1GQ._Z.S.V.N._T,,,,,,"See <a class=""external"" href=""http://sdw.ecb.europa.eu/web/generator/docu/rtdb_docu.pdf""> notes</a>; block Annual; series: G",,4,,,"Government primary deficit(-) or surplus(+), percent of GDP",Euro area (moving concept in the Real Time database context) - Primary deficit/surplus without UMTS proceeds - All sectors/ unspecified/ not applicable (ESA2010)-NCBs - General government (ESA2010)-NCBs - Non-financial flows current prices - Percentage,XDC_R_B1GQ,0,Replace,2007-05-08T15:30:00.000+02:00,
RTD.A.S0.N.F_UMS_CGG_D0.F,A,S0,N,F_UMS_CGG_D0,F,2003,0.23855,A,F,,,P1Y,S,,,GFS.A.N.I10.W0.S13.S1._Z.B.B9P._Z._Z._Z.XDC_R_B1GQ._Z.S.V.N._T,,,,,,"See <a class=""external"" href=""http://sdw.ecb.europa.eu/web/generator/docu/rtdb_docu.pdf""> notes</a>; block Annual; series: G",,4,,,"Government primary deficit(-) or surplus(+), percent of GDP",Euro area (moving concept in the Real Time database context) - Primary deficit/surplus without UMTS proceeds - All sectors/ unspecified/ not applicable (ESA2010)-NCBs - General government (ESA2010)-NCBs - Non-financial flows current prices - Percentage,XDC_R_B1GQ,0,Replace,2007-05-08T15:30:00.000+02:00,
RTD.A.S0.N.F_UMS_CGG_D0.F,A,S0,N,F_UMS_CGG_D0,F,2004,0.29949,A,F,,,P1Y,S,,,GFS.A.N.I10.W0.S13.S1._Z.B.B9P._Z._Z._Z.XDC_R_B1GQ._Z.S.V.N._T,,,,,,"See <a class=""external"" href=""http://sdw.ecb.europa.eu/web/generator/docu/rtdb_docu.pdf""> notes</a>; block Annual; series: G",,4,,,"Government primary deficit(-) or surplus(+), percent of GDP",Euro area (moving concept in the Real Time database context) - Primary deficit/surplus without UMTS proceeds - All sectors/ unspecified/ not applicable (ESA2010)-NCBs - General government (ESA2010)-NCBs - Non-financial flows current prices - Percentage,XDC_R_B1GQ,0,Replace,2007-05-08T15:30:00.000+02:00,
RTD.A.S0.N.F_UMS_CGG_D0.F,A,S0,N,F_UMS_CGG_D0,F,2005,0.47116,A,F,,,P1Y,S,,,GFS.A.N.I10.W0.S13.S1._Z.B.B9P._Z._Z._Z.XDC_R_B1GQ._Z.S.V.N._T,,,,,,"See <a class=""external"" href=""http://sdw.ecb.europa.eu/web/generator/docu/rtdb_docu.pdf""> notes</a>; block Annual; series: G",,4,,,"Government primary deficit(-) or surplus(+), percent of GDP",Euro area (moving concept in the Real Time database context) - Primary deficit/surplus without UMTS proceeds - All sectors/ unspecified/ not applicable (ESA2010)-NCBs - General government (ESA2010)-NCBs - Non-financial flows current prices - Percentage,XDC_R_B1GQ,0,Replace,2007-05-08T15:30:00.000+02:00,
RTD.A.S0.N.F_UMS_CGG_D0.F,A,S0,N,F_UMS_CGG_D0,F,2006,1.33279,A,F,,,P1Y,S,,,GFS.A.N.I10.W0.S13.S1._Z.B.B9P._Z._Z._Z.XDC_R_B1GQ._Z.S.V.N._T,,,,,,"See <a class=""external"" href=""http://sdw.ecb.europa.eu/web/generator/docu/rtdb_docu.pdf""> notes</a>; block Annual; series: G",,4,,,"Government primary deficit(-) or surplus(+), percent of GDP",Euro area (moving concept in the Real Time database context) - Primary deficit/surplus without UMTS proceeds - All sectors/ unspecified/ not applicable (ESA2010)-NCBs - General government (ESA2010)-NCBs - Non-financial flows current prices - Percentage,XDC_R_B1GQ,0,Replace,2007-05-08T15:30:00.000+02:00,
RTD.A.S0.N.F_UMS_CGG_D0.F,A,S0,N,F_UMS_CGG_D0,F,1995,0.53809,A,F,,,P1Y,S,,,GFS.A.N.I10.W0.S13.S1._Z.B.B9P._Z._Z._Z.XDC_R_B1GQ._Z.S.V.N._T,,,,,,"See <a class=""external"" href=""http://sdw.ecb.europa.eu/web/generator/docu/rtdb_docu.pdf""> notes</a>; block Annual; series: G",,4,,,"Government primary deficit(-) or surplus(+), percent of GDP",Euro area (moving concept in the Real Time database context) - Primary deficit/surplus without UMTS proceeds - All sectors/ unspecified/ not applicable (ESA2010)-NCBs - General government (ESA2010)-NCBs - Non-financial flows current prices - Percentage,XDC_R_B1GQ,0,Replace,2007-06-05T15:30:00.000+02:00,
RTD.A.S0.N.F_UMS_CGG_D0.F,A,S0,N,F_UMS_CGG_D0,F,1996,1.32131,A,F,,,P1Y,S,,,GFS.A.N.I10.W0.S13.S1._Z.B.B9P._Z._Z._Z.XDC_R_B1GQ._Z.S.V.N._T,,,,,,"See <a class=""external"" href=""http://sdw.ecb.europa.eu/web/generator/docu/rtdb_docu.pdf""> notes</a>; block Annual; series: G",,4,,,"Government primary deficit(-) or surplus(+), percent of GDP",Euro area (moving concept in the Real Time database context) - Primary deficit/surplus without UMTS proceeds - All sectors/ unspecified/ not applicable (ESA2010)-NCBs - General government (ESA2010)-NCBs - Non-financial flows current prices - Percentage,XDC_R_B1GQ,0,Replace,2007-06-05T15:30:00.000+02:00,
RTD.A.S0.N.F_UMS_CGG_D0.F,A,S0,N,F_UMS_CGG_D0,F,1997,2.3602,A,F,,,P1Y,S,,,GFS.A.N.I10.W0.S13.S1._Z.B.B9P._Z._Z._Z.XDC_R_B1GQ._Z.S.V.N._T,,,,,,"See <a class=""external"" href=""http://sdw.ecb.europa.eu/web/generator/docu/rtdb_docu.pdf""> notes</a>; block Annual; series: G",,4,,,"Government primary deficit(-) or surplus(+), percent of GDP",Euro area (moving concept in the Real Time database context) - Primary deficit/surplus without UMTS proceeds - All sectors/ unspecified/ not applicable (ESA2010)-NCBs - General government (ESA2010)-NCBs - Non-financial flows current prices - Percentage,XDC_R_B1GQ,0,Replace,2007-06-05T15:30:00.000+02:00,
RTD.A.S0.N.F_UMS_CGG_D0.F,A,S0,N,F_UMS_CGG_D0,F,1998,2.3216,A,F,,,P1Y,S,,,GFS.A.N.I10.W0.S13.S1._Z.B.B9P._Z._Z._Z.XDC_R_B1GQ._Z.S.V.N._T,,,,,,"See <a class=""external"" href=""http://sdw.ecb.europa.eu/web/generator/docu/rtdb_docu.pdf""> notes</a>; block Annual; series: G",,4,,,"Government primary deficit(-) or surplus(+), percent of GDP",Euro area (moving concept in the Real Time database context) - Primary deficit/surplus without UMTS proceeds - All sectors/ unspecified/ not applicable (ESA2010)-NCBs - General government (ESA2010)-NCBs - Non-financial flows current prices - Percentage,XDC_R_B1GQ,0,Replace,2007-06-05T15:30:00.000+02:00,
RTD.A.S0.N.F_UMS_CGG_D0.F,A,S0,N,F_UMS_CGG_D0,F,1999,2.67283,A,F,,,P1Y,S,,,GFS.A.N.I10.W0.S13.S1._Z.B.B9P._Z._Z._Z.XDC_R_B1GQ._Z.S.V.N._T,,,,,,"See <a class=""external"" href=""http://sdw.ecb.europa.eu/web/generator/docu/rtdb_docu.pdf""> notes</a>; block Annual; series: G",,4,,,"Government primary deficit(-) or surplus(+), percent of GDP",Euro area (moving concept in the Real Time database context) - Primary deficit/surplus without UMTS proceeds - All sectors/ unspecified/ not applicable (ESA2010)-NCBs - General government (ESA2010)-NCBs - Non-financial flows current prices - Percentage,XDC_R_B1GQ,0,Replace,2007-06-05T15:30:00.000+02:00,
RTD.A.S0.N.F_UMS_CGG_D0.F,A,S0,N,F_UMS_CGG_D0,F,2005,0.47115,A,F,,,P1Y,S,,,GFS.A.N.I10.W0.S13.S1._Z.B.B9P._Z._Z._Z.XDC_R_B1GQ._Z.S.V.N._T,,,,,,"See <a class=""external"" href=""http://sdw.ecb.europa.eu/web/generator/docu/rtdb_docu.pdf""> notes</a>; block Annual; series: G",,4,,,"Government primary deficit(-) or surplus(+), percent of GDP",Euro area (moving concept in the Real Time database context) - Primary deficit/surplus without UMTS proceeds - All sectors/ unspecified/ not applicable (ESA2010)-NCBs - General government (ESA2010)-NCBs - Non-financial flows current prices - Percentage,XDC_R_B1GQ,0,Replace,2007-06-05T15:30:00.000+02:00,
RTD.A.S0.N.F_UMS_CGG_D0.F,A,S0,N,F_UMS_CGG_D0,F,2006,1.35754,A,F,,,P1Y,S,,,GFS.A.N.I10.W0.S13.S1._Z.B.B9P._Z._Z._Z.XDC_R_B1GQ._Z.S.V.N._T,,,,,,"See <a class=""external"" href=""http://sdw.ecb.europa.eu/web/generator/docu/rtdb_docu.pdf""> notes</a>; block Annual; series: G",,4,,,"Government primary deficit(-) or surplus(+), percent of GDP",Euro area (moving concept in the Real Time database context) - Primary deficit/surplus without UMTS proceeds - All sectors/ unspecified/ not applicable (ESA2010)-NCBs - General government (ESA2010)-NCBs - Non-financial flows current prices - Percentage,XDC_R_B1GQ,0,Replace,2007-06-05T15:30:00.000+02:00,
RTD.A.S0.N.F_UMS_CGG_D0.F,A,S0,N,F_UMS_CGG_D0,F,1995,0.52774,A,F,,,P1Y,S,,,GFS.A.N.I10.W0.S13.S1._Z.B.B9P._Z._Z._Z.XDC_R_B1GQ._Z.S.V.N._T,,,,,,"See <a class=""external"" href=""http://sdw.ecb.europa.eu/web/generator/docu/rtdb_docu.pdf""> notes</a>; block Annual; series: G",,4,,,"Government primary deficit(-) or surplus(+), percent of GDP",Euro area (moving concept in the Real Time database context) - Primary deficit/surplus without UMTS proceeds - All sectors/ unspecified/ not applicable (ESA2010)-NCBs - General government (ESA2010)-NCBs - Non-financial flows current prices - Percentage,XDC_R_B1GQ,0,Replace,2007-09-05T15:30:00.000+02:00,
RTD.A.S0.N.F_UMS_CGG_D0.F,A,S0,N,F_UMS_CGG_D0,F,1996,1.33127,A,F,,,P1Y,S,,,GFS.A.N.I10.W0.S13.S1._Z.B.B9P._Z._Z._Z.XDC_R_B1GQ._Z.S.V.N._T,,,,,,"See <a class=""external"" href=""http://sdw.ecb.europa.eu/web/generator/docu/rtdb_docu.pdf""> notes</a>; block Annual; series: G",,4,,,"Government primary deficit(-) or surplus(+), percent of GDP",Euro area (moving concept in the Real Time database context) - Primary deficit/surplus without UMTS proceeds - All sectors/ unspecified/ not applicable (ESA2010)-NCBs - General government (ESA2010)-NCBs - Non-financial flows current prices - Percentage,XDC_R_B1GQ,0,Replace,2007-09-05T15:30:00.000+02:00,
RTD.A.S0.N.F_UMS_CGG_D0.F,A,S0,N,F_UMS_CGG_D0,F,1997,2.35954,A,F,,,P1Y,S,,,GFS.A.N.I10.W0.S13.S1._Z.B.B9P._Z._Z._Z.XDC_R_B1GQ._Z.S.V.N._T,,,,,,"See <a class=""external"" href=""http://sdw.ecb.europa.eu/web/generator/docu/rtdb_docu.pdf""> notes</a>; block Annual; series: G",,4,,,"Government primary deficit(-) or surplus(+), percent of GDP",Euro area (moving concept in the Real Time database context) - Primary deficit/surplus without UMTS proceeds - All sectors/ unspecified/ not applicable (ESA2010)-NCBs - General government (ESA2010)-NCBs - Non-financial flows current prices - Percentage,XDC_R_B1GQ,0,Replace,2007-09-05T15:30:00.000+02:00,
RTD.A.S0.N.F_UMS_CGG_D0.F,A,S0,N,F_UMS_CGG_D0,F,1998,2.3248,A,F,,,P1Y,S,,,GFS.A.N.I10.W0.S13.S1._Z.B.B9P._Z._Z._Z.XDC_R_B1GQ._Z.S.V.N._T,,,,,,"See <a class=""external"" href=""http://sdw.ecb.europa.eu/web/generator/docu/rtdb_docu.pdf""> notes</a>; block Annual; series: G",,4,,,"Government primary deficit(-) or surplus(+), percent of GDP",Euro area (moving concept in the Real Time database context) - Primary deficit/surplus without UMTS proceeds - All sectors/ unspecified/ not applicable (ESA2010)-NCBs - General government (ESA2010)-NCBs - Non-financial flows current prices - Percentage,XDC_R_B1GQ,0,Replace,2007-09-05T15:30:00.000+02:00,
RTD.A.S0.N.F_UMS_CGG_D0.F,A,S0,N,F_UMS_CGG_D0,F,1999,2.67271,A,F,,,P1Y,S,,,GFS.A.N.I10.W0.S13.S1._Z.B.B9P._Z._Z._Z.XDC_R_B1GQ._Z.S.V.N._T,,,,,,"See <a class=""external"" href=""http://sdw.ecb.europa.eu/web/generator/docu/rtdb_docu.pdf""> notes</a>; block Annual; series: G",,4,,,"Government primary deficit(-) or surplus(+), percent of GDP",Euro area (moving concept in the Real Time database context) - Primary deficit/surplus without UMTS proceeds - All sectors/ unspecified/ not applicable (ESA2010)-NCBs - General government (ESA2010)-NCBs - Non-financial flows current prices - Percentage,XDC_R_B1GQ,0,Replace,2007-09-05T15:30:00.000+02:00,
RTD.A.S0.N.F_UMS_CGG_D0.F,A,S0,N,F_UMS_CGG_D0,F,2000,2.88445,A,F,,,P1Y,S,,,GFS.A.N.I10.W0.S13.S1._Z.B.B9P._Z._Z._Z.XDC_R_B1GQ._Z.S.V.N._T,,,,,,"See <a class=""external"" href=""http://sdw.ecb.europa.eu/web/generator/docu/rtdb_docu.pdf""> notes</a>; block Annual; series: G",,4,,,"Government primary deficit(-) or surplus(+), percent of GDP",Euro area (moving concept in the Real Time database context) - Primary deficit/surplus without UMTS proceeds - All sectors/ unspecified/ not applicable (ESA2010)-NCBs - General government (ESA2010)-NCBs - Non-financial flows current prices - Percentage,XDC_R_B1GQ,0,Replace,2007-09-05T15:30:00.000+02:00,
RTD.A.S0.N.F_UMS_CGG_D0.F,A,S0,N,F_UMS_CGG_D0,F,2001,1.93618,A,F,,,P1Y,S,,,GFS.A.N.I10.W0.S13.S1._Z.B.B9P._Z._Z._Z.XDC_R_B1GQ._Z.S.V.N._T,,,,,,"See <a class=""external"" href=""http://sdw.ecb.europa.eu/web/generator/docu/rtdb_docu.pdf""> notes</a>; block Annual; series: G",,4,,,"Government primary deficit(-) or surplus(+), percent of GDP",Euro area (moving concept in the Real Time database context) - Primary deficit/surplus without UMTS proceeds - All sectors/ unspecified/ not applicable (ESA2010)-NCBs - General government (ESA2010)-NCBs - Non-financial flows current prices - Percentage,XDC_R_B1GQ,0,Replace,2007-09-05T15:30:00.000+02:00,
RTD.A.S0.N.F_UMS_CGG_D0.F,A,S0,N,F_UMS_CGG_D0,F,2002,0.94115,A,F,,,P1Y,S,,,GFS.A.N.I10.W0.S13.S1._Z.B.B9P._Z._Z._Z.XDC_R_B1GQ._Z.S.V.N._T,,,,,,"See <a class=""external"" href=""http://sdw.ecb.europa.eu/web/generator/docu/rtdb_docu.pdf""> notes</a>; block Annual; series: G",,4,,,"Government primary deficit(-) or surplus(+), percent of GDP",Euro area (moving concept in the Real Time database context) - Primary deficit/surplus without UMTS proceeds - All sectors/ unspecified/ not applicable (ESA2010)-NCBs - General government (ESA2010)-NCBs - Non-financial flows current prices - Percentage,XDC_R_B1GQ,0,Replace,2007-09-05T15:30:00.000+02:00,
RTD.A.S0.N.F_UMS_CGG_D0.F,A,S0,N,F_UMS_CGG_D0,F,2003,0.2374,A,F,,,P1Y,S,,,GFS.A.N.I10.W0.S13.S1._Z.B.B9P._Z._Z._Z.XDC_R_B1GQ._Z.S.V.N._T,,,,,,"See <a class=""external"" href=""http://sdw.ecb.europa.eu/web/generator/docu/rtdb_docu.pdf""> notes</a>; block Annual; series: G",,4,,,"Government primary deficit(-) or surplus(+), percent of GDP",Euro area (moving concept in the Real Time database context) - Primary deficit/surplus without UMTS proceeds - All sectors/ unspecified/ not applicable (ESA2010)-NCBs - General government (ESA2010)-NCBs - Non-financial flows current prices - Percentage,XDC_R_B1GQ,0,Replace,2007-09-05T15:30:00.000+02:00,
RTD.A.S0.N.F_UMS_CGG_D0.F,A,S0,N,F_UMS_CGG_D0,F,2004,0.28405,A,F,,,P1Y,S,,,GFS.A.N.I10.W0.S13.S1._Z.B.B9P._Z._Z._Z.XDC_R_B1GQ._Z.S.V.N._T,,,,,,"See <a class=""external"" href=""http://sdw.ecb.europa.eu/web/generator/docu/rtdb_docu.pdf""> notes</a>; block Annual; series: G",,4,,,"Government primary deficit(-) or surplus(+), percent of GDP",Euro area (moving concept in the Real Time database context) - Primary deficit/surplus without UMTS proceeds - All sectors/ unspecified/ not applicable (ESA2010)-NCBs - General government (ESA2010)-NCBs - Non-financial flows current prices - Percentage,XDC_R_B1GQ,0,Replace,2007-09-05T15:30:00.000+02:00,
RTD.A.S0.N.F_UMS_CGG_D0.F,A,S0,N,F_UMS_CGG_D0,F,2005,0.44048,A,F,,,P1Y,S,,,GFS.A.N.I10.W0.S13.S1._Z.B.B9P._Z._Z._Z.XDC_R_B1GQ._Z.S.V.N._T,,,,,,"See <a class=""external"" href=""http://sdw.ecb.europa.eu/web/generator/docu/rtdb_docu.pdf""> notes</a>; block Annual; series: G",,4,,,"Government primary deficit(-) or surplus(+), percent of GDP",Euro area (moving concept in the Real Time database context) - Primary deficit/surplus without UMTS proceeds - All sectors/ unspecified/ not applicable (ESA2010)-NCBs - General government (ESA2010)-NCBs - Non-financial flows current prices - Percentage,XDC_R_B1GQ,0,Replace,2007-09-05T15:30:00.000+02:00,
RTD.A.S0.N.F_UMS_CGG_D0.F,A,S0,N,F_UMS_CGG_D0,F,2006,1.34928,A,F,,,P1Y,S,,,GFS.A.N.I10.W0.S13.S1._Z.B.B9P._Z._Z._Z.XDC_R_B1GQ._Z.S.V.N._T,,,,,,"See <a class=""external"" href=""http://sdw.ecb.europa.eu/web/generator/docu/rtdb_docu.pdf""> notes</a>; block Annual; series: G",,4,,,"Government primary deficit(-) or surplus(+), percent of GDP",Euro area (moving concept in the Real Time database context) - Primary deficit/surplus without UMTS proceeds - All sectors/ unspecified/ not applicable (ESA2010)-NCBs - General government (ESA2010)-NCBs - Non-financial flows current prices - Percentage,XDC_R_B1GQ,0,Replace,2007-09-05T15:30:00.000+02:00,
RTD.A.S0.N.F_UMS_CGG_D0.F,A,S0,N,F_UMS_CGG_D0,F,1995,0.54316,A,F,,,P1Y,S,,,GFS.A.N.I10.W0.S13.S1._Z.B.B9P._Z._Z._Z.XDC_R_B1GQ._Z.S.V.N._T,,,,,,"See <a class=""external"" href=""http://sdw.ecb.europa.eu/web/generator/docu/rtdb_docu.pdf""> notes</a>; block Annual; series: G",,4,,,"Government primary deficit(-) or surplus(+), percent of GDP",Euro area (moving concept in the Real Time database context) - Primary deficit/surplus without UMTS proceeds - All sectors/ unspecified/ not applicable (ESA2010)-NCBs - General government (ESA2010)-NCBs - Non-financial flows current prices - Percentage,XDC_R_B1GQ,0,Replace,2007-11-07T15:30:00.000+01:00,
RTD.A.S0.N.F_UMS_CGG_D0.F,A,S0,N,F_UMS_CGG_D0,F,1996,1.34033,A,F,,,P1Y,S,,,GFS.A.N.I10.W0.S13.S1._Z.B.B9P._Z._Z._Z.XDC_R_B1GQ._Z.S.V.N._T,,,,,,"See <a class=""external"" href=""http://sdw.ecb.europa.eu/web/generator/docu/rtdb_docu.pdf""> notes</a>; block Annual; series: G",,4,,,"Government primary deficit(-) or surplus(+), percent of GDP",Euro area (moving concept in the Real Time database context) - Primary deficit/surplus without UMTS proceeds - All sectors/ unspecified/ not applicable (ESA2010)-NCBs - General government (ESA2010)-NCBs - Non-financial flows current prices - Percentage,XDC_R_B1GQ,0,Replace,2007-11-07T15:30:00.000+01:00,
RTD.A.S0.N.F_UMS_CGG_D0.F,A,S0,N,F_UMS_CGG_D0,F,1997,2.27379,A,F,,,P1Y,S,,,GFS.A.N.I10.W0.S13.S1._Z.B.B9P._Z._Z._Z.XDC_R_B1GQ._Z.S.V.N._T,,,,,,"See <a class=""external"" href=""http://sdw.ecb.europa.eu/web/generator/docu/rtdb_docu.pdf""> notes</a>; block Annual; series: G",,4,,,"Government primary deficit(-) or surplus(+), percent of GDP",Euro area (moving concept in the Real Time database context) - Primary deficit/surplus without UMTS proceeds - All sectors/ unspecified/ not applicable (ESA2010)-NCBs - General government (ESA2010)-NCBs - Non-financial flows current prices - Percentage,XDC_R_B1GQ,0,Replace,2007-11-07T15:30:00.000+01:00,
RTD.A.S0.N.F_UMS_CGG_D0.F,A,S0,N,F_UMS_CGG_D0,F,1998,2.30591,A,F,,,P1Y,S,,,GFS.A.N.I10.W0.S13.S1._Z.B.B9P._Z._Z._Z.XDC_R_B1GQ._Z.S.V.N._T,,,,,,"See <a class=""external"" href=""http://sdw.ecb.europa.eu/web/generator/docu/rtdb_docu.pdf""> notes</a>; block Annual; series: G",,4,,,"Government primary deficit(-) or surplus(+), percent of GDP",Euro area (moving concept in the Real Time database context) - Primary deficit/surplus without UMTS proceeds - All sectors/ unspecified/ not applicable (ESA2010)-NCBs - General government (ESA2010)-NCBs - Non-financial flows current prices - Percentage,XDC_R_B1GQ,0,Replace,2007-11-07T15:30:00.000+01:00,
RTD.A.S0.N.F_UMS_CGG_D0.F,A,S0,N,F_UMS_CGG_D0,F,1999,2.66421,A,F,,,P1Y,S,,,GFS.A.N.I10.W0.S13.S1._Z.B.B9P._Z._Z._Z.XDC_R_B1GQ._Z.S.V.N._T,,,,,,"See <a class=""external"" href=""http://sdw.ecb.europa.eu/web/generator/docu/rtdb_docu.pdf""> notes</a>; block Annual; series: G",,4,,,"Government primary deficit(-) or surplus(+), percent of GDP",Euro area (moving concept in the Real Time database context) - Primary deficit/surplus without UMTS proceeds - All sectors/ unspecified/ not applicable (ESA2010)-NCBs - General government (ESA2010)-NCBs - Non-financial flows current prices - Percentage,XDC_R_B1GQ,0,Replace,2007-11-07T15:30:00.000+01:00,
RTD.A.S0.N.F_UMS_CGG_D0.F,A,S0,N,F_UMS_CGG_D0,F,2000,2.8859,A,F,,,P1Y,S,,,GFS.A.N.I10.W0.S13.S1._Z.B.B9P._Z._Z._Z.XDC_R_B1GQ._Z.S.V.N._T,,,,,,"See <a class=""external"" href=""http://sdw.ecb.europa.eu/web/generator/docu/rtdb_docu.pdf""> notes</a>; block Annual; series: G",,4,,,"Government primary deficit(-) or surplus(+), percent of GDP",Euro area (moving concept in the Real Time database context) - Primary deficit/surplus without UMTS proceeds - All sectors/ unspecified/ not applicable (ESA2010)-NCBs - General government (ESA2010)-NCBs - Non-financial flows current prices - Percentage,XDC_R_B1GQ,0,Replace,2007-11-07T15:30:00.000+01:00,
RTD.A.S0.N.F_UMS_CGG_D0.F,A,S0,N,F_UMS_CGG_D0,F,2001,1.93418,A,F,,,P1Y,S,,,GFS.A.N.I10.W0.S13.S1._Z.B.B9P._Z._Z._Z.XDC_R_B1GQ._Z.S.V.N._T,,,,,,"See <a class=""external"" href=""http://sdw.ecb.europa.eu/web/generator/docu/rtdb_docu.pdf""> notes</a>; block Annual; series: G",,4,,,"Government primary deficit(-) or surplus(+), percent of GDP",Euro area (moving concept in the Real Time database context) - Primary deficit/surplus without UMTS proceeds - All sectors/ unspecified/ not applicable (ESA2010)-NCBs - General government (ESA2010)-NCBs - Non-financial flows current prices - Percentage,XDC_R_B1GQ,0,Replace,2007-11-07T15:30:00.000+01:00,
RTD.A.S0.N.F_UMS_CGG_D0.F,A,S0,N,F_UMS_CGG_D0,F,2002,0.93126,A,F,,,P1Y,S,,,GFS.A.N.I10.W0.S13.S1._Z.B.B9P._Z._Z._Z.XDC_R_B1GQ._Z.S.V.N._T,,,,,,"See <a class=""external"" href=""http://sdw.ecb.europa.eu/web/generator/docu/rtdb_docu.pdf""> notes</a>; block Annual; series: G",,4,,,"Government primary deficit(-) or surplus(+), percent of GDP",Euro area (moving concept in the Real Time database context) - Primary deficit/surplus without UMTS proceeds - All sectors/ unspecified/ not applicable (ESA2010)-NCBs - General government (ESA2010)-NCBs - Non-financial flows current prices - Percentage,XDC_R_B1GQ,0,Replace,2007-11-07T15:30:00.000+01:00,
RTD.A.S0.N.F_UMS_CGG_D0.F,A,S0,N,F_UMS_CGG_D0,F,2003,0.22549,A,F,,,P1Y,S,,,GFS.A.N.I10.W0.S13.S1._Z.B.B9P._Z._Z._Z.XDC_R_B1GQ._Z.S.V.N._T,,,,,,"See <a class=""external"" href=""http://sdw.ecb.europa.eu/web/generator/docu/rtdb_docu.pdf""> notes</a>; block Annual; series: G",,4,,,"Government primary deficit(-) or surplus(+), percent of GDP",Euro area (moving concept in the Real Time database context) - Primary deficit/surplus without UMTS proceeds - All sectors/ unspecified/ not applicable (ESA2010)-NCBs - General government (ESA2010)-NCBs - Non-financial flows current prices - Percentage,XDC_R_B1GQ,0,Replace,2007-11-07T15:30:00.000+01:00,
RTD.A.S0.N.F_UMS_CGG_D0.F,A,S0,N,F_UMS_CGG_D0,F,2004,0.27375,A,F,,,P1Y,S,,,GFS.A.N.I10.W0.S13.S1._Z.B.B9P._Z._Z._Z.XDC_R_B1GQ._Z.S.V.N._T,,,,,,"See <a class=""external"" href=""http://sdw.ecb.europa.eu/web/generator/docu/rtdb_docu.pdf""> notes</a>; block Annual; series: G",,4,,,"Government primary deficit(-) or surplus(+), percent of GDP",Euro area (moving concept in the Real Time database context) - Primary deficit/surplus without UMTS proceeds - All sectors/ unspecified/ not applicable (ESA2010)-NCBs - General government (ESA2010)-NCBs - Non-financial flows current prices - Percentage,XDC_R_B1GQ,0,Replace,2007-11-07T15:30:00.000+01:00,
RTD.A.S0.N.F_UMS_CGG_D0.F,A,S0,N,F_UMS_CGG_D0,F,2005,0.43145,A,F,,,P1Y,S,,,GFS.A.N.I10.W0.S13.S1._Z.B.B9P._Z._Z._Z.XDC_R_B1GQ._Z.S.V.N._T,,,,,,"See <a class=""external"" href=""http://sdw.ecb.europa.eu/web/generator/docu/rtdb_docu.pdf""> notes</a>; block Annual; series: G",,4,,,"Government primary deficit(-) or surplus(+), percent of GDP",Euro area (moving concept in the Real Time database context) - Primary deficit/surplus without UMTS proceeds - All sectors/ unspecified/ not applicable (ESA2010)-NCBs - General government (ESA2010)-NCBs - Non-financial flows current prices - Percentage,XDC_R_B1GQ,0,Replace,2007-11-07T15:30:00.000+01:00,
RTD.A.S0.N.F_UMS_CGG_D0.F,A,S0,N,F_UMS_CGG_D0,F,2006,1.34558,A,F,,,P1Y,S,,,GFS.A.N.I10.W0.S13.S1._Z.B.B9P._Z._Z._Z.XDC_R_B1GQ._Z.S.V.N._T,,,,,,"See <a class=""external"" href=""http://sdw.ecb.europa.eu/web/generator/docu/rtdb_docu.pdf""> notes</a>; block Annual; series: G",,4,,,"Government primary deficit(-) or surplus(+), percent of GDP",Euro area (moving concept in the Real Time database context) - Primary deficit/surplus without UMTS proceeds - All sectors/ unspecified/ not applicable (ESA2010)-NCBs - General government (ESA2010)-NCBs - Non-financial flows current prices - Percentage,XDC_R_B1GQ,0,Replace,2007-11-07T15:30:00.000+01:00,
RTD.A.S0.N.F_UMS_CGG_D0.F,A,S0,N,F_UMS_CGG_D0,F,1995,0.54576,A,F,,,P1Y,S,,,GFS.A.N.I10.W0.S13.S1._Z.B.B9P._Z._Z._Z.XDC_R_B1GQ._Z.S.V.N._T,,,,,,"See <a class=""external"" href=""http://sdw.ecb.europa.eu/web/generator/docu/rtdb_docu.pdf""> notes</a>; block Annual; series: G",,4,,,"Government primary deficit(-) or surplus(+), percent of GDP",Euro area (moving concept in the Real Time database context) - Primary deficit/surplus without UMTS proceeds - All sectors/ unspecified/ not applicable (ESA2010)-NCBs - General government (ESA2010)-NCBs - Non-financial flows current prices - Percentage,XDC_R_B1GQ,0,Replace,2008-05-06T15:30:00.000+02:00,
RTD.A.S0.N.F_UMS_CGG_D0.F,A,S0,N,F_UMS_CGG_D0,F,1996,1.33283,A,F,,,P1Y,S,,,GFS.A.N.I10.W0.S13.S1._Z.B.B9P._Z._Z._Z.XDC_R_B1GQ._Z.S.V.N._T,,,,,,"See <a class=""external"" href=""http://sdw.ecb.europa.eu/web/generator/docu/rtdb_docu.pdf""> notes</a>; block Annual; series: G",,4,,,"Government primary deficit(-) or surplus(+), percent of GDP",Euro area (moving concept in the Real Time database context) - Primary deficit/surplus without UMTS proceeds - All sectors/ unspecified/ not applicable (ESA2010)-NCBs - General government (ESA2010)-NCBs - Non-financial flows current prices - Percentage,XDC_R_B1GQ,0,Replace,2008-05-06T15:30:00.000+02:00,
RTD.A.S0.N.F_UMS_CGG_D0.F,A,S0,N,F_UMS_CGG_D0,F,1997,2.26255,A,F,,,P1Y,S,,,GFS.A.N.I10.W0.S13.S1._Z.B.B9P._Z._Z._Z.XDC_R_B1GQ._Z.S.V.N._T,,,,,,"See <a class=""external"" href=""http://sdw.ecb.europa.eu/web/generator/docu/rtdb_docu.pdf""> notes</a>; block Annual; series: G",,4,,,"Government primary deficit(-) or surplus(+), percent of GDP",Euro area (moving concept in the Real Time database context) - Primary deficit/surplus without UMTS proceeds - All sectors/ unspecified/ not applicable (ESA2010)-NCBs - General government (ESA2010)-NCBs - Non-financial flows current prices - Percentage,XDC_R_B1GQ,0,Replace,2008-05-06T15:30:00.000+02:00,
RTD.A.S0.N.F_UMS_CGG_D0.F,A,S0,N,F_UMS_CGG_D0,F,1998,2.29496,A,F,,,P1Y,S,,,GFS.A.N.I10.W0.S13.S1._Z.B.B9P._Z._Z._Z.XDC_R_B1GQ._Z.S.V.N._T,,,,,,"See <a class=""external"" href=""http://sdw.ecb.europa.eu/web/generator/docu/rtdb_docu.pdf""> notes</a>; block Annual; series: G",,4,,,"Government primary deficit(-) or surplus(+), percent of GDP",Euro area (moving concept in the Real Time database context) - Primary deficit/surplus without UMTS proceeds - All sectors/ unspecified/ not applicable (ESA2010)-NCBs - General government (ESA2010)-NCBs - Non-financial flows current prices - Percentage,XDC_R_B1GQ,0,Replace,2008-05-06T15:30:00.000+02:00,
RTD.A.S0.N.F_UMS_CGG_D0.F,A,S0,N,F_UMS_CGG_D0,F,1999,2.65062,A,F,,,P1Y,S,,,GFS.A.N.I10.W0.S13.S1._Z.B.B9P._Z._Z._Z.XDC_R_B1GQ._Z.S.V.N._T,,,,,,"See <a class=""external"" href=""http://sdw.ecb.europa.eu/web/generator/docu/rtdb_docu.pdf""> notes</a>; block Annual; series: G",,4,,,"Government primary deficit(-) or surplus(+), percent of GDP",Euro area (moving concept in the Real Time database context) - Primary deficit/surplus without UMTS proceeds - All sectors/ unspecified/ not applicable (ESA2010)-NCBs - General government (ESA2010)-NCBs - Non-financial flows current prices - Percentage,XDC_R_B1GQ,0,Replace,2008-05-06T15:30:00.000+02:00,
RTD.A.S0.N.F_UMS_CGG_D0.F,A,S0,N,F_UMS_CGG_D0,F,2000,2.86698,A,F,,,P1Y,S,,,GFS.A.N.I10.W0.S13.S1._Z.B.B9P._Z._Z._Z.XDC_R_B1GQ._Z.S.V.N._T,,,,,,"See <a class=""external"" href=""http://sdw.ecb.europa.eu/web/generator/docu/rtdb_docu.pdf""> notes</a>; block Annual; series: G",,4,,,"Government primary deficit(-) or surplus(+), percent of GDP",Euro area (moving concept in the Real Time database context) - Primary deficit/surplus without UMTS proceeds - All sectors/ unspecified/ not applicable (ESA2010)-NCBs - General government (ESA2010)-NCBs - Non-financial flows current prices - Percentage,XDC_R_B1GQ,0,Replace,2008-05-06T15:30:00.000+02:00,
RTD.A.S0.N.F_UMS_CGG_D0.F,A,S0,N,F_UMS_CGG_D0,F,2001,1.92253,A,F,,,P1Y,S,,,GFS.A.N.I10.W0.S13.S1._Z.B.B9P._Z._Z._Z.XDC_R_B1GQ._Z.S.V.N._T,,,,,,"See <a class=""external"" href=""http://sdw.ecb.europa.eu/web/generator/docu/rtdb_docu.pdf""> notes</a>; block Annual; series: G",,4,,,"Government primary deficit(-) or surplus(+), percent of GDP",Euro area (moving concept in the Real Time database context) - Primary deficit/surplus without UMTS proceeds - All sectors/ unspecified/ not applicable (ESA2010)-NCBs - General government (ESA2010)-NCBs - Non-financial flows current prices - Percentage,XDC_R_B1GQ,0,Replace,2008-05-06T15:30:00.000+02:00,
RTD.A.S0.N.F_UMS_CGG_D0.F,A,S0,N,F_UMS_CGG_D0,F,2002,0.9139,A,F,,,P1Y,S,,,GFS.A.N.I10.W0.S13.S1._Z.B.B9P._Z._Z._Z.XDC_R_B1GQ._Z.S.V.N._T,,,,,,"See <a class=""external"" href=""http://sdw.ecb.europa.eu/web/generator/docu/rtdb_docu.pdf""> notes</a>; block Annual; series: G",,4,,,"Government primary deficit(-) or surplus(+), percent of GDP",Euro area (moving concept in the Real Time database context) - Primary deficit/surplus without UMTS proceeds - All sectors/ unspecified/ not applicable (ESA2010)-NCBs - General government (ESA2010)-NCBs - Non-financial flows current prices - Percentage,XDC_R_B1GQ,0,Replace,2008-05-06T15:30:00.000+02:00,
RTD.A.S0.N.F_UMS_CGG_D0.F,A,S0,N,F_UMS_CGG_D0,F,2003,0.22527,A,F,,,P1Y,S,,,GFS.A.N.I10.W0.S13.S1._Z.B.B9P._Z._Z._Z.XDC_R_B1GQ._Z.S.V.N._T,,,,,,"See <a class=""external"" href=""http://sdw.ecb.europa.eu/web/generator/docu/rtdb_docu.pdf""> notes</a>; block Annual; series: G",,4,,,"Government primary deficit(-) or surplus(+), percent of GDP",Euro area (moving concept in the Real Time database context) - Primary deficit/surplus without UMTS proceeds - All sectors/ unspecified/ not applicable (ESA2010)-NCBs - General government (ESA2010)-NCBs - Non-financial flows current prices - Percentage,XDC_R_B1GQ,0,Replace,2008-05-06T15:30:00.000+02:00,
RTD.A.S0.N.F_UMS_CGG_D0.F,A,S0,N,F_UMS_CGG_D0,F,2004,0.18866,A,F,,,P1Y,S,,,GFS.A.N.I10.W0.S13.S1._Z.B.B9P._Z._Z._Z.XDC_R_B1GQ._Z.S.V.N._T,,,,,,"See <a class=""external"" href=""http://sdw.ecb.europa.eu/web/generator/docu/rtdb_docu.pdf""> notes</a>; block Annual; series: G",,4,,,"Government primary deficit(-) or surplus(+), percent of GDP",Euro area (moving concept in the Real Time database context) - Primary deficit/surplus without UMTS proceeds - All sectors/ unspecified/ not applicable (ESA2010)-NCBs - General government (ESA2010)-NCBs - Non-financial flows current prices - Percentage,XDC_R_B1GQ,0,Replace,2008-05-06T15:30:00.000+02:00,
RTD.A.S0.N.F_UMS_CGG_D0.F,A,S0,N,F_UMS_CGG_D0,F,2005,0.44108,A,F,,,P1Y,S,,,GFS.A.N.I10.W0.S13.S1._Z.B.B9P._Z._Z._Z.XDC_R_B1GQ._Z.S.V.N._T,,,,,,"See <a class=""external"" href=""http://sdw.ecb.europa.eu/web/generator/docu/rtdb_docu.pdf""> notes</a>; block Annual; series: G",,4,,,"Government primary deficit(-) or surplus(+), percent of GDP",Euro area (moving concept in the Real Time database context) - Primary deficit/surplus without UMTS proceeds - All sectors/ unspecified/ not applicable (ESA2010)-NCBs - General government (ESA2010)-NCBs - Non-financial flows current prices - Percentage,XDC_R_B1GQ,0,Replace,2008-05-06T15:30:00.000+02:00,
RTD.A.S0.N.F_UMS_CGG_D0.F,A,S0,N,F_UMS_CGG_D0,F,2006,1.56026,A,F,,,P1Y,S,,,GFS.A.N.I10.W0.S13.S1._Z.B.B9P._Z._Z._Z.XDC_R_B1GQ._Z.S.V.N._T,,,,,,"See <a class=""external"" href=""http://sdw.ecb.europa.eu/web/generator/docu/rtdb_docu.pdf""> notes</a>; block Annual; series: G",,4,,,"Government primary deficit(-) or surplus(+), percent of GDP",Euro area (moving concept in the Real Time database context) - Primary deficit/surplus without UMTS proceeds - All sectors/ unspecified/ not applicable (ESA2010)-NCBs - General government (ESA2010)-NCBs - Non-financial flows current prices - Percentage,XDC_R_B1GQ,0,Replace,2008-05-06T15:30:00.000+02:00,
RTD.A.S0.N.F_UMS_CGG_D0.F,A,S0,N,F_UMS_CGG_D0,F,2007,2.34949,A,F,,,P1Y,S,,,GFS.A.N.I10.W0.S13.S1._Z.B.B9P._Z._Z._Z.XDC_R_B1GQ._Z.S.V.N._T,,,,,,"See <a class=""external"" href=""http://sdw.ecb.europa.eu/web/generator/docu/rtdb_docu.pdf""> notes</a>; block Annual; series: G",,4,,,"Government primary deficit(-) or surplus(+), percent of GDP",Euro area (moving concept in the Real Time database context) - Primary deficit/surplus without UMTS proceeds - All sectors/ unspecified/ not applicable (ESA2010)-NCBs - General government (ESA2010)-NCBs - Non-financial flows current prices - Percentage,XDC_R_B1GQ,0,Replace,2008-05-06T15:30:00.000+02:00,
RTD.A.S0.N.F_UMS_CGG_D0.F,A,S0,N,F_UMS_CGG_D0,F,1995,0.54731,A,F,,,P1Y,S,,,GFS.A.N.I10.W0.S13.S1._Z.B.B9P._Z._Z._Z.XDC_R_B1GQ._Z.S.V.N._T,,,,,,"See <a class=""external"" href=""http://sdw.ecb.europa.eu/web/generator/docu/rtdb_docu.pdf""> notes</a>; block Annual; series: G",,4,,,"Government primary deficit(-) or surplus(+), percent of GDP",Euro area (moving concept in the Real Time database context) - Primary deficit/surplus without UMTS proceeds - All sectors/ unspecified/ not applicable (ESA2010)-NCBs - General government (ESA2010)-NCBs - Non-financial flows current prices - Percentage,XDC_R_B1GQ,0,Replace,2008-06-04T15:30:00.000+02:00,
RTD.A.S0.N.F_UMS_CGG_D0.F,A,S0,N,F_UMS_CGG_D0,F,1996,1.33755,A,F,,,P1Y,S,,,GFS.A.N.I10.W0.S13.S1._Z.B.B9P._Z._Z._Z.XDC_R_B1GQ._Z.S.V.N._T,,,,,,"See <a class=""external"" href=""http://sdw.ecb.europa.eu/web/generator/docu/rtdb_docu.pdf""> notes</a>; block Annual; series: G",,4,,,"Government primary deficit(-) or surplus(+), percent of GDP",Euro area (moving concept in the Real Time database context) - Primary deficit/surplus without UMTS proceeds - All sectors/ unspecified/ not applicable (ESA2010)-NCBs - General government (ESA2010)-NCBs - Non-financial flows current prices - Percentage,XDC_R_B1GQ,0,Replace,2008-06-04T15:30:00.000+02:00,
RTD.A.S0.N.F_UMS_CGG_D0.F,A,S0,N,F_UMS_CGG_D0,F,1997,2.2685,A,F,,,P1Y,S,,,GFS.A.N.I10.W0.S13.S1._Z.B.B9P._Z._Z._Z.XDC_R_B1GQ._Z.S.V.N._T,,,,,,"See <a class=""external"" href=""http://sdw.ecb.europa.eu/web/generator/docu/rtdb_docu.pdf""> notes</a>; block Annual; series: G",,4,,,"Government primary deficit(-) or surplus(+), percent of GDP",Euro area (moving concept in the Real Time database context) - Primary deficit/surplus without UMTS proceeds - All sectors/ unspecified/ not applicable (ESA2010)-NCBs - General government (ESA2010)-NCBs - Non-financial flows current prices - Percentage,XDC_R_B1GQ,0,Replace,2008-06-04T15:30:00.000+02:00,
RTD.A.S0.N.F_UMS_CGG_D0.F,A,S0,N,F_UMS_CGG_D0,F,1998,2.29957,A,F,,,P1Y,S,,,GFS.A.N.I10.W0.S13.S1._Z.B.B9P._Z._Z._Z.XDC_R_B1GQ._Z.S.V.N._T,,,,,,"See <a class=""external"" href=""http://sdw.ecb.europa.eu/web/generator/docu/rtdb_docu.pdf""> notes</a>; block Annual; series: G",,4,,,"Government primary deficit(-) or surplus(+), percent of GDP",Euro area (moving concept in the Real Time database context) - Primary deficit/surplus without UMTS proceeds - All sectors/ unspecified/ not applicable (ESA2010)-NCBs - General government (ESA2010)-NCBs - Non-financial flows current prices - Percentage,XDC_R_B1GQ,0,Replace,2008-06-04T15:30:00.000+02:00,
RTD.A.S0.N.F_UMS_CGG_D0.F,A,S0,N,F_UMS_CGG_D0,F,1999,2.65219,A,F,,,P1Y,S,,,GFS.A.N.I10.W0.S13.S1._Z.B.B9P._Z._Z._Z.XDC_R_B1GQ._Z.S.V.N._T,,,,,,"See <a class=""external"" href=""http://sdw.ecb.europa.eu/web/generator/docu/rtdb_docu.pdf""> notes</a>; block Annual; series: G",,4,,,"Government primary deficit(-) or surplus(+), percent of GDP",Euro area (moving concept in the Real Time database context) - Primary deficit/surplus without UMTS proceeds - All sectors/ unspecified/ not applicable (ESA2010)-NCBs - General government (ESA2010)-NCBs - Non-financial flows current prices - Percentage,XDC_R_B1GQ,0,Replace,2008-06-04T15:30:00.000+02:00,
RTD.A.S0.N.F_UMS_CGG_D0.F,A,S0,N,F_UMS_CGG_D0,F,2000,2.86722,A,F,,,P1Y,S,,,GFS.A.N.I10.W0.S13.S1._Z.B.B9P._Z._Z._Z.XDC_R_B1GQ._Z.S.V.N._T,,,,,,"See <a class=""external"" href=""http://sdw.ecb.europa.eu/web/generator/docu/rtdb_docu.pdf""> notes</a>; block Annual; series: G",,4,,,"Government primary deficit(-) or surplus(+), percent of GDP",Euro area (moving concept in the Real Time database context) - Primary deficit/surplus without UMTS proceeds - All sectors/ unspecified/ not applicable (ESA2010)-NCBs - General government (ESA2010)-NCBs - Non-financial flows current prices - Percentage,XDC_R_B1GQ,0,Replace,2008-06-04T15:30:00.000+02:00,
RTD.A.S0.N.F_UMS_CGG_D0.F,A,S0,N,F_UMS_CGG_D0,F,2001,1.92263,A,F,,,P1Y,S,,,GFS.A.N.I10.W0.S13.S1._Z.B.B9P._Z._Z._Z.XDC_R_B1GQ._Z.S.V.N._T,,,,,,"See <a class=""external"" href=""http://sdw.ecb.europa.eu/web/generator/docu/rtdb_docu.pdf""> notes</a>; block Annual; series: G",,4,,,"Government primary deficit(-) or surplus(+), percent of GDP",Euro area (moving concept in the Real Time database context) - Primary deficit/surplus without UMTS proceeds - All sectors/ unspecified/ not applicable (ESA2010)-NCBs - General government (ESA2010)-NCBs - Non-financial flows current prices - Percentage,XDC_R_B1GQ,0,Replace,2008-06-04T15:30:00.000+02:00,
RTD.A.S0.N.F_UMS_CGG_D0.F,A,S0,N,F_UMS_CGG_D0,F,2002,0.91391,A,F,,,P1Y,S,,,GFS.A.N.I10.W0.S13.S1._Z.B.B9P._Z._Z._Z.XDC_R_B1GQ._Z.S.V.N._T,,,,,,"See <a class=""external"" href=""http://sdw.ecb.europa.eu/web/generator/docu/rtdb_docu.pdf""> notes</a>; block Annual; series: G",,4,,,"Government primary deficit(-) or surplus(+), percent of GDP",Euro area (moving concept in the Real Time database context) - Primary deficit/surplus without UMTS proceeds - All sectors/ unspecified/ not applicable (ESA2010)-NCBs - General government (ESA2010)-NCBs - Non-financial flows current prices - Percentage,XDC_R_B1GQ,0,Replace,2008-06-04T15:30:00.000+02:00,
RTD.A.S0.N.F_UMS_CGG_D0.F,A,S0,N,F_UMS_CGG_D0,F,2005,0.4411,A,F,,,P1Y,S,,,GFS.A.N.I10.W0.S13.S1._Z.B.B9P._Z._Z._Z.XDC_R_B1GQ._Z.S.V.N._T,,,,,,"See <a class=""external"" href=""http://sdw.ecb.europa.eu/web/generator/docu/rtdb_docu.pdf""> notes</a>; block Annual; series: G",,4,,,"Government primary deficit(-) or surplus(+), percent of GDP",Euro area (moving concept in the Real Time database context) - Primary deficit/surplus without UMTS proceeds - All sectors/ unspecified/ not applicable (ESA2010)-NCBs - General government (ESA2010)-NCBs - Non-financial flows current prices - Percentage,XDC_R_B1GQ,0,Replace,2008-06-04T15:30:00.000+02:00,
RTD.A.S0.N.F_UMS_CGG_D0.F,A,S0,N,F_UMS_CGG_D0,F,2006,1.56025,A,F,,,P1Y,S,,,GFS.A.N.I10.W0.S13.S1._Z.B.B9P._Z._Z._Z.XDC_R_B1GQ._Z.S.V.N._T,,,,,,"See <a class=""external"" href=""http://sdw.ecb.europa.eu/web/generator/docu/rtdb_docu.pdf""> notes</a>; block Annual; series: G",,4,,,"Government primary deficit(-) or surplus(+), percent of GDP",Euro area (moving concept in the Real Time database context) - Primary deficit/surplus without UMTS proceeds - All sectors/ unspecified/ not applicable (ESA2010)-NCBs - General government (ESA2010)-NCBs - Non-financial flows current prices - Percentage,XDC_R_B1GQ,0,Replace,2008-06-04T15:30:00.000+02:00,
RTD.A.S0.N.F_UMS_CGG_D0.F,A,S0,N,F_UMS_CGG_D0,F,2007,2.34755,A,F,,,P1Y,S,,,GFS.A.N.I10.W0.S13.S1._Z.B.B9P._Z._Z._Z.XDC_R_B1GQ._Z.S.V.N._T,,,,,,"See <a class=""external"" href=""http://sdw.ecb.europa.eu/web/generator/docu/rtdb_docu.pdf""> notes</a>; block Annual; series: G",,4,,,"Government primary deficit(-) or surplus(+), percent of GDP",Euro area (moving concept in the Real Time database context) - Primary deficit/surplus without UMTS proceeds - All sectors/ unspecified/ not applicable (ESA2010)-NCBs - General government (ESA2010)-NCBs - Non-financial flows current prices - Percentage,XDC_R_B1GQ,0,Replace,2008-06-04T15:30:00.000+02:00,
RTD.A.S0.N.F_UMS_CGG_D0.F,A,S0,N,F_UMS_CGG_D0,F,2007,2.3756,A,F,,,P1Y,S,,,GFS.A.N.I10.W0.S13.S1._Z.B.B9P._Z._Z._Z.XDC_R_B1GQ._Z.S.V.N._T,,,,,,"See <a class=""external"" href=""http://sdw.ecb.europa.eu/web/generator/docu/rtdb_docu.pdf""> notes</a>; block Annual; series: G",,4,,,"Government primary deficit(-) or surplus(+), percent of GDP",Euro area (moving concept in the Real Time database context) - Primary deficit/surplus without UMTS proceeds - All sectors/ unspecified/ not applicable (ESA2010)-NCBs - General government (ESA2010)-NCBs - Non-financial flows current prices - Percentage,XDC_R_B1GQ,0,Replace,2008-07-02T15:30:00.000+02:00,
RTD.A.S0.N.F_UMS_CGG_D0.F,A,S0,N,F_UMS_CGG_D0,F,1995,-1.55061,A,F,,,P1Y,S,,,GFS.A.N.I10.W0.S13.S1._Z.B.B9P._Z._Z._Z.XDC_R_B1GQ._Z.S.V.N._T,,,,,,"See <a class=""external"" href=""http://sdw.ecb.europa.eu/web/generator/docu/rtdb_docu.pdf""> notes</a>; block Annual; series: G",,4,,,"Government primary deficit(-) or surplus(+), percent of GDP",Euro area (moving concept in the Real Time database context) - Primary deficit/surplus without UMTS proceeds - All sectors/ unspecified/ not applicable (ESA2010)-NCBs - General government (ESA2010)-NCBs - Non-financial flows current prices - Percentage,XDC_R_B1GQ,0,Replace,2008-11-05T15:30:00.000+01:00,
RTD.A.S0.N.F_UMS_CGG_D0.F,A,S0,N,F_UMS_CGG_D0,F,1996,1.33288,A,F,,,P1Y,S,,,GFS.A.N.I10.W0.S13.S1._Z.B.B9P._Z._Z._Z.XDC_R_B1GQ._Z.S.V.N._T,,,,,,"See <a class=""external"" href=""http://sdw.ecb.europa.eu/web/generator/docu/rtdb_docu.pdf""> notes</a>; block Annual; series: G",,4,,,"Government primary deficit(-) or surplus(+), percent of GDP",Euro area (moving concept in the Real Time database context) - Primary deficit/surplus without UMTS proceeds - All sectors/ unspecified/ not applicable (ESA2010)-NCBs - General government (ESA2010)-NCBs - Non-financial flows current prices - Percentage,XDC_R_B1GQ,0,Replace,2008-11-05T15:30:00.000+01:00,
RTD.A.S0.N.F_UMS_CGG_D0.F,A,S0,N,F_UMS_CGG_D0,F,1997,2.26505,A,F,,,P1Y,S,,,GFS.A.N.I10.W0.S13.S1._Z.B.B9P._Z._Z._Z.XDC_R_B1GQ._Z.S.V.N._T,,,,,,"See <a class=""external"" href=""http://sdw.ecb.europa.eu/web/generator/docu/rtdb_docu.pdf""> notes</a>; block Annual; series: G",,4,,,"Government primary deficit(-) or surplus(+), percent of GDP",Euro area (moving concept in the Real Time database context) - Primary deficit/surplus without UMTS proceeds - All sectors/ unspecified/ not applicable (ESA2010)-NCBs - General government (ESA2010)-NCBs - Non-financial flows current prices - Percentage,XDC_R_B1GQ,0,Replace,2008-11-05T15:30:00.000+01:00,
RTD.A.S0.N.F_UMS_CGG_D0.F,A,S0,N,F_UMS_CGG_D0,F,1998,2.29587,A,F,,,P1Y,S,,,GFS.A.N.I10.W0.S13.S1._Z.B.B9P._Z._Z._Z.XDC_R_B1GQ._Z.S.V.N._T,,,,,,"See <a class=""external"" href=""http://sdw.ecb.europa.eu/web/generator/docu/rtdb_docu.pdf""> notes</a>; block Annual; series: G",,4,,,"Government primary deficit(-) or surplus(+), percent of GDP",Euro area (moving concept in the Real Time database context) - Primary deficit/surplus without UMTS proceeds - All sectors/ unspecified/ not applicable (ESA2010)-NCBs - General government (ESA2010)-NCBs - Non-financial flows current prices - Percentage,XDC_R_B1GQ,0,Replace,2008-11-05T15:30:00.000+01:00,
RTD.A.S0.N.F_UMS_CGG_D0.F,A,S0,N,F_UMS_CGG_D0,F,1999,2.64954,A,F,,,P1Y,S,,,GFS.A.N.I10.W0.S13.S1._Z.B.B9P._Z._Z._Z.XDC_R_B1GQ._Z.S.V.N._T,,,,,,"See <a class=""external"" href=""http://sdw.ecb.europa.eu/web/generator/docu/rtdb_docu.pdf""> notes</a>; block Annual; series: G",,4,,,"Government primary deficit(-) or surplus(+), percent of GDP",Euro area (moving concept in the Real Time database context) - Primary deficit/surplus without UMTS proceeds - All sectors/ unspecified/ not applicable (ESA2010)-NCBs - General government (ESA2010)-NCBs - Non-financial flows current prices - Percentage,XDC_R_B1GQ,0,Replace,2008-11-05T15:30:00.000+01:00,
RTD.A.S0.N.F_UMS_CGG_D0.F,A,S0,N,F_UMS_CGG_D0,F,2000,2.86593,A,F,,,P1Y,S,,,GFS.A.N.I10.W0.S13.S1._Z.B.B9P._Z._Z._Z.XDC_R_B1GQ._Z.S.V.N._T,,,,,,"See <a class=""external"" href=""http://sdw.ecb.europa.eu/web/generator/docu/rtdb_docu.pdf""> notes</a>; block Annual; series: G",,4,,,"Government primary deficit(-) or surplus(+), percent of GDP",Euro area (moving concept in the Real Time database context) - Primary deficit/surplus without UMTS proceeds - All sectors/ unspecified/ not applicable (ESA2010)-NCBs - General government (ESA2010)-NCBs - Non-financial flows current prices - Percentage,XDC_R_B1GQ,0,Replace,2008-11-05T15:30:00.000+01:00,
RTD.A.S0.N.F_UMS_CGG_D0.F,A,S0,N,F_UMS_CGG_D0,F,2001,1.92033,A,F,,,P1Y,S,,,GFS.A.N.I10.W0.S13.S1._Z.B.B9P._Z._Z._Z.XDC_R_B1GQ._Z.S.V.N._T,,,,,,"See <a class=""external"" href=""http://sdw.ecb.europa.eu/web/generator/docu/rtdb_docu.pdf""> notes</a>; block Annual; series: G",,4,,,"Government primary deficit(-) or surplus(+), percent of GDP",Euro area (moving concept in the Real Time database context) - Primary deficit/surplus without UMTS proceeds - All sectors/ unspecified/ not applicable (ESA2010)-NCBs - General government (ESA2010)-NCBs - Non-financial flows current prices - Percentage,XDC_R_B1GQ,0,Replace,2008-11-05T15:30:00.000+01:00,
RTD.A.S0.N.F_UMS_CGG_D0.F,A,S0,N,F_UMS_CGG_D0,F,2002,0.91241,A,F,,,P1Y,S,,,GFS.A.N.I10.W0.S13.S1._Z.B.B9P._Z._Z._Z.XDC_R_B1GQ._Z.S.V.N._T,,,,,,"See <a class=""external"" href=""http://sdw.ecb.europa.eu/web/generator/docu/rtdb_docu.pdf""> notes</a>; block Annual; series: G",,4,,,"Government primary deficit(-) or surplus(+), percent of GDP",Euro area (moving concept in the Real Time database context) - Primary deficit/surplus without UMTS proceeds - All sectors/ unspecified/ not applicable (ESA2010)-NCBs - General government (ESA2010)-NCBs - Non-financial flows current prices - Percentage,XDC_R_B1GQ,0,Replace,2008-11-05T15:30:00.000+01:00,
RTD.A.S0.N.F_UMS_CGG_D0.F,A,S0,N,F_UMS_CGG_D0,F,2003,0.21996,A,F,,,P1Y,S,,,GFS.A.N.I10.W0.S13.S1._Z.B.B9P._Z._Z._Z.XDC_R_B1GQ._Z.S.V.N._T,,,,,,"See <a class=""external"" href=""http://sdw.ecb.europa.eu/web/generator/docu/rtdb_docu.pdf""> notes</a>; block Annual; series: G",,4,,,"Government primary deficit(-) or surplus(+), percent of GDP",Euro area (moving concept in the Real Time database context) - Primary deficit/surplus without UMTS proceeds - All sectors/ unspecified/ not applicable (ESA2010)-NCBs - General government (ESA2010)-NCBs - Non-financial flows current prices - Percentage,XDC_R_B1GQ,0,Replace,2008-11-05T15:30:00.000+01:00,
RTD.A.S0.N.F_UMS_CGG_D0.F,A,S0,N,F_UMS_CGG_D0,F,2004,0.15956,A,F,,,P1Y,S,,,GFS.A.N.I10.W0.S13.S1._Z.B.B9P._Z._Z._Z.XDC_R_B1GQ._Z.S.V.N._T,,,,,,"See <a class=""external"" href=""http://sdw.ecb.europa.eu/web/generator/docu/rtdb_docu.pdf""> notes</a>; block Annual; series: G",,4,,,"Government primary deficit(-) or surplus(+), percent of GDP",Euro area (moving concept in the Real Time database context) - Primary deficit/surplus without UMTS proceeds - All sectors/ unspecified/ not applicable (ESA2010)-NCBs - General government (ESA2010)-NCBs - Non-financial flows current prices - Percentage,XDC_R_B1GQ,0,Replace,2008-11-05T15:30:00.000+01:00,
RTD.A.S0.N.F_UMS_CGG_D0.F,A,S0,N,F_UMS_CGG_D0,F,2005,0.44589,A,F,,,P1Y,S,,,GFS.A.N.I10.W0.S13.S1._Z.B.B9P._Z._Z._Z.XDC_R_B1GQ._Z.S.V.N._T,,,,,,"See <a class=""external"" href=""http://sdw.ecb.europa.eu/web/generator/docu/rtdb_docu.pdf""> notes</a>; block Annual; series: G",,4,,,"Government primary deficit(-) or surplus(+), percent of GDP",Euro area (moving concept in the Real Time database context) - Primary deficit/surplus without UMTS proceeds - All sectors/ unspecified/ not applicable (ESA2010)-NCBs - General government (ESA2010)-NCBs - Non-financial flows current prices - Percentage,XDC_R_B1GQ,0,Replace,2008-11-05T15:30:00.000+01:00,
RTD.A.S0.N.F_UMS_CGG_D0.F,A,S0,N,F_UMS_CGG_D0,F,2006,1.60554,A,F,,,P1Y,S,,,GFS.A.N.I10.W0.S13.S1._Z.B.B9P._Z._Z._Z.XDC_R_B1GQ._Z.S.V.N._T,,,,,,"See <a class=""external"" href=""http://sdw.ecb.europa.eu/web/generator/docu/rtdb_docu.pdf""> notes</a>; block Annual; series: G",,4,,,"Government primary deficit(-) or surplus(+), percent of GDP",Euro area (moving concept in the Real Time database context) - Primary deficit/surplus without UMTS proceeds - All sectors/ unspecified/ not applicable (ESA2010)-NCBs - General government (ESA2010)-NCBs - Non-financial flows current prices - Percentage,XDC_R_B1GQ,0,Replace,2008-11-05T15:30:00.000+01:00,
RTD.A.S0.N.F_UMS_CGG_D0.F,A,S0,N,F_UMS_CGG_D0,F,2007,2.33881,A,F,,,P1Y,S,,,GFS.A.N.I10.W0.S13.S1._Z.B.B9P._Z._Z._Z.XDC_R_B1GQ._Z.S.V.N._T,,,,,,"See <a class=""external"" href=""http://sdw.ecb.europa.eu/web/generator/docu/rtdb_docu.pdf""> notes</a>; block Annual; series: G",,4,,,"Government primary deficit(-) or surplus(+), percent of GDP",Euro area (moving concept in the Real Time database context) - Primary deficit/surplus without UMTS proceeds - All sectors/ unspecified/ not applicable (ESA2010)-NCBs - General government (ESA2010)-NCBs - Non-financial flows current prices - Percentage,XDC_R_B1GQ,0,Replace,2008-11-05T15:30:00.000+01:00,
RTD.A.S0.N.F_UMS_CGG_D0.F,A,S0,N,F_UMS_CGG_D0,F,2004,0.15932,A,F,,,P1Y,S,,,GFS.A.N.I10.W0.S13.S1._Z.B.B9P._Z._Z._Z.XDC_R_B1GQ._Z.S.V.N._T,,,,,,"See <a class=""external"" href=""http://sdw.ecb.europa.eu/web/generator/docu/rtdb_docu.pdf""> notes</a>; block Annual; series: G",,4,,,"Government primary deficit(-) or surplus(+), percent of GDP",Euro area (moving concept in the Real Time database context) - Primary deficit/surplus without UMTS proceeds - All sectors/ unspecified/ not applicable (ESA2010)-NCBs - General government (ESA2010)-NCBs - Non-financial flows current prices - Percentage,XDC_R_B1GQ,0,Replace,2008-12-03T15:30:00.000+01:00,
RTD.A.S0.N.F_UMS_CGG_D0.F,A,S0,N,F_UMS_CGG_D0,F,2005,0.44618,A,F,,,P1Y,S,,,GFS.A.N.I10.W0.S13.S1._Z.B.B9P._Z._Z._Z.XDC_R_B1GQ._Z.S.V.N._T,,,,,,"See <a class=""external"" href=""http://sdw.ecb.europa.eu/web/generator/docu/rtdb_docu.pdf""> notes</a>; block Annual; series: G",,4,,,"Government primary deficit(-) or surplus(+), percent of GDP",Euro area (moving concept in the Real Time database context) - Primary deficit/surplus without UMTS proceeds - All sectors/ unspecified/ not applicable (ESA2010)-NCBs - General government (ESA2010)-NCBs - Non-financial flows current prices - Percentage,XDC_R_B1GQ,0,Replace,2008-12-03T15:30:00.000+01:00,
RTD.A.S0.N.F_UMS_CGG_D0.F,A,S0,N,F_UMS_CGG_D0,F,2006,1.6054,A,F,,,P1Y,S,,,GFS.A.N.I10.W0.S13.S1._Z.B.B9P._Z._Z._Z.XDC_R_B1GQ._Z.S.V.N._T,,,,,,"See <a class=""external"" href=""http://sdw.ecb.europa.eu/web/generator/docu/rtdb_docu.pdf""> notes</a>; block Annual; series: G",,4,,,"Government primary deficit(-) or surplus(+), percent of GDP",Euro area (moving concept in the Real Time database context) - Primary deficit/surplus without UMTS proceeds - All sectors/ unspecified/ not applicable (ESA2010)-NCBs - General government (ESA2010)-NCBs - Non-financial flows current prices - Percentage,XDC_R_B1GQ,0,Replace,2008-12-03T15:30:00.000+01:00,
RTD.A.S0.N.F_UMS_CGG_D0.F,A,S0,N,F_UMS_CGG_D0,F,2007,2.33852,A,F,,,P1Y,S,,,GFS.A.N.I10.W0.S13.S1._Z.B.B9P._Z._Z._Z.XDC_R_B1GQ._Z.S.V.N._T,,,,,,"See <a class=""external"" href=""http://sdw.ecb.europa.eu/web/generator/docu/rtdb_docu.pdf""> notes</a>; block Annual; series: G",,4,,,"Government primary deficit(-) or surplus(+), percent of GDP",Euro area (moving concept in the Real Time database context) - Primary deficit/surplus without UMTS proceeds - All sectors/ unspecified/ not applicable (ESA2010)-NCBs - General government (ESA2010)-NCBs - Non-financial flows current prices - Percentage,XDC_R_B1GQ,0,Replace,2008-12-03T15:30:00.000+01:00,
RTD.A.S0.N.F_UMS_CGG_D0.F,A,S0,N,F_UMS_CGG_D0,F,1995,-1.54411,A,F,,,P1Y,S,,,GFS.A.N.I10.W0.S13.S1._Z.B.B9P._Z._Z._Z.XDC_R_B1GQ._Z.S.V.N._T,,,,,,"See <a class=""external"" href=""http://sdw.ecb.europa.eu/web/generator/docu/rtdb_docu.pdf""> notes</a>; block Annual; series: G",,4,,,"Government primary deficit(-) or surplus(+), percent of GDP",Euro area (moving concept in the Real Time database context) - Primary deficit/surplus without UMTS proceeds - All sectors/ unspecified/ not applicable (ESA2010)-NCBs - General government (ESA2010)-NCBs - Non-financial flows current prices - Percentage,XDC_R_B1GQ,0,Replace,2009-05-06T15:30:00.000+02:00,
RTD.A.S0.N.F_UMS_CGG_D0.F,A,S0,N,F_UMS_CGG_D0,F,1996,1.29119,A,F,,,P1Y,S,,,GFS.A.N.I10.W0.S13.S1._Z.B.B9P._Z._Z._Z.XDC_R_B1GQ._Z.S.V.N._T,,,,,,"See <a class=""external"" href=""http://sdw.ecb.europa.eu/web/generator/docu/rtdb_docu.pdf""> notes</a>; block Annual; series: G",,4,,,"Government primary deficit(-) or surplus(+), percent of GDP",Euro area (moving concept in the Real Time database context) - Primary deficit/surplus without UMTS proceeds - All sectors/ unspecified/ not applicable (ESA2010)-NCBs - General government (ESA2010)-NCBs - Non-financial flows current prices - Percentage,XDC_R_B1GQ,0,Replace,2009-05-06T15:30:00.000+02:00,
RTD.A.S0.N.F_UMS_CGG_D0.F,A,S0,N,F_UMS_CGG_D0,F,1997,2.23114,A,F,,,P1Y,S,,,GFS.A.N.I10.W0.S13.S1._Z.B.B9P._Z._Z._Z.XDC_R_B1GQ._Z.S.V.N._T,,,,,,"See <a class=""external"" href=""http://sdw.ecb.europa.eu/web/generator/docu/rtdb_docu.pdf""> notes</a>; block Annual; series: G",,4,,,"Government primary deficit(-) or surplus(+), percent of GDP",Euro area (moving concept in the Real Time database context) - Primary deficit/surplus without UMTS proceeds - All sectors/ unspecified/ not applicable (ESA2010)-NCBs - General government (ESA2010)-NCBs - Non-financial flows current prices - Percentage,XDC_R_B1GQ,0,Replace,2009-05-06T15:30:00.000+02:00,
RTD.A.S0.N.F_UMS_CGG_D0.F,A,S0,N,F_UMS_CGG_D0,F,1998,2.26977,A,F,,,P1Y,S,,,GFS.A.N.I10.W0.S13.S1._Z.B.B9P._Z._Z._Z.XDC_R_B1GQ._Z.S.V.N._T,,,,,,"See <a class=""external"" href=""http://sdw.ecb.europa.eu/web/generator/docu/rtdb_docu.pdf""> notes</a>; block Annual; series: G",,4,,,"Government primary deficit(-) or surplus(+), percent of GDP",Euro area (moving concept in the Real Time database context) - Primary deficit/surplus without UMTS proceeds - All sectors/ unspecified/ not applicable (ESA2010)-NCBs - General government (ESA2010)-NCBs - Non-financial flows current prices - Percentage,XDC_R_B1GQ,0,Replace,2009-05-06T15:30:00.000+02:00,
RTD.A.S0.N.F_UMS_CGG_D0.F,A,S0,N,F_UMS_CGG_D0,F,1999,2.61356,A,F,,,P1Y,S,,,GFS.A.N.I10.W0.S13.S1._Z.B.B9P._Z._Z._Z.XDC_R_B1GQ._Z.S.V.N._T,,,,,,"See <a class=""external"" href=""http://sdw.ecb.europa.eu/web/generator/docu/rtdb_docu.pdf""> notes</a>; block Annual; series: G",,4,,,"Government primary deficit(-) or surplus(+), percent of GDP",Euro area (moving concept in the Real Time database context) - Primary deficit/surplus without UMTS proceeds - All sectors/ unspecified/ not applicable (ESA2010)-NCBs - General government (ESA2010)-NCBs - Non-financial flows current prices - Percentage,XDC_R_B1GQ,0,Replace,2009-05-06T15:30:00.000+02:00,
RTD.A.S0.N.F_UMS_CGG_D0.F,A,S0,N,F_UMS_CGG_D0,F,2000,3.82627,A,F,,,P1Y,S,,,GFS.A.N.I10.W0.S13.S1._Z.B.B9P._Z._Z._Z.XDC_R_B1GQ._Z.S.V.N._T,,,,,,"See <a class=""external"" href=""http://sdw.ecb.europa.eu/web/generator/docu/rtdb_docu.pdf""> notes</a>; block Annual; series: G",,4,,,"Government primary deficit(-) or surplus(+), percent of GDP",Euro area (moving concept in the Real Time database context) - Primary deficit/surplus without UMTS proceeds - All sectors/ unspecified/ not applicable (ESA2010)-NCBs - General government (ESA2010)-NCBs - Non-financial flows current prices - Percentage,XDC_R_B1GQ,0,Replace,2009-05-06T15:30:00.000+02:00,
RTD.A.S0.N.F_UMS_CGG_D0.F,A,S0,N,F_UMS_CGG_D0,F,2001,1.93043,A,F,,,P1Y,S,,,GFS.A.N.I10.W0.S13.S1._Z.B.B9P._Z._Z._Z.XDC_R_B1GQ._Z.S.V.N._T,,,,,,"See <a class=""external"" href=""http://sdw.ecb.europa.eu/web/generator/docu/rtdb_docu.pdf""> notes</a>; block Annual; series: G",,4,,,"Government primary deficit(-) or surplus(+), percent of GDP",Euro area (moving concept in the Real Time database context) - Primary deficit/surplus without UMTS proceeds - All sectors/ unspecified/ not applicable (ESA2010)-NCBs - General government (ESA2010)-NCBs - Non-financial flows current prices - Percentage,XDC_R_B1GQ,0,Replace,2009-05-06T15:30:00.000+02:00,
RTD.A.S0.N.F_UMS_CGG_D0.F,A,S0,N,F_UMS_CGG_D0,F,2002,0.89237,A,F,,,P1Y,S,,,GFS.A.N.I10.W0.S13.S1._Z.B.B9P._Z._Z._Z.XDC_R_B1GQ._Z.S.V.N._T,,,,,,"See <a class=""external"" href=""http://sdw.ecb.europa.eu/web/generator/docu/rtdb_docu.pdf""> notes</a>; block Annual; series: G",,4,,,"Government primary deficit(-) or surplus(+), percent of GDP",Euro area (moving concept in the Real Time database context) - Primary deficit/surplus without UMTS proceeds - All sectors/ unspecified/ not applicable (ESA2010)-NCBs - General government (ESA2010)-NCBs - Non-financial flows current prices - Percentage,XDC_R_B1GQ,0,Replace,2009-05-06T15:30:00.000+02:00,
RTD.A.S0.N.F_UMS_CGG_D0.F,A,S0,N,F_UMS_CGG_D0,F,2003,0.21664,A,F,,,P1Y,S,,,GFS.A.N.I10.W0.S13.S1._Z.B.B9P._Z._Z._Z.XDC_R_B1GQ._Z.S.V.N._T,,,,,,"See <a class=""external"" href=""http://sdw.ecb.europa.eu/web/generator/docu/rtdb_docu.pdf""> notes</a>; block Annual; series: G",,4,,,"Government primary deficit(-) or surplus(+), percent of GDP",Euro area (moving concept in the Real Time database context) - Primary deficit/surplus without UMTS proceeds - All sectors/ unspecified/ not applicable (ESA2010)-NCBs - General government (ESA2010)-NCBs - Non-financial flows current prices - Percentage,XDC_R_B1GQ,0,Replace,2009-05-06T15:30:00.000+02:00,
RTD.A.S0.N.F_UMS_CGG_D0.F,A,S0,N,F_UMS_CGG_D0,F,2004,0.15589,A,F,,,P1Y,S,,,GFS.A.N.I10.W0.S13.S1._Z.B.B9P._Z._Z._Z.XDC_R_B1GQ._Z.S.V.N._T,,,,,,"See <a class=""external"" href=""http://sdw.ecb.europa.eu/web/generator/docu/rtdb_docu.pdf""> notes</a>; block Annual; series: G",,4,,,"Government primary deficit(-) or surplus(+), percent of GDP",Euro area (moving concept in the Real Time database context) - Primary deficit/surplus without UMTS proceeds - All sectors/ unspecified/ not applicable (ESA2010)-NCBs - General government (ESA2010)-NCBs - Non-financial flows current prices - Percentage,XDC_R_B1GQ,0,Replace,2009-05-06T15:30:00.000+02:00,
RTD.A.S0.N.F_UMS_CGG_D0.F,A,S0,N,F_UMS_CGG_D0,F,2005,0.43354,A,F,,,P1Y,S,,,GFS.A.N.I10.W0.S13.S1._Z.B.B9P._Z._Z._Z.XDC_R_B1GQ._Z.S.V.N._T,,,,,,"See <a class=""external"" href=""http://sdw.ecb.europa.eu/web/generator/docu/rtdb_docu.pdf""> notes</a>; block Annual; series: G",,4,,,"Government primary deficit(-) or surplus(+), percent of GDP",Euro area (moving concept in the Real Time database context) - Primary deficit/surplus without UMTS proceeds - All sectors/ unspecified/ not applicable (ESA2010)-NCBs - General government (ESA2010)-NCBs - Non-financial flows current prices - Percentage,XDC_R_B1GQ,0,Replace,2009-05-06T15:30:00.000+02:00,
RTD.A.S0.N.F_UMS_CGG_D0.F,A,S0,N,F_UMS_CGG_D0,F,2006,1.5976,A,F,,,P1Y,S,,,GFS.A.N.I10.W0.S13.S1._Z.B.B9P._Z._Z._Z.XDC_R_B1GQ._Z.S.V.N._T,,,,,,"See <a class=""external"" href=""http://sdw.ecb.europa.eu/web/generator/docu/rtdb_docu.pdf""> notes</a>; block Annual; series: G",,4,,,"Government primary deficit(-) or surplus(+), percent of GDP",Euro area (moving concept in the Real Time database context) - Primary deficit/surplus without UMTS proceeds - All sectors/ unspecified/ not applicable (ESA2010)-NCBs - General government (ESA2010)-NCBs - Non-financial flows current prices - Percentage,XDC_R_B1GQ,0,Replace,2009-05-06T15:30:00.000+02:00,
RTD.A.S0.N.F_UMS_CGG_D0.F,A,S0,N,F_UMS_CGG_D0,F,2007,2.30221,A,F,,,P1Y,S,,,GFS.A.N.I10.W0.S13.S1._Z.B.B9P._Z._Z._Z.XDC_R_B1GQ._Z.S.V.N._T,,,,,,"See <a class=""external"" href=""http://sdw.ecb.europa.eu/web/generator/docu/rtdb_docu.pdf""> notes</a>; block Annual; series: G",,4,,,"Government primary deficit(-) or surplus(+), percent of GDP",Euro area (moving concept in the Real Time database context) - Primary deficit/surplus without UMTS proceeds - All sectors/ unspecified/ not applicable (ESA2010)-NCBs - General government (ESA2010)-NCBs - Non-financial flows current prices - Percentage,XDC_R_B1GQ,0,Replace,2009-05-06T15:30:00.000+02:00,
RTD.A.S0.N.F_UMS_CGG_D0.F,A,S0,N,F_UMS_CGG_D0,F,2008,1.07613,A,F,,,P1Y,S,,,GFS.A.N.I10.W0.S13.S1._Z.B.B9P._Z._Z._Z.XDC_R_B1GQ._Z.S.V.N._T,,,,,,"See <a class=""external"" href=""http://sdw.ecb.europa.eu/web/generator/docu/rtdb_docu.pdf""> notes</a>; block Annual; series: G",,4,,,"Government primary deficit(-) or surplus(+), percent of GDP",Euro area (moving concept in the Real Time database context) - Primary deficit/surplus without UMTS proceeds - All sectors/ unspecified/ not applicable (ESA2010)-NCBs - General government (ESA2010)-NCBs - Non-financial flows current prices - Percentage,XDC_R_B1GQ,0,Replace,2009-05-06T15:30:00.000+02:00,
RTD.A.S0.N.F_UMS_CGG_D0.F,A,S0,N,F_UMS_CGG_D0,F,1998,2.26976,A,F,,,P1Y,S,,,GFS.A.N.I10.W0.S13.S1._Z.B.B9P._Z._Z._Z.XDC_R_B1GQ._Z.S.V.N._T,,,,,,"See <a class=""external"" href=""http://sdw.ecb.europa.eu/web/generator/docu/rtdb_docu.pdf""> notes</a>; block Annual; series: G",,4,,,"Government primary deficit(-) or surplus(+), percent of GDP",Euro area (moving concept in the Real Time database context) - Primary deficit/surplus without UMTS proceeds - All sectors/ unspecified/ not applicable (ESA2010)-NCBs - General government (ESA2010)-NCBs - Non-financial flows current prices - Percentage,XDC_R_B1GQ,0,Replace,2009-06-03T15:30:00.000+02:00,
RTD.A.S0.N.F_UMS_CGG_D0.F,A,S0,N,F_UMS_CGG_D0,F,2001,1.93041,A,F,,,P1Y,S,,,GFS.A.N.I10.W0.S13.S1._Z.B.B9P._Z._Z._Z.XDC_R_B1GQ._Z.S.V.N._T,,,,,,"See <a class=""external"" href=""http://sdw.ecb.europa.eu/web/generator/docu/rtdb_docu.pdf""> notes</a>; block Annual; series: G",,4,,,"Government primary deficit(-) or surplus(+), percent of GDP",Euro area (moving concept in the Real Time database context) - Primary deficit/surplus without UMTS proceeds - All sectors/ unspecified/ not applicable (ESA2010)-NCBs - General government (ESA2010)-NCBs - Non-financial flows current prices - Percentage,XDC_R_B1GQ,0,Replace,2009-06-03T15:30:00.000+02:00,
RTD.A.S0.N.F_UMS_CGG_D0.F,A,S0,N,F_UMS_CGG_D0,F,2006,1.60734,A,F,,,P1Y,S,,,GFS.A.N.I10.W0.S13.S1._Z.B.B9P._Z._Z._Z.XDC_R_B1GQ._Z.S.V.N._T,,,,,,"See <a class=""external"" href=""http://sdw.ecb.europa.eu/web/generator/docu/rtdb_docu.pdf""> notes</a>; block Annual; series: G",,4,,,"Government primary deficit(-) or surplus(+), percent of GDP",Euro area (moving concept in the Real Time database context) - Primary deficit/surplus without UMTS proceeds - All sectors/ unspecified/ not applicable (ESA2010)-NCBs - General government (ESA2010)-NCBs - Non-financial flows current prices - Percentage,XDC_R_B1GQ,0,Replace,2009-06-03T15:30:00.000+02:00,
RTD.A.S0.N.F_UMS_CGG_D0.F,A,S0,N,F_UMS_CGG_D0,F,2007,2.3054,A,F,,,P1Y,S,,,GFS.A.N.I10.W0.S13.S1._Z.B.B9P._Z._Z._Z.XDC_R_B1GQ._Z.S.V.N._T,,,,,,"See <a class=""external"" href=""http://sdw.ecb.europa.eu/web/generator/docu/rtdb_docu.pdf""> notes</a>; block Annual; series: G",,4,,,"Government primary deficit(-) or surplus(+), percent of GDP",Euro area (moving concept in the Real Time database context) - Primary deficit/surplus without UMTS proceeds - All sectors/ unspecified/ not applicable (ESA2010)-NCBs - General government (ESA2010)-NCBs - Non-financial flows current prices - Percentage,XDC_R_B1GQ,0,Replace,2009-06-03T15:30:00.000+02:00,
RTD.A.S0.N.F_UMS_CGG_D0.F,A,S0,N,F_UMS_CGG_D0,F,2008,1.07587,A,F,,,P1Y,S,,,GFS.A.N.I10.W0.S13.S1._Z.B.B9P._Z._Z._Z.XDC_R_B1GQ._Z.S.V.N._T,,,,,,"See <a class=""external"" href=""http://sdw.ecb.europa.eu/web/generator/docu/rtdb_docu.pdf""> notes</a>; block Annual; series: G",,4,,,"Government primary deficit(-) or surplus(+), percent of GDP",Euro area (moving concept in the Real Time database context) - Primary deficit/surplus without UMTS proceeds - All sectors/ unspecified/ not applicable (ESA2010)-NCBs - General government (ESA2010)-NCBs - Non-financial flows current prices - Percentage,XDC_R_B1GQ,0,Replace,2009-06-03T15:30:00.000+02:00,
RTD.A.S0.N.F_UMS_CGG_D0.F,A,S0,N,F_UMS_CGG_D0,F,1995,-1.68387,A,F,,,P1Y,S,,,GFS.A.N.I10.W0.S13.S1._Z.B.B9P._Z._Z._Z.XDC_R_B1GQ._Z.S.V.N._T,,,,,,"See <a class=""external"" href=""http://sdw.ecb.europa.eu/web/generator/docu/rtdb_docu.pdf""> notes</a>; block Annual; series: G",,4,,,"Government primary deficit(-) or surplus(+), percent of GDP",Euro area (moving concept in the Real Time database context) - Primary deficit/surplus without UMTS proceeds - All sectors/ unspecified/ not applicable (ESA2010)-NCBs - General government (ESA2010)-NCBs - Non-financial flows current prices - Percentage,XDC_R_B1GQ,0,Replace,2009-08-05T15:30:00.000+02:00,
RTD.A.S0.N.F_UMS_CGG_D0.F,A,S0,N,F_UMS_CGG_D0,F,1996,1.25683,A,F,,,P1Y,S,,,GFS.A.N.I10.W0.S13.S1._Z.B.B9P._Z._Z._Z.XDC_R_B1GQ._Z.S.V.N._T,,,,,,"See <a class=""external"" href=""http://sdw.ecb.europa.eu/web/generator/docu/rtdb_docu.pdf""> notes</a>; block Annual; series: G",,4,,,"Government primary deficit(-) or surplus(+), percent of GDP",Euro area (moving concept in the Real Time database context) - Primary deficit/surplus without UMTS proceeds - All sectors/ unspecified/ not applicable (ESA2010)-NCBs - General government (ESA2010)-NCBs - Non-financial flows current prices - Percentage,XDC_R_B1GQ,0,Replace,2009-08-05T15:30:00.000+02:00,
RTD.A.S0.N.F_UMS_CGG_D0.F,A,S0,N,F_UMS_CGG_D0,F,1997,2.20688,A,F,,,P1Y,S,,,GFS.A.N.I10.W0.S13.S1._Z.B.B9P._Z._Z._Z.XDC_R_B1GQ._Z.S.V.N._T,,,,,,"See <a class=""external"" href=""http://sdw.ecb.europa.eu/web/generator/docu/rtdb_docu.pdf""> notes</a>; block Annual; series: G",,4,,,"Government primary deficit(-) or surplus(+), percent of GDP",Euro area (moving concept in the Real Time database context) - Primary deficit/surplus without UMTS proceeds - All sectors/ unspecified/ not applicable (ESA2010)-NCBs - General government (ESA2010)-NCBs - Non-financial flows current prices - Percentage,XDC_R_B1GQ,0,Replace,2009-08-05T15:30:00.000+02:00,
RTD.A.S0.N.F_UMS_CGG_D0.F,A,S0,N,F_UMS_CGG_D0,F,1998,2.26493,A,F,,,P1Y,S,,,GFS.A.N.I10.W0.S13.S1._Z.B.B9P._Z._Z._Z.XDC_R_B1GQ._Z.S.V.N._T,,,,,,"See <a class=""external"" href=""http://sdw.ecb.europa.eu/web/generator/docu/rtdb_docu.pdf""> notes</a>; block Annual; series: G",,4,,,"Government primary deficit(-) or surplus(+), percent of GDP",Euro area (moving concept in the Real Time database context) - Primary deficit/surplus without UMTS proceeds - All sectors/ unspecified/ not applicable (ESA2010)-NCBs - General government (ESA2010)-NCBs - Non-financial flows current prices - Percentage,XDC_R_B1GQ,0,Replace,2009-08-05T15:30:00.000+02:00,
RTD.A.S0.N.F_UMS_CGG_D0.F,A,S0,N,F_UMS_CGG_D0,F,1999,2.61875,A,F,,,P1Y,S,,,GFS.A.N.I10.W0.S13.S1._Z.B.B9P._Z._Z._Z.XDC_R_B1GQ._Z.S.V.N._T,,,,,,"See <a class=""external"" href=""http://sdw.ecb.europa.eu/web/generator/docu/rtdb_docu.pdf""> notes</a>; block Annual; series: G",,4,,,"Government primary deficit(-) or surplus(+), percent of GDP",Euro area (moving concept in the Real Time database context) - Primary deficit/surplus without UMTS proceeds - All sectors/ unspecified/ not applicable (ESA2010)-NCBs - General government (ESA2010)-NCBs - Non-financial flows current prices - Percentage,XDC_R_B1GQ,0,Replace,2009-08-05T15:30:00.000+02:00,
RTD.A.S0.N.F_UMS_CGG_D0.F,A,S0,N,F_UMS_CGG_D0,F,2000,3.83565,A,F,,,P1Y,S,,,GFS.A.N.I10.W0.S13.S1._Z.B.B9P._Z._Z._Z.XDC_R_B1GQ._Z.S.V.N._T,,,,,,"See <a class=""external"" href=""http://sdw.ecb.europa.eu/web/generator/docu/rtdb_docu.pdf""> notes</a>; block Annual; series: G",,4,,,"Government primary deficit(-) or surplus(+), percent of GDP",Euro area (moving concept in the Real Time database context) - Primary deficit/surplus without UMTS proceeds - All sectors/ unspecified/ not applicable (ESA2010)-NCBs - General government (ESA2010)-NCBs - Non-financial flows current prices - Percentage,XDC_R_B1GQ,0,Replace,2009-08-05T15:30:00.000+02:00,
RTD.A.S0.N.F_UMS_CGG_D0.F,A,S0,N,F_UMS_CGG_D0,F,2001,1.93363,A,F,,,P1Y,S,,,GFS.A.N.I10.W0.S13.S1._Z.B.B9P._Z._Z._Z.XDC_R_B1GQ._Z.S.V.N._T,,,,,,"See <a class=""external"" href=""http://sdw.ecb.europa.eu/web/generator/docu/rtdb_docu.pdf""> notes</a>; block Annual; series: G",,4,,,"Government primary deficit(-) or surplus(+), percent of GDP",Euro area (moving concept in the Real Time database context) - Primary deficit/surplus without UMTS proceeds - All sectors/ unspecified/ not applicable (ESA2010)-NCBs - General government (ESA2010)-NCBs - Non-financial flows current prices - Percentage,XDC_R_B1GQ,0,Replace,2009-08-05T15:30:00.000+02:00,
RTD.A.S0.N.F_UMS_CGG_D0.F,A,S0,N,F_UMS_CGG_D0,F,2002,0.89495,A,F,,,P1Y,S,,,GFS.A.N.I10.W0.S13.S1._Z.B.B9P._Z._Z._Z.XDC_R_B1GQ._Z.S.V.N._T,,,,,,"See <a class=""external"" href=""http://sdw.ecb.europa.eu/web/generator/docu/rtdb_docu.pdf""> notes</a>; block Annual; series: G",,4,,,"Government primary deficit(-) or surplus(+), percent of GDP",Euro area (moving concept in the Real Time database context) - Primary deficit/surplus without UMTS proceeds - All sectors/ unspecified/ not applicable (ESA2010)-NCBs - General government (ESA2010)-NCBs - Non-financial flows current prices - Percentage,XDC_R_B1GQ,0,Replace,2009-08-05T15:30:00.000+02:00,
RTD.A.S0.N.F_UMS_CGG_D0.F,A,S0,N,F_UMS_CGG_D0,F,2003,0.21716,A,F,,,P1Y,S,,,GFS.A.N.I10.W0.S13.S1._Z.B.B9P._Z._Z._Z.XDC_R_B1GQ._Z.S.V.N._T,,,,,,"See <a class=""external"" href=""http://sdw.ecb.europa.eu/web/generator/docu/rtdb_docu.pdf""> notes</a>; block Annual; series: G",,4,,,"Government primary deficit(-) or surplus(+), percent of GDP",Euro area (moving concept in the Real Time database context) - Primary deficit/surplus without UMTS proceeds - All sectors/ unspecified/ not applicable (ESA2010)-NCBs - General government (ESA2010)-NCBs - Non-financial flows current prices - Percentage,XDC_R_B1GQ,0,Replace,2009-08-05T15:30:00.000+02:00,
RTD.A.S0.N.F_UMS_CGG_D0.F,A,S0,N,F_UMS_CGG_D0,F,2004,0.15599,A,F,,,P1Y,S,,,GFS.A.N.I10.W0.S13.S1._Z.B.B9P._Z._Z._Z.XDC_R_B1GQ._Z.S.V.N._T,,,,,,"See <a class=""external"" href=""http://sdw.ecb.europa.eu/web/generator/docu/rtdb_docu.pdf""> notes</a>; block Annual; series: G",,4,,,"Government primary deficit(-) or surplus(+), percent of GDP",Euro area (moving concept in the Real Time database context) - Primary deficit/surplus without UMTS proceeds - All sectors/ unspecified/ not applicable (ESA2010)-NCBs - General government (ESA2010)-NCBs - Non-financial flows current prices - Percentage,XDC_R_B1GQ,0,Replace,2009-08-05T15:30:00.000+02:00,
RTD.A.S0.N.F_UMS_CGG_D0.F,A,S0,N,F_UMS_CGG_D0,F,2005,0.43352,A,F,,,P1Y,S,,,GFS.A.N.I10.W0.S13.S1._Z.B.B9P._Z._Z._Z.XDC_R_B1GQ._Z.S.V.N._T,,,,,,"See <a class=""external"" href=""http://sdw.ecb.europa.eu/web/generator/docu/rtdb_docu.pdf""> notes</a>; block Annual; series: G",,4,,,"Government primary deficit(-) or surplus(+), percent of GDP",Euro area (moving concept in the Real Time database context) - Primary deficit/surplus without UMTS proceeds - All sectors/ unspecified/ not applicable (ESA2010)-NCBs - General government (ESA2010)-NCBs - Non-financial flows current prices - Percentage,XDC_R_B1GQ,0,Replace,2009-08-05T15:30:00.000+02:00,
RTD.A.S0.N.F_UMS_CGG_D0.F,A,S0,N,F_UMS_CGG_D0,F,2006,1.60718,A,F,,,P1Y,S,,,GFS.A.N.I10.W0.S13.S1._Z.B.B9P._Z._Z._Z.XDC_R_B1GQ._Z.S.V.N._T,,,,,,"See <a class=""external"" href=""http://sdw.ecb.europa.eu/web/generator/docu/rtdb_docu.pdf""> notes</a>; block Annual; series: G",,4,,,"Government primary deficit(-) or surplus(+), percent of GDP",Euro area (moving concept in the Real Time database context) - Primary deficit/surplus without UMTS proceeds - All sectors/ unspecified/ not applicable (ESA2010)-NCBs - General government (ESA2010)-NCBs - Non-financial flows current prices - Percentage,XDC_R_B1GQ,0,Replace,2009-08-05T15:30:00.000+02:00,
RTD.A.S0.N.F_UMS_CGG_D0.F,A,S0,N,F_UMS_CGG_D0,F,2007,2.30532,A,F,,,P1Y,S,,,GFS.A.N.I10.W0.S13.S1._Z.B.B9P._Z._Z._Z.XDC_R_B1GQ._Z.S.V.N._T,,,,,,"See <a class=""external"" href=""http://sdw.ecb.europa.eu/web/generator/docu/rtdb_docu.pdf""> notes</a>; block Annual; series: G",,4,,,"Government primary deficit(-) or surplus(+), percent of GDP",Euro area (moving concept in the Real Time database context) - Primary deficit/surplus without UMTS proceeds - All sectors/ unspecified/ not applicable (ESA2010)-NCBs - General government (ESA2010)-NCBs - Non-financial flows current prices - Percentage,XDC_R_B1GQ,0,Replace,2009-08-05T15:30:00.000+02:00,
RTD.A.S0.N.F_UMS_CGG_D0.F,A,S0,N,F_UMS_CGG_D0,F,2008,1.06482,A,F,,,P1Y,S,,,GFS.A.N.I10.W0.S13.S1._Z.B.B9P._Z._Z._Z.XDC_R_B1GQ._Z.S.V.N._T,,,,,,"See <a class=""external"" href=""http://sdw.ecb.europa.eu/web/generator/docu/rtdb_docu.pdf""> notes</a>; block Annual; series: G",,4,,,"Government primary deficit(-) or surplus(+), percent of GDP",Euro area (moving concept in the Real Time database context) - Primary deficit/surplus without UMTS proceeds - All sectors/ unspecified/ not applicable (ESA2010)-NCBs - General government (ESA2010)-NCBs - Non-financial flows current prices - Percentage,XDC_R_B1GQ,0,Replace,2009-08-05T15:30:00.000+02:00,
RTD.A.S0.N.F_UMS_CGG_D0.F,A,S0,N,F_UMS_CGG_D0,F,1995,-1.68609,A,F,,,P1Y,S,,,GFS.A.N.I10.W0.S13.S1._Z.B.B9P._Z._Z._Z.XDC_R_B1GQ._Z.S.V.N._T,,,,,,"See <a class=""external"" href=""http://sdw.ecb.europa.eu/web/generator/docu/rtdb_docu.pdf""> notes</a>; block Annual; series: G",,4,,,"Government primary deficit(-) or surplus(+), percent of GDP",Euro area (moving concept in the Real Time database context) - Primary deficit/surplus without UMTS proceeds - All sectors/ unspecified/ not applicable (ESA2010)-NCBs - General government (ESA2010)-NCBs - Non-financial flows current prices - Percentage,XDC_R_B1GQ,0,Replace,2009-11-04T15:30:00.000+01:00,
RTD.A.S0.N.F_UMS_CGG_D0.F,A,S0,N,F_UMS_CGG_D0,F,1996,1.25435,A,F,,,P1Y,S,,,GFS.A.N.I10.W0.S13.S1._Z.B.B9P._Z._Z._Z.XDC_R_B1GQ._Z.S.V.N._T,,,,,,"See <a class=""external"" href=""http://sdw.ecb.europa.eu/web/generator/docu/rtdb_docu.pdf""> notes</a>; block Annual; series: G",,4,,,"Government primary deficit(-) or surplus(+), percent of GDP",Euro area (moving concept in the Real Time database context) - Primary deficit/surplus without UMTS proceeds - All sectors/ unspecified/ not applicable (ESA2010)-NCBs - General government (ESA2010)-NCBs - Non-financial flows current prices - Percentage,XDC_R_B1GQ,0,Replace,2009-11-04T15:30:00.000+01:00,
RTD.A.S0.N.F_UMS_CGG_D0.F,A,S0,N,F_UMS_CGG_D0,F,1997,2.20323,A,F,,,P1Y,S,,,GFS.A.N.I10.W0.S13.S1._Z.B.B9P._Z._Z._Z.XDC_R_B1GQ._Z.S.V.N._T,,,,,,"See <a class=""external"" href=""http://sdw.ecb.europa.eu/web/generator/docu/rtdb_docu.pdf""> notes</a>; block Annual; series: G",,4,,,"Government primary deficit(-) or surplus(+), percent of GDP",Euro area (moving concept in the Real Time database context) - Primary deficit/surplus without UMTS proceeds - All sectors/ unspecified/ not applicable (ESA2010)-NCBs - General government (ESA2010)-NCBs - Non-financial flows current prices - Percentage,XDC_R_B1GQ,0,Replace,2009-11-04T15:30:00.000+01:00,
RTD.A.S0.N.F_UMS_CGG_D0.F,A,S0,N,F_UMS_CGG_D0,F,1998,2.26285,A,F,,,P1Y,S,,,GFS.A.N.I10.W0.S13.S1._Z.B.B9P._Z._Z._Z.XDC_R_B1GQ._Z.S.V.N._T,,,,,,"See <a class=""external"" href=""http://sdw.ecb.europa.eu/web/generator/docu/rtdb_docu.pdf""> notes</a>; block Annual; series: G",,4,,,"Government primary deficit(-) or surplus(+), percent of GDP",Euro area (moving concept in the Real Time database context) - Primary deficit/surplus without UMTS proceeds - All sectors/ unspecified/ not applicable (ESA2010)-NCBs - General government (ESA2010)-NCBs - Non-financial flows current prices - Percentage,XDC_R_B1GQ,0,Replace,2009-11-04T15:30:00.000+01:00,
RTD.A.S0.N.F_UMS_CGG_D0.F,A,S0,N,F_UMS_CGG_D0,F,1999,2.61664,A,F,,,P1Y,S,,,GFS.A.N.I10.W0.S13.S1._Z.B.B9P._Z._Z._Z.XDC_R_B1GQ._Z.S.V.N._T,,,,,,"See <a class=""external"" href=""http://sdw.ecb.europa.eu/web/generator/docu/rtdb_docu.pdf""> notes</a>; block Annual; series: G",,4,,,"Government primary deficit(-) or surplus(+), percent of GDP",Euro area (moving concept in the Real Time database context) - Primary deficit/surplus without UMTS proceeds - All sectors/ unspecified/ not applicable (ESA2010)-NCBs - General government (ESA2010)-NCBs - Non-financial flows current prices - Percentage,XDC_R_B1GQ,0,Replace,2009-11-04T15:30:00.000+01:00,
RTD.A.S0.N.F_UMS_CGG_D0.F,A,S0,N,F_UMS_CGG_D0,F,2000,3.83331,A,F,,,P1Y,S,,,GFS.A.N.I10.W0.S13.S1._Z.B.B9P._Z._Z._Z.XDC_R_B1GQ._Z.S.V.N._T,,,,,,"See <a class=""external"" href=""http://sdw.ecb.europa.eu/web/generator/docu/rtdb_docu.pdf""> notes</a>; block Annual; series: G",,4,,,"Government primary deficit(-) or surplus(+), percent of GDP",Euro area (moving concept in the Real Time database context) - Primary deficit/surplus without UMTS proceeds - All sectors/ unspecified/ not applicable (ESA2010)-NCBs - General government (ESA2010)-NCBs - Non-financial flows current prices - Percentage,XDC_R_B1GQ,0,Replace,2009-11-04T15:30:00.000+01:00,
RTD.A.S0.N.F_UMS_CGG_D0.F,A,S0,N,F_UMS_CGG_D0,F,2001,1.93175,A,F,,,P1Y,S,,,GFS.A.N.I10.W0.S13.S1._Z.B.B9P._Z._Z._Z.XDC_R_B1GQ._Z.S.V.N._T,,,,,,"See <a class=""external"" href=""http://sdw.ecb.europa.eu/web/generator/docu/rtdb_docu.pdf""> notes</a>; block Annual; series: G",,4,,,"Government primary deficit(-) or surplus(+), percent of GDP",Euro area (moving concept in the Real Time database context) - Primary deficit/surplus without UMTS proceeds - All sectors/ unspecified/ not applicable (ESA2010)-NCBs - General government (ESA2010)-NCBs - Non-financial flows current prices - Percentage,XDC_R_B1GQ,0,Replace,2009-11-04T15:30:00.000+01:00,
RTD.A.S0.N.F_UMS_CGG_D0.F,A,S0,N,F_UMS_CGG_D0,F,2002,0.89327,A,F,,,P1Y,S,,,GFS.A.N.I10.W0.S13.S1._Z.B.B9P._Z._Z._Z.XDC_R_B1GQ._Z.S.V.N._T,,,,,,"See <a class=""external"" href=""http://sdw.ecb.europa.eu/web/generator/docu/rtdb_docu.pdf""> notes</a>; block Annual; series: G",,4,,,"Government primary deficit(-) or surplus(+), percent of GDP",Euro area (moving concept in the Real Time database context) - Primary deficit/surplus without UMTS proceeds - All sectors/ unspecified/ not applicable (ESA2010)-NCBs - General government (ESA2010)-NCBs - Non-financial flows current prices - Percentage,XDC_R_B1GQ,0,Replace,2009-11-04T15:30:00.000+01:00,
RTD.A.S0.N.F_UMS_CGG_D0.F,A,S0,N,F_UMS_CGG_D0,F,2003,0.21536,A,F,,,P1Y,S,,,GFS.A.N.I10.W0.S13.S1._Z.B.B9P._Z._Z._Z.XDC_R_B1GQ._Z.S.V.N._T,,,,,,"See <a class=""external"" href=""http://sdw.ecb.europa.eu/web/generator/docu/rtdb_docu.pdf""> notes</a>; block Annual; series: G",,4,,,"Government primary deficit(-) or surplus(+), percent of GDP",Euro area (moving concept in the Real Time database context) - Primary deficit/surplus without UMTS proceeds - All sectors/ unspecified/ not applicable (ESA2010)-NCBs - General government (ESA2010)-NCBs - Non-financial flows current prices - Percentage,XDC_R_B1GQ,0,Replace,2009-11-04T15:30:00.000+01:00,
RTD.A.S0.N.F_UMS_CGG_D0.F,A,S0,N,F_UMS_CGG_D0,F,2004,0.15477,A,F,,,P1Y,S,,,GFS.A.N.I10.W0.S13.S1._Z.B.B9P._Z._Z._Z.XDC_R_B1GQ._Z.S.V.N._T,,,,,,"See <a class=""external"" href=""http://sdw.ecb.europa.eu/web/generator/docu/rtdb_docu.pdf""> notes</a>; block Annual; series: G",,4,,,"Government primary deficit(-) or surplus(+), percent of GDP",Euro area (moving concept in the Real Time database context) - Primary deficit/surplus without UMTS proceeds - All sectors/ unspecified/ not applicable (ESA2010)-NCBs - General government (ESA2010)-NCBs - Non-financial flows current prices - Percentage,XDC_R_B1GQ,0,Replace,2009-11-04T15:30:00.000+01:00,
RTD.A.S0.N.F_UMS_CGG_D0.F,A,S0,N,F_UMS_CGG_D0,F,2005,0.43694,A,F,,,P1Y,S,,,GFS.A.N.I10.W0.S13.S1._Z.B.B9P._Z._Z._Z.XDC_R_B1GQ._Z.S.V.N._T,,,,,,"See <a class=""external"" href=""http://sdw.ecb.europa.eu/web/generator/docu/rtdb_docu.pdf""> notes</a>; block Annual; series: G",,4,,,"Government primary deficit(-) or surplus(+), percent of GDP",Euro area (moving concept in the Real Time database context) - Primary deficit/surplus without UMTS proceeds - All sectors/ unspecified/ not applicable (ESA2010)-NCBs - General government (ESA2010)-NCBs - Non-financial flows current prices - Percentage,XDC_R_B1GQ,0,Replace,2009-11-04T15:30:00.000+01:00,
RTD.A.S0.N.F_UMS_CGG_D0.F,A,S0,N,F_UMS_CGG_D0,F,2006,1.57548,A,F,,,P1Y,S,,,GFS.A.N.I10.W0.S13.S1._Z.B.B9P._Z._Z._Z.XDC_R_B1GQ._Z.S.V.N._T,,,,,,"See <a class=""external"" href=""http://sdw.ecb.europa.eu/web/generator/docu/rtdb_docu.pdf""> notes</a>; block Annual; series: G",,4,,,"Government primary deficit(-) or surplus(+), percent of GDP",Euro area (moving concept in the Real Time database context) - Primary deficit/surplus without UMTS proceeds - All sectors/ unspecified/ not applicable (ESA2010)-NCBs - General government (ESA2010)-NCBs - Non-financial flows current prices - Percentage,XDC_R_B1GQ,0,Replace,2009-11-04T15:30:00.000+01:00,
RTD.A.S0.N.F_UMS_CGG_D0.F,A,S0,N,F_UMS_CGG_D0,F,2007,2.35317,A,F,,,P1Y,S,,,GFS.A.N.I10.W0.S13.S1._Z.B.B9P._Z._Z._Z.XDC_R_B1GQ._Z.S.V.N._T,,,,,,"See <a class=""external"" href=""http://sdw.ecb.europa.eu/web/generator/docu/rtdb_docu.pdf""> notes</a>; block Annual; series: G",,4,,,"Government primary deficit(-) or surplus(+), percent of GDP",Euro area (moving concept in the Real Time database context) - Primary deficit/surplus without UMTS proceeds - All sectors/ unspecified/ not applicable (ESA2010)-NCBs - General government (ESA2010)-NCBs - Non-financial flows current prices - Percentage,XDC_R_B1GQ,0,Replace,2009-11-04T15:30:00.000+01:00,
RTD.A.S0.N.F_UMS_CGG_D0.F,A,S0,N,F_UMS_CGG_D0,F,2008,0.99346,A,F,,,P1Y,S,,,GFS.A.N.I10.W0.S13.S1._Z.B.B9P._Z._Z._Z.XDC_R_B1GQ._Z.S.V.N._T,,,,,,"See <a class=""external"" href=""http://sdw.ecb.europa.eu/web/generator/docu/rtdb_docu.pdf""> notes</a>; block Annual; series: G",,4,,,"Government primary deficit(-) or surplus(+), percent of GDP",Euro area (moving concept in the Real Time database context) - Primary deficit/surplus without UMTS proceeds - All sectors/ unspecified/ not applicable (ESA2010)-NCBs - General government (ESA2010)-NCBs - Non-financial flows current prices - Percentage,XDC_R_B1GQ,0,Replace,2009-11-04T15:30:00.000+01:00,
RTD.A.S0.N.F_UMS_CGG_D0.F,A,S0,N,F_UMS_CGG_D0,F,2000,3.83332,A,F,,,P1Y,S,,,GFS.A.N.I10.W0.S13.S1._Z.B.B9P._Z._Z._Z.XDC_R_B1GQ._Z.S.V.N._T,,,,,,"See <a class=""external"" href=""http://sdw.ecb.europa.eu/web/generator/docu/rtdb_docu.pdf""> notes</a>; block Annual; series: G",,4,,,"Government primary deficit(-) or surplus(+), percent of GDP",Euro area (moving concept in the Real Time database context) - Primary deficit/surplus without UMTS proceeds - All sectors/ unspecified/ not applicable (ESA2010)-NCBs - General government (ESA2010)-NCBs - Non-financial flows current prices - Percentage,XDC_R_B1GQ,0,Replace,2010-02-03T15:30:00.000+01:00,
RTD.A.S0.N.F_UMS_CGG_D0.F,A,S0,N,F_UMS_CGG_D0,F,1995,-1.68597,A,F,,,P1Y,S,,,GFS.A.N.I10.W0.S13.S1._Z.B.B9P._Z._Z._Z.XDC_R_B1GQ._Z.S.V.N._T,,,,,,"See <a class=""external"" href=""http://sdw.ecb.europa.eu/web/generator/docu/rtdb_docu.pdf""> notes</a>; block Annual; series: G",,4,,,"Government primary deficit(-) or surplus(+), percent of GDP",Euro area (moving concept in the Real Time database context) - Primary deficit/surplus without UMTS proceeds - All sectors/ unspecified/ not applicable (ESA2010)-NCBs - General government (ESA2010)-NCBs - Non-financial flows current prices - Percentage,XDC_R_B1GQ,0,Replace,2010-05-05T15:30:00.000+02:00,
RTD.A.S0.N.F_UMS_CGG_D0.F,A,S0,N,F_UMS_CGG_D0,F,1996,1.25448,A,F,,,P1Y,S,,,GFS.A.N.I10.W0.S13.S1._Z.B.B9P._Z._Z._Z.XDC_R_B1GQ._Z.S.V.N._T,,,,,,"See <a class=""external"" href=""http://sdw.ecb.europa.eu/web/generator/docu/rtdb_docu.pdf""> notes</a>; block Annual; series: G",,4,,,"Government primary deficit(-) or surplus(+), percent of GDP",Euro area (moving concept in the Real Time database context) - Primary deficit/surplus without UMTS proceeds - All sectors/ unspecified/ not applicable (ESA2010)-NCBs - General government (ESA2010)-NCBs - Non-financial flows current prices - Percentage,XDC_R_B1GQ,0,Replace,2010-05-05T15:30:00.000+02:00,
RTD.A.S0.N.F_UMS_CGG_D0.F,A,S0,N,F_UMS_CGG_D0,F,1997,2.20083,A,F,,,P1Y,S,,,GFS.A.N.I10.W0.S13.S1._Z.B.B9P._Z._Z._Z.XDC_R_B1GQ._Z.S.V.N._T,,,,,,"See <a class=""external"" href=""http://sdw.ecb.europa.eu/web/generator/docu/rtdb_docu.pdf""> notes</a>; block Annual; series: G",,4,,,"Government primary deficit(-) or surplus(+), percent of GDP",Euro area (moving concept in the Real Time database context) - Primary deficit/surplus without UMTS proceeds - All sectors/ unspecified/ not applicable (ESA2010)-NCBs - General government (ESA2010)-NCBs - Non-financial flows current prices - Percentage,XDC_R_B1GQ,0,Replace,2010-05-05T15:30:00.000+02:00,
RTD.A.S0.N.F_UMS_CGG_D0.F,A,S0,N,F_UMS_CGG_D0,F,1998,2.26139,A,F,,,P1Y,S,,,GFS.A.N.I10.W0.S13.S1._Z.B.B9P._Z._Z._Z.XDC_R_B1GQ._Z.S.V.N._T,,,,,,"See <a class=""external"" href=""http://sdw.ecb.europa.eu/web/generator/docu/rtdb_docu.pdf""> notes</a>; block Annual; series: G",,4,,,"Government primary deficit(-) or surplus(+), percent of GDP",Euro area (moving concept in the Real Time database context) - Primary deficit/surplus without UMTS proceeds - All sectors/ unspecified/ not applicable (ESA2010)-NCBs - General government (ESA2010)-NCBs - Non-financial flows current prices - Percentage,XDC_R_B1GQ,0,Replace,2010-05-05T15:30:00.000+02:00,
RTD.A.S0.N.F_UMS_CGG_D0.F,A,S0,N,F_UMS_CGG_D0,F,1999,2.61607,A,F,,,P1Y,S,,,GFS.A.N.I10.W0.S13.S1._Z.B.B9P._Z._Z._Z.XDC_R_B1GQ._Z.S.V.N._T,,,,,,"See <a class=""external"" href=""http://sdw.ecb.europa.eu/web/generator/docu/rtdb_docu.pdf""> notes</a>; block Annual; series: G",,4,,,"Government primary deficit(-) or surplus(+), percent of GDP",Euro area (moving concept in the Real Time database context) - Primary deficit/surplus without UMTS proceeds - All sectors/ unspecified/ not applicable (ESA2010)-NCBs - General government (ESA2010)-NCBs - Non-financial flows current prices - Percentage,XDC_R_B1GQ,0,Replace,2010-05-05T15:30:00.000+02:00,
RTD.A.S0.N.F_UMS_CGG_D0.F,A,S0,N,F_UMS_CGG_D0,F,2000,3.83202,A,F,,,P1Y,S,,,GFS.A.N.I10.W0.S13.S1._Z.B.B9P._Z._Z._Z.XDC_R_B1GQ._Z.S.V.N._T,,,,,,"See <a class=""external"" href=""http://sdw.ecb.europa.eu/web/generator/docu/rtdb_docu.pdf""> notes</a>; block Annual; series: G",,4,,,"Government primary deficit(-) or surplus(+), percent of GDP",Euro area (moving concept in the Real Time database context) - Primary deficit/surplus without UMTS proceeds - All sectors/ unspecified/ not applicable (ESA2010)-NCBs - General government (ESA2010)-NCBs - Non-financial flows current prices - Percentage,XDC_R_B1GQ,0,Replace,2010-05-05T15:30:00.000+02:00,
RTD.A.S0.N.F_UMS_CGG_D0.F,A,S0,N,F_UMS_CGG_D0,F,2001,1.93082,A,F,,,P1Y,S,,,GFS.A.N.I10.W0.S13.S1._Z.B.B9P._Z._Z._Z.XDC_R_B1GQ._Z.S.V.N._T,,,,,,"See <a class=""external"" href=""http://sdw.ecb.europa.eu/web/generator/docu/rtdb_docu.pdf""> notes</a>; block Annual; series: G",,4,,,"Government primary deficit(-) or surplus(+), percent of GDP",Euro area (moving concept in the Real Time database context) - Primary deficit/surplus without UMTS proceeds - All sectors/ unspecified/ not applicable (ESA2010)-NCBs - General government (ESA2010)-NCBs - Non-financial flows current prices - Percentage,XDC_R_B1GQ,0,Replace,2010-05-05T15:30:00.000+02:00,
RTD.A.S0.N.F_UMS_CGG_D0.F,A,S0,N,F_UMS_CGG_D0,F,2002,0.89132,A,F,,,P1Y,S,,,GFS.A.N.I10.W0.S13.S1._Z.B.B9P._Z._Z._Z.XDC_R_B1GQ._Z.S.V.N._T,,,,,,"See <a class=""external"" href=""http://sdw.ecb.europa.eu/web/generator/docu/rtdb_docu.pdf""> notes</a>; block Annual; series: G",,4,,,"Government primary deficit(-) or surplus(+), percent of GDP",Euro area (moving concept in the Real Time database context) - Primary deficit/surplus without UMTS proceeds - All sectors/ unspecified/ not applicable (ESA2010)-NCBs - General government (ESA2010)-NCBs - Non-financial flows current prices - Percentage,XDC_R_B1GQ,0,Replace,2010-05-05T15:30:00.000+02:00,
RTD.A.S0.N.F_UMS_CGG_D0.F,A,S0,N,F_UMS_CGG_D0,F,2003,0.21237,A,F,,,P1Y,S,,,GFS.A.N.I10.W0.S13.S1._Z.B.B9P._Z._Z._Z.XDC_R_B1GQ._Z.S.V.N._T,,,,,,"See <a class=""external"" href=""http://sdw.ecb.europa.eu/web/generator/docu/rtdb_docu.pdf""> notes</a>; block Annual; series: G",,4,,,"Government primary deficit(-) or surplus(+), percent of GDP",Euro area (moving concept in the Real Time database context) - Primary deficit/surplus without UMTS proceeds - All sectors/ unspecified/ not applicable (ESA2010)-NCBs - General government (ESA2010)-NCBs - Non-financial flows current prices - Percentage,XDC_R_B1GQ,0,Replace,2010-05-05T15:30:00.000+02:00,
RTD.A.S0.N.F_UMS_CGG_D0.F,A,S0,N,F_UMS_CGG_D0,F,2004,0.15279,A,F,,,P1Y,S,,,GFS.A.N.I10.W0.S13.S1._Z.B.B9P._Z._Z._Z.XDC_R_B1GQ._Z.S.V.N._T,,,,,,"See <a class=""external"" href=""http://sdw.ecb.europa.eu/web/generator/docu/rtdb_docu.pdf""> notes</a>; block Annual; series: G",,4,,,"Government primary deficit(-) or surplus(+), percent of GDP",Euro area (moving concept in the Real Time database context) - Primary deficit/surplus without UMTS proceeds - All sectors/ unspecified/ not applicable (ESA2010)-NCBs - General government (ESA2010)-NCBs - Non-financial flows current prices - Percentage,XDC_R_B1GQ,0,Replace,2010-05-05T15:30:00.000+02:00,
RTD.A.S0.N.F_UMS_CGG_D0.F,A,S0,N,F_UMS_CGG_D0,F,2005,0.43201,A,F,,,P1Y,S,,,GFS.A.N.I10.W0.S13.S1._Z.B.B9P._Z._Z._Z.XDC_R_B1GQ._Z.S.V.N._T,,,,,,"See <a class=""external"" href=""http://sdw.ecb.europa.eu/web/generator/docu/rtdb_docu.pdf""> notes</a>; block Annual; series: G",,4,,,"Government primary deficit(-) or surplus(+), percent of GDP",Euro area (moving concept in the Real Time database context) - Primary deficit/surplus without UMTS proceeds - All sectors/ unspecified/ not applicable (ESA2010)-NCBs - General government (ESA2010)-NCBs - Non-financial flows current prices - Percentage,XDC_R_B1GQ,0,Replace,2010-05-05T15:30:00.000+02:00,
RTD.A.S0.N.F_UMS_CGG_D0.F,A,S0,N,F_UMS_CGG_D0,F,2006,1.56306,A,F,,,P1Y,S,,,GFS.A.N.I10.W0.S13.S1._Z.B.B9P._Z._Z._Z.XDC_R_B1GQ._Z.S.V.N._T,,,,,,"See <a class=""external"" href=""http://sdw.ecb.europa.eu/web/generator/docu/rtdb_docu.pdf""> notes</a>; block Annual; series: G",,4,,,"Government primary deficit(-) or surplus(+), percent of GDP",Euro area (moving concept in the Real Time database context) - Primary deficit/surplus without UMTS proceeds - All sectors/ unspecified/ not applicable (ESA2010)-NCBs - General government (ESA2010)-NCBs - Non-financial flows current prices - Percentage,XDC_R_B1GQ,0,Replace,2010-05-05T15:30:00.000+02:00,
RTD.A.S0.N.F_UMS_CGG_D0.F,A,S0,N,F_UMS_CGG_D0,F,2007,2.32188,A,F,,,P1Y,S,,,GFS.A.N.I10.W0.S13.S1._Z.B.B9P._Z._Z._Z.XDC_R_B1GQ._Z.S.V.N._T,,,,,,"See <a class=""external"" href=""http://sdw.ecb.europa.eu/web/generator/docu/rtdb_docu.pdf""> notes</a>; block Annual; series: G",,4,,,"Government primary deficit(-) or surplus(+), percent of GDP",Euro area (moving concept in the Real Time database context) - Primary deficit/surplus without UMTS proceeds - All sectors/ unspecified/ not applicable (ESA2010)-NCBs - General government (ESA2010)-NCBs - Non-financial flows current prices - Percentage,XDC_R_B1GQ,0,Replace,2010-05-05T15:30:00.000+02:00,
RTD.A.S0.N.F_UMS_CGG_D0.F,A,S0,N,F_UMS_CGG_D0,F,2008,1.03369,A,F,,,P1Y,S,,,GFS.A.N.I10.W0.S13.S1._Z.B.B9P._Z._Z._Z.XDC_R_B1GQ._Z.S.V.N._T,,,,,,"See <a class=""external"" href=""http://sdw.ecb.europa.eu/web/generator/docu/rtdb_docu.pdf""> notes</a>; block Annual; series: G",,4,,,"Government primary deficit(-) or surplus(+), percent of GDP",Euro area (moving concept in the Real Time database context) - Primary deficit/surplus without UMTS proceeds - All sectors/ unspecified/ not applicable (ESA2010)-NCBs - General government (ESA2010)-NCBs - Non-financial flows current prices - Percentage,XDC_R_B1GQ,0,Replace,2010-05-05T15:30:00.000+02:00,
RTD.A.S0.N.F_UMS_CGG_D0.F,A,S0,N,F_UMS_CGG_D0,F,2009,-3.45215,A,F,,,P1Y,S,,,GFS.A.N.I10.W0.S13.S1._Z.B.B9P._Z._Z._Z.XDC_R_B1GQ._Z.S.V.N._T,,,,,,"See <a class=""external"" href=""http://sdw.ecb.europa.eu/web/generator/docu/rtdb_docu.pdf""> notes</a>; block Annual; series: G",,4,,,"Government primary deficit(-) or surplus(+), percent of GDP",Euro area (moving concept in the Real Time database context) - Primary deficit/surplus without UMTS proceeds - All sectors/ unspecified/ not applicable (ESA2010)-NCBs - General government (ESA2010)-NCBs - Non-financial flows current prices - Percentage,XDC_R_B1GQ,0,Replace,2010-05-05T15:30:00.000+02:00,
RTD.A.S0.N.F_UMS_CGG_D0.F,A,S0,N,F_UMS_CGG_D0,F,2007,2.32187,A,F,,,P1Y,S,,,GFS.A.N.I10.W0.S13.S1._Z.B.B9P._Z._Z._Z.XDC_R_B1GQ._Z.S.V.N._T,,,,,,"See <a class=""external"" href=""http://sdw.ecb.europa.eu/web/generator/docu/rtdb_docu.pdf""> notes</a>; block Annual; series: G",,4,,,"Government primary deficit(-) or surplus(+), percent of GDP",Euro area (moving concept in the Real Time database context) - Primary deficit/surplus without UMTS proceeds - All sectors/ unspecified/ not applicable (ESA2010)-NCBs - General government (ESA2010)-NCBs - Non-financial flows current prices - Percentage,XDC_R_B1GQ,0,Replace,2010-06-09T15:30:00.000+02:00,
RTD.A.S0.N.F_UMS_CGG_D0.F,A,S0,N,F_UMS_CGG_D0,F,2009,-3.41937,A,F,,,P1Y,S,,,GFS.A.N.I10.W0.S13.S1._Z.B.B9P._Z._Z._Z.XDC_R_B1GQ._Z.S.V.N._T,,,,,,"See <a class=""external"" href=""http://sdw.ecb.europa.eu/web/generator/docu/rtdb_docu.pdf""> notes</a>; block Annual; series: G",,4,,,"Government primary deficit(-) or surplus(+), percent of GDP",Euro area (moving concept in the Real Time database context) - Primary deficit/surplus without UMTS proceeds - All sectors/ unspecified/ not applicable (ESA2010)-NCBs - General government (ESA2010)-NCBs - Non-financial flows current prices - Percentage,XDC_R_B1GQ,0,Replace,2010-06-09T15:30:00.000+02:00,
RTD.A.S0.N.F_UMS_CGG_D0.F,A,S0,N,F_UMS_CGG_D0,F,1995,-1.68796,A,F,,,P1Y,S,,,GFS.A.N.I10.W0.S13.S1._Z.B.B9P._Z._Z._Z.XDC_R_B1GQ._Z.S.V.N._T,,,,,,"See <a class=""external"" href=""http://sdw.ecb.europa.eu/web/generator/docu/rtdb_docu.pdf""> notes</a>; block Annual; series: G",,4,,,"Government primary deficit(-) or surplus(+), percent of GDP",Euro area (moving concept in the Real Time database context) - Primary deficit/surplus without UMTS proceeds - All sectors/ unspecified/ not applicable (ESA2010)-NCBs - General government (ESA2010)-NCBs - Non-financial flows current prices - Percentage,XDC_R_B1GQ,0,Replace,2010-08-04T15:30:00.000+02:00,
RTD.A.S0.N.F_UMS_CGG_D0.F,A,S0,N,F_UMS_CGG_D0,F,1996,1.25064,A,F,,,P1Y,S,,,GFS.A.N.I10.W0.S13.S1._Z.B.B9P._Z._Z._Z.XDC_R_B1GQ._Z.S.V.N._T,,,,,,"See <a class=""external"" href=""http://sdw.ecb.europa.eu/web/generator/docu/rtdb_docu.pdf""> notes</a>; block Annual; series: G",,4,,,"Government primary deficit(-) or surplus(+), percent of GDP",Euro area (moving concept in the Real Time database context) - Primary deficit/surplus without UMTS proceeds - All sectors/ unspecified/ not applicable (ESA2010)-NCBs - General government (ESA2010)-NCBs - Non-financial flows current prices - Percentage,XDC_R_B1GQ,0,Replace,2010-08-04T15:30:00.000+02:00,
RTD.A.S0.N.F_UMS_CGG_D0.F,A,S0,N,F_UMS_CGG_D0,F,1997,2.19939,A,F,,,P1Y,S,,,GFS.A.N.I10.W0.S13.S1._Z.B.B9P._Z._Z._Z.XDC_R_B1GQ._Z.S.V.N._T,,,,,,"See <a class=""external"" href=""http://sdw.ecb.europa.eu/web/generator/docu/rtdb_docu.pdf""> notes</a>; block Annual; series: G",,4,,,"Government primary deficit(-) or surplus(+), percent of GDP",Euro area (moving concept in the Real Time database context) - Primary deficit/surplus without UMTS proceeds - All sectors/ unspecified/ not applicable (ESA2010)-NCBs - General government (ESA2010)-NCBs - Non-financial flows current prices - Percentage,XDC_R_B1GQ,0,Replace,2010-08-04T15:30:00.000+02:00,
RTD.A.S0.N.F_UMS_CGG_D0.F,A,S0,N,F_UMS_CGG_D0,F,1998,2.25591,A,F,,,P1Y,S,,,GFS.A.N.I10.W0.S13.S1._Z.B.B9P._Z._Z._Z.XDC_R_B1GQ._Z.S.V.N._T,,,,,,"See <a class=""external"" href=""http://sdw.ecb.europa.eu/web/generator/docu/rtdb_docu.pdf""> notes</a>; block Annual; series: G",,4,,,"Government primary deficit(-) or surplus(+), percent of GDP",Euro area (moving concept in the Real Time database context) - Primary deficit/surplus without UMTS proceeds - All sectors/ unspecified/ not applicable (ESA2010)-NCBs - General government (ESA2010)-NCBs - Non-financial flows current prices - Percentage,XDC_R_B1GQ,0,Replace,2010-08-04T15:30:00.000+02:00,
RTD.A.S0.N.F_UMS_CGG_D0.F,A,S0,N,F_UMS_CGG_D0,F,1999,2.61344,A,F,,,P1Y,S,,,GFS.A.N.I10.W0.S13.S1._Z.B.B9P._Z._Z._Z.XDC_R_B1GQ._Z.S.V.N._T,,,,,,"See <a class=""external"" href=""http://sdw.ecb.europa.eu/web/generator/docu/rtdb_docu.pdf""> notes</a>; block Annual; series: G",,4,,,"Government primary deficit(-) or surplus(+), percent of GDP",Euro area (moving concept in the Real Time database context) - Primary deficit/surplus without UMTS proceeds - All sectors/ unspecified/ not applicable (ESA2010)-NCBs - General government (ESA2010)-NCBs - Non-financial flows current prices - Percentage,XDC_R_B1GQ,0,Replace,2010-08-04T15:30:00.000+02:00,
RTD.A.S0.N.F_UMS_CGG_D0.F,A,S0,N,F_UMS_CGG_D0,F,2000,3.82619,A,F,,,P1Y,S,,,GFS.A.N.I10.W0.S13.S1._Z.B.B9P._Z._Z._Z.XDC_R_B1GQ._Z.S.V.N._T,,,,,,"See <a class=""external"" href=""http://sdw.ecb.europa.eu/web/generator/docu/rtdb_docu.pdf""> notes</a>; block Annual; series: G",,4,,,"Government primary deficit(-) or surplus(+), percent of GDP",Euro area (moving concept in the Real Time database context) - Primary deficit/surplus without UMTS proceeds - All sectors/ unspecified/ not applicable (ESA2010)-NCBs - General government (ESA2010)-NCBs - Non-financial flows current prices - Percentage,XDC_R_B1GQ,0,Replace,2010-08-04T15:30:00.000+02:00,
RTD.A.S0.N.F_UMS_CGG_D0.F,A,S0,N,F_UMS_CGG_D0,F,2001,1.92614,A,F,,,P1Y,S,,,GFS.A.N.I10.W0.S13.S1._Z.B.B9P._Z._Z._Z.XDC_R_B1GQ._Z.S.V.N._T,,,,,,"See <a class=""external"" href=""http://sdw.ecb.europa.eu/web/generator/docu/rtdb_docu.pdf""> notes</a>; block Annual; series: G",,4,,,"Government primary deficit(-) or surplus(+), percent of GDP",Euro area (moving concept in the Real Time database context) - Primary deficit/surplus without UMTS proceeds - All sectors/ unspecified/ not applicable (ESA2010)-NCBs - General government (ESA2010)-NCBs - Non-financial flows current prices - Percentage,XDC_R_B1GQ,0,Replace,2010-08-04T15:30:00.000+02:00,
RTD.A.S0.N.F_UMS_CGG_D0.F,A,S0,N,F_UMS_CGG_D0,F,2002,0.88753,A,F,,,P1Y,S,,,GFS.A.N.I10.W0.S13.S1._Z.B.B9P._Z._Z._Z.XDC_R_B1GQ._Z.S.V.N._T,,,,,,"See <a class=""external"" href=""http://sdw.ecb.europa.eu/web/generator/docu/rtdb_docu.pdf""> notes</a>; block Annual; series: G",,4,,,"Government primary deficit(-) or surplus(+), percent of GDP",Euro area (moving concept in the Real Time database context) - Primary deficit/surplus without UMTS proceeds - All sectors/ unspecified/ not applicable (ESA2010)-NCBs - General government (ESA2010)-NCBs - Non-financial flows current prices - Percentage,XDC_R_B1GQ,0,Replace,2010-08-04T15:30:00.000+02:00,
RTD.A.S0.N.F_UMS_CGG_D0.F,A,S0,N,F_UMS_CGG_D0,F,2003,0.20742,A,F,,,P1Y,S,,,GFS.A.N.I10.W0.S13.S1._Z.B.B9P._Z._Z._Z.XDC_R_B1GQ._Z.S.V.N._T,,,,,,"See <a class=""external"" href=""http://sdw.ecb.europa.eu/web/generator/docu/rtdb_docu.pdf""> notes</a>; block Annual; series: G",,4,,,"Government primary deficit(-) or surplus(+), percent of GDP",Euro area (moving concept in the Real Time database context) - Primary deficit/surplus without UMTS proceeds - All sectors/ unspecified/ not applicable (ESA2010)-NCBs - General government (ESA2010)-NCBs - Non-financial flows current prices - Percentage,XDC_R_B1GQ,0,Replace,2010-08-04T15:30:00.000+02:00,
RTD.A.S0.N.F_UMS_CGG_D0.F,A,S0,N,F_UMS_CGG_D0,F,2004,0.14976,A,F,,,P1Y,S,,,GFS.A.N.I10.W0.S13.S1._Z.B.B9P._Z._Z._Z.XDC_R_B1GQ._Z.S.V.N._T,,,,,,"See <a class=""external"" href=""http://sdw.ecb.europa.eu/web/generator/docu/rtdb_docu.pdf""> notes</a>; block Annual; series: G",,4,,,"Government primary deficit(-) or surplus(+), percent of GDP",Euro area (moving concept in the Real Time database context) - Primary deficit/surplus without UMTS proceeds - All sectors/ unspecified/ not applicable (ESA2010)-NCBs - General government (ESA2010)-NCBs - Non-financial flows current prices - Percentage,XDC_R_B1GQ,0,Replace,2010-08-04T15:30:00.000+02:00,
RTD.A.S0.N.F_UMS_CGG_D0.F,A,S0,N,F_UMS_CGG_D0,F,2005,0.43076,A,F,,,P1Y,S,,,GFS.A.N.I10.W0.S13.S1._Z.B.B9P._Z._Z._Z.XDC_R_B1GQ._Z.S.V.N._T,,,,,,"See <a class=""external"" href=""http://sdw.ecb.europa.eu/web/generator/docu/rtdb_docu.pdf""> notes</a>; block Annual; series: G",,4,,,"Government primary deficit(-) or surplus(+), percent of GDP",Euro area (moving concept in the Real Time database context) - Primary deficit/surplus without UMTS proceeds - All sectors/ unspecified/ not applicable (ESA2010)-NCBs - General government (ESA2010)-NCBs - Non-financial flows current prices - Percentage,XDC_R_B1GQ,0,Replace,2010-08-04T15:30:00.000+02:00,
RTD.A.S0.N.F_UMS_CGG_D0.F,A,S0,N,F_UMS_CGG_D0,F,2006,1.55727,A,F,,,P1Y,S,,,GFS.A.N.I10.W0.S13.S1._Z.B.B9P._Z._Z._Z.XDC_R_B1GQ._Z.S.V.N._T,,,,,,"See <a class=""external"" href=""http://sdw.ecb.europa.eu/web/generator/docu/rtdb_docu.pdf""> notes</a>; block Annual; series: G",,4,,,"Government primary deficit(-) or surplus(+), percent of GDP",Euro area (moving concept in the Real Time database context) - Primary deficit/surplus without UMTS proceeds - All sectors/ unspecified/ not applicable (ESA2010)-NCBs - General government (ESA2010)-NCBs - Non-financial flows current prices - Percentage,XDC_R_B1GQ,0,Replace,2010-08-04T15:30:00.000+02:00,
RTD.A.S0.N.F_UMS_CGG_D0.F,A,S0,N,F_UMS_CGG_D0,F,2007,2.31663,A,F,,,P1Y,S,,,GFS.A.N.I10.W0.S13.S1._Z.B.B9P._Z._Z._Z.XDC_R_B1GQ._Z.S.V.N._T,,,,,,"See <a class=""external"" href=""http://sdw.ecb.europa.eu/web/generator/docu/rtdb_docu.pdf""> notes</a>; block Annual; series: G",,4,,,"Government primary deficit(-) or surplus(+), percent of GDP",Euro area (moving concept in the Real Time database context) - Primary deficit/surplus without UMTS proceeds - All sectors/ unspecified/ not applicable (ESA2010)-NCBs - General government (ESA2010)-NCBs - Non-financial flows current prices - Percentage,XDC_R_B1GQ,0,Replace,2010-08-04T15:30:00.000+02:00,
RTD.A.S0.N.F_UMS_CGG_D0.F,A,S0,N,F_UMS_CGG_D0,F,2008,1.03388,A,F,,,P1Y,S,,,GFS.A.N.I10.W0.S13.S1._Z.B.B9P._Z._Z._Z.XDC_R_B1GQ._Z.S.V.N._T,,,,,,"See <a class=""external"" href=""http://sdw.ecb.europa.eu/web/generator/docu/rtdb_docu.pdf""> notes</a>; block Annual; series: G",,4,,,"Government primary deficit(-) or surplus(+), percent of GDP",Euro area (moving concept in the Real Time database context) - Primary deficit/surplus without UMTS proceeds - All sectors/ unspecified/ not applicable (ESA2010)-NCBs - General government (ESA2010)-NCBs - Non-financial flows current prices - Percentage,XDC_R_B1GQ,0,Replace,2010-08-04T15:30:00.000+02:00,
RTD.A.S0.N.F_UMS_CGG_D0.F,A,S0,N,F_UMS_CGG_D0,F,2009,-3.41763,A,F,,,P1Y,S,,,GFS.A.N.I10.W0.S13.S1._Z.B.B9P._Z._Z._Z.XDC_R_B1GQ._Z.S.V.N._T,,,,,,"See <a class=""external"" href=""http://sdw.ecb.europa.eu/web/generator/docu/rtdb_docu.pdf""> notes</a>; block Annual; series: G",,4,,,"Government primary deficit(-) or surplus(+), percent of GDP",Euro area (moving concept in the Real Time database context) - Primary deficit/surplus without UMTS proceeds - All sectors/ unspecified/ not applicable (ESA2010)-NCBs - General government (ESA2010)-NCBs - Non-financial flows current prices - Percentage,XDC_R_B1GQ,0,Replace,2010-08-04T15:30:00.000+02:00,
RTD.A.S0.N.F_UMS_CGG_D0.F,A,S0,N,F_UMS_CGG_D0,F,1995,-1.68798,A,F,,,P1Y,S,,,GFS.A.N.I10.W0.S13.S1._Z.B.B9P._Z._Z._Z.XDC_R_B1GQ._Z.S.V.N._T,,,,,,"See <a class=""external"" href=""http://sdw.ecb.europa.eu/web/generator/docu/rtdb_docu.pdf""> notes</a>; block Annual; series: G",,4,,,"Government primary deficit(-) or surplus(+), percent of GDP",Euro area (moving concept in the Real Time database context) - Primary deficit/surplus without UMTS proceeds - All sectors/ unspecified/ not applicable (ESA2010)-NCBs - General government (ESA2010)-NCBs - Non-financial flows current prices - Percentage,XDC_R_B1GQ,0,Replace,2010-11-03T15:30:00.000+01:00,
RTD.A.S0.N.F_UMS_CGG_D0.F,A,S0,N,F_UMS_CGG_D0,F,1997,2.19938,A,F,,,P1Y,S,,,GFS.A.N.I10.W0.S13.S1._Z.B.B9P._Z._Z._Z.XDC_R_B1GQ._Z.S.V.N._T,,,,,,"See <a class=""external"" href=""http://sdw.ecb.europa.eu/web/generator/docu/rtdb_docu.pdf""> notes</a>; block Annual; series: G",,4,,,"Government primary deficit(-) or surplus(+), percent of GDP",Euro area (moving concept in the Real Time database context) - Primary deficit/surplus without UMTS proceeds - All sectors/ unspecified/ not applicable (ESA2010)-NCBs - General government (ESA2010)-NCBs - Non-financial flows current prices - Percentage,XDC_R_B1GQ,0,Replace,2010-11-03T15:30:00.000+01:00,
RTD.A.S0.N.F_UMS_CGG_D0.F,A,S0,N,F_UMS_CGG_D0,F,1998,2.2559,A,F,,,P1Y,S,,,GFS.A.N.I10.W0.S13.S1._Z.B.B9P._Z._Z._Z.XDC_R_B1GQ._Z.S.V.N._T,,,,,,"See <a class=""external"" href=""http://sdw.ecb.europa.eu/web/generator/docu/rtdb_docu.pdf""> notes</a>; block Annual; series: G",,4,,,"Government primary deficit(-) or surplus(+), percent of GDP",Euro area (moving concept in the Real Time database context) - Primary deficit/surplus without UMTS proceeds - All sectors/ unspecified/ not applicable (ESA2010)-NCBs - General government (ESA2010)-NCBs - Non-financial flows current prices - Percentage,XDC_R_B1GQ,0,Replace,2010-11-03T15:30:00.000+01:00,
RTD.A.S0.N.F_UMS_CGG_D0.F,A,S0,N,F_UMS_CGG_D0,F,1999,2.61338,A,F,,,P1Y,S,,,GFS.A.N.I10.W0.S13.S1._Z.B.B9P._Z._Z._Z.XDC_R_B1GQ._Z.S.V.N._T,,,,,,"See <a class=""external"" href=""http://sdw.ecb.europa.eu/web/generator/docu/rtdb_docu.pdf""> notes</a>; block Annual; series: G",,4,,,"Government primary deficit(-) or surplus(+), percent of GDP",Euro area (moving concept in the Real Time database context) - Primary deficit/surplus without UMTS proceeds - All sectors/ unspecified/ not applicable (ESA2010)-NCBs - General government (ESA2010)-NCBs - Non-financial flows current prices - Percentage,XDC_R_B1GQ,0,Replace,2010-11-03T15:30:00.000+01:00,
RTD.A.S0.N.F_UMS_CGG_D0.F,A,S0,N,F_UMS_CGG_D0,F,2000,3.82611,A,F,,,P1Y,S,,,GFS.A.N.I10.W0.S13.S1._Z.B.B9P._Z._Z._Z.XDC_R_B1GQ._Z.S.V.N._T,,,,,,"See <a class=""external"" href=""http://sdw.ecb.europa.eu/web/generator/docu/rtdb_docu.pdf""> notes</a>; block Annual; series: G",,4,,,"Government primary deficit(-) or surplus(+), percent of GDP",Euro area (moving concept in the Real Time database context) - Primary deficit/surplus without UMTS proceeds - All sectors/ unspecified/ not applicable (ESA2010)-NCBs - General government (ESA2010)-NCBs - Non-financial flows current prices - Percentage,XDC_R_B1GQ,0,Replace,2010-11-03T15:30:00.000+01:00,
RTD.A.S0.N.F_UMS_CGG_D0.F,A,S0,N,F_UMS_CGG_D0,F,2001,1.92657,A,F,,,P1Y,S,,,GFS.A.N.I10.W0.S13.S1._Z.B.B9P._Z._Z._Z.XDC_R_B1GQ._Z.S.V.N._T,,,,,,"See <a class=""external"" href=""http://sdw.ecb.europa.eu/web/generator/docu/rtdb_docu.pdf""> notes</a>; block Annual; series: G",,4,,,"Government primary deficit(-) or surplus(+), percent of GDP",Euro area (moving concept in the Real Time database context) - Primary deficit/surplus without UMTS proceeds - All sectors/ unspecified/ not applicable (ESA2010)-NCBs - General government (ESA2010)-NCBs - Non-financial flows current prices - Percentage,XDC_R_B1GQ,0,Replace,2010-11-03T15:30:00.000+01:00,
RTD.A.S0.N.F_UMS_CGG_D0.F,A,S0,N,F_UMS_CGG_D0,F,2002,0.88751,A,F,,,P1Y,S,,,GFS.A.N.I10.W0.S13.S1._Z.B.B9P._Z._Z._Z.XDC_R_B1GQ._Z.S.V.N._T,,,,,,"See <a class=""external"" href=""http://sdw.ecb.europa.eu/web/generator/docu/rtdb_docu.pdf""> notes</a>; block Annual; series: G",,4,,,"Government primary deficit(-) or surplus(+), percent of GDP",Euro area (moving concept in the Real Time database context) - Primary deficit/surplus without UMTS proceeds - All sectors/ unspecified/ not applicable (ESA2010)-NCBs - General government (ESA2010)-NCBs - Non-financial flows current prices - Percentage,XDC_R_B1GQ,0,Replace,2010-11-03T15:30:00.000+01:00,
RTD.A.S0.N.F_UMS_CGG_D0.F,A,S0,N,F_UMS_CGG_D0,F,2003,0.20798,A,F,,,P1Y,S,,,GFS.A.N.I10.W0.S13.S1._Z.B.B9P._Z._Z._Z.XDC_R_B1GQ._Z.S.V.N._T,,,,,,"See <a class=""external"" href=""http://sdw.ecb.europa.eu/web/generator/docu/rtdb_docu.pdf""> notes</a>; block Annual; series: G",,4,,,"Government primary deficit(-) or surplus(+), percent of GDP",Euro area (moving concept in the Real Time database context) - Primary deficit/surplus without UMTS proceeds - All sectors/ unspecified/ not applicable (ESA2010)-NCBs - General government (ESA2010)-NCBs - Non-financial flows current prices - Percentage,XDC_R_B1GQ,0,Replace,2010-11-03T15:30:00.000+01:00,
RTD.A.S0.N.F_UMS_CGG_D0.F,A,S0,N,F_UMS_CGG_D0,F,2004,0.14919,A,F,,,P1Y,S,,,GFS.A.N.I10.W0.S13.S1._Z.B.B9P._Z._Z._Z.XDC_R_B1GQ._Z.S.V.N._T,,,,,,"See <a class=""external"" href=""http://sdw.ecb.europa.eu/web/generator/docu/rtdb_docu.pdf""> notes</a>; block Annual; series: G",,4,,,"Government primary deficit(-) or surplus(+), percent of GDP",Euro area (moving concept in the Real Time database context) - Primary deficit/surplus without UMTS proceeds - All sectors/ unspecified/ not applicable (ESA2010)-NCBs - General government (ESA2010)-NCBs - Non-financial flows current prices - Percentage,XDC_R_B1GQ,0,Replace,2010-11-03T15:30:00.000+01:00,
RTD.A.S0.N.F_UMS_CGG_D0.F,A,S0,N,F_UMS_CGG_D0,F,2005,0.42982,A,F,,,P1Y,S,,,GFS.A.N.I10.W0.S13.S1._Z.B.B9P._Z._Z._Z.XDC_R_B1GQ._Z.S.V.N._T,,,,,,"See <a class=""external"" href=""http://sdw.ecb.europa.eu/web/generator/docu/rtdb_docu.pdf""> notes</a>; block Annual; series: G",,4,,,"Government primary deficit(-) or surplus(+), percent of GDP",Euro area (moving concept in the Real Time database context) - Primary deficit/surplus without UMTS proceeds - All sectors/ unspecified/ not applicable (ESA2010)-NCBs - General government (ESA2010)-NCBs - Non-financial flows current prices - Percentage,XDC_R_B1GQ,0,Replace,2010-11-03T15:30:00.000+01:00,
RTD.A.S0.N.F_UMS_CGG_D0.F,A,S0,N,F_UMS_CGG_D0,F,2006,1.53251,A,F,,,P1Y,S,,,GFS.A.N.I10.W0.S13.S1._Z.B.B9P._Z._Z._Z.XDC_R_B1GQ._Z.S.V.N._T,,,,,,"See <a class=""external"" href=""http://sdw.ecb.europa.eu/web/generator/docu/rtdb_docu.pdf""> notes</a>; block Annual; series: G",,4,,,"Government primary deficit(-) or surplus(+), percent of GDP",Euro area (moving concept in the Real Time database context) - Primary deficit/surplus without UMTS proceeds - All sectors/ unspecified/ not applicable (ESA2010)-NCBs - General government (ESA2010)-NCBs - Non-financial flows current prices - Percentage,XDC_R_B1GQ,0,Replace,2010-11-03T15:30:00.000+01:00,
RTD.A.S0.N.F_UMS_CGG_D0.F,A,S0,N,F_UMS_CGG_D0,F,2007,2.30144,A,F,,,P1Y,S,,,GFS.A.N.I10.W0.S13.S1._Z.B.B9P._Z._Z._Z.XDC_R_B1GQ._Z.S.V.N._T,,,,,,"See <a class=""external"" href=""http://sdw.ecb.europa.eu/web/generator/docu/rtdb_docu.pdf""> notes</a>; block Annual; series: G",,4,,,"Government primary deficit(-) or surplus(+), percent of GDP",Euro area (moving concept in the Real Time database context) - Primary deficit/surplus without UMTS proceeds - All sectors/ unspecified/ not applicable (ESA2010)-NCBs - General government (ESA2010)-NCBs - Non-financial flows current prices - Percentage,XDC_R_B1GQ,0,Replace,2010-11-03T15:30:00.000+01:00,
RTD.A.S0.N.F_UMS_CGG_D0.F,A,S0,N,F_UMS_CGG_D0,F,2008,1.00299,A,F,,,P1Y,S,,,GFS.A.N.I10.W0.S13.S1._Z.B.B9P._Z._Z._Z.XDC_R_B1GQ._Z.S.V.N._T,,,,,,"See <a class=""external"" href=""http://sdw.ecb.europa.eu/web/generator/docu/rtdb_docu.pdf""> notes</a>; block Annual; series: G",,4,,,"Government primary deficit(-) or surplus(+), percent of GDP",Euro area (moving concept in the Real Time database context) - Primary deficit/surplus without UMTS proceeds - All sectors/ unspecified/ not applicable (ESA2010)-NCBs - General government (ESA2010)-NCBs - Non-financial flows current prices - Percentage,XDC_R_B1GQ,0,Replace,2010-11-03T15:30:00.000+01:00,
RTD.A.S0.N.F_UMS_CGG_D0.F,A,S0,N,F_UMS_CGG_D0,F,2009,-3.44664,A,F,,,P1Y,S,,,GFS.A.N.I10.W0.S13.S1._Z.B.B9P._Z._Z._Z.XDC_R_B1GQ._Z.S.V.N._T,,,,,,"See <a class=""external"" href=""http://sdw.ecb.europa.eu/web/generator/docu/rtdb_docu.pdf""> notes</a>; block Annual; series: G",,4,,,"Government primary deficit(-) or surplus(+), percent of GDP",Euro area (moving concept in the Real Time database context) - Primary deficit/surplus without UMTS proceeds - All sectors/ unspecified/ not applicable (ESA2010)-NCBs - General government (ESA2010)-NCBs - Non-financial flows current prices - Percentage,XDC_R_B1GQ,0,Replace,2010-11-03T15:30:00.000+01:00,
RTD.A.S0.N.F_UMS_CGG_D0.F,A,S0,N,F_UMS_CGG_D0,F,1995,-1.68797,A,F,,,P1Y,S,,,GFS.A.N.I10.W0.S13.S1._Z.B.B9P._Z._Z._Z.XDC_R_B1GQ._Z.S.V.N._T,,,,,,"See <a class=""external"" href=""http://sdw.ecb.europa.eu/web/generator/docu/rtdb_docu.pdf""> notes</a>; block Annual; series: G",,4,,,"Government primary deficit(-) or surplus(+), percent of GDP",Euro area (moving concept in the Real Time database context) - Primary deficit/surplus without UMTS proceeds - All sectors/ unspecified/ not applicable (ESA2010)-NCBs - General government (ESA2010)-NCBs - Non-financial flows current prices - Percentage,XDC_R_B1GQ,0,Replace,2010-12-01T15:30:00.000+01:00,
RTD.A.S0.N.F_UMS_CGG_D0.F,A,S0,N,F_UMS_CGG_D0,F,1996,1.25063,A,F,,,P1Y,S,,,GFS.A.N.I10.W0.S13.S1._Z.B.B9P._Z._Z._Z.XDC_R_B1GQ._Z.S.V.N._T,,,,,,"See <a class=""external"" href=""http://sdw.ecb.europa.eu/web/generator/docu/rtdb_docu.pdf""> notes</a>; block Annual; series: G",,4,,,"Government primary deficit(-) or surplus(+), percent of GDP",Euro area (moving concept in the Real Time database context) - Primary deficit/surplus without UMTS proceeds - All sectors/ unspecified/ not applicable (ESA2010)-NCBs - General government (ESA2010)-NCBs - Non-financial flows current prices - Percentage,XDC_R_B1GQ,0,Replace,2010-12-01T15:30:00.000+01:00,
RTD.A.S0.N.F_UMS_CGG_D0.F,A,S0,N,F_UMS_CGG_D0,F,1997,2.19936,A,F,,,P1Y,S,,,GFS.A.N.I10.W0.S13.S1._Z.B.B9P._Z._Z._Z.XDC_R_B1GQ._Z.S.V.N._T,,,,,,"See <a class=""external"" href=""http://sdw.ecb.europa.eu/web/generator/docu/rtdb_docu.pdf""> notes</a>; block Annual; series: G",,4,,,"Government primary deficit(-) or surplus(+), percent of GDP",Euro area (moving concept in the Real Time database context) - Primary deficit/surplus without UMTS proceeds - All sectors/ unspecified/ not applicable (ESA2010)-NCBs - General government (ESA2010)-NCBs - Non-financial flows current prices - Percentage,XDC_R_B1GQ,0,Replace,2010-12-01T15:30:00.000+01:00,
RTD.A.S0.N.F_UMS_CGG_D0.F,A,S0,N,F_UMS_CGG_D0,F,1998,2.25592,A,F,,,P1Y,S,,,GFS.A.N.I10.W0.S13.S1._Z.B.B9P._Z._Z._Z.XDC_R_B1GQ._Z.S.V.N._T,,,,,,"See <a class=""external"" href=""http://sdw.ecb.europa.eu/web/generator/docu/rtdb_docu.pdf""> notes</a>; block Annual; series: G",,4,,,"Government primary deficit(-) or surplus(+), percent of GDP",Euro area (moving concept in the Real Time database context) - Primary deficit/surplus without UMTS proceeds - All sectors/ unspecified/ not applicable (ESA2010)-NCBs - General government (ESA2010)-NCBs - Non-financial flows current prices - Percentage,XDC_R_B1GQ,0,Replace,2010-12-01T15:30:00.000+01:00,
RTD.A.S0.N.F_UMS_CGG_D0.F,A,S0,N,F_UMS_CGG_D0,F,2000,3.82601,A,F,,,P1Y,S,,,GFS.A.N.I10.W0.S13.S1._Z.B.B9P._Z._Z._Z.XDC_R_B1GQ._Z.S.V.N._T,,,,,,"See <a class=""external"" href=""http://sdw.ecb.europa.eu/web/generator/docu/rtdb_docu.pdf""> notes</a>; block Annual; series: G",,4,,,"Government primary deficit(-) or surplus(+), percent of GDP",Euro area (moving concept in the Real Time database context) - Primary deficit/surplus without UMTS proceeds - All sectors/ unspecified/ not applicable (ESA2010)-NCBs - General government (ESA2010)-NCBs - Non-financial flows current prices - Percentage,XDC_R_B1GQ,0,Replace,2010-12-01T15:30:00.000+01:00,
RTD.A.S0.N.F_UMS_CGG_D0.F,A,S0,N,F_UMS_CGG_D0,F,2001,1.92651,A,F,,,P1Y,S,,,GFS.A.N.I10.W0.S13.S1._Z.B.B9P._Z._Z._Z.XDC_R_B1GQ._Z.S.V.N._T,,,,,,"See <a class=""external"" href=""http://sdw.ecb.europa.eu/web/generator/docu/rtdb_docu.pdf""> notes</a>; block Annual; series: G",,4,,,"Government primary deficit(-) or surplus(+), percent of GDP",Euro area (moving concept in the Real Time database context) - Primary deficit/surplus without UMTS proceeds - All sectors/ unspecified/ not applicable (ESA2010)-NCBs - General government (ESA2010)-NCBs - Non-financial flows current prices - Percentage,XDC_R_B1GQ,0,Replace,2010-12-01T15:30:00.000+01:00,
RTD.A.S0.N.F_UMS_CGG_D0.F,A,S0,N,F_UMS_CGG_D0,F,2002,0.88748,A,F,,,P1Y,S,,,GFS.A.N.I10.W0.S13.S1._Z.B.B9P._Z._Z._Z.XDC_R_B1GQ._Z.S.V.N._T,,,,,,"See <a class=""external"" href=""http://sdw.ecb.europa.eu/web/generator/docu/rtdb_docu.pdf""> notes</a>; block Annual; series: G",,4,,,"Government primary deficit(-) or surplus(+), percent of GDP",Euro area (moving concept in the Real Time database context) - Primary deficit/surplus without UMTS proceeds - All sectors/ unspecified/ not applicable (ESA2010)-NCBs - General government (ESA2010)-NCBs - Non-financial flows current prices - Percentage,XDC_R_B1GQ,0,Replace,2010-12-01T15:30:00.000+01:00,
RTD.A.S0.N.F_UMS_CGG_D0.F,A,S0,N,F_UMS_CGG_D0,F,2003,0.20797,A,F,,,P1Y,S,,,GFS.A.N.I10.W0.S13.S1._Z.B.B9P._Z._Z._Z.XDC_R_B1GQ._Z.S.V.N._T,,,,,,"See <a class=""external"" href=""http://sdw.ecb.europa.eu/web/generator/docu/rtdb_docu.pdf""> notes</a>; block Annual; series: G",,4,,,"Government primary deficit(-) or surplus(+), percent of GDP",Euro area (moving concept in the Real Time database context) - Primary deficit/surplus without UMTS proceeds - All sectors/ unspecified/ not applicable (ESA2010)-NCBs - General government (ESA2010)-NCBs - Non-financial flows current prices - Percentage,XDC_R_B1GQ,0,Replace,2010-12-01T15:30:00.000+01:00,
RTD.A.S0.N.F_UMS_CGG_D0.F,A,S0,N,F_UMS_CGG_D0,F,2004,0.14918,A,F,,,P1Y,S,,,GFS.A.N.I10.W0.S13.S1._Z.B.B9P._Z._Z._Z.XDC_R_B1GQ._Z.S.V.N._T,,,,,,"See <a class=""external"" href=""http://sdw.ecb.europa.eu/web/generator/docu/rtdb_docu.pdf""> notes</a>; block Annual; series: G",,4,,,"Government primary deficit(-) or surplus(+), percent of GDP",Euro area (moving concept in the Real Time database context) - Primary deficit/surplus without UMTS proceeds - All sectors/ unspecified/ not applicable (ESA2010)-NCBs - General government (ESA2010)-NCBs - Non-financial flows current prices - Percentage,XDC_R_B1GQ,0,Replace,2010-12-01T15:30:00.000+01:00,
RTD.A.S0.N.F_UMS_CGG_D0.F,A,S0,N,F_UMS_CGG_D0,F,2005,0.4298,A,F,,,P1Y,S,,,GFS.A.N.I10.W0.S13.S1._Z.B.B9P._Z._Z._Z.XDC_R_B1GQ._Z.S.V.N._T,,,,,,"See <a class=""external"" href=""http://sdw.ecb.europa.eu/web/generator/docu/rtdb_docu.pdf""> notes</a>; block Annual; series: G",,4,,,"Government primary deficit(-) or surplus(+), percent of GDP",Euro area (moving concept in the Real Time database context) - Primary deficit/surplus without UMTS proceeds - All sectors/ unspecified/ not applicable (ESA2010)-NCBs - General government (ESA2010)-NCBs - Non-financial flows current prices - Percentage,XDC_R_B1GQ,0,Replace,2010-12-01T15:30:00.000+01:00,
RTD.A.S0.N.F_UMS_CGG_D0.F,A,S0,N,F_UMS_CGG_D0,F,2006,1.51874,A,F,,,P1Y,S,,,GFS.A.N.I10.W0.S13.S1._Z.B.B9P._Z._Z._Z.XDC_R_B1GQ._Z.S.V.N._T,,,,,,"See <a class=""external"" href=""http://sdw.ecb.europa.eu/web/generator/docu/rtdb_docu.pdf""> notes</a>; block Annual; series: G",,4,,,"Government primary deficit(-) or surplus(+), percent of GDP",Euro area (moving concept in the Real Time database context) - Primary deficit/surplus without UMTS proceeds - All sectors/ unspecified/ not applicable (ESA2010)-NCBs - General government (ESA2010)-NCBs - Non-financial flows current prices - Percentage,XDC_R_B1GQ,0,Replace,2010-12-01T15:30:00.000+01:00,
RTD.A.S0.N.F_UMS_CGG_D0.F,A,S0,N,F_UMS_CGG_D0,F,2007,2.30018,A,F,,,P1Y,S,,,GFS.A.N.I10.W0.S13.S1._Z.B.B9P._Z._Z._Z.XDC_R_B1GQ._Z.S.V.N._T,,,,,,"See <a class=""external"" href=""http://sdw.ecb.europa.eu/web/generator/docu/rtdb_docu.pdf""> notes</a>; block Annual; series: G",,4,,,"Government primary deficit(-) or surplus(+), percent of GDP",Euro area (moving concept in the Real Time database context) - Primary deficit/surplus without UMTS proceeds - All sectors/ unspecified/ not applicable (ESA2010)-NCBs - General government (ESA2010)-NCBs - Non-financial flows current prices - Percentage,XDC_R_B1GQ,0,Replace,2010-12-01T15:30:00.000+01:00,
RTD.A.S0.N.F_UMS_CGG_D0.F,A,S0,N,F_UMS_CGG_D0,F,2008,0.99514,A,F,,,P1Y,S,,,GFS.A.N.I10.W0.S13.S1._Z.B.B9P._Z._Z._Z.XDC_R_B1GQ._Z.S.V.N._T,,,,,,"See <a class=""external"" href=""http://sdw.ecb.europa.eu/web/generator/docu/rtdb_docu.pdf""> notes</a>; block Annual; series: G",,4,,,"Government primary deficit(-) or surplus(+), percent of GDP",Euro area (moving concept in the Real Time database context) - Primary deficit/surplus without UMTS proceeds - All sectors/ unspecified/ not applicable (ESA2010)-NCBs - General government (ESA2010)-NCBs - Non-financial flows current prices - Percentage,XDC_R_B1GQ,0,Replace,2010-12-01T15:30:00.000+01:00,
RTD.A.S0.N.F_UMS_CGG_D0.F,A,S0,N,F_UMS_CGG_D0,F,2009,-3.44862,A,F,,,P1Y,S,,,GFS.A.N.I10.W0.S13.S1._Z.B.B9P._Z._Z._Z.XDC_R_B1GQ._Z.S.V.N._T,,,,,,"See <a class=""external"" href=""http://sdw.ecb.europa.eu/web/generator/docu/rtdb_docu.pdf""> notes</a>; block Annual; series: G",,4,,,"Government primary deficit(-) or surplus(+), percent of GDP",Euro area (moving concept in the Real Time database context) - Primary deficit/surplus without UMTS proceeds - All sectors/ unspecified/ not applicable (ESA2010)-NCBs - General government (ESA2010)-NCBs - Non-financial flows current prices - Percentage,XDC_R_B1GQ,0,Replace,2010-12-01T15:30:00.000+01:00,
RTD.A.S0.N.F_UMS_CGG_D0.F,A,S0,N,F_UMS_CGG_D0,F,1995,-1.68594,A,F,,,P1Y,S,,,GFS.A.N.I10.W0.S13.S1._Z.B.B9P._Z._Z._Z.XDC_R_B1GQ._Z.S.V.N._T,,,,,,"See <a class=""external"" href=""http://sdw.ecb.europa.eu/web/generator/docu/rtdb_docu.pdf""> notes</a>; block Annual; series: G",,4,,,"Government primary deficit(-) or surplus(+), percent of GDP",Euro area (moving concept in the Real Time database context) - Primary deficit/surplus without UMTS proceeds - All sectors/ unspecified/ not applicable (ESA2010)-NCBs - General government (ESA2010)-NCBs - Non-financial flows current prices - Percentage,XDC_R_B1GQ,0,Replace,2011-05-04T15:30:00.000+02:00,
RTD.A.S0.N.F_UMS_CGG_D0.F,A,S0,N,F_UMS_CGG_D0,F,1996,1.24364,A,F,,,P1Y,S,,,GFS.A.N.I10.W0.S13.S1._Z.B.B9P._Z._Z._Z.XDC_R_B1GQ._Z.S.V.N._T,,,,,,"See <a class=""external"" href=""http://sdw.ecb.europa.eu/web/generator/docu/rtdb_docu.pdf""> notes</a>; block Annual; series: G",,4,,,"Government primary deficit(-) or surplus(+), percent of GDP",Euro area (moving concept in the Real Time database context) - Primary deficit/surplus without UMTS proceeds - All sectors/ unspecified/ not applicable (ESA2010)-NCBs - General government (ESA2010)-NCBs - Non-financial flows current prices - Percentage,XDC_R_B1GQ,0,Replace,2011-05-04T15:30:00.000+02:00,
RTD.A.S0.N.F_UMS_CGG_D0.F,A,S0,N,F_UMS_CGG_D0,F,1997,2.19222,A,F,,,P1Y,S,,,GFS.A.N.I10.W0.S13.S1._Z.B.B9P._Z._Z._Z.XDC_R_B1GQ._Z.S.V.N._T,,,,,,"See <a class=""external"" href=""http://sdw.ecb.europa.eu/web/generator/docu/rtdb_docu.pdf""> notes</a>; block Annual; series: G",,4,,,"Government primary deficit(-) or surplus(+), percent of GDP",Euro area (moving concept in the Real Time database context) - Primary deficit/surplus without UMTS proceeds - All sectors/ unspecified/ not applicable (ESA2010)-NCBs - General government (ESA2010)-NCBs - Non-financial flows current prices - Percentage,XDC_R_B1GQ,0,Replace,2011-05-04T15:30:00.000+02:00,
RTD.A.S0.N.F_UMS_CGG_D0.F,A,S0,N,F_UMS_CGG_D0,F,1998,2.24651,A,F,,,P1Y,S,,,GFS.A.N.I10.W0.S13.S1._Z.B.B9P._Z._Z._Z.XDC_R_B1GQ._Z.S.V.N._T,,,,,,"See <a class=""external"" href=""http://sdw.ecb.europa.eu/web/generator/docu/rtdb_docu.pdf""> notes</a>; block Annual; series: G",,4,,,"Government primary deficit(-) or surplus(+), percent of GDP",Euro area (moving concept in the Real Time database context) - Primary deficit/surplus without UMTS proceeds - All sectors/ unspecified/ not applicable (ESA2010)-NCBs - General government (ESA2010)-NCBs - Non-financial flows current prices - Percentage,XDC_R_B1GQ,0,Replace,2011-05-04T15:30:00.000+02:00,
RTD.A.S0.N.F_UMS_CGG_D0.F,A,S0,N,F_UMS_CGG_D0,F,1999,2.60017,A,F,,,P1Y,S,,,GFS.A.N.I10.W0.S13.S1._Z.B.B9P._Z._Z._Z.XDC_R_B1GQ._Z.S.V.N._T,,,,,,"See <a class=""external"" href=""http://sdw.ecb.europa.eu/web/generator/docu/rtdb_docu.pdf""> notes</a>; block Annual; series: G",,4,,,"Government primary deficit(-) or surplus(+), percent of GDP",Euro area (moving concept in the Real Time database context) - Primary deficit/surplus without UMTS proceeds - All sectors/ unspecified/ not applicable (ESA2010)-NCBs - General government (ESA2010)-NCBs - Non-financial flows current prices - Percentage,XDC_R_B1GQ,0,Replace,2011-05-04T15:30:00.000+02:00,
RTD.A.S0.N.F_UMS_CGG_D0.F,A,S0,N,F_UMS_CGG_D0,F,2000,3.8226,A,F,,,P1Y,S,,,GFS.A.N.I10.W0.S13.S1._Z.B.B9P._Z._Z._Z.XDC_R_B1GQ._Z.S.V.N._T,,,,,,"See <a class=""external"" href=""http://sdw.ecb.europa.eu/web/generator/docu/rtdb_docu.pdf""> notes</a>; block Annual; series: G",,4,,,"Government primary deficit(-) or surplus(+), percent of GDP",Euro area (moving concept in the Real Time database context) - Primary deficit/surplus without UMTS proceeds - All sectors/ unspecified/ not applicable (ESA2010)-NCBs - General government (ESA2010)-NCBs - Non-financial flows current prices - Percentage,XDC_R_B1GQ,0,Replace,2011-05-04T15:30:00.000+02:00,
RTD.A.S0.N.F_UMS_CGG_D0.F,A,S0,N,F_UMS_CGG_D0,F,2001,1.92408,A,F,,,P1Y,S,,,GFS.A.N.I10.W0.S13.S1._Z.B.B9P._Z._Z._Z.XDC_R_B1GQ._Z.S.V.N._T,,,,,,"See <a class=""external"" href=""http://sdw.ecb.europa.eu/web/generator/docu/rtdb_docu.pdf""> notes</a>; block Annual; series: G",,4,,,"Government primary deficit(-) or surplus(+), percent of GDP",Euro area (moving concept in the Real Time database context) - Primary deficit/surplus without UMTS proceeds - All sectors/ unspecified/ not applicable (ESA2010)-NCBs - General government (ESA2010)-NCBs - Non-financial flows current prices - Percentage,XDC_R_B1GQ,0,Replace,2011-05-04T15:30:00.000+02:00,
RTD.A.S0.N.F_UMS_CGG_D0.F,A,S0,N,F_UMS_CGG_D0,F,2002,0.88659,A,F,,,P1Y,S,,,GFS.A.N.I10.W0.S13.S1._Z.B.B9P._Z._Z._Z.XDC_R_B1GQ._Z.S.V.N._T,,,,,,"See <a class=""external"" href=""http://sdw.ecb.europa.eu/web/generator/docu/rtdb_docu.pdf""> notes</a>; block Annual; series: G",,4,,,"Government primary deficit(-) or surplus(+), percent of GDP",Euro area (moving concept in the Real Time database context) - Primary deficit/surplus without UMTS proceeds - All sectors/ unspecified/ not applicable (ESA2010)-NCBs - General government (ESA2010)-NCBs - Non-financial flows current prices - Percentage,XDC_R_B1GQ,0,Replace,2011-05-04T15:30:00.000+02:00,
RTD.A.S0.N.F_UMS_CGG_D0.F,A,S0,N,F_UMS_CGG_D0,F,2003,0.20828,A,F,,,P1Y,S,,,GFS.A.N.I10.W0.S13.S1._Z.B.B9P._Z._Z._Z.XDC_R_B1GQ._Z.S.V.N._T,,,,,,"See <a class=""external"" href=""http://sdw.ecb.europa.eu/web/generator/docu/rtdb_docu.pdf""> notes</a>; block Annual; series: G",,4,,,"Government primary deficit(-) or surplus(+), percent of GDP",Euro area (moving concept in the Real Time database context) - Primary deficit/surplus without UMTS proceeds - All sectors/ unspecified/ not applicable (ESA2010)-NCBs - General government (ESA2010)-NCBs - Non-financial flows current prices - Percentage,XDC_R_B1GQ,0,Replace,2011-05-04T15:30:00.000+02:00,
RTD.A.S0.N.F_UMS_CGG_D0.F,A,S0,N,F_UMS_CGG_D0,F,2004,0.1504,A,F,,,P1Y,S,,,GFS.A.N.I10.W0.S13.S1._Z.B.B9P._Z._Z._Z.XDC_R_B1GQ._Z.S.V.N._T,,,,,,"See <a class=""external"" href=""http://sdw.ecb.europa.eu/web/generator/docu/rtdb_docu.pdf""> notes</a>; block Annual; series: G",,4,,,"Government primary deficit(-) or surplus(+), percent of GDP",Euro area (moving concept in the Real Time database context) - Primary deficit/surplus without UMTS proceeds - All sectors/ unspecified/ not applicable (ESA2010)-NCBs - General government (ESA2010)-NCBs - Non-financial flows current prices - Percentage,XDC_R_B1GQ,0,Replace,2011-05-04T15:30:00.000+02:00,
RTD.A.S0.N.F_UMS_CGG_D0.F,A,S0,N,F_UMS_CGG_D0,F,2005,0.4339,A,F,,,P1Y,S,,,GFS.A.N.I10.W0.S13.S1._Z.B.B9P._Z._Z._Z.XDC_R_B1GQ._Z.S.V.N._T,,,,,,"See <a class=""external"" href=""http://sdw.ecb.europa.eu/web/generator/docu/rtdb_docu.pdf""> notes</a>; block Annual; series: G",,4,,,"Government primary deficit(-) or surplus(+), percent of GDP",Euro area (moving concept in the Real Time database context) - Primary deficit/surplus without UMTS proceeds - All sectors/ unspecified/ not applicable (ESA2010)-NCBs - General government (ESA2010)-NCBs - Non-financial flows current prices - Percentage,XDC_R_B1GQ,0,Replace,2011-05-04T15:30:00.000+02:00,
RTD.A.S0.N.F_UMS_CGG_D0.F,A,S0,N,F_UMS_CGG_D0,F,2006,1.51725,A,F,,,P1Y,S,,,GFS.A.N.I10.W0.S13.S1._Z.B.B9P._Z._Z._Z.XDC_R_B1GQ._Z.S.V.N._T,,,,,,"See <a class=""external"" href=""http://sdw.ecb.europa.eu/web/generator/docu/rtdb_docu.pdf""> notes</a>; block Annual; series: G",,4,,,"Government primary deficit(-) or surplus(+), percent of GDP",Euro area (moving concept in the Real Time database context) - Primary deficit/surplus without UMTS proceeds - All sectors/ unspecified/ not applicable (ESA2010)-NCBs - General government (ESA2010)-NCBs - Non-financial flows current prices - Percentage,XDC_R_B1GQ,0,Replace,2011-05-04T15:30:00.000+02:00,
RTD.A.S0.N.F_UMS_CGG_D0.F,A,S0,N,F_UMS_CGG_D0,F,2007,2.28331,A,F,,,P1Y,S,,,GFS.A.N.I10.W0.S13.S1._Z.B.B9P._Z._Z._Z.XDC_R_B1GQ._Z.S.V.N._T,,,,,,"See <a class=""external"" href=""http://sdw.ecb.europa.eu/web/generator/docu/rtdb_docu.pdf""> notes</a>; block Annual; series: G",,4,,,"Government primary deficit(-) or surplus(+), percent of GDP",Euro area (moving concept in the Real Time database context) - Primary deficit/surplus without UMTS proceeds - All sectors/ unspecified/ not applicable (ESA2010)-NCBs - General government (ESA2010)-NCBs - Non-financial flows current prices - Percentage,XDC_R_B1GQ,0,Replace,2011-05-04T15:30:00.000+02:00,
RTD.A.S0.N.F_UMS_CGG_D0.F,A,S0,N,F_UMS_CGG_D0,F,2008,0.97122,A,F,,,P1Y,S,,,GFS.A.N.I10.W0.S13.S1._Z.B.B9P._Z._Z._Z.XDC_R_B1GQ._Z.S.V.N._T,,,,,,"See <a class=""external"" href=""http://sdw.ecb.europa.eu/web/generator/docu/rtdb_docu.pdf""> notes</a>; block Annual; series: G",,4,,,"Government primary deficit(-) or surplus(+), percent of GDP",Euro area (moving concept in the Real Time database context) - Primary deficit/surplus without UMTS proceeds - All sectors/ unspecified/ not applicable (ESA2010)-NCBs - General government (ESA2010)-NCBs - Non-financial flows current prices - Percentage,XDC_R_B1GQ,0,Replace,2011-05-04T15:30:00.000+02:00,
RTD.A.S0.N.F_UMS_CGG_D0.F,A,S0,N,F_UMS_CGG_D0,F,2009,-3.48712,A,F,,,P1Y,S,,,GFS.A.N.I10.W0.S13.S1._Z.B.B9P._Z._Z._Z.XDC_R_B1GQ._Z.S.V.N._T,,,,,,"See <a class=""external"" href=""http://sdw.ecb.europa.eu/web/generator/docu/rtdb_docu.pdf""> notes</a>; block Annual; series: G",,4,,,"Government primary deficit(-) or surplus(+), percent of GDP",Euro area (moving concept in the Real Time database context) - Primary deficit/surplus without UMTS proceeds - All sectors/ unspecified/ not applicable (ESA2010)-NCBs - General government (ESA2010)-NCBs - Non-financial flows current prices - Percentage,XDC_R_B1GQ,0,Replace,2011-05-04T15:30:00.000+02:00,
RTD.A.S0.N.F_UMS_CGG_D0.F,A,S0,N,F_UMS_CGG_D0,F,2010,-3.18564,A,F,,,P1Y,S,,,GFS.A.N.I10.W0.S13.S1._Z.B.B9P._Z._Z._Z.XDC_R_B1GQ._Z.S.V.N._T,,,,,,"See <a class=""external"" href=""http://sdw.ecb.europa.eu/web/generator/docu/rtdb_docu.pdf""> notes</a>; block Annual; series: G",,4,,,"Government primary deficit(-) or surplus(+), percent of GDP",Euro area (moving concept in the Real Time database context) - Primary deficit/surplus without UMTS proceeds - All sectors/ unspecified/ not applicable (ESA2010)-NCBs - General government (ESA2010)-NCBs - Non-financial flows current prices - Percentage,XDC_R_B1GQ,0,Replace,2011-05-04T15:30:00.000+02:00,
RTD.A.S0.N.F_UMS_CGG_D0.F,A,S0,N,F_UMS_CGG_D0,F,1995,-1.69379,A,F,,,P1Y,S,,,GFS.A.N.I10.W0.S13.S1._Z.B.B9P._Z._Z._Z.XDC_R_B1GQ._Z.S.V.N._T,,,,,,"See <a class=""external"" href=""http://sdw.ecb.europa.eu/web/generator/docu/rtdb_docu.pdf""> notes</a>; block Annual; series: G",,4,,,"Government primary deficit(-) or surplus(+), percent of GDP",Euro area (moving concept in the Real Time database context) - Primary deficit/surplus without UMTS proceeds - All sectors/ unspecified/ not applicable (ESA2010)-NCBs - General government (ESA2010)-NCBs - Non-financial flows current prices - Percentage,XDC_R_B1GQ,0,Replace,2011-06-08T15:30:00.000+02:00,
RTD.A.S0.N.F_UMS_CGG_D0.F,A,S0,N,F_UMS_CGG_D0,F,1996,1.2402,A,F,,,P1Y,S,,,GFS.A.N.I10.W0.S13.S1._Z.B.B9P._Z._Z._Z.XDC_R_B1GQ._Z.S.V.N._T,,,,,,"See <a class=""external"" href=""http://sdw.ecb.europa.eu/web/generator/docu/rtdb_docu.pdf""> notes</a>; block Annual; series: G",,4,,,"Government primary deficit(-) or surplus(+), percent of GDP",Euro area (moving concept in the Real Time database context) - Primary deficit/surplus without UMTS proceeds - All sectors/ unspecified/ not applicable (ESA2010)-NCBs - General government (ESA2010)-NCBs - Non-financial flows current prices - Percentage,XDC_R_B1GQ,0,Replace,2011-06-08T15:30:00.000+02:00,
RTD.A.S0.N.F_UMS_CGG_D0.F,A,S0,N,F_UMS_CGG_D0,F,1997,2.18938,A,F,,,P1Y,S,,,GFS.A.N.I10.W0.S13.S1._Z.B.B9P._Z._Z._Z.XDC_R_B1GQ._Z.S.V.N._T,,,,,,"See <a class=""external"" href=""http://sdw.ecb.europa.eu/web/generator/docu/rtdb_docu.pdf""> notes</a>; block Annual; series: G",,4,,,"Government primary deficit(-) or surplus(+), percent of GDP",Euro area (moving concept in the Real Time database context) - Primary deficit/surplus without UMTS proceeds - All sectors/ unspecified/ not applicable (ESA2010)-NCBs - General government (ESA2010)-NCBs - Non-financial flows current prices - Percentage,XDC_R_B1GQ,0,Replace,2011-06-08T15:30:00.000+02:00,
RTD.A.S0.N.F_UMS_CGG_D0.F,A,S0,N,F_UMS_CGG_D0,F,1998,2.23797,A,F,,,P1Y,S,,,GFS.A.N.I10.W0.S13.S1._Z.B.B9P._Z._Z._Z.XDC_R_B1GQ._Z.S.V.N._T,,,,,,"See <a class=""external"" href=""http://sdw.ecb.europa.eu/web/generator/docu/rtdb_docu.pdf""> notes</a>; block Annual; series: G",,4,,,"Government primary deficit(-) or surplus(+), percent of GDP",Euro area (moving concept in the Real Time database context) - Primary deficit/surplus without UMTS proceeds - All sectors/ unspecified/ not applicable (ESA2010)-NCBs - General government (ESA2010)-NCBs - Non-financial flows current prices - Percentage,XDC_R_B1GQ,0,Replace,2011-06-08T15:30:00.000+02:00,
RTD.A.S0.N.F_UMS_CGG_D0.F,A,S0,N,F_UMS_CGG_D0,F,1999,2.58695,A,F,,,P1Y,S,,,GFS.A.N.I10.W0.S13.S1._Z.B.B9P._Z._Z._Z.XDC_R_B1GQ._Z.S.V.N._T,,,,,,"See <a class=""external"" href=""http://sdw.ecb.europa.eu/web/generator/docu/rtdb_docu.pdf""> notes</a>; block Annual; series: G",,4,,,"Government primary deficit(-) or surplus(+), percent of GDP",Euro area (moving concept in the Real Time database context) - Primary deficit/surplus without UMTS proceeds - All sectors/ unspecified/ not applicable (ESA2010)-NCBs - General government (ESA2010)-NCBs - Non-financial flows current prices - Percentage,XDC_R_B1GQ,0,Replace,2011-06-08T15:30:00.000+02:00,
RTD.A.S0.N.F_UMS_CGG_D0.F,A,S0,N,F_UMS_CGG_D0,F,2000,3.80465,A,F,,,P1Y,S,,,GFS.A.N.I10.W0.S13.S1._Z.B.B9P._Z._Z._Z.XDC_R_B1GQ._Z.S.V.N._T,,,,,,"See <a class=""external"" href=""http://sdw.ecb.europa.eu/web/generator/docu/rtdb_docu.pdf""> notes</a>; block Annual; series: G",,4,,,"Government primary deficit(-) or surplus(+), percent of GDP",Euro area (moving concept in the Real Time database context) - Primary deficit/surplus without UMTS proceeds - All sectors/ unspecified/ not applicable (ESA2010)-NCBs - General government (ESA2010)-NCBs - Non-financial flows current prices - Percentage,XDC_R_B1GQ,0,Replace,2011-06-08T15:30:00.000+02:00,
RTD.A.S0.N.F_UMS_CGG_D0.F,A,S0,N,F_UMS_CGG_D0,F,2001,1.89644,A,F,,,P1Y,S,,,GFS.A.N.I10.W0.S13.S1._Z.B.B9P._Z._Z._Z.XDC_R_B1GQ._Z.S.V.N._T,,,,,,"See <a class=""external"" href=""http://sdw.ecb.europa.eu/web/generator/docu/rtdb_docu.pdf""> notes</a>; block Annual; series: G",,4,,,"Government primary deficit(-) or surplus(+), percent of GDP",Euro area (moving concept in the Real Time database context) - Primary deficit/surplus without UMTS proceeds - All sectors/ unspecified/ not applicable (ESA2010)-NCBs - General government (ESA2010)-NCBs - Non-financial flows current prices - Percentage,XDC_R_B1GQ,0,Replace,2011-06-08T15:30:00.000+02:00,
RTD.A.S0.N.F_UMS_CGG_D0.F,A,S0,N,F_UMS_CGG_D0,F,2002,0.86095,A,F,,,P1Y,S,,,GFS.A.N.I10.W0.S13.S1._Z.B.B9P._Z._Z._Z.XDC_R_B1GQ._Z.S.V.N._T,,,,,,"See <a class=""external"" href=""http://sdw.ecb.europa.eu/web/generator/docu/rtdb_docu.pdf""> notes</a>; block Annual; series: G",,4,,,"Government primary deficit(-) or surplus(+), percent of GDP",Euro area (moving concept in the Real Time database context) - Primary deficit/surplus without UMTS proceeds - All sectors/ unspecified/ not applicable (ESA2010)-NCBs - General government (ESA2010)-NCBs - Non-financial flows current prices - Percentage,XDC_R_B1GQ,0,Replace,2011-06-08T15:30:00.000+02:00,
RTD.A.S0.N.F_UMS_CGG_D0.F,A,S0,N,F_UMS_CGG_D0,F,2003,0.21326,A,F,,,P1Y,S,,,GFS.A.N.I10.W0.S13.S1._Z.B.B9P._Z._Z._Z.XDC_R_B1GQ._Z.S.V.N._T,,,,,,"See <a class=""external"" href=""http://sdw.ecb.europa.eu/web/generator/docu/rtdb_docu.pdf""> notes</a>; block Annual; series: G",,4,,,"Government primary deficit(-) or surplus(+), percent of GDP",Euro area (moving concept in the Real Time database context) - Primary deficit/surplus without UMTS proceeds - All sectors/ unspecified/ not applicable (ESA2010)-NCBs - General government (ESA2010)-NCBs - Non-financial flows current prices - Percentage,XDC_R_B1GQ,0,Replace,2011-06-08T15:30:00.000+02:00,
RTD.A.S0.N.F_UMS_CGG_D0.F,A,S0,N,F_UMS_CGG_D0,F,2004,0.15155,A,F,,,P1Y,S,,,GFS.A.N.I10.W0.S13.S1._Z.B.B9P._Z._Z._Z.XDC_R_B1GQ._Z.S.V.N._T,,,,,,"See <a class=""external"" href=""http://sdw.ecb.europa.eu/web/generator/docu/rtdb_docu.pdf""> notes</a>; block Annual; series: G",,4,,,"Government primary deficit(-) or surplus(+), percent of GDP",Euro area (moving concept in the Real Time database context) - Primary deficit/surplus without UMTS proceeds - All sectors/ unspecified/ not applicable (ESA2010)-NCBs - General government (ESA2010)-NCBs - Non-financial flows current prices - Percentage,XDC_R_B1GQ,0,Replace,2011-06-08T15:30:00.000+02:00,
RTD.A.S0.N.F_UMS_CGG_D0.F,A,S0,N,F_UMS_CGG_D0,F,2005,0.44046,A,F,,,P1Y,S,,,GFS.A.N.I10.W0.S13.S1._Z.B.B9P._Z._Z._Z.XDC_R_B1GQ._Z.S.V.N._T,,,,,,"See <a class=""external"" href=""http://sdw.ecb.europa.eu/web/generator/docu/rtdb_docu.pdf""> notes</a>; block Annual; series: G",,4,,,"Government primary deficit(-) or surplus(+), percent of GDP",Euro area (moving concept in the Real Time database context) - Primary deficit/surplus without UMTS proceeds - All sectors/ unspecified/ not applicable (ESA2010)-NCBs - General government (ESA2010)-NCBs - Non-financial flows current prices - Percentage,XDC_R_B1GQ,0,Replace,2011-06-08T15:30:00.000+02:00,
RTD.A.S0.N.F_UMS_CGG_D0.F,A,S0,N,F_UMS_CGG_D0,F,2006,1.50895,A,F,,,P1Y,S,,,GFS.A.N.I10.W0.S13.S1._Z.B.B9P._Z._Z._Z.XDC_R_B1GQ._Z.S.V.N._T,,,,,,"See <a class=""external"" href=""http://sdw.ecb.europa.eu/web/generator/docu/rtdb_docu.pdf""> notes</a>; block Annual; series: G",,4,,,"Government primary deficit(-) or surplus(+), percent of GDP",Euro area (moving concept in the Real Time database context) - Primary deficit/surplus without UMTS proceeds - All sectors/ unspecified/ not applicable (ESA2010)-NCBs - General government (ESA2010)-NCBs - Non-financial flows current prices - Percentage,XDC_R_B1GQ,0,Replace,2011-06-08T15:30:00.000+02:00,
RTD.A.S0.N.F_UMS_CGG_D0.F,A,S0,N,F_UMS_CGG_D0,F,2007,2.28547,A,F,,,P1Y,S,,,GFS.A.N.I10.W0.S13.S1._Z.B.B9P._Z._Z._Z.XDC_R_B1GQ._Z.S.V.N._T,,,,,,"See <a class=""external"" href=""http://sdw.ecb.europa.eu/web/generator/docu/rtdb_docu.pdf""> notes</a>; block Annual; series: G",,4,,,"Government primary deficit(-) or surplus(+), percent of GDP",Euro area (moving concept in the Real Time database context) - Primary deficit/surplus without UMTS proceeds - All sectors/ unspecified/ not applicable (ESA2010)-NCBs - General government (ESA2010)-NCBs - Non-financial flows current prices - Percentage,XDC_R_B1GQ,0,Replace,2011-06-08T15:30:00.000+02:00,
RTD.A.S0.N.F_UMS_CGG_D0.F,A,S0,N,F_UMS_CGG_D0,F,2008,0.97283,A,F,,,P1Y,S,,,GFS.A.N.I10.W0.S13.S1._Z.B.B9P._Z._Z._Z.XDC_R_B1GQ._Z.S.V.N._T,,,,,,"See <a class=""external"" href=""http://sdw.ecb.europa.eu/web/generator/docu/rtdb_docu.pdf""> notes</a>; block Annual; series: G",,4,,,"Government primary deficit(-) or surplus(+), percent of GDP",Euro area (moving concept in the Real Time database context) - Primary deficit/surplus without UMTS proceeds - All sectors/ unspecified/ not applicable (ESA2010)-NCBs - General government (ESA2010)-NCBs - Non-financial flows current prices - Percentage,XDC_R_B1GQ,0,Replace,2011-06-08T15:30:00.000+02:00,
RTD.A.S0.N.F_UMS_CGG_D0.F,A,S0,N,F_UMS_CGG_D0,F,2009,-3.49442,A,F,,,P1Y,S,,,GFS.A.N.I10.W0.S13.S1._Z.B.B9P._Z._Z._Z.XDC_R_B1GQ._Z.S.V.N._T,,,,,,"See <a class=""external"" href=""http://sdw.ecb.europa.eu/web/generator/docu/rtdb_docu.pdf""> notes</a>; block Annual; series: G",,4,,,"Government primary deficit(-) or surplus(+), percent of GDP",Euro area (moving concept in the Real Time database context) - Primary deficit/surplus without UMTS proceeds - All sectors/ unspecified/ not applicable (ESA2010)-NCBs - General government (ESA2010)-NCBs - Non-financial flows current prices - Percentage,XDC_R_B1GQ,0,Replace,2011-06-08T15:30:00.000+02:00,
RTD.A.S0.N.F_UMS_CGG_D0.F,A,S0,N,F_UMS_CGG_D0,F,2010,-3.1975,A,F,,,P1Y,S,,,GFS.A.N.I10.W0.S13.S1._Z.B.B9P._Z._Z._Z.XDC_R_B1GQ._Z.S.V.N._T,,,,,,"See <a class=""external"" href=""http://sdw.ecb.europa.eu/web/generator/docu/rtdb_docu.pdf""> notes</a>; block Annual; series: G",,4,,,"Government primary deficit(-) or surplus(+), percent of GDP",Euro area (moving concept in the Real Time database context) - Primary deficit/surplus without UMTS proceeds - All sectors/ unspecified/ not applicable (ESA2010)-NCBs - General government (ESA2010)-NCBs - Non-financial flows current prices - Percentage,XDC_R_B1GQ,0,Replace,2011-06-08T15:30:00.000+02:00,
RTD.A.S0.N.F_UMS_CGG_D0.F,A,S0,N,F_UMS_CGG_D0,F,1995,-1.69686,A,F,,,P1Y,S,,,GFS.A.N.I10.W0.S13.S1._Z.B.B9P._Z._Z._Z.XDC_R_B1GQ._Z.S.V.N._T,,,,,,"See <a class=""external"" href=""http://sdw.ecb.europa.eu/web/generator/docu/rtdb_docu.pdf""> notes</a>; block Annual; series: G",,4,,,"Government primary deficit(-) or surplus(+), percent of GDP",Euro area (moving concept in the Real Time database context) - Primary deficit/surplus without UMTS proceeds - All sectors/ unspecified/ not applicable (ESA2010)-NCBs - General government (ESA2010)-NCBs - Non-financial flows current prices - Percentage,XDC_R_B1GQ,0,Replace,2011-11-02T15:30:00.000+01:00,
RTD.A.S0.N.F_UMS_CGG_D0.F,A,S0,N,F_UMS_CGG_D0,F,1996,1.17045,A,F,,,P1Y,S,,,GFS.A.N.I10.W0.S13.S1._Z.B.B9P._Z._Z._Z.XDC_R_B1GQ._Z.S.V.N._T,,,,,,"See <a class=""external"" href=""http://sdw.ecb.europa.eu/web/generator/docu/rtdb_docu.pdf""> notes</a>; block Annual; series: G",,4,,,"Government primary deficit(-) or surplus(+), percent of GDP",Euro area (moving concept in the Real Time database context) - Primary deficit/surplus without UMTS proceeds - All sectors/ unspecified/ not applicable (ESA2010)-NCBs - General government (ESA2010)-NCBs - Non-financial flows current prices - Percentage,XDC_R_B1GQ,0,Replace,2011-11-02T15:30:00.000+01:00,
RTD.A.S0.N.F_UMS_CGG_D0.F,A,S0,N,F_UMS_CGG_D0,F,1997,2.09153,A,F,,,P1Y,S,,,GFS.A.N.I10.W0.S13.S1._Z.B.B9P._Z._Z._Z.XDC_R_B1GQ._Z.S.V.N._T,,,,,,"See <a class=""external"" href=""http://sdw.ecb.europa.eu/web/generator/docu/rtdb_docu.pdf""> notes</a>; block Annual; series: G",,4,,,"Government primary deficit(-) or surplus(+), percent of GDP",Euro area (moving concept in the Real Time database context) - Primary deficit/surplus without UMTS proceeds - All sectors/ unspecified/ not applicable (ESA2010)-NCBs - General government (ESA2010)-NCBs - Non-financial flows current prices - Percentage,XDC_R_B1GQ,0,Replace,2011-11-02T15:30:00.000+01:00,
RTD.A.S0.N.F_UMS_CGG_D0.F,A,S0,N,F_UMS_CGG_D0,F,1998,2.23144,A,F,,,P1Y,S,,,GFS.A.N.I10.W0.S13.S1._Z.B.B9P._Z._Z._Z.XDC_R_B1GQ._Z.S.V.N._T,,,,,,"See <a class=""external"" href=""http://sdw.ecb.europa.eu/web/generator/docu/rtdb_docu.pdf""> notes</a>; block Annual; series: G",,4,,,"Government primary deficit(-) or surplus(+), percent of GDP",Euro area (moving concept in the Real Time database context) - Primary deficit/surplus without UMTS proceeds - All sectors/ unspecified/ not applicable (ESA2010)-NCBs - General government (ESA2010)-NCBs - Non-financial flows current prices - Percentage,XDC_R_B1GQ,0,Replace,2011-11-02T15:30:00.000+01:00,
RTD.A.S0.N.F_UMS_CGG_D0.F,A,S0,N,F_UMS_CGG_D0,F,1999,2.52825,A,F,,,P1Y,S,,,GFS.A.N.I10.W0.S13.S1._Z.B.B9P._Z._Z._Z.XDC_R_B1GQ._Z.S.V.N._T,,,,,,"See <a class=""external"" href=""http://sdw.ecb.europa.eu/web/generator/docu/rtdb_docu.pdf""> notes</a>; block Annual; series: G",,4,,,"Government primary deficit(-) or surplus(+), percent of GDP",Euro area (moving concept in the Real Time database context) - Primary deficit/surplus without UMTS proceeds - All sectors/ unspecified/ not applicable (ESA2010)-NCBs - General government (ESA2010)-NCBs - Non-financial flows current prices - Percentage,XDC_R_B1GQ,0,Replace,2011-11-02T15:30:00.000+01:00,
RTD.A.S0.N.F_UMS_CGG_D0.F,A,S0,N,F_UMS_CGG_D0,F,2000,3.75617,A,F,,,P1Y,S,,,GFS.A.N.I10.W0.S13.S1._Z.B.B9P._Z._Z._Z.XDC_R_B1GQ._Z.S.V.N._T,,,,,,"See <a class=""external"" href=""http://sdw.ecb.europa.eu/web/generator/docu/rtdb_docu.pdf""> notes</a>; block Annual; series: G",,4,,,"Government primary deficit(-) or surplus(+), percent of GDP",Euro area (moving concept in the Real Time database context) - Primary deficit/surplus without UMTS proceeds - All sectors/ unspecified/ not applicable (ESA2010)-NCBs - General government (ESA2010)-NCBs - Non-financial flows current prices - Percentage,XDC_R_B1GQ,0,Replace,2011-11-02T15:30:00.000+01:00,
RTD.A.S0.N.F_UMS_CGG_D0.F,A,S0,N,F_UMS_CGG_D0,F,2001,1.82766,A,F,,,P1Y,S,,,GFS.A.N.I10.W0.S13.S1._Z.B.B9P._Z._Z._Z.XDC_R_B1GQ._Z.S.V.N._T,,,,,,"See <a class=""external"" href=""http://sdw.ecb.europa.eu/web/generator/docu/rtdb_docu.pdf""> notes</a>; block Annual; series: G",,4,,,"Government primary deficit(-) or surplus(+), percent of GDP",Euro area (moving concept in the Real Time database context) - Primary deficit/surplus without UMTS proceeds - All sectors/ unspecified/ not applicable (ESA2010)-NCBs - General government (ESA2010)-NCBs - Non-financial flows current prices - Percentage,XDC_R_B1GQ,0,Replace,2011-11-02T15:30:00.000+01:00,
RTD.A.S0.N.F_UMS_CGG_D0.F,A,S0,N,F_UMS_CGG_D0,F,2002,0.81395,A,F,,,P1Y,S,,,GFS.A.N.I10.W0.S13.S1._Z.B.B9P._Z._Z._Z.XDC_R_B1GQ._Z.S.V.N._T,,,,,,"See <a class=""external"" href=""http://sdw.ecb.europa.eu/web/generator/docu/rtdb_docu.pdf""> notes</a>; block Annual; series: G",,4,,,"Government primary deficit(-) or surplus(+), percent of GDP",Euro area (moving concept in the Real Time database context) - Primary deficit/surplus without UMTS proceeds - All sectors/ unspecified/ not applicable (ESA2010)-NCBs - General government (ESA2010)-NCBs - Non-financial flows current prices - Percentage,XDC_R_B1GQ,0,Replace,2011-11-02T15:30:00.000+01:00,
RTD.A.S0.N.F_UMS_CGG_D0.F,A,S0,N,F_UMS_CGG_D0,F,2003,0.16155,A,F,,,P1Y,S,,,GFS.A.N.I10.W0.S13.S1._Z.B.B9P._Z._Z._Z.XDC_R_B1GQ._Z.S.V.N._T,,,,,,"See <a class=""external"" href=""http://sdw.ecb.europa.eu/web/generator/docu/rtdb_docu.pdf""> notes</a>; block Annual; series: G",,4,,,"Government primary deficit(-) or surplus(+), percent of GDP",Euro area (moving concept in the Real Time database context) - Primary deficit/surplus without UMTS proceeds - All sectors/ unspecified/ not applicable (ESA2010)-NCBs - General government (ESA2010)-NCBs - Non-financial flows current prices - Percentage,XDC_R_B1GQ,0,Replace,2011-11-02T15:30:00.000+01:00,
RTD.A.S0.N.F_UMS_CGG_D0.F,A,S0,N,F_UMS_CGG_D0,F,2004,0.19564,A,F,,,P1Y,S,,,GFS.A.N.I10.W0.S13.S1._Z.B.B9P._Z._Z._Z.XDC_R_B1GQ._Z.S.V.N._T,,,,,,"See <a class=""external"" href=""http://sdw.ecb.europa.eu/web/generator/docu/rtdb_docu.pdf""> notes</a>; block Annual; series: G",,4,,,"Government primary deficit(-) or surplus(+), percent of GDP",Euro area (moving concept in the Real Time database context) - Primary deficit/surplus without UMTS proceeds - All sectors/ unspecified/ not applicable (ESA2010)-NCBs - General government (ESA2010)-NCBs - Non-financial flows current prices - Percentage,XDC_R_B1GQ,0,Replace,2011-11-02T15:30:00.000+01:00,
RTD.A.S0.N.F_UMS_CGG_D0.F,A,S0,N,F_UMS_CGG_D0,F,2005,0.45489,A,F,,,P1Y,S,,,GFS.A.N.I10.W0.S13.S1._Z.B.B9P._Z._Z._Z.XDC_R_B1GQ._Z.S.V.N._T,,,,,,"See <a class=""external"" href=""http://sdw.ecb.europa.eu/web/generator/docu/rtdb_docu.pdf""> notes</a>; block Annual; series: G",,4,,,"Government primary deficit(-) or surplus(+), percent of GDP",Euro area (moving concept in the Real Time database context) - Primary deficit/surplus without UMTS proceeds - All sectors/ unspecified/ not applicable (ESA2010)-NCBs - General government (ESA2010)-NCBs - Non-financial flows current prices - Percentage,XDC_R_B1GQ,0,Replace,2011-11-02T15:30:00.000+01:00,
RTD.A.S0.N.F_UMS_CGG_D0.F,A,S0,N,F_UMS_CGG_D0,F,2006,1.53375,A,F,,,P1Y,S,,,GFS.A.N.I10.W0.S13.S1._Z.B.B9P._Z._Z._Z.XDC_R_B1GQ._Z.S.V.N._T,,,,,,"See <a class=""external"" href=""http://sdw.ecb.europa.eu/web/generator/docu/rtdb_docu.pdf""> notes</a>; block Annual; series: G",,4,,,"Government primary deficit(-) or surplus(+), percent of GDP",Euro area (moving concept in the Real Time database context) - Primary deficit/surplus without UMTS proceeds - All sectors/ unspecified/ not applicable (ESA2010)-NCBs - General government (ESA2010)-NCBs - Non-financial flows current prices - Percentage,XDC_R_B1GQ,0,Replace,2011-11-02T15:30:00.000+01:00,
RTD.A.S0.N.F_UMS_CGG_D0.F,A,S0,N,F_UMS_CGG_D0,F,2007,2.27641,A,F,,,P1Y,S,,,GFS.A.N.I10.W0.S13.S1._Z.B.B9P._Z._Z._Z.XDC_R_B1GQ._Z.S.V.N._T,,,,,,"See <a class=""external"" href=""http://sdw.ecb.europa.eu/web/generator/docu/rtdb_docu.pdf""> notes</a>; block Annual; series: G",,4,,,"Government primary deficit(-) or surplus(+), percent of GDP",Euro area (moving concept in the Real Time database context) - Primary deficit/surplus without UMTS proceeds - All sectors/ unspecified/ not applicable (ESA2010)-NCBs - General government (ESA2010)-NCBs - Non-financial flows current prices - Percentage,XDC_R_B1GQ,0,Replace,2011-11-02T15:30:00.000+01:00,
RTD.A.S0.N.F_UMS_CGG_D0.F,A,S0,N,F_UMS_CGG_D0,F,2008,0.90674,A,F,,,P1Y,S,,,GFS.A.N.I10.W0.S13.S1._Z.B.B9P._Z._Z._Z.XDC_R_B1GQ._Z.S.V.N._T,,,,,,"See <a class=""external"" href=""http://sdw.ecb.europa.eu/web/generator/docu/rtdb_docu.pdf""> notes</a>; block Annual; series: G",,4,,,"Government primary deficit(-) or surplus(+), percent of GDP",Euro area (moving concept in the Real Time database context) - Primary deficit/surplus without UMTS proceeds - All sectors/ unspecified/ not applicable (ESA2010)-NCBs - General government (ESA2010)-NCBs - Non-financial flows current prices - Percentage,XDC_R_B1GQ,0,Replace,2011-11-02T15:30:00.000+01:00,
RTD.A.S0.N.F_UMS_CGG_D0.F,A,S0,N,F_UMS_CGG_D0,F,2009,-3.54176,A,F,,,P1Y,S,,,GFS.A.N.I10.W0.S13.S1._Z.B.B9P._Z._Z._Z.XDC_R_B1GQ._Z.S.V.N._T,,,,,,"See <a class=""external"" href=""http://sdw.ecb.europa.eu/web/generator/docu/rtdb_docu.pdf""> notes</a>; block Annual; series: G",,4,,,"Government primary deficit(-) or surplus(+), percent of GDP",Euro area (moving concept in the Real Time database context) - Primary deficit/surplus without UMTS proceeds - All sectors/ unspecified/ not applicable (ESA2010)-NCBs - General government (ESA2010)-NCBs - Non-financial flows current prices - Percentage,XDC_R_B1GQ,0,Replace,2011-11-02T15:30:00.000+01:00,
RTD.A.S0.N.F_UMS_CGG_D0.F,A,S0,N,F_UMS_CGG_D0,F,2010,-3.44205,A,F,,,P1Y,S,,,GFS.A.N.I10.W0.S13.S1._Z.B.B9P._Z._Z._Z.XDC_R_B1GQ._Z.S.V.N._T,,,,,,"See <a class=""external"" href=""http://sdw.ecb.europa.eu/web/generator/docu/rtdb_docu.pdf""> notes</a>; block Annual; series: G",,4,,,"Government primary deficit(-) or surplus(+), percent of GDP",Euro area (moving concept in the Real Time database context) - Primary deficit/surplus without UMTS proceeds - All sectors/ unspecified/ not applicable (ESA2010)-NCBs - General government (ESA2010)-NCBs - Non-financial flows current prices - Percentage,XDC_R_B1GQ,0,Replace,2011-11-02T15:30:00.000+01:00,
RTD.A.S0.N.F_UMS_CGG_D0.F,A,S0,N,F_UMS_CGG_D0,F,1995,-1.69807,A,F,,,P1Y,S,,,GFS.A.N.I10.W0.S13.S1._Z.B.B9P._Z._Z._Z.XDC_R_B1GQ._Z.S.V.N._T,,,,,,"See <a class=""external"" href=""http://sdw.ecb.europa.eu/web/generator/docu/rtdb_docu.pdf""> notes</a>; block Annual; series: G",,4,,,"Government primary deficit(-) or surplus(+), percent of GDP",Euro area (moving concept in the Real Time database context) - Primary deficit/surplus without UMTS proceeds - All sectors/ unspecified/ not applicable (ESA2010)-NCBs - General government (ESA2010)-NCBs - Non-financial flows current prices - Percentage,XDC_R_B1GQ,0,Replace,2011-12-07T15:30:00.000+01:00,
RTD.A.S0.N.F_UMS_CGG_D0.F,A,S0,N,F_UMS_CGG_D0,F,1996,1.17263,A,F,,,P1Y,S,,,GFS.A.N.I10.W0.S13.S1._Z.B.B9P._Z._Z._Z.XDC_R_B1GQ._Z.S.V.N._T,,,,,,"See <a class=""external"" href=""http://sdw.ecb.europa.eu/web/generator/docu/rtdb_docu.pdf""> notes</a>; block Annual; series: G",,4,,,"Government primary deficit(-) or surplus(+), percent of GDP",Euro area (moving concept in the Real Time database context) - Primary deficit/surplus without UMTS proceeds - All sectors/ unspecified/ not applicable (ESA2010)-NCBs - General government (ESA2010)-NCBs - Non-financial flows current prices - Percentage,XDC_R_B1GQ,0,Replace,2011-12-07T15:30:00.000+01:00,
RTD.A.S0.N.F_UMS_CGG_D0.F,A,S0,N,F_UMS_CGG_D0,F,1997,2.08988,A,F,,,P1Y,S,,,GFS.A.N.I10.W0.S13.S1._Z.B.B9P._Z._Z._Z.XDC_R_B1GQ._Z.S.V.N._T,,,,,,"See <a class=""external"" href=""http://sdw.ecb.europa.eu/web/generator/docu/rtdb_docu.pdf""> notes</a>; block Annual; series: G",,4,,,"Government primary deficit(-) or surplus(+), percent of GDP",Euro area (moving concept in the Real Time database context) - Primary deficit/surplus without UMTS proceeds - All sectors/ unspecified/ not applicable (ESA2010)-NCBs - General government (ESA2010)-NCBs - Non-financial flows current prices - Percentage,XDC_R_B1GQ,0,Replace,2011-12-07T15:30:00.000+01:00,
RTD.A.S0.N.F_UMS_CGG_D0.F,A,S0,N,F_UMS_CGG_D0,F,1998,2.22779,A,F,,,P1Y,S,,,GFS.A.N.I10.W0.S13.S1._Z.B.B9P._Z._Z._Z.XDC_R_B1GQ._Z.S.V.N._T,,,,,,"See <a class=""external"" href=""http://sdw.ecb.europa.eu/web/generator/docu/rtdb_docu.pdf""> notes</a>; block Annual; series: G",,4,,,"Government primary deficit(-) or surplus(+), percent of GDP",Euro area (moving concept in the Real Time database context) - Primary deficit/surplus without UMTS proceeds - All sectors/ unspecified/ not applicable (ESA2010)-NCBs - General government (ESA2010)-NCBs - Non-financial flows current prices - Percentage,XDC_R_B1GQ,0,Replace,2011-12-07T15:30:00.000+01:00,
RTD.A.S0.N.F_UMS_CGG_D0.F,A,S0,N,F_UMS_CGG_D0,F,1999,2.52515,A,F,,,P1Y,S,,,GFS.A.N.I10.W0.S13.S1._Z.B.B9P._Z._Z._Z.XDC_R_B1GQ._Z.S.V.N._T,,,,,,"See <a class=""external"" href=""http://sdw.ecb.europa.eu/web/generator/docu/rtdb_docu.pdf""> notes</a>; block Annual; series: G",,4,,,"Government primary deficit(-) or surplus(+), percent of GDP",Euro area (moving concept in the Real Time database context) - Primary deficit/surplus without UMTS proceeds - All sectors/ unspecified/ not applicable (ESA2010)-NCBs - General government (ESA2010)-NCBs - Non-financial flows current prices - Percentage,XDC_R_B1GQ,0,Replace,2011-12-07T15:30:00.000+01:00,
RTD.A.S0.N.F_UMS_CGG_D0.F,A,S0,N,F_UMS_CGG_D0,F,2000,3.7557,A,F,,,P1Y,S,,,GFS.A.N.I10.W0.S13.S1._Z.B.B9P._Z._Z._Z.XDC_R_B1GQ._Z.S.V.N._T,,,,,,"See <a class=""external"" href=""http://sdw.ecb.europa.eu/web/generator/docu/rtdb_docu.pdf""> notes</a>; block Annual; series: G",,4,,,"Government primary deficit(-) or surplus(+), percent of GDP",Euro area (moving concept in the Real Time database context) - Primary deficit/surplus without UMTS proceeds - All sectors/ unspecified/ not applicable (ESA2010)-NCBs - General government (ESA2010)-NCBs - Non-financial flows current prices - Percentage,XDC_R_B1GQ,0,Replace,2011-12-07T15:30:00.000+01:00,
RTD.A.S0.N.F_UMS_CGG_D0.F,A,S0,N,F_UMS_CGG_D0,F,2001,1.82759,A,F,,,P1Y,S,,,GFS.A.N.I10.W0.S13.S1._Z.B.B9P._Z._Z._Z.XDC_R_B1GQ._Z.S.V.N._T,,,,,,"See <a class=""external"" href=""http://sdw.ecb.europa.eu/web/generator/docu/rtdb_docu.pdf""> notes</a>; block Annual; series: G",,4,,,"Government primary deficit(-) or surplus(+), percent of GDP",Euro area (moving concept in the Real Time database context) - Primary deficit/surplus without UMTS proceeds - All sectors/ unspecified/ not applicable (ESA2010)-NCBs - General government (ESA2010)-NCBs - Non-financial flows current prices - Percentage,XDC_R_B1GQ,0,Replace,2011-12-07T15:30:00.000+01:00,
RTD.A.S0.N.F_UMS_CGG_D0.F,A,S0,N,F_UMS_CGG_D0,F,2003,0.16164,A,F,,,P1Y,S,,,GFS.A.N.I10.W0.S13.S1._Z.B.B9P._Z._Z._Z.XDC_R_B1GQ._Z.S.V.N._T,,,,,,"See <a class=""external"" href=""http://sdw.ecb.europa.eu/web/generator/docu/rtdb_docu.pdf""> notes</a>; block Annual; series: G",,4,,,"Government primary deficit(-) or surplus(+), percent of GDP",Euro area (moving concept in the Real Time database context) - Primary deficit/surplus without UMTS proceeds - All sectors/ unspecified/ not applicable (ESA2010)-NCBs - General government (ESA2010)-NCBs - Non-financial flows current prices - Percentage,XDC_R_B1GQ,0,Replace,2011-12-07T15:30:00.000+01:00,
RTD.A.S0.N.F_UMS_CGG_D0.F,A,S0,N,F_UMS_CGG_D0,F,2004,0.1957,A,F,,,P1Y,S,,,GFS.A.N.I10.W0.S13.S1._Z.B.B9P._Z._Z._Z.XDC_R_B1GQ._Z.S.V.N._T,,,,,,"See <a class=""external"" href=""http://sdw.ecb.europa.eu/web/generator/docu/rtdb_docu.pdf""> notes</a>; block Annual; series: G",,4,,,"Government primary deficit(-) or surplus(+), percent of GDP",Euro area (moving concept in the Real Time database context) - Primary deficit/surplus without UMTS proceeds - All sectors/ unspecified/ not applicable (ESA2010)-NCBs - General government (ESA2010)-NCBs - Non-financial flows current prices - Percentage,XDC_R_B1GQ,0,Replace,2011-12-07T15:30:00.000+01:00,
RTD.A.S0.N.F_UMS_CGG_D0.F,A,S0,N,F_UMS_CGG_D0,F,2005,0.45486,A,F,,,P1Y,S,,,GFS.A.N.I10.W0.S13.S1._Z.B.B9P._Z._Z._Z.XDC_R_B1GQ._Z.S.V.N._T,,,,,,"See <a class=""external"" href=""http://sdw.ecb.europa.eu/web/generator/docu/rtdb_docu.pdf""> notes</a>; block Annual; series: G",,4,,,"Government primary deficit(-) or surplus(+), percent of GDP",Euro area (moving concept in the Real Time database context) - Primary deficit/surplus without UMTS proceeds - All sectors/ unspecified/ not applicable (ESA2010)-NCBs - General government (ESA2010)-NCBs - Non-financial flows current prices - Percentage,XDC_R_B1GQ,0,Replace,2011-12-07T15:30:00.000+01:00,
RTD.A.S0.N.F_UMS_CGG_D0.F,A,S0,N,F_UMS_CGG_D0,F,2006,1.53366,A,F,,,P1Y,S,,,GFS.A.N.I10.W0.S13.S1._Z.B.B9P._Z._Z._Z.XDC_R_B1GQ._Z.S.V.N._T,,,,,,"See <a class=""external"" href=""http://sdw.ecb.europa.eu/web/generator/docu/rtdb_docu.pdf""> notes</a>; block Annual; series: G",,4,,,"Government primary deficit(-) or surplus(+), percent of GDP",Euro area (moving concept in the Real Time database context) - Primary deficit/surplus without UMTS proceeds - All sectors/ unspecified/ not applicable (ESA2010)-NCBs - General government (ESA2010)-NCBs - Non-financial flows current prices - Percentage,XDC_R_B1GQ,0,Replace,2011-12-07T15:30:00.000+01:00,
RTD.A.S0.N.F_UMS_CGG_D0.F,A,S0,N,F_UMS_CGG_D0,F,1995,-1.70281,A,F,,,P1Y,S,,,GFS.A.N.I10.W0.S13.S1._Z.B.B9P._Z._Z._Z.XDC_R_B1GQ._Z.S.V.N._T,,,,,,"See <a class=""external"" href=""http://sdw.ecb.europa.eu/web/generator/docu/rtdb_docu.pdf""> notes</a>; block Annual; series: G",,4,,,"Government primary deficit(-) or surplus(+), percent of GDP",Euro area (moving concept in the Real Time database context) - Primary deficit/surplus without UMTS proceeds - All sectors/ unspecified/ not applicable (ESA2010)-NCBs - General government (ESA2010)-NCBs - Non-financial flows current prices - Percentage,XDC_R_B1GQ,0,Replace,2012-05-02T15:30:00.000+02:00,
RTD.A.S0.N.F_UMS_CGG_D0.F,A,S0,N,F_UMS_CGG_D0,F,1996,1.16781,A,F,,,P1Y,S,,,GFS.A.N.I10.W0.S13.S1._Z.B.B9P._Z._Z._Z.XDC_R_B1GQ._Z.S.V.N._T,,,,,,"See <a class=""external"" href=""http://sdw.ecb.europa.eu/web/generator/docu/rtdb_docu.pdf""> notes</a>; block Annual; series: G",,4,,,"Government primary deficit(-) or surplus(+), percent of GDP",Euro area (moving concept in the Real Time database context) - Primary deficit/surplus without UMTS proceeds - All sectors/ unspecified/ not applicable (ESA2010)-NCBs - General government (ESA2010)-NCBs - Non-financial flows current prices - Percentage,XDC_R_B1GQ,0,Replace,2012-05-02T15:30:00.000+02:00,
RTD.A.S0.N.F_UMS_CGG_D0.F,A,S0,N,F_UMS_CGG_D0,F,1997,2.0853,A,F,,,P1Y,S,,,GFS.A.N.I10.W0.S13.S1._Z.B.B9P._Z._Z._Z.XDC_R_B1GQ._Z.S.V.N._T,,,,,,"See <a class=""external"" href=""http://sdw.ecb.europa.eu/web/generator/docu/rtdb_docu.pdf""> notes</a>; block Annual; series: G",,4,,,"Government primary deficit(-) or surplus(+), percent of GDP",Euro area (moving concept in the Real Time database context) - Primary deficit/surplus without UMTS proceeds - All sectors/ unspecified/ not applicable (ESA2010)-NCBs - General government (ESA2010)-NCBs - Non-financial flows current prices - Percentage,XDC_R_B1GQ,0,Replace,2012-05-02T15:30:00.000+02:00,
RTD.A.S0.N.F_UMS_CGG_D0.F,A,S0,N,F_UMS_CGG_D0,F,1998,2.22061,A,F,,,P1Y,S,,,GFS.A.N.I10.W0.S13.S1._Z.B.B9P._Z._Z._Z.XDC_R_B1GQ._Z.S.V.N._T,,,,,,"See <a class=""external"" href=""http://sdw.ecb.europa.eu/web/generator/docu/rtdb_docu.pdf""> notes</a>; block Annual; series: G",,4,,,"Government primary deficit(-) or surplus(+), percent of GDP",Euro area (moving concept in the Real Time database context) - Primary deficit/surplus without UMTS proceeds - All sectors/ unspecified/ not applicable (ESA2010)-NCBs - General government (ESA2010)-NCBs - Non-financial flows current prices - Percentage,XDC_R_B1GQ,0,Replace,2012-05-02T15:30:00.000+02:00,
RTD.A.S0.N.F_UMS_CGG_D0.F,A,S0,N,F_UMS_CGG_D0,F,1999,2.51826,A,F,,,P1Y,S,,,GFS.A.N.I10.W0.S13.S1._Z.B.B9P._Z._Z._Z.XDC_R_B1GQ._Z.S.V.N._T,,,,,,"See <a class=""external"" href=""http://sdw.ecb.europa.eu/web/generator/docu/rtdb_docu.pdf""> notes</a>; block Annual; series: G",,4,,,"Government primary deficit(-) or surplus(+), percent of GDP",Euro area (moving concept in the Real Time database context) - Primary deficit/surplus without UMTS proceeds - All sectors/ unspecified/ not applicable (ESA2010)-NCBs - General government (ESA2010)-NCBs - Non-financial flows current prices - Percentage,XDC_R_B1GQ,0,Replace,2012-05-02T15:30:00.000+02:00,
RTD.A.S0.N.F_UMS_CGG_D0.F,A,S0,N,F_UMS_CGG_D0,F,2000,3.74942,A,F,,,P1Y,S,,,GFS.A.N.I10.W0.S13.S1._Z.B.B9P._Z._Z._Z.XDC_R_B1GQ._Z.S.V.N._T,,,,,,"See <a class=""external"" href=""http://sdw.ecb.europa.eu/web/generator/docu/rtdb_docu.pdf""> notes</a>; block Annual; series: G",,4,,,"Government primary deficit(-) or surplus(+), percent of GDP",Euro area (moving concept in the Real Time database context) - Primary deficit/surplus without UMTS proceeds - All sectors/ unspecified/ not applicable (ESA2010)-NCBs - General government (ESA2010)-NCBs - Non-financial flows current prices - Percentage,XDC_R_B1GQ,0,Replace,2012-05-02T15:30:00.000+02:00,
RTD.A.S0.N.F_UMS_CGG_D0.F,A,S0,N,F_UMS_CGG_D0,F,2001,1.81933,A,F,,,P1Y,S,,,GFS.A.N.I10.W0.S13.S1._Z.B.B9P._Z._Z._Z.XDC_R_B1GQ._Z.S.V.N._T,,,,,,"See <a class=""external"" href=""http://sdw.ecb.europa.eu/web/generator/docu/rtdb_docu.pdf""> notes</a>; block Annual; series: G",,4,,,"Government primary deficit(-) or surplus(+), percent of GDP",Euro area (moving concept in the Real Time database context) - Primary deficit/surplus without UMTS proceeds - All sectors/ unspecified/ not applicable (ESA2010)-NCBs - General government (ESA2010)-NCBs - Non-financial flows current prices - Percentage,XDC_R_B1GQ,0,Replace,2012-05-02T15:30:00.000+02:00,
RTD.A.S0.N.F_UMS_CGG_D0.F,A,S0,N,F_UMS_CGG_D0,F,2002,0.80569,A,F,,,P1Y,S,,,GFS.A.N.I10.W0.S13.S1._Z.B.B9P._Z._Z._Z.XDC_R_B1GQ._Z.S.V.N._T,,,,,,"See <a class=""external"" href=""http://sdw.ecb.europa.eu/web/generator/docu/rtdb_docu.pdf""> notes</a>; block Annual; series: G",,4,,,"Government primary deficit(-) or surplus(+), percent of GDP",Euro area (moving concept in the Real Time database context) - Primary deficit/surplus without UMTS proceeds - All sectors/ unspecified/ not applicable (ESA2010)-NCBs - General government (ESA2010)-NCBs - Non-financial flows current prices - Percentage,XDC_R_B1GQ,0,Replace,2012-05-02T15:30:00.000+02:00,
RTD.A.S0.N.F_UMS_CGG_D0.F,A,S0,N,F_UMS_CGG_D0,F,2003,0.15036,A,F,,,P1Y,S,,,GFS.A.N.I10.W0.S13.S1._Z.B.B9P._Z._Z._Z.XDC_R_B1GQ._Z.S.V.N._T,,,,,,"See <a class=""external"" href=""http://sdw.ecb.europa.eu/web/generator/docu/rtdb_docu.pdf""> notes</a>; block Annual; series: G",,4,,,"Government primary deficit(-) or surplus(+), percent of GDP",Euro area (moving concept in the Real Time database context) - Primary deficit/surplus without UMTS proceeds - All sectors/ unspecified/ not applicable (ESA2010)-NCBs - General government (ESA2010)-NCBs - Non-financial flows current prices - Percentage,XDC_R_B1GQ,0,Replace,2012-05-02T15:30:00.000+02:00,
RTD.A.S0.N.F_UMS_CGG_D0.F,A,S0,N,F_UMS_CGG_D0,F,2004,0.19067,A,F,,,P1Y,S,,,GFS.A.N.I10.W0.S13.S1._Z.B.B9P._Z._Z._Z.XDC_R_B1GQ._Z.S.V.N._T,,,,,,"See <a class=""external"" href=""http://sdw.ecb.europa.eu/web/generator/docu/rtdb_docu.pdf""> notes</a>; block Annual; series: G",,4,,,"Government primary deficit(-) or surplus(+), percent of GDP",Euro area (moving concept in the Real Time database context) - Primary deficit/surplus without UMTS proceeds - All sectors/ unspecified/ not applicable (ESA2010)-NCBs - General government (ESA2010)-NCBs - Non-financial flows current prices - Percentage,XDC_R_B1GQ,0,Replace,2012-05-02T15:30:00.000+02:00,
RTD.A.S0.N.F_UMS_CGG_D0.F,A,S0,N,F_UMS_CGG_D0,F,2005,0.45092,A,F,,,P1Y,S,,,GFS.A.N.I10.W0.S13.S1._Z.B.B9P._Z._Z._Z.XDC_R_B1GQ._Z.S.V.N._T,,,,,,"See <a class=""external"" href=""http://sdw.ecb.europa.eu/web/generator/docu/rtdb_docu.pdf""> notes</a>; block Annual; series: G",,4,,,"Government primary deficit(-) or surplus(+), percent of GDP",Euro area (moving concept in the Real Time database context) - Primary deficit/surplus without UMTS proceeds - All sectors/ unspecified/ not applicable (ESA2010)-NCBs - General government (ESA2010)-NCBs - Non-financial flows current prices - Percentage,XDC_R_B1GQ,0,Replace,2012-05-02T15:30:00.000+02:00,
RTD.A.S0.N.F_UMS_CGG_D0.F,A,S0,N,F_UMS_CGG_D0,F,2006,1.5356,A,F,,,P1Y,S,,,GFS.A.N.I10.W0.S13.S1._Z.B.B9P._Z._Z._Z.XDC_R_B1GQ._Z.S.V.N._T,,,,,,"See <a class=""external"" href=""http://sdw.ecb.europa.eu/web/generator/docu/rtdb_docu.pdf""> notes</a>; block Annual; series: G",,4,,,"Government primary deficit(-) or surplus(+), percent of GDP",Euro area (moving concept in the Real Time database context) - Primary deficit/surplus without UMTS proceeds - All sectors/ unspecified/ not applicable (ESA2010)-NCBs - General government (ESA2010)-NCBs - Non-financial flows current prices - Percentage,XDC_R_B1GQ,0,Replace,2012-05-02T15:30:00.000+02:00,
RTD.A.S0.N.F_UMS_CGG_D0.F,A,S0,N,F_UMS_CGG_D0,F,2007,2.2867,A,F,,,P1Y,S,,,GFS.A.N.I10.W0.S13.S1._Z.B.B9P._Z._Z._Z.XDC_R_B1GQ._Z.S.V.N._T,,,,,,"See <a class=""external"" href=""http://sdw.ecb.europa.eu/web/generator/docu/rtdb_docu.pdf""> notes</a>; block Annual; series: G",,4,,,"Government primary deficit(-) or surplus(+), percent of GDP",Euro area (moving concept in the Real Time database context) - Primary deficit/surplus without UMTS proceeds - All sectors/ unspecified/ not applicable (ESA2010)-NCBs - General government (ESA2010)-NCBs - Non-financial flows current prices - Percentage,XDC_R_B1GQ,0,Replace,2012-05-02T15:30:00.000+02:00,
RTD.A.S0.N.F_UMS_CGG_D0.F,A,S0,N,F_UMS_CGG_D0,F,2008,0.91797,A,F,,,P1Y,S,,,GFS.A.N.I10.W0.S13.S1._Z.B.B9P._Z._Z._Z.XDC_R_B1GQ._Z.S.V.N._T,,,,,,"See <a class=""external"" href=""http://sdw.ecb.europa.eu/web/generator/docu/rtdb_docu.pdf""> notes</a>; block Annual; series: G",,4,,,"Government primary deficit(-) or surplus(+), percent of GDP",Euro area (moving concept in the Real Time database context) - Primary deficit/surplus without UMTS proceeds - All sectors/ unspecified/ not applicable (ESA2010)-NCBs - General government (ESA2010)-NCBs - Non-financial flows current prices - Percentage,XDC_R_B1GQ,0,Replace,2012-05-02T15:30:00.000+02:00,
RTD.A.S0.N.F_UMS_CGG_D0.F,A,S0,N,F_UMS_CGG_D0,F,2009,-3.52125,A,F,,,P1Y,S,,,GFS.A.N.I10.W0.S13.S1._Z.B.B9P._Z._Z._Z.XDC_R_B1GQ._Z.S.V.N._T,,,,,,"See <a class=""external"" href=""http://sdw.ecb.europa.eu/web/generator/docu/rtdb_docu.pdf""> notes</a>; block Annual; series: G",,4,,,"Government primary deficit(-) or surplus(+), percent of GDP",Euro area (moving concept in the Real Time database context) - Primary deficit/surplus without UMTS proceeds - All sectors/ unspecified/ not applicable (ESA2010)-NCBs - General government (ESA2010)-NCBs - Non-financial flows current prices - Percentage,XDC_R_B1GQ,0,Replace,2012-05-02T15:30:00.000+02:00,
RTD.A.S0.N.F_UMS_CGG_D0.F,A,S0,N,F_UMS_CGG_D0,F,2010,-3.42048,A,F,,,P1Y,S,,,GFS.A.N.I10.W0.S13.S1._Z.B.B9P._Z._Z._Z.XDC_R_B1GQ._Z.S.V.N._T,,,,,,"See <a class=""external"" href=""http://sdw.ecb.europa.eu/web/generator/docu/rtdb_docu.pdf""> notes</a>; block Annual; series: G",,4,,,"Government primary deficit(-) or surplus(+), percent of GDP",Euro area (moving concept in the Real Time database context) - Primary deficit/surplus without UMTS proceeds - All sectors/ unspecified/ not applicable (ESA2010)-NCBs - General government (ESA2010)-NCBs - Non-financial flows current prices - Percentage,XDC_R_B1GQ,0,Replace,2012-05-02T15:30:00.000+02:00,
RTD.A.S0.N.F_UMS_CGG_D0.F,A,S0,N,F_UMS_CGG_D0,F,2011,-1.0647,A,F,,,P1Y,S,,,GFS.A.N.I10.W0.S13.S1._Z.B.B9P._Z._Z._Z.XDC_R_B1GQ._Z.S.V.N._T,,,,,,"See <a class=""external"" href=""http://sdw.ecb.europa.eu/web/generator/docu/rtdb_docu.pdf""> notes</a>; block Annual; series: G",,4,,,"Government primary deficit(-) or surplus(+), percent of GDP",Euro area (moving concept in the Real Time database context) - Primary deficit/surplus without UMTS proceeds - All sectors/ unspecified/ not applicable (ESA2010)-NCBs - General government (ESA2010)-NCBs - Non-financial flows current prices - Percentage,XDC_R_B1GQ,0,Replace,2012-05-02T15:30:00.000+02:00,
RTD.A.S0.N.F_UMS_CGG_D0.F,A,S0,N,F_UMS_CGG_D0,F,2006,1.53558,A,F,,,P1Y,S,,,GFS.A.N.I10.W0.S13.S1._Z.B.B9P._Z._Z._Z.XDC_R_B1GQ._Z.S.V.N._T,,,,,,"See <a class=""external"" href=""http://sdw.ecb.europa.eu/web/generator/docu/rtdb_docu.pdf""> notes</a>; block Annual; series: G",,4,,,"Government primary deficit(-) or surplus(+), percent of GDP",Euro area (moving concept in the Real Time database context) - Primary deficit/surplus without UMTS proceeds - All sectors/ unspecified/ not applicable (ESA2010)-NCBs - General government (ESA2010)-NCBs - Non-financial flows current prices - Percentage,XDC_R_B1GQ,0,Replace,2012-06-05T15:30:00.000+02:00,
RTD.A.S0.N.F_UMS_CGG_D0.F,A,S0,N,F_UMS_CGG_D0,F,2007,2.28665,A,F,,,P1Y,S,,,GFS.A.N.I10.W0.S13.S1._Z.B.B9P._Z._Z._Z.XDC_R_B1GQ._Z.S.V.N._T,,,,,,"See <a class=""external"" href=""http://sdw.ecb.europa.eu/web/generator/docu/rtdb_docu.pdf""> notes</a>; block Annual; series: G",,4,,,"Government primary deficit(-) or surplus(+), percent of GDP",Euro area (moving concept in the Real Time database context) - Primary deficit/surplus without UMTS proceeds - All sectors/ unspecified/ not applicable (ESA2010)-NCBs - General government (ESA2010)-NCBs - Non-financial flows current prices - Percentage,XDC_R_B1GQ,0,Replace,2012-06-05T15:30:00.000+02:00,
RTD.A.S0.N.F_UMS_CGG_D0.F,A,S0,N,F_UMS_CGG_D0,F,2008,0.91795,A,F,,,P1Y,S,,,GFS.A.N.I10.W0.S13.S1._Z.B.B9P._Z._Z._Z.XDC_R_B1GQ._Z.S.V.N._T,,,,,,"See <a class=""external"" href=""http://sdw.ecb.europa.eu/web/generator/docu/rtdb_docu.pdf""> notes</a>; block Annual; series: G",,4,,,"Government primary deficit(-) or surplus(+), percent of GDP",Euro area (moving concept in the Real Time database context) - Primary deficit/surplus without UMTS proceeds - All sectors/ unspecified/ not applicable (ESA2010)-NCBs - General government (ESA2010)-NCBs - Non-financial flows current prices - Percentage,XDC_R_B1GQ,0,Replace,2012-06-05T15:30:00.000+02:00,
RTD.A.S0.N.F_UMS_CGG_D0.F,A,S0,N,F_UMS_CGG_D0,F,2009,-3.52108,A,F,,,P1Y,S,,,GFS.A.N.I10.W0.S13.S1._Z.B.B9P._Z._Z._Z.XDC_R_B1GQ._Z.S.V.N._T,,,,,,"See <a class=""external"" href=""http://sdw.ecb.europa.eu/web/generator/docu/rtdb_docu.pdf""> notes</a>; block Annual; series: G",,4,,,"Government primary deficit(-) or surplus(+), percent of GDP",Euro area (moving concept in the Real Time database context) - Primary deficit/surplus without UMTS proceeds - All sectors/ unspecified/ not applicable (ESA2010)-NCBs - General government (ESA2010)-NCBs - Non-financial flows current prices - Percentage,XDC_R_B1GQ,0,Replace,2012-06-05T15:30:00.000+02:00,
RTD.A.S0.N.F_UMS_CGG_D0.F,A,S0,N,F_UMS_CGG_D0,F,2010,-3.42038,A,F,,,P1Y,S,,,GFS.A.N.I10.W0.S13.S1._Z.B.B9P._Z._Z._Z.XDC_R_B1GQ._Z.S.V.N._T,,,,,,"See <a class=""external"" href=""http://sdw.ecb.europa.eu/web/generator/docu/rtdb_docu.pdf""> notes</a>; block Annual; series: G",,4,,,"Government primary deficit(-) or surplus(+), percent of GDP",Euro area (moving concept in the Real Time database context) - Primary deficit/surplus without UMTS proceeds - All sectors/ unspecified/ not applicable (ESA2010)-NCBs - General government (ESA2010)-NCBs - Non-financial flows current prices - Percentage,XDC_R_B1GQ,0,Replace,2012-06-05T15:30:00.000+02:00,
RTD.A.S0.N.F_UMS_CGG_D0.F,A,S0,N,F_UMS_CGG_D0,F,2011,-1.07935,A,F,,,P1Y,S,,,GFS.A.N.I10.W0.S13.S1._Z.B.B9P._Z._Z._Z.XDC_R_B1GQ._Z.S.V.N._T,,,,,,"See <a class=""external"" href=""http://sdw.ecb.europa.eu/web/generator/docu/rtdb_docu.pdf""> notes</a>; block Annual; series: G",,4,,,"Government primary deficit(-) or surplus(+), percent of GDP",Euro area (moving concept in the Real Time database context) - Primary deficit/surplus without UMTS proceeds - All sectors/ unspecified/ not applicable (ESA2010)-NCBs - General government (ESA2010)-NCBs - Non-financial flows current prices - Percentage,XDC_R_B1GQ,0,Replace,2012-06-05T15:30:00.000+02:00,
RTD.A.S0.N.F_UMS_CGG_D0.F,A,S0,N,F_UMS_CGG_D0,F,1995,-1.97417,A,F,,,P1Y,S,,,GFS.A.N.I10.W0.S13.S1._Z.B.B9P._Z._Z._Z.XDC_R_B1GQ._Z.S.V.N._T,,,,,,"See <a class=""external"" href=""http://sdw.ecb.europa.eu/web/generator/docu/rtdb_docu.pdf""> notes</a>; block Annual; series: G",,4,,,"Government primary deficit(-) or surplus(+), percent of GDP",Euro area (moving concept in the Real Time database context) - Primary deficit/surplus without UMTS proceeds - All sectors/ unspecified/ not applicable (ESA2010)-NCBs - General government (ESA2010)-NCBs - Non-financial flows current prices - Percentage,XDC_R_B1GQ,0,Replace,2012-11-07T15:30:00.000+01:00,
RTD.A.S0.N.F_UMS_CGG_D0.F,A,S0,N,F_UMS_CGG_D0,F,1996,1.16646,A,F,,,P1Y,S,,,GFS.A.N.I10.W0.S13.S1._Z.B.B9P._Z._Z._Z.XDC_R_B1GQ._Z.S.V.N._T,,,,,,"See <a class=""external"" href=""http://sdw.ecb.europa.eu/web/generator/docu/rtdb_docu.pdf""> notes</a>; block Annual; series: G",,4,,,"Government primary deficit(-) or surplus(+), percent of GDP",Euro area (moving concept in the Real Time database context) - Primary deficit/surplus without UMTS proceeds - All sectors/ unspecified/ not applicable (ESA2010)-NCBs - General government (ESA2010)-NCBs - Non-financial flows current prices - Percentage,XDC_R_B1GQ,0,Replace,2012-11-07T15:30:00.000+01:00,
RTD.A.S0.N.F_UMS_CGG_D0.F,A,S0,N,F_UMS_CGG_D0,F,1997,2.08461,A,F,,,P1Y,S,,,GFS.A.N.I10.W0.S13.S1._Z.B.B9P._Z._Z._Z.XDC_R_B1GQ._Z.S.V.N._T,,,,,,"See <a class=""external"" href=""http://sdw.ecb.europa.eu/web/generator/docu/rtdb_docu.pdf""> notes</a>; block Annual; series: G",,4,,,"Government primary deficit(-) or surplus(+), percent of GDP",Euro area (moving concept in the Real Time database context) - Primary deficit/surplus without UMTS proceeds - All sectors/ unspecified/ not applicable (ESA2010)-NCBs - General government (ESA2010)-NCBs - Non-financial flows current prices - Percentage,XDC_R_B1GQ,0,Replace,2012-11-07T15:30:00.000+01:00,
RTD.A.S0.N.F_UMS_CGG_D0.F,A,S0,N,F_UMS_CGG_D0,F,1998,2.2186,A,F,,,P1Y,S,,,GFS.A.N.I10.W0.S13.S1._Z.B.B9P._Z._Z._Z.XDC_R_B1GQ._Z.S.V.N._T,,,,,,"See <a class=""external"" href=""http://sdw.ecb.europa.eu/web/generator/docu/rtdb_docu.pdf""> notes</a>; block Annual; series: G",,4,,,"Government primary deficit(-) or surplus(+), percent of GDP",Euro area (moving concept in the Real Time database context) - Primary deficit/surplus without UMTS proceeds - All sectors/ unspecified/ not applicable (ESA2010)-NCBs - General government (ESA2010)-NCBs - Non-financial flows current prices - Percentage,XDC_R_B1GQ,0,Replace,2012-11-07T15:30:00.000+01:00,
RTD.A.S0.N.F_UMS_CGG_D0.F,A,S0,N,F_UMS_CGG_D0,F,1999,2.51724,A,F,,,P1Y,S,,,GFS.A.N.I10.W0.S13.S1._Z.B.B9P._Z._Z._Z.XDC_R_B1GQ._Z.S.V.N._T,,,,,,"See <a class=""external"" href=""http://sdw.ecb.europa.eu/web/generator/docu/rtdb_docu.pdf""> notes</a>; block Annual; series: G",,4,,,"Government primary deficit(-) or surplus(+), percent of GDP",Euro area (moving concept in the Real Time database context) - Primary deficit/surplus without UMTS proceeds - All sectors/ unspecified/ not applicable (ESA2010)-NCBs - General government (ESA2010)-NCBs - Non-financial flows current prices - Percentage,XDC_R_B1GQ,0,Replace,2012-11-07T15:30:00.000+01:00,
RTD.A.S0.N.F_UMS_CGG_D0.F,A,S0,N,F_UMS_CGG_D0,F,2000,3.74973,A,F,,,P1Y,S,,,GFS.A.N.I10.W0.S13.S1._Z.B.B9P._Z._Z._Z.XDC_R_B1GQ._Z.S.V.N._T,,,,,,"See <a class=""external"" href=""http://sdw.ecb.europa.eu/web/generator/docu/rtdb_docu.pdf""> notes</a>; block Annual; series: G",,4,,,"Government primary deficit(-) or surplus(+), percent of GDP",Euro area (moving concept in the Real Time database context) - Primary deficit/surplus without UMTS proceeds - All sectors/ unspecified/ not applicable (ESA2010)-NCBs - General government (ESA2010)-NCBs - Non-financial flows current prices - Percentage,XDC_R_B1GQ,0,Replace,2012-11-07T15:30:00.000+01:00,
RTD.A.S0.N.F_UMS_CGG_D0.F,A,S0,N,F_UMS_CGG_D0,F,2001,1.82065,A,F,,,P1Y,S,,,GFS.A.N.I10.W0.S13.S1._Z.B.B9P._Z._Z._Z.XDC_R_B1GQ._Z.S.V.N._T,,,,,,"See <a class=""external"" href=""http://sdw.ecb.europa.eu/web/generator/docu/rtdb_docu.pdf""> notes</a>; block Annual; series: G",,4,,,"Government primary deficit(-) or surplus(+), percent of GDP",Euro area (moving concept in the Real Time database context) - Primary deficit/surplus without UMTS proceeds - All sectors/ unspecified/ not applicable (ESA2010)-NCBs - General government (ESA2010)-NCBs - Non-financial flows current prices - Percentage,XDC_R_B1GQ,0,Replace,2012-11-07T15:30:00.000+01:00,
RTD.A.S0.N.F_UMS_CGG_D0.F,A,S0,N,F_UMS_CGG_D0,F,2002,0.80728,A,F,,,P1Y,S,,,GFS.A.N.I10.W0.S13.S1._Z.B.B9P._Z._Z._Z.XDC_R_B1GQ._Z.S.V.N._T,,,,,,"See <a class=""external"" href=""http://sdw.ecb.europa.eu/web/generator/docu/rtdb_docu.pdf""> notes</a>; block Annual; series: G",,4,,,"Government primary deficit(-) or surplus(+), percent of GDP",Euro area (moving concept in the Real Time database context) - Primary deficit/surplus without UMTS proceeds - All sectors/ unspecified/ not applicable (ESA2010)-NCBs - General government (ESA2010)-NCBs - Non-financial flows current prices - Percentage,XDC_R_B1GQ,0,Replace,2012-11-07T15:30:00.000+01:00,
RTD.A.S0.N.F_UMS_CGG_D0.F,A,S0,N,F_UMS_CGG_D0,F,2003,0.1518,A,F,,,P1Y,S,,,GFS.A.N.I10.W0.S13.S1._Z.B.B9P._Z._Z._Z.XDC_R_B1GQ._Z.S.V.N._T,,,,,,"See <a class=""external"" href=""http://sdw.ecb.europa.eu/web/generator/docu/rtdb_docu.pdf""> notes</a>; block Annual; series: G",,4,,,"Government primary deficit(-) or surplus(+), percent of GDP",Euro area (moving concept in the Real Time database context) - Primary deficit/surplus without UMTS proceeds - All sectors/ unspecified/ not applicable (ESA2010)-NCBs - General government (ESA2010)-NCBs - Non-financial flows current prices - Percentage,XDC_R_B1GQ,0,Replace,2012-11-07T15:30:00.000+01:00,
RTD.A.S0.N.F_UMS_CGG_D0.F,A,S0,N,F_UMS_CGG_D0,F,2004,0.19144,A,F,,,P1Y,S,,,GFS.A.N.I10.W0.S13.S1._Z.B.B9P._Z._Z._Z.XDC_R_B1GQ._Z.S.V.N._T,,,,,,"See <a class=""external"" href=""http://sdw.ecb.europa.eu/web/generator/docu/rtdb_docu.pdf""> notes</a>; block Annual; series: G",,4,,,"Government primary deficit(-) or surplus(+), percent of GDP",Euro area (moving concept in the Real Time database context) - Primary deficit/surplus without UMTS proceeds - All sectors/ unspecified/ not applicable (ESA2010)-NCBs - General government (ESA2010)-NCBs - Non-financial flows current prices - Percentage,XDC_R_B1GQ,0,Replace,2012-11-07T15:30:00.000+01:00,
RTD.A.S0.N.F_UMS_CGG_D0.F,A,S0,N,F_UMS_CGG_D0,F,2005,0.45225,A,F,,,P1Y,S,,,GFS.A.N.I10.W0.S13.S1._Z.B.B9P._Z._Z._Z.XDC_R_B1GQ._Z.S.V.N._T,,,,,,"See <a class=""external"" href=""http://sdw.ecb.europa.eu/web/generator/docu/rtdb_docu.pdf""> notes</a>; block Annual; series: G",,4,,,"Government primary deficit(-) or surplus(+), percent of GDP",Euro area (moving concept in the Real Time database context) - Primary deficit/surplus without UMTS proceeds - All sectors/ unspecified/ not applicable (ESA2010)-NCBs - General government (ESA2010)-NCBs - Non-financial flows current prices - Percentage,XDC_R_B1GQ,0,Replace,2012-11-07T15:30:00.000+01:00,
RTD.A.S0.N.F_UMS_CGG_D0.F,A,S0,N,F_UMS_CGG_D0,F,2006,1.5369,A,F,,,P1Y,S,,,GFS.A.N.I10.W0.S13.S1._Z.B.B9P._Z._Z._Z.XDC_R_B1GQ._Z.S.V.N._T,,,,,,"See <a class=""external"" href=""http://sdw.ecb.europa.eu/web/generator/docu/rtdb_docu.pdf""> notes</a>; block Annual; series: G",,4,,,"Government primary deficit(-) or surplus(+), percent of GDP",Euro area (moving concept in the Real Time database context) - Primary deficit/surplus without UMTS proceeds - All sectors/ unspecified/ not applicable (ESA2010)-NCBs - General government (ESA2010)-NCBs - Non-financial flows current prices - Percentage,XDC_R_B1GQ,0,Replace,2012-11-07T15:30:00.000+01:00,
RTD.A.S0.N.F_UMS_CGG_D0.F,A,S0,N,F_UMS_CGG_D0,F,2007,2.28779,A,F,,,P1Y,S,,,GFS.A.N.I10.W0.S13.S1._Z.B.B9P._Z._Z._Z.XDC_R_B1GQ._Z.S.V.N._T,,,,,,"See <a class=""external"" href=""http://sdw.ecb.europa.eu/web/generator/docu/rtdb_docu.pdf""> notes</a>; block Annual; series: G",,4,,,"Government primary deficit(-) or surplus(+), percent of GDP",Euro area (moving concept in the Real Time database context) - Primary deficit/surplus without UMTS proceeds - All sectors/ unspecified/ not applicable (ESA2010)-NCBs - General government (ESA2010)-NCBs - Non-financial flows current prices - Percentage,XDC_R_B1GQ,0,Replace,2012-11-07T15:30:00.000+01:00,
RTD.A.S0.N.F_UMS_CGG_D0.F,A,S0,N,F_UMS_CGG_D0,F,2008,0.91307,A,F,,,P1Y,S,,,GFS.A.N.I10.W0.S13.S1._Z.B.B9P._Z._Z._Z.XDC_R_B1GQ._Z.S.V.N._T,,,,,,"See <a class=""external"" href=""http://sdw.ecb.europa.eu/web/generator/docu/rtdb_docu.pdf""> notes</a>; block Annual; series: G",,4,,,"Government primary deficit(-) or surplus(+), percent of GDP",Euro area (moving concept in the Real Time database context) - Primary deficit/surplus without UMTS proceeds - All sectors/ unspecified/ not applicable (ESA2010)-NCBs - General government (ESA2010)-NCBs - Non-financial flows current prices - Percentage,XDC_R_B1GQ,0,Replace,2012-11-07T15:30:00.000+01:00,
RTD.A.S0.N.F_UMS_CGG_D0.F,A,S0,N,F_UMS_CGG_D0,F,2009,-3.4886,A,F,,,P1Y,S,,,GFS.A.N.I10.W0.S13.S1._Z.B.B9P._Z._Z._Z.XDC_R_B1GQ._Z.S.V.N._T,,,,,,"See <a class=""external"" href=""http://sdw.ecb.europa.eu/web/generator/docu/rtdb_docu.pdf""> notes</a>; block Annual; series: G",,4,,,"Government primary deficit(-) or surplus(+), percent of GDP",Euro area (moving concept in the Real Time database context) - Primary deficit/surplus without UMTS proceeds - All sectors/ unspecified/ not applicable (ESA2010)-NCBs - General government (ESA2010)-NCBs - Non-financial flows current prices - Percentage,XDC_R_B1GQ,0,Replace,2012-11-07T15:30:00.000+01:00,
RTD.A.S0.N.F_UMS_CGG_D0.F,A,S0,N,F_UMS_CGG_D0,F,2010,-3.37423,A,F,,,P1Y,S,,,GFS.A.N.I10.W0.S13.S1._Z.B.B9P._Z._Z._Z.XDC_R_B1GQ._Z.S.V.N._T,,,,,,"See <a class=""external"" href=""http://sdw.ecb.europa.eu/web/generator/docu/rtdb_docu.pdf""> notes</a>; block Annual; series: G",,4,,,"Government primary deficit(-) or surplus(+), percent of GDP",Euro area (moving concept in the Real Time database context) - Primary deficit/surplus without UMTS proceeds - All sectors/ unspecified/ not applicable (ESA2010)-NCBs - General government (ESA2010)-NCBs - Non-financial flows current prices - Percentage,XDC_R_B1GQ,0,Replace,2012-11-07T15:30:00.000+01:00,
RTD.A.S0.N.F_UMS_CGG_D0.F,A,S0,N,F_UMS_CGG_D0,F,2011,-1.10192,A,F,,,P1Y,S,,,GFS.A.N.I10.W0.S13.S1._Z.B.B9P._Z._Z._Z.XDC_R_B1GQ._Z.S.V.N._T,,,,,,"See <a class=""external"" href=""http://sdw.ecb.europa.eu/web/generator/docu/rtdb_docu.pdf""> notes</a>; block Annual; series: G",,4,,,"Government primary deficit(-) or surplus(+), percent of GDP",Euro area (moving concept in the Real Time database context) - Primary deficit/surplus without UMTS proceeds - All sectors/ unspecified/ not applicable (ESA2010)-NCBs - General government (ESA2010)-NCBs - Non-financial flows current prices - Percentage,XDC_R_B1GQ,0,Replace,2012-11-07T15:30:00.000+01:00,
RTD.A.S0.N.F_UMS_CGG_D0.F,A,S0,N,F_UMS_CGG_D0,F,2005,0.45226,A,F,,,P1Y,S,,,GFS.A.N.I10.W0.S13.S1._Z.B.B9P._Z._Z._Z.XDC_R_B1GQ._Z.S.V.N._T,,,,,,"See <a class=""external"" href=""http://sdw.ecb.europa.eu/web/generator/docu/rtdb_docu.pdf""> notes</a>; block Annual; series: G",,4,,,"Government primary deficit(-) or surplus(+), percent of GDP",Euro area (moving concept in the Real Time database context) - Primary deficit/surplus without UMTS proceeds - All sectors/ unspecified/ not applicable (ESA2010)-NCBs - General government (ESA2010)-NCBs - Non-financial flows current prices - Percentage,XDC_R_B1GQ,0,Replace,2013-04-30T15:30:00.000+02:00,
RTD.A.S0.N.F_UMS_CGG_D0.F,A,S0,N,F_UMS_CGG_D0,F,2007,2.2879,A,F,,,P1Y,S,,,GFS.A.N.I10.W0.S13.S1._Z.B.B9P._Z._Z._Z.XDC_R_B1GQ._Z.S.V.N._T,,,,,,"See <a class=""external"" href=""http://sdw.ecb.europa.eu/web/generator/docu/rtdb_docu.pdf""> notes</a>; block Annual; series: G",,4,,,"Government primary deficit(-) or surplus(+), percent of GDP",Euro area (moving concept in the Real Time database context) - Primary deficit/surplus without UMTS proceeds - All sectors/ unspecified/ not applicable (ESA2010)-NCBs - General government (ESA2010)-NCBs - Non-financial flows current prices - Percentage,XDC_R_B1GQ,0,Replace,2013-04-30T15:30:00.000+02:00,
RTD.A.S0.N.F_UMS_CGG_D0.F,A,S0,N,F_UMS_CGG_D0,F,2008,0.91297,A,F,,,P1Y,S,,,GFS.A.N.I10.W0.S13.S1._Z.B.B9P._Z._Z._Z.XDC_R_B1GQ._Z.S.V.N._T,,,,,,"See <a class=""external"" href=""http://sdw.ecb.europa.eu/web/generator/docu/rtdb_docu.pdf""> notes</a>; block Annual; series: G",,4,,,"Government primary deficit(-) or surplus(+), percent of GDP",Euro area (moving concept in the Real Time database context) - Primary deficit/surplus without UMTS proceeds - All sectors/ unspecified/ not applicable (ESA2010)-NCBs - General government (ESA2010)-NCBs - Non-financial flows current prices - Percentage,XDC_R_B1GQ,0,Replace,2013-04-30T15:30:00.000+02:00,
RTD.A.S0.N.F_UMS_CGG_D0.F,A,S0,N,F_UMS_CGG_D0,F,2009,-3.49878,A,F,,,P1Y,S,,,GFS.A.N.I10.W0.S13.S1._Z.B.B9P._Z._Z._Z.XDC_R_B1GQ._Z.S.V.N._T,,,,,,"See <a class=""external"" href=""http://sdw.ecb.europa.eu/web/generator/docu/rtdb_docu.pdf""> notes</a>; block Annual; series: G",,4,,,"Government primary deficit(-) or surplus(+), percent of GDP",Euro area (moving concept in the Real Time database context) - Primary deficit/surplus without UMTS proceeds - All sectors/ unspecified/ not applicable (ESA2010)-NCBs - General government (ESA2010)-NCBs - Non-financial flows current prices - Percentage,XDC_R_B1GQ,0,Replace,2013-04-30T15:30:00.000+02:00,
RTD.A.S0.N.F_UMS_CGG_D0.F,A,S0,N,F_UMS_CGG_D0,F,2010,-3.37628,A,F,,,P1Y,S,,,GFS.A.N.I10.W0.S13.S1._Z.B.B9P._Z._Z._Z.XDC_R_B1GQ._Z.S.V.N._T,,,,,,"See <a class=""external"" href=""http://sdw.ecb.europa.eu/web/generator/docu/rtdb_docu.pdf""> notes</a>; block Annual; series: G",,4,,,"Government primary deficit(-) or surplus(+), percent of GDP",Euro area (moving concept in the Real Time database context) - Primary deficit/surplus without UMTS proceeds - All sectors/ unspecified/ not applicable (ESA2010)-NCBs - General government (ESA2010)-NCBs - Non-financial flows current prices - Percentage,XDC_R_B1GQ,0,Replace,2013-04-30T15:30:00.000+02:00,
RTD.A.S0.N.F_UMS_CGG_D0.F,A,S0,N,F_UMS_CGG_D0,F,2011,-1.10571,A,F,,,P1Y,S,,,GFS.A.N.I10.W0.S13.S1._Z.B.B9P._Z._Z._Z.XDC_R_B1GQ._Z.S.V.N._T,,,,,,"See <a class=""external"" href=""http://sdw.ecb.europa.eu/web/generator/docu/rtdb_docu.pdf""> notes</a>; block Annual; series: G",,4,,,"Government primary deficit(-) or surplus(+), percent of GDP",Euro area (moving concept in the Real Time database context) - Primary deficit/surplus without UMTS proceeds - All sectors/ unspecified/ not applicable (ESA2010)-NCBs - General government (ESA2010)-NCBs - Non-financial flows current prices - Percentage,XDC_R_B1GQ,0,Replace,2013-04-30T15:30:00.000+02:00,
RTD.A.S0.N.F_UMS_CGG_D0.F,A,S0,N,F_UMS_CGG_D0,F,2012,-0.6049,A,F,,,P1Y,S,,,GFS.A.N.I10.W0.S13.S1._Z.B.B9P._Z._Z._Z.XDC_R_B1GQ._Z.S.V.N._T,,,,,,"See <a class=""external"" href=""http://sdw.ecb.europa.eu/web/generator/docu/rtdb_docu.pdf""> notes</a>; block Annual; series: G",,4,,,"Government primary deficit(-) or surplus(+), percent of GDP",Euro area (moving concept in the Real Time database context) - Primary deficit/surplus without UMTS proceeds - All sectors/ unspecified/ not applicable (ESA2010)-NCBs - General government (ESA2010)-NCBs - Non-financial flows current prices - Percentage,XDC_R_B1GQ,0,Replace,2013-04-30T15:30:00.000+02:00,
RTD.A.S0.N.F_UMS_CGG_D0.F,A,S0,N,F_UMS_CGG_D0,F,1995,-1.97414,A,F,,,P1Y,S,,,GFS.A.N.I10.W0.S13.S1._Z.B.B9P._Z._Z._Z.XDC_R_B1GQ._Z.S.V.N._T,,,,,,"See <a class=""external"" href=""http://sdw.ecb.europa.eu/web/generator/docu/rtdb_docu.pdf""> notes</a>; block Annual; series: G",,4,,,"Government primary deficit(-) or surplus(+), percent of GDP",Euro area (moving concept in the Real Time database context) - Primary deficit/surplus without UMTS proceeds - All sectors/ unspecified/ not applicable (ESA2010)-NCBs - General government (ESA2010)-NCBs - Non-financial flows current prices - Percentage,XDC_R_B1GQ,0,Replace,2013-06-05T15:30:00.000+02:00,
RTD.A.S0.N.F_UMS_CGG_D0.F,A,S0,N,F_UMS_CGG_D0,F,1996,1.16644,A,F,,,P1Y,S,,,GFS.A.N.I10.W0.S13.S1._Z.B.B9P._Z._Z._Z.XDC_R_B1GQ._Z.S.V.N._T,,,,,,"See <a class=""external"" href=""http://sdw.ecb.europa.eu/web/generator/docu/rtdb_docu.pdf""> notes</a>; block Annual; series: G",,4,,,"Government primary deficit(-) or surplus(+), percent of GDP",Euro area (moving concept in the Real Time database context) - Primary deficit/surplus without UMTS proceeds - All sectors/ unspecified/ not applicable (ESA2010)-NCBs - General government (ESA2010)-NCBs - Non-financial flows current prices - Percentage,XDC_R_B1GQ,0,Replace,2013-06-05T15:30:00.000+02:00,
RTD.A.S0.N.F_UMS_CGG_D0.F,A,S0,N,F_UMS_CGG_D0,F,1997,2.08456,A,F,,,P1Y,S,,,GFS.A.N.I10.W0.S13.S1._Z.B.B9P._Z._Z._Z.XDC_R_B1GQ._Z.S.V.N._T,,,,,,"See <a class=""external"" href=""http://sdw.ecb.europa.eu/web/generator/docu/rtdb_docu.pdf""> notes</a>; block Annual; series: G",,4,,,"Government primary deficit(-) or surplus(+), percent of GDP",Euro area (moving concept in the Real Time database context) - Primary deficit/surplus without UMTS proceeds - All sectors/ unspecified/ not applicable (ESA2010)-NCBs - General government (ESA2010)-NCBs - Non-financial flows current prices - Percentage,XDC_R_B1GQ,0,Replace,2013-06-05T15:30:00.000+02:00,
RTD.A.S0.N.F_UMS_CGG_D0.F,A,S0,N,F_UMS_CGG_D0,F,1998,2.21856,A,F,,,P1Y,S,,,GFS.A.N.I10.W0.S13.S1._Z.B.B9P._Z._Z._Z.XDC_R_B1GQ._Z.S.V.N._T,,,,,,"See <a class=""external"" href=""http://sdw.ecb.europa.eu/web/generator/docu/rtdb_docu.pdf""> notes</a>; block Annual; series: G",,4,,,"Government primary deficit(-) or surplus(+), percent of GDP",Euro area (moving concept in the Real Time database context) - Primary deficit/surplus without UMTS proceeds - All sectors/ unspecified/ not applicable (ESA2010)-NCBs - General government (ESA2010)-NCBs - Non-financial flows current prices - Percentage,XDC_R_B1GQ,0,Replace,2013-06-05T15:30:00.000+02:00,
RTD.A.S0.N.F_UMS_CGG_D0.F,A,S0,N,F_UMS_CGG_D0,F,1999,2.51719,A,F,,,P1Y,S,,,GFS.A.N.I10.W0.S13.S1._Z.B.B9P._Z._Z._Z.XDC_R_B1GQ._Z.S.V.N._T,,,,,,"See <a class=""external"" href=""http://sdw.ecb.europa.eu/web/generator/docu/rtdb_docu.pdf""> notes</a>; block Annual; series: G",,4,,,"Government primary deficit(-) or surplus(+), percent of GDP",Euro area (moving concept in the Real Time database context) - Primary deficit/surplus without UMTS proceeds - All sectors/ unspecified/ not applicable (ESA2010)-NCBs - General government (ESA2010)-NCBs - Non-financial flows current prices - Percentage,XDC_R_B1GQ,0,Replace,2013-06-05T15:30:00.000+02:00,
RTD.A.S0.N.F_UMS_CGG_D0.F,A,S0,N,F_UMS_CGG_D0,F,2000,3.74969,A,F,,,P1Y,S,,,GFS.A.N.I10.W0.S13.S1._Z.B.B9P._Z._Z._Z.XDC_R_B1GQ._Z.S.V.N._T,,,,,,"See <a class=""external"" href=""http://sdw.ecb.europa.eu/web/generator/docu/rtdb_docu.pdf""> notes</a>; block Annual; series: G",,4,,,"Government primary deficit(-) or surplus(+), percent of GDP",Euro area (moving concept in the Real Time database context) - Primary deficit/surplus without UMTS proceeds - All sectors/ unspecified/ not applicable (ESA2010)-NCBs - General government (ESA2010)-NCBs - Non-financial flows current prices - Percentage,XDC_R_B1GQ,0,Replace,2013-06-05T15:30:00.000+02:00,
RTD.A.S0.N.F_UMS_CGG_D0.F,A,S0,N,F_UMS_CGG_D0,F,2001,1.82063,A,F,,,P1Y,S,,,GFS.A.N.I10.W0.S13.S1._Z.B.B9P._Z._Z._Z.XDC_R_B1GQ._Z.S.V.N._T,,,,,,"See <a class=""external"" href=""http://sdw.ecb.europa.eu/web/generator/docu/rtdb_docu.pdf""> notes</a>; block Annual; series: G",,4,,,"Government primary deficit(-) or surplus(+), percent of GDP",Euro area (moving concept in the Real Time database context) - Primary deficit/surplus without UMTS proceeds - All sectors/ unspecified/ not applicable (ESA2010)-NCBs - General government (ESA2010)-NCBs - Non-financial flows current prices - Percentage,XDC_R_B1GQ,0,Replace,2013-06-05T15:30:00.000+02:00,
RTD.A.S0.N.F_UMS_CGG_D0.F,A,S0,N,F_UMS_CGG_D0,F,2002,0.80727,A,F,,,P1Y,S,,,GFS.A.N.I10.W0.S13.S1._Z.B.B9P._Z._Z._Z.XDC_R_B1GQ._Z.S.V.N._T,,,,,,"See <a class=""external"" href=""http://sdw.ecb.europa.eu/web/generator/docu/rtdb_docu.pdf""> notes</a>; block Annual; series: G",,4,,,"Government primary deficit(-) or surplus(+), percent of GDP",Euro area (moving concept in the Real Time database context) - Primary deficit/surplus without UMTS proceeds - All sectors/ unspecified/ not applicable (ESA2010)-NCBs - General government (ESA2010)-NCBs - Non-financial flows current prices - Percentage,XDC_R_B1GQ,0,Replace,2013-06-05T15:30:00.000+02:00,
RTD.A.S0.N.F_UMS_CGG_D0.F,A,S0,N,F_UMS_CGG_D0,F,2005,0.45225,A,F,,,P1Y,S,,,GFS.A.N.I10.W0.S13.S1._Z.B.B9P._Z._Z._Z.XDC_R_B1GQ._Z.S.V.N._T,,,,,,"See <a class=""external"" href=""http://sdw.ecb.europa.eu/web/generator/docu/rtdb_docu.pdf""> notes</a>; block Annual; series: G",,4,,,"Government primary deficit(-) or surplus(+), percent of GDP",Euro area (moving concept in the Real Time database context) - Primary deficit/surplus without UMTS proceeds - All sectors/ unspecified/ not applicable (ESA2010)-NCBs - General government (ESA2010)-NCBs - Non-financial flows current prices - Percentage,XDC_R_B1GQ,0,Replace,2013-06-05T15:30:00.000+02:00,
RTD.A.S0.N.F_UMS_CGG_D0.F,A,S0,N,F_UMS_CGG_D0,F,2006,1.53688,A,F,,,P1Y,S,,,GFS.A.N.I10.W0.S13.S1._Z.B.B9P._Z._Z._Z.XDC_R_B1GQ._Z.S.V.N._T,,,,,,"See <a class=""external"" href=""http://sdw.ecb.europa.eu/web/generator/docu/rtdb_docu.pdf""> notes</a>; block Annual; series: G",,4,,,"Government primary deficit(-) or surplus(+), percent of GDP",Euro area (moving concept in the Real Time database context) - Primary deficit/surplus without UMTS proceeds - All sectors/ unspecified/ not applicable (ESA2010)-NCBs - General government (ESA2010)-NCBs - Non-financial flows current prices - Percentage,XDC_R_B1GQ,0,Replace,2013-06-05T15:30:00.000+02:00,
RTD.A.S0.N.F_UMS_CGG_D0.F,A,S0,N,F_UMS_CGG_D0,F,2007,2.28787,A,F,,,P1Y,S,,,GFS.A.N.I10.W0.S13.S1._Z.B.B9P._Z._Z._Z.XDC_R_B1GQ._Z.S.V.N._T,,,,,,"See <a class=""external"" href=""http://sdw.ecb.europa.eu/web/generator/docu/rtdb_docu.pdf""> notes</a>; block Annual; series: G",,4,,,"Government primary deficit(-) or surplus(+), percent of GDP",Euro area (moving concept in the Real Time database context) - Primary deficit/surplus without UMTS proceeds - All sectors/ unspecified/ not applicable (ESA2010)-NCBs - General government (ESA2010)-NCBs - Non-financial flows current prices - Percentage,XDC_R_B1GQ,0,Replace,2013-06-05T15:30:00.000+02:00,
RTD.A.S0.N.F_UMS_CGG_D0.F,A,S0,N,F_UMS_CGG_D0,F,2009,-3.4988,A,F,,,P1Y,S,,,GFS.A.N.I10.W0.S13.S1._Z.B.B9P._Z._Z._Z.XDC_R_B1GQ._Z.S.V.N._T,,,,,,"See <a class=""external"" href=""http://sdw.ecb.europa.eu/web/generator/docu/rtdb_docu.pdf""> notes</a>; block Annual; series: G",,4,,,"Government primary deficit(-) or surplus(+), percent of GDP",Euro area (moving concept in the Real Time database context) - Primary deficit/surplus without UMTS proceeds - All sectors/ unspecified/ not applicable (ESA2010)-NCBs - General government (ESA2010)-NCBs - Non-financial flows current prices - Percentage,XDC_R_B1GQ,0,Replace,2013-06-05T15:30:00.000+02:00,
RTD.A.S0.N.F_UMS_CGG_D0.F,A,S0,N,F_UMS_CGG_D0,F,2010,-3.3763,A,F,,,P1Y,S,,,GFS.A.N.I10.W0.S13.S1._Z.B.B9P._Z._Z._Z.XDC_R_B1GQ._Z.S.V.N._T,,,,,,"See <a class=""external"" href=""http://sdw.ecb.europa.eu/web/generator/docu/rtdb_docu.pdf""> notes</a>; block Annual; series: G",,4,,,"Government primary deficit(-) or surplus(+), percent of GDP",Euro area (moving concept in the Real Time database context) - Primary deficit/surplus without UMTS proceeds - All sectors/ unspecified/ not applicable (ESA2010)-NCBs - General government (ESA2010)-NCBs - Non-financial flows current prices - Percentage,XDC_R_B1GQ,0,Replace,2013-06-05T15:30:00.000+02:00,
RTD.A.S0.N.F_UMS_CGG_D0.F,A,S0,N,F_UMS_CGG_D0,F,2011,-1.10569,A,F,,,P1Y,S,,,GFS.A.N.I10.W0.S13.S1._Z.B.B9P._Z._Z._Z.XDC_R_B1GQ._Z.S.V.N._T,,,,,,"See <a class=""external"" href=""http://sdw.ecb.europa.eu/web/generator/docu/rtdb_docu.pdf""> notes</a>; block Annual; series: G",,4,,,"Government primary deficit(-) or surplus(+), percent of GDP",Euro area (moving concept in the Real Time database context) - Primary deficit/surplus without UMTS proceeds - All sectors/ unspecified/ not applicable (ESA2010)-NCBs - General government (ESA2010)-NCBs - Non-financial flows current prices - Percentage,XDC_R_B1GQ,0,Replace,2013-06-05T15:30:00.000+02:00,
RTD.A.S0.N.F_UMS_CGG_D0.F,A,S0,N,F_UMS_CGG_D0,F,2012,-0.64062,A,F,,,P1Y,S,,,GFS.A.N.I10.W0.S13.S1._Z.B.B9P._Z._Z._Z.XDC_R_B1GQ._Z.S.V.N._T,,,,,,"See <a class=""external"" href=""http://sdw.ecb.europa.eu/web/generator/docu/rtdb_docu.pdf""> notes</a>; block Annual; series: G",,4,,,"Government primary deficit(-) or surplus(+), percent of GDP",Euro area (moving concept in the Real Time database context) - Primary deficit/surplus without UMTS proceeds - All sectors/ unspecified/ not applicable (ESA2010)-NCBs - General government (ESA2010)-NCBs - Non-financial flows current prices - Percentage,XDC_R_B1GQ,0,Replace,2013-06-05T15:30:00.000+02:00,
RTD.A.S0.N.F_UMS_CGG_D0.F,A,S0,N,F_UMS_CGG_D0,F,1995,-1.97465,A,F,,,P1Y,S,,,GFS.A.N.I10.W0.S13.S1._Z.B.B9P._Z._Z._Z.XDC_R_B1GQ._Z.S.V.N._T,,,,,,"See <a class=""external"" href=""http://sdw.ecb.europa.eu/web/generator/docu/rtdb_docu.pdf""> notes</a>; block Annual; series: G",,4,,,"Government primary deficit(-) or surplus(+), percent of GDP",Euro area (moving concept in the Real Time database context) - Primary deficit/surplus without UMTS proceeds - All sectors/ unspecified/ not applicable (ESA2010)-NCBs - General government (ESA2010)-NCBs - Non-financial flows current prices - Percentage,XDC_R_B1GQ,0,Replace,2013-11-06T15:30:00.000+01:00,
RTD.A.S0.N.F_UMS_CGG_D0.F,A,S0,N,F_UMS_CGG_D0,F,1996,1.16592,A,F,,,P1Y,S,,,GFS.A.N.I10.W0.S13.S1._Z.B.B9P._Z._Z._Z.XDC_R_B1GQ._Z.S.V.N._T,,,,,,"See <a class=""external"" href=""http://sdw.ecb.europa.eu/web/generator/docu/rtdb_docu.pdf""> notes</a>; block Annual; series: G",,4,,,"Government primary deficit(-) or surplus(+), percent of GDP",Euro area (moving concept in the Real Time database context) - Primary deficit/surplus without UMTS proceeds - All sectors/ unspecified/ not applicable (ESA2010)-NCBs - General government (ESA2010)-NCBs - Non-financial flows current prices - Percentage,XDC_R_B1GQ,0,Replace,2013-11-06T15:30:00.000+01:00,
RTD.A.S0.N.F_UMS_CGG_D0.F,A,S0,N,F_UMS_CGG_D0,F,1997,2.08383,A,F,,,P1Y,S,,,GFS.A.N.I10.W0.S13.S1._Z.B.B9P._Z._Z._Z.XDC_R_B1GQ._Z.S.V.N._T,,,,,,"See <a class=""external"" href=""http://sdw.ecb.europa.eu/web/generator/docu/rtdb_docu.pdf""> notes</a>; block Annual; series: G",,4,,,"Government primary deficit(-) or surplus(+), percent of GDP",Euro area (moving concept in the Real Time database context) - Primary deficit/surplus without UMTS proceeds - All sectors/ unspecified/ not applicable (ESA2010)-NCBs - General government (ESA2010)-NCBs - Non-financial flows current prices - Percentage,XDC_R_B1GQ,0,Replace,2013-11-06T15:30:00.000+01:00,
RTD.A.S0.N.F_UMS_CGG_D0.F,A,S0,N,F_UMS_CGG_D0,F,1998,2.2184,A,F,,,P1Y,S,,,GFS.A.N.I10.W0.S13.S1._Z.B.B9P._Z._Z._Z.XDC_R_B1GQ._Z.S.V.N._T,,,,,,"See <a class=""external"" href=""http://sdw.ecb.europa.eu/web/generator/docu/rtdb_docu.pdf""> notes</a>; block Annual; series: G",,4,,,"Government primary deficit(-) or surplus(+), percent of GDP",Euro area (moving concept in the Real Time database context) - Primary deficit/surplus without UMTS proceeds - All sectors/ unspecified/ not applicable (ESA2010)-NCBs - General government (ESA2010)-NCBs - Non-financial flows current prices - Percentage,XDC_R_B1GQ,0,Replace,2013-11-06T15:30:00.000+01:00,
RTD.A.S0.N.F_UMS_CGG_D0.F,A,S0,N,F_UMS_CGG_D0,F,1999,2.50898,A,F,,,P1Y,S,,,GFS.A.N.I10.W0.S13.S1._Z.B.B9P._Z._Z._Z.XDC_R_B1GQ._Z.S.V.N._T,,,,,,"See <a class=""external"" href=""http://sdw.ecb.europa.eu/web/generator/docu/rtdb_docu.pdf""> notes</a>; block Annual; series: G",,4,,,"Government primary deficit(-) or surplus(+), percent of GDP",Euro area (moving concept in the Real Time database context) - Primary deficit/surplus without UMTS proceeds - All sectors/ unspecified/ not applicable (ESA2010)-NCBs - General government (ESA2010)-NCBs - Non-financial flows current prices - Percentage,XDC_R_B1GQ,0,Replace,2013-11-06T15:30:00.000+01:00,
RTD.A.S0.N.F_UMS_CGG_D0.F,A,S0,N,F_UMS_CGG_D0,F,2000,3.75147,A,F,,,P1Y,S,,,GFS.A.N.I10.W0.S13.S1._Z.B.B9P._Z._Z._Z.XDC_R_B1GQ._Z.S.V.N._T,,,,,,"See <a class=""external"" href=""http://sdw.ecb.europa.eu/web/generator/docu/rtdb_docu.pdf""> notes</a>; block Annual; series: G",,4,,,"Government primary deficit(-) or surplus(+), percent of GDP",Euro area (moving concept in the Real Time database context) - Primary deficit/surplus without UMTS proceeds - All sectors/ unspecified/ not applicable (ESA2010)-NCBs - General government (ESA2010)-NCBs - Non-financial flows current prices - Percentage,XDC_R_B1GQ,0,Replace,2013-11-06T15:30:00.000+01:00,
RTD.A.S0.N.F_UMS_CGG_D0.F,A,S0,N,F_UMS_CGG_D0,F,2001,1.81995,A,F,,,P1Y,S,,,GFS.A.N.I10.W0.S13.S1._Z.B.B9P._Z._Z._Z.XDC_R_B1GQ._Z.S.V.N._T,,,,,,"See <a class=""external"" href=""http://sdw.ecb.europa.eu/web/generator/docu/rtdb_docu.pdf""> notes</a>; block Annual; series: G",,4,,,"Government primary deficit(-) or surplus(+), percent of GDP",Euro area (moving concept in the Real Time database context) - Primary deficit/surplus without UMTS proceeds - All sectors/ unspecified/ not applicable (ESA2010)-NCBs - General government (ESA2010)-NCBs - Non-financial flows current prices - Percentage,XDC_R_B1GQ,0,Replace,2013-11-06T15:30:00.000+01:00,
RTD.A.S0.N.F_UMS_CGG_D0.F,A,S0,N,F_UMS_CGG_D0,F,2002,0.79653,A,F,,,P1Y,S,,,GFS.A.N.I10.W0.S13.S1._Z.B.B9P._Z._Z._Z.XDC_R_B1GQ._Z.S.V.N._T,,,,,,"See <a class=""external"" href=""http://sdw.ecb.europa.eu/web/generator/docu/rtdb_docu.pdf""> notes</a>; block Annual; series: G",,4,,,"Government primary deficit(-) or surplus(+), percent of GDP",Euro area (moving concept in the Real Time database context) - Primary deficit/surplus without UMTS proceeds - All sectors/ unspecified/ not applicable (ESA2010)-NCBs - General government (ESA2010)-NCBs - Non-financial flows current prices - Percentage,XDC_R_B1GQ,0,Replace,2013-11-06T15:30:00.000+01:00,
RTD.A.S0.N.F_UMS_CGG_D0.F,A,S0,N,F_UMS_CGG_D0,F,2003,0.1561,A,F,,,P1Y,S,,,GFS.A.N.I10.W0.S13.S1._Z.B.B9P._Z._Z._Z.XDC_R_B1GQ._Z.S.V.N._T,,,,,,"See <a class=""external"" href=""http://sdw.ecb.europa.eu/web/generator/docu/rtdb_docu.pdf""> notes</a>; block Annual; series: G",,4,,,"Government primary deficit(-) or surplus(+), percent of GDP",Euro area (moving concept in the Real Time database context) - Primary deficit/surplus without UMTS proceeds - All sectors/ unspecified/ not applicable (ESA2010)-NCBs - General government (ESA2010)-NCBs - Non-financial flows current prices - Percentage,XDC_R_B1GQ,0,Replace,2013-11-06T15:30:00.000+01:00,
RTD.A.S0.N.F_UMS_CGG_D0.F,A,S0,N,F_UMS_CGG_D0,F,2004,0.19792,A,F,,,P1Y,S,,,GFS.A.N.I10.W0.S13.S1._Z.B.B9P._Z._Z._Z.XDC_R_B1GQ._Z.S.V.N._T,,,,,,"See <a class=""external"" href=""http://sdw.ecb.europa.eu/web/generator/docu/rtdb_docu.pdf""> notes</a>; block Annual; series: G",,4,,,"Government primary deficit(-) or surplus(+), percent of GDP",Euro area (moving concept in the Real Time database context) - Primary deficit/surplus without UMTS proceeds - All sectors/ unspecified/ not applicable (ESA2010)-NCBs - General government (ESA2010)-NCBs - Non-financial flows current prices - Percentage,XDC_R_B1GQ,0,Replace,2013-11-06T15:30:00.000+01:00,
RTD.A.S0.N.F_UMS_CGG_D0.F,A,S0,N,F_UMS_CGG_D0,F,2005,0.45331,A,F,,,P1Y,S,,,GFS.A.N.I10.W0.S13.S1._Z.B.B9P._Z._Z._Z.XDC_R_B1GQ._Z.S.V.N._T,,,,,,"See <a class=""external"" href=""http://sdw.ecb.europa.eu/web/generator/docu/rtdb_docu.pdf""> notes</a>; block Annual; series: G",,4,,,"Government primary deficit(-) or surplus(+), percent of GDP",Euro area (moving concept in the Real Time database context) - Primary deficit/surplus without UMTS proceeds - All sectors/ unspecified/ not applicable (ESA2010)-NCBs - General government (ESA2010)-NCBs - Non-financial flows current prices - Percentage,XDC_R_B1GQ,0,Replace,2013-11-06T15:30:00.000+01:00,
RTD.A.S0.N.F_UMS_CGG_D0.F,A,S0,N,F_UMS_CGG_D0,F,2006,1.53483,A,F,,,P1Y,S,,,GFS.A.N.I10.W0.S13.S1._Z.B.B9P._Z._Z._Z.XDC_R_B1GQ._Z.S.V.N._T,,,,,,"See <a class=""external"" href=""http://sdw.ecb.europa.eu/web/generator/docu/rtdb_docu.pdf""> notes</a>; block Annual; series: G",,4,,,"Government primary deficit(-) or surplus(+), percent of GDP",Euro area (moving concept in the Real Time database context) - Primary deficit/surplus without UMTS proceeds - All sectors/ unspecified/ not applicable (ESA2010)-NCBs - General government (ESA2010)-NCBs - Non-financial flows current prices - Percentage,XDC_R_B1GQ,0,Replace,2013-11-06T15:30:00.000+01:00,
RTD.A.S0.N.F_UMS_CGG_D0.F,A,S0,N,F_UMS_CGG_D0,F,2007,2.29478,A,F,,,P1Y,S,,,GFS.A.N.I10.W0.S13.S1._Z.B.B9P._Z._Z._Z.XDC_R_B1GQ._Z.S.V.N._T,,,,,,"See <a class=""external"" href=""http://sdw.ecb.europa.eu/web/generator/docu/rtdb_docu.pdf""> notes</a>; block Annual; series: G",,4,,,"Government primary deficit(-) or surplus(+), percent of GDP",Euro area (moving concept in the Real Time database context) - Primary deficit/surplus without UMTS proceeds - All sectors/ unspecified/ not applicable (ESA2010)-NCBs - General government (ESA2010)-NCBs - Non-financial flows current prices - Percentage,XDC_R_B1GQ,0,Replace,2013-11-06T15:30:00.000+01:00,
RTD.A.S0.N.F_UMS_CGG_D0.F,A,S0,N,F_UMS_CGG_D0,F,2008,0.90883,A,F,,,P1Y,S,,,GFS.A.N.I10.W0.S13.S1._Z.B.B9P._Z._Z._Z.XDC_R_B1GQ._Z.S.V.N._T,,,,,,"See <a class=""external"" href=""http://sdw.ecb.europa.eu/web/generator/docu/rtdb_docu.pdf""> notes</a>; block Annual; series: G",,4,,,"Government primary deficit(-) or surplus(+), percent of GDP",Euro area (moving concept in the Real Time database context) - Primary deficit/surplus without UMTS proceeds - All sectors/ unspecified/ not applicable (ESA2010)-NCBs - General government (ESA2010)-NCBs - Non-financial flows current prices - Percentage,XDC_R_B1GQ,0,Replace,2013-11-06T15:30:00.000+01:00,
RTD.A.S0.N.F_UMS_CGG_D0.F,A,S0,N,F_UMS_CGG_D0,F,2009,-3.49392,A,F,,,P1Y,S,,,GFS.A.N.I10.W0.S13.S1._Z.B.B9P._Z._Z._Z.XDC_R_B1GQ._Z.S.V.N._T,,,,,,"See <a class=""external"" href=""http://sdw.ecb.europa.eu/web/generator/docu/rtdb_docu.pdf""> notes</a>; block Annual; series: G",,4,,,"Government primary deficit(-) or surplus(+), percent of GDP",Euro area (moving concept in the Real Time database context) - Primary deficit/surplus without UMTS proceeds - All sectors/ unspecified/ not applicable (ESA2010)-NCBs - General government (ESA2010)-NCBs - Non-financial flows current prices - Percentage,XDC_R_B1GQ,0,Replace,2013-11-06T15:30:00.000+01:00,
RTD.A.S0.N.F_UMS_CGG_D0.F,A,S0,N,F_UMS_CGG_D0,F,2010,-3.3736,A,F,,,P1Y,S,,,GFS.A.N.I10.W0.S13.S1._Z.B.B9P._Z._Z._Z.XDC_R_B1GQ._Z.S.V.N._T,,,,,,"See <a class=""external"" href=""http://sdw.ecb.europa.eu/web/generator/docu/rtdb_docu.pdf""> notes</a>; block Annual; series: G",,4,,,"Government primary deficit(-) or surplus(+), percent of GDP",Euro area (moving concept in the Real Time database context) - Primary deficit/surplus without UMTS proceeds - All sectors/ unspecified/ not applicable (ESA2010)-NCBs - General government (ESA2010)-NCBs - Non-financial flows current prices - Percentage,XDC_R_B1GQ,0,Replace,2013-11-06T15:30:00.000+01:00,
RTD.A.S0.N.F_UMS_CGG_D0.F,A,S0,N,F_UMS_CGG_D0,F,2011,-1.11187,A,F,,,P1Y,S,,,GFS.A.N.I10.W0.S13.S1._Z.B.B9P._Z._Z._Z.XDC_R_B1GQ._Z.S.V.N._T,,,,,,"See <a class=""external"" href=""http://sdw.ecb.europa.eu/web/generator/docu/rtdb_docu.pdf""> notes</a>; block Annual; series: G",,4,,,"Government primary deficit(-) or surplus(+), percent of GDP",Euro area (moving concept in the Real Time database context) - Primary deficit/surplus without UMTS proceeds - All sectors/ unspecified/ not applicable (ESA2010)-NCBs - General government (ESA2010)-NCBs - Non-financial flows current prices - Percentage,XDC_R_B1GQ,0,Replace,2013-11-06T15:30:00.000+01:00,
RTD.A.S0.N.F_UMS_CGG_D0.F,A,S0,N,F_UMS_CGG_D0,F,2012,-0.59887,A,F,,,P1Y,S,,,GFS.A.N.I10.W0.S13.S1._Z.B.B9P._Z._Z._Z.XDC_R_B1GQ._Z.S.V.N._T,,,,,,"See <a class=""external"" href=""http://sdw.ecb.europa.eu/web/generator/docu/rtdb_docu.pdf""> notes</a>; block Annual; series: G",,4,,,"Government primary deficit(-) or surplus(+), percent of GDP",Euro area (moving concept in the Real Time database context) - Primary deficit/surplus without UMTS proceeds - All sectors/ unspecified/ not applicable (ESA2010)-NCBs - General government (ESA2010)-NCBs - Non-financial flows current prices - Percentage,XDC_R_B1GQ,0,Replace,2013-11-06T15:30:00.000+01:00,
RTD.A.S0.N.F_UMS_CGG_D0.F,A,S0,N,F_UMS_CGG_D0,F,1995,-1.97375,A,F,,,P1Y,S,,,GFS.A.N.I10.W0.S13.S1._Z.B.B9P._Z._Z._Z.XDC_R_B1GQ._Z.S.V.N._T,,,,,,"See <a class=""external"" href=""http://sdw.ecb.europa.eu/web/generator/docu/rtdb_docu.pdf""> notes</a>; block Annual; series: G",,4,,,"Government primary deficit(-) or surplus(+), percent of GDP",Euro area (moving concept in the Real Time database context) - Primary deficit/surplus without UMTS proceeds - All sectors/ unspecified/ not applicable (ESA2010)-NCBs - General government (ESA2010)-NCBs - Non-financial flows current prices - Percentage,XDC_R_B1GQ,0,Replace,2014-05-07T15:30:00.000+02:00,
RTD.A.S0.N.F_UMS_CGG_D0.F,A,S0,N,F_UMS_CGG_D0,F,1996,1.16577,A,F,,,P1Y,S,,,GFS.A.N.I10.W0.S13.S1._Z.B.B9P._Z._Z._Z.XDC_R_B1GQ._Z.S.V.N._T,,,,,,"See <a class=""external"" href=""http://sdw.ecb.europa.eu/web/generator/docu/rtdb_docu.pdf""> notes</a>; block Annual; series: G",,4,,,"Government primary deficit(-) or surplus(+), percent of GDP",Euro area (moving concept in the Real Time database context) - Primary deficit/surplus without UMTS proceeds - All sectors/ unspecified/ not applicable (ESA2010)-NCBs - General government (ESA2010)-NCBs - Non-financial flows current prices - Percentage,XDC_R_B1GQ,0,Replace,2014-05-07T15:30:00.000+02:00,
RTD.A.S0.N.F_UMS_CGG_D0.F,A,S0,N,F_UMS_CGG_D0,F,1997,2.08409,A,F,,,P1Y,S,,,GFS.A.N.I10.W0.S13.S1._Z.B.B9P._Z._Z._Z.XDC_R_B1GQ._Z.S.V.N._T,,,,,,"See <a class=""external"" href=""http://sdw.ecb.europa.eu/web/generator/docu/rtdb_docu.pdf""> notes</a>; block Annual; series: G",,4,,,"Government primary deficit(-) or surplus(+), percent of GDP",Euro area (moving concept in the Real Time database context) - Primary deficit/surplus without UMTS proceeds - All sectors/ unspecified/ not applicable (ESA2010)-NCBs - General government (ESA2010)-NCBs - Non-financial flows current prices - Percentage,XDC_R_B1GQ,0,Replace,2014-05-07T15:30:00.000+02:00,
RTD.A.S0.N.F_UMS_CGG_D0.F,A,S0,N,F_UMS_CGG_D0,F,1998,2.21706,A,F,,,P1Y,S,,,GFS.A.N.I10.W0.S13.S1._Z.B.B9P._Z._Z._Z.XDC_R_B1GQ._Z.S.V.N._T,,,,,,"See <a class=""external"" href=""http://sdw.ecb.europa.eu/web/generator/docu/rtdb_docu.pdf""> notes</a>; block Annual; series: G",,4,,,"Government primary deficit(-) or surplus(+), percent of GDP",Euro area (moving concept in the Real Time database context) - Primary deficit/surplus without UMTS proceeds - All sectors/ unspecified/ not applicable (ESA2010)-NCBs - General government (ESA2010)-NCBs - Non-financial flows current prices - Percentage,XDC_R_B1GQ,0,Replace,2014-05-07T15:30:00.000+02:00,
RTD.A.S0.N.F_UMS_CGG_D0.F,A,S0,N,F_UMS_CGG_D0,F,1999,2.5036,A,F,,,P1Y,S,,,GFS.A.N.I10.W0.S13.S1._Z.B.B9P._Z._Z._Z.XDC_R_B1GQ._Z.S.V.N._T,,,,,,"See <a class=""external"" href=""http://sdw.ecb.europa.eu/web/generator/docu/rtdb_docu.pdf""> notes</a>; block Annual; series: G",,4,,,"Government primary deficit(-) or surplus(+), percent of GDP",Euro area (moving concept in the Real Time database context) - Primary deficit/surplus without UMTS proceeds - All sectors/ unspecified/ not applicable (ESA2010)-NCBs - General government (ESA2010)-NCBs - Non-financial flows current prices - Percentage,XDC_R_B1GQ,0,Replace,2014-05-07T15:30:00.000+02:00,
RTD.A.S0.N.F_UMS_CGG_D0.F,A,S0,N,F_UMS_CGG_D0,F,2000,3.74599,A,F,,,P1Y,S,,,GFS.A.N.I10.W0.S13.S1._Z.B.B9P._Z._Z._Z.XDC_R_B1GQ._Z.S.V.N._T,,,,,,"See <a class=""external"" href=""http://sdw.ecb.europa.eu/web/generator/docu/rtdb_docu.pdf""> notes</a>; block Annual; series: G",,4,,,"Government primary deficit(-) or surplus(+), percent of GDP",Euro area (moving concept in the Real Time database context) - Primary deficit/surplus without UMTS proceeds - All sectors/ unspecified/ not applicable (ESA2010)-NCBs - General government (ESA2010)-NCBs - Non-financial flows current prices - Percentage,XDC_R_B1GQ,0,Replace,2014-05-07T15:30:00.000+02:00,
RTD.A.S0.N.F_UMS_CGG_D0.F,A,S0,N,F_UMS_CGG_D0,F,2001,1.8166,A,F,,,P1Y,S,,,GFS.A.N.I10.W0.S13.S1._Z.B.B9P._Z._Z._Z.XDC_R_B1GQ._Z.S.V.N._T,,,,,,"See <a class=""external"" href=""http://sdw.ecb.europa.eu/web/generator/docu/rtdb_docu.pdf""> notes</a>; block Annual; series: G",,4,,,"Government primary deficit(-) or surplus(+), percent of GDP",Euro area (moving concept in the Real Time database context) - Primary deficit/surplus without UMTS proceeds - All sectors/ unspecified/ not applicable (ESA2010)-NCBs - General government (ESA2010)-NCBs - Non-financial flows current prices - Percentage,XDC_R_B1GQ,0,Replace,2014-05-07T15:30:00.000+02:00,
RTD.A.S0.N.F_UMS_CGG_D0.F,A,S0,N,F_UMS_CGG_D0,F,2002,0.79297,A,F,,,P1Y,S,,,GFS.A.N.I10.W0.S13.S1._Z.B.B9P._Z._Z._Z.XDC_R_B1GQ._Z.S.V.N._T,,,,,,"See <a class=""external"" href=""http://sdw.ecb.europa.eu/web/generator/docu/rtdb_docu.pdf""> notes</a>; block Annual; series: G",,4,,,"Government primary deficit(-) or surplus(+), percent of GDP",Euro area (moving concept in the Real Time database context) - Primary deficit/surplus without UMTS proceeds - All sectors/ unspecified/ not applicable (ESA2010)-NCBs - General government (ESA2010)-NCBs - Non-financial flows current prices - Percentage,XDC_R_B1GQ,0,Replace,2014-05-07T15:30:00.000+02:00,
RTD.A.S0.N.F_UMS_CGG_D0.F,A,S0,N,F_UMS_CGG_D0,F,2003,0.15478,A,F,,,P1Y,S,,,GFS.A.N.I10.W0.S13.S1._Z.B.B9P._Z._Z._Z.XDC_R_B1GQ._Z.S.V.N._T,,,,,,"See <a class=""external"" href=""http://sdw.ecb.europa.eu/web/generator/docu/rtdb_docu.pdf""> notes</a>; block Annual; series: G",,4,,,"Government primary deficit(-) or surplus(+), percent of GDP",Euro area (moving concept in the Real Time database context) - Primary deficit/surplus without UMTS proceeds - All sectors/ unspecified/ not applicable (ESA2010)-NCBs - General government (ESA2010)-NCBs - Non-financial flows current prices - Percentage,XDC_R_B1GQ,0,Replace,2014-05-07T15:30:00.000+02:00,
RTD.A.S0.N.F_UMS_CGG_D0.F,A,S0,N,F_UMS_CGG_D0,F,2004,0.19708,A,F,,,P1Y,S,,,GFS.A.N.I10.W0.S13.S1._Z.B.B9P._Z._Z._Z.XDC_R_B1GQ._Z.S.V.N._T,,,,,,"See <a class=""external"" href=""http://sdw.ecb.europa.eu/web/generator/docu/rtdb_docu.pdf""> notes</a>; block Annual; series: G",,4,,,"Government primary deficit(-) or surplus(+), percent of GDP",Euro area (moving concept in the Real Time database context) - Primary deficit/surplus without UMTS proceeds - All sectors/ unspecified/ not applicable (ESA2010)-NCBs - General government (ESA2010)-NCBs - Non-financial flows current prices - Percentage,XDC_R_B1GQ,0,Replace,2014-05-07T15:30:00.000+02:00,
RTD.A.S0.N.F_UMS_CGG_D0.F,A,S0,N,F_UMS_CGG_D0,F,2005,0.45271,A,F,,,P1Y,S,,,GFS.A.N.I10.W0.S13.S1._Z.B.B9P._Z._Z._Z.XDC_R_B1GQ._Z.S.V.N._T,,,,,,"See <a class=""external"" href=""http://sdw.ecb.europa.eu/web/generator/docu/rtdb_docu.pdf""> notes</a>; block Annual; series: G",,4,,,"Government primary deficit(-) or surplus(+), percent of GDP",Euro area (moving concept in the Real Time database context) - Primary deficit/surplus without UMTS proceeds - All sectors/ unspecified/ not applicable (ESA2010)-NCBs - General government (ESA2010)-NCBs - Non-financial flows current prices - Percentage,XDC_R_B1GQ,0,Replace,2014-05-07T15:30:00.000+02:00,
RTD.A.S0.N.F_UMS_CGG_D0.F,A,S0,N,F_UMS_CGG_D0,F,2006,1.52651,A,F,,,P1Y,S,,,GFS.A.N.I10.W0.S13.S1._Z.B.B9P._Z._Z._Z.XDC_R_B1GQ._Z.S.V.N._T,,,,,,"See <a class=""external"" href=""http://sdw.ecb.europa.eu/web/generator/docu/rtdb_docu.pdf""> notes</a>; block Annual; series: G",,4,,,"Government primary deficit(-) or surplus(+), percent of GDP",Euro area (moving concept in the Real Time database context) - Primary deficit/surplus without UMTS proceeds - All sectors/ unspecified/ not applicable (ESA2010)-NCBs - General government (ESA2010)-NCBs - Non-financial flows current prices - Percentage,XDC_R_B1GQ,0,Replace,2014-05-07T15:30:00.000+02:00,
RTD.A.S0.N.F_UMS_CGG_D0.F,A,S0,N,F_UMS_CGG_D0,F,2007,2.28769,A,F,,,P1Y,S,,,GFS.A.N.I10.W0.S13.S1._Z.B.B9P._Z._Z._Z.XDC_R_B1GQ._Z.S.V.N._T,,,,,,"See <a class=""external"" href=""http://sdw.ecb.europa.eu/web/generator/docu/rtdb_docu.pdf""> notes</a>; block Annual; series: G",,4,,,"Government primary deficit(-) or surplus(+), percent of GDP",Euro area (moving concept in the Real Time database context) - Primary deficit/surplus without UMTS proceeds - All sectors/ unspecified/ not applicable (ESA2010)-NCBs - General government (ESA2010)-NCBs - Non-financial flows current prices - Percentage,XDC_R_B1GQ,0,Replace,2014-05-07T15:30:00.000+02:00,
RTD.A.S0.N.F_UMS_CGG_D0.F,A,S0,N,F_UMS_CGG_D0,F,2008,0.89703,A,F,,,P1Y,S,,,GFS.A.N.I10.W0.S13.S1._Z.B.B9P._Z._Z._Z.XDC_R_B1GQ._Z.S.V.N._T,,,,,,"See <a class=""external"" href=""http://sdw.ecb.europa.eu/web/generator/docu/rtdb_docu.pdf""> notes</a>; block Annual; series: G",,4,,,"Government primary deficit(-) or surplus(+), percent of GDP",Euro area (moving concept in the Real Time database context) - Primary deficit/surplus without UMTS proceeds - All sectors/ unspecified/ not applicable (ESA2010)-NCBs - General government (ESA2010)-NCBs - Non-financial flows current prices - Percentage,XDC_R_B1GQ,0,Replace,2014-05-07T15:30:00.000+02:00,
RTD.A.S0.N.F_UMS_CGG_D0.F,A,S0,N,F_UMS_CGG_D0,F,2009,-3.50327,A,F,,,P1Y,S,,,GFS.A.N.I10.W0.S13.S1._Z.B.B9P._Z._Z._Z.XDC_R_B1GQ._Z.S.V.N._T,,,,,,"See <a class=""external"" href=""http://sdw.ecb.europa.eu/web/generator/docu/rtdb_docu.pdf""> notes</a>; block Annual; series: G",,4,,,"Government primary deficit(-) or surplus(+), percent of GDP",Euro area (moving concept in the Real Time database context) - Primary deficit/surplus without UMTS proceeds - All sectors/ unspecified/ not applicable (ESA2010)-NCBs - General government (ESA2010)-NCBs - Non-financial flows current prices - Percentage,XDC_R_B1GQ,0,Replace,2014-05-07T15:30:00.000+02:00,
RTD.A.S0.N.F_UMS_CGG_D0.F,A,S0,N,F_UMS_CGG_D0,F,2010,-3.37981,A,F,,,P1Y,S,,,GFS.A.N.I10.W0.S13.S1._Z.B.B9P._Z._Z._Z.XDC_R_B1GQ._Z.S.V.N._T,,,,,,"See <a class=""external"" href=""http://sdw.ecb.europa.eu/web/generator/docu/rtdb_docu.pdf""> notes</a>; block Annual; series: G",,4,,,"Government primary deficit(-) or surplus(+), percent of GDP",Euro area (moving concept in the Real Time database context) - Primary deficit/surplus without UMTS proceeds - All sectors/ unspecified/ not applicable (ESA2010)-NCBs - General government (ESA2010)-NCBs - Non-financial flows current prices - Percentage,XDC_R_B1GQ,0,Replace,2014-05-07T15:30:00.000+02:00,
RTD.A.S0.N.F_UMS_CGG_D0.F,A,S0,N,F_UMS_CGG_D0,F,2011,-1.07053,A,F,,,P1Y,S,,,GFS.A.N.I10.W0.S13.S1._Z.B.B9P._Z._Z._Z.XDC_R_B1GQ._Z.S.V.N._T,,,,,,"See <a class=""external"" href=""http://sdw.ecb.europa.eu/web/generator/docu/rtdb_docu.pdf""> notes</a>; block Annual; series: G",,4,,,"Government primary deficit(-) or surplus(+), percent of GDP",Euro area (moving concept in the Real Time database context) - Primary deficit/surplus without UMTS proceeds - All sectors/ unspecified/ not applicable (ESA2010)-NCBs - General government (ESA2010)-NCBs - Non-financial flows current prices - Percentage,XDC_R_B1GQ,0,Replace,2014-05-07T15:30:00.000+02:00,
RTD.A.S0.N.F_UMS_CGG_D0.F,A,S0,N,F_UMS_CGG_D0,F,2012,-0.60408,A,F,,,P1Y,S,,,GFS.A.N.I10.W0.S13.S1._Z.B.B9P._Z._Z._Z.XDC_R_B1GQ._Z.S.V.N._T,,,,,,"See <a class=""external"" href=""http://sdw.ecb.europa.eu/web/generator/docu/rtdb_docu.pdf""> notes</a>; block Annual; series: G",,4,,,"Government primary deficit(-) or surplus(+), percent of GDP",Euro area (moving concept in the Real Time database context) - Primary deficit/surplus without UMTS proceeds - All sectors/ unspecified/ not applicable (ESA2010)-NCBs - General government (ESA2010)-NCBs - Non-financial flows current prices - Percentage,XDC_R_B1GQ,0,Replace,2014-05-07T15:30:00.000+02:00,
RTD.A.S0.N.F_UMS_CGG_D0.F,A,S0,N,F_UMS_CGG_D0,F,2013,-0.11654,A,F,,,P1Y,S,,,GFS.A.N.I10.W0.S13.S1._Z.B.B9P._Z._Z._Z.XDC_R_B1GQ._Z.S.V.N._T,,,,,,"See <a class=""external"" href=""http://sdw.ecb.europa.eu/web/generator/docu/rtdb_docu.pdf""> notes</a>; block Annual; series: G",,4,,,"Government primary deficit(-) or surplus(+), percent of GDP",Euro area (moving concept in the Real Time database context) - Primary deficit/surplus without UMTS proceeds - All sectors/ unspecified/ not applicable (ESA2010)-NCBs - General government (ESA2010)-NCBs - Non-financial flows current prices - Percentage,XDC_R_B1GQ,0,Replace,2014-05-07T15:30:00.000+02:00,
RTD.A.S0.N.F_UMS_CGG_D0.F,A,S0,N,F_UMS_CGG_D0,F,1996,1.16576,A,F,,,P1Y,S,,,GFS.A.N.I10.W0.S13.S1._Z.B.B9P._Z._Z._Z.XDC_R_B1GQ._Z.S.V.N._T,,,,,,"See <a class=""external"" href=""http://sdw.ecb.europa.eu/web/generator/docu/rtdb_docu.pdf""> notes</a>; block Annual; series: G",,4,,,"Government primary deficit(-) or surplus(+), percent of GDP",Euro area (moving concept in the Real Time database context) - Primary deficit/surplus without UMTS proceeds - All sectors/ unspecified/ not applicable (ESA2010)-NCBs - General government (ESA2010)-NCBs - Non-financial flows current prices - Percentage,XDC_R_B1GQ,0,Replace,2014-06-04T15:30:00.000+02:00,
RTD.A.S0.N.F_UMS_CGG_D0.F,A,S0,N,F_UMS_CGG_D0,F,1997,2.0841,A,F,,,P1Y,S,,,GFS.A.N.I10.W0.S13.S1._Z.B.B9P._Z._Z._Z.XDC_R_B1GQ._Z.S.V.N._T,,,,,,"See <a class=""external"" href=""http://sdw.ecb.europa.eu/web/generator/docu/rtdb_docu.pdf""> notes</a>; block Annual; series: G",,4,,,"Government primary deficit(-) or surplus(+), percent of GDP",Euro area (moving concept in the Real Time database context) - Primary deficit/surplus without UMTS proceeds - All sectors/ unspecified/ not applicable (ESA2010)-NCBs - General government (ESA2010)-NCBs - Non-financial flows current prices - Percentage,XDC_R_B1GQ,0,Replace,2014-06-04T15:30:00.000+02:00,
RTD.A.S0.N.F_UMS_CGG_D0.F,A,S0,N,F_UMS_CGG_D0,F,1998,2.21708,A,F,,,P1Y,S,,,GFS.A.N.I10.W0.S13.S1._Z.B.B9P._Z._Z._Z.XDC_R_B1GQ._Z.S.V.N._T,,,,,,"See <a class=""external"" href=""http://sdw.ecb.europa.eu/web/generator/docu/rtdb_docu.pdf""> notes</a>; block Annual; series: G",,4,,,"Government primary deficit(-) or surplus(+), percent of GDP",Euro area (moving concept in the Real Time database context) - Primary deficit/surplus without UMTS proceeds - All sectors/ unspecified/ not applicable (ESA2010)-NCBs - General government (ESA2010)-NCBs - Non-financial flows current prices - Percentage,XDC_R_B1GQ,0,Replace,2014-06-04T15:30:00.000+02:00,
RTD.A.S0.N.F_UMS_CGG_D0.F,A,S0,N,F_UMS_CGG_D0,F,1999,2.50361,A,F,,,P1Y,S,,,GFS.A.N.I10.W0.S13.S1._Z.B.B9P._Z._Z._Z.XDC_R_B1GQ._Z.S.V.N._T,,,,,,"See <a class=""external"" href=""http://sdw.ecb.europa.eu/web/generator/docu/rtdb_docu.pdf""> notes</a>; block Annual; series: G",,4,,,"Government primary deficit(-) or surplus(+), percent of GDP",Euro area (moving concept in the Real Time database context) - Primary deficit/surplus without UMTS proceeds - All sectors/ unspecified/ not applicable (ESA2010)-NCBs - General government (ESA2010)-NCBs - Non-financial flows current prices - Percentage,XDC_R_B1GQ,0,Replace,2014-06-04T15:30:00.000+02:00,
RTD.A.S0.N.F_UMS_CGG_D0.F,A,S0,N,F_UMS_CGG_D0,F,2009,-3.50326,A,F,,,P1Y,S,,,GFS.A.N.I10.W0.S13.S1._Z.B.B9P._Z._Z._Z.XDC_R_B1GQ._Z.S.V.N._T,,,,,,"See <a class=""external"" href=""http://sdw.ecb.europa.eu/web/generator/docu/rtdb_docu.pdf""> notes</a>; block Annual; series: G",,4,,,"Government primary deficit(-) or surplus(+), percent of GDP",Euro area (moving concept in the Real Time database context) - Primary deficit/surplus without UMTS proceeds - All sectors/ unspecified/ not applicable (ESA2010)-NCBs - General government (ESA2010)-NCBs - Non-financial flows current prices - Percentage,XDC_R_B1GQ,0,Replace,2014-06-04T15:30:00.000+02:00,
RTD.A.S0.N.F_UMS_CGG_D0.F,A,S0,N,F_UMS_CGG_D0,F,2010,-3.37978,A,F,,,P1Y,S,,,GFS.A.N.I10.W0.S13.S1._Z.B.B9P._Z._Z._Z.XDC_R_B1GQ._Z.S.V.N._T,,,,,,"See <a class=""external"" href=""http://sdw.ecb.europa.eu/web/generator/docu/rtdb_docu.pdf""> notes</a>; block Annual; series: G",,4,,,"Government primary deficit(-) or surplus(+), percent of GDP",Euro area (moving concept in the Real Time database context) - Primary deficit/surplus without UMTS proceeds - All sectors/ unspecified/ not applicable (ESA2010)-NCBs - General government (ESA2010)-NCBs - Non-financial flows current prices - Percentage,XDC_R_B1GQ,0,Replace,2014-06-04T15:30:00.000+02:00,
RTD.A.S0.N.F_UMS_CGG_D0.F,A,S0,N,F_UMS_CGG_D0,F,2013,-0.09046,A,F,,,P1Y,S,,,GFS.A.N.I10.W0.S13.S1._Z.B.B9P._Z._Z._Z.XDC_R_B1GQ._Z.S.V.N._T,,,,,,"See <a class=""external"" href=""http://sdw.ecb.europa.eu/web/generator/docu/rtdb_docu.pdf""> notes</a>; block Annual; series: G",,4,,,"Government primary deficit(-) or surplus(+), percent of GDP",Euro area (moving concept in the Real Time database context) - Primary deficit/surplus without UMTS proceeds - All sectors/ unspecified/ not applicable (ESA2010)-NCBs - General government (ESA2010)-NCBs - Non-financial flows current prices - Percentage,XDC_R_B1GQ,0,Replace,2014-06-04T15:30:00.000+02:00,
RTD.A.S0.N.F_UMS_CGG_D0.F,A,S0,N,F_UMS_CGG_D0,F,2000,3.57072,A,F,,,P1Y,S,,,GFS.A.N.I10.W0.S13.S1._Z.B.B9P._Z._Z._Z.XDC_R_B1GQ._Z.S.V.N._T,,,,,,"See <a class=""external"" href=""http://sdw.ecb.europa.eu/web/generator/docu/rtdb_docu.pdf""> notes</a>; block Annual; series: G",,4,,,"Government primary deficit(-) or surplus(+), percent of GDP",Euro area (moving concept in the Real Time database context) - Primary deficit/surplus without UMTS proceeds - All sectors/ unspecified/ not applicable (ESA2010)-NCBs - General government (ESA2010)-NCBs - Non-financial flows current prices - Percentage,XDC_R_B1GQ,0,Replace,2014-11-05T15:30:00.000+01:00,
RTD.A.S0.N.F_UMS_CGG_D0.F,A,S0,N,F_UMS_CGG_D0,F,2001,1.68423,A,F,,,P1Y,S,,,GFS.A.N.I10.W0.S13.S1._Z.B.B9P._Z._Z._Z.XDC_R_B1GQ._Z.S.V.N._T,,,,,,"See <a class=""external"" href=""http://sdw.ecb.europa.eu/web/generator/docu/rtdb_docu.pdf""> notes</a>; block Annual; series: G",,4,,,"Government primary deficit(-) or surplus(+), percent of GDP",Euro area (moving concept in the Real Time database context) - Primary deficit/surplus without UMTS proceeds - All sectors/ unspecified/ not applicable (ESA2010)-NCBs - General government (ESA2010)-NCBs - Non-financial flows current prices - Percentage,XDC_R_B1GQ,0,Replace,2014-11-05T15:30:00.000+01:00,
RTD.A.S0.N.F_UMS_CGG_D0.F,A,S0,N,F_UMS_CGG_D0,F,2002,0.74262,A,F,,,P1Y,S,,,GFS.A.N.I10.W0.S13.S1._Z.B.B9P._Z._Z._Z.XDC_R_B1GQ._Z.S.V.N._T,,,,,,"See <a class=""external"" href=""http://sdw.ecb.europa.eu/web/generator/docu/rtdb_docu.pdf""> notes</a>; block Annual; series: G",,4,,,"Government primary deficit(-) or surplus(+), percent of GDP",Euro area (moving concept in the Real Time database context) - Primary deficit/surplus without UMTS proceeds - All sectors/ unspecified/ not applicable (ESA2010)-NCBs - General government (ESA2010)-NCBs - Non-financial flows current prices - Percentage,XDC_R_B1GQ,0,Replace,2014-11-05T15:30:00.000+01:00,
RTD.A.S0.N.F_UMS_CGG_D0.F,A,S0,N,F_UMS_CGG_D0,F,2003,0.09522,A,F,,,P1Y,S,,,GFS.A.N.I10.W0.S13.S1._Z.B.B9P._Z._Z._Z.XDC_R_B1GQ._Z.S.V.N._T,,,,,,"See <a class=""external"" href=""http://sdw.ecb.europa.eu/web/generator/docu/rtdb_docu.pdf""> notes</a>; block Annual; series: G",,4,,,"Government primary deficit(-) or surplus(+), percent of GDP",Euro area (moving concept in the Real Time database context) - Primary deficit/surplus without UMTS proceeds - All sectors/ unspecified/ not applicable (ESA2010)-NCBs - General government (ESA2010)-NCBs - Non-financial flows current prices - Percentage,XDC_R_B1GQ,0,Replace,2014-11-05T15:30:00.000+01:00,
RTD.A.S0.N.F_UMS_CGG_D0.F,A,S0,N,F_UMS_CGG_D0,F,2004,0.11927,A,F,,,P1Y,S,,,GFS.A.N.I10.W0.S13.S1._Z.B.B9P._Z._Z._Z.XDC_R_B1GQ._Z.S.V.N._T,,,,,,"See <a class=""external"" href=""http://sdw.ecb.europa.eu/web/generator/docu/rtdb_docu.pdf""> notes</a>; block Annual; series: G",,4,,,"Government primary deficit(-) or surplus(+), percent of GDP",Euro area (moving concept in the Real Time database context) - Primary deficit/surplus without UMTS proceeds - All sectors/ unspecified/ not applicable (ESA2010)-NCBs - General government (ESA2010)-NCBs - Non-financial flows current prices - Percentage,XDC_R_B1GQ,0,Replace,2014-11-05T15:30:00.000+01:00,
RTD.A.S0.N.F_UMS_CGG_D0.F,A,S0,N,F_UMS_CGG_D0,F,2005,0.38084,A,F,,,P1Y,S,,,GFS.A.N.I10.W0.S13.S1._Z.B.B9P._Z._Z._Z.XDC_R_B1GQ._Z.S.V.N._T,,,,,,"See <a class=""external"" href=""http://sdw.ecb.europa.eu/web/generator/docu/rtdb_docu.pdf""> notes</a>; block Annual; series: G",,4,,,"Government primary deficit(-) or surplus(+), percent of GDP",Euro area (moving concept in the Real Time database context) - Primary deficit/surplus without UMTS proceeds - All sectors/ unspecified/ not applicable (ESA2010)-NCBs - General government (ESA2010)-NCBs - Non-financial flows current prices - Percentage,XDC_R_B1GQ,0,Replace,2014-11-05T15:30:00.000+01:00,
RTD.A.S0.N.F_UMS_CGG_D0.F,A,S0,N,F_UMS_CGG_D0,F,2006,1.36687,A,F,,,P1Y,S,,,GFS.A.N.I10.W0.S13.S1._Z.B.B9P._Z._Z._Z.XDC_R_B1GQ._Z.S.V.N._T,,,,,,"See <a class=""external"" href=""http://sdw.ecb.europa.eu/web/generator/docu/rtdb_docu.pdf""> notes</a>; block Annual; series: G",,4,,,"Government primary deficit(-) or surplus(+), percent of GDP",Euro area (moving concept in the Real Time database context) - Primary deficit/surplus without UMTS proceeds - All sectors/ unspecified/ not applicable (ESA2010)-NCBs - General government (ESA2010)-NCBs - Non-financial flows current prices - Percentage,XDC_R_B1GQ,0,Replace,2014-11-05T15:30:00.000+01:00,
RTD.A.S0.N.F_UMS_CGG_D0.F,A,S0,N,F_UMS_CGG_D0,F,2007,2.25433,A,F,,,P1Y,S,,,GFS.A.N.I10.W0.S13.S1._Z.B.B9P._Z._Z._Z.XDC_R_B1GQ._Z.S.V.N._T,,,,,,"See <a class=""external"" href=""http://sdw.ecb.europa.eu/web/generator/docu/rtdb_docu.pdf""> notes</a>; block Annual; series: G",,4,,,"Government primary deficit(-) or surplus(+), percent of GDP",Euro area (moving concept in the Real Time database context) - Primary deficit/surplus without UMTS proceeds - All sectors/ unspecified/ not applicable (ESA2010)-NCBs - General government (ESA2010)-NCBs - Non-financial flows current prices - Percentage,XDC_R_B1GQ,0,Replace,2014-11-05T15:30:00.000+01:00,
RTD.A.S0.N.F_UMS_CGG_D0.F,A,S0,N,F_UMS_CGG_D0,F,2008,0.82935,A,F,,,P1Y,S,,,GFS.A.N.I10.W0.S13.S1._Z.B.B9P._Z._Z._Z.XDC_R_B1GQ._Z.S.V.N._T,,,,,,"See <a class=""external"" href=""http://sdw.ecb.europa.eu/web/generator/docu/rtdb_docu.pdf""> notes</a>; block Annual; series: G",,4,,,"Government primary deficit(-) or surplus(+), percent of GDP",Euro area (moving concept in the Real Time database context) - Primary deficit/surplus without UMTS proceeds - All sectors/ unspecified/ not applicable (ESA2010)-NCBs - General government (ESA2010)-NCBs - Non-financial flows current prices - Percentage,XDC_R_B1GQ,0,Replace,2014-11-05T15:30:00.000+01:00,
RTD.A.S0.N.F_UMS_CGG_D0.F,A,S0,N,F_UMS_CGG_D0,F,2009,-3.39376,A,F,,,P1Y,S,,,GFS.A.N.I10.W0.S13.S1._Z.B.B9P._Z._Z._Z.XDC_R_B1GQ._Z.S.V.N._T,,,,,,"See <a class=""external"" href=""http://sdw.ecb.europa.eu/web/generator/docu/rtdb_docu.pdf""> notes</a>; block Annual; series: G",,4,,,"Government primary deficit(-) or surplus(+), percent of GDP",Euro area (moving concept in the Real Time database context) - Primary deficit/surplus without UMTS proceeds - All sectors/ unspecified/ not applicable (ESA2010)-NCBs - General government (ESA2010)-NCBs - Non-financial flows current prices - Percentage,XDC_R_B1GQ,0,Replace,2014-11-05T15:30:00.000+01:00,
RTD.A.S0.N.F_UMS_CGG_D0.F,A,S0,N,F_UMS_CGG_D0,F,2010,-3.38908,A,F,,,P1Y,S,,,GFS.A.N.I10.W0.S13.S1._Z.B.B9P._Z._Z._Z.XDC_R_B1GQ._Z.S.V.N._T,,,,,,"See <a class=""external"" href=""http://sdw.ecb.europa.eu/web/generator/docu/rtdb_docu.pdf""> notes</a>; block Annual; series: G",,4,,,"Government primary deficit(-) or surplus(+), percent of GDP",Euro area (moving concept in the Real Time database context) - Primary deficit/surplus without UMTS proceeds - All sectors/ unspecified/ not applicable (ESA2010)-NCBs - General government (ESA2010)-NCBs - Non-financial flows current prices - Percentage,XDC_R_B1GQ,0,Replace,2014-11-05T15:30:00.000+01:00,
RTD.A.S0.N.F_UMS_CGG_D0.F,A,S0,N,F_UMS_CGG_D0,F,2011,-1.14546,A,F,,,P1Y,S,,,GFS.A.N.I10.W0.S13.S1._Z.B.B9P._Z._Z._Z.XDC_R_B1GQ._Z.S.V.N._T,,,,,,"See <a class=""external"" href=""http://sdw.ecb.europa.eu/web/generator/docu/rtdb_docu.pdf""> notes</a>; block Annual; series: G",,4,,,"Government primary deficit(-) or surplus(+), percent of GDP",Euro area (moving concept in the Real Time database context) - Primary deficit/surplus without UMTS proceeds - All sectors/ unspecified/ not applicable (ESA2010)-NCBs - General government (ESA2010)-NCBs - Non-financial flows current prices - Percentage,XDC_R_B1GQ,0,Replace,2014-11-05T15:30:00.000+01:00,
RTD.A.S0.N.F_UMS_CGG_D0.F,A,S0,N,F_UMS_CGG_D0,F,2012,-0.62589,A,F,,,P1Y,S,,,GFS.A.N.I10.W0.S13.S1._Z.B.B9P._Z._Z._Z.XDC_R_B1GQ._Z.S.V.N._T,,,,,,"See <a class=""external"" href=""http://sdw.ecb.europa.eu/web/generator/docu/rtdb_docu.pdf""> notes</a>; block Annual; series: G",,4,,,"Government primary deficit(-) or surplus(+), percent of GDP",Euro area (moving concept in the Real Time database context) - Primary deficit/surplus without UMTS proceeds - All sectors/ unspecified/ not applicable (ESA2010)-NCBs - General government (ESA2010)-NCBs - Non-financial flows current prices - Percentage,XDC_R_B1GQ,0,Replace,2014-11-05T15:30:00.000+01:00,
RTD.A.S0.N.F_UMS_CGG_D0.F,A,S0,N,F_UMS_CGG_D0,F,2013,-0.10454,A,F,,,P1Y,S,,,GFS.A.N.I10.W0.S13.S1._Z.B.B9P._Z._Z._Z.XDC_R_B1GQ._Z.S.V.N._T,,,,,,"See <a class=""external"" href=""http://sdw.ecb.europa.eu/web/generator/docu/rtdb_docu.pdf""> notes</a>; block Annual; series: G",,4,,,"Government primary deficit(-) or surplus(+), percent of GDP",Euro area (moving concept in the Real Time database context) - Primary deficit/surplus without UMTS proceeds - All sectors/ unspecified/ not applicable (ESA2010)-NCBs - General government (ESA2010)-NCBs - Non-financial flows current prices - Percentage,XDC_R_B1GQ,0,Replace,2014-11-05T15:30:00.000+01:00,
RTD.A.S0.N.F_UMS_CGG_D0.F,A,S0,N,F_UMS_CGG_D0,F,1995,-1.92617,A,F,,,P1Y,S,,,GFS.A.N.I10.W0.S13.S1._Z.B.B9P._Z._Z._Z.XDC_R_B1GQ._Z.S.V.N._T,,,,,,"See <a class=""external"" href=""http://sdw.ecb.europa.eu/web/generator/docu/rtdb_docu.pdf""> notes</a>; block Annual; series: G",,4,,,"Government primary deficit(-) or surplus(+), percent of GDP",Euro area (moving concept in the Real Time database context) - Primary deficit/surplus without UMTS proceeds - All sectors/ unspecified/ not applicable (ESA2010)-NCBs - General government (ESA2010)-NCBs - Non-financial flows current prices - Percentage,XDC_R_B1GQ,0,Replace,2014-12-03T15:30:00.000+01:00,
RTD.A.S0.N.F_UMS_CGG_D0.F,A,S0,N,F_UMS_CGG_D0,F,1996,1.10673,A,F,,,P1Y,S,,,GFS.A.N.I10.W0.S13.S1._Z.B.B9P._Z._Z._Z.XDC_R_B1GQ._Z.S.V.N._T,,,,,,"See <a class=""external"" href=""http://sdw.ecb.europa.eu/web/generator/docu/rtdb_docu.pdf""> notes</a>; block Annual; series: G",,4,,,"Government primary deficit(-) or surplus(+), percent of GDP",Euro area (moving concept in the Real Time database context) - Primary deficit/surplus without UMTS proceeds - All sectors/ unspecified/ not applicable (ESA2010)-NCBs - General government (ESA2010)-NCBs - Non-financial flows current prices - Percentage,XDC_R_B1GQ,0,Replace,2014-12-03T15:30:00.000+01:00,
RTD.A.S0.N.F_UMS_CGG_D0.F,A,S0,N,F_UMS_CGG_D0,F,1997,1.86873,A,F,,,P1Y,S,,,GFS.A.N.I10.W0.S13.S1._Z.B.B9P._Z._Z._Z.XDC_R_B1GQ._Z.S.V.N._T,,,,,,"See <a class=""external"" href=""http://sdw.ecb.europa.eu/web/generator/docu/rtdb_docu.pdf""> notes</a>; block Annual; series: G",,4,,,"Government primary deficit(-) or surplus(+), percent of GDP",Euro area (moving concept in the Real Time database context) - Primary deficit/surplus without UMTS proceeds - All sectors/ unspecified/ not applicable (ESA2010)-NCBs - General government (ESA2010)-NCBs - Non-financial flows current prices - Percentage,XDC_R_B1GQ,0,Replace,2014-12-03T15:30:00.000+01:00,
RTD.A.S0.N.F_UMS_CGG_D0.F,A,S0,N,F_UMS_CGG_D0,F,1998,2.09911,A,F,,,P1Y,S,,,GFS.A.N.I10.W0.S13.S1._Z.B.B9P._Z._Z._Z.XDC_R_B1GQ._Z.S.V.N._T,,,,,,"See <a class=""external"" href=""http://sdw.ecb.europa.eu/web/generator/docu/rtdb_docu.pdf""> notes</a>; block Annual; series: G",,4,,,"Government primary deficit(-) or surplus(+), percent of GDP",Euro area (moving concept in the Real Time database context) - Primary deficit/surplus without UMTS proceeds - All sectors/ unspecified/ not applicable (ESA2010)-NCBs - General government (ESA2010)-NCBs - Non-financial flows current prices - Percentage,XDC_R_B1GQ,0,Replace,2014-12-03T15:30:00.000+01:00,
RTD.A.S0.N.F_UMS_CGG_D0.F,A,S0,N,F_UMS_CGG_D0,F,1999,2.49426,A,F,,,P1Y,S,,,GFS.A.N.I10.W0.S13.S1._Z.B.B9P._Z._Z._Z.XDC_R_B1GQ._Z.S.V.N._T,,,,,,"See <a class=""external"" href=""http://sdw.ecb.europa.eu/web/generator/docu/rtdb_docu.pdf""> notes</a>; block Annual; series: G",,4,,,"Government primary deficit(-) or surplus(+), percent of GDP",Euro area (moving concept in the Real Time database context) - Primary deficit/surplus without UMTS proceeds - All sectors/ unspecified/ not applicable (ESA2010)-NCBs - General government (ESA2010)-NCBs - Non-financial flows current prices - Percentage,XDC_R_B1GQ,0,Replace,2014-12-03T15:30:00.000+01:00,
RTD.A.S0.N.F_UMS_CGG_D0.F,A,S0,N,F_UMS_CGG_D0,F,2000,3.57073,A,F,,,P1Y,S,,,GFS.A.N.I10.W0.S13.S1._Z.B.B9P._Z._Z._Z.XDC_R_B1GQ._Z.S.V.N._T,,,,,,"See <a class=""external"" href=""http://sdw.ecb.europa.eu/web/generator/docu/rtdb_docu.pdf""> notes</a>; block Annual; series: G",,4,,,"Government primary deficit(-) or surplus(+), percent of GDP",Euro area (moving concept in the Real Time database context) - Primary deficit/surplus without UMTS proceeds - All sectors/ unspecified/ not applicable (ESA2010)-NCBs - General government (ESA2010)-NCBs - Non-financial flows current prices - Percentage,XDC_R_B1GQ,0,Replace,2014-12-03T15:30:00.000+01:00,
RTD.A.S0.N.F_UMS_CGG_D0.F,A,S0,N,F_UMS_CGG_D0,F,2005,0.38085,A,F,,,P1Y,S,,,GFS.A.N.I10.W0.S13.S1._Z.B.B9P._Z._Z._Z.XDC_R_B1GQ._Z.S.V.N._T,,,,,,"See <a class=""external"" href=""http://sdw.ecb.europa.eu/web/generator/docu/rtdb_docu.pdf""> notes</a>; block Annual; series: G",,4,,,"Government primary deficit(-) or surplus(+), percent of GDP",Euro area (moving concept in the Real Time database context) - Primary deficit/surplus without UMTS proceeds - All sectors/ unspecified/ not applicable (ESA2010)-NCBs - General government (ESA2010)-NCBs - Non-financial flows current prices - Percentage,XDC_R_B1GQ,0,Replace,2014-12-03T15:30:00.000+01:00,
RTD.A.S0.N.F_UMS_CGG_D0.F,A,S0,N,F_UMS_CGG_D0,F,2006,1.36689,A,F,,,P1Y,S,,,GFS.A.N.I10.W0.S13.S1._Z.B.B9P._Z._Z._Z.XDC_R_B1GQ._Z.S.V.N._T,,,,,,"See <a class=""external"" href=""http://sdw.ecb.europa.eu/web/generator/docu/rtdb_docu.pdf""> notes</a>; block Annual; series: G",,4,,,"Government primary deficit(-) or surplus(+), percent of GDP",Euro area (moving concept in the Real Time database context) - Primary deficit/surplus without UMTS proceeds - All sectors/ unspecified/ not applicable (ESA2010)-NCBs - General government (ESA2010)-NCBs - Non-financial flows current prices - Percentage,XDC_R_B1GQ,0,Replace,2014-12-03T15:30:00.000+01:00,
RTD.A.S0.N.F_UMS_CGG_D0.F,A,S0,N,F_UMS_CGG_D0,F,2007,2.25437,A,F,,,P1Y,S,,,GFS.A.N.I10.W0.S13.S1._Z.B.B9P._Z._Z._Z.XDC_R_B1GQ._Z.S.V.N._T,,,,,,"See <a class=""external"" href=""http://sdw.ecb.europa.eu/web/generator/docu/rtdb_docu.pdf""> notes</a>; block Annual; series: G",,4,,,"Government primary deficit(-) or surplus(+), percent of GDP",Euro area (moving concept in the Real Time database context) - Primary deficit/surplus without UMTS proceeds - All sectors/ unspecified/ not applicable (ESA2010)-NCBs - General government (ESA2010)-NCBs - Non-financial flows current prices - Percentage,XDC_R_B1GQ,0,Replace,2014-12-03T15:30:00.000+01:00,
RTD.A.S0.N.F_UMS_CGG_D0.F,A,S0,N,F_UMS_CGG_D0,F,2008,0.82937,A,F,,,P1Y,S,,,GFS.A.N.I10.W0.S13.S1._Z.B.B9P._Z._Z._Z.XDC_R_B1GQ._Z.S.V.N._T,,,,,,"See <a class=""external"" href=""http://sdw.ecb.europa.eu/web/generator/docu/rtdb_docu.pdf""> notes</a>; block Annual; series: G",,4,,,"Government primary deficit(-) or surplus(+), percent of GDP",Euro area (moving concept in the Real Time database context) - Primary deficit/surplus without UMTS proceeds - All sectors/ unspecified/ not applicable (ESA2010)-NCBs - General government (ESA2010)-NCBs - Non-financial flows current prices - Percentage,XDC_R_B1GQ,0,Replace,2014-12-03T15:30:00.000+01:00,
RTD.A.S0.N.F_UMS_CGG_D0.F,A,S0,N,F_UMS_CGG_D0,F,2009,-3.39382,A,F,,,P1Y,S,,,GFS.A.N.I10.W0.S13.S1._Z.B.B9P._Z._Z._Z.XDC_R_B1GQ._Z.S.V.N._T,,,,,,"See <a class=""external"" href=""http://sdw.ecb.europa.eu/web/generator/docu/rtdb_docu.pdf""> notes</a>; block Annual; series: G",,4,,,"Government primary deficit(-) or surplus(+), percent of GDP",Euro area (moving concept in the Real Time database context) - Primary deficit/surplus without UMTS proceeds - All sectors/ unspecified/ not applicable (ESA2010)-NCBs - General government (ESA2010)-NCBs - Non-financial flows current prices - Percentage,XDC_R_B1GQ,0,Replace,2014-12-03T15:30:00.000+01:00,
RTD.A.S0.N.F_UMS_CGG_D0.F,A,S0,N,F_UMS_CGG_D0,F,1995,-1.94793,A,F,,,P1Y,S,,,GFS.A.N.I10.W0.S13.S1._Z.B.B9P._Z._Z._Z.XDC_R_B1GQ._Z.S.V.N._T,,,,,,"See <a class=""external"" href=""http://sdw.ecb.europa.eu/web/generator/docu/rtdb_docu.pdf""> notes</a>; block Annual; series: G",,4,,,"Government primary deficit(-) or surplus(+), percent of GDP",Euro area (moving concept in the Real Time database context) - Primary deficit/surplus without UMTS proceeds - All sectors/ unspecified/ not applicable (ESA2010)-NCBs - General government (ESA2010)-NCBs - Non-financial flows current prices - Percentage,XDC_R_B1GQ,0,Replace,2015-06-02T15:30:00.000+02:00,
RTD.A.S0.N.F_UMS_CGG_D0.F,A,S0,N,F_UMS_CGG_D0,F,1996,1.07995,A,F,,,P1Y,S,,,GFS.A.N.I10.W0.S13.S1._Z.B.B9P._Z._Z._Z.XDC_R_B1GQ._Z.S.V.N._T,,,,,,"See <a class=""external"" href=""http://sdw.ecb.europa.eu/web/generator/docu/rtdb_docu.pdf""> notes</a>; block Annual; series: G",,4,,,"Government primary deficit(-) or surplus(+), percent of GDP",Euro area (moving concept in the Real Time database context) - Primary deficit/surplus without UMTS proceeds - All sectors/ unspecified/ not applicable (ESA2010)-NCBs - General government (ESA2010)-NCBs - Non-financial flows current prices - Percentage,XDC_R_B1GQ,0,Replace,2015-06-02T15:30:00.000+02:00,
RTD.A.S0.N.F_UMS_CGG_D0.F,A,S0,N,F_UMS_CGG_D0,F,1997,1.82441,A,F,,,P1Y,S,,,GFS.A.N.I10.W0.S13.S1._Z.B.B9P._Z._Z._Z.XDC_R_B1GQ._Z.S.V.N._T,,,,,,"See <a class=""external"" href=""http://sdw.ecb.europa.eu/web/generator/docu/rtdb_docu.pdf""> notes</a>; block Annual; series: G",,4,,,"Government primary deficit(-) or surplus(+), percent of GDP",Euro area (moving concept in the Real Time database context) - Primary deficit/surplus without UMTS proceeds - All sectors/ unspecified/ not applicable (ESA2010)-NCBs - General government (ESA2010)-NCBs - Non-financial flows current prices - Percentage,XDC_R_B1GQ,0,Replace,2015-06-02T15:30:00.000+02:00,
RTD.A.S0.N.F_UMS_CGG_D0.F,A,S0,N,F_UMS_CGG_D0,F,1998,2.07957,A,F,,,P1Y,S,,,GFS.A.N.I10.W0.S13.S1._Z.B.B9P._Z._Z._Z.XDC_R_B1GQ._Z.S.V.N._T,,,,,,"See <a class=""external"" href=""http://sdw.ecb.europa.eu/web/generator/docu/rtdb_docu.pdf""> notes</a>; block Annual; series: G",,4,,,"Government primary deficit(-) or surplus(+), percent of GDP",Euro area (moving concept in the Real Time database context) - Primary deficit/surplus without UMTS proceeds - All sectors/ unspecified/ not applicable (ESA2010)-NCBs - General government (ESA2010)-NCBs - Non-financial flows current prices - Percentage,XDC_R_B1GQ,0,Replace,2015-06-02T15:30:00.000+02:00,
RTD.A.S0.N.F_UMS_CGG_D0.F,A,S0,N,F_UMS_CGG_D0,F,1999,2.47712,A,F,,,P1Y,S,,,GFS.A.N.I10.W0.S13.S1._Z.B.B9P._Z._Z._Z.XDC_R_B1GQ._Z.S.V.N._T,,,,,,"See <a class=""external"" href=""http://sdw.ecb.europa.eu/web/generator/docu/rtdb_docu.pdf""> notes</a>; block Annual; series: G",,4,,,"Government primary deficit(-) or surplus(+), percent of GDP",Euro area (moving concept in the Real Time database context) - Primary deficit/surplus without UMTS proceeds - All sectors/ unspecified/ not applicable (ESA2010)-NCBs - General government (ESA2010)-NCBs - Non-financial flows current prices - Percentage,XDC_R_B1GQ,0,Replace,2015-06-02T15:30:00.000+02:00,
RTD.A.S0.N.F_UMS_CGG_D0.F,A,S0,N,F_UMS_CGG_D0,F,2000,3.541,A,F,,,P1Y,S,,,GFS.A.N.I10.W0.S13.S1._Z.B.B9P._Z._Z._Z.XDC_R_B1GQ._Z.S.V.N._T,,,,,,"See <a class=""external"" href=""http://sdw.ecb.europa.eu/web/generator/docu/rtdb_docu.pdf""> notes</a>; block Annual; series: G",,4,,,"Government primary deficit(-) or surplus(+), percent of GDP",Euro area (moving concept in the Real Time database context) - Primary deficit/surplus without UMTS proceeds - All sectors/ unspecified/ not applicable (ESA2010)-NCBs - General government (ESA2010)-NCBs - Non-financial flows current prices - Percentage,XDC_R_B1GQ,0,Replace,2015-06-02T15:30:00.000+02:00,
RTD.A.S0.N.F_UMS_CGG_D0.F,A,S0,N,F_UMS_CGG_D0,F,2001,1.67818,A,F,,,P1Y,S,,,GFS.A.N.I10.W0.S13.S1._Z.B.B9P._Z._Z._Z.XDC_R_B1GQ._Z.S.V.N._T,,,,,,"See <a class=""external"" href=""http://sdw.ecb.europa.eu/web/generator/docu/rtdb_docu.pdf""> notes</a>; block Annual; series: G",,4,,,"Government primary deficit(-) or surplus(+), percent of GDP",Euro area (moving concept in the Real Time database context) - Primary deficit/surplus without UMTS proceeds - All sectors/ unspecified/ not applicable (ESA2010)-NCBs - General government (ESA2010)-NCBs - Non-financial flows current prices - Percentage,XDC_R_B1GQ,0,Replace,2015-06-02T15:30:00.000+02:00,
RTD.A.S0.N.F_UMS_CGG_D0.F,A,S0,N,F_UMS_CGG_D0,F,2002,0.74062,A,F,,,P1Y,S,,,GFS.A.N.I10.W0.S13.S1._Z.B.B9P._Z._Z._Z.XDC_R_B1GQ._Z.S.V.N._T,,,,,,"See <a class=""external"" href=""http://sdw.ecb.europa.eu/web/generator/docu/rtdb_docu.pdf""> notes</a>; block Annual; series: G",,4,,,"Government primary deficit(-) or surplus(+), percent of GDP",Euro area (moving concept in the Real Time database context) - Primary deficit/surplus without UMTS proceeds - All sectors/ unspecified/ not applicable (ESA2010)-NCBs - General government (ESA2010)-NCBs - Non-financial flows current prices - Percentage,XDC_R_B1GQ,0,Replace,2015-06-02T15:30:00.000+02:00,
RTD.A.S0.N.F_UMS_CGG_D0.F,A,S0,N,F_UMS_CGG_D0,F,2003,0.10038,A,F,,,P1Y,S,,,GFS.A.N.I10.W0.S13.S1._Z.B.B9P._Z._Z._Z.XDC_R_B1GQ._Z.S.V.N._T,,,,,,"See <a class=""external"" href=""http://sdw.ecb.europa.eu/web/generator/docu/rtdb_docu.pdf""> notes</a>; block Annual; series: G",,4,,,"Government primary deficit(-) or surplus(+), percent of GDP",Euro area (moving concept in the Real Time database context) - Primary deficit/surplus without UMTS proceeds - All sectors/ unspecified/ not applicable (ESA2010)-NCBs - General government (ESA2010)-NCBs - Non-financial flows current prices - Percentage,XDC_R_B1GQ,0,Replace,2015-06-02T15:30:00.000+02:00,
RTD.A.S0.N.F_UMS_CGG_D0.F,A,S0,N,F_UMS_CGG_D0,F,2004,0.11881,A,F,,,P1Y,S,,,GFS.A.N.I10.W0.S13.S1._Z.B.B9P._Z._Z._Z.XDC_R_B1GQ._Z.S.V.N._T,,,,,,"See <a class=""external"" href=""http://sdw.ecb.europa.eu/web/generator/docu/rtdb_docu.pdf""> notes</a>; block Annual; series: G",,4,,,"Government primary deficit(-) or surplus(+), percent of GDP",Euro area (moving concept in the Real Time database context) - Primary deficit/surplus without UMTS proceeds - All sectors/ unspecified/ not applicable (ESA2010)-NCBs - General government (ESA2010)-NCBs - Non-financial flows current prices - Percentage,XDC_R_B1GQ,0,Replace,2015-06-02T15:30:00.000+02:00,
RTD.A.S0.N.F_UMS_CGG_D0.F,A,S0,N,F_UMS_CGG_D0,F,2005,0.3747,A,F,,,P1Y,S,,,GFS.A.N.I10.W0.S13.S1._Z.B.B9P._Z._Z._Z.XDC_R_B1GQ._Z.S.V.N._T,,,,,,"See <a class=""external"" href=""http://sdw.ecb.europa.eu/web/generator/docu/rtdb_docu.pdf""> notes</a>; block Annual; series: G",,4,,,"Government primary deficit(-) or surplus(+), percent of GDP",Euro area (moving concept in the Real Time database context) - Primary deficit/surplus without UMTS proceeds - All sectors/ unspecified/ not applicable (ESA2010)-NCBs - General government (ESA2010)-NCBs - Non-financial flows current prices - Percentage,XDC_R_B1GQ,0,Replace,2015-06-02T15:30:00.000+02:00,
RTD.A.S0.N.F_UMS_CGG_D0.F,A,S0,N,F_UMS_CGG_D0,F,2006,1.36534,A,F,,,P1Y,S,,,GFS.A.N.I10.W0.S13.S1._Z.B.B9P._Z._Z._Z.XDC_R_B1GQ._Z.S.V.N._T,,,,,,"See <a class=""external"" href=""http://sdw.ecb.europa.eu/web/generator/docu/rtdb_docu.pdf""> notes</a>; block Annual; series: G",,4,,,"Government primary deficit(-) or surplus(+), percent of GDP",Euro area (moving concept in the Real Time database context) - Primary deficit/surplus without UMTS proceeds - All sectors/ unspecified/ not applicable (ESA2010)-NCBs - General government (ESA2010)-NCBs - Non-financial flows current prices - Percentage,XDC_R_B1GQ,0,Replace,2015-06-02T15:30:00.000+02:00,
RTD.A.S0.N.F_UMS_CGG_D0.F,A,S0,N,F_UMS_CGG_D0,F,2007,2.24771,A,F,,,P1Y,S,,,GFS.A.N.I10.W0.S13.S1._Z.B.B9P._Z._Z._Z.XDC_R_B1GQ._Z.S.V.N._T,,,,,,"See <a class=""external"" href=""http://sdw.ecb.europa.eu/web/generator/docu/rtdb_docu.pdf""> notes</a>; block Annual; series: G",,4,,,"Government primary deficit(-) or surplus(+), percent of GDP",Euro area (moving concept in the Real Time database context) - Primary deficit/surplus without UMTS proceeds - All sectors/ unspecified/ not applicable (ESA2010)-NCBs - General government (ESA2010)-NCBs - Non-financial flows current prices - Percentage,XDC_R_B1GQ,0,Replace,2015-06-02T15:30:00.000+02:00,
RTD.A.S0.N.F_UMS_CGG_D0.F,A,S0,N,F_UMS_CGG_D0,F,2008,0.81985,A,F,,,P1Y,S,,,GFS.A.N.I10.W0.S13.S1._Z.B.B9P._Z._Z._Z.XDC_R_B1GQ._Z.S.V.N._T,,,,,,"See <a class=""external"" href=""http://sdw.ecb.europa.eu/web/generator/docu/rtdb_docu.pdf""> notes</a>; block Annual; series: G",,4,,,"Government primary deficit(-) or surplus(+), percent of GDP",Euro area (moving concept in the Real Time database context) - Primary deficit/surplus without UMTS proceeds - All sectors/ unspecified/ not applicable (ESA2010)-NCBs - General government (ESA2010)-NCBs - Non-financial flows current prices - Percentage,XDC_R_B1GQ,0,Replace,2015-06-02T15:30:00.000+02:00,
RTD.A.S0.N.F_UMS_CGG_D0.F,A,S0,N,F_UMS_CGG_D0,F,2009,-3.42591,A,F,,,P1Y,S,,,GFS.A.N.I10.W0.S13.S1._Z.B.B9P._Z._Z._Z.XDC_R_B1GQ._Z.S.V.N._T,,,,,,"See <a class=""external"" href=""http://sdw.ecb.europa.eu/web/generator/docu/rtdb_docu.pdf""> notes</a>; block Annual; series: G",,4,,,"Government primary deficit(-) or surplus(+), percent of GDP",Euro area (moving concept in the Real Time database context) - Primary deficit/surplus without UMTS proceeds - All sectors/ unspecified/ not applicable (ESA2010)-NCBs - General government (ESA2010)-NCBs - Non-financial flows current prices - Percentage,XDC_R_B1GQ,0,Replace,2015-06-02T15:30:00.000+02:00,
RTD.A.S0.N.F_UMS_CGG_D0.F,A,S0,N,F_UMS_CGG_D0,F,2010,-3.39609,A,F,,,P1Y,S,,,GFS.A.N.I10.W0.S13.S1._Z.B.B9P._Z._Z._Z.XDC_R_B1GQ._Z.S.V.N._T,,,,,,"See <a class=""external"" href=""http://sdw.ecb.europa.eu/web/generator/docu/rtdb_docu.pdf""> notes</a>; block Annual; series: G",,4,,,"Government primary deficit(-) or surplus(+), percent of GDP",Euro area (moving concept in the Real Time database context) - Primary deficit/surplus without UMTS proceeds - All sectors/ unspecified/ not applicable (ESA2010)-NCBs - General government (ESA2010)-NCBs - Non-financial flows current prices - Percentage,XDC_R_B1GQ,0,Replace,2015-06-02T15:30:00.000+02:00,
RTD.A.S0.N.F_UMS_CGG_D0.F,A,S0,N,F_UMS_CGG_D0,F,2011,-1.1693,A,F,,,P1Y,S,,,GFS.A.N.I10.W0.S13.S1._Z.B.B9P._Z._Z._Z.XDC_R_B1GQ._Z.S.V.N._T,,,,,,"See <a class=""external"" href=""http://sdw.ecb.europa.eu/web/generator/docu/rtdb_docu.pdf""> notes</a>; block Annual; series: G",,4,,,"Government primary deficit(-) or surplus(+), percent of GDP",Euro area (moving concept in the Real Time database context) - Primary deficit/surplus without UMTS proceeds - All sectors/ unspecified/ not applicable (ESA2010)-NCBs - General government (ESA2010)-NCBs - Non-financial flows current prices - Percentage,XDC_R_B1GQ,0,Replace,2015-06-02T15:30:00.000+02:00,
RTD.A.S0.N.F_UMS_CGG_D0.F,A,S0,N,F_UMS_CGG_D0,F,2012,-0.59942,A,F,,,P1Y,S,,,GFS.A.N.I10.W0.S13.S1._Z.B.B9P._Z._Z._Z.XDC_R_B1GQ._Z.S.V.N._T,,,,,,"See <a class=""external"" href=""http://sdw.ecb.europa.eu/web/generator/docu/rtdb_docu.pdf""> notes</a>; block Annual; series: G",,4,,,"Government primary deficit(-) or surplus(+), percent of GDP",Euro area (moving concept in the Real Time database context) - Primary deficit/surplus without UMTS proceeds - All sectors/ unspecified/ not applicable (ESA2010)-NCBs - General government (ESA2010)-NCBs - Non-financial flows current prices - Percentage,XDC_R_B1GQ,0,Replace,2015-06-02T15:30:00.000+02:00,
RTD.A.S0.N.F_UMS_CGG_D0.F,A,S0,N,F_UMS_CGG_D0,F,2013,-0.09749,A,F,,,P1Y,S,,,GFS.A.N.I10.W0.S13.S1._Z.B.B9P._Z._Z._Z.XDC_R_B1GQ._Z.S.V.N._T,,,,,,"See <a class=""external"" href=""http://sdw.ecb.europa.eu/web/generator/docu/rtdb_docu.pdf""> notes</a>; block Annual; series: G",,4,,,"Government primary deficit(-) or surplus(+), percent of GDP",Euro area (moving concept in the Real Time database context) - Primary deficit/surplus without UMTS proceeds - All sectors/ unspecified/ not applicable (ESA2010)-NCBs - General government (ESA2010)-NCBs - Non-financial flows current prices - Percentage,XDC_R_B1GQ,0,Replace,2015-06-02T15:30:00.000+02:00,
RTD.A.S0.N.F_UMS_CGG_D0.F,A,S0,N,F_UMS_CGG_D0,F,2014,0.19692,A,F,,,P1Y,S,,,GFS.A.N.I10.W0.S13.S1._Z.B.B9P._Z._Z._Z.XDC_R_B1GQ._Z.S.V.N._T,,,,,,"See <a class=""external"" href=""http://sdw.ecb.europa.eu/web/generator/docu/rtdb_docu.pdf""> notes</a>; block Annual; series: G",,4,,,"Government primary deficit(-) or surplus(+), percent of GDP",Euro area (moving concept in the Real Time database context) - Primary deficit/surplus without UMTS proceeds - All sectors/ unspecified/ not applicable (ESA2010)-NCBs - General government (ESA2010)-NCBs - Non-financial flows current prices - Percentage,XDC_R_B1GQ,0,Replace,2015-06-02T15:30:00.000+02:00,
RTD.A.S0.N.F_UMS_CGG_D0.F,A,S0,N,F_UMS_CGG_D0,F,1995,-1.96932,A,F,,,P1Y,S,,,GFS.A.N.I10.W0.S13.S1._Z.B.B9P._Z._Z._Z.XDC_R_B1GQ._Z.S.V.N._T,,,,,,"See <a class=""external"" href=""http://sdw.ecb.europa.eu/web/generator/docu/rtdb_docu.pdf""> notes</a>; block Annual; series: G",,4,,,"Government primary deficit(-) or surplus(+), percent of GDP",Euro area (moving concept in the Real Time database context) - Primary deficit/surplus without UMTS proceeds - All sectors/ unspecified/ not applicable (ESA2010)-NCBs - General government (ESA2010)-NCBs - Non-financial flows current prices - Percentage,XDC_R_B1GQ,0,Replace,2015-10-21T15:30:00.000+02:00,
RTD.A.S0.N.F_UMS_CGG_D0.F,A,S0,N,F_UMS_CGG_D0,F,1996,1.03536,A,F,,,P1Y,S,,,GFS.A.N.I10.W0.S13.S1._Z.B.B9P._Z._Z._Z.XDC_R_B1GQ._Z.S.V.N._T,,,,,,"See <a class=""external"" href=""http://sdw.ecb.europa.eu/web/generator/docu/rtdb_docu.pdf""> notes</a>; block Annual; series: G",,4,,,"Government primary deficit(-) or surplus(+), percent of GDP",Euro area (moving concept in the Real Time database context) - Primary deficit/surplus without UMTS proceeds - All sectors/ unspecified/ not applicable (ESA2010)-NCBs - General government (ESA2010)-NCBs - Non-financial flows current prices - Percentage,XDC_R_B1GQ,0,Replace,2015-10-21T15:30:00.000+02:00,
RTD.A.S0.N.F_UMS_CGG_D0.F,A,S0,N,F_UMS_CGG_D0,F,1997,1.79724,A,F,,,P1Y,S,,,GFS.A.N.I10.W0.S13.S1._Z.B.B9P._Z._Z._Z.XDC_R_B1GQ._Z.S.V.N._T,,,,,,"See <a class=""external"" href=""http://sdw.ecb.europa.eu/web/generator/docu/rtdb_docu.pdf""> notes</a>; block Annual; series: G",,4,,,"Government primary deficit(-) or surplus(+), percent of GDP",Euro area (moving concept in the Real Time database context) - Primary deficit/surplus without UMTS proceeds - All sectors/ unspecified/ not applicable (ESA2010)-NCBs - General government (ESA2010)-NCBs - Non-financial flows current prices - Percentage,XDC_R_B1GQ,0,Replace,2015-10-21T15:30:00.000+02:00,
RTD.A.S0.N.F_UMS_CGG_D0.F,A,S0,N,F_UMS_CGG_D0,F,1998,2.04995,A,F,,,P1Y,S,,,GFS.A.N.I10.W0.S13.S1._Z.B.B9P._Z._Z._Z.XDC_R_B1GQ._Z.S.V.N._T,,,,,,"See <a class=""external"" href=""http://sdw.ecb.europa.eu/web/generator/docu/rtdb_docu.pdf""> notes</a>; block Annual; series: G",,4,,,"Government primary deficit(-) or surplus(+), percent of GDP",Euro area (moving concept in the Real Time database context) - Primary deficit/surplus without UMTS proceeds - All sectors/ unspecified/ not applicable (ESA2010)-NCBs - General government (ESA2010)-NCBs - Non-financial flows current prices - Percentage,XDC_R_B1GQ,0,Replace,2015-10-21T15:30:00.000+02:00,
RTD.A.S0.N.F_UMS_CGG_D0.F,A,S0,N,F_UMS_CGG_D0,F,1999,2.43063,A,F,,,P1Y,S,,,GFS.A.N.I10.W0.S13.S1._Z.B.B9P._Z._Z._Z.XDC_R_B1GQ._Z.S.V.N._T,,,,,,"See <a class=""external"" href=""http://sdw.ecb.europa.eu/web/generator/docu/rtdb_docu.pdf""> notes</a>; block Annual; series: G",,4,,,"Government primary deficit(-) or surplus(+), percent of GDP",Euro area (moving concept in the Real Time database context) - Primary deficit/surplus without UMTS proceeds - All sectors/ unspecified/ not applicable (ESA2010)-NCBs - General government (ESA2010)-NCBs - Non-financial flows current prices - Percentage,XDC_R_B1GQ,0,Replace,2015-10-21T15:30:00.000+02:00,
RTD.A.S0.N.F_UMS_CGG_D0.F,A,S0,N,F_UMS_CGG_D0,F,2000,3.51085,A,F,,,P1Y,S,,,GFS.A.N.I10.W0.S13.S1._Z.B.B9P._Z._Z._Z.XDC_R_B1GQ._Z.S.V.N._T,,,,,,"See <a class=""external"" href=""http://sdw.ecb.europa.eu/web/generator/docu/rtdb_docu.pdf""> notes</a>; block Annual; series: G",,4,,,"Government primary deficit(-) or surplus(+), percent of GDP",Euro area (moving concept in the Real Time database context) - Primary deficit/surplus without UMTS proceeds - All sectors/ unspecified/ not applicable (ESA2010)-NCBs - General government (ESA2010)-NCBs - Non-financial flows current prices - Percentage,XDC_R_B1GQ,0,Replace,2015-10-21T15:30:00.000+02:00,
RTD.A.S0.N.F_UMS_CGG_D0.F,A,S0,N,F_UMS_CGG_D0,F,2001,1.66765,A,F,,,P1Y,S,,,GFS.A.N.I10.W0.S13.S1._Z.B.B9P._Z._Z._Z.XDC_R_B1GQ._Z.S.V.N._T,,,,,,"See <a class=""external"" href=""http://sdw.ecb.europa.eu/web/generator/docu/rtdb_docu.pdf""> notes</a>; block Annual; series: G",,4,,,"Government primary deficit(-) or surplus(+), percent of GDP",Euro area (moving concept in the Real Time database context) - Primary deficit/surplus without UMTS proceeds - All sectors/ unspecified/ not applicable (ESA2010)-NCBs - General government (ESA2010)-NCBs - Non-financial flows current prices - Percentage,XDC_R_B1GQ,0,Replace,2015-10-21T15:30:00.000+02:00,
RTD.A.S0.N.F_UMS_CGG_D0.F,A,S0,N,F_UMS_CGG_D0,F,2002,0.7302,A,F,,,P1Y,S,,,GFS.A.N.I10.W0.S13.S1._Z.B.B9P._Z._Z._Z.XDC_R_B1GQ._Z.S.V.N._T,,,,,,"See <a class=""external"" href=""http://sdw.ecb.europa.eu/web/generator/docu/rtdb_docu.pdf""> notes</a>; block Annual; series: G",,4,,,"Government primary deficit(-) or surplus(+), percent of GDP",Euro area (moving concept in the Real Time database context) - Primary deficit/surplus without UMTS proceeds - All sectors/ unspecified/ not applicable (ESA2010)-NCBs - General government (ESA2010)-NCBs - Non-financial flows current prices - Percentage,XDC_R_B1GQ,0,Replace,2015-10-21T15:30:00.000+02:00,
RTD.A.S0.N.F_UMS_CGG_D0.F,A,S0,N,F_UMS_CGG_D0,F,2003,0.07548,A,F,,,P1Y,S,,,GFS.A.N.I10.W0.S13.S1._Z.B.B9P._Z._Z._Z.XDC_R_B1GQ._Z.S.V.N._T,,,,,,"See <a class=""external"" href=""http://sdw.ecb.europa.eu/web/generator/docu/rtdb_docu.pdf""> notes</a>; block Annual; series: G",,4,,,"Government primary deficit(-) or surplus(+), percent of GDP",Euro area (moving concept in the Real Time database context) - Primary deficit/surplus without UMTS proceeds - All sectors/ unspecified/ not applicable (ESA2010)-NCBs - General government (ESA2010)-NCBs - Non-financial flows current prices - Percentage,XDC_R_B1GQ,0,Replace,2015-10-21T15:30:00.000+02:00,
RTD.A.S0.N.F_UMS_CGG_D0.F,A,S0,N,F_UMS_CGG_D0,F,2004,0.10134,A,F,,,P1Y,S,,,GFS.A.N.I10.W0.S13.S1._Z.B.B9P._Z._Z._Z.XDC_R_B1GQ._Z.S.V.N._T,,,,,,"See <a class=""external"" href=""http://sdw.ecb.europa.eu/web/generator/docu/rtdb_docu.pdf""> notes</a>; block Annual; series: G",,4,,,"Government primary deficit(-) or surplus(+), percent of GDP",Euro area (moving concept in the Real Time database context) - Primary deficit/surplus without UMTS proceeds - All sectors/ unspecified/ not applicable (ESA2010)-NCBs - General government (ESA2010)-NCBs - Non-financial flows current prices - Percentage,XDC_R_B1GQ,0,Replace,2015-10-21T15:30:00.000+02:00,
RTD.A.S0.N.F_UMS_CGG_D0.F,A,S0,N,F_UMS_CGG_D0,F,2005,0.33438,A,F,,,P1Y,S,,,GFS.A.N.I10.W0.S13.S1._Z.B.B9P._Z._Z._Z.XDC_R_B1GQ._Z.S.V.N._T,,,,,,"See <a class=""external"" href=""http://sdw.ecb.europa.eu/web/generator/docu/rtdb_docu.pdf""> notes</a>; block Annual; series: G",,4,,,"Government primary deficit(-) or surplus(+), percent of GDP",Euro area (moving concept in the Real Time database context) - Primary deficit/surplus without UMTS proceeds - All sectors/ unspecified/ not applicable (ESA2010)-NCBs - General government (ESA2010)-NCBs - Non-financial flows current prices - Percentage,XDC_R_B1GQ,0,Replace,2015-10-21T15:30:00.000+02:00,
RTD.A.S0.N.F_UMS_CGG_D0.F,A,S0,N,F_UMS_CGG_D0,F,2006,1.32398,A,F,,,P1Y,S,,,GFS.A.N.I10.W0.S13.S1._Z.B.B9P._Z._Z._Z.XDC_R_B1GQ._Z.S.V.N._T,,,,,,"See <a class=""external"" href=""http://sdw.ecb.europa.eu/web/generator/docu/rtdb_docu.pdf""> notes</a>; block Annual; series: G",,4,,,"Government primary deficit(-) or surplus(+), percent of GDP",Euro area (moving concept in the Real Time database context) - Primary deficit/surplus without UMTS proceeds - All sectors/ unspecified/ not applicable (ESA2010)-NCBs - General government (ESA2010)-NCBs - Non-financial flows current prices - Percentage,XDC_R_B1GQ,0,Replace,2015-10-21T15:30:00.000+02:00,
RTD.A.S0.N.F_UMS_CGG_D0.F,A,S0,N,F_UMS_CGG_D0,F,2007,2.21963,A,F,,,P1Y,S,,,GFS.A.N.I10.W0.S13.S1._Z.B.B9P._Z._Z._Z.XDC_R_B1GQ._Z.S.V.N._T,,,,,,"See <a class=""external"" href=""http://sdw.ecb.europa.eu/web/generator/docu/rtdb_docu.pdf""> notes</a>; block Annual; series: G",,4,,,"Government primary deficit(-) or surplus(+), percent of GDP",Euro area (moving concept in the Real Time database context) - Primary deficit/surplus without UMTS proceeds - All sectors/ unspecified/ not applicable (ESA2010)-NCBs - General government (ESA2010)-NCBs - Non-financial flows current prices - Percentage,XDC_R_B1GQ,0,Replace,2015-10-21T15:30:00.000+02:00,
RTD.A.S0.N.F_UMS_CGG_D0.F,A,S0,N,F_UMS_CGG_D0,F,2008,0.77755,A,F,,,P1Y,S,,,GFS.A.N.I10.W0.S13.S1._Z.B.B9P._Z._Z._Z.XDC_R_B1GQ._Z.S.V.N._T,,,,,,"See <a class=""external"" href=""http://sdw.ecb.europa.eu/web/generator/docu/rtdb_docu.pdf""> notes</a>; block Annual; series: G",,4,,,"Government primary deficit(-) or surplus(+), percent of GDP",Euro area (moving concept in the Real Time database context) - Primary deficit/surplus without UMTS proceeds - All sectors/ unspecified/ not applicable (ESA2010)-NCBs - General government (ESA2010)-NCBs - Non-financial flows current prices - Percentage,XDC_R_B1GQ,0,Replace,2015-10-21T15:30:00.000+02:00,
RTD.A.S0.N.F_UMS_CGG_D0.F,A,S0,N,F_UMS_CGG_D0,F,2009,-3.45995,A,F,,,P1Y,S,,,GFS.A.N.I10.W0.S13.S1._Z.B.B9P._Z._Z._Z.XDC_R_B1GQ._Z.S.V.N._T,,,,,,"See <a class=""external"" href=""http://sdw.ecb.europa.eu/web/generator/docu/rtdb_docu.pdf""> notes</a>; block Annual; series: G",,4,,,"Government primary deficit(-) or surplus(+), percent of GDP",Euro area (moving concept in the Real Time database context) - Primary deficit/surplus without UMTS proceeds - All sectors/ unspecified/ not applicable (ESA2010)-NCBs - General government (ESA2010)-NCBs - Non-financial flows current prices - Percentage,XDC_R_B1GQ,0,Replace,2015-10-21T15:30:00.000+02:00,
RTD.A.S0.N.F_UMS_CGG_D0.F,A,S0,N,F_UMS_CGG_D0,F,2010,-3.42333,A,F,,,P1Y,S,,,GFS.A.N.I10.W0.S13.S1._Z.B.B9P._Z._Z._Z.XDC_R_B1GQ._Z.S.V.N._T,,,,,,"See <a class=""external"" href=""http://sdw.ecb.europa.eu/web/generator/docu/rtdb_docu.pdf""> notes</a>; block Annual; series: G",,4,,,"Government primary deficit(-) or surplus(+), percent of GDP",Euro area (moving concept in the Real Time database context) - Primary deficit/surplus without UMTS proceeds - All sectors/ unspecified/ not applicable (ESA2010)-NCBs - General government (ESA2010)-NCBs - Non-financial flows current prices - Percentage,XDC_R_B1GQ,0,Replace,2015-10-21T15:30:00.000+02:00,
RTD.A.S0.N.F_UMS_CGG_D0.F,A,S0,N,F_UMS_CGG_D0,F,2011,-1.17846,A,F,,,P1Y,S,,,GFS.A.N.I10.W0.S13.S1._Z.B.B9P._Z._Z._Z.XDC_R_B1GQ._Z.S.V.N._T,,,,,,"See <a class=""external"" href=""http://sdw.ecb.europa.eu/web/generator/docu/rtdb_docu.pdf""> notes</a>; block Annual; series: G",,4,,,"Government primary deficit(-) or surplus(+), percent of GDP",Euro area (moving concept in the Real Time database context) - Primary deficit/surplus without UMTS proceeds - All sectors/ unspecified/ not applicable (ESA2010)-NCBs - General government (ESA2010)-NCBs - Non-financial flows current prices - Percentage,XDC_R_B1GQ,0,Replace,2015-10-21T15:30:00.000+02:00,
RTD.A.S0.N.F_UMS_CGG_D0.F,A,S0,N,F_UMS_CGG_D0,F,2012,-0.63727,A,F,,,P1Y,S,,,GFS.A.N.I10.W0.S13.S1._Z.B.B9P._Z._Z._Z.XDC_R_B1GQ._Z.S.V.N._T,,,,,,"See <a class=""external"" href=""http://sdw.ecb.europa.eu/web/generator/docu/rtdb_docu.pdf""> notes</a>; block Annual; series: G",,4,,,"Government primary deficit(-) or surplus(+), percent of GDP",Euro area (moving concept in the Real Time database context) - Primary deficit/surplus without UMTS proceeds - All sectors/ unspecified/ not applicable (ESA2010)-NCBs - General government (ESA2010)-NCBs - Non-financial flows current prices - Percentage,XDC_R_B1GQ,0,Replace,2015-10-21T15:30:00.000+02:00,
RTD.A.S0.N.F_UMS_CGG_D0.F,A,S0,N,F_UMS_CGG_D0,F,2013,-0.18215,A,F,,,P1Y,S,,,GFS.A.N.I10.W0.S13.S1._Z.B.B9P._Z._Z._Z.XDC_R_B1GQ._Z.S.V.N._T,,,,,,"See <a class=""external"" href=""http://sdw.ecb.europa.eu/web/generator/docu/rtdb_docu.pdf""> notes</a>; block Annual; series: G",,4,,,"Government primary deficit(-) or surplus(+), percent of GDP",Euro area (moving concept in the Real Time database context) - Primary deficit/surplus without UMTS proceeds - All sectors/ unspecified/ not applicable (ESA2010)-NCBs - General government (ESA2010)-NCBs - Non-financial flows current prices - Percentage,XDC_R_B1GQ,0,Replace,2015-10-21T15:30:00.000+02:00,
RTD.A.S0.N.F_UMS_CGG_D0.F,A,S0,N,F_UMS_CGG_D0,F,2014,0.07145,A,F,,,P1Y,S,,,GFS.A.N.I10.W0.S13.S1._Z.B.B9P._Z._Z._Z.XDC_R_B1GQ._Z.S.V.N._T,,,,,,"See <a class=""external"" href=""http://sdw.ecb.europa.eu/web/generator/docu/rtdb_docu.pdf""> notes</a>; block Annual; series: G",,4,,,"Government primary deficit(-) or surplus(+), percent of GDP",Euro area (moving concept in the Real Time database context) - Primary deficit/surplus without UMTS proceeds - All sectors/ unspecified/ not applicable (ESA2010)-NCBs - General government (ESA2010)-NCBs - Non-financial flows current prices - Percentage,XDC_R_B1GQ,0,Replace,2015-10-21T15:30:00.000+02:00,
RTD.A.S0.N.F_UMS_CGG_D0.F,A,S0,N,F_UMS_CGG_D0,F,2001,1.66747,A,F,,,P1Y,S,,,GFS.A.N.I10.W0.S13.S1._Z.B.B9P._Z._Z._Z.XDC_R_B1GQ._Z.S.V.N._T,,,,,,"See <a class=""external"" href=""http://sdw.ecb.europa.eu/web/generator/docu/rtdb_docu.pdf""> notes</a>; block Annual; series: G",,4,,,"Government primary deficit(-) or surplus(+), percent of GDP",Euro area (moving concept in the Real Time database context) - Primary deficit/surplus without UMTS proceeds - All sectors/ unspecified/ not applicable (ESA2010)-NCBs - General government (ESA2010)-NCBs - Non-financial flows current prices - Percentage,XDC_R_B1GQ,0,Replace,2015-12-02T15:30:00.000+01:00,
RTD.A.S0.N.F_UMS_CGG_D0.F,A,S0,N,F_UMS_CGG_D0,F,2002,0.73003,A,F,,,P1Y,S,,,GFS.A.N.I10.W0.S13.S1._Z.B.B9P._Z._Z._Z.XDC_R_B1GQ._Z.S.V.N._T,,,,,,"See <a class=""external"" href=""http://sdw.ecb.europa.eu/web/generator/docu/rtdb_docu.pdf""> notes</a>; block Annual; series: G",,4,,,"Government primary deficit(-) or surplus(+), percent of GDP",Euro area (moving concept in the Real Time database context) - Primary deficit/surplus without UMTS proceeds - All sectors/ unspecified/ not applicable (ESA2010)-NCBs - General government (ESA2010)-NCBs - Non-financial flows current prices - Percentage,XDC_R_B1GQ,0,Replace,2015-12-02T15:30:00.000+01:00,
RTD.A.S0.N.F_UMS_CGG_D0.F,A,S0,N,F_UMS_CGG_D0,F,2003,0.07547,A,F,,,P1Y,S,,,GFS.A.N.I10.W0.S13.S1._Z.B.B9P._Z._Z._Z.XDC_R_B1GQ._Z.S.V.N._T,,,,,,"See <a class=""external"" href=""http://sdw.ecb.europa.eu/web/generator/docu/rtdb_docu.pdf""> notes</a>; block Annual; series: G",,4,,,"Government primary deficit(-) or surplus(+), percent of GDP",Euro area (moving concept in the Real Time database context) - Primary deficit/surplus without UMTS proceeds - All sectors/ unspecified/ not applicable (ESA2010)-NCBs - General government (ESA2010)-NCBs - Non-financial flows current prices - Percentage,XDC_R_B1GQ,0,Replace,2015-12-02T15:30:00.000+01:00,
RTD.A.S0.N.F_UMS_CGG_D0.F,A,S0,N,F_UMS_CGG_D0,F,2004,0.10132,A,F,,,P1Y,S,,,GFS.A.N.I10.W0.S13.S1._Z.B.B9P._Z._Z._Z.XDC_R_B1GQ._Z.S.V.N._T,,,,,,"See <a class=""external"" href=""http://sdw.ecb.europa.eu/web/generator/docu/rtdb_docu.pdf""> notes</a>; block Annual; series: G",,4,,,"Government primary deficit(-) or surplus(+), percent of GDP",Euro area (moving concept in the Real Time database context) - Primary deficit/surplus without UMTS proceeds - All sectors/ unspecified/ not applicable (ESA2010)-NCBs - General government (ESA2010)-NCBs - Non-financial flows current prices - Percentage,XDC_R_B1GQ,0,Replace,2015-12-02T15:30:00.000+01:00,
RTD.A.S0.N.F_UMS_CGG_D0.F,A,S0,N,F_UMS_CGG_D0,F,2005,0.33434,A,F,,,P1Y,S,,,GFS.A.N.I10.W0.S13.S1._Z.B.B9P._Z._Z._Z.XDC_R_B1GQ._Z.S.V.N._T,,,,,,"See <a class=""external"" href=""http://sdw.ecb.europa.eu/web/generator/docu/rtdb_docu.pdf""> notes</a>; block Annual; series: G",,4,,,"Government primary deficit(-) or surplus(+), percent of GDP",Euro area (moving concept in the Real Time database context) - Primary deficit/surplus without UMTS proceeds - All sectors/ unspecified/ not applicable (ESA2010)-NCBs - General government (ESA2010)-NCBs - Non-financial flows current prices - Percentage,XDC_R_B1GQ,0,Replace,2015-12-02T15:30:00.000+01:00,
RTD.A.S0.N.F_UMS_CGG_D0.F,A,S0,N,F_UMS_CGG_D0,F,2007,2.21966,A,F,,,P1Y,S,,,GFS.A.N.I10.W0.S13.S1._Z.B.B9P._Z._Z._Z.XDC_R_B1GQ._Z.S.V.N._T,,,,,,"See <a class=""external"" href=""http://sdw.ecb.europa.eu/web/generator/docu/rtdb_docu.pdf""> notes</a>; block Annual; series: G",,4,,,"Government primary deficit(-) or surplus(+), percent of GDP",Euro area (moving concept in the Real Time database context) - Primary deficit/surplus without UMTS proceeds - All sectors/ unspecified/ not applicable (ESA2010)-NCBs - General government (ESA2010)-NCBs - Non-financial flows current prices - Percentage,XDC_R_B1GQ,0,Replace,2015-12-02T15:30:00.000+01:00,
RTD.A.S0.N.F_UMS_CGG_D0.F,A,S0,N,F_UMS_CGG_D0,F,2009,-3.45992,A,F,,,P1Y,S,,,GFS.A.N.I10.W0.S13.S1._Z.B.B9P._Z._Z._Z.XDC_R_B1GQ._Z.S.V.N._T,,,,,,"See <a class=""external"" href=""http://sdw.ecb.europa.eu/web/generator/docu/rtdb_docu.pdf""> notes</a>; block Annual; series: G",,4,,,"Government primary deficit(-) or surplus(+), percent of GDP",Euro area (moving concept in the Real Time database context) - Primary deficit/surplus without UMTS proceeds - All sectors/ unspecified/ not applicable (ESA2010)-NCBs - General government (ESA2010)-NCBs - Non-financial flows current prices - Percentage,XDC_R_B1GQ,0,Replace,2015-12-02T15:30:00.000+01:00,
RTD.A.S0.N.F_UMS_CGG_D0.F,A,S0,N,F_UMS_CGG_D0,F,2010,-3.42339,A,F,,,P1Y,S,,,GFS.A.N.I10.W0.S13.S1._Z.B.B9P._Z._Z._Z.XDC_R_B1GQ._Z.S.V.N._T,,,,,,"See <a class=""external"" href=""http://sdw.ecb.europa.eu/web/generator/docu/rtdb_docu.pdf""> notes</a>; block Annual; series: G",,4,,,"Government primary deficit(-) or surplus(+), percent of GDP",Euro area (moving concept in the Real Time database context) - Primary deficit/surplus without UMTS proceeds - All sectors/ unspecified/ not applicable (ESA2010)-NCBs - General government (ESA2010)-NCBs - Non-financial flows current prices - Percentage,XDC_R_B1GQ,0,Replace,2015-12-02T15:30:00.000+01:00,
RTD.A.S0.N.F_UMS_CGG_D0.F,A,S0,N,F_UMS_CGG_D0,F,2011,-1.17827,A,F,,,P1Y,S,,,GFS.A.N.I10.W0.S13.S1._Z.B.B9P._Z._Z._Z.XDC_R_B1GQ._Z.S.V.N._T,,,,,,"See <a class=""external"" href=""http://sdw.ecb.europa.eu/web/generator/docu/rtdb_docu.pdf""> notes</a>; block Annual; series: G",,4,,,"Government primary deficit(-) or surplus(+), percent of GDP",Euro area (moving concept in the Real Time database context) - Primary deficit/surplus without UMTS proceeds - All sectors/ unspecified/ not applicable (ESA2010)-NCBs - General government (ESA2010)-NCBs - Non-financial flows current prices - Percentage,XDC_R_B1GQ,0,Replace,2015-12-02T15:30:00.000+01:00,
RTD.A.S0.N.F_UMS_CGG_D0.F,A,S0,N,F_UMS_CGG_D0,F,2012,-0.63758,A,F,,,P1Y,S,,,GFS.A.N.I10.W0.S13.S1._Z.B.B9P._Z._Z._Z.XDC_R_B1GQ._Z.S.V.N._T,,,,,,"See <a class=""external"" href=""http://sdw.ecb.europa.eu/web/generator/docu/rtdb_docu.pdf""> notes</a>; block Annual; series: G",,4,,,"Government primary deficit(-) or surplus(+), percent of GDP",Euro area (moving concept in the Real Time database context) - Primary deficit/surplus without UMTS proceeds - All sectors/ unspecified/ not applicable (ESA2010)-NCBs - General government (ESA2010)-NCBs - Non-financial flows current prices - Percentage,XDC_R_B1GQ,0,Replace,2015-12-02T15:30:00.000+01:00,
RTD.A.S0.N.F_UMS_CGG_D0.F,A,S0,N,F_UMS_CGG_D0,F,2013,-0.16678,A,F,,,P1Y,S,,,GFS.A.N.I10.W0.S13.S1._Z.B.B9P._Z._Z._Z.XDC_R_B1GQ._Z.S.V.N._T,,,,,,"See <a class=""external"" href=""http://sdw.ecb.europa.eu/web/generator/docu/rtdb_docu.pdf""> notes</a>; block Annual; series: G",,4,,,"Government primary deficit(-) or surplus(+), percent of GDP",Euro area (moving concept in the Real Time database context) - Primary deficit/surplus without UMTS proceeds - All sectors/ unspecified/ not applicable (ESA2010)-NCBs - General government (ESA2010)-NCBs - Non-financial flows current prices - Percentage,XDC_R_B1GQ,0,Replace,2015-12-02T15:30:00.000+01:00,
RTD.A.S0.N.F_UMS_CGG_D0.F,A,S0,N,F_UMS_CGG_D0,F,2014,0.07112,A,F,,,P1Y,S,,,GFS.A.N.I10.W0.S13.S1._Z.B.B9P._Z._Z._Z.XDC_R_B1GQ._Z.S.V.N._T,,,,,,"See <a class=""external"" href=""http://sdw.ecb.europa.eu/web/generator/docu/rtdb_docu.pdf""> notes</a>; block Annual; series: G",,4,,,"Government primary deficit(-) or surplus(+), percent of GDP",Euro area (moving concept in the Real Time database context) - Primary deficit/surplus without UMTS proceeds - All sectors/ unspecified/ not applicable (ESA2010)-NCBs - General government (ESA2010)-NCBs - Non-financial flows current prices - Percentage,XDC_R_B1GQ,0,Replace,2015-12-02T15:30:00.000+01:00,
RTD.A.S0.N.F_UMS_CGG_D0.F,A,S0,N,F_UMS_CGG_D0,F,1995,-1.9872,A,F,,,P1Y,S,,,GFS.A.N.I10.W0.S13.S1._Z.B.B9P._Z._Z._Z.XDC_R_B1GQ._Z.S.V.N._T,,,,,,"See <a class=""external"" href=""http://sdw.ecb.europa.eu/web/generator/docu/rtdb_docu.pdf""> notes</a>; block Annual; series: G",,4,,,"Government primary deficit(-) or surplus(+), percent of GDP",Euro area (moving concept in the Real Time database context) - Primary deficit/surplus without UMTS proceeds - All sectors/ unspecified/ not applicable (ESA2010)-NCBs - General government (ESA2010)-NCBs - Non-financial flows current prices - Percentage,XDC_R_B1GQ,0,Replace,2016-06-01T15:30:00.000+02:00,
RTD.A.S0.N.F_UMS_CGG_D0.F,A,S0,N,F_UMS_CGG_D0,F,1996,1.00898,A,F,,,P1Y,S,,,GFS.A.N.I10.W0.S13.S1._Z.B.B9P._Z._Z._Z.XDC_R_B1GQ._Z.S.V.N._T,,,,,,"See <a class=""external"" href=""http://sdw.ecb.europa.eu/web/generator/docu/rtdb_docu.pdf""> notes</a>; block Annual; series: G",,4,,,"Government primary deficit(-) or surplus(+), percent of GDP",Euro area (moving concept in the Real Time database context) - Primary deficit/surplus without UMTS proceeds - All sectors/ unspecified/ not applicable (ESA2010)-NCBs - General government (ESA2010)-NCBs - Non-financial flows current prices - Percentage,XDC_R_B1GQ,0,Replace,2016-06-01T15:30:00.000+02:00,
RTD.A.S0.N.F_UMS_CGG_D0.F,A,S0,N,F_UMS_CGG_D0,F,1997,1.77756,A,F,,,P1Y,S,,,GFS.A.N.I10.W0.S13.S1._Z.B.B9P._Z._Z._Z.XDC_R_B1GQ._Z.S.V.N._T,,,,,,"See <a class=""external"" href=""http://sdw.ecb.europa.eu/web/generator/docu/rtdb_docu.pdf""> notes</a>; block Annual; series: G",,4,,,"Government primary deficit(-) or surplus(+), percent of GDP",Euro area (moving concept in the Real Time database context) - Primary deficit/surplus without UMTS proceeds - All sectors/ unspecified/ not applicable (ESA2010)-NCBs - General government (ESA2010)-NCBs - Non-financial flows current prices - Percentage,XDC_R_B1GQ,0,Replace,2016-06-01T15:30:00.000+02:00,
RTD.A.S0.N.F_UMS_CGG_D0.F,A,S0,N,F_UMS_CGG_D0,F,1998,1.9978,A,F,,,P1Y,S,,,GFS.A.N.I10.W0.S13.S1._Z.B.B9P._Z._Z._Z.XDC_R_B1GQ._Z.S.V.N._T,,,,,,"See <a class=""external"" href=""http://sdw.ecb.europa.eu/web/generator/docu/rtdb_docu.pdf""> notes</a>; block Annual; series: G",,4,,,"Government primary deficit(-) or surplus(+), percent of GDP",Euro area (moving concept in the Real Time database context) - Primary deficit/surplus without UMTS proceeds - All sectors/ unspecified/ not applicable (ESA2010)-NCBs - General government (ESA2010)-NCBs - Non-financial flows current prices - Percentage,XDC_R_B1GQ,0,Replace,2016-06-01T15:30:00.000+02:00,
RTD.A.S0.N.F_UMS_CGG_D0.F,A,S0,N,F_UMS_CGG_D0,F,1999,2.38554,A,F,,,P1Y,S,,,GFS.A.N.I10.W0.S13.S1._Z.B.B9P._Z._Z._Z.XDC_R_B1GQ._Z.S.V.N._T,,,,,,"See <a class=""external"" href=""http://sdw.ecb.europa.eu/web/generator/docu/rtdb_docu.pdf""> notes</a>; block Annual; series: G",,4,,,"Government primary deficit(-) or surplus(+), percent of GDP",Euro area (moving concept in the Real Time database context) - Primary deficit/surplus without UMTS proceeds - All sectors/ unspecified/ not applicable (ESA2010)-NCBs - General government (ESA2010)-NCBs - Non-financial flows current prices - Percentage,XDC_R_B1GQ,0,Replace,2016-06-01T15:30:00.000+02:00,
RTD.A.S0.N.F_UMS_CGG_D0.F,A,S0,N,F_UMS_CGG_D0,F,2000,3.49772,A,F,,,P1Y,S,,,GFS.A.N.I10.W0.S13.S1._Z.B.B9P._Z._Z._Z.XDC_R_B1GQ._Z.S.V.N._T,,,,,,"See <a class=""external"" href=""http://sdw.ecb.europa.eu/web/generator/docu/rtdb_docu.pdf""> notes</a>; block Annual; series: G",,4,,,"Government primary deficit(-) or surplus(+), percent of GDP",Euro area (moving concept in the Real Time database context) - Primary deficit/surplus without UMTS proceeds - All sectors/ unspecified/ not applicable (ESA2010)-NCBs - General government (ESA2010)-NCBs - Non-financial flows current prices - Percentage,XDC_R_B1GQ,0,Replace,2016-06-01T15:30:00.000+02:00,
RTD.A.S0.N.F_UMS_CGG_D0.F,A,S0,N,F_UMS_CGG_D0,F,2001,1.64518,A,F,,,P1Y,S,,,GFS.A.N.I10.W0.S13.S1._Z.B.B9P._Z._Z._Z.XDC_R_B1GQ._Z.S.V.N._T,,,,,,"See <a class=""external"" href=""http://sdw.ecb.europa.eu/web/generator/docu/rtdb_docu.pdf""> notes</a>; block Annual; series: G",,4,,,"Government primary deficit(-) or surplus(+), percent of GDP",Euro area (moving concept in the Real Time database context) - Primary deficit/surplus without UMTS proceeds - All sectors/ unspecified/ not applicable (ESA2010)-NCBs - General government (ESA2010)-NCBs - Non-financial flows current prices - Percentage,XDC_R_B1GQ,0,Replace,2016-06-01T15:30:00.000+02:00,
RTD.A.S0.N.F_UMS_CGG_D0.F,A,S0,N,F_UMS_CGG_D0,F,2002,0.7068,A,F,,,P1Y,S,,,GFS.A.N.I10.W0.S13.S1._Z.B.B9P._Z._Z._Z.XDC_R_B1GQ._Z.S.V.N._T,,,,,,"See <a class=""external"" href=""http://sdw.ecb.europa.eu/web/generator/docu/rtdb_docu.pdf""> notes</a>; block Annual; series: G",,4,,,"Government primary deficit(-) or surplus(+), percent of GDP",Euro area (moving concept in the Real Time database context) - Primary deficit/surplus without UMTS proceeds - All sectors/ unspecified/ not applicable (ESA2010)-NCBs - General government (ESA2010)-NCBs - Non-financial flows current prices - Percentage,XDC_R_B1GQ,0,Replace,2016-06-01T15:30:00.000+02:00,
RTD.A.S0.N.F_UMS_CGG_D0.F,A,S0,N,F_UMS_CGG_D0,F,2003,0.02355,A,F,,,P1Y,S,,,GFS.A.N.I10.W0.S13.S1._Z.B.B9P._Z._Z._Z.XDC_R_B1GQ._Z.S.V.N._T,,,,,,"See <a class=""external"" href=""http://sdw.ecb.europa.eu/web/generator/docu/rtdb_docu.pdf""> notes</a>; block Annual; series: G",,4,,,"Government primary deficit(-) or surplus(+), percent of GDP",Euro area (moving concept in the Real Time database context) - Primary deficit/surplus without UMTS proceeds - All sectors/ unspecified/ not applicable (ESA2010)-NCBs - General government (ESA2010)-NCBs - Non-financial flows current prices - Percentage,XDC_R_B1GQ,0,Replace,2016-06-01T15:30:00.000+02:00,
RTD.A.S0.N.F_UMS_CGG_D0.F,A,S0,N,F_UMS_CGG_D0,F,2004,0.06326,A,F,,,P1Y,S,,,GFS.A.N.I10.W0.S13.S1._Z.B.B9P._Z._Z._Z.XDC_R_B1GQ._Z.S.V.N._T,,,,,,"See <a class=""external"" href=""http://sdw.ecb.europa.eu/web/generator/docu/rtdb_docu.pdf""> notes</a>; block Annual; series: G",,4,,,"Government primary deficit(-) or surplus(+), percent of GDP",Euro area (moving concept in the Real Time database context) - Primary deficit/surplus without UMTS proceeds - All sectors/ unspecified/ not applicable (ESA2010)-NCBs - General government (ESA2010)-NCBs - Non-financial flows current prices - Percentage,XDC_R_B1GQ,0,Replace,2016-06-01T15:30:00.000+02:00,
RTD.A.S0.N.F_UMS_CGG_D0.F,A,S0,N,F_UMS_CGG_D0,F,2005,0.32125,A,F,,,P1Y,S,,,GFS.A.N.I10.W0.S13.S1._Z.B.B9P._Z._Z._Z.XDC_R_B1GQ._Z.S.V.N._T,,,,,,"See <a class=""external"" href=""http://sdw.ecb.europa.eu/web/generator/docu/rtdb_docu.pdf""> notes</a>; block Annual; series: G",,4,,,"Government primary deficit(-) or surplus(+), percent of GDP",Euro area (moving concept in the Real Time database context) - Primary deficit/surplus without UMTS proceeds - All sectors/ unspecified/ not applicable (ESA2010)-NCBs - General government (ESA2010)-NCBs - Non-financial flows current prices - Percentage,XDC_R_B1GQ,0,Replace,2016-06-01T15:30:00.000+02:00,
RTD.A.S0.N.F_UMS_CGG_D0.F,A,S0,N,F_UMS_CGG_D0,F,2006,1.32367,A,F,,,P1Y,S,,,GFS.A.N.I10.W0.S13.S1._Z.B.B9P._Z._Z._Z.XDC_R_B1GQ._Z.S.V.N._T,,,,,,"See <a class=""external"" href=""http://sdw.ecb.europa.eu/web/generator/docu/rtdb_docu.pdf""> notes</a>; block Annual; series: G",,4,,,"Government primary deficit(-) or surplus(+), percent of GDP",Euro area (moving concept in the Real Time database context) - Primary deficit/surplus without UMTS proceeds - All sectors/ unspecified/ not applicable (ESA2010)-NCBs - General government (ESA2010)-NCBs - Non-financial flows current prices - Percentage,XDC_R_B1GQ,0,Replace,2016-06-01T15:30:00.000+02:00,
RTD.A.S0.N.F_UMS_CGG_D0.F,A,S0,N,F_UMS_CGG_D0,F,2007,2.22051,A,F,,,P1Y,S,,,GFS.A.N.I10.W0.S13.S1._Z.B.B9P._Z._Z._Z.XDC_R_B1GQ._Z.S.V.N._T,,,,,,"See <a class=""external"" href=""http://sdw.ecb.europa.eu/web/generator/docu/rtdb_docu.pdf""> notes</a>; block Annual; series: G",,4,,,"Government primary deficit(-) or surplus(+), percent of GDP",Euro area (moving concept in the Real Time database context) - Primary deficit/surplus without UMTS proceeds - All sectors/ unspecified/ not applicable (ESA2010)-NCBs - General government (ESA2010)-NCBs - Non-financial flows current prices - Percentage,XDC_R_B1GQ,0,Replace,2016-06-01T15:30:00.000+02:00,
RTD.A.S0.N.F_UMS_CGG_D0.F,A,S0,N,F_UMS_CGG_D0,F,2008,0.77793,A,F,,,P1Y,S,,,GFS.A.N.I10.W0.S13.S1._Z.B.B9P._Z._Z._Z.XDC_R_B1GQ._Z.S.V.N._T,,,,,,"See <a class=""external"" href=""http://sdw.ecb.europa.eu/web/generator/docu/rtdb_docu.pdf""> notes</a>; block Annual; series: G",,4,,,"Government primary deficit(-) or surplus(+), percent of GDP",Euro area (moving concept in the Real Time database context) - Primary deficit/surplus without UMTS proceeds - All sectors/ unspecified/ not applicable (ESA2010)-NCBs - General government (ESA2010)-NCBs - Non-financial flows current prices - Percentage,XDC_R_B1GQ,0,Replace,2016-06-01T15:30:00.000+02:00,
RTD.A.S0.N.F_UMS_CGG_D0.F,A,S0,N,F_UMS_CGG_D0,F,2009,-3.46079,A,F,,,P1Y,S,,,GFS.A.N.I10.W0.S13.S1._Z.B.B9P._Z._Z._Z.XDC_R_B1GQ._Z.S.V.N._T,,,,,,"See <a class=""external"" href=""http://sdw.ecb.europa.eu/web/generator/docu/rtdb_docu.pdf""> notes</a>; block Annual; series: G",,4,,,"Government primary deficit(-) or surplus(+), percent of GDP",Euro area (moving concept in the Real Time database context) - Primary deficit/surplus without UMTS proceeds - All sectors/ unspecified/ not applicable (ESA2010)-NCBs - General government (ESA2010)-NCBs - Non-financial flows current prices - Percentage,XDC_R_B1GQ,0,Replace,2016-06-01T15:30:00.000+02:00,
RTD.A.S0.N.F_UMS_CGG_D0.F,A,S0,N,F_UMS_CGG_D0,F,2010,-3.4241,A,F,,,P1Y,S,,,GFS.A.N.I10.W0.S13.S1._Z.B.B9P._Z._Z._Z.XDC_R_B1GQ._Z.S.V.N._T,,,,,,"See <a class=""external"" href=""http://sdw.ecb.europa.eu/web/generator/docu/rtdb_docu.pdf""> notes</a>; block Annual; series: G",,4,,,"Government primary deficit(-) or surplus(+), percent of GDP",Euro area (moving concept in the Real Time database context) - Primary deficit/surplus without UMTS proceeds - All sectors/ unspecified/ not applicable (ESA2010)-NCBs - General government (ESA2010)-NCBs - Non-financial flows current prices - Percentage,XDC_R_B1GQ,0,Replace,2016-06-01T15:30:00.000+02:00,
RTD.A.S0.N.F_UMS_CGG_D0.F,A,S0,N,F_UMS_CGG_D0,F,2011,-1.19651,A,F,,,P1Y,S,,,GFS.A.N.I10.W0.S13.S1._Z.B.B9P._Z._Z._Z.XDC_R_B1GQ._Z.S.V.N._T,,,,,,"See <a class=""external"" href=""http://sdw.ecb.europa.eu/web/generator/docu/rtdb_docu.pdf""> notes</a>; block Annual; series: G",,4,,,"Government primary deficit(-) or surplus(+), percent of GDP",Euro area (moving concept in the Real Time database context) - Primary deficit/surplus without UMTS proceeds - All sectors/ unspecified/ not applicable (ESA2010)-NCBs - General government (ESA2010)-NCBs - Non-financial flows current prices - Percentage,XDC_R_B1GQ,0,Replace,2016-06-01T15:30:00.000+02:00,
RTD.A.S0.N.F_UMS_CGG_D0.F,A,S0,N,F_UMS_CGG_D0,F,2012,-0.64242,A,F,,,P1Y,S,,,GFS.A.N.I10.W0.S13.S1._Z.B.B9P._Z._Z._Z.XDC_R_B1GQ._Z.S.V.N._T,,,,,,"See <a class=""external"" href=""http://sdw.ecb.europa.eu/web/generator/docu/rtdb_docu.pdf""> notes</a>; block Annual; series: G",,4,,,"Government primary deficit(-) or surplus(+), percent of GDP",Euro area (moving concept in the Real Time database context) - Primary deficit/surplus without UMTS proceeds - All sectors/ unspecified/ not applicable (ESA2010)-NCBs - General government (ESA2010)-NCBs - Non-financial flows current prices - Percentage,XDC_R_B1GQ,0,Replace,2016-06-01T15:30:00.000+02:00,
RTD.A.S0.N.F_UMS_CGG_D0.F,A,S0,N,F_UMS_CGG_D0,F,2013,-0.17757,A,F,,,P1Y,S,,,GFS.A.N.I10.W0.S13.S1._Z.B.B9P._Z._Z._Z.XDC_R_B1GQ._Z.S.V.N._T,,,,,,"See <a class=""external"" href=""http://sdw.ecb.europa.eu/web/generator/docu/rtdb_docu.pdf""> notes</a>; block Annual; series: G",,4,,,"Government primary deficit(-) or surplus(+), percent of GDP",Euro area (moving concept in the Real Time database context) - Primary deficit/surplus without UMTS proceeds - All sectors/ unspecified/ not applicable (ESA2010)-NCBs - General government (ESA2010)-NCBs - Non-financial flows current prices - Percentage,XDC_R_B1GQ,0,Replace,2016-06-01T15:30:00.000+02:00,
RTD.A.S0.N.F_UMS_CGG_D0.F,A,S0,N,F_UMS_CGG_D0,F,2014,0.06561,A,F,,,P1Y,S,,,GFS.A.N.I10.W0.S13.S1._Z.B.B9P._Z._Z._Z.XDC_R_B1GQ._Z.S.V.N._T,,,,,,"See <a class=""external"" href=""http://sdw.ecb.europa.eu/web/generator/docu/rtdb_docu.pdf""> notes</a>; block Annual; series: G",,4,,,"Government primary deficit(-) or surplus(+), percent of GDP",Euro area (moving concept in the Real Time database context) - Primary deficit/surplus without UMTS proceeds - All sectors/ unspecified/ not applicable (ESA2010)-NCBs - General government (ESA2010)-NCBs - Non-financial flows current prices - Percentage,XDC_R_B1GQ,0,Replace,2016-06-01T15:30:00.000+02:00,
RTD.A.S0.N.F_UMS_CGG_D0.F,A,S0,N,F_UMS_CGG_D0,F,2015,0.34128,A,F,,,P1Y,S,,,GFS.A.N.I10.W0.S13.S1._Z.B.B9P._Z._Z._Z.XDC_R_B1GQ._Z.S.V.N._T,,,,,,"See <a class=""external"" href=""http://sdw.ecb.europa.eu/web/generator/docu/rtdb_docu.pdf""> notes</a>; block Annual; series: G",,4,,,"Government primary deficit(-) or surplus(+), percent of GDP",Euro area (moving concept in the Real Time database context) - Primary deficit/surplus without UMTS proceeds - All sectors/ unspecified/ not applicable (ESA2010)-NCBs - General government (ESA2010)-NCBs - Non-financial flows current prices - Percentage,XDC_R_B1GQ,0,Replace,2016-06-01T15:30:00.000+02:00,
RTD.A.S0.N.F_UMS_CGG_D0.F,A,S0,N,F_UMS_CGG_D0,F,1995,-1.98184,A,F,,,P1Y,S,,,GFS.A.N.I10.W0.S13.S1._Z.B.B9P._Z._Z._Z.XDC_R_B1GQ._Z.S.V.N._T,,,,,,"See <a class=""external"" href=""http://sdw.ecb.europa.eu/web/generator/docu/rtdb_docu.pdf""> notes</a>; block Annual; series: G",,4,,,"Government primary deficit(-) or surplus(+), percent of GDP",Euro area (moving concept in the Real Time database context) - Primary deficit/surplus without UMTS proceeds - All sectors/ unspecified/ not applicable (ESA2010)-NCBs - General government (ESA2010)-NCBs - Non-financial flows current prices - Percentage,XDC_R_B1GQ,0,Replace,2016-12-07T15:30:00.000+01:00,
RTD.A.S0.N.F_UMS_CGG_D0.F,A,S0,N,F_UMS_CGG_D0,F,1996,1.00584,A,F,,,P1Y,S,,,GFS.A.N.I10.W0.S13.S1._Z.B.B9P._Z._Z._Z.XDC_R_B1GQ._Z.S.V.N._T,,,,,,"See <a class=""external"" href=""http://sdw.ecb.europa.eu/web/generator/docu/rtdb_docu.pdf""> notes</a>; block Annual; series: G",,4,,,"Government primary deficit(-) or surplus(+), percent of GDP",Euro area (moving concept in the Real Time database context) - Primary deficit/surplus without UMTS proceeds - All sectors/ unspecified/ not applicable (ESA2010)-NCBs - General government (ESA2010)-NCBs - Non-financial flows current prices - Percentage,XDC_R_B1GQ,0,Replace,2016-12-07T15:30:00.000+01:00,
RTD.A.S0.N.F_UMS_CGG_D0.F,A,S0,N,F_UMS_CGG_D0,F,1997,1.77283,A,F,,,P1Y,S,,,GFS.A.N.I10.W0.S13.S1._Z.B.B9P._Z._Z._Z.XDC_R_B1GQ._Z.S.V.N._T,,,,,,"See <a class=""external"" href=""http://sdw.ecb.europa.eu/web/generator/docu/rtdb_docu.pdf""> notes</a>; block Annual; series: G",,4,,,"Government primary deficit(-) or surplus(+), percent of GDP",Euro area (moving concept in the Real Time database context) - Primary deficit/surplus without UMTS proceeds - All sectors/ unspecified/ not applicable (ESA2010)-NCBs - General government (ESA2010)-NCBs - Non-financial flows current prices - Percentage,XDC_R_B1GQ,0,Replace,2016-12-07T15:30:00.000+01:00,
RTD.A.S0.N.F_UMS_CGG_D0.F,A,S0,N,F_UMS_CGG_D0,F,1998,1.99236,A,F,,,P1Y,S,,,GFS.A.N.I10.W0.S13.S1._Z.B.B9P._Z._Z._Z.XDC_R_B1GQ._Z.S.V.N._T,,,,,,"See <a class=""external"" href=""http://sdw.ecb.europa.eu/web/generator/docu/rtdb_docu.pdf""> notes</a>; block Annual; series: G",,4,,,"Government primary deficit(-) or surplus(+), percent of GDP",Euro area (moving concept in the Real Time database context) - Primary deficit/surplus without UMTS proceeds - All sectors/ unspecified/ not applicable (ESA2010)-NCBs - General government (ESA2010)-NCBs - Non-financial flows current prices - Percentage,XDC_R_B1GQ,0,Replace,2016-12-07T15:30:00.000+01:00,
RTD.A.S0.N.F_UMS_CGG_D0.F,A,S0,N,F_UMS_CGG_D0,F,1999,2.3784,A,F,,,P1Y,S,,,GFS.A.N.I10.W0.S13.S1._Z.B.B9P._Z._Z._Z.XDC_R_B1GQ._Z.S.V.N._T,,,,,,"See <a class=""external"" href=""http://sdw.ecb.europa.eu/web/generator/docu/rtdb_docu.pdf""> notes</a>; block Annual; series: G",,4,,,"Government primary deficit(-) or surplus(+), percent of GDP",Euro area (moving concept in the Real Time database context) - Primary deficit/surplus without UMTS proceeds - All sectors/ unspecified/ not applicable (ESA2010)-NCBs - General government (ESA2010)-NCBs - Non-financial flows current prices - Percentage,XDC_R_B1GQ,0,Replace,2016-12-07T15:30:00.000+01:00,
RTD.A.S0.N.F_UMS_CGG_D0.F,A,S0,N,F_UMS_CGG_D0,F,2000,3.49725,A,F,,,P1Y,S,,,GFS.A.N.I10.W0.S13.S1._Z.B.B9P._Z._Z._Z.XDC_R_B1GQ._Z.S.V.N._T,,,,,,"See <a class=""external"" href=""http://sdw.ecb.europa.eu/web/generator/docu/rtdb_docu.pdf""> notes</a>; block Annual; series: G",,4,,,"Government primary deficit(-) or surplus(+), percent of GDP",Euro area (moving concept in the Real Time database context) - Primary deficit/surplus without UMTS proceeds - All sectors/ unspecified/ not applicable (ESA2010)-NCBs - General government (ESA2010)-NCBs - Non-financial flows current prices - Percentage,XDC_R_B1GQ,0,Replace,2016-12-07T15:30:00.000+01:00,
RTD.A.S0.N.F_UMS_CGG_D0.F,A,S0,N,F_UMS_CGG_D0,F,2001,1.64279,A,F,,,P1Y,S,,,GFS.A.N.I10.W0.S13.S1._Z.B.B9P._Z._Z._Z.XDC_R_B1GQ._Z.S.V.N._T,,,,,,"See <a class=""external"" href=""http://sdw.ecb.europa.eu/web/generator/docu/rtdb_docu.pdf""> notes</a>; block Annual; series: G",,4,,,"Government primary deficit(-) or surplus(+), percent of GDP",Euro area (moving concept in the Real Time database context) - Primary deficit/surplus without UMTS proceeds - All sectors/ unspecified/ not applicable (ESA2010)-NCBs - General government (ESA2010)-NCBs - Non-financial flows current prices - Percentage,XDC_R_B1GQ,0,Replace,2016-12-07T15:30:00.000+01:00,
RTD.A.S0.N.F_UMS_CGG_D0.F,A,S0,N,F_UMS_CGG_D0,F,2002,0.70445,A,F,,,P1Y,S,,,GFS.A.N.I10.W0.S13.S1._Z.B.B9P._Z._Z._Z.XDC_R_B1GQ._Z.S.V.N._T,,,,,,"See <a class=""external"" href=""http://sdw.ecb.europa.eu/web/generator/docu/rtdb_docu.pdf""> notes</a>; block Annual; series: G",,4,,,"Government primary deficit(-) or surplus(+), percent of GDP",Euro area (moving concept in the Real Time database context) - Primary deficit/surplus without UMTS proceeds - All sectors/ unspecified/ not applicable (ESA2010)-NCBs - General government (ESA2010)-NCBs - Non-financial flows current prices - Percentage,XDC_R_B1GQ,0,Replace,2016-12-07T15:30:00.000+01:00,
RTD.A.S0.N.F_UMS_CGG_D0.F,A,S0,N,F_UMS_CGG_D0,F,2003,0.01561,A,F,,,P1Y,S,,,GFS.A.N.I10.W0.S13.S1._Z.B.B9P._Z._Z._Z.XDC_R_B1GQ._Z.S.V.N._T,,,,,,"See <a class=""external"" href=""http://sdw.ecb.europa.eu/web/generator/docu/rtdb_docu.pdf""> notes</a>; block Annual; series: G",,4,,,"Government primary deficit(-) or surplus(+), percent of GDP",Euro area (moving concept in the Real Time database context) - Primary deficit/surplus without UMTS proceeds - All sectors/ unspecified/ not applicable (ESA2010)-NCBs - General government (ESA2010)-NCBs - Non-financial flows current prices - Percentage,XDC_R_B1GQ,0,Replace,2016-12-07T15:30:00.000+01:00,
RTD.A.S0.N.F_UMS_CGG_D0.F,A,S0,N,F_UMS_CGG_D0,F,2004,0.05978,A,F,,,P1Y,S,,,GFS.A.N.I10.W0.S13.S1._Z.B.B9P._Z._Z._Z.XDC_R_B1GQ._Z.S.V.N._T,,,,,,"See <a class=""external"" href=""http://sdw.ecb.europa.eu/web/generator/docu/rtdb_docu.pdf""> notes</a>; block Annual; series: G",,4,,,"Government primary deficit(-) or surplus(+), percent of GDP",Euro area (moving concept in the Real Time database context) - Primary deficit/surplus without UMTS proceeds - All sectors/ unspecified/ not applicable (ESA2010)-NCBs - General government (ESA2010)-NCBs - Non-financial flows current prices - Percentage,XDC_R_B1GQ,0,Replace,2016-12-07T15:30:00.000+01:00,
RTD.A.S0.N.F_UMS_CGG_D0.F,A,S0,N,F_UMS_CGG_D0,F,2005,0.32641,A,F,,,P1Y,S,,,GFS.A.N.I10.W0.S13.S1._Z.B.B9P._Z._Z._Z.XDC_R_B1GQ._Z.S.V.N._T,,,,,,"See <a class=""external"" href=""http://sdw.ecb.europa.eu/web/generator/docu/rtdb_docu.pdf""> notes</a>; block Annual; series: G",,4,,,"Government primary deficit(-) or surplus(+), percent of GDP",Euro area (moving concept in the Real Time database context) - Primary deficit/surplus without UMTS proceeds - All sectors/ unspecified/ not applicable (ESA2010)-NCBs - General government (ESA2010)-NCBs - Non-financial flows current prices - Percentage,XDC_R_B1GQ,0,Replace,2016-12-07T15:30:00.000+01:00,
RTD.A.S0.N.F_UMS_CGG_D0.F,A,S0,N,F_UMS_CGG_D0,F,2006,1.32086,A,F,,,P1Y,S,,,GFS.A.N.I10.W0.S13.S1._Z.B.B9P._Z._Z._Z.XDC_R_B1GQ._Z.S.V.N._T,,,,,,"See <a class=""external"" href=""http://sdw.ecb.europa.eu/web/generator/docu/rtdb_docu.pdf""> notes</a>; block Annual; series: G",,4,,,"Government primary deficit(-) or surplus(+), percent of GDP",Euro area (moving concept in the Real Time database context) - Primary deficit/surplus without UMTS proceeds - All sectors/ unspecified/ not applicable (ESA2010)-NCBs - General government (ESA2010)-NCBs - Non-financial flows current prices - Percentage,XDC_R_B1GQ,0,Replace,2016-12-07T15:30:00.000+01:00,
RTD.A.S0.N.F_UMS_CGG_D0.F,A,S0,N,F_UMS_CGG_D0,F,2007,2.21803,A,F,,,P1Y,S,,,GFS.A.N.I10.W0.S13.S1._Z.B.B9P._Z._Z._Z.XDC_R_B1GQ._Z.S.V.N._T,,,,,,"See <a class=""external"" href=""http://sdw.ecb.europa.eu/web/generator/docu/rtdb_docu.pdf""> notes</a>; block Annual; series: G",,4,,,"Government primary deficit(-) or surplus(+), percent of GDP",Euro area (moving concept in the Real Time database context) - Primary deficit/surplus without UMTS proceeds - All sectors/ unspecified/ not applicable (ESA2010)-NCBs - General government (ESA2010)-NCBs - Non-financial flows current prices - Percentage,XDC_R_B1GQ,0,Replace,2016-12-07T15:30:00.000+01:00,
RTD.A.S0.N.F_UMS_CGG_D0.F,A,S0,N,F_UMS_CGG_D0,F,2008,0.7751,A,F,,,P1Y,S,,,GFS.A.N.I10.W0.S13.S1._Z.B.B9P._Z._Z._Z.XDC_R_B1GQ._Z.S.V.N._T,,,,,,"See <a class=""external"" href=""http://sdw.ecb.europa.eu/web/generator/docu/rtdb_docu.pdf""> notes</a>; block Annual; series: G",,4,,,"Government primary deficit(-) or surplus(+), percent of GDP",Euro area (moving concept in the Real Time database context) - Primary deficit/surplus without UMTS proceeds - All sectors/ unspecified/ not applicable (ESA2010)-NCBs - General government (ESA2010)-NCBs - Non-financial flows current prices - Percentage,XDC_R_B1GQ,0,Replace,2016-12-07T15:30:00.000+01:00,
RTD.A.S0.N.F_UMS_CGG_D0.F,A,S0,N,F_UMS_CGG_D0,F,2009,-3.46247,A,F,,,P1Y,S,,,GFS.A.N.I10.W0.S13.S1._Z.B.B9P._Z._Z._Z.XDC_R_B1GQ._Z.S.V.N._T,,,,,,"See <a class=""external"" href=""http://sdw.ecb.europa.eu/web/generator/docu/rtdb_docu.pdf""> notes</a>; block Annual; series: G",,4,,,"Government primary deficit(-) or surplus(+), percent of GDP",Euro area (moving concept in the Real Time database context) - Primary deficit/surplus without UMTS proceeds - All sectors/ unspecified/ not applicable (ESA2010)-NCBs - General government (ESA2010)-NCBs - Non-financial flows current prices - Percentage,XDC_R_B1GQ,0,Replace,2016-12-07T15:30:00.000+01:00,
RTD.A.S0.N.F_UMS_CGG_D0.F,A,S0,N,F_UMS_CGG_D0,F,2010,-3.42634,A,F,,,P1Y,S,,,GFS.A.N.I10.W0.S13.S1._Z.B.B9P._Z._Z._Z.XDC_R_B1GQ._Z.S.V.N._T,,,,,,"See <a class=""external"" href=""http://sdw.ecb.europa.eu/web/generator/docu/rtdb_docu.pdf""> notes</a>; block Annual; series: G",,4,,,"Government primary deficit(-) or surplus(+), percent of GDP",Euro area (moving concept in the Real Time database context) - Primary deficit/surplus without UMTS proceeds - All sectors/ unspecified/ not applicable (ESA2010)-NCBs - General government (ESA2010)-NCBs - Non-financial flows current prices - Percentage,XDC_R_B1GQ,0,Replace,2016-12-07T15:30:00.000+01:00,
RTD.A.S0.N.F_UMS_CGG_D0.F,A,S0,N,F_UMS_CGG_D0,F,2011,-1.24029,A,F,,,P1Y,S,,,GFS.A.N.I10.W0.S13.S1._Z.B.B9P._Z._Z._Z.XDC_R_B1GQ._Z.S.V.N._T,,,,,,"See <a class=""external"" href=""http://sdw.ecb.europa.eu/web/generator/docu/rtdb_docu.pdf""> notes</a>; block Annual; series: G",,4,,,"Government primary deficit(-) or surplus(+), percent of GDP",Euro area (moving concept in the Real Time database context) - Primary deficit/surplus without UMTS proceeds - All sectors/ unspecified/ not applicable (ESA2010)-NCBs - General government (ESA2010)-NCBs - Non-financial flows current prices - Percentage,XDC_R_B1GQ,0,Replace,2016-12-07T15:30:00.000+01:00,
RTD.A.S0.N.F_UMS_CGG_D0.F,A,S0,N,F_UMS_CGG_D0,F,2012,-0.62232,A,F,,,P1Y,S,,,GFS.A.N.I10.W0.S13.S1._Z.B.B9P._Z._Z._Z.XDC_R_B1GQ._Z.S.V.N._T,,,,,,"See <a class=""external"" href=""http://sdw.ecb.europa.eu/web/generator/docu/rtdb_docu.pdf""> notes</a>; block Annual; series: G",,4,,,"Government primary deficit(-) or surplus(+), percent of GDP",Euro area (moving concept in the Real Time database context) - Primary deficit/surplus without UMTS proceeds - All sectors/ unspecified/ not applicable (ESA2010)-NCBs - General government (ESA2010)-NCBs - Non-financial flows current prices - Percentage,XDC_R_B1GQ,0,Replace,2016-12-07T15:30:00.000+01:00,
RTD.A.S0.N.F_UMS_CGG_D0.F,A,S0,N,F_UMS_CGG_D0,F,2013,-0.15703,A,F,,,P1Y,S,,,GFS.A.N.I10.W0.S13.S1._Z.B.B9P._Z._Z._Z.XDC_R_B1GQ._Z.S.V.N._T,,,,,,"See <a class=""external"" href=""http://sdw.ecb.europa.eu/web/generator/docu/rtdb_docu.pdf""> notes</a>; block Annual; series: G",,4,,,"Government primary deficit(-) or surplus(+), percent of GDP",Euro area (moving concept in the Real Time database context) - Primary deficit/surplus without UMTS proceeds - All sectors/ unspecified/ not applicable (ESA2010)-NCBs - General government (ESA2010)-NCBs - Non-financial flows current prices - Percentage,XDC_R_B1GQ,0,Replace,2016-12-07T15:30:00.000+01:00,
RTD.A.S0.N.F_UMS_CGG_D0.F,A,S0,N,F_UMS_CGG_D0,F,2014,0.08136,A,F,,,P1Y,S,,,GFS.A.N.I10.W0.S13.S1._Z.B.B9P._Z._Z._Z.XDC_R_B1GQ._Z.S.V.N._T,,,,,,"See <a class=""external"" href=""http://sdw.ecb.europa.eu/web/generator/docu/rtdb_docu.pdf""> notes</a>; block Annual; series: G",,4,,,"Government primary deficit(-) or surplus(+), percent of GDP",Euro area (moving concept in the Real Time database context) - Primary deficit/surplus without UMTS proceeds - All sectors/ unspecified/ not applicable (ESA2010)-NCBs - General government (ESA2010)-NCBs - Non-financial flows current prices - Percentage,XDC_R_B1GQ,0,Replace,2016-12-07T15:30:00.000+01:00,
RTD.A.S0.N.F_UMS_CGG_D0.F,A,S0,N,F_UMS_CGG_D0,F,2015,0.32882,A,F,,,P1Y,S,,,GFS.A.N.I10.W0.S13.S1._Z.B.B9P._Z._Z._Z.XDC_R_B1GQ._Z.S.V.N._T,,,,,,"See <a class=""external"" href=""http://sdw.ecb.europa.eu/web/generator/docu/rtdb_docu.pdf""> notes</a>; block Annual; series: G",,4,,,"Government primary deficit(-) or surplus(+), percent of GDP",Euro area (moving concept in the Real Time database context) - Primary deficit/surplus without UMTS proceeds - All sectors/ unspecified/ not applicable (ESA2010)-NCBs - General government (ESA2010)-NCBs - Non-financial flows current prices - Percentage,XDC_R_B1GQ,0,Replace,2016-12-07T15:30:00.000+01:00,
RTD.A.S0.N.F_UMS_CGG_D0.F,A,S0,N,F_UMS_CGG_D0,F,1995,-1.98183,A,F,,,P1Y,S,,,GFS.A.N.I10.W0.S13.S1._Z.B.B9P._Z._Z._Z.XDC_R_B1GQ._Z.S.V.N._T,,,,,,"See <a class=""external"" href=""http://sdw.ecb.europa.eu/web/generator/docu/rtdb_docu.pdf""> notes</a>; block Annual; series: G",,4,,,"Government primary deficit(-) or surplus(+), percent of GDP",Euro area (moving concept in the Real Time database context) - Primary deficit/surplus without UMTS proceeds - All sectors/ unspecified/ not applicable (ESA2010)-NCBs - General government (ESA2010)-NCBs - Non-financial flows current prices - Percentage,XDC_R_B1GQ,0,Replace,2017-04-26T15:30:00.000+02:00,
RTD.A.S0.N.F_UMS_CGG_D0.F,A,S0,N,F_UMS_CGG_D0,F,1997,1.77282,A,F,,,P1Y,S,,,GFS.A.N.I10.W0.S13.S1._Z.B.B9P._Z._Z._Z.XDC_R_B1GQ._Z.S.V.N._T,,,,,,"See <a class=""external"" href=""http://sdw.ecb.europa.eu/web/generator/docu/rtdb_docu.pdf""> notes</a>; block Annual; series: G",,4,,,"Government primary deficit(-) or surplus(+), percent of GDP",Euro area (moving concept in the Real Time database context) - Primary deficit/surplus without UMTS proceeds - All sectors/ unspecified/ not applicable (ESA2010)-NCBs - General government (ESA2010)-NCBs - Non-financial flows current prices - Percentage,XDC_R_B1GQ,0,Replace,2017-04-26T15:30:00.000+02:00,
RTD.A.S0.N.F_UMS_CGG_D0.F,A,S0,N,F_UMS_CGG_D0,F,1998,1.99204,A,F,,,P1Y,S,,,GFS.A.N.I10.W0.S13.S1._Z.B.B9P._Z._Z._Z.XDC_R_B1GQ._Z.S.V.N._T,,,,,,"See <a class=""external"" href=""http://sdw.ecb.europa.eu/web/generator/docu/rtdb_docu.pdf""> notes</a>; block Annual; series: G",,4,,,"Government primary deficit(-) or surplus(+), percent of GDP",Euro area (moving concept in the Real Time database context) - Primary deficit/surplus without UMTS proceeds - All sectors/ unspecified/ not applicable (ESA2010)-NCBs - General government (ESA2010)-NCBs - Non-financial flows current prices - Percentage,XDC_R_B1GQ,0,Replace,2017-04-26T15:30:00.000+02:00,
RTD.A.S0.N.F_UMS_CGG_D0.F,A,S0,N,F_UMS_CGG_D0,F,1999,2.37865,A,F,,,P1Y,S,,,GFS.A.N.I10.W0.S13.S1._Z.B.B9P._Z._Z._Z.XDC_R_B1GQ._Z.S.V.N._T,,,,,,"See <a class=""external"" href=""http://sdw.ecb.europa.eu/web/generator/docu/rtdb_docu.pdf""> notes</a>; block Annual; series: G",,4,,,"Government primary deficit(-) or surplus(+), percent of GDP",Euro area (moving concept in the Real Time database context) - Primary deficit/surplus without UMTS proceeds - All sectors/ unspecified/ not applicable (ESA2010)-NCBs - General government (ESA2010)-NCBs - Non-financial flows current prices - Percentage,XDC_R_B1GQ,0,Replace,2017-04-26T15:30:00.000+02:00,
RTD.A.S0.N.F_UMS_CGG_D0.F,A,S0,N,F_UMS_CGG_D0,F,2000,3.49689,A,F,,,P1Y,S,,,GFS.A.N.I10.W0.S13.S1._Z.B.B9P._Z._Z._Z.XDC_R_B1GQ._Z.S.V.N._T,,,,,,"See <a class=""external"" href=""http://sdw.ecb.europa.eu/web/generator/docu/rtdb_docu.pdf""> notes</a>; block Annual; series: G",,4,,,"Government primary deficit(-) or surplus(+), percent of GDP",Euro area (moving concept in the Real Time database context) - Primary deficit/surplus without UMTS proceeds - All sectors/ unspecified/ not applicable (ESA2010)-NCBs - General government (ESA2010)-NCBs - Non-financial flows current prices - Percentage,XDC_R_B1GQ,0,Replace,2017-04-26T15:30:00.000+02:00,
RTD.A.S0.N.F_UMS_CGG_D0.F,A,S0,N,F_UMS_CGG_D0,F,2001,1.64362,A,F,,,P1Y,S,,,GFS.A.N.I10.W0.S13.S1._Z.B.B9P._Z._Z._Z.XDC_R_B1GQ._Z.S.V.N._T,,,,,,"See <a class=""external"" href=""http://sdw.ecb.europa.eu/web/generator/docu/rtdb_docu.pdf""> notes</a>; block Annual; series: G",,4,,,"Government primary deficit(-) or surplus(+), percent of GDP",Euro area (moving concept in the Real Time database context) - Primary deficit/surplus without UMTS proceeds - All sectors/ unspecified/ not applicable (ESA2010)-NCBs - General government (ESA2010)-NCBs - Non-financial flows current prices - Percentage,XDC_R_B1GQ,0,Replace,2017-04-26T15:30:00.000+02:00,
RTD.A.S0.N.F_UMS_CGG_D0.F,A,S0,N,F_UMS_CGG_D0,F,2002,0.70458,A,F,,,P1Y,S,,,GFS.A.N.I10.W0.S13.S1._Z.B.B9P._Z._Z._Z.XDC_R_B1GQ._Z.S.V.N._T,,,,,,"See <a class=""external"" href=""http://sdw.ecb.europa.eu/web/generator/docu/rtdb_docu.pdf""> notes</a>; block Annual; series: G",,4,,,"Government primary deficit(-) or surplus(+), percent of GDP",Euro area (moving concept in the Real Time database context) - Primary deficit/surplus without UMTS proceeds - All sectors/ unspecified/ not applicable (ESA2010)-NCBs - General government (ESA2010)-NCBs - Non-financial flows current prices - Percentage,XDC_R_B1GQ,0,Replace,2017-04-26T15:30:00.000+02:00,
RTD.A.S0.N.F_UMS_CGG_D0.F,A,S0,N,F_UMS_CGG_D0,F,2004,0.05981,A,F,,,P1Y,S,,,GFS.A.N.I10.W0.S13.S1._Z.B.B9P._Z._Z._Z.XDC_R_B1GQ._Z.S.V.N._T,,,,,,"See <a class=""external"" href=""http://sdw.ecb.europa.eu/web/generator/docu/rtdb_docu.pdf""> notes</a>; block Annual; series: G",,4,,,"Government primary deficit(-) or surplus(+), percent of GDP",Euro area (moving concept in the Real Time database context) - Primary deficit/surplus without UMTS proceeds - All sectors/ unspecified/ not applicable (ESA2010)-NCBs - General government (ESA2010)-NCBs - Non-financial flows current prices - Percentage,XDC_R_B1GQ,0,Replace,2017-04-26T15:30:00.000+02:00,
RTD.A.S0.N.F_UMS_CGG_D0.F,A,S0,N,F_UMS_CGG_D0,F,2005,0.31961,A,F,,,P1Y,S,,,GFS.A.N.I10.W0.S13.S1._Z.B.B9P._Z._Z._Z.XDC_R_B1GQ._Z.S.V.N._T,,,,,,"See <a class=""external"" href=""http://sdw.ecb.europa.eu/web/generator/docu/rtdb_docu.pdf""> notes</a>; block Annual; series: G",,4,,,"Government primary deficit(-) or surplus(+), percent of GDP",Euro area (moving concept in the Real Time database context) - Primary deficit/surplus without UMTS proceeds - All sectors/ unspecified/ not applicable (ESA2010)-NCBs - General government (ESA2010)-NCBs - Non-financial flows current prices - Percentage,XDC_R_B1GQ,0,Replace,2017-04-26T15:30:00.000+02:00,
RTD.A.S0.N.F_UMS_CGG_D0.F,A,S0,N,F_UMS_CGG_D0,F,2006,1.32139,A,F,,,P1Y,S,,,GFS.A.N.I10.W0.S13.S1._Z.B.B9P._Z._Z._Z.XDC_R_B1GQ._Z.S.V.N._T,,,,,,"See <a class=""external"" href=""http://sdw.ecb.europa.eu/web/generator/docu/rtdb_docu.pdf""> notes</a>; block Annual; series: G",,4,,,"Government primary deficit(-) or surplus(+), percent of GDP",Euro area (moving concept in the Real Time database context) - Primary deficit/surplus without UMTS proceeds - All sectors/ unspecified/ not applicable (ESA2010)-NCBs - General government (ESA2010)-NCBs - Non-financial flows current prices - Percentage,XDC_R_B1GQ,0,Replace,2017-04-26T15:30:00.000+02:00,
RTD.A.S0.N.F_UMS_CGG_D0.F,A,S0,N,F_UMS_CGG_D0,F,2007,2.20937,A,F,,,P1Y,S,,,GFS.A.N.I10.W0.S13.S1._Z.B.B9P._Z._Z._Z.XDC_R_B1GQ._Z.S.V.N._T,,,,,,"See <a class=""external"" href=""http://sdw.ecb.europa.eu/web/generator/docu/rtdb_docu.pdf""> notes</a>; block Annual; series: G",,4,,,"Government primary deficit(-) or surplus(+), percent of GDP",Euro area (moving concept in the Real Time database context) - Primary deficit/surplus without UMTS proceeds - All sectors/ unspecified/ not applicable (ESA2010)-NCBs - General government (ESA2010)-NCBs - Non-financial flows current prices - Percentage,XDC_R_B1GQ,0,Replace,2017-04-26T15:30:00.000+02:00,
RTD.A.S0.N.F_UMS_CGG_D0.F,A,S0,N,F_UMS_CGG_D0,F,2008,0.77499,A,F,,,P1Y,S,,,GFS.A.N.I10.W0.S13.S1._Z.B.B9P._Z._Z._Z.XDC_R_B1GQ._Z.S.V.N._T,,,,,,"See <a class=""external"" href=""http://sdw.ecb.europa.eu/web/generator/docu/rtdb_docu.pdf""> notes</a>; block Annual; series: G",,4,,,"Government primary deficit(-) or surplus(+), percent of GDP",Euro area (moving concept in the Real Time database context) - Primary deficit/surplus without UMTS proceeds - All sectors/ unspecified/ not applicable (ESA2010)-NCBs - General government (ESA2010)-NCBs - Non-financial flows current prices - Percentage,XDC_R_B1GQ,0,Replace,2017-04-26T15:30:00.000+02:00,
RTD.A.S0.N.F_UMS_CGG_D0.F,A,S0,N,F_UMS_CGG_D0,F,2009,-3.46143,A,F,,,P1Y,S,,,GFS.A.N.I10.W0.S13.S1._Z.B.B9P._Z._Z._Z.XDC_R_B1GQ._Z.S.V.N._T,,,,,,"See <a class=""external"" href=""http://sdw.ecb.europa.eu/web/generator/docu/rtdb_docu.pdf""> notes</a>; block Annual; series: G",,4,,,"Government primary deficit(-) or surplus(+), percent of GDP",Euro area (moving concept in the Real Time database context) - Primary deficit/surplus without UMTS proceeds - All sectors/ unspecified/ not applicable (ESA2010)-NCBs - General government (ESA2010)-NCBs - Non-financial flows current prices - Percentage,XDC_R_B1GQ,0,Replace,2017-04-26T15:30:00.000+02:00,
RTD.A.S0.N.F_UMS_CGG_D0.F,A,S0,N,F_UMS_CGG_D0,F,2010,-3.42519,A,F,,,P1Y,S,,,GFS.A.N.I10.W0.S13.S1._Z.B.B9P._Z._Z._Z.XDC_R_B1GQ._Z.S.V.N._T,,,,,,"See <a class=""external"" href=""http://sdw.ecb.europa.eu/web/generator/docu/rtdb_docu.pdf""> notes</a>; block Annual; series: G",,4,,,"Government primary deficit(-) or surplus(+), percent of GDP",Euro area (moving concept in the Real Time database context) - Primary deficit/surplus without UMTS proceeds - All sectors/ unspecified/ not applicable (ESA2010)-NCBs - General government (ESA2010)-NCBs - Non-financial flows current prices - Percentage,XDC_R_B1GQ,0,Replace,2017-04-26T15:30:00.000+02:00,
RTD.A.S0.N.F_UMS_CGG_D0.F,A,S0,N,F_UMS_CGG_D0,F,2011,-1.24037,A,F,,,P1Y,S,,,GFS.A.N.I10.W0.S13.S1._Z.B.B9P._Z._Z._Z.XDC_R_B1GQ._Z.S.V.N._T,,,,,,"See <a class=""external"" href=""http://sdw.ecb.europa.eu/web/generator/docu/rtdb_docu.pdf""> notes</a>; block Annual; series: G",,4,,,"Government primary deficit(-) or surplus(+), percent of GDP",Euro area (moving concept in the Real Time database context) - Primary deficit/surplus without UMTS proceeds - All sectors/ unspecified/ not applicable (ESA2010)-NCBs - General government (ESA2010)-NCBs - Non-financial flows current prices - Percentage,XDC_R_B1GQ,0,Replace,2017-04-26T15:30:00.000+02:00,
RTD.A.S0.N.F_UMS_CGG_D0.F,A,S0,N,F_UMS_CGG_D0,F,2012,-0.62336,A,F,,,P1Y,S,,,GFS.A.N.I10.W0.S13.S1._Z.B.B9P._Z._Z._Z.XDC_R_B1GQ._Z.S.V.N._T,,,,,,"See <a class=""external"" href=""http://sdw.ecb.europa.eu/web/generator/docu/rtdb_docu.pdf""> notes</a>; block Annual; series: G",,4,,,"Government primary deficit(-) or surplus(+), percent of GDP",Euro area (moving concept in the Real Time database context) - Primary deficit/surplus without UMTS proceeds - All sectors/ unspecified/ not applicable (ESA2010)-NCBs - General government (ESA2010)-NCBs - Non-financial flows current prices - Percentage,XDC_R_B1GQ,0,Replace,2017-04-26T15:30:00.000+02:00,
RTD.A.S0.N.F_UMS_CGG_D0.F,A,S0,N,F_UMS_CGG_D0,F,2013,-0.1977,A,F,,,P1Y,S,,,GFS.A.N.I10.W0.S13.S1._Z.B.B9P._Z._Z._Z.XDC_R_B1GQ._Z.S.V.N._T,,,,,,"See <a class=""external"" href=""http://sdw.ecb.europa.eu/web/generator/docu/rtdb_docu.pdf""> notes</a>; block Annual; series: G",,4,,,"Government primary deficit(-) or surplus(+), percent of GDP",Euro area (moving concept in the Real Time database context) - Primary deficit/surplus without UMTS proceeds - All sectors/ unspecified/ not applicable (ESA2010)-NCBs - General government (ESA2010)-NCBs - Non-financial flows current prices - Percentage,XDC_R_B1GQ,0,Replace,2017-04-26T15:30:00.000+02:00,
RTD.A.S0.N.F_UMS_CGG_D0.F,A,S0,N,F_UMS_CGG_D0,F,2014,0.08185,A,F,,,P1Y,S,,,GFS.A.N.I10.W0.S13.S1._Z.B.B9P._Z._Z._Z.XDC_R_B1GQ._Z.S.V.N._T,,,,,,"See <a class=""external"" href=""http://sdw.ecb.europa.eu/web/generator/docu/rtdb_docu.pdf""> notes</a>; block Annual; series: G",,4,,,"Government primary deficit(-) or surplus(+), percent of GDP",Euro area (moving concept in the Real Time database context) - Primary deficit/surplus without UMTS proceeds - All sectors/ unspecified/ not applicable (ESA2010)-NCBs - General government (ESA2010)-NCBs - Non-financial flows current prices - Percentage,XDC_R_B1GQ,0,Replace,2017-04-26T15:30:00.000+02:00,
RTD.A.S0.N.F_UMS_CGG_D0.F,A,S0,N,F_UMS_CGG_D0,F,2015,0.31305,A,F,,,P1Y,S,,,GFS.A.N.I10.W0.S13.S1._Z.B.B9P._Z._Z._Z.XDC_R_B1GQ._Z.S.V.N._T,,,,,,"See <a class=""external"" href=""http://sdw.ecb.europa.eu/web/generator/docu/rtdb_docu.pdf""> notes</a>; block Annual; series: G",,4,,,"Government primary deficit(-) or surplus(+), percent of GDP",Euro area (moving concept in the Real Time database context) - Primary deficit/surplus without UMTS proceeds - All sectors/ unspecified/ not applicable (ESA2010)-NCBs - General government (ESA2010)-NCBs - Non-financial flows current prices - Percentage,XDC_R_B1GQ,0,Replace,2017-04-26T15:30:00.000+02:00,
RTD.A.S0.N.F_UMS_CGG_D0.F,A,S0,N,F_UMS_CGG_D0,F,2016,0.65169,A,F,,,P1Y,S,,,GFS.A.N.I10.W0.S13.S1._Z.B.B9P._Z._Z._Z.XDC_R_B1GQ._Z.S.V.N._T,,,,,,"See <a class=""external"" href=""http://sdw.ecb.europa.eu/web/generator/docu/rtdb_docu.pdf""> notes</a>; block Annual; series: G",,4,,,"Government primary deficit(-) or surplus(+), percent of GDP",Euro area (moving concept in the Real Time database context) - Primary deficit/surplus without UMTS proceeds - All sectors/ unspecified/ not applicable (ESA2010)-NCBs - General government (ESA2010)-NCBs - Non-financial flows current prices - Percentage,XDC_R_B1GQ,0,Replace,2017-04-26T15:30:00.000+02:00,
RTD.A.S0.N.F_UMS_CGG_D0.F,A,S0,N,F_UMS_CGG_D0,F,2015,0.31306,A,F,,,P1Y,S,,,GFS.A.N.I10.W0.S13.S1._Z.B.B9P._Z._Z._Z.XDC_R_B1GQ._Z.S.V.N._T,,,,,,"See <a class=""external"" href=""http://sdw.ecb.europa.eu/web/generator/docu/rtdb_docu.pdf""> notes</a>; block Annual; series: G",,4,,,"Government primary deficit(-) or surplus(+), percent of GDP",Euro area (moving concept in the Real Time database context) - Primary deficit/surplus without UMTS proceeds - All sectors/ unspecified/ not applicable (ESA2010)-NCBs - General government (ESA2010)-NCBs - Non-financial flows current prices - Percentage,XDC_R_B1GQ,0,Replace,2017-06-07T15:30:00.000+02:00,
RTD.A.S0.N.F_UMS_CGG_D0.F,A,S0,N,F_UMS_CGG_D0,F,2016,0.67544,A,F,,,P1Y,S,,,GFS.A.N.I10.W0.S13.S1._Z.B.B9P._Z._Z._Z.XDC_R_B1GQ._Z.S.V.N._T,,,,,,"See <a class=""external"" href=""http://sdw.ecb.europa.eu/web/generator/docu/rtdb_docu.pdf""> notes</a>; block Annual; series: G",,4,,,"Government primary deficit(-) or surplus(+), percent of GDP",Euro area (moving concept in the Real Time database context) - Primary deficit/surplus without UMTS proceeds - All sectors/ unspecified/ not applicable (ESA2010)-NCBs - General government (ESA2010)-NCBs - Non-financial flows current prices - Percentage,XDC_R_B1GQ,0,Replace,2017-06-07T15:30:00.000+02:00,
RTD.A.S0.N.F_UMS_CGG_D0.F,A,S0,N,F_UMS_CGG_D0,F,1995,-1.98169,A,F,,,P1Y,S,,,GFS.A.N.I10.W0.S13.S1._Z.B.B9P._Z._Z._Z.XDC_R_B1GQ._Z.S.V.N._T,,,,,,"See <a class=""external"" href=""http://sdw.ecb.europa.eu/web/generator/docu/rtdb_docu.pdf""> notes</a>; block Annual; series: G",,4,,,"Government primary deficit(-) or surplus(+), percent of GDP",Euro area (moving concept in the Real Time database context) - Primary deficit/surplus without UMTS proceeds - All sectors/ unspecified/ not applicable (ESA2010)-NCBs - General government (ESA2010)-NCBs - Non-financial flows current prices - Percentage,XDC_R_B1GQ,0,Replace,2017-10-25T15:30:00.000+02:00,
RTD.A.S0.N.F_UMS_CGG_D0.F,A,S0,N,F_UMS_CGG_D0,F,1996,1.00109,A,F,,,P1Y,S,,,GFS.A.N.I10.W0.S13.S1._Z.B.B9P._Z._Z._Z.XDC_R_B1GQ._Z.S.V.N._T,,,,,,"See <a class=""external"" href=""http://sdw.ecb.europa.eu/web/generator/docu/rtdb_docu.pdf""> notes</a>; block Annual; series: G",,4,,,"Government primary deficit(-) or surplus(+), percent of GDP",Euro area (moving concept in the Real Time database context) - Primary deficit/surplus without UMTS proceeds - All sectors/ unspecified/ not applicable (ESA2010)-NCBs - General government (ESA2010)-NCBs - Non-financial flows current prices - Percentage,XDC_R_B1GQ,0,Replace,2017-10-25T15:30:00.000+02:00,
RTD.A.S0.N.F_UMS_CGG_D0.F,A,S0,N,F_UMS_CGG_D0,F,1997,1.76631,A,F,,,P1Y,S,,,GFS.A.N.I10.W0.S13.S1._Z.B.B9P._Z._Z._Z.XDC_R_B1GQ._Z.S.V.N._T,,,,,,"See <a class=""external"" href=""http://sdw.ecb.europa.eu/web/generator/docu/rtdb_docu.pdf""> notes</a>; block Annual; series: G",,4,,,"Government primary deficit(-) or surplus(+), percent of GDP",Euro area (moving concept in the Real Time database context) - Primary deficit/surplus without UMTS proceeds - All sectors/ unspecified/ not applicable (ESA2010)-NCBs - General government (ESA2010)-NCBs - Non-financial flows current prices - Percentage,XDC_R_B1GQ,0,Replace,2017-10-25T15:30:00.000+02:00,
RTD.A.S0.N.F_UMS_CGG_D0.F,A,S0,N,F_UMS_CGG_D0,F,1998,1.99246,A,F,,,P1Y,S,,,GFS.A.N.I10.W0.S13.S1._Z.B.B9P._Z._Z._Z.XDC_R_B1GQ._Z.S.V.N._T,,,,,,"See <a class=""external"" href=""http://sdw.ecb.europa.eu/web/generator/docu/rtdb_docu.pdf""> notes</a>; block Annual; series: G",,4,,,"Government primary deficit(-) or surplus(+), percent of GDP",Euro area (moving concept in the Real Time database context) - Primary deficit/surplus without UMTS proceeds - All sectors/ unspecified/ not applicable (ESA2010)-NCBs - General government (ESA2010)-NCBs - Non-financial flows current prices - Percentage,XDC_R_B1GQ,0,Replace,2017-10-25T15:30:00.000+02:00,
RTD.A.S0.N.F_UMS_CGG_D0.F,A,S0,N,F_UMS_CGG_D0,F,1999,2.37769,A,F,,,P1Y,S,,,GFS.A.N.I10.W0.S13.S1._Z.B.B9P._Z._Z._Z.XDC_R_B1GQ._Z.S.V.N._T,,,,,,"See <a class=""external"" href=""http://sdw.ecb.europa.eu/web/generator/docu/rtdb_docu.pdf""> notes</a>; block Annual; series: G",,4,,,"Government primary deficit(-) or surplus(+), percent of GDP",Euro area (moving concept in the Real Time database context) - Primary deficit/surplus without UMTS proceeds - All sectors/ unspecified/ not applicable (ESA2010)-NCBs - General government (ESA2010)-NCBs - Non-financial flows current prices - Percentage,XDC_R_B1GQ,0,Replace,2017-10-25T15:30:00.000+02:00,
RTD.A.S0.N.F_UMS_CGG_D0.F,A,S0,N,F_UMS_CGG_D0,F,2000,3.4792,A,F,,,P1Y,S,,,GFS.A.N.I10.W0.S13.S1._Z.B.B9P._Z._Z._Z.XDC_R_B1GQ._Z.S.V.N._T,,,,,,"See <a class=""external"" href=""http://sdw.ecb.europa.eu/web/generator/docu/rtdb_docu.pdf""> notes</a>; block Annual; series: G",,4,,,"Government primary deficit(-) or surplus(+), percent of GDP",Euro area (moving concept in the Real Time database context) - Primary deficit/surplus without UMTS proceeds - All sectors/ unspecified/ not applicable (ESA2010)-NCBs - General government (ESA2010)-NCBs - Non-financial flows current prices - Percentage,XDC_R_B1GQ,0,Replace,2017-10-25T15:30:00.000+02:00,
RTD.A.S0.N.F_UMS_CGG_D0.F,A,S0,N,F_UMS_CGG_D0,F,2001,1.64377,A,F,,,P1Y,S,,,GFS.A.N.I10.W0.S13.S1._Z.B.B9P._Z._Z._Z.XDC_R_B1GQ._Z.S.V.N._T,,,,,,"See <a class=""external"" href=""http://sdw.ecb.europa.eu/web/generator/docu/rtdb_docu.pdf""> notes</a>; block Annual; series: G",,4,,,"Government primary deficit(-) or surplus(+), percent of GDP",Euro area (moving concept in the Real Time database context) - Primary deficit/surplus without UMTS proceeds - All sectors/ unspecified/ not applicable (ESA2010)-NCBs - General government (ESA2010)-NCBs - Non-financial flows current prices - Percentage,XDC_R_B1GQ,0,Replace,2017-10-25T15:30:00.000+02:00,
RTD.A.S0.N.F_UMS_CGG_D0.F,A,S0,N,F_UMS_CGG_D0,F,2002,0.70234,A,F,,,P1Y,S,,,GFS.A.N.I10.W0.S13.S1._Z.B.B9P._Z._Z._Z.XDC_R_B1GQ._Z.S.V.N._T,,,,,,"See <a class=""external"" href=""http://sdw.ecb.europa.eu/web/generator/docu/rtdb_docu.pdf""> notes</a>; block Annual; series: G",,4,,,"Government primary deficit(-) or surplus(+), percent of GDP",Euro area (moving concept in the Real Time database context) - Primary deficit/surplus without UMTS proceeds - All sectors/ unspecified/ not applicable (ESA2010)-NCBs - General government (ESA2010)-NCBs - Non-financial flows current prices - Percentage,XDC_R_B1GQ,0,Replace,2017-10-25T15:30:00.000+02:00,
RTD.A.S0.N.F_UMS_CGG_D0.F,A,S0,N,F_UMS_CGG_D0,F,2003,0.01667,A,F,,,P1Y,S,,,GFS.A.N.I10.W0.S13.S1._Z.B.B9P._Z._Z._Z.XDC_R_B1GQ._Z.S.V.N._T,,,,,,"See <a class=""external"" href=""http://sdw.ecb.europa.eu/web/generator/docu/rtdb_docu.pdf""> notes</a>; block Annual; series: G",,4,,,"Government primary deficit(-) or surplus(+), percent of GDP",Euro area (moving concept in the Real Time database context) - Primary deficit/surplus without UMTS proceeds - All sectors/ unspecified/ not applicable (ESA2010)-NCBs - General government (ESA2010)-NCBs - Non-financial flows current prices - Percentage,XDC_R_B1GQ,0,Replace,2017-10-25T15:30:00.000+02:00,
RTD.A.S0.N.F_UMS_CGG_D0.F,A,S0,N,F_UMS_CGG_D0,F,2004,0.06104,A,F,,,P1Y,S,,,GFS.A.N.I10.W0.S13.S1._Z.B.B9P._Z._Z._Z.XDC_R_B1GQ._Z.S.V.N._T,,,,,,"See <a class=""external"" href=""http://sdw.ecb.europa.eu/web/generator/docu/rtdb_docu.pdf""> notes</a>; block Annual; series: G",,4,,,"Government primary deficit(-) or surplus(+), percent of GDP",Euro area (moving concept in the Real Time database context) - Primary deficit/surplus without UMTS proceeds - All sectors/ unspecified/ not applicable (ESA2010)-NCBs - General government (ESA2010)-NCBs - Non-financial flows current prices - Percentage,XDC_R_B1GQ,0,Replace,2017-10-25T15:30:00.000+02:00,
RTD.A.S0.N.F_UMS_CGG_D0.F,A,S0,N,F_UMS_CGG_D0,F,2005,0.32076,A,F,,,P1Y,S,,,GFS.A.N.I10.W0.S13.S1._Z.B.B9P._Z._Z._Z.XDC_R_B1GQ._Z.S.V.N._T,,,,,,"See <a class=""external"" href=""http://sdw.ecb.europa.eu/web/generator/docu/rtdb_docu.pdf""> notes</a>; block Annual; series: G",,4,,,"Government primary deficit(-) or surplus(+), percent of GDP",Euro area (moving concept in the Real Time database context) - Primary deficit/surplus without UMTS proceeds - All sectors/ unspecified/ not applicable (ESA2010)-NCBs - General government (ESA2010)-NCBs - Non-financial flows current prices - Percentage,XDC_R_B1GQ,0,Replace,2017-10-25T15:30:00.000+02:00,
RTD.A.S0.N.F_UMS_CGG_D0.F,A,S0,N,F_UMS_CGG_D0,F,2006,1.32224,A,F,,,P1Y,S,,,GFS.A.N.I10.W0.S13.S1._Z.B.B9P._Z._Z._Z.XDC_R_B1GQ._Z.S.V.N._T,,,,,,"See <a class=""external"" href=""http://sdw.ecb.europa.eu/web/generator/docu/rtdb_docu.pdf""> notes</a>; block Annual; series: G",,4,,,"Government primary deficit(-) or surplus(+), percent of GDP",Euro area (moving concept in the Real Time database context) - Primary deficit/surplus without UMTS proceeds - All sectors/ unspecified/ not applicable (ESA2010)-NCBs - General government (ESA2010)-NCBs - Non-financial flows current prices - Percentage,XDC_R_B1GQ,0,Replace,2017-10-25T15:30:00.000+02:00,
RTD.A.S0.N.F_UMS_CGG_D0.F,A,S0,N,F_UMS_CGG_D0,F,2007,2.21079,A,F,,,P1Y,S,,,GFS.A.N.I10.W0.S13.S1._Z.B.B9P._Z._Z._Z.XDC_R_B1GQ._Z.S.V.N._T,,,,,,"See <a class=""external"" href=""http://sdw.ecb.europa.eu/web/generator/docu/rtdb_docu.pdf""> notes</a>; block Annual; series: G",,4,,,"Government primary deficit(-) or surplus(+), percent of GDP",Euro area (moving concept in the Real Time database context) - Primary deficit/surplus without UMTS proceeds - All sectors/ unspecified/ not applicable (ESA2010)-NCBs - General government (ESA2010)-NCBs - Non-financial flows current prices - Percentage,XDC_R_B1GQ,0,Replace,2017-10-25T15:30:00.000+02:00,
RTD.A.S0.N.F_UMS_CGG_D0.F,A,S0,N,F_UMS_CGG_D0,F,2008,0.77612,A,F,,,P1Y,S,,,GFS.A.N.I10.W0.S13.S1._Z.B.B9P._Z._Z._Z.XDC_R_B1GQ._Z.S.V.N._T,,,,,,"See <a class=""external"" href=""http://sdw.ecb.europa.eu/web/generator/docu/rtdb_docu.pdf""> notes</a>; block Annual; series: G",,4,,,"Government primary deficit(-) or surplus(+), percent of GDP",Euro area (moving concept in the Real Time database context) - Primary deficit/surplus without UMTS proceeds - All sectors/ unspecified/ not applicable (ESA2010)-NCBs - General government (ESA2010)-NCBs - Non-financial flows current prices - Percentage,XDC_R_B1GQ,0,Replace,2017-10-25T15:30:00.000+02:00,
RTD.A.S0.N.F_UMS_CGG_D0.F,A,S0,N,F_UMS_CGG_D0,F,2009,-3.45922,A,F,,,P1Y,S,,,GFS.A.N.I10.W0.S13.S1._Z.B.B9P._Z._Z._Z.XDC_R_B1GQ._Z.S.V.N._T,,,,,,"See <a class=""external"" href=""http://sdw.ecb.europa.eu/web/generator/docu/rtdb_docu.pdf""> notes</a>; block Annual; series: G",,4,,,"Government primary deficit(-) or surplus(+), percent of GDP",Euro area (moving concept in the Real Time database context) - Primary deficit/surplus without UMTS proceeds - All sectors/ unspecified/ not applicable (ESA2010)-NCBs - General government (ESA2010)-NCBs - Non-financial flows current prices - Percentage,XDC_R_B1GQ,0,Replace,2017-10-25T15:30:00.000+02:00,
RTD.A.S0.N.F_UMS_CGG_D0.F,A,S0,N,F_UMS_CGG_D0,F,2010,-3.42521,A,F,,,P1Y,S,,,GFS.A.N.I10.W0.S13.S1._Z.B.B9P._Z._Z._Z.XDC_R_B1GQ._Z.S.V.N._T,,,,,,"See <a class=""external"" href=""http://sdw.ecb.europa.eu/web/generator/docu/rtdb_docu.pdf""> notes</a>; block Annual; series: G",,4,,,"Government primary deficit(-) or surplus(+), percent of GDP",Euro area (moving concept in the Real Time database context) - Primary deficit/surplus without UMTS proceeds - All sectors/ unspecified/ not applicable (ESA2010)-NCBs - General government (ESA2010)-NCBs - Non-financial flows current prices - Percentage,XDC_R_B1GQ,0,Replace,2017-10-25T15:30:00.000+02:00,
RTD.A.S0.N.F_UMS_CGG_D0.F,A,S0,N,F_UMS_CGG_D0,F,2011,-1.24456,A,F,,,P1Y,S,,,GFS.A.N.I10.W0.S13.S1._Z.B.B9P._Z._Z._Z.XDC_R_B1GQ._Z.S.V.N._T,,,,,,"See <a class=""external"" href=""http://sdw.ecb.europa.eu/web/generator/docu/rtdb_docu.pdf""> notes</a>; block Annual; series: G",,4,,,"Government primary deficit(-) or surplus(+), percent of GDP",Euro area (moving concept in the Real Time database context) - Primary deficit/surplus without UMTS proceeds - All sectors/ unspecified/ not applicable (ESA2010)-NCBs - General government (ESA2010)-NCBs - Non-financial flows current prices - Percentage,XDC_R_B1GQ,0,Replace,2017-10-25T15:30:00.000+02:00,
RTD.A.S0.N.F_UMS_CGG_D0.F,A,S0,N,F_UMS_CGG_D0,F,2012,-0.6213,A,F,,,P1Y,S,,,GFS.A.N.I10.W0.S13.S1._Z.B.B9P._Z._Z._Z.XDC_R_B1GQ._Z.S.V.N._T,,,,,,"See <a class=""external"" href=""http://sdw.ecb.europa.eu/web/generator/docu/rtdb_docu.pdf""> notes</a>; block Annual; series: G",,4,,,"Government primary deficit(-) or surplus(+), percent of GDP",Euro area (moving concept in the Real Time database context) - Primary deficit/surplus without UMTS proceeds - All sectors/ unspecified/ not applicable (ESA2010)-NCBs - General government (ESA2010)-NCBs - Non-financial flows current prices - Percentage,XDC_R_B1GQ,0,Replace,2017-10-25T15:30:00.000+02:00,
RTD.A.S0.N.F_UMS_CGG_D0.F,A,S0,N,F_UMS_CGG_D0,F,2013,-0.23753,A,F,,,P1Y,S,,,GFS.A.N.I10.W0.S13.S1._Z.B.B9P._Z._Z._Z.XDC_R_B1GQ._Z.S.V.N._T,,,,,,"See <a class=""external"" href=""http://sdw.ecb.europa.eu/web/generator/docu/rtdb_docu.pdf""> notes</a>; block Annual; series: G",,4,,,"Government primary deficit(-) or surplus(+), percent of GDP",Euro area (moving concept in the Real Time database context) - Primary deficit/surplus without UMTS proceeds - All sectors/ unspecified/ not applicable (ESA2010)-NCBs - General government (ESA2010)-NCBs - Non-financial flows current prices - Percentage,XDC_R_B1GQ,0,Replace,2017-10-25T15:30:00.000+02:00,
RTD.A.S0.N.F_UMS_CGG_D0.F,A,S0,N,F_UMS_CGG_D0,F,2014,0.08827,A,F,,,P1Y,S,,,GFS.A.N.I10.W0.S13.S1._Z.B.B9P._Z._Z._Z.XDC_R_B1GQ._Z.S.V.N._T,,,,,,"See <a class=""external"" href=""http://sdw.ecb.europa.eu/web/generator/docu/rtdb_docu.pdf""> notes</a>; block Annual; series: G",,4,,,"Government primary deficit(-) or surplus(+), percent of GDP",Euro area (moving concept in the Real Time database context) - Primary deficit/surplus without UMTS proceeds - All sectors/ unspecified/ not applicable (ESA2010)-NCBs - General government (ESA2010)-NCBs - Non-financial flows current prices - Percentage,XDC_R_B1GQ,0,Replace,2017-10-25T15:30:00.000+02:00,
RTD.A.S0.N.F_UMS_CGG_D0.F,A,S0,N,F_UMS_CGG_D0,F,2015,0.29152,A,F,,,P1Y,S,,,GFS.A.N.I10.W0.S13.S1._Z.B.B9P._Z._Z._Z.XDC_R_B1GQ._Z.S.V.N._T,,,,,,"See <a class=""external"" href=""http://sdw.ecb.europa.eu/web/generator/docu/rtdb_docu.pdf""> notes</a>; block Annual; series: G",,4,,,"Government primary deficit(-) or surplus(+), percent of GDP",Euro area (moving concept in the Real Time database context) - Primary deficit/surplus without UMTS proceeds - All sectors/ unspecified/ not applicable (ESA2010)-NCBs - General government (ESA2010)-NCBs - Non-financial flows current prices - Percentage,XDC_R_B1GQ,0,Replace,2017-10-25T15:30:00.000+02:00,
RTD.A.S0.N.F_UMS_CGG_D0.F,A,S0,N,F_UMS_CGG_D0,F,2016,0.63465,A,F,,,P1Y,S,,,GFS.A.N.I10.W0.S13.S1._Z.B.B9P._Z._Z._Z.XDC_R_B1GQ._Z.S.V.N._T,,,,,,"See <a class=""external"" href=""http://sdw.ecb.europa.eu/web/generator/docu/rtdb_docu.pdf""> notes</a>; block Annual; series: G",,4,,,"Government primary deficit(-) or surplus(+), percent of GDP",Euro area (moving concept in the Real Time database context) - Primary deficit/surplus without UMTS proceeds - All sectors/ unspecified/ not applicable (ESA2010)-NCBs - General government (ESA2010)-NCBs - Non-financial flows current prices - Percentage,XDC_R_B1GQ,0,Replace,2017-10-25T15:30:00.000+02:00,
RTD.A.S0.N.F_UMS_CGG_D0.F,A,S0,N,F_UMS_CGG_D0,F,2013,-0.23752,A,F,,,P1Y,S,,,GFS.A.N.I10.W0.S13.S1._Z.B.B9P._Z._Z._Z.XDC_R_B1GQ._Z.S.V.N._T,,,,,,"See <a class=""external"" href=""http://sdw.ecb.europa.eu/web/generator/docu/rtdb_docu.pdf""> notes</a>; block Annual; series: G",,4,,,"Government primary deficit(-) or surplus(+), percent of GDP",Euro area (moving concept in the Real Time database context) - Primary deficit/surplus without UMTS proceeds - All sectors/ unspecified/ not applicable (ESA2010)-NCBs - General government (ESA2010)-NCBs - Non-financial flows current prices - Percentage,XDC_R_B1GQ,0,Replace,2017-12-13T15:30:00.000+01:00,
RTD.A.S0.N.F_UMS_CGG_D0.F,A,S0,N,F_UMS_CGG_D0,F,2015,0.29151,A,F,,,P1Y,S,,,GFS.A.N.I10.W0.S13.S1._Z.B.B9P._Z._Z._Z.XDC_R_B1GQ._Z.S.V.N._T,,,,,,"See <a class=""external"" href=""http://sdw.ecb.europa.eu/web/generator/docu/rtdb_docu.pdf""> notes</a>; block Annual; series: G",,4,,,"Government primary deficit(-) or surplus(+), percent of GDP",Euro area (moving concept in the Real Time database context) - Primary deficit/surplus without UMTS proceeds - All sectors/ unspecified/ not applicable (ESA2010)-NCBs - General government (ESA2010)-NCBs - Non-financial flows current prices - Percentage,XDC_R_B1GQ,0,Replace,2017-12-13T15:30:00.000+01:00,
RTD.A.S0.N.F_UMS_CGG_D0.F,A,S0,N,F_UMS_CGG_D0,F,2016,0.63362,A,F,,,P1Y,S,,,GFS.A.N.I10.W0.S13.S1._Z.B.B9P._Z._Z._Z.XDC_R_B1GQ._Z.S.V.N._T,,,,,,"See <a class=""external"" href=""http://sdw.ecb.europa.eu/web/generator/docu/rtdb_docu.pdf""> notes</a>; block Annual; series: G",,4,,,"Government primary deficit(-) or surplus(+), percent of GDP",Euro area (moving concept in the Real Time database context) - Primary deficit/surplus without UMTS proceeds - All sectors/ unspecified/ not applicable (ESA2010)-NCBs - General government (ESA2010)-NCBs - Non-financial flows current prices - Percentage,XDC_R_B1GQ,0,Replace,2017-12-13T15:30:00.000+01:00,
RTD.A.S0.N.F_UMS_CGG_D0.F,A,S0,N,F_UMS_CGG_D0,F,2015,0.29152,A,F,,,P1Y,S,,,GFS.A.N.I10.W0.S13.S1._Z.B.B9P._Z._Z._Z.XDC_R_B1GQ._Z.S.V.N._T,,,,,,"See <a class=""external"" href=""http://sdw.ecb.europa.eu/web/generator/docu/rtdb_docu.pdf""> notes</a>; block Annual; series: G",,4,,,"Government primary deficit(-) or surplus(+), percent of GDP",Euro area (moving concept in the Real Time database context) - Primary deficit/surplus without UMTS proceeds - All sectors/ unspecified/ not applicable (ESA2010)-NCBs - General government (ESA2010)-NCBs - Non-financial flows current prices - Percentage,XDC_R_B1GQ,0,Replace,2018-03-07T15:30:00.000+01:00,
RTD.A.S0.N.F_UMS_CGG_D0.F,A,S0,N,F_UMS_CGG_D0,F,1995,-1.9721,A,F,,,P1Y,S,,,GFS.A.N.I10.W0.S13.S1._Z.B.B9P._Z._Z._Z.XDC_R_B1GQ._Z.S.V.N._T,,,,,,"See <a class=""external"" href=""http://sdw.ecb.europa.eu/web/generator/docu/rtdb_docu.pdf""> notes</a>; block Annual; series: G",,4,,,"Government primary deficit(-) or surplus(+), percent of GDP",Euro area (moving concept in the Real Time database context) - Primary deficit/surplus without UMTS proceeds - All sectors/ unspecified/ not applicable (ESA2010)-NCBs - General government (ESA2010)-NCBs - Non-financial flows current prices - Percentage,XDC_R_B1GQ,0,Replace,2018-04-25T15:30:00.000+02:00,
RTD.A.S0.N.F_UMS_CGG_D0.F,A,S0,N,F_UMS_CGG_D0,F,1996,1.00425,A,F,,,P1Y,S,,,GFS.A.N.I10.W0.S13.S1._Z.B.B9P._Z._Z._Z.XDC_R_B1GQ._Z.S.V.N._T,,,,,,"See <a class=""external"" href=""http://sdw.ecb.europa.eu/web/generator/docu/rtdb_docu.pdf""> notes</a>; block Annual; series: G",,4,,,"Government primary deficit(-) or surplus(+), percent of GDP",Euro area (moving concept in the Real Time database context) - Primary deficit/surplus without UMTS proceeds - All sectors/ unspecified/ not applicable (ESA2010)-NCBs - General government (ESA2010)-NCBs - Non-financial flows current prices - Percentage,XDC_R_B1GQ,0,Replace,2018-04-25T15:30:00.000+02:00,
RTD.A.S0.N.F_UMS_CGG_D0.F,A,S0,N,F_UMS_CGG_D0,F,1997,1.76473,A,F,,,P1Y,S,,,GFS.A.N.I10.W0.S13.S1._Z.B.B9P._Z._Z._Z.XDC_R_B1GQ._Z.S.V.N._T,,,,,,"See <a class=""external"" href=""http://sdw.ecb.europa.eu/web/generator/docu/rtdb_docu.pdf""> notes</a>; block Annual; series: G",,4,,,"Government primary deficit(-) or surplus(+), percent of GDP",Euro area (moving concept in the Real Time database context) - Primary deficit/surplus without UMTS proceeds - All sectors/ unspecified/ not applicable (ESA2010)-NCBs - General government (ESA2010)-NCBs - Non-financial flows current prices - Percentage,XDC_R_B1GQ,0,Replace,2018-04-25T15:30:00.000+02:00,
RTD.A.S0.N.F_UMS_CGG_D0.F,A,S0,N,F_UMS_CGG_D0,F,1998,2.00086,A,F,,,P1Y,S,,,GFS.A.N.I10.W0.S13.S1._Z.B.B9P._Z._Z._Z.XDC_R_B1GQ._Z.S.V.N._T,,,,,,"See <a class=""external"" href=""http://sdw.ecb.europa.eu/web/generator/docu/rtdb_docu.pdf""> notes</a>; block Annual; series: G",,4,,,"Government primary deficit(-) or surplus(+), percent of GDP",Euro area (moving concept in the Real Time database context) - Primary deficit/surplus without UMTS proceeds - All sectors/ unspecified/ not applicable (ESA2010)-NCBs - General government (ESA2010)-NCBs - Non-financial flows current prices - Percentage,XDC_R_B1GQ,0,Replace,2018-04-25T15:30:00.000+02:00,
RTD.A.S0.N.F_UMS_CGG_D0.F,A,S0,N,F_UMS_CGG_D0,F,1999,2.37464,A,F,,,P1Y,S,,,GFS.A.N.I10.W0.S13.S1._Z.B.B9P._Z._Z._Z.XDC_R_B1GQ._Z.S.V.N._T,,,,,,"See <a class=""external"" href=""http://sdw.ecb.europa.eu/web/generator/docu/rtdb_docu.pdf""> notes</a>; block Annual; series: G",,4,,,"Government primary deficit(-) or surplus(+), percent of GDP",Euro area (moving concept in the Real Time database context) - Primary deficit/surplus without UMTS proceeds - All sectors/ unspecified/ not applicable (ESA2010)-NCBs - General government (ESA2010)-NCBs - Non-financial flows current prices - Percentage,XDC_R_B1GQ,0,Replace,2018-04-25T15:30:00.000+02:00,
RTD.A.S0.N.F_UMS_CGG_D0.F,A,S0,N,F_UMS_CGG_D0,F,2000,3.28375,A,F,,,P1Y,S,,,GFS.A.N.I10.W0.S13.S1._Z.B.B9P._Z._Z._Z.XDC_R_B1GQ._Z.S.V.N._T,,,,,,"See <a class=""external"" href=""http://sdw.ecb.europa.eu/web/generator/docu/rtdb_docu.pdf""> notes</a>; block Annual; series: G",,4,,,"Government primary deficit(-) or surplus(+), percent of GDP",Euro area (moving concept in the Real Time database context) - Primary deficit/surplus without UMTS proceeds - All sectors/ unspecified/ not applicable (ESA2010)-NCBs - General government (ESA2010)-NCBs - Non-financial flows current prices - Percentage,XDC_R_B1GQ,0,Replace,2018-04-25T15:30:00.000+02:00,
RTD.A.S0.N.F_UMS_CGG_D0.F,A,S0,N,F_UMS_CGG_D0,F,2001,1.65677,A,F,,,P1Y,S,,,GFS.A.N.I10.W0.S13.S1._Z.B.B9P._Z._Z._Z.XDC_R_B1GQ._Z.S.V.N._T,,,,,,"See <a class=""external"" href=""http://sdw.ecb.europa.eu/web/generator/docu/rtdb_docu.pdf""> notes</a>; block Annual; series: G",,4,,,"Government primary deficit(-) or surplus(+), percent of GDP",Euro area (moving concept in the Real Time database context) - Primary deficit/surplus without UMTS proceeds - All sectors/ unspecified/ not applicable (ESA2010)-NCBs - General government (ESA2010)-NCBs - Non-financial flows current prices - Percentage,XDC_R_B1GQ,0,Replace,2018-04-25T15:30:00.000+02:00,
RTD.A.S0.N.F_UMS_CGG_D0.F,A,S0,N,F_UMS_CGG_D0,F,2002,0.70393,A,F,,,P1Y,S,,,GFS.A.N.I10.W0.S13.S1._Z.B.B9P._Z._Z._Z.XDC_R_B1GQ._Z.S.V.N._T,,,,,,"See <a class=""external"" href=""http://sdw.ecb.europa.eu/web/generator/docu/rtdb_docu.pdf""> notes</a>; block Annual; series: G",,4,,,"Government primary deficit(-) or surplus(+), percent of GDP",Euro area (moving concept in the Real Time database context) - Primary deficit/surplus without UMTS proceeds - All sectors/ unspecified/ not applicable (ESA2010)-NCBs - General government (ESA2010)-NCBs - Non-financial flows current prices - Percentage,XDC_R_B1GQ,0,Replace,2018-04-25T15:30:00.000+02:00,
RTD.A.S0.N.F_UMS_CGG_D0.F,A,S0,N,F_UMS_CGG_D0,F,2003,0.00123,A,F,,,P1Y,S,,,GFS.A.N.I10.W0.S13.S1._Z.B.B9P._Z._Z._Z.XDC_R_B1GQ._Z.S.V.N._T,,,,,,"See <a class=""external"" href=""http://sdw.ecb.europa.eu/web/generator/docu/rtdb_docu.pdf""> notes</a>; block Annual; series: G",,4,,,"Government primary deficit(-) or surplus(+), percent of GDP",Euro area (moving concept in the Real Time database context) - Primary deficit/surplus without UMTS proceeds - All sectors/ unspecified/ not applicable (ESA2010)-NCBs - General government (ESA2010)-NCBs - Non-financial flows current prices - Percentage,XDC_R_B1GQ,0,Replace,2018-04-25T15:30:00.000+02:00,
RTD.A.S0.N.F_UMS_CGG_D0.F,A,S0,N,F_UMS_CGG_D0,F,2004,0.05577,A,F,,,P1Y,S,,,GFS.A.N.I10.W0.S13.S1._Z.B.B9P._Z._Z._Z.XDC_R_B1GQ._Z.S.V.N._T,,,,,,"See <a class=""external"" href=""http://sdw.ecb.europa.eu/web/generator/docu/rtdb_docu.pdf""> notes</a>; block Annual; series: G",,4,,,"Government primary deficit(-) or surplus(+), percent of GDP",Euro area (moving concept in the Real Time database context) - Primary deficit/surplus without UMTS proceeds - All sectors/ unspecified/ not applicable (ESA2010)-NCBs - General government (ESA2010)-NCBs - Non-financial flows current prices - Percentage,XDC_R_B1GQ,0,Replace,2018-04-25T15:30:00.000+02:00,
RTD.A.S0.N.F_UMS_CGG_D0.F,A,S0,N,F_UMS_CGG_D0,F,2005,0.29588,A,F,,,P1Y,S,,,GFS.A.N.I10.W0.S13.S1._Z.B.B9P._Z._Z._Z.XDC_R_B1GQ._Z.S.V.N._T,,,,,,"See <a class=""external"" href=""http://sdw.ecb.europa.eu/web/generator/docu/rtdb_docu.pdf""> notes</a>; block Annual; series: G",,4,,,"Government primary deficit(-) or surplus(+), percent of GDP",Euro area (moving concept in the Real Time database context) - Primary deficit/surplus without UMTS proceeds - All sectors/ unspecified/ not applicable (ESA2010)-NCBs - General government (ESA2010)-NCBs - Non-financial flows current prices - Percentage,XDC_R_B1GQ,0,Replace,2018-04-25T15:30:00.000+02:00,
RTD.A.S0.N.F_UMS_CGG_D0.F,A,S0,N,F_UMS_CGG_D0,F,2006,1.31389,A,F,,,P1Y,S,,,GFS.A.N.I10.W0.S13.S1._Z.B.B9P._Z._Z._Z.XDC_R_B1GQ._Z.S.V.N._T,,,,,,"See <a class=""external"" href=""http://sdw.ecb.europa.eu/web/generator/docu/rtdb_docu.pdf""> notes</a>; block Annual; series: G",,4,,,"Government primary deficit(-) or surplus(+), percent of GDP",Euro area (moving concept in the Real Time database context) - Primary deficit/surplus without UMTS proceeds - All sectors/ unspecified/ not applicable (ESA2010)-NCBs - General government (ESA2010)-NCBs - Non-financial flows current prices - Percentage,XDC_R_B1GQ,0,Replace,2018-04-25T15:30:00.000+02:00,
RTD.A.S0.N.F_UMS_CGG_D0.F,A,S0,N,F_UMS_CGG_D0,F,2007,2.20365,A,F,,,P1Y,S,,,GFS.A.N.I10.W0.S13.S1._Z.B.B9P._Z._Z._Z.XDC_R_B1GQ._Z.S.V.N._T,,,,,,"See <a class=""external"" href=""http://sdw.ecb.europa.eu/web/generator/docu/rtdb_docu.pdf""> notes</a>; block Annual; series: G",,4,,,"Government primary deficit(-) or surplus(+), percent of GDP",Euro area (moving concept in the Real Time database context) - Primary deficit/surplus without UMTS proceeds - All sectors/ unspecified/ not applicable (ESA2010)-NCBs - General government (ESA2010)-NCBs - Non-financial flows current prices - Percentage,XDC_R_B1GQ,0,Replace,2018-04-25T15:30:00.000+02:00,
RTD.A.S0.N.F_UMS_CGG_D0.F,A,S0,N,F_UMS_CGG_D0,F,2008,0.77181,A,F,,,P1Y,S,,,GFS.A.N.I10.W0.S13.S1._Z.B.B9P._Z._Z._Z.XDC_R_B1GQ._Z.S.V.N._T,,,,,,"See <a class=""external"" href=""http://sdw.ecb.europa.eu/web/generator/docu/rtdb_docu.pdf""> notes</a>; block Annual; series: G",,4,,,"Government primary deficit(-) or surplus(+), percent of GDP",Euro area (moving concept in the Real Time database context) - Primary deficit/surplus without UMTS proceeds - All sectors/ unspecified/ not applicable (ESA2010)-NCBs - General government (ESA2010)-NCBs - Non-financial flows current prices - Percentage,XDC_R_B1GQ,0,Replace,2018-04-25T15:30:00.000+02:00,
RTD.A.S0.N.F_UMS_CGG_D0.F,A,S0,N,F_UMS_CGG_D0,F,2009,-3.4564,A,F,,,P1Y,S,,,GFS.A.N.I10.W0.S13.S1._Z.B.B9P._Z._Z._Z.XDC_R_B1GQ._Z.S.V.N._T,,,,,,"See <a class=""external"" href=""http://sdw.ecb.europa.eu/web/generator/docu/rtdb_docu.pdf""> notes</a>; block Annual; series: G",,4,,,"Government primary deficit(-) or surplus(+), percent of GDP",Euro area (moving concept in the Real Time database context) - Primary deficit/surplus without UMTS proceeds - All sectors/ unspecified/ not applicable (ESA2010)-NCBs - General government (ESA2010)-NCBs - Non-financial flows current prices - Percentage,XDC_R_B1GQ,0,Replace,2018-04-25T15:30:00.000+02:00,
RTD.A.S0.N.F_UMS_CGG_D0.F,A,S0,N,F_UMS_CGG_D0,F,2010,-3.43724,A,F,,,P1Y,S,,,GFS.A.N.I10.W0.S13.S1._Z.B.B9P._Z._Z._Z.XDC_R_B1GQ._Z.S.V.N._T,,,,,,"See <a class=""external"" href=""http://sdw.ecb.europa.eu/web/generator/docu/rtdb_docu.pdf""> notes</a>; block Annual; series: G",,4,,,"Government primary deficit(-) or surplus(+), percent of GDP",Euro area (moving concept in the Real Time database context) - Primary deficit/surplus without UMTS proceeds - All sectors/ unspecified/ not applicable (ESA2010)-NCBs - General government (ESA2010)-NCBs - Non-financial flows current prices - Percentage,XDC_R_B1GQ,0,Replace,2018-04-25T15:30:00.000+02:00,
RTD.A.S0.N.F_UMS_CGG_D0.F,A,S0,N,F_UMS_CGG_D0,F,2011,-1.25095,A,F,,,P1Y,S,,,GFS.A.N.I10.W0.S13.S1._Z.B.B9P._Z._Z._Z.XDC_R_B1GQ._Z.S.V.N._T,,,,,,"See <a class=""external"" href=""http://sdw.ecb.europa.eu/web/generator/docu/rtdb_docu.pdf""> notes</a>; block Annual; series: G",,4,,,"Government primary deficit(-) or surplus(+), percent of GDP",Euro area (moving concept in the Real Time database context) - Primary deficit/surplus without UMTS proceeds - All sectors/ unspecified/ not applicable (ESA2010)-NCBs - General government (ESA2010)-NCBs - Non-financial flows current prices - Percentage,XDC_R_B1GQ,0,Replace,2018-04-25T15:30:00.000+02:00,
RTD.A.S0.N.F_UMS_CGG_D0.F,A,S0,N,F_UMS_CGG_D0,F,2012,-0.65654,A,F,,,P1Y,S,,,GFS.A.N.I10.W0.S13.S1._Z.B.B9P._Z._Z._Z.XDC_R_B1GQ._Z.S.V.N._T,,,,,,"See <a class=""external"" href=""http://sdw.ecb.europa.eu/web/generator/docu/rtdb_docu.pdf""> notes</a>; block Annual; series: G",,4,,,"Government primary deficit(-) or surplus(+), percent of GDP",Euro area (moving concept in the Real Time database context) - Primary deficit/surplus without UMTS proceeds - All sectors/ unspecified/ not applicable (ESA2010)-NCBs - General government (ESA2010)-NCBs - Non-financial flows current prices - Percentage,XDC_R_B1GQ,0,Replace,2018-04-25T15:30:00.000+02:00,
RTD.A.S0.N.F_UMS_CGG_D0.F,A,S0,N,F_UMS_CGG_D0,F,2013,-0.21542,A,F,,,P1Y,S,,,GFS.A.N.I10.W0.S13.S1._Z.B.B9P._Z._Z._Z.XDC_R_B1GQ._Z.S.V.N._T,,,,,,"See <a class=""external"" href=""http://sdw.ecb.europa.eu/web/generator/docu/rtdb_docu.pdf""> notes</a>; block Annual; series: G",,4,,,"Government primary deficit(-) or surplus(+), percent of GDP",Euro area (moving concept in the Real Time database context) - Primary deficit/surplus without UMTS proceeds - All sectors/ unspecified/ not applicable (ESA2010)-NCBs - General government (ESA2010)-NCBs - Non-financial flows current prices - Percentage,XDC_R_B1GQ,0,Replace,2018-04-25T15:30:00.000+02:00,
RTD.A.S0.N.F_UMS_CGG_D0.F,A,S0,N,F_UMS_CGG_D0,F,2014,0.09504,A,F,,,P1Y,S,,,GFS.A.N.I10.W0.S13.S1._Z.B.B9P._Z._Z._Z.XDC_R_B1GQ._Z.S.V.N._T,,,,,,"See <a class=""external"" href=""http://sdw.ecb.europa.eu/web/generator/docu/rtdb_docu.pdf""> notes</a>; block Annual; series: G",,4,,,"Government primary deficit(-) or surplus(+), percent of GDP",Euro area (moving concept in the Real Time database context) - Primary deficit/surplus without UMTS proceeds - All sectors/ unspecified/ not applicable (ESA2010)-NCBs - General government (ESA2010)-NCBs - Non-financial flows current prices - Percentage,XDC_R_B1GQ,0,Replace,2018-04-25T15:30:00.000+02:00,
RTD.A.S0.N.F_UMS_CGG_D0.F,A,S0,N,F_UMS_CGG_D0,F,2015,0.27861,A,F,,,P1Y,S,,,GFS.A.N.I10.W0.S13.S1._Z.B.B9P._Z._Z._Z.XDC_R_B1GQ._Z.S.V.N._T,,,,,,"See <a class=""external"" href=""http://sdw.ecb.europa.eu/web/generator/docu/rtdb_docu.pdf""> notes</a>; block Annual; series: G",,4,,,"Government primary deficit(-) or surplus(+), percent of GDP",Euro area (moving concept in the Real Time database context) - Primary deficit/surplus without UMTS proceeds - All sectors/ unspecified/ not applicable (ESA2010)-NCBs - General government (ESA2010)-NCBs - Non-financial flows current prices - Percentage,XDC_R_B1GQ,0,Replace,2018-04-25T15:30:00.000+02:00,
RTD.A.S0.N.F_UMS_CGG_D0.F,A,S0,N,F_UMS_CGG_D0,F,2016,0.6446,A,F,,,P1Y,S,,,GFS.A.N.I10.W0.S13.S1._Z.B.B9P._Z._Z._Z.XDC_R_B1GQ._Z.S.V.N._T,,,,,,"See <a class=""external"" href=""http://sdw.ecb.europa.eu/web/generator/docu/rtdb_docu.pdf""> notes</a>; block Annual; series: G",,4,,,"Government primary deficit(-) or surplus(+), percent of GDP",Euro area (moving concept in the Real Time database context) - Primary deficit/surplus without UMTS proceeds - All sectors/ unspecified/ not applicable (ESA2010)-NCBs - General government (ESA2010)-NCBs - Non-financial flows current prices - Percentage,XDC_R_B1GQ,0,Replace,2018-04-25T15:30:00.000+02:00,
RTD.A.S0.N.F_UMS_CGG_D0.F,A,S0,N,F_UMS_CGG_D0,F,2017,1.08191,A,F,,,P1Y,S,,,GFS.A.N.I10.W0.S13.S1._Z.B.B9P._Z._Z._Z.XDC_R_B1GQ._Z.S.V.N._T,,,,,,"See <a class=""external"" href=""http://sdw.ecb.europa.eu/web/generator/docu/rtdb_docu.pdf""> notes</a>; block Annual; series: G",,4,,,"Government primary deficit(-) or surplus(+), percent of GDP",Euro area (moving concept in the Real Time database context) - Primary deficit/surplus without UMTS proceeds - All sectors/ unspecified/ not applicable (ESA2010)-NCBs - General government (ESA2010)-NCBs - Non-financial flows current prices - Percentage,XDC_R_B1GQ,0,Replace,2018-04-25T15:30:00.000+02:00,
RTD.A.S0.N.F_UMS_CGG_D0.F,A,S0,N,F_UMS_CGG_D0,F,2014,0.09505,A,F,,,P1Y,S,,,GFS.A.N.I10.W0.S13.S1._Z.B.B9P._Z._Z._Z.XDC_R_B1GQ._Z.S.V.N._T,,,,,,"See <a class=""external"" href=""http://sdw.ecb.europa.eu/web/generator/docu/rtdb_docu.pdf""> notes</a>; block Annual; series: G",,4,,,"Government primary deficit(-) or surplus(+), percent of GDP",Euro area (moving concept in the Real Time database context) - Primary deficit/surplus without UMTS proceeds - All sectors/ unspecified/ not applicable (ESA2010)-NCBs - General government (ESA2010)-NCBs - Non-financial flows current prices - Percentage,XDC_R_B1GQ,0,Replace,2018-06-13T15:30:00.000+02:00,
RTD.A.S0.N.F_UMS_CGG_D0.F,A,S0,N,F_UMS_CGG_D0,F,2016,0.64462,A,F,,,P1Y,S,,,GFS.A.N.I10.W0.S13.S1._Z.B.B9P._Z._Z._Z.XDC_R_B1GQ._Z.S.V.N._T,,,,,,"See <a class=""external"" href=""http://sdw.ecb.europa.eu/web/generator/docu/rtdb_docu.pdf""> notes</a>; block Annual; series: G",,4,,,"Government primary deficit(-) or surplus(+), percent of GDP",Euro area (moving concept in the Real Time database context) - Primary deficit/surplus without UMTS proceeds - All sectors/ unspecified/ not applicable (ESA2010)-NCBs - General government (ESA2010)-NCBs - Non-financial flows current prices - Percentage,XDC_R_B1GQ,0,Replace,2018-06-13T15:30:00.000+02:00,
RTD.A.S0.N.F_UMS_CGG_D0.F,A,S0,N,F_UMS_CGG_D0,F,2017,1.08204,A,F,,,P1Y,S,,,GFS.A.N.I10.W0.S13.S1._Z.B.B9P._Z._Z._Z.XDC_R_B1GQ._Z.S.V.N._T,,,,,,"See <a class=""external"" href=""http://sdw.ecb.europa.eu/web/generator/docu/rtdb_docu.pdf""> notes</a>; block Annual; series: G",,4,,,"Government primary deficit(-) or surplus(+), percent of GDP",Euro area (moving concept in the Real Time database context) - Primary deficit/surplus without UMTS proceeds - All sectors/ unspecified/ not applicable (ESA2010)-NCBs - General government (ESA2010)-NCBs - Non-financial flows current prices - Percentage,XDC_R_B1GQ,0,Replace,2018-06-13T15:30:00.000+02:00,
RTD.A.S0.N.F_UMS_CGG_D0.F,A,S0,N,F_UMS_CGG_D0,F,1995,-1.9407,A,F,,,P1Y,S,,,GFS.A.N.I10.W0.S13.S1._Z.B.B9P._Z._Z._Z.XDC_R_B1GQ._Z.S.V.N._T,,,,,,"See <a class=""external"" href=""http://sdw.ecb.europa.eu/web/generator/docu/rtdb_docu.pdf""> notes</a>; block Annual; series: G",,4,,,"Government primary deficit(-) or surplus(+), percent of GDP",Euro area (moving concept in the Real Time database context) - Primary deficit/surplus without UMTS proceeds - All sectors/ unspecified/ not applicable (ESA2010)-NCBs - General government (ESA2010)-NCBs - Non-financial flows current prices - Percentage,XDC_R_B1GQ,0,Replace,2018-10-24T15:30:00.000+02:00,
RTD.A.S0.N.F_UMS_CGG_D0.F,A,S0,N,F_UMS_CGG_D0,F,1996,1.03821,A,F,,,P1Y,S,,,GFS.A.N.I10.W0.S13.S1._Z.B.B9P._Z._Z._Z.XDC_R_B1GQ._Z.S.V.N._T,,,,,,"See <a class=""external"" href=""http://sdw.ecb.europa.eu/web/generator/docu/rtdb_docu.pdf""> notes</a>; block Annual; series: G",,4,,,"Government primary deficit(-) or surplus(+), percent of GDP",Euro area (moving concept in the Real Time database context) - Primary deficit/surplus without UMTS proceeds - All sectors/ unspecified/ not applicable (ESA2010)-NCBs - General government (ESA2010)-NCBs - Non-financial flows current prices - Percentage,XDC_R_B1GQ,0,Replace,2018-10-24T15:30:00.000+02:00,
RTD.A.S0.N.F_UMS_CGG_D0.F,A,S0,N,F_UMS_CGG_D0,F,1997,1.78667,A,F,,,P1Y,S,,,GFS.A.N.I10.W0.S13.S1._Z.B.B9P._Z._Z._Z.XDC_R_B1GQ._Z.S.V.N._T,,,,,,"See <a class=""external"" href=""http://sdw.ecb.europa.eu/web/generator/docu/rtdb_docu.pdf""> notes</a>; block Annual; series: G",,4,,,"Government primary deficit(-) or surplus(+), percent of GDP",Euro area (moving concept in the Real Time database context) - Primary deficit/surplus without UMTS proceeds - All sectors/ unspecified/ not applicable (ESA2010)-NCBs - General government (ESA2010)-NCBs - Non-financial flows current prices - Percentage,XDC_R_B1GQ,0,Replace,2018-10-24T15:30:00.000+02:00,
RTD.A.S0.N.F_UMS_CGG_D0.F,A,S0,N,F_UMS_CGG_D0,F,1998,2.01044,A,F,,,P1Y,S,,,GFS.A.N.I10.W0.S13.S1._Z.B.B9P._Z._Z._Z.XDC_R_B1GQ._Z.S.V.N._T,,,,,,"See <a class=""external"" href=""http://sdw.ecb.europa.eu/web/generator/docu/rtdb_docu.pdf""> notes</a>; block Annual; series: G",,4,,,"Government primary deficit(-) or surplus(+), percent of GDP",Euro area (moving concept in the Real Time database context) - Primary deficit/surplus without UMTS proceeds - All sectors/ unspecified/ not applicable (ESA2010)-NCBs - General government (ESA2010)-NCBs - Non-financial flows current prices - Percentage,XDC_R_B1GQ,0,Replace,2018-10-24T15:30:00.000+02:00,
RTD.A.S0.N.F_UMS_CGG_D0.F,A,S0,N,F_UMS_CGG_D0,F,1999,2.39749,A,F,,,P1Y,S,,,GFS.A.N.I10.W0.S13.S1._Z.B.B9P._Z._Z._Z.XDC_R_B1GQ._Z.S.V.N._T,,,,,,"See <a class=""external"" href=""http://sdw.ecb.europa.eu/web/generator/docu/rtdb_docu.pdf""> notes</a>; block Annual; series: G",,4,,,"Government primary deficit(-) or surplus(+), percent of GDP",Euro area (moving concept in the Real Time database context) - Primary deficit/surplus without UMTS proceeds - All sectors/ unspecified/ not applicable (ESA2010)-NCBs - General government (ESA2010)-NCBs - Non-financial flows current prices - Percentage,XDC_R_B1GQ,0,Replace,2018-10-24T15:30:00.000+02:00,
RTD.A.S0.N.F_UMS_CGG_D0.F,A,S0,N,F_UMS_CGG_D0,F,2000,3.26381,A,F,,,P1Y,S,,,GFS.A.N.I10.W0.S13.S1._Z.B.B9P._Z._Z._Z.XDC_R_B1GQ._Z.S.V.N._T,,,,,,"See <a class=""external"" href=""http://sdw.ecb.europa.eu/web/generator/docu/rtdb_docu.pdf""> notes</a>; block Annual; series: G",,4,,,"Government primary deficit(-) or surplus(+), percent of GDP",Euro area (moving concept in the Real Time database context) - Primary deficit/surplus without UMTS proceeds - All sectors/ unspecified/ not applicable (ESA2010)-NCBs - General government (ESA2010)-NCBs - Non-financial flows current prices - Percentage,XDC_R_B1GQ,0,Replace,2018-10-24T15:30:00.000+02:00,
RTD.A.S0.N.F_UMS_CGG_D0.F,A,S0,N,F_UMS_CGG_D0,F,2001,1.67355,A,F,,,P1Y,S,,,GFS.A.N.I10.W0.S13.S1._Z.B.B9P._Z._Z._Z.XDC_R_B1GQ._Z.S.V.N._T,,,,,,"See <a class=""external"" href=""http://sdw.ecb.europa.eu/web/generator/docu/rtdb_docu.pdf""> notes</a>; block Annual; series: G",,4,,,"Government primary deficit(-) or surplus(+), percent of GDP",Euro area (moving concept in the Real Time database context) - Primary deficit/surplus without UMTS proceeds - All sectors/ unspecified/ not applicable (ESA2010)-NCBs - General government (ESA2010)-NCBs - Non-financial flows current prices - Percentage,XDC_R_B1GQ,0,Replace,2018-10-24T15:30:00.000+02:00,
RTD.A.S0.N.F_UMS_CGG_D0.F,A,S0,N,F_UMS_CGG_D0,F,2002,0.72321,A,F,,,P1Y,S,,,GFS.A.N.I10.W0.S13.S1._Z.B.B9P._Z._Z._Z.XDC_R_B1GQ._Z.S.V.N._T,,,,,,"See <a class=""external"" href=""http://sdw.ecb.europa.eu/web/generator/docu/rtdb_docu.pdf""> notes</a>; block Annual; series: G",,4,,,"Government primary deficit(-) or surplus(+), percent of GDP",Euro area (moving concept in the Real Time database context) - Primary deficit/surplus without UMTS proceeds - All sectors/ unspecified/ not applicable (ESA2010)-NCBs - General government (ESA2010)-NCBs - Non-financial flows current prices - Percentage,XDC_R_B1GQ,0,Replace,2018-10-24T15:30:00.000+02:00,
RTD.A.S0.N.F_UMS_CGG_D0.F,A,S0,N,F_UMS_CGG_D0,F,2003,0.01094,A,F,,,P1Y,S,,,GFS.A.N.I10.W0.S13.S1._Z.B.B9P._Z._Z._Z.XDC_R_B1GQ._Z.S.V.N._T,,,,,,"See <a class=""external"" href=""http://sdw.ecb.europa.eu/web/generator/docu/rtdb_docu.pdf""> notes</a>; block Annual; series: G",,4,,,"Government primary deficit(-) or surplus(+), percent of GDP",Euro area (moving concept in the Real Time database context) - Primary deficit/surplus without UMTS proceeds - All sectors/ unspecified/ not applicable (ESA2010)-NCBs - General government (ESA2010)-NCBs - Non-financial flows current prices - Percentage,XDC_R_B1GQ,0,Replace,2018-10-24T15:30:00.000+02:00,
RTD.A.S0.N.F_UMS_CGG_D0.F,A,S0,N,F_UMS_CGG_D0,F,2004,0.0675,A,F,,,P1Y,S,,,GFS.A.N.I10.W0.S13.S1._Z.B.B9P._Z._Z._Z.XDC_R_B1GQ._Z.S.V.N._T,,,,,,"See <a class=""external"" href=""http://sdw.ecb.europa.eu/web/generator/docu/rtdb_docu.pdf""> notes</a>; block Annual; series: G",,4,,,"Government primary deficit(-) or surplus(+), percent of GDP",Euro area (moving concept in the Real Time database context) - Primary deficit/surplus without UMTS proceeds - All sectors/ unspecified/ not applicable (ESA2010)-NCBs - General government (ESA2010)-NCBs - Non-financial flows current prices - Percentage,XDC_R_B1GQ,0,Replace,2018-10-24T15:30:00.000+02:00,
RTD.A.S0.N.F_UMS_CGG_D0.F,A,S0,N,F_UMS_CGG_D0,F,2005,0.30249,A,F,,,P1Y,S,,,GFS.A.N.I10.W0.S13.S1._Z.B.B9P._Z._Z._Z.XDC_R_B1GQ._Z.S.V.N._T,,,,,,"See <a class=""external"" href=""http://sdw.ecb.europa.eu/web/generator/docu/rtdb_docu.pdf""> notes</a>; block Annual; series: G",,4,,,"Government primary deficit(-) or surplus(+), percent of GDP",Euro area (moving concept in the Real Time database context) - Primary deficit/surplus without UMTS proceeds - All sectors/ unspecified/ not applicable (ESA2010)-NCBs - General government (ESA2010)-NCBs - Non-financial flows current prices - Percentage,XDC_R_B1GQ,0,Replace,2018-10-24T15:30:00.000+02:00,
RTD.A.S0.N.F_UMS_CGG_D0.F,A,S0,N,F_UMS_CGG_D0,F,2006,1.32302,A,F,,,P1Y,S,,,GFS.A.N.I10.W0.S13.S1._Z.B.B9P._Z._Z._Z.XDC_R_B1GQ._Z.S.V.N._T,,,,,,"See <a class=""external"" href=""http://sdw.ecb.europa.eu/web/generator/docu/rtdb_docu.pdf""> notes</a>; block Annual; series: G",,4,,,"Government primary deficit(-) or surplus(+), percent of GDP",Euro area (moving concept in the Real Time database context) - Primary deficit/surplus without UMTS proceeds - All sectors/ unspecified/ not applicable (ESA2010)-NCBs - General government (ESA2010)-NCBs - Non-financial flows current prices - Percentage,XDC_R_B1GQ,0,Replace,2018-10-24T15:30:00.000+02:00,
RTD.A.S0.N.F_UMS_CGG_D0.F,A,S0,N,F_UMS_CGG_D0,F,2007,2.19843,A,F,,,P1Y,S,,,GFS.A.N.I10.W0.S13.S1._Z.B.B9P._Z._Z._Z.XDC_R_B1GQ._Z.S.V.N._T,,,,,,"See <a class=""external"" href=""http://sdw.ecb.europa.eu/web/generator/docu/rtdb_docu.pdf""> notes</a>; block Annual; series: G",,4,,,"Government primary deficit(-) or surplus(+), percent of GDP",Euro area (moving concept in the Real Time database context) - Primary deficit/surplus without UMTS proceeds - All sectors/ unspecified/ not applicable (ESA2010)-NCBs - General government (ESA2010)-NCBs - Non-financial flows current prices - Percentage,XDC_R_B1GQ,0,Replace,2018-10-24T15:30:00.000+02:00,
RTD.A.S0.N.F_UMS_CGG_D0.F,A,S0,N,F_UMS_CGG_D0,F,2008,0.78396,A,F,,,P1Y,S,,,GFS.A.N.I10.W0.S13.S1._Z.B.B9P._Z._Z._Z.XDC_R_B1GQ._Z.S.V.N._T,,,,,,"See <a class=""external"" href=""http://sdw.ecb.europa.eu/web/generator/docu/rtdb_docu.pdf""> notes</a>; block Annual; series: G",,4,,,"Government primary deficit(-) or surplus(+), percent of GDP",Euro area (moving concept in the Real Time database context) - Primary deficit/surplus without UMTS proceeds - All sectors/ unspecified/ not applicable (ESA2010)-NCBs - General government (ESA2010)-NCBs - Non-financial flows current prices - Percentage,XDC_R_B1GQ,0,Replace,2018-10-24T15:30:00.000+02:00,
RTD.A.S0.N.F_UMS_CGG_D0.F,A,S0,N,F_UMS_CGG_D0,F,2009,-3.40411,A,F,,,P1Y,S,,,GFS.A.N.I10.W0.S13.S1._Z.B.B9P._Z._Z._Z.XDC_R_B1GQ._Z.S.V.N._T,,,,,,"See <a class=""external"" href=""http://sdw.ecb.europa.eu/web/generator/docu/rtdb_docu.pdf""> notes</a>; block Annual; series: G",,4,,,"Government primary deficit(-) or surplus(+), percent of GDP",Euro area (moving concept in the Real Time database context) - Primary deficit/surplus without UMTS proceeds - All sectors/ unspecified/ not applicable (ESA2010)-NCBs - General government (ESA2010)-NCBs - Non-financial flows current prices - Percentage,XDC_R_B1GQ,0,Replace,2018-10-24T15:30:00.000+02:00,
RTD.A.S0.N.F_UMS_CGG_D0.F,A,S0,N,F_UMS_CGG_D0,F,2010,-3.42479,A,F,,,P1Y,S,,,GFS.A.N.I10.W0.S13.S1._Z.B.B9P._Z._Z._Z.XDC_R_B1GQ._Z.S.V.N._T,,,,,,"See <a class=""external"" href=""http://sdw.ecb.europa.eu/web/generator/docu/rtdb_docu.pdf""> notes</a>; block Annual; series: G",,4,,,"Government primary deficit(-) or surplus(+), percent of GDP",Euro area (moving concept in the Real Time database context) - Primary deficit/surplus without UMTS proceeds - All sectors/ unspecified/ not applicable (ESA2010)-NCBs - General government (ESA2010)-NCBs - Non-financial flows current prices - Percentage,XDC_R_B1GQ,0,Replace,2018-10-24T15:30:00.000+02:00,
RTD.A.S0.N.F_UMS_CGG_D0.F,A,S0,N,F_UMS_CGG_D0,F,2011,-1.24004,A,F,,,P1Y,S,,,GFS.A.N.I10.W0.S13.S1._Z.B.B9P._Z._Z._Z.XDC_R_B1GQ._Z.S.V.N._T,,,,,,"See <a class=""external"" href=""http://sdw.ecb.europa.eu/web/generator/docu/rtdb_docu.pdf""> notes</a>; block Annual; series: G",,4,,,"Government primary deficit(-) or surplus(+), percent of GDP",Euro area (moving concept in the Real Time database context) - Primary deficit/surplus without UMTS proceeds - All sectors/ unspecified/ not applicable (ESA2010)-NCBs - General government (ESA2010)-NCBs - Non-financial flows current prices - Percentage,XDC_R_B1GQ,0,Replace,2018-10-24T15:30:00.000+02:00,
RTD.A.S0.N.F_UMS_CGG_D0.F,A,S0,N,F_UMS_CGG_D0,F,2012,-0.64895,A,F,,,P1Y,S,,,GFS.A.N.I10.W0.S13.S1._Z.B.B9P._Z._Z._Z.XDC_R_B1GQ._Z.S.V.N._T,,,,,,"See <a class=""external"" href=""http://sdw.ecb.europa.eu/web/generator/docu/rtdb_docu.pdf""> notes</a>; block Annual; series: G",,4,,,"Government primary deficit(-) or surplus(+), percent of GDP",Euro area (moving concept in the Real Time database context) - Primary deficit/surplus without UMTS proceeds - All sectors/ unspecified/ not applicable (ESA2010)-NCBs - General government (ESA2010)-NCBs - Non-financial flows current prices - Percentage,XDC_R_B1GQ,0,Replace,2018-10-24T15:30:00.000+02:00,
RTD.A.S0.N.F_UMS_CGG_D0.F,A,S0,N,F_UMS_CGG_D0,F,2013,-0.25037,A,F,,,P1Y,S,,,GFS.A.N.I10.W0.S13.S1._Z.B.B9P._Z._Z._Z.XDC_R_B1GQ._Z.S.V.N._T,,,,,,"See <a class=""external"" href=""http://sdw.ecb.europa.eu/web/generator/docu/rtdb_docu.pdf""> notes</a>; block Annual; series: G",,4,,,"Government primary deficit(-) or surplus(+), percent of GDP",Euro area (moving concept in the Real Time database context) - Primary deficit/surplus without UMTS proceeds - All sectors/ unspecified/ not applicable (ESA2010)-NCBs - General government (ESA2010)-NCBs - Non-financial flows current prices - Percentage,XDC_R_B1GQ,0,Replace,2018-10-24T15:30:00.000+02:00,
RTD.A.S0.N.F_UMS_CGG_D0.F,A,S0,N,F_UMS_CGG_D0,F,2014,0.12287,A,F,,,P1Y,S,,,GFS.A.N.I10.W0.S13.S1._Z.B.B9P._Z._Z._Z.XDC_R_B1GQ._Z.S.V.N._T,,,,,,"See <a class=""external"" href=""http://sdw.ecb.europa.eu/web/generator/docu/rtdb_docu.pdf""> notes</a>; block Annual; series: G",,4,,,"Government primary deficit(-) or surplus(+), percent of GDP",Euro area (moving concept in the Real Time database context) - Primary deficit/surplus without UMTS proceeds - All sectors/ unspecified/ not applicable (ESA2010)-NCBs - General government (ESA2010)-NCBs - Non-financial flows current prices - Percentage,XDC_R_B1GQ,0,Replace,2018-10-24T15:30:00.000+02:00,
RTD.A.S0.N.F_UMS_CGG_D0.F,A,S0,N,F_UMS_CGG_D0,F,2015,0.2825,A,F,,,P1Y,S,,,GFS.A.N.I10.W0.S13.S1._Z.B.B9P._Z._Z._Z.XDC_R_B1GQ._Z.S.V.N._T,,,,,,"See <a class=""external"" href=""http://sdw.ecb.europa.eu/web/generator/docu/rtdb_docu.pdf""> notes</a>; block Annual; series: G",,4,,,"Government primary deficit(-) or surplus(+), percent of GDP",Euro area (moving concept in the Real Time database context) - Primary deficit/surplus without UMTS proceeds - All sectors/ unspecified/ not applicable (ESA2010)-NCBs - General government (ESA2010)-NCBs - Non-financial flows current prices - Percentage,XDC_R_B1GQ,0,Replace,2018-10-24T15:30:00.000+02:00,
RTD.A.S0.N.F_UMS_CGG_D0.F,A,S0,N,F_UMS_CGG_D0,F,2016,0.57542,A,F,,,P1Y,S,,,GFS.A.N.I10.W0.S13.S1._Z.B.B9P._Z._Z._Z.XDC_R_B1GQ._Z.S.V.N._T,,,,,,"See <a class=""external"" href=""http://sdw.ecb.europa.eu/web/generator/docu/rtdb_docu.pdf""> notes</a>; block Annual; series: G",,4,,,"Government primary deficit(-) or surplus(+), percent of GDP",Euro area (moving concept in the Real Time database context) - Primary deficit/surplus without UMTS proceeds - All sectors/ unspecified/ not applicable (ESA2010)-NCBs - General government (ESA2010)-NCBs - Non-financial flows current prices - Percentage,XDC_R_B1GQ,0,Replace,2018-10-24T15:30:00.000+02:00,
RTD.A.S0.N.F_UMS_CGG_D0.F,A,S0,N,F_UMS_CGG_D0,F,2017,1.01566,A,F,,,P1Y,S,,,GFS.A.N.I10.W0.S13.S1._Z.B.B9P._Z._Z._Z.XDC_R_B1GQ._Z.S.V.N._T,,,,,,"See <a class=""external"" href=""http://sdw.ecb.europa.eu/web/generator/docu/rtdb_docu.pdf""> notes</a>; block Annual; series: G",,4,,,"Government primary deficit(-) or surplus(+), percent of GDP",Euro area (moving concept in the Real Time database context) - Primary deficit/surplus without UMTS proceeds - All sectors/ unspecified/ not applicable (ESA2010)-NCBs - General government (ESA2010)-NCBs - Non-financial flows current prices - Percentage,XDC_R_B1GQ,0,Replace,2018-10-24T15:30:00.000+02:00,
RTD.A.S0.N.F_UMS_CGG_D0.F,A,S0,N,F_UMS_CGG_D0,F,1995,-1.94068,A,F,,,P1Y,S,,,GFS.A.N.I10.W0.S13.S1._Z.B.B9P._Z._Z._Z.XDC_R_B1GQ._Z.S.V.N._T,,,,,,"See <a class=""external"" href=""http://sdw.ecb.europa.eu/web/generator/docu/rtdb_docu.pdf""> notes</a>; block Annual; series: G",,4,,,"Government primary deficit(-) or surplus(+), percent of GDP",Euro area (moving concept in the Real Time database context) - Primary deficit/surplus without UMTS proceeds - All sectors/ unspecified/ not applicable (ESA2010)-NCBs - General government (ESA2010)-NCBs - Non-financial flows current prices - Percentage,XDC_R_B1GQ,0,Replace,2019-06-05T15:30:00.000+02:00,
RTD.A.S0.N.F_UMS_CGG_D0.F,A,S0,N,F_UMS_CGG_D0,F,1996,1.03814,A,F,,,P1Y,S,,,GFS.A.N.I10.W0.S13.S1._Z.B.B9P._Z._Z._Z.XDC_R_B1GQ._Z.S.V.N._T,,,,,,"See <a class=""external"" href=""http://sdw.ecb.europa.eu/web/generator/docu/rtdb_docu.pdf""> notes</a>; block Annual; series: G",,4,,,"Government primary deficit(-) or surplus(+), percent of GDP",Euro area (moving concept in the Real Time database context) - Primary deficit/surplus without UMTS proceeds - All sectors/ unspecified/ not applicable (ESA2010)-NCBs - General government (ESA2010)-NCBs - Non-financial flows current prices - Percentage,XDC_R_B1GQ,0,Replace,2019-06-05T15:30:00.000+02:00,
RTD.A.S0.N.F_UMS_CGG_D0.F,A,S0,N,F_UMS_CGG_D0,F,1998,2.01048,A,F,,,P1Y,S,,,GFS.A.N.I10.W0.S13.S1._Z.B.B9P._Z._Z._Z.XDC_R_B1GQ._Z.S.V.N._T,,,,,,"See <a class=""external"" href=""http://sdw.ecb.europa.eu/web/generator/docu/rtdb_docu.pdf""> notes</a>; block Annual; series: G",,4,,,"Government primary deficit(-) or surplus(+), percent of GDP",Euro area (moving concept in the Real Time database context) - Primary deficit/surplus without UMTS proceeds - All sectors/ unspecified/ not applicable (ESA2010)-NCBs - General government (ESA2010)-NCBs - Non-financial flows current prices - Percentage,XDC_R_B1GQ,0,Replace,2019-06-05T15:30:00.000+02:00,
RTD.A.S0.N.F_UMS_CGG_D0.F,A,S0,N,F_UMS_CGG_D0,F,1999,2.41244,A,F,,,P1Y,S,,,GFS.A.N.I10.W0.S13.S1._Z.B.B9P._Z._Z._Z.XDC_R_B1GQ._Z.S.V.N._T,,,,,,"See <a class=""external"" href=""http://sdw.ecb.europa.eu/web/generator/docu/rtdb_docu.pdf""> notes</a>; block Annual; series: G",,4,,,"Government primary deficit(-) or surplus(+), percent of GDP",Euro area (moving concept in the Real Time database context) - Primary deficit/surplus without UMTS proceeds - All sectors/ unspecified/ not applicable (ESA2010)-NCBs - General government (ESA2010)-NCBs - Non-financial flows current prices - Percentage,XDC_R_B1GQ,0,Replace,2019-06-05T15:30:00.000+02:00,
RTD.A.S0.N.F_UMS_CGG_D0.F,A,S0,N,F_UMS_CGG_D0,F,2000,3.26356,A,F,,,P1Y,S,,,GFS.A.N.I10.W0.S13.S1._Z.B.B9P._Z._Z._Z.XDC_R_B1GQ._Z.S.V.N._T,,,,,,"See <a class=""external"" href=""http://sdw.ecb.europa.eu/web/generator/docu/rtdb_docu.pdf""> notes</a>; block Annual; series: G",,4,,,"Government primary deficit(-) or surplus(+), percent of GDP",Euro area (moving concept in the Real Time database context) - Primary deficit/surplus without UMTS proceeds - All sectors/ unspecified/ not applicable (ESA2010)-NCBs - General government (ESA2010)-NCBs - Non-financial flows current prices - Percentage,XDC_R_B1GQ,0,Replace,2019-06-05T15:30:00.000+02:00,
RTD.A.S0.N.F_UMS_CGG_D0.F,A,S0,N,F_UMS_CGG_D0,F,2001,1.67329,A,F,,,P1Y,S,,,GFS.A.N.I10.W0.S13.S1._Z.B.B9P._Z._Z._Z.XDC_R_B1GQ._Z.S.V.N._T,,,,,,"See <a class=""external"" href=""http://sdw.ecb.europa.eu/web/generator/docu/rtdb_docu.pdf""> notes</a>; block Annual; series: G",,4,,,"Government primary deficit(-) or surplus(+), percent of GDP",Euro area (moving concept in the Real Time database context) - Primary deficit/surplus without UMTS proceeds - All sectors/ unspecified/ not applicable (ESA2010)-NCBs - General government (ESA2010)-NCBs - Non-financial flows current prices - Percentage,XDC_R_B1GQ,0,Replace,2019-06-05T15:30:00.000+02:00,
RTD.A.S0.N.F_UMS_CGG_D0.F,A,S0,N,F_UMS_CGG_D0,F,2002,0.72297,A,F,,,P1Y,S,,,GFS.A.N.I10.W0.S13.S1._Z.B.B9P._Z._Z._Z.XDC_R_B1GQ._Z.S.V.N._T,,,,,,"See <a class=""external"" href=""http://sdw.ecb.europa.eu/web/generator/docu/rtdb_docu.pdf""> notes</a>; block Annual; series: G",,4,,,"Government primary deficit(-) or surplus(+), percent of GDP",Euro area (moving concept in the Real Time database context) - Primary deficit/surplus without UMTS proceeds - All sectors/ unspecified/ not applicable (ESA2010)-NCBs - General government (ESA2010)-NCBs - Non-financial flows current prices - Percentage,XDC_R_B1GQ,0,Replace,2019-06-05T15:30:00.000+02:00,
RTD.A.S0.N.F_UMS_CGG_D0.F,A,S0,N,F_UMS_CGG_D0,F,2003,0.01054,A,F,,,P1Y,S,,,GFS.A.N.I10.W0.S13.S1._Z.B.B9P._Z._Z._Z.XDC_R_B1GQ._Z.S.V.N._T,,,,,,"See <a class=""external"" href=""http://sdw.ecb.europa.eu/web/generator/docu/rtdb_docu.pdf""> notes</a>; block Annual; series: G",,4,,,"Government primary deficit(-) or surplus(+), percent of GDP",Euro area (moving concept in the Real Time database context) - Primary deficit/surplus without UMTS proceeds - All sectors/ unspecified/ not applicable (ESA2010)-NCBs - General government (ESA2010)-NCBs - Non-financial flows current prices - Percentage,XDC_R_B1GQ,0,Replace,2019-06-05T15:30:00.000+02:00,
RTD.A.S0.N.F_UMS_CGG_D0.F,A,S0,N,F_UMS_CGG_D0,F,2004,0.06709,A,F,,,P1Y,S,,,GFS.A.N.I10.W0.S13.S1._Z.B.B9P._Z._Z._Z.XDC_R_B1GQ._Z.S.V.N._T,,,,,,"See <a class=""external"" href=""http://sdw.ecb.europa.eu/web/generator/docu/rtdb_docu.pdf""> notes</a>; block Annual; series: G",,4,,,"Government primary deficit(-) or surplus(+), percent of GDP",Euro area (moving concept in the Real Time database context) - Primary deficit/surplus without UMTS proceeds - All sectors/ unspecified/ not applicable (ESA2010)-NCBs - General government (ESA2010)-NCBs - Non-financial flows current prices - Percentage,XDC_R_B1GQ,0,Replace,2019-06-05T15:30:00.000+02:00,
RTD.A.S0.N.F_UMS_CGG_D0.F,A,S0,N,F_UMS_CGG_D0,F,2005,0.30202,A,F,,,P1Y,S,,,GFS.A.N.I10.W0.S13.S1._Z.B.B9P._Z._Z._Z.XDC_R_B1GQ._Z.S.V.N._T,,,,,,"See <a class=""external"" href=""http://sdw.ecb.europa.eu/web/generator/docu/rtdb_docu.pdf""> notes</a>; block Annual; series: G",,4,,,"Government primary deficit(-) or surplus(+), percent of GDP",Euro area (moving concept in the Real Time database context) - Primary deficit/surplus without UMTS proceeds - All sectors/ unspecified/ not applicable (ESA2010)-NCBs - General government (ESA2010)-NCBs - Non-financial flows current prices - Percentage,XDC_R_B1GQ,0,Replace,2019-06-05T15:30:00.000+02:00,
RTD.A.S0.N.F_UMS_CGG_D0.F,A,S0,N,F_UMS_CGG_D0,F,2006,1.32251,A,F,,,P1Y,S,,,GFS.A.N.I10.W0.S13.S1._Z.B.B9P._Z._Z._Z.XDC_R_B1GQ._Z.S.V.N._T,,,,,,"See <a class=""external"" href=""http://sdw.ecb.europa.eu/web/generator/docu/rtdb_docu.pdf""> notes</a>; block Annual; series: G",,4,,,"Government primary deficit(-) or surplus(+), percent of GDP",Euro area (moving concept in the Real Time database context) - Primary deficit/surplus without UMTS proceeds - All sectors/ unspecified/ not applicable (ESA2010)-NCBs - General government (ESA2010)-NCBs - Non-financial flows current prices - Percentage,XDC_R_B1GQ,0,Replace,2019-06-05T15:30:00.000+02:00,
RTD.A.S0.N.F_UMS_CGG_D0.F,A,S0,N,F_UMS_CGG_D0,F,2007,2.19793,A,F,,,P1Y,S,,,GFS.A.N.I10.W0.S13.S1._Z.B.B9P._Z._Z._Z.XDC_R_B1GQ._Z.S.V.N._T,,,,,,"See <a class=""external"" href=""http://sdw.ecb.europa.eu/web/generator/docu/rtdb_docu.pdf""> notes</a>; block Annual; series: G",,4,,,"Government primary deficit(-) or surplus(+), percent of GDP",Euro area (moving concept in the Real Time database context) - Primary deficit/surplus without UMTS proceeds - All sectors/ unspecified/ not applicable (ESA2010)-NCBs - General government (ESA2010)-NCBs - Non-financial flows current prices - Percentage,XDC_R_B1GQ,0,Replace,2019-06-05T15:30:00.000+02:00,
RTD.A.S0.N.F_UMS_CGG_D0.F,A,S0,N,F_UMS_CGG_D0,F,2008,0.78336,A,F,,,P1Y,S,,,GFS.A.N.I10.W0.S13.S1._Z.B.B9P._Z._Z._Z.XDC_R_B1GQ._Z.S.V.N._T,,,,,,"See <a class=""external"" href=""http://sdw.ecb.europa.eu/web/generator/docu/rtdb_docu.pdf""> notes</a>; block Annual; series: G",,4,,,"Government primary deficit(-) or surplus(+), percent of GDP",Euro area (moving concept in the Real Time database context) - Primary deficit/surplus without UMTS proceeds - All sectors/ unspecified/ not applicable (ESA2010)-NCBs - General government (ESA2010)-NCBs - Non-financial flows current prices - Percentage,XDC_R_B1GQ,0,Replace,2019-06-05T15:30:00.000+02:00,
RTD.A.S0.N.F_UMS_CGG_D0.F,A,S0,N,F_UMS_CGG_D0,F,2009,-3.40543,A,F,,,P1Y,S,,,GFS.A.N.I10.W0.S13.S1._Z.B.B9P._Z._Z._Z.XDC_R_B1GQ._Z.S.V.N._T,,,,,,"See <a class=""external"" href=""http://sdw.ecb.europa.eu/web/generator/docu/rtdb_docu.pdf""> notes</a>; block Annual; series: G",,4,,,"Government primary deficit(-) or surplus(+), percent of GDP",Euro area (moving concept in the Real Time database context) - Primary deficit/surplus without UMTS proceeds - All sectors/ unspecified/ not applicable (ESA2010)-NCBs - General government (ESA2010)-NCBs - Non-financial flows current prices - Percentage,XDC_R_B1GQ,0,Replace,2019-06-05T15:30:00.000+02:00,
RTD.A.S0.N.F_UMS_CGG_D0.F,A,S0,N,F_UMS_CGG_D0,F,2010,-3.42526,A,F,,,P1Y,S,,,GFS.A.N.I10.W0.S13.S1._Z.B.B9P._Z._Z._Z.XDC_R_B1GQ._Z.S.V.N._T,,,,,,"See <a class=""external"" href=""http://sdw.ecb.europa.eu/web/generator/docu/rtdb_docu.pdf""> notes</a>; block Annual; series: G",,4,,,"Government primary deficit(-) or surplus(+), percent of GDP",Euro area (moving concept in the Real Time database context) - Primary deficit/surplus without UMTS proceeds - All sectors/ unspecified/ not applicable (ESA2010)-NCBs - General government (ESA2010)-NCBs - Non-financial flows current prices - Percentage,XDC_R_B1GQ,0,Replace,2019-06-05T15:30:00.000+02:00,
RTD.A.S0.N.F_UMS_CGG_D0.F,A,S0,N,F_UMS_CGG_D0,F,2011,-1.24066,A,F,,,P1Y,S,,,GFS.A.N.I10.W0.S13.S1._Z.B.B9P._Z._Z._Z.XDC_R_B1GQ._Z.S.V.N._T,,,,,,"See <a class=""external"" href=""http://sdw.ecb.europa.eu/web/generator/docu/rtdb_docu.pdf""> notes</a>; block Annual; series: G",,4,,,"Government primary deficit(-) or surplus(+), percent of GDP",Euro area (moving concept in the Real Time database context) - Primary deficit/surplus without UMTS proceeds - All sectors/ unspecified/ not applicable (ESA2010)-NCBs - General government (ESA2010)-NCBs - Non-financial flows current prices - Percentage,XDC_R_B1GQ,0,Replace,2019-06-05T15:30:00.000+02:00,
RTD.A.S0.N.F_UMS_CGG_D0.F,A,S0,N,F_UMS_CGG_D0,F,2012,-0.64955,A,F,,,P1Y,S,,,GFS.A.N.I10.W0.S13.S1._Z.B.B9P._Z._Z._Z.XDC_R_B1GQ._Z.S.V.N._T,,,,,,"See <a class=""external"" href=""http://sdw.ecb.europa.eu/web/generator/docu/rtdb_docu.pdf""> notes</a>; block Annual; series: G",,4,,,"Government primary deficit(-) or surplus(+), percent of GDP",Euro area (moving concept in the Real Time database context) - Primary deficit/surplus without UMTS proceeds - All sectors/ unspecified/ not applicable (ESA2010)-NCBs - General government (ESA2010)-NCBs - Non-financial flows current prices - Percentage,XDC_R_B1GQ,0,Replace,2019-06-05T15:30:00.000+02:00,
RTD.A.S0.N.F_UMS_CGG_D0.F,A,S0,N,F_UMS_CGG_D0,F,2013,-0.25144,A,F,,,P1Y,S,,,GFS.A.N.I10.W0.S13.S1._Z.B.B9P._Z._Z._Z.XDC_R_B1GQ._Z.S.V.N._T,,,,,,"See <a class=""external"" href=""http://sdw.ecb.europa.eu/web/generator/docu/rtdb_docu.pdf""> notes</a>; block Annual; series: G",,4,,,"Government primary deficit(-) or surplus(+), percent of GDP",Euro area (moving concept in the Real Time database context) - Primary deficit/surplus without UMTS proceeds - All sectors/ unspecified/ not applicable (ESA2010)-NCBs - General government (ESA2010)-NCBs - Non-financial flows current prices - Percentage,XDC_R_B1GQ,0,Replace,2019-06-05T15:30:00.000+02:00,
RTD.A.S0.N.F_UMS_CGG_D0.F,A,S0,N,F_UMS_CGG_D0,F,2014,0.12228,A,F,,,P1Y,S,,,GFS.A.N.I10.W0.S13.S1._Z.B.B9P._Z._Z._Z.XDC_R_B1GQ._Z.S.V.N._T,,,,,,"See <a class=""external"" href=""http://sdw.ecb.europa.eu/web/generator/docu/rtdb_docu.pdf""> notes</a>; block Annual; series: G",,4,,,"Government primary deficit(-) or surplus(+), percent of GDP",Euro area (moving concept in the Real Time database context) - Primary deficit/surplus without UMTS proceeds - All sectors/ unspecified/ not applicable (ESA2010)-NCBs - General government (ESA2010)-NCBs - Non-financial flows current prices - Percentage,XDC_R_B1GQ,0,Replace,2019-06-05T15:30:00.000+02:00,
RTD.A.S0.N.F_UMS_CGG_D0.F,A,S0,N,F_UMS_CGG_D0,F,2015,0.28492,A,F,,,P1Y,S,,,GFS.A.N.I10.W0.S13.S1._Z.B.B9P._Z._Z._Z.XDC_R_B1GQ._Z.S.V.N._T,,,,,,"See <a class=""external"" href=""http://sdw.ecb.europa.eu/web/generator/docu/rtdb_docu.pdf""> notes</a>; block Annual; series: G",,4,,,"Government primary deficit(-) or surplus(+), percent of GDP",Euro area (moving concept in the Real Time database context) - Primary deficit/surplus without UMTS proceeds - All sectors/ unspecified/ not applicable (ESA2010)-NCBs - General government (ESA2010)-NCBs - Non-financial flows current prices - Percentage,XDC_R_B1GQ,0,Replace,2019-06-05T15:30:00.000+02:00,
RTD.A.S0.N.F_UMS_CGG_D0.F,A,S0,N,F_UMS_CGG_D0,F,2016,0.56812,A,F,,,P1Y,S,,,GFS.A.N.I10.W0.S13.S1._Z.B.B9P._Z._Z._Z.XDC_R_B1GQ._Z.S.V.N._T,,,,,,"See <a class=""external"" href=""http://sdw.ecb.europa.eu/web/generator/docu/rtdb_docu.pdf""> notes</a>; block Annual; series: G",,4,,,"Government primary deficit(-) or surplus(+), percent of GDP",Euro area (moving concept in the Real Time database context) - Primary deficit/surplus without UMTS proceeds - All sectors/ unspecified/ not applicable (ESA2010)-NCBs - General government (ESA2010)-NCBs - Non-financial flows current prices - Percentage,XDC_R_B1GQ,0,Replace,2019-06-05T15:30:00.000+02:00,
RTD.A.S0.N.F_UMS_CGG_D0.F,A,S0,N,F_UMS_CGG_D0,F,2017,0.96799,A,F,,,P1Y,S,,,GFS.A.N.I10.W0.S13.S1._Z.B.B9P._Z._Z._Z.XDC_R_B1GQ._Z.S.V.N._T,,,,,,"See <a class=""external"" href=""http://sdw.ecb.europa.eu/web/generator/docu/rtdb_docu.pdf""> notes</a>; block Annual; series: G",,4,,,"Government primary deficit(-) or surplus(+), percent of GDP",Euro area (moving concept in the Real Time database context) - Primary deficit/surplus without UMTS proceeds - All sectors/ unspecified/ not applicable (ESA2010)-NCBs - General government (ESA2010)-NCBs - Non-financial flows current prices - Percentage,XDC_R_B1GQ,0,Replace,2019-06-05T15:30:00.000+02:00,
RTD.A.S0.N.F_UMS_CGG_D0.F,A,S0,N,F_UMS_CGG_D0,F,2018,1.31794,A,F,,,P1Y,S,,,GFS.A.N.I10.W0.S13.S1._Z.B.B9P._Z._Z._Z.XDC_R_B1GQ._Z.S.V.N._T,,,,,,"See <a class=""external"" href=""http://sdw.ecb.europa.eu/web/generator/docu/rtdb_docu.pdf""> notes</a>; block Annual; series: G",,4,,,"Government primary deficit(-) or surplus(+), percent of GDP",Euro area (moving concept in the Real Time database context) - Primary deficit/surplus without UMTS proceeds - All sectors/ unspecified/ not applicable (ESA2010)-NCBs - General government (ESA2010)-NCBs - Non-financial flows current prices - Percentage,XDC_R_B1GQ,0,Replace,2019-06-05T15:30:00.000+02:00,
RTD.A.S0.N.F_UMS_CGG_D0.F,A,S0,N,F_UMS_CGG_D0,F,2018,1.31511,A,F,,,P1Y,S,,,GFS.A.N.I10.W0.S13.S1._Z.B.B9P._Z._Z._Z.XDC_R_B1GQ._Z.S.V.N._T,,,,,,"See <a class=""external"" href=""http://sdw.ecb.europa.eu/web/generator/docu/rtdb_docu.pdf""> notes</a>; block Annual; series: G",,4,,,"Government primary deficit(-) or surplus(+), percent of GDP",Euro area (moving concept in the Real Time database context) - Primary deficit/surplus without UMTS proceeds - All sectors/ unspecified/ not applicable (ESA2010)-NCBs - General government (ESA2010)-NCBs - Non-financial flows current prices - Percentage,XDC_R_B1GQ,0,Replace,2019-07-24T15:30:00.000+02:00,
RTD.A.S0.N.F_UMS_CGG_D0.F,A,S0,N,F_UMS_CGG_D0,F,1995,-1.89538,A,F,,,P1Y,S,,,GFS.A.N.I10.W0.S13.S1._Z.B.B9P._Z._Z._Z.XDC_R_B1GQ._Z.S.V.N._T,,,,,,"See <a class=""external"" href=""http://sdw.ecb.europa.eu/web/generator/docu/rtdb_docu.pdf""> notes</a>; block Annual; series: G",,4,,,"Government primary deficit(-) or surplus(+), percent of GDP",Euro area (moving concept in the Real Time database context) - Primary deficit/surplus without UMTS proceeds - All sectors/ unspecified/ not applicable (ESA2010)-NCBs - General government (ESA2010)-NCBs - Non-financial flows current prices - Percentage,XDC_R_B1GQ,0,Replace,2019-10-23T15:30:00.000+02:00,
RTD.A.S0.N.F_UMS_CGG_D0.F,A,S0,N,F_UMS_CGG_D0,F,1996,1.00898,A,F,,,P1Y,S,,,GFS.A.N.I10.W0.S13.S1._Z.B.B9P._Z._Z._Z.XDC_R_B1GQ._Z.S.V.N._T,,,,,,"See <a class=""external"" href=""http://sdw.ecb.europa.eu/web/generator/docu/rtdb_docu.pdf""> notes</a>; block Annual; series: G",,4,,,"Government primary deficit(-) or surplus(+), percent of GDP",Euro area (moving concept in the Real Time database context) - Primary deficit/surplus without UMTS proceeds - All sectors/ unspecified/ not applicable (ESA2010)-NCBs - General government (ESA2010)-NCBs - Non-financial flows current prices - Percentage,XDC_R_B1GQ,0,Replace,2019-10-23T15:30:00.000+02:00,
RTD.A.S0.N.F_UMS_CGG_D0.F,A,S0,N,F_UMS_CGG_D0,F,1997,1.81673,A,F,,,P1Y,S,,,GFS.A.N.I10.W0.S13.S1._Z.B.B9P._Z._Z._Z.XDC_R_B1GQ._Z.S.V.N._T,,,,,,"See <a class=""external"" href=""http://sdw.ecb.europa.eu/web/generator/docu/rtdb_docu.pdf""> notes</a>; block Annual; series: G",,4,,,"Government primary deficit(-) or surplus(+), percent of GDP",Euro area (moving concept in the Real Time database context) - Primary deficit/surplus without UMTS proceeds - All sectors/ unspecified/ not applicable (ESA2010)-NCBs - General government (ESA2010)-NCBs - Non-financial flows current prices - Percentage,XDC_R_B1GQ,0,Replace,2019-10-23T15:30:00.000+02:00,
RTD.A.S0.N.F_UMS_CGG_D0.F,A,S0,N,F_UMS_CGG_D0,F,1998,2.04486,A,F,,,P1Y,S,,,GFS.A.N.I10.W0.S13.S1._Z.B.B9P._Z._Z._Z.XDC_R_B1GQ._Z.S.V.N._T,,,,,,"See <a class=""external"" href=""http://sdw.ecb.europa.eu/web/generator/docu/rtdb_docu.pdf""> notes</a>; block Annual; series: G",,4,,,"Government primary deficit(-) or surplus(+), percent of GDP",Euro area (moving concept in the Real Time database context) - Primary deficit/surplus without UMTS proceeds - All sectors/ unspecified/ not applicable (ESA2010)-NCBs - General government (ESA2010)-NCBs - Non-financial flows current prices - Percentage,XDC_R_B1GQ,0,Replace,2019-10-23T15:30:00.000+02:00,
RTD.A.S0.N.F_UMS_CGG_D0.F,A,S0,N,F_UMS_CGG_D0,F,1999,2.43184,A,F,,,P1Y,S,,,GFS.A.N.I10.W0.S13.S1._Z.B.B9P._Z._Z._Z.XDC_R_B1GQ._Z.S.V.N._T,,,,,,"See <a class=""external"" href=""http://sdw.ecb.europa.eu/web/generator/docu/rtdb_docu.pdf""> notes</a>; block Annual; series: G",,4,,,"Government primary deficit(-) or surplus(+), percent of GDP",Euro area (moving concept in the Real Time database context) - Primary deficit/surplus without UMTS proceeds - All sectors/ unspecified/ not applicable (ESA2010)-NCBs - General government (ESA2010)-NCBs - Non-financial flows current prices - Percentage,XDC_R_B1GQ,0,Replace,2019-10-23T15:30:00.000+02:00,
RTD.A.S0.N.F_UMS_CGG_D0.F,A,S0,N,F_UMS_CGG_D0,F,2000,2.5352,A,F,,,P1Y,S,,,GFS.A.N.I10.W0.S13.S1._Z.B.B9P._Z._Z._Z.XDC_R_B1GQ._Z.S.V.N._T,,,,,,"See <a class=""external"" href=""http://sdw.ecb.europa.eu/web/generator/docu/rtdb_docu.pdf""> notes</a>; block Annual; series: G",,4,,,"Government primary deficit(-) or surplus(+), percent of GDP",Euro area (moving concept in the Real Time database context) - Primary deficit/surplus without UMTS proceeds - All sectors/ unspecified/ not applicable (ESA2010)-NCBs - General government (ESA2010)-NCBs - Non-financial flows current prices - Percentage,XDC_R_B1GQ,0,Replace,2019-10-23T15:30:00.000+02:00,
RTD.A.S0.N.F_UMS_CGG_D0.F,A,S0,N,F_UMS_CGG_D0,F,2001,1.74513,A,F,,,P1Y,S,,,GFS.A.N.I10.W0.S13.S1._Z.B.B9P._Z._Z._Z.XDC_R_B1GQ._Z.S.V.N._T,,,,,,"See <a class=""external"" href=""http://sdw.ecb.europa.eu/web/generator/docu/rtdb_docu.pdf""> notes</a>; block Annual; series: G",,4,,,"Government primary deficit(-) or surplus(+), percent of GDP",Euro area (moving concept in the Real Time database context) - Primary deficit/surplus without UMTS proceeds - All sectors/ unspecified/ not applicable (ESA2010)-NCBs - General government (ESA2010)-NCBs - Non-financial flows current prices - Percentage,XDC_R_B1GQ,0,Replace,2019-10-23T15:30:00.000+02:00,
RTD.A.S0.N.F_UMS_CGG_D0.F,A,S0,N,F_UMS_CGG_D0,F,2002,0.78219,A,F,,,P1Y,S,,,GFS.A.N.I10.W0.S13.S1._Z.B.B9P._Z._Z._Z.XDC_R_B1GQ._Z.S.V.N._T,,,,,,"See <a class=""external"" href=""http://sdw.ecb.europa.eu/web/generator/docu/rtdb_docu.pdf""> notes</a>; block Annual; series: G",,4,,,"Government primary deficit(-) or surplus(+), percent of GDP",Euro area (moving concept in the Real Time database context) - Primary deficit/surplus without UMTS proceeds - All sectors/ unspecified/ not applicable (ESA2010)-NCBs - General government (ESA2010)-NCBs - Non-financial flows current prices - Percentage,XDC_R_B1GQ,0,Replace,2019-10-23T15:30:00.000+02:00,
RTD.A.S0.N.F_UMS_CGG_D0.F,A,S0,N,F_UMS_CGG_D0,F,2003,0.13709,A,F,,,P1Y,S,,,GFS.A.N.I10.W0.S13.S1._Z.B.B9P._Z._Z._Z.XDC_R_B1GQ._Z.S.V.N._T,,,,,,"See <a class=""external"" href=""http://sdw.ecb.europa.eu/web/generator/docu/rtdb_docu.pdf""> notes</a>; block Annual; series: G",,4,,,"Government primary deficit(-) or surplus(+), percent of GDP",Euro area (moving concept in the Real Time database context) - Primary deficit/surplus without UMTS proceeds - All sectors/ unspecified/ not applicable (ESA2010)-NCBs - General government (ESA2010)-NCBs - Non-financial flows current prices - Percentage,XDC_R_B1GQ,0,Replace,2019-10-23T15:30:00.000+02:00,
RTD.A.S0.N.F_UMS_CGG_D0.F,A,S0,N,F_UMS_CGG_D0,F,2004,0.17838,A,F,,,P1Y,S,,,GFS.A.N.I10.W0.S13.S1._Z.B.B9P._Z._Z._Z.XDC_R_B1GQ._Z.S.V.N._T,,,,,,"See <a class=""external"" href=""http://sdw.ecb.europa.eu/web/generator/docu/rtdb_docu.pdf""> notes</a>; block Annual; series: G",,4,,,"Government primary deficit(-) or surplus(+), percent of GDP",Euro area (moving concept in the Real Time database context) - Primary deficit/surplus without UMTS proceeds - All sectors/ unspecified/ not applicable (ESA2010)-NCBs - General government (ESA2010)-NCBs - Non-financial flows current prices - Percentage,XDC_R_B1GQ,0,Replace,2019-10-23T15:30:00.000+02:00,
RTD.A.S0.N.F_UMS_CGG_D0.F,A,S0,N,F_UMS_CGG_D0,F,2005,0.34315,A,F,,,P1Y,S,,,GFS.A.N.I10.W0.S13.S1._Z.B.B9P._Z._Z._Z.XDC_R_B1GQ._Z.S.V.N._T,,,,,,"See <a class=""external"" href=""http://sdw.ecb.europa.eu/web/generator/docu/rtdb_docu.pdf""> notes</a>; block Annual; series: G",,4,,,"Government primary deficit(-) or surplus(+), percent of GDP",Euro area (moving concept in the Real Time database context) - Primary deficit/surplus without UMTS proceeds - All sectors/ unspecified/ not applicable (ESA2010)-NCBs - General government (ESA2010)-NCBs - Non-financial flows current prices - Percentage,XDC_R_B1GQ,0,Replace,2019-10-23T15:30:00.000+02:00,
RTD.A.S0.N.F_UMS_CGG_D0.F,A,S0,N,F_UMS_CGG_D0,F,2006,1.32184,A,F,,,P1Y,S,,,GFS.A.N.I10.W0.S13.S1._Z.B.B9P._Z._Z._Z.XDC_R_B1GQ._Z.S.V.N._T,,,,,,"See <a class=""external"" href=""http://sdw.ecb.europa.eu/web/generator/docu/rtdb_docu.pdf""> notes</a>; block Annual; series: G",,4,,,"Government primary deficit(-) or surplus(+), percent of GDP",Euro area (moving concept in the Real Time database context) - Primary deficit/surplus without UMTS proceeds - All sectors/ unspecified/ not applicable (ESA2010)-NCBs - General government (ESA2010)-NCBs - Non-financial flows current prices - Percentage,XDC_R_B1GQ,0,Replace,2019-10-23T15:30:00.000+02:00,
RTD.A.S0.N.F_UMS_CGG_D0.F,A,S0,N,F_UMS_CGG_D0,F,2007,2.23937,A,F,,,P1Y,S,,,GFS.A.N.I10.W0.S13.S1._Z.B.B9P._Z._Z._Z.XDC_R_B1GQ._Z.S.V.N._T,,,,,,"See <a class=""external"" href=""http://sdw.ecb.europa.eu/web/generator/docu/rtdb_docu.pdf""> notes</a>; block Annual; series: G",,4,,,"Government primary deficit(-) or surplus(+), percent of GDP",Euro area (moving concept in the Real Time database context) - Primary deficit/surplus without UMTS proceeds - All sectors/ unspecified/ not applicable (ESA2010)-NCBs - General government (ESA2010)-NCBs - Non-financial flows current prices - Percentage,XDC_R_B1GQ,0,Replace,2019-10-23T15:30:00.000+02:00,
RTD.A.S0.N.F_UMS_CGG_D0.F,A,S0,N,F_UMS_CGG_D0,F,2008,0.79506,A,F,,,P1Y,S,,,GFS.A.N.I10.W0.S13.S1._Z.B.B9P._Z._Z._Z.XDC_R_B1GQ._Z.S.V.N._T,,,,,,"See <a class=""external"" href=""http://sdw.ecb.europa.eu/web/generator/docu/rtdb_docu.pdf""> notes</a>; block Annual; series: G",,4,,,"Government primary deficit(-) or surplus(+), percent of GDP",Euro area (moving concept in the Real Time database context) - Primary deficit/surplus without UMTS proceeds - All sectors/ unspecified/ not applicable (ESA2010)-NCBs - General government (ESA2010)-NCBs - Non-financial flows current prices - Percentage,XDC_R_B1GQ,0,Replace,2019-10-23T15:30:00.000+02:00,
RTD.A.S0.N.F_UMS_CGG_D0.F,A,S0,N,F_UMS_CGG_D0,F,2009,-3.39807,A,F,,,P1Y,S,,,GFS.A.N.I10.W0.S13.S1._Z.B.B9P._Z._Z._Z.XDC_R_B1GQ._Z.S.V.N._T,,,,,,"See <a class=""external"" href=""http://sdw.ecb.europa.eu/web/generator/docu/rtdb_docu.pdf""> notes</a>; block Annual; series: G",,4,,,"Government primary deficit(-) or surplus(+), percent of GDP",Euro area (moving concept in the Real Time database context) - Primary deficit/surplus without UMTS proceeds - All sectors/ unspecified/ not applicable (ESA2010)-NCBs - General government (ESA2010)-NCBs - Non-financial flows current prices - Percentage,XDC_R_B1GQ,0,Replace,2019-10-23T15:30:00.000+02:00,
RTD.A.S0.N.F_UMS_CGG_D0.F,A,S0,N,F_UMS_CGG_D0,F,2010,-3.49335,A,F,,,P1Y,S,,,GFS.A.N.I10.W0.S13.S1._Z.B.B9P._Z._Z._Z.XDC_R_B1GQ._Z.S.V.N._T,,,,,,"See <a class=""external"" href=""http://sdw.ecb.europa.eu/web/generator/docu/rtdb_docu.pdf""> notes</a>; block Annual; series: G",,4,,,"Government primary deficit(-) or surplus(+), percent of GDP",Euro area (moving concept in the Real Time database context) - Primary deficit/surplus without UMTS proceeds - All sectors/ unspecified/ not applicable (ESA2010)-NCBs - General government (ESA2010)-NCBs - Non-financial flows current prices - Percentage,XDC_R_B1GQ,0,Replace,2019-10-23T15:30:00.000+02:00,
RTD.A.S0.N.F_UMS_CGG_D0.F,A,S0,N,F_UMS_CGG_D0,F,2011,-1.22176,A,F,,,P1Y,S,,,GFS.A.N.I10.W0.S13.S1._Z.B.B9P._Z._Z._Z.XDC_R_B1GQ._Z.S.V.N._T,,,,,,"See <a class=""external"" href=""http://sdw.ecb.europa.eu/web/generator/docu/rtdb_docu.pdf""> notes</a>; block Annual; series: G",,4,,,"Government primary deficit(-) or surplus(+), percent of GDP",Euro area (moving concept in the Real Time database context) - Primary deficit/surplus without UMTS proceeds - All sectors/ unspecified/ not applicable (ESA2010)-NCBs - General government (ESA2010)-NCBs - Non-financial flows current prices - Percentage,XDC_R_B1GQ,0,Replace,2019-10-23T15:30:00.000+02:00,
RTD.A.S0.N.F_UMS_CGG_D0.F,A,S0,N,F_UMS_CGG_D0,F,2012,-0.66825,A,F,,,P1Y,S,,,GFS.A.N.I10.W0.S13.S1._Z.B.B9P._Z._Z._Z.XDC_R_B1GQ._Z.S.V.N._T,,,,,,"See <a class=""external"" href=""http://sdw.ecb.europa.eu/web/generator/docu/rtdb_docu.pdf""> notes</a>; block Annual; series: G",,4,,,"Government primary deficit(-) or surplus(+), percent of GDP",Euro area (moving concept in the Real Time database context) - Primary deficit/surplus without UMTS proceeds - All sectors/ unspecified/ not applicable (ESA2010)-NCBs - General government (ESA2010)-NCBs - Non-financial flows current prices - Percentage,XDC_R_B1GQ,0,Replace,2019-10-23T15:30:00.000+02:00,
RTD.A.S0.N.F_UMS_CGG_D0.F,A,S0,N,F_UMS_CGG_D0,F,2013,-0.23726,A,F,,,P1Y,S,,,GFS.A.N.I10.W0.S13.S1._Z.B.B9P._Z._Z._Z.XDC_R_B1GQ._Z.S.V.N._T,,,,,,"See <a class=""external"" href=""http://sdw.ecb.europa.eu/web/generator/docu/rtdb_docu.pdf""> notes</a>; block Annual; series: G",,4,,,"Government primary deficit(-) or surplus(+), percent of GDP",Euro area (moving concept in the Real Time database context) - Primary deficit/surplus without UMTS proceeds - All sectors/ unspecified/ not applicable (ESA2010)-NCBs - General government (ESA2010)-NCBs - Non-financial flows current prices - Percentage,XDC_R_B1GQ,0,Replace,2019-10-23T15:30:00.000+02:00,
RTD.A.S0.N.F_UMS_CGG_D0.F,A,S0,N,F_UMS_CGG_D0,F,2014,0.14272,A,F,,,P1Y,S,,,GFS.A.N.I10.W0.S13.S1._Z.B.B9P._Z._Z._Z.XDC_R_B1GQ._Z.S.V.N._T,,,,,,"See <a class=""external"" href=""http://sdw.ecb.europa.eu/web/generator/docu/rtdb_docu.pdf""> notes</a>; block Annual; series: G",,4,,,"Government primary deficit(-) or surplus(+), percent of GDP",Euro area (moving concept in the Real Time database context) - Primary deficit/surplus without UMTS proceeds - All sectors/ unspecified/ not applicable (ESA2010)-NCBs - General government (ESA2010)-NCBs - Non-financial flows current prices - Percentage,XDC_R_B1GQ,0,Replace,2019-10-23T15:30:00.000+02:00,
RTD.A.S0.N.F_UMS_CGG_D0.F,A,S0,N,F_UMS_CGG_D0,F,2015,0.34572,A,F,,,P1Y,S,,,GFS.A.N.I10.W0.S13.S1._Z.B.B9P._Z._Z._Z.XDC_R_B1GQ._Z.S.V.N._T,,,,,,"See <a class=""external"" href=""http://sdw.ecb.europa.eu/web/generator/docu/rtdb_docu.pdf""> notes</a>; block Annual; series: G",,4,,,"Government primary deficit(-) or surplus(+), percent of GDP",Euro area (moving concept in the Real Time database context) - Primary deficit/surplus without UMTS proceeds - All sectors/ unspecified/ not applicable (ESA2010)-NCBs - General government (ESA2010)-NCBs - Non-financial flows current prices - Percentage,XDC_R_B1GQ,0,Replace,2019-10-23T15:30:00.000+02:00,
RTD.A.S0.N.F_UMS_CGG_D0.F,A,S0,N,F_UMS_CGG_D0,F,2016,0.67173,A,F,,,P1Y,S,,,GFS.A.N.I10.W0.S13.S1._Z.B.B9P._Z._Z._Z.XDC_R_B1GQ._Z.S.V.N._T,,,,,,"See <a class=""external"" href=""http://sdw.ecb.europa.eu/web/generator/docu/rtdb_docu.pdf""> notes</a>; block Annual; series: G",,4,,,"Government primary deficit(-) or surplus(+), percent of GDP",Euro area (moving concept in the Real Time database context) - Primary deficit/surplus without UMTS proceeds - All sectors/ unspecified/ not applicable (ESA2010)-NCBs - General government (ESA2010)-NCBs - Non-financial flows current prices - Percentage,XDC_R_B1GQ,0,Replace,2019-10-23T15:30:00.000+02:00,
RTD.A.S0.N.F_UMS_CGG_D0.F,A,S0,N,F_UMS_CGG_D0,F,2017,1.02247,A,F,,,P1Y,S,,,GFS.A.N.I10.W0.S13.S1._Z.B.B9P._Z._Z._Z.XDC_R_B1GQ._Z.S.V.N._T,,,,,,"See <a class=""external"" href=""http://sdw.ecb.europa.eu/web/generator/docu/rtdb_docu.pdf""> notes</a>; block Annual; series: G",,4,,,"Government primary deficit(-) or surplus(+), percent of GDP",Euro area (moving concept in the Real Time database context) - Primary deficit/surplus without UMTS proceeds - All sectors/ unspecified/ not applicable (ESA2010)-NCBs - General government (ESA2010)-NCBs - Non-financial flows current prices - Percentage,XDC_R_B1GQ,0,Replace,2019-10-23T15:30:00.000+02:00,
RTD.A.S0.N.F_UMS_CGG_D0.F,A,S0,N,F_UMS_CGG_D0,F,2018,1.33864,A,F,,,P1Y,S,,,GFS.A.N.I10.W0.S13.S1._Z.B.B9P._Z._Z._Z.XDC_R_B1GQ._Z.S.V.N._T,,,,,,"See <a class=""external"" href=""http://sdw.ecb.europa.eu/web/generator/docu/rtdb_docu.pdf""> notes</a>; block Annual; series: G",,4,,,"Government primary deficit(-) or surplus(+), percent of GDP",Euro area (moving concept in the Real Time database context) - Primary deficit/surplus without UMTS proceeds - All sectors/ unspecified/ not applicable (ESA2010)-NCBs - General government (ESA2010)-NCBs - Non-financial flows current prices - Percentage,XDC_R_B1GQ,0,Replace,2019-10-23T15:30:00.000+02:00,
RTD.A.S0.N.F_UMS_CGG_D0.F,A,S0,N,F_UMS_CGG_D0,F,1995,-1.89179,A,F,,,P1Y,S,,,GFS.A.N.I10.W0.S13.S1._Z.B.B9P._Z._Z._Z.XDC_R_B1GQ._Z.S.V.N._T,,,,,,"See <a class=""external"" href=""http://sdw.ecb.europa.eu/web/generator/docu/rtdb_docu.pdf""> notes</a>; block Annual; series: G",,4,,,"Government primary deficit(-) or surplus(+), percent of GDP",Euro area (moving concept in the Real Time database context) - Primary deficit/surplus without UMTS proceeds - All sectors/ unspecified/ not applicable (ESA2010)-NCBs - General government (ESA2010)-NCBs - Non-financial flows current prices - Percentage,XDC_R_B1GQ,0,Replace,2020-04-29T15:30:00.000+02:00,
RTD.A.S0.N.F_UMS_CGG_D0.F,A,S0,N,F_UMS_CGG_D0,F,1996,1.00828,A,F,,,P1Y,S,,,GFS.A.N.I10.W0.S13.S1._Z.B.B9P._Z._Z._Z.XDC_R_B1GQ._Z.S.V.N._T,,,,,,"See <a class=""external"" href=""http://sdw.ecb.europa.eu/web/generator/docu/rtdb_docu.pdf""> notes</a>; block Annual; series: G",,4,,,"Government primary deficit(-) or surplus(+), percent of GDP",Euro area (moving concept in the Real Time database context) - Primary deficit/surplus without UMTS proceeds - All sectors/ unspecified/ not applicable (ESA2010)-NCBs - General government (ESA2010)-NCBs - Non-financial flows current prices - Percentage,XDC_R_B1GQ,0,Replace,2020-04-29T15:30:00.000+02:00,
RTD.A.S0.N.F_UMS_CGG_D0.F,A,S0,N,F_UMS_CGG_D0,F,1997,1.89147,A,F,,,P1Y,S,,,GFS.A.N.I10.W0.S13.S1._Z.B.B9P._Z._Z._Z.XDC_R_B1GQ._Z.S.V.N._T,,,,,,"See <a class=""external"" href=""http://sdw.ecb.europa.eu/web/generator/docu/rtdb_docu.pdf""> notes</a>; block Annual; series: G",,4,,,"Government primary deficit(-) or surplus(+), percent of GDP",Euro area (moving concept in the Real Time database context) - Primary deficit/surplus without UMTS proceeds - All sectors/ unspecified/ not applicable (ESA2010)-NCBs - General government (ESA2010)-NCBs - Non-financial flows current prices - Percentage,XDC_R_B1GQ,0,Replace,2020-04-29T15:30:00.000+02:00,
RTD.A.S0.N.F_UMS_CGG_D0.F,A,S0,N,F_UMS_CGG_D0,F,1998,2.04222,A,F,,,P1Y,S,,,GFS.A.N.I10.W0.S13.S1._Z.B.B9P._Z._Z._Z.XDC_R_B1GQ._Z.S.V.N._T,,,,,,"See <a class=""external"" href=""http://sdw.ecb.europa.eu/web/generator/docu/rtdb_docu.pdf""> notes</a>; block Annual; series: G",,4,,,"Government primary deficit(-) or surplus(+), percent of GDP",Euro area (moving concept in the Real Time database context) - Primary deficit/surplus without UMTS proceeds - All sectors/ unspecified/ not applicable (ESA2010)-NCBs - General government (ESA2010)-NCBs - Non-financial flows current prices - Percentage,XDC_R_B1GQ,0,Replace,2020-04-29T15:30:00.000+02:00,
RTD.A.S0.N.F_UMS_CGG_D0.F,A,S0,N,F_UMS_CGG_D0,F,1999,2.42797,A,F,,,P1Y,S,,,GFS.A.N.I10.W0.S13.S1._Z.B.B9P._Z._Z._Z.XDC_R_B1GQ._Z.S.V.N._T,,,,,,"See <a class=""external"" href=""http://sdw.ecb.europa.eu/web/generator/docu/rtdb_docu.pdf""> notes</a>; block Annual; series: G",,4,,,"Government primary deficit(-) or surplus(+), percent of GDP",Euro area (moving concept in the Real Time database context) - Primary deficit/surplus without UMTS proceeds - All sectors/ unspecified/ not applicable (ESA2010)-NCBs - General government (ESA2010)-NCBs - Non-financial flows current prices - Percentage,XDC_R_B1GQ,0,Replace,2020-04-29T15:30:00.000+02:00,
RTD.A.S0.N.F_UMS_CGG_D0.F,A,S0,N,F_UMS_CGG_D0,F,2000,2.53283,A,F,,,P1Y,S,,,GFS.A.N.I10.W0.S13.S1._Z.B.B9P._Z._Z._Z.XDC_R_B1GQ._Z.S.V.N._T,,,,,,"See <a class=""external"" href=""http://sdw.ecb.europa.eu/web/generator/docu/rtdb_docu.pdf""> notes</a>; block Annual; series: G",,4,,,"Government primary deficit(-) or surplus(+), percent of GDP",Euro area (moving concept in the Real Time database context) - Primary deficit/surplus without UMTS proceeds - All sectors/ unspecified/ not applicable (ESA2010)-NCBs - General government (ESA2010)-NCBs - Non-financial flows current prices - Percentage,XDC_R_B1GQ,0,Replace,2020-04-29T15:30:00.000+02:00,
RTD.A.S0.N.F_UMS_CGG_D0.F,A,S0,N,F_UMS_CGG_D0,F,2001,1.74408,A,F,,,P1Y,S,,,GFS.A.N.I10.W0.S13.S1._Z.B.B9P._Z._Z._Z.XDC_R_B1GQ._Z.S.V.N._T,,,,,,"See <a class=""external"" href=""http://sdw.ecb.europa.eu/web/generator/docu/rtdb_docu.pdf""> notes</a>; block Annual; series: G",,4,,,"Government primary deficit(-) or surplus(+), percent of GDP",Euro area (moving concept in the Real Time database context) - Primary deficit/surplus without UMTS proceeds - All sectors/ unspecified/ not applicable (ESA2010)-NCBs - General government (ESA2010)-NCBs - Non-financial flows current prices - Percentage,XDC_R_B1GQ,0,Replace,2020-04-29T15:30:00.000+02:00,
RTD.A.S0.N.F_UMS_CGG_D0.F,A,S0,N,F_UMS_CGG_D0,F,2002,0.78055,A,F,,,P1Y,S,,,GFS.A.N.I10.W0.S13.S1._Z.B.B9P._Z._Z._Z.XDC_R_B1GQ._Z.S.V.N._T,,,,,,"See <a class=""external"" href=""http://sdw.ecb.europa.eu/web/generator/docu/rtdb_docu.pdf""> notes</a>; block Annual; series: G",,4,,,"Government primary deficit(-) or surplus(+), percent of GDP",Euro area (moving concept in the Real Time database context) - Primary deficit/surplus without UMTS proceeds - All sectors/ unspecified/ not applicable (ESA2010)-NCBs - General government (ESA2010)-NCBs - Non-financial flows current prices - Percentage,XDC_R_B1GQ,0,Replace,2020-04-29T15:30:00.000+02:00,
RTD.A.S0.N.F_UMS_CGG_D0.F,A,S0,N,F_UMS_CGG_D0,F,2003,0.137,A,F,,,P1Y,S,,,GFS.A.N.I10.W0.S13.S1._Z.B.B9P._Z._Z._Z.XDC_R_B1GQ._Z.S.V.N._T,,,,,,"See <a class=""external"" href=""http://sdw.ecb.europa.eu/web/generator/docu/rtdb_docu.pdf""> notes</a>; block Annual; series: G",,4,,,"Government primary deficit(-) or surplus(+), percent of GDP",Euro area (moving concept in the Real Time database context) - Primary deficit/surplus without UMTS proceeds - All sectors/ unspecified/ not applicable (ESA2010)-NCBs - General government (ESA2010)-NCBs - Non-financial flows current prices - Percentage,XDC_R_B1GQ,0,Replace,2020-04-29T15:30:00.000+02:00,
RTD.A.S0.N.F_UMS_CGG_D0.F,A,S0,N,F_UMS_CGG_D0,F,2004,0.17751,A,F,,,P1Y,S,,,GFS.A.N.I10.W0.S13.S1._Z.B.B9P._Z._Z._Z.XDC_R_B1GQ._Z.S.V.N._T,,,,,,"See <a class=""external"" href=""http://sdw.ecb.europa.eu/web/generator/docu/rtdb_docu.pdf""> notes</a>; block Annual; series: G",,4,,,"Government primary deficit(-) or surplus(+), percent of GDP",Euro area (moving concept in the Real Time database context) - Primary deficit/surplus without UMTS proceeds - All sectors/ unspecified/ not applicable (ESA2010)-NCBs - General government (ESA2010)-NCBs - Non-financial flows current prices - Percentage,XDC_R_B1GQ,0,Replace,2020-04-29T15:30:00.000+02:00,
RTD.A.S0.N.F_UMS_CGG_D0.F,A,S0,N,F_UMS_CGG_D0,F,2005,0.34189,A,F,,,P1Y,S,,,GFS.A.N.I10.W0.S13.S1._Z.B.B9P._Z._Z._Z.XDC_R_B1GQ._Z.S.V.N._T,,,,,,"See <a class=""external"" href=""http://sdw.ecb.europa.eu/web/generator/docu/rtdb_docu.pdf""> notes</a>; block Annual; series: G",,4,,,"Government primary deficit(-) or surplus(+), percent of GDP",Euro area (moving concept in the Real Time database context) - Primary deficit/surplus without UMTS proceeds - All sectors/ unspecified/ not applicable (ESA2010)-NCBs - General government (ESA2010)-NCBs - Non-financial flows current prices - Percentage,XDC_R_B1GQ,0,Replace,2020-04-29T15:30:00.000+02:00,
RTD.A.S0.N.F_UMS_CGG_D0.F,A,S0,N,F_UMS_CGG_D0,F,2006,1.32169,A,F,,,P1Y,S,,,GFS.A.N.I10.W0.S13.S1._Z.B.B9P._Z._Z._Z.XDC_R_B1GQ._Z.S.V.N._T,,,,,,"See <a class=""external"" href=""http://sdw.ecb.europa.eu/web/generator/docu/rtdb_docu.pdf""> notes</a>; block Annual; series: G",,4,,,"Government primary deficit(-) or surplus(+), percent of GDP",Euro area (moving concept in the Real Time database context) - Primary deficit/surplus without UMTS proceeds - All sectors/ unspecified/ not applicable (ESA2010)-NCBs - General government (ESA2010)-NCBs - Non-financial flows current prices - Percentage,XDC_R_B1GQ,0,Replace,2020-04-29T15:30:00.000+02:00,
RTD.A.S0.N.F_UMS_CGG_D0.F,A,S0,N,F_UMS_CGG_D0,F,2007,2.2402,A,F,,,P1Y,S,,,GFS.A.N.I10.W0.S13.S1._Z.B.B9P._Z._Z._Z.XDC_R_B1GQ._Z.S.V.N._T,,,,,,"See <a class=""external"" href=""http://sdw.ecb.europa.eu/web/generator/docu/rtdb_docu.pdf""> notes</a>; block Annual; series: G",,4,,,"Government primary deficit(-) or surplus(+), percent of GDP",Euro area (moving concept in the Real Time database context) - Primary deficit/surplus without UMTS proceeds - All sectors/ unspecified/ not applicable (ESA2010)-NCBs - General government (ESA2010)-NCBs - Non-financial flows current prices - Percentage,XDC_R_B1GQ,0,Replace,2020-04-29T15:30:00.000+02:00,
RTD.A.S0.N.F_UMS_CGG_D0.F,A,S0,N,F_UMS_CGG_D0,F,2008,0.79574,A,F,,,P1Y,S,,,GFS.A.N.I10.W0.S13.S1._Z.B.B9P._Z._Z._Z.XDC_R_B1GQ._Z.S.V.N._T,,,,,,"See <a class=""external"" href=""http://sdw.ecb.europa.eu/web/generator/docu/rtdb_docu.pdf""> notes</a>; block Annual; series: G",,4,,,"Government primary deficit(-) or surplus(+), percent of GDP",Euro area (moving concept in the Real Time database context) - Primary deficit/surplus without UMTS proceeds - All sectors/ unspecified/ not applicable (ESA2010)-NCBs - General government (ESA2010)-NCBs - Non-financial flows current prices - Percentage,XDC_R_B1GQ,0,Replace,2020-04-29T15:30:00.000+02:00,
RTD.A.S0.N.F_UMS_CGG_D0.F,A,S0,N,F_UMS_CGG_D0,F,2009,-3.3966,A,F,,,P1Y,S,,,GFS.A.N.I10.W0.S13.S1._Z.B.B9P._Z._Z._Z.XDC_R_B1GQ._Z.S.V.N._T,,,,,,"See <a class=""external"" href=""http://sdw.ecb.europa.eu/web/generator/docu/rtdb_docu.pdf""> notes</a>; block Annual; series: G",,4,,,"Government primary deficit(-) or surplus(+), percent of GDP",Euro area (moving concept in the Real Time database context) - Primary deficit/surplus without UMTS proceeds - All sectors/ unspecified/ not applicable (ESA2010)-NCBs - General government (ESA2010)-NCBs - Non-financial flows current prices - Percentage,XDC_R_B1GQ,0,Replace,2020-04-29T15:30:00.000+02:00,
RTD.A.S0.N.F_UMS_CGG_D0.F,A,S0,N,F_UMS_CGG_D0,F,2010,-3.49238,A,F,,,P1Y,S,,,GFS.A.N.I10.W0.S13.S1._Z.B.B9P._Z._Z._Z.XDC_R_B1GQ._Z.S.V.N._T,,,,,,"See <a class=""external"" href=""http://sdw.ecb.europa.eu/web/generator/docu/rtdb_docu.pdf""> notes</a>; block Annual; series: G",,4,,,"Government primary deficit(-) or surplus(+), percent of GDP",Euro area (moving concept in the Real Time database context) - Primary deficit/surplus without UMTS proceeds - All sectors/ unspecified/ not applicable (ESA2010)-NCBs - General government (ESA2010)-NCBs - Non-financial flows current prices - Percentage,XDC_R_B1GQ,0,Replace,2020-04-29T15:30:00.000+02:00,
RTD.A.S0.N.F_UMS_CGG_D0.F,A,S0,N,F_UMS_CGG_D0,F,2011,-1.22122,A,F,,,P1Y,S,,,GFS.A.N.I10.W0.S13.S1._Z.B.B9P._Z._Z._Z.XDC_R_B1GQ._Z.S.V.N._T,,,,,,"See <a class=""external"" href=""http://sdw.ecb.europa.eu/web/generator/docu/rtdb_docu.pdf""> notes</a>; block Annual; series: G",,4,,,"Government primary deficit(-) or surplus(+), percent of GDP",Euro area (moving concept in the Real Time database context) - Primary deficit/surplus without UMTS proceeds - All sectors/ unspecified/ not applicable (ESA2010)-NCBs - General government (ESA2010)-NCBs - Non-financial flows current prices - Percentage,XDC_R_B1GQ,0,Replace,2020-04-29T15:30:00.000+02:00,
RTD.A.S0.N.F_UMS_CGG_D0.F,A,S0,N,F_UMS_CGG_D0,F,2012,-0.66806,A,F,,,P1Y,S,,,GFS.A.N.I10.W0.S13.S1._Z.B.B9P._Z._Z._Z.XDC_R_B1GQ._Z.S.V.N._T,,,,,,"See <a class=""external"" href=""http://sdw.ecb.europa.eu/web/generator/docu/rtdb_docu.pdf""> notes</a>; block Annual; series: G",,4,,,"Government primary deficit(-) or surplus(+), percent of GDP",Euro area (moving concept in the Real Time database context) - Primary deficit/surplus without UMTS proceeds - All sectors/ unspecified/ not applicable (ESA2010)-NCBs - General government (ESA2010)-NCBs - Non-financial flows current prices - Percentage,XDC_R_B1GQ,0,Replace,2020-04-29T15:30:00.000+02:00,
RTD.A.S0.N.F_UMS_CGG_D0.F,A,S0,N,F_UMS_CGG_D0,F,2013,-0.23807,A,F,,,P1Y,S,,,GFS.A.N.I10.W0.S13.S1._Z.B.B9P._Z._Z._Z.XDC_R_B1GQ._Z.S.V.N._T,,,,,,"See <a class=""external"" href=""http://sdw.ecb.europa.eu/web/generator/docu/rtdb_docu.pdf""> notes</a>; block Annual; series: G",,4,,,"Government primary deficit(-) or surplus(+), percent of GDP",Euro area (moving concept in the Real Time database context) - Primary deficit/surplus without UMTS proceeds - All sectors/ unspecified/ not applicable (ESA2010)-NCBs - General government (ESA2010)-NCBs - Non-financial flows current prices - Percentage,XDC_R_B1GQ,0,Replace,2020-04-29T15:30:00.000+02:00,
RTD.A.S0.N.F_UMS_CGG_D0.F,A,S0,N,F_UMS_CGG_D0,F,2014,0.14297,A,F,,,P1Y,S,,,GFS.A.N.I10.W0.S13.S1._Z.B.B9P._Z._Z._Z.XDC_R_B1GQ._Z.S.V.N._T,,,,,,"See <a class=""external"" href=""http://sdw.ecb.europa.eu/web/generator/docu/rtdb_docu.pdf""> notes</a>; block Annual; series: G",,4,,,"Government primary deficit(-) or surplus(+), percent of GDP",Euro area (moving concept in the Real Time database context) - Primary deficit/surplus without UMTS proceeds - All sectors/ unspecified/ not applicable (ESA2010)-NCBs - General government (ESA2010)-NCBs - Non-financial flows current prices - Percentage,XDC_R_B1GQ,0,Replace,2020-04-29T15:30:00.000+02:00,
RTD.A.S0.N.F_UMS_CGG_D0.F,A,S0,N,F_UMS_CGG_D0,F,2015,0.34544,A,F,,,P1Y,S,,,GFS.A.N.I10.W0.S13.S1._Z.B.B9P._Z._Z._Z.XDC_R_B1GQ._Z.S.V.N._T,,,,,,"See <a class=""external"" href=""http://sdw.ecb.europa.eu/web/generator/docu/rtdb_docu.pdf""> notes</a>; block Annual; series: G",,4,,,"Government primary deficit(-) or surplus(+), percent of GDP",Euro area (moving concept in the Real Time database context) - Primary deficit/surplus without UMTS proceeds - All sectors/ unspecified/ not applicable (ESA2010)-NCBs - General government (ESA2010)-NCBs - Non-financial flows current prices - Percentage,XDC_R_B1GQ,0,Replace,2020-04-29T15:30:00.000+02:00,
RTD.A.S0.N.F_UMS_CGG_D0.F,A,S0,N,F_UMS_CGG_D0,F,2016,0.66123,A,F,,,P1Y,S,,,GFS.A.N.I10.W0.S13.S1._Z.B.B9P._Z._Z._Z.XDC_R_B1GQ._Z.S.V.N._T,,,,,,"See <a class=""external"" href=""http://sdw.ecb.europa.eu/web/generator/docu/rtdb_docu.pdf""> notes</a>; block Annual; series: G",,4,,,"Government primary deficit(-) or surplus(+), percent of GDP",Euro area (moving concept in the Real Time database context) - Primary deficit/surplus without UMTS proceeds - All sectors/ unspecified/ not applicable (ESA2010)-NCBs - General government (ESA2010)-NCBs - Non-financial flows current prices - Percentage,XDC_R_B1GQ,0,Replace,2020-04-29T15:30:00.000+02:00,
RTD.A.S0.N.F_UMS_CGG_D0.F,A,S0,N,F_UMS_CGG_D0,F,2017,0.98455,A,F,,,P1Y,S,,,GFS.A.N.I10.W0.S13.S1._Z.B.B9P._Z._Z._Z.XDC_R_B1GQ._Z.S.V.N._T,,,,,,"See <a class=""external"" href=""http://sdw.ecb.europa.eu/web/generator/docu/rtdb_docu.pdf""> notes</a>; block Annual; series: G",,4,,,"Government primary deficit(-) or surplus(+), percent of GDP",Euro area (moving concept in the Real Time database context) - Primary deficit/surplus without UMTS proceeds - All sectors/ unspecified/ not applicable (ESA2010)-NCBs - General government (ESA2010)-NCBs - Non-financial flows current prices - Percentage,XDC_R_B1GQ,0,Replace,2020-04-29T15:30:00.000+02:00,
RTD.A.S0.N.F_UMS_CGG_D0.F,A,S0,N,F_UMS_CGG_D0,F,2018,1.38154,A,F,,,P1Y,S,,,GFS.A.N.I10.W0.S13.S1._Z.B.B9P._Z._Z._Z.XDC_R_B1GQ._Z.S.V.N._T,,,,,,"See <a class=""external"" href=""http://sdw.ecb.europa.eu/web/generator/docu/rtdb_docu.pdf""> notes</a>; block Annual; series: G",,4,,,"Government primary deficit(-) or surplus(+), percent of GDP",Euro area (moving concept in the Real Time database context) - Primary deficit/surplus without UMTS proceeds - All sectors/ unspecified/ not applicable (ESA2010)-NCBs - General government (ESA2010)-NCBs - Non-financial flows current prices - Percentage,XDC_R_B1GQ,0,Replace,2020-04-29T15:30:00.000+02:00,
RTD.A.S0.N.F_UMS_CGG_D0.F,A,S0,N,F_UMS_CGG_D0,F,2019,0.98534,A,F,,,P1Y,S,,,GFS.A.N.I10.W0.S13.S1._Z.B.B9P._Z._Z._Z.XDC_R_B1GQ._Z.S.V.N._T,,,,,,"See <a class=""external"" href=""http://sdw.ecb.europa.eu/web/generator/docu/rtdb_docu.pdf""> notes</a>; block Annual; series: G",,4,,,"Government primary deficit(-) or surplus(+), percent of GDP",Euro area (moving concept in the Real Time database context) - Primary deficit/surplus without UMTS proceeds - All sectors/ unspecified/ not applicable (ESA2010)-NCBs - General government (ESA2010)-NCBs - Non-financial flows current prices - Percentage,XDC_R_B1GQ,0,Replace,2020-04-29T15:30:00.000+02:00,
RTD.A.S0.N.F_UMS_CGG_D0.F,A,S0,N,F_UMS_CGG_D0,F,2016,0.66124,A,F,,,P1Y,S,,,GFS.A.N.I10.W0.S13.S1._Z.B.B9P._Z._Z._Z.XDC_R_B1GQ._Z.S.V.N._T,,,,,,"See <a class=""external"" href=""http://sdw.ecb.europa.eu/web/generator/docu/rtdb_docu.pdf""> notes</a>; block Annual; series: G",,4,,,"Government primary deficit(-) or surplus(+), percent of GDP",Euro area (moving concept in the Real Time database context) - Primary deficit/surplus without UMTS proceeds - All sectors/ unspecified/ not applicable (ESA2010)-NCBs - General government (ESA2010)-NCBs - Non-financial flows current prices - Percentage,XDC_R_B1GQ,0,Replace,2020-06-03T15:30:00.000+02:00,
RTD.A.S0.N.F_UMS_CGG_D0.F,A,S0,N,F_UMS_CGG_D0,F,2017,0.98458,A,F,,,P1Y,S,,,GFS.A.N.I10.W0.S13.S1._Z.B.B9P._Z._Z._Z.XDC_R_B1GQ._Z.S.V.N._T,,,,,,"See <a class=""external"" href=""http://sdw.ecb.europa.eu/web/generator/docu/rtdb_docu.pdf""> notes</a>; block Annual; series: G",,4,,,"Government primary deficit(-) or surplus(+), percent of GDP",Euro area (moving concept in the Real Time database context) - Primary deficit/surplus without UMTS proceeds - All sectors/ unspecified/ not applicable (ESA2010)-NCBs - General government (ESA2010)-NCBs - Non-financial flows current prices - Percentage,XDC_R_B1GQ,0,Replace,2020-06-03T15:30:00.000+02:00,
RTD.A.S0.N.F_UMS_CGG_D0.F,A,S0,N,F_UMS_CGG_D0,F,2018,1.38159,A,F,,,P1Y,S,,,GFS.A.N.I10.W0.S13.S1._Z.B.B9P._Z._Z._Z.XDC_R_B1GQ._Z.S.V.N._T,,,,,,"See <a class=""external"" href=""http://sdw.ecb.europa.eu/web/generator/docu/rtdb_docu.pdf""> notes</a>; block Annual; series: G",,4,,,"Government primary deficit(-) or surplus(+), percent of GDP",Euro area (moving concept in the Real Time database context) - Primary deficit/surplus without UMTS proceeds - All sectors/ unspecified/ not applicable (ESA2010)-NCBs - General government (ESA2010)-NCBs - Non-financial flows current prices - Percentage,XDC_R_B1GQ,0,Replace,2020-06-03T15:30:00.000+02:00,
RTD.A.S0.N.F_UMS_CGG_D0.F,A,S0,N,F_UMS_CGG_D0,F,2019,0.98539,A,F,,,P1Y,S,,,GFS.A.N.I10.W0.S13.S1._Z.B.B9P._Z._Z._Z.XDC_R_B1GQ._Z.S.V.N._T,,,,,,"See <a class=""external"" href=""http://sdw.ecb.europa.eu/web/generator/docu/rtdb_docu.pdf""> notes</a>; block Annual; series: G",,4,,,"Government primary deficit(-) or surplus(+), percent of GDP",Euro area (moving concept in the Real Time database context) - Primary deficit/surplus without UMTS proceeds - All sectors/ unspecified/ not applicable (ESA2010)-NCBs - General government (ESA2010)-NCBs - Non-financial flows current prices - Percentage,XDC_R_B1GQ,0,Replace,2020-06-03T15:30:00.000+02:00,
RTD.A.S0.N.F_UMS_CGG_D0.F,A,S0,N,F_UMS_CGG_D0,F,1995,-1.892,A,F,,,P1Y,S,,,GFS.A.N.I10.W0.S13.S1._Z.B.B9P._Z._Z._Z.XDC_R_B1GQ._Z.S.V.N._T,,,,,,"See <a class=""external"" href=""http://sdw.ecb.europa.eu/web/generator/docu/rtdb_docu.pdf""> notes</a>; block Annual; series: G",,4,,,"Government primary deficit(-) or surplus(+), percent of GDP",Euro area (moving concept in the Real Time database context) - Primary deficit/surplus without UMTS proceeds - All sectors/ unspecified/ not applicable (ESA2010)-NCBs - General government (ESA2010)-NCBs - Non-financial flows current prices - Percentage,XDC_R_B1GQ,0,Replace,2020-07-15T15:30:00.000+02:00,
RTD.A.S0.N.F_UMS_CGG_D0.F,A,S0,N,F_UMS_CGG_D0,F,1996,1.008,A,F,,,P1Y,S,,,GFS.A.N.I10.W0.S13.S1._Z.B.B9P._Z._Z._Z.XDC_R_B1GQ._Z.S.V.N._T,,,,,,"See <a class=""external"" href=""http://sdw.ecb.europa.eu/web/generator/docu/rtdb_docu.pdf""> notes</a>; block Annual; series: G",,4,,,"Government primary deficit(-) or surplus(+), percent of GDP",Euro area (moving concept in the Real Time database context) - Primary deficit/surplus without UMTS proceeds - All sectors/ unspecified/ not applicable (ESA2010)-NCBs - General government (ESA2010)-NCBs - Non-financial flows current prices - Percentage,XDC_R_B1GQ,0,Replace,2020-07-15T15:30:00.000+02:00,
RTD.A.S0.N.F_UMS_CGG_D0.F,A,S0,N,F_UMS_CGG_D0,F,1997,1.891,A,F,,,P1Y,S,,,GFS.A.N.I10.W0.S13.S1._Z.B.B9P._Z._Z._Z.XDC_R_B1GQ._Z.S.V.N._T,,,,,,"See <a class=""external"" href=""http://sdw.ecb.europa.eu/web/generator/docu/rtdb_docu.pdf""> notes</a>; block Annual; series: G",,4,,,"Government primary deficit(-) or surplus(+), percent of GDP",Euro area (moving concept in the Real Time database context) - Primary deficit/surplus without UMTS proceeds - All sectors/ unspecified/ not applicable (ESA2010)-NCBs - General government (ESA2010)-NCBs - Non-financial flows current prices - Percentage,XDC_R_B1GQ,0,Replace,2020-07-15T15:30:00.000+02:00,
RTD.A.S0.N.F_UMS_CGG_D0.F,A,S0,N,F_UMS_CGG_D0,F,1998,2.042,A,F,,,P1Y,S,,,GFS.A.N.I10.W0.S13.S1._Z.B.B9P._Z._Z._Z.XDC_R_B1GQ._Z.S.V.N._T,,,,,,"See <a class=""external"" href=""http://sdw.ecb.europa.eu/web/generator/docu/rtdb_docu.pdf""> notes</a>; block Annual; series: G",,4,,,"Government primary deficit(-) or surplus(+), percent of GDP",Euro area (moving concept in the Real Time database context) - Primary deficit/surplus without UMTS proceeds - All sectors/ unspecified/ not applicable (ESA2010)-NCBs - General government (ESA2010)-NCBs - Non-financial flows current prices - Percentage,XDC_R_B1GQ,0,Replace,2020-07-15T15:30:00.000+02:00,
RTD.A.S0.N.F_UMS_CGG_D0.F,A,S0,N,F_UMS_CGG_D0,F,1999,2.428,A,F,,,P1Y,S,,,GFS.A.N.I10.W0.S13.S1._Z.B.B9P._Z._Z._Z.XDC_R_B1GQ._Z.S.V.N._T,,,,,,"See <a class=""external"" href=""http://sdw.ecb.europa.eu/web/generator/docu/rtdb_docu.pdf""> notes</a>; block Annual; series: G",,4,,,"Government primary deficit(-) or surplus(+), percent of GDP",Euro area (moving concept in the Real Time database context) - Primary deficit/surplus without UMTS proceeds - All sectors/ unspecified/ not applicable (ESA2010)-NCBs - General government (ESA2010)-NCBs - Non-financial flows current prices - Percentage,XDC_R_B1GQ,0,Replace,2020-07-15T15:30:00.000+02:00,
RTD.A.S0.N.F_UMS_CGG_D0.F,A,S0,N,F_UMS_CGG_D0,F,2000,2.533,A,F,,,P1Y,S,,,GFS.A.N.I10.W0.S13.S1._Z.B.B9P._Z._Z._Z.XDC_R_B1GQ._Z.S.V.N._T,,,,,,"See <a class=""external"" href=""http://sdw.ecb.europa.eu/web/generator/docu/rtdb_docu.pdf""> notes</a>; block Annual; series: G",,4,,,"Government primary deficit(-) or surplus(+), percent of GDP",Euro area (moving concept in the Real Time database context) - Primary deficit/surplus without UMTS proceeds - All sectors/ unspecified/ not applicable (ESA2010)-NCBs - General government (ESA2010)-NCBs - Non-financial flows current prices - Percentage,XDC_R_B1GQ,0,Replace,2020-07-15T15:30:00.000+02:00,
RTD.A.S0.N.F_UMS_CGG_D0.F,A,S0,N,F_UMS_CGG_D0,F,2001,1.744,A,F,,,P1Y,S,,,GFS.A.N.I10.W0.S13.S1._Z.B.B9P._Z._Z._Z.XDC_R_B1GQ._Z.S.V.N._T,,,,,,"See <a class=""external"" href=""http://sdw.ecb.europa.eu/web/generator/docu/rtdb_docu.pdf""> notes</a>; block Annual; series: G",,4,,,"Government primary deficit(-) or surplus(+), percent of GDP",Euro area (moving concept in the Real Time database context) - Primary deficit/surplus without UMTS proceeds - All sectors/ unspecified/ not applicable (ESA2010)-NCBs - General government (ESA2010)-NCBs - Non-financial flows current prices - Percentage,XDC_R_B1GQ,0,Replace,2020-07-15T15:30:00.000+02:00,
RTD.A.S0.N.F_UMS_CGG_D0.F,A,S0,N,F_UMS_CGG_D0,F,2002,0.781,A,F,,,P1Y,S,,,GFS.A.N.I10.W0.S13.S1._Z.B.B9P._Z._Z._Z.XDC_R_B1GQ._Z.S.V.N._T,,,,,,"See <a class=""external"" href=""http://sdw.ecb.europa.eu/web/generator/docu/rtdb_docu.pdf""> notes</a>; block Annual; series: G",,4,,,"Government primary deficit(-) or surplus(+), percent of GDP",Euro area (moving concept in the Real Time database context) - Primary deficit/surplus without UMTS proceeds - All sectors/ unspecified/ not applicable (ESA2010)-NCBs - General government (ESA2010)-NCBs - Non-financial flows current prices - Percentage,XDC_R_B1GQ,0,Replace,2020-07-15T15:30:00.000+02:00,
RTD.A.S0.N.F_UMS_CGG_D0.F,A,S0,N,F_UMS_CGG_D0,F,2004,0.178,A,F,,,P1Y,S,,,GFS.A.N.I10.W0.S13.S1._Z.B.B9P._Z._Z._Z.XDC_R_B1GQ._Z.S.V.N._T,,,,,,"See <a class=""external"" href=""http://sdw.ecb.europa.eu/web/generator/docu/rtdb_docu.pdf""> notes</a>; block Annual; series: G",,4,,,"Government primary deficit(-) or surplus(+), percent of GDP",Euro area (moving concept in the Real Time database context) - Primary deficit/surplus without UMTS proceeds - All sectors/ unspecified/ not applicable (ESA2010)-NCBs - General government (ESA2010)-NCBs - Non-financial flows current prices - Percentage,XDC_R_B1GQ,0,Replace,2020-07-15T15:30:00.000+02:00,
RTD.A.S0.N.F_UMS_CGG_D0.F,A,S0,N,F_UMS_CGG_D0,F,2005,0.342,A,F,,,P1Y,S,,,GFS.A.N.I10.W0.S13.S1._Z.B.B9P._Z._Z._Z.XDC_R_B1GQ._Z.S.V.N._T,,,,,,"See <a class=""external"" href=""http://sdw.ecb.europa.eu/web/generator/docu/rtdb_docu.pdf""> notes</a>; block Annual; series: G",,4,,,"Government primary deficit(-) or surplus(+), percent of GDP",Euro area (moving concept in the Real Time database context) - Primary deficit/surplus without UMTS proceeds - All sectors/ unspecified/ not applicable (ESA2010)-NCBs - General government (ESA2010)-NCBs - Non-financial flows current prices - Percentage,XDC_R_B1GQ,0,Replace,2020-07-15T15:30:00.000+02:00,
RTD.A.S0.N.F_UMS_CGG_D0.F,A,S0,N,F_UMS_CGG_D0,F,2006,1.322,A,F,,,P1Y,S,,,GFS.A.N.I10.W0.S13.S1._Z.B.B9P._Z._Z._Z.XDC_R_B1GQ._Z.S.V.N._T,,,,,,"See <a class=""external"" href=""http://sdw.ecb.europa.eu/web/generator/docu/rtdb_docu.pdf""> notes</a>; block Annual; series: G",,4,,,"Government primary deficit(-) or surplus(+), percent of GDP",Euro area (moving concept in the Real Time database context) - Primary deficit/surplus without UMTS proceeds - All sectors/ unspecified/ not applicable (ESA2010)-NCBs - General government (ESA2010)-NCBs - Non-financial flows current prices - Percentage,XDC_R_B1GQ,0,Replace,2020-07-15T15:30:00.000+02:00,
RTD.A.S0.N.F_UMS_CGG_D0.F,A,S0,N,F_UMS_CGG_D0,F,2007,2.24,A,F,,,P1Y,S,,,GFS.A.N.I10.W0.S13.S1._Z.B.B9P._Z._Z._Z.XDC_R_B1GQ._Z.S.V.N._T,,,,,,"See <a class=""external"" href=""http://sdw.ecb.europa.eu/web/generator/docu/rtdb_docu.pdf""> notes</a>; block Annual; series: G",,4,,,"Government primary deficit(-) or surplus(+), percent of GDP",Euro area (moving concept in the Real Time database context) - Primary deficit/surplus without UMTS proceeds - All sectors/ unspecified/ not applicable (ESA2010)-NCBs - General government (ESA2010)-NCBs - Non-financial flows current prices - Percentage,XDC_R_B1GQ,0,Replace,2020-07-15T15:30:00.000+02:00,
RTD.A.S0.N.F_UMS_CGG_D0.F,A,S0,N,F_UMS_CGG_D0,F,2008,0.796,A,F,,,P1Y,S,,,GFS.A.N.I10.W0.S13.S1._Z.B.B9P._Z._Z._Z.XDC_R_B1GQ._Z.S.V.N._T,,,,,,"See <a class=""external"" href=""http://sdw.ecb.europa.eu/web/generator/docu/rtdb_docu.pdf""> notes</a>; block Annual; series: G",,4,,,"Government primary deficit(-) or surplus(+), percent of GDP",Euro area (moving concept in the Real Time database context) - Primary deficit/surplus without UMTS proceeds - All sectors/ unspecified/ not applicable (ESA2010)-NCBs - General government (ESA2010)-NCBs - Non-financial flows current prices - Percentage,XDC_R_B1GQ,0,Replace,2020-07-15T15:30:00.000+02:00,
RTD.A.S0.N.F_UMS_CGG_D0.F,A,S0,N,F_UMS_CGG_D0,F,2009,-3.397,A,F,,,P1Y,S,,,GFS.A.N.I10.W0.S13.S1._Z.B.B9P._Z._Z._Z.XDC_R_B1GQ._Z.S.V.N._T,,,,,,"See <a class=""external"" href=""http://sdw.ecb.europa.eu/web/generator/docu/rtdb_docu.pdf""> notes</a>; block Annual; series: G",,4,,,"Government primary deficit(-) or surplus(+), percent of GDP",Euro area (moving concept in the Real Time database context) - Primary deficit/surplus without UMTS proceeds - All sectors/ unspecified/ not applicable (ESA2010)-NCBs - General government (ESA2010)-NCBs - Non-financial flows current prices - Percentage,XDC_R_B1GQ,0,Replace,2020-07-15T15:30:00.000+02:00,
RTD.A.S0.N.F_UMS_CGG_D0.F,A,S0,N,F_UMS_CGG_D0,F,2010,-3.492,A,F,,,P1Y,S,,,GFS.A.N.I10.W0.S13.S1._Z.B.B9P._Z._Z._Z.XDC_R_B1GQ._Z.S.V.N._T,,,,,,"See <a class=""external"" href=""http://sdw.ecb.europa.eu/web/generator/docu/rtdb_docu.pdf""> notes</a>; block Annual; series: G",,4,,,"Government primary deficit(-) or surplus(+), percent of GDP",Euro area (moving concept in the Real Time database context) - Primary deficit/surplus without UMTS proceeds - All sectors/ unspecified/ not applicable (ESA2010)-NCBs - General government (ESA2010)-NCBs - Non-financial flows current prices - Percentage,XDC_R_B1GQ,0,Replace,2020-07-15T15:30:00.000+02:00,
RTD.A.S0.N.F_UMS_CGG_D0.F,A,S0,N,F_UMS_CGG_D0,F,2011,-1.221,A,F,,,P1Y,S,,,GFS.A.N.I10.W0.S13.S1._Z.B.B9P._Z._Z._Z.XDC_R_B1GQ._Z.S.V.N._T,,,,,,"See <a class=""external"" href=""http://sdw.ecb.europa.eu/web/generator/docu/rtdb_docu.pdf""> notes</a>; block Annual; series: G",,4,,,"Government primary deficit(-) or surplus(+), percent of GDP",Euro area (moving concept in the Real Time database context) - Primary deficit/surplus without UMTS proceeds - All sectors/ unspecified/ not applicable (ESA2010)-NCBs - General government (ESA2010)-NCBs - Non-financial flows current prices - Percentage,XDC_R_B1GQ,0,Replace,2020-07-15T15:30:00.000+02:00,
RTD.A.S0.N.F_UMS_CGG_D0.F,A,S0,N,F_UMS_CGG_D0,F,2012,-0.668,A,F,,,P1Y,S,,,GFS.A.N.I10.W0.S13.S1._Z.B.B9P._Z._Z._Z.XDC_R_B1GQ._Z.S.V.N._T,,,,,,"See <a class=""external"" href=""http://sdw.ecb.europa.eu/web/generator/docu/rtdb_docu.pdf""> notes</a>; block Annual; series: G",,4,,,"Government primary deficit(-) or surplus(+), percent of GDP",Euro area (moving concept in the Real Time database context) - Primary deficit/surplus without UMTS proceeds - All sectors/ unspecified/ not applicable (ESA2010)-NCBs - General government (ESA2010)-NCBs - Non-financial flows current prices - Percentage,XDC_R_B1GQ,0,Replace,2020-07-15T15:30:00.000+02:00,
RTD.A.S0.N.F_UMS_CGG_D0.F,A,S0,N,F_UMS_CGG_D0,F,2013,-0.238,A,F,,,P1Y,S,,,GFS.A.N.I10.W0.S13.S1._Z.B.B9P._Z._Z._Z.XDC_R_B1GQ._Z.S.V.N._T,,,,,,"See <a class=""external"" href=""http://sdw.ecb.europa.eu/web/generator/docu/rtdb_docu.pdf""> notes</a>; block Annual; series: G",,4,,,"Government primary deficit(-) or surplus(+), percent of GDP",Euro area (moving concept in the Real Time database context) - Primary deficit/surplus without UMTS proceeds - All sectors/ unspecified/ not applicable (ESA2010)-NCBs - General government (ESA2010)-NCBs - Non-financial flows current prices - Percentage,XDC_R_B1GQ,0,Replace,2020-07-15T15:30:00.000+02:00,
RTD.A.S0.N.F_UMS_CGG_D0.F,A,S0,N,F_UMS_CGG_D0,F,2014,0.143,A,F,,,P1Y,S,,,GFS.A.N.I10.W0.S13.S1._Z.B.B9P._Z._Z._Z.XDC_R_B1GQ._Z.S.V.N._T,,,,,,"See <a class=""external"" href=""http://sdw.ecb.europa.eu/web/generator/docu/rtdb_docu.pdf""> notes</a>; block Annual; series: G",,4,,,"Government primary deficit(-) or surplus(+), percent of GDP",Euro area (moving concept in the Real Time database context) - Primary deficit/surplus without UMTS proceeds - All sectors/ unspecified/ not applicable (ESA2010)-NCBs - General government (ESA2010)-NCBs - Non-financial flows current prices - Percentage,XDC_R_B1GQ,0,Replace,2020-07-15T15:30:00.000+02:00,
RTD.A.S0.N.F_UMS_CGG_D0.F,A,S0,N,F_UMS_CGG_D0,F,2015,0.345,A,F,,,P1Y,S,,,GFS.A.N.I10.W0.S13.S1._Z.B.B9P._Z._Z._Z.XDC_R_B1GQ._Z.S.V.N._T,,,,,,"See <a class=""external"" href=""http://sdw.ecb.europa.eu/web/generator/docu/rtdb_docu.pdf""> notes</a>; block Annual; series: G",,4,,,"Government primary deficit(-) or surplus(+), percent of GDP",Euro area (moving concept in the Real Time database context) - Primary deficit/surplus without UMTS proceeds - All sectors/ unspecified/ not applicable (ESA2010)-NCBs - General government (ESA2010)-NCBs - Non-financial flows current prices - Percentage,XDC_R_B1GQ,0,Replace,2020-07-15T15:30:00.000+02:00,
RTD.A.S0.N.F_UMS_CGG_D0.F,A,S0,N,F_UMS_CGG_D0,F,2016,0.661,A,F,,,P1Y,S,,,GFS.A.N.I10.W0.S13.S1._Z.B.B9P._Z._Z._Z.XDC_R_B1GQ._Z.S.V.N._T,,,,,,"See <a class=""external"" href=""http://sdw.ecb.europa.eu/web/generator/docu/rtdb_docu.pdf""> notes</a>; block Annual; series: G",,4,,,"Government primary deficit(-) or surplus(+), percent of GDP",Euro area (moving concept in the Real Time database context) - Primary deficit/surplus without UMTS proceeds - All sectors/ unspecified/ not applicable (ESA2010)-NCBs - General government (ESA2010)-NCBs - Non-financial flows current prices - Percentage,XDC_R_B1GQ,0,Replace,2020-07-15T15:30:00.000+02:00,
RTD.A.S0.N.F_UMS_CGG_D0.F,A,S0,N,F_UMS_CGG_D0,F,2017,0.985,A,F,,,P1Y,S,,,GFS.A.N.I10.W0.S13.S1._Z.B.B9P._Z._Z._Z.XDC_R_B1GQ._Z.S.V.N._T,,,,,,"See <a class=""external"" href=""http://sdw.ecb.europa.eu/web/generator/docu/rtdb_docu.pdf""> notes</a>; block Annual; series: G",,4,,,"Government primary deficit(-) or surplus(+), percent of GDP",Euro area (moving concept in the Real Time database context) - Primary deficit/surplus without UMTS proceeds - All sectors/ unspecified/ not applicable (ESA2010)-NCBs - General government (ESA2010)-NCBs - Non-financial flows current prices - Percentage,XDC_R_B1GQ,0,Replace,2020-07-15T15:30:00.000+02:00,
RTD.A.S0.N.F_UMS_CGG_D0.F,A,S0,N,F_UMS_CGG_D0,F,2018,1.382,A,F,,,P1Y,S,,,GFS.A.N.I10.W0.S13.S1._Z.B.B9P._Z._Z._Z.XDC_R_B1GQ._Z.S.V.N._T,,,,,,"See <a class=""external"" href=""http://sdw.ecb.europa.eu/web/generator/docu/rtdb_docu.pdf""> notes</a>; block Annual; series: G",,4,,,"Government primary deficit(-) or surplus(+), percent of GDP",Euro area (moving concept in the Real Time database context) - Primary deficit/surplus without UMTS proceeds - All sectors/ unspecified/ not applicable (ESA2010)-NCBs - General government (ESA2010)-NCBs - Non-financial flows current prices - Percentage,XDC_R_B1GQ,0,Replace,2020-07-15T15:30:00.000+02:00,
RTD.A.S0.N.F_UMS_CGG_D0.F,A,S0,N,F_UMS_CGG_D0,F,2019,0.991,A,F,,,P1Y,S,,,GFS.A.N.I10.W0.S13.S1._Z.B.B9P._Z._Z._Z.XDC_R_B1GQ._Z.S.V.N._T,,,,,,"See <a class=""external"" href=""http://sdw.ecb.europa.eu/web/generator/docu/rtdb_docu.pdf""> notes</a>; block Annual; series: G",,4,,,"Government primary deficit(-) or surplus(+), percent of GDP",Euro area (moving concept in the Real Time database context) - Primary deficit/surplus without UMTS proceeds - All sectors/ unspecified/ not applicable (ESA2010)-NCBs - General government (ESA2010)-NCBs - Non-financial flows current prices - Percentage,XDC_R_B1GQ,0,Replace,2020-07-15T15:30:00.000+02:00,
RTD.A.S0.N.F_UMS_CGG_D0.F,A,S0,N,F_UMS_CGG_D0,F,1995,-1.89179,A,F,,,P1Y,S,,,GFS.A.N.I10.W0.S13.S1._Z.B.B9P._Z._Z._Z.XDC_R_B1GQ._Z.S.V.N._T,,,,,,"See <a class=""external"" href=""http://sdw.ecb.europa.eu/web/generator/docu/rtdb_docu.pdf""> notes</a>; block Annual; series: G",,4,,,"Government primary deficit(-) or surplus(+), percent of GDP",Euro area (moving concept in the Real Time database context) - Primary deficit/surplus without UMTS proceeds - All sectors/ unspecified/ not applicable (ESA2010)-NCBs - General government (ESA2010)-NCBs - Non-financial flows current prices - Percentage,XDC_R_B1GQ,0,Replace,2020-09-09T15:30:00.000+02:00,
RTD.A.S0.N.F_UMS_CGG_D0.F,A,S0,N,F_UMS_CGG_D0,F,1996,1.00828,A,F,,,P1Y,S,,,GFS.A.N.I10.W0.S13.S1._Z.B.B9P._Z._Z._Z.XDC_R_B1GQ._Z.S.V.N._T,,,,,,"See <a class=""external"" href=""http://sdw.ecb.europa.eu/web/generator/docu/rtdb_docu.pdf""> notes</a>; block Annual; series: G",,4,,,"Government primary deficit(-) or surplus(+), percent of GDP",Euro area (moving concept in the Real Time database context) - Primary deficit/surplus without UMTS proceeds - All sectors/ unspecified/ not applicable (ESA2010)-NCBs - General government (ESA2010)-NCBs - Non-financial flows current prices - Percentage,XDC_R_B1GQ,0,Replace,2020-09-09T15:30:00.000+02:00,
RTD.A.S0.N.F_UMS_CGG_D0.F,A,S0,N,F_UMS_CGG_D0,F,1997,1.89147,A,F,,,P1Y,S,,,GFS.A.N.I10.W0.S13.S1._Z.B.B9P._Z._Z._Z.XDC_R_B1GQ._Z.S.V.N._T,,,,,,"See <a class=""external"" href=""http://sdw.ecb.europa.eu/web/generator/docu/rtdb_docu.pdf""> notes</a>; block Annual; series: G",,4,,,"Government primary deficit(-) or surplus(+), percent of GDP",Euro area (moving concept in the Real Time database context) - Primary deficit/surplus without UMTS proceeds - All sectors/ unspecified/ not applicable (ESA2010)-NCBs - General government (ESA2010)-NCBs - Non-financial flows current prices - Percentage,XDC_R_B1GQ,0,Replace,2020-09-09T15:30:00.000+02:00,
RTD.A.S0.N.F_UMS_CGG_D0.F,A,S0,N,F_UMS_CGG_D0,F,1998,2.04222,A,F,,,P1Y,S,,,GFS.A.N.I10.W0.S13.S1._Z.B.B9P._Z._Z._Z.XDC_R_B1GQ._Z.S.V.N._T,,,,,,"See <a class=""external"" href=""http://sdw.ecb.europa.eu/web/generator/docu/rtdb_docu.pdf""> notes</a>; block Annual; series: G",,4,,,"Government primary deficit(-) or surplus(+), percent of GDP",Euro area (moving concept in the Real Time database context) - Primary deficit/surplus without UMTS proceeds - All sectors/ unspecified/ not applicable (ESA2010)-NCBs - General government (ESA2010)-NCBs - Non-financial flows current prices - Percentage,XDC_R_B1GQ,0,Replace,2020-09-09T15:30:00.000+02:00,
RTD.A.S0.N.F_UMS_CGG_D0.F,A,S0,N,F_UMS_CGG_D0,F,1999,2.42797,A,F,,,P1Y,S,,,GFS.A.N.I10.W0.S13.S1._Z.B.B9P._Z._Z._Z.XDC_R_B1GQ._Z.S.V.N._T,,,,,,"See <a class=""external"" href=""http://sdw.ecb.europa.eu/web/generator/docu/rtdb_docu.pdf""> notes</a>; block Annual; series: G",,4,,,"Government primary deficit(-) or surplus(+), percent of GDP",Euro area (moving concept in the Real Time database context) - Primary deficit/surplus without UMTS proceeds - All sectors/ unspecified/ not applicable (ESA2010)-NCBs - General government (ESA2010)-NCBs - Non-financial flows current prices - Percentage,XDC_R_B1GQ,0,Replace,2020-09-09T15:30:00.000+02:00,
RTD.A.S0.N.F_UMS_CGG_D0.F,A,S0,N,F_UMS_CGG_D0,F,2000,2.53283,A,F,,,P1Y,S,,,GFS.A.N.I10.W0.S13.S1._Z.B.B9P._Z._Z._Z.XDC_R_B1GQ._Z.S.V.N._T,,,,,,"See <a class=""external"" href=""http://sdw.ecb.europa.eu/web/generator/docu/rtdb_docu.pdf""> notes</a>; block Annual; series: G",,4,,,"Government primary deficit(-) or surplus(+), percent of GDP",Euro area (moving concept in the Real Time database context) - Primary deficit/surplus without UMTS proceeds - All sectors/ unspecified/ not applicable (ESA2010)-NCBs - General government (ESA2010)-NCBs - Non-financial flows current prices - Percentage,XDC_R_B1GQ,0,Replace,2020-09-09T15:30:00.000+02:00,
RTD.A.S0.N.F_UMS_CGG_D0.F,A,S0,N,F_UMS_CGG_D0,F,2001,1.74408,A,F,,,P1Y,S,,,GFS.A.N.I10.W0.S13.S1._Z.B.B9P._Z._Z._Z.XDC_R_B1GQ._Z.S.V.N._T,,,,,,"See <a class=""external"" href=""http://sdw.ecb.europa.eu/web/generator/docu/rtdb_docu.pdf""> notes</a>; block Annual; series: G",,4,,,"Government primary deficit(-) or surplus(+), percent of GDP",Euro area (moving concept in the Real Time database context) - Primary deficit/surplus without UMTS proceeds - All sectors/ unspecified/ not applicable (ESA2010)-NCBs - General government (ESA2010)-NCBs - Non-financial flows current prices - Percentage,XDC_R_B1GQ,0,Replace,2020-09-09T15:30:00.000+02:00,
RTD.A.S0.N.F_UMS_CGG_D0.F,A,S0,N,F_UMS_CGG_D0,F,2002,0.78055,A,F,,,P1Y,S,,,GFS.A.N.I10.W0.S13.S1._Z.B.B9P._Z._Z._Z.XDC_R_B1GQ._Z.S.V.N._T,,,,,,"See <a class=""external"" href=""http://sdw.ecb.europa.eu/web/generator/docu/rtdb_docu.pdf""> notes</a>; block Annual; series: G",,4,,,"Government primary deficit(-) or surplus(+), percent of GDP",Euro area (moving concept in the Real Time database context) - Primary deficit/surplus without UMTS proceeds - All sectors/ unspecified/ not applicable (ESA2010)-NCBs - General government (ESA2010)-NCBs - Non-financial flows current prices - Percentage,XDC_R_B1GQ,0,Replace,2020-09-09T15:30:00.000+02:00,
RTD.A.S0.N.F_UMS_CGG_D0.F,A,S0,N,F_UMS_CGG_D0,F,2004,0.17751,A,F,,,P1Y,S,,,GFS.A.N.I10.W0.S13.S1._Z.B.B9P._Z._Z._Z.XDC_R_B1GQ._Z.S.V.N._T,,,,,,"See <a class=""external"" href=""http://sdw.ecb.europa.eu/web/generator/docu/rtdb_docu.pdf""> notes</a>; block Annual; series: G",,4,,,"Government primary deficit(-) or surplus(+), percent of GDP",Euro area (moving concept in the Real Time database context) - Primary deficit/surplus without UMTS proceeds - All sectors/ unspecified/ not applicable (ESA2010)-NCBs - General government (ESA2010)-NCBs - Non-financial flows current prices - Percentage,XDC_R_B1GQ,0,Replace,2020-09-09T15:30:00.000+02:00,
RTD.A.S0.N.F_UMS_CGG_D0.F,A,S0,N,F_UMS_CGG_D0,F,2005,0.34189,A,F,,,P1Y,S,,,GFS.A.N.I10.W0.S13.S1._Z.B.B9P._Z._Z._Z.XDC_R_B1GQ._Z.S.V.N._T,,,,,,"See <a class=""external"" href=""http://sdw.ecb.europa.eu/web/generator/docu/rtdb_docu.pdf""> notes</a>; block Annual; series: G",,4,,,"Government primary deficit(-) or surplus(+), percent of GDP",Euro area (moving concept in the Real Time database context) - Primary deficit/surplus without UMTS proceeds - All sectors/ unspecified/ not applicable (ESA2010)-NCBs - General government (ESA2010)-NCBs - Non-financial flows current prices - Percentage,XDC_R_B1GQ,0,Replace,2020-09-09T15:30:00.000+02:00,
RTD.A.S0.N.F_UMS_CGG_D0.F,A,S0,N,F_UMS_CGG_D0,F,2006,1.32169,A,F,,,P1Y,S,,,GFS.A.N.I10.W0.S13.S1._Z.B.B9P._Z._Z._Z.XDC_R_B1GQ._Z.S.V.N._T,,,,,,"See <a class=""external"" href=""http://sdw.ecb.europa.eu/web/generator/docu/rtdb_docu.pdf""> notes</a>; block Annual; series: G",,4,,,"Government primary deficit(-) or surplus(+), percent of GDP",Euro area (moving concept in the Real Time database context) - Primary deficit/surplus without UMTS proceeds - All sectors/ unspecified/ not applicable (ESA2010)-NCBs - General government (ESA2010)-NCBs - Non-financial flows current prices - Percentage,XDC_R_B1GQ,0,Replace,2020-09-09T15:30:00.000+02:00,
RTD.A.S0.N.F_UMS_CGG_D0.F,A,S0,N,F_UMS_CGG_D0,F,2007,2.2402,A,F,,,P1Y,S,,,GFS.A.N.I10.W0.S13.S1._Z.B.B9P._Z._Z._Z.XDC_R_B1GQ._Z.S.V.N._T,,,,,,"See <a class=""external"" href=""http://sdw.ecb.europa.eu/web/generator/docu/rtdb_docu.pdf""> notes</a>; block Annual; series: G",,4,,,"Government primary deficit(-) or surplus(+), percent of GDP",Euro area (moving concept in the Real Time database context) - Primary deficit/surplus without UMTS proceeds - All sectors/ unspecified/ not applicable (ESA2010)-NCBs - General government (ESA2010)-NCBs - Non-financial flows current prices - Percentage,XDC_R_B1GQ,0,Replace,2020-09-09T15:30:00.000+02:00,
RTD.A.S0.N.F_UMS_CGG_D0.F,A,S0,N,F_UMS_CGG_D0,F,2008,0.79574,A,F,,,P1Y,S,,,GFS.A.N.I10.W0.S13.S1._Z.B.B9P._Z._Z._Z.XDC_R_B1GQ._Z.S.V.N._T,,,,,,"See <a class=""external"" href=""http://sdw.ecb.europa.eu/web/generator/docu/rtdb_docu.pdf""> notes</a>; block Annual; series: G",,4,,,"Government primary deficit(-) or surplus(+), percent of GDP",Euro area (moving concept in the Real Time database context) - Primary deficit/surplus without UMTS proceeds - All sectors/ unspecified/ not applicable (ESA2010)-NCBs - General government (ESA2010)-NCBs - Non-financial flows current prices - Percentage,XDC_R_B1GQ,0,Replace,2020-09-09T15:30:00.000+02:00,
RTD.A.S0.N.F_UMS_CGG_D0.F,A,S0,N,F_UMS_CGG_D0,F,2009,-3.3966,A,F,,,P1Y,S,,,GFS.A.N.I10.W0.S13.S1._Z.B.B9P._Z._Z._Z.XDC_R_B1GQ._Z.S.V.N._T,,,,,,"See <a class=""external"" href=""http://sdw.ecb.europa.eu/web/generator/docu/rtdb_docu.pdf""> notes</a>; block Annual; series: G",,4,,,"Government primary deficit(-) or surplus(+), percent of GDP",Euro area (moving concept in the Real Time database context) - Primary deficit/surplus without UMTS proceeds - All sectors/ unspecified/ not applicable (ESA2010)-NCBs - General government (ESA2010)-NCBs - Non-financial flows current prices - Percentage,XDC_R_B1GQ,0,Replace,2020-09-09T15:30:00.000+02:00,
RTD.A.S0.N.F_UMS_CGG_D0.F,A,S0,N,F_UMS_CGG_D0,F,2010,-3.49238,A,F,,,P1Y,S,,,GFS.A.N.I10.W0.S13.S1._Z.B.B9P._Z._Z._Z.XDC_R_B1GQ._Z.S.V.N._T,,,,,,"See <a class=""external"" href=""http://sdw.ecb.europa.eu/web/generator/docu/rtdb_docu.pdf""> notes</a>; block Annual; series: G",,4,,,"Government primary deficit(-) or surplus(+), percent of GDP",Euro area (moving concept in the Real Time database context) - Primary deficit/surplus without UMTS proceeds - All sectors/ unspecified/ not applicable (ESA2010)-NCBs - General government (ESA2010)-NCBs - Non-financial flows current prices - Percentage,XDC_R_B1GQ,0,Replace,2020-09-09T15:30:00.000+02:00,
RTD.A.S0.N.F_UMS_CGG_D0.F,A,S0,N,F_UMS_CGG_D0,F,2011,-1.22122,A,F,,,P1Y,S,,,GFS.A.N.I10.W0.S13.S1._Z.B.B9P._Z._Z._Z.XDC_R_B1GQ._Z.S.V.N._T,,,,,,"See <a class=""external"" href=""http://sdw.ecb.europa.eu/web/generator/docu/rtdb_docu.pdf""> notes</a>; block Annual; series: G",,4,,,"Government primary deficit(-) or surplus(+), percent of GDP",Euro area (moving concept in the Real Time database context) - Primary deficit/surplus without UMTS proceeds - All sectors/ unspecified/ not applicable (ESA2010)-NCBs - General government (ESA2010)-NCBs - Non-financial flows current prices - Percentage,XDC_R_B1GQ,0,Replace,2020-09-09T15:30:00.000+02:00,
RTD.A.S0.N.F_UMS_CGG_D0.F,A,S0,N,F_UMS_CGG_D0,F,2012,-0.66806,A,F,,,P1Y,S,,,GFS.A.N.I10.W0.S13.S1._Z.B.B9P._Z._Z._Z.XDC_R_B1GQ._Z.S.V.N._T,,,,,,"See <a class=""external"" href=""http://sdw.ecb.europa.eu/web/generator/docu/rtdb_docu.pdf""> notes</a>; block Annual; series: G",,4,,,"Government primary deficit(-) or surplus(+), percent of GDP",Euro area (moving concept in the Real Time database context) - Primary deficit/surplus without UMTS proceeds - All sectors/ unspecified/ not applicable (ESA2010)-NCBs - General government (ESA2010)-NCBs - Non-financial flows current prices - Percentage,XDC_R_B1GQ,0,Replace,2020-09-09T15:30:00.000+02:00,
RTD.A.S0.N.F_UMS_CGG_D0.F,A,S0,N,F_UMS_CGG_D0,F,2013,-0.23807,A,F,,,P1Y,S,,,GFS.A.N.I10.W0.S13.S1._Z.B.B9P._Z._Z._Z.XDC_R_B1GQ._Z.S.V.N._T,,,,,,"See <a class=""external"" href=""http://sdw.ecb.europa.eu/web/generator/docu/rtdb_docu.pdf""> notes</a>; block Annual; series: G",,4,,,"Government primary deficit(-) or surplus(+), percent of GDP",Euro area (moving concept in the Real Time database context) - Primary deficit/surplus without UMTS proceeds - All sectors/ unspecified/ not applicable (ESA2010)-NCBs - General government (ESA2010)-NCBs - Non-financial flows current prices - Percentage,XDC_R_B1GQ,0,Replace,2020-09-09T15:30:00.000+02:00,
RTD.A.S0.N.F_UMS_CGG_D0.F,A,S0,N,F_UMS_CGG_D0,F,2014,0.14297,A,F,,,P1Y,S,,,GFS.A.N.I10.W0.S13.S1._Z.B.B9P._Z._Z._Z.XDC_R_B1GQ._Z.S.V.N._T,,,,,,"See <a class=""external"" href=""http://sdw.ecb.europa.eu/web/generator/docu/rtdb_docu.pdf""> notes</a>; block Annual; series: G",,4,,,"Government primary deficit(-) or surplus(+), percent of GDP",Euro area (moving concept in the Real Time database context) - Primary deficit/surplus without UMTS proceeds - All sectors/ unspecified/ not applicable (ESA2010)-NCBs - General government (ESA2010)-NCBs - Non-financial flows current prices - Percentage,XDC_R_B1GQ,0,Replace,2020-09-09T15:30:00.000+02:00,
RTD.A.S0.N.F_UMS_CGG_D0.F,A,S0,N,F_UMS_CGG_D0,F,2015,0.34544,A,F,,,P1Y,S,,,GFS.A.N.I10.W0.S13.S1._Z.B.B9P._Z._Z._Z.XDC_R_B1GQ._Z.S.V.N._T,,,,,,"See <a class=""external"" href=""http://sdw.ecb.europa.eu/web/generator/docu/rtdb_docu.pdf""> notes</a>; block Annual; series: G",,4,,,"Government primary deficit(-) or surplus(+), percent of GDP",Euro area (moving concept in the Real Time database context) - Primary deficit/surplus without UMTS proceeds - All sectors/ unspecified/ not applicable (ESA2010)-NCBs - General government (ESA2010)-NCBs - Non-financial flows current prices - Percentage,XDC_R_B1GQ,0,Replace,2020-09-09T15:30:00.000+02:00,
RTD.A.S0.N.F_UMS_CGG_D0.F,A,S0,N,F_UMS_CGG_D0,F,2016,0.66124,A,F,,,P1Y,S,,,GFS.A.N.I10.W0.S13.S1._Z.B.B9P._Z._Z._Z.XDC_R_B1GQ._Z.S.V.N._T,,,,,,"See <a class=""external"" href=""http://sdw.ecb.europa.eu/web/generator/docu/rtdb_docu.pdf""> notes</a>; block Annual; series: G",,4,,,"Government primary deficit(-) or surplus(+), percent of GDP",Euro area (moving concept in the Real Time database context) - Primary deficit/surplus without UMTS proceeds - All sectors/ unspecified/ not applicable (ESA2010)-NCBs - General government (ESA2010)-NCBs - Non-financial flows current prices - Percentage,XDC_R_B1GQ,0,Replace,2020-09-09T15:30:00.000+02:00,
RTD.A.S0.N.F_UMS_CGG_D0.F,A,S0,N,F_UMS_CGG_D0,F,2017,0.98458,A,F,,,P1Y,S,,,GFS.A.N.I10.W0.S13.S1._Z.B.B9P._Z._Z._Z.XDC_R_B1GQ._Z.S.V.N._T,,,,,,"See <a class=""external"" href=""http://sdw.ecb.europa.eu/web/generator/docu/rtdb_docu.pdf""> notes</a>; block Annual; series: G",,4,,,"Government primary deficit(-) or surplus(+), percent of GDP",Euro area (moving concept in the Real Time database context) - Primary deficit/surplus without UMTS proceeds - All sectors/ unspecified/ not applicable (ESA2010)-NCBs - General government (ESA2010)-NCBs - Non-financial flows current prices - Percentage,XDC_R_B1GQ,0,Replace,2020-09-09T15:30:00.000+02:00,
RTD.A.S0.N.F_UMS_CGG_D0.F,A,S0,N,F_UMS_CGG_D0,F,2018,1.38159,A,F,,,P1Y,S,,,GFS.A.N.I10.W0.S13.S1._Z.B.B9P._Z._Z._Z.XDC_R_B1GQ._Z.S.V.N._T,,,,,,"See <a class=""external"" href=""http://sdw.ecb.europa.eu/web/generator/docu/rtdb_docu.pdf""> notes</a>; block Annual; series: G",,4,,,"Government primary deficit(-) or surplus(+), percent of GDP",Euro area (moving concept in the Real Time database context) - Primary deficit/surplus without UMTS proceeds - All sectors/ unspecified/ not applicable (ESA2010)-NCBs - General government (ESA2010)-NCBs - Non-financial flows current prices - Percentage,XDC_R_B1GQ,0,Replace,2020-09-09T15:30:00.000+02:00,
RTD.A.S0.N.F_UMS_CGG_D0.F,A,S0,N,F_UMS_CGG_D0,F,2019,0.99115,A,F,,,P1Y,S,,,GFS.A.N.I10.W0.S13.S1._Z.B.B9P._Z._Z._Z.XDC_R_B1GQ._Z.S.V.N._T,,,,,,"See <a class=""external"" href=""http://sdw.ecb.europa.eu/web/generator/docu/rtdb_docu.pdf""> notes</a>; block Annual; series: G",,4,,,"Government primary deficit(-) or surplus(+), percent of GDP",Euro area (moving concept in the Real Time database context) - Primary deficit/surplus without UMTS proceeds - All sectors/ unspecified/ not applicable (ESA2010)-NCBs - General government (ESA2010)-NCBs - Non-financial flows current prices - Percentage,XDC_R_B1GQ,0,Replace,2020-09-09T15:30:00.000+02:00,
RTD.A.S0.N.F_UMS_CGG_D0.F,A,S0,N,F_UMS_CGG_D0,F,1995,-1.89137,A,F,,,P1Y,S,,,GFS.A.N.I10.W0.S13.S1._Z.B.B9P._Z._Z._Z.XDC_R_B1GQ._Z.S.V.N._T,,,,,,"See <a class=""external"" href=""http://sdw.ecb.europa.eu/web/generator/docu/rtdb_docu.pdf""> notes</a>; block Annual; series: G",,4,,,"Government primary deficit(-) or surplus(+), percent of GDP",Euro area (moving concept in the Real Time database context) - Primary deficit/surplus without UMTS proceeds - All sectors/ unspecified/ not applicable (ESA2010)-NCBs - General government (ESA2010)-NCBs - Non-financial flows current prices - Percentage,XDC_R_B1GQ,0,Replace,2020-10-28T15:30:00.000+01:00,
RTD.A.S0.N.F_UMS_CGG_D0.F,A,S0,N,F_UMS_CGG_D0,F,1996,1.00879,A,F,,,P1Y,S,,,GFS.A.N.I10.W0.S13.S1._Z.B.B9P._Z._Z._Z.XDC_R_B1GQ._Z.S.V.N._T,,,,,,"See <a class=""external"" href=""http://sdw.ecb.europa.eu/web/generator/docu/rtdb_docu.pdf""> notes</a>; block Annual; series: G",,4,,,"Government primary deficit(-) or surplus(+), percent of GDP",Euro area (moving concept in the Real Time database context) - Primary deficit/surplus without UMTS proceeds - All sectors/ unspecified/ not applicable (ESA2010)-NCBs - General government (ESA2010)-NCBs - Non-financial flows current prices - Percentage,XDC_R_B1GQ,0,Replace,2020-10-28T15:30:00.000+01:00,
RTD.A.S0.N.F_UMS_CGG_D0.F,A,S0,N,F_UMS_CGG_D0,F,1997,1.81246,A,F,,,P1Y,S,,,GFS.A.N.I10.W0.S13.S1._Z.B.B9P._Z._Z._Z.XDC_R_B1GQ._Z.S.V.N._T,,,,,,"See <a class=""external"" href=""http://sdw.ecb.europa.eu/web/generator/docu/rtdb_docu.pdf""> notes</a>; block Annual; series: G",,4,,,"Government primary deficit(-) or surplus(+), percent of GDP",Euro area (moving concept in the Real Time database context) - Primary deficit/surplus without UMTS proceeds - All sectors/ unspecified/ not applicable (ESA2010)-NCBs - General government (ESA2010)-NCBs - Non-financial flows current prices - Percentage,XDC_R_B1GQ,0,Replace,2020-10-28T15:30:00.000+01:00,
RTD.A.S0.N.F_UMS_CGG_D0.F,A,S0,N,F_UMS_CGG_D0,F,1998,2.04254,A,F,,,P1Y,S,,,GFS.A.N.I10.W0.S13.S1._Z.B.B9P._Z._Z._Z.XDC_R_B1GQ._Z.S.V.N._T,,,,,,"See <a class=""external"" href=""http://sdw.ecb.europa.eu/web/generator/docu/rtdb_docu.pdf""> notes</a>; block Annual; series: G",,4,,,"Government primary deficit(-) or surplus(+), percent of GDP",Euro area (moving concept in the Real Time database context) - Primary deficit/surplus without UMTS proceeds - All sectors/ unspecified/ not applicable (ESA2010)-NCBs - General government (ESA2010)-NCBs - Non-financial flows current prices - Percentage,XDC_R_B1GQ,0,Replace,2020-10-28T15:30:00.000+01:00,
RTD.A.S0.N.F_UMS_CGG_D0.F,A,S0,N,F_UMS_CGG_D0,F,1999,2.42823,A,F,,,P1Y,S,,,GFS.A.N.I10.W0.S13.S1._Z.B.B9P._Z._Z._Z.XDC_R_B1GQ._Z.S.V.N._T,,,,,,"See <a class=""external"" href=""http://sdw.ecb.europa.eu/web/generator/docu/rtdb_docu.pdf""> notes</a>; block Annual; series: G",,4,,,"Government primary deficit(-) or surplus(+), percent of GDP",Euro area (moving concept in the Real Time database context) - Primary deficit/surplus without UMTS proceeds - All sectors/ unspecified/ not applicable (ESA2010)-NCBs - General government (ESA2010)-NCBs - Non-financial flows current prices - Percentage,XDC_R_B1GQ,0,Replace,2020-10-28T15:30:00.000+01:00,
RTD.A.S0.N.F_UMS_CGG_D0.F,A,S0,N,F_UMS_CGG_D0,F,2000,2.53235,A,F,,,P1Y,S,,,GFS.A.N.I10.W0.S13.S1._Z.B.B9P._Z._Z._Z.XDC_R_B1GQ._Z.S.V.N._T,,,,,,"See <a class=""external"" href=""http://sdw.ecb.europa.eu/web/generator/docu/rtdb_docu.pdf""> notes</a>; block Annual; series: G",,4,,,"Government primary deficit(-) or surplus(+), percent of GDP",Euro area (moving concept in the Real Time database context) - Primary deficit/surplus without UMTS proceeds - All sectors/ unspecified/ not applicable (ESA2010)-NCBs - General government (ESA2010)-NCBs - Non-financial flows current prices - Percentage,XDC_R_B1GQ,0,Replace,2020-10-28T15:30:00.000+01:00,
RTD.A.S0.N.F_UMS_CGG_D0.F,A,S0,N,F_UMS_CGG_D0,F,2001,1.74356,A,F,,,P1Y,S,,,GFS.A.N.I10.W0.S13.S1._Z.B.B9P._Z._Z._Z.XDC_R_B1GQ._Z.S.V.N._T,,,,,,"See <a class=""external"" href=""http://sdw.ecb.europa.eu/web/generator/docu/rtdb_docu.pdf""> notes</a>; block Annual; series: G",,4,,,"Government primary deficit(-) or surplus(+), percent of GDP",Euro area (moving concept in the Real Time database context) - Primary deficit/surplus without UMTS proceeds - All sectors/ unspecified/ not applicable (ESA2010)-NCBs - General government (ESA2010)-NCBs - Non-financial flows current prices - Percentage,XDC_R_B1GQ,0,Replace,2020-10-28T15:30:00.000+01:00,
RTD.A.S0.N.F_UMS_CGG_D0.F,A,S0,N,F_UMS_CGG_D0,F,2002,0.78025,A,F,,,P1Y,S,,,GFS.A.N.I10.W0.S13.S1._Z.B.B9P._Z._Z._Z.XDC_R_B1GQ._Z.S.V.N._T,,,,,,"See <a class=""external"" href=""http://sdw.ecb.europa.eu/web/generator/docu/rtdb_docu.pdf""> notes</a>; block Annual; series: G",,4,,,"Government primary deficit(-) or surplus(+), percent of GDP",Euro area (moving concept in the Real Time database context) - Primary deficit/surplus without UMTS proceeds - All sectors/ unspecified/ not applicable (ESA2010)-NCBs - General government (ESA2010)-NCBs - Non-financial flows current prices - Percentage,XDC_R_B1GQ,0,Replace,2020-10-28T15:30:00.000+01:00,
RTD.A.S0.N.F_UMS_CGG_D0.F,A,S0,N,F_UMS_CGG_D0,F,2003,0.13682,A,F,,,P1Y,S,,,GFS.A.N.I10.W0.S13.S1._Z.B.B9P._Z._Z._Z.XDC_R_B1GQ._Z.S.V.N._T,,,,,,"See <a class=""external"" href=""http://sdw.ecb.europa.eu/web/generator/docu/rtdb_docu.pdf""> notes</a>; block Annual; series: G",,4,,,"Government primary deficit(-) or surplus(+), percent of GDP",Euro area (moving concept in the Real Time database context) - Primary deficit/surplus without UMTS proceeds - All sectors/ unspecified/ not applicable (ESA2010)-NCBs - General government (ESA2010)-NCBs - Non-financial flows current prices - Percentage,XDC_R_B1GQ,0,Replace,2020-10-28T15:30:00.000+01:00,
RTD.A.S0.N.F_UMS_CGG_D0.F,A,S0,N,F_UMS_CGG_D0,F,2004,0.17738,A,F,,,P1Y,S,,,GFS.A.N.I10.W0.S13.S1._Z.B.B9P._Z._Z._Z.XDC_R_B1GQ._Z.S.V.N._T,,,,,,"See <a class=""external"" href=""http://sdw.ecb.europa.eu/web/generator/docu/rtdb_docu.pdf""> notes</a>; block Annual; series: G",,4,,,"Government primary deficit(-) or surplus(+), percent of GDP",Euro area (moving concept in the Real Time database context) - Primary deficit/surplus without UMTS proceeds - All sectors/ unspecified/ not applicable (ESA2010)-NCBs - General government (ESA2010)-NCBs - Non-financial flows current prices - Percentage,XDC_R_B1GQ,0,Replace,2020-10-28T15:30:00.000+01:00,
RTD.A.S0.N.F_UMS_CGG_D0.F,A,S0,N,F_UMS_CGG_D0,F,2005,0.3417,A,F,,,P1Y,S,,,GFS.A.N.I10.W0.S13.S1._Z.B.B9P._Z._Z._Z.XDC_R_B1GQ._Z.S.V.N._T,,,,,,"See <a class=""external"" href=""http://sdw.ecb.europa.eu/web/generator/docu/rtdb_docu.pdf""> notes</a>; block Annual; series: G",,4,,,"Government primary deficit(-) or surplus(+), percent of GDP",Euro area (moving concept in the Real Time database context) - Primary deficit/surplus without UMTS proceeds - All sectors/ unspecified/ not applicable (ESA2010)-NCBs - General government (ESA2010)-NCBs - Non-financial flows current prices - Percentage,XDC_R_B1GQ,0,Replace,2020-10-28T15:30:00.000+01:00,
RTD.A.S0.N.F_UMS_CGG_D0.F,A,S0,N,F_UMS_CGG_D0,F,2006,1.32168,A,F,,,P1Y,S,,,GFS.A.N.I10.W0.S13.S1._Z.B.B9P._Z._Z._Z.XDC_R_B1GQ._Z.S.V.N._T,,,,,,"See <a class=""external"" href=""http://sdw.ecb.europa.eu/web/generator/docu/rtdb_docu.pdf""> notes</a>; block Annual; series: G",,4,,,"Government primary deficit(-) or surplus(+), percent of GDP",Euro area (moving concept in the Real Time database context) - Primary deficit/surplus without UMTS proceeds - All sectors/ unspecified/ not applicable (ESA2010)-NCBs - General government (ESA2010)-NCBs - Non-financial flows current prices - Percentage,XDC_R_B1GQ,0,Replace,2020-10-28T15:30:00.000+01:00,
RTD.A.S0.N.F_UMS_CGG_D0.F,A,S0,N,F_UMS_CGG_D0,F,2007,2.24023,A,F,,,P1Y,S,,,GFS.A.N.I10.W0.S13.S1._Z.B.B9P._Z._Z._Z.XDC_R_B1GQ._Z.S.V.N._T,,,,,,"See <a class=""external"" href=""http://sdw.ecb.europa.eu/web/generator/docu/rtdb_docu.pdf""> notes</a>; block Annual; series: G",,4,,,"Government primary deficit(-) or surplus(+), percent of GDP",Euro area (moving concept in the Real Time database context) - Primary deficit/surplus without UMTS proceeds - All sectors/ unspecified/ not applicable (ESA2010)-NCBs - General government (ESA2010)-NCBs - Non-financial flows current prices - Percentage,XDC_R_B1GQ,0,Replace,2020-10-28T15:30:00.000+01:00,
RTD.A.S0.N.F_UMS_CGG_D0.F,A,S0,N,F_UMS_CGG_D0,F,2008,0.79587,A,F,,,P1Y,S,,,GFS.A.N.I10.W0.S13.S1._Z.B.B9P._Z._Z._Z.XDC_R_B1GQ._Z.S.V.N._T,,,,,,"See <a class=""external"" href=""http://sdw.ecb.europa.eu/web/generator/docu/rtdb_docu.pdf""> notes</a>; block Annual; series: G",,4,,,"Government primary deficit(-) or surplus(+), percent of GDP",Euro area (moving concept in the Real Time database context) - Primary deficit/surplus without UMTS proceeds - All sectors/ unspecified/ not applicable (ESA2010)-NCBs - General government (ESA2010)-NCBs - Non-financial flows current prices - Percentage,XDC_R_B1GQ,0,Replace,2020-10-28T15:30:00.000+01:00,
RTD.A.S0.N.F_UMS_CGG_D0.F,A,S0,N,F_UMS_CGG_D0,F,2009,-3.39663,A,F,,,P1Y,S,,,GFS.A.N.I10.W0.S13.S1._Z.B.B9P._Z._Z._Z.XDC_R_B1GQ._Z.S.V.N._T,,,,,,"See <a class=""external"" href=""http://sdw.ecb.europa.eu/web/generator/docu/rtdb_docu.pdf""> notes</a>; block Annual; series: G",,4,,,"Government primary deficit(-) or surplus(+), percent of GDP",Euro area (moving concept in the Real Time database context) - Primary deficit/surplus without UMTS proceeds - All sectors/ unspecified/ not applicable (ESA2010)-NCBs - General government (ESA2010)-NCBs - Non-financial flows current prices - Percentage,XDC_R_B1GQ,0,Replace,2020-10-28T15:30:00.000+01:00,
RTD.A.S0.N.F_UMS_CGG_D0.F,A,S0,N,F_UMS_CGG_D0,F,2010,-3.49295,A,F,,,P1Y,S,,,GFS.A.N.I10.W0.S13.S1._Z.B.B9P._Z._Z._Z.XDC_R_B1GQ._Z.S.V.N._T,,,,,,"See <a class=""external"" href=""http://sdw.ecb.europa.eu/web/generator/docu/rtdb_docu.pdf""> notes</a>; block Annual; series: G",,4,,,"Government primary deficit(-) or surplus(+), percent of GDP",Euro area (moving concept in the Real Time database context) - Primary deficit/surplus without UMTS proceeds - All sectors/ unspecified/ not applicable (ESA2010)-NCBs - General government (ESA2010)-NCBs - Non-financial flows current prices - Percentage,XDC_R_B1GQ,0,Replace,2020-10-28T15:30:00.000+01:00,
RTD.A.S0.N.F_UMS_CGG_D0.F,A,S0,N,F_UMS_CGG_D0,F,2011,-1.21988,A,F,,,P1Y,S,,,GFS.A.N.I10.W0.S13.S1._Z.B.B9P._Z._Z._Z.XDC_R_B1GQ._Z.S.V.N._T,,,,,,"See <a class=""external"" href=""http://sdw.ecb.europa.eu/web/generator/docu/rtdb_docu.pdf""> notes</a>; block Annual; series: G",,4,,,"Government primary deficit(-) or surplus(+), percent of GDP",Euro area (moving concept in the Real Time database context) - Primary deficit/surplus without UMTS proceeds - All sectors/ unspecified/ not applicable (ESA2010)-NCBs - General government (ESA2010)-NCBs - Non-financial flows current prices - Percentage,XDC_R_B1GQ,0,Replace,2020-10-28T15:30:00.000+01:00,
RTD.A.S0.N.F_UMS_CGG_D0.F,A,S0,N,F_UMS_CGG_D0,F,2012,-0.66813,A,F,,,P1Y,S,,,GFS.A.N.I10.W0.S13.S1._Z.B.B9P._Z._Z._Z.XDC_R_B1GQ._Z.S.V.N._T,,,,,,"See <a class=""external"" href=""http://sdw.ecb.europa.eu/web/generator/docu/rtdb_docu.pdf""> notes</a>; block Annual; series: G",,4,,,"Government primary deficit(-) or surplus(+), percent of GDP",Euro area (moving concept in the Real Time database context) - Primary deficit/surplus without UMTS proceeds - All sectors/ unspecified/ not applicable (ESA2010)-NCBs - General government (ESA2010)-NCBs - Non-financial flows current prices - Percentage,XDC_R_B1GQ,0,Replace,2020-10-28T15:30:00.000+01:00,
RTD.A.S0.N.F_UMS_CGG_D0.F,A,S0,N,F_UMS_CGG_D0,F,2013,-0.23812,A,F,,,P1Y,S,,,GFS.A.N.I10.W0.S13.S1._Z.B.B9P._Z._Z._Z.XDC_R_B1GQ._Z.S.V.N._T,,,,,,"See <a class=""external"" href=""http://sdw.ecb.europa.eu/web/generator/docu/rtdb_docu.pdf""> notes</a>; block Annual; series: G",,4,,,"Government primary deficit(-) or surplus(+), percent of GDP",Euro area (moving concept in the Real Time database context) - Primary deficit/surplus without UMTS proceeds - All sectors/ unspecified/ not applicable (ESA2010)-NCBs - General government (ESA2010)-NCBs - Non-financial flows current prices - Percentage,XDC_R_B1GQ,0,Replace,2020-10-28T15:30:00.000+01:00,
RTD.A.S0.N.F_UMS_CGG_D0.F,A,S0,N,F_UMS_CGG_D0,F,2014,0.1426,A,F,,,P1Y,S,,,GFS.A.N.I10.W0.S13.S1._Z.B.B9P._Z._Z._Z.XDC_R_B1GQ._Z.S.V.N._T,,,,,,"See <a class=""external"" href=""http://sdw.ecb.europa.eu/web/generator/docu/rtdb_docu.pdf""> notes</a>; block Annual; series: G",,4,,,"Government primary deficit(-) or surplus(+), percent of GDP",Euro area (moving concept in the Real Time database context) - Primary deficit/surplus without UMTS proceeds - All sectors/ unspecified/ not applicable (ESA2010)-NCBs - General government (ESA2010)-NCBs - Non-financial flows current prices - Percentage,XDC_R_B1GQ,0,Replace,2020-10-28T15:30:00.000+01:00,
RTD.A.S0.N.F_UMS_CGG_D0.F,A,S0,N,F_UMS_CGG_D0,F,2015,0.34512,A,F,,,P1Y,S,,,GFS.A.N.I10.W0.S13.S1._Z.B.B9P._Z._Z._Z.XDC_R_B1GQ._Z.S.V.N._T,,,,,,"See <a class=""external"" href=""http://sdw.ecb.europa.eu/web/generator/docu/rtdb_docu.pdf""> notes</a>; block Annual; series: G",,4,,,"Government primary deficit(-) or surplus(+), percent of GDP",Euro area (moving concept in the Real Time database context) - Primary deficit/surplus without UMTS proceeds - All sectors/ unspecified/ not applicable (ESA2010)-NCBs - General government (ESA2010)-NCBs - Non-financial flows current prices - Percentage,XDC_R_B1GQ,0,Replace,2020-10-28T15:30:00.000+01:00,
RTD.A.S0.N.F_UMS_CGG_D0.F,A,S0,N,F_UMS_CGG_D0,F,2016,0.6462,A,F,,,P1Y,S,,,GFS.A.N.I10.W0.S13.S1._Z.B.B9P._Z._Z._Z.XDC_R_B1GQ._Z.S.V.N._T,,,,,,"See <a class=""external"" href=""http://sdw.ecb.europa.eu/web/generator/docu/rtdb_docu.pdf""> notes</a>; block Annual; series: G",,4,,,"Government primary deficit(-) or surplus(+), percent of GDP",Euro area (moving concept in the Real Time database context) - Primary deficit/surplus without UMTS proceeds - All sectors/ unspecified/ not applicable (ESA2010)-NCBs - General government (ESA2010)-NCBs - Non-financial flows current prices - Percentage,XDC_R_B1GQ,0,Replace,2020-10-28T15:30:00.000+01:00,
RTD.A.S0.N.F_UMS_CGG_D0.F,A,S0,N,F_UMS_CGG_D0,F,2017,1.01271,A,F,,,P1Y,S,,,GFS.A.N.I10.W0.S13.S1._Z.B.B9P._Z._Z._Z.XDC_R_B1GQ._Z.S.V.N._T,,,,,,"See <a class=""external"" href=""http://sdw.ecb.europa.eu/web/generator/docu/rtdb_docu.pdf""> notes</a>; block Annual; series: G",,4,,,"Government primary deficit(-) or surplus(+), percent of GDP",Euro area (moving concept in the Real Time database context) - Primary deficit/surplus without UMTS proceeds - All sectors/ unspecified/ not applicable (ESA2010)-NCBs - General government (ESA2010)-NCBs - Non-financial flows current prices - Percentage,XDC_R_B1GQ,0,Replace,2020-10-28T15:30:00.000+01:00,
RTD.A.S0.N.F_UMS_CGG_D0.F,A,S0,N,F_UMS_CGG_D0,F,2018,1.36923,A,F,,,P1Y,S,,,GFS.A.N.I10.W0.S13.S1._Z.B.B9P._Z._Z._Z.XDC_R_B1GQ._Z.S.V.N._T,,,,,,"See <a class=""external"" href=""http://sdw.ecb.europa.eu/web/generator/docu/rtdb_docu.pdf""> notes</a>; block Annual; series: G",,4,,,"Government primary deficit(-) or surplus(+), percent of GDP",Euro area (moving concept in the Real Time database context) - Primary deficit/surplus without UMTS proceeds - All sectors/ unspecified/ not applicable (ESA2010)-NCBs - General government (ESA2010)-NCBs - Non-financial flows current prices - Percentage,XDC_R_B1GQ,0,Replace,2020-10-28T15:30:00.000+01:00,
RTD.A.S0.N.F_UMS_CGG_D0.F,A,S0,N,F_UMS_CGG_D0,F,2019,1.00819,A,F,,,P1Y,S,,,GFS.A.N.I10.W0.S13.S1._Z.B.B9P._Z._Z._Z.XDC_R_B1GQ._Z.S.V.N._T,,,,,,"See <a class=""external"" href=""http://sdw.ecb.europa.eu/web/generator/docu/rtdb_docu.pdf""> notes</a>; block Annual; series: G",,4,,,"Government primary deficit(-) or surplus(+), percent of GDP",Euro area (moving concept in the Real Time database context) - Primary deficit/surplus without UMTS proceeds - All sectors/ unspecified/ not applicable (ESA2010)-NCBs - General government (ESA2010)-NCBs - Non-financial flows current prices - Percentage,XDC_R_B1GQ,0,Replace,2020-10-28T15:30:00.000+01:00,
RTD.A.S0.N.F_UMS_CGG_D0.F,A,S0,N,F_UMS_CGG_D0,F,1995,-1.89087,A,F,,,P1Y,S,,,GFS.A.N.I10.W0.S13.S1._Z.B.B9P._Z._Z._Z.XDC_R_B1GQ._Z.S.V.N._T,,,,,,"See <a class=""external"" href=""http://sdw.ecb.europa.eu/web/generator/docu/rtdb_docu.pdf""> notes</a>; block Annual; series: G",,4,,,"Government primary deficit(-) or surplus(+), percent of GDP",Euro area (moving concept in the Real Time database context) - Primary deficit/surplus without UMTS proceeds - All sectors/ unspecified/ not applicable (ESA2010)-NCBs - General government (ESA2010)-NCBs - Non-financial flows current prices - Percentage,XDC_R_B1GQ,0,Replace,2021-06-09T15:30:00.000+02:00,
RTD.A.S0.N.F_UMS_CGG_D0.F,A,S0,N,F_UMS_CGG_D0,F,1996,1.00989,A,F,,,P1Y,S,,,GFS.A.N.I10.W0.S13.S1._Z.B.B9P._Z._Z._Z.XDC_R_B1GQ._Z.S.V.N._T,,,,,,"See <a class=""external"" href=""http://sdw.ecb.europa.eu/web/generator/docu/rtdb_docu.pdf""> notes</a>; block Annual; series: G",,4,,,"Government primary deficit(-) or surplus(+), percent of GDP",Euro area (moving concept in the Real Time database context) - Primary deficit/surplus without UMTS proceeds - All sectors/ unspecified/ not applicable (ESA2010)-NCBs - General government (ESA2010)-NCBs - Non-financial flows current prices - Percentage,XDC_R_B1GQ,0,Replace,2021-06-09T15:30:00.000+02:00,
RTD.A.S0.N.F_UMS_CGG_D0.F,A,S0,N,F_UMS_CGG_D0,F,1997,1.81399,A,F,,,P1Y,S,,,GFS.A.N.I10.W0.S13.S1._Z.B.B9P._Z._Z._Z.XDC_R_B1GQ._Z.S.V.N._T,,,,,,"See <a class=""external"" href=""http://sdw.ecb.europa.eu/web/generator/docu/rtdb_docu.pdf""> notes</a>; block Annual; series: G",,4,,,"Government primary deficit(-) or surplus(+), percent of GDP",Euro area (moving concept in the Real Time database context) - Primary deficit/surplus without UMTS proceeds - All sectors/ unspecified/ not applicable (ESA2010)-NCBs - General government (ESA2010)-NCBs - Non-financial flows current prices - Percentage,XDC_R_B1GQ,0,Replace,2021-06-09T15:30:00.000+02:00,
RTD.A.S0.N.F_UMS_CGG_D0.F,A,S0,N,F_UMS_CGG_D0,F,1998,2.04329,A,F,,,P1Y,S,,,GFS.A.N.I10.W0.S13.S1._Z.B.B9P._Z._Z._Z.XDC_R_B1GQ._Z.S.V.N._T,,,,,,"See <a class=""external"" href=""http://sdw.ecb.europa.eu/web/generator/docu/rtdb_docu.pdf""> notes</a>; block Annual; series: G",,4,,,"Government primary deficit(-) or surplus(+), percent of GDP",Euro area (moving concept in the Real Time database context) - Primary deficit/surplus without UMTS proceeds - All sectors/ unspecified/ not applicable (ESA2010)-NCBs - General government (ESA2010)-NCBs - Non-financial flows current prices - Percentage,XDC_R_B1GQ,0,Replace,2021-06-09T15:30:00.000+02:00,
RTD.A.S0.N.F_UMS_CGG_D0.F,A,S0,N,F_UMS_CGG_D0,F,1999,2.42959,A,F,,,P1Y,S,,,GFS.A.N.I10.W0.S13.S1._Z.B.B9P._Z._Z._Z.XDC_R_B1GQ._Z.S.V.N._T,,,,,,"See <a class=""external"" href=""http://sdw.ecb.europa.eu/web/generator/docu/rtdb_docu.pdf""> notes</a>; block Annual; series: G",,4,,,"Government primary deficit(-) or surplus(+), percent of GDP",Euro area (moving concept in the Real Time database context) - Primary deficit/surplus without UMTS proceeds - All sectors/ unspecified/ not applicable (ESA2010)-NCBs - General government (ESA2010)-NCBs - Non-financial flows current prices - Percentage,XDC_R_B1GQ,0,Replace,2021-06-09T15:30:00.000+02:00,
RTD.A.S0.N.F_UMS_CGG_D0.F,A,S0,N,F_UMS_CGG_D0,F,2000,2.53623,A,F,,,P1Y,S,,,GFS.A.N.I10.W0.S13.S1._Z.B.B9P._Z._Z._Z.XDC_R_B1GQ._Z.S.V.N._T,,,,,,"See <a class=""external"" href=""http://sdw.ecb.europa.eu/web/generator/docu/rtdb_docu.pdf""> notes</a>; block Annual; series: G",,4,,,"Government primary deficit(-) or surplus(+), percent of GDP",Euro area (moving concept in the Real Time database context) - Primary deficit/surplus without UMTS proceeds - All sectors/ unspecified/ not applicable (ESA2010)-NCBs - General government (ESA2010)-NCBs - Non-financial flows current prices - Percentage,XDC_R_B1GQ,0,Replace,2021-06-09T15:30:00.000+02:00,
RTD.A.S0.N.F_UMS_CGG_D0.F,A,S0,N,F_UMS_CGG_D0,F,2001,1.74813,A,F,,,P1Y,S,,,GFS.A.N.I10.W0.S13.S1._Z.B.B9P._Z._Z._Z.XDC_R_B1GQ._Z.S.V.N._T,,,,,,"See <a class=""external"" href=""http://sdw.ecb.europa.eu/web/generator/docu/rtdb_docu.pdf""> notes</a>; block Annual; series: G",,4,,,"Government primary deficit(-) or surplus(+), percent of GDP",Euro area (moving concept in the Real Time database context) - Primary deficit/surplus without UMTS proceeds - All sectors/ unspecified/ not applicable (ESA2010)-NCBs - General government (ESA2010)-NCBs - Non-financial flows current prices - Percentage,XDC_R_B1GQ,0,Replace,2021-06-09T15:30:00.000+02:00,
RTD.A.S0.N.F_UMS_CGG_D0.F,A,S0,N,F_UMS_CGG_D0,F,2002,0.78879,A,F,,,P1Y,S,,,GFS.A.N.I10.W0.S13.S1._Z.B.B9P._Z._Z._Z.XDC_R_B1GQ._Z.S.V.N._T,,,,,,"See <a class=""external"" href=""http://sdw.ecb.europa.eu/web/generator/docu/rtdb_docu.pdf""> notes</a>; block Annual; series: G",,4,,,"Government primary deficit(-) or surplus(+), percent of GDP",Euro area (moving concept in the Real Time database context) - Primary deficit/surplus without UMTS proceeds - All sectors/ unspecified/ not applicable (ESA2010)-NCBs - General government (ESA2010)-NCBs - Non-financial flows current prices - Percentage,XDC_R_B1GQ,0,Replace,2021-06-09T15:30:00.000+02:00,
RTD.A.S0.N.F_UMS_CGG_D0.F,A,S0,N,F_UMS_CGG_D0,F,2003,0.14176,A,F,,,P1Y,S,,,GFS.A.N.I10.W0.S13.S1._Z.B.B9P._Z._Z._Z.XDC_R_B1GQ._Z.S.V.N._T,,,,,,"See <a class=""external"" href=""http://sdw.ecb.europa.eu/web/generator/docu/rtdb_docu.pdf""> notes</a>; block Annual; series: G",,4,,,"Government primary deficit(-) or surplus(+), percent of GDP",Euro area (moving concept in the Real Time database context) - Primary deficit/surplus without UMTS proceeds - All sectors/ unspecified/ not applicable (ESA2010)-NCBs - General government (ESA2010)-NCBs - Non-financial flows current prices - Percentage,XDC_R_B1GQ,0,Replace,2021-06-09T15:30:00.000+02:00,
RTD.A.S0.N.F_UMS_CGG_D0.F,A,S0,N,F_UMS_CGG_D0,F,2004,0.18152,A,F,,,P1Y,S,,,GFS.A.N.I10.W0.S13.S1._Z.B.B9P._Z._Z._Z.XDC_R_B1GQ._Z.S.V.N._T,,,,,,"See <a class=""external"" href=""http://sdw.ecb.europa.eu/web/generator/docu/rtdb_docu.pdf""> notes</a>; block Annual; series: G",,4,,,"Government primary deficit(-) or surplus(+), percent of GDP",Euro area (moving concept in the Real Time database context) - Primary deficit/surplus without UMTS proceeds - All sectors/ unspecified/ not applicable (ESA2010)-NCBs - General government (ESA2010)-NCBs - Non-financial flows current prices - Percentage,XDC_R_B1GQ,0,Replace,2021-06-09T15:30:00.000+02:00,
RTD.A.S0.N.F_UMS_CGG_D0.F,A,S0,N,F_UMS_CGG_D0,F,2005,0.33838,A,F,,,P1Y,S,,,GFS.A.N.I10.W0.S13.S1._Z.B.B9P._Z._Z._Z.XDC_R_B1GQ._Z.S.V.N._T,,,,,,"See <a class=""external"" href=""http://sdw.ecb.europa.eu/web/generator/docu/rtdb_docu.pdf""> notes</a>; block Annual; series: G",,4,,,"Government primary deficit(-) or surplus(+), percent of GDP",Euro area (moving concept in the Real Time database context) - Primary deficit/surplus without UMTS proceeds - All sectors/ unspecified/ not applicable (ESA2010)-NCBs - General government (ESA2010)-NCBs - Non-financial flows current prices - Percentage,XDC_R_B1GQ,0,Replace,2021-06-09T15:30:00.000+02:00,
RTD.A.S0.N.F_UMS_CGG_D0.F,A,S0,N,F_UMS_CGG_D0,F,2006,1.31393,A,F,,,P1Y,S,,,GFS.A.N.I10.W0.S13.S1._Z.B.B9P._Z._Z._Z.XDC_R_B1GQ._Z.S.V.N._T,,,,,,"See <a class=""external"" href=""http://sdw.ecb.europa.eu/web/generator/docu/rtdb_docu.pdf""> notes</a>; block Annual; series: G",,4,,,"Government primary deficit(-) or surplus(+), percent of GDP",Euro area (moving concept in the Real Time database context) - Primary deficit/surplus without UMTS proceeds - All sectors/ unspecified/ not applicable (ESA2010)-NCBs - General government (ESA2010)-NCBs - Non-financial flows current prices - Percentage,XDC_R_B1GQ,0,Replace,2021-06-09T15:30:00.000+02:00,
RTD.A.S0.N.F_UMS_CGG_D0.F,A,S0,N,F_UMS_CGG_D0,F,2007,2.2321,A,F,,,P1Y,S,,,GFS.A.N.I10.W0.S13.S1._Z.B.B9P._Z._Z._Z.XDC_R_B1GQ._Z.S.V.N._T,,,,,,"See <a class=""external"" href=""http://sdw.ecb.europa.eu/web/generator/docu/rtdb_docu.pdf""> notes</a>; block Annual; series: G",,4,,,"Government primary deficit(-) or surplus(+), percent of GDP",Euro area (moving concept in the Real Time database context) - Primary deficit/surplus without UMTS proceeds - All sectors/ unspecified/ not applicable (ESA2010)-NCBs - General government (ESA2010)-NCBs - Non-financial flows current prices - Percentage,XDC_R_B1GQ,0,Replace,2021-06-09T15:30:00.000+02:00,
RTD.A.S0.N.F_UMS_CGG_D0.F,A,S0,N,F_UMS_CGG_D0,F,2008,0.78857,A,F,,,P1Y,S,,,GFS.A.N.I10.W0.S13.S1._Z.B.B9P._Z._Z._Z.XDC_R_B1GQ._Z.S.V.N._T,,,,,,"See <a class=""external"" href=""http://sdw.ecb.europa.eu/web/generator/docu/rtdb_docu.pdf""> notes</a>; block Annual; series: G",,4,,,"Government primary deficit(-) or surplus(+), percent of GDP",Euro area (moving concept in the Real Time database context) - Primary deficit/surplus without UMTS proceeds - All sectors/ unspecified/ not applicable (ESA2010)-NCBs - General government (ESA2010)-NCBs - Non-financial flows current prices - Percentage,XDC_R_B1GQ,0,Replace,2021-06-09T15:30:00.000+02:00,
RTD.A.S0.N.F_UMS_CGG_D0.F,A,S0,N,F_UMS_CGG_D0,F,2009,-3.40261,A,F,,,P1Y,S,,,GFS.A.N.I10.W0.S13.S1._Z.B.B9P._Z._Z._Z.XDC_R_B1GQ._Z.S.V.N._T,,,,,,"See <a class=""external"" href=""http://sdw.ecb.europa.eu/web/generator/docu/rtdb_docu.pdf""> notes</a>; block Annual; series: G",,4,,,"Government primary deficit(-) or surplus(+), percent of GDP",Euro area (moving concept in the Real Time database context) - Primary deficit/surplus without UMTS proceeds - All sectors/ unspecified/ not applicable (ESA2010)-NCBs - General government (ESA2010)-NCBs - Non-financial flows current prices - Percentage,XDC_R_B1GQ,0,Replace,2021-06-09T15:30:00.000+02:00,
RTD.A.S0.N.F_UMS_CGG_D0.F,A,S0,N,F_UMS_CGG_D0,F,2010,-3.4982,A,F,,,P1Y,S,,,GFS.A.N.I10.W0.S13.S1._Z.B.B9P._Z._Z._Z.XDC_R_B1GQ._Z.S.V.N._T,,,,,,"See <a class=""external"" href=""http://sdw.ecb.europa.eu/web/generator/docu/rtdb_docu.pdf""> notes</a>; block Annual; series: G",,4,,,"Government primary deficit(-) or surplus(+), percent of GDP",Euro area (moving concept in the Real Time database context) - Primary deficit/surplus without UMTS proceeds - All sectors/ unspecified/ not applicable (ESA2010)-NCBs - General government (ESA2010)-NCBs - Non-financial flows current prices - Percentage,XDC_R_B1GQ,0,Replace,2021-06-09T15:30:00.000+02:00,
RTD.A.S0.N.F_UMS_CGG_D0.F,A,S0,N,F_UMS_CGG_D0,F,2011,-1.22583,A,F,,,P1Y,S,,,GFS.A.N.I10.W0.S13.S1._Z.B.B9P._Z._Z._Z.XDC_R_B1GQ._Z.S.V.N._T,,,,,,"See <a class=""external"" href=""http://sdw.ecb.europa.eu/web/generator/docu/rtdb_docu.pdf""> notes</a>; block Annual; series: G",,4,,,"Government primary deficit(-) or surplus(+), percent of GDP",Euro area (moving concept in the Real Time database context) - Primary deficit/surplus without UMTS proceeds - All sectors/ unspecified/ not applicable (ESA2010)-NCBs - General government (ESA2010)-NCBs - Non-financial flows current prices - Percentage,XDC_R_B1GQ,0,Replace,2021-06-09T15:30:00.000+02:00,
RTD.A.S0.N.F_UMS_CGG_D0.F,A,S0,N,F_UMS_CGG_D0,F,2012,-0.68096,A,F,,,P1Y,S,,,GFS.A.N.I10.W0.S13.S1._Z.B.B9P._Z._Z._Z.XDC_R_B1GQ._Z.S.V.N._T,,,,,,"See <a class=""external"" href=""http://sdw.ecb.europa.eu/web/generator/docu/rtdb_docu.pdf""> notes</a>; block Annual; series: G",,4,,,"Government primary deficit(-) or surplus(+), percent of GDP",Euro area (moving concept in the Real Time database context) - Primary deficit/surplus without UMTS proceeds - All sectors/ unspecified/ not applicable (ESA2010)-NCBs - General government (ESA2010)-NCBs - Non-financial flows current prices - Percentage,XDC_R_B1GQ,0,Replace,2021-06-09T15:30:00.000+02:00,
RTD.A.S0.N.F_UMS_CGG_D0.F,A,S0,N,F_UMS_CGG_D0,F,2013,-0.24661,A,F,,,P1Y,S,,,GFS.A.N.I10.W0.S13.S1._Z.B.B9P._Z._Z._Z.XDC_R_B1GQ._Z.S.V.N._T,,,,,,"See <a class=""external"" href=""http://sdw.ecb.europa.eu/web/generator/docu/rtdb_docu.pdf""> notes</a>; block Annual; series: G",,4,,,"Government primary deficit(-) or surplus(+), percent of GDP",Euro area (moving concept in the Real Time database context) - Primary deficit/surplus without UMTS proceeds - All sectors/ unspecified/ not applicable (ESA2010)-NCBs - General government (ESA2010)-NCBs - Non-financial flows current prices - Percentage,XDC_R_B1GQ,0,Replace,2021-06-09T15:30:00.000+02:00,
RTD.A.S0.N.F_UMS_CGG_D0.F,A,S0,N,F_UMS_CGG_D0,F,2014,0.13709,A,F,,,P1Y,S,,,GFS.A.N.I10.W0.S13.S1._Z.B.B9P._Z._Z._Z.XDC_R_B1GQ._Z.S.V.N._T,,,,,,"See <a class=""external"" href=""http://sdw.ecb.europa.eu/web/generator/docu/rtdb_docu.pdf""> notes</a>; block Annual; series: G",,4,,,"Government primary deficit(-) or surplus(+), percent of GDP",Euro area (moving concept in the Real Time database context) - Primary deficit/surplus without UMTS proceeds - All sectors/ unspecified/ not applicable (ESA2010)-NCBs - General government (ESA2010)-NCBs - Non-financial flows current prices - Percentage,XDC_R_B1GQ,0,Replace,2021-06-09T15:30:00.000+02:00,
RTD.A.S0.N.F_UMS_CGG_D0.F,A,S0,N,F_UMS_CGG_D0,F,2015,0.33746,A,F,,,P1Y,S,,,GFS.A.N.I10.W0.S13.S1._Z.B.B9P._Z._Z._Z.XDC_R_B1GQ._Z.S.V.N._T,,,,,,"See <a class=""external"" href=""http://sdw.ecb.europa.eu/web/generator/docu/rtdb_docu.pdf""> notes</a>; block Annual; series: G",,4,,,"Government primary deficit(-) or surplus(+), percent of GDP",Euro area (moving concept in the Real Time database context) - Primary deficit/surplus without UMTS proceeds - All sectors/ unspecified/ not applicable (ESA2010)-NCBs - General government (ESA2010)-NCBs - Non-financial flows current prices - Percentage,XDC_R_B1GQ,0,Replace,2021-06-09T15:30:00.000+02:00,
RTD.A.S0.N.F_UMS_CGG_D0.F,A,S0,N,F_UMS_CGG_D0,F,2016,0.64072,A,F,,,P1Y,S,,,GFS.A.N.I10.W0.S13.S1._Z.B.B9P._Z._Z._Z.XDC_R_B1GQ._Z.S.V.N._T,,,,,,"See <a class=""external"" href=""http://sdw.ecb.europa.eu/web/generator/docu/rtdb_docu.pdf""> notes</a>; block Annual; series: G",,4,,,"Government primary deficit(-) or surplus(+), percent of GDP",Euro area (moving concept in the Real Time database context) - Primary deficit/surplus without UMTS proceeds - All sectors/ unspecified/ not applicable (ESA2010)-NCBs - General government (ESA2010)-NCBs - Non-financial flows current prices - Percentage,XDC_R_B1GQ,0,Replace,2021-06-09T15:30:00.000+02:00,
RTD.A.S0.N.F_UMS_CGG_D0.F,A,S0,N,F_UMS_CGG_D0,F,2017,1.01718,A,F,,,P1Y,S,,,GFS.A.N.I10.W0.S13.S1._Z.B.B9P._Z._Z._Z.XDC_R_B1GQ._Z.S.V.N._T,,,,,,"See <a class=""external"" href=""http://sdw.ecb.europa.eu/web/generator/docu/rtdb_docu.pdf""> notes</a>; block Annual; series: G",,4,,,"Government primary deficit(-) or surplus(+), percent of GDP",Euro area (moving concept in the Real Time database context) - Primary deficit/surplus without UMTS proceeds - All sectors/ unspecified/ not applicable (ESA2010)-NCBs - General government (ESA2010)-NCBs - Non-financial flows current prices - Percentage,XDC_R_B1GQ,0,Replace,2021-06-09T15:30:00.000+02:00,
RTD.A.S0.N.F_UMS_CGG_D0.F,A,S0,N,F_UMS_CGG_D0,F,2018,1.37273,A,F,,,P1Y,S,,,GFS.A.N.I10.W0.S13.S1._Z.B.B9P._Z._Z._Z.XDC_R_B1GQ._Z.S.V.N._T,,,,,,"See <a class=""external"" href=""http://sdw.ecb.europa.eu/web/generator/docu/rtdb_docu.pdf""> notes</a>; block Annual; series: G",,4,,,"Government primary deficit(-) or surplus(+), percent of GDP",Euro area (moving concept in the Real Time database context) - Primary deficit/surplus without UMTS proceeds - All sectors/ unspecified/ not applicable (ESA2010)-NCBs - General government (ESA2010)-NCBs - Non-financial flows current prices - Percentage,XDC_R_B1GQ,0,Replace,2021-06-09T15:30:00.000+02:00,
RTD.A.S0.N.F_UMS_CGG_D0.F,A,S0,N,F_UMS_CGG_D0,F,2019,0.99634,A,F,,,P1Y,S,,,GFS.A.N.I10.W0.S13.S1._Z.B.B9P._Z._Z._Z.XDC_R_B1GQ._Z.S.V.N._T,,,,,,"See <a class=""external"" href=""http://sdw.ecb.europa.eu/web/generator/docu/rtdb_docu.pdf""> notes</a>; block Annual; series: G",,4,,,"Government primary deficit(-) or surplus(+), percent of GDP",Euro area (moving concept in the Real Time database context) - Primary deficit/surplus without UMTS proceeds - All sectors/ unspecified/ not applicable (ESA2010)-NCBs - General government (ESA2010)-NCBs - Non-financial flows current prices - Percentage,XDC_R_B1GQ,0,Replace,2021-06-09T15:30:00.000+02:00,
RTD.A.S0.N.F_UMS_CGG_D0.F,A,S0,N,F_UMS_CGG_D0,F,2020,-5.71449,A,F,,,P1Y,S,,,GFS.A.N.I10.W0.S13.S1._Z.B.B9P._Z._Z._Z.XDC_R_B1GQ._Z.S.V.N._T,,,,,,"See <a class=""external"" href=""http://sdw.ecb.europa.eu/web/generator/docu/rtdb_docu.pdf""> notes</a>; block Annual; series: G",,4,,,"Government primary deficit(-) or surplus(+), percent of GDP",Euro area (moving concept in the Real Time database context) - Primary deficit/surplus without UMTS proceeds - All sectors/ unspecified/ not applicable (ESA2010)-NCBs - General government (ESA2010)-NCBs - Non-financial flows current prices - Percentage,XDC_R_B1GQ,0,Replace,2021-06-09T15:30:00.000+02:00,
RTD.A.S0.N.F_UMS_CGG_D0.F,A,S0,N,F_UMS_CGG_D0,F,1995,-1.90778,A,F,,,P1Y,S,,,GFS.A.N.I10.W0.S13.S1._Z.B.B9P._Z._Z._Z.XDC_R_B1GQ._Z.S.V.N._T,,,,,,"See <a class=""external"" href=""http://sdw.ecb.europa.eu/web/generator/docu/rtdb_docu.pdf""> notes</a>; block Annual; series: G",,4,,,"Government primary deficit(-) or surplus(+), percent of GDP",Euro area (moving concept in the Real Time database context) - Primary deficit/surplus without UMTS proceeds - All sectors/ unspecified/ not applicable (ESA2010)-NCBs - General government (ESA2010)-NCBs - Non-financial flows current prices - Percentage,XDC_R_B1GQ,0,Replace,2021-10-27T15:30:00.000+02:00,
RTD.A.S0.N.F_UMS_CGG_D0.F,A,S0,N,F_UMS_CGG_D0,F,1996,1.00264,A,F,,,P1Y,S,,,GFS.A.N.I10.W0.S13.S1._Z.B.B9P._Z._Z._Z.XDC_R_B1GQ._Z.S.V.N._T,,,,,,"See <a class=""external"" href=""http://sdw.ecb.europa.eu/web/generator/docu/rtdb_docu.pdf""> notes</a>; block Annual; series: G",,4,,,"Government primary deficit(-) or surplus(+), percent of GDP",Euro area (moving concept in the Real Time database context) - Primary deficit/surplus without UMTS proceeds - All sectors/ unspecified/ not applicable (ESA2010)-NCBs - General government (ESA2010)-NCBs - Non-financial flows current prices - Percentage,XDC_R_B1GQ,0,Replace,2021-10-27T15:30:00.000+02:00,
RTD.A.S0.N.F_UMS_CGG_D0.F,A,S0,N,F_UMS_CGG_D0,F,1997,1.80646,A,F,,,P1Y,S,,,GFS.A.N.I10.W0.S13.S1._Z.B.B9P._Z._Z._Z.XDC_R_B1GQ._Z.S.V.N._T,,,,,,"See <a class=""external"" href=""http://sdw.ecb.europa.eu/web/generator/docu/rtdb_docu.pdf""> notes</a>; block Annual; series: G",,4,,,"Government primary deficit(-) or surplus(+), percent of GDP",Euro area (moving concept in the Real Time database context) - Primary deficit/surplus without UMTS proceeds - All sectors/ unspecified/ not applicable (ESA2010)-NCBs - General government (ESA2010)-NCBs - Non-financial flows current prices - Percentage,XDC_R_B1GQ,0,Replace,2021-10-27T15:30:00.000+02:00,
RTD.A.S0.N.F_UMS_CGG_D0.F,A,S0,N,F_UMS_CGG_D0,F,1998,2.03276,A,F,,,P1Y,S,,,GFS.A.N.I10.W0.S13.S1._Z.B.B9P._Z._Z._Z.XDC_R_B1GQ._Z.S.V.N._T,,,,,,"See <a class=""external"" href=""http://sdw.ecb.europa.eu/web/generator/docu/rtdb_docu.pdf""> notes</a>; block Annual; series: G",,4,,,"Government primary deficit(-) or surplus(+), percent of GDP",Euro area (moving concept in the Real Time database context) - Primary deficit/surplus without UMTS proceeds - All sectors/ unspecified/ not applicable (ESA2010)-NCBs - General government (ESA2010)-NCBs - Non-financial flows current prices - Percentage,XDC_R_B1GQ,0,Replace,2021-10-27T15:30:00.000+02:00,
RTD.A.S0.N.F_UMS_CGG_D0.F,A,S0,N,F_UMS_CGG_D0,F,1999,2.43122,A,F,,,P1Y,S,,,GFS.A.N.I10.W0.S13.S1._Z.B.B9P._Z._Z._Z.XDC_R_B1GQ._Z.S.V.N._T,,,,,,"See <a class=""external"" href=""http://sdw.ecb.europa.eu/web/generator/docu/rtdb_docu.pdf""> notes</a>; block Annual; series: G",,4,,,"Government primary deficit(-) or surplus(+), percent of GDP",Euro area (moving concept in the Real Time database context) - Primary deficit/surplus without UMTS proceeds - All sectors/ unspecified/ not applicable (ESA2010)-NCBs - General government (ESA2010)-NCBs - Non-financial flows current prices - Percentage,XDC_R_B1GQ,0,Replace,2021-10-27T15:30:00.000+02:00,
RTD.A.S0.N.F_UMS_CGG_D0.F,A,S0,N,F_UMS_CGG_D0,F,2000,2.5367,A,F,,,P1Y,S,,,GFS.A.N.I10.W0.S13.S1._Z.B.B9P._Z._Z._Z.XDC_R_B1GQ._Z.S.V.N._T,,,,,,"See <a class=""external"" href=""http://sdw.ecb.europa.eu/web/generator/docu/rtdb_docu.pdf""> notes</a>; block Annual; series: G",,4,,,"Government primary deficit(-) or surplus(+), percent of GDP",Euro area (moving concept in the Real Time database context) - Primary deficit/surplus without UMTS proceeds - All sectors/ unspecified/ not applicable (ESA2010)-NCBs - General government (ESA2010)-NCBs - Non-financial flows current prices - Percentage,XDC_R_B1GQ,0,Replace,2021-10-27T15:30:00.000+02:00,
RTD.A.S0.N.F_UMS_CGG_D0.F,A,S0,N,F_UMS_CGG_D0,F,2001,1.74858,A,F,,,P1Y,S,,,GFS.A.N.I10.W0.S13.S1._Z.B.B9P._Z._Z._Z.XDC_R_B1GQ._Z.S.V.N._T,,,,,,"See <a class=""external"" href=""http://sdw.ecb.europa.eu/web/generator/docu/rtdb_docu.pdf""> notes</a>; block Annual; series: G",,4,,,"Government primary deficit(-) or surplus(+), percent of GDP",Euro area (moving concept in the Real Time database context) - Primary deficit/surplus without UMTS proceeds - All sectors/ unspecified/ not applicable (ESA2010)-NCBs - General government (ESA2010)-NCBs - Non-financial flows current prices - Percentage,XDC_R_B1GQ,0,Replace,2021-10-27T15:30:00.000+02:00,
RTD.A.S0.N.F_UMS_CGG_D0.F,A,S0,N,F_UMS_CGG_D0,F,2002,0.78952,A,F,,,P1Y,S,,,GFS.A.N.I10.W0.S13.S1._Z.B.B9P._Z._Z._Z.XDC_R_B1GQ._Z.S.V.N._T,,,,,,"See <a class=""external"" href=""http://sdw.ecb.europa.eu/web/generator/docu/rtdb_docu.pdf""> notes</a>; block Annual; series: G",,4,,,"Government primary deficit(-) or surplus(+), percent of GDP",Euro area (moving concept in the Real Time database context) - Primary deficit/surplus without UMTS proceeds - All sectors/ unspecified/ not applicable (ESA2010)-NCBs - General government (ESA2010)-NCBs - Non-financial flows current prices - Percentage,XDC_R_B1GQ,0,Replace,2021-10-27T15:30:00.000+02:00,
RTD.A.S0.N.F_UMS_CGG_D0.F,A,S0,N,F_UMS_CGG_D0,F,2003,0.14257,A,F,,,P1Y,S,,,GFS.A.N.I10.W0.S13.S1._Z.B.B9P._Z._Z._Z.XDC_R_B1GQ._Z.S.V.N._T,,,,,,"See <a class=""external"" href=""http://sdw.ecb.europa.eu/web/generator/docu/rtdb_docu.pdf""> notes</a>; block Annual; series: G",,4,,,"Government primary deficit(-) or surplus(+), percent of GDP",Euro area (moving concept in the Real Time database context) - Primary deficit/surplus without UMTS proceeds - All sectors/ unspecified/ not applicable (ESA2010)-NCBs - General government (ESA2010)-NCBs - Non-financial flows current prices - Percentage,XDC_R_B1GQ,0,Replace,2021-10-27T15:30:00.000+02:00,
RTD.A.S0.N.F_UMS_CGG_D0.F,A,S0,N,F_UMS_CGG_D0,F,2004,0.18238,A,F,,,P1Y,S,,,GFS.A.N.I10.W0.S13.S1._Z.B.B9P._Z._Z._Z.XDC_R_B1GQ._Z.S.V.N._T,,,,,,"See <a class=""external"" href=""http://sdw.ecb.europa.eu/web/generator/docu/rtdb_docu.pdf""> notes</a>; block Annual; series: G",,4,,,"Government primary deficit(-) or surplus(+), percent of GDP",Euro area (moving concept in the Real Time database context) - Primary deficit/surplus without UMTS proceeds - All sectors/ unspecified/ not applicable (ESA2010)-NCBs - General government (ESA2010)-NCBs - Non-financial flows current prices - Percentage,XDC_R_B1GQ,0,Replace,2021-10-27T15:30:00.000+02:00,
RTD.A.S0.N.F_UMS_CGG_D0.F,A,S0,N,F_UMS_CGG_D0,F,2005,0.33847,A,F,,,P1Y,S,,,GFS.A.N.I10.W0.S13.S1._Z.B.B9P._Z._Z._Z.XDC_R_B1GQ._Z.S.V.N._T,,,,,,"See <a class=""external"" href=""http://sdw.ecb.europa.eu/web/generator/docu/rtdb_docu.pdf""> notes</a>; block Annual; series: G",,4,,,"Government primary deficit(-) or surplus(+), percent of GDP",Euro area (moving concept in the Real Time database context) - Primary deficit/surplus without UMTS proceeds - All sectors/ unspecified/ not applicable (ESA2010)-NCBs - General government (ESA2010)-NCBs - Non-financial flows current prices - Percentage,XDC_R_B1GQ,0,Replace,2021-10-27T15:30:00.000+02:00,
RTD.A.S0.N.F_UMS_CGG_D0.F,A,S0,N,F_UMS_CGG_D0,F,2006,1.3144,A,F,,,P1Y,S,,,GFS.A.N.I10.W0.S13.S1._Z.B.B9P._Z._Z._Z.XDC_R_B1GQ._Z.S.V.N._T,,,,,,"See <a class=""external"" href=""http://sdw.ecb.europa.eu/web/generator/docu/rtdb_docu.pdf""> notes</a>; block Annual; series: G",,4,,,"Government primary deficit(-) or surplus(+), percent of GDP",Euro area (moving concept in the Real Time database context) - Primary deficit/surplus without UMTS proceeds - All sectors/ unspecified/ not applicable (ESA2010)-NCBs - General government (ESA2010)-NCBs - Non-financial flows current prices - Percentage,XDC_R_B1GQ,0,Replace,2021-10-27T15:30:00.000+02:00,
RTD.A.S0.N.F_UMS_CGG_D0.F,A,S0,N,F_UMS_CGG_D0,F,2007,2.23224,A,F,,,P1Y,S,,,GFS.A.N.I10.W0.S13.S1._Z.B.B9P._Z._Z._Z.XDC_R_B1GQ._Z.S.V.N._T,,,,,,"See <a class=""external"" href=""http://sdw.ecb.europa.eu/web/generator/docu/rtdb_docu.pdf""> notes</a>; block Annual; series: G",,4,,,"Government primary deficit(-) or surplus(+), percent of GDP",Euro area (moving concept in the Real Time database context) - Primary deficit/surplus without UMTS proceeds - All sectors/ unspecified/ not applicable (ESA2010)-NCBs - General government (ESA2010)-NCBs - Non-financial flows current prices - Percentage,XDC_R_B1GQ,0,Replace,2021-10-27T15:30:00.000+02:00,
RTD.A.S0.N.F_UMS_CGG_D0.F,A,S0,N,F_UMS_CGG_D0,F,2008,0.78897,A,F,,,P1Y,S,,,GFS.A.N.I10.W0.S13.S1._Z.B.B9P._Z._Z._Z.XDC_R_B1GQ._Z.S.V.N._T,,,,,,"See <a class=""external"" href=""http://sdw.ecb.europa.eu/web/generator/docu/rtdb_docu.pdf""> notes</a>; block Annual; series: G",,4,,,"Government primary deficit(-) or surplus(+), percent of GDP",Euro area (moving concept in the Real Time database context) - Primary deficit/surplus without UMTS proceeds - All sectors/ unspecified/ not applicable (ESA2010)-NCBs - General government (ESA2010)-NCBs - Non-financial flows current prices - Percentage,XDC_R_B1GQ,0,Replace,2021-10-27T15:30:00.000+02:00,
RTD.A.S0.N.F_UMS_CGG_D0.F,A,S0,N,F_UMS_CGG_D0,F,2009,-3.40133,A,F,,,P1Y,S,,,GFS.A.N.I10.W0.S13.S1._Z.B.B9P._Z._Z._Z.XDC_R_B1GQ._Z.S.V.N._T,,,,,,"See <a class=""external"" href=""http://sdw.ecb.europa.eu/web/generator/docu/rtdb_docu.pdf""> notes</a>; block Annual; series: G",,4,,,"Government primary deficit(-) or surplus(+), percent of GDP",Euro area (moving concept in the Real Time database context) - Primary deficit/surplus without UMTS proceeds - All sectors/ unspecified/ not applicable (ESA2010)-NCBs - General government (ESA2010)-NCBs - Non-financial flows current prices - Percentage,XDC_R_B1GQ,0,Replace,2021-10-27T15:30:00.000+02:00,
RTD.A.S0.N.F_UMS_CGG_D0.F,A,S0,N,F_UMS_CGG_D0,F,2010,-3.49679,A,F,,,P1Y,S,,,GFS.A.N.I10.W0.S13.S1._Z.B.B9P._Z._Z._Z.XDC_R_B1GQ._Z.S.V.N._T,,,,,,"See <a class=""external"" href=""http://sdw.ecb.europa.eu/web/generator/docu/rtdb_docu.pdf""> notes</a>; block Annual; series: G",,4,,,"Government primary deficit(-) or surplus(+), percent of GDP",Euro area (moving concept in the Real Time database context) - Primary deficit/surplus without UMTS proceeds - All sectors/ unspecified/ not applicable (ESA2010)-NCBs - General government (ESA2010)-NCBs - Non-financial flows current prices - Percentage,XDC_R_B1GQ,0,Replace,2021-10-27T15:30:00.000+02:00,
RTD.A.S0.N.F_UMS_CGG_D0.F,A,S0,N,F_UMS_CGG_D0,F,2011,-1.23766,A,F,,,P1Y,S,,,GFS.A.N.I10.W0.S13.S1._Z.B.B9P._Z._Z._Z.XDC_R_B1GQ._Z.S.V.N._T,,,,,,"See <a class=""external"" href=""http://sdw.ecb.europa.eu/web/generator/docu/rtdb_docu.pdf""> notes</a>; block Annual; series: G",,4,,,"Government primary deficit(-) or surplus(+), percent of GDP",Euro area (moving concept in the Real Time database context) - Primary deficit/surplus without UMTS proceeds - All sectors/ unspecified/ not applicable (ESA2010)-NCBs - General government (ESA2010)-NCBs - Non-financial flows current prices - Percentage,XDC_R_B1GQ,0,Replace,2021-10-27T15:30:00.000+02:00,
RTD.A.S0.N.F_UMS_CGG_D0.F,A,S0,N,F_UMS_CGG_D0,F,2012,-0.68337,A,F,,,P1Y,S,,,GFS.A.N.I10.W0.S13.S1._Z.B.B9P._Z._Z._Z.XDC_R_B1GQ._Z.S.V.N._T,,,,,,"See <a class=""external"" href=""http://sdw.ecb.europa.eu/web/generator/docu/rtdb_docu.pdf""> notes</a>; block Annual; series: G",,4,,,"Government primary deficit(-) or surplus(+), percent of GDP",Euro area (moving concept in the Real Time database context) - Primary deficit/surplus without UMTS proceeds - All sectors/ unspecified/ not applicable (ESA2010)-NCBs - General government (ESA2010)-NCBs - Non-financial flows current prices - Percentage,XDC_R_B1GQ,0,Replace,2021-10-27T15:30:00.000+02:00,
RTD.A.S0.N.F_UMS_CGG_D0.F,A,S0,N,F_UMS_CGG_D0,F,2013,-0.24914,A,F,,,P1Y,S,,,GFS.A.N.I10.W0.S13.S1._Z.B.B9P._Z._Z._Z.XDC_R_B1GQ._Z.S.V.N._T,,,,,,"See <a class=""external"" href=""http://sdw.ecb.europa.eu/web/generator/docu/rtdb_docu.pdf""> notes</a>; block Annual; series: G",,4,,,"Government primary deficit(-) or surplus(+), percent of GDP",Euro area (moving concept in the Real Time database context) - Primary deficit/surplus without UMTS proceeds - All sectors/ unspecified/ not applicable (ESA2010)-NCBs - General government (ESA2010)-NCBs - Non-financial flows current prices - Percentage,XDC_R_B1GQ,0,Replace,2021-10-27T15:30:00.000+02:00,
RTD.A.S0.N.F_UMS_CGG_D0.F,A,S0,N,F_UMS_CGG_D0,F,2014,0.13486,A,F,,,P1Y,S,,,GFS.A.N.I10.W0.S13.S1._Z.B.B9P._Z._Z._Z.XDC_R_B1GQ._Z.S.V.N._T,,,,,,"See <a class=""external"" href=""http://sdw.ecb.europa.eu/web/generator/docu/rtdb_docu.pdf""> notes</a>; block Annual; series: G",,4,,,"Government primary deficit(-) or surplus(+), percent of GDP",Euro area (moving concept in the Real Time database context) - Primary deficit/surplus without UMTS proceeds - All sectors/ unspecified/ not applicable (ESA2010)-NCBs - General government (ESA2010)-NCBs - Non-financial flows current prices - Percentage,XDC_R_B1GQ,0,Replace,2021-10-27T15:30:00.000+02:00,
RTD.A.S0.N.F_UMS_CGG_D0.F,A,S0,N,F_UMS_CGG_D0,F,2015,0.33525,A,F,,,P1Y,S,,,GFS.A.N.I10.W0.S13.S1._Z.B.B9P._Z._Z._Z.XDC_R_B1GQ._Z.S.V.N._T,,,,,,"See <a class=""external"" href=""http://sdw.ecb.europa.eu/web/generator/docu/rtdb_docu.pdf""> notes</a>; block Annual; series: G",,4,,,"Government primary deficit(-) or surplus(+), percent of GDP",Euro area (moving concept in the Real Time database context) - Primary deficit/surplus without UMTS proceeds - All sectors/ unspecified/ not applicable (ESA2010)-NCBs - General government (ESA2010)-NCBs - Non-financial flows current prices - Percentage,XDC_R_B1GQ,0,Replace,2021-10-27T15:30:00.000+02:00,
RTD.A.S0.N.F_UMS_CGG_D0.F,A,S0,N,F_UMS_CGG_D0,F,2016,0.63875,A,F,,,P1Y,S,,,GFS.A.N.I10.W0.S13.S1._Z.B.B9P._Z._Z._Z.XDC_R_B1GQ._Z.S.V.N._T,,,,,,"See <a class=""external"" href=""http://sdw.ecb.europa.eu/web/generator/docu/rtdb_docu.pdf""> notes</a>; block Annual; series: G",,4,,,"Government primary deficit(-) or surplus(+), percent of GDP",Euro area (moving concept in the Real Time database context) - Primary deficit/surplus without UMTS proceeds - All sectors/ unspecified/ not applicable (ESA2010)-NCBs - General government (ESA2010)-NCBs - Non-financial flows current prices - Percentage,XDC_R_B1GQ,0,Replace,2021-10-27T15:30:00.000+02:00,
RTD.A.S0.N.F_UMS_CGG_D0.F,A,S0,N,F_UMS_CGG_D0,F,2017,1.01097,A,F,,,P1Y,S,,,GFS.A.N.I10.W0.S13.S1._Z.B.B9P._Z._Z._Z.XDC_R_B1GQ._Z.S.V.N._T,,,,,,"See <a class=""external"" href=""http://sdw.ecb.europa.eu/web/generator/docu/rtdb_docu.pdf""> notes</a>; block Annual; series: G",,4,,,"Government primary deficit(-) or surplus(+), percent of GDP",Euro area (moving concept in the Real Time database context) - Primary deficit/surplus without UMTS proceeds - All sectors/ unspecified/ not applicable (ESA2010)-NCBs - General government (ESA2010)-NCBs - Non-financial flows current prices - Percentage,XDC_R_B1GQ,0,Replace,2021-10-27T15:30:00.000+02:00,
RTD.A.S0.N.F_UMS_CGG_D0.F,A,S0,N,F_UMS_CGG_D0,F,2018,1.39354,A,F,,,P1Y,S,,,GFS.A.N.I10.W0.S13.S1._Z.B.B9P._Z._Z._Z.XDC_R_B1GQ._Z.S.V.N._T,,,,,,"See <a class=""external"" href=""http://sdw.ecb.europa.eu/web/generator/docu/rtdb_docu.pdf""> notes</a>; block Annual; series: G",,4,,,"Government primary deficit(-) or surplus(+), percent of GDP",Euro area (moving concept in the Real Time database context) - Primary deficit/surplus without UMTS proceeds - All sectors/ unspecified/ not applicable (ESA2010)-NCBs - General government (ESA2010)-NCBs - Non-financial flows current prices - Percentage,XDC_R_B1GQ,0,Replace,2021-10-27T15:30:00.000+02:00,
RTD.A.S0.N.F_UMS_CGG_D0.F,A,S0,N,F_UMS_CGG_D0,F,2019,0.97944,A,F,,,P1Y,S,,,GFS.A.N.I10.W0.S13.S1._Z.B.B9P._Z._Z._Z.XDC_R_B1GQ._Z.S.V.N._T,,,,,,"See <a class=""external"" href=""http://sdw.ecb.europa.eu/web/generator/docu/rtdb_docu.pdf""> notes</a>; block Annual; series: G",,4,,,"Government primary deficit(-) or surplus(+), percent of GDP",Euro area (moving concept in the Real Time database context) - Primary deficit/surplus without UMTS proceeds - All sectors/ unspecified/ not applicable (ESA2010)-NCBs - General government (ESA2010)-NCBs - Non-financial flows current prices - Percentage,XDC_R_B1GQ,0,Replace,2021-10-27T15:30:00.000+02:00,
RTD.A.S0.N.F_UMS_CGG_D0.F,A,S0,N,F_UMS_CGG_D0,F,2020,-5.69642,A,F,,,P1Y,S,,,GFS.A.N.I10.W0.S13.S1._Z.B.B9P._Z._Z._Z.XDC_R_B1GQ._Z.S.V.N._T,,,,,,"See <a class=""external"" href=""http://sdw.ecb.europa.eu/web/generator/docu/rtdb_docu.pdf""> notes</a>; block Annual; series: G",,4,,,"Government primary deficit(-) or surplus(+), percent of GDP",Euro area (moving concept in the Real Time database context) - Primary deficit/surplus without UMTS proceeds - All sectors/ unspecified/ not applicable (ESA2010)-NCBs - General government (ESA2010)-NCBs - Non-financial flows current prices - Percentage,XDC_R_B1GQ,0,Replace,2021-10-27T15:30:00.000+02:00,
RTD.A.S0.N.F_UMS_CGG_D0.F,A,S0,N,F_UMS_CGG_D0,F,2020,-5.69643,A,F,,,P1Y,S,,,GFS.A.N.I10.W0.S13.S1._Z.B.B9P._Z._Z._Z.XDC_R_B1GQ._Z.S.V.N._T,,,,,,"See <a class=""external"" href=""http://sdw.ecb.europa.eu/web/generator/docu/rtdb_docu.pdf""> notes</a>; block Annual; series: G",,4,,,"Government primary deficit(-) or surplus(+), percent of GDP",Euro area (moving concept in the Real Time database context) - Primary deficit/surplus without UMTS proceeds - All sectors/ unspecified/ not applicable (ESA2010)-NCBs - General government (ESA2010)-NCBs - Non-financial flows current prices - Percentage,XDC_R_B1GQ,0,Replace,2021-12-15T15:30:00.000+01:00,
RTD.A.S0.N.F_UMS_CGG_D0.F,A,S0,N,F_UMS_CGG_D0,F,1995,-1.90385,A,F,,,P1Y,S,,,GFS.A.N.I10.W0.S13.S1._Z.B.B9P._Z._Z._Z.XDC_R_B1GQ._Z.S.V.N._T,,,,,,"See <a class=""external"" href=""http://sdw.ecb.europa.eu/web/generator/docu/rtdb_docu.pdf""> notes</a>; block Annual; series: G",,4,,,"Government primary deficit(-) or surplus(+), percent of GDP",Euro area (moving concept in the Real Time database context) - Primary deficit/surplus without UMTS proceeds - All sectors/ unspecified/ not applicable (ESA2010)-NCBs - General government (ESA2010)-NCBs - Non-financial flows current prices - Percentage,XDC_R_B1GQ,0,Replace,2022-07-20T15:30:00.000+02:00,
RTD.A.S0.N.F_UMS_CGG_D0.F,A,S0,N,F_UMS_CGG_D0,F,1996,1.00059,A,F,,,P1Y,S,,,GFS.A.N.I10.W0.S13.S1._Z.B.B9P._Z._Z._Z.XDC_R_B1GQ._Z.S.V.N._T,,,,,,"See <a class=""external"" href=""http://sdw.ecb.europa.eu/web/generator/docu/rtdb_docu.pdf""> notes</a>; block Annual; series: G",,4,,,"Government primary deficit(-) or surplus(+), percent of GDP",Euro area (moving concept in the Real Time database context) - Primary deficit/surplus without UMTS proceeds - All sectors/ unspecified/ not applicable (ESA2010)-NCBs - General government (ESA2010)-NCBs - Non-financial flows current prices - Percentage,XDC_R_B1GQ,0,Replace,2022-07-20T15:30:00.000+02:00,
RTD.A.S0.N.F_UMS_CGG_D0.F,A,S0,N,F_UMS_CGG_D0,F,1997,1.80306,A,F,,,P1Y,S,,,GFS.A.N.I10.W0.S13.S1._Z.B.B9P._Z._Z._Z.XDC_R_B1GQ._Z.S.V.N._T,,,,,,"See <a class=""external"" href=""http://sdw.ecb.europa.eu/web/generator/docu/rtdb_docu.pdf""> notes</a>; block Annual; series: G",,4,,,"Government primary deficit(-) or surplus(+), percent of GDP",Euro area (moving concept in the Real Time database context) - Primary deficit/surplus without UMTS proceeds - All sectors/ unspecified/ not applicable (ESA2010)-NCBs - General government (ESA2010)-NCBs - Non-financial flows current prices - Percentage,XDC_R_B1GQ,0,Replace,2022-07-20T15:30:00.000+02:00,
RTD.A.S0.N.F_UMS_CGG_D0.F,A,S0,N,F_UMS_CGG_D0,F,1998,2.03158,A,F,,,P1Y,S,,,GFS.A.N.I10.W0.S13.S1._Z.B.B9P._Z._Z._Z.XDC_R_B1GQ._Z.S.V.N._T,,,,,,"See <a class=""external"" href=""http://sdw.ecb.europa.eu/web/generator/docu/rtdb_docu.pdf""> notes</a>; block Annual; series: G",,4,,,"Government primary deficit(-) or surplus(+), percent of GDP",Euro area (moving concept in the Real Time database context) - Primary deficit/surplus without UMTS proceeds - All sectors/ unspecified/ not applicable (ESA2010)-NCBs - General government (ESA2010)-NCBs - Non-financial flows current prices - Percentage,XDC_R_B1GQ,0,Replace,2022-07-20T15:30:00.000+02:00,
RTD.A.S0.N.F_UMS_CGG_D0.F,A,S0,N,F_UMS_CGG_D0,F,1999,2.42898,A,F,,,P1Y,S,,,GFS.A.N.I10.W0.S13.S1._Z.B.B9P._Z._Z._Z.XDC_R_B1GQ._Z.S.V.N._T,,,,,,"See <a class=""external"" href=""http://sdw.ecb.europa.eu/web/generator/docu/rtdb_docu.pdf""> notes</a>; block Annual; series: G",,4,,,"Government primary deficit(-) or surplus(+), percent of GDP",Euro area (moving concept in the Real Time database context) - Primary deficit/surplus without UMTS proceeds - All sectors/ unspecified/ not applicable (ESA2010)-NCBs - General government (ESA2010)-NCBs - Non-financial flows current prices - Percentage,XDC_R_B1GQ,0,Replace,2022-07-20T15:30:00.000+02:00,
RTD.A.S0.N.F_UMS_CGG_D0.F,A,S0,N,F_UMS_CGG_D0,F,2000,2.53604,A,F,,,P1Y,S,,,GFS.A.N.I10.W0.S13.S1._Z.B.B9P._Z._Z._Z.XDC_R_B1GQ._Z.S.V.N._T,,,,,,"See <a class=""external"" href=""http://sdw.ecb.europa.eu/web/generator/docu/rtdb_docu.pdf""> notes</a>; block Annual; series: G",,4,,,"Government primary deficit(-) or surplus(+), percent of GDP",Euro area (moving concept in the Real Time database context) - Primary deficit/surplus without UMTS proceeds - All sectors/ unspecified/ not applicable (ESA2010)-NCBs - General government (ESA2010)-NCBs - Non-financial flows current prices - Percentage,XDC_R_B1GQ,0,Replace,2022-07-20T15:30:00.000+02:00,
RTD.A.S0.N.F_UMS_CGG_D0.F,A,S0,N,F_UMS_CGG_D0,F,2001,1.74863,A,F,,,P1Y,S,,,GFS.A.N.I10.W0.S13.S1._Z.B.B9P._Z._Z._Z.XDC_R_B1GQ._Z.S.V.N._T,,,,,,"See <a class=""external"" href=""http://sdw.ecb.europa.eu/web/generator/docu/rtdb_docu.pdf""> notes</a>; block Annual; series: G",,4,,,"Government primary deficit(-) or surplus(+), percent of GDP",Euro area (moving concept in the Real Time database context) - Primary deficit/surplus without UMTS proceeds - All sectors/ unspecified/ not applicable (ESA2010)-NCBs - General government (ESA2010)-NCBs - Non-financial flows current prices - Percentage,XDC_R_B1GQ,0,Replace,2022-07-20T15:30:00.000+02:00,
RTD.A.S0.N.F_UMS_CGG_D0.F,A,S0,N,F_UMS_CGG_D0,F,2002,0.7896,A,F,,,P1Y,S,,,GFS.A.N.I10.W0.S13.S1._Z.B.B9P._Z._Z._Z.XDC_R_B1GQ._Z.S.V.N._T,,,,,,"See <a class=""external"" href=""http://sdw.ecb.europa.eu/web/generator/docu/rtdb_docu.pdf""> notes</a>; block Annual; series: G",,4,,,"Government primary deficit(-) or surplus(+), percent of GDP",Euro area (moving concept in the Real Time database context) - Primary deficit/surplus without UMTS proceeds - All sectors/ unspecified/ not applicable (ESA2010)-NCBs - General government (ESA2010)-NCBs - Non-financial flows current prices - Percentage,XDC_R_B1GQ,0,Replace,2022-07-20T15:30:00.000+02:00,
RTD.A.S0.N.F_UMS_CGG_D0.F,A,S0,N,F_UMS_CGG_D0,F,2003,0.14258,A,F,,,P1Y,S,,,GFS.A.N.I10.W0.S13.S1._Z.B.B9P._Z._Z._Z.XDC_R_B1GQ._Z.S.V.N._T,,,,,,"See <a class=""external"" href=""http://sdw.ecb.europa.eu/web/generator/docu/rtdb_docu.pdf""> notes</a>; block Annual; series: G",,4,,,"Government primary deficit(-) or surplus(+), percent of GDP",Euro area (moving concept in the Real Time database context) - Primary deficit/surplus without UMTS proceeds - All sectors/ unspecified/ not applicable (ESA2010)-NCBs - General government (ESA2010)-NCBs - Non-financial flows current prices - Percentage,XDC_R_B1GQ,0,Replace,2022-07-20T15:30:00.000+02:00,
RTD.A.S0.N.F_UMS_CGG_D0.F,A,S0,N,F_UMS_CGG_D0,F,2004,0.18241,A,F,,,P1Y,S,,,GFS.A.N.I10.W0.S13.S1._Z.B.B9P._Z._Z._Z.XDC_R_B1GQ._Z.S.V.N._T,,,,,,"See <a class=""external"" href=""http://sdw.ecb.europa.eu/web/generator/docu/rtdb_docu.pdf""> notes</a>; block Annual; series: G",,4,,,"Government primary deficit(-) or surplus(+), percent of GDP",Euro area (moving concept in the Real Time database context) - Primary deficit/surplus without UMTS proceeds - All sectors/ unspecified/ not applicable (ESA2010)-NCBs - General government (ESA2010)-NCBs - Non-financial flows current prices - Percentage,XDC_R_B1GQ,0,Replace,2022-07-20T15:30:00.000+02:00,
RTD.A.S0.N.F_UMS_CGG_D0.F,A,S0,N,F_UMS_CGG_D0,F,2006,1.31443,A,F,,,P1Y,S,,,GFS.A.N.I10.W0.S13.S1._Z.B.B9P._Z._Z._Z.XDC_R_B1GQ._Z.S.V.N._T,,,,,,"See <a class=""external"" href=""http://sdw.ecb.europa.eu/web/generator/docu/rtdb_docu.pdf""> notes</a>; block Annual; series: G",,4,,,"Government primary deficit(-) or surplus(+), percent of GDP",Euro area (moving concept in the Real Time database context) - Primary deficit/surplus without UMTS proceeds - All sectors/ unspecified/ not applicable (ESA2010)-NCBs - General government (ESA2010)-NCBs - Non-financial flows current prices - Percentage,XDC_R_B1GQ,0,Replace,2022-07-20T15:30:00.000+02:00,
RTD.A.S0.N.F_UMS_CGG_D0.F,A,S0,N,F_UMS_CGG_D0,F,2007,2.23229,A,F,,,P1Y,S,,,GFS.A.N.I10.W0.S13.S1._Z.B.B9P._Z._Z._Z.XDC_R_B1GQ._Z.S.V.N._T,,,,,,"See <a class=""external"" href=""http://sdw.ecb.europa.eu/web/generator/docu/rtdb_docu.pdf""> notes</a>; block Annual; series: G",,4,,,"Government primary deficit(-) or surplus(+), percent of GDP",Euro area (moving concept in the Real Time database context) - Primary deficit/surplus without UMTS proceeds - All sectors/ unspecified/ not applicable (ESA2010)-NCBs - General government (ESA2010)-NCBs - Non-financial flows current prices - Percentage,XDC_R_B1GQ,0,Replace,2022-07-20T15:30:00.000+02:00,
RTD.A.S0.N.F_UMS_CGG_D0.F,A,S0,N,F_UMS_CGG_D0,F,2009,-3.40131,A,F,,,P1Y,S,,,GFS.A.N.I10.W0.S13.S1._Z.B.B9P._Z._Z._Z.XDC_R_B1GQ._Z.S.V.N._T,,,,,,"See <a class=""external"" href=""http://sdw.ecb.europa.eu/web/generator/docu/rtdb_docu.pdf""> notes</a>; block Annual; series: G",,4,,,"Government primary deficit(-) or surplus(+), percent of GDP",Euro area (moving concept in the Real Time database context) - Primary deficit/surplus without UMTS proceeds - All sectors/ unspecified/ not applicable (ESA2010)-NCBs - General government (ESA2010)-NCBs - Non-financial flows current prices - Percentage,XDC_R_B1GQ,0,Replace,2022-07-20T15:30:00.000+02:00,
RTD.A.S0.N.F_UMS_CGG_D0.F,A,S0,N,F_UMS_CGG_D0,F,2011,-1.23769,A,F,,,P1Y,S,,,GFS.A.N.I10.W0.S13.S1._Z.B.B9P._Z._Z._Z.XDC_R_B1GQ._Z.S.V.N._T,,,,,,"See <a class=""external"" href=""http://sdw.ecb.europa.eu/web/generator/docu/rtdb_docu.pdf""> notes</a>; block Annual; series: G",,4,,,"Government primary deficit(-) or surplus(+), percent of GDP",Euro area (moving concept in the Real Time database context) - Primary deficit/surplus without UMTS proceeds - All sectors/ unspecified/ not applicable (ESA2010)-NCBs - General government (ESA2010)-NCBs - Non-financial flows current prices - Percentage,XDC_R_B1GQ,0,Replace,2022-07-20T15:30:00.000+02:00,
RTD.A.S0.N.F_UMS_CGG_D0.F,A,S0,N,F_UMS_CGG_D0,F,2012,-0.76878,A,F,,,P1Y,S,,,GFS.A.N.I10.W0.S13.S1._Z.B.B9P._Z._Z._Z.XDC_R_B1GQ._Z.S.V.N._T,,,,,,"See <a class=""external"" href=""http://sdw.ecb.europa.eu/web/generator/docu/rtdb_docu.pdf""> notes</a>; block Annual; series: G",,4,,,"Government primary deficit(-) or surplus(+), percent of GDP",Euro area (moving concept in the Real Time database context) - Primary deficit/surplus without UMTS proceeds - All sectors/ unspecified/ not applicable (ESA2010)-NCBs - General government (ESA2010)-NCBs - Non-financial flows current prices - Percentage,XDC_R_B1GQ,0,Replace,2022-07-20T15:30:00.000+02:00,
RTD.A.S0.N.F_UMS_CGG_D0.F,A,S0,N,F_UMS_CGG_D0,F,2013,-0.28714,A,F,,,P1Y,S,,,GFS.A.N.I10.W0.S13.S1._Z.B.B9P._Z._Z._Z.XDC_R_B1GQ._Z.S.V.N._T,,,,,,"See <a class=""external"" href=""http://sdw.ecb.europa.eu/web/generator/docu/rtdb_docu.pdf""> notes</a>; block Annual; series: G",,4,,,"Government primary deficit(-) or surplus(+), percent of GDP",Euro area (moving concept in the Real Time database context) - Primary deficit/surplus without UMTS proceeds - All sectors/ unspecified/ not applicable (ESA2010)-NCBs - General government (ESA2010)-NCBs - Non-financial flows current prices - Percentage,XDC_R_B1GQ,0,Replace,2022-07-20T15:30:00.000+02:00,
RTD.A.S0.N.F_UMS_CGG_D0.F,A,S0,N,F_UMS_CGG_D0,F,2014,0.12488,A,F,,,P1Y,S,,,GFS.A.N.I10.W0.S13.S1._Z.B.B9P._Z._Z._Z.XDC_R_B1GQ._Z.S.V.N._T,,,,,,"See <a class=""external"" href=""http://sdw.ecb.europa.eu/web/generator/docu/rtdb_docu.pdf""> notes</a>; block Annual; series: G",,4,,,"Government primary deficit(-) or surplus(+), percent of GDP",Euro area (moving concept in the Real Time database context) - Primary deficit/surplus without UMTS proceeds - All sectors/ unspecified/ not applicable (ESA2010)-NCBs - General government (ESA2010)-NCBs - Non-financial flows current prices - Percentage,XDC_R_B1GQ,0,Replace,2022-07-20T15:30:00.000+02:00,
RTD.A.S0.N.F_UMS_CGG_D0.F,A,S0,N,F_UMS_CGG_D0,F,2015,0.32551,A,F,,,P1Y,S,,,GFS.A.N.I10.W0.S13.S1._Z.B.B9P._Z._Z._Z.XDC_R_B1GQ._Z.S.V.N._T,,,,,,"See <a class=""external"" href=""http://sdw.ecb.europa.eu/web/generator/docu/rtdb_docu.pdf""> notes</a>; block Annual; series: G",,4,,,"Government primary deficit(-) or surplus(+), percent of GDP",Euro area (moving concept in the Real Time database context) - Primary deficit/surplus without UMTS proceeds - All sectors/ unspecified/ not applicable (ESA2010)-NCBs - General government (ESA2010)-NCBs - Non-financial flows current prices - Percentage,XDC_R_B1GQ,0,Replace,2022-07-20T15:30:00.000+02:00,
RTD.A.S0.N.F_UMS_CGG_D0.F,A,S0,N,F_UMS_CGG_D0,F,2016,0.63967,A,F,,,P1Y,S,,,GFS.A.N.I10.W0.S13.S1._Z.B.B9P._Z._Z._Z.XDC_R_B1GQ._Z.S.V.N._T,,,,,,"See <a class=""external"" href=""http://sdw.ecb.europa.eu/web/generator/docu/rtdb_docu.pdf""> notes</a>; block Annual; series: G",,4,,,"Government primary deficit(-) or surplus(+), percent of GDP",Euro area (moving concept in the Real Time database context) - Primary deficit/surplus without UMTS proceeds - All sectors/ unspecified/ not applicable (ESA2010)-NCBs - General government (ESA2010)-NCBs - Non-financial flows current prices - Percentage,XDC_R_B1GQ,0,Replace,2022-07-20T15:30:00.000+02:00,
RTD.A.S0.N.F_UMS_CGG_D0.F,A,S0,N,F_UMS_CGG_D0,F,2017,1.00526,A,F,,,P1Y,S,,,GFS.A.N.I10.W0.S13.S1._Z.B.B9P._Z._Z._Z.XDC_R_B1GQ._Z.S.V.N._T,,,,,,"See <a class=""external"" href=""http://sdw.ecb.europa.eu/web/generator/docu/rtdb_docu.pdf""> notes</a>; block Annual; series: G",,4,,,"Government primary deficit(-) or surplus(+), percent of GDP",Euro area (moving concept in the Real Time database context) - Primary deficit/surplus without UMTS proceeds - All sectors/ unspecified/ not applicable (ESA2010)-NCBs - General government (ESA2010)-NCBs - Non-financial flows current prices - Percentage,XDC_R_B1GQ,0,Replace,2022-07-20T15:30:00.000+02:00,
RTD.A.S0.N.F_UMS_CGG_D0.F,A,S0,N,F_UMS_CGG_D0,F,2018,1.38371,A,F,,,P1Y,S,,,GFS.A.N.I10.W0.S13.S1._Z.B.B9P._Z._Z._Z.XDC_R_B1GQ._Z.S.V.N._T,,,,,,"See <a class=""external"" href=""http://sdw.ecb.europa.eu/web/generator/docu/rtdb_docu.pdf""> notes</a>; block Annual; series: G",,4,,,"Government primary deficit(-) or surplus(+), percent of GDP",Euro area (moving concept in the Real Time database context) - Primary deficit/surplus without UMTS proceeds - All sectors/ unspecified/ not applicable (ESA2010)-NCBs - General government (ESA2010)-NCBs - Non-financial flows current prices - Percentage,XDC_R_B1GQ,0,Replace,2022-07-20T15:30:00.000+02:00,
RTD.A.S0.N.F_UMS_CGG_D0.F,A,S0,N,F_UMS_CGG_D0,F,2019,0.95927,A,F,,,P1Y,S,,,GFS.A.N.I10.W0.S13.S1._Z.B.B9P._Z._Z._Z.XDC_R_B1GQ._Z.S.V.N._T,,,,,,"See <a class=""external"" href=""http://sdw.ecb.europa.eu/web/generator/docu/rtdb_docu.pdf""> notes</a>; block Annual; series: G",,4,,,"Government primary deficit(-) or surplus(+), percent of GDP",Euro area (moving concept in the Real Time database context) - Primary deficit/surplus without UMTS proceeds - All sectors/ unspecified/ not applicable (ESA2010)-NCBs - General government (ESA2010)-NCBs - Non-financial flows current prices - Percentage,XDC_R_B1GQ,0,Replace,2022-07-20T15:30:00.000+02:00,
RTD.A.S0.N.F_UMS_CGG_D0.F,A,S0,N,F_UMS_CGG_D0,F,2020,-5.56571,A,F,,,P1Y,S,,,GFS.A.N.I10.W0.S13.S1._Z.B.B9P._Z._Z._Z.XDC_R_B1GQ._Z.S.V.N._T,,,,,,"See <a class=""external"" href=""http://sdw.ecb.europa.eu/web/generator/docu/rtdb_docu.pdf""> notes</a>; block Annual; series: G",,4,,,"Government primary deficit(-) or surplus(+), percent of GDP",Euro area (moving concept in the Real Time database context) - Primary deficit/surplus without UMTS proceeds - All sectors/ unspecified/ not applicable (ESA2010)-NCBs - General government (ESA2010)-NCBs - Non-financial flows current prices - Percentage,XDC_R_B1GQ,0,Replace,2022-07-20T15:30:00.000+02:00,
RTD.A.S0.N.F_UMS_CGG_D0.F,A,S0,N,F_UMS_CGG_D0,F,2021,-3.64123,A,F,,,P1Y,S,,,GFS.A.N.I10.W0.S13.S1._Z.B.B9P._Z._Z._Z.XDC_R_B1GQ._Z.S.V.N._T,,,,,,"See <a class=""external"" href=""http://sdw.ecb.europa.eu/web/generator/docu/rtdb_docu.pdf""> notes</a>; block Annual; series: G",,4,,,"Government primary deficit(-) or surplus(+), percent of GDP",Euro area (moving concept in the Real Time database context) - Primary deficit/surplus without UMTS proceeds - All sectors/ unspecified/ not applicable (ESA2010)-NCBs - General government (ESA2010)-NCBs - Non-financial flows current prices - Percentage,XDC_R_B1GQ,0,Replace,2022-07-20T15:30:00.000+02:00,
RTD.A.S0.N.F_UMS_CGG_D0.F,A,S0,N,F_UMS_CGG_D0,F,1995,-1.90552,A,F,,,P1Y,S,,,GFS.A.N.I10.W0.S13.S1._Z.B.B9P._Z._Z._Z.XDC_R_B1GQ._Z.S.V.N._T,,,,,,"See <a class=""external"" href=""http://sdw.ecb.europa.eu/web/generator/docu/rtdb_docu.pdf""> notes</a>; block Annual; series: G",,4,,,"Government primary deficit(-) or surplus(+), percent of GDP",Euro area (moving concept in the Real Time database context) - Primary deficit/surplus without UMTS proceeds - All sectors/ unspecified/ not applicable (ESA2010)-NCBs - General government (ESA2010)-NCBs - Non-financial flows current prices - Percentage,XDC_R_B1GQ,0,Replace,2022-10-26T15:30:00.000+02:00,
RTD.A.S0.N.F_UMS_CGG_D0.F,A,S0,N,F_UMS_CGG_D0,F,1996,0.99907,A,F,,,P1Y,S,,,GFS.A.N.I10.W0.S13.S1._Z.B.B9P._Z._Z._Z.XDC_R_B1GQ._Z.S.V.N._T,,,,,,"See <a class=""external"" href=""http://sdw.ecb.europa.eu/web/generator/docu/rtdb_docu.pdf""> notes</a>; block Annual; series: G",,4,,,"Government primary deficit(-) or surplus(+), percent of GDP",Euro area (moving concept in the Real Time database context) - Primary deficit/surplus without UMTS proceeds - All sectors/ unspecified/ not applicable (ESA2010)-NCBs - General government (ESA2010)-NCBs - Non-financial flows current prices - Percentage,XDC_R_B1GQ,0,Replace,2022-10-26T15:30:00.000+02:00,
RTD.A.S0.N.F_UMS_CGG_D0.F,A,S0,N,F_UMS_CGG_D0,F,1997,1.80148,A,F,,,P1Y,S,,,GFS.A.N.I10.W0.S13.S1._Z.B.B9P._Z._Z._Z.XDC_R_B1GQ._Z.S.V.N._T,,,,,,"See <a class=""external"" href=""http://sdw.ecb.europa.eu/web/generator/docu/rtdb_docu.pdf""> notes</a>; block Annual; series: G",,4,,,"Government primary deficit(-) or surplus(+), percent of GDP",Euro area (moving concept in the Real Time database context) - Primary deficit/surplus without UMTS proceeds - All sectors/ unspecified/ not applicable (ESA2010)-NCBs - General government (ESA2010)-NCBs - Non-financial flows current prices - Percentage,XDC_R_B1GQ,0,Replace,2022-10-26T15:30:00.000+02:00,
RTD.A.S0.N.F_UMS_CGG_D0.F,A,S0,N,F_UMS_CGG_D0,F,1998,2.02979,A,F,,,P1Y,S,,,GFS.A.N.I10.W0.S13.S1._Z.B.B9P._Z._Z._Z.XDC_R_B1GQ._Z.S.V.N._T,,,,,,"See <a class=""external"" href=""http://sdw.ecb.europa.eu/web/generator/docu/rtdb_docu.pdf""> notes</a>; block Annual; series: G",,4,,,"Government primary deficit(-) or surplus(+), percent of GDP",Euro area (moving concept in the Real Time database context) - Primary deficit/surplus without UMTS proceeds - All sectors/ unspecified/ not applicable (ESA2010)-NCBs - General government (ESA2010)-NCBs - Non-financial flows current prices - Percentage,XDC_R_B1GQ,0,Replace,2022-10-26T15:30:00.000+02:00,
RTD.A.S0.N.F_UMS_CGG_D0.F,A,S0,N,F_UMS_CGG_D0,F,1999,2.42748,A,F,,,P1Y,S,,,GFS.A.N.I10.W0.S13.S1._Z.B.B9P._Z._Z._Z.XDC_R_B1GQ._Z.S.V.N._T,,,,,,"See <a class=""external"" href=""http://sdw.ecb.europa.eu/web/generator/docu/rtdb_docu.pdf""> notes</a>; block Annual; series: G",,4,,,"Government primary deficit(-) or surplus(+), percent of GDP",Euro area (moving concept in the Real Time database context) - Primary deficit/surplus without UMTS proceeds - All sectors/ unspecified/ not applicable (ESA2010)-NCBs - General government (ESA2010)-NCBs - Non-financial flows current prices - Percentage,XDC_R_B1GQ,0,Replace,2022-10-26T15:30:00.000+02:00,
RTD.A.S0.N.F_UMS_CGG_D0.F,A,S0,N,F_UMS_CGG_D0,F,2000,2.53468,A,F,,,P1Y,S,,,GFS.A.N.I10.W0.S13.S1._Z.B.B9P._Z._Z._Z.XDC_R_B1GQ._Z.S.V.N._T,,,,,,"See <a class=""external"" href=""http://sdw.ecb.europa.eu/web/generator/docu/rtdb_docu.pdf""> notes</a>; block Annual; series: G",,4,,,"Government primary deficit(-) or surplus(+), percent of GDP",Euro area (moving concept in the Real Time database context) - Primary deficit/surplus without UMTS proceeds - All sectors/ unspecified/ not applicable (ESA2010)-NCBs - General government (ESA2010)-NCBs - Non-financial flows current prices - Percentage,XDC_R_B1GQ,0,Replace,2022-10-26T15:30:00.000+02:00,
RTD.A.S0.N.F_UMS_CGG_D0.F,A,S0,N,F_UMS_CGG_D0,F,2001,1.74669,A,F,,,P1Y,S,,,GFS.A.N.I10.W0.S13.S1._Z.B.B9P._Z._Z._Z.XDC_R_B1GQ._Z.S.V.N._T,,,,,,"See <a class=""external"" href=""http://sdw.ecb.europa.eu/web/generator/docu/rtdb_docu.pdf""> notes</a>; block Annual; series: G",,4,,,"Government primary deficit(-) or surplus(+), percent of GDP",Euro area (moving concept in the Real Time database context) - Primary deficit/surplus without UMTS proceeds - All sectors/ unspecified/ not applicable (ESA2010)-NCBs - General government (ESA2010)-NCBs - Non-financial flows current prices - Percentage,XDC_R_B1GQ,0,Replace,2022-10-26T15:30:00.000+02:00,
RTD.A.S0.N.F_UMS_CGG_D0.F,A,S0,N,F_UMS_CGG_D0,F,2002,0.78768,A,F,,,P1Y,S,,,GFS.A.N.I10.W0.S13.S1._Z.B.B9P._Z._Z._Z.XDC_R_B1GQ._Z.S.V.N._T,,,,,,"See <a class=""external"" href=""http://sdw.ecb.europa.eu/web/generator/docu/rtdb_docu.pdf""> notes</a>; block Annual; series: G",,4,,,"Government primary deficit(-) or surplus(+), percent of GDP",Euro area (moving concept in the Real Time database context) - Primary deficit/surplus without UMTS proceeds - All sectors/ unspecified/ not applicable (ESA2010)-NCBs - General government (ESA2010)-NCBs - Non-financial flows current prices - Percentage,XDC_R_B1GQ,0,Replace,2022-10-26T15:30:00.000+02:00,
RTD.A.S0.N.F_UMS_CGG_D0.F,A,S0,N,F_UMS_CGG_D0,F,2003,0.1407,A,F,,,P1Y,S,,,GFS.A.N.I10.W0.S13.S1._Z.B.B9P._Z._Z._Z.XDC_R_B1GQ._Z.S.V.N._T,,,,,,"See <a class=""external"" href=""http://sdw.ecb.europa.eu/web/generator/docu/rtdb_docu.pdf""> notes</a>; block Annual; series: G",,4,,,"Government primary deficit(-) or surplus(+), percent of GDP",Euro area (moving concept in the Real Time database context) - Primary deficit/surplus without UMTS proceeds - All sectors/ unspecified/ not applicable (ESA2010)-NCBs - General government (ESA2010)-NCBs - Non-financial flows current prices - Percentage,XDC_R_B1GQ,0,Replace,2022-10-26T15:30:00.000+02:00,
RTD.A.S0.N.F_UMS_CGG_D0.F,A,S0,N,F_UMS_CGG_D0,F,2004,0.1802,A,F,,,P1Y,S,,,GFS.A.N.I10.W0.S13.S1._Z.B.B9P._Z._Z._Z.XDC_R_B1GQ._Z.S.V.N._T,,,,,,"See <a class=""external"" href=""http://sdw.ecb.europa.eu/web/generator/docu/rtdb_docu.pdf""> notes</a>; block Annual; series: G",,4,,,"Government primary deficit(-) or surplus(+), percent of GDP",Euro area (moving concept in the Real Time database context) - Primary deficit/surplus without UMTS proceeds - All sectors/ unspecified/ not applicable (ESA2010)-NCBs - General government (ESA2010)-NCBs - Non-financial flows current prices - Percentage,XDC_R_B1GQ,0,Replace,2022-10-26T15:30:00.000+02:00,
RTD.A.S0.N.F_UMS_CGG_D0.F,A,S0,N,F_UMS_CGG_D0,F,2005,0.33705,A,F,,,P1Y,S,,,GFS.A.N.I10.W0.S13.S1._Z.B.B9P._Z._Z._Z.XDC_R_B1GQ._Z.S.V.N._T,,,,,,"See <a class=""external"" href=""http://sdw.ecb.europa.eu/web/generator/docu/rtdb_docu.pdf""> notes</a>; block Annual; series: G",,4,,,"Government primary deficit(-) or surplus(+), percent of GDP",Euro area (moving concept in the Real Time database context) - Primary deficit/surplus without UMTS proceeds - All sectors/ unspecified/ not applicable (ESA2010)-NCBs - General government (ESA2010)-NCBs - Non-financial flows current prices - Percentage,XDC_R_B1GQ,0,Replace,2022-10-26T15:30:00.000+02:00,
RTD.A.S0.N.F_UMS_CGG_D0.F,A,S0,N,F_UMS_CGG_D0,F,2006,1.31314,A,F,,,P1Y,S,,,GFS.A.N.I10.W0.S13.S1._Z.B.B9P._Z._Z._Z.XDC_R_B1GQ._Z.S.V.N._T,,,,,,"See <a class=""external"" href=""http://sdw.ecb.europa.eu/web/generator/docu/rtdb_docu.pdf""> notes</a>; block Annual; series: G",,4,,,"Government primary deficit(-) or surplus(+), percent of GDP",Euro area (moving concept in the Real Time database context) - Primary deficit/surplus without UMTS proceeds - All sectors/ unspecified/ not applicable (ESA2010)-NCBs - General government (ESA2010)-NCBs - Non-financial flows current prices - Percentage,XDC_R_B1GQ,0,Replace,2022-10-26T15:30:00.000+02:00,
RTD.A.S0.N.F_UMS_CGG_D0.F,A,S0,N,F_UMS_CGG_D0,F,2007,2.23105,A,F,,,P1Y,S,,,GFS.A.N.I10.W0.S13.S1._Z.B.B9P._Z._Z._Z.XDC_R_B1GQ._Z.S.V.N._T,,,,,,"See <a class=""external"" href=""http://sdw.ecb.europa.eu/web/generator/docu/rtdb_docu.pdf""> notes</a>; block Annual; series: G",,4,,,"Government primary deficit(-) or surplus(+), percent of GDP",Euro area (moving concept in the Real Time database context) - Primary deficit/surplus without UMTS proceeds - All sectors/ unspecified/ not applicable (ESA2010)-NCBs - General government (ESA2010)-NCBs - Non-financial flows current prices - Percentage,XDC_R_B1GQ,0,Replace,2022-10-26T15:30:00.000+02:00,
RTD.A.S0.N.F_UMS_CGG_D0.F,A,S0,N,F_UMS_CGG_D0,F,2008,0.79056,A,F,,,P1Y,S,,,GFS.A.N.I10.W0.S13.S1._Z.B.B9P._Z._Z._Z.XDC_R_B1GQ._Z.S.V.N._T,,,,,,"See <a class=""external"" href=""http://sdw.ecb.europa.eu/web/generator/docu/rtdb_docu.pdf""> notes</a>; block Annual; series: G",,4,,,"Government primary deficit(-) or surplus(+), percent of GDP",Euro area (moving concept in the Real Time database context) - Primary deficit/surplus without UMTS proceeds - All sectors/ unspecified/ not applicable (ESA2010)-NCBs - General government (ESA2010)-NCBs - Non-financial flows current prices - Percentage,XDC_R_B1GQ,0,Replace,2022-10-26T15:30:00.000+02:00,
RTD.A.S0.N.F_UMS_CGG_D0.F,A,S0,N,F_UMS_CGG_D0,F,2009,-3.40639,A,F,,,P1Y,S,,,GFS.A.N.I10.W0.S13.S1._Z.B.B9P._Z._Z._Z.XDC_R_B1GQ._Z.S.V.N._T,,,,,,"See <a class=""external"" href=""http://sdw.ecb.europa.eu/web/generator/docu/rtdb_docu.pdf""> notes</a>; block Annual; series: G",,4,,,"Government primary deficit(-) or surplus(+), percent of GDP",Euro area (moving concept in the Real Time database context) - Primary deficit/surplus without UMTS proceeds - All sectors/ unspecified/ not applicable (ESA2010)-NCBs - General government (ESA2010)-NCBs - Non-financial flows current prices - Percentage,XDC_R_B1GQ,0,Replace,2022-10-26T15:30:00.000+02:00,
RTD.A.S0.N.F_UMS_CGG_D0.F,A,S0,N,F_UMS_CGG_D0,F,2010,-3.50055,A,F,,,P1Y,S,,,GFS.A.N.I10.W0.S13.S1._Z.B.B9P._Z._Z._Z.XDC_R_B1GQ._Z.S.V.N._T,,,,,,"See <a class=""external"" href=""http://sdw.ecb.europa.eu/web/generator/docu/rtdb_docu.pdf""> notes</a>; block Annual; series: G",,4,,,"Government primary deficit(-) or surplus(+), percent of GDP",Euro area (moving concept in the Real Time database context) - Primary deficit/surplus without UMTS proceeds - All sectors/ unspecified/ not applicable (ESA2010)-NCBs - General government (ESA2010)-NCBs - Non-financial flows current prices - Percentage,XDC_R_B1GQ,0,Replace,2022-10-26T15:30:00.000+02:00,
RTD.A.S0.N.F_UMS_CGG_D0.F,A,S0,N,F_UMS_CGG_D0,F,2011,-1.23642,A,F,,,P1Y,S,,,GFS.A.N.I10.W0.S13.S1._Z.B.B9P._Z._Z._Z.XDC_R_B1GQ._Z.S.V.N._T,,,,,,"See <a class=""external"" href=""http://sdw.ecb.europa.eu/web/generator/docu/rtdb_docu.pdf""> notes</a>; block Annual; series: G",,4,,,"Government primary deficit(-) or surplus(+), percent of GDP",Euro area (moving concept in the Real Time database context) - Primary deficit/surplus without UMTS proceeds - All sectors/ unspecified/ not applicable (ESA2010)-NCBs - General government (ESA2010)-NCBs - Non-financial flows current prices - Percentage,XDC_R_B1GQ,0,Replace,2022-10-26T15:30:00.000+02:00,
RTD.A.S0.N.F_UMS_CGG_D0.F,A,S0,N,F_UMS_CGG_D0,F,2012,-0.76307,A,F,,,P1Y,S,,,GFS.A.N.I10.W0.S13.S1._Z.B.B9P._Z._Z._Z.XDC_R_B1GQ._Z.S.V.N._T,,,,,,"See <a class=""external"" href=""http://sdw.ecb.europa.eu/web/generator/docu/rtdb_docu.pdf""> notes</a>; block Annual; series: G",,4,,,"Government primary deficit(-) or surplus(+), percent of GDP",Euro area (moving concept in the Real Time database context) - Primary deficit/surplus without UMTS proceeds - All sectors/ unspecified/ not applicable (ESA2010)-NCBs - General government (ESA2010)-NCBs - Non-financial flows current prices - Percentage,XDC_R_B1GQ,0,Replace,2022-10-26T15:30:00.000+02:00,
RTD.A.S0.N.F_UMS_CGG_D0.F,A,S0,N,F_UMS_CGG_D0,F,2013,-0.28447,A,F,,,P1Y,S,,,GFS.A.N.I10.W0.S13.S1._Z.B.B9P._Z._Z._Z.XDC_R_B1GQ._Z.S.V.N._T,,,,,,"See <a class=""external"" href=""http://sdw.ecb.europa.eu/web/generator/docu/rtdb_docu.pdf""> notes</a>; block Annual; series: G",,4,,,"Government primary deficit(-) or surplus(+), percent of GDP",Euro area (moving concept in the Real Time database context) - Primary deficit/surplus without UMTS proceeds - All sectors/ unspecified/ not applicable (ESA2010)-NCBs - General government (ESA2010)-NCBs - Non-financial flows current prices - Percentage,XDC_R_B1GQ,0,Replace,2022-10-26T15:30:00.000+02:00,
RTD.A.S0.N.F_UMS_CGG_D0.F,A,S0,N,F_UMS_CGG_D0,F,2014,0.12477,A,F,,,P1Y,S,,,GFS.A.N.I10.W0.S13.S1._Z.B.B9P._Z._Z._Z.XDC_R_B1GQ._Z.S.V.N._T,,,,,,"See <a class=""external"" href=""http://sdw.ecb.europa.eu/web/generator/docu/rtdb_docu.pdf""> notes</a>; block Annual; series: G",,4,,,"Government primary deficit(-) or surplus(+), percent of GDP",Euro area (moving concept in the Real Time database context) - Primary deficit/surplus without UMTS proceeds - All sectors/ unspecified/ not applicable (ESA2010)-NCBs - General government (ESA2010)-NCBs - Non-financial flows current prices - Percentage,XDC_R_B1GQ,0,Replace,2022-10-26T15:30:00.000+02:00,
RTD.A.S0.N.F_UMS_CGG_D0.F,A,S0,N,F_UMS_CGG_D0,F,2015,0.33573,A,F,,,P1Y,S,,,GFS.A.N.I10.W0.S13.S1._Z.B.B9P._Z._Z._Z.XDC_R_B1GQ._Z.S.V.N._T,,,,,,"See <a class=""external"" href=""http://sdw.ecb.europa.eu/web/generator/docu/rtdb_docu.pdf""> notes</a>; block Annual; series: G",,4,,,"Government primary deficit(-) or surplus(+), percent of GDP",Euro area (moving concept in the Real Time database context) - Primary deficit/surplus without UMTS proceeds - All sectors/ unspecified/ not applicable (ESA2010)-NCBs - General government (ESA2010)-NCBs - Non-financial flows current prices - Percentage,XDC_R_B1GQ,0,Replace,2022-10-26T15:30:00.000+02:00,
RTD.A.S0.N.F_UMS_CGG_D0.F,A,S0,N,F_UMS_CGG_D0,F,2016,0.64646,A,F,,,P1Y,S,,,GFS.A.N.I10.W0.S13.S1._Z.B.B9P._Z._Z._Z.XDC_R_B1GQ._Z.S.V.N._T,,,,,,"See <a class=""external"" href=""http://sdw.ecb.europa.eu/web/generator/docu/rtdb_docu.pdf""> notes</a>; block Annual; series: G",,4,,,"Government primary deficit(-) or surplus(+), percent of GDP",Euro area (moving concept in the Real Time database context) - Primary deficit/surplus without UMTS proceeds - All sectors/ unspecified/ not applicable (ESA2010)-NCBs - General government (ESA2010)-NCBs - Non-financial flows current prices - Percentage,XDC_R_B1GQ,0,Replace,2022-10-26T15:30:00.000+02:00,
RTD.A.S0.N.F_UMS_CGG_D0.F,A,S0,N,F_UMS_CGG_D0,F,2017,1.00724,A,F,,,P1Y,S,,,GFS.A.N.I10.W0.S13.S1._Z.B.B9P._Z._Z._Z.XDC_R_B1GQ._Z.S.V.N._T,,,,,,"See <a class=""external"" href=""http://sdw.ecb.europa.eu/web/generator/docu/rtdb_docu.pdf""> notes</a>; block Annual; series: G",,4,,,"Government primary deficit(-) or surplus(+), percent of GDP",Euro area (moving concept in the Real Time database context) - Primary deficit/surplus without UMTS proceeds - All sectors/ unspecified/ not applicable (ESA2010)-NCBs - General government (ESA2010)-NCBs - Non-financial flows current prices - Percentage,XDC_R_B1GQ,0,Replace,2022-10-26T15:30:00.000+02:00,
RTD.A.S0.N.F_UMS_CGG_D0.F,A,S0,N,F_UMS_CGG_D0,F,2018,1.40333,A,F,,,P1Y,S,,,GFS.A.N.I10.W0.S13.S1._Z.B.B9P._Z._Z._Z.XDC_R_B1GQ._Z.S.V.N._T,,,,,,"See <a class=""external"" href=""http://sdw.ecb.europa.eu/web/generator/docu/rtdb_docu.pdf""> notes</a>; block Annual; series: G",,4,,,"Government primary deficit(-) or surplus(+), percent of GDP",Euro area (moving concept in the Real Time database context) - Primary deficit/surplus without UMTS proceeds - All sectors/ unspecified/ not applicable (ESA2010)-NCBs - General government (ESA2010)-NCBs - Non-financial flows current prices - Percentage,XDC_R_B1GQ,0,Replace,2022-10-26T15:30:00.000+02:00,
RTD.A.S0.N.F_UMS_CGG_D0.F,A,S0,N,F_UMS_CGG_D0,F,2019,0.98875,A,F,,,P1Y,S,,,GFS.A.N.I10.W0.S13.S1._Z.B.B9P._Z._Z._Z.XDC_R_B1GQ._Z.S.V.N._T,,,,,,"See <a class=""external"" href=""http://sdw.ecb.europa.eu/web/generator/docu/rtdb_docu.pdf""> notes</a>; block Annual; series: G",,4,,,"Government primary deficit(-) or surplus(+), percent of GDP",Euro area (moving concept in the Real Time database context) - Primary deficit/surplus without UMTS proceeds - All sectors/ unspecified/ not applicable (ESA2010)-NCBs - General government (ESA2010)-NCBs - Non-financial flows current prices - Percentage,XDC_R_B1GQ,0,Replace,2022-10-26T15:30:00.000+02:00,
RTD.A.S0.N.F_UMS_CGG_D0.F,A,S0,N,F_UMS_CGG_D0,F,2020,-5.5414,A,F,,,P1Y,S,,,GFS.A.N.I10.W0.S13.S1._Z.B.B9P._Z._Z._Z.XDC_R_B1GQ._Z.S.V.N._T,,,,,,"See <a class=""external"" href=""http://sdw.ecb.europa.eu/web/generator/docu/rtdb_docu.pdf""> notes</a>; block Annual; series: G",,4,,,"Government primary deficit(-) or surplus(+), percent of GDP",Euro area (moving concept in the Real Time database context) - Primary deficit/surplus without UMTS proceeds - All sectors/ unspecified/ not applicable (ESA2010)-NCBs - General government (ESA2010)-NCBs - Non-financial flows current prices - Percentage,XDC_R_B1GQ,0,Replace,2022-10-26T15:30:00.000+02:00,
RTD.A.S0.N.F_UMS_CGG_D0.F,A,S0,N,F_UMS_CGG_D0,F,2021,-3.65082,A,F,,,P1Y,S,,,GFS.A.N.I10.W0.S13.S1._Z.B.B9P._Z._Z._Z.XDC_R_B1GQ._Z.S.V.N._T,,,,,,"See <a class=""external"" href=""http://sdw.ecb.europa.eu/web/generator/docu/rtdb_docu.pdf""> notes</a>; block Annual; series: G",,4,,,"Government primary deficit(-) or surplus(+), percent of GDP",Euro area (moving concept in the Real Time database context) - Primary deficit/surplus without UMTS proceeds - All sectors/ unspecified/ not applicable (ESA2010)-NCBs - General government (ESA2010)-NCBs - Non-financial flows current prices - Percentage,XDC_R_B1GQ,0,Replace,2022-10-26T15:30:00.000+02:00,
RTD.A.S0.N.F_UMS_CGG_D0.F,A,S0,N,F_UMS_CGG_D0,F,1995,-1.9016,A,F,,,P1Y,S,,,GFS.A.N.I10.W0.S13.S1._Z.B.B9P._Z._Z._Z.XDC_R_B1GQ._Z.S.V.N._T,,,,,,"See <a class=""external"" href=""http://sdw.ecb.europa.eu/web/generator/docu/rtdb_docu.pdf""> notes</a>; block Annual; series: G",,4,,,"Government primary deficit(-) or surplus(+), percent of GDP",Euro area (moving concept in the Real Time database context) - Primary deficit/surplus without UMTS proceeds - All sectors/ unspecified/ not applicable (ESA2010)-NCBs - General government (ESA2010)-NCBs - Non-financial flows current prices - Percentage,XDC_R_B1GQ,0,Replace,2023-05-03T15:30:00.000+02:00,
RTD.A.S0.N.F_UMS_CGG_D0.F,A,S0,N,F_UMS_CGG_D0,F,1996,0.98803,A,F,,,P1Y,S,,,GFS.A.N.I10.W0.S13.S1._Z.B.B9P._Z._Z._Z.XDC_R_B1GQ._Z.S.V.N._T,,,,,,"See <a class=""external"" href=""http://sdw.ecb.europa.eu/web/generator/docu/rtdb_docu.pdf""> notes</a>; block Annual; series: G",,4,,,"Government primary deficit(-) or surplus(+), percent of GDP",Euro area (moving concept in the Real Time database context) - Primary deficit/surplus without UMTS proceeds - All sectors/ unspecified/ not applicable (ESA2010)-NCBs - General government (ESA2010)-NCBs - Non-financial flows current prices - Percentage,XDC_R_B1GQ,0,Replace,2023-05-03T15:30:00.000+02:00,
RTD.A.S0.N.F_UMS_CGG_D0.F,A,S0,N,F_UMS_CGG_D0,F,1997,1.80786,A,F,,,P1Y,S,,,GFS.A.N.I10.W0.S13.S1._Z.B.B9P._Z._Z._Z.XDC_R_B1GQ._Z.S.V.N._T,,,,,,"See <a class=""external"" href=""http://sdw.ecb.europa.eu/web/generator/docu/rtdb_docu.pdf""> notes</a>; block Annual; series: G",,4,,,"Government primary deficit(-) or surplus(+), percent of GDP",Euro area (moving concept in the Real Time database context) - Primary deficit/surplus without UMTS proceeds - All sectors/ unspecified/ not applicable (ESA2010)-NCBs - General government (ESA2010)-NCBs - Non-financial flows current prices - Percentage,XDC_R_B1GQ,0,Replace,2023-05-03T15:30:00.000+02:00,
RTD.A.S0.N.F_UMS_CGG_D0.F,A,S0,N,F_UMS_CGG_D0,F,1998,2.02641,A,F,,,P1Y,S,,,GFS.A.N.I10.W0.S13.S1._Z.B.B9P._Z._Z._Z.XDC_R_B1GQ._Z.S.V.N._T,,,,,,"See <a class=""external"" href=""http://sdw.ecb.europa.eu/web/generator/docu/rtdb_docu.pdf""> notes</a>; block Annual; series: G",,4,,,"Government primary deficit(-) or surplus(+), percent of GDP",Euro area (moving concept in the Real Time database context) - Primary deficit/surplus without UMTS proceeds - All sectors/ unspecified/ not applicable (ESA2010)-NCBs - General government (ESA2010)-NCBs - Non-financial flows current prices - Percentage,XDC_R_B1GQ,0,Replace,2023-05-03T15:30:00.000+02:00,
RTD.A.S0.N.F_UMS_CGG_D0.F,A,S0,N,F_UMS_CGG_D0,F,1999,2.39797,A,F,,,P1Y,S,,,GFS.A.N.I10.W0.S13.S1._Z.B.B9P._Z._Z._Z.XDC_R_B1GQ._Z.S.V.N._T,,,,,,"See <a class=""external"" href=""http://sdw.ecb.europa.eu/web/generator/docu/rtdb_docu.pdf""> notes</a>; block Annual; series: G",,4,,,"Government primary deficit(-) or surplus(+), percent of GDP",Euro area (moving concept in the Real Time database context) - Primary deficit/surplus without UMTS proceeds - All sectors/ unspecified/ not applicable (ESA2010)-NCBs - General government (ESA2010)-NCBs - Non-financial flows current prices - Percentage,XDC_R_B1GQ,0,Replace,2023-05-03T15:30:00.000+02:00,
RTD.A.S0.N.F_UMS_CGG_D0.F,A,S0,N,F_UMS_CGG_D0,F,2000,2.50405,A,F,,,P1Y,S,,,GFS.A.N.I10.W0.S13.S1._Z.B.B9P._Z._Z._Z.XDC_R_B1GQ._Z.S.V.N._T,,,,,,"See <a class=""external"" href=""http://sdw.ecb.europa.eu/web/generator/docu/rtdb_docu.pdf""> notes</a>; block Annual; series: G",,4,,,"Government primary deficit(-) or surplus(+), percent of GDP",Euro area (moving concept in the Real Time database context) - Primary deficit/surplus without UMTS proceeds - All sectors/ unspecified/ not applicable (ESA2010)-NCBs - General government (ESA2010)-NCBs - Non-financial flows current prices - Percentage,XDC_R_B1GQ,0,Replace,2023-05-03T15:30:00.000+02:00,
RTD.A.S0.N.F_UMS_CGG_D0.F,A,S0,N,F_UMS_CGG_D0,F,2001,1.73256,A,F,,,P1Y,S,,,GFS.A.N.I10.W0.S13.S1._Z.B.B9P._Z._Z._Z.XDC_R_B1GQ._Z.S.V.N._T,,,,,,"See <a class=""external"" href=""http://sdw.ecb.europa.eu/web/generator/docu/rtdb_docu.pdf""> notes</a>; block Annual; series: G",,4,,,"Government primary deficit(-) or surplus(+), percent of GDP",Euro area (moving concept in the Real Time database context) - Primary deficit/surplus without UMTS proceeds - All sectors/ unspecified/ not applicable (ESA2010)-NCBs - General government (ESA2010)-NCBs - Non-financial flows current prices - Percentage,XDC_R_B1GQ,0,Replace,2023-05-03T15:30:00.000+02:00,
RTD.A.S0.N.F_UMS_CGG_D0.F,A,S0,N,F_UMS_CGG_D0,F,2002,0.77383,A,F,,,P1Y,S,,,GFS.A.N.I10.W0.S13.S1._Z.B.B9P._Z._Z._Z.XDC_R_B1GQ._Z.S.V.N._T,,,,,,"See <a class=""external"" href=""http://sdw.ecb.europa.eu/web/generator/docu/rtdb_docu.pdf""> notes</a>; block Annual; series: G",,4,,,"Government primary deficit(-) or surplus(+), percent of GDP",Euro area (moving concept in the Real Time database context) - Primary deficit/surplus without UMTS proceeds - All sectors/ unspecified/ not applicable (ESA2010)-NCBs - General government (ESA2010)-NCBs - Non-financial flows current prices - Percentage,XDC_R_B1GQ,0,Replace,2023-05-03T15:30:00.000+02:00,
RTD.A.S0.N.F_UMS_CGG_D0.F,A,S0,N,F_UMS_CGG_D0,F,2003,0.12849,A,F,,,P1Y,S,,,GFS.A.N.I10.W0.S13.S1._Z.B.B9P._Z._Z._Z.XDC_R_B1GQ._Z.S.V.N._T,,,,,,"See <a class=""external"" href=""http://sdw.ecb.europa.eu/web/generator/docu/rtdb_docu.pdf""> notes</a>; block Annual; series: G",,4,,,"Government primary deficit(-) or surplus(+), percent of GDP",Euro area (moving concept in the Real Time database context) - Primary deficit/surplus without UMTS proceeds - All sectors/ unspecified/ not applicable (ESA2010)-NCBs - General government (ESA2010)-NCBs - Non-financial flows current prices - Percentage,XDC_R_B1GQ,0,Replace,2023-05-03T15:30:00.000+02:00,
RTD.A.S0.N.F_UMS_CGG_D0.F,A,S0,N,F_UMS_CGG_D0,F,2004,0.16316,A,F,,,P1Y,S,,,GFS.A.N.I10.W0.S13.S1._Z.B.B9P._Z._Z._Z.XDC_R_B1GQ._Z.S.V.N._T,,,,,,"See <a class=""external"" href=""http://sdw.ecb.europa.eu/web/generator/docu/rtdb_docu.pdf""> notes</a>; block Annual; series: G",,4,,,"Government primary deficit(-) or surplus(+), percent of GDP",Euro area (moving concept in the Real Time database context) - Primary deficit/surplus without UMTS proceeds - All sectors/ unspecified/ not applicable (ESA2010)-NCBs - General government (ESA2010)-NCBs - Non-financial flows current prices - Percentage,XDC_R_B1GQ,0,Replace,2023-05-03T15:30:00.000+02:00,
RTD.A.S0.N.F_UMS_CGG_D0.F,A,S0,N,F_UMS_CGG_D0,F,2005,0.33022,A,F,,,P1Y,S,,,GFS.A.N.I10.W0.S13.S1._Z.B.B9P._Z._Z._Z.XDC_R_B1GQ._Z.S.V.N._T,,,,,,"See <a class=""external"" href=""http://sdw.ecb.europa.eu/web/generator/docu/rtdb_docu.pdf""> notes</a>; block Annual; series: G",,4,,,"Government primary deficit(-) or surplus(+), percent of GDP",Euro area (moving concept in the Real Time database context) - Primary deficit/surplus without UMTS proceeds - All sectors/ unspecified/ not applicable (ESA2010)-NCBs - General government (ESA2010)-NCBs - Non-financial flows current prices - Percentage,XDC_R_B1GQ,0,Replace,2023-05-03T15:30:00.000+02:00,
RTD.A.S0.N.F_UMS_CGG_D0.F,A,S0,N,F_UMS_CGG_D0,F,2006,1.30635,A,F,,,P1Y,S,,,GFS.A.N.I10.W0.S13.S1._Z.B.B9P._Z._Z._Z.XDC_R_B1GQ._Z.S.V.N._T,,,,,,"See <a class=""external"" href=""http://sdw.ecb.europa.eu/web/generator/docu/rtdb_docu.pdf""> notes</a>; block Annual; series: G",,4,,,"Government primary deficit(-) or surplus(+), percent of GDP",Euro area (moving concept in the Real Time database context) - Primary deficit/surplus without UMTS proceeds - All sectors/ unspecified/ not applicable (ESA2010)-NCBs - General government (ESA2010)-NCBs - Non-financial flows current prices - Percentage,XDC_R_B1GQ,0,Replace,2023-05-03T15:30:00.000+02:00,
RTD.A.S0.N.F_UMS_CGG_D0.F,A,S0,N,F_UMS_CGG_D0,F,2007,2.21866,A,F,,,P1Y,S,,,GFS.A.N.I10.W0.S13.S1._Z.B.B9P._Z._Z._Z.XDC_R_B1GQ._Z.S.V.N._T,,,,,,"See <a class=""external"" href=""http://sdw.ecb.europa.eu/web/generator/docu/rtdb_docu.pdf""> notes</a>; block Annual; series: G",,4,,,"Government primary deficit(-) or surplus(+), percent of GDP",Euro area (moving concept in the Real Time database context) - Primary deficit/surplus without UMTS proceeds - All sectors/ unspecified/ not applicable (ESA2010)-NCBs - General government (ESA2010)-NCBs - Non-financial flows current prices - Percentage,XDC_R_B1GQ,0,Replace,2023-05-03T15:30:00.000+02:00,
RTD.A.S0.N.F_UMS_CGG_D0.F,A,S0,N,F_UMS_CGG_D0,F,2008,0.78404,A,F,,,P1Y,S,,,GFS.A.N.I10.W0.S13.S1._Z.B.B9P._Z._Z._Z.XDC_R_B1GQ._Z.S.V.N._T,,,,,,"See <a class=""external"" href=""http://sdw.ecb.europa.eu/web/generator/docu/rtdb_docu.pdf""> notes</a>; block Annual; series: G",,4,,,"Government primary deficit(-) or surplus(+), percent of GDP",Euro area (moving concept in the Real Time database context) - Primary deficit/surplus without UMTS proceeds - All sectors/ unspecified/ not applicable (ESA2010)-NCBs - General government (ESA2010)-NCBs - Non-financial flows current prices - Percentage,XDC_R_B1GQ,0,Replace,2023-05-03T15:30:00.000+02:00,
RTD.A.S0.N.F_UMS_CGG_D0.F,A,S0,N,F_UMS_CGG_D0,F,2009,-3.41319,A,F,,,P1Y,S,,,GFS.A.N.I10.W0.S13.S1._Z.B.B9P._Z._Z._Z.XDC_R_B1GQ._Z.S.V.N._T,,,,,,"See <a class=""external"" href=""http://sdw.ecb.europa.eu/web/generator/docu/rtdb_docu.pdf""> notes</a>; block Annual; series: G",,4,,,"Government primary deficit(-) or surplus(+), percent of GDP",Euro area (moving concept in the Real Time database context) - Primary deficit/surplus without UMTS proceeds - All sectors/ unspecified/ not applicable (ESA2010)-NCBs - General government (ESA2010)-NCBs - Non-financial flows current prices - Percentage,XDC_R_B1GQ,0,Replace,2023-05-03T15:30:00.000+02:00,
RTD.A.S0.N.F_UMS_CGG_D0.F,A,S0,N,F_UMS_CGG_D0,F,2010,-3.50427,A,F,,,P1Y,S,,,GFS.A.N.I10.W0.S13.S1._Z.B.B9P._Z._Z._Z.XDC_R_B1GQ._Z.S.V.N._T,,,,,,"See <a class=""external"" href=""http://sdw.ecb.europa.eu/web/generator/docu/rtdb_docu.pdf""> notes</a>; block Annual; series: G",,4,,,"Government primary deficit(-) or surplus(+), percent of GDP",Euro area (moving concept in the Real Time database context) - Primary deficit/surplus without UMTS proceeds - All sectors/ unspecified/ not applicable (ESA2010)-NCBs - General government (ESA2010)-NCBs - Non-financial flows current prices - Percentage,XDC_R_B1GQ,0,Replace,2023-05-03T15:30:00.000+02:00,
RTD.A.S0.N.F_UMS_CGG_D0.F,A,S0,N,F_UMS_CGG_D0,F,2011,-1.25357,A,F,,,P1Y,S,,,GFS.A.N.I10.W0.S13.S1._Z.B.B9P._Z._Z._Z.XDC_R_B1GQ._Z.S.V.N._T,,,,,,"See <a class=""external"" href=""http://sdw.ecb.europa.eu/web/generator/docu/rtdb_docu.pdf""> notes</a>; block Annual; series: G",,4,,,"Government primary deficit(-) or surplus(+), percent of GDP",Euro area (moving concept in the Real Time database context) - Primary deficit/surplus without UMTS proceeds - All sectors/ unspecified/ not applicable (ESA2010)-NCBs - General government (ESA2010)-NCBs - Non-financial flows current prices - Percentage,XDC_R_B1GQ,0,Replace,2023-05-03T15:30:00.000+02:00,
RTD.A.S0.N.F_UMS_CGG_D0.F,A,S0,N,F_UMS_CGG_D0,F,2012,-0.77075,A,F,,,P1Y,S,,,GFS.A.N.I10.W0.S13.S1._Z.B.B9P._Z._Z._Z.XDC_R_B1GQ._Z.S.V.N._T,,,,,,"See <a class=""external"" href=""http://sdw.ecb.europa.eu/web/generator/docu/rtdb_docu.pdf""> notes</a>; block Annual; series: G",,4,,,"Government primary deficit(-) or surplus(+), percent of GDP",Euro area (moving concept in the Real Time database context) - Primary deficit/surplus without UMTS proceeds - All sectors/ unspecified/ not applicable (ESA2010)-NCBs - General government (ESA2010)-NCBs - Non-financial flows current prices - Percentage,XDC_R_B1GQ,0,Replace,2023-05-03T15:30:00.000+02:00,
RTD.A.S0.N.F_UMS_CGG_D0.F,A,S0,N,F_UMS_CGG_D0,F,2013,-0.29419,A,F,,,P1Y,S,,,GFS.A.N.I10.W0.S13.S1._Z.B.B9P._Z._Z._Z.XDC_R_B1GQ._Z.S.V.N._T,,,,,,"See <a class=""external"" href=""http://sdw.ecb.europa.eu/web/generator/docu/rtdb_docu.pdf""> notes</a>; block Annual; series: G",,4,,,"Government primary deficit(-) or surplus(+), percent of GDP",Euro area (moving concept in the Real Time database context) - Primary deficit/surplus without UMTS proceeds - All sectors/ unspecified/ not applicable (ESA2010)-NCBs - General government (ESA2010)-NCBs - Non-financial flows current prices - Percentage,XDC_R_B1GQ,0,Replace,2023-05-03T15:30:00.000+02:00,
RTD.A.S0.N.F_UMS_CGG_D0.F,A,S0,N,F_UMS_CGG_D0,F,2014,0.11658,A,F,,,P1Y,S,,,GFS.A.N.I10.W0.S13.S1._Z.B.B9P._Z._Z._Z.XDC_R_B1GQ._Z.S.V.N._T,,,,,,"See <a class=""external"" href=""http://sdw.ecb.europa.eu/web/generator/docu/rtdb_docu.pdf""> notes</a>; block Annual; series: G",,4,,,"Government primary deficit(-) or surplus(+), percent of GDP",Euro area (moving concept in the Real Time database context) - Primary deficit/surplus without UMTS proceeds - All sectors/ unspecified/ not applicable (ESA2010)-NCBs - General government (ESA2010)-NCBs - Non-financial flows current prices - Percentage,XDC_R_B1GQ,0,Replace,2023-05-03T15:30:00.000+02:00,
RTD.A.S0.N.F_UMS_CGG_D0.F,A,S0,N,F_UMS_CGG_D0,F,2015,0.33395,A,F,,,P1Y,S,,,GFS.A.N.I10.W0.S13.S1._Z.B.B9P._Z._Z._Z.XDC_R_B1GQ._Z.S.V.N._T,,,,,,"See <a class=""external"" href=""http://sdw.ecb.europa.eu/web/generator/docu/rtdb_docu.pdf""> notes</a>; block Annual; series: G",,4,,,"Government primary deficit(-) or surplus(+), percent of GDP",Euro area (moving concept in the Real Time database context) - Primary deficit/surplus without UMTS proceeds - All sectors/ unspecified/ not applicable (ESA2010)-NCBs - General government (ESA2010)-NCBs - Non-financial flows current prices - Percentage,XDC_R_B1GQ,0,Replace,2023-05-03T15:30:00.000+02:00,
RTD.A.S0.N.F_UMS_CGG_D0.F,A,S0,N,F_UMS_CGG_D0,F,2016,0.65242,A,F,,,P1Y,S,,,GFS.A.N.I10.W0.S13.S1._Z.B.B9P._Z._Z._Z.XDC_R_B1GQ._Z.S.V.N._T,,,,,,"See <a class=""external"" href=""http://sdw.ecb.europa.eu/web/generator/docu/rtdb_docu.pdf""> notes</a>; block Annual; series: G",,4,,,"Government primary deficit(-) or surplus(+), percent of GDP",Euro area (moving concept in the Real Time database context) - Primary deficit/surplus without UMTS proceeds - All sectors/ unspecified/ not applicable (ESA2010)-NCBs - General government (ESA2010)-NCBs - Non-financial flows current prices - Percentage,XDC_R_B1GQ,0,Replace,2023-05-03T15:30:00.000+02:00,
RTD.A.S0.N.F_UMS_CGG_D0.F,A,S0,N,F_UMS_CGG_D0,F,2017,1.01707,A,F,,,P1Y,S,,,GFS.A.N.I10.W0.S13.S1._Z.B.B9P._Z._Z._Z.XDC_R_B1GQ._Z.S.V.N._T,,,,,,"See <a class=""external"" href=""http://sdw.ecb.europa.eu/web/generator/docu/rtdb_docu.pdf""> notes</a>; block Annual; series: G",,4,,,"Government primary deficit(-) or surplus(+), percent of GDP",Euro area (moving concept in the Real Time database context) - Primary deficit/surplus without UMTS proceeds - All sectors/ unspecified/ not applicable (ESA2010)-NCBs - General government (ESA2010)-NCBs - Non-financial flows current prices - Percentage,XDC_R_B1GQ,0,Replace,2023-05-03T15:30:00.000+02:00,
RTD.A.S0.N.F_UMS_CGG_D0.F,A,S0,N,F_UMS_CGG_D0,F,2018,1.40687,A,F,,,P1Y,S,,,GFS.A.N.I10.W0.S13.S1._Z.B.B9P._Z._Z._Z.XDC_R_B1GQ._Z.S.V.N._T,,,,,,"See <a class=""external"" href=""http://sdw.ecb.europa.eu/web/generator/docu/rtdb_docu.pdf""> notes</a>; block Annual; series: G",,4,,,"Government primary deficit(-) or surplus(+), percent of GDP",Euro area (moving concept in the Real Time database context) - Primary deficit/surplus without UMTS proceeds - All sectors/ unspecified/ not applicable (ESA2010)-NCBs - General government (ESA2010)-NCBs - Non-financial flows current prices - Percentage,XDC_R_B1GQ,0,Replace,2023-05-03T15:30:00.000+02:00,
RTD.A.S0.N.F_UMS_CGG_D0.F,A,S0,N,F_UMS_CGG_D0,F,2019,0.98936,A,F,,,P1Y,S,,,GFS.A.N.I10.W0.S13.S1._Z.B.B9P._Z._Z._Z.XDC_R_B1GQ._Z.S.V.N._T,,,,,,"See <a class=""external"" href=""http://sdw.ecb.europa.eu/web/generator/docu/rtdb_docu.pdf""> notes</a>; block Annual; series: G",,4,,,"Government primary deficit(-) or surplus(+), percent of GDP",Euro area (moving concept in the Real Time database context) - Primary deficit/surplus without UMTS proceeds - All sectors/ unspecified/ not applicable (ESA2010)-NCBs - General government (ESA2010)-NCBs - Non-financial flows current prices - Percentage,XDC_R_B1GQ,0,Replace,2023-05-03T15:30:00.000+02:00,
RTD.A.S0.N.F_UMS_CGG_D0.F,A,S0,N,F_UMS_CGG_D0,F,2020,-5.56263,A,F,,,P1Y,S,,,GFS.A.N.I10.W0.S13.S1._Z.B.B9P._Z._Z._Z.XDC_R_B1GQ._Z.S.V.N._T,,,,,,"See <a class=""external"" href=""http://sdw.ecb.europa.eu/web/generator/docu/rtdb_docu.pdf""> notes</a>; block Annual; series: G",,4,,,"Government primary deficit(-) or surplus(+), percent of GDP",Euro area (moving concept in the Real Time database context) - Primary deficit/surplus without UMTS proceeds - All sectors/ unspecified/ not applicable (ESA2010)-NCBs - General government (ESA2010)-NCBs - Non-financial flows current prices - Percentage,XDC_R_B1GQ,0,Replace,2023-05-03T15:30:00.000+02:00,
RTD.A.S0.N.F_UMS_CGG_D0.F,A,S0,N,F_UMS_CGG_D0,F,2021,-3.86009,A,F,,,P1Y,S,,,GFS.A.N.I10.W0.S13.S1._Z.B.B9P._Z._Z._Z.XDC_R_B1GQ._Z.S.V.N._T,,,,,,"See <a class=""external"" href=""http://sdw.ecb.europa.eu/web/generator/docu/rtdb_docu.pdf""> notes</a>; block Annual; series: G",,4,,,"Government primary deficit(-) or surplus(+), percent of GDP",Euro area (moving concept in the Real Time database context) - Primary deficit/surplus without UMTS proceeds - All sectors/ unspecified/ not applicable (ESA2010)-NCBs - General government (ESA2010)-NCBs - Non-financial flows current prices - Percentage,XDC_R_B1GQ,0,Replace,2023-05-03T15:30:00.000+02:00,
RTD.A.S0.N.F_UMS_CGG_D0.F,A,S0,N,F_UMS_CGG_D0,F,2020,-5.56262,A,F,,,P1Y,S,,,GFS.A.N.I10.W0.S13.S1._Z.B.B9P._Z._Z._Z.XDC_R_B1GQ._Z.S.V.N._T,,,,,,"See <a class=""external"" href=""http://sdw.ecb.europa.eu/web/generator/docu/rtdb_docu.pdf""> notes</a>; block Annual; series: G",,4,,,"Government primary deficit(-) or surplus(+), percent of GDP",Euro area (moving concept in the Real Time database context) - Primary deficit/surplus without UMTS proceeds - All sectors/ unspecified/ not applicable (ESA2010)-NCBs - General government (ESA2010)-NCBs - Non-financial flows current prices - Percentage,XDC_R_B1GQ,0,Replace,2023-06-14T15:30:00.000+02:00,
RTD.A.S0.N.F_UMS_CGG_D0.F,A,S0,N,F_UMS_CGG_D0,F,2021,-3.86007,A,F,,,P1Y,S,,,GFS.A.N.I10.W0.S13.S1._Z.B.B9P._Z._Z._Z.XDC_R_B1GQ._Z.S.V.N._T,,,,,,"See <a class=""external"" href=""http://sdw.ecb.europa.eu/web/generator/docu/rtdb_docu.pdf""> notes</a>; block Annual; series: G",,4,,,"Government primary deficit(-) or surplus(+), percent of GDP",Euro area (moving concept in the Real Time database context) - Primary deficit/surplus without UMTS proceeds - All sectors/ unspecified/ not applicable (ESA2010)-NCBs - General government (ESA2010)-NCBs - Non-financial flows current prices - Percentage,XDC_R_B1GQ,0,Replace,2023-06-14T15:30:00.000+02:00,
RTD.A.S0.N.F_UMS_CGG_D0.F,A,S0,N,F_UMS_CGG_D0,F,2022,-1.95361,A,F,,,P1Y,S,,,GFS.A.N.I10.W0.S13.S1._Z.B.B9P._Z._Z._Z.XDC_R_B1GQ._Z.S.V.N._T,,,,,,"See <a class=""external"" href=""http://sdw.ecb.europa.eu/web/generator/docu/rtdb_docu.pdf""> notes</a>; block Annual; series: G",,4,,,"Government primary deficit(-) or surplus(+), percent of GDP",Euro area (moving concept in the Real Time database context) - Primary deficit/surplus without UMTS proceeds - All sectors/ unspecified/ not applicable (ESA2010)-NCBs - General government (ESA2010)-NCBs - Non-financial flows current prices - Percentage,XDC_R_B1GQ,0,Replace,2023-07-26T15:30:00.000+02:00,
RTD.A.S0.N.F_UMS_CGG_D0.F,A,S0,N,F_UMS_CGG_D0,F,1995,-1.90162,A,F,,,P1Y,S,,,GFS.A.N.I10.W0.S13.S1._Z.B.B9P._Z._Z._Z.XDC_R_B1GQ._Z.S.V.N._T,,,,,,"See <a class=""external"" href=""http://sdw.ecb.europa.eu/web/generator/docu/rtdb_docu.pdf""> notes</a>; block Annual; series: G",,4,,,"Government primary deficit(-) or surplus(+), percent of GDP",Euro area (moving concept in the Real Time database context) - Primary deficit/surplus without UMTS proceeds - All sectors/ unspecified/ not applicable (ESA2010)-NCBs - General government (ESA2010)-NCBs - Non-financial flows current prices - Percentage,XDC_R_B1GQ,0,Replace,2023-10-25T15:30:00.000+02:00,
RTD.A.S0.N.F_UMS_CGG_D0.F,A,S0,N,F_UMS_CGG_D0,F,1997,1.80788,A,F,,,P1Y,S,,,GFS.A.N.I10.W0.S13.S1._Z.B.B9P._Z._Z._Z.XDC_R_B1GQ._Z.S.V.N._T,,,,,,"See <a class=""external"" href=""http://sdw.ecb.europa.eu/web/generator/docu/rtdb_docu.pdf""> notes</a>; block Annual; series: G",,4,,,"Government primary deficit(-) or surplus(+), percent of GDP",Euro area (moving concept in the Real Time database context) - Primary deficit/surplus without UMTS proceeds - All sectors/ unspecified/ not applicable (ESA2010)-NCBs - General government (ESA2010)-NCBs - Non-financial flows current prices - Percentage,XDC_R_B1GQ,0,Replace,2023-10-25T15:30:00.000+02:00,
RTD.A.S0.N.F_UMS_CGG_D0.F,A,S0,N,F_UMS_CGG_D0,F,1998,2.02639,A,F,,,P1Y,S,,,GFS.A.N.I10.W0.S13.S1._Z.B.B9P._Z._Z._Z.XDC_R_B1GQ._Z.S.V.N._T,,,,,,"See <a class=""external"" href=""http://sdw.ecb.europa.eu/web/generator/docu/rtdb_docu.pdf""> notes</a>; block Annual; series: G",,4,,,"Government primary deficit(-) or surplus(+), percent of GDP",Euro area (moving concept in the Real Time database context) - Primary deficit/surplus without UMTS proceeds - All sectors/ unspecified/ not applicable (ESA2010)-NCBs - General government (ESA2010)-NCBs - Non-financial flows current prices - Percentage,XDC_R_B1GQ,0,Replace,2023-10-25T15:30:00.000+02:00,
RTD.A.S0.N.F_UMS_CGG_D0.F,A,S0,N,F_UMS_CGG_D0,F,1999,2.398,A,F,,,P1Y,S,,,GFS.A.N.I10.W0.S13.S1._Z.B.B9P._Z._Z._Z.XDC_R_B1GQ._Z.S.V.N._T,,,,,,"See <a class=""external"" href=""http://sdw.ecb.europa.eu/web/generator/docu/rtdb_docu.pdf""> notes</a>; block Annual; series: G",,4,,,"Government primary deficit(-) or surplus(+), percent of GDP",Euro area (moving concept in the Real Time database context) - Primary deficit/surplus without UMTS proceeds - All sectors/ unspecified/ not applicable (ESA2010)-NCBs - General government (ESA2010)-NCBs - Non-financial flows current prices - Percentage,XDC_R_B1GQ,0,Replace,2023-10-25T15:30:00.000+02:00,
RTD.A.S0.N.F_UMS_CGG_D0.F,A,S0,N,F_UMS_CGG_D0,F,2001,1.73258,A,F,,,P1Y,S,,,GFS.A.N.I10.W0.S13.S1._Z.B.B9P._Z._Z._Z.XDC_R_B1GQ._Z.S.V.N._T,,,,,,"See <a class=""external"" href=""http://sdw.ecb.europa.eu/web/generator/docu/rtdb_docu.pdf""> notes</a>; block Annual; series: G",,4,,,"Government primary deficit(-) or surplus(+), percent of GDP",Euro area (moving concept in the Real Time database context) - Primary deficit/surplus without UMTS proceeds - All sectors/ unspecified/ not applicable (ESA2010)-NCBs - General government (ESA2010)-NCBs - Non-financial flows current prices - Percentage,XDC_R_B1GQ,0,Replace,2023-10-25T15:30:00.000+02:00,
RTD.A.S0.N.F_UMS_CGG_D0.F,A,S0,N,F_UMS_CGG_D0,F,2002,0.77385,A,F,,,P1Y,S,,,GFS.A.N.I10.W0.S13.S1._Z.B.B9P._Z._Z._Z.XDC_R_B1GQ._Z.S.V.N._T,,,,,,"See <a class=""external"" href=""http://sdw.ecb.europa.eu/web/generator/docu/rtdb_docu.pdf""> notes</a>; block Annual; series: G",,4,,,"Government primary deficit(-) or surplus(+), percent of GDP",Euro area (moving concept in the Real Time database context) - Primary deficit/surplus without UMTS proceeds - All sectors/ unspecified/ not applicable (ESA2010)-NCBs - General government (ESA2010)-NCBs - Non-financial flows current prices - Percentage,XDC_R_B1GQ,0,Replace,2023-10-25T15:30:00.000+02:00,
RTD.A.S0.N.F_UMS_CGG_D0.F,A,S0,N,F_UMS_CGG_D0,F,2005,0.33023,A,F,,,P1Y,S,,,GFS.A.N.I10.W0.S13.S1._Z.B.B9P._Z._Z._Z.XDC_R_B1GQ._Z.S.V.N._T,,,,,,"See <a class=""external"" href=""http://sdw.ecb.europa.eu/web/generator/docu/rtdb_docu.pdf""> notes</a>; block Annual; series: G",,4,,,"Government primary deficit(-) or surplus(+), percent of GDP",Euro area (moving concept in the Real Time database context) - Primary deficit/surplus without UMTS proceeds - All sectors/ unspecified/ not applicable (ESA2010)-NCBs - General government (ESA2010)-NCBs - Non-financial flows current prices - Percentage,XDC_R_B1GQ,0,Replace,2023-10-25T15:30:00.000+02:00,
RTD.A.S0.N.F_UMS_CGG_D0.F,A,S0,N,F_UMS_CGG_D0,F,2007,2.21864,A,F,,,P1Y,S,,,GFS.A.N.I10.W0.S13.S1._Z.B.B9P._Z._Z._Z.XDC_R_B1GQ._Z.S.V.N._T,,,,,,"See <a class=""external"" href=""http://sdw.ecb.europa.eu/web/generator/docu/rtdb_docu.pdf""> notes</a>; block Annual; series: G",,4,,,"Government primary deficit(-) or surplus(+), percent of GDP",Euro area (moving concept in the Real Time database context) - Primary deficit/surplus without UMTS proceeds - All sectors/ unspecified/ not applicable (ESA2010)-NCBs - General government (ESA2010)-NCBs - Non-financial flows current prices - Percentage,XDC_R_B1GQ,0,Replace,2023-10-25T15:30:00.000+02:00,
RTD.A.S0.N.F_UMS_CGG_D0.F,A,S0,N,F_UMS_CGG_D0,F,2008,0.78403,A,F,,,P1Y,S,,,GFS.A.N.I10.W0.S13.S1._Z.B.B9P._Z._Z._Z.XDC_R_B1GQ._Z.S.V.N._T,,,,,,"See <a class=""external"" href=""http://sdw.ecb.europa.eu/web/generator/docu/rtdb_docu.pdf""> notes</a>; block Annual; series: G",,4,,,"Government primary deficit(-) or surplus(+), percent of GDP",Euro area (moving concept in the Real Time database context) - Primary deficit/surplus without UMTS proceeds - All sectors/ unspecified/ not applicable (ESA2010)-NCBs - General government (ESA2010)-NCBs - Non-financial flows current prices - Percentage,XDC_R_B1GQ,0,Replace,2023-10-25T15:30:00.000+02:00,
RTD.A.S0.N.F_UMS_CGG_D0.F,A,S0,N,F_UMS_CGG_D0,F,2009,-3.41315,A,F,,,P1Y,S,,,GFS.A.N.I10.W0.S13.S1._Z.B.B9P._Z._Z._Z.XDC_R_B1GQ._Z.S.V.N._T,,,,,,"See <a class=""external"" href=""http://sdw.ecb.europa.eu/web/generator/docu/rtdb_docu.pdf""> notes</a>; block Annual; series: G",,4,,,"Government primary deficit(-) or surplus(+), percent of GDP",Euro area (moving concept in the Real Time database context) - Primary deficit/surplus without UMTS proceeds - All sectors/ unspecified/ not applicable (ESA2010)-NCBs - General government (ESA2010)-NCBs - Non-financial flows current prices - Percentage,XDC_R_B1GQ,0,Replace,2023-10-25T15:30:00.000+02:00,
RTD.A.S0.N.F_UMS_CGG_D0.F,A,S0,N,F_UMS_CGG_D0,F,2010,-3.50423,A,F,,,P1Y,S,,,GFS.A.N.I10.W0.S13.S1._Z.B.B9P._Z._Z._Z.XDC_R_B1GQ._Z.S.V.N._T,,,,,,"See <a class=""external"" href=""http://sdw.ecb.europa.eu/web/generator/docu/rtdb_docu.pdf""> notes</a>; block Annual; series: G",,4,,,"Government primary deficit(-) or surplus(+), percent of GDP",Euro area (moving concept in the Real Time database context) - Primary deficit/surplus without UMTS proceeds - All sectors/ unspecified/ not applicable (ESA2010)-NCBs - General government (ESA2010)-NCBs - Non-financial flows current prices - Percentage,XDC_R_B1GQ,0,Replace,2023-10-25T15:30:00.000+02:00,
RTD.A.S0.N.F_UMS_CGG_D0.F,A,S0,N,F_UMS_CGG_D0,F,2011,-1.25358,A,F,,,P1Y,S,,,GFS.A.N.I10.W0.S13.S1._Z.B.B9P._Z._Z._Z.XDC_R_B1GQ._Z.S.V.N._T,,,,,,"See <a class=""external"" href=""http://sdw.ecb.europa.eu/web/generator/docu/rtdb_docu.pdf""> notes</a>; block Annual; series: G",,4,,,"Government primary deficit(-) or surplus(+), percent of GDP",Euro area (moving concept in the Real Time database context) - Primary deficit/surplus without UMTS proceeds - All sectors/ unspecified/ not applicable (ESA2010)-NCBs - General government (ESA2010)-NCBs - Non-financial flows current prices - Percentage,XDC_R_B1GQ,0,Replace,2023-10-25T15:30:00.000+02:00,
RTD.A.S0.N.F_UMS_CGG_D0.F,A,S0,N,F_UMS_CGG_D0,F,2012,-0.7725,A,F,,,P1Y,S,,,GFS.A.N.I10.W0.S13.S1._Z.B.B9P._Z._Z._Z.XDC_R_B1GQ._Z.S.V.N._T,,,,,,"See <a class=""external"" href=""http://sdw.ecb.europa.eu/web/generator/docu/rtdb_docu.pdf""> notes</a>; block Annual; series: G",,4,,,"Government primary deficit(-) or surplus(+), percent of GDP",Euro area (moving concept in the Real Time database context) - Primary deficit/surplus without UMTS proceeds - All sectors/ unspecified/ not applicable (ESA2010)-NCBs - General government (ESA2010)-NCBs - Non-financial flows current prices - Percentage,XDC_R_B1GQ,0,Replace,2023-10-25T15:30:00.000+02:00,
RTD.A.S0.N.F_UMS_CGG_D0.F,A,S0,N,F_UMS_CGG_D0,F,2013,-0.29579,A,F,,,P1Y,S,,,GFS.A.N.I10.W0.S13.S1._Z.B.B9P._Z._Z._Z.XDC_R_B1GQ._Z.S.V.N._T,,,,,,"See <a class=""external"" href=""http://sdw.ecb.europa.eu/web/generator/docu/rtdb_docu.pdf""> notes</a>; block Annual; series: G",,4,,,"Government primary deficit(-) or surplus(+), percent of GDP",Euro area (moving concept in the Real Time database context) - Primary deficit/surplus without UMTS proceeds - All sectors/ unspecified/ not applicable (ESA2010)-NCBs - General government (ESA2010)-NCBs - Non-financial flows current prices - Percentage,XDC_R_B1GQ,0,Replace,2023-10-25T15:30:00.000+02:00,
RTD.A.S0.N.F_UMS_CGG_D0.F,A,S0,N,F_UMS_CGG_D0,F,2014,0.11575,A,F,,,P1Y,S,,,GFS.A.N.I10.W0.S13.S1._Z.B.B9P._Z._Z._Z.XDC_R_B1GQ._Z.S.V.N._T,,,,,,"See <a class=""external"" href=""http://sdw.ecb.europa.eu/web/generator/docu/rtdb_docu.pdf""> notes</a>; block Annual; series: G",,4,,,"Government primary deficit(-) or surplus(+), percent of GDP",Euro area (moving concept in the Real Time database context) - Primary deficit/surplus without UMTS proceeds - All sectors/ unspecified/ not applicable (ESA2010)-NCBs - General government (ESA2010)-NCBs - Non-financial flows current prices - Percentage,XDC_R_B1GQ,0,Replace,2023-10-25T15:30:00.000+02:00,
RTD.A.S0.N.F_UMS_CGG_D0.F,A,S0,N,F_UMS_CGG_D0,F,2015,0.3338,A,F,,,P1Y,S,,,GFS.A.N.I10.W0.S13.S1._Z.B.B9P._Z._Z._Z.XDC_R_B1GQ._Z.S.V.N._T,,,,,,"See <a class=""external"" href=""http://sdw.ecb.europa.eu/web/generator/docu/rtdb_docu.pdf""> notes</a>; block Annual; series: G",,4,,,"Government primary deficit(-) or surplus(+), percent of GDP",Euro area (moving concept in the Real Time database context) - Primary deficit/surplus without UMTS proceeds - All sectors/ unspecified/ not applicable (ESA2010)-NCBs - General government (ESA2010)-NCBs - Non-financial flows current prices - Percentage,XDC_R_B1GQ,0,Replace,2023-10-25T15:30:00.000+02:00,
RTD.A.S0.N.F_UMS_CGG_D0.F,A,S0,N,F_UMS_CGG_D0,F,2016,0.65314,A,F,,,P1Y,S,,,GFS.A.N.I10.W0.S13.S1._Z.B.B9P._Z._Z._Z.XDC_R_B1GQ._Z.S.V.N._T,,,,,,"See <a class=""external"" href=""http://sdw.ecb.europa.eu/web/generator/docu/rtdb_docu.pdf""> notes</a>; block Annual; series: G",,4,,,"Government primary deficit(-) or surplus(+), percent of GDP",Euro area (moving concept in the Real Time database context) - Primary deficit/surplus without UMTS proceeds - All sectors/ unspecified/ not applicable (ESA2010)-NCBs - General government (ESA2010)-NCBs - Non-financial flows current prices - Percentage,XDC_R_B1GQ,0,Replace,2023-10-25T15:30:00.000+02:00,
RTD.A.S0.N.F_UMS_CGG_D0.F,A,S0,N,F_UMS_CGG_D0,F,2017,1.02148,A,F,,,P1Y,S,,,GFS.A.N.I10.W0.S13.S1._Z.B.B9P._Z._Z._Z.XDC_R_B1GQ._Z.S.V.N._T,,,,,,"See <a class=""external"" href=""http://sdw.ecb.europa.eu/web/generator/docu/rtdb_docu.pdf""> notes</a>; block Annual; series: G",,4,,,"Government primary deficit(-) or surplus(+), percent of GDP",Euro area (moving concept in the Real Time database context) - Primary deficit/surplus without UMTS proceeds - All sectors/ unspecified/ not applicable (ESA2010)-NCBs - General government (ESA2010)-NCBs - Non-financial flows current prices - Percentage,XDC_R_B1GQ,0,Replace,2023-10-25T15:30:00.000+02:00,
RTD.A.S0.N.F_UMS_CGG_D0.F,A,S0,N,F_UMS_CGG_D0,F,2018,1.40681,A,F,,,P1Y,S,,,GFS.A.N.I10.W0.S13.S1._Z.B.B9P._Z._Z._Z.XDC_R_B1GQ._Z.S.V.N._T,,,,,,"See <a class=""external"" href=""http://sdw.ecb.europa.eu/web/generator/docu/rtdb_docu.pdf""> notes</a>; block Annual; series: G",,4,,,"Government primary deficit(-) or surplus(+), percent of GDP",Euro area (moving concept in the Real Time database context) - Primary deficit/surplus without UMTS proceeds - All sectors/ unspecified/ not applicable (ESA2010)-NCBs - General government (ESA2010)-NCBs - Non-financial flows current prices - Percentage,XDC_R_B1GQ,0,Replace,2023-10-25T15:30:00.000+02:00,
RTD.A.S0.N.F_UMS_CGG_D0.F,A,S0,N,F_UMS_CGG_D0,F,2019,0.9882,A,F,,,P1Y,S,,,GFS.A.N.I10.W0.S13.S1._Z.B.B9P._Z._Z._Z.XDC_R_B1GQ._Z.S.V.N._T,,,,,,"See <a class=""external"" href=""http://sdw.ecb.europa.eu/web/generator/docu/rtdb_docu.pdf""> notes</a>; block Annual; series: G",,4,,,"Government primary deficit(-) or surplus(+), percent of GDP",Euro area (moving concept in the Real Time database context) - Primary deficit/surplus without UMTS proceeds - All sectors/ unspecified/ not applicable (ESA2010)-NCBs - General government (ESA2010)-NCBs - Non-financial flows current prices - Percentage,XDC_R_B1GQ,0,Replace,2023-10-25T15:30:00.000+02:00,
RTD.A.S0.N.F_UMS_CGG_D0.F,A,S0,N,F_UMS_CGG_D0,F,2020,-5.54814,A,F,,,P1Y,S,,,GFS.A.N.I10.W0.S13.S1._Z.B.B9P._Z._Z._Z.XDC_R_B1GQ._Z.S.V.N._T,,,,,,"See <a class=""external"" href=""http://sdw.ecb.europa.eu/web/generator/docu/rtdb_docu.pdf""> notes</a>; block Annual; series: G",,4,,,"Government primary deficit(-) or surplus(+), percent of GDP",Euro area (moving concept in the Real Time database context) - Primary deficit/surplus without UMTS proceeds - All sectors/ unspecified/ not applicable (ESA2010)-NCBs - General government (ESA2010)-NCBs - Non-financial flows current prices - Percentage,XDC_R_B1GQ,0,Replace,2023-10-25T15:30:00.000+02:00,
RTD.A.S0.N.F_UMS_CGG_D0.F,A,S0,N,F_UMS_CGG_D0,F,2021,-3.76274,A,F,,,P1Y,S,,,GFS.A.N.I10.W0.S13.S1._Z.B.B9P._Z._Z._Z.XDC_R_B1GQ._Z.S.V.N._T,,,,,,"See <a class=""external"" href=""http://sdw.ecb.europa.eu/web/generator/docu/rtdb_docu.pdf""> notes</a>; block Annual; series: G",,4,,,"Government primary deficit(-) or surplus(+), percent of GDP",Euro area (moving concept in the Real Time database context) - Primary deficit/surplus without UMTS proceeds - All sectors/ unspecified/ not applicable (ESA2010)-NCBs - General government (ESA2010)-NCBs - Non-financial flows current prices - Percentage,XDC_R_B1GQ,0,Replace,2023-10-25T15:30:00.000+02:00,
RTD.A.S0.N.F_UMS_CGG_D0.F,A,S0,N,F_UMS_CGG_D0,F,2022,-1.91286,A,F,,,P1Y,S,,,GFS.A.N.I10.W0.S13.S1._Z.B.B9P._Z._Z._Z.XDC_R_B1GQ._Z.S.V.N._T,,,,,,"See <a class=""external"" href=""http://sdw.ecb.europa.eu/web/generator/docu/rtdb_docu.pdf""> notes</a>; block Annual; series: G",,4,,,"Government primary deficit(-) or surplus(+), percent of GDP",Euro area (moving concept in the Real Time database context) - Primary deficit/surplus without UMTS proceeds - All sectors/ unspecified/ not applicable (ESA2010)-NCBs - General government (ESA2010)-NCBs - Non-financial flows current prices - Percentage,XDC_R_B1GQ,0,Replace,2023-10-25T15:30:00.000+02:00,
RTD.A.S0.N.F_UMS_CGG_D0.F,A,S0,N,F_UMS_CGG_D0,F,1995,-1.901615570622246,A,F,,,P1Y,S,,,GFS.A.N.I10.W0.S13.S1._Z.B.B9P._Z._Z._Z.XDC_R_B1GQ._Z.S.V.N._T,,,,,,"See <a class=""external"" href=""http://sdw.ecb.europa.eu/web/generator/docu/rtdb_docu.pdf""> notes</a>; block Annual; series: G",,4,,,"Government primary deficit(-) or surplus(+), percent of GDP",Euro area (moving concept in the Real Time database context) - Primary deficit/surplus without UMTS proceeds - All sectors/ unspecified/ not applicable (ESA2010)-NCBs - General government (ESA2010)-NCBs - Non-financial flows current prices - Percentage,XDC_R_B1GQ,0,Replace,2024-04-10T15:30:00.000+02:00,
RTD.A.S0.N.F_UMS_CGG_D0.F,A,S0,N,F_UMS_CGG_D0,F,1996,0.988030647282906,A,F,,,P1Y,S,,,GFS.A.N.I10.W0.S13.S1._Z.B.B9P._Z._Z._Z.XDC_R_B1GQ._Z.S.V.N._T,,,,,,"See <a class=""external"" href=""http://sdw.ecb.europa.eu/web/generator/docu/rtdb_docu.pdf""> notes</a>; block Annual; series: G",,4,,,"Government primary deficit(-) or surplus(+), percent of GDP",Euro area (moving concept in the Real Time database context) - Primary deficit/surplus without UMTS proceeds - All sectors/ unspecified/ not applicable (ESA2010)-NCBs - General government (ESA2010)-NCBs - Non-financial flows current prices - Percentage,XDC_R_B1GQ,0,Replace,2024-04-10T15:30:00.000+02:00,
RTD.A.S0.N.F_UMS_CGG_D0.F,A,S0,N,F_UMS_CGG_D0,F,1997,1.807875396834385,A,F,,,P1Y,S,,,GFS.A.N.I10.W0.S13.S1._Z.B.B9P._Z._Z._Z.XDC_R_B1GQ._Z.S.V.N._T,,,,,,"See <a class=""external"" href=""http://sdw.ecb.europa.eu/web/generator/docu/rtdb_docu.pdf""> notes</a>; block Annual; series: G",,4,,,"Government primary deficit(-) or surplus(+), percent of GDP",Euro area (moving concept in the Real Time database context) - Primary deficit/surplus without UMTS proceeds - All sectors/ unspecified/ not applicable (ESA2010)-NCBs - General government (ESA2010)-NCBs - Non-financial flows current prices - Percentage,XDC_R_B1GQ,0,Replace,2024-04-10T15:30:00.000+02:00,
RTD.A.S0.N.F_UMS_CGG_D0.F,A,S0,N,F_UMS_CGG_D0,F,1998,2.026389306437431,A,F,,,P1Y,S,,,GFS.A.N.I10.W0.S13.S1._Z.B.B9P._Z._Z._Z.XDC_R_B1GQ._Z.S.V.N._T,,,,,,"See <a class=""external"" href=""http://sdw.ecb.europa.eu/web/generator/docu/rtdb_docu.pdf""> notes</a>; block Annual; series: G",,4,,,"Government primary deficit(-) or surplus(+), percent of GDP",Euro area (moving concept in the Real Time database context) - Primary deficit/surplus without UMTS proceeds - All sectors/ unspecified/ not applicable (ESA2010)-NCBs - General government (ESA2010)-NCBs - Non-financial flows current prices - Percentage,XDC_R_B1GQ,0,Replace,2024-04-10T15:30:00.000+02:00,
RTD.A.S0.N.F_UMS_CGG_D0.F,A,S0,N,F_UMS_CGG_D0,F,1999,2.398003973414508,A,F,,,P1Y,S,,,GFS.A.N.I10.W0.S13.S1._Z.B.B9P._Z._Z._Z.XDC_R_B1GQ._Z.S.V.N._T,,,,,,"See <a class=""external"" href=""http://sdw.ecb.europa.eu/web/generator/docu/rtdb_docu.pdf""> notes</a>; block Annual; series: G",,4,,,"Government primary deficit(-) or surplus(+), percent of GDP",Euro area (moving concept in the Real Time database context) - Primary deficit/surplus without UMTS proceeds - All sectors/ unspecified/ not applicable (ESA2010)-NCBs - General government (ESA2010)-NCBs - Non-financial flows current prices - Percentage,XDC_R_B1GQ,0,Replace,2024-04-10T15:30:00.000+02:00,
RTD.A.S0.N.F_UMS_CGG_D0.F,A,S0,N,F_UMS_CGG_D0,F,2000,2.504047204449574,A,F,,,P1Y,S,,,GFS.A.N.I10.W0.S13.S1._Z.B.B9P._Z._Z._Z.XDC_R_B1GQ._Z.S.V.N._T,,,,,,"See <a class=""external"" href=""http://sdw.ecb.europa.eu/web/generator/docu/rtdb_docu.pdf""> notes</a>; block Annual; series: G",,4,,,"Government primary deficit(-) or surplus(+), percent of GDP",Euro area (moving concept in the Real Time database context) - Primary deficit/surplus without UMTS proceeds - All sectors/ unspecified/ not applicable (ESA2010)-NCBs - General government (ESA2010)-NCBs - Non-financial flows current prices - Percentage,XDC_R_B1GQ,0,Replace,2024-04-10T15:30:00.000+02:00,
RTD.A.S0.N.F_UMS_CGG_D0.F,A,S0,N,F_UMS_CGG_D0,F,2001,1.732576672452601,A,F,,,P1Y,S,,,GFS.A.N.I10.W0.S13.S1._Z.B.B9P._Z._Z._Z.XDC_R_B1GQ._Z.S.V.N._T,,,,,,"See <a class=""external"" href=""http://sdw.ecb.europa.eu/web/generator/docu/rtdb_docu.pdf""> notes</a>; block Annual; series: G",,4,,,"Government primary deficit(-) or surplus(+), percent of GDP",Euro area (moving concept in the Real Time database context) - Primary deficit/surplus without UMTS proceeds - All sectors/ unspecified/ not applicable (ESA2010)-NCBs - General government (ESA2010)-NCBs - Non-financial flows current prices - Percentage,XDC_R_B1GQ,0,Replace,2024-04-10T15:30:00.000+02:00,
RTD.A.S0.N.F_UMS_CGG_D0.F,A,S0,N,F_UMS_CGG_D0,F,2002,0.773847866793052,A,F,,,P1Y,S,,,GFS.A.N.I10.W0.S13.S1._Z.B.B9P._Z._Z._Z.XDC_R_B1GQ._Z.S.V.N._T,,,,,,"See <a class=""external"" href=""http://sdw.ecb.europa.eu/web/generator/docu/rtdb_docu.pdf""> notes</a>; block Annual; series: G",,4,,,"Government primary deficit(-) or surplus(+), percent of GDP",Euro area (moving concept in the Real Time database context) - Primary deficit/surplus without UMTS proceeds - All sectors/ unspecified/ not applicable (ESA2010)-NCBs - General government (ESA2010)-NCBs - Non-financial flows current prices - Percentage,XDC_R_B1GQ,0,Replace,2024-04-10T15:30:00.000+02:00,
RTD.A.S0.N.F_UMS_CGG_D0.F,A,S0,N,F_UMS_CGG_D0,F,2003,0.128490261990164,A,F,,,P1Y,S,,,GFS.A.N.I10.W0.S13.S1._Z.B.B9P._Z._Z._Z.XDC_R_B1GQ._Z.S.V.N._T,,,,,,"See <a class=""external"" href=""http://sdw.ecb.europa.eu/web/generator/docu/rtdb_docu.pdf""> notes</a>; block Annual; series: G",,4,,,"Government primary deficit(-) or surplus(+), percent of GDP",Euro area (moving concept in the Real Time database context) - Primary deficit/surplus without UMTS proceeds - All sectors/ unspecified/ not applicable (ESA2010)-NCBs - General government (ESA2010)-NCBs - Non-financial flows current prices - Percentage,XDC_R_B1GQ,0,Replace,2024-04-10T15:30:00.000+02:00,
RTD.A.S0.N.F_UMS_CGG_D0.F,A,S0,N,F_UMS_CGG_D0,F,2004,0.163161288760711,A,F,,,P1Y,S,,,GFS.A.N.I10.W0.S13.S1._Z.B.B9P._Z._Z._Z.XDC_R_B1GQ._Z.S.V.N._T,,,,,,"See <a class=""external"" href=""http://sdw.ecb.europa.eu/web/generator/docu/rtdb_docu.pdf""> notes</a>; block Annual; series: G",,4,,,"Government primary deficit(-) or surplus(+), percent of GDP",Euro area (moving concept in the Real Time database context) - Primary deficit/surplus without UMTS proceeds - All sectors/ unspecified/ not applicable (ESA2010)-NCBs - General government (ESA2010)-NCBs - Non-financial flows current prices - Percentage,XDC_R_B1GQ,0,Replace,2024-04-10T15:30:00.000+02:00,
RTD.A.S0.N.F_UMS_CGG_D0.F,A,S0,N,F_UMS_CGG_D0,F,2005,0.330232358409509,A,F,,,P1Y,S,,,GFS.A.N.I10.W0.S13.S1._Z.B.B9P._Z._Z._Z.XDC_R_B1GQ._Z.S.V.N._T,,,,,,"See <a class=""external"" href=""http://sdw.ecb.europa.eu/web/generator/docu/rtdb_docu.pdf""> notes</a>; block Annual; series: G",,4,,,"Government primary deficit(-) or surplus(+), percent of GDP",Euro area (moving concept in the Real Time database context) - Primary deficit/surplus without UMTS proceeds - All sectors/ unspecified/ not applicable (ESA2010)-NCBs - General government (ESA2010)-NCBs - Non-financial flows current prices - Percentage,XDC_R_B1GQ,0,Replace,2024-04-10T15:30:00.000+02:00,
RTD.A.S0.N.F_UMS_CGG_D0.F,A,S0,N,F_UMS_CGG_D0,F,2006,1.306352063351115,A,F,,,P1Y,S,,,GFS.A.N.I10.W0.S13.S1._Z.B.B9P._Z._Z._Z.XDC_R_B1GQ._Z.S.V.N._T,,,,,,"See <a class=""external"" href=""http://sdw.ecb.europa.eu/web/generator/docu/rtdb_docu.pdf""> notes</a>; block Annual; series: G",,4,,,"Government primary deficit(-) or surplus(+), percent of GDP",Euro area (moving concept in the Real Time database context) - Primary deficit/surplus without UMTS proceeds - All sectors/ unspecified/ not applicable (ESA2010)-NCBs - General government (ESA2010)-NCBs - Non-financial flows current prices - Percentage,XDC_R_B1GQ,0,Replace,2024-04-10T15:30:00.000+02:00,
RTD.A.S0.N.F_UMS_CGG_D0.F,A,S0,N,F_UMS_CGG_D0,F,2007,2.218638929859118,A,F,,,P1Y,S,,,GFS.A.N.I10.W0.S13.S1._Z.B.B9P._Z._Z._Z.XDC_R_B1GQ._Z.S.V.N._T,,,,,,"See <a class=""external"" href=""http://sdw.ecb.europa.eu/web/generator/docu/rtdb_docu.pdf""> notes</a>; block Annual; series: G",,4,,,"Government primary deficit(-) or surplus(+), percent of GDP",Euro area (moving concept in the Real Time database context) - Primary deficit/surplus without UMTS proceeds - All sectors/ unspecified/ not applicable (ESA2010)-NCBs - General government (ESA2010)-NCBs - Non-financial flows current prices - Percentage,XDC_R_B1GQ,0,Replace,2024-04-10T15:30:00.000+02:00,
RTD.A.S0.N.F_UMS_CGG_D0.F,A,S0,N,F_UMS_CGG_D0,F,2008,0.784028832370093,A,F,,,P1Y,S,,,GFS.A.N.I10.W0.S13.S1._Z.B.B9P._Z._Z._Z.XDC_R_B1GQ._Z.S.V.N._T,,,,,,"See <a class=""external"" href=""http://sdw.ecb.europa.eu/web/generator/docu/rtdb_docu.pdf""> notes</a>; block Annual; series: G",,4,,,"Government primary deficit(-) or surplus(+), percent of GDP",Euro area (moving concept in the Real Time database context) - Primary deficit/surplus without UMTS proceeds - All sectors/ unspecified/ not applicable (ESA2010)-NCBs - General government (ESA2010)-NCBs - Non-financial flows current prices - Percentage,XDC_R_B1GQ,0,Replace,2024-04-10T15:30:00.000+02:00,
RTD.A.S0.N.F_UMS_CGG_D0.F,A,S0,N,F_UMS_CGG_D0,F,2009,-3.413151815721322,A,F,,,P1Y,S,,,GFS.A.N.I10.W0.S13.S1._Z.B.B9P._Z._Z._Z.XDC_R_B1GQ._Z.S.V.N._T,,,,,,"See <a class=""external"" href=""http://sdw.ecb.europa.eu/web/generator/docu/rtdb_docu.pdf""> notes</a>; block Annual; series: G",,4,,,"Government primary deficit(-) or surplus(+), percent of GDP",Euro area (moving concept in the Real Time database context) - Primary deficit/surplus without UMTS proceeds - All sectors/ unspecified/ not applicable (ESA2010)-NCBs - General government (ESA2010)-NCBs - Non-financial flows current prices - Percentage,XDC_R_B1GQ,0,Replace,2024-04-10T15:30:00.000+02:00,
RTD.A.S0.N.F_UMS_CGG_D0.F,A,S0,N,F_UMS_CGG_D0,F,2010,-3.504232902700724,A,F,,,P1Y,S,,,GFS.A.N.I10.W0.S13.S1._Z.B.B9P._Z._Z._Z.XDC_R_B1GQ._Z.S.V.N._T,,,,,,"See <a class=""external"" href=""http://sdw.ecb.europa.eu/web/generator/docu/rtdb_docu.pdf""> notes</a>; block Annual; series: G",,4,,,"Government primary deficit(-) or surplus(+), percent of GDP",Euro area (moving concept in the Real Time database context) - Primary deficit/surplus without UMTS proceeds - All sectors/ unspecified/ not applicable (ESA2010)-NCBs - General government (ESA2010)-NCBs - Non-financial flows current prices - Percentage,XDC_R_B1GQ,0,Replace,2024-04-10T15:30:00.000+02:00,
RTD.A.S0.N.F_UMS_CGG_D0.F,A,S0,N,F_UMS_CGG_D0,F,2011,-1.253579315479154,A,F,,,P1Y,S,,,GFS.A.N.I10.W0.S13.S1._Z.B.B9P._Z._Z._Z.XDC_R_B1GQ._Z.S.V.N._T,,,,,,"See <a class=""external"" href=""http://sdw.ecb.europa.eu/web/generator/docu/rtdb_docu.pdf""> notes</a>; block Annual; series: G",,4,,,"Government primary deficit(-) or surplus(+), percent of GDP",Euro area (moving concept in the Real Time database context) - Primary deficit/surplus without UMTS proceeds - All sectors/ unspecified/ not applicable (ESA2010)-NCBs - General government (ESA2010)-NCBs - Non-financial flows current prices - Percentage,XDC_R_B1GQ,0,Replace,2024-04-10T15:30:00.000+02:00,
RTD.A.S0.N.F_UMS_CGG_D0.F,A,S0,N,F_UMS_CGG_D0,F,2012,-0.772502602861993,A,F,,,P1Y,S,,,GFS.A.N.I10.W0.S13.S1._Z.B.B9P._Z._Z._Z.XDC_R_B1GQ._Z.S.V.N._T,,,,,,"See <a class=""external"" href=""http://sdw.ecb.europa.eu/web/generator/docu/rtdb_docu.pdf""> notes</a>; block Annual; series: G",,4,,,"Government primary deficit(-) or surplus(+), percent of GDP",Euro area (moving concept in the Real Time database context) - Primary deficit/surplus without UMTS proceeds - All sectors/ unspecified/ not applicable (ESA2010)-NCBs - General government (ESA2010)-NCBs - Non-financial flows current prices - Percentage,XDC_R_B1GQ,0,Replace,2024-04-10T15:30:00.000+02:00,
RTD.A.S0.N.F_UMS_CGG_D0.F,A,S0,N,F_UMS_CGG_D0,F,2013,-0.295794377242288,A,F,,,P1Y,S,,,GFS.A.N.I10.W0.S13.S1._Z.B.B9P._Z._Z._Z.XDC_R_B1GQ._Z.S.V.N._T,,,,,,"See <a class=""external"" href=""http://sdw.ecb.europa.eu/web/generator/docu/rtdb_docu.pdf""> notes</a>; block Annual; series: G",,4,,,"Government primary deficit(-) or surplus(+), percent of GDP",Euro area (moving concept in the Real Time database context) - Primary deficit/surplus without UMTS proceeds - All sectors/ unspecified/ not applicable (ESA2010)-NCBs - General government (ESA2010)-NCBs - Non-financial flows current prices - Percentage,XDC_R_B1GQ,0,Replace,2024-04-10T15:30:00.000+02:00,
RTD.A.S0.N.F_UMS_CGG_D0.F,A,S0,N,F_UMS_CGG_D0,F,2014,0.11574544966602,A,F,,,P1Y,S,,,GFS.A.N.I10.W0.S13.S1._Z.B.B9P._Z._Z._Z.XDC_R_B1GQ._Z.S.V.N._T,,,,,,"See <a class=""external"" href=""http://sdw.ecb.europa.eu/web/generator/docu/rtdb_docu.pdf""> notes</a>; block Annual; series: G",,4,,,"Government primary deficit(-) or surplus(+), percent of GDP",Euro area (moving concept in the Real Time database context) - Primary deficit/surplus without UMTS proceeds - All sectors/ unspecified/ not applicable (ESA2010)-NCBs - General government (ESA2010)-NCBs - Non-financial flows current prices - Percentage,XDC_R_B1GQ,0,Replace,2024-04-10T15:30:00.000+02:00,
RTD.A.S0.N.F_UMS_CGG_D0.F,A,S0,N,F_UMS_CGG_D0,F,2015,0.333796975268444,A,F,,,P1Y,S,,,GFS.A.N.I10.W0.S13.S1._Z.B.B9P._Z._Z._Z.XDC_R_B1GQ._Z.S.V.N._T,,,,,,"See <a class=""external"" href=""http://sdw.ecb.europa.eu/web/generator/docu/rtdb_docu.pdf""> notes</a>; block Annual; series: G",,4,,,"Government primary deficit(-) or surplus(+), percent of GDP",Euro area (moving concept in the Real Time database context) - Primary deficit/surplus without UMTS proceeds - All sectors/ unspecified/ not applicable (ESA2010)-NCBs - General government (ESA2010)-NCBs - Non-financial flows current prices - Percentage,XDC_R_B1GQ,0,Replace,2024-04-10T15:30:00.000+02:00,
RTD.A.S0.N.F_UMS_CGG_D0.F,A,S0,N,F_UMS_CGG_D0,F,2016,0.653138398242706,A,F,,,P1Y,S,,,GFS.A.N.I10.W0.S13.S1._Z.B.B9P._Z._Z._Z.XDC_R_B1GQ._Z.S.V.N._T,,,,,,"See <a class=""external"" href=""http://sdw.ecb.europa.eu/web/generator/docu/rtdb_docu.pdf""> notes</a>; block Annual; series: G",,4,,,"Government primary deficit(-) or surplus(+), percent of GDP",Euro area (moving concept in the Real Time database context) - Primary deficit/surplus without UMTS proceeds - All sectors/ unspecified/ not applicable (ESA2010)-NCBs - General government (ESA2010)-NCBs - Non-financial flows current prices - Percentage,XDC_R_B1GQ,0,Replace,2024-04-10T15:30:00.000+02:00,
RTD.A.S0.N.F_UMS_CGG_D0.F,A,S0,N,F_UMS_CGG_D0,F,2017,1.021475985619789,A,F,,,P1Y,S,,,GFS.A.N.I10.W0.S13.S1._Z.B.B9P._Z._Z._Z.XDC_R_B1GQ._Z.S.V.N._T,,,,,,"See <a class=""external"" href=""http://sdw.ecb.europa.eu/web/generator/docu/rtdb_docu.pdf""> notes</a>; block Annual; series: G",,4,,,"Government primary deficit(-) or surplus(+), percent of GDP",Euro area (moving concept in the Real Time database context) - Primary deficit/surplus without UMTS proceeds - All sectors/ unspecified/ not applicable (ESA2010)-NCBs - General government (ESA2010)-NCBs - Non-financial flows current prices - Percentage,XDC_R_B1GQ,0,Replace,2024-04-10T15:30:00.000+02:00,
RTD.A.S0.N.F_UMS_CGG_D0.F,A,S0,N,F_UMS_CGG_D0,F,2018,1.406809561315704,A,F,,,P1Y,S,,,GFS.A.N.I10.W0.S13.S1._Z.B.B9P._Z._Z._Z.XDC_R_B1GQ._Z.S.V.N._T,,,,,,"See <a class=""external"" href=""http://sdw.ecb.europa.eu/web/generator/docu/rtdb_docu.pdf""> notes</a>; block Annual; series: G",,4,,,"Government primary deficit(-) or surplus(+), percent of GDP",Euro area (moving concept in the Real Time database context) - Primary deficit/surplus without UMTS proceeds - All sectors/ unspecified/ not applicable (ESA2010)-NCBs - General government (ESA2010)-NCBs - Non-financial flows current prices - Percentage,XDC_R_B1GQ,0,Replace,2024-04-10T15:30:00.000+02:00,
RTD.A.S0.N.F_UMS_CGG_D0.F,A,S0,N,F_UMS_CGG_D0,F,2019,0.988200631263941,A,F,,,P1Y,S,,,GFS.A.N.I10.W0.S13.S1._Z.B.B9P._Z._Z._Z.XDC_R_B1GQ._Z.S.V.N._T,,,,,,"See <a class=""external"" href=""http://sdw.ecb.europa.eu/web/generator/docu/rtdb_docu.pdf""> notes</a>; block Annual; series: G",,4,,,"Government primary deficit(-) or surplus(+), percent of GDP",Euro area (moving concept in the Real Time database context) - Primary deficit/surplus without UMTS proceeds - All sectors/ unspecified/ not applicable (ESA2010)-NCBs - General government (ESA2010)-NCBs - Non-financial flows current prices - Percentage,XDC_R_B1GQ,0,Replace,2024-04-10T15:30:00.000+02:00,
RTD.A.S0.N.F_UMS_CGG_D0.F,A,S0,N,F_UMS_CGG_D0,F,2020,-5.548140136078939,A,F,,,P1Y,S,,,GFS.A.N.I10.W0.S13.S1._Z.B.B9P._Z._Z._Z.XDC_R_B1GQ._Z.S.V.N._T,,,,,,"See <a class=""external"" href=""http://sdw.ecb.europa.eu/web/generator/docu/rtdb_docu.pdf""> notes</a>; block Annual; series: G",,4,,,"Government primary deficit(-) or surplus(+), percent of GDP",Euro area (moving concept in the Real Time database context) - Primary deficit/surplus without UMTS proceeds - All sectors/ unspecified/ not applicable (ESA2010)-NCBs - General government (ESA2010)-NCBs - Non-financial flows current prices - Percentage,XDC_R_B1GQ,0,Replace,2024-04-10T15:30:00.000+02:00,
RTD.A.S0.N.F_UMS_CGG_D0.F,A,S0,N,F_UMS_CGG_D0,F,2021,-3.762743138950674,A,F,,,P1Y,S,,,GFS.A.N.I10.W0.S13.S1._Z.B.B9P._Z._Z._Z.XDC_R_B1GQ._Z.S.V.N._T,,,,,,"See <a class=""external"" href=""http://sdw.ecb.europa.eu/web/generator/docu/rtdb_docu.pdf""> notes</a>; block Annual; series: G",,4,,,"Government primary deficit(-) or surplus(+), percent of GDP",Euro area (moving concept in the Real Time database context) - Primary deficit/surplus without UMTS proceeds - All sectors/ unspecified/ not applicable (ESA2010)-NCBs - General government (ESA2010)-NCBs - Non-financial flows current prices - Percentage,XDC_R_B1GQ,0,Replace,2024-04-10T15:30:00.000+02:00,
RTD.A.S0.N.F_UMS_CGG_D0.F,A,S0,N,F_UMS_CGG_D0,F,2022,-1.912862322706284,A,F,,,P1Y,S,,,GFS.A.N.I10.W0.S13.S1._Z.B.B9P._Z._Z._Z.XDC_R_B1GQ._Z.S.V.N._T,,,,,,"See <a class=""external"" href=""http://sdw.ecb.europa.eu/web/generator/docu/rtdb_docu.pdf""> notes</a>; block Annual; series: G",,4,,,"Government primary deficit(-) or surplus(+), percent of GDP",Euro area (moving concept in the Real Time database context) - Primary deficit/surplus without UMTS proceeds - All sectors/ unspecified/ not applicable (ESA2010)-NCBs - General government (ESA2010)-NCBs - Non-financial flows current prices - Percentage,XDC_R_B1GQ,0,Replace,2024-04-10T15:30:00.000+02:00,
RTD.A.S0.N.F_UMS_CGG_D0.F,A,S0,N,F_UMS_CGG_D0,F,1995,-1.899,A,F,,,P1Y,S,,,GFS.A.N.I10.W0.S13.S1._Z.B.B9P._Z._Z._Z.XDC_R_B1GQ._Z.S.V.N._T,,,,,,"See <a class=""external"" href=""http://sdw.ecb.europa.eu/web/generator/docu/rtdb_docu.pdf""> notes</a>; block Annual; series: G",,4,,,"Government primary deficit(-) or surplus(+), percent of GDP",Euro area (moving concept in the Real Time database context) - Primary deficit/surplus without UMTS proceeds - All sectors/ unspecified/ not applicable (ESA2010)-NCBs - General government (ESA2010)-NCBs - Non-financial flows current prices - Percentage,XDC_R_B1GQ,0,Replace,2024-06-05T15:30:00.000+02:00,
RTD.A.S0.N.F_UMS_CGG_D0.F,A,S0,N,F_UMS_CGG_D0,F,1996,1.001,A,F,,,P1Y,S,,,GFS.A.N.I10.W0.S13.S1._Z.B.B9P._Z._Z._Z.XDC_R_B1GQ._Z.S.V.N._T,,,,,,"See <a class=""external"" href=""http://sdw.ecb.europa.eu/web/generator/docu/rtdb_docu.pdf""> notes</a>; block Annual; series: G",,4,,,"Government primary deficit(-) or surplus(+), percent of GDP",Euro area (moving concept in the Real Time database context) - Primary deficit/surplus without UMTS proceeds - All sectors/ unspecified/ not applicable (ESA2010)-NCBs - General government (ESA2010)-NCBs - Non-financial flows current prices - Percentage,XDC_R_B1GQ,0,Replace,2024-06-05T15:30:00.000+02:00,
RTD.A.S0.N.F_UMS_CGG_D0.F,A,S0,N,F_UMS_CGG_D0,F,1997,1.801,A,F,,,P1Y,S,,,GFS.A.N.I10.W0.S13.S1._Z.B.B9P._Z._Z._Z.XDC_R_B1GQ._Z.S.V.N._T,,,,,,"See <a class=""external"" href=""http://sdw.ecb.europa.eu/web/generator/docu/rtdb_docu.pdf""> notes</a>; block Annual; series: G",,4,,,"Government primary deficit(-) or surplus(+), percent of GDP",Euro area (moving concept in the Real Time database context) - Primary deficit/surplus without UMTS proceeds - All sectors/ unspecified/ not applicable (ESA2010)-NCBs - General government (ESA2010)-NCBs - Non-financial flows current prices - Percentage,XDC_R_B1GQ,0,Replace,2024-06-05T15:30:00.000+02:00,
RTD.A.S0.N.F_UMS_CGG_D0.F,A,S0,N,F_UMS_CGG_D0,F,1998,2.028,A,F,,,P1Y,S,,,GFS.A.N.I10.W0.S13.S1._Z.B.B9P._Z._Z._Z.XDC_R_B1GQ._Z.S.V.N._T,,,,,,"See <a class=""external"" href=""http://sdw.ecb.europa.eu/web/generator/docu/rtdb_docu.pdf""> notes</a>; block Annual; series: G",,4,,,"Government primary deficit(-) or surplus(+), percent of GDP",Euro area (moving concept in the Real Time database context) - Primary deficit/surplus without UMTS proceeds - All sectors/ unspecified/ not applicable (ESA2010)-NCBs - General government (ESA2010)-NCBs - Non-financial flows current prices - Percentage,XDC_R_B1GQ,0,Replace,2024-06-05T15:30:00.000+02:00,
RTD.A.S0.N.F_UMS_CGG_D0.F,A,S0,N,F_UMS_CGG_D0,F,1999,2.416,A,F,,,P1Y,S,,,GFS.A.N.I10.W0.S13.S1._Z.B.B9P._Z._Z._Z.XDC_R_B1GQ._Z.S.V.N._T,,,,,,"See <a class=""external"" href=""http://sdw.ecb.europa.eu/web/generator/docu/rtdb_docu.pdf""> notes</a>; block Annual; series: G",,4,,,"Government primary deficit(-) or surplus(+), percent of GDP",Euro area (moving concept in the Real Time database context) - Primary deficit/surplus without UMTS proceeds - All sectors/ unspecified/ not applicable (ESA2010)-NCBs - General government (ESA2010)-NCBs - Non-financial flows current prices - Percentage,XDC_R_B1GQ,0,Replace,2024-06-05T15:30:00.000+02:00,
RTD.A.S0.N.F_UMS_CGG_D0.F,A,S0,N,F_UMS_CGG_D0,F,2000,2.511,A,F,,,P1Y,S,,,GFS.A.N.I10.W0.S13.S1._Z.B.B9P._Z._Z._Z.XDC_R_B1GQ._Z.S.V.N._T,,,,,,"See <a class=""external"" href=""http://sdw.ecb.europa.eu/web/generator/docu/rtdb_docu.pdf""> notes</a>; block Annual; series: G",,4,,,"Government primary deficit(-) or surplus(+), percent of GDP",Euro area (moving concept in the Real Time database context) - Primary deficit/surplus without UMTS proceeds - All sectors/ unspecified/ not applicable (ESA2010)-NCBs - General government (ESA2010)-NCBs - Non-financial flows current prices - Percentage,XDC_R_B1GQ,0,Replace,2024-06-05T15:30:00.000+02:00,
RTD.A.S0.N.F_UMS_CGG_D0.F,A,S0,N,F_UMS_CGG_D0,F,2001,1.731,A,F,,,P1Y,S,,,GFS.A.N.I10.W0.S13.S1._Z.B.B9P._Z._Z._Z.XDC_R_B1GQ._Z.S.V.N._T,,,,,,"See <a class=""external"" href=""http://sdw.ecb.europa.eu/web/generator/docu/rtdb_docu.pdf""> notes</a>; block Annual; series: G",,4,,,"Government primary deficit(-) or surplus(+), percent of GDP",Euro area (moving concept in the Real Time database context) - Primary deficit/surplus without UMTS proceeds - All sectors/ unspecified/ not applicable (ESA2010)-NCBs - General government (ESA2010)-NCBs - Non-financial flows current prices - Percentage,XDC_R_B1GQ,0,Replace,2024-06-05T15:30:00.000+02:00,
RTD.A.S0.N.F_UMS_CGG_D0.F,A,S0,N,F_UMS_CGG_D0,F,2002,0.78,A,F,,,P1Y,S,,,GFS.A.N.I10.W0.S13.S1._Z.B.B9P._Z._Z._Z.XDC_R_B1GQ._Z.S.V.N._T,,,,,,"See <a class=""external"" href=""http://sdw.ecb.europa.eu/web/generator/docu/rtdb_docu.pdf""> notes</a>; block Annual; series: G",,4,,,"Government primary deficit(-) or surplus(+), percent of GDP",Euro area (moving concept in the Real Time database context) - Primary deficit/surplus without UMTS proceeds - All sectors/ unspecified/ not applicable (ESA2010)-NCBs - General government (ESA2010)-NCBs - Non-financial flows current prices - Percentage,XDC_R_B1GQ,0,Replace,2024-06-05T15:30:00.000+02:00,
RTD.A.S0.N.F_UMS_CGG_D0.F,A,S0,N,F_UMS_CGG_D0,F,2003,0.122,A,F,,,P1Y,S,,,GFS.A.N.I10.W0.S13.S1._Z.B.B9P._Z._Z._Z.XDC_R_B1GQ._Z.S.V.N._T,,,,,,"See <a class=""external"" href=""http://sdw.ecb.europa.eu/web/generator/docu/rtdb_docu.pdf""> notes</a>; block Annual; series: G",,4,,,"Government primary deficit(-) or surplus(+), percent of GDP",Euro area (moving concept in the Real Time database context) - Primary deficit/surplus without UMTS proceeds - All sectors/ unspecified/ not applicable (ESA2010)-NCBs - General government (ESA2010)-NCBs - Non-financial flows current prices - Percentage,XDC_R_B1GQ,0,Replace,2024-06-05T15:30:00.000+02:00,
RTD.A.S0.N.F_UMS_CGG_D0.F,A,S0,N,F_UMS_CGG_D0,F,2004,0.177,A,F,,,P1Y,S,,,GFS.A.N.I10.W0.S13.S1._Z.B.B9P._Z._Z._Z.XDC_R_B1GQ._Z.S.V.N._T,,,,,,"See <a class=""external"" href=""http://sdw.ecb.europa.eu/web/generator/docu/rtdb_docu.pdf""> notes</a>; block Annual; series: G",,4,,,"Government primary deficit(-) or surplus(+), percent of GDP",Euro area (moving concept in the Real Time database context) - Primary deficit/surplus without UMTS proceeds - All sectors/ unspecified/ not applicable (ESA2010)-NCBs - General government (ESA2010)-NCBs - Non-financial flows current prices - Percentage,XDC_R_B1GQ,0,Replace,2024-06-05T15:30:00.000+02:00,
RTD.A.S0.N.F_UMS_CGG_D0.F,A,S0,N,F_UMS_CGG_D0,F,2005,0.302,A,F,,,P1Y,S,,,GFS.A.N.I10.W0.S13.S1._Z.B.B9P._Z._Z._Z.XDC_R_B1GQ._Z.S.V.N._T,,,,,,"See <a class=""external"" href=""http://sdw.ecb.europa.eu/web/generator/docu/rtdb_docu.pdf""> notes</a>; block Annual; series: G",,4,,,"Government primary deficit(-) or surplus(+), percent of GDP",Euro area (moving concept in the Real Time database context) - Primary deficit/surplus without UMTS proceeds - All sectors/ unspecified/ not applicable (ESA2010)-NCBs - General government (ESA2010)-NCBs - Non-financial flows current prices - Percentage,XDC_R_B1GQ,0,Replace,2024-06-05T15:30:00.000+02:00,
RTD.A.S0.N.F_UMS_CGG_D0.F,A,S0,N,F_UMS_CGG_D0,F,2006,1.262,A,F,,,P1Y,S,,,GFS.A.N.I10.W0.S13.S1._Z.B.B9P._Z._Z._Z.XDC_R_B1GQ._Z.S.V.N._T,,,,,,"See <a class=""external"" href=""http://sdw.ecb.europa.eu/web/generator/docu/rtdb_docu.pdf""> notes</a>; block Annual; series: G",,4,,,"Government primary deficit(-) or surplus(+), percent of GDP",Euro area (moving concept in the Real Time database context) - Primary deficit/surplus without UMTS proceeds - All sectors/ unspecified/ not applicable (ESA2010)-NCBs - General government (ESA2010)-NCBs - Non-financial flows current prices - Percentage,XDC_R_B1GQ,0,Replace,2024-06-05T15:30:00.000+02:00,
RTD.A.S0.N.F_UMS_CGG_D0.F,A,S0,N,F_UMS_CGG_D0,F,2007,2.146,A,F,,,P1Y,S,,,GFS.A.N.I10.W0.S13.S1._Z.B.B9P._Z._Z._Z.XDC_R_B1GQ._Z.S.V.N._T,,,,,,"See <a class=""external"" href=""http://sdw.ecb.europa.eu/web/generator/docu/rtdb_docu.pdf""> notes</a>; block Annual; series: G",,4,,,"Government primary deficit(-) or surplus(+), percent of GDP",Euro area (moving concept in the Real Time database context) - Primary deficit/surplus without UMTS proceeds - All sectors/ unspecified/ not applicable (ESA2010)-NCBs - General government (ESA2010)-NCBs - Non-financial flows current prices - Percentage,XDC_R_B1GQ,0,Replace,2024-06-05T15:30:00.000+02:00,
RTD.A.S0.N.F_UMS_CGG_D0.F,A,S0,N,F_UMS_CGG_D0,F,2008,0.734,A,F,,,P1Y,S,,,GFS.A.N.I10.W0.S13.S1._Z.B.B9P._Z._Z._Z.XDC_R_B1GQ._Z.S.V.N._T,,,,,,"See <a class=""external"" href=""http://sdw.ecb.europa.eu/web/generator/docu/rtdb_docu.pdf""> notes</a>; block Annual; series: G",,4,,,"Government primary deficit(-) or surplus(+), percent of GDP",Euro area (moving concept in the Real Time database context) - Primary deficit/surplus without UMTS proceeds - All sectors/ unspecified/ not applicable (ESA2010)-NCBs - General government (ESA2010)-NCBs - Non-financial flows current prices - Percentage,XDC_R_B1GQ,0,Replace,2024-06-05T15:30:00.000+02:00,
RTD.A.S0.N.F_UMS_CGG_D0.F,A,S0,N,F_UMS_CGG_D0,F,2009,-3.455,A,F,,,P1Y,S,,,GFS.A.N.I10.W0.S13.S1._Z.B.B9P._Z._Z._Z.XDC_R_B1GQ._Z.S.V.N._T,,,,,,"See <a class=""external"" href=""http://sdw.ecb.europa.eu/web/generator/docu/rtdb_docu.pdf""> notes</a>; block Annual; series: G",,4,,,"Government primary deficit(-) or surplus(+), percent of GDP",Euro area (moving concept in the Real Time database context) - Primary deficit/surplus without UMTS proceeds - All sectors/ unspecified/ not applicable (ESA2010)-NCBs - General government (ESA2010)-NCBs - Non-financial flows current prices - Percentage,XDC_R_B1GQ,0,Replace,2024-06-05T15:30:00.000+02:00,
RTD.A.S0.N.F_UMS_CGG_D0.F,A,S0,N,F_UMS_CGG_D0,F,2010,-3.557,A,F,,,P1Y,S,,,GFS.A.N.I10.W0.S13.S1._Z.B.B9P._Z._Z._Z.XDC_R_B1GQ._Z.S.V.N._T,,,,,,"See <a class=""external"" href=""http://sdw.ecb.europa.eu/web/generator/docu/rtdb_docu.pdf""> notes</a>; block Annual; series: G",,4,,,"Government primary deficit(-) or surplus(+), percent of GDP",Euro area (moving concept in the Real Time database context) - Primary deficit/surplus without UMTS proceeds - All sectors/ unspecified/ not applicable (ESA2010)-NCBs - General government (ESA2010)-NCBs - Non-financial flows current prices - Percentage,XDC_R_B1GQ,0,Replace,2024-06-05T15:30:00.000+02:00,
RTD.A.S0.N.F_UMS_CGG_D0.F,A,S0,N,F_UMS_CGG_D0,F,2011,-1.284,A,F,,,P1Y,S,,,GFS.A.N.I10.W0.S13.S1._Z.B.B9P._Z._Z._Z.XDC_R_B1GQ._Z.S.V.N._T,,,,,,"See <a class=""external"" href=""http://sdw.ecb.europa.eu/web/generator/docu/rtdb_docu.pdf""> notes</a>; block Annual; series: G",,4,,,"Government primary deficit(-) or surplus(+), percent of GDP",Euro area (moving concept in the Real Time database context) - Primary deficit/surplus without UMTS proceeds - All sectors/ unspecified/ not applicable (ESA2010)-NCBs - General government (ESA2010)-NCBs - Non-financial flows current prices - Percentage,XDC_R_B1GQ,0,Replace,2024-06-05T15:30:00.000+02:00,
RTD.A.S0.N.F_UMS_CGG_D0.F,A,S0,N,F_UMS_CGG_D0,F,2012,-0.81,A,F,,,P1Y,S,,,GFS.A.N.I10.W0.S13.S1._Z.B.B9P._Z._Z._Z.XDC_R_B1GQ._Z.S.V.N._T,,,,,,"See <a class=""external"" href=""http://sdw.ecb.europa.eu/web/generator/docu/rtdb_docu.pdf""> notes</a>; block Annual; series: G",,4,,,"Government primary deficit(-) or surplus(+), percent of GDP",Euro area (moving concept in the Real Time database context) - Primary deficit/surplus without UMTS proceeds - All sectors/ unspecified/ not applicable (ESA2010)-NCBs - General government (ESA2010)-NCBs - Non-financial flows current prices - Percentage,XDC_R_B1GQ,0,Replace,2024-06-05T15:30:00.000+02:00,
RTD.A.S0.N.F_UMS_CGG_D0.F,A,S0,N,F_UMS_CGG_D0,F,2013,-0.473,A,F,,,P1Y,S,,,GFS.A.N.I10.W0.S13.S1._Z.B.B9P._Z._Z._Z.XDC_R_B1GQ._Z.S.V.N._T,,,,,,"See <a class=""external"" href=""http://sdw.ecb.europa.eu/web/generator/docu/rtdb_docu.pdf""> notes</a>; block Annual; series: G",,4,,,"Government primary deficit(-) or surplus(+), percent of GDP",Euro area (moving concept in the Real Time database context) - Primary deficit/surplus without UMTS proceeds - All sectors/ unspecified/ not applicable (ESA2010)-NCBs - General government (ESA2010)-NCBs - Non-financial flows current prices - Percentage,XDC_R_B1GQ,0,Replace,2024-06-05T15:30:00.000+02:00,
RTD.A.S0.N.F_UMS_CGG_D0.F,A,S0,N,F_UMS_CGG_D0,F,2014,-0.019,A,F,,,P1Y,S,,,GFS.A.N.I10.W0.S13.S1._Z.B.B9P._Z._Z._Z.XDC_R_B1GQ._Z.S.V.N._T,,,,,,"See <a class=""external"" href=""http://sdw.ecb.europa.eu/web/generator/docu/rtdb_docu.pdf""> notes</a>; block Annual; series: G",,4,,,"Government primary deficit(-) or surplus(+), percent of GDP",Euro area (moving concept in the Real Time database context) - Primary deficit/surplus without UMTS proceeds - All sectors/ unspecified/ not applicable (ESA2010)-NCBs - General government (ESA2010)-NCBs - Non-financial flows current prices - Percentage,XDC_R_B1GQ,0,Replace,2024-06-05T15:30:00.000+02:00,
RTD.A.S0.N.F_UMS_CGG_D0.F,A,S0,N,F_UMS_CGG_D0,F,2015,0.285,A,F,,,P1Y,S,,,GFS.A.N.I10.W0.S13.S1._Z.B.B9P._Z._Z._Z.XDC_R_B1GQ._Z.S.V.N._T,,,,,,"See <a class=""external"" href=""http://sdw.ecb.europa.eu/web/generator/docu/rtdb_docu.pdf""> notes</a>; block Annual; series: G",,4,,,"Government primary deficit(-) or surplus(+), percent of GDP",Euro area (moving concept in the Real Time database context) - Primary deficit/surplus without UMTS proceeds - All sectors/ unspecified/ not applicable (ESA2010)-NCBs - General government (ESA2010)-NCBs - Non-financial flows current prices - Percentage,XDC_R_B1GQ,0,Replace,2024-06-05T15:30:00.000+02:00,
RTD.A.S0.N.F_UMS_CGG_D0.F,A,S0,N,F_UMS_CGG_D0,F,2016,0.64,A,F,,,P1Y,S,,,GFS.A.N.I10.W0.S13.S1._Z.B.B9P._Z._Z._Z.XDC_R_B1GQ._Z.S.V.N._T,,,,,,"See <a class=""external"" href=""http://sdw.ecb.europa.eu/web/generator/docu/rtdb_docu.pdf""> notes</a>; block Annual; series: G",,4,,,"Government primary deficit(-) or surplus(+), percent of GDP",Euro area (moving concept in the Real Time database context) - Primary deficit/surplus without UMTS proceeds - All sectors/ unspecified/ not applicable (ESA2010)-NCBs - General government (ESA2010)-NCBs - Non-financial flows current prices - Percentage,XDC_R_B1GQ,0,Replace,2024-06-05T15:30:00.000+02:00,
RTD.A.S0.N.F_UMS_CGG_D0.F,A,S0,N,F_UMS_CGG_D0,F,2017,0.951,A,F,,,P1Y,S,,,GFS.A.N.I10.W0.S13.S1._Z.B.B9P._Z._Z._Z.XDC_R_B1GQ._Z.S.V.N._T,,,,,,"See <a class=""external"" href=""http://sdw.ecb.europa.eu/web/generator/docu/rtdb_docu.pdf""> notes</a>; block Annual; series: G",,4,,,"Government primary deficit(-) or surplus(+), percent of GDP",Euro area (moving concept in the Real Time database context) - Primary deficit/surplus without UMTS proceeds - All sectors/ unspecified/ not applicable (ESA2010)-NCBs - General government (ESA2010)-NCBs - Non-financial flows current prices - Percentage,XDC_R_B1GQ,0,Replace,2024-06-05T15:30:00.000+02:00,
RTD.A.S0.N.F_UMS_CGG_D0.F,A,S0,N,F_UMS_CGG_D0,F,2018,1.414,A,F,,,P1Y,S,,,GFS.A.N.I10.W0.S13.S1._Z.B.B9P._Z._Z._Z.XDC_R_B1GQ._Z.S.V.N._T,,,,,,"See <a class=""external"" href=""http://sdw.ecb.europa.eu/web/generator/docu/rtdb_docu.pdf""> notes</a>; block Annual; series: G",,4,,,"Government primary deficit(-) or surplus(+), percent of GDP",Euro area (moving concept in the Real Time database context) - Primary deficit/surplus without UMTS proceeds - All sectors/ unspecified/ not applicable (ESA2010)-NCBs - General government (ESA2010)-NCBs - Non-financial flows current prices - Percentage,XDC_R_B1GQ,0,Replace,2024-06-05T15:30:00.000+02:00,
RTD.A.S0.N.F_UMS_CGG_D0.F,A,S0,N,F_UMS_CGG_D0,F,2019,1.138,A,F,,,P1Y,S,,,GFS.A.N.I10.W0.S13.S1._Z.B.B9P._Z._Z._Z.XDC_R_B1GQ._Z.S.V.N._T,,,,,,"See <a class=""external"" href=""http://sdw.ecb.europa.eu/web/generator/docu/rtdb_docu.pdf""> notes</a>; block Annual; series: G",,4,,,"Government primary deficit(-) or surplus(+), percent of GDP",Euro area (moving concept in the Real Time database context) - Primary deficit/surplus without UMTS proceeds - All sectors/ unspecified/ not applicable (ESA2010)-NCBs - General government (ESA2010)-NCBs - Non-financial flows current prices - Percentage,XDC_R_B1GQ,0,Replace,2024-06-05T15:30:00.000+02:00,
RTD.A.S0.N.F_UMS_CGG_D0.F,A,S0,N,F_UMS_CGG_D0,F,2020,-5.506,A,F,,,P1Y,S,,,GFS.A.N.I10.W0.S13.S1._Z.B.B9P._Z._Z._Z.XDC_R_B1GQ._Z.S.V.N._T,,,,,,"See <a class=""external"" href=""http://sdw.ecb.europa.eu/web/generator/docu/rtdb_docu.pdf""> notes</a>; block Annual; series: G",,4,,,"Government primary deficit(-) or surplus(+), percent of GDP",Euro area (moving concept in the Real Time database context) - Primary deficit/surplus without UMTS proceeds - All sectors/ unspecified/ not applicable (ESA2010)-NCBs - General government (ESA2010)-NCBs - Non-financial flows current prices - Percentage,XDC_R_B1GQ,0,Replace,2024-06-05T15:30:00.000+02:00,
RTD.A.S0.N.F_UMS_CGG_D0.F,A,S0,N,F_UMS_CGG_D0,F,2021,-3.781,A,F,,,P1Y,S,,,GFS.A.N.I10.W0.S13.S1._Z.B.B9P._Z._Z._Z.XDC_R_B1GQ._Z.S.V.N._T,,,,,,"See <a class=""external"" href=""http://sdw.ecb.europa.eu/web/generator/docu/rtdb_docu.pdf""> notes</a>; block Annual; series: G",,4,,,"Government primary deficit(-) or surplus(+), percent of GDP",Euro area (moving concept in the Real Time database context) - Primary deficit/surplus without UMTS proceeds - All sectors/ unspecified/ not applicable (ESA2010)-NCBs - General government (ESA2010)-NCBs - Non-financial flows current prices - Percentage,XDC_R_B1GQ,0,Replace,2024-06-05T15:30:00.000+02:00,
RTD.A.S0.N.F_UMS_CGG_D0.F,A,S0,N,F_UMS_CGG_D0,F,2022,-1.968,A,F,,,P1Y,S,,,GFS.A.N.I10.W0.S13.S1._Z.B.B9P._Z._Z._Z.XDC_R_B1GQ._Z.S.V.N._T,,,,,,"See <a class=""external"" href=""http://sdw.ecb.europa.eu/web/generator/docu/rtdb_docu.pdf""> notes</a>; block Annual; series: G",,4,,,"Government primary deficit(-) or surplus(+), percent of GDP",Euro area (moving concept in the Real Time database context) - Primary deficit/surplus without UMTS proceeds - All sectors/ unspecified/ not applicable (ESA2010)-NCBs - General government (ESA2010)-NCBs - Non-financial flows current prices - Percentage,XDC_R_B1GQ,0,Replace,2024-06-05T15:30:00.000+02:00,
RTD.A.S0.N.F_UMS_CGG_D0.F,A,S0,N,F_UMS_CGG_D0,F,2023,-1.848,A,F,,,P1Y,S,,,GFS.A.N.I10.W0.S13.S1._Z.B.B9P._Z._Z._Z.XDC_R_B1GQ._Z.S.V.N._T,,,,,,"See <a class=""external"" href=""http://sdw.ecb.europa.eu/web/generator/docu/rtdb_docu.pdf""> notes</a>; block Annual; series: G",,4,,,"Government primary deficit(-) or surplus(+), percent of GDP",Euro area (moving concept in the Real Time database context) - Primary deficit/surplus without UMTS proceeds - All sectors/ unspecified/ not applicable (ESA2010)-NCBs - General government (ESA2010)-NCBs - Non-financial flows current prices - Percentage,XDC_R_B1GQ,0,Replace,2024-06-05T15:30:00.000+02:00,
RTD.A.S0.N.F_UMS_CGG_D0.F,A,S0,N,F_UMS_CGG_D0,F,1995,-1.884,A,F,,,P1Y,S,,,GFS.A.N.I10.W0.S13.S1._Z.B.B9P._Z._Z._Z.XDC_R_B1GQ._Z.S.V.N._T,,,,,,"See <a class=""external"" href=""http://sdw.ecb.europa.eu/web/generator/docu/rtdb_docu.pdf""> notes</a>; block Annual; series: G",,4,,,"Government primary deficit(-) or surplus(+), percent of GDP",Euro area (moving concept in the Real Time database context) - Primary deficit/surplus without UMTS proceeds - All sectors/ unspecified/ not applicable (ESA2010)-NCBs - General government (ESA2010)-NCBs - Non-financial flows current prices - Percentage,XDC_R_B1GQ,0,Replace,2024-09-11T15:30:00.000+02:00,
RTD.A.S0.N.F_UMS_CGG_D0.F,A,S0,N,F_UMS_CGG_D0,F,1996,1.013,A,F,,,P1Y,S,,,GFS.A.N.I10.W0.S13.S1._Z.B.B9P._Z._Z._Z.XDC_R_B1GQ._Z.S.V.N._T,,,,,,"See <a class=""external"" href=""http://sdw.ecb.europa.eu/web/generator/docu/rtdb_docu.pdf""> notes</a>; block Annual; series: G",,4,,,"Government primary deficit(-) or surplus(+), percent of GDP",Euro area (moving concept in the Real Time database context) - Primary deficit/surplus without UMTS proceeds - All sectors/ unspecified/ not applicable (ESA2010)-NCBs - General government (ESA2010)-NCBs - Non-financial flows current prices - Percentage,XDC_R_B1GQ,0,Replace,2024-09-11T15:30:00.000+02:00,
RTD.A.S0.N.F_UMS_CGG_D0.F,A,S0,N,F_UMS_CGG_D0,F,1997,1.815,A,F,,,P1Y,S,,,GFS.A.N.I10.W0.S13.S1._Z.B.B9P._Z._Z._Z.XDC_R_B1GQ._Z.S.V.N._T,,,,,,"See <a class=""external"" href=""http://sdw.ecb.europa.eu/web/generator/docu/rtdb_docu.pdf""> notes</a>; block Annual; series: G",,4,,,"Government primary deficit(-) or surplus(+), percent of GDP",Euro area (moving concept in the Real Time database context) - Primary deficit/surplus without UMTS proceeds - All sectors/ unspecified/ not applicable (ESA2010)-NCBs - General government (ESA2010)-NCBs - Non-financial flows current prices - Percentage,XDC_R_B1GQ,0,Replace,2024-09-11T15:30:00.000+02:00,
RTD.A.S0.N.F_UMS_CGG_D0.F,A,S0,N,F_UMS_CGG_D0,F,1998,2.043,A,F,,,P1Y,S,,,GFS.A.N.I10.W0.S13.S1._Z.B.B9P._Z._Z._Z.XDC_R_B1GQ._Z.S.V.N._T,,,,,,"See <a class=""external"" href=""http://sdw.ecb.europa.eu/web/generator/docu/rtdb_docu.pdf""> notes</a>; block Annual; series: G",,4,,,"Government primary deficit(-) or surplus(+), percent of GDP",Euro area (moving concept in the Real Time database context) - Primary deficit/surplus without UMTS proceeds - All sectors/ unspecified/ not applicable (ESA2010)-NCBs - General government (ESA2010)-NCBs - Non-financial flows current prices - Percentage,XDC_R_B1GQ,0,Replace,2024-09-11T15:30:00.000+02:00,
RTD.A.S0.N.F_UMS_CGG_D0.F,A,S0,N,F_UMS_CGG_D0,F,1999,2.431,A,F,,,P1Y,S,,,GFS.A.N.I10.W0.S13.S1._Z.B.B9P._Z._Z._Z.XDC_R_B1GQ._Z.S.V.N._T,,,,,,"See <a class=""external"" href=""http://sdw.ecb.europa.eu/web/generator/docu/rtdb_docu.pdf""> notes</a>; block Annual; series: G",,4,,,"Government primary deficit(-) or surplus(+), percent of GDP",Euro area (moving concept in the Real Time database context) - Primary deficit/surplus without UMTS proceeds - All sectors/ unspecified/ not applicable (ESA2010)-NCBs - General government (ESA2010)-NCBs - Non-financial flows current prices - Percentage,XDC_R_B1GQ,0,Replace,2024-09-11T15:30:00.000+02:00,
RTD.A.S0.N.F_UMS_CGG_D0.F,A,S0,N,F_UMS_CGG_D0,F,2000,2.519,A,F,,,P1Y,S,,,GFS.A.N.I10.W0.S13.S1._Z.B.B9P._Z._Z._Z.XDC_R_B1GQ._Z.S.V.N._T,,,,,,"See <a class=""external"" href=""http://sdw.ecb.europa.eu/web/generator/docu/rtdb_docu.pdf""> notes</a>; block Annual; series: G",,4,,,"Government primary deficit(-) or surplus(+), percent of GDP",Euro area (moving concept in the Real Time database context) - Primary deficit/surplus without UMTS proceeds - All sectors/ unspecified/ not applicable (ESA2010)-NCBs - General government (ESA2010)-NCBs - Non-financial flows current prices - Percentage,XDC_R_B1GQ,0,Replace,2024-09-11T15:30:00.000+02:00,
RTD.A.S0.N.F_UMS_CGG_D0.F,A,S0,N,F_UMS_CGG_D0,F,2001,1.739,A,F,,,P1Y,S,,,GFS.A.N.I10.W0.S13.S1._Z.B.B9P._Z._Z._Z.XDC_R_B1GQ._Z.S.V.N._T,,,,,,"See <a class=""external"" href=""http://sdw.ecb.europa.eu/web/generator/docu/rtdb_docu.pdf""> notes</a>; block Annual; series: G",,4,,,"Government primary deficit(-) or surplus(+), percent of GDP",Euro area (moving concept in the Real Time database context) - Primary deficit/surplus without UMTS proceeds - All sectors/ unspecified/ not applicable (ESA2010)-NCBs - General government (ESA2010)-NCBs - Non-financial flows current prices - Percentage,XDC_R_B1GQ,0,Replace,2024-09-11T15:30:00.000+02:00,
RTD.A.S0.N.F_UMS_CGG_D0.F,A,S0,N,F_UMS_CGG_D0,F,2002,0.775,A,F,,,P1Y,S,,,GFS.A.N.I10.W0.S13.S1._Z.B.B9P._Z._Z._Z.XDC_R_B1GQ._Z.S.V.N._T,,,,,,"See <a class=""external"" href=""http://sdw.ecb.europa.eu/web/generator/docu/rtdb_docu.pdf""> notes</a>; block Annual; series: G",,4,,,"Government primary deficit(-) or surplus(+), percent of GDP",Euro area (moving concept in the Real Time database context) - Primary deficit/surplus without UMTS proceeds - All sectors/ unspecified/ not applicable (ESA2010)-NCBs - General government (ESA2010)-NCBs - Non-financial flows current prices - Percentage,XDC_R_B1GQ,0,Replace,2024-09-11T15:30:00.000+02:00,
RTD.A.S0.N.F_UMS_CGG_D0.F,A,S0,N,F_UMS_CGG_D0,F,2004,0.18,A,F,,,P1Y,S,,,GFS.A.N.I10.W0.S13.S1._Z.B.B9P._Z._Z._Z.XDC_R_B1GQ._Z.S.V.N._T,,,,,,"See <a class=""external"" href=""http://sdw.ecb.europa.eu/web/generator/docu/rtdb_docu.pdf""> notes</a>; block Annual; series: G",,4,,,"Government primary deficit(-) or surplus(+), percent of GDP",Euro area (moving concept in the Real Time database context) - Primary deficit/surplus without UMTS proceeds - All sectors/ unspecified/ not applicable (ESA2010)-NCBs - General government (ESA2010)-NCBs - Non-financial flows current prices - Percentage,XDC_R_B1GQ,0,Replace,2024-09-11T15:30:00.000+02:00,
RTD.A.S0.N.F_UMS_CGG_D0.F,A,S0,N,F_UMS_CGG_D0,F,2005,0.305,A,F,,,P1Y,S,,,GFS.A.N.I10.W0.S13.S1._Z.B.B9P._Z._Z._Z.XDC_R_B1GQ._Z.S.V.N._T,,,,,,"See <a class=""external"" href=""http://sdw.ecb.europa.eu/web/generator/docu/rtdb_docu.pdf""> notes</a>; block Annual; series: G",,4,,,"Government primary deficit(-) or surplus(+), percent of GDP",Euro area (moving concept in the Real Time database context) - Primary deficit/surplus without UMTS proceeds - All sectors/ unspecified/ not applicable (ESA2010)-NCBs - General government (ESA2010)-NCBs - Non-financial flows current prices - Percentage,XDC_R_B1GQ,0,Replace,2024-09-11T15:30:00.000+02:00,
RTD.A.S0.N.F_UMS_CGG_D0.F,A,S0,N,F_UMS_CGG_D0,F,2006,1.272,A,F,,,P1Y,S,,,GFS.A.N.I10.W0.S13.S1._Z.B.B9P._Z._Z._Z.XDC_R_B1GQ._Z.S.V.N._T,,,,,,"See <a class=""external"" href=""http://sdw.ecb.europa.eu/web/generator/docu/rtdb_docu.pdf""> notes</a>; block Annual; series: G",,4,,,"Government primary deficit(-) or surplus(+), percent of GDP",Euro area (moving concept in the Real Time database context) - Primary deficit/surplus without UMTS proceeds - All sectors/ unspecified/ not applicable (ESA2010)-NCBs - General government (ESA2010)-NCBs - Non-financial flows current prices - Percentage,XDC_R_B1GQ,0,Replace,2024-09-11T15:30:00.000+02:00,
RTD.A.S0.N.F_UMS_CGG_D0.F,A,S0,N,F_UMS_CGG_D0,F,2007,2.151,A,F,,,P1Y,S,,,GFS.A.N.I10.W0.S13.S1._Z.B.B9P._Z._Z._Z.XDC_R_B1GQ._Z.S.V.N._T,,,,,,"See <a class=""external"" href=""http://sdw.ecb.europa.eu/web/generator/docu/rtdb_docu.pdf""> notes</a>; block Annual; series: G",,4,,,"Government primary deficit(-) or surplus(+), percent of GDP",Euro area (moving concept in the Real Time database context) - Primary deficit/surplus without UMTS proceeds - All sectors/ unspecified/ not applicable (ESA2010)-NCBs - General government (ESA2010)-NCBs - Non-financial flows current prices - Percentage,XDC_R_B1GQ,0,Replace,2024-09-11T15:30:00.000+02:00,
RTD.A.S0.N.F_UMS_CGG_D0.F,A,S0,N,F_UMS_CGG_D0,F,2008,0.733,A,F,,,P1Y,S,,,GFS.A.N.I10.W0.S13.S1._Z.B.B9P._Z._Z._Z.XDC_R_B1GQ._Z.S.V.N._T,,,,,,"See <a class=""external"" href=""http://sdw.ecb.europa.eu/web/generator/docu/rtdb_docu.pdf""> notes</a>; block Annual; series: G",,4,,,"Government primary deficit(-) or surplus(+), percent of GDP",Euro area (moving concept in the Real Time database context) - Primary deficit/surplus without UMTS proceeds - All sectors/ unspecified/ not applicable (ESA2010)-NCBs - General government (ESA2010)-NCBs - Non-financial flows current prices - Percentage,XDC_R_B1GQ,0,Replace,2024-09-11T15:30:00.000+02:00,
RTD.A.S0.N.F_UMS_CGG_D0.F,A,S0,N,F_UMS_CGG_D0,F,2009,-3.442,A,F,,,P1Y,S,,,GFS.A.N.I10.W0.S13.S1._Z.B.B9P._Z._Z._Z.XDC_R_B1GQ._Z.S.V.N._T,,,,,,"See <a class=""external"" href=""http://sdw.ecb.europa.eu/web/generator/docu/rtdb_docu.pdf""> notes</a>; block Annual; series: G",,4,,,"Government primary deficit(-) or surplus(+), percent of GDP",Euro area (moving concept in the Real Time database context) - Primary deficit/surplus without UMTS proceeds - All sectors/ unspecified/ not applicable (ESA2010)-NCBs - General government (ESA2010)-NCBs - Non-financial flows current prices - Percentage,XDC_R_B1GQ,0,Replace,2024-09-11T15:30:00.000+02:00,
RTD.A.S0.N.F_UMS_CGG_D0.F,A,S0,N,F_UMS_CGG_D0,F,2010,-3.546,A,F,,,P1Y,S,,,GFS.A.N.I10.W0.S13.S1._Z.B.B9P._Z._Z._Z.XDC_R_B1GQ._Z.S.V.N._T,,,,,,"See <a class=""external"" href=""http://sdw.ecb.europa.eu/web/generator/docu/rtdb_docu.pdf""> notes</a>; block Annual; series: G",,4,,,"Government primary deficit(-) or surplus(+), percent of GDP",Euro area (moving concept in the Real Time database context) - Primary deficit/surplus without UMTS proceeds - All sectors/ unspecified/ not applicable (ESA2010)-NCBs - General government (ESA2010)-NCBs - Non-financial flows current prices - Percentage,XDC_R_B1GQ,0,Replace,2024-09-11T15:30:00.000+02:00,
RTD.A.S0.N.F_UMS_CGG_D0.F,A,S0,N,F_UMS_CGG_D0,F,2011,-1.278,A,F,,,P1Y,S,,,GFS.A.N.I10.W0.S13.S1._Z.B.B9P._Z._Z._Z.XDC_R_B1GQ._Z.S.V.N._T,,,,,,"See <a class=""external"" href=""http://sdw.ecb.europa.eu/web/generator/docu/rtdb_docu.pdf""> notes</a>; block Annual; series: G",,4,,,"Government primary deficit(-) or surplus(+), percent of GDP",Euro area (moving concept in the Real Time database context) - Primary deficit/surplus without UMTS proceeds - All sectors/ unspecified/ not applicable (ESA2010)-NCBs - General government (ESA2010)-NCBs - Non-financial flows current prices - Percentage,XDC_R_B1GQ,0,Replace,2024-09-11T15:30:00.000+02:00,
RTD.A.S0.N.F_UMS_CGG_D0.F,A,S0,N,F_UMS_CGG_D0,F,2012,-0.8,A,F,,,P1Y,S,,,GFS.A.N.I10.W0.S13.S1._Z.B.B9P._Z._Z._Z.XDC_R_B1GQ._Z.S.V.N._T,,,,,,"See <a class=""external"" href=""http://sdw.ecb.europa.eu/web/generator/docu/rtdb_docu.pdf""> notes</a>; block Annual; series: G",,4,,,"Government primary deficit(-) or surplus(+), percent of GDP",Euro area (moving concept in the Real Time database context) - Primary deficit/surplus without UMTS proceeds - All sectors/ unspecified/ not applicable (ESA2010)-NCBs - General government (ESA2010)-NCBs - Non-financial flows current prices - Percentage,XDC_R_B1GQ,0,Replace,2024-09-11T15:30:00.000+02:00,
RTD.A.S0.N.F_UMS_CGG_D0.F,A,S0,N,F_UMS_CGG_D0,F,2013,-0.459,A,F,,,P1Y,S,,,GFS.A.N.I10.W0.S13.S1._Z.B.B9P._Z._Z._Z.XDC_R_B1GQ._Z.S.V.N._T,,,,,,"See <a class=""external"" href=""http://sdw.ecb.europa.eu/web/generator/docu/rtdb_docu.pdf""> notes</a>; block Annual; series: G",,4,,,"Government primary deficit(-) or surplus(+), percent of GDP",Euro area (moving concept in the Real Time database context) - Primary deficit/surplus without UMTS proceeds - All sectors/ unspecified/ not applicable (ESA2010)-NCBs - General government (ESA2010)-NCBs - Non-financial flows current prices - Percentage,XDC_R_B1GQ,0,Replace,2024-09-11T15:30:00.000+02:00,
RTD.A.S0.N.F_UMS_CGG_D0.F,A,S0,N,F_UMS_CGG_D0,F,2014,-0.015,A,F,,,P1Y,S,,,GFS.A.N.I10.W0.S13.S1._Z.B.B9P._Z._Z._Z.XDC_R_B1GQ._Z.S.V.N._T,,,,,,"See <a class=""external"" href=""http://sdw.ecb.europa.eu/web/generator/docu/rtdb_docu.pdf""> notes</a>; block Annual; series: G",,4,,,"Government primary deficit(-) or surplus(+), percent of GDP",Euro area (moving concept in the Real Time database context) - Primary deficit/surplus without UMTS proceeds - All sectors/ unspecified/ not applicable (ESA2010)-NCBs - General government (ESA2010)-NCBs - Non-financial flows current prices - Percentage,XDC_R_B1GQ,0,Replace,2024-09-11T15:30:00.000+02:00,
RTD.A.S0.N.F_UMS_CGG_D0.F,A,S0,N,F_UMS_CGG_D0,F,2015,0.298,A,F,,,P1Y,S,,,GFS.A.N.I10.W0.S13.S1._Z.B.B9P._Z._Z._Z.XDC_R_B1GQ._Z.S.V.N._T,,,,,,"See <a class=""external"" href=""http://sdw.ecb.europa.eu/web/generator/docu/rtdb_docu.pdf""> notes</a>; block Annual; series: G",,4,,,"Government primary deficit(-) or surplus(+), percent of GDP",Euro area (moving concept in the Real Time database context) - Primary deficit/surplus without UMTS proceeds - All sectors/ unspecified/ not applicable (ESA2010)-NCBs - General government (ESA2010)-NCBs - Non-financial flows current prices - Percentage,XDC_R_B1GQ,0,Replace,2024-09-11T15:30:00.000+02:00,
RTD.A.S0.N.F_UMS_CGG_D0.F,A,S0,N,F_UMS_CGG_D0,F,2016,0.65,A,F,,,P1Y,S,,,GFS.A.N.I10.W0.S13.S1._Z.B.B9P._Z._Z._Z.XDC_R_B1GQ._Z.S.V.N._T,,,,,,"See <a class=""external"" href=""http://sdw.ecb.europa.eu/web/generator/docu/rtdb_docu.pdf""> notes</a>; block Annual; series: G",,4,,,"Government primary deficit(-) or surplus(+), percent of GDP",Euro area (moving concept in the Real Time database context) - Primary deficit/surplus without UMTS proceeds - All sectors/ unspecified/ not applicable (ESA2010)-NCBs - General government (ESA2010)-NCBs - Non-financial flows current prices - Percentage,XDC_R_B1GQ,0,Replace,2024-09-11T15:30:00.000+02:00,
RTD.A.S0.N.F_UMS_CGG_D0.F,A,S0,N,F_UMS_CGG_D0,F,2017,0.95,A,F,,,P1Y,S,,,GFS.A.N.I10.W0.S13.S1._Z.B.B9P._Z._Z._Z.XDC_R_B1GQ._Z.S.V.N._T,,,,,,"See <a class=""external"" href=""http://sdw.ecb.europa.eu/web/generator/docu/rtdb_docu.pdf""> notes</a>; block Annual; series: G",,4,,,"Government primary deficit(-) or surplus(+), percent of GDP",Euro area (moving concept in the Real Time database context) - Primary deficit/surplus without UMTS proceeds - All sectors/ unspecified/ not applicable (ESA2010)-NCBs - General government (ESA2010)-NCBs - Non-financial flows current prices - Percentage,XDC_R_B1GQ,0,Replace,2024-09-11T15:30:00.000+02:00,
RTD.A.S0.N.F_UMS_CGG_D0.F,A,S0,N,F_UMS_CGG_D0,F,2019,1.14,A,F,,,P1Y,S,,,GFS.A.N.I10.W0.S13.S1._Z.B.B9P._Z._Z._Z.XDC_R_B1GQ._Z.S.V.N._T,,,,,,"See <a class=""external"" href=""http://sdw.ecb.europa.eu/web/generator/docu/rtdb_docu.pdf""> notes</a>; block Annual; series: G",,4,,,"Government primary deficit(-) or surplus(+), percent of GDP",Euro area (moving concept in the Real Time database context) - Primary deficit/surplus without UMTS proceeds - All sectors/ unspecified/ not applicable (ESA2010)-NCBs - General government (ESA2010)-NCBs - Non-financial flows current prices - Percentage,XDC_R_B1GQ,0,Replace,2024-09-11T15:30:00.000+02:00,
RTD.A.S0.N.F_UMS_CGG_D0.F,A,S0,N,F_UMS_CGG_D0,F,2020,-5.493,A,F,,,P1Y,S,,,GFS.A.N.I10.W0.S13.S1._Z.B.B9P._Z._Z._Z.XDC_R_B1GQ._Z.S.V.N._T,,,,,,"See <a class=""external"" href=""http://sdw.ecb.europa.eu/web/generator/docu/rtdb_docu.pdf""> notes</a>; block Annual; series: G",,4,,,"Government primary deficit(-) or surplus(+), percent of GDP",Euro area (moving concept in the Real Time database context) - Primary deficit/surplus without UMTS proceeds - All sectors/ unspecified/ not applicable (ESA2010)-NCBs - General government (ESA2010)-NCBs - Non-financial flows current prices - Percentage,XDC_R_B1GQ,0,Replace,2024-09-11T15:30:00.000+02:00,
RTD.A.S0.N.F_UMS_CGG_D0.F,A,S0,N,F_UMS_CGG_D0,F,2021,-3.773,A,F,,,P1Y,S,,,GFS.A.N.I10.W0.S13.S1._Z.B.B9P._Z._Z._Z.XDC_R_B1GQ._Z.S.V.N._T,,,,,,"See <a class=""external"" href=""http://sdw.ecb.europa.eu/web/generator/docu/rtdb_docu.pdf""> notes</a>; block Annual; series: G",,4,,,"Government primary deficit(-) or surplus(+), percent of GDP",Euro area (moving concept in the Real Time database context) - Primary deficit/surplus without UMTS proceeds - All sectors/ unspecified/ not applicable (ESA2010)-NCBs - General government (ESA2010)-NCBs - Non-financial flows current prices - Percentage,XDC_R_B1GQ,0,Replace,2024-09-11T15:30:00.000+02:00,
RTD.A.S0.N.F_UMS_CGG_D0.F,A,S0,N,F_UMS_CGG_D0,F,2022,-1.955,A,F,,,P1Y,S,,,GFS.A.N.I10.W0.S13.S1._Z.B.B9P._Z._Z._Z.XDC_R_B1GQ._Z.S.V.N._T,,,,,,"See <a class=""external"" href=""http://sdw.ecb.europa.eu/web/generator/docu/rtdb_docu.pdf""> notes</a>; block Annual; series: G",,4,,,"Government primary deficit(-) or surplus(+), percent of GDP",Euro area (moving concept in the Real Time database context) - Primary deficit/surplus without UMTS proceeds - All sectors/ unspecified/ not applicable (ESA2010)-NCBs - General government (ESA2010)-NCBs - Non-financial flows current prices - Percentage,XDC_R_B1GQ,0,Replace,2024-09-11T15:30:00.000+02:00,
RTD.A.S0.N.F_UMS_CGG_D0.F,A,S0,N,F_UMS_CGG_D0,F,2023,-1.806,A,F,,,P1Y,S,,,GFS.A.N.I10.W0.S13.S1._Z.B.B9P._Z._Z._Z.XDC_R_B1GQ._Z.S.V.N._T,,,,,,"See <a class=""external"" href=""http://sdw.ecb.europa.eu/web/generator/docu/rtdb_docu.pdf""> notes</a>; block Annual; series: G",,4,,,"Government primary deficit(-) or surplus(+), percent of GDP",Euro area (moving concept in the Real Time database context) - Primary deficit/surplus without UMTS proceeds - All sectors/ unspecified/ not applicable (ESA2010)-NCBs - General government (ESA2010)-NCBs - Non-financial flows current prices - Percentage,XDC_R_B1GQ,0,Replace,2024-09-11T15:30:00.000+02:00,
RTD.A.S0.N.F_UMS_CGG_D0.F,A,S0,N,F_UMS_CGG_D0,F,1995,-1.889,A,F,,,P1Y,S,,,GFS.A.N.I10.W0.S13.S1._Z.B.B9P._Z._Z._Z.XDC_R_B1GQ._Z.S.V.N._T,,,,,,"See <a class=""external"" href=""http://sdw.ecb.europa.eu/web/generator/docu/rtdb_docu.pdf""> notes</a>; block Annual; series: G",,4,,,"Government primary deficit(-) or surplus(+), percent of GDP",Euro area (moving concept in the Real Time database context) - Primary deficit/surplus without UMTS proceeds - All sectors/ unspecified/ not applicable (ESA2010)-NCBs - General government (ESA2010)-NCBs - Non-financial flows current prices - Percentage,XDC_R_B1GQ,0,Replace,2024-12-11T15:30:00.000+01:00,
RTD.A.S0.N.F_UMS_CGG_D0.F,A,S0,N,F_UMS_CGG_D0,F,1996,0.986,A,F,,,P1Y,S,,,GFS.A.N.I10.W0.S13.S1._Z.B.B9P._Z._Z._Z.XDC_R_B1GQ._Z.S.V.N._T,,,,,,"See <a class=""external"" href=""http://sdw.ecb.europa.eu/web/generator/docu/rtdb_docu.pdf""> notes</a>; block Annual; series: G",,4,,,"Government primary deficit(-) or surplus(+), percent of GDP",Euro area (moving concept in the Real Time database context) - Primary deficit/surplus without UMTS proceeds - All sectors/ unspecified/ not applicable (ESA2010)-NCBs - General government (ESA2010)-NCBs - Non-financial flows current prices - Percentage,XDC_R_B1GQ,0,Replace,2024-12-11T15:30:00.000+01:00,
RTD.A.S0.N.F_UMS_CGG_D0.F,A,S0,N,F_UMS_CGG_D0,F,1997,1.785,A,F,,,P1Y,S,,,GFS.A.N.I10.W0.S13.S1._Z.B.B9P._Z._Z._Z.XDC_R_B1GQ._Z.S.V.N._T,,,,,,"See <a class=""external"" href=""http://sdw.ecb.europa.eu/web/generator/docu/rtdb_docu.pdf""> notes</a>; block Annual; series: G",,4,,,"Government primary deficit(-) or surplus(+), percent of GDP",Euro area (moving concept in the Real Time database context) - Primary deficit/surplus without UMTS proceeds - All sectors/ unspecified/ not applicable (ESA2010)-NCBs - General government (ESA2010)-NCBs - Non-financial flows current prices - Percentage,XDC_R_B1GQ,0,Replace,2024-12-11T15:30:00.000+01:00,
RTD.A.S0.N.F_UMS_CGG_D0.F,A,S0,N,F_UMS_CGG_D0,F,1998,2.015,A,F,,,P1Y,S,,,GFS.A.N.I10.W0.S13.S1._Z.B.B9P._Z._Z._Z.XDC_R_B1GQ._Z.S.V.N._T,,,,,,"See <a class=""external"" href=""http://sdw.ecb.europa.eu/web/generator/docu/rtdb_docu.pdf""> notes</a>; block Annual; series: G",,4,,,"Government primary deficit(-) or surplus(+), percent of GDP",Euro area (moving concept in the Real Time database context) - Primary deficit/surplus without UMTS proceeds - All sectors/ unspecified/ not applicable (ESA2010)-NCBs - General government (ESA2010)-NCBs - Non-financial flows current prices - Percentage,XDC_R_B1GQ,0,Replace,2024-12-11T15:30:00.000+01:00,
RTD.A.S0.N.F_UMS_CGG_D0.F,A,S0,N,F_UMS_CGG_D0,F,1999,2.383,A,F,,,P1Y,S,,,GFS.A.N.I10.W0.S13.S1._Z.B.B9P._Z._Z._Z.XDC_R_B1GQ._Z.S.V.N._T,,,,,,"See <a class=""external"" href=""http://sdw.ecb.europa.eu/web/generator/docu/rtdb_docu.pdf""> notes</a>; block Annual; series: G",,4,,,"Government primary deficit(-) or surplus(+), percent of GDP",Euro area (moving concept in the Real Time database context) - Primary deficit/surplus without UMTS proceeds - All sectors/ unspecified/ not applicable (ESA2010)-NCBs - General government (ESA2010)-NCBs - Non-financial flows current prices - Percentage,XDC_R_B1GQ,0,Replace,2024-12-11T15:30:00.000+01:00,
RTD.A.S0.N.F_UMS_CGG_D0.F,A,S0,N,F_UMS_CGG_D0,F,2000,2.477,A,F,,,P1Y,S,,,GFS.A.N.I10.W0.S13.S1._Z.B.B9P._Z._Z._Z.XDC_R_B1GQ._Z.S.V.N._T,,,,,,"See <a class=""external"" href=""http://sdw.ecb.europa.eu/web/generator/docu/rtdb_docu.pdf""> notes</a>; block Annual; series: G",,4,,,"Government primary deficit(-) or surplus(+), percent of GDP",Euro area (moving concept in the Real Time database context) - Primary deficit/surplus without UMTS proceeds - All sectors/ unspecified/ not applicable (ESA2010)-NCBs - General government (ESA2010)-NCBs - Non-financial flows current prices - Percentage,XDC_R_B1GQ,0,Replace,2024-12-11T15:30:00.000+01:00,
RTD.A.S0.N.F_UMS_CGG_D0.F,A,S0,N,F_UMS_CGG_D0,F,2001,1.701,A,F,,,P1Y,S,,,GFS.A.N.I10.W0.S13.S1._Z.B.B9P._Z._Z._Z.XDC_R_B1GQ._Z.S.V.N._T,,,,,,"See <a class=""external"" href=""http://sdw.ecb.europa.eu/web/generator/docu/rtdb_docu.pdf""> notes</a>; block Annual; series: G",,4,,,"Government primary deficit(-) or surplus(+), percent of GDP",Euro area (moving concept in the Real Time database context) - Primary deficit/surplus without UMTS proceeds - All sectors/ unspecified/ not applicable (ESA2010)-NCBs - General government (ESA2010)-NCBs - Non-financial flows current prices - Percentage,XDC_R_B1GQ,0,Replace,2024-12-11T15:30:00.000+01:00,
RTD.A.S0.N.F_UMS_CGG_D0.F,A,S0,N,F_UMS_CGG_D0,F,2002,0.704,A,F,,,P1Y,S,,,GFS.A.N.I10.W0.S13.S1._Z.B.B9P._Z._Z._Z.XDC_R_B1GQ._Z.S.V.N._T,,,,,,"See <a class=""external"" href=""http://sdw.ecb.europa.eu/web/generator/docu/rtdb_docu.pdf""> notes</a>; block Annual; series: G",,4,,,"Government primary deficit(-) or surplus(+), percent of GDP",Euro area (moving concept in the Real Time database context) - Primary deficit/surplus without UMTS proceeds - All sectors/ unspecified/ not applicable (ESA2010)-NCBs - General government (ESA2010)-NCBs - Non-financial flows current prices - Percentage,XDC_R_B1GQ,0,Replace,2024-12-11T15:30:00.000+01:00,
RTD.A.S0.N.F_UMS_CGG_D0.F,A,S0,N,F_UMS_CGG_D0,F,2003,0.079,A,F,,,P1Y,S,,,GFS.A.N.I10.W0.S13.S1._Z.B.B9P._Z._Z._Z.XDC_R_B1GQ._Z.S.V.N._T,,,,,,"See <a class=""external"" href=""http://sdw.ecb.europa.eu/web/generator/docu/rtdb_docu.pdf""> notes</a>; block Annual; series: G",,4,,,"Government primary deficit(-) or surplus(+), percent of GDP",Euro area (moving concept in the Real Time database context) - Primary deficit/surplus without UMTS proceeds - All sectors/ unspecified/ not applicable (ESA2010)-NCBs - General government (ESA2010)-NCBs - Non-financial flows current prices - Percentage,XDC_R_B1GQ,0,Replace,2024-12-11T15:30:00.000+01:00,
RTD.A.S0.N.F_UMS_CGG_D0.F,A,S0,N,F_UMS_CGG_D0,F,2004,0.147,A,F,,,P1Y,S,,,GFS.A.N.I10.W0.S13.S1._Z.B.B9P._Z._Z._Z.XDC_R_B1GQ._Z.S.V.N._T,,,,,,"See <a class=""external"" href=""http://sdw.ecb.europa.eu/web/generator/docu/rtdb_docu.pdf""> notes</a>; block Annual; series: G",,4,,,"Government primary deficit(-) or surplus(+), percent of GDP",Euro area (moving concept in the Real Time database context) - Primary deficit/surplus without UMTS proceeds - All sectors/ unspecified/ not applicable (ESA2010)-NCBs - General government (ESA2010)-NCBs - Non-financial flows current prices - Percentage,XDC_R_B1GQ,0,Replace,2024-12-11T15:30:00.000+01:00,
RTD.A.S0.N.F_UMS_CGG_D0.F,A,S0,N,F_UMS_CGG_D0,F,2005,0.275,A,F,,,P1Y,S,,,GFS.A.N.I10.W0.S13.S1._Z.B.B9P._Z._Z._Z.XDC_R_B1GQ._Z.S.V.N._T,,,,,,"See <a class=""external"" href=""http://sdw.ecb.europa.eu/web/generator/docu/rtdb_docu.pdf""> notes</a>; block Annual; series: G",,4,,,"Government primary deficit(-) or surplus(+), percent of GDP",Euro area (moving concept in the Real Time database context) - Primary deficit/surplus without UMTS proceeds - All sectors/ unspecified/ not applicable (ESA2010)-NCBs - General government (ESA2010)-NCBs - Non-financial flows current prices - Percentage,XDC_R_B1GQ,0,Replace,2024-12-11T15:30:00.000+01:00,
RTD.A.S0.N.F_UMS_CGG_D0.F,A,S0,N,F_UMS_CGG_D0,F,2006,1.236,A,F,,,P1Y,S,,,GFS.A.N.I10.W0.S13.S1._Z.B.B9P._Z._Z._Z.XDC_R_B1GQ._Z.S.V.N._T,,,,,,"See <a class=""external"" href=""http://sdw.ecb.europa.eu/web/generator/docu/rtdb_docu.pdf""> notes</a>; block Annual; series: G",,4,,,"Government primary deficit(-) or surplus(+), percent of GDP",Euro area (moving concept in the Real Time database context) - Primary deficit/surplus without UMTS proceeds - All sectors/ unspecified/ not applicable (ESA2010)-NCBs - General government (ESA2010)-NCBs - Non-financial flows current prices - Percentage,XDC_R_B1GQ,0,Replace,2024-12-11T15:30:00.000+01:00,
RTD.A.S0.N.F_UMS_CGG_D0.F,A,S0,N,F_UMS_CGG_D0,F,2007,2.123,A,F,,,P1Y,S,,,GFS.A.N.I10.W0.S13.S1._Z.B.B9P._Z._Z._Z.XDC_R_B1GQ._Z.S.V.N._T,,,,,,"See <a class=""external"" href=""http://sdw.ecb.europa.eu/web/generator/docu/rtdb_docu.pdf""> notes</a>; block Annual; series: G",,4,,,"Government primary deficit(-) or surplus(+), percent of GDP",Euro area (moving concept in the Real Time database context) - Primary deficit/surplus without UMTS proceeds - All sectors/ unspecified/ not applicable (ESA2010)-NCBs - General government (ESA2010)-NCBs - Non-financial flows current prices - Percentage,XDC_R_B1GQ,0,Replace,2024-12-11T15:30:00.000+01:00,
RTD.A.S0.N.F_UMS_CGG_D0.F,A,S0,N,F_UMS_CGG_D0,F,2008,0.697,A,F,,,P1Y,S,,,GFS.A.N.I10.W0.S13.S1._Z.B.B9P._Z._Z._Z.XDC_R_B1GQ._Z.S.V.N._T,,,,,,"See <a class=""external"" href=""http://sdw.ecb.europa.eu/web/generator/docu/rtdb_docu.pdf""> notes</a>; block Annual; series: G",,4,,,"Government primary deficit(-) or surplus(+), percent of GDP",Euro area (moving concept in the Real Time database context) - Primary deficit/surplus without UMTS proceeds - All sectors/ unspecified/ not applicable (ESA2010)-NCBs - General government (ESA2010)-NCBs - Non-financial flows current prices - Percentage,XDC_R_B1GQ,0,Replace,2024-12-11T15:30:00.000+01:00,
RTD.A.S0.N.F_UMS_CGG_D0.F,A,S0,N,F_UMS_CGG_D0,F,2009,-3.43,A,F,,,P1Y,S,,,GFS.A.N.I10.W0.S13.S1._Z.B.B9P._Z._Z._Z.XDC_R_B1GQ._Z.S.V.N._T,,,,,,"See <a class=""external"" href=""http://sdw.ecb.europa.eu/web/generator/docu/rtdb_docu.pdf""> notes</a>; block Annual; series: G",,4,,,"Government primary deficit(-) or surplus(+), percent of GDP",Euro area (moving concept in the Real Time database context) - Primary deficit/surplus without UMTS proceeds - All sectors/ unspecified/ not applicable (ESA2010)-NCBs - General government (ESA2010)-NCBs - Non-financial flows current prices - Percentage,XDC_R_B1GQ,0,Replace,2024-12-11T15:30:00.000+01:00,
RTD.A.S0.N.F_UMS_CGG_D0.F,A,S0,N,F_UMS_CGG_D0,F,2010,-3.538,A,F,,,P1Y,S,,,GFS.A.N.I10.W0.S13.S1._Z.B.B9P._Z._Z._Z.XDC_R_B1GQ._Z.S.V.N._T,,,,,,"See <a class=""external"" href=""http://sdw.ecb.europa.eu/web/generator/docu/rtdb_docu.pdf""> notes</a>; block Annual; series: G",,4,,,"Government primary deficit(-) or surplus(+), percent of GDP",Euro area (moving concept in the Real Time database context) - Primary deficit/surplus without UMTS proceeds - All sectors/ unspecified/ not applicable (ESA2010)-NCBs - General government (ESA2010)-NCBs - Non-financial flows current prices - Percentage,XDC_R_B1GQ,0,Replace,2024-12-11T15:30:00.000+01:00,
RTD.A.S0.N.F_UMS_CGG_D0.F,A,S0,N,F_UMS_CGG_D0,F,2011,-1.236,A,F,,,P1Y,S,,,GFS.A.N.I10.W0.S13.S1._Z.B.B9P._Z._Z._Z.XDC_R_B1GQ._Z.S.V.N._T,,,,,,"See <a class=""external"" href=""http://sdw.ecb.europa.eu/web/generator/docu/rtdb_docu.pdf""> notes</a>; block Annual; series: G",,4,,,"Government primary deficit(-) or surplus(+), percent of GDP",Euro area (moving concept in the Real Time database context) - Primary deficit/surplus without UMTS proceeds - All sectors/ unspecified/ not applicable (ESA2010)-NCBs - General government (ESA2010)-NCBs - Non-financial flows current prices - Percentage,XDC_R_B1GQ,0,Replace,2024-12-11T15:30:00.000+01:00,
RTD.A.S0.N.F_UMS_CGG_D0.F,A,S0,N,F_UMS_CGG_D0,F,2012,-0.831,A,F,,,P1Y,S,,,GFS.A.N.I10.W0.S13.S1._Z.B.B9P._Z._Z._Z.XDC_R_B1GQ._Z.S.V.N._T,,,,,,"See <a class=""external"" href=""http://sdw.ecb.europa.eu/web/generator/docu/rtdb_docu.pdf""> notes</a>; block Annual; series: G",,4,,,"Government primary deficit(-) or surplus(+), percent of GDP",Euro area (moving concept in the Real Time database context) - Primary deficit/surplus without UMTS proceeds - All sectors/ unspecified/ not applicable (ESA2010)-NCBs - General government (ESA2010)-NCBs - Non-financial flows current prices - Percentage,XDC_R_B1GQ,0,Replace,2024-12-11T15:30:00.000+01:00,
RTD.A.S0.N.F_UMS_CGG_D0.F,A,S0,N,F_UMS_CGG_D0,F,2013,-0.424,A,F,,,P1Y,S,,,GFS.A.N.I10.W0.S13.S1._Z.B.B9P._Z._Z._Z.XDC_R_B1GQ._Z.S.V.N._T,,,,,,"See <a class=""external"" href=""http://sdw.ecb.europa.eu/web/generator/docu/rtdb_docu.pdf""> notes</a>; block Annual; series: G",,4,,,"Government primary deficit(-) or surplus(+), percent of GDP",Euro area (moving concept in the Real Time database context) - Primary deficit/surplus without UMTS proceeds - All sectors/ unspecified/ not applicable (ESA2010)-NCBs - General government (ESA2010)-NCBs - Non-financial flows current prices - Percentage,XDC_R_B1GQ,0,Replace,2024-12-11T15:30:00.000+01:00,
RTD.A.S0.N.F_UMS_CGG_D0.F,A,S0,N,F_UMS_CGG_D0,F,2014,0.086,A,F,,,P1Y,S,,,GFS.A.N.I10.W0.S13.S1._Z.B.B9P._Z._Z._Z.XDC_R_B1GQ._Z.S.V.N._T,,,,,,"See <a class=""external"" href=""http://sdw.ecb.europa.eu/web/generator/docu/rtdb_docu.pdf""> notes</a>; block Annual; series: G",,4,,,"Government primary deficit(-) or surplus(+), percent of GDP",Euro area (moving concept in the Real Time database context) - Primary deficit/surplus without UMTS proceeds - All sectors/ unspecified/ not applicable (ESA2010)-NCBs - General government (ESA2010)-NCBs - Non-financial flows current prices - Percentage,XDC_R_B1GQ,0,Replace,2024-12-11T15:30:00.000+01:00,
RTD.A.S0.N.F_UMS_CGG_D0.F,A,S0,N,F_UMS_CGG_D0,F,2015,0.33,A,F,,,P1Y,S,,,GFS.A.N.I10.W0.S13.S1._Z.B.B9P._Z._Z._Z.XDC_R_B1GQ._Z.S.V.N._T,,,,,,"See <a class=""external"" href=""http://sdw.ecb.europa.eu/web/generator/docu/rtdb_docu.pdf""> notes</a>; block Annual; series: G",,4,,,"Government primary deficit(-) or surplus(+), percent of GDP",Euro area (moving concept in the Real Time database context) - Primary deficit/surplus without UMTS proceeds - All sectors/ unspecified/ not applicable (ESA2010)-NCBs - General government (ESA2010)-NCBs - Non-financial flows current prices - Percentage,XDC_R_B1GQ,0,Replace,2024-12-11T15:30:00.000+01:00,
RTD.A.S0.N.F_UMS_CGG_D0.F,A,S0,N,F_UMS_CGG_D0,F,2016,0.66,A,F,,,P1Y,S,,,GFS.A.N.I10.W0.S13.S1._Z.B.B9P._Z._Z._Z.XDC_R_B1GQ._Z.S.V.N._T,,,,,,"See <a class=""external"" href=""http://sdw.ecb.europa.eu/web/generator/docu/rtdb_docu.pdf""> notes</a>; block Annual; series: G",,4,,,"Government primary deficit(-) or surplus(+), percent of GDP",Euro area (moving concept in the Real Time database context) - Primary deficit/surplus without UMTS proceeds - All sectors/ unspecified/ not applicable (ESA2010)-NCBs - General government (ESA2010)-NCBs - Non-financial flows current prices - Percentage,XDC_R_B1GQ,0,Replace,2024-12-11T15:30:00.000+01:00,
RTD.A.S0.N.F_UMS_CGG_D0.F,A,S0,N,F_UMS_CGG_D0,F,2017,0.949,A,F,,,P1Y,S,,,GFS.A.N.I10.W0.S13.S1._Z.B.B9P._Z._Z._Z.XDC_R_B1GQ._Z.S.V.N._T,,,,,,"See <a class=""external"" href=""http://sdw.ecb.europa.eu/web/generator/docu/rtdb_docu.pdf""> notes</a>; block Annual; series: G",,4,,,"Government primary deficit(-) or surplus(+), percent of GDP",Euro area (moving concept in the Real Time database context) - Primary deficit/surplus without UMTS proceeds - All sectors/ unspecified/ not applicable (ESA2010)-NCBs - General government (ESA2010)-NCBs - Non-financial flows current prices - Percentage,XDC_R_B1GQ,0,Replace,2024-12-11T15:30:00.000+01:00,
RTD.A.S0.N.F_UMS_CGG_D0.F,A,S0,N,F_UMS_CGG_D0,F,2018,1.394,A,F,,,P1Y,S,,,GFS.A.N.I10.W0.S13.S1._Z.B.B9P._Z._Z._Z.XDC_R_B1GQ._Z.S.V.N._T,,,,,,"See <a class=""external"" href=""http://sdw.ecb.europa.eu/web/generator/docu/rtdb_docu.pdf""> notes</a>; block Annual; series: G",,4,,,"Government primary deficit(-) or surplus(+), percent of GDP",Euro area (moving concept in the Real Time database context) - Primary deficit/surplus without UMTS proceeds - All sectors/ unspecified/ not applicable (ESA2010)-NCBs - General government (ESA2010)-NCBs - Non-financial flows current prices - Percentage,XDC_R_B1GQ,0,Replace,2024-12-11T15:30:00.000+01:00,
RTD.A.S0.N.F_UMS_CGG_D0.F,A,S0,N,F_UMS_CGG_D0,F,2019,1.089,A,F,,,P1Y,S,,,GFS.A.N.I10.W0.S13.S1._Z.B.B9P._Z._Z._Z.XDC_R_B1GQ._Z.S.V.N._T,,,,,,"See <a class=""external"" href=""http://sdw.ecb.europa.eu/web/generator/docu/rtdb_docu.pdf""> notes</a>; block Annual; series: G",,4,,,"Government primary deficit(-) or surplus(+), percent of GDP",Euro area (moving concept in the Real Time database context) - Primary deficit/surplus without UMTS proceeds - All sectors/ unspecified/ not applicable (ESA2010)-NCBs - General government (ESA2010)-NCBs - Non-financial flows current prices - Percentage,XDC_R_B1GQ,0,Replace,2024-12-11T15:30:00.000+01:00,
RTD.A.S0.N.F_UMS_CGG_D0.F,A,S0,N,F_UMS_CGG_D0,F,2020,-5.482,A,F,,,P1Y,S,,,GFS.A.N.I10.W0.S13.S1._Z.B.B9P._Z._Z._Z.XDC_R_B1GQ._Z.S.V.N._T,,,,,,"See <a class=""external"" href=""http://sdw.ecb.europa.eu/web/generator/docu/rtdb_docu.pdf""> notes</a>; block Annual; series: G",,4,,,"Government primary deficit(-) or surplus(+), percent of GDP",Euro area (moving concept in the Real Time database context) - Primary deficit/surplus without UMTS proceeds - All sectors/ unspecified/ not applicable (ESA2010)-NCBs - General government (ESA2010)-NCBs - Non-financial flows current prices - Percentage,XDC_R_B1GQ,0,Replace,2024-12-11T15:30:00.000+01:00,
RTD.A.S0.N.F_UMS_CGG_D0.F,A,S0,N,F_UMS_CGG_D0,F,2021,-3.653,A,F,,,P1Y,S,,,GFS.A.N.I10.W0.S13.S1._Z.B.B9P._Z._Z._Z.XDC_R_B1GQ._Z.S.V.N._T,,,,,,"See <a class=""external"" href=""http://sdw.ecb.europa.eu/web/generator/docu/rtdb_docu.pdf""> notes</a>; block Annual; series: G",,4,,,"Government primary deficit(-) or surplus(+), percent of GDP",Euro area (moving concept in the Real Time database context) - Primary deficit/surplus without UMTS proceeds - All sectors/ unspecified/ not applicable (ESA2010)-NCBs - General government (ESA2010)-NCBs - Non-financial flows current prices - Percentage,XDC_R_B1GQ,0,Replace,2024-12-11T15:30:00.000+01:00,
RTD.A.S0.N.F_UMS_CGG_D0.F,A,S0,N,F_UMS_CGG_D0,F,2022,-1.783,A,F,,,P1Y,S,,,GFS.A.N.I10.W0.S13.S1._Z.B.B9P._Z._Z._Z.XDC_R_B1GQ._Z.S.V.N._T,,,,,,"See <a class=""external"" href=""http://sdw.ecb.europa.eu/web/generator/docu/rtdb_docu.pdf""> notes</a>; block Annual; series: G",,4,,,"Government primary deficit(-) or surplus(+), percent of GDP",Euro area (moving concept in the Real Time database context) - Primary deficit/surplus without UMTS proceeds - All sectors/ unspecified/ not applicable (ESA2010)-NCBs - General government (ESA2010)-NCBs - Non-financial flows current prices - Percentage,XDC_R_B1GQ,0,Replace,2024-12-11T15:30:00.000+01:00,
RTD.A.S0.N.F_UMS_CGG_D0.F,A,S0,N,F_UMS_CGG_D0,F,2023,-1.839,A,F,,,P1Y,S,,,GFS.A.N.I10.W0.S13.S1._Z.B.B9P._Z._Z._Z.XDC_R_B1GQ._Z.S.V.N._T,,,,,,"See <a class=""external"" href=""http://sdw.ecb.europa.eu/web/generator/docu/rtdb_docu.pdf""> notes</a>; block Annual; series: G",,4,,,"Government primary deficit(-) or surplus(+), percent of GDP",Euro area (moving concept in the Real Time database context) - Primary deficit/surplus without UMTS proceeds - All sectors/ unspecified/ not applicable (ESA2010)-NCBs - General government (ESA2010)-NCBs - Non-financial flows current prices - Percentage,XDC_R_B1GQ,0,Replace,2024-12-11T15:30:00.000+01:00,
RTD.A.S0.N.F_UMS_CGG_D0.F,A,S0,N,F_UMS_CGG_D0,F,1995,-1.887458,A,F,,,P1Y,S,,,GFS.A.N.I10.W0.S13.S1._Z.B.B9P._Z._Z._Z.XDC_R_B1GQ._Z.S.V.N._T,,,,,,"See <a class=""external"" href=""http://sdw.ecb.europa.eu/web/generator/docu/rtdb_docu.pdf""> notes</a>; block Annual; series: G",,4,,,"Government primary deficit(-) or surplus(+), percent of GDP",Euro area (moving concept in the Real Time database context) - Primary deficit/surplus without UMTS proceeds - All sectors/ unspecified/ not applicable (ESA2010)-NCBs - General government (ESA2010)-NCBs - Non-financial flows current prices - Percentage,XDC_R_B1GQ,0,Replace,2025-06-04T15:30:00.000+02:00,
RTD.A.S0.N.F_UMS_CGG_D0.F,A,S0,N,F_UMS_CGG_D0,F,1996,0.987895,A,F,,,P1Y,S,,,GFS.A.N.I10.W0.S13.S1._Z.B.B9P._Z._Z._Z.XDC_R_B1GQ._Z.S.V.N._T,,,,,,"See <a class=""external"" href=""http://sdw.ecb.europa.eu/web/generator/docu/rtdb_docu.pdf""> notes</a>; block Annual; series: G",,4,,,"Government primary deficit(-) or surplus(+), percent of GDP",Euro area (moving concept in the Real Time database context) - Primary deficit/surplus without UMTS proceeds - All sectors/ unspecified/ not applicable (ESA2010)-NCBs - General government (ESA2010)-NCBs - Non-financial flows current prices - Percentage,XDC_R_B1GQ,0,Replace,2025-06-04T15:30:00.000+02:00,
RTD.A.S0.N.F_UMS_CGG_D0.F,A,S0,N,F_UMS_CGG_D0,F,1997,1.785428,A,F,,,P1Y,S,,,GFS.A.N.I10.W0.S13.S1._Z.B.B9P._Z._Z._Z.XDC_R_B1GQ._Z.S.V.N._T,,,,,,"See <a class=""external"" href=""http://sdw.ecb.europa.eu/web/generator/docu/rtdb_docu.pdf""> notes</a>; block Annual; series: G",,4,,,"Government primary deficit(-) or surplus(+), percent of GDP",Euro area (moving concept in the Real Time database context) - Primary deficit/surplus without UMTS proceeds - All sectors/ unspecified/ not applicable (ESA2010)-NCBs - General government (ESA2010)-NCBs - Non-financial flows current prices - Percentage,XDC_R_B1GQ,0,Replace,2025-06-04T15:30:00.000+02:00,
RTD.A.S0.N.F_UMS_CGG_D0.F,A,S0,N,F_UMS_CGG_D0,F,1998,2.015352,A,F,,,P1Y,S,,,GFS.A.N.I10.W0.S13.S1._Z.B.B9P._Z._Z._Z.XDC_R_B1GQ._Z.S.V.N._T,,,,,,"See <a class=""external"" href=""http://sdw.ecb.europa.eu/web/generator/docu/rtdb_docu.pdf""> notes</a>; block Annual; series: G",,4,,,"Government primary deficit(-) or surplus(+), percent of GDP",Euro area (moving concept in the Real Time database context) - Primary deficit/surplus without UMTS proceeds - All sectors/ unspecified/ not applicable (ESA2010)-NCBs - General government (ESA2010)-NCBs - Non-financial flows current prices - Percentage,XDC_R_B1GQ,0,Replace,2025-06-04T15:30:00.000+02:00,
RTD.A.S0.N.F_UMS_CGG_D0.F,A,S0,N,F_UMS_CGG_D0,F,1999,2.383046,A,F,,,P1Y,S,,,GFS.A.N.I10.W0.S13.S1._Z.B.B9P._Z._Z._Z.XDC_R_B1GQ._Z.S.V.N._T,,,,,,"See <a class=""external"" href=""http://sdw.ecb.europa.eu/web/generator/docu/rtdb_docu.pdf""> notes</a>; block Annual; series: G",,4,,,"Government primary deficit(-) or surplus(+), percent of GDP",Euro area (moving concept in the Real Time database context) - Primary deficit/surplus without UMTS proceeds - All sectors/ unspecified/ not applicable (ESA2010)-NCBs - General government (ESA2010)-NCBs - Non-financial flows current prices - Percentage,XDC_R_B1GQ,0,Replace,2025-06-04T15:30:00.000+02:00,
RTD.A.S0.N.F_UMS_CGG_D0.F,A,S0,N,F_UMS_CGG_D0,F,2000,2.477821,A,F,,,P1Y,S,,,GFS.A.N.I10.W0.S13.S1._Z.B.B9P._Z._Z._Z.XDC_R_B1GQ._Z.S.V.N._T,,,,,,"See <a class=""external"" href=""http://sdw.ecb.europa.eu/web/generator/docu/rtdb_docu.pdf""> notes</a>; block Annual; series: G",,4,,,"Government primary deficit(-) or surplus(+), percent of GDP",Euro area (moving concept in the Real Time database context) - Primary deficit/surplus without UMTS proceeds - All sectors/ unspecified/ not applicable (ESA2010)-NCBs - General government (ESA2010)-NCBs - Non-financial flows current prices - Percentage,XDC_R_B1GQ,0,Replace,2025-06-04T15:30:00.000+02:00,
RTD.A.S0.N.F_UMS_CGG_D0.F,A,S0,N,F_UMS_CGG_D0,F,2001,1.700664,A,F,,,P1Y,S,,,GFS.A.N.I10.W0.S13.S1._Z.B.B9P._Z._Z._Z.XDC_R_B1GQ._Z.S.V.N._T,,,,,,"See <a class=""external"" href=""http://sdw.ecb.europa.eu/web/generator/docu/rtdb_docu.pdf""> notes</a>; block Annual; series: G",,4,,,"Government primary deficit(-) or surplus(+), percent of GDP",Euro area (moving concept in the Real Time database context) - Primary deficit/surplus without UMTS proceeds - All sectors/ unspecified/ not applicable (ESA2010)-NCBs - General government (ESA2010)-NCBs - Non-financial flows current prices - Percentage,XDC_R_B1GQ,0,Replace,2025-06-04T15:30:00.000+02:00,
RTD.A.S0.N.F_UMS_CGG_D0.F,A,S0,N,F_UMS_CGG_D0,F,2002,0.703816,A,F,,,P1Y,S,,,GFS.A.N.I10.W0.S13.S1._Z.B.B9P._Z._Z._Z.XDC_R_B1GQ._Z.S.V.N._T,,,,,,"See <a class=""external"" href=""http://sdw.ecb.europa.eu/web/generator/docu/rtdb_docu.pdf""> notes</a>; block Annual; series: G",,4,,,"Government primary deficit(-) or surplus(+), percent of GDP",Euro area (moving concept in the Real Time database context) - Primary deficit/surplus without UMTS proceeds - All sectors/ unspecified/ not applicable (ESA2010)-NCBs - General government (ESA2010)-NCBs - Non-financial flows current prices - Percentage,XDC_R_B1GQ,0,Replace,2025-06-04T15:30:00.000+02:00,
RTD.A.S0.N.F_UMS_CGG_D0.F,A,S0,N,F_UMS_CGG_D0,F,2003,0.078586,A,F,,,P1Y,S,,,GFS.A.N.I10.W0.S13.S1._Z.B.B9P._Z._Z._Z.XDC_R_B1GQ._Z.S.V.N._T,,,,,,"See <a class=""external"" href=""http://sdw.ecb.europa.eu/web/generator/docu/rtdb_docu.pdf""> notes</a>; block Annual; series: G",,4,,,"Government primary deficit(-) or surplus(+), percent of GDP",Euro area (moving concept in the Real Time database context) - Primary deficit/surplus without UMTS proceeds - All sectors/ unspecified/ not applicable (ESA2010)-NCBs - General government (ESA2010)-NCBs - Non-financial flows current prices - Percentage,XDC_R_B1GQ,0,Replace,2025-06-04T15:30:00.000+02:00,
RTD.A.S0.N.F_UMS_CGG_D0.F,A,S0,N,F_UMS_CGG_D0,F,2004,0.146995,A,F,,,P1Y,S,,,GFS.A.N.I10.W0.S13.S1._Z.B.B9P._Z._Z._Z.XDC_R_B1GQ._Z.S.V.N._T,,,,,,"See <a class=""external"" href=""http://sdw.ecb.europa.eu/web/generator/docu/rtdb_docu.pdf""> notes</a>; block Annual; series: G",,4,,,"Government primary deficit(-) or surplus(+), percent of GDP",Euro area (moving concept in the Real Time database context) - Primary deficit/surplus without UMTS proceeds - All sectors/ unspecified/ not applicable (ESA2010)-NCBs - General government (ESA2010)-NCBs - Non-financial flows current prices - Percentage,XDC_R_B1GQ,0,Replace,2025-06-04T15:30:00.000+02:00,
RTD.A.S0.N.F_UMS_CGG_D0.F,A,S0,N,F_UMS_CGG_D0,F,2005,0.274581,A,F,,,P1Y,S,,,GFS.A.N.I10.W0.S13.S1._Z.B.B9P._Z._Z._Z.XDC_R_B1GQ._Z.S.V.N._T,,,,,,"See <a class=""external"" href=""http://sdw.ecb.europa.eu/web/generator/docu/rtdb_docu.pdf""> notes</a>; block Annual; series: G",,4,,,"Government primary deficit(-) or surplus(+), percent of GDP",Euro area (moving concept in the Real Time database context) - Primary deficit/surplus without UMTS proceeds - All sectors/ unspecified/ not applicable (ESA2010)-NCBs - General government (ESA2010)-NCBs - Non-financial flows current prices - Percentage,XDC_R_B1GQ,0,Replace,2025-06-04T15:30:00.000+02:00,
RTD.A.S0.N.F_UMS_CGG_D0.F,A,S0,N,F_UMS_CGG_D0,F,2006,1.235974,A,F,,,P1Y,S,,,GFS.A.N.I10.W0.S13.S1._Z.B.B9P._Z._Z._Z.XDC_R_B1GQ._Z.S.V.N._T,,,,,,"See <a class=""external"" href=""http://sdw.ecb.europa.eu/web/generator/docu/rtdb_docu.pdf""> notes</a>; block Annual; series: G",,4,,,"Government primary deficit(-) or surplus(+), percent of GDP",Euro area (moving concept in the Real Time database context) - Primary deficit/surplus without UMTS proceeds - All sectors/ unspecified/ not applicable (ESA2010)-NCBs - General government (ESA2010)-NCBs - Non-financial flows current prices - Percentage,XDC_R_B1GQ,0,Replace,2025-06-04T15:30:00.000+02:00,
RTD.A.S0.N.F_UMS_CGG_D0.F,A,S0,N,F_UMS_CGG_D0,F,2007,2.122934,A,F,,,P1Y,S,,,GFS.A.N.I10.W0.S13.S1._Z.B.B9P._Z._Z._Z.XDC_R_B1GQ._Z.S.V.N._T,,,,,,"See <a class=""external"" href=""http://sdw.ecb.europa.eu/web/generator/docu/rtdb_docu.pdf""> notes</a>; block Annual; series: G",,4,,,"Government primary deficit(-) or surplus(+), percent of GDP",Euro area (moving concept in the Real Time database context) - Primary deficit/surplus without UMTS proceeds - All sectors/ unspecified/ not applicable (ESA2010)-NCBs - General government (ESA2010)-NCBs - Non-financial flows current prices - Percentage,XDC_R_B1GQ,0,Replace,2025-06-04T15:30:00.000+02:00,
RTD.A.S0.N.F_UMS_CGG_D0.F,A,S0,N,F_UMS_CGG_D0,F,2008,0.696613,A,F,,,P1Y,S,,,GFS.A.N.I10.W0.S13.S1._Z.B.B9P._Z._Z._Z.XDC_R_B1GQ._Z.S.V.N._T,,,,,,"See <a class=""external"" href=""http://sdw.ecb.europa.eu/web/generator/docu/rtdb_docu.pdf""> notes</a>; block Annual; series: G",,4,,,"Government primary deficit(-) or surplus(+), percent of GDP",Euro area (moving concept in the Real Time database context) - Primary deficit/surplus without UMTS proceeds - All sectors/ unspecified/ not applicable (ESA2010)-NCBs - General government (ESA2010)-NCBs - Non-financial flows current prices - Percentage,XDC_R_B1GQ,0,Replace,2025-06-04T15:30:00.000+02:00,
RTD.A.S0.N.F_UMS_CGG_D0.F,A,S0,N,F_UMS_CGG_D0,F,2009,-3.430085,A,F,,,P1Y,S,,,GFS.A.N.I10.W0.S13.S1._Z.B.B9P._Z._Z._Z.XDC_R_B1GQ._Z.S.V.N._T,,,,,,"See <a class=""external"" href=""http://sdw.ecb.europa.eu/web/generator/docu/rtdb_docu.pdf""> notes</a>; block Annual; series: G",,4,,,"Government primary deficit(-) or surplus(+), percent of GDP",Euro area (moving concept in the Real Time database context) - Primary deficit/surplus without UMTS proceeds - All sectors/ unspecified/ not applicable (ESA2010)-NCBs - General government (ESA2010)-NCBs - Non-financial flows current prices - Percentage,XDC_R_B1GQ,0,Replace,2025-06-04T15:30:00.000+02:00,
RTD.A.S0.N.F_UMS_CGG_D0.F,A,S0,N,F_UMS_CGG_D0,F,2010,-3.537826,A,F,,,P1Y,S,,,GFS.A.N.I10.W0.S13.S1._Z.B.B9P._Z._Z._Z.XDC_R_B1GQ._Z.S.V.N._T,,,,,,"See <a class=""external"" href=""http://sdw.ecb.europa.eu/web/generator/docu/rtdb_docu.pdf""> notes</a>; block Annual; series: G",,4,,,"Government primary deficit(-) or surplus(+), percent of GDP",Euro area (moving concept in the Real Time database context) - Primary deficit/surplus without UMTS proceeds - All sectors/ unspecified/ not applicable (ESA2010)-NCBs - General government (ESA2010)-NCBs - Non-financial flows current prices - Percentage,XDC_R_B1GQ,0,Replace,2025-06-04T15:30:00.000+02:00,
RTD.A.S0.N.F_UMS_CGG_D0.F,A,S0,N,F_UMS_CGG_D0,F,2011,-1.236156,A,F,,,P1Y,S,,,GFS.A.N.I10.W0.S13.S1._Z.B.B9P._Z._Z._Z.XDC_R_B1GQ._Z.S.V.N._T,,,,,,"See <a class=""external"" href=""http://sdw.ecb.europa.eu/web/generator/docu/rtdb_docu.pdf""> notes</a>; block Annual; series: G",,4,,,"Government primary deficit(-) or surplus(+), percent of GDP",Euro area (moving concept in the Real Time database context) - Primary deficit/surplus without UMTS proceeds - All sectors/ unspecified/ not applicable (ESA2010)-NCBs - General government (ESA2010)-NCBs - Non-financial flows current prices - Percentage,XDC_R_B1GQ,0,Replace,2025-06-04T15:30:00.000+02:00,
RTD.A.S0.N.F_UMS_CGG_D0.F,A,S0,N,F_UMS_CGG_D0,F,2012,-0.830437,A,F,,,P1Y,S,,,GFS.A.N.I10.W0.S13.S1._Z.B.B9P._Z._Z._Z.XDC_R_B1GQ._Z.S.V.N._T,,,,,,"See <a class=""external"" href=""http://sdw.ecb.europa.eu/web/generator/docu/rtdb_docu.pdf""> notes</a>; block Annual; series: G",,4,,,"Government primary deficit(-) or surplus(+), percent of GDP",Euro area (moving concept in the Real Time database context) - Primary deficit/surplus without UMTS proceeds - All sectors/ unspecified/ not applicable (ESA2010)-NCBs - General government (ESA2010)-NCBs - Non-financial flows current prices - Percentage,XDC_R_B1GQ,0,Replace,2025-06-04T15:30:00.000+02:00,
RTD.A.S0.N.F_UMS_CGG_D0.F,A,S0,N,F_UMS_CGG_D0,F,2013,-0.424077,A,F,,,P1Y,S,,,GFS.A.N.I10.W0.S13.S1._Z.B.B9P._Z._Z._Z.XDC_R_B1GQ._Z.S.V.N._T,,,,,,"See <a class=""external"" href=""http://sdw.ecb.europa.eu/web/generator/docu/rtdb_docu.pdf""> notes</a>; block Annual; series: G",,4,,,"Government primary deficit(-) or surplus(+), percent of GDP",Euro area (moving concept in the Real Time database context) - Primary deficit/surplus without UMTS proceeds - All sectors/ unspecified/ not applicable (ESA2010)-NCBs - General government (ESA2010)-NCBs - Non-financial flows current prices - Percentage,XDC_R_B1GQ,0,Replace,2025-06-04T15:30:00.000+02:00,
RTD.A.S0.N.F_UMS_CGG_D0.F,A,S0,N,F_UMS_CGG_D0,F,2014,0.085715,A,F,,,P1Y,S,,,GFS.A.N.I10.W0.S13.S1._Z.B.B9P._Z._Z._Z.XDC_R_B1GQ._Z.S.V.N._T,,,,,,"See <a class=""external"" href=""http://sdw.ecb.europa.eu/web/generator/docu/rtdb_docu.pdf""> notes</a>; block Annual; series: G",,4,,,"Government primary deficit(-) or surplus(+), percent of GDP",Euro area (moving concept in the Real Time database context) - Primary deficit/surplus without UMTS proceeds - All sectors/ unspecified/ not applicable (ESA2010)-NCBs - General government (ESA2010)-NCBs - Non-financial flows current prices - Percentage,XDC_R_B1GQ,0,Replace,2025-06-04T15:30:00.000+02:00,
RTD.A.S0.N.F_UMS_CGG_D0.F,A,S0,N,F_UMS_CGG_D0,F,2015,0.329706,A,F,,,P1Y,S,,,GFS.A.N.I10.W0.S13.S1._Z.B.B9P._Z._Z._Z.XDC_R_B1GQ._Z.S.V.N._T,,,,,,"See <a class=""external"" href=""http://sdw.ecb.europa.eu/web/generator/docu/rtdb_docu.pdf""> notes</a>; block Annual; series: G",,4,,,"Government primary deficit(-) or surplus(+), percent of GDP",Euro area (moving concept in the Real Time database context) - Primary deficit/surplus without UMTS proceeds - All sectors/ unspecified/ not applicable (ESA2010)-NCBs - General government (ESA2010)-NCBs - Non-financial flows current prices - Percentage,XDC_R_B1GQ,0,Replace,2025-06-04T15:30:00.000+02:00,
RTD.A.S0.N.F_UMS_CGG_D0.F,A,S0,N,F_UMS_CGG_D0,F,2016,0.659214,A,F,,,P1Y,S,,,GFS.A.N.I10.W0.S13.S1._Z.B.B9P._Z._Z._Z.XDC_R_B1GQ._Z.S.V.N._T,,,,,,"See <a class=""external"" href=""http://sdw.ecb.europa.eu/web/generator/docu/rtdb_docu.pdf""> notes</a>; block Annual; series: G",,4,,,"Government primary deficit(-) or surplus(+), percent of GDP",Euro area (moving concept in the Real Time database context) - Primary deficit/surplus without UMTS proceeds - All sectors/ unspecified/ not applicable (ESA2010)-NCBs - General government (ESA2010)-NCBs - Non-financial flows current prices - Percentage,XDC_R_B1GQ,0,Replace,2025-06-04T15:30:00.000+02:00,
RTD.A.S0.N.F_UMS_CGG_D0.F,A,S0,N,F_UMS_CGG_D0,F,2017,0.947187,A,F,,,P1Y,S,,,GFS.A.N.I10.W0.S13.S1._Z.B.B9P._Z._Z._Z.XDC_R_B1GQ._Z.S.V.N._T,,,,,,"See <a class=""external"" href=""http://sdw.ecb.europa.eu/web/generator/docu/rtdb_docu.pdf""> notes</a>; block Annual; series: G",,4,,,"Government primary deficit(-) or surplus(+), percent of GDP",Euro area (moving concept in the Real Time database context) - Primary deficit/surplus without UMTS proceeds - All sectors/ unspecified/ not applicable (ESA2010)-NCBs - General government (ESA2010)-NCBs - Non-financial flows current prices - Percentage,XDC_R_B1GQ,0,Replace,2025-06-04T15:30:00.000+02:00,
RTD.A.S0.N.F_UMS_CGG_D0.F,A,S0,N,F_UMS_CGG_D0,F,2018,1.39244,A,F,,,P1Y,S,,,GFS.A.N.I10.W0.S13.S1._Z.B.B9P._Z._Z._Z.XDC_R_B1GQ._Z.S.V.N._T,,,,,,"See <a class=""external"" href=""http://sdw.ecb.europa.eu/web/generator/docu/rtdb_docu.pdf""> notes</a>; block Annual; series: G",,4,,,"Government primary deficit(-) or surplus(+), percent of GDP",Euro area (moving concept in the Real Time database context) - Primary deficit/surplus without UMTS proceeds - All sectors/ unspecified/ not applicable (ESA2010)-NCBs - General government (ESA2010)-NCBs - Non-financial flows current prices - Percentage,XDC_R_B1GQ,0,Replace,2025-06-04T15:30:00.000+02:00,
RTD.A.S0.N.F_UMS_CGG_D0.F,A,S0,N,F_UMS_CGG_D0,F,2019,1.087122,A,F,,,P1Y,S,,,GFS.A.N.I10.W0.S13.S1._Z.B.B9P._Z._Z._Z.XDC_R_B1GQ._Z.S.V.N._T,,,,,,"See <a class=""external"" href=""http://sdw.ecb.europa.eu/web/generator/docu/rtdb_docu.pdf""> notes</a>; block Annual; series: G",,4,,,"Government primary deficit(-) or surplus(+), percent of GDP",Euro area (moving concept in the Real Time database context) - Primary deficit/surplus without UMTS proceeds - All sectors/ unspecified/ not applicable (ESA2010)-NCBs - General government (ESA2010)-NCBs - Non-financial flows current prices - Percentage,XDC_R_B1GQ,0,Replace,2025-06-04T15:30:00.000+02:00,
RTD.A.S0.N.F_UMS_CGG_D0.F,A,S0,N,F_UMS_CGG_D0,F,2020,-5.481326,A,F,,,P1Y,S,,,GFS.A.N.I10.W0.S13.S1._Z.B.B9P._Z._Z._Z.XDC_R_B1GQ._Z.S.V.N._T,,,,,,"See <a class=""external"" href=""http://sdw.ecb.europa.eu/web/generator/docu/rtdb_docu.pdf""> notes</a>; block Annual; series: G",,4,,,"Government primary deficit(-) or surplus(+), percent of GDP",Euro area (moving concept in the Real Time database context) - Primary deficit/surplus without UMTS proceeds - All sectors/ unspecified/ not applicable (ESA2010)-NCBs - General government (ESA2010)-NCBs - Non-financial flows current prices - Percentage,XDC_R_B1GQ,0,Replace,2025-06-04T15:30:00.000+02:00,
RTD.A.S0.N.F_UMS_CGG_D0.F,A,S0,N,F_UMS_CGG_D0,F,2021,-3.658161,A,F,,,P1Y,S,,,GFS.A.N.I10.W0.S13.S1._Z.B.B9P._Z._Z._Z.XDC_R_B1GQ._Z.S.V.N._T,,,,,,"See <a class=""external"" href=""http://sdw.ecb.europa.eu/web/generator/docu/rtdb_docu.pdf""> notes</a>; block Annual; series: G",,4,,,"Government primary deficit(-) or surplus(+), percent of GDP",Euro area (moving concept in the Real Time database context) - Primary deficit/surplus without UMTS proceeds - All sectors/ unspecified/ not applicable (ESA2010)-NCBs - General government (ESA2010)-NCBs - Non-financial flows current prices - Percentage,XDC_R_B1GQ,0,Replace,2025-06-04T15:30:00.000+02:00,
RTD.A.S0.N.F_UMS_CGG_D0.F,A,S0,N,F_UMS_CGG_D0,F,2022,-1.792319,A,F,,,P1Y,S,,,GFS.A.N.I10.W0.S13.S1._Z.B.B9P._Z._Z._Z.XDC_R_B1GQ._Z.S.V.N._T,,,,,,"See <a class=""external"" href=""http://sdw.ecb.europa.eu/web/generator/docu/rtdb_docu.pdf""> notes</a>; block Annual; series: G",,4,,,"Government primary deficit(-) or surplus(+), percent of GDP",Euro area (moving concept in the Real Time database context) - Primary deficit/surplus without UMTS proceeds - All sectors/ unspecified/ not applicable (ESA2010)-NCBs - General government (ESA2010)-NCBs - Non-financial flows current prices - Percentage,XDC_R_B1GQ,0,Replace,2025-06-04T15:30:00.000+02:00,
RTD.A.S0.N.F_UMS_CGG_D0.F,A,S0,N,F_UMS_CGG_D0,F,2023,-1.797585,A,F,,,P1Y,S,,,GFS.A.N.I10.W0.S13.S1._Z.B.B9P._Z._Z._Z.XDC_R_B1GQ._Z.S.V.N._T,,,,,,"See <a class=""external"" href=""http://sdw.ecb.europa.eu/web/generator/docu/rtdb_docu.pdf""> notes</a>; block Annual; series: G",,4,,,"Government primary deficit(-) or surplus(+), percent of GDP",Euro area (moving concept in the Real Time database context) - Primary deficit/surplus without UMTS proceeds - All sectors/ unspecified/ not applicable (ESA2010)-NCBs - General government (ESA2010)-NCBs - Non-financial flows current prices - Percentage,XDC_R_B1GQ,0,Replace,2025-06-04T15:30:00.000+02:00,
RTD.A.S0.N.F_UMS_CGG_D0.F,A,S0,N,F_UMS_CGG_D0,F,2024,-1.198582,A,F,,,P1Y,S,,,GFS.A.N.I10.W0.S13.S1._Z.B.B9P._Z._Z._Z.XDC_R_B1GQ._Z.S.V.N._T,,,,,,"See <a class=""external"" href=""http://sdw.ecb.europa.eu/web/generator/docu/rtdb_docu.pdf""> notes</a>; block Annual; series: G",,4,,,"Government primary deficit(-) or surplus(+), percent of GDP",Euro area (moving concept in the Real Time database context) - Primary deficit/surplus without UMTS proceeds - All sectors/ unspecified/ not applicable (ESA2010)-NCBs - General government (ESA2010)-NCBs - Non-financial flows current prices - Percentage,XDC_R_B1GQ,0,Replace,2025-06-04T15:30:00.000+02:00,
RTD.A.S0.N.F_UMS_CGG_D0.F,A,S0,N,F_UMS_CGG_D0,F,1995,-1.887,A,F,,,P1Y,S,,,GFS.A.N.I10.W0.S13.S1._Z.B.B9P._Z._Z._Z.XDC_R_B1GQ._Z.S.V.N._T,,,,,,"See <a class=""external"" href=""http://sdw.ecb.europa.eu/web/generator/docu/rtdb_docu.pdf""> notes</a>; block Annual; series: G",,4,,,"Government primary deficit(-) or surplus(+), percent of GDP",Euro area (moving concept in the Real Time database context) - Primary deficit/surplus without UMTS proceeds - All sectors/ unspecified/ not applicable (ESA2010)-NCBs - General government (ESA2010)-NCBs - Non-financial flows current prices - Percentage,XDC_R_B1GQ,0,Replace,2025-10-29T15:30:00.000+01:00,
RTD.A.S0.N.F_UMS_CGG_D0.F,A,S0,N,F_UMS_CGG_D0,F,1996,0.988,A,F,,,P1Y,S,,,GFS.A.N.I10.W0.S13.S1._Z.B.B9P._Z._Z._Z.XDC_R_B1GQ._Z.S.V.N._T,,,,,,"See <a class=""external"" href=""http://sdw.ecb.europa.eu/web/generator/docu/rtdb_docu.pdf""> notes</a>; block Annual; series: G",,4,,,"Government primary deficit(-) or surplus(+), percent of GDP",Euro area (moving concept in the Real Time database context) - Primary deficit/surplus without UMTS proceeds - All sectors/ unspecified/ not applicable (ESA2010)-NCBs - General government (ESA2010)-NCBs - Non-financial flows current prices - Percentage,XDC_R_B1GQ,0,Replace,2025-10-29T15:30:00.000+01:00,
RTD.A.S0.N.F_UMS_CGG_D0.F,A,S0,N,F_UMS_CGG_D0,F,1997,1.786,A,F,,,P1Y,S,,,GFS.A.N.I10.W0.S13.S1._Z.B.B9P._Z._Z._Z.XDC_R_B1GQ._Z.S.V.N._T,,,,,,"See <a class=""external"" href=""http://sdw.ecb.europa.eu/web/generator/docu/rtdb_docu.pdf""> notes</a>; block Annual; series: G",,4,,,"Government primary deficit(-) or surplus(+), percent of GDP",Euro area (moving concept in the Real Time database context) - Primary deficit/surplus without UMTS proceeds - All sectors/ unspecified/ not applicable (ESA2010)-NCBs - General government (ESA2010)-NCBs - Non-financial flows current prices - Percentage,XDC_R_B1GQ,0,Replace,2025-10-29T15:30:00.000+01:00,
RTD.A.S0.N.F_UMS_CGG_D0.F,A,S0,N,F_UMS_CGG_D0,F,1998,2.015,A,F,,,P1Y,S,,,GFS.A.N.I10.W0.S13.S1._Z.B.B9P._Z._Z._Z.XDC_R_B1GQ._Z.S.V.N._T,,,,,,"See <a class=""external"" href=""http://sdw.ecb.europa.eu/web/generator/docu/rtdb_docu.pdf""> notes</a>; block Annual; series: G",,4,,,"Government primary deficit(-) or surplus(+), percent of GDP",Euro area (moving concept in the Real Time database context) - Primary deficit/surplus without UMTS proceeds - All sectors/ unspecified/ not applicable (ESA2010)-NCBs - General government (ESA2010)-NCBs - Non-financial flows current prices - Percentage,XDC_R_B1GQ,0,Replace,2025-10-29T15:30:00.000+01:00,
RTD.A.S0.N.F_UMS_CGG_D0.F,A,S0,N,F_UMS_CGG_D0,F,1999,2.383,A,F,,,P1Y,S,,,GFS.A.N.I10.W0.S13.S1._Z.B.B9P._Z._Z._Z.XDC_R_B1GQ._Z.S.V.N._T,,,,,,"See <a class=""external"" href=""http://sdw.ecb.europa.eu/web/generator/docu/rtdb_docu.pdf""> notes</a>; block Annual; series: G",,4,,,"Government primary deficit(-) or surplus(+), percent of GDP",Euro area (moving concept in the Real Time database context) - Primary deficit/surplus without UMTS proceeds - All sectors/ unspecified/ not applicable (ESA2010)-NCBs - General government (ESA2010)-NCBs - Non-financial flows current prices - Percentage,XDC_R_B1GQ,0,Replace,2025-10-29T15:30:00.000+01:00,
RTD.A.S0.N.F_UMS_CGG_D0.F,A,S0,N,F_UMS_CGG_D0,F,2000,2.478,A,F,,,P1Y,S,,,GFS.A.N.I10.W0.S13.S1._Z.B.B9P._Z._Z._Z.XDC_R_B1GQ._Z.S.V.N._T,,,,,,"See <a class=""external"" href=""http://sdw.ecb.europa.eu/web/generator/docu/rtdb_docu.pdf""> notes</a>; block Annual; series: G",,4,,,"Government primary deficit(-) or surplus(+), percent of GDP",Euro area (moving concept in the Real Time database context) - Primary deficit/surplus without UMTS proceeds - All sectors/ unspecified/ not applicable (ESA2010)-NCBs - General government (ESA2010)-NCBs - Non-financial flows current prices - Percentage,XDC_R_B1GQ,0,Replace,2025-10-29T15:30:00.000+01:00,
RTD.A.S0.N.F_UMS_CGG_D0.F,A,S0,N,F_UMS_CGG_D0,F,2001,1.701,A,F,,,P1Y,S,,,GFS.A.N.I10.W0.S13.S1._Z.B.B9P._Z._Z._Z.XDC_R_B1GQ._Z.S.V.N._T,,,,,,"See <a class=""external"" href=""http://sdw.ecb.europa.eu/web/generator/docu/rtdb_docu.pdf""> notes</a>; block Annual; series: G",,4,,,"Government primary deficit(-) or surplus(+), percent of GDP",Euro area (moving concept in the Real Time database context) - Primary deficit/surplus without UMTS proceeds - All sectors/ unspecified/ not applicable (ESA2010)-NCBs - General government (ESA2010)-NCBs - Non-financial flows current prices - Percentage,XDC_R_B1GQ,0,Replace,2025-10-29T15:30:00.000+01:00,
RTD.A.S0.N.F_UMS_CGG_D0.F,A,S0,N,F_UMS_CGG_D0,F,2002,0.704,A,F,,,P1Y,S,,,GFS.A.N.I10.W0.S13.S1._Z.B.B9P._Z._Z._Z.XDC_R_B1GQ._Z.S.V.N._T,,,,,,"See <a class=""external"" href=""http://sdw.ecb.europa.eu/web/generator/docu/rtdb_docu.pdf""> notes</a>; block Annual; series: G",,4,,,"Government primary deficit(-) or surplus(+), percent of GDP",Euro area (moving concept in the Real Time database context) - Primary deficit/surplus without UMTS proceeds - All sectors/ unspecified/ not applicable (ESA2010)-NCBs - General government (ESA2010)-NCBs - Non-financial flows current prices - Percentage,XDC_R_B1GQ,0,Replace,2025-10-29T15:30:00.000+01:00,
RTD.A.S0.N.F_UMS_CGG_D0.F,A,S0,N,F_UMS_CGG_D0,F,2003,0.079,A,F,,,P1Y,S,,,GFS.A.N.I10.W0.S13.S1._Z.B.B9P._Z._Z._Z.XDC_R_B1GQ._Z.S.V.N._T,,,,,,"See <a class=""external"" href=""http://sdw.ecb.europa.eu/web/generator/docu/rtdb_docu.pdf""> notes</a>; block Annual; series: G",,4,,,"Government primary deficit(-) or surplus(+), percent of GDP",Euro area (moving concept in the Real Time database context) - Primary deficit/surplus without UMTS proceeds - All sectors/ unspecified/ not applicable (ESA2010)-NCBs - General government (ESA2010)-NCBs - Non-financial flows current prices - Percentage,XDC_R_B1GQ,0,Replace,2025-10-29T15:30:00.000+01:00,
RTD.A.S0.N.F_UMS_CGG_D0.F,A,S0,N,F_UMS_CGG_D0,F,2004,0.147,A,F,,,P1Y,S,,,GFS.A.N.I10.W0.S13.S1._Z.B.B9P._Z._Z._Z.XDC_R_B1GQ._Z.S.V.N._T,,,,,,"See <a class=""external"" href=""http://sdw.ecb.europa.eu/web/generator/docu/rtdb_docu.pdf""> notes</a>; block Annual; series: G",,4,,,"Government primary deficit(-) or surplus(+), percent of GDP",Euro area (moving concept in the Real Time database context) - Primary deficit/surplus without UMTS proceeds - All sectors/ unspecified/ not applicable (ESA2010)-NCBs - General government (ESA2010)-NCBs - Non-financial flows current prices - Percentage,XDC_R_B1GQ,0,Replace,2025-10-29T15:30:00.000+01:00,
RTD.A.S0.N.F_UMS_CGG_D0.F,A,S0,N,F_UMS_CGG_D0,F,2005,0.275,A,F,,,P1Y,S,,,GFS.A.N.I10.W0.S13.S1._Z.B.B9P._Z._Z._Z.XDC_R_B1GQ._Z.S.V.N._T,,,,,,"See <a class=""external"" href=""http://sdw.ecb.europa.eu/web/generator/docu/rtdb_docu.pdf""> notes</a>; block Annual; series: G",,4,,,"Government primary deficit(-) or surplus(+), percent of GDP",Euro area (moving concept in the Real Time database context) - Primary deficit/surplus without UMTS proceeds - All sectors/ unspecified/ not applicable (ESA2010)-NCBs - General government (ESA2010)-NCBs - Non-financial flows current prices - Percentage,XDC_R_B1GQ,0,Replace,2025-10-29T15:30:00.000+01:00,
RTD.A.S0.N.F_UMS_CGG_D0.F,A,S0,N,F_UMS_CGG_D0,F,2006,1.237,A,F,,,P1Y,S,,,GFS.A.N.I10.W0.S13.S1._Z.B.B9P._Z._Z._Z.XDC_R_B1GQ._Z.S.V.N._T,,,,,,"See <a class=""external"" href=""http://sdw.ecb.europa.eu/web/generator/docu/rtdb_docu.pdf""> notes</a>; block Annual; series: G",,4,,,"Government primary deficit(-) or surplus(+), percent of GDP",Euro area (moving concept in the Real Time database context) - Primary deficit/surplus without UMTS proceeds - All sectors/ unspecified/ not applicable (ESA2010)-NCBs - General government (ESA2010)-NCBs - Non-financial flows current prices - Percentage,XDC_R_B1GQ,0,Replace,2025-10-29T15:30:00.000+01:00,
RTD.A.S0.N.F_UMS_CGG_D0.F,A,S0,N,F_UMS_CGG_D0,F,2007,2.129,A,F,,,P1Y,S,,,GFS.A.N.I10.W0.S13.S1._Z.B.B9P._Z._Z._Z.XDC_R_B1GQ._Z.S.V.N._T,,,,,,"See <a class=""external"" href=""http://sdw.ecb.europa.eu/web/generator/docu/rtdb_docu.pdf""> notes</a>; block Annual; series: G",,4,,,"Government primary deficit(-) or surplus(+), percent of GDP",Euro area (moving concept in the Real Time database context) - Primary deficit/surplus without UMTS proceeds - All sectors/ unspecified/ not applicable (ESA2010)-NCBs - General government (ESA2010)-NCBs - Non-financial flows current prices - Percentage,XDC_R_B1GQ,0,Replace,2025-10-29T15:30:00.000+01:00,
RTD.A.S0.N.F_UMS_CGG_D0.F,A,S0,N,F_UMS_CGG_D0,F,2008,0.693,A,F,,,P1Y,S,,,GFS.A.N.I10.W0.S13.S1._Z.B.B9P._Z._Z._Z.XDC_R_B1GQ._Z.S.V.N._T,,,,,,"See <a class=""external"" href=""http://sdw.ecb.europa.eu/web/generator/docu/rtdb_docu.pdf""> notes</a>; block Annual; series: G",,4,,,"Government primary deficit(-) or surplus(+), percent of GDP",Euro area (moving concept in the Real Time database context) - Primary deficit/surplus without UMTS proceeds - All sectors/ unspecified/ not applicable (ESA2010)-NCBs - General government (ESA2010)-NCBs - Non-financial flows current prices - Percentage,XDC_R_B1GQ,0,Replace,2025-10-29T15:30:00.000+01:00,
RTD.A.S0.N.F_UMS_CGG_D0.F,A,S0,N,F_UMS_CGG_D0,F,2009,-3.428,A,F,,,P1Y,S,,,GFS.A.N.I10.W0.S13.S1._Z.B.B9P._Z._Z._Z.XDC_R_B1GQ._Z.S.V.N._T,,,,,,"See <a class=""external"" href=""http://sdw.ecb.europa.eu/web/generator/docu/rtdb_docu.pdf""> notes</a>; block Annual; series: G",,4,,,"Government primary deficit(-) or surplus(+), percent of GDP",Euro area (moving concept in the Real Time database context) - Primary deficit/surplus without UMTS proceeds - All sectors/ unspecified/ not applicable (ESA2010)-NCBs - General government (ESA2010)-NCBs - Non-financial flows current prices - Percentage,XDC_R_B1GQ,0,Replace,2025-10-29T15:30:00.000+01:00,
RTD.A.S0.N.F_UMS_CGG_D0.F,A,S0,N,F_UMS_CGG_D0,F,2010,-3.54,A,F,,,P1Y,S,,,GFS.A.N.I10.W0.S13.S1._Z.B.B9P._Z._Z._Z.XDC_R_B1GQ._Z.S.V.N._T,,,,,,"See <a class=""external"" href=""http://sdw.ecb.europa.eu/web/generator/docu/rtdb_docu.pdf""> notes</a>; block Annual; series: G",,4,,,"Government primary deficit(-) or surplus(+), percent of GDP",Euro area (moving concept in the Real Time database context) - Primary deficit/surplus without UMTS proceeds - All sectors/ unspecified/ not applicable (ESA2010)-NCBs - General government (ESA2010)-NCBs - Non-financial flows current prices - Percentage,XDC_R_B1GQ,0,Replace,2025-10-29T15:30:00.000+01:00,
RTD.A.S0.N.F_UMS_CGG_D0.F,A,S0,N,F_UMS_CGG_D0,F,2011,-1.236,A,F,,,P1Y,S,,,GFS.A.N.I10.W0.S13.S1._Z.B.B9P._Z._Z._Z.XDC_R_B1GQ._Z.S.V.N._T,,,,,,"See <a class=""external"" href=""http://sdw.ecb.europa.eu/web/generator/docu/rtdb_docu.pdf""> notes</a>; block Annual; series: G",,4,,,"Government primary deficit(-) or surplus(+), percent of GDP",Euro area (moving concept in the Real Time database context) - Primary deficit/surplus without UMTS proceeds - All sectors/ unspecified/ not applicable (ESA2010)-NCBs - General government (ESA2010)-NCBs - Non-financial flows current prices - Percentage,XDC_R_B1GQ,0,Replace,2025-10-29T15:30:00.000+01:00,
RTD.A.S0.N.F_UMS_CGG_D0.F,A,S0,N,F_UMS_CGG_D0,F,2012,-0.83,A,F,,,P1Y,S,,,GFS.A.N.I10.W0.S13.S1._Z.B.B9P._Z._Z._Z.XDC_R_B1GQ._Z.S.V.N._T,,,,,,"See <a class=""external"" href=""http://sdw.ecb.europa.eu/web/generator/docu/rtdb_docu.pdf""> notes</a>; block Annual; series: G",,4,,,"Government primary deficit(-) or surplus(+), percent of GDP",Euro area (moving concept in the Real Time database context) - Primary deficit/surplus without UMTS proceeds - All sectors/ unspecified/ not applicable (ESA2010)-NCBs - General government (ESA2010)-NCBs - Non-financial flows current prices - Percentage,XDC_R_B1GQ,0,Replace,2025-10-29T15:30:00.000+01:00,
RTD.A.S0.N.F_UMS_CGG_D0.F,A,S0,N,F_UMS_CGG_D0,F,2013,-0.425,A,F,,,P1Y,S,,,GFS.A.N.I10.W0.S13.S1._Z.B.B9P._Z._Z._Z.XDC_R_B1GQ._Z.S.V.N._T,,,,,,"See <a class=""external"" href=""http://sdw.ecb.europa.eu/web/generator/docu/rtdb_docu.pdf""> notes</a>; block Annual; series: G",,4,,,"Government primary deficit(-) or surplus(+), percent of GDP",Euro area (moving concept in the Real Time database context) - Primary deficit/surplus without UMTS proceeds - All sectors/ unspecified/ not applicable (ESA2010)-NCBs - General government (ESA2010)-NCBs - Non-financial flows current prices - Percentage,XDC_R_B1GQ,0,Replace,2025-10-29T15:30:00.000+01:00,
RTD.A.S0.N.F_UMS_CGG_D0.F,A,S0,N,F_UMS_CGG_D0,F,2014,0.09,A,F,,,P1Y,S,,,GFS.A.N.I10.W0.S13.S1._Z.B.B9P._Z._Z._Z.XDC_R_B1GQ._Z.S.V.N._T,,,,,,"See <a class=""external"" href=""http://sdw.ecb.europa.eu/web/generator/docu/rtdb_docu.pdf""> notes</a>; block Annual; series: G",,4,,,"Government primary deficit(-) or surplus(+), percent of GDP",Euro area (moving concept in the Real Time database context) - Primary deficit/surplus without UMTS proceeds - All sectors/ unspecified/ not applicable (ESA2010)-NCBs - General government (ESA2010)-NCBs - Non-financial flows current prices - Percentage,XDC_R_B1GQ,0,Replace,2025-10-29T15:30:00.000+01:00,
RTD.A.S0.N.F_UMS_CGG_D0.F,A,S0,N,F_UMS_CGG_D0,F,2015,0.326,A,F,,,P1Y,S,,,GFS.A.N.I10.W0.S13.S1._Z.B.B9P._Z._Z._Z.XDC_R_B1GQ._Z.S.V.N._T,,,,,,"See <a class=""external"" href=""http://sdw.ecb.europa.eu/web/generator/docu/rtdb_docu.pdf""> notes</a>; block Annual; series: G",,4,,,"Government primary deficit(-) or surplus(+), percent of GDP",Euro area (moving concept in the Real Time database context) - Primary deficit/surplus without UMTS proceeds - All sectors/ unspecified/ not applicable (ESA2010)-NCBs - General government (ESA2010)-NCBs - Non-financial flows current prices - Percentage,XDC_R_B1GQ,0,Replace,2025-10-29T15:30:00.000+01:00,
RTD.A.S0.N.F_UMS_CGG_D0.F,A,S0,N,F_UMS_CGG_D0,F,2016,0.659,A,F,,,P1Y,S,,,GFS.A.N.I10.W0.S13.S1._Z.B.B9P._Z._Z._Z.XDC_R_B1GQ._Z.S.V.N._T,,,,,,"See <a class=""external"" href=""http://sdw.ecb.europa.eu/web/generator/docu/rtdb_docu.pdf""> notes</a>; block Annual; series: G",,4,,,"Government primary deficit(-) or surplus(+), percent of GDP",Euro area (moving concept in the Real Time database context) - Primary deficit/surplus without UMTS proceeds - All sectors/ unspecified/ not applicable (ESA2010)-NCBs - General government (ESA2010)-NCBs - Non-financial flows current prices - Percentage,XDC_R_B1GQ,0,Replace,2025-10-29T15:30:00.000+01:00,
RTD.A.S0.N.F_UMS_CGG_D0.F,A,S0,N,F_UMS_CGG_D0,F,2017,0.95,A,F,,,P1Y,S,,,GFS.A.N.I10.W0.S13.S1._Z.B.B9P._Z._Z._Z.XDC_R_B1GQ._Z.S.V.N._T,,,,,,"See <a class=""external"" href=""http://sdw.ecb.europa.eu/web/generator/docu/rtdb_docu.pdf""> notes</a>; block Annual; series: G",,4,,,"Government primary deficit(-) or surplus(+), percent of GDP",Euro area (moving concept in the Real Time database context) - Primary deficit/surplus without UMTS proceeds - All sectors/ unspecified/ not applicable (ESA2010)-NCBs - General government (ESA2010)-NCBs - Non-financial flows current prices - Percentage,XDC_R_B1GQ,0,Replace,2025-10-29T15:30:00.000+01:00,
RTD.A.S0.N.F_UMS_CGG_D0.F,A,S0,N,F_UMS_CGG_D0,F,2018,1.393,A,F,,,P1Y,S,,,GFS.A.N.I10.W0.S13.S1._Z.B.B9P._Z._Z._Z.XDC_R_B1GQ._Z.S.V.N._T,,,,,,"See <a class=""external"" href=""http://sdw.ecb.europa.eu/web/generator/docu/rtdb_docu.pdf""> notes</a>; block Annual; series: G",,4,,,"Government primary deficit(-) or surplus(+), percent of GDP",Euro area (moving concept in the Real Time database context) - Primary deficit/surplus without UMTS proceeds - All sectors/ unspecified/ not applicable (ESA2010)-NCBs - General government (ESA2010)-NCBs - Non-financial flows current prices - Percentage,XDC_R_B1GQ,0,Replace,2025-10-29T15:30:00.000+01:00,
RTD.A.S0.N.F_UMS_CGG_D0.F,A,S0,N,F_UMS_CGG_D0,F,2019,1.095,A,F,,,P1Y,S,,,GFS.A.N.I10.W0.S13.S1._Z.B.B9P._Z._Z._Z.XDC_R_B1GQ._Z.S.V.N._T,,,,,,"See <a class=""external"" href=""http://sdw.ecb.europa.eu/web/generator/docu/rtdb_docu.pdf""> notes</a>; block Annual; series: G",,4,,,"Government primary deficit(-) or surplus(+), percent of GDP",Euro area (moving concept in the Real Time database context) - Primary deficit/surplus without UMTS proceeds - All sectors/ unspecified/ not applicable (ESA2010)-NCBs - General government (ESA2010)-NCBs - Non-financial flows current prices - Percentage,XDC_R_B1GQ,0,Replace,2025-10-29T15:30:00.000+01:00,
RTD.A.S0.N.F_UMS_CGG_D0.F,A,S0,N,F_UMS_CGG_D0,F,2020,-5.489,A,F,,,P1Y,S,,,GFS.A.N.I10.W0.S13.S1._Z.B.B9P._Z._Z._Z.XDC_R_B1GQ._Z.S.V.N._T,,,,,,"See <a class=""external"" href=""http://sdw.ecb.europa.eu/web/generator/docu/rtdb_docu.pdf""> notes</a>; block Annual; series: G",,4,,,"Government primary deficit(-) or surplus(+), percent of GDP",Euro area (moving concept in the Real Time database context) - Primary deficit/surplus without UMTS proceeds - All sectors/ unspecified/ not applicable (ESA2010)-NCBs - General government (ESA2010)-NCBs - Non-financial flows current prices - Percentage,XDC_R_B1GQ,0,Replace,2025-10-29T15:30:00.000+01:00,
RTD.A.S0.N.F_UMS_CGG_D0.F,A,S0,N,F_UMS_CGG_D0,F,2021,-3.661,A,F,,,P1Y,S,,,GFS.A.N.I10.W0.S13.S1._Z.B.B9P._Z._Z._Z.XDC_R_B1GQ._Z.S.V.N._T,,,,,,"See <a class=""external"" href=""http://sdw.ecb.europa.eu/web/generator/docu/rtdb_docu.pdf""> notes</a>; block Annual; series: G",,4,,,"Government primary deficit(-) or surplus(+), percent of GDP",Euro area (moving concept in the Real Time database context) - Primary deficit/surplus without UMTS proceeds - All sectors/ unspecified/ not applicable (ESA2010)-NCBs - General government (ESA2010)-NCBs - Non-financial flows current prices - Percentage,XDC_R_B1GQ,0,Replace,2025-10-29T15:30:00.000+01:00,
RTD.A.S0.N.F_UMS_CGG_D0.F,A,S0,N,F_UMS_CGG_D0,F,2022,-1.725,A,F,,,P1Y,S,,,GFS.A.N.I10.W0.S13.S1._Z.B.B9P._Z._Z._Z.XDC_R_B1GQ._Z.S.V.N._T,,,,,,"See <a class=""external"" href=""http://sdw.ecb.europa.eu/web/generator/docu/rtdb_docu.pdf""> notes</a>; block Annual; series: G",,4,,,"Government primary deficit(-) or surplus(+), percent of GDP",Euro area (moving concept in the Real Time database context) - Primary deficit/surplus without UMTS proceeds - All sectors/ unspecified/ not applicable (ESA2010)-NCBs - General government (ESA2010)-NCBs - Non-financial flows current prices - Percentage,XDC_R_B1GQ,0,Replace,2025-10-29T15:30:00.000+01:00,
RTD.A.S0.N.F_UMS_CGG_D0.F,A,S0,N,F_UMS_CGG_D0,F,2023,-1.778,A,F,,,P1Y,S,,,GFS.A.N.I10.W0.S13.S1._Z.B.B9P._Z._Z._Z.XDC_R_B1GQ._Z.S.V.N._T,,,,,,"See <a class=""external"" href=""http://sdw.ecb.europa.eu/web/generator/docu/rtdb_docu.pdf""> notes</a>; block Annual; series: G",,4,,,"Government primary deficit(-) or surplus(+), percent of GDP",Euro area (moving concept in the Real Time database context) - Primary deficit/surplus without UMTS proceeds - All sectors/ unspecified/ not applicable (ESA2010)-NCBs - General government (ESA2010)-NCBs - Non-financial flows current prices - Percentage,XDC_R_B1GQ,0,Replace,2025-10-29T15:30:00.000+01:00,
RTD.A.S0.N.F_UMS_CGG_D0.F,A,S0,N,F_UMS_CGG_D0,F,2024,-1.175,A,F,,,P1Y,S,,,GFS.A.N.I10.W0.S13.S1._Z.B.B9P._Z._Z._Z.XDC_R_B1GQ._Z.S.V.N._T,,,,,,"See <a class=""external"" href=""http://sdw.ecb.europa.eu/web/generator/docu/rtdb_docu.pdf""> notes</a>; block Annual; series: G",,4,,,"Government primary deficit(-) or surplus(+), percent of GDP",Euro area (moving concept in the Real Time database context) - Primary deficit/surplus without UMTS proceeds - All sectors/ unspecified/ not applicable (ESA2010)-NCBs - General government (ESA2010)-NCBs - Non-financial flows current prices - Percentage,XDC_R_B1GQ,0,Replace,2025-10-29T15:30:00.000+01:00,
RTD.A.S0.N.F_UMS_CGG_D0.F,A,S0,N,F_UMS_CGG_D0,F,1995,-1.8866,A,F,,,P1Y,S,,,GFS.A.N.I10.W0.S13.S1._Z.B.B9P._Z._Z._Z.XDC_R_B1GQ._Z.S.V.N._T,,,,,,"See <a class=""external"" href=""http://sdw.ecb.europa.eu/web/generator/docu/rtdb_docu.pdf""> notes</a>; block Annual; series: G",,4,,,"Government primary deficit(-) or surplus(+), percent of GDP",Euro area (moving concept in the Real Time database context) - Primary deficit/surplus without UMTS proceeds - All sectors/ unspecified/ not applicable (ESA2010)-NCBs - General government (ESA2010)-NCBs - Non-financial flows current prices - Percentage,XDC_R_B1GQ,0,Replace,2026-04-29T15:30:00.000+02:00,
RTD.A.S0.N.F_UMS_CGG_D0.F,A,S0,N,F_UMS_CGG_D0,F,1996,0.9892,A,F,,,P1Y,S,,,GFS.A.N.I10.W0.S13.S1._Z.B.B9P._Z._Z._Z.XDC_R_B1GQ._Z.S.V.N._T,,,,,,"See <a class=""external"" href=""http://sdw.ecb.europa.eu/web/generator/docu/rtdb_docu.pdf""> notes</a>; block Annual; series: G",,4,,,"Government primary deficit(-) or surplus(+), percent of GDP",Euro area (moving concept in the Real Time database context) - Primary deficit/surplus without UMTS proceeds - All sectors/ unspecified/ not applicable (ESA2010)-NCBs - General government (ESA2010)-NCBs - Non-financial flows current prices - Percentage,XDC_R_B1GQ,0,Replace,2026-04-29T15:30:00.000+02:00,
RTD.A.S0.N.F_UMS_CGG_D0.F,A,S0,N,F_UMS_CGG_D0,F,1997,1.7953,A,F,,,P1Y,S,,,GFS.A.N.I10.W0.S13.S1._Z.B.B9P._Z._Z._Z.XDC_R_B1GQ._Z.S.V.N._T,,,,,,"See <a class=""external"" href=""http://sdw.ecb.europa.eu/web/generator/docu/rtdb_docu.pdf""> notes</a>; block Annual; series: G",,4,,,"Government primary deficit(-) or surplus(+), percent of GDP",Euro area (moving concept in the Real Time database context) - Primary deficit/surplus without UMTS proceeds - All sectors/ unspecified/ not applicable (ESA2010)-NCBs - General government (ESA2010)-NCBs - Non-financial flows current prices - Percentage,XDC_R_B1GQ,0,Replace,2026-04-29T15:30:00.000+02:00,
RTD.A.S0.N.F_UMS_CGG_D0.F,A,S0,N,F_UMS_CGG_D0,F,1998,2.0216,A,F,,,P1Y,S,,,GFS.A.N.I10.W0.S13.S1._Z.B.B9P._Z._Z._Z.XDC_R_B1GQ._Z.S.V.N._T,,,,,,"See <a class=""external"" href=""http://sdw.ecb.europa.eu/web/generator/docu/rtdb_docu.pdf""> notes</a>; block Annual; series: G",,4,,,"Government primary deficit(-) or surplus(+), percent of GDP",Euro area (moving concept in the Real Time database context) - Primary deficit/surplus without UMTS proceeds - All sectors/ unspecified/ not applicable (ESA2010)-NCBs - General government (ESA2010)-NCBs - Non-financial flows current prices - Percentage,XDC_R_B1GQ,0,Replace,2026-04-29T15:30:00.000+02:00,
RTD.A.S0.N.F_UMS_CGG_D0.F,A,S0,N,F_UMS_CGG_D0,F,1999,2.3855,A,F,,,P1Y,S,,,GFS.A.N.I10.W0.S13.S1._Z.B.B9P._Z._Z._Z.XDC_R_B1GQ._Z.S.V.N._T,,,,,,"See <a class=""external"" href=""http://sdw.ecb.europa.eu/web/generator/docu/rtdb_docu.pdf""> notes</a>; block Annual; series: G",,4,,,"Government primary deficit(-) or surplus(+), percent of GDP",Euro area (moving concept in the Real Time database context) - Primary deficit/surplus without UMTS proceeds - All sectors/ unspecified/ not applicable (ESA2010)-NCBs - General government (ESA2010)-NCBs - Non-financial flows current prices - Percentage,XDC_R_B1GQ,0,Replace,2026-04-29T15:30:00.000+02:00,
RTD.A.S0.N.F_UMS_CGG_D0.F,A,S0,N,F_UMS_CGG_D0,F,2000,2.4813,A,F,,,P1Y,S,,,GFS.A.N.I10.W0.S13.S1._Z.B.B9P._Z._Z._Z.XDC_R_B1GQ._Z.S.V.N._T,,,,,,"See <a class=""external"" href=""http://sdw.ecb.europa.eu/web/generator/docu/rtdb_docu.pdf""> notes</a>; block Annual; series: G",,4,,,"Government primary deficit(-) or surplus(+), percent of GDP",Euro area (moving concept in the Real Time database context) - Primary deficit/surplus without UMTS proceeds - All sectors/ unspecified/ not applicable (ESA2010)-NCBs - General government (ESA2010)-NCBs - Non-financial flows current prices - Percentage,XDC_R_B1GQ,0,Replace,2026-04-29T15:30:00.000+02:00,
RTD.A.S0.N.F_UMS_CGG_D0.F,A,S0,N,F_UMS_CGG_D0,F,2001,1.7074,A,F,,,P1Y,S,,,GFS.A.N.I10.W0.S13.S1._Z.B.B9P._Z._Z._Z.XDC_R_B1GQ._Z.S.V.N._T,,,,,,"See <a class=""external"" href=""http://sdw.ecb.europa.eu/web/generator/docu/rtdb_docu.pdf""> notes</a>; block Annual; series: G",,4,,,"Government primary deficit(-) or surplus(+), percent of GDP",Euro area (moving concept in the Real Time database context) - Primary deficit/surplus without UMTS proceeds - All sectors/ unspecified/ not applicable (ESA2010)-NCBs - General government (ESA2010)-NCBs - Non-financial flows current prices - Percentage,XDC_R_B1GQ,0,Replace,2026-04-29T15:30:00.000+02:00,
RTD.A.S0.N.F_UMS_CGG_D0.F,A,S0,N,F_UMS_CGG_D0,F,2002,0.7049,A,F,,,P1Y,S,,,GFS.A.N.I10.W0.S13.S1._Z.B.B9P._Z._Z._Z.XDC_R_B1GQ._Z.S.V.N._T,,,,,,"See <a class=""external"" href=""http://sdw.ecb.europa.eu/web/generator/docu/rtdb_docu.pdf""> notes</a>; block Annual; series: G",,4,,,"Government primary deficit(-) or surplus(+), percent of GDP",Euro area (moving concept in the Real Time database context) - Primary deficit/surplus without UMTS proceeds - All sectors/ unspecified/ not applicable (ESA2010)-NCBs - General government (ESA2010)-NCBs - Non-financial flows current prices - Percentage,XDC_R_B1GQ,0,Replace,2026-04-29T15:30:00.000+02:00,
RTD.A.S0.N.F_UMS_CGG_D0.F,A,S0,N,F_UMS_CGG_D0,F,2003,0.0835,A,F,,,P1Y,S,,,GFS.A.N.I10.W0.S13.S1._Z.B.B9P._Z._Z._Z.XDC_R_B1GQ._Z.S.V.N._T,,,,,,"See <a class=""external"" href=""http://sdw.ecb.europa.eu/web/generator/docu/rtdb_docu.pdf""> notes</a>; block Annual; series: G",,4,,,"Government primary deficit(-) or surplus(+), percent of GDP",Euro area (moving concept in the Real Time database context) - Primary deficit/surplus without UMTS proceeds - All sectors/ unspecified/ not applicable (ESA2010)-NCBs - General government (ESA2010)-NCBs - Non-financial flows current prices - Percentage,XDC_R_B1GQ,0,Replace,2026-04-29T15:30:00.000+02:00,
RTD.A.S0.N.F_UMS_CGG_D0.F,A,S0,N,F_UMS_CGG_D0,F,2004,0.1559,A,F,,,P1Y,S,,,GFS.A.N.I10.W0.S13.S1._Z.B.B9P._Z._Z._Z.XDC_R_B1GQ._Z.S.V.N._T,,,,,,"See <a class=""external"" href=""http://sdw.ecb.europa.eu/web/generator/docu/rtdb_docu.pdf""> notes</a>; block Annual; series: G",,4,,,"Government primary deficit(-) or surplus(+), percent of GDP",Euro area (moving concept in the Real Time database context) - Primary deficit/surplus without UMTS proceeds - All sectors/ unspecified/ not applicable (ESA2010)-NCBs - General government (ESA2010)-NCBs - Non-financial flows current prices - Percentage,XDC_R_B1GQ,0,Replace,2026-04-29T15:30:00.000+02:00,
RTD.A.S0.N.F_UMS_CGG_D0.F,A,S0,N,F_UMS_CGG_D0,F,2005,0.2827,A,F,,,P1Y,S,,,GFS.A.N.I10.W0.S13.S1._Z.B.B9P._Z._Z._Z.XDC_R_B1GQ._Z.S.V.N._T,,,,,,"See <a class=""external"" href=""http://sdw.ecb.europa.eu/web/generator/docu/rtdb_docu.pdf""> notes</a>; block Annual; series: G",,4,,,"Government primary deficit(-) or surplus(+), percent of GDP",Euro area (moving concept in the Real Time database context) - Primary deficit/surplus without UMTS proceeds - All sectors/ unspecified/ not applicable (ESA2010)-NCBs - General government (ESA2010)-NCBs - Non-financial flows current prices - Percentage,XDC_R_B1GQ,0,Replace,2026-04-29T15:30:00.000+02:00,
RTD.A.S0.N.F_UMS_CGG_D0.F,A,S0,N,F_UMS_CGG_D0,F,2006,1.2451,A,F,,,P1Y,S,,,GFS.A.N.I10.W0.S13.S1._Z.B.B9P._Z._Z._Z.XDC_R_B1GQ._Z.S.V.N._T,,,,,,"See <a class=""external"" href=""http://sdw.ecb.europa.eu/web/generator/docu/rtdb_docu.pdf""> notes</a>; block Annual; series: G",,4,,,"Government primary deficit(-) or surplus(+), percent of GDP",Euro area (moving concept in the Real Time database context) - Primary deficit/surplus without UMTS proceeds - All sectors/ unspecified/ not applicable (ESA2010)-NCBs - General government (ESA2010)-NCBs - Non-financial flows current prices - Percentage,XDC_R_B1GQ,0,Replace,2026-04-29T15:30:00.000+02:00,
RTD.A.S0.N.F_UMS_CGG_D0.F,A,S0,N,F_UMS_CGG_D0,F,2007,2.126,A,F,,,P1Y,S,,,GFS.A.N.I10.W0.S13.S1._Z.B.B9P._Z._Z._Z.XDC_R_B1GQ._Z.S.V.N._T,,,,,,"See <a class=""external"" href=""http://sdw.ecb.europa.eu/web/generator/docu/rtdb_docu.pdf""> notes</a>; block Annual; series: G",,4,,,"Government primary deficit(-) or surplus(+), percent of GDP",Euro area (moving concept in the Real Time database context) - Primary deficit/surplus without UMTS proceeds - All sectors/ unspecified/ not applicable (ESA2010)-NCBs - General government (ESA2010)-NCBs - Non-financial flows current prices - Percentage,XDC_R_B1GQ,0,Replace,2026-04-29T15:30:00.000+02:00,
RTD.A.S0.N.F_UMS_CGG_D0.F,A,S0,N,F_UMS_CGG_D0,F,2008,0.699,A,F,,,P1Y,S,,,GFS.A.N.I10.W0.S13.S1._Z.B.B9P._Z._Z._Z.XDC_R_B1GQ._Z.S.V.N._T,,,,,,"See <a class=""external"" href=""http://sdw.ecb.europa.eu/web/generator/docu/rtdb_docu.pdf""> notes</a>; block Annual; series: G",,4,,,"Government primary deficit(-) or surplus(+), percent of GDP",Euro area (moving concept in the Real Time database context) - Primary deficit/surplus without UMTS proceeds - All sectors/ unspecified/ not applicable (ESA2010)-NCBs - General government (ESA2010)-NCBs - Non-financial flows current prices - Percentage,XDC_R_B1GQ,0,Replace,2026-04-29T15:30:00.000+02:00,
RTD.A.S0.N.F_UMS_CGG_D0.F,A,S0,N,F_UMS_CGG_D0,F,2009,-3.4288,A,F,,,P1Y,S,,,GFS.A.N.I10.W0.S13.S1._Z.B.B9P._Z._Z._Z.XDC_R_B1GQ._Z.S.V.N._T,,,,,,"See <a class=""external"" href=""http://sdw.ecb.europa.eu/web/generator/docu/rtdb_docu.pdf""> notes</a>; block Annual; series: G",,4,,,"Government primary deficit(-) or surplus(+), percent of GDP",Euro area (moving concept in the Real Time database context) - Primary deficit/surplus without UMTS proceeds - All sectors/ unspecified/ not applicable (ESA2010)-NCBs - General government (ESA2010)-NCBs - Non-financial flows current prices - Percentage,XDC_R_B1GQ,0,Replace,2026-04-29T15:30:00.000+02:00,
RTD.A.S0.N.F_UMS_CGG_D0.F,A,S0,N,F_UMS_CGG_D0,F,2010,-3.5381,A,F,,,P1Y,S,,,GFS.A.N.I10.W0.S13.S1._Z.B.B9P._Z._Z._Z.XDC_R_B1GQ._Z.S.V.N._T,,,,,,"See <a class=""external"" href=""http://sdw.ecb.europa.eu/web/generator/docu/rtdb_docu.pdf""> notes</a>; block Annual; series: G",,4,,,"Government primary deficit(-) or surplus(+), percent of GDP",Euro area (moving concept in the Real Time database context) - Primary deficit/surplus without UMTS proceeds - All sectors/ unspecified/ not applicable (ESA2010)-NCBs - General government (ESA2010)-NCBs - Non-financial flows current prices - Percentage,XDC_R_B1GQ,0,Replace,2026-04-29T15:30:00.000+02:00,
RTD.A.S0.N.F_UMS_CGG_D0.F,A,S0,N,F_UMS_CGG_D0,F,2011,-1.2354,A,F,,,P1Y,S,,,GFS.A.N.I10.W0.S13.S1._Z.B.B9P._Z._Z._Z.XDC_R_B1GQ._Z.S.V.N._T,,,,,,"See <a class=""external"" href=""http://sdw.ecb.europa.eu/web/generator/docu/rtdb_docu.pdf""> notes</a>; block Annual; series: G",,4,,,"Government primary deficit(-) or surplus(+), percent of GDP",Euro area (moving concept in the Real Time database context) - Primary deficit/surplus without UMTS proceeds - All sectors/ unspecified/ not applicable (ESA2010)-NCBs - General government (ESA2010)-NCBs - Non-financial flows current prices - Percentage,XDC_R_B1GQ,0,Replace,2026-04-29T15:30:00.000+02:00,
RTD.A.S0.N.F_UMS_CGG_D0.F,A,S0,N,F_UMS_CGG_D0,F,2012,-0.8268,A,F,,,P1Y,S,,,GFS.A.N.I10.W0.S13.S1._Z.B.B9P._Z._Z._Z.XDC_R_B1GQ._Z.S.V.N._T,,,,,,"See <a class=""external"" href=""http://sdw.ecb.europa.eu/web/generator/docu/rtdb_docu.pdf""> notes</a>; block Annual; series: G",,4,,,"Government primary deficit(-) or surplus(+), percent of GDP",Euro area (moving concept in the Real Time database context) - Primary deficit/surplus without UMTS proceeds - All sectors/ unspecified/ not applicable (ESA2010)-NCBs - General government (ESA2010)-NCBs - Non-financial flows current prices - Percentage,XDC_R_B1GQ,0,Replace,2026-04-29T15:30:00.000+02:00,
RTD.A.S0.N.F_UMS_CGG_D0.F,A,S0,N,F_UMS_CGG_D0,F,2013,-0.4229,A,F,,,P1Y,S,,,GFS.A.N.I10.W0.S13.S1._Z.B.B9P._Z._Z._Z.XDC_R_B1GQ._Z.S.V.N._T,,,,,,"See <a class=""external"" href=""http://sdw.ecb.europa.eu/web/generator/docu/rtdb_docu.pdf""> notes</a>; block Annual; series: G",,4,,,"Government primary deficit(-) or surplus(+), percent of GDP",Euro area (moving concept in the Real Time database context) - Primary deficit/surplus without UMTS proceeds - All sectors/ unspecified/ not applicable (ESA2010)-NCBs - General government (ESA2010)-NCBs - Non-financial flows current prices - Percentage,XDC_R_B1GQ,0,Replace,2026-04-29T15:30:00.000+02:00,
RTD.A.S0.N.F_UMS_CGG_D0.F,A,S0,N,F_UMS_CGG_D0,F,2014,0.0711,A,F,,,P1Y,S,,,GFS.A.N.I10.W0.S13.S1._Z.B.B9P._Z._Z._Z.XDC_R_B1GQ._Z.S.V.N._T,,,,,,"See <a class=""external"" href=""http://sdw.ecb.europa.eu/web/generator/docu/rtdb_docu.pdf""> notes</a>; block Annual; series: G",,4,,,"Government primary deficit(-) or surplus(+), percent of GDP",Euro area (moving concept in the Real Time database context) - Primary deficit/surplus without UMTS proceeds - All sectors/ unspecified/ not applicable (ESA2010)-NCBs - General government (ESA2010)-NCBs - Non-financial flows current prices - Percentage,XDC_R_B1GQ,0,Replace,2026-04-29T15:30:00.000+02:00,
RTD.A.S0.N.F_UMS_CGG_D0.F,A,S0,N,F_UMS_CGG_D0,F,2015,0.3207,A,F,,,P1Y,S,,,GFS.A.N.I10.W0.S13.S1._Z.B.B9P._Z._Z._Z.XDC_R_B1GQ._Z.S.V.N._T,,,,,,"See <a class=""external"" href=""http://sdw.ecb.europa.eu/web/generator/docu/rtdb_docu.pdf""> notes</a>; block Annual; series: G",,4,,,"Government primary deficit(-) or surplus(+), percent of GDP",Euro area (moving concept in the Real Time database context) - Primary deficit/surplus without UMTS proceeds - All sectors/ unspecified/ not applicable (ESA2010)-NCBs - General government (ESA2010)-NCBs - Non-financial flows current prices - Percentage,XDC_R_B1GQ,0,Replace,2026-04-29T15:30:00.000+02:00,
RTD.A.S0.N.F_UMS_CGG_D0.F,A,S0,N,F_UMS_CGG_D0,F,2016,0.6617,A,F,,,P1Y,S,,,GFS.A.N.I10.W0.S13.S1._Z.B.B9P._Z._Z._Z.XDC_R_B1GQ._Z.S.V.N._T,,,,,,"See <a class=""external"" href=""http://sdw.ecb.europa.eu/web/generator/docu/rtdb_docu.pdf""> notes</a>; block Annual; series: G",,4,,,"Government primary deficit(-) or surplus(+), percent of GDP",Euro area (moving concept in the Real Time database context) - Primary deficit/surplus without UMTS proceeds - All sectors/ unspecified/ not applicable (ESA2010)-NCBs - General government (ESA2010)-NCBs - Non-financial flows current prices - Percentage,XDC_R_B1GQ,0,Replace,2026-04-29T15:30:00.000+02:00,
RTD.A.S0.N.F_UMS_CGG_D0.F,A,S0,N,F_UMS_CGG_D0,F,2017,0.9564,A,F,,,P1Y,S,,,GFS.A.N.I10.W0.S13.S1._Z.B.B9P._Z._Z._Z.XDC_R_B1GQ._Z.S.V.N._T,,,,,,"See <a class=""external"" href=""http://sdw.ecb.europa.eu/web/generator/docu/rtdb_docu.pdf""> notes</a>; block Annual; series: G",,4,,,"Government primary deficit(-) or surplus(+), percent of GDP",Euro area (moving concept in the Real Time database context) - Primary deficit/surplus without UMTS proceeds - All sectors/ unspecified/ not applicable (ESA2010)-NCBs - General government (ESA2010)-NCBs - Non-financial flows current prices - Percentage,XDC_R_B1GQ,0,Replace,2026-04-29T15:30:00.000+02:00,
RTD.A.S0.N.F_UMS_CGG_D0.F,A,S0,N,F_UMS_CGG_D0,F,2018,1.3981,A,F,,,P1Y,S,,,GFS.A.N.I10.W0.S13.S1._Z.B.B9P._Z._Z._Z.XDC_R_B1GQ._Z.S.V.N._T,,,,,,"See <a class=""external"" href=""http://sdw.ecb.europa.eu/web/generator/docu/rtdb_docu.pdf""> notes</a>; block Annual; series: G",,4,,,"Government primary deficit(-) or surplus(+), percent of GDP",Euro area (moving concept in the Real Time database context) - Primary deficit/surplus without UMTS proceeds - All sectors/ unspecified/ not applicable (ESA2010)-NCBs - General government (ESA2010)-NCBs - Non-financial flows current prices - Percentage,XDC_R_B1GQ,0,Replace,2026-04-29T15:30:00.000+02:00,
RTD.A.S0.N.F_UMS_CGG_D0.F,A,S0,N,F_UMS_CGG_D0,F,2019,1.1032,A,F,,,P1Y,S,,,GFS.A.N.I10.W0.S13.S1._Z.B.B9P._Z._Z._Z.XDC_R_B1GQ._Z.S.V.N._T,,,,,,"See <a class=""external"" href=""http://sdw.ecb.europa.eu/web/generator/docu/rtdb_docu.pdf""> notes</a>; block Annual; series: G",,4,,,"Government primary deficit(-) or surplus(+), percent of GDP",Euro area (moving concept in the Real Time database context) - Primary deficit/surplus without UMTS proceeds - All sectors/ unspecified/ not applicable (ESA2010)-NCBs - General government (ESA2010)-NCBs - Non-financial flows current prices - Percentage,XDC_R_B1GQ,0,Replace,2026-04-29T15:30:00.000+02:00,
RTD.A.S0.N.F_UMS_CGG_D0.F,A,S0,N,F_UMS_CGG_D0,F,2020,-5.4866,A,F,,,P1Y,S,,,GFS.A.N.I10.W0.S13.S1._Z.B.B9P._Z._Z._Z.XDC_R_B1GQ._Z.S.V.N._T,,,,,,"See <a class=""external"" href=""http://sdw.ecb.europa.eu/web/generator/docu/rtdb_docu.pdf""> notes</a>; block Annual; series: G",,4,,,"Government primary deficit(-) or surplus(+), percent of GDP",Euro area (moving concept in the Real Time database context) - Primary deficit/surplus without UMTS proceeds - All sectors/ unspecified/ not applicable (ESA2010)-NCBs - General government (ESA2010)-NCBs - Non-financial flows current prices - Percentage,XDC_R_B1GQ,0,Replace,2026-04-29T15:30:00.000+02:00,
RTD.A.S0.N.F_UMS_CGG_D0.F,A,S0,N,F_UMS_CGG_D0,F,2021,-3.6609,A,F,,,P1Y,S,,,GFS.A.N.I10.W0.S13.S1._Z.B.B9P._Z._Z._Z.XDC_R_B1GQ._Z.S.V.N._T,,,,,,"See <a class=""external"" href=""http://sdw.ecb.europa.eu/web/generator/docu/rtdb_docu.pdf""> notes</a>; block Annual; series: G",,4,,,"Government primary deficit(-) or surplus(+), percent of GDP",Euro area (moving concept in the Real Time database context) - Primary deficit/surplus without UMTS proceeds - All sectors/ unspecified/ not applicable (ESA2010)-NCBs - General government (ESA2010)-NCBs - Non-financial flows current prices - Percentage,XDC_R_B1GQ,0,Replace,2026-04-29T15:30:00.000+02:00,
RTD.A.S0.N.F_UMS_CGG_D0.F,A,S0,N,F_UMS_CGG_D0,F,2022,-1.7265,A,F,,,P1Y,S,,,GFS.A.N.I10.W0.S13.S1._Z.B.B9P._Z._Z._Z.XDC_R_B1GQ._Z.S.V.N._T,,,,,,"See <a class=""external"" href=""http://sdw.ecb.europa.eu/web/generator/docu/rtdb_docu.pdf""> notes</a>; block Annual; series: G",,4,,,"Government primary deficit(-) or surplus(+), percent of GDP",Euro area (moving concept in the Real Time database context) - Primary deficit/surplus without UMTS proceeds - All sectors/ unspecified/ not applicable (ESA2010)-NCBs - General government (ESA2010)-NCBs - Non-financial flows current prices - Percentage,XDC_R_B1GQ,0,Replace,2026-04-29T15:30:00.000+02:00,
RTD.A.S0.N.F_UMS_CGG_D0.F,A,S0,N,F_UMS_CGG_D0,F,2023,-1.7761,A,F,,,P1Y,S,,,GFS.A.N.I10.W0.S13.S1._Z.B.B9P._Z._Z._Z.XDC_R_B1GQ._Z.S.V.N._T,,,,,,"See <a class=""external"" href=""http://sdw.ecb.europa.eu/web/generator/docu/rtdb_docu.pdf""> notes</a>; block Annual; series: G",,4,,,"Government primary deficit(-) or surplus(+), percent of GDP",Euro area (moving concept in the Real Time database context) - Primary deficit/surplus without UMTS proceeds - All sectors/ unspecified/ not applicable (ESA2010)-NCBs - General government (ESA2010)-NCBs - Non-financial flows current prices - Percentage,XDC_R_B1GQ,0,Replace,2026-04-29T15:30:00.000+02:00,
RTD.A.S0.N.F_UMS_CGG_D0.F,A,S0,N,F_UMS_CGG_D0,F,2024,-1.1543,A,F,,,P1Y,S,,,GFS.A.N.I10.W0.S13.S1._Z.B.B9P._Z._Z._Z.XDC_R_B1GQ._Z.S.V.N._T,,,,,,"See <a class=""external"" href=""http://sdw.ecb.europa.eu/web/generator/docu/rtdb_docu.pdf""> notes</a>; block Annual; series: G",,4,,,"Government primary deficit(-) or surplus(+), percent of GDP",Euro area (moving concept in the Real Time database context) - Primary deficit/surplus without UMTS proceeds - All sectors/ unspecified/ not applicable (ESA2010)-NCBs - General government (ESA2010)-NCBs - Non-financial flows current prices - Percentage,XDC_R_B1GQ,0,Replace,2026-04-29T15:30:00.000+02:00,
RTD.A.S0.N.F_UMS_CGG_D0.F,A,S0,N,F_UMS_CGG_D0,F,2025,-1.0182,A,F,,,P1Y,S,,,GFS.A.N.I10.W0.S13.S1._Z.B.B9P._Z._Z._Z.XDC_R_B1GQ._Z.S.V.N._T,,,,,,"See <a class=""external"" href=""http://sdw.ecb.europa.eu/web/generator/docu/rtdb_docu.pdf""> notes</a>; block Annual; series: G",,4,,,"Government primary deficit(-) or surplus(+), percent of GDP",Euro area (moving concept in the Real Time database context) - Primary deficit/surplus without UMTS proceeds - All sectors/ unspecified/ not applicable (ESA2010)-NCBs - General government (ESA2010)-NCBs - Non-financial flows current prices - Percentage,XDC_R_B1GQ,0,Replace,2026-04-29T15:30:00.000+02:00,
RTD.A.S0.N.F_UMS_CGG_D0.F,A,S0,N,F_UMS_CGG_D0,F,1991,,,,,,,,,,,,,,,,,,,,,,,,,Delete,,2007-05-08T15:30:00.000+02:00
RTD.A.S0.N.F_UMS_CGG_D0.F,A,S0,N,F_UMS_CGG_D0,F,1992,,,,,,,,,,,,,,,,,,,,,,,,,Delete,,2007-05-08T15:30:00.000+02:00
RTD.A.S0.N.F_UMS_CGG_D0.F,A,S0,N,F_UMS_CGG_D0,F,1993,,,,,,,,,,,,,,,,,,,,,,,,,Delete,,2007-05-08T15:30:00.000+02:00
RTD.A.S0.N.F_UMS_CGG_D0.F,A,S0,N,F_UMS_CGG_D0,F,1994,,,,,,,,,,,,,,,,,,,,,,,,,Delete,,2007-05-08T15:30:00.000+02:00
RTD.A.S0.N.F_UMS_CGG_D0.F,A,S0,N,F_UMS_CGG_D0,F,1995,,,,,,,,,,,,,,,,,,,,,,,,,Delete,,2014-11-05T15:30:00.000+01:00
RTD.A.S0.N.F_UMS_CGG_D0.F,A,S0,N,F_UMS_CGG_D0,F,1996,,,,,,,,,,,,,,,,,,,,,,,,,Delete,,2014-11-05T15:30:00.000+01:00
RTD.A.S0.N.F_UMS_CGG_D0.F,A,S0,N,F_UMS_CGG_D0,F,1997,,,,,,,,,,,,,,,,,,,,,,,,,Delete,,2014-11-05T15:30:00.000+01:00
RTD.A.S0.N.F_UMS_CGG_D0.F,A,S0,N,F_UMS_CGG_D0,F,1998,,,,,,,,,,,,,,,,,,,,,,,,,Delete,,2014-11-05T15:30:00.000+01:00
RTD.A.S0.N.F_UMS_CGG_D0.F,A,S0,N,F_UMS_CGG_D0,F,1999,,,,,,,,,,,,,,,,,,,,,,,,,Delete,,2014-11-05T15:30:00.000+01:00
