KEY,FREQ,REF_AREA,ADJUSTMENT,RT_ECON_CONCEPT,RT_DENOM,TIME_PERIOD,OBS_VALUE,OBS_STATUS,OBS_CONF,OBS_PRE_BREAK,OBS_COM,TIME_FORMAT,COLLECTION,COMPILING_ORG,DISS_ORG,DOM_SER_IDS,PUBL_MU,PUBL_PUBLIC,UNIT_INDEX_BASE,UNIT_PRICE_BASE,AGG_EQUN,COMPILATION,COVERAGE,DECIMALS,SOURCE_AGENCY,SOURCE_DETAIL,TITLE,TITLE_COMPL,UNIT,UNIT_MULT,ACTION,VALID_FROM,VALID_TO
RTD.A.S0.N.F_UMD_CGG_D0.F,A,S0,N,F_UMD_CGG_D0,F,1991,-4.53966,A,F,,,P1Y,S,,,GFS.A.N.I10.W0.S13.S1._Z.B.B9._Z._Z._Z.XDC_R_B1GQ._Z.S.V.N._T,,,,,,"See <a class=""external"" href=""http://sdw.ecb.europa.eu/web/generator/docu/rtdb_docu.pdf""> notes</a>; block Annual; series: B",,4,,,"Government deficit(-) or surplus(+), percent of GDP",Euro area (moving concept in the Real Time database context) - Deficit/surplus without UMTS proceeds - All sectors/ unspecified/ not applicable (ESA2010)-NCBs - General government (ESA2010)-NCBs - Non-financial flows current prices - Percentage,XDC_R_B1GQ,0,Replace,2001-01-03T15:30:00.000+01:00,
RTD.A.S0.N.F_UMD_CGG_D0.F,A,S0,N,F_UMD_CGG_D0,F,1992,-4.74716,A,F,,,P1Y,S,,,GFS.A.N.I10.W0.S13.S1._Z.B.B9._Z._Z._Z.XDC_R_B1GQ._Z.S.V.N._T,,,,,,"See <a class=""external"" href=""http://sdw.ecb.europa.eu/web/generator/docu/rtdb_docu.pdf""> notes</a>; block Annual; series: B",,4,,,"Government deficit(-) or surplus(+), percent of GDP",Euro area (moving concept in the Real Time database context) - Deficit/surplus without UMTS proceeds - All sectors/ unspecified/ not applicable (ESA2010)-NCBs - General government (ESA2010)-NCBs - Non-financial flows current prices - Percentage,XDC_R_B1GQ,0,Replace,2001-01-03T15:30:00.000+01:00,
RTD.A.S0.N.F_UMD_CGG_D0.F,A,S0,N,F_UMD_CGG_D0,F,1993,-5.65692,A,F,,,P1Y,S,,,GFS.A.N.I10.W0.S13.S1._Z.B.B9._Z._Z._Z.XDC_R_B1GQ._Z.S.V.N._T,,,,,,"See <a class=""external"" href=""http://sdw.ecb.europa.eu/web/generator/docu/rtdb_docu.pdf""> notes</a>; block Annual; series: B",,4,,,"Government deficit(-) or surplus(+), percent of GDP",Euro area (moving concept in the Real Time database context) - Deficit/surplus without UMTS proceeds - All sectors/ unspecified/ not applicable (ESA2010)-NCBs - General government (ESA2010)-NCBs - Non-financial flows current prices - Percentage,XDC_R_B1GQ,0,Replace,2001-01-03T15:30:00.000+01:00,
RTD.A.S0.N.F_UMD_CGG_D0.F,A,S0,N,F_UMD_CGG_D0,F,1994,-5.08453,A,F,,,P1Y,S,,,GFS.A.N.I10.W0.S13.S1._Z.B.B9._Z._Z._Z.XDC_R_B1GQ._Z.S.V.N._T,,,,,,"See <a class=""external"" href=""http://sdw.ecb.europa.eu/web/generator/docu/rtdb_docu.pdf""> notes</a>; block Annual; series: B",,4,,,"Government deficit(-) or surplus(+), percent of GDP",Euro area (moving concept in the Real Time database context) - Deficit/surplus without UMTS proceeds - All sectors/ unspecified/ not applicable (ESA2010)-NCBs - General government (ESA2010)-NCBs - Non-financial flows current prices - Percentage,XDC_R_B1GQ,0,Replace,2001-01-03T15:30:00.000+01:00,
RTD.A.S0.N.F_UMD_CGG_D0.F,A,S0,N,F_UMD_CGG_D0,F,1995,-5.11122,A,F,,,P1Y,S,,,GFS.A.N.I10.W0.S13.S1._Z.B.B9._Z._Z._Z.XDC_R_B1GQ._Z.S.V.N._T,,,,,,"See <a class=""external"" href=""http://sdw.ecb.europa.eu/web/generator/docu/rtdb_docu.pdf""> notes</a>; block Annual; series: B",,4,,,"Government deficit(-) or surplus(+), percent of GDP",Euro area (moving concept in the Real Time database context) - Deficit/surplus without UMTS proceeds - All sectors/ unspecified/ not applicable (ESA2010)-NCBs - General government (ESA2010)-NCBs - Non-financial flows current prices - Percentage,XDC_R_B1GQ,0,Replace,2001-01-03T15:30:00.000+01:00,
RTD.A.S0.N.F_UMD_CGG_D0.F,A,S0,N,F_UMD_CGG_D0,F,1996,-4.31835,A,F,,,P1Y,S,,,GFS.A.N.I10.W0.S13.S1._Z.B.B9._Z._Z._Z.XDC_R_B1GQ._Z.S.V.N._T,,,,,,"See <a class=""external"" href=""http://sdw.ecb.europa.eu/web/generator/docu/rtdb_docu.pdf""> notes</a>; block Annual; series: B",,4,,,"Government deficit(-) or surplus(+), percent of GDP",Euro area (moving concept in the Real Time database context) - Deficit/surplus without UMTS proceeds - All sectors/ unspecified/ not applicable (ESA2010)-NCBs - General government (ESA2010)-NCBs - Non-financial flows current prices - Percentage,XDC_R_B1GQ,0,Replace,2001-01-03T15:30:00.000+01:00,
RTD.A.S0.N.F_UMD_CGG_D0.F,A,S0,N,F_UMD_CGG_D0,F,1997,-2.61671,A,F,,,P1Y,S,,,GFS.A.N.I10.W0.S13.S1._Z.B.B9._Z._Z._Z.XDC_R_B1GQ._Z.S.V.N._T,,,,,,"See <a class=""external"" href=""http://sdw.ecb.europa.eu/web/generator/docu/rtdb_docu.pdf""> notes</a>; block Annual; series: B",,4,,,"Government deficit(-) or surplus(+), percent of GDP",Euro area (moving concept in the Real Time database context) - Deficit/surplus without UMTS proceeds - All sectors/ unspecified/ not applicable (ESA2010)-NCBs - General government (ESA2010)-NCBs - Non-financial flows current prices - Percentage,XDC_R_B1GQ,0,Replace,2001-01-03T15:30:00.000+01:00,
RTD.A.S0.N.F_UMD_CGG_D0.F,A,S0,N,F_UMD_CGG_D0,F,1998,-2.15128,A,F,,,P1Y,S,,,GFS.A.N.I10.W0.S13.S1._Z.B.B9._Z._Z._Z.XDC_R_B1GQ._Z.S.V.N._T,,,,,,"See <a class=""external"" href=""http://sdw.ecb.europa.eu/web/generator/docu/rtdb_docu.pdf""> notes</a>; block Annual; series: B",,4,,,"Government deficit(-) or surplus(+), percent of GDP",Euro area (moving concept in the Real Time database context) - Deficit/surplus without UMTS proceeds - All sectors/ unspecified/ not applicable (ESA2010)-NCBs - General government (ESA2010)-NCBs - Non-financial flows current prices - Percentage,XDC_R_B1GQ,0,Replace,2001-01-03T15:30:00.000+01:00,
RTD.A.S0.N.F_UMD_CGG_D0.F,A,S0,N,F_UMD_CGG_D0,F,1999,-1.29093,A,F,,,P1Y,S,,,GFS.A.N.I10.W0.S13.S1._Z.B.B9._Z._Z._Z.XDC_R_B1GQ._Z.S.V.N._T,,,,,,"See <a class=""external"" href=""http://sdw.ecb.europa.eu/web/generator/docu/rtdb_docu.pdf""> notes</a>; block Annual; series: B",,4,,,"Government deficit(-) or surplus(+), percent of GDP",Euro area (moving concept in the Real Time database context) - Deficit/surplus without UMTS proceeds - All sectors/ unspecified/ not applicable (ESA2010)-NCBs - General government (ESA2010)-NCBs - Non-financial flows current prices - Percentage,XDC_R_B1GQ,0,Replace,2001-01-03T15:30:00.000+01:00,
RTD.A.S0.N.F_UMD_CGG_D0.F,A,S0,N,F_UMD_CGG_D0,F,1998,-2.15095,A,F,,,P1Y,S,,,GFS.A.N.I10.W0.S13.S1._Z.B.B9._Z._Z._Z.XDC_R_B1GQ._Z.S.V.N._T,,,,,,"See <a class=""external"" href=""http://sdw.ecb.europa.eu/web/generator/docu/rtdb_docu.pdf""> notes</a>; block Annual; series: B",,4,,,"Government deficit(-) or surplus(+), percent of GDP",Euro area (moving concept in the Real Time database context) - Deficit/surplus without UMTS proceeds - All sectors/ unspecified/ not applicable (ESA2010)-NCBs - General government (ESA2010)-NCBs - Non-financial flows current prices - Percentage,XDC_R_B1GQ,0,Replace,2001-01-31T15:30:00.000+01:00,
RTD.A.S0.N.F_UMD_CGG_D0.F,A,S0,N,F_UMD_CGG_D0,F,1999,-1.29333,A,F,,,P1Y,S,,,GFS.A.N.I10.W0.S13.S1._Z.B.B9._Z._Z._Z.XDC_R_B1GQ._Z.S.V.N._T,,,,,,"See <a class=""external"" href=""http://sdw.ecb.europa.eu/web/generator/docu/rtdb_docu.pdf""> notes</a>; block Annual; series: B",,4,,,"Government deficit(-) or surplus(+), percent of GDP",Euro area (moving concept in the Real Time database context) - Deficit/surplus without UMTS proceeds - All sectors/ unspecified/ not applicable (ESA2010)-NCBs - General government (ESA2010)-NCBs - Non-financial flows current prices - Percentage,XDC_R_B1GQ,0,Replace,2001-01-31T15:30:00.000+01:00,
RTD.A.S0.N.F_UMD_CGG_D0.F,A,S0,N,F_UMD_CGG_D0,F,1991,-4.54121,A,F,,,P1Y,S,,,GFS.A.N.I10.W0.S13.S1._Z.B.B9._Z._Z._Z.XDC_R_B1GQ._Z.S.V.N._T,,,,,,"See <a class=""external"" href=""http://sdw.ecb.europa.eu/web/generator/docu/rtdb_docu.pdf""> notes</a>; block Annual; series: B",,4,,,"Government deficit(-) or surplus(+), percent of GDP",Euro area (moving concept in the Real Time database context) - Deficit/surplus without UMTS proceeds - All sectors/ unspecified/ not applicable (ESA2010)-NCBs - General government (ESA2010)-NCBs - Non-financial flows current prices - Percentage,XDC_R_B1GQ,0,Replace,2001-02-28T15:30:00.000+01:00,
RTD.A.S0.N.F_UMD_CGG_D0.F,A,S0,N,F_UMD_CGG_D0,F,1992,-4.74817,A,F,,,P1Y,S,,,GFS.A.N.I10.W0.S13.S1._Z.B.B9._Z._Z._Z.XDC_R_B1GQ._Z.S.V.N._T,,,,,,"See <a class=""external"" href=""http://sdw.ecb.europa.eu/web/generator/docu/rtdb_docu.pdf""> notes</a>; block Annual; series: B",,4,,,"Government deficit(-) or surplus(+), percent of GDP",Euro area (moving concept in the Real Time database context) - Deficit/surplus without UMTS proceeds - All sectors/ unspecified/ not applicable (ESA2010)-NCBs - General government (ESA2010)-NCBs - Non-financial flows current prices - Percentage,XDC_R_B1GQ,0,Replace,2001-02-28T15:30:00.000+01:00,
RTD.A.S0.N.F_UMD_CGG_D0.F,A,S0,N,F_UMD_CGG_D0,F,1993,-5.65794,A,F,,,P1Y,S,,,GFS.A.N.I10.W0.S13.S1._Z.B.B9._Z._Z._Z.XDC_R_B1GQ._Z.S.V.N._T,,,,,,"See <a class=""external"" href=""http://sdw.ecb.europa.eu/web/generator/docu/rtdb_docu.pdf""> notes</a>; block Annual; series: B",,4,,,"Government deficit(-) or surplus(+), percent of GDP",Euro area (moving concept in the Real Time database context) - Deficit/surplus without UMTS proceeds - All sectors/ unspecified/ not applicable (ESA2010)-NCBs - General government (ESA2010)-NCBs - Non-financial flows current prices - Percentage,XDC_R_B1GQ,0,Replace,2001-02-28T15:30:00.000+01:00,
RTD.A.S0.N.F_UMD_CGG_D0.F,A,S0,N,F_UMD_CGG_D0,F,1994,-5.08511,A,F,,,P1Y,S,,,GFS.A.N.I10.W0.S13.S1._Z.B.B9._Z._Z._Z.XDC_R_B1GQ._Z.S.V.N._T,,,,,,"See <a class=""external"" href=""http://sdw.ecb.europa.eu/web/generator/docu/rtdb_docu.pdf""> notes</a>; block Annual; series: B",,4,,,"Government deficit(-) or surplus(+), percent of GDP",Euro area (moving concept in the Real Time database context) - Deficit/surplus without UMTS proceeds - All sectors/ unspecified/ not applicable (ESA2010)-NCBs - General government (ESA2010)-NCBs - Non-financial flows current prices - Percentage,XDC_R_B1GQ,0,Replace,2001-02-28T15:30:00.000+01:00,
RTD.A.S0.N.F_UMD_CGG_D0.F,A,S0,N,F_UMD_CGG_D0,F,1995,-5.11154,A,F,,,P1Y,S,,,GFS.A.N.I10.W0.S13.S1._Z.B.B9._Z._Z._Z.XDC_R_B1GQ._Z.S.V.N._T,,,,,,"See <a class=""external"" href=""http://sdw.ecb.europa.eu/web/generator/docu/rtdb_docu.pdf""> notes</a>; block Annual; series: B",,4,,,"Government deficit(-) or surplus(+), percent of GDP",Euro area (moving concept in the Real Time database context) - Deficit/surplus without UMTS proceeds - All sectors/ unspecified/ not applicable (ESA2010)-NCBs - General government (ESA2010)-NCBs - Non-financial flows current prices - Percentage,XDC_R_B1GQ,0,Replace,2001-02-28T15:30:00.000+01:00,
RTD.A.S0.N.F_UMD_CGG_D0.F,A,S0,N,F_UMD_CGG_D0,F,1996,-4.31857,A,F,,,P1Y,S,,,GFS.A.N.I10.W0.S13.S1._Z.B.B9._Z._Z._Z.XDC_R_B1GQ._Z.S.V.N._T,,,,,,"See <a class=""external"" href=""http://sdw.ecb.europa.eu/web/generator/docu/rtdb_docu.pdf""> notes</a>; block Annual; series: B",,4,,,"Government deficit(-) or surplus(+), percent of GDP",Euro area (moving concept in the Real Time database context) - Deficit/surplus without UMTS proceeds - All sectors/ unspecified/ not applicable (ESA2010)-NCBs - General government (ESA2010)-NCBs - Non-financial flows current prices - Percentage,XDC_R_B1GQ,0,Replace,2001-02-28T15:30:00.000+01:00,
RTD.A.S0.N.F_UMD_CGG_D0.F,A,S0,N,F_UMD_CGG_D0,F,1997,-2.61686,A,F,,,P1Y,S,,,GFS.A.N.I10.W0.S13.S1._Z.B.B9._Z._Z._Z.XDC_R_B1GQ._Z.S.V.N._T,,,,,,"See <a class=""external"" href=""http://sdw.ecb.europa.eu/web/generator/docu/rtdb_docu.pdf""> notes</a>; block Annual; series: B",,4,,,"Government deficit(-) or surplus(+), percent of GDP",Euro area (moving concept in the Real Time database context) - Deficit/surplus without UMTS proceeds - All sectors/ unspecified/ not applicable (ESA2010)-NCBs - General government (ESA2010)-NCBs - Non-financial flows current prices - Percentage,XDC_R_B1GQ,0,Replace,2001-02-28T15:30:00.000+01:00,
RTD.A.S0.N.F_UMD_CGG_D0.F,A,S0,N,F_UMD_CGG_D0,F,1998,-2.1508,A,F,,,P1Y,S,,,GFS.A.N.I10.W0.S13.S1._Z.B.B9._Z._Z._Z.XDC_R_B1GQ._Z.S.V.N._T,,,,,,"See <a class=""external"" href=""http://sdw.ecb.europa.eu/web/generator/docu/rtdb_docu.pdf""> notes</a>; block Annual; series: B",,4,,,"Government deficit(-) or surplus(+), percent of GDP",Euro area (moving concept in the Real Time database context) - Deficit/surplus without UMTS proceeds - All sectors/ unspecified/ not applicable (ESA2010)-NCBs - General government (ESA2010)-NCBs - Non-financial flows current prices - Percentage,XDC_R_B1GQ,0,Replace,2001-02-28T15:30:00.000+01:00,
RTD.A.S0.N.F_UMD_CGG_D0.F,A,S0,N,F_UMD_CGG_D0,F,1999,-1.29306,A,F,,,P1Y,S,,,GFS.A.N.I10.W0.S13.S1._Z.B.B9._Z._Z._Z.XDC_R_B1GQ._Z.S.V.N._T,,,,,,"See <a class=""external"" href=""http://sdw.ecb.europa.eu/web/generator/docu/rtdb_docu.pdf""> notes</a>; block Annual; series: B",,4,,,"Government deficit(-) or surplus(+), percent of GDP",Euro area (moving concept in the Real Time database context) - Deficit/surplus without UMTS proceeds - All sectors/ unspecified/ not applicable (ESA2010)-NCBs - General government (ESA2010)-NCBs - Non-financial flows current prices - Percentage,XDC_R_B1GQ,0,Replace,2001-02-28T15:30:00.000+01:00,
RTD.A.S0.N.F_UMD_CGG_D0.F,A,S0,N,F_UMD_CGG_D0,F,1991,-4.85223,A,F,,,P1Y,S,,,GFS.A.N.I10.W0.S13.S1._Z.B.B9._Z._Z._Z.XDC_R_B1GQ._Z.S.V.N._T,,,,,,"See <a class=""external"" href=""http://sdw.ecb.europa.eu/web/generator/docu/rtdb_docu.pdf""> notes</a>; block Annual; series: B",,4,,,"Government deficit(-) or surplus(+), percent of GDP",Euro area (moving concept in the Real Time database context) - Deficit/surplus without UMTS proceeds - All sectors/ unspecified/ not applicable (ESA2010)-NCBs - General government (ESA2010)-NCBs - Non-financial flows current prices - Percentage,XDC_R_B1GQ,0,Replace,2001-04-10T15:30:00.000+02:00,
RTD.A.S0.N.F_UMD_CGG_D0.F,A,S0,N,F_UMD_CGG_D0,F,1992,-4.96659,A,F,,,P1Y,S,,,GFS.A.N.I10.W0.S13.S1._Z.B.B9._Z._Z._Z.XDC_R_B1GQ._Z.S.V.N._T,,,,,,"See <a class=""external"" href=""http://sdw.ecb.europa.eu/web/generator/docu/rtdb_docu.pdf""> notes</a>; block Annual; series: B",,4,,,"Government deficit(-) or surplus(+), percent of GDP",Euro area (moving concept in the Real Time database context) - Deficit/surplus without UMTS proceeds - All sectors/ unspecified/ not applicable (ESA2010)-NCBs - General government (ESA2010)-NCBs - Non-financial flows current prices - Percentage,XDC_R_B1GQ,0,Replace,2001-04-10T15:30:00.000+02:00,
RTD.A.S0.N.F_UMD_CGG_D0.F,A,S0,N,F_UMD_CGG_D0,F,1993,-5.81721,A,F,,,P1Y,S,,,GFS.A.N.I10.W0.S13.S1._Z.B.B9._Z._Z._Z.XDC_R_B1GQ._Z.S.V.N._T,,,,,,"See <a class=""external"" href=""http://sdw.ecb.europa.eu/web/generator/docu/rtdb_docu.pdf""> notes</a>; block Annual; series: B",,4,,,"Government deficit(-) or surplus(+), percent of GDP",Euro area (moving concept in the Real Time database context) - Deficit/surplus without UMTS proceeds - All sectors/ unspecified/ not applicable (ESA2010)-NCBs - General government (ESA2010)-NCBs - Non-financial flows current prices - Percentage,XDC_R_B1GQ,0,Replace,2001-04-10T15:30:00.000+02:00,
RTD.A.S0.N.F_UMD_CGG_D0.F,A,S0,N,F_UMD_CGG_D0,F,1994,-5.12208,A,F,,,P1Y,S,,,GFS.A.N.I10.W0.S13.S1._Z.B.B9._Z._Z._Z.XDC_R_B1GQ._Z.S.V.N._T,,,,,,"See <a class=""external"" href=""http://sdw.ecb.europa.eu/web/generator/docu/rtdb_docu.pdf""> notes</a>; block Annual; series: B",,4,,,"Government deficit(-) or surplus(+), percent of GDP",Euro area (moving concept in the Real Time database context) - Deficit/surplus without UMTS proceeds - All sectors/ unspecified/ not applicable (ESA2010)-NCBs - General government (ESA2010)-NCBs - Non-financial flows current prices - Percentage,XDC_R_B1GQ,0,Replace,2001-04-10T15:30:00.000+02:00,
RTD.A.S0.N.F_UMD_CGG_D0.F,A,S0,N,F_UMD_CGG_D0,F,1995,-5.11017,A,F,,,P1Y,S,,,GFS.A.N.I10.W0.S13.S1._Z.B.B9._Z._Z._Z.XDC_R_B1GQ._Z.S.V.N._T,,,,,,"See <a class=""external"" href=""http://sdw.ecb.europa.eu/web/generator/docu/rtdb_docu.pdf""> notes</a>; block Annual; series: B",,4,,,"Government deficit(-) or surplus(+), percent of GDP",Euro area (moving concept in the Real Time database context) - Deficit/surplus without UMTS proceeds - All sectors/ unspecified/ not applicable (ESA2010)-NCBs - General government (ESA2010)-NCBs - Non-financial flows current prices - Percentage,XDC_R_B1GQ,0,Replace,2001-04-10T15:30:00.000+02:00,
RTD.A.S0.N.F_UMD_CGG_D0.F,A,S0,N,F_UMD_CGG_D0,F,1996,-4.31627,A,F,,,P1Y,S,,,GFS.A.N.I10.W0.S13.S1._Z.B.B9._Z._Z._Z.XDC_R_B1GQ._Z.S.V.N._T,,,,,,"See <a class=""external"" href=""http://sdw.ecb.europa.eu/web/generator/docu/rtdb_docu.pdf""> notes</a>; block Annual; series: B",,4,,,"Government deficit(-) or surplus(+), percent of GDP",Euro area (moving concept in the Real Time database context) - Deficit/surplus without UMTS proceeds - All sectors/ unspecified/ not applicable (ESA2010)-NCBs - General government (ESA2010)-NCBs - Non-financial flows current prices - Percentage,XDC_R_B1GQ,0,Replace,2001-04-10T15:30:00.000+02:00,
RTD.A.S0.N.F_UMD_CGG_D0.F,A,S0,N,F_UMD_CGG_D0,F,1997,-2.60439,A,F,,,P1Y,S,,,GFS.A.N.I10.W0.S13.S1._Z.B.B9._Z._Z._Z.XDC_R_B1GQ._Z.S.V.N._T,,,,,,"See <a class=""external"" href=""http://sdw.ecb.europa.eu/web/generator/docu/rtdb_docu.pdf""> notes</a>; block Annual; series: B",,4,,,"Government deficit(-) or surplus(+), percent of GDP",Euro area (moving concept in the Real Time database context) - Deficit/surplus without UMTS proceeds - All sectors/ unspecified/ not applicable (ESA2010)-NCBs - General government (ESA2010)-NCBs - Non-financial flows current prices - Percentage,XDC_R_B1GQ,0,Replace,2001-04-10T15:30:00.000+02:00,
RTD.A.S0.N.F_UMD_CGG_D0.F,A,S0,N,F_UMD_CGG_D0,F,1998,-2.14517,A,F,,,P1Y,S,,,GFS.A.N.I10.W0.S13.S1._Z.B.B9._Z._Z._Z.XDC_R_B1GQ._Z.S.V.N._T,,,,,,"See <a class=""external"" href=""http://sdw.ecb.europa.eu/web/generator/docu/rtdb_docu.pdf""> notes</a>; block Annual; series: B",,4,,,"Government deficit(-) or surplus(+), percent of GDP",Euro area (moving concept in the Real Time database context) - Deficit/surplus without UMTS proceeds - All sectors/ unspecified/ not applicable (ESA2010)-NCBs - General government (ESA2010)-NCBs - Non-financial flows current prices - Percentage,XDC_R_B1GQ,0,Replace,2001-04-10T15:30:00.000+02:00,
RTD.A.S0.N.F_UMD_CGG_D0.F,A,S0,N,F_UMD_CGG_D0,F,1999,-1.23887,A,F,,,P1Y,S,,,GFS.A.N.I10.W0.S13.S1._Z.B.B9._Z._Z._Z.XDC_R_B1GQ._Z.S.V.N._T,,,,,,"See <a class=""external"" href=""http://sdw.ecb.europa.eu/web/generator/docu/rtdb_docu.pdf""> notes</a>; block Annual; series: B",,4,,,"Government deficit(-) or surplus(+), percent of GDP",Euro area (moving concept in the Real Time database context) - Deficit/surplus without UMTS proceeds - All sectors/ unspecified/ not applicable (ESA2010)-NCBs - General government (ESA2010)-NCBs - Non-financial flows current prices - Percentage,XDC_R_B1GQ,0,Replace,2001-04-10T15:30:00.000+02:00,
RTD.A.S0.N.F_UMD_CGG_D0.F,A,S0,N,F_UMD_CGG_D0,F,2000,-0.71506,A,F,,,P1Y,S,,,GFS.A.N.I10.W0.S13.S1._Z.B.B9._Z._Z._Z.XDC_R_B1GQ._Z.S.V.N._T,,,,,,"See <a class=""external"" href=""http://sdw.ecb.europa.eu/web/generator/docu/rtdb_docu.pdf""> notes</a>; block Annual; series: B",,4,,,"Government deficit(-) or surplus(+), percent of GDP",Euro area (moving concept in the Real Time database context) - Deficit/surplus without UMTS proceeds - All sectors/ unspecified/ not applicable (ESA2010)-NCBs - General government (ESA2010)-NCBs - Non-financial flows current prices - Percentage,XDC_R_B1GQ,0,Replace,2001-04-10T15:30:00.000+02:00,
RTD.A.S0.N.F_UMD_CGG_D0.F,A,S0,N,F_UMD_CGG_D0,F,1991,-4.85164,A,F,,,P1Y,S,,,GFS.A.N.I10.W0.S13.S1._Z.B.B9._Z._Z._Z.XDC_R_B1GQ._Z.S.V.N._T,,,,,,"See <a class=""external"" href=""http://sdw.ecb.europa.eu/web/generator/docu/rtdb_docu.pdf""> notes</a>; block Annual; series: B",,4,,,"Government deficit(-) or surplus(+), percent of GDP",Euro area (moving concept in the Real Time database context) - Deficit/surplus without UMTS proceeds - All sectors/ unspecified/ not applicable (ESA2010)-NCBs - General government (ESA2010)-NCBs - Non-financial flows current prices - Percentage,XDC_R_B1GQ,0,Replace,2001-05-08T15:30:00.000+02:00,
RTD.A.S0.N.F_UMD_CGG_D0.F,A,S0,N,F_UMD_CGG_D0,F,1992,-4.9665,A,F,,,P1Y,S,,,GFS.A.N.I10.W0.S13.S1._Z.B.B9._Z._Z._Z.XDC_R_B1GQ._Z.S.V.N._T,,,,,,"See <a class=""external"" href=""http://sdw.ecb.europa.eu/web/generator/docu/rtdb_docu.pdf""> notes</a>; block Annual; series: B",,4,,,"Government deficit(-) or surplus(+), percent of GDP",Euro area (moving concept in the Real Time database context) - Deficit/surplus without UMTS proceeds - All sectors/ unspecified/ not applicable (ESA2010)-NCBs - General government (ESA2010)-NCBs - Non-financial flows current prices - Percentage,XDC_R_B1GQ,0,Replace,2001-05-08T15:30:00.000+02:00,
RTD.A.S0.N.F_UMD_CGG_D0.F,A,S0,N,F_UMD_CGG_D0,F,1993,-5.81679,A,F,,,P1Y,S,,,GFS.A.N.I10.W0.S13.S1._Z.B.B9._Z._Z._Z.XDC_R_B1GQ._Z.S.V.N._T,,,,,,"See <a class=""external"" href=""http://sdw.ecb.europa.eu/web/generator/docu/rtdb_docu.pdf""> notes</a>; block Annual; series: B",,4,,,"Government deficit(-) or surplus(+), percent of GDP",Euro area (moving concept in the Real Time database context) - Deficit/surplus without UMTS proceeds - All sectors/ unspecified/ not applicable (ESA2010)-NCBs - General government (ESA2010)-NCBs - Non-financial flows current prices - Percentage,XDC_R_B1GQ,0,Replace,2001-05-08T15:30:00.000+02:00,
RTD.A.S0.N.F_UMD_CGG_D0.F,A,S0,N,F_UMD_CGG_D0,F,1994,-5.1226,A,F,,,P1Y,S,,,GFS.A.N.I10.W0.S13.S1._Z.B.B9._Z._Z._Z.XDC_R_B1GQ._Z.S.V.N._T,,,,,,"See <a class=""external"" href=""http://sdw.ecb.europa.eu/web/generator/docu/rtdb_docu.pdf""> notes</a>; block Annual; series: B",,4,,,"Government deficit(-) or surplus(+), percent of GDP",Euro area (moving concept in the Real Time database context) - Deficit/surplus without UMTS proceeds - All sectors/ unspecified/ not applicable (ESA2010)-NCBs - General government (ESA2010)-NCBs - Non-financial flows current prices - Percentage,XDC_R_B1GQ,0,Replace,2001-05-08T15:30:00.000+02:00,
RTD.A.S0.N.F_UMD_CGG_D0.F,A,S0,N,F_UMD_CGG_D0,F,1995,-5.11161,A,F,,,P1Y,S,,,GFS.A.N.I10.W0.S13.S1._Z.B.B9._Z._Z._Z.XDC_R_B1GQ._Z.S.V.N._T,,,,,,"See <a class=""external"" href=""http://sdw.ecb.europa.eu/web/generator/docu/rtdb_docu.pdf""> notes</a>; block Annual; series: B",,4,,,"Government deficit(-) or surplus(+), percent of GDP",Euro area (moving concept in the Real Time database context) - Deficit/surplus without UMTS proceeds - All sectors/ unspecified/ not applicable (ESA2010)-NCBs - General government (ESA2010)-NCBs - Non-financial flows current prices - Percentage,XDC_R_B1GQ,0,Replace,2001-05-08T15:30:00.000+02:00,
RTD.A.S0.N.F_UMD_CGG_D0.F,A,S0,N,F_UMD_CGG_D0,F,1996,-4.31584,A,F,,,P1Y,S,,,GFS.A.N.I10.W0.S13.S1._Z.B.B9._Z._Z._Z.XDC_R_B1GQ._Z.S.V.N._T,,,,,,"See <a class=""external"" href=""http://sdw.ecb.europa.eu/web/generator/docu/rtdb_docu.pdf""> notes</a>; block Annual; series: B",,4,,,"Government deficit(-) or surplus(+), percent of GDP",Euro area (moving concept in the Real Time database context) - Deficit/surplus without UMTS proceeds - All sectors/ unspecified/ not applicable (ESA2010)-NCBs - General government (ESA2010)-NCBs - Non-financial flows current prices - Percentage,XDC_R_B1GQ,0,Replace,2001-05-08T15:30:00.000+02:00,
RTD.A.S0.N.F_UMD_CGG_D0.F,A,S0,N,F_UMD_CGG_D0,F,1997,-2.60489,A,F,,,P1Y,S,,,GFS.A.N.I10.W0.S13.S1._Z.B.B9._Z._Z._Z.XDC_R_B1GQ._Z.S.V.N._T,,,,,,"See <a class=""external"" href=""http://sdw.ecb.europa.eu/web/generator/docu/rtdb_docu.pdf""> notes</a>; block Annual; series: B",,4,,,"Government deficit(-) or surplus(+), percent of GDP",Euro area (moving concept in the Real Time database context) - Deficit/surplus without UMTS proceeds - All sectors/ unspecified/ not applicable (ESA2010)-NCBs - General government (ESA2010)-NCBs - Non-financial flows current prices - Percentage,XDC_R_B1GQ,0,Replace,2001-05-08T15:30:00.000+02:00,
RTD.A.S0.N.F_UMD_CGG_D0.F,A,S0,N,F_UMD_CGG_D0,F,1998,-2.1423,A,F,,,P1Y,S,,,GFS.A.N.I10.W0.S13.S1._Z.B.B9._Z._Z._Z.XDC_R_B1GQ._Z.S.V.N._T,,,,,,"See <a class=""external"" href=""http://sdw.ecb.europa.eu/web/generator/docu/rtdb_docu.pdf""> notes</a>; block Annual; series: B",,4,,,"Government deficit(-) or surplus(+), percent of GDP",Euro area (moving concept in the Real Time database context) - Deficit/surplus without UMTS proceeds - All sectors/ unspecified/ not applicable (ESA2010)-NCBs - General government (ESA2010)-NCBs - Non-financial flows current prices - Percentage,XDC_R_B1GQ,0,Replace,2001-05-08T15:30:00.000+02:00,
RTD.A.S0.N.F_UMD_CGG_D0.F,A,S0,N,F_UMD_CGG_D0,F,1999,-1.23646,A,F,,,P1Y,S,,,GFS.A.N.I10.W0.S13.S1._Z.B.B9._Z._Z._Z.XDC_R_B1GQ._Z.S.V.N._T,,,,,,"See <a class=""external"" href=""http://sdw.ecb.europa.eu/web/generator/docu/rtdb_docu.pdf""> notes</a>; block Annual; series: B",,4,,,"Government deficit(-) or surplus(+), percent of GDP",Euro area (moving concept in the Real Time database context) - Deficit/surplus without UMTS proceeds - All sectors/ unspecified/ not applicable (ESA2010)-NCBs - General government (ESA2010)-NCBs - Non-financial flows current prices - Percentage,XDC_R_B1GQ,0,Replace,2001-05-08T15:30:00.000+02:00,
RTD.A.S0.N.F_UMD_CGG_D0.F,A,S0,N,F_UMD_CGG_D0,F,2000,-0.69067,A,F,,,P1Y,S,,,GFS.A.N.I10.W0.S13.S1._Z.B.B9._Z._Z._Z.XDC_R_B1GQ._Z.S.V.N._T,,,,,,"See <a class=""external"" href=""http://sdw.ecb.europa.eu/web/generator/docu/rtdb_docu.pdf""> notes</a>; block Annual; series: B",,4,,,"Government deficit(-) or surplus(+), percent of GDP",Euro area (moving concept in the Real Time database context) - Deficit/surplus without UMTS proceeds - All sectors/ unspecified/ not applicable (ESA2010)-NCBs - General government (ESA2010)-NCBs - Non-financial flows current prices - Percentage,XDC_R_B1GQ,0,Replace,2001-05-08T15:30:00.000+02:00,
RTD.A.S0.N.F_UMD_CGG_D0.F,A,S0,N,F_UMD_CGG_D0,F,1991,-4.84149,A,F,,,P1Y,S,,,GFS.A.N.I10.W0.S13.S1._Z.B.B9._Z._Z._Z.XDC_R_B1GQ._Z.S.V.N._T,,,,,,"See <a class=""external"" href=""http://sdw.ecb.europa.eu/web/generator/docu/rtdb_docu.pdf""> notes</a>; block Annual; series: B",,4,,,"Government deficit(-) or surplus(+), percent of GDP",Euro area (moving concept in the Real Time database context) - Deficit/surplus without UMTS proceeds - All sectors/ unspecified/ not applicable (ESA2010)-NCBs - General government (ESA2010)-NCBs - Non-financial flows current prices - Percentage,XDC_R_B1GQ,0,Replace,2001-06-06T15:30:00.000+02:00,
RTD.A.S0.N.F_UMD_CGG_D0.F,A,S0,N,F_UMD_CGG_D0,F,1992,-4.95248,A,F,,,P1Y,S,,,GFS.A.N.I10.W0.S13.S1._Z.B.B9._Z._Z._Z.XDC_R_B1GQ._Z.S.V.N._T,,,,,,"See <a class=""external"" href=""http://sdw.ecb.europa.eu/web/generator/docu/rtdb_docu.pdf""> notes</a>; block Annual; series: B",,4,,,"Government deficit(-) or surplus(+), percent of GDP",Euro area (moving concept in the Real Time database context) - Deficit/surplus without UMTS proceeds - All sectors/ unspecified/ not applicable (ESA2010)-NCBs - General government (ESA2010)-NCBs - Non-financial flows current prices - Percentage,XDC_R_B1GQ,0,Replace,2001-06-06T15:30:00.000+02:00,
RTD.A.S0.N.F_UMD_CGG_D0.F,A,S0,N,F_UMD_CGG_D0,F,1993,-5.80008,A,F,,,P1Y,S,,,GFS.A.N.I10.W0.S13.S1._Z.B.B9._Z._Z._Z.XDC_R_B1GQ._Z.S.V.N._T,,,,,,"See <a class=""external"" href=""http://sdw.ecb.europa.eu/web/generator/docu/rtdb_docu.pdf""> notes</a>; block Annual; series: B",,4,,,"Government deficit(-) or surplus(+), percent of GDP",Euro area (moving concept in the Real Time database context) - Deficit/surplus without UMTS proceeds - All sectors/ unspecified/ not applicable (ESA2010)-NCBs - General government (ESA2010)-NCBs - Non-financial flows current prices - Percentage,XDC_R_B1GQ,0,Replace,2001-06-06T15:30:00.000+02:00,
RTD.A.S0.N.F_UMD_CGG_D0.F,A,S0,N,F_UMD_CGG_D0,F,1994,-5.10678,A,F,,,P1Y,S,,,GFS.A.N.I10.W0.S13.S1._Z.B.B9._Z._Z._Z.XDC_R_B1GQ._Z.S.V.N._T,,,,,,"See <a class=""external"" href=""http://sdw.ecb.europa.eu/web/generator/docu/rtdb_docu.pdf""> notes</a>; block Annual; series: B",,4,,,"Government deficit(-) or surplus(+), percent of GDP",Euro area (moving concept in the Real Time database context) - Deficit/surplus without UMTS proceeds - All sectors/ unspecified/ not applicable (ESA2010)-NCBs - General government (ESA2010)-NCBs - Non-financial flows current prices - Percentage,XDC_R_B1GQ,0,Replace,2001-06-06T15:30:00.000+02:00,
RTD.A.S0.N.F_UMD_CGG_D0.F,A,S0,N,F_UMD_CGG_D0,F,1995,-5.11055,A,F,,,P1Y,S,,,GFS.A.N.I10.W0.S13.S1._Z.B.B9._Z._Z._Z.XDC_R_B1GQ._Z.S.V.N._T,,,,,,"See <a class=""external"" href=""http://sdw.ecb.europa.eu/web/generator/docu/rtdb_docu.pdf""> notes</a>; block Annual; series: B",,4,,,"Government deficit(-) or surplus(+), percent of GDP",Euro area (moving concept in the Real Time database context) - Deficit/surplus without UMTS proceeds - All sectors/ unspecified/ not applicable (ESA2010)-NCBs - General government (ESA2010)-NCBs - Non-financial flows current prices - Percentage,XDC_R_B1GQ,0,Replace,2001-06-06T15:30:00.000+02:00,
RTD.A.S0.N.F_UMD_CGG_D0.F,A,S0,N,F_UMD_CGG_D0,F,1996,-4.31549,A,F,,,P1Y,S,,,GFS.A.N.I10.W0.S13.S1._Z.B.B9._Z._Z._Z.XDC_R_B1GQ._Z.S.V.N._T,,,,,,"See <a class=""external"" href=""http://sdw.ecb.europa.eu/web/generator/docu/rtdb_docu.pdf""> notes</a>; block Annual; series: B",,4,,,"Government deficit(-) or surplus(+), percent of GDP",Euro area (moving concept in the Real Time database context) - Deficit/surplus without UMTS proceeds - All sectors/ unspecified/ not applicable (ESA2010)-NCBs - General government (ESA2010)-NCBs - Non-financial flows current prices - Percentage,XDC_R_B1GQ,0,Replace,2001-06-06T15:30:00.000+02:00,
RTD.A.S0.N.F_UMD_CGG_D0.F,A,S0,N,F_UMD_CGG_D0,F,1997,-2.57856,A,F,,,P1Y,S,,,GFS.A.N.I10.W0.S13.S1._Z.B.B9._Z._Z._Z.XDC_R_B1GQ._Z.S.V.N._T,,,,,,"See <a class=""external"" href=""http://sdw.ecb.europa.eu/web/generator/docu/rtdb_docu.pdf""> notes</a>; block Annual; series: B",,4,,,"Government deficit(-) or surplus(+), percent of GDP",Euro area (moving concept in the Real Time database context) - Deficit/surplus without UMTS proceeds - All sectors/ unspecified/ not applicable (ESA2010)-NCBs - General government (ESA2010)-NCBs - Non-financial flows current prices - Percentage,XDC_R_B1GQ,0,Replace,2001-06-06T15:30:00.000+02:00,
RTD.A.S0.N.F_UMD_CGG_D0.F,A,S0,N,F_UMD_CGG_D0,F,1998,-2.14023,A,F,,,P1Y,S,,,GFS.A.N.I10.W0.S13.S1._Z.B.B9._Z._Z._Z.XDC_R_B1GQ._Z.S.V.N._T,,,,,,"See <a class=""external"" href=""http://sdw.ecb.europa.eu/web/generator/docu/rtdb_docu.pdf""> notes</a>; block Annual; series: B",,4,,,"Government deficit(-) or surplus(+), percent of GDP",Euro area (moving concept in the Real Time database context) - Deficit/surplus without UMTS proceeds - All sectors/ unspecified/ not applicable (ESA2010)-NCBs - General government (ESA2010)-NCBs - Non-financial flows current prices - Percentage,XDC_R_B1GQ,0,Replace,2001-06-06T15:30:00.000+02:00,
RTD.A.S0.N.F_UMD_CGG_D0.F,A,S0,N,F_UMD_CGG_D0,F,1999,-1.23693,A,F,,,P1Y,S,,,GFS.A.N.I10.W0.S13.S1._Z.B.B9._Z._Z._Z.XDC_R_B1GQ._Z.S.V.N._T,,,,,,"See <a class=""external"" href=""http://sdw.ecb.europa.eu/web/generator/docu/rtdb_docu.pdf""> notes</a>; block Annual; series: B",,4,,,"Government deficit(-) or surplus(+), percent of GDP",Euro area (moving concept in the Real Time database context) - Deficit/surplus without UMTS proceeds - All sectors/ unspecified/ not applicable (ESA2010)-NCBs - General government (ESA2010)-NCBs - Non-financial flows current prices - Percentage,XDC_R_B1GQ,0,Replace,2001-06-06T15:30:00.000+02:00,
RTD.A.S0.N.F_UMD_CGG_D0.F,A,S0,N,F_UMD_CGG_D0,F,2000,-0.71137,A,F,,,P1Y,S,,,GFS.A.N.I10.W0.S13.S1._Z.B.B9._Z._Z._Z.XDC_R_B1GQ._Z.S.V.N._T,,,,,,"See <a class=""external"" href=""http://sdw.ecb.europa.eu/web/generator/docu/rtdb_docu.pdf""> notes</a>; block Annual; series: B",,4,,,"Government deficit(-) or surplus(+), percent of GDP",Euro area (moving concept in the Real Time database context) - Deficit/surplus without UMTS proceeds - All sectors/ unspecified/ not applicable (ESA2010)-NCBs - General government (ESA2010)-NCBs - Non-financial flows current prices - Percentage,XDC_R_B1GQ,0,Replace,2001-06-06T15:30:00.000+02:00,
RTD.A.S0.N.F_UMD_CGG_D0.F,A,S0,N,F_UMD_CGG_D0,F,1991,-4.84168,A,F,,,P1Y,S,,,GFS.A.N.I10.W0.S13.S1._Z.B.B9._Z._Z._Z.XDC_R_B1GQ._Z.S.V.N._T,,,,,,"See <a class=""external"" href=""http://sdw.ecb.europa.eu/web/generator/docu/rtdb_docu.pdf""> notes</a>; block Annual; series: B",,4,,,"Government deficit(-) or surplus(+), percent of GDP",Euro area (moving concept in the Real Time database context) - Deficit/surplus without UMTS proceeds - All sectors/ unspecified/ not applicable (ESA2010)-NCBs - General government (ESA2010)-NCBs - Non-financial flows current prices - Percentage,XDC_R_B1GQ,0,Replace,2001-07-04T15:30:00.000+02:00,
RTD.A.S0.N.F_UMD_CGG_D0.F,A,S0,N,F_UMD_CGG_D0,F,1992,-4.95264,A,F,,,P1Y,S,,,GFS.A.N.I10.W0.S13.S1._Z.B.B9._Z._Z._Z.XDC_R_B1GQ._Z.S.V.N._T,,,,,,"See <a class=""external"" href=""http://sdw.ecb.europa.eu/web/generator/docu/rtdb_docu.pdf""> notes</a>; block Annual; series: B",,4,,,"Government deficit(-) or surplus(+), percent of GDP",Euro area (moving concept in the Real Time database context) - Deficit/surplus without UMTS proceeds - All sectors/ unspecified/ not applicable (ESA2010)-NCBs - General government (ESA2010)-NCBs - Non-financial flows current prices - Percentage,XDC_R_B1GQ,0,Replace,2001-07-04T15:30:00.000+02:00,
RTD.A.S0.N.F_UMD_CGG_D0.F,A,S0,N,F_UMD_CGG_D0,F,1993,-5.80016,A,F,,,P1Y,S,,,GFS.A.N.I10.W0.S13.S1._Z.B.B9._Z._Z._Z.XDC_R_B1GQ._Z.S.V.N._T,,,,,,"See <a class=""external"" href=""http://sdw.ecb.europa.eu/web/generator/docu/rtdb_docu.pdf""> notes</a>; block Annual; series: B",,4,,,"Government deficit(-) or surplus(+), percent of GDP",Euro area (moving concept in the Real Time database context) - Deficit/surplus without UMTS proceeds - All sectors/ unspecified/ not applicable (ESA2010)-NCBs - General government (ESA2010)-NCBs - Non-financial flows current prices - Percentage,XDC_R_B1GQ,0,Replace,2001-07-04T15:30:00.000+02:00,
RTD.A.S0.N.F_UMD_CGG_D0.F,A,S0,N,F_UMD_CGG_D0,F,1994,-5.10694,A,F,,,P1Y,S,,,GFS.A.N.I10.W0.S13.S1._Z.B.B9._Z._Z._Z.XDC_R_B1GQ._Z.S.V.N._T,,,,,,"See <a class=""external"" href=""http://sdw.ecb.europa.eu/web/generator/docu/rtdb_docu.pdf""> notes</a>; block Annual; series: B",,4,,,"Government deficit(-) or surplus(+), percent of GDP",Euro area (moving concept in the Real Time database context) - Deficit/surplus without UMTS proceeds - All sectors/ unspecified/ not applicable (ESA2010)-NCBs - General government (ESA2010)-NCBs - Non-financial flows current prices - Percentage,XDC_R_B1GQ,0,Replace,2001-07-04T15:30:00.000+02:00,
RTD.A.S0.N.F_UMD_CGG_D0.F,A,S0,N,F_UMD_CGG_D0,F,1995,-5.11231,A,F,,,P1Y,S,,,GFS.A.N.I10.W0.S13.S1._Z.B.B9._Z._Z._Z.XDC_R_B1GQ._Z.S.V.N._T,,,,,,"See <a class=""external"" href=""http://sdw.ecb.europa.eu/web/generator/docu/rtdb_docu.pdf""> notes</a>; block Annual; series: B",,4,,,"Government deficit(-) or surplus(+), percent of GDP",Euro area (moving concept in the Real Time database context) - Deficit/surplus without UMTS proceeds - All sectors/ unspecified/ not applicable (ESA2010)-NCBs - General government (ESA2010)-NCBs - Non-financial flows current prices - Percentage,XDC_R_B1GQ,0,Replace,2001-07-04T15:30:00.000+02:00,
RTD.A.S0.N.F_UMD_CGG_D0.F,A,S0,N,F_UMD_CGG_D0,F,1996,-4.31531,A,F,,,P1Y,S,,,GFS.A.N.I10.W0.S13.S1._Z.B.B9._Z._Z._Z.XDC_R_B1GQ._Z.S.V.N._T,,,,,,"See <a class=""external"" href=""http://sdw.ecb.europa.eu/web/generator/docu/rtdb_docu.pdf""> notes</a>; block Annual; series: B",,4,,,"Government deficit(-) or surplus(+), percent of GDP",Euro area (moving concept in the Real Time database context) - Deficit/surplus without UMTS proceeds - All sectors/ unspecified/ not applicable (ESA2010)-NCBs - General government (ESA2010)-NCBs - Non-financial flows current prices - Percentage,XDC_R_B1GQ,0,Replace,2001-07-04T15:30:00.000+02:00,
RTD.A.S0.N.F_UMD_CGG_D0.F,A,S0,N,F_UMD_CGG_D0,F,1997,-2.58246,A,F,,,P1Y,S,,,GFS.A.N.I10.W0.S13.S1._Z.B.B9._Z._Z._Z.XDC_R_B1GQ._Z.S.V.N._T,,,,,,"See <a class=""external"" href=""http://sdw.ecb.europa.eu/web/generator/docu/rtdb_docu.pdf""> notes</a>; block Annual; series: B",,4,,,"Government deficit(-) or surplus(+), percent of GDP",Euro area (moving concept in the Real Time database context) - Deficit/surplus without UMTS proceeds - All sectors/ unspecified/ not applicable (ESA2010)-NCBs - General government (ESA2010)-NCBs - Non-financial flows current prices - Percentage,XDC_R_B1GQ,0,Replace,2001-07-04T15:30:00.000+02:00,
RTD.A.S0.N.F_UMD_CGG_D0.F,A,S0,N,F_UMD_CGG_D0,F,1998,-2.1365,A,F,,,P1Y,S,,,GFS.A.N.I10.W0.S13.S1._Z.B.B9._Z._Z._Z.XDC_R_B1GQ._Z.S.V.N._T,,,,,,"See <a class=""external"" href=""http://sdw.ecb.europa.eu/web/generator/docu/rtdb_docu.pdf""> notes</a>; block Annual; series: B",,4,,,"Government deficit(-) or surplus(+), percent of GDP",Euro area (moving concept in the Real Time database context) - Deficit/surplus without UMTS proceeds - All sectors/ unspecified/ not applicable (ESA2010)-NCBs - General government (ESA2010)-NCBs - Non-financial flows current prices - Percentage,XDC_R_B1GQ,0,Replace,2001-07-04T15:30:00.000+02:00,
RTD.A.S0.N.F_UMD_CGG_D0.F,A,S0,N,F_UMD_CGG_D0,F,1999,-1.23491,A,F,,,P1Y,S,,,GFS.A.N.I10.W0.S13.S1._Z.B.B9._Z._Z._Z.XDC_R_B1GQ._Z.S.V.N._T,,,,,,"See <a class=""external"" href=""http://sdw.ecb.europa.eu/web/generator/docu/rtdb_docu.pdf""> notes</a>; block Annual; series: B",,4,,,"Government deficit(-) or surplus(+), percent of GDP",Euro area (moving concept in the Real Time database context) - Deficit/surplus without UMTS proceeds - All sectors/ unspecified/ not applicable (ESA2010)-NCBs - General government (ESA2010)-NCBs - Non-financial flows current prices - Percentage,XDC_R_B1GQ,0,Replace,2001-07-04T15:30:00.000+02:00,
RTD.A.S0.N.F_UMD_CGG_D0.F,A,S0,N,F_UMD_CGG_D0,F,2000,-0.7097,A,F,,,P1Y,S,,,GFS.A.N.I10.W0.S13.S1._Z.B.B9._Z._Z._Z.XDC_R_B1GQ._Z.S.V.N._T,,,,,,"See <a class=""external"" href=""http://sdw.ecb.europa.eu/web/generator/docu/rtdb_docu.pdf""> notes</a>; block Annual; series: B",,4,,,"Government deficit(-) or surplus(+), percent of GDP",Euro area (moving concept in the Real Time database context) - Deficit/surplus without UMTS proceeds - All sectors/ unspecified/ not applicable (ESA2010)-NCBs - General government (ESA2010)-NCBs - Non-financial flows current prices - Percentage,XDC_R_B1GQ,0,Replace,2001-07-04T15:30:00.000+02:00,
RTD.A.S0.N.F_UMD_CGG_D0.F,A,S0,N,F_UMD_CGG_D0,F,1991,-4.83328,A,F,,,P1Y,S,,,GFS.A.N.I10.W0.S13.S1._Z.B.B9._Z._Z._Z.XDC_R_B1GQ._Z.S.V.N._T,,,,,,"See <a class=""external"" href=""http://sdw.ecb.europa.eu/web/generator/docu/rtdb_docu.pdf""> notes</a>; block Annual; series: B",,4,,,"Government deficit(-) or surplus(+), percent of GDP",Euro area (moving concept in the Real Time database context) - Deficit/surplus without UMTS proceeds - All sectors/ unspecified/ not applicable (ESA2010)-NCBs - General government (ESA2010)-NCBs - Non-financial flows current prices - Percentage,XDC_R_B1GQ,0,Replace,2001-09-13T15:30:00.000+02:00,
RTD.A.S0.N.F_UMD_CGG_D0.F,A,S0,N,F_UMD_CGG_D0,F,1992,-4.96629,A,F,,,P1Y,S,,,GFS.A.N.I10.W0.S13.S1._Z.B.B9._Z._Z._Z.XDC_R_B1GQ._Z.S.V.N._T,,,,,,"See <a class=""external"" href=""http://sdw.ecb.europa.eu/web/generator/docu/rtdb_docu.pdf""> notes</a>; block Annual; series: B",,4,,,"Government deficit(-) or surplus(+), percent of GDP",Euro area (moving concept in the Real Time database context) - Deficit/surplus without UMTS proceeds - All sectors/ unspecified/ not applicable (ESA2010)-NCBs - General government (ESA2010)-NCBs - Non-financial flows current prices - Percentage,XDC_R_B1GQ,0,Replace,2001-09-13T15:30:00.000+02:00,
RTD.A.S0.N.F_UMD_CGG_D0.F,A,S0,N,F_UMD_CGG_D0,F,1993,-5.77375,A,F,,,P1Y,S,,,GFS.A.N.I10.W0.S13.S1._Z.B.B9._Z._Z._Z.XDC_R_B1GQ._Z.S.V.N._T,,,,,,"See <a class=""external"" href=""http://sdw.ecb.europa.eu/web/generator/docu/rtdb_docu.pdf""> notes</a>; block Annual; series: B",,4,,,"Government deficit(-) or surplus(+), percent of GDP",Euro area (moving concept in the Real Time database context) - Deficit/surplus without UMTS proceeds - All sectors/ unspecified/ not applicable (ESA2010)-NCBs - General government (ESA2010)-NCBs - Non-financial flows current prices - Percentage,XDC_R_B1GQ,0,Replace,2001-09-13T15:30:00.000+02:00,
RTD.A.S0.N.F_UMD_CGG_D0.F,A,S0,N,F_UMD_CGG_D0,F,1994,-5.09326,A,F,,,P1Y,S,,,GFS.A.N.I10.W0.S13.S1._Z.B.B9._Z._Z._Z.XDC_R_B1GQ._Z.S.V.N._T,,,,,,"See <a class=""external"" href=""http://sdw.ecb.europa.eu/web/generator/docu/rtdb_docu.pdf""> notes</a>; block Annual; series: B",,4,,,"Government deficit(-) or surplus(+), percent of GDP",Euro area (moving concept in the Real Time database context) - Deficit/surplus without UMTS proceeds - All sectors/ unspecified/ not applicable (ESA2010)-NCBs - General government (ESA2010)-NCBs - Non-financial flows current prices - Percentage,XDC_R_B1GQ,0,Replace,2001-09-13T15:30:00.000+02:00,
RTD.A.S0.N.F_UMD_CGG_D0.F,A,S0,N,F_UMD_CGG_D0,F,1997,-2.58855,A,F,,,P1Y,S,,,GFS.A.N.I10.W0.S13.S1._Z.B.B9._Z._Z._Z.XDC_R_B1GQ._Z.S.V.N._T,,,,,,"See <a class=""external"" href=""http://sdw.ecb.europa.eu/web/generator/docu/rtdb_docu.pdf""> notes</a>; block Annual; series: B",,4,,,"Government deficit(-) or surplus(+), percent of GDP",Euro area (moving concept in the Real Time database context) - Deficit/surplus without UMTS proceeds - All sectors/ unspecified/ not applicable (ESA2010)-NCBs - General government (ESA2010)-NCBs - Non-financial flows current prices - Percentage,XDC_R_B1GQ,0,Replace,2001-09-13T15:30:00.000+02:00,
RTD.A.S0.N.F_UMD_CGG_D0.F,A,S0,N,F_UMD_CGG_D0,F,1998,-2.19139,A,F,,,P1Y,S,,,GFS.A.N.I10.W0.S13.S1._Z.B.B9._Z._Z._Z.XDC_R_B1GQ._Z.S.V.N._T,,,,,,"See <a class=""external"" href=""http://sdw.ecb.europa.eu/web/generator/docu/rtdb_docu.pdf""> notes</a>; block Annual; series: B",,4,,,"Government deficit(-) or surplus(+), percent of GDP",Euro area (moving concept in the Real Time database context) - Deficit/surplus without UMTS proceeds - All sectors/ unspecified/ not applicable (ESA2010)-NCBs - General government (ESA2010)-NCBs - Non-financial flows current prices - Percentage,XDC_R_B1GQ,0,Replace,2001-09-13T15:30:00.000+02:00,
RTD.A.S0.N.F_UMD_CGG_D0.F,A,S0,N,F_UMD_CGG_D0,F,1999,-1.30714,A,F,,,P1Y,S,,,GFS.A.N.I10.W0.S13.S1._Z.B.B9._Z._Z._Z.XDC_R_B1GQ._Z.S.V.N._T,,,,,,"See <a class=""external"" href=""http://sdw.ecb.europa.eu/web/generator/docu/rtdb_docu.pdf""> notes</a>; block Annual; series: B",,4,,,"Government deficit(-) or surplus(+), percent of GDP",Euro area (moving concept in the Real Time database context) - Deficit/surplus without UMTS proceeds - All sectors/ unspecified/ not applicable (ESA2010)-NCBs - General government (ESA2010)-NCBs - Non-financial flows current prices - Percentage,XDC_R_B1GQ,0,Replace,2001-09-13T15:30:00.000+02:00,
RTD.A.S0.N.F_UMD_CGG_D0.F,A,S0,N,F_UMD_CGG_D0,F,2000,-0.80221,A,F,,,P1Y,S,,,GFS.A.N.I10.W0.S13.S1._Z.B.B9._Z._Z._Z.XDC_R_B1GQ._Z.S.V.N._T,,,,,,"See <a class=""external"" href=""http://sdw.ecb.europa.eu/web/generator/docu/rtdb_docu.pdf""> notes</a>; block Annual; series: B",,4,,,"Government deficit(-) or surplus(+), percent of GDP",Euro area (moving concept in the Real Time database context) - Deficit/surplus without UMTS proceeds - All sectors/ unspecified/ not applicable (ESA2010)-NCBs - General government (ESA2010)-NCBs - Non-financial flows current prices - Percentage,XDC_R_B1GQ,0,Replace,2001-09-13T15:30:00.000+02:00,
RTD.A.S0.N.F_UMD_CGG_D0.F,A,S0,N,F_UMD_CGG_D0,F,1991,-4.85968,A,F,,,P1Y,S,,,GFS.A.N.I10.W0.S13.S1._Z.B.B9._Z._Z._Z.XDC_R_B1GQ._Z.S.V.N._T,,,,,,"See <a class=""external"" href=""http://sdw.ecb.europa.eu/web/generator/docu/rtdb_docu.pdf""> notes</a>; block Annual; series: B",,4,,,"Government deficit(-) or surplus(+), percent of GDP",Euro area (moving concept in the Real Time database context) - Deficit/surplus without UMTS proceeds - All sectors/ unspecified/ not applicable (ESA2010)-NCBs - General government (ESA2010)-NCBs - Non-financial flows current prices - Percentage,XDC_R_B1GQ,0,Replace,2001-10-10T15:30:00.000+02:00,
RTD.A.S0.N.F_UMD_CGG_D0.F,A,S0,N,F_UMD_CGG_D0,F,1992,-4.93433,A,F,,,P1Y,S,,,GFS.A.N.I10.W0.S13.S1._Z.B.B9._Z._Z._Z.XDC_R_B1GQ._Z.S.V.N._T,,,,,,"See <a class=""external"" href=""http://sdw.ecb.europa.eu/web/generator/docu/rtdb_docu.pdf""> notes</a>; block Annual; series: B",,4,,,"Government deficit(-) or surplus(+), percent of GDP",Euro area (moving concept in the Real Time database context) - Deficit/surplus without UMTS proceeds - All sectors/ unspecified/ not applicable (ESA2010)-NCBs - General government (ESA2010)-NCBs - Non-financial flows current prices - Percentage,XDC_R_B1GQ,0,Replace,2001-10-10T15:30:00.000+02:00,
RTD.A.S0.N.F_UMD_CGG_D0.F,A,S0,N,F_UMD_CGG_D0,F,1993,-5.81373,A,F,,,P1Y,S,,,GFS.A.N.I10.W0.S13.S1._Z.B.B9._Z._Z._Z.XDC_R_B1GQ._Z.S.V.N._T,,,,,,"See <a class=""external"" href=""http://sdw.ecb.europa.eu/web/generator/docu/rtdb_docu.pdf""> notes</a>; block Annual; series: B",,4,,,"Government deficit(-) or surplus(+), percent of GDP",Euro area (moving concept in the Real Time database context) - Deficit/surplus without UMTS proceeds - All sectors/ unspecified/ not applicable (ESA2010)-NCBs - General government (ESA2010)-NCBs - Non-financial flows current prices - Percentage,XDC_R_B1GQ,0,Replace,2001-10-10T15:30:00.000+02:00,
RTD.A.S0.N.F_UMD_CGG_D0.F,A,S0,N,F_UMD_CGG_D0,F,1994,-5.17458,A,F,,,P1Y,S,,,GFS.A.N.I10.W0.S13.S1._Z.B.B9._Z._Z._Z.XDC_R_B1GQ._Z.S.V.N._T,,,,,,"See <a class=""external"" href=""http://sdw.ecb.europa.eu/web/generator/docu/rtdb_docu.pdf""> notes</a>; block Annual; series: B",,4,,,"Government deficit(-) or surplus(+), percent of GDP",Euro area (moving concept in the Real Time database context) - Deficit/surplus without UMTS proceeds - All sectors/ unspecified/ not applicable (ESA2010)-NCBs - General government (ESA2010)-NCBs - Non-financial flows current prices - Percentage,XDC_R_B1GQ,0,Replace,2001-10-10T15:30:00.000+02:00,
RTD.A.S0.N.F_UMD_CGG_D0.F,A,S0,N,F_UMD_CGG_D0,F,1995,-5.11479,A,F,,,P1Y,S,,,GFS.A.N.I10.W0.S13.S1._Z.B.B9._Z._Z._Z.XDC_R_B1GQ._Z.S.V.N._T,,,,,,"See <a class=""external"" href=""http://sdw.ecb.europa.eu/web/generator/docu/rtdb_docu.pdf""> notes</a>; block Annual; series: B",,4,,,"Government deficit(-) or surplus(+), percent of GDP",Euro area (moving concept in the Real Time database context) - Deficit/surplus without UMTS proceeds - All sectors/ unspecified/ not applicable (ESA2010)-NCBs - General government (ESA2010)-NCBs - Non-financial flows current prices - Percentage,XDC_R_B1GQ,0,Replace,2001-10-10T15:30:00.000+02:00,
RTD.A.S0.N.F_UMD_CGG_D0.F,A,S0,N,F_UMD_CGG_D0,F,1996,-4.31676,A,F,,,P1Y,S,,,GFS.A.N.I10.W0.S13.S1._Z.B.B9._Z._Z._Z.XDC_R_B1GQ._Z.S.V.N._T,,,,,,"See <a class=""external"" href=""http://sdw.ecb.europa.eu/web/generator/docu/rtdb_docu.pdf""> notes</a>; block Annual; series: B",,4,,,"Government deficit(-) or surplus(+), percent of GDP",Euro area (moving concept in the Real Time database context) - Deficit/surplus without UMTS proceeds - All sectors/ unspecified/ not applicable (ESA2010)-NCBs - General government (ESA2010)-NCBs - Non-financial flows current prices - Percentage,XDC_R_B1GQ,0,Replace,2001-10-10T15:30:00.000+02:00,
RTD.A.S0.N.F_UMD_CGG_D0.F,A,S0,N,F_UMD_CGG_D0,F,1997,-2.59268,A,F,,,P1Y,S,,,GFS.A.N.I10.W0.S13.S1._Z.B.B9._Z._Z._Z.XDC_R_B1GQ._Z.S.V.N._T,,,,,,"See <a class=""external"" href=""http://sdw.ecb.europa.eu/web/generator/docu/rtdb_docu.pdf""> notes</a>; block Annual; series: B",,4,,,"Government deficit(-) or surplus(+), percent of GDP",Euro area (moving concept in the Real Time database context) - Deficit/surplus without UMTS proceeds - All sectors/ unspecified/ not applicable (ESA2010)-NCBs - General government (ESA2010)-NCBs - Non-financial flows current prices - Percentage,XDC_R_B1GQ,0,Replace,2001-10-10T15:30:00.000+02:00,
RTD.A.S0.N.F_UMD_CGG_D0.F,A,S0,N,F_UMD_CGG_D0,F,1998,-2.19578,A,F,,,P1Y,S,,,GFS.A.N.I10.W0.S13.S1._Z.B.B9._Z._Z._Z.XDC_R_B1GQ._Z.S.V.N._T,,,,,,"See <a class=""external"" href=""http://sdw.ecb.europa.eu/web/generator/docu/rtdb_docu.pdf""> notes</a>; block Annual; series: B",,4,,,"Government deficit(-) or surplus(+), percent of GDP",Euro area (moving concept in the Real Time database context) - Deficit/surplus without UMTS proceeds - All sectors/ unspecified/ not applicable (ESA2010)-NCBs - General government (ESA2010)-NCBs - Non-financial flows current prices - Percentage,XDC_R_B1GQ,0,Replace,2001-10-10T15:30:00.000+02:00,
RTD.A.S0.N.F_UMD_CGG_D0.F,A,S0,N,F_UMD_CGG_D0,F,1999,-1.30585,A,F,,,P1Y,S,,,GFS.A.N.I10.W0.S13.S1._Z.B.B9._Z._Z._Z.XDC_R_B1GQ._Z.S.V.N._T,,,,,,"See <a class=""external"" href=""http://sdw.ecb.europa.eu/web/generator/docu/rtdb_docu.pdf""> notes</a>; block Annual; series: B",,4,,,"Government deficit(-) or surplus(+), percent of GDP",Euro area (moving concept in the Real Time database context) - Deficit/surplus without UMTS proceeds - All sectors/ unspecified/ not applicable (ESA2010)-NCBs - General government (ESA2010)-NCBs - Non-financial flows current prices - Percentage,XDC_R_B1GQ,0,Replace,2001-10-10T15:30:00.000+02:00,
RTD.A.S0.N.F_UMD_CGG_D0.F,A,S0,N,F_UMD_CGG_D0,F,2000,-0.80367,A,F,,,P1Y,S,,,GFS.A.N.I10.W0.S13.S1._Z.B.B9._Z._Z._Z.XDC_R_B1GQ._Z.S.V.N._T,,,,,,"See <a class=""external"" href=""http://sdw.ecb.europa.eu/web/generator/docu/rtdb_docu.pdf""> notes</a>; block Annual; series: B",,4,,,"Government deficit(-) or surplus(+), percent of GDP",Euro area (moving concept in the Real Time database context) - Deficit/surplus without UMTS proceeds - All sectors/ unspecified/ not applicable (ESA2010)-NCBs - General government (ESA2010)-NCBs - Non-financial flows current prices - Percentage,XDC_R_B1GQ,0,Replace,2001-10-10T15:30:00.000+02:00,
RTD.A.S0.N.F_UMD_CGG_D0.F,A,S0,N,F_UMD_CGG_D0,F,1991,-4.85879,A,F,,,P1Y,S,,,GFS.A.N.I10.W0.S13.S1._Z.B.B9._Z._Z._Z.XDC_R_B1GQ._Z.S.V.N._T,,,,,,"See <a class=""external"" href=""http://sdw.ecb.europa.eu/web/generator/docu/rtdb_docu.pdf""> notes</a>; block Annual; series: B",,4,,,"Government deficit(-) or surplus(+), percent of GDP",Euro area (moving concept in the Real Time database context) - Deficit/surplus without UMTS proceeds - All sectors/ unspecified/ not applicable (ESA2010)-NCBs - General government (ESA2010)-NCBs - Non-financial flows current prices - Percentage,XDC_R_B1GQ,0,Replace,2001-11-07T15:30:00.000+01:00,
RTD.A.S0.N.F_UMD_CGG_D0.F,A,S0,N,F_UMD_CGG_D0,F,1992,-4.93607,A,F,,,P1Y,S,,,GFS.A.N.I10.W0.S13.S1._Z.B.B9._Z._Z._Z.XDC_R_B1GQ._Z.S.V.N._T,,,,,,"See <a class=""external"" href=""http://sdw.ecb.europa.eu/web/generator/docu/rtdb_docu.pdf""> notes</a>; block Annual; series: B",,4,,,"Government deficit(-) or surplus(+), percent of GDP",Euro area (moving concept in the Real Time database context) - Deficit/surplus without UMTS proceeds - All sectors/ unspecified/ not applicable (ESA2010)-NCBs - General government (ESA2010)-NCBs - Non-financial flows current prices - Percentage,XDC_R_B1GQ,0,Replace,2001-11-07T15:30:00.000+01:00,
RTD.A.S0.N.F_UMD_CGG_D0.F,A,S0,N,F_UMD_CGG_D0,F,1993,-5.81504,A,F,,,P1Y,S,,,GFS.A.N.I10.W0.S13.S1._Z.B.B9._Z._Z._Z.XDC_R_B1GQ._Z.S.V.N._T,,,,,,"See <a class=""external"" href=""http://sdw.ecb.europa.eu/web/generator/docu/rtdb_docu.pdf""> notes</a>; block Annual; series: B",,4,,,"Government deficit(-) or surplus(+), percent of GDP",Euro area (moving concept in the Real Time database context) - Deficit/surplus without UMTS proceeds - All sectors/ unspecified/ not applicable (ESA2010)-NCBs - General government (ESA2010)-NCBs - Non-financial flows current prices - Percentage,XDC_R_B1GQ,0,Replace,2001-11-07T15:30:00.000+01:00,
RTD.A.S0.N.F_UMD_CGG_D0.F,A,S0,N,F_UMD_CGG_D0,F,1994,-5.17515,A,F,,,P1Y,S,,,GFS.A.N.I10.W0.S13.S1._Z.B.B9._Z._Z._Z.XDC_R_B1GQ._Z.S.V.N._T,,,,,,"See <a class=""external"" href=""http://sdw.ecb.europa.eu/web/generator/docu/rtdb_docu.pdf""> notes</a>; block Annual; series: B",,4,,,"Government deficit(-) or surplus(+), percent of GDP",Euro area (moving concept in the Real Time database context) - Deficit/surplus without UMTS proceeds - All sectors/ unspecified/ not applicable (ESA2010)-NCBs - General government (ESA2010)-NCBs - Non-financial flows current prices - Percentage,XDC_R_B1GQ,0,Replace,2001-11-07T15:30:00.000+01:00,
RTD.A.S0.N.F_UMD_CGG_D0.F,A,S0,N,F_UMD_CGG_D0,F,1995,-5.11544,A,F,,,P1Y,S,,,GFS.A.N.I10.W0.S13.S1._Z.B.B9._Z._Z._Z.XDC_R_B1GQ._Z.S.V.N._T,,,,,,"See <a class=""external"" href=""http://sdw.ecb.europa.eu/web/generator/docu/rtdb_docu.pdf""> notes</a>; block Annual; series: B",,4,,,"Government deficit(-) or surplus(+), percent of GDP",Euro area (moving concept in the Real Time database context) - Deficit/surplus without UMTS proceeds - All sectors/ unspecified/ not applicable (ESA2010)-NCBs - General government (ESA2010)-NCBs - Non-financial flows current prices - Percentage,XDC_R_B1GQ,0,Replace,2001-11-07T15:30:00.000+01:00,
RTD.A.S0.N.F_UMD_CGG_D0.F,A,S0,N,F_UMD_CGG_D0,F,1996,-4.31673,A,F,,,P1Y,S,,,GFS.A.N.I10.W0.S13.S1._Z.B.B9._Z._Z._Z.XDC_R_B1GQ._Z.S.V.N._T,,,,,,"See <a class=""external"" href=""http://sdw.ecb.europa.eu/web/generator/docu/rtdb_docu.pdf""> notes</a>; block Annual; series: B",,4,,,"Government deficit(-) or surplus(+), percent of GDP",Euro area (moving concept in the Real Time database context) - Deficit/surplus without UMTS proceeds - All sectors/ unspecified/ not applicable (ESA2010)-NCBs - General government (ESA2010)-NCBs - Non-financial flows current prices - Percentage,XDC_R_B1GQ,0,Replace,2001-11-07T15:30:00.000+01:00,
RTD.A.S0.N.F_UMD_CGG_D0.F,A,S0,N,F_UMD_CGG_D0,F,1997,-2.61312,A,F,,,P1Y,S,,,GFS.A.N.I10.W0.S13.S1._Z.B.B9._Z._Z._Z.XDC_R_B1GQ._Z.S.V.N._T,,,,,,"See <a class=""external"" href=""http://sdw.ecb.europa.eu/web/generator/docu/rtdb_docu.pdf""> notes</a>; block Annual; series: B",,4,,,"Government deficit(-) or surplus(+), percent of GDP",Euro area (moving concept in the Real Time database context) - Deficit/surplus without UMTS proceeds - All sectors/ unspecified/ not applicable (ESA2010)-NCBs - General government (ESA2010)-NCBs - Non-financial flows current prices - Percentage,XDC_R_B1GQ,0,Replace,2001-11-07T15:30:00.000+01:00,
RTD.A.S0.N.F_UMD_CGG_D0.F,A,S0,N,F_UMD_CGG_D0,F,1998,-2.1886,A,F,,,P1Y,S,,,GFS.A.N.I10.W0.S13.S1._Z.B.B9._Z._Z._Z.XDC_R_B1GQ._Z.S.V.N._T,,,,,,"See <a class=""external"" href=""http://sdw.ecb.europa.eu/web/generator/docu/rtdb_docu.pdf""> notes</a>; block Annual; series: B",,4,,,"Government deficit(-) or surplus(+), percent of GDP",Euro area (moving concept in the Real Time database context) - Deficit/surplus without UMTS proceeds - All sectors/ unspecified/ not applicable (ESA2010)-NCBs - General government (ESA2010)-NCBs - Non-financial flows current prices - Percentage,XDC_R_B1GQ,0,Replace,2001-11-07T15:30:00.000+01:00,
RTD.A.S0.N.F_UMD_CGG_D0.F,A,S0,N,F_UMD_CGG_D0,F,1999,-1.3017,A,F,,,P1Y,S,,,GFS.A.N.I10.W0.S13.S1._Z.B.B9._Z._Z._Z.XDC_R_B1GQ._Z.S.V.N._T,,,,,,"See <a class=""external"" href=""http://sdw.ecb.europa.eu/web/generator/docu/rtdb_docu.pdf""> notes</a>; block Annual; series: B",,4,,,"Government deficit(-) or surplus(+), percent of GDP",Euro area (moving concept in the Real Time database context) - Deficit/surplus without UMTS proceeds - All sectors/ unspecified/ not applicable (ESA2010)-NCBs - General government (ESA2010)-NCBs - Non-financial flows current prices - Percentage,XDC_R_B1GQ,0,Replace,2001-11-07T15:30:00.000+01:00,
RTD.A.S0.N.F_UMD_CGG_D0.F,A,S0,N,F_UMD_CGG_D0,F,2000,-0.80252,A,F,,,P1Y,S,,,GFS.A.N.I10.W0.S13.S1._Z.B.B9._Z._Z._Z.XDC_R_B1GQ._Z.S.V.N._T,,,,,,"See <a class=""external"" href=""http://sdw.ecb.europa.eu/web/generator/docu/rtdb_docu.pdf""> notes</a>; block Annual; series: B",,4,,,"Government deficit(-) or surplus(+), percent of GDP",Euro area (moving concept in the Real Time database context) - Deficit/surplus without UMTS proceeds - All sectors/ unspecified/ not applicable (ESA2010)-NCBs - General government (ESA2010)-NCBs - Non-financial flows current prices - Percentage,XDC_R_B1GQ,0,Replace,2001-11-07T15:30:00.000+01:00,
RTD.A.S0.N.F_UMD_CGG_D0.F,A,S0,N,F_UMD_CGG_D0,F,1999,-1.30171,A,F,,,P1Y,S,,,GFS.A.N.I10.W0.S13.S1._Z.B.B9._Z._Z._Z.XDC_R_B1GQ._Z.S.V.N._T,,,,,,"See <a class=""external"" href=""http://sdw.ecb.europa.eu/web/generator/docu/rtdb_docu.pdf""> notes</a>; block Annual; series: B",,4,,,"Government deficit(-) or surplus(+), percent of GDP",Euro area (moving concept in the Real Time database context) - Deficit/surplus without UMTS proceeds - All sectors/ unspecified/ not applicable (ESA2010)-NCBs - General government (ESA2010)-NCBs - Non-financial flows current prices - Percentage,XDC_R_B1GQ,0,Replace,2001-12-05T15:30:00.000+01:00,
RTD.A.S0.N.F_UMD_CGG_D0.F,A,S0,N,F_UMD_CGG_D0,F,1999,-1.30168,A,F,,,P1Y,S,,,GFS.A.N.I10.W0.S13.S1._Z.B.B9._Z._Z._Z.XDC_R_B1GQ._Z.S.V.N._T,,,,,,"See <a class=""external"" href=""http://sdw.ecb.europa.eu/web/generator/docu/rtdb_docu.pdf""> notes</a>; block Annual; series: B",,4,,,"Government deficit(-) or surplus(+), percent of GDP",Euro area (moving concept in the Real Time database context) - Deficit/surplus without UMTS proceeds - All sectors/ unspecified/ not applicable (ESA2010)-NCBs - General government (ESA2010)-NCBs - Non-financial flows current prices - Percentage,XDC_R_B1GQ,0,Replace,2002-01-16T15:30:00.000+01:00,
RTD.A.S0.N.F_UMD_CGG_D0.F,A,S0,N,F_UMD_CGG_D0,F,2000,-0.80051,A,F,,,P1Y,S,,,GFS.A.N.I10.W0.S13.S1._Z.B.B9._Z._Z._Z.XDC_R_B1GQ._Z.S.V.N._T,,,,,,"See <a class=""external"" href=""http://sdw.ecb.europa.eu/web/generator/docu/rtdb_docu.pdf""> notes</a>; block Annual; series: B",,4,,,"Government deficit(-) or surplus(+), percent of GDP",Euro area (moving concept in the Real Time database context) - Deficit/surplus without UMTS proceeds - All sectors/ unspecified/ not applicable (ESA2010)-NCBs - General government (ESA2010)-NCBs - Non-financial flows current prices - Percentage,XDC_R_B1GQ,0,Replace,2002-01-16T15:30:00.000+01:00,
RTD.A.S0.N.F_UMD_CGG_D0.F,A,S0,N,F_UMD_CGG_D0,F,1991,-4.85829,A,F,,,P1Y,S,,,GFS.A.N.I10.W0.S13.S1._Z.B.B9._Z._Z._Z.XDC_R_B1GQ._Z.S.V.N._T,,,,,,"See <a class=""external"" href=""http://sdw.ecb.europa.eu/web/generator/docu/rtdb_docu.pdf""> notes</a>; block Annual; series: B",,4,,,"Government deficit(-) or surplus(+), percent of GDP",Euro area (moving concept in the Real Time database context) - Deficit/surplus without UMTS proceeds - All sectors/ unspecified/ not applicable (ESA2010)-NCBs - General government (ESA2010)-NCBs - Non-financial flows current prices - Percentage,XDC_R_B1GQ,0,Replace,2002-02-06T15:30:00.000+01:00,
RTD.A.S0.N.F_UMD_CGG_D0.F,A,S0,N,F_UMD_CGG_D0,F,1992,-4.9426,A,F,,,P1Y,S,,,GFS.A.N.I10.W0.S13.S1._Z.B.B9._Z._Z._Z.XDC_R_B1GQ._Z.S.V.N._T,,,,,,"See <a class=""external"" href=""http://sdw.ecb.europa.eu/web/generator/docu/rtdb_docu.pdf""> notes</a>; block Annual; series: B",,4,,,"Government deficit(-) or surplus(+), percent of GDP",Euro area (moving concept in the Real Time database context) - Deficit/surplus without UMTS proceeds - All sectors/ unspecified/ not applicable (ESA2010)-NCBs - General government (ESA2010)-NCBs - Non-financial flows current prices - Percentage,XDC_R_B1GQ,0,Replace,2002-02-06T15:30:00.000+01:00,
RTD.A.S0.N.F_UMD_CGG_D0.F,A,S0,N,F_UMD_CGG_D0,F,1993,-5.81577,A,F,,,P1Y,S,,,GFS.A.N.I10.W0.S13.S1._Z.B.B9._Z._Z._Z.XDC_R_B1GQ._Z.S.V.N._T,,,,,,"See <a class=""external"" href=""http://sdw.ecb.europa.eu/web/generator/docu/rtdb_docu.pdf""> notes</a>; block Annual; series: B",,4,,,"Government deficit(-) or surplus(+), percent of GDP",Euro area (moving concept in the Real Time database context) - Deficit/surplus without UMTS proceeds - All sectors/ unspecified/ not applicable (ESA2010)-NCBs - General government (ESA2010)-NCBs - Non-financial flows current prices - Percentage,XDC_R_B1GQ,0,Replace,2002-02-06T15:30:00.000+01:00,
RTD.A.S0.N.F_UMD_CGG_D0.F,A,S0,N,F_UMD_CGG_D0,F,1994,-5.17377,A,F,,,P1Y,S,,,GFS.A.N.I10.W0.S13.S1._Z.B.B9._Z._Z._Z.XDC_R_B1GQ._Z.S.V.N._T,,,,,,"See <a class=""external"" href=""http://sdw.ecb.europa.eu/web/generator/docu/rtdb_docu.pdf""> notes</a>; block Annual; series: B",,4,,,"Government deficit(-) or surplus(+), percent of GDP",Euro area (moving concept in the Real Time database context) - Deficit/surplus without UMTS proceeds - All sectors/ unspecified/ not applicable (ESA2010)-NCBs - General government (ESA2010)-NCBs - Non-financial flows current prices - Percentage,XDC_R_B1GQ,0,Replace,2002-02-06T15:30:00.000+01:00,
RTD.A.S0.N.F_UMD_CGG_D0.F,A,S0,N,F_UMD_CGG_D0,F,1995,-5.11993,A,F,,,P1Y,S,,,GFS.A.N.I10.W0.S13.S1._Z.B.B9._Z._Z._Z.XDC_R_B1GQ._Z.S.V.N._T,,,,,,"See <a class=""external"" href=""http://sdw.ecb.europa.eu/web/generator/docu/rtdb_docu.pdf""> notes</a>; block Annual; series: B",,4,,,"Government deficit(-) or surplus(+), percent of GDP",Euro area (moving concept in the Real Time database context) - Deficit/surplus without UMTS proceeds - All sectors/ unspecified/ not applicable (ESA2010)-NCBs - General government (ESA2010)-NCBs - Non-financial flows current prices - Percentage,XDC_R_B1GQ,0,Replace,2002-02-06T15:30:00.000+01:00,
RTD.A.S0.N.F_UMD_CGG_D0.F,A,S0,N,F_UMD_CGG_D0,F,1996,-4.31962,A,F,,,P1Y,S,,,GFS.A.N.I10.W0.S13.S1._Z.B.B9._Z._Z._Z.XDC_R_B1GQ._Z.S.V.N._T,,,,,,"See <a class=""external"" href=""http://sdw.ecb.europa.eu/web/generator/docu/rtdb_docu.pdf""> notes</a>; block Annual; series: B",,4,,,"Government deficit(-) or surplus(+), percent of GDP",Euro area (moving concept in the Real Time database context) - Deficit/surplus without UMTS proceeds - All sectors/ unspecified/ not applicable (ESA2010)-NCBs - General government (ESA2010)-NCBs - Non-financial flows current prices - Percentage,XDC_R_B1GQ,0,Replace,2002-02-06T15:30:00.000+01:00,
RTD.A.S0.N.F_UMD_CGG_D0.F,A,S0,N,F_UMD_CGG_D0,F,1997,-2.61261,A,F,,,P1Y,S,,,GFS.A.N.I10.W0.S13.S1._Z.B.B9._Z._Z._Z.XDC_R_B1GQ._Z.S.V.N._T,,,,,,"See <a class=""external"" href=""http://sdw.ecb.europa.eu/web/generator/docu/rtdb_docu.pdf""> notes</a>; block Annual; series: B",,4,,,"Government deficit(-) or surplus(+), percent of GDP",Euro area (moving concept in the Real Time database context) - Deficit/surplus without UMTS proceeds - All sectors/ unspecified/ not applicable (ESA2010)-NCBs - General government (ESA2010)-NCBs - Non-financial flows current prices - Percentage,XDC_R_B1GQ,0,Replace,2002-02-06T15:30:00.000+01:00,
RTD.A.S0.N.F_UMD_CGG_D0.F,A,S0,N,F_UMD_CGG_D0,F,1998,-2.18586,A,F,,,P1Y,S,,,GFS.A.N.I10.W0.S13.S1._Z.B.B9._Z._Z._Z.XDC_R_B1GQ._Z.S.V.N._T,,,,,,"See <a class=""external"" href=""http://sdw.ecb.europa.eu/web/generator/docu/rtdb_docu.pdf""> notes</a>; block Annual; series: B",,4,,,"Government deficit(-) or surplus(+), percent of GDP",Euro area (moving concept in the Real Time database context) - Deficit/surplus without UMTS proceeds - All sectors/ unspecified/ not applicable (ESA2010)-NCBs - General government (ESA2010)-NCBs - Non-financial flows current prices - Percentage,XDC_R_B1GQ,0,Replace,2002-02-06T15:30:00.000+01:00,
RTD.A.S0.N.F_UMD_CGG_D0.F,A,S0,N,F_UMD_CGG_D0,F,1999,-1.30065,A,F,,,P1Y,S,,,GFS.A.N.I10.W0.S13.S1._Z.B.B9._Z._Z._Z.XDC_R_B1GQ._Z.S.V.N._T,,,,,,"See <a class=""external"" href=""http://sdw.ecb.europa.eu/web/generator/docu/rtdb_docu.pdf""> notes</a>; block Annual; series: B",,4,,,"Government deficit(-) or surplus(+), percent of GDP",Euro area (moving concept in the Real Time database context) - Deficit/surplus without UMTS proceeds - All sectors/ unspecified/ not applicable (ESA2010)-NCBs - General government (ESA2010)-NCBs - Non-financial flows current prices - Percentage,XDC_R_B1GQ,0,Replace,2002-02-06T15:30:00.000+01:00,
RTD.A.S0.N.F_UMD_CGG_D0.F,A,S0,N,F_UMD_CGG_D0,F,2000,-0.7873,A,F,,,P1Y,S,,,GFS.A.N.I10.W0.S13.S1._Z.B.B9._Z._Z._Z.XDC_R_B1GQ._Z.S.V.N._T,,,,,,"See <a class=""external"" href=""http://sdw.ecb.europa.eu/web/generator/docu/rtdb_docu.pdf""> notes</a>; block Annual; series: B",,4,,,"Government deficit(-) or surplus(+), percent of GDP",Euro area (moving concept in the Real Time database context) - Deficit/surplus without UMTS proceeds - All sectors/ unspecified/ not applicable (ESA2010)-NCBs - General government (ESA2010)-NCBs - Non-financial flows current prices - Percentage,XDC_R_B1GQ,0,Replace,2002-02-06T15:30:00.000+01:00,
RTD.A.S0.N.F_UMD_CGG_D0.F,A,S0,N,F_UMD_CGG_D0,F,1991,-4.91108,A,F,,,P1Y,S,,,GFS.A.N.I10.W0.S13.S1._Z.B.B9._Z._Z._Z.XDC_R_B1GQ._Z.S.V.N._T,,,,,,"See <a class=""external"" href=""http://sdw.ecb.europa.eu/web/generator/docu/rtdb_docu.pdf""> notes</a>; block Annual; series: B",,4,,,"Government deficit(-) or surplus(+), percent of GDP",Euro area (moving concept in the Real Time database context) - Deficit/surplus without UMTS proceeds - All sectors/ unspecified/ not applicable (ESA2010)-NCBs - General government (ESA2010)-NCBs - Non-financial flows current prices - Percentage,XDC_R_B1GQ,0,Replace,2002-04-03T15:30:00.000+02:00,
RTD.A.S0.N.F_UMD_CGG_D0.F,A,S0,N,F_UMD_CGG_D0,F,1992,-5.01186,A,F,,,P1Y,S,,,GFS.A.N.I10.W0.S13.S1._Z.B.B9._Z._Z._Z.XDC_R_B1GQ._Z.S.V.N._T,,,,,,"See <a class=""external"" href=""http://sdw.ecb.europa.eu/web/generator/docu/rtdb_docu.pdf""> notes</a>; block Annual; series: B",,4,,,"Government deficit(-) or surplus(+), percent of GDP",Euro area (moving concept in the Real Time database context) - Deficit/surplus without UMTS proceeds - All sectors/ unspecified/ not applicable (ESA2010)-NCBs - General government (ESA2010)-NCBs - Non-financial flows current prices - Percentage,XDC_R_B1GQ,0,Replace,2002-04-03T15:30:00.000+02:00,
RTD.A.S0.N.F_UMD_CGG_D0.F,A,S0,N,F_UMD_CGG_D0,F,1993,-5.87452,A,F,,,P1Y,S,,,GFS.A.N.I10.W0.S13.S1._Z.B.B9._Z._Z._Z.XDC_R_B1GQ._Z.S.V.N._T,,,,,,"See <a class=""external"" href=""http://sdw.ecb.europa.eu/web/generator/docu/rtdb_docu.pdf""> notes</a>; block Annual; series: B",,4,,,"Government deficit(-) or surplus(+), percent of GDP",Euro area (moving concept in the Real Time database context) - Deficit/surplus without UMTS proceeds - All sectors/ unspecified/ not applicable (ESA2010)-NCBs - General government (ESA2010)-NCBs - Non-financial flows current prices - Percentage,XDC_R_B1GQ,0,Replace,2002-04-03T15:30:00.000+02:00,
RTD.A.S0.N.F_UMD_CGG_D0.F,A,S0,N,F_UMD_CGG_D0,F,1994,-5.19464,A,F,,,P1Y,S,,,GFS.A.N.I10.W0.S13.S1._Z.B.B9._Z._Z._Z.XDC_R_B1GQ._Z.S.V.N._T,,,,,,"See <a class=""external"" href=""http://sdw.ecb.europa.eu/web/generator/docu/rtdb_docu.pdf""> notes</a>; block Annual; series: B",,4,,,"Government deficit(-) or surplus(+), percent of GDP",Euro area (moving concept in the Real Time database context) - Deficit/surplus without UMTS proceeds - All sectors/ unspecified/ not applicable (ESA2010)-NCBs - General government (ESA2010)-NCBs - Non-financial flows current prices - Percentage,XDC_R_B1GQ,0,Replace,2002-04-03T15:30:00.000+02:00,
RTD.A.S0.N.F_UMD_CGG_D0.F,A,S0,N,F_UMD_CGG_D0,F,1995,-5.11759,A,F,,,P1Y,S,,,GFS.A.N.I10.W0.S13.S1._Z.B.B9._Z._Z._Z.XDC_R_B1GQ._Z.S.V.N._T,,,,,,"See <a class=""external"" href=""http://sdw.ecb.europa.eu/web/generator/docu/rtdb_docu.pdf""> notes</a>; block Annual; series: B",,4,,,"Government deficit(-) or surplus(+), percent of GDP",Euro area (moving concept in the Real Time database context) - Deficit/surplus without UMTS proceeds - All sectors/ unspecified/ not applicable (ESA2010)-NCBs - General government (ESA2010)-NCBs - Non-financial flows current prices - Percentage,XDC_R_B1GQ,0,Replace,2002-04-03T15:30:00.000+02:00,
RTD.A.S0.N.F_UMD_CGG_D0.F,A,S0,N,F_UMD_CGG_D0,F,1996,-4.31971,A,F,,,P1Y,S,,,GFS.A.N.I10.W0.S13.S1._Z.B.B9._Z._Z._Z.XDC_R_B1GQ._Z.S.V.N._T,,,,,,"See <a class=""external"" href=""http://sdw.ecb.europa.eu/web/generator/docu/rtdb_docu.pdf""> notes</a>; block Annual; series: B",,4,,,"Government deficit(-) or surplus(+), percent of GDP",Euro area (moving concept in the Real Time database context) - Deficit/surplus without UMTS proceeds - All sectors/ unspecified/ not applicable (ESA2010)-NCBs - General government (ESA2010)-NCBs - Non-financial flows current prices - Percentage,XDC_R_B1GQ,0,Replace,2002-04-03T15:30:00.000+02:00,
RTD.A.S0.N.F_UMD_CGG_D0.F,A,S0,N,F_UMD_CGG_D0,F,1997,-2.61268,A,F,,,P1Y,S,,,GFS.A.N.I10.W0.S13.S1._Z.B.B9._Z._Z._Z.XDC_R_B1GQ._Z.S.V.N._T,,,,,,"See <a class=""external"" href=""http://sdw.ecb.europa.eu/web/generator/docu/rtdb_docu.pdf""> notes</a>; block Annual; series: B",,4,,,"Government deficit(-) or surplus(+), percent of GDP",Euro area (moving concept in the Real Time database context) - Deficit/surplus without UMTS proceeds - All sectors/ unspecified/ not applicable (ESA2010)-NCBs - General government (ESA2010)-NCBs - Non-financial flows current prices - Percentage,XDC_R_B1GQ,0,Replace,2002-04-03T15:30:00.000+02:00,
RTD.A.S0.N.F_UMD_CGG_D0.F,A,S0,N,F_UMD_CGG_D0,F,1998,-2.18219,A,F,,,P1Y,S,,,GFS.A.N.I10.W0.S13.S1._Z.B.B9._Z._Z._Z.XDC_R_B1GQ._Z.S.V.N._T,,,,,,"See <a class=""external"" href=""http://sdw.ecb.europa.eu/web/generator/docu/rtdb_docu.pdf""> notes</a>; block Annual; series: B",,4,,,"Government deficit(-) or surplus(+), percent of GDP",Euro area (moving concept in the Real Time database context) - Deficit/surplus without UMTS proceeds - All sectors/ unspecified/ not applicable (ESA2010)-NCBs - General government (ESA2010)-NCBs - Non-financial flows current prices - Percentage,XDC_R_B1GQ,0,Replace,2002-04-03T15:30:00.000+02:00,
RTD.A.S0.N.F_UMD_CGG_D0.F,A,S0,N,F_UMD_CGG_D0,F,1999,-1.29823,A,F,,,P1Y,S,,,GFS.A.N.I10.W0.S13.S1._Z.B.B9._Z._Z._Z.XDC_R_B1GQ._Z.S.V.N._T,,,,,,"See <a class=""external"" href=""http://sdw.ecb.europa.eu/web/generator/docu/rtdb_docu.pdf""> notes</a>; block Annual; series: B",,4,,,"Government deficit(-) or surplus(+), percent of GDP",Euro area (moving concept in the Real Time database context) - Deficit/surplus without UMTS proceeds - All sectors/ unspecified/ not applicable (ESA2010)-NCBs - General government (ESA2010)-NCBs - Non-financial flows current prices - Percentage,XDC_R_B1GQ,0,Replace,2002-04-03T15:30:00.000+02:00,
RTD.A.S0.N.F_UMD_CGG_D0.F,A,S0,N,F_UMD_CGG_D0,F,2000,-0.81619,A,F,,,P1Y,S,,,GFS.A.N.I10.W0.S13.S1._Z.B.B9._Z._Z._Z.XDC_R_B1GQ._Z.S.V.N._T,,,,,,"See <a class=""external"" href=""http://sdw.ecb.europa.eu/web/generator/docu/rtdb_docu.pdf""> notes</a>; block Annual; series: B",,4,,,"Government deficit(-) or surplus(+), percent of GDP",Euro area (moving concept in the Real Time database context) - Deficit/surplus without UMTS proceeds - All sectors/ unspecified/ not applicable (ESA2010)-NCBs - General government (ESA2010)-NCBs - Non-financial flows current prices - Percentage,XDC_R_B1GQ,0,Replace,2002-04-03T15:30:00.000+02:00,
RTD.A.S0.N.F_UMD_CGG_D0.F,A,S0,N,F_UMD_CGG_D0,F,1991,-4.91854,A,F,,,P1Y,S,,,GFS.A.N.I10.W0.S13.S1._Z.B.B9._Z._Z._Z.XDC_R_B1GQ._Z.S.V.N._T,,,,,,"See <a class=""external"" href=""http://sdw.ecb.europa.eu/web/generator/docu/rtdb_docu.pdf""> notes</a>; block Annual; series: B",,4,,,"Government deficit(-) or surplus(+), percent of GDP",Euro area (moving concept in the Real Time database context) - Deficit/surplus without UMTS proceeds - All sectors/ unspecified/ not applicable (ESA2010)-NCBs - General government (ESA2010)-NCBs - Non-financial flows current prices - Percentage,XDC_R_B1GQ,0,Replace,2002-04-30T15:30:00.000+02:00,
RTD.A.S0.N.F_UMD_CGG_D0.F,A,S0,N,F_UMD_CGG_D0,F,1992,-5.01993,A,F,,,P1Y,S,,,GFS.A.N.I10.W0.S13.S1._Z.B.B9._Z._Z._Z.XDC_R_B1GQ._Z.S.V.N._T,,,,,,"See <a class=""external"" href=""http://sdw.ecb.europa.eu/web/generator/docu/rtdb_docu.pdf""> notes</a>; block Annual; series: B",,4,,,"Government deficit(-) or surplus(+), percent of GDP",Euro area (moving concept in the Real Time database context) - Deficit/surplus without UMTS proceeds - All sectors/ unspecified/ not applicable (ESA2010)-NCBs - General government (ESA2010)-NCBs - Non-financial flows current prices - Percentage,XDC_R_B1GQ,0,Replace,2002-04-30T15:30:00.000+02:00,
RTD.A.S0.N.F_UMD_CGG_D0.F,A,S0,N,F_UMD_CGG_D0,F,1993,-5.88213,A,F,,,P1Y,S,,,GFS.A.N.I10.W0.S13.S1._Z.B.B9._Z._Z._Z.XDC_R_B1GQ._Z.S.V.N._T,,,,,,"See <a class=""external"" href=""http://sdw.ecb.europa.eu/web/generator/docu/rtdb_docu.pdf""> notes</a>; block Annual; series: B",,4,,,"Government deficit(-) or surplus(+), percent of GDP",Euro area (moving concept in the Real Time database context) - Deficit/surplus without UMTS proceeds - All sectors/ unspecified/ not applicable (ESA2010)-NCBs - General government (ESA2010)-NCBs - Non-financial flows current prices - Percentage,XDC_R_B1GQ,0,Replace,2002-04-30T15:30:00.000+02:00,
RTD.A.S0.N.F_UMD_CGG_D0.F,A,S0,N,F_UMD_CGG_D0,F,1994,-5.20124,A,F,,,P1Y,S,,,GFS.A.N.I10.W0.S13.S1._Z.B.B9._Z._Z._Z.XDC_R_B1GQ._Z.S.V.N._T,,,,,,"See <a class=""external"" href=""http://sdw.ecb.europa.eu/web/generator/docu/rtdb_docu.pdf""> notes</a>; block Annual; series: B",,4,,,"Government deficit(-) or surplus(+), percent of GDP",Euro area (moving concept in the Real Time database context) - Deficit/surplus without UMTS proceeds - All sectors/ unspecified/ not applicable (ESA2010)-NCBs - General government (ESA2010)-NCBs - Non-financial flows current prices - Percentage,XDC_R_B1GQ,0,Replace,2002-04-30T15:30:00.000+02:00,
RTD.A.S0.N.F_UMD_CGG_D0.F,A,S0,N,F_UMD_CGG_D0,F,1995,-5.12532,A,F,,,P1Y,S,,,GFS.A.N.I10.W0.S13.S1._Z.B.B9._Z._Z._Z.XDC_R_B1GQ._Z.S.V.N._T,,,,,,"See <a class=""external"" href=""http://sdw.ecb.europa.eu/web/generator/docu/rtdb_docu.pdf""> notes</a>; block Annual; series: B",,4,,,"Government deficit(-) or surplus(+), percent of GDP",Euro area (moving concept in the Real Time database context) - Deficit/surplus without UMTS proceeds - All sectors/ unspecified/ not applicable (ESA2010)-NCBs - General government (ESA2010)-NCBs - Non-financial flows current prices - Percentage,XDC_R_B1GQ,0,Replace,2002-04-30T15:30:00.000+02:00,
RTD.A.S0.N.F_UMD_CGG_D0.F,A,S0,N,F_UMD_CGG_D0,F,1996,-4.32772,A,F,,,P1Y,S,,,GFS.A.N.I10.W0.S13.S1._Z.B.B9._Z._Z._Z.XDC_R_B1GQ._Z.S.V.N._T,,,,,,"See <a class=""external"" href=""http://sdw.ecb.europa.eu/web/generator/docu/rtdb_docu.pdf""> notes</a>; block Annual; series: B",,4,,,"Government deficit(-) or surplus(+), percent of GDP",Euro area (moving concept in the Real Time database context) - Deficit/surplus without UMTS proceeds - All sectors/ unspecified/ not applicable (ESA2010)-NCBs - General government (ESA2010)-NCBs - Non-financial flows current prices - Percentage,XDC_R_B1GQ,0,Replace,2002-04-30T15:30:00.000+02:00,
RTD.A.S0.N.F_UMD_CGG_D0.F,A,S0,N,F_UMD_CGG_D0,F,1997,-2.61811,A,F,,,P1Y,S,,,GFS.A.N.I10.W0.S13.S1._Z.B.B9._Z._Z._Z.XDC_R_B1GQ._Z.S.V.N._T,,,,,,"See <a class=""external"" href=""http://sdw.ecb.europa.eu/web/generator/docu/rtdb_docu.pdf""> notes</a>; block Annual; series: B",,4,,,"Government deficit(-) or surplus(+), percent of GDP",Euro area (moving concept in the Real Time database context) - Deficit/surplus without UMTS proceeds - All sectors/ unspecified/ not applicable (ESA2010)-NCBs - General government (ESA2010)-NCBs - Non-financial flows current prices - Percentage,XDC_R_B1GQ,0,Replace,2002-04-30T15:30:00.000+02:00,
RTD.A.S0.N.F_UMD_CGG_D0.F,A,S0,N,F_UMD_CGG_D0,F,1998,-2.18646,A,F,,,P1Y,S,,,GFS.A.N.I10.W0.S13.S1._Z.B.B9._Z._Z._Z.XDC_R_B1GQ._Z.S.V.N._T,,,,,,"See <a class=""external"" href=""http://sdw.ecb.europa.eu/web/generator/docu/rtdb_docu.pdf""> notes</a>; block Annual; series: B",,4,,,"Government deficit(-) or surplus(+), percent of GDP",Euro area (moving concept in the Real Time database context) - Deficit/surplus without UMTS proceeds - All sectors/ unspecified/ not applicable (ESA2010)-NCBs - General government (ESA2010)-NCBs - Non-financial flows current prices - Percentage,XDC_R_B1GQ,0,Replace,2002-04-30T15:30:00.000+02:00,
RTD.A.S0.N.F_UMD_CGG_D0.F,A,S0,N,F_UMD_CGG_D0,F,1999,-1.3044,A,F,,,P1Y,S,,,GFS.A.N.I10.W0.S13.S1._Z.B.B9._Z._Z._Z.XDC_R_B1GQ._Z.S.V.N._T,,,,,,"See <a class=""external"" href=""http://sdw.ecb.europa.eu/web/generator/docu/rtdb_docu.pdf""> notes</a>; block Annual; series: B",,4,,,"Government deficit(-) or surplus(+), percent of GDP",Euro area (moving concept in the Real Time database context) - Deficit/surplus without UMTS proceeds - All sectors/ unspecified/ not applicable (ESA2010)-NCBs - General government (ESA2010)-NCBs - Non-financial flows current prices - Percentage,XDC_R_B1GQ,0,Replace,2002-04-30T15:30:00.000+02:00,
RTD.A.S0.N.F_UMD_CGG_D0.F,A,S0,N,F_UMD_CGG_D0,F,2000,-0.8058,A,F,,,P1Y,S,,,GFS.A.N.I10.W0.S13.S1._Z.B.B9._Z._Z._Z.XDC_R_B1GQ._Z.S.V.N._T,,,,,,"See <a class=""external"" href=""http://sdw.ecb.europa.eu/web/generator/docu/rtdb_docu.pdf""> notes</a>; block Annual; series: B",,4,,,"Government deficit(-) or surplus(+), percent of GDP",Euro area (moving concept in the Real Time database context) - Deficit/surplus without UMTS proceeds - All sectors/ unspecified/ not applicable (ESA2010)-NCBs - General government (ESA2010)-NCBs - Non-financial flows current prices - Percentage,XDC_R_B1GQ,0,Replace,2002-04-30T15:30:00.000+02:00,
RTD.A.S0.N.F_UMD_CGG_D0.F,A,S0,N,F_UMD_CGG_D0,F,2001,-1.30398,A,F,,,P1Y,S,,,GFS.A.N.I10.W0.S13.S1._Z.B.B9._Z._Z._Z.XDC_R_B1GQ._Z.S.V.N._T,,,,,,"See <a class=""external"" href=""http://sdw.ecb.europa.eu/web/generator/docu/rtdb_docu.pdf""> notes</a>; block Annual; series: B",,4,,,"Government deficit(-) or surplus(+), percent of GDP",Euro area (moving concept in the Real Time database context) - Deficit/surplus without UMTS proceeds - All sectors/ unspecified/ not applicable (ESA2010)-NCBs - General government (ESA2010)-NCBs - Non-financial flows current prices - Percentage,XDC_R_B1GQ,0,Replace,2002-04-30T15:30:00.000+02:00,
RTD.A.S0.N.F_UMD_CGG_D0.F,A,S0,N,F_UMD_CGG_D0,F,1991,-4.91853,A,F,,,P1Y,S,,,GFS.A.N.I10.W0.S13.S1._Z.B.B9._Z._Z._Z.XDC_R_B1GQ._Z.S.V.N._T,,,,,,"See <a class=""external"" href=""http://sdw.ecb.europa.eu/web/generator/docu/rtdb_docu.pdf""> notes</a>; block Annual; series: B",,4,,,"Government deficit(-) or surplus(+), percent of GDP",Euro area (moving concept in the Real Time database context) - Deficit/surplus without UMTS proceeds - All sectors/ unspecified/ not applicable (ESA2010)-NCBs - General government (ESA2010)-NCBs - Non-financial flows current prices - Percentage,XDC_R_B1GQ,0,Replace,2002-06-05T15:30:00.000+02:00,
RTD.A.S0.N.F_UMD_CGG_D0.F,A,S0,N,F_UMD_CGG_D0,F,1992,-5.02003,A,F,,,P1Y,S,,,GFS.A.N.I10.W0.S13.S1._Z.B.B9._Z._Z._Z.XDC_R_B1GQ._Z.S.V.N._T,,,,,,"See <a class=""external"" href=""http://sdw.ecb.europa.eu/web/generator/docu/rtdb_docu.pdf""> notes</a>; block Annual; series: B",,4,,,"Government deficit(-) or surplus(+), percent of GDP",Euro area (moving concept in the Real Time database context) - Deficit/surplus without UMTS proceeds - All sectors/ unspecified/ not applicable (ESA2010)-NCBs - General government (ESA2010)-NCBs - Non-financial flows current prices - Percentage,XDC_R_B1GQ,0,Replace,2002-06-05T15:30:00.000+02:00,
RTD.A.S0.N.F_UMD_CGG_D0.F,A,S0,N,F_UMD_CGG_D0,F,1993,-5.8821,A,F,,,P1Y,S,,,GFS.A.N.I10.W0.S13.S1._Z.B.B9._Z._Z._Z.XDC_R_B1GQ._Z.S.V.N._T,,,,,,"See <a class=""external"" href=""http://sdw.ecb.europa.eu/web/generator/docu/rtdb_docu.pdf""> notes</a>; block Annual; series: B",,4,,,"Government deficit(-) or surplus(+), percent of GDP",Euro area (moving concept in the Real Time database context) - Deficit/surplus without UMTS proceeds - All sectors/ unspecified/ not applicable (ESA2010)-NCBs - General government (ESA2010)-NCBs - Non-financial flows current prices - Percentage,XDC_R_B1GQ,0,Replace,2002-06-05T15:30:00.000+02:00,
RTD.A.S0.N.F_UMD_CGG_D0.F,A,S0,N,F_UMD_CGG_D0,F,1994,-5.20121,A,F,,,P1Y,S,,,GFS.A.N.I10.W0.S13.S1._Z.B.B9._Z._Z._Z.XDC_R_B1GQ._Z.S.V.N._T,,,,,,"See <a class=""external"" href=""http://sdw.ecb.europa.eu/web/generator/docu/rtdb_docu.pdf""> notes</a>; block Annual; series: B",,4,,,"Government deficit(-) or surplus(+), percent of GDP",Euro area (moving concept in the Real Time database context) - Deficit/surplus without UMTS proceeds - All sectors/ unspecified/ not applicable (ESA2010)-NCBs - General government (ESA2010)-NCBs - Non-financial flows current prices - Percentage,XDC_R_B1GQ,0,Replace,2002-06-05T15:30:00.000+02:00,
RTD.A.S0.N.F_UMD_CGG_D0.F,A,S0,N,F_UMD_CGG_D0,F,1995,-5.1255,A,F,,,P1Y,S,,,GFS.A.N.I10.W0.S13.S1._Z.B.B9._Z._Z._Z.XDC_R_B1GQ._Z.S.V.N._T,,,,,,"See <a class=""external"" href=""http://sdw.ecb.europa.eu/web/generator/docu/rtdb_docu.pdf""> notes</a>; block Annual; series: B",,4,,,"Government deficit(-) or surplus(+), percent of GDP",Euro area (moving concept in the Real Time database context) - Deficit/surplus without UMTS proceeds - All sectors/ unspecified/ not applicable (ESA2010)-NCBs - General government (ESA2010)-NCBs - Non-financial flows current prices - Percentage,XDC_R_B1GQ,0,Replace,2002-06-05T15:30:00.000+02:00,
RTD.A.S0.N.F_UMD_CGG_D0.F,A,S0,N,F_UMD_CGG_D0,F,1997,-2.6182,A,F,,,P1Y,S,,,GFS.A.N.I10.W0.S13.S1._Z.B.B9._Z._Z._Z.XDC_R_B1GQ._Z.S.V.N._T,,,,,,"See <a class=""external"" href=""http://sdw.ecb.europa.eu/web/generator/docu/rtdb_docu.pdf""> notes</a>; block Annual; series: B",,4,,,"Government deficit(-) or surplus(+), percent of GDP",Euro area (moving concept in the Real Time database context) - Deficit/surplus without UMTS proceeds - All sectors/ unspecified/ not applicable (ESA2010)-NCBs - General government (ESA2010)-NCBs - Non-financial flows current prices - Percentage,XDC_R_B1GQ,0,Replace,2002-06-05T15:30:00.000+02:00,
RTD.A.S0.N.F_UMD_CGG_D0.F,A,S0,N,F_UMD_CGG_D0,F,1998,-2.23662,A,F,,,P1Y,S,,,GFS.A.N.I10.W0.S13.S1._Z.B.B9._Z._Z._Z.XDC_R_B1GQ._Z.S.V.N._T,,,,,,"See <a class=""external"" href=""http://sdw.ecb.europa.eu/web/generator/docu/rtdb_docu.pdf""> notes</a>; block Annual; series: B",,4,,,"Government deficit(-) or surplus(+), percent of GDP",Euro area (moving concept in the Real Time database context) - Deficit/surplus without UMTS proceeds - All sectors/ unspecified/ not applicable (ESA2010)-NCBs - General government (ESA2010)-NCBs - Non-financial flows current prices - Percentage,XDC_R_B1GQ,0,Replace,2002-06-05T15:30:00.000+02:00,
RTD.A.S0.N.F_UMD_CGG_D0.F,A,S0,N,F_UMD_CGG_D0,F,1999,-1.31104,A,F,,,P1Y,S,,,GFS.A.N.I10.W0.S13.S1._Z.B.B9._Z._Z._Z.XDC_R_B1GQ._Z.S.V.N._T,,,,,,"See <a class=""external"" href=""http://sdw.ecb.europa.eu/web/generator/docu/rtdb_docu.pdf""> notes</a>; block Annual; series: B",,4,,,"Government deficit(-) or surplus(+), percent of GDP",Euro area (moving concept in the Real Time database context) - Deficit/surplus without UMTS proceeds - All sectors/ unspecified/ not applicable (ESA2010)-NCBs - General government (ESA2010)-NCBs - Non-financial flows current prices - Percentage,XDC_R_B1GQ,0,Replace,2002-06-05T15:30:00.000+02:00,
RTD.A.S0.N.F_UMD_CGG_D0.F,A,S0,N,F_UMD_CGG_D0,F,2000,-0.83329,A,F,,,P1Y,S,,,GFS.A.N.I10.W0.S13.S1._Z.B.B9._Z._Z._Z.XDC_R_B1GQ._Z.S.V.N._T,,,,,,"See <a class=""external"" href=""http://sdw.ecb.europa.eu/web/generator/docu/rtdb_docu.pdf""> notes</a>; block Annual; series: B",,4,,,"Government deficit(-) or surplus(+), percent of GDP",Euro area (moving concept in the Real Time database context) - Deficit/surplus without UMTS proceeds - All sectors/ unspecified/ not applicable (ESA2010)-NCBs - General government (ESA2010)-NCBs - Non-financial flows current prices - Percentage,XDC_R_B1GQ,0,Replace,2002-06-05T15:30:00.000+02:00,
RTD.A.S0.N.F_UMD_CGG_D0.F,A,S0,N,F_UMD_CGG_D0,F,2001,-1.29879,A,F,,,P1Y,S,,,GFS.A.N.I10.W0.S13.S1._Z.B.B9._Z._Z._Z.XDC_R_B1GQ._Z.S.V.N._T,,,,,,"See <a class=""external"" href=""http://sdw.ecb.europa.eu/web/generator/docu/rtdb_docu.pdf""> notes</a>; block Annual; series: B",,4,,,"Government deficit(-) or surplus(+), percent of GDP",Euro area (moving concept in the Real Time database context) - Deficit/surplus without UMTS proceeds - All sectors/ unspecified/ not applicable (ESA2010)-NCBs - General government (ESA2010)-NCBs - Non-financial flows current prices - Percentage,XDC_R_B1GQ,0,Replace,2002-06-05T15:30:00.000+02:00,
RTD.A.S0.N.F_UMD_CGG_D0.F,A,S0,N,F_UMD_CGG_D0,F,1991,-4.91866,A,F,,,P1Y,S,,,GFS.A.N.I10.W0.S13.S1._Z.B.B9._Z._Z._Z.XDC_R_B1GQ._Z.S.V.N._T,,,,,,"See <a class=""external"" href=""http://sdw.ecb.europa.eu/web/generator/docu/rtdb_docu.pdf""> notes</a>; block Annual; series: B",,4,,,"Government deficit(-) or surplus(+), percent of GDP",Euro area (moving concept in the Real Time database context) - Deficit/surplus without UMTS proceeds - All sectors/ unspecified/ not applicable (ESA2010)-NCBs - General government (ESA2010)-NCBs - Non-financial flows current prices - Percentage,XDC_R_B1GQ,0,Replace,2002-07-31T15:30:00.000+02:00,
RTD.A.S0.N.F_UMD_CGG_D0.F,A,S0,N,F_UMD_CGG_D0,F,1992,-5.02023,A,F,,,P1Y,S,,,GFS.A.N.I10.W0.S13.S1._Z.B.B9._Z._Z._Z.XDC_R_B1GQ._Z.S.V.N._T,,,,,,"See <a class=""external"" href=""http://sdw.ecb.europa.eu/web/generator/docu/rtdb_docu.pdf""> notes</a>; block Annual; series: B",,4,,,"Government deficit(-) or surplus(+), percent of GDP",Euro area (moving concept in the Real Time database context) - Deficit/surplus without UMTS proceeds - All sectors/ unspecified/ not applicable (ESA2010)-NCBs - General government (ESA2010)-NCBs - Non-financial flows current prices - Percentage,XDC_R_B1GQ,0,Replace,2002-07-31T15:30:00.000+02:00,
RTD.A.S0.N.F_UMD_CGG_D0.F,A,S0,N,F_UMD_CGG_D0,F,1993,-5.88196,A,F,,,P1Y,S,,,GFS.A.N.I10.W0.S13.S1._Z.B.B9._Z._Z._Z.XDC_R_B1GQ._Z.S.V.N._T,,,,,,"See <a class=""external"" href=""http://sdw.ecb.europa.eu/web/generator/docu/rtdb_docu.pdf""> notes</a>; block Annual; series: B",,4,,,"Government deficit(-) or surplus(+), percent of GDP",Euro area (moving concept in the Real Time database context) - Deficit/surplus without UMTS proceeds - All sectors/ unspecified/ not applicable (ESA2010)-NCBs - General government (ESA2010)-NCBs - Non-financial flows current prices - Percentage,XDC_R_B1GQ,0,Replace,2002-07-31T15:30:00.000+02:00,
RTD.A.S0.N.F_UMD_CGG_D0.F,A,S0,N,F_UMD_CGG_D0,F,1994,-5.20078,A,F,,,P1Y,S,,,GFS.A.N.I10.W0.S13.S1._Z.B.B9._Z._Z._Z.XDC_R_B1GQ._Z.S.V.N._T,,,,,,"See <a class=""external"" href=""http://sdw.ecb.europa.eu/web/generator/docu/rtdb_docu.pdf""> notes</a>; block Annual; series: B",,4,,,"Government deficit(-) or surplus(+), percent of GDP",Euro area (moving concept in the Real Time database context) - Deficit/surplus without UMTS proceeds - All sectors/ unspecified/ not applicable (ESA2010)-NCBs - General government (ESA2010)-NCBs - Non-financial flows current prices - Percentage,XDC_R_B1GQ,0,Replace,2002-07-31T15:30:00.000+02:00,
RTD.A.S0.N.F_UMD_CGG_D0.F,A,S0,N,F_UMD_CGG_D0,F,1995,-5.12471,A,F,,,P1Y,S,,,GFS.A.N.I10.W0.S13.S1._Z.B.B9._Z._Z._Z.XDC_R_B1GQ._Z.S.V.N._T,,,,,,"See <a class=""external"" href=""http://sdw.ecb.europa.eu/web/generator/docu/rtdb_docu.pdf""> notes</a>; block Annual; series: B",,4,,,"Government deficit(-) or surplus(+), percent of GDP",Euro area (moving concept in the Real Time database context) - Deficit/surplus without UMTS proceeds - All sectors/ unspecified/ not applicable (ESA2010)-NCBs - General government (ESA2010)-NCBs - Non-financial flows current prices - Percentage,XDC_R_B1GQ,0,Replace,2002-07-31T15:30:00.000+02:00,
RTD.A.S0.N.F_UMD_CGG_D0.F,A,S0,N,F_UMD_CGG_D0,F,1996,-4.32951,A,F,,,P1Y,S,,,GFS.A.N.I10.W0.S13.S1._Z.B.B9._Z._Z._Z.XDC_R_B1GQ._Z.S.V.N._T,,,,,,"See <a class=""external"" href=""http://sdw.ecb.europa.eu/web/generator/docu/rtdb_docu.pdf""> notes</a>; block Annual; series: B",,4,,,"Government deficit(-) or surplus(+), percent of GDP",Euro area (moving concept in the Real Time database context) - Deficit/surplus without UMTS proceeds - All sectors/ unspecified/ not applicable (ESA2010)-NCBs - General government (ESA2010)-NCBs - Non-financial flows current prices - Percentage,XDC_R_B1GQ,0,Replace,2002-07-31T15:30:00.000+02:00,
RTD.A.S0.N.F_UMD_CGG_D0.F,A,S0,N,F_UMD_CGG_D0,F,1997,-2.61653,A,F,,,P1Y,S,,,GFS.A.N.I10.W0.S13.S1._Z.B.B9._Z._Z._Z.XDC_R_B1GQ._Z.S.V.N._T,,,,,,"See <a class=""external"" href=""http://sdw.ecb.europa.eu/web/generator/docu/rtdb_docu.pdf""> notes</a>; block Annual; series: B",,4,,,"Government deficit(-) or surplus(+), percent of GDP",Euro area (moving concept in the Real Time database context) - Deficit/surplus without UMTS proceeds - All sectors/ unspecified/ not applicable (ESA2010)-NCBs - General government (ESA2010)-NCBs - Non-financial flows current prices - Percentage,XDC_R_B1GQ,0,Replace,2002-07-31T15:30:00.000+02:00,
RTD.A.S0.N.F_UMD_CGG_D0.F,A,S0,N,F_UMD_CGG_D0,F,1998,-2.23176,A,F,,,P1Y,S,,,GFS.A.N.I10.W0.S13.S1._Z.B.B9._Z._Z._Z.XDC_R_B1GQ._Z.S.V.N._T,,,,,,"See <a class=""external"" href=""http://sdw.ecb.europa.eu/web/generator/docu/rtdb_docu.pdf""> notes</a>; block Annual; series: B",,4,,,"Government deficit(-) or surplus(+), percent of GDP",Euro area (moving concept in the Real Time database context) - Deficit/surplus without UMTS proceeds - All sectors/ unspecified/ not applicable (ESA2010)-NCBs - General government (ESA2010)-NCBs - Non-financial flows current prices - Percentage,XDC_R_B1GQ,0,Replace,2002-07-31T15:30:00.000+02:00,
RTD.A.S0.N.F_UMD_CGG_D0.F,A,S0,N,F_UMD_CGG_D0,F,1999,-1.30695,A,F,,,P1Y,S,,,GFS.A.N.I10.W0.S13.S1._Z.B.B9._Z._Z._Z.XDC_R_B1GQ._Z.S.V.N._T,,,,,,"See <a class=""external"" href=""http://sdw.ecb.europa.eu/web/generator/docu/rtdb_docu.pdf""> notes</a>; block Annual; series: B",,4,,,"Government deficit(-) or surplus(+), percent of GDP",Euro area (moving concept in the Real Time database context) - Deficit/surplus without UMTS proceeds - All sectors/ unspecified/ not applicable (ESA2010)-NCBs - General government (ESA2010)-NCBs - Non-financial flows current prices - Percentage,XDC_R_B1GQ,0,Replace,2002-07-31T15:30:00.000+02:00,
RTD.A.S0.N.F_UMD_CGG_D0.F,A,S0,N,F_UMD_CGG_D0,F,2000,-0.83102,A,F,,,P1Y,S,,,GFS.A.N.I10.W0.S13.S1._Z.B.B9._Z._Z._Z.XDC_R_B1GQ._Z.S.V.N._T,,,,,,"See <a class=""external"" href=""http://sdw.ecb.europa.eu/web/generator/docu/rtdb_docu.pdf""> notes</a>; block Annual; series: B",,4,,,"Government deficit(-) or surplus(+), percent of GDP",Euro area (moving concept in the Real Time database context) - Deficit/surplus without UMTS proceeds - All sectors/ unspecified/ not applicable (ESA2010)-NCBs - General government (ESA2010)-NCBs - Non-financial flows current prices - Percentage,XDC_R_B1GQ,0,Replace,2002-07-31T15:30:00.000+02:00,
RTD.A.S0.N.F_UMD_CGG_D0.F,A,S0,N,F_UMD_CGG_D0,F,2001,-1.29187,A,F,,,P1Y,S,,,GFS.A.N.I10.W0.S13.S1._Z.B.B9._Z._Z._Z.XDC_R_B1GQ._Z.S.V.N._T,,,,,,"See <a class=""external"" href=""http://sdw.ecb.europa.eu/web/generator/docu/rtdb_docu.pdf""> notes</a>; block Annual; series: B",,4,,,"Government deficit(-) or surplus(+), percent of GDP",Euro area (moving concept in the Real Time database context) - Deficit/surplus without UMTS proceeds - All sectors/ unspecified/ not applicable (ESA2010)-NCBs - General government (ESA2010)-NCBs - Non-financial flows current prices - Percentage,XDC_R_B1GQ,0,Replace,2002-07-31T15:30:00.000+02:00,
RTD.A.S0.N.F_UMD_CGG_D0.F,A,S0,N,F_UMD_CGG_D0,F,1995,-5.12473,A,F,,,P1Y,S,,,GFS.A.N.I10.W0.S13.S1._Z.B.B9._Z._Z._Z.XDC_R_B1GQ._Z.S.V.N._T,,,,,,"See <a class=""external"" href=""http://sdw.ecb.europa.eu/web/generator/docu/rtdb_docu.pdf""> notes</a>; block Annual; series: B",,4,,,"Government deficit(-) or surplus(+), percent of GDP",Euro area (moving concept in the Real Time database context) - Deficit/surplus without UMTS proceeds - All sectors/ unspecified/ not applicable (ESA2010)-NCBs - General government (ESA2010)-NCBs - Non-financial flows current prices - Percentage,XDC_R_B1GQ,0,Replace,2002-09-11T15:30:00.000+02:00,
RTD.A.S0.N.F_UMD_CGG_D0.F,A,S0,N,F_UMD_CGG_D0,F,1997,-2.61654,A,F,,,P1Y,S,,,GFS.A.N.I10.W0.S13.S1._Z.B.B9._Z._Z._Z.XDC_R_B1GQ._Z.S.V.N._T,,,,,,"See <a class=""external"" href=""http://sdw.ecb.europa.eu/web/generator/docu/rtdb_docu.pdf""> notes</a>; block Annual; series: B",,4,,,"Government deficit(-) or surplus(+), percent of GDP",Euro area (moving concept in the Real Time database context) - Deficit/surplus without UMTS proceeds - All sectors/ unspecified/ not applicable (ESA2010)-NCBs - General government (ESA2010)-NCBs - Non-financial flows current prices - Percentage,XDC_R_B1GQ,0,Replace,2002-09-11T15:30:00.000+02:00,
RTD.A.S0.N.F_UMD_CGG_D0.F,A,S0,N,F_UMD_CGG_D0,F,1998,-2.236,A,F,,,P1Y,S,,,GFS.A.N.I10.W0.S13.S1._Z.B.B9._Z._Z._Z.XDC_R_B1GQ._Z.S.V.N._T,,,,,,"See <a class=""external"" href=""http://sdw.ecb.europa.eu/web/generator/docu/rtdb_docu.pdf""> notes</a>; block Annual; series: B",,4,,,"Government deficit(-) or surplus(+), percent of GDP",Euro area (moving concept in the Real Time database context) - Deficit/surplus without UMTS proceeds - All sectors/ unspecified/ not applicable (ESA2010)-NCBs - General government (ESA2010)-NCBs - Non-financial flows current prices - Percentage,XDC_R_B1GQ,0,Replace,2002-09-11T15:30:00.000+02:00,
RTD.A.S0.N.F_UMD_CGG_D0.F,A,S0,N,F_UMD_CGG_D0,F,1999,-1.29556,A,F,,,P1Y,S,,,GFS.A.N.I10.W0.S13.S1._Z.B.B9._Z._Z._Z.XDC_R_B1GQ._Z.S.V.N._T,,,,,,"See <a class=""external"" href=""http://sdw.ecb.europa.eu/web/generator/docu/rtdb_docu.pdf""> notes</a>; block Annual; series: B",,4,,,"Government deficit(-) or surplus(+), percent of GDP",Euro area (moving concept in the Real Time database context) - Deficit/surplus without UMTS proceeds - All sectors/ unspecified/ not applicable (ESA2010)-NCBs - General government (ESA2010)-NCBs - Non-financial flows current prices - Percentage,XDC_R_B1GQ,0,Replace,2002-09-11T15:30:00.000+02:00,
RTD.A.S0.N.F_UMD_CGG_D0.F,A,S0,N,F_UMD_CGG_D0,F,2000,-0.87073,A,F,,,P1Y,S,,,GFS.A.N.I10.W0.S13.S1._Z.B.B9._Z._Z._Z.XDC_R_B1GQ._Z.S.V.N._T,,,,,,"See <a class=""external"" href=""http://sdw.ecb.europa.eu/web/generator/docu/rtdb_docu.pdf""> notes</a>; block Annual; series: B",,4,,,"Government deficit(-) or surplus(+), percent of GDP",Euro area (moving concept in the Real Time database context) - Deficit/surplus without UMTS proceeds - All sectors/ unspecified/ not applicable (ESA2010)-NCBs - General government (ESA2010)-NCBs - Non-financial flows current prices - Percentage,XDC_R_B1GQ,0,Replace,2002-09-11T15:30:00.000+02:00,
RTD.A.S0.N.F_UMD_CGG_D0.F,A,S0,N,F_UMD_CGG_D0,F,2001,-1.48038,A,F,,,P1Y,S,,,GFS.A.N.I10.W0.S13.S1._Z.B.B9._Z._Z._Z.XDC_R_B1GQ._Z.S.V.N._T,,,,,,"See <a class=""external"" href=""http://sdw.ecb.europa.eu/web/generator/docu/rtdb_docu.pdf""> notes</a>; block Annual; series: B",,4,,,"Government deficit(-) or surplus(+), percent of GDP",Euro area (moving concept in the Real Time database context) - Deficit/surplus without UMTS proceeds - All sectors/ unspecified/ not applicable (ESA2010)-NCBs - General government (ESA2010)-NCBs - Non-financial flows current prices - Percentage,XDC_R_B1GQ,0,Replace,2002-09-11T15:30:00.000+02:00,
RTD.A.S0.N.F_UMD_CGG_D0.F,A,S0,N,F_UMD_CGG_D0,F,1991,-4.89939,A,F,,,P1Y,S,,,GFS.A.N.I10.W0.S13.S1._Z.B.B9._Z._Z._Z.XDC_R_B1GQ._Z.S.V.N._T,,,,,,"See <a class=""external"" href=""http://sdw.ecb.europa.eu/web/generator/docu/rtdb_docu.pdf""> notes</a>; block Annual; series: B",,4,,,"Government deficit(-) or surplus(+), percent of GDP",Euro area (moving concept in the Real Time database context) - Deficit/surplus without UMTS proceeds - All sectors/ unspecified/ not applicable (ESA2010)-NCBs - General government (ESA2010)-NCBs - Non-financial flows current prices - Percentage,XDC_R_B1GQ,0,Replace,2002-10-09T15:30:00.000+02:00,
RTD.A.S0.N.F_UMD_CGG_D0.F,A,S0,N,F_UMD_CGG_D0,F,1992,-5.03515,A,F,,,P1Y,S,,,GFS.A.N.I10.W0.S13.S1._Z.B.B9._Z._Z._Z.XDC_R_B1GQ._Z.S.V.N._T,,,,,,"See <a class=""external"" href=""http://sdw.ecb.europa.eu/web/generator/docu/rtdb_docu.pdf""> notes</a>; block Annual; series: B",,4,,,"Government deficit(-) or surplus(+), percent of GDP",Euro area (moving concept in the Real Time database context) - Deficit/surplus without UMTS proceeds - All sectors/ unspecified/ not applicable (ESA2010)-NCBs - General government (ESA2010)-NCBs - Non-financial flows current prices - Percentage,XDC_R_B1GQ,0,Replace,2002-10-09T15:30:00.000+02:00,
RTD.A.S0.N.F_UMD_CGG_D0.F,A,S0,N,F_UMD_CGG_D0,F,1993,-5.85648,A,F,,,P1Y,S,,,GFS.A.N.I10.W0.S13.S1._Z.B.B9._Z._Z._Z.XDC_R_B1GQ._Z.S.V.N._T,,,,,,"See <a class=""external"" href=""http://sdw.ecb.europa.eu/web/generator/docu/rtdb_docu.pdf""> notes</a>; block Annual; series: B",,4,,,"Government deficit(-) or surplus(+), percent of GDP",Euro area (moving concept in the Real Time database context) - Deficit/surplus without UMTS proceeds - All sectors/ unspecified/ not applicable (ESA2010)-NCBs - General government (ESA2010)-NCBs - Non-financial flows current prices - Percentage,XDC_R_B1GQ,0,Replace,2002-10-09T15:30:00.000+02:00,
RTD.A.S0.N.F_UMD_CGG_D0.F,A,S0,N,F_UMD_CGG_D0,F,1994,-5.18137,A,F,,,P1Y,S,,,GFS.A.N.I10.W0.S13.S1._Z.B.B9._Z._Z._Z.XDC_R_B1GQ._Z.S.V.N._T,,,,,,"See <a class=""external"" href=""http://sdw.ecb.europa.eu/web/generator/docu/rtdb_docu.pdf""> notes</a>; block Annual; series: B",,4,,,"Government deficit(-) or surplus(+), percent of GDP",Euro area (moving concept in the Real Time database context) - Deficit/surplus without UMTS proceeds - All sectors/ unspecified/ not applicable (ESA2010)-NCBs - General government (ESA2010)-NCBs - Non-financial flows current prices - Percentage,XDC_R_B1GQ,0,Replace,2002-10-09T15:30:00.000+02:00,
RTD.A.S0.N.F_UMD_CGG_D0.F,A,S0,N,F_UMD_CGG_D0,F,1995,-5.12694,A,F,,,P1Y,S,,,GFS.A.N.I10.W0.S13.S1._Z.B.B9._Z._Z._Z.XDC_R_B1GQ._Z.S.V.N._T,,,,,,"See <a class=""external"" href=""http://sdw.ecb.europa.eu/web/generator/docu/rtdb_docu.pdf""> notes</a>; block Annual; series: B",,4,,,"Government deficit(-) or surplus(+), percent of GDP",Euro area (moving concept in the Real Time database context) - Deficit/surplus without UMTS proceeds - All sectors/ unspecified/ not applicable (ESA2010)-NCBs - General government (ESA2010)-NCBs - Non-financial flows current prices - Percentage,XDC_R_B1GQ,0,Replace,2002-10-09T15:30:00.000+02:00,
RTD.A.S0.N.F_UMD_CGG_D0.F,A,S0,N,F_UMD_CGG_D0,F,1996,-4.33203,A,F,,,P1Y,S,,,GFS.A.N.I10.W0.S13.S1._Z.B.B9._Z._Z._Z.XDC_R_B1GQ._Z.S.V.N._T,,,,,,"See <a class=""external"" href=""http://sdw.ecb.europa.eu/web/generator/docu/rtdb_docu.pdf""> notes</a>; block Annual; series: B",,4,,,"Government deficit(-) or surplus(+), percent of GDP",Euro area (moving concept in the Real Time database context) - Deficit/surplus without UMTS proceeds - All sectors/ unspecified/ not applicable (ESA2010)-NCBs - General government (ESA2010)-NCBs - Non-financial flows current prices - Percentage,XDC_R_B1GQ,0,Replace,2002-10-09T15:30:00.000+02:00,
RTD.A.S0.N.F_UMD_CGG_D0.F,A,S0,N,F_UMD_CGG_D0,F,1997,-2.62367,A,F,,,P1Y,S,,,GFS.A.N.I10.W0.S13.S1._Z.B.B9._Z._Z._Z.XDC_R_B1GQ._Z.S.V.N._T,,,,,,"See <a class=""external"" href=""http://sdw.ecb.europa.eu/web/generator/docu/rtdb_docu.pdf""> notes</a>; block Annual; series: B",,4,,,"Government deficit(-) or surplus(+), percent of GDP",Euro area (moving concept in the Real Time database context) - Deficit/surplus without UMTS proceeds - All sectors/ unspecified/ not applicable (ESA2010)-NCBs - General government (ESA2010)-NCBs - Non-financial flows current prices - Percentage,XDC_R_B1GQ,0,Replace,2002-10-09T15:30:00.000+02:00,
RTD.A.S0.N.F_UMD_CGG_D0.F,A,S0,N,F_UMD_CGG_D0,F,1998,-2.25367,A,F,,,P1Y,S,,,GFS.A.N.I10.W0.S13.S1._Z.B.B9._Z._Z._Z.XDC_R_B1GQ._Z.S.V.N._T,,,,,,"See <a class=""external"" href=""http://sdw.ecb.europa.eu/web/generator/docu/rtdb_docu.pdf""> notes</a>; block Annual; series: B",,4,,,"Government deficit(-) or surplus(+), percent of GDP",Euro area (moving concept in the Real Time database context) - Deficit/surplus without UMTS proceeds - All sectors/ unspecified/ not applicable (ESA2010)-NCBs - General government (ESA2010)-NCBs - Non-financial flows current prices - Percentage,XDC_R_B1GQ,0,Replace,2002-10-09T15:30:00.000+02:00,
RTD.A.S0.N.F_UMD_CGG_D0.F,A,S0,N,F_UMD_CGG_D0,F,1999,-1.30127,A,F,,,P1Y,S,,,GFS.A.N.I10.W0.S13.S1._Z.B.B9._Z._Z._Z.XDC_R_B1GQ._Z.S.V.N._T,,,,,,"See <a class=""external"" href=""http://sdw.ecb.europa.eu/web/generator/docu/rtdb_docu.pdf""> notes</a>; block Annual; series: B",,4,,,"Government deficit(-) or surplus(+), percent of GDP",Euro area (moving concept in the Real Time database context) - Deficit/surplus without UMTS proceeds - All sectors/ unspecified/ not applicable (ESA2010)-NCBs - General government (ESA2010)-NCBs - Non-financial flows current prices - Percentage,XDC_R_B1GQ,0,Replace,2002-10-09T15:30:00.000+02:00,
RTD.A.S0.N.F_UMD_CGG_D0.F,A,S0,N,F_UMD_CGG_D0,F,2000,-0.90432,A,F,,,P1Y,S,,,GFS.A.N.I10.W0.S13.S1._Z.B.B9._Z._Z._Z.XDC_R_B1GQ._Z.S.V.N._T,,,,,,"See <a class=""external"" href=""http://sdw.ecb.europa.eu/web/generator/docu/rtdb_docu.pdf""> notes</a>; block Annual; series: B",,4,,,"Government deficit(-) or surplus(+), percent of GDP",Euro area (moving concept in the Real Time database context) - Deficit/surplus without UMTS proceeds - All sectors/ unspecified/ not applicable (ESA2010)-NCBs - General government (ESA2010)-NCBs - Non-financial flows current prices - Percentage,XDC_R_B1GQ,0,Replace,2002-10-09T15:30:00.000+02:00,
RTD.A.S0.N.F_UMD_CGG_D0.F,A,S0,N,F_UMD_CGG_D0,F,2001,-1.47742,A,F,,,P1Y,S,,,GFS.A.N.I10.W0.S13.S1._Z.B.B9._Z._Z._Z.XDC_R_B1GQ._Z.S.V.N._T,,,,,,"See <a class=""external"" href=""http://sdw.ecb.europa.eu/web/generator/docu/rtdb_docu.pdf""> notes</a>; block Annual; series: B",,4,,,"Government deficit(-) or surplus(+), percent of GDP",Euro area (moving concept in the Real Time database context) - Deficit/surplus without UMTS proceeds - All sectors/ unspecified/ not applicable (ESA2010)-NCBs - General government (ESA2010)-NCBs - Non-financial flows current prices - Percentage,XDC_R_B1GQ,0,Replace,2002-10-09T15:30:00.000+02:00,
RTD.A.S0.N.F_UMD_CGG_D0.F,A,S0,N,F_UMD_CGG_D0,F,1991,-4.89914,A,F,,,P1Y,S,,,GFS.A.N.I10.W0.S13.S1._Z.B.B9._Z._Z._Z.XDC_R_B1GQ._Z.S.V.N._T,,,,,,"See <a class=""external"" href=""http://sdw.ecb.europa.eu/web/generator/docu/rtdb_docu.pdf""> notes</a>; block Annual; series: B",,4,,,"Government deficit(-) or surplus(+), percent of GDP",Euro area (moving concept in the Real Time database context) - Deficit/surplus without UMTS proceeds - All sectors/ unspecified/ not applicable (ESA2010)-NCBs - General government (ESA2010)-NCBs - Non-financial flows current prices - Percentage,XDC_R_B1GQ,0,Replace,2002-11-06T15:30:00.000+01:00,
RTD.A.S0.N.F_UMD_CGG_D0.F,A,S0,N,F_UMD_CGG_D0,F,1992,-5.03493,A,F,,,P1Y,S,,,GFS.A.N.I10.W0.S13.S1._Z.B.B9._Z._Z._Z.XDC_R_B1GQ._Z.S.V.N._T,,,,,,"See <a class=""external"" href=""http://sdw.ecb.europa.eu/web/generator/docu/rtdb_docu.pdf""> notes</a>; block Annual; series: B",,4,,,"Government deficit(-) or surplus(+), percent of GDP",Euro area (moving concept in the Real Time database context) - Deficit/surplus without UMTS proceeds - All sectors/ unspecified/ not applicable (ESA2010)-NCBs - General government (ESA2010)-NCBs - Non-financial flows current prices - Percentage,XDC_R_B1GQ,0,Replace,2002-11-06T15:30:00.000+01:00,
RTD.A.S0.N.F_UMD_CGG_D0.F,A,S0,N,F_UMD_CGG_D0,F,1993,-5.85642,A,F,,,P1Y,S,,,GFS.A.N.I10.W0.S13.S1._Z.B.B9._Z._Z._Z.XDC_R_B1GQ._Z.S.V.N._T,,,,,,"See <a class=""external"" href=""http://sdw.ecb.europa.eu/web/generator/docu/rtdb_docu.pdf""> notes</a>; block Annual; series: B",,4,,,"Government deficit(-) or surplus(+), percent of GDP",Euro area (moving concept in the Real Time database context) - Deficit/surplus without UMTS proceeds - All sectors/ unspecified/ not applicable (ESA2010)-NCBs - General government (ESA2010)-NCBs - Non-financial flows current prices - Percentage,XDC_R_B1GQ,0,Replace,2002-11-06T15:30:00.000+01:00,
RTD.A.S0.N.F_UMD_CGG_D0.F,A,S0,N,F_UMD_CGG_D0,F,1994,-5.18117,A,F,,,P1Y,S,,,GFS.A.N.I10.W0.S13.S1._Z.B.B9._Z._Z._Z.XDC_R_B1GQ._Z.S.V.N._T,,,,,,"See <a class=""external"" href=""http://sdw.ecb.europa.eu/web/generator/docu/rtdb_docu.pdf""> notes</a>; block Annual; series: B",,4,,,"Government deficit(-) or surplus(+), percent of GDP",Euro area (moving concept in the Real Time database context) - Deficit/surplus without UMTS proceeds - All sectors/ unspecified/ not applicable (ESA2010)-NCBs - General government (ESA2010)-NCBs - Non-financial flows current prices - Percentage,XDC_R_B1GQ,0,Replace,2002-11-06T15:30:00.000+01:00,
RTD.A.S0.N.F_UMD_CGG_D0.F,A,S0,N,F_UMD_CGG_D0,F,1995,-5.12709,A,F,,,P1Y,S,,,GFS.A.N.I10.W0.S13.S1._Z.B.B9._Z._Z._Z.XDC_R_B1GQ._Z.S.V.N._T,,,,,,"See <a class=""external"" href=""http://sdw.ecb.europa.eu/web/generator/docu/rtdb_docu.pdf""> notes</a>; block Annual; series: B",,4,,,"Government deficit(-) or surplus(+), percent of GDP",Euro area (moving concept in the Real Time database context) - Deficit/surplus without UMTS proceeds - All sectors/ unspecified/ not applicable (ESA2010)-NCBs - General government (ESA2010)-NCBs - Non-financial flows current prices - Percentage,XDC_R_B1GQ,0,Replace,2002-11-06T15:30:00.000+01:00,
RTD.A.S0.N.F_UMD_CGG_D0.F,A,S0,N,F_UMD_CGG_D0,F,1996,-4.33215,A,F,,,P1Y,S,,,GFS.A.N.I10.W0.S13.S1._Z.B.B9._Z._Z._Z.XDC_R_B1GQ._Z.S.V.N._T,,,,,,"See <a class=""external"" href=""http://sdw.ecb.europa.eu/web/generator/docu/rtdb_docu.pdf""> notes</a>; block Annual; series: B",,4,,,"Government deficit(-) or surplus(+), percent of GDP",Euro area (moving concept in the Real Time database context) - Deficit/surplus without UMTS proceeds - All sectors/ unspecified/ not applicable (ESA2010)-NCBs - General government (ESA2010)-NCBs - Non-financial flows current prices - Percentage,XDC_R_B1GQ,0,Replace,2002-11-06T15:30:00.000+01:00,
RTD.A.S0.N.F_UMD_CGG_D0.F,A,S0,N,F_UMD_CGG_D0,F,1997,-2.66707,A,F,,,P1Y,S,,,GFS.A.N.I10.W0.S13.S1._Z.B.B9._Z._Z._Z.XDC_R_B1GQ._Z.S.V.N._T,,,,,,"See <a class=""external"" href=""http://sdw.ecb.europa.eu/web/generator/docu/rtdb_docu.pdf""> notes</a>; block Annual; series: B",,4,,,"Government deficit(-) or surplus(+), percent of GDP",Euro area (moving concept in the Real Time database context) - Deficit/surplus without UMTS proceeds - All sectors/ unspecified/ not applicable (ESA2010)-NCBs - General government (ESA2010)-NCBs - Non-financial flows current prices - Percentage,XDC_R_B1GQ,0,Replace,2002-11-06T15:30:00.000+01:00,
RTD.A.S0.N.F_UMD_CGG_D0.F,A,S0,N,F_UMD_CGG_D0,F,1998,-2.25386,A,F,,,P1Y,S,,,GFS.A.N.I10.W0.S13.S1._Z.B.B9._Z._Z._Z.XDC_R_B1GQ._Z.S.V.N._T,,,,,,"See <a class=""external"" href=""http://sdw.ecb.europa.eu/web/generator/docu/rtdb_docu.pdf""> notes</a>; block Annual; series: B",,4,,,"Government deficit(-) or surplus(+), percent of GDP",Euro area (moving concept in the Real Time database context) - Deficit/surplus without UMTS proceeds - All sectors/ unspecified/ not applicable (ESA2010)-NCBs - General government (ESA2010)-NCBs - Non-financial flows current prices - Percentage,XDC_R_B1GQ,0,Replace,2002-11-06T15:30:00.000+01:00,
RTD.A.S0.N.F_UMD_CGG_D0.F,A,S0,N,F_UMD_CGG_D0,F,1999,-1.30125,A,F,,,P1Y,S,,,GFS.A.N.I10.W0.S13.S1._Z.B.B9._Z._Z._Z.XDC_R_B1GQ._Z.S.V.N._T,,,,,,"See <a class=""external"" href=""http://sdw.ecb.europa.eu/web/generator/docu/rtdb_docu.pdf""> notes</a>; block Annual; series: B",,4,,,"Government deficit(-) or surplus(+), percent of GDP",Euro area (moving concept in the Real Time database context) - Deficit/surplus without UMTS proceeds - All sectors/ unspecified/ not applicable (ESA2010)-NCBs - General government (ESA2010)-NCBs - Non-financial flows current prices - Percentage,XDC_R_B1GQ,0,Replace,2002-11-06T15:30:00.000+01:00,
RTD.A.S0.N.F_UMD_CGG_D0.F,A,S0,N,F_UMD_CGG_D0,F,2000,-0.90442,A,F,,,P1Y,S,,,GFS.A.N.I10.W0.S13.S1._Z.B.B9._Z._Z._Z.XDC_R_B1GQ._Z.S.V.N._T,,,,,,"See <a class=""external"" href=""http://sdw.ecb.europa.eu/web/generator/docu/rtdb_docu.pdf""> notes</a>; block Annual; series: B",,4,,,"Government deficit(-) or surplus(+), percent of GDP",Euro area (moving concept in the Real Time database context) - Deficit/surplus without UMTS proceeds - All sectors/ unspecified/ not applicable (ESA2010)-NCBs - General government (ESA2010)-NCBs - Non-financial flows current prices - Percentage,XDC_R_B1GQ,0,Replace,2002-11-06T15:30:00.000+01:00,
RTD.A.S0.N.F_UMD_CGG_D0.F,A,S0,N,F_UMD_CGG_D0,F,2001,-1.47712,A,F,,,P1Y,S,,,GFS.A.N.I10.W0.S13.S1._Z.B.B9._Z._Z._Z.XDC_R_B1GQ._Z.S.V.N._T,,,,,,"See <a class=""external"" href=""http://sdw.ecb.europa.eu/web/generator/docu/rtdb_docu.pdf""> notes</a>; block Annual; series: B",,4,,,"Government deficit(-) or surplus(+), percent of GDP",Euro area (moving concept in the Real Time database context) - Deficit/surplus without UMTS proceeds - All sectors/ unspecified/ not applicable (ESA2010)-NCBs - General government (ESA2010)-NCBs - Non-financial flows current prices - Percentage,XDC_R_B1GQ,0,Replace,2002-11-06T15:30:00.000+01:00,
RTD.A.S0.N.F_UMD_CGG_D0.F,A,S0,N,F_UMD_CGG_D0,F,1992,-5.03399,A,F,,,P1Y,S,,,GFS.A.N.I10.W0.S13.S1._Z.B.B9._Z._Z._Z.XDC_R_B1GQ._Z.S.V.N._T,,,,,,"See <a class=""external"" href=""http://sdw.ecb.europa.eu/web/generator/docu/rtdb_docu.pdf""> notes</a>; block Annual; series: B",,4,,,"Government deficit(-) or surplus(+), percent of GDP",Euro area (moving concept in the Real Time database context) - Deficit/surplus without UMTS proceeds - All sectors/ unspecified/ not applicable (ESA2010)-NCBs - General government (ESA2010)-NCBs - Non-financial flows current prices - Percentage,XDC_R_B1GQ,0,Replace,2002-12-04T15:30:00.000+01:00,
RTD.A.S0.N.F_UMD_CGG_D0.F,A,S0,N,F_UMD_CGG_D0,F,1993,-5.85607,A,F,,,P1Y,S,,,GFS.A.N.I10.W0.S13.S1._Z.B.B9._Z._Z._Z.XDC_R_B1GQ._Z.S.V.N._T,,,,,,"See <a class=""external"" href=""http://sdw.ecb.europa.eu/web/generator/docu/rtdb_docu.pdf""> notes</a>; block Annual; series: B",,4,,,"Government deficit(-) or surplus(+), percent of GDP",Euro area (moving concept in the Real Time database context) - Deficit/surplus without UMTS proceeds - All sectors/ unspecified/ not applicable (ESA2010)-NCBs - General government (ESA2010)-NCBs - Non-financial flows current prices - Percentage,XDC_R_B1GQ,0,Replace,2002-12-04T15:30:00.000+01:00,
RTD.A.S0.N.F_UMD_CGG_D0.F,A,S0,N,F_UMD_CGG_D0,F,1994,-5.18008,A,F,,,P1Y,S,,,GFS.A.N.I10.W0.S13.S1._Z.B.B9._Z._Z._Z.XDC_R_B1GQ._Z.S.V.N._T,,,,,,"See <a class=""external"" href=""http://sdw.ecb.europa.eu/web/generator/docu/rtdb_docu.pdf""> notes</a>; block Annual; series: B",,4,,,"Government deficit(-) or surplus(+), percent of GDP",Euro area (moving concept in the Real Time database context) - Deficit/surplus without UMTS proceeds - All sectors/ unspecified/ not applicable (ESA2010)-NCBs - General government (ESA2010)-NCBs - Non-financial flows current prices - Percentage,XDC_R_B1GQ,0,Replace,2002-12-04T15:30:00.000+01:00,
RTD.A.S0.N.F_UMD_CGG_D0.F,A,S0,N,F_UMD_CGG_D0,F,1995,-5.12785,A,F,,,P1Y,S,,,GFS.A.N.I10.W0.S13.S1._Z.B.B9._Z._Z._Z.XDC_R_B1GQ._Z.S.V.N._T,,,,,,"See <a class=""external"" href=""http://sdw.ecb.europa.eu/web/generator/docu/rtdb_docu.pdf""> notes</a>; block Annual; series: B",,4,,,"Government deficit(-) or surplus(+), percent of GDP",Euro area (moving concept in the Real Time database context) - Deficit/surplus without UMTS proceeds - All sectors/ unspecified/ not applicable (ESA2010)-NCBs - General government (ESA2010)-NCBs - Non-financial flows current prices - Percentage,XDC_R_B1GQ,0,Replace,2002-12-04T15:30:00.000+01:00,
RTD.A.S0.N.F_UMD_CGG_D0.F,A,S0,N,F_UMD_CGG_D0,F,1996,-4.33249,A,F,,,P1Y,S,,,GFS.A.N.I10.W0.S13.S1._Z.B.B9._Z._Z._Z.XDC_R_B1GQ._Z.S.V.N._T,,,,,,"See <a class=""external"" href=""http://sdw.ecb.europa.eu/web/generator/docu/rtdb_docu.pdf""> notes</a>; block Annual; series: B",,4,,,"Government deficit(-) or surplus(+), percent of GDP",Euro area (moving concept in the Real Time database context) - Deficit/surplus without UMTS proceeds - All sectors/ unspecified/ not applicable (ESA2010)-NCBs - General government (ESA2010)-NCBs - Non-financial flows current prices - Percentage,XDC_R_B1GQ,0,Replace,2002-12-04T15:30:00.000+01:00,
RTD.A.S0.N.F_UMD_CGG_D0.F,A,S0,N,F_UMD_CGG_D0,F,1997,-2.66687,A,F,,,P1Y,S,,,GFS.A.N.I10.W0.S13.S1._Z.B.B9._Z._Z._Z.XDC_R_B1GQ._Z.S.V.N._T,,,,,,"See <a class=""external"" href=""http://sdw.ecb.europa.eu/web/generator/docu/rtdb_docu.pdf""> notes</a>; block Annual; series: B",,4,,,"Government deficit(-) or surplus(+), percent of GDP",Euro area (moving concept in the Real Time database context) - Deficit/surplus without UMTS proceeds - All sectors/ unspecified/ not applicable (ESA2010)-NCBs - General government (ESA2010)-NCBs - Non-financial flows current prices - Percentage,XDC_R_B1GQ,0,Replace,2002-12-04T15:30:00.000+01:00,
RTD.A.S0.N.F_UMD_CGG_D0.F,A,S0,N,F_UMD_CGG_D0,F,1998,-2.25392,A,F,,,P1Y,S,,,GFS.A.N.I10.W0.S13.S1._Z.B.B9._Z._Z._Z.XDC_R_B1GQ._Z.S.V.N._T,,,,,,"See <a class=""external"" href=""http://sdw.ecb.europa.eu/web/generator/docu/rtdb_docu.pdf""> notes</a>; block Annual; series: B",,4,,,"Government deficit(-) or surplus(+), percent of GDP",Euro area (moving concept in the Real Time database context) - Deficit/surplus without UMTS proceeds - All sectors/ unspecified/ not applicable (ESA2010)-NCBs - General government (ESA2010)-NCBs - Non-financial flows current prices - Percentage,XDC_R_B1GQ,0,Replace,2002-12-04T15:30:00.000+01:00,
RTD.A.S0.N.F_UMD_CGG_D0.F,A,S0,N,F_UMD_CGG_D0,F,2000,-0.92248,A,F,,,P1Y,S,,,GFS.A.N.I10.W0.S13.S1._Z.B.B9._Z._Z._Z.XDC_R_B1GQ._Z.S.V.N._T,,,,,,"See <a class=""external"" href=""http://sdw.ecb.europa.eu/web/generator/docu/rtdb_docu.pdf""> notes</a>; block Annual; series: B",,4,,,"Government deficit(-) or surplus(+), percent of GDP",Euro area (moving concept in the Real Time database context) - Deficit/surplus without UMTS proceeds - All sectors/ unspecified/ not applicable (ESA2010)-NCBs - General government (ESA2010)-NCBs - Non-financial flows current prices - Percentage,XDC_R_B1GQ,0,Replace,2002-12-04T15:30:00.000+01:00,
RTD.A.S0.N.F_UMD_CGG_D0.F,A,S0,N,F_UMD_CGG_D0,F,2001,-1.50123,A,F,,,P1Y,S,,,GFS.A.N.I10.W0.S13.S1._Z.B.B9._Z._Z._Z.XDC_R_B1GQ._Z.S.V.N._T,,,,,,"See <a class=""external"" href=""http://sdw.ecb.europa.eu/web/generator/docu/rtdb_docu.pdf""> notes</a>; block Annual; series: B",,4,,,"Government deficit(-) or surplus(+), percent of GDP",Euro area (moving concept in the Real Time database context) - Deficit/surplus without UMTS proceeds - All sectors/ unspecified/ not applicable (ESA2010)-NCBs - General government (ESA2010)-NCBs - Non-financial flows current prices - Percentage,XDC_R_B1GQ,0,Replace,2002-12-04T15:30:00.000+01:00,
RTD.A.S0.N.F_UMD_CGG_D0.F,A,S0,N,F_UMD_CGG_D0,F,1995,-5.14406,A,F,,,P1Y,S,,,GFS.A.N.I10.W0.S13.S1._Z.B.B9._Z._Z._Z.XDC_R_B1GQ._Z.S.V.N._T,,,,,,"See <a class=""external"" href=""http://sdw.ecb.europa.eu/web/generator/docu/rtdb_docu.pdf""> notes</a>; block Annual; series: B",,4,,,"Government deficit(-) or surplus(+), percent of GDP",Euro area (moving concept in the Real Time database context) - Deficit/surplus without UMTS proceeds - All sectors/ unspecified/ not applicable (ESA2010)-NCBs - General government (ESA2010)-NCBs - Non-financial flows current prices - Percentage,XDC_R_B1GQ,0,Replace,2003-01-15T15:30:00.000+01:00,
RTD.A.S0.N.F_UMD_CGG_D0.F,A,S0,N,F_UMD_CGG_D0,F,1996,-4.34564,A,F,,,P1Y,S,,,GFS.A.N.I10.W0.S13.S1._Z.B.B9._Z._Z._Z.XDC_R_B1GQ._Z.S.V.N._T,,,,,,"See <a class=""external"" href=""http://sdw.ecb.europa.eu/web/generator/docu/rtdb_docu.pdf""> notes</a>; block Annual; series: B",,4,,,"Government deficit(-) or surplus(+), percent of GDP",Euro area (moving concept in the Real Time database context) - Deficit/surplus without UMTS proceeds - All sectors/ unspecified/ not applicable (ESA2010)-NCBs - General government (ESA2010)-NCBs - Non-financial flows current prices - Percentage,XDC_R_B1GQ,0,Replace,2003-01-15T15:30:00.000+01:00,
RTD.A.S0.N.F_UMD_CGG_D0.F,A,S0,N,F_UMD_CGG_D0,F,1997,-2.67701,A,F,,,P1Y,S,,,GFS.A.N.I10.W0.S13.S1._Z.B.B9._Z._Z._Z.XDC_R_B1GQ._Z.S.V.N._T,,,,,,"See <a class=""external"" href=""http://sdw.ecb.europa.eu/web/generator/docu/rtdb_docu.pdf""> notes</a>; block Annual; series: B",,4,,,"Government deficit(-) or surplus(+), percent of GDP",Euro area (moving concept in the Real Time database context) - Deficit/surplus without UMTS proceeds - All sectors/ unspecified/ not applicable (ESA2010)-NCBs - General government (ESA2010)-NCBs - Non-financial flows current prices - Percentage,XDC_R_B1GQ,0,Replace,2003-01-15T15:30:00.000+01:00,
RTD.A.S0.N.F_UMD_CGG_D0.F,A,S0,N,F_UMD_CGG_D0,F,1998,-2.26391,A,F,,,P1Y,S,,,GFS.A.N.I10.W0.S13.S1._Z.B.B9._Z._Z._Z.XDC_R_B1GQ._Z.S.V.N._T,,,,,,"See <a class=""external"" href=""http://sdw.ecb.europa.eu/web/generator/docu/rtdb_docu.pdf""> notes</a>; block Annual; series: B",,4,,,"Government deficit(-) or surplus(+), percent of GDP",Euro area (moving concept in the Real Time database context) - Deficit/surplus without UMTS proceeds - All sectors/ unspecified/ not applicable (ESA2010)-NCBs - General government (ESA2010)-NCBs - Non-financial flows current prices - Percentage,XDC_R_B1GQ,0,Replace,2003-01-15T15:30:00.000+01:00,
RTD.A.S0.N.F_UMD_CGG_D0.F,A,S0,N,F_UMD_CGG_D0,F,1999,-1.30925,A,F,,,P1Y,S,,,GFS.A.N.I10.W0.S13.S1._Z.B.B9._Z._Z._Z.XDC_R_B1GQ._Z.S.V.N._T,,,,,,"See <a class=""external"" href=""http://sdw.ecb.europa.eu/web/generator/docu/rtdb_docu.pdf""> notes</a>; block Annual; series: B",,4,,,"Government deficit(-) or surplus(+), percent of GDP",Euro area (moving concept in the Real Time database context) - Deficit/surplus without UMTS proceeds - All sectors/ unspecified/ not applicable (ESA2010)-NCBs - General government (ESA2010)-NCBs - Non-financial flows current prices - Percentage,XDC_R_B1GQ,0,Replace,2003-01-15T15:30:00.000+01:00,
RTD.A.S0.N.F_UMD_CGG_D0.F,A,S0,N,F_UMD_CGG_D0,F,1991,-4.89961,A,F,,,P1Y,S,,,GFS.A.N.I10.W0.S13.S1._Z.B.B9._Z._Z._Z.XDC_R_B1GQ._Z.S.V.N._T,,,,,,"See <a class=""external"" href=""http://sdw.ecb.europa.eu/web/generator/docu/rtdb_docu.pdf""> notes</a>; block Annual; series: B",,4,,,"Government deficit(-) or surplus(+), percent of GDP",Euro area (moving concept in the Real Time database context) - Deficit/surplus without UMTS proceeds - All sectors/ unspecified/ not applicable (ESA2010)-NCBs - General government (ESA2010)-NCBs - Non-financial flows current prices - Percentage,XDC_R_B1GQ,0,Replace,2003-04-02T15:30:00.000+02:00,
RTD.A.S0.N.F_UMD_CGG_D0.F,A,S0,N,F_UMD_CGG_D0,F,1992,-5.03345,A,F,,,P1Y,S,,,GFS.A.N.I10.W0.S13.S1._Z.B.B9._Z._Z._Z.XDC_R_B1GQ._Z.S.V.N._T,,,,,,"See <a class=""external"" href=""http://sdw.ecb.europa.eu/web/generator/docu/rtdb_docu.pdf""> notes</a>; block Annual; series: B",,4,,,"Government deficit(-) or surplus(+), percent of GDP",Euro area (moving concept in the Real Time database context) - Deficit/surplus without UMTS proceeds - All sectors/ unspecified/ not applicable (ESA2010)-NCBs - General government (ESA2010)-NCBs - Non-financial flows current prices - Percentage,XDC_R_B1GQ,0,Replace,2003-04-02T15:30:00.000+02:00,
RTD.A.S0.N.F_UMD_CGG_D0.F,A,S0,N,F_UMD_CGG_D0,F,1993,-5.8569,A,F,,,P1Y,S,,,GFS.A.N.I10.W0.S13.S1._Z.B.B9._Z._Z._Z.XDC_R_B1GQ._Z.S.V.N._T,,,,,,"See <a class=""external"" href=""http://sdw.ecb.europa.eu/web/generator/docu/rtdb_docu.pdf""> notes</a>; block Annual; series: B",,4,,,"Government deficit(-) or surplus(+), percent of GDP",Euro area (moving concept in the Real Time database context) - Deficit/surplus without UMTS proceeds - All sectors/ unspecified/ not applicable (ESA2010)-NCBs - General government (ESA2010)-NCBs - Non-financial flows current prices - Percentage,XDC_R_B1GQ,0,Replace,2003-04-02T15:30:00.000+02:00,
RTD.A.S0.N.F_UMD_CGG_D0.F,A,S0,N,F_UMD_CGG_D0,F,1994,-5.18002,A,F,,,P1Y,S,,,GFS.A.N.I10.W0.S13.S1._Z.B.B9._Z._Z._Z.XDC_R_B1GQ._Z.S.V.N._T,,,,,,"See <a class=""external"" href=""http://sdw.ecb.europa.eu/web/generator/docu/rtdb_docu.pdf""> notes</a>; block Annual; series: B",,4,,,"Government deficit(-) or surplus(+), percent of GDP",Euro area (moving concept in the Real Time database context) - Deficit/surplus without UMTS proceeds - All sectors/ unspecified/ not applicable (ESA2010)-NCBs - General government (ESA2010)-NCBs - Non-financial flows current prices - Percentage,XDC_R_B1GQ,0,Replace,2003-04-02T15:30:00.000+02:00,
RTD.A.S0.N.F_UMD_CGG_D0.F,A,S0,N,F_UMD_CGG_D0,F,1995,-5.14536,A,F,,,P1Y,S,,,GFS.A.N.I10.W0.S13.S1._Z.B.B9._Z._Z._Z.XDC_R_B1GQ._Z.S.V.N._T,,,,,,"See <a class=""external"" href=""http://sdw.ecb.europa.eu/web/generator/docu/rtdb_docu.pdf""> notes</a>; block Annual; series: B",,4,,,"Government deficit(-) or surplus(+), percent of GDP",Euro area (moving concept in the Real Time database context) - Deficit/surplus without UMTS proceeds - All sectors/ unspecified/ not applicable (ESA2010)-NCBs - General government (ESA2010)-NCBs - Non-financial flows current prices - Percentage,XDC_R_B1GQ,0,Replace,2003-04-02T15:30:00.000+02:00,
RTD.A.S0.N.F_UMD_CGG_D0.F,A,S0,N,F_UMD_CGG_D0,F,1996,-4.34577,A,F,,,P1Y,S,,,GFS.A.N.I10.W0.S13.S1._Z.B.B9._Z._Z._Z.XDC_R_B1GQ._Z.S.V.N._T,,,,,,"See <a class=""external"" href=""http://sdw.ecb.europa.eu/web/generator/docu/rtdb_docu.pdf""> notes</a>; block Annual; series: B",,4,,,"Government deficit(-) or surplus(+), percent of GDP",Euro area (moving concept in the Real Time database context) - Deficit/surplus without UMTS proceeds - All sectors/ unspecified/ not applicable (ESA2010)-NCBs - General government (ESA2010)-NCBs - Non-financial flows current prices - Percentage,XDC_R_B1GQ,0,Replace,2003-04-02T15:30:00.000+02:00,
RTD.A.S0.N.F_UMD_CGG_D0.F,A,S0,N,F_UMD_CGG_D0,F,1997,-2.67589,A,F,,,P1Y,S,,,GFS.A.N.I10.W0.S13.S1._Z.B.B9._Z._Z._Z.XDC_R_B1GQ._Z.S.V.N._T,,,,,,"See <a class=""external"" href=""http://sdw.ecb.europa.eu/web/generator/docu/rtdb_docu.pdf""> notes</a>; block Annual; series: B",,4,,,"Government deficit(-) or surplus(+), percent of GDP",Euro area (moving concept in the Real Time database context) - Deficit/surplus without UMTS proceeds - All sectors/ unspecified/ not applicable (ESA2010)-NCBs - General government (ESA2010)-NCBs - Non-financial flows current prices - Percentage,XDC_R_B1GQ,0,Replace,2003-04-02T15:30:00.000+02:00,
RTD.A.S0.N.F_UMD_CGG_D0.F,A,S0,N,F_UMD_CGG_D0,F,1999,-1.30953,A,F,,,P1Y,S,,,GFS.A.N.I10.W0.S13.S1._Z.B.B9._Z._Z._Z.XDC_R_B1GQ._Z.S.V.N._T,,,,,,"See <a class=""external"" href=""http://sdw.ecb.europa.eu/web/generator/docu/rtdb_docu.pdf""> notes</a>; block Annual; series: B",,4,,,"Government deficit(-) or surplus(+), percent of GDP",Euro area (moving concept in the Real Time database context) - Deficit/surplus without UMTS proceeds - All sectors/ unspecified/ not applicable (ESA2010)-NCBs - General government (ESA2010)-NCBs - Non-financial flows current prices - Percentage,XDC_R_B1GQ,0,Replace,2003-04-02T15:30:00.000+02:00,
RTD.A.S0.N.F_UMD_CGG_D0.F,A,S0,N,F_UMD_CGG_D0,F,2000,-0.92096,A,F,,,P1Y,S,,,GFS.A.N.I10.W0.S13.S1._Z.B.B9._Z._Z._Z.XDC_R_B1GQ._Z.S.V.N._T,,,,,,"See <a class=""external"" href=""http://sdw.ecb.europa.eu/web/generator/docu/rtdb_docu.pdf""> notes</a>; block Annual; series: B",,4,,,"Government deficit(-) or surplus(+), percent of GDP",Euro area (moving concept in the Real Time database context) - Deficit/surplus without UMTS proceeds - All sectors/ unspecified/ not applicable (ESA2010)-NCBs - General government (ESA2010)-NCBs - Non-financial flows current prices - Percentage,XDC_R_B1GQ,0,Replace,2003-04-02T15:30:00.000+02:00,
RTD.A.S0.N.F_UMD_CGG_D0.F,A,S0,N,F_UMD_CGG_D0,F,2001,-1.50013,A,F,,,P1Y,S,,,GFS.A.N.I10.W0.S13.S1._Z.B.B9._Z._Z._Z.XDC_R_B1GQ._Z.S.V.N._T,,,,,,"See <a class=""external"" href=""http://sdw.ecb.europa.eu/web/generator/docu/rtdb_docu.pdf""> notes</a>; block Annual; series: B",,4,,,"Government deficit(-) or surplus(+), percent of GDP",Euro area (moving concept in the Real Time database context) - Deficit/surplus without UMTS proceeds - All sectors/ unspecified/ not applicable (ESA2010)-NCBs - General government (ESA2010)-NCBs - Non-financial flows current prices - Percentage,XDC_R_B1GQ,0,Replace,2003-04-02T15:30:00.000+02:00,
RTD.A.S0.N.F_UMD_CGG_D0.F,A,S0,N,F_UMD_CGG_D0,F,1991,-4.89903,A,F,,,P1Y,S,,,GFS.A.N.I10.W0.S13.S1._Z.B.B9._Z._Z._Z.XDC_R_B1GQ._Z.S.V.N._T,,,,,,"See <a class=""external"" href=""http://sdw.ecb.europa.eu/web/generator/docu/rtdb_docu.pdf""> notes</a>; block Annual; series: B",,4,,,"Government deficit(-) or surplus(+), percent of GDP",Euro area (moving concept in the Real Time database context) - Deficit/surplus without UMTS proceeds - All sectors/ unspecified/ not applicable (ESA2010)-NCBs - General government (ESA2010)-NCBs - Non-financial flows current prices - Percentage,XDC_R_B1GQ,0,Replace,2003-05-07T15:30:00.000+02:00,
RTD.A.S0.N.F_UMD_CGG_D0.F,A,S0,N,F_UMD_CGG_D0,F,1992,-5.01757,A,F,,,P1Y,S,,,GFS.A.N.I10.W0.S13.S1._Z.B.B9._Z._Z._Z.XDC_R_B1GQ._Z.S.V.N._T,,,,,,"See <a class=""external"" href=""http://sdw.ecb.europa.eu/web/generator/docu/rtdb_docu.pdf""> notes</a>; block Annual; series: B",,4,,,"Government deficit(-) or surplus(+), percent of GDP",Euro area (moving concept in the Real Time database context) - Deficit/surplus without UMTS proceeds - All sectors/ unspecified/ not applicable (ESA2010)-NCBs - General government (ESA2010)-NCBs - Non-financial flows current prices - Percentage,XDC_R_B1GQ,0,Replace,2003-05-07T15:30:00.000+02:00,
RTD.A.S0.N.F_UMD_CGG_D0.F,A,S0,N,F_UMD_CGG_D0,F,1993,-5.85176,A,F,,,P1Y,S,,,GFS.A.N.I10.W0.S13.S1._Z.B.B9._Z._Z._Z.XDC_R_B1GQ._Z.S.V.N._T,,,,,,"See <a class=""external"" href=""http://sdw.ecb.europa.eu/web/generator/docu/rtdb_docu.pdf""> notes</a>; block Annual; series: B",,4,,,"Government deficit(-) or surplus(+), percent of GDP",Euro area (moving concept in the Real Time database context) - Deficit/surplus without UMTS proceeds - All sectors/ unspecified/ not applicable (ESA2010)-NCBs - General government (ESA2010)-NCBs - Non-financial flows current prices - Percentage,XDC_R_B1GQ,0,Replace,2003-05-07T15:30:00.000+02:00,
RTD.A.S0.N.F_UMD_CGG_D0.F,A,S0,N,F_UMD_CGG_D0,F,1994,-5.2052,A,F,,,P1Y,S,,,GFS.A.N.I10.W0.S13.S1._Z.B.B9._Z._Z._Z.XDC_R_B1GQ._Z.S.V.N._T,,,,,,"See <a class=""external"" href=""http://sdw.ecb.europa.eu/web/generator/docu/rtdb_docu.pdf""> notes</a>; block Annual; series: B",,4,,,"Government deficit(-) or surplus(+), percent of GDP",Euro area (moving concept in the Real Time database context) - Deficit/surplus without UMTS proceeds - All sectors/ unspecified/ not applicable (ESA2010)-NCBs - General government (ESA2010)-NCBs - Non-financial flows current prices - Percentage,XDC_R_B1GQ,0,Replace,2003-05-07T15:30:00.000+02:00,
RTD.A.S0.N.F_UMD_CGG_D0.F,A,S0,N,F_UMD_CGG_D0,F,1995,-5.1482,A,F,,,P1Y,S,,,GFS.A.N.I10.W0.S13.S1._Z.B.B9._Z._Z._Z.XDC_R_B1GQ._Z.S.V.N._T,,,,,,"See <a class=""external"" href=""http://sdw.ecb.europa.eu/web/generator/docu/rtdb_docu.pdf""> notes</a>; block Annual; series: B",,4,,,"Government deficit(-) or surplus(+), percent of GDP",Euro area (moving concept in the Real Time database context) - Deficit/surplus without UMTS proceeds - All sectors/ unspecified/ not applicable (ESA2010)-NCBs - General government (ESA2010)-NCBs - Non-financial flows current prices - Percentage,XDC_R_B1GQ,0,Replace,2003-05-07T15:30:00.000+02:00,
RTD.A.S0.N.F_UMD_CGG_D0.F,A,S0,N,F_UMD_CGG_D0,F,1996,-4.34247,A,F,,,P1Y,S,,,GFS.A.N.I10.W0.S13.S1._Z.B.B9._Z._Z._Z.XDC_R_B1GQ._Z.S.V.N._T,,,,,,"See <a class=""external"" href=""http://sdw.ecb.europa.eu/web/generator/docu/rtdb_docu.pdf""> notes</a>; block Annual; series: B",,4,,,"Government deficit(-) or surplus(+), percent of GDP",Euro area (moving concept in the Real Time database context) - Deficit/surplus without UMTS proceeds - All sectors/ unspecified/ not applicable (ESA2010)-NCBs - General government (ESA2010)-NCBs - Non-financial flows current prices - Percentage,XDC_R_B1GQ,0,Replace,2003-05-07T15:30:00.000+02:00,
RTD.A.S0.N.F_UMD_CGG_D0.F,A,S0,N,F_UMD_CGG_D0,F,1997,-2.66796,A,F,,,P1Y,S,,,GFS.A.N.I10.W0.S13.S1._Z.B.B9._Z._Z._Z.XDC_R_B1GQ._Z.S.V.N._T,,,,,,"See <a class=""external"" href=""http://sdw.ecb.europa.eu/web/generator/docu/rtdb_docu.pdf""> notes</a>; block Annual; series: B",,4,,,"Government deficit(-) or surplus(+), percent of GDP",Euro area (moving concept in the Real Time database context) - Deficit/surplus without UMTS proceeds - All sectors/ unspecified/ not applicable (ESA2010)-NCBs - General government (ESA2010)-NCBs - Non-financial flows current prices - Percentage,XDC_R_B1GQ,0,Replace,2003-05-07T15:30:00.000+02:00,
RTD.A.S0.N.F_UMD_CGG_D0.F,A,S0,N,F_UMD_CGG_D0,F,1998,-2.29138,A,F,,,P1Y,S,,,GFS.A.N.I10.W0.S13.S1._Z.B.B9._Z._Z._Z.XDC_R_B1GQ._Z.S.V.N._T,,,,,,"See <a class=""external"" href=""http://sdw.ecb.europa.eu/web/generator/docu/rtdb_docu.pdf""> notes</a>; block Annual; series: B",,4,,,"Government deficit(-) or surplus(+), percent of GDP",Euro area (moving concept in the Real Time database context) - Deficit/surplus without UMTS proceeds - All sectors/ unspecified/ not applicable (ESA2010)-NCBs - General government (ESA2010)-NCBs - Non-financial flows current prices - Percentage,XDC_R_B1GQ,0,Replace,2003-05-07T15:30:00.000+02:00,
RTD.A.S0.N.F_UMD_CGG_D0.F,A,S0,N,F_UMD_CGG_D0,F,1999,-1.29935,A,F,,,P1Y,S,,,GFS.A.N.I10.W0.S13.S1._Z.B.B9._Z._Z._Z.XDC_R_B1GQ._Z.S.V.N._T,,,,,,"See <a class=""external"" href=""http://sdw.ecb.europa.eu/web/generator/docu/rtdb_docu.pdf""> notes</a>; block Annual; series: B",,4,,,"Government deficit(-) or surplus(+), percent of GDP",Euro area (moving concept in the Real Time database context) - Deficit/surplus without UMTS proceeds - All sectors/ unspecified/ not applicable (ESA2010)-NCBs - General government (ESA2010)-NCBs - Non-financial flows current prices - Percentage,XDC_R_B1GQ,0,Replace,2003-05-07T15:30:00.000+02:00,
RTD.A.S0.N.F_UMD_CGG_D0.F,A,S0,N,F_UMD_CGG_D0,F,2000,-0.97622,A,F,,,P1Y,S,,,GFS.A.N.I10.W0.S13.S1._Z.B.B9._Z._Z._Z.XDC_R_B1GQ._Z.S.V.N._T,,,,,,"See <a class=""external"" href=""http://sdw.ecb.europa.eu/web/generator/docu/rtdb_docu.pdf""> notes</a>; block Annual; series: B",,4,,,"Government deficit(-) or surplus(+), percent of GDP",Euro area (moving concept in the Real Time database context) - Deficit/surplus without UMTS proceeds - All sectors/ unspecified/ not applicable (ESA2010)-NCBs - General government (ESA2010)-NCBs - Non-financial flows current prices - Percentage,XDC_R_B1GQ,0,Replace,2003-05-07T15:30:00.000+02:00,
RTD.A.S0.N.F_UMD_CGG_D0.F,A,S0,N,F_UMD_CGG_D0,F,2001,-1.61121,A,F,,,P1Y,S,,,GFS.A.N.I10.W0.S13.S1._Z.B.B9._Z._Z._Z.XDC_R_B1GQ._Z.S.V.N._T,,,,,,"See <a class=""external"" href=""http://sdw.ecb.europa.eu/web/generator/docu/rtdb_docu.pdf""> notes</a>; block Annual; series: B",,4,,,"Government deficit(-) or surplus(+), percent of GDP",Euro area (moving concept in the Real Time database context) - Deficit/surplus without UMTS proceeds - All sectors/ unspecified/ not applicable (ESA2010)-NCBs - General government (ESA2010)-NCBs - Non-financial flows current prices - Percentage,XDC_R_B1GQ,0,Replace,2003-05-07T15:30:00.000+02:00,
RTD.A.S0.N.F_UMD_CGG_D0.F,A,S0,N,F_UMD_CGG_D0,F,2002,-2.27098,A,F,,,P1Y,S,,,GFS.A.N.I10.W0.S13.S1._Z.B.B9._Z._Z._Z.XDC_R_B1GQ._Z.S.V.N._T,,,,,,"See <a class=""external"" href=""http://sdw.ecb.europa.eu/web/generator/docu/rtdb_docu.pdf""> notes</a>; block Annual; series: B",,4,,,"Government deficit(-) or surplus(+), percent of GDP",Euro area (moving concept in the Real Time database context) - Deficit/surplus without UMTS proceeds - All sectors/ unspecified/ not applicable (ESA2010)-NCBs - General government (ESA2010)-NCBs - Non-financial flows current prices - Percentage,XDC_R_B1GQ,0,Replace,2003-05-07T15:30:00.000+02:00,
RTD.A.S0.N.F_UMD_CGG_D0.F,A,S0,N,F_UMD_CGG_D0,F,1992,-5.01759,A,F,,,P1Y,S,,,GFS.A.N.I10.W0.S13.S1._Z.B.B9._Z._Z._Z.XDC_R_B1GQ._Z.S.V.N._T,,,,,,"See <a class=""external"" href=""http://sdw.ecb.europa.eu/web/generator/docu/rtdb_docu.pdf""> notes</a>; block Annual; series: B",,4,,,"Government deficit(-) or surplus(+), percent of GDP",Euro area (moving concept in the Real Time database context) - Deficit/surplus without UMTS proceeds - All sectors/ unspecified/ not applicable (ESA2010)-NCBs - General government (ESA2010)-NCBs - Non-financial flows current prices - Percentage,XDC_R_B1GQ,0,Replace,2003-06-04T15:30:00.000+02:00,
RTD.A.S0.N.F_UMD_CGG_D0.F,A,S0,N,F_UMD_CGG_D0,F,1993,-5.85174,A,F,,,P1Y,S,,,GFS.A.N.I10.W0.S13.S1._Z.B.B9._Z._Z._Z.XDC_R_B1GQ._Z.S.V.N._T,,,,,,"See <a class=""external"" href=""http://sdw.ecb.europa.eu/web/generator/docu/rtdb_docu.pdf""> notes</a>; block Annual; series: B",,4,,,"Government deficit(-) or surplus(+), percent of GDP",Euro area (moving concept in the Real Time database context) - Deficit/surplus without UMTS proceeds - All sectors/ unspecified/ not applicable (ESA2010)-NCBs - General government (ESA2010)-NCBs - Non-financial flows current prices - Percentage,XDC_R_B1GQ,0,Replace,2003-06-04T15:30:00.000+02:00,
RTD.A.S0.N.F_UMD_CGG_D0.F,A,S0,N,F_UMD_CGG_D0,F,1995,-5.14819,A,F,,,P1Y,S,,,GFS.A.N.I10.W0.S13.S1._Z.B.B9._Z._Z._Z.XDC_R_B1GQ._Z.S.V.N._T,,,,,,"See <a class=""external"" href=""http://sdw.ecb.europa.eu/web/generator/docu/rtdb_docu.pdf""> notes</a>; block Annual; series: B",,4,,,"Government deficit(-) or surplus(+), percent of GDP",Euro area (moving concept in the Real Time database context) - Deficit/surplus without UMTS proceeds - All sectors/ unspecified/ not applicable (ESA2010)-NCBs - General government (ESA2010)-NCBs - Non-financial flows current prices - Percentage,XDC_R_B1GQ,0,Replace,2003-06-04T15:30:00.000+02:00,
RTD.A.S0.N.F_UMD_CGG_D0.F,A,S0,N,F_UMD_CGG_D0,F,1996,-4.34248,A,F,,,P1Y,S,,,GFS.A.N.I10.W0.S13.S1._Z.B.B9._Z._Z._Z.XDC_R_B1GQ._Z.S.V.N._T,,,,,,"See <a class=""external"" href=""http://sdw.ecb.europa.eu/web/generator/docu/rtdb_docu.pdf""> notes</a>; block Annual; series: B",,4,,,"Government deficit(-) or surplus(+), percent of GDP",Euro area (moving concept in the Real Time database context) - Deficit/surplus without UMTS proceeds - All sectors/ unspecified/ not applicable (ESA2010)-NCBs - General government (ESA2010)-NCBs - Non-financial flows current prices - Percentage,XDC_R_B1GQ,0,Replace,2003-06-04T15:30:00.000+02:00,
RTD.A.S0.N.F_UMD_CGG_D0.F,A,S0,N,F_UMD_CGG_D0,F,1997,-2.66793,A,F,,,P1Y,S,,,GFS.A.N.I10.W0.S13.S1._Z.B.B9._Z._Z._Z.XDC_R_B1GQ._Z.S.V.N._T,,,,,,"See <a class=""external"" href=""http://sdw.ecb.europa.eu/web/generator/docu/rtdb_docu.pdf""> notes</a>; block Annual; series: B",,4,,,"Government deficit(-) or surplus(+), percent of GDP",Euro area (moving concept in the Real Time database context) - Deficit/surplus without UMTS proceeds - All sectors/ unspecified/ not applicable (ESA2010)-NCBs - General government (ESA2010)-NCBs - Non-financial flows current prices - Percentage,XDC_R_B1GQ,0,Replace,2003-06-04T15:30:00.000+02:00,
RTD.A.S0.N.F_UMD_CGG_D0.F,A,S0,N,F_UMD_CGG_D0,F,1998,-2.29141,A,F,,,P1Y,S,,,GFS.A.N.I10.W0.S13.S1._Z.B.B9._Z._Z._Z.XDC_R_B1GQ._Z.S.V.N._T,,,,,,"See <a class=""external"" href=""http://sdw.ecb.europa.eu/web/generator/docu/rtdb_docu.pdf""> notes</a>; block Annual; series: B",,4,,,"Government deficit(-) or surplus(+), percent of GDP",Euro area (moving concept in the Real Time database context) - Deficit/surplus without UMTS proceeds - All sectors/ unspecified/ not applicable (ESA2010)-NCBs - General government (ESA2010)-NCBs - Non-financial flows current prices - Percentage,XDC_R_B1GQ,0,Replace,2003-06-04T15:30:00.000+02:00,
RTD.A.S0.N.F_UMD_CGG_D0.F,A,S0,N,F_UMD_CGG_D0,F,1999,-1.29929,A,F,,,P1Y,S,,,GFS.A.N.I10.W0.S13.S1._Z.B.B9._Z._Z._Z.XDC_R_B1GQ._Z.S.V.N._T,,,,,,"See <a class=""external"" href=""http://sdw.ecb.europa.eu/web/generator/docu/rtdb_docu.pdf""> notes</a>; block Annual; series: B",,4,,,"Government deficit(-) or surplus(+), percent of GDP",Euro area (moving concept in the Real Time database context) - Deficit/surplus without UMTS proceeds - All sectors/ unspecified/ not applicable (ESA2010)-NCBs - General government (ESA2010)-NCBs - Non-financial flows current prices - Percentage,XDC_R_B1GQ,0,Replace,2003-06-04T15:30:00.000+02:00,
RTD.A.S0.N.F_UMD_CGG_D0.F,A,S0,N,F_UMD_CGG_D0,F,2000,-0.97594,A,F,,,P1Y,S,,,GFS.A.N.I10.W0.S13.S1._Z.B.B9._Z._Z._Z.XDC_R_B1GQ._Z.S.V.N._T,,,,,,"See <a class=""external"" href=""http://sdw.ecb.europa.eu/web/generator/docu/rtdb_docu.pdf""> notes</a>; block Annual; series: B",,4,,,"Government deficit(-) or surplus(+), percent of GDP",Euro area (moving concept in the Real Time database context) - Deficit/surplus without UMTS proceeds - All sectors/ unspecified/ not applicable (ESA2010)-NCBs - General government (ESA2010)-NCBs - Non-financial flows current prices - Percentage,XDC_R_B1GQ,0,Replace,2003-06-04T15:30:00.000+02:00,
RTD.A.S0.N.F_UMD_CGG_D0.F,A,S0,N,F_UMD_CGG_D0,F,2001,-1.62869,A,F,,,P1Y,S,,,GFS.A.N.I10.W0.S13.S1._Z.B.B9._Z._Z._Z.XDC_R_B1GQ._Z.S.V.N._T,,,,,,"See <a class=""external"" href=""http://sdw.ecb.europa.eu/web/generator/docu/rtdb_docu.pdf""> notes</a>; block Annual; series: B",,4,,,"Government deficit(-) or surplus(+), percent of GDP",Euro area (moving concept in the Real Time database context) - Deficit/surplus without UMTS proceeds - All sectors/ unspecified/ not applicable (ESA2010)-NCBs - General government (ESA2010)-NCBs - Non-financial flows current prices - Percentage,XDC_R_B1GQ,0,Replace,2003-06-04T15:30:00.000+02:00,
RTD.A.S0.N.F_UMD_CGG_D0.F,A,S0,N,F_UMD_CGG_D0,F,2002,-2.28103,A,F,,,P1Y,S,,,GFS.A.N.I10.W0.S13.S1._Z.B.B9._Z._Z._Z.XDC_R_B1GQ._Z.S.V.N._T,,,,,,"See <a class=""external"" href=""http://sdw.ecb.europa.eu/web/generator/docu/rtdb_docu.pdf""> notes</a>; block Annual; series: B",,4,,,"Government deficit(-) or surplus(+), percent of GDP",Euro area (moving concept in the Real Time database context) - Deficit/surplus without UMTS proceeds - All sectors/ unspecified/ not applicable (ESA2010)-NCBs - General government (ESA2010)-NCBs - Non-financial flows current prices - Percentage,XDC_R_B1GQ,0,Replace,2003-06-04T15:30:00.000+02:00,
RTD.A.S0.N.F_UMD_CGG_D0.F,A,S0,N,F_UMD_CGG_D0,F,1995,-5.14825,A,F,,,P1Y,S,,,GFS.A.N.I10.W0.S13.S1._Z.B.B9._Z._Z._Z.XDC_R_B1GQ._Z.S.V.N._T,,,,,,"See <a class=""external"" href=""http://sdw.ecb.europa.eu/web/generator/docu/rtdb_docu.pdf""> notes</a>; block Annual; series: B",,4,,,"Government deficit(-) or surplus(+), percent of GDP",Euro area (moving concept in the Real Time database context) - Deficit/surplus without UMTS proceeds - All sectors/ unspecified/ not applicable (ESA2010)-NCBs - General government (ESA2010)-NCBs - Non-financial flows current prices - Percentage,XDC_R_B1GQ,0,Replace,2003-07-09T15:30:00.000+02:00,
RTD.A.S0.N.F_UMD_CGG_D0.F,A,S0,N,F_UMD_CGG_D0,F,1996,-4.34187,A,F,,,P1Y,S,,,GFS.A.N.I10.W0.S13.S1._Z.B.B9._Z._Z._Z.XDC_R_B1GQ._Z.S.V.N._T,,,,,,"See <a class=""external"" href=""http://sdw.ecb.europa.eu/web/generator/docu/rtdb_docu.pdf""> notes</a>; block Annual; series: B",,4,,,"Government deficit(-) or surplus(+), percent of GDP",Euro area (moving concept in the Real Time database context) - Deficit/surplus without UMTS proceeds - All sectors/ unspecified/ not applicable (ESA2010)-NCBs - General government (ESA2010)-NCBs - Non-financial flows current prices - Percentage,XDC_R_B1GQ,0,Replace,2003-07-09T15:30:00.000+02:00,
RTD.A.S0.N.F_UMD_CGG_D0.F,A,S0,N,F_UMD_CGG_D0,F,1997,-2.66791,A,F,,,P1Y,S,,,GFS.A.N.I10.W0.S13.S1._Z.B.B9._Z._Z._Z.XDC_R_B1GQ._Z.S.V.N._T,,,,,,"See <a class=""external"" href=""http://sdw.ecb.europa.eu/web/generator/docu/rtdb_docu.pdf""> notes</a>; block Annual; series: B",,4,,,"Government deficit(-) or surplus(+), percent of GDP",Euro area (moving concept in the Real Time database context) - Deficit/surplus without UMTS proceeds - All sectors/ unspecified/ not applicable (ESA2010)-NCBs - General government (ESA2010)-NCBs - Non-financial flows current prices - Percentage,XDC_R_B1GQ,0,Replace,2003-07-09T15:30:00.000+02:00,
RTD.A.S0.N.F_UMD_CGG_D0.F,A,S0,N,F_UMD_CGG_D0,F,1998,-2.29086,A,F,,,P1Y,S,,,GFS.A.N.I10.W0.S13.S1._Z.B.B9._Z._Z._Z.XDC_R_B1GQ._Z.S.V.N._T,,,,,,"See <a class=""external"" href=""http://sdw.ecb.europa.eu/web/generator/docu/rtdb_docu.pdf""> notes</a>; block Annual; series: B",,4,,,"Government deficit(-) or surplus(+), percent of GDP",Euro area (moving concept in the Real Time database context) - Deficit/surplus without UMTS proceeds - All sectors/ unspecified/ not applicable (ESA2010)-NCBs - General government (ESA2010)-NCBs - Non-financial flows current prices - Percentage,XDC_R_B1GQ,0,Replace,2003-07-09T15:30:00.000+02:00,
RTD.A.S0.N.F_UMD_CGG_D0.F,A,S0,N,F_UMD_CGG_D0,F,1999,-1.29726,A,F,,,P1Y,S,,,GFS.A.N.I10.W0.S13.S1._Z.B.B9._Z._Z._Z.XDC_R_B1GQ._Z.S.V.N._T,,,,,,"See <a class=""external"" href=""http://sdw.ecb.europa.eu/web/generator/docu/rtdb_docu.pdf""> notes</a>; block Annual; series: B",,4,,,"Government deficit(-) or surplus(+), percent of GDP",Euro area (moving concept in the Real Time database context) - Deficit/surplus without UMTS proceeds - All sectors/ unspecified/ not applicable (ESA2010)-NCBs - General government (ESA2010)-NCBs - Non-financial flows current prices - Percentage,XDC_R_B1GQ,0,Replace,2003-07-09T15:30:00.000+02:00,
RTD.A.S0.N.F_UMD_CGG_D0.F,A,S0,N,F_UMD_CGG_D0,F,2000,-0.97432,A,F,,,P1Y,S,,,GFS.A.N.I10.W0.S13.S1._Z.B.B9._Z._Z._Z.XDC_R_B1GQ._Z.S.V.N._T,,,,,,"See <a class=""external"" href=""http://sdw.ecb.europa.eu/web/generator/docu/rtdb_docu.pdf""> notes</a>; block Annual; series: B",,4,,,"Government deficit(-) or surplus(+), percent of GDP",Euro area (moving concept in the Real Time database context) - Deficit/surplus without UMTS proceeds - All sectors/ unspecified/ not applicable (ESA2010)-NCBs - General government (ESA2010)-NCBs - Non-financial flows current prices - Percentage,XDC_R_B1GQ,0,Replace,2003-07-09T15:30:00.000+02:00,
RTD.A.S0.N.F_UMD_CGG_D0.F,A,S0,N,F_UMD_CGG_D0,F,2001,-1.62438,A,F,,,P1Y,S,,,GFS.A.N.I10.W0.S13.S1._Z.B.B9._Z._Z._Z.XDC_R_B1GQ._Z.S.V.N._T,,,,,,"See <a class=""external"" href=""http://sdw.ecb.europa.eu/web/generator/docu/rtdb_docu.pdf""> notes</a>; block Annual; series: B",,4,,,"Government deficit(-) or surplus(+), percent of GDP",Euro area (moving concept in the Real Time database context) - Deficit/surplus without UMTS proceeds - All sectors/ unspecified/ not applicable (ESA2010)-NCBs - General government (ESA2010)-NCBs - Non-financial flows current prices - Percentage,XDC_R_B1GQ,0,Replace,2003-07-09T15:30:00.000+02:00,
RTD.A.S0.N.F_UMD_CGG_D0.F,A,S0,N,F_UMD_CGG_D0,F,2002,-2.28008,A,F,,,P1Y,S,,,GFS.A.N.I10.W0.S13.S1._Z.B.B9._Z._Z._Z.XDC_R_B1GQ._Z.S.V.N._T,,,,,,"See <a class=""external"" href=""http://sdw.ecb.europa.eu/web/generator/docu/rtdb_docu.pdf""> notes</a>; block Annual; series: B",,4,,,"Government deficit(-) or surplus(+), percent of GDP",Euro area (moving concept in the Real Time database context) - Deficit/surplus without UMTS proceeds - All sectors/ unspecified/ not applicable (ESA2010)-NCBs - General government (ESA2010)-NCBs - Non-financial flows current prices - Percentage,XDC_R_B1GQ,0,Replace,2003-07-09T15:30:00.000+02:00,
RTD.A.S0.N.F_UMD_CGG_D0.F,A,S0,N,F_UMD_CGG_D0,F,1991,-4.89603,A,F,,,P1Y,S,,,GFS.A.N.I10.W0.S13.S1._Z.B.B9._Z._Z._Z.XDC_R_B1GQ._Z.S.V.N._T,,,,,,"See <a class=""external"" href=""http://sdw.ecb.europa.eu/web/generator/docu/rtdb_docu.pdf""> notes</a>; block Annual; series: B",,4,,,"Government deficit(-) or surplus(+), percent of GDP",Euro area (moving concept in the Real Time database context) - Deficit/surplus without UMTS proceeds - All sectors/ unspecified/ not applicable (ESA2010)-NCBs - General government (ESA2010)-NCBs - Non-financial flows current prices - Percentage,XDC_R_B1GQ,0,Replace,2003-09-03T15:30:00.000+02:00,
RTD.A.S0.N.F_UMD_CGG_D0.F,A,S0,N,F_UMD_CGG_D0,F,1992,-5.01585,A,F,,,P1Y,S,,,GFS.A.N.I10.W0.S13.S1._Z.B.B9._Z._Z._Z.XDC_R_B1GQ._Z.S.V.N._T,,,,,,"See <a class=""external"" href=""http://sdw.ecb.europa.eu/web/generator/docu/rtdb_docu.pdf""> notes</a>; block Annual; series: B",,4,,,"Government deficit(-) or surplus(+), percent of GDP",Euro area (moving concept in the Real Time database context) - Deficit/surplus without UMTS proceeds - All sectors/ unspecified/ not applicable (ESA2010)-NCBs - General government (ESA2010)-NCBs - Non-financial flows current prices - Percentage,XDC_R_B1GQ,0,Replace,2003-09-03T15:30:00.000+02:00,
RTD.A.S0.N.F_UMD_CGG_D0.F,A,S0,N,F_UMD_CGG_D0,F,1993,-5.85046,A,F,,,P1Y,S,,,GFS.A.N.I10.W0.S13.S1._Z.B.B9._Z._Z._Z.XDC_R_B1GQ._Z.S.V.N._T,,,,,,"See <a class=""external"" href=""http://sdw.ecb.europa.eu/web/generator/docu/rtdb_docu.pdf""> notes</a>; block Annual; series: B",,4,,,"Government deficit(-) or surplus(+), percent of GDP",Euro area (moving concept in the Real Time database context) - Deficit/surplus without UMTS proceeds - All sectors/ unspecified/ not applicable (ESA2010)-NCBs - General government (ESA2010)-NCBs - Non-financial flows current prices - Percentage,XDC_R_B1GQ,0,Replace,2003-09-03T15:30:00.000+02:00,
RTD.A.S0.N.F_UMD_CGG_D0.F,A,S0,N,F_UMD_CGG_D0,F,1994,-5.20592,A,F,,,P1Y,S,,,GFS.A.N.I10.W0.S13.S1._Z.B.B9._Z._Z._Z.XDC_R_B1GQ._Z.S.V.N._T,,,,,,"See <a class=""external"" href=""http://sdw.ecb.europa.eu/web/generator/docu/rtdb_docu.pdf""> notes</a>; block Annual; series: B",,4,,,"Government deficit(-) or surplus(+), percent of GDP",Euro area (moving concept in the Real Time database context) - Deficit/surplus without UMTS proceeds - All sectors/ unspecified/ not applicable (ESA2010)-NCBs - General government (ESA2010)-NCBs - Non-financial flows current prices - Percentage,XDC_R_B1GQ,0,Replace,2003-09-03T15:30:00.000+02:00,
RTD.A.S0.N.F_UMD_CGG_D0.F,A,S0,N,F_UMD_CGG_D0,F,1995,-5.14752,A,F,,,P1Y,S,,,GFS.A.N.I10.W0.S13.S1._Z.B.B9._Z._Z._Z.XDC_R_B1GQ._Z.S.V.N._T,,,,,,"See <a class=""external"" href=""http://sdw.ecb.europa.eu/web/generator/docu/rtdb_docu.pdf""> notes</a>; block Annual; series: B",,4,,,"Government deficit(-) or surplus(+), percent of GDP",Euro area (moving concept in the Real Time database context) - Deficit/surplus without UMTS proceeds - All sectors/ unspecified/ not applicable (ESA2010)-NCBs - General government (ESA2010)-NCBs - Non-financial flows current prices - Percentage,XDC_R_B1GQ,0,Replace,2003-09-03T15:30:00.000+02:00,
RTD.A.S0.N.F_UMD_CGG_D0.F,A,S0,N,F_UMD_CGG_D0,F,1996,-4.34051,A,F,,,P1Y,S,,,GFS.A.N.I10.W0.S13.S1._Z.B.B9._Z._Z._Z.XDC_R_B1GQ._Z.S.V.N._T,,,,,,"See <a class=""external"" href=""http://sdw.ecb.europa.eu/web/generator/docu/rtdb_docu.pdf""> notes</a>; block Annual; series: B",,4,,,"Government deficit(-) or surplus(+), percent of GDP",Euro area (moving concept in the Real Time database context) - Deficit/surplus without UMTS proceeds - All sectors/ unspecified/ not applicable (ESA2010)-NCBs - General government (ESA2010)-NCBs - Non-financial flows current prices - Percentage,XDC_R_B1GQ,0,Replace,2003-09-03T15:30:00.000+02:00,
RTD.A.S0.N.F_UMD_CGG_D0.F,A,S0,N,F_UMD_CGG_D0,F,1997,-2.66702,A,F,,,P1Y,S,,,GFS.A.N.I10.W0.S13.S1._Z.B.B9._Z._Z._Z.XDC_R_B1GQ._Z.S.V.N._T,,,,,,"See <a class=""external"" href=""http://sdw.ecb.europa.eu/web/generator/docu/rtdb_docu.pdf""> notes</a>; block Annual; series: B",,4,,,"Government deficit(-) or surplus(+), percent of GDP",Euro area (moving concept in the Real Time database context) - Deficit/surplus without UMTS proceeds - All sectors/ unspecified/ not applicable (ESA2010)-NCBs - General government (ESA2010)-NCBs - Non-financial flows current prices - Percentage,XDC_R_B1GQ,0,Replace,2003-09-03T15:30:00.000+02:00,
RTD.A.S0.N.F_UMD_CGG_D0.F,A,S0,N,F_UMD_CGG_D0,F,1998,-2.28872,A,F,,,P1Y,S,,,GFS.A.N.I10.W0.S13.S1._Z.B.B9._Z._Z._Z.XDC_R_B1GQ._Z.S.V.N._T,,,,,,"See <a class=""external"" href=""http://sdw.ecb.europa.eu/web/generator/docu/rtdb_docu.pdf""> notes</a>; block Annual; series: B",,4,,,"Government deficit(-) or surplus(+), percent of GDP",Euro area (moving concept in the Real Time database context) - Deficit/surplus without UMTS proceeds - All sectors/ unspecified/ not applicable (ESA2010)-NCBs - General government (ESA2010)-NCBs - Non-financial flows current prices - Percentage,XDC_R_B1GQ,0,Replace,2003-09-03T15:30:00.000+02:00,
RTD.A.S0.N.F_UMD_CGG_D0.F,A,S0,N,F_UMD_CGG_D0,F,1999,-1.28923,A,F,,,P1Y,S,,,GFS.A.N.I10.W0.S13.S1._Z.B.B9._Z._Z._Z.XDC_R_B1GQ._Z.S.V.N._T,,,,,,"See <a class=""external"" href=""http://sdw.ecb.europa.eu/web/generator/docu/rtdb_docu.pdf""> notes</a>; block Annual; series: B",,4,,,"Government deficit(-) or surplus(+), percent of GDP",Euro area (moving concept in the Real Time database context) - Deficit/surplus without UMTS proceeds - All sectors/ unspecified/ not applicable (ESA2010)-NCBs - General government (ESA2010)-NCBs - Non-financial flows current prices - Percentage,XDC_R_B1GQ,0,Replace,2003-09-03T15:30:00.000+02:00,
RTD.A.S0.N.F_UMD_CGG_D0.F,A,S0,N,F_UMD_CGG_D0,F,2000,-0.90989,A,F,,,P1Y,S,,,GFS.A.N.I10.W0.S13.S1._Z.B.B9._Z._Z._Z.XDC_R_B1GQ._Z.S.V.N._T,,,,,,"See <a class=""external"" href=""http://sdw.ecb.europa.eu/web/generator/docu/rtdb_docu.pdf""> notes</a>; block Annual; series: B",,4,,,"Government deficit(-) or surplus(+), percent of GDP",Euro area (moving concept in the Real Time database context) - Deficit/surplus without UMTS proceeds - All sectors/ unspecified/ not applicable (ESA2010)-NCBs - General government (ESA2010)-NCBs - Non-financial flows current prices - Percentage,XDC_R_B1GQ,0,Replace,2003-09-03T15:30:00.000+02:00,
RTD.A.S0.N.F_UMD_CGG_D0.F,A,S0,N,F_UMD_CGG_D0,F,2001,-1.64256,A,F,,,P1Y,S,,,GFS.A.N.I10.W0.S13.S1._Z.B.B9._Z._Z._Z.XDC_R_B1GQ._Z.S.V.N._T,,,,,,"See <a class=""external"" href=""http://sdw.ecb.europa.eu/web/generator/docu/rtdb_docu.pdf""> notes</a>; block Annual; series: B",,4,,,"Government deficit(-) or surplus(+), percent of GDP",Euro area (moving concept in the Real Time database context) - Deficit/surplus without UMTS proceeds - All sectors/ unspecified/ not applicable (ESA2010)-NCBs - General government (ESA2010)-NCBs - Non-financial flows current prices - Percentage,XDC_R_B1GQ,0,Replace,2003-09-03T15:30:00.000+02:00,
RTD.A.S0.N.F_UMD_CGG_D0.F,A,S0,N,F_UMD_CGG_D0,F,2002,-2.26385,A,F,,,P1Y,S,,,GFS.A.N.I10.W0.S13.S1._Z.B.B9._Z._Z._Z.XDC_R_B1GQ._Z.S.V.N._T,,,,,,"See <a class=""external"" href=""http://sdw.ecb.europa.eu/web/generator/docu/rtdb_docu.pdf""> notes</a>; block Annual; series: B",,4,,,"Government deficit(-) or surplus(+), percent of GDP",Euro area (moving concept in the Real Time database context) - Deficit/surplus without UMTS proceeds - All sectors/ unspecified/ not applicable (ESA2010)-NCBs - General government (ESA2010)-NCBs - Non-financial flows current prices - Percentage,XDC_R_B1GQ,0,Replace,2003-09-03T15:30:00.000+02:00,
RTD.A.S0.N.F_UMD_CGG_D0.F,A,S0,N,F_UMD_CGG_D0,F,1991,-4.89593,A,F,,,P1Y,S,,,GFS.A.N.I10.W0.S13.S1._Z.B.B9._Z._Z._Z.XDC_R_B1GQ._Z.S.V.N._T,,,,,,"See <a class=""external"" href=""http://sdw.ecb.europa.eu/web/generator/docu/rtdb_docu.pdf""> notes</a>; block Annual; series: B",,4,,,"Government deficit(-) or surplus(+), percent of GDP",Euro area (moving concept in the Real Time database context) - Deficit/surplus without UMTS proceeds - All sectors/ unspecified/ not applicable (ESA2010)-NCBs - General government (ESA2010)-NCBs - Non-financial flows current prices - Percentage,XDC_R_B1GQ,0,Replace,2003-10-01T15:30:00.000+02:00,
RTD.A.S0.N.F_UMD_CGG_D0.F,A,S0,N,F_UMD_CGG_D0,F,1992,-5.01749,A,F,,,P1Y,S,,,GFS.A.N.I10.W0.S13.S1._Z.B.B9._Z._Z._Z.XDC_R_B1GQ._Z.S.V.N._T,,,,,,"See <a class=""external"" href=""http://sdw.ecb.europa.eu/web/generator/docu/rtdb_docu.pdf""> notes</a>; block Annual; series: B",,4,,,"Government deficit(-) or surplus(+), percent of GDP",Euro area (moving concept in the Real Time database context) - Deficit/surplus without UMTS proceeds - All sectors/ unspecified/ not applicable (ESA2010)-NCBs - General government (ESA2010)-NCBs - Non-financial flows current prices - Percentage,XDC_R_B1GQ,0,Replace,2003-10-01T15:30:00.000+02:00,
RTD.A.S0.N.F_UMD_CGG_D0.F,A,S0,N,F_UMD_CGG_D0,F,1993,-5.85166,A,F,,,P1Y,S,,,GFS.A.N.I10.W0.S13.S1._Z.B.B9._Z._Z._Z.XDC_R_B1GQ._Z.S.V.N._T,,,,,,"See <a class=""external"" href=""http://sdw.ecb.europa.eu/web/generator/docu/rtdb_docu.pdf""> notes</a>; block Annual; series: B",,4,,,"Government deficit(-) or surplus(+), percent of GDP",Euro area (moving concept in the Real Time database context) - Deficit/surplus without UMTS proceeds - All sectors/ unspecified/ not applicable (ESA2010)-NCBs - General government (ESA2010)-NCBs - Non-financial flows current prices - Percentage,XDC_R_B1GQ,0,Replace,2003-10-01T15:30:00.000+02:00,
RTD.A.S0.N.F_UMD_CGG_D0.F,A,S0,N,F_UMD_CGG_D0,F,1994,-5.20623,A,F,,,P1Y,S,,,GFS.A.N.I10.W0.S13.S1._Z.B.B9._Z._Z._Z.XDC_R_B1GQ._Z.S.V.N._T,,,,,,"See <a class=""external"" href=""http://sdw.ecb.europa.eu/web/generator/docu/rtdb_docu.pdf""> notes</a>; block Annual; series: B",,4,,,"Government deficit(-) or surplus(+), percent of GDP",Euro area (moving concept in the Real Time database context) - Deficit/surplus without UMTS proceeds - All sectors/ unspecified/ not applicable (ESA2010)-NCBs - General government (ESA2010)-NCBs - Non-financial flows current prices - Percentage,XDC_R_B1GQ,0,Replace,2003-10-01T15:30:00.000+02:00,
RTD.A.S0.N.F_UMD_CGG_D0.F,A,S0,N,F_UMD_CGG_D0,F,1995,-5.14754,A,F,,,P1Y,S,,,GFS.A.N.I10.W0.S13.S1._Z.B.B9._Z._Z._Z.XDC_R_B1GQ._Z.S.V.N._T,,,,,,"See <a class=""external"" href=""http://sdw.ecb.europa.eu/web/generator/docu/rtdb_docu.pdf""> notes</a>; block Annual; series: B",,4,,,"Government deficit(-) or surplus(+), percent of GDP",Euro area (moving concept in the Real Time database context) - Deficit/surplus without UMTS proceeds - All sectors/ unspecified/ not applicable (ESA2010)-NCBs - General government (ESA2010)-NCBs - Non-financial flows current prices - Percentage,XDC_R_B1GQ,0,Replace,2003-10-01T15:30:00.000+02:00,
RTD.A.S0.N.F_UMD_CGG_D0.F,A,S0,N,F_UMD_CGG_D0,F,1996,-4.34062,A,F,,,P1Y,S,,,GFS.A.N.I10.W0.S13.S1._Z.B.B9._Z._Z._Z.XDC_R_B1GQ._Z.S.V.N._T,,,,,,"See <a class=""external"" href=""http://sdw.ecb.europa.eu/web/generator/docu/rtdb_docu.pdf""> notes</a>; block Annual; series: B",,4,,,"Government deficit(-) or surplus(+), percent of GDP",Euro area (moving concept in the Real Time database context) - Deficit/surplus without UMTS proceeds - All sectors/ unspecified/ not applicable (ESA2010)-NCBs - General government (ESA2010)-NCBs - Non-financial flows current prices - Percentage,XDC_R_B1GQ,0,Replace,2003-10-01T15:30:00.000+02:00,
RTD.A.S0.N.F_UMD_CGG_D0.F,A,S0,N,F_UMD_CGG_D0,F,1997,-2.66705,A,F,,,P1Y,S,,,GFS.A.N.I10.W0.S13.S1._Z.B.B9._Z._Z._Z.XDC_R_B1GQ._Z.S.V.N._T,,,,,,"See <a class=""external"" href=""http://sdw.ecb.europa.eu/web/generator/docu/rtdb_docu.pdf""> notes</a>; block Annual; series: B",,4,,,"Government deficit(-) or surplus(+), percent of GDP",Euro area (moving concept in the Real Time database context) - Deficit/surplus without UMTS proceeds - All sectors/ unspecified/ not applicable (ESA2010)-NCBs - General government (ESA2010)-NCBs - Non-financial flows current prices - Percentage,XDC_R_B1GQ,0,Replace,2003-10-01T15:30:00.000+02:00,
RTD.A.S0.N.F_UMD_CGG_D0.F,A,S0,N,F_UMD_CGG_D0,F,1998,-2.28834,A,F,,,P1Y,S,,,GFS.A.N.I10.W0.S13.S1._Z.B.B9._Z._Z._Z.XDC_R_B1GQ._Z.S.V.N._T,,,,,,"See <a class=""external"" href=""http://sdw.ecb.europa.eu/web/generator/docu/rtdb_docu.pdf""> notes</a>; block Annual; series: B",,4,,,"Government deficit(-) or surplus(+), percent of GDP",Euro area (moving concept in the Real Time database context) - Deficit/surplus without UMTS proceeds - All sectors/ unspecified/ not applicable (ESA2010)-NCBs - General government (ESA2010)-NCBs - Non-financial flows current prices - Percentage,XDC_R_B1GQ,0,Replace,2003-10-01T15:30:00.000+02:00,
RTD.A.S0.N.F_UMD_CGG_D0.F,A,S0,N,F_UMD_CGG_D0,F,1999,-1.28884,A,F,,,P1Y,S,,,GFS.A.N.I10.W0.S13.S1._Z.B.B9._Z._Z._Z.XDC_R_B1GQ._Z.S.V.N._T,,,,,,"See <a class=""external"" href=""http://sdw.ecb.europa.eu/web/generator/docu/rtdb_docu.pdf""> notes</a>; block Annual; series: B",,4,,,"Government deficit(-) or surplus(+), percent of GDP",Euro area (moving concept in the Real Time database context) - Deficit/surplus without UMTS proceeds - All sectors/ unspecified/ not applicable (ESA2010)-NCBs - General government (ESA2010)-NCBs - Non-financial flows current prices - Percentage,XDC_R_B1GQ,0,Replace,2003-10-01T15:30:00.000+02:00,
RTD.A.S0.N.F_UMD_CGG_D0.F,A,S0,N,F_UMD_CGG_D0,F,2000,-0.90821,A,F,,,P1Y,S,,,GFS.A.N.I10.W0.S13.S1._Z.B.B9._Z._Z._Z.XDC_R_B1GQ._Z.S.V.N._T,,,,,,"See <a class=""external"" href=""http://sdw.ecb.europa.eu/web/generator/docu/rtdb_docu.pdf""> notes</a>; block Annual; series: B",,4,,,"Government deficit(-) or surplus(+), percent of GDP",Euro area (moving concept in the Real Time database context) - Deficit/surplus without UMTS proceeds - All sectors/ unspecified/ not applicable (ESA2010)-NCBs - General government (ESA2010)-NCBs - Non-financial flows current prices - Percentage,XDC_R_B1GQ,0,Replace,2003-10-01T15:30:00.000+02:00,
RTD.A.S0.N.F_UMD_CGG_D0.F,A,S0,N,F_UMD_CGG_D0,F,2001,-1.66548,A,F,,,P1Y,S,,,GFS.A.N.I10.W0.S13.S1._Z.B.B9._Z._Z._Z.XDC_R_B1GQ._Z.S.V.N._T,,,,,,"See <a class=""external"" href=""http://sdw.ecb.europa.eu/web/generator/docu/rtdb_docu.pdf""> notes</a>; block Annual; series: B",,4,,,"Government deficit(-) or surplus(+), percent of GDP",Euro area (moving concept in the Real Time database context) - Deficit/surplus without UMTS proceeds - All sectors/ unspecified/ not applicable (ESA2010)-NCBs - General government (ESA2010)-NCBs - Non-financial flows current prices - Percentage,XDC_R_B1GQ,0,Replace,2003-10-01T15:30:00.000+02:00,
RTD.A.S0.N.F_UMD_CGG_D0.F,A,S0,N,F_UMD_CGG_D0,F,2002,-2.27259,A,F,,,P1Y,S,,,GFS.A.N.I10.W0.S13.S1._Z.B.B9._Z._Z._Z.XDC_R_B1GQ._Z.S.V.N._T,,,,,,"See <a class=""external"" href=""http://sdw.ecb.europa.eu/web/generator/docu/rtdb_docu.pdf""> notes</a>; block Annual; series: B",,4,,,"Government deficit(-) or surplus(+), percent of GDP",Euro area (moving concept in the Real Time database context) - Deficit/surplus without UMTS proceeds - All sectors/ unspecified/ not applicable (ESA2010)-NCBs - General government (ESA2010)-NCBs - Non-financial flows current prices - Percentage,XDC_R_B1GQ,0,Replace,2003-10-01T15:30:00.000+02:00,
RTD.A.S0.N.F_UMD_CGG_D0.F,A,S0,N,F_UMD_CGG_D0,F,1991,-4.89591,A,F,,,P1Y,S,,,GFS.A.N.I10.W0.S13.S1._Z.B.B9._Z._Z._Z.XDC_R_B1GQ._Z.S.V.N._T,,,,,,"See <a class=""external"" href=""http://sdw.ecb.europa.eu/web/generator/docu/rtdb_docu.pdf""> notes</a>; block Annual; series: B",,4,,,"Government deficit(-) or surplus(+), percent of GDP",Euro area (moving concept in the Real Time database context) - Deficit/surplus without UMTS proceeds - All sectors/ unspecified/ not applicable (ESA2010)-NCBs - General government (ESA2010)-NCBs - Non-financial flows current prices - Percentage,XDC_R_B1GQ,0,Replace,2004-02-04T15:30:00.000+01:00,
RTD.A.S0.N.F_UMD_CGG_D0.F,A,S0,N,F_UMD_CGG_D0,F,1992,-5.01746,A,F,,,P1Y,S,,,GFS.A.N.I10.W0.S13.S1._Z.B.B9._Z._Z._Z.XDC_R_B1GQ._Z.S.V.N._T,,,,,,"See <a class=""external"" href=""http://sdw.ecb.europa.eu/web/generator/docu/rtdb_docu.pdf""> notes</a>; block Annual; series: B",,4,,,"Government deficit(-) or surplus(+), percent of GDP",Euro area (moving concept in the Real Time database context) - Deficit/surplus without UMTS proceeds - All sectors/ unspecified/ not applicable (ESA2010)-NCBs - General government (ESA2010)-NCBs - Non-financial flows current prices - Percentage,XDC_R_B1GQ,0,Replace,2004-02-04T15:30:00.000+01:00,
RTD.A.S0.N.F_UMD_CGG_D0.F,A,S0,N,F_UMD_CGG_D0,F,1993,-5.85165,A,F,,,P1Y,S,,,GFS.A.N.I10.W0.S13.S1._Z.B.B9._Z._Z._Z.XDC_R_B1GQ._Z.S.V.N._T,,,,,,"See <a class=""external"" href=""http://sdw.ecb.europa.eu/web/generator/docu/rtdb_docu.pdf""> notes</a>; block Annual; series: B",,4,,,"Government deficit(-) or surplus(+), percent of GDP",Euro area (moving concept in the Real Time database context) - Deficit/surplus without UMTS proceeds - All sectors/ unspecified/ not applicable (ESA2010)-NCBs - General government (ESA2010)-NCBs - Non-financial flows current prices - Percentage,XDC_R_B1GQ,0,Replace,2004-02-04T15:30:00.000+01:00,
RTD.A.S0.N.F_UMD_CGG_D0.F,A,S0,N,F_UMD_CGG_D0,F,1994,-5.20624,A,F,,,P1Y,S,,,GFS.A.N.I10.W0.S13.S1._Z.B.B9._Z._Z._Z.XDC_R_B1GQ._Z.S.V.N._T,,,,,,"See <a class=""external"" href=""http://sdw.ecb.europa.eu/web/generator/docu/rtdb_docu.pdf""> notes</a>; block Annual; series: B",,4,,,"Government deficit(-) or surplus(+), percent of GDP",Euro area (moving concept in the Real Time database context) - Deficit/surplus without UMTS proceeds - All sectors/ unspecified/ not applicable (ESA2010)-NCBs - General government (ESA2010)-NCBs - Non-financial flows current prices - Percentage,XDC_R_B1GQ,0,Replace,2004-02-04T15:30:00.000+01:00,
RTD.A.S0.N.F_UMD_CGG_D0.F,A,S0,N,F_UMD_CGG_D0,F,1995,-5.14826,A,F,,,P1Y,S,,,GFS.A.N.I10.W0.S13.S1._Z.B.B9._Z._Z._Z.XDC_R_B1GQ._Z.S.V.N._T,,,,,,"See <a class=""external"" href=""http://sdw.ecb.europa.eu/web/generator/docu/rtdb_docu.pdf""> notes</a>; block Annual; series: B",,4,,,"Government deficit(-) or surplus(+), percent of GDP",Euro area (moving concept in the Real Time database context) - Deficit/surplus without UMTS proceeds - All sectors/ unspecified/ not applicable (ESA2010)-NCBs - General government (ESA2010)-NCBs - Non-financial flows current prices - Percentage,XDC_R_B1GQ,0,Replace,2004-02-04T15:30:00.000+01:00,
RTD.A.S0.N.F_UMD_CGG_D0.F,A,S0,N,F_UMD_CGG_D0,F,1996,-4.34106,A,F,,,P1Y,S,,,GFS.A.N.I10.W0.S13.S1._Z.B.B9._Z._Z._Z.XDC_R_B1GQ._Z.S.V.N._T,,,,,,"See <a class=""external"" href=""http://sdw.ecb.europa.eu/web/generator/docu/rtdb_docu.pdf""> notes</a>; block Annual; series: B",,4,,,"Government deficit(-) or surplus(+), percent of GDP",Euro area (moving concept in the Real Time database context) - Deficit/surplus without UMTS proceeds - All sectors/ unspecified/ not applicable (ESA2010)-NCBs - General government (ESA2010)-NCBs - Non-financial flows current prices - Percentage,XDC_R_B1GQ,0,Replace,2004-02-04T15:30:00.000+01:00,
RTD.A.S0.N.F_UMD_CGG_D0.F,A,S0,N,F_UMD_CGG_D0,F,1997,-2.66768,A,F,,,P1Y,S,,,GFS.A.N.I10.W0.S13.S1._Z.B.B9._Z._Z._Z.XDC_R_B1GQ._Z.S.V.N._T,,,,,,"See <a class=""external"" href=""http://sdw.ecb.europa.eu/web/generator/docu/rtdb_docu.pdf""> notes</a>; block Annual; series: B",,4,,,"Government deficit(-) or surplus(+), percent of GDP",Euro area (moving concept in the Real Time database context) - Deficit/surplus without UMTS proceeds - All sectors/ unspecified/ not applicable (ESA2010)-NCBs - General government (ESA2010)-NCBs - Non-financial flows current prices - Percentage,XDC_R_B1GQ,0,Replace,2004-02-04T15:30:00.000+01:00,
RTD.A.S0.N.F_UMD_CGG_D0.F,A,S0,N,F_UMD_CGG_D0,F,1998,-2.28835,A,F,,,P1Y,S,,,GFS.A.N.I10.W0.S13.S1._Z.B.B9._Z._Z._Z.XDC_R_B1GQ._Z.S.V.N._T,,,,,,"See <a class=""external"" href=""http://sdw.ecb.europa.eu/web/generator/docu/rtdb_docu.pdf""> notes</a>; block Annual; series: B",,4,,,"Government deficit(-) or surplus(+), percent of GDP",Euro area (moving concept in the Real Time database context) - Deficit/surplus without UMTS proceeds - All sectors/ unspecified/ not applicable (ESA2010)-NCBs - General government (ESA2010)-NCBs - Non-financial flows current prices - Percentage,XDC_R_B1GQ,0,Replace,2004-02-04T15:30:00.000+01:00,
RTD.A.S0.N.F_UMD_CGG_D0.F,A,S0,N,F_UMD_CGG_D0,F,1999,-1.28939,A,F,,,P1Y,S,,,GFS.A.N.I10.W0.S13.S1._Z.B.B9._Z._Z._Z.XDC_R_B1GQ._Z.S.V.N._T,,,,,,"See <a class=""external"" href=""http://sdw.ecb.europa.eu/web/generator/docu/rtdb_docu.pdf""> notes</a>; block Annual; series: B",,4,,,"Government deficit(-) or surplus(+), percent of GDP",Euro area (moving concept in the Real Time database context) - Deficit/surplus without UMTS proceeds - All sectors/ unspecified/ not applicable (ESA2010)-NCBs - General government (ESA2010)-NCBs - Non-financial flows current prices - Percentage,XDC_R_B1GQ,0,Replace,2004-02-04T15:30:00.000+01:00,
RTD.A.S0.N.F_UMD_CGG_D0.F,A,S0,N,F_UMD_CGG_D0,F,2000,-0.90818,A,F,,,P1Y,S,,,GFS.A.N.I10.W0.S13.S1._Z.B.B9._Z._Z._Z.XDC_R_B1GQ._Z.S.V.N._T,,,,,,"See <a class=""external"" href=""http://sdw.ecb.europa.eu/web/generator/docu/rtdb_docu.pdf""> notes</a>; block Annual; series: B",,4,,,"Government deficit(-) or surplus(+), percent of GDP",Euro area (moving concept in the Real Time database context) - Deficit/surplus without UMTS proceeds - All sectors/ unspecified/ not applicable (ESA2010)-NCBs - General government (ESA2010)-NCBs - Non-financial flows current prices - Percentage,XDC_R_B1GQ,0,Replace,2004-02-04T15:30:00.000+01:00,
RTD.A.S0.N.F_UMD_CGG_D0.F,A,S0,N,F_UMD_CGG_D0,F,2001,-1.67065,A,F,,,P1Y,S,,,GFS.A.N.I10.W0.S13.S1._Z.B.B9._Z._Z._Z.XDC_R_B1GQ._Z.S.V.N._T,,,,,,"See <a class=""external"" href=""http://sdw.ecb.europa.eu/web/generator/docu/rtdb_docu.pdf""> notes</a>; block Annual; series: B",,4,,,"Government deficit(-) or surplus(+), percent of GDP",Euro area (moving concept in the Real Time database context) - Deficit/surplus without UMTS proceeds - All sectors/ unspecified/ not applicable (ESA2010)-NCBs - General government (ESA2010)-NCBs - Non-financial flows current prices - Percentage,XDC_R_B1GQ,0,Replace,2004-02-04T15:30:00.000+01:00,
RTD.A.S0.N.F_UMD_CGG_D0.F,A,S0,N,F_UMD_CGG_D0,F,2002,-2.2757,A,F,,,P1Y,S,,,GFS.A.N.I10.W0.S13.S1._Z.B.B9._Z._Z._Z.XDC_R_B1GQ._Z.S.V.N._T,,,,,,"See <a class=""external"" href=""http://sdw.ecb.europa.eu/web/generator/docu/rtdb_docu.pdf""> notes</a>; block Annual; series: B",,4,,,"Government deficit(-) or surplus(+), percent of GDP",Euro area (moving concept in the Real Time database context) - Deficit/surplus without UMTS proceeds - All sectors/ unspecified/ not applicable (ESA2010)-NCBs - General government (ESA2010)-NCBs - Non-financial flows current prices - Percentage,XDC_R_B1GQ,0,Replace,2004-02-04T15:30:00.000+01:00,
RTD.A.S0.N.F_UMD_CGG_D0.F,A,S0,N,F_UMD_CGG_D0,F,1991,-4.89547,A,F,,,P1Y,S,,,GFS.A.N.I10.W0.S13.S1._Z.B.B9._Z._Z._Z.XDC_R_B1GQ._Z.S.V.N._T,,,,,,"See <a class=""external"" href=""http://sdw.ecb.europa.eu/web/generator/docu/rtdb_docu.pdf""> notes</a>; block Annual; series: B",,4,,,"Government deficit(-) or surplus(+), percent of GDP",Euro area (moving concept in the Real Time database context) - Deficit/surplus without UMTS proceeds - All sectors/ unspecified/ not applicable (ESA2010)-NCBs - General government (ESA2010)-NCBs - Non-financial flows current prices - Percentage,XDC_R_B1GQ,0,Replace,2004-05-05T15:30:00.000+02:00,
RTD.A.S0.N.F_UMD_CGG_D0.F,A,S0,N,F_UMD_CGG_D0,F,1992,-5.01917,A,F,,,P1Y,S,,,GFS.A.N.I10.W0.S13.S1._Z.B.B9._Z._Z._Z.XDC_R_B1GQ._Z.S.V.N._T,,,,,,"See <a class=""external"" href=""http://sdw.ecb.europa.eu/web/generator/docu/rtdb_docu.pdf""> notes</a>; block Annual; series: B",,4,,,"Government deficit(-) or surplus(+), percent of GDP",Euro area (moving concept in the Real Time database context) - Deficit/surplus without UMTS proceeds - All sectors/ unspecified/ not applicable (ESA2010)-NCBs - General government (ESA2010)-NCBs - Non-financial flows current prices - Percentage,XDC_R_B1GQ,0,Replace,2004-05-05T15:30:00.000+02:00,
RTD.A.S0.N.F_UMD_CGG_D0.F,A,S0,N,F_UMD_CGG_D0,F,1993,-5.8554,A,F,,,P1Y,S,,,GFS.A.N.I10.W0.S13.S1._Z.B.B9._Z._Z._Z.XDC_R_B1GQ._Z.S.V.N._T,,,,,,"See <a class=""external"" href=""http://sdw.ecb.europa.eu/web/generator/docu/rtdb_docu.pdf""> notes</a>; block Annual; series: B",,4,,,"Government deficit(-) or surplus(+), percent of GDP",Euro area (moving concept in the Real Time database context) - Deficit/surplus without UMTS proceeds - All sectors/ unspecified/ not applicable (ESA2010)-NCBs - General government (ESA2010)-NCBs - Non-financial flows current prices - Percentage,XDC_R_B1GQ,0,Replace,2004-05-05T15:30:00.000+02:00,
RTD.A.S0.N.F_UMD_CGG_D0.F,A,S0,N,F_UMD_CGG_D0,F,1994,-5.20951,A,F,,,P1Y,S,,,GFS.A.N.I10.W0.S13.S1._Z.B.B9._Z._Z._Z.XDC_R_B1GQ._Z.S.V.N._T,,,,,,"See <a class=""external"" href=""http://sdw.ecb.europa.eu/web/generator/docu/rtdb_docu.pdf""> notes</a>; block Annual; series: B",,4,,,"Government deficit(-) or surplus(+), percent of GDP",Euro area (moving concept in the Real Time database context) - Deficit/surplus without UMTS proceeds - All sectors/ unspecified/ not applicable (ESA2010)-NCBs - General government (ESA2010)-NCBs - Non-financial flows current prices - Percentage,XDC_R_B1GQ,0,Replace,2004-05-05T15:30:00.000+02:00,
RTD.A.S0.N.F_UMD_CGG_D0.F,A,S0,N,F_UMD_CGG_D0,F,1995,-5.15081,A,F,,,P1Y,S,,,GFS.A.N.I10.W0.S13.S1._Z.B.B9._Z._Z._Z.XDC_R_B1GQ._Z.S.V.N._T,,,,,,"See <a class=""external"" href=""http://sdw.ecb.europa.eu/web/generator/docu/rtdb_docu.pdf""> notes</a>; block Annual; series: B",,4,,,"Government deficit(-) or surplus(+), percent of GDP",Euro area (moving concept in the Real Time database context) - Deficit/surplus without UMTS proceeds - All sectors/ unspecified/ not applicable (ESA2010)-NCBs - General government (ESA2010)-NCBs - Non-financial flows current prices - Percentage,XDC_R_B1GQ,0,Replace,2004-05-05T15:30:00.000+02:00,
RTD.A.S0.N.F_UMD_CGG_D0.F,A,S0,N,F_UMD_CGG_D0,F,1996,-4.34136,A,F,,,P1Y,S,,,GFS.A.N.I10.W0.S13.S1._Z.B.B9._Z._Z._Z.XDC_R_B1GQ._Z.S.V.N._T,,,,,,"See <a class=""external"" href=""http://sdw.ecb.europa.eu/web/generator/docu/rtdb_docu.pdf""> notes</a>; block Annual; series: B",,4,,,"Government deficit(-) or surplus(+), percent of GDP",Euro area (moving concept in the Real Time database context) - Deficit/surplus without UMTS proceeds - All sectors/ unspecified/ not applicable (ESA2010)-NCBs - General government (ESA2010)-NCBs - Non-financial flows current prices - Percentage,XDC_R_B1GQ,0,Replace,2004-05-05T15:30:00.000+02:00,
RTD.A.S0.N.F_UMD_CGG_D0.F,A,S0,N,F_UMD_CGG_D0,F,1997,-2.6681,A,F,,,P1Y,S,,,GFS.A.N.I10.W0.S13.S1._Z.B.B9._Z._Z._Z.XDC_R_B1GQ._Z.S.V.N._T,,,,,,"See <a class=""external"" href=""http://sdw.ecb.europa.eu/web/generator/docu/rtdb_docu.pdf""> notes</a>; block Annual; series: B",,4,,,"Government deficit(-) or surplus(+), percent of GDP",Euro area (moving concept in the Real Time database context) - Deficit/surplus without UMTS proceeds - All sectors/ unspecified/ not applicable (ESA2010)-NCBs - General government (ESA2010)-NCBs - Non-financial flows current prices - Percentage,XDC_R_B1GQ,0,Replace,2004-05-05T15:30:00.000+02:00,
RTD.A.S0.N.F_UMD_CGG_D0.F,A,S0,N,F_UMD_CGG_D0,F,1998,-2.28795,A,F,,,P1Y,S,,,GFS.A.N.I10.W0.S13.S1._Z.B.B9._Z._Z._Z.XDC_R_B1GQ._Z.S.V.N._T,,,,,,"See <a class=""external"" href=""http://sdw.ecb.europa.eu/web/generator/docu/rtdb_docu.pdf""> notes</a>; block Annual; series: B",,4,,,"Government deficit(-) or surplus(+), percent of GDP",Euro area (moving concept in the Real Time database context) - Deficit/surplus without UMTS proceeds - All sectors/ unspecified/ not applicable (ESA2010)-NCBs - General government (ESA2010)-NCBs - Non-financial flows current prices - Percentage,XDC_R_B1GQ,0,Replace,2004-05-05T15:30:00.000+02:00,
RTD.A.S0.N.F_UMD_CGG_D0.F,A,S0,N,F_UMD_CGG_D0,F,1999,-1.32095,A,F,,,P1Y,S,,,GFS.A.N.I10.W0.S13.S1._Z.B.B9._Z._Z._Z.XDC_R_B1GQ._Z.S.V.N._T,,,,,,"See <a class=""external"" href=""http://sdw.ecb.europa.eu/web/generator/docu/rtdb_docu.pdf""> notes</a>; block Annual; series: B",,4,,,"Government deficit(-) or surplus(+), percent of GDP",Euro area (moving concept in the Real Time database context) - Deficit/surplus without UMTS proceeds - All sectors/ unspecified/ not applicable (ESA2010)-NCBs - General government (ESA2010)-NCBs - Non-financial flows current prices - Percentage,XDC_R_B1GQ,0,Replace,2004-05-05T15:30:00.000+02:00,
RTD.A.S0.N.F_UMD_CGG_D0.F,A,S0,N,F_UMD_CGG_D0,F,2000,-0.92064,A,F,,,P1Y,S,,,GFS.A.N.I10.W0.S13.S1._Z.B.B9._Z._Z._Z.XDC_R_B1GQ._Z.S.V.N._T,,,,,,"See <a class=""external"" href=""http://sdw.ecb.europa.eu/web/generator/docu/rtdb_docu.pdf""> notes</a>; block Annual; series: B",,4,,,"Government deficit(-) or surplus(+), percent of GDP",Euro area (moving concept in the Real Time database context) - Deficit/surplus without UMTS proceeds - All sectors/ unspecified/ not applicable (ESA2010)-NCBs - General government (ESA2010)-NCBs - Non-financial flows current prices - Percentage,XDC_R_B1GQ,0,Replace,2004-05-05T15:30:00.000+02:00,
RTD.A.S0.N.F_UMD_CGG_D0.F,A,S0,N,F_UMD_CGG_D0,F,2001,-1.68253,A,F,,,P1Y,S,,,GFS.A.N.I10.W0.S13.S1._Z.B.B9._Z._Z._Z.XDC_R_B1GQ._Z.S.V.N._T,,,,,,"See <a class=""external"" href=""http://sdw.ecb.europa.eu/web/generator/docu/rtdb_docu.pdf""> notes</a>; block Annual; series: B",,4,,,"Government deficit(-) or surplus(+), percent of GDP",Euro area (moving concept in the Real Time database context) - Deficit/surplus without UMTS proceeds - All sectors/ unspecified/ not applicable (ESA2010)-NCBs - General government (ESA2010)-NCBs - Non-financial flows current prices - Percentage,XDC_R_B1GQ,0,Replace,2004-05-05T15:30:00.000+02:00,
RTD.A.S0.N.F_UMD_CGG_D0.F,A,S0,N,F_UMD_CGG_D0,F,2002,-2.30299,A,F,,,P1Y,S,,,GFS.A.N.I10.W0.S13.S1._Z.B.B9._Z._Z._Z.XDC_R_B1GQ._Z.S.V.N._T,,,,,,"See <a class=""external"" href=""http://sdw.ecb.europa.eu/web/generator/docu/rtdb_docu.pdf""> notes</a>; block Annual; series: B",,4,,,"Government deficit(-) or surplus(+), percent of GDP",Euro area (moving concept in the Real Time database context) - Deficit/surplus without UMTS proceeds - All sectors/ unspecified/ not applicable (ESA2010)-NCBs - General government (ESA2010)-NCBs - Non-financial flows current prices - Percentage,XDC_R_B1GQ,0,Replace,2004-05-05T15:30:00.000+02:00,
RTD.A.S0.N.F_UMD_CGG_D0.F,A,S0,N,F_UMD_CGG_D0,F,2003,-2.73768,A,F,,,P1Y,S,,,GFS.A.N.I10.W0.S13.S1._Z.B.B9._Z._Z._Z.XDC_R_B1GQ._Z.S.V.N._T,,,,,,"See <a class=""external"" href=""http://sdw.ecb.europa.eu/web/generator/docu/rtdb_docu.pdf""> notes</a>; block Annual; series: B",,4,,,"Government deficit(-) or surplus(+), percent of GDP",Euro area (moving concept in the Real Time database context) - Deficit/surplus without UMTS proceeds - All sectors/ unspecified/ not applicable (ESA2010)-NCBs - General government (ESA2010)-NCBs - Non-financial flows current prices - Percentage,XDC_R_B1GQ,0,Replace,2004-05-05T15:30:00.000+02:00,
RTD.A.S0.N.F_UMD_CGG_D0.F,A,S0,N,F_UMD_CGG_D0,F,1991,-4.88412,A,F,,,P1Y,S,,,GFS.A.N.I10.W0.S13.S1._Z.B.B9._Z._Z._Z.XDC_R_B1GQ._Z.S.V.N._T,,,,,,"See <a class=""external"" href=""http://sdw.ecb.europa.eu/web/generator/docu/rtdb_docu.pdf""> notes</a>; block Annual; series: B",,4,,,"Government deficit(-) or surplus(+), percent of GDP",Euro area (moving concept in the Real Time database context) - Deficit/surplus without UMTS proceeds - All sectors/ unspecified/ not applicable (ESA2010)-NCBs - General government (ESA2010)-NCBs - Non-financial flows current prices - Percentage,XDC_R_B1GQ,0,Replace,2004-06-02T15:30:00.000+02:00,
RTD.A.S0.N.F_UMD_CGG_D0.F,A,S0,N,F_UMD_CGG_D0,F,1992,-5.0192,A,F,,,P1Y,S,,,GFS.A.N.I10.W0.S13.S1._Z.B.B9._Z._Z._Z.XDC_R_B1GQ._Z.S.V.N._T,,,,,,"See <a class=""external"" href=""http://sdw.ecb.europa.eu/web/generator/docu/rtdb_docu.pdf""> notes</a>; block Annual; series: B",,4,,,"Government deficit(-) or surplus(+), percent of GDP",Euro area (moving concept in the Real Time database context) - Deficit/surplus without UMTS proceeds - All sectors/ unspecified/ not applicable (ESA2010)-NCBs - General government (ESA2010)-NCBs - Non-financial flows current prices - Percentage,XDC_R_B1GQ,0,Replace,2004-06-02T15:30:00.000+02:00,
RTD.A.S0.N.F_UMD_CGG_D0.F,A,S0,N,F_UMD_CGG_D0,F,1993,-5.85544,A,F,,,P1Y,S,,,GFS.A.N.I10.W0.S13.S1._Z.B.B9._Z._Z._Z.XDC_R_B1GQ._Z.S.V.N._T,,,,,,"See <a class=""external"" href=""http://sdw.ecb.europa.eu/web/generator/docu/rtdb_docu.pdf""> notes</a>; block Annual; series: B",,4,,,"Government deficit(-) or surplus(+), percent of GDP",Euro area (moving concept in the Real Time database context) - Deficit/surplus without UMTS proceeds - All sectors/ unspecified/ not applicable (ESA2010)-NCBs - General government (ESA2010)-NCBs - Non-financial flows current prices - Percentage,XDC_R_B1GQ,0,Replace,2004-06-02T15:30:00.000+02:00,
RTD.A.S0.N.F_UMD_CGG_D0.F,A,S0,N,F_UMD_CGG_D0,F,1994,-5.20948,A,F,,,P1Y,S,,,GFS.A.N.I10.W0.S13.S1._Z.B.B9._Z._Z._Z.XDC_R_B1GQ._Z.S.V.N._T,,,,,,"See <a class=""external"" href=""http://sdw.ecb.europa.eu/web/generator/docu/rtdb_docu.pdf""> notes</a>; block Annual; series: B",,4,,,"Government deficit(-) or surplus(+), percent of GDP",Euro area (moving concept in the Real Time database context) - Deficit/surplus without UMTS proceeds - All sectors/ unspecified/ not applicable (ESA2010)-NCBs - General government (ESA2010)-NCBs - Non-financial flows current prices - Percentage,XDC_R_B1GQ,0,Replace,2004-06-02T15:30:00.000+02:00,
RTD.A.S0.N.F_UMD_CGG_D0.F,A,S0,N,F_UMD_CGG_D0,F,1995,-5.15075,A,F,,,P1Y,S,,,GFS.A.N.I10.W0.S13.S1._Z.B.B9._Z._Z._Z.XDC_R_B1GQ._Z.S.V.N._T,,,,,,"See <a class=""external"" href=""http://sdw.ecb.europa.eu/web/generator/docu/rtdb_docu.pdf""> notes</a>; block Annual; series: B",,4,,,"Government deficit(-) or surplus(+), percent of GDP",Euro area (moving concept in the Real Time database context) - Deficit/surplus without UMTS proceeds - All sectors/ unspecified/ not applicable (ESA2010)-NCBs - General government (ESA2010)-NCBs - Non-financial flows current prices - Percentage,XDC_R_B1GQ,0,Replace,2004-06-02T15:30:00.000+02:00,
RTD.A.S0.N.F_UMD_CGG_D0.F,A,S0,N,F_UMD_CGG_D0,F,1996,-4.34139,A,F,,,P1Y,S,,,GFS.A.N.I10.W0.S13.S1._Z.B.B9._Z._Z._Z.XDC_R_B1GQ._Z.S.V.N._T,,,,,,"See <a class=""external"" href=""http://sdw.ecb.europa.eu/web/generator/docu/rtdb_docu.pdf""> notes</a>; block Annual; series: B",,4,,,"Government deficit(-) or surplus(+), percent of GDP",Euro area (moving concept in the Real Time database context) - Deficit/surplus without UMTS proceeds - All sectors/ unspecified/ not applicable (ESA2010)-NCBs - General government (ESA2010)-NCBs - Non-financial flows current prices - Percentage,XDC_R_B1GQ,0,Replace,2004-06-02T15:30:00.000+02:00,
RTD.A.S0.N.F_UMD_CGG_D0.F,A,S0,N,F_UMD_CGG_D0,F,1997,-2.66812,A,F,,,P1Y,S,,,GFS.A.N.I10.W0.S13.S1._Z.B.B9._Z._Z._Z.XDC_R_B1GQ._Z.S.V.N._T,,,,,,"See <a class=""external"" href=""http://sdw.ecb.europa.eu/web/generator/docu/rtdb_docu.pdf""> notes</a>; block Annual; series: B",,4,,,"Government deficit(-) or surplus(+), percent of GDP",Euro area (moving concept in the Real Time database context) - Deficit/surplus without UMTS proceeds - All sectors/ unspecified/ not applicable (ESA2010)-NCBs - General government (ESA2010)-NCBs - Non-financial flows current prices - Percentage,XDC_R_B1GQ,0,Replace,2004-06-02T15:30:00.000+02:00,
RTD.A.S0.N.F_UMD_CGG_D0.F,A,S0,N,F_UMD_CGG_D0,F,1999,-1.29085,A,F,,,P1Y,S,,,GFS.A.N.I10.W0.S13.S1._Z.B.B9._Z._Z._Z.XDC_R_B1GQ._Z.S.V.N._T,,,,,,"See <a class=""external"" href=""http://sdw.ecb.europa.eu/web/generator/docu/rtdb_docu.pdf""> notes</a>; block Annual; series: B",,4,,,"Government deficit(-) or surplus(+), percent of GDP",Euro area (moving concept in the Real Time database context) - Deficit/surplus without UMTS proceeds - All sectors/ unspecified/ not applicable (ESA2010)-NCBs - General government (ESA2010)-NCBs - Non-financial flows current prices - Percentage,XDC_R_B1GQ,0,Replace,2004-06-02T15:30:00.000+02:00,
RTD.A.S0.N.F_UMD_CGG_D0.F,A,S0,N,F_UMD_CGG_D0,F,2000,-0.92007,A,F,,,P1Y,S,,,GFS.A.N.I10.W0.S13.S1._Z.B.B9._Z._Z._Z.XDC_R_B1GQ._Z.S.V.N._T,,,,,,"See <a class=""external"" href=""http://sdw.ecb.europa.eu/web/generator/docu/rtdb_docu.pdf""> notes</a>; block Annual; series: B",,4,,,"Government deficit(-) or surplus(+), percent of GDP",Euro area (moving concept in the Real Time database context) - Deficit/surplus without UMTS proceeds - All sectors/ unspecified/ not applicable (ESA2010)-NCBs - General government (ESA2010)-NCBs - Non-financial flows current prices - Percentage,XDC_R_B1GQ,0,Replace,2004-06-02T15:30:00.000+02:00,
RTD.A.S0.N.F_UMD_CGG_D0.F,A,S0,N,F_UMD_CGG_D0,F,2001,-1.68153,A,F,,,P1Y,S,,,GFS.A.N.I10.W0.S13.S1._Z.B.B9._Z._Z._Z.XDC_R_B1GQ._Z.S.V.N._T,,,,,,"See <a class=""external"" href=""http://sdw.ecb.europa.eu/web/generator/docu/rtdb_docu.pdf""> notes</a>; block Annual; series: B",,4,,,"Government deficit(-) or surplus(+), percent of GDP",Euro area (moving concept in the Real Time database context) - Deficit/surplus without UMTS proceeds - All sectors/ unspecified/ not applicable (ESA2010)-NCBs - General government (ESA2010)-NCBs - Non-financial flows current prices - Percentage,XDC_R_B1GQ,0,Replace,2004-06-02T15:30:00.000+02:00,
RTD.A.S0.N.F_UMD_CGG_D0.F,A,S0,N,F_UMD_CGG_D0,F,2002,-2.3235,A,F,,,P1Y,S,,,GFS.A.N.I10.W0.S13.S1._Z.B.B9._Z._Z._Z.XDC_R_B1GQ._Z.S.V.N._T,,,,,,"See <a class=""external"" href=""http://sdw.ecb.europa.eu/web/generator/docu/rtdb_docu.pdf""> notes</a>; block Annual; series: B",,4,,,"Government deficit(-) or surplus(+), percent of GDP",Euro area (moving concept in the Real Time database context) - Deficit/surplus without UMTS proceeds - All sectors/ unspecified/ not applicable (ESA2010)-NCBs - General government (ESA2010)-NCBs - Non-financial flows current prices - Percentage,XDC_R_B1GQ,0,Replace,2004-06-02T15:30:00.000+02:00,
RTD.A.S0.N.F_UMD_CGG_D0.F,A,S0,N,F_UMD_CGG_D0,F,2003,-2.74475,A,F,,,P1Y,S,,,GFS.A.N.I10.W0.S13.S1._Z.B.B9._Z._Z._Z.XDC_R_B1GQ._Z.S.V.N._T,,,,,,"See <a class=""external"" href=""http://sdw.ecb.europa.eu/web/generator/docu/rtdb_docu.pdf""> notes</a>; block Annual; series: B",,4,,,"Government deficit(-) or surplus(+), percent of GDP",Euro area (moving concept in the Real Time database context) - Deficit/surplus without UMTS proceeds - All sectors/ unspecified/ not applicable (ESA2010)-NCBs - General government (ESA2010)-NCBs - Non-financial flows current prices - Percentage,XDC_R_B1GQ,0,Replace,2004-06-02T15:30:00.000+02:00,
RTD.A.S0.N.F_UMD_CGG_D0.F,A,S0,N,F_UMD_CGG_D0,F,1993,-5.85486,A,F,,,P1Y,S,,,GFS.A.N.I10.W0.S13.S1._Z.B.B9._Z._Z._Z.XDC_R_B1GQ._Z.S.V.N._T,,,,,,"See <a class=""external"" href=""http://sdw.ecb.europa.eu/web/generator/docu/rtdb_docu.pdf""> notes</a>; block Annual; series: B",,4,,,"Government deficit(-) or surplus(+), percent of GDP",Euro area (moving concept in the Real Time database context) - Deficit/surplus without UMTS proceeds - All sectors/ unspecified/ not applicable (ESA2010)-NCBs - General government (ESA2010)-NCBs - Non-financial flows current prices - Percentage,XDC_R_B1GQ,0,Replace,2004-10-06T15:30:00.000+02:00,
RTD.A.S0.N.F_UMD_CGG_D0.F,A,S0,N,F_UMD_CGG_D0,F,1994,-5.20949,A,F,,,P1Y,S,,,GFS.A.N.I10.W0.S13.S1._Z.B.B9._Z._Z._Z.XDC_R_B1GQ._Z.S.V.N._T,,,,,,"See <a class=""external"" href=""http://sdw.ecb.europa.eu/web/generator/docu/rtdb_docu.pdf""> notes</a>; block Annual; series: B",,4,,,"Government deficit(-) or surplus(+), percent of GDP",Euro area (moving concept in the Real Time database context) - Deficit/surplus without UMTS proceeds - All sectors/ unspecified/ not applicable (ESA2010)-NCBs - General government (ESA2010)-NCBs - Non-financial flows current prices - Percentage,XDC_R_B1GQ,0,Replace,2004-10-06T15:30:00.000+02:00,
RTD.A.S0.N.F_UMD_CGG_D0.F,A,S0,N,F_UMD_CGG_D0,F,1995,-5.16836,A,F,,,P1Y,S,,,GFS.A.N.I10.W0.S13.S1._Z.B.B9._Z._Z._Z.XDC_R_B1GQ._Z.S.V.N._T,,,,,,"See <a class=""external"" href=""http://sdw.ecb.europa.eu/web/generator/docu/rtdb_docu.pdf""> notes</a>; block Annual; series: B",,4,,,"Government deficit(-) or surplus(+), percent of GDP",Euro area (moving concept in the Real Time database context) - Deficit/surplus without UMTS proceeds - All sectors/ unspecified/ not applicable (ESA2010)-NCBs - General government (ESA2010)-NCBs - Non-financial flows current prices - Percentage,XDC_R_B1GQ,0,Replace,2004-10-06T15:30:00.000+02:00,
RTD.A.S0.N.F_UMD_CGG_D0.F,A,S0,N,F_UMD_CGG_D0,F,1996,-4.3446,A,F,,,P1Y,S,,,GFS.A.N.I10.W0.S13.S1._Z.B.B9._Z._Z._Z.XDC_R_B1GQ._Z.S.V.N._T,,,,,,"See <a class=""external"" href=""http://sdw.ecb.europa.eu/web/generator/docu/rtdb_docu.pdf""> notes</a>; block Annual; series: B",,4,,,"Government deficit(-) or surplus(+), percent of GDP",Euro area (moving concept in the Real Time database context) - Deficit/surplus without UMTS proceeds - All sectors/ unspecified/ not applicable (ESA2010)-NCBs - General government (ESA2010)-NCBs - Non-financial flows current prices - Percentage,XDC_R_B1GQ,0,Replace,2004-10-06T15:30:00.000+02:00,
RTD.A.S0.N.F_UMD_CGG_D0.F,A,S0,N,F_UMD_CGG_D0,F,1997,-2.66715,A,F,,,P1Y,S,,,GFS.A.N.I10.W0.S13.S1._Z.B.B9._Z._Z._Z.XDC_R_B1GQ._Z.S.V.N._T,,,,,,"See <a class=""external"" href=""http://sdw.ecb.europa.eu/web/generator/docu/rtdb_docu.pdf""> notes</a>; block Annual; series: B",,4,,,"Government deficit(-) or surplus(+), percent of GDP",Euro area (moving concept in the Real Time database context) - Deficit/surplus without UMTS proceeds - All sectors/ unspecified/ not applicable (ESA2010)-NCBs - General government (ESA2010)-NCBs - Non-financial flows current prices - Percentage,XDC_R_B1GQ,0,Replace,2004-10-06T15:30:00.000+02:00,
RTD.A.S0.N.F_UMD_CGG_D0.F,A,S0,N,F_UMD_CGG_D0,F,1998,-2.28593,A,F,,,P1Y,S,,,GFS.A.N.I10.W0.S13.S1._Z.B.B9._Z._Z._Z.XDC_R_B1GQ._Z.S.V.N._T,,,,,,"See <a class=""external"" href=""http://sdw.ecb.europa.eu/web/generator/docu/rtdb_docu.pdf""> notes</a>; block Annual; series: B",,4,,,"Government deficit(-) or surplus(+), percent of GDP",Euro area (moving concept in the Real Time database context) - Deficit/surplus without UMTS proceeds - All sectors/ unspecified/ not applicable (ESA2010)-NCBs - General government (ESA2010)-NCBs - Non-financial flows current prices - Percentage,XDC_R_B1GQ,0,Replace,2004-10-06T15:30:00.000+02:00,
RTD.A.S0.N.F_UMD_CGG_D0.F,A,S0,N,F_UMD_CGG_D0,F,1999,-1.28846,A,F,,,P1Y,S,,,GFS.A.N.I10.W0.S13.S1._Z.B.B9._Z._Z._Z.XDC_R_B1GQ._Z.S.V.N._T,,,,,,"See <a class=""external"" href=""http://sdw.ecb.europa.eu/web/generator/docu/rtdb_docu.pdf""> notes</a>; block Annual; series: B",,4,,,"Government deficit(-) or surplus(+), percent of GDP",Euro area (moving concept in the Real Time database context) - Deficit/surplus without UMTS proceeds - All sectors/ unspecified/ not applicable (ESA2010)-NCBs - General government (ESA2010)-NCBs - Non-financial flows current prices - Percentage,XDC_R_B1GQ,0,Replace,2004-10-06T15:30:00.000+02:00,
RTD.A.S0.N.F_UMD_CGG_D0.F,A,S0,N,F_UMD_CGG_D0,F,2000,-0.95836,A,F,,,P1Y,S,,,GFS.A.N.I10.W0.S13.S1._Z.B.B9._Z._Z._Z.XDC_R_B1GQ._Z.S.V.N._T,,,,,,"See <a class=""external"" href=""http://sdw.ecb.europa.eu/web/generator/docu/rtdb_docu.pdf""> notes</a>; block Annual; series: B",,4,,,"Government deficit(-) or surplus(+), percent of GDP",Euro area (moving concept in the Real Time database context) - Deficit/surplus without UMTS proceeds - All sectors/ unspecified/ not applicable (ESA2010)-NCBs - General government (ESA2010)-NCBs - Non-financial flows current prices - Percentage,XDC_R_B1GQ,0,Replace,2004-10-06T15:30:00.000+02:00,
RTD.A.S0.N.F_UMD_CGG_D0.F,A,S0,N,F_UMD_CGG_D0,F,2001,-1.72167,A,F,,,P1Y,S,,,GFS.A.N.I10.W0.S13.S1._Z.B.B9._Z._Z._Z.XDC_R_B1GQ._Z.S.V.N._T,,,,,,"See <a class=""external"" href=""http://sdw.ecb.europa.eu/web/generator/docu/rtdb_docu.pdf""> notes</a>; block Annual; series: B",,4,,,"Government deficit(-) or surplus(+), percent of GDP",Euro area (moving concept in the Real Time database context) - Deficit/surplus without UMTS proceeds - All sectors/ unspecified/ not applicable (ESA2010)-NCBs - General government (ESA2010)-NCBs - Non-financial flows current prices - Percentage,XDC_R_B1GQ,0,Replace,2004-10-06T15:30:00.000+02:00,
RTD.A.S0.N.F_UMD_CGG_D0.F,A,S0,N,F_UMD_CGG_D0,F,2002,-2.42034,A,F,,,P1Y,S,,,GFS.A.N.I10.W0.S13.S1._Z.B.B9._Z._Z._Z.XDC_R_B1GQ._Z.S.V.N._T,,,,,,"See <a class=""external"" href=""http://sdw.ecb.europa.eu/web/generator/docu/rtdb_docu.pdf""> notes</a>; block Annual; series: B",,4,,,"Government deficit(-) or surplus(+), percent of GDP",Euro area (moving concept in the Real Time database context) - Deficit/surplus without UMTS proceeds - All sectors/ unspecified/ not applicable (ESA2010)-NCBs - General government (ESA2010)-NCBs - Non-financial flows current prices - Percentage,XDC_R_B1GQ,0,Replace,2004-10-06T15:30:00.000+02:00,
RTD.A.S0.N.F_UMD_CGG_D0.F,A,S0,N,F_UMD_CGG_D0,F,2003,-2.74457,A,F,,,P1Y,S,,,GFS.A.N.I10.W0.S13.S1._Z.B.B9._Z._Z._Z.XDC_R_B1GQ._Z.S.V.N._T,,,,,,"See <a class=""external"" href=""http://sdw.ecb.europa.eu/web/generator/docu/rtdb_docu.pdf""> notes</a>; block Annual; series: B",,4,,,"Government deficit(-) or surplus(+), percent of GDP",Euro area (moving concept in the Real Time database context) - Deficit/surplus without UMTS proceeds - All sectors/ unspecified/ not applicable (ESA2010)-NCBs - General government (ESA2010)-NCBs - Non-financial flows current prices - Percentage,XDC_R_B1GQ,0,Replace,2004-10-06T15:30:00.000+02:00,
RTD.A.S0.N.F_UMD_CGG_D0.F,A,S0,N,F_UMD_CGG_D0,F,1991,-4.89191,A,F,,,P1Y,S,,,GFS.A.N.I10.W0.S13.S1._Z.B.B9._Z._Z._Z.XDC_R_B1GQ._Z.S.V.N._T,,,,,,"See <a class=""external"" href=""http://sdw.ecb.europa.eu/web/generator/docu/rtdb_docu.pdf""> notes</a>; block Annual; series: B",,4,,,"Government deficit(-) or surplus(+), percent of GDP",Euro area (moving concept in the Real Time database context) - Deficit/surplus without UMTS proceeds - All sectors/ unspecified/ not applicable (ESA2010)-NCBs - General government (ESA2010)-NCBs - Non-financial flows current prices - Percentage,XDC_R_B1GQ,0,Replace,2004-11-03T15:30:00.000+01:00,
RTD.A.S0.N.F_UMD_CGG_D0.F,A,S0,N,F_UMD_CGG_D0,F,1992,-5.01549,A,F,,,P1Y,S,,,GFS.A.N.I10.W0.S13.S1._Z.B.B9._Z._Z._Z.XDC_R_B1GQ._Z.S.V.N._T,,,,,,"See <a class=""external"" href=""http://sdw.ecb.europa.eu/web/generator/docu/rtdb_docu.pdf""> notes</a>; block Annual; series: B",,4,,,"Government deficit(-) or surplus(+), percent of GDP",Euro area (moving concept in the Real Time database context) - Deficit/surplus without UMTS proceeds - All sectors/ unspecified/ not applicable (ESA2010)-NCBs - General government (ESA2010)-NCBs - Non-financial flows current prices - Percentage,XDC_R_B1GQ,0,Replace,2004-11-03T15:30:00.000+01:00,
RTD.A.S0.N.F_UMD_CGG_D0.F,A,S0,N,F_UMD_CGG_D0,F,1993,-5.85093,A,F,,,P1Y,S,,,GFS.A.N.I10.W0.S13.S1._Z.B.B9._Z._Z._Z.XDC_R_B1GQ._Z.S.V.N._T,,,,,,"See <a class=""external"" href=""http://sdw.ecb.europa.eu/web/generator/docu/rtdb_docu.pdf""> notes</a>; block Annual; series: B",,4,,,"Government deficit(-) or surplus(+), percent of GDP",Euro area (moving concept in the Real Time database context) - Deficit/surplus without UMTS proceeds - All sectors/ unspecified/ not applicable (ESA2010)-NCBs - General government (ESA2010)-NCBs - Non-financial flows current prices - Percentage,XDC_R_B1GQ,0,Replace,2004-11-03T15:30:00.000+01:00,
RTD.A.S0.N.F_UMD_CGG_D0.F,A,S0,N,F_UMD_CGG_D0,F,1994,-5.20604,A,F,,,P1Y,S,,,GFS.A.N.I10.W0.S13.S1._Z.B.B9._Z._Z._Z.XDC_R_B1GQ._Z.S.V.N._T,,,,,,"See <a class=""external"" href=""http://sdw.ecb.europa.eu/web/generator/docu/rtdb_docu.pdf""> notes</a>; block Annual; series: B",,4,,,"Government deficit(-) or surplus(+), percent of GDP",Euro area (moving concept in the Real Time database context) - Deficit/surplus without UMTS proceeds - All sectors/ unspecified/ not applicable (ESA2010)-NCBs - General government (ESA2010)-NCBs - Non-financial flows current prices - Percentage,XDC_R_B1GQ,0,Replace,2004-11-03T15:30:00.000+01:00,
RTD.A.S0.N.F_UMD_CGG_D0.F,A,S0,N,F_UMD_CGG_D0,F,1995,-5.16543,A,F,,,P1Y,S,,,GFS.A.N.I10.W0.S13.S1._Z.B.B9._Z._Z._Z.XDC_R_B1GQ._Z.S.V.N._T,,,,,,"See <a class=""external"" href=""http://sdw.ecb.europa.eu/web/generator/docu/rtdb_docu.pdf""> notes</a>; block Annual; series: B",,4,,,"Government deficit(-) or surplus(+), percent of GDP",Euro area (moving concept in the Real Time database context) - Deficit/surplus without UMTS proceeds - All sectors/ unspecified/ not applicable (ESA2010)-NCBs - General government (ESA2010)-NCBs - Non-financial flows current prices - Percentage,XDC_R_B1GQ,0,Replace,2004-11-03T15:30:00.000+01:00,
RTD.A.S0.N.F_UMD_CGG_D0.F,A,S0,N,F_UMD_CGG_D0,F,1996,-4.34174,A,F,,,P1Y,S,,,GFS.A.N.I10.W0.S13.S1._Z.B.B9._Z._Z._Z.XDC_R_B1GQ._Z.S.V.N._T,,,,,,"See <a class=""external"" href=""http://sdw.ecb.europa.eu/web/generator/docu/rtdb_docu.pdf""> notes</a>; block Annual; series: B",,4,,,"Government deficit(-) or surplus(+), percent of GDP",Euro area (moving concept in the Real Time database context) - Deficit/surplus without UMTS proceeds - All sectors/ unspecified/ not applicable (ESA2010)-NCBs - General government (ESA2010)-NCBs - Non-financial flows current prices - Percentage,XDC_R_B1GQ,0,Replace,2004-11-03T15:30:00.000+01:00,
RTD.A.S0.N.F_UMD_CGG_D0.F,A,S0,N,F_UMD_CGG_D0,F,1997,-2.66592,A,F,,,P1Y,S,,,GFS.A.N.I10.W0.S13.S1._Z.B.B9._Z._Z._Z.XDC_R_B1GQ._Z.S.V.N._T,,,,,,"See <a class=""external"" href=""http://sdw.ecb.europa.eu/web/generator/docu/rtdb_docu.pdf""> notes</a>; block Annual; series: B",,4,,,"Government deficit(-) or surplus(+), percent of GDP",Euro area (moving concept in the Real Time database context) - Deficit/surplus without UMTS proceeds - All sectors/ unspecified/ not applicable (ESA2010)-NCBs - General government (ESA2010)-NCBs - Non-financial flows current prices - Percentage,XDC_R_B1GQ,0,Replace,2004-11-03T15:30:00.000+01:00,
RTD.A.S0.N.F_UMD_CGG_D0.F,A,S0,N,F_UMD_CGG_D0,F,1998,-2.28523,A,F,,,P1Y,S,,,GFS.A.N.I10.W0.S13.S1._Z.B.B9._Z._Z._Z.XDC_R_B1GQ._Z.S.V.N._T,,,,,,"See <a class=""external"" href=""http://sdw.ecb.europa.eu/web/generator/docu/rtdb_docu.pdf""> notes</a>; block Annual; series: B",,4,,,"Government deficit(-) or surplus(+), percent of GDP",Euro area (moving concept in the Real Time database context) - Deficit/surplus without UMTS proceeds - All sectors/ unspecified/ not applicable (ESA2010)-NCBs - General government (ESA2010)-NCBs - Non-financial flows current prices - Percentage,XDC_R_B1GQ,0,Replace,2004-11-03T15:30:00.000+01:00,
RTD.A.S0.N.F_UMD_CGG_D0.F,A,S0,N,F_UMD_CGG_D0,F,1999,-1.31826,A,F,,,P1Y,S,,,GFS.A.N.I10.W0.S13.S1._Z.B.B9._Z._Z._Z.XDC_R_B1GQ._Z.S.V.N._T,,,,,,"See <a class=""external"" href=""http://sdw.ecb.europa.eu/web/generator/docu/rtdb_docu.pdf""> notes</a>; block Annual; series: B",,4,,,"Government deficit(-) or surplus(+), percent of GDP",Euro area (moving concept in the Real Time database context) - Deficit/surplus without UMTS proceeds - All sectors/ unspecified/ not applicable (ESA2010)-NCBs - General government (ESA2010)-NCBs - Non-financial flows current prices - Percentage,XDC_R_B1GQ,0,Replace,2004-11-03T15:30:00.000+01:00,
RTD.A.S0.N.F_UMD_CGG_D0.F,A,S0,N,F_UMD_CGG_D0,F,2000,-0.95799,A,F,,,P1Y,S,,,GFS.A.N.I10.W0.S13.S1._Z.B.B9._Z._Z._Z.XDC_R_B1GQ._Z.S.V.N._T,,,,,,"See <a class=""external"" href=""http://sdw.ecb.europa.eu/web/generator/docu/rtdb_docu.pdf""> notes</a>; block Annual; series: B",,4,,,"Government deficit(-) or surplus(+), percent of GDP",Euro area (moving concept in the Real Time database context) - Deficit/surplus without UMTS proceeds - All sectors/ unspecified/ not applicable (ESA2010)-NCBs - General government (ESA2010)-NCBs - Non-financial flows current prices - Percentage,XDC_R_B1GQ,0,Replace,2004-11-03T15:30:00.000+01:00,
RTD.A.S0.N.F_UMD_CGG_D0.F,A,S0,N,F_UMD_CGG_D0,F,2001,-1.70298,A,F,,,P1Y,S,,,GFS.A.N.I10.W0.S13.S1._Z.B.B9._Z._Z._Z.XDC_R_B1GQ._Z.S.V.N._T,,,,,,"See <a class=""external"" href=""http://sdw.ecb.europa.eu/web/generator/docu/rtdb_docu.pdf""> notes</a>; block Annual; series: B",,4,,,"Government deficit(-) or surplus(+), percent of GDP",Euro area (moving concept in the Real Time database context) - Deficit/surplus without UMTS proceeds - All sectors/ unspecified/ not applicable (ESA2010)-NCBs - General government (ESA2010)-NCBs - Non-financial flows current prices - Percentage,XDC_R_B1GQ,0,Replace,2004-11-03T15:30:00.000+01:00,
RTD.A.S0.N.F_UMD_CGG_D0.F,A,S0,N,F_UMD_CGG_D0,F,2002,-2.41035,A,F,,,P1Y,S,,,GFS.A.N.I10.W0.S13.S1._Z.B.B9._Z._Z._Z.XDC_R_B1GQ._Z.S.V.N._T,,,,,,"See <a class=""external"" href=""http://sdw.ecb.europa.eu/web/generator/docu/rtdb_docu.pdf""> notes</a>; block Annual; series: B",,4,,,"Government deficit(-) or surplus(+), percent of GDP",Euro area (moving concept in the Real Time database context) - Deficit/surplus without UMTS proceeds - All sectors/ unspecified/ not applicable (ESA2010)-NCBs - General government (ESA2010)-NCBs - Non-financial flows current prices - Percentage,XDC_R_B1GQ,0,Replace,2004-11-03T15:30:00.000+01:00,
RTD.A.S0.N.F_UMD_CGG_D0.F,A,S0,N,F_UMD_CGG_D0,F,2003,-2.74269,A,F,,,P1Y,S,,,GFS.A.N.I10.W0.S13.S1._Z.B.B9._Z._Z._Z.XDC_R_B1GQ._Z.S.V.N._T,,,,,,"See <a class=""external"" href=""http://sdw.ecb.europa.eu/web/generator/docu/rtdb_docu.pdf""> notes</a>; block Annual; series: B",,4,,,"Government deficit(-) or surplus(+), percent of GDP",Euro area (moving concept in the Real Time database context) - Deficit/surplus without UMTS proceeds - All sectors/ unspecified/ not applicable (ESA2010)-NCBs - General government (ESA2010)-NCBs - Non-financial flows current prices - Percentage,XDC_R_B1GQ,0,Replace,2004-11-03T15:30:00.000+01:00,
RTD.A.S0.N.F_UMD_CGG_D0.F,A,S0,N,F_UMD_CGG_D0,F,1995,-5.16549,A,F,,,P1Y,S,,,GFS.A.N.I10.W0.S13.S1._Z.B.B9._Z._Z._Z.XDC_R_B1GQ._Z.S.V.N._T,,,,,,"See <a class=""external"" href=""http://sdw.ecb.europa.eu/web/generator/docu/rtdb_docu.pdf""> notes</a>; block Annual; series: B",,4,,,"Government deficit(-) or surplus(+), percent of GDP",Euro area (moving concept in the Real Time database context) - Deficit/surplus without UMTS proceeds - All sectors/ unspecified/ not applicable (ESA2010)-NCBs - General government (ESA2010)-NCBs - Non-financial flows current prices - Percentage,XDC_R_B1GQ,0,Replace,2004-12-01T15:30:00.000+01:00,
RTD.A.S0.N.F_UMD_CGG_D0.F,A,S0,N,F_UMD_CGG_D0,F,1996,-4.34173,A,F,,,P1Y,S,,,GFS.A.N.I10.W0.S13.S1._Z.B.B9._Z._Z._Z.XDC_R_B1GQ._Z.S.V.N._T,,,,,,"See <a class=""external"" href=""http://sdw.ecb.europa.eu/web/generator/docu/rtdb_docu.pdf""> notes</a>; block Annual; series: B",,4,,,"Government deficit(-) or surplus(+), percent of GDP",Euro area (moving concept in the Real Time database context) - Deficit/surplus without UMTS proceeds - All sectors/ unspecified/ not applicable (ESA2010)-NCBs - General government (ESA2010)-NCBs - Non-financial flows current prices - Percentage,XDC_R_B1GQ,0,Replace,2004-12-01T15:30:00.000+01:00,
RTD.A.S0.N.F_UMD_CGG_D0.F,A,S0,N,F_UMD_CGG_D0,F,1998,-2.28521,A,F,,,P1Y,S,,,GFS.A.N.I10.W0.S13.S1._Z.B.B9._Z._Z._Z.XDC_R_B1GQ._Z.S.V.N._T,,,,,,"See <a class=""external"" href=""http://sdw.ecb.europa.eu/web/generator/docu/rtdb_docu.pdf""> notes</a>; block Annual; series: B",,4,,,"Government deficit(-) or surplus(+), percent of GDP",Euro area (moving concept in the Real Time database context) - Deficit/surplus without UMTS proceeds - All sectors/ unspecified/ not applicable (ESA2010)-NCBs - General government (ESA2010)-NCBs - Non-financial flows current prices - Percentage,XDC_R_B1GQ,0,Replace,2004-12-01T15:30:00.000+01:00,
RTD.A.S0.N.F_UMD_CGG_D0.F,A,S0,N,F_UMD_CGG_D0,F,1999,-1.31824,A,F,,,P1Y,S,,,GFS.A.N.I10.W0.S13.S1._Z.B.B9._Z._Z._Z.XDC_R_B1GQ._Z.S.V.N._T,,,,,,"See <a class=""external"" href=""http://sdw.ecb.europa.eu/web/generator/docu/rtdb_docu.pdf""> notes</a>; block Annual; series: B",,4,,,"Government deficit(-) or surplus(+), percent of GDP",Euro area (moving concept in the Real Time database context) - Deficit/surplus without UMTS proceeds - All sectors/ unspecified/ not applicable (ESA2010)-NCBs - General government (ESA2010)-NCBs - Non-financial flows current prices - Percentage,XDC_R_B1GQ,0,Replace,2004-12-01T15:30:00.000+01:00,
RTD.A.S0.N.F_UMD_CGG_D0.F,A,S0,N,F_UMD_CGG_D0,F,2001,-1.72079,A,F,,,P1Y,S,,,GFS.A.N.I10.W0.S13.S1._Z.B.B9._Z._Z._Z.XDC_R_B1GQ._Z.S.V.N._T,,,,,,"See <a class=""external"" href=""http://sdw.ecb.europa.eu/web/generator/docu/rtdb_docu.pdf""> notes</a>; block Annual; series: B",,4,,,"Government deficit(-) or surplus(+), percent of GDP",Euro area (moving concept in the Real Time database context) - Deficit/surplus without UMTS proceeds - All sectors/ unspecified/ not applicable (ESA2010)-NCBs - General government (ESA2010)-NCBs - Non-financial flows current prices - Percentage,XDC_R_B1GQ,0,Replace,2004-12-01T15:30:00.000+01:00,
RTD.A.S0.N.F_UMD_CGG_D0.F,A,S0,N,F_UMD_CGG_D0,F,2002,-2.41897,A,F,,,P1Y,S,,,GFS.A.N.I10.W0.S13.S1._Z.B.B9._Z._Z._Z.XDC_R_B1GQ._Z.S.V.N._T,,,,,,"See <a class=""external"" href=""http://sdw.ecb.europa.eu/web/generator/docu/rtdb_docu.pdf""> notes</a>; block Annual; series: B",,4,,,"Government deficit(-) or surplus(+), percent of GDP",Euro area (moving concept in the Real Time database context) - Deficit/surplus without UMTS proceeds - All sectors/ unspecified/ not applicable (ESA2010)-NCBs - General government (ESA2010)-NCBs - Non-financial flows current prices - Percentage,XDC_R_B1GQ,0,Replace,2004-12-01T15:30:00.000+01:00,
RTD.A.S0.N.F_UMD_CGG_D0.F,A,S0,N,F_UMD_CGG_D0,F,2003,-2.74418,A,F,,,P1Y,S,,,GFS.A.N.I10.W0.S13.S1._Z.B.B9._Z._Z._Z.XDC_R_B1GQ._Z.S.V.N._T,,,,,,"See <a class=""external"" href=""http://sdw.ecb.europa.eu/web/generator/docu/rtdb_docu.pdf""> notes</a>; block Annual; series: B",,4,,,"Government deficit(-) or surplus(+), percent of GDP",Euro area (moving concept in the Real Time database context) - Deficit/surplus without UMTS proceeds - All sectors/ unspecified/ not applicable (ESA2010)-NCBs - General government (ESA2010)-NCBs - Non-financial flows current prices - Percentage,XDC_R_B1GQ,0,Replace,2004-12-01T15:30:00.000+01:00,
RTD.A.S0.N.F_UMD_CGG_D0.F,A,S0,N,F_UMD_CGG_D0,F,1991,-4.84915,A,F,,,P1Y,S,,,GFS.A.N.I10.W0.S13.S1._Z.B.B9._Z._Z._Z.XDC_R_B1GQ._Z.S.V.N._T,,,,,,"See <a class=""external"" href=""http://sdw.ecb.europa.eu/web/generator/docu/rtdb_docu.pdf""> notes</a>; block Annual; series: B",,4,,,"Government deficit(-) or surplus(+), percent of GDP",Euro area (moving concept in the Real Time database context) - Deficit/surplus without UMTS proceeds - All sectors/ unspecified/ not applicable (ESA2010)-NCBs - General government (ESA2010)-NCBs - Non-financial flows current prices - Percentage,XDC_R_B1GQ,0,Replace,2005-05-03T15:30:00.000+02:00,
RTD.A.S0.N.F_UMD_CGG_D0.F,A,S0,N,F_UMD_CGG_D0,F,1992,-4.97525,A,F,,,P1Y,S,,,GFS.A.N.I10.W0.S13.S1._Z.B.B9._Z._Z._Z.XDC_R_B1GQ._Z.S.V.N._T,,,,,,"See <a class=""external"" href=""http://sdw.ecb.europa.eu/web/generator/docu/rtdb_docu.pdf""> notes</a>; block Annual; series: B",,4,,,"Government deficit(-) or surplus(+), percent of GDP",Euro area (moving concept in the Real Time database context) - Deficit/surplus without UMTS proceeds - All sectors/ unspecified/ not applicable (ESA2010)-NCBs - General government (ESA2010)-NCBs - Non-financial flows current prices - Percentage,XDC_R_B1GQ,0,Replace,2005-05-03T15:30:00.000+02:00,
RTD.A.S0.N.F_UMD_CGG_D0.F,A,S0,N,F_UMD_CGG_D0,F,1993,-5.79486,A,F,,,P1Y,S,,,GFS.A.N.I10.W0.S13.S1._Z.B.B9._Z._Z._Z.XDC_R_B1GQ._Z.S.V.N._T,,,,,,"See <a class=""external"" href=""http://sdw.ecb.europa.eu/web/generator/docu/rtdb_docu.pdf""> notes</a>; block Annual; series: B",,4,,,"Government deficit(-) or surplus(+), percent of GDP",Euro area (moving concept in the Real Time database context) - Deficit/surplus without UMTS proceeds - All sectors/ unspecified/ not applicable (ESA2010)-NCBs - General government (ESA2010)-NCBs - Non-financial flows current prices - Percentage,XDC_R_B1GQ,0,Replace,2005-05-03T15:30:00.000+02:00,
RTD.A.S0.N.F_UMD_CGG_D0.F,A,S0,N,F_UMD_CGG_D0,F,1994,-5.14692,A,F,,,P1Y,S,,,GFS.A.N.I10.W0.S13.S1._Z.B.B9._Z._Z._Z.XDC_R_B1GQ._Z.S.V.N._T,,,,,,"See <a class=""external"" href=""http://sdw.ecb.europa.eu/web/generator/docu/rtdb_docu.pdf""> notes</a>; block Annual; series: B",,4,,,"Government deficit(-) or surplus(+), percent of GDP",Euro area (moving concept in the Real Time database context) - Deficit/surplus without UMTS proceeds - All sectors/ unspecified/ not applicable (ESA2010)-NCBs - General government (ESA2010)-NCBs - Non-financial flows current prices - Percentage,XDC_R_B1GQ,0,Replace,2005-05-03T15:30:00.000+02:00,
RTD.A.S0.N.F_UMD_CGG_D0.F,A,S0,N,F_UMD_CGG_D0,F,1995,-5.10715,A,F,,,P1Y,S,,,GFS.A.N.I10.W0.S13.S1._Z.B.B9._Z._Z._Z.XDC_R_B1GQ._Z.S.V.N._T,,,,,,"See <a class=""external"" href=""http://sdw.ecb.europa.eu/web/generator/docu/rtdb_docu.pdf""> notes</a>; block Annual; series: B",,4,,,"Government deficit(-) or surplus(+), percent of GDP",Euro area (moving concept in the Real Time database context) - Deficit/surplus without UMTS proceeds - All sectors/ unspecified/ not applicable (ESA2010)-NCBs - General government (ESA2010)-NCBs - Non-financial flows current prices - Percentage,XDC_R_B1GQ,0,Replace,2005-05-03T15:30:00.000+02:00,
RTD.A.S0.N.F_UMD_CGG_D0.F,A,S0,N,F_UMD_CGG_D0,F,1996,-4.30497,A,F,,,P1Y,S,,,GFS.A.N.I10.W0.S13.S1._Z.B.B9._Z._Z._Z.XDC_R_B1GQ._Z.S.V.N._T,,,,,,"See <a class=""external"" href=""http://sdw.ecb.europa.eu/web/generator/docu/rtdb_docu.pdf""> notes</a>; block Annual; series: B",,4,,,"Government deficit(-) or surplus(+), percent of GDP",Euro area (moving concept in the Real Time database context) - Deficit/surplus without UMTS proceeds - All sectors/ unspecified/ not applicable (ESA2010)-NCBs - General government (ESA2010)-NCBs - Non-financial flows current prices - Percentage,XDC_R_B1GQ,0,Replace,2005-05-03T15:30:00.000+02:00,
RTD.A.S0.N.F_UMD_CGG_D0.F,A,S0,N,F_UMD_CGG_D0,F,1997,-2.64052,A,F,,,P1Y,S,,,GFS.A.N.I10.W0.S13.S1._Z.B.B9._Z._Z._Z.XDC_R_B1GQ._Z.S.V.N._T,,,,,,"See <a class=""external"" href=""http://sdw.ecb.europa.eu/web/generator/docu/rtdb_docu.pdf""> notes</a>; block Annual; series: B",,4,,,"Government deficit(-) or surplus(+), percent of GDP",Euro area (moving concept in the Real Time database context) - Deficit/surplus without UMTS proceeds - All sectors/ unspecified/ not applicable (ESA2010)-NCBs - General government (ESA2010)-NCBs - Non-financial flows current prices - Percentage,XDC_R_B1GQ,0,Replace,2005-05-03T15:30:00.000+02:00,
RTD.A.S0.N.F_UMD_CGG_D0.F,A,S0,N,F_UMD_CGG_D0,F,1998,-2.27071,A,F,,,P1Y,S,,,GFS.A.N.I10.W0.S13.S1._Z.B.B9._Z._Z._Z.XDC_R_B1GQ._Z.S.V.N._T,,,,,,"See <a class=""external"" href=""http://sdw.ecb.europa.eu/web/generator/docu/rtdb_docu.pdf""> notes</a>; block Annual; series: B",,4,,,"Government deficit(-) or surplus(+), percent of GDP",Euro area (moving concept in the Real Time database context) - Deficit/surplus without UMTS proceeds - All sectors/ unspecified/ not applicable (ESA2010)-NCBs - General government (ESA2010)-NCBs - Non-financial flows current prices - Percentage,XDC_R_B1GQ,0,Replace,2005-05-03T15:30:00.000+02:00,
RTD.A.S0.N.F_UMD_CGG_D0.F,A,S0,N,F_UMD_CGG_D0,F,1999,-1.31059,A,F,,,P1Y,S,,,GFS.A.N.I10.W0.S13.S1._Z.B.B9._Z._Z._Z.XDC_R_B1GQ._Z.S.V.N._T,,,,,,"See <a class=""external"" href=""http://sdw.ecb.europa.eu/web/generator/docu/rtdb_docu.pdf""> notes</a>; block Annual; series: B",,4,,,"Government deficit(-) or surplus(+), percent of GDP",Euro area (moving concept in the Real Time database context) - Deficit/surplus without UMTS proceeds - All sectors/ unspecified/ not applicable (ESA2010)-NCBs - General government (ESA2010)-NCBs - Non-financial flows current prices - Percentage,XDC_R_B1GQ,0,Replace,2005-05-03T15:30:00.000+02:00,
RTD.A.S0.N.F_UMD_CGG_D0.F,A,S0,N,F_UMD_CGG_D0,F,2000,-0.95213,A,F,,,P1Y,S,,,GFS.A.N.I10.W0.S13.S1._Z.B.B9._Z._Z._Z.XDC_R_B1GQ._Z.S.V.N._T,,,,,,"See <a class=""external"" href=""http://sdw.ecb.europa.eu/web/generator/docu/rtdb_docu.pdf""> notes</a>; block Annual; series: B",,4,,,"Government deficit(-) or surplus(+), percent of GDP",Euro area (moving concept in the Real Time database context) - Deficit/surplus without UMTS proceeds - All sectors/ unspecified/ not applicable (ESA2010)-NCBs - General government (ESA2010)-NCBs - Non-financial flows current prices - Percentage,XDC_R_B1GQ,0,Replace,2005-05-03T15:30:00.000+02:00,
RTD.A.S0.N.F_UMD_CGG_D0.F,A,S0,N,F_UMD_CGG_D0,F,2001,-1.7832,A,F,,,P1Y,S,,,GFS.A.N.I10.W0.S13.S1._Z.B.B9._Z._Z._Z.XDC_R_B1GQ._Z.S.V.N._T,,,,,,"See <a class=""external"" href=""http://sdw.ecb.europa.eu/web/generator/docu/rtdb_docu.pdf""> notes</a>; block Annual; series: B",,4,,,"Government deficit(-) or surplus(+), percent of GDP",Euro area (moving concept in the Real Time database context) - Deficit/surplus without UMTS proceeds - All sectors/ unspecified/ not applicable (ESA2010)-NCBs - General government (ESA2010)-NCBs - Non-financial flows current prices - Percentage,XDC_R_B1GQ,0,Replace,2005-05-03T15:30:00.000+02:00,
RTD.A.S0.N.F_UMD_CGG_D0.F,A,S0,N,F_UMD_CGG_D0,F,2002,-2.4805,A,F,,,P1Y,S,,,GFS.A.N.I10.W0.S13.S1._Z.B.B9._Z._Z._Z.XDC_R_B1GQ._Z.S.V.N._T,,,,,,"See <a class=""external"" href=""http://sdw.ecb.europa.eu/web/generator/docu/rtdb_docu.pdf""> notes</a>; block Annual; series: B",,4,,,"Government deficit(-) or surplus(+), percent of GDP",Euro area (moving concept in the Real Time database context) - Deficit/surplus without UMTS proceeds - All sectors/ unspecified/ not applicable (ESA2010)-NCBs - General government (ESA2010)-NCBs - Non-financial flows current prices - Percentage,XDC_R_B1GQ,0,Replace,2005-05-03T15:30:00.000+02:00,
RTD.A.S0.N.F_UMD_CGG_D0.F,A,S0,N,F_UMD_CGG_D0,F,2003,-2.85639,A,F,,,P1Y,S,,,GFS.A.N.I10.W0.S13.S1._Z.B.B9._Z._Z._Z.XDC_R_B1GQ._Z.S.V.N._T,,,,,,"See <a class=""external"" href=""http://sdw.ecb.europa.eu/web/generator/docu/rtdb_docu.pdf""> notes</a>; block Annual; series: B",,4,,,"Government deficit(-) or surplus(+), percent of GDP",Euro area (moving concept in the Real Time database context) - Deficit/surplus without UMTS proceeds - All sectors/ unspecified/ not applicable (ESA2010)-NCBs - General government (ESA2010)-NCBs - Non-financial flows current prices - Percentage,XDC_R_B1GQ,0,Replace,2005-05-03T15:30:00.000+02:00,
RTD.A.S0.N.F_UMD_CGG_D0.F,A,S0,N,F_UMD_CGG_D0,F,2004,-2.73712,A,F,,,P1Y,S,,,GFS.A.N.I10.W0.S13.S1._Z.B.B9._Z._Z._Z.XDC_R_B1GQ._Z.S.V.N._T,,,,,,"See <a class=""external"" href=""http://sdw.ecb.europa.eu/web/generator/docu/rtdb_docu.pdf""> notes</a>; block Annual; series: B",,4,,,"Government deficit(-) or surplus(+), percent of GDP",Euro area (moving concept in the Real Time database context) - Deficit/surplus without UMTS proceeds - All sectors/ unspecified/ not applicable (ESA2010)-NCBs - General government (ESA2010)-NCBs - Non-financial flows current prices - Percentage,XDC_R_B1GQ,0,Replace,2005-05-03T15:30:00.000+02:00,
RTD.A.S0.N.F_UMD_CGG_D0.F,A,S0,N,F_UMD_CGG_D0,F,1993,-5.79487,A,F,,,P1Y,S,,,GFS.A.N.I10.W0.S13.S1._Z.B.B9._Z._Z._Z.XDC_R_B1GQ._Z.S.V.N._T,,,,,,"See <a class=""external"" href=""http://sdw.ecb.europa.eu/web/generator/docu/rtdb_docu.pdf""> notes</a>; block Annual; series: B",,4,,,"Government deficit(-) or surplus(+), percent of GDP",Euro area (moving concept in the Real Time database context) - Deficit/surplus without UMTS proceeds - All sectors/ unspecified/ not applicable (ESA2010)-NCBs - General government (ESA2010)-NCBs - Non-financial flows current prices - Percentage,XDC_R_B1GQ,0,Replace,2005-06-01T15:30:00.000+02:00,
RTD.A.S0.N.F_UMD_CGG_D0.F,A,S0,N,F_UMD_CGG_D0,F,1995,-5.10714,A,F,,,P1Y,S,,,GFS.A.N.I10.W0.S13.S1._Z.B.B9._Z._Z._Z.XDC_R_B1GQ._Z.S.V.N._T,,,,,,"See <a class=""external"" href=""http://sdw.ecb.europa.eu/web/generator/docu/rtdb_docu.pdf""> notes</a>; block Annual; series: B",,4,,,"Government deficit(-) or surplus(+), percent of GDP",Euro area (moving concept in the Real Time database context) - Deficit/surplus without UMTS proceeds - All sectors/ unspecified/ not applicable (ESA2010)-NCBs - General government (ESA2010)-NCBs - Non-financial flows current prices - Percentage,XDC_R_B1GQ,0,Replace,2005-06-01T15:30:00.000+02:00,
RTD.A.S0.N.F_UMD_CGG_D0.F,A,S0,N,F_UMD_CGG_D0,F,1996,-4.30403,A,F,,,P1Y,S,,,GFS.A.N.I10.W0.S13.S1._Z.B.B9._Z._Z._Z.XDC_R_B1GQ._Z.S.V.N._T,,,,,,"See <a class=""external"" href=""http://sdw.ecb.europa.eu/web/generator/docu/rtdb_docu.pdf""> notes</a>; block Annual; series: B",,4,,,"Government deficit(-) or surplus(+), percent of GDP",Euro area (moving concept in the Real Time database context) - Deficit/surplus without UMTS proceeds - All sectors/ unspecified/ not applicable (ESA2010)-NCBs - General government (ESA2010)-NCBs - Non-financial flows current prices - Percentage,XDC_R_B1GQ,0,Replace,2005-06-01T15:30:00.000+02:00,
RTD.A.S0.N.F_UMD_CGG_D0.F,A,S0,N,F_UMD_CGG_D0,F,1997,-2.64033,A,F,,,P1Y,S,,,GFS.A.N.I10.W0.S13.S1._Z.B.B9._Z._Z._Z.XDC_R_B1GQ._Z.S.V.N._T,,,,,,"See <a class=""external"" href=""http://sdw.ecb.europa.eu/web/generator/docu/rtdb_docu.pdf""> notes</a>; block Annual; series: B",,4,,,"Government deficit(-) or surplus(+), percent of GDP",Euro area (moving concept in the Real Time database context) - Deficit/surplus without UMTS proceeds - All sectors/ unspecified/ not applicable (ESA2010)-NCBs - General government (ESA2010)-NCBs - Non-financial flows current prices - Percentage,XDC_R_B1GQ,0,Replace,2005-06-01T15:30:00.000+02:00,
RTD.A.S0.N.F_UMD_CGG_D0.F,A,S0,N,F_UMD_CGG_D0,F,1998,-2.27054,A,F,,,P1Y,S,,,GFS.A.N.I10.W0.S13.S1._Z.B.B9._Z._Z._Z.XDC_R_B1GQ._Z.S.V.N._T,,,,,,"See <a class=""external"" href=""http://sdw.ecb.europa.eu/web/generator/docu/rtdb_docu.pdf""> notes</a>; block Annual; series: B",,4,,,"Government deficit(-) or surplus(+), percent of GDP",Euro area (moving concept in the Real Time database context) - Deficit/surplus without UMTS proceeds - All sectors/ unspecified/ not applicable (ESA2010)-NCBs - General government (ESA2010)-NCBs - Non-financial flows current prices - Percentage,XDC_R_B1GQ,0,Replace,2005-06-01T15:30:00.000+02:00,
RTD.A.S0.N.F_UMD_CGG_D0.F,A,S0,N,F_UMD_CGG_D0,F,1999,-1.30748,A,F,,,P1Y,S,,,GFS.A.N.I10.W0.S13.S1._Z.B.B9._Z._Z._Z.XDC_R_B1GQ._Z.S.V.N._T,,,,,,"See <a class=""external"" href=""http://sdw.ecb.europa.eu/web/generator/docu/rtdb_docu.pdf""> notes</a>; block Annual; series: B",,4,,,"Government deficit(-) or surplus(+), percent of GDP",Euro area (moving concept in the Real Time database context) - Deficit/surplus without UMTS proceeds - All sectors/ unspecified/ not applicable (ESA2010)-NCBs - General government (ESA2010)-NCBs - Non-financial flows current prices - Percentage,XDC_R_B1GQ,0,Replace,2005-06-01T15:30:00.000+02:00,
RTD.A.S0.N.F_UMD_CGG_D0.F,A,S0,N,F_UMD_CGG_D0,F,2000,-0.94919,A,F,,,P1Y,S,,,GFS.A.N.I10.W0.S13.S1._Z.B.B9._Z._Z._Z.XDC_R_B1GQ._Z.S.V.N._T,,,,,,"See <a class=""external"" href=""http://sdw.ecb.europa.eu/web/generator/docu/rtdb_docu.pdf""> notes</a>; block Annual; series: B",,4,,,"Government deficit(-) or surplus(+), percent of GDP",Euro area (moving concept in the Real Time database context) - Deficit/surplus without UMTS proceeds - All sectors/ unspecified/ not applicable (ESA2010)-NCBs - General government (ESA2010)-NCBs - Non-financial flows current prices - Percentage,XDC_R_B1GQ,0,Replace,2005-06-01T15:30:00.000+02:00,
RTD.A.S0.N.F_UMD_CGG_D0.F,A,S0,N,F_UMD_CGG_D0,F,2001,-1.77692,A,F,,,P1Y,S,,,GFS.A.N.I10.W0.S13.S1._Z.B.B9._Z._Z._Z.XDC_R_B1GQ._Z.S.V.N._T,,,,,,"See <a class=""external"" href=""http://sdw.ecb.europa.eu/web/generator/docu/rtdb_docu.pdf""> notes</a>; block Annual; series: B",,4,,,"Government deficit(-) or surplus(+), percent of GDP",Euro area (moving concept in the Real Time database context) - Deficit/surplus without UMTS proceeds - All sectors/ unspecified/ not applicable (ESA2010)-NCBs - General government (ESA2010)-NCBs - Non-financial flows current prices - Percentage,XDC_R_B1GQ,0,Replace,2005-06-01T15:30:00.000+02:00,
RTD.A.S0.N.F_UMD_CGG_D0.F,A,S0,N,F_UMD_CGG_D0,F,2002,-2.4729,A,F,,,P1Y,S,,,GFS.A.N.I10.W0.S13.S1._Z.B.B9._Z._Z._Z.XDC_R_B1GQ._Z.S.V.N._T,,,,,,"See <a class=""external"" href=""http://sdw.ecb.europa.eu/web/generator/docu/rtdb_docu.pdf""> notes</a>; block Annual; series: B",,4,,,"Government deficit(-) or surplus(+), percent of GDP",Euro area (moving concept in the Real Time database context) - Deficit/surplus without UMTS proceeds - All sectors/ unspecified/ not applicable (ESA2010)-NCBs - General government (ESA2010)-NCBs - Non-financial flows current prices - Percentage,XDC_R_B1GQ,0,Replace,2005-06-01T15:30:00.000+02:00,
RTD.A.S0.N.F_UMD_CGG_D0.F,A,S0,N,F_UMD_CGG_D0,F,2003,-2.84518,A,F,,,P1Y,S,,,GFS.A.N.I10.W0.S13.S1._Z.B.B9._Z._Z._Z.XDC_R_B1GQ._Z.S.V.N._T,,,,,,"See <a class=""external"" href=""http://sdw.ecb.europa.eu/web/generator/docu/rtdb_docu.pdf""> notes</a>; block Annual; series: B",,4,,,"Government deficit(-) or surplus(+), percent of GDP",Euro area (moving concept in the Real Time database context) - Deficit/surplus without UMTS proceeds - All sectors/ unspecified/ not applicable (ESA2010)-NCBs - General government (ESA2010)-NCBs - Non-financial flows current prices - Percentage,XDC_R_B1GQ,0,Replace,2005-06-01T15:30:00.000+02:00,
RTD.A.S0.N.F_UMD_CGG_D0.F,A,S0,N,F_UMD_CGG_D0,F,2004,-2.72596,A,F,,,P1Y,S,,,GFS.A.N.I10.W0.S13.S1._Z.B.B9._Z._Z._Z.XDC_R_B1GQ._Z.S.V.N._T,,,,,,"See <a class=""external"" href=""http://sdw.ecb.europa.eu/web/generator/docu/rtdb_docu.pdf""> notes</a>; block Annual; series: B",,4,,,"Government deficit(-) or surplus(+), percent of GDP",Euro area (moving concept in the Real Time database context) - Deficit/surplus without UMTS proceeds - All sectors/ unspecified/ not applicable (ESA2010)-NCBs - General government (ESA2010)-NCBs - Non-financial flows current prices - Percentage,XDC_R_B1GQ,0,Replace,2005-06-01T15:30:00.000+02:00,
RTD.A.S0.N.F_UMD_CGG_D0.F,A,S0,N,F_UMD_CGG_D0,F,1991,-4.84462,A,F,,,P1Y,S,,,GFS.A.N.I10.W0.S13.S1._Z.B.B9._Z._Z._Z.XDC_R_B1GQ._Z.S.V.N._T,,,,,,"See <a class=""external"" href=""http://sdw.ecb.europa.eu/web/generator/docu/rtdb_docu.pdf""> notes</a>; block Annual; series: B",,4,,,"Government deficit(-) or surplus(+), percent of GDP",Euro area (moving concept in the Real Time database context) - Deficit/surplus without UMTS proceeds - All sectors/ unspecified/ not applicable (ESA2010)-NCBs - General government (ESA2010)-NCBs - Non-financial flows current prices - Percentage,XDC_R_B1GQ,0,Replace,2005-10-05T15:30:00.000+02:00,
RTD.A.S0.N.F_UMD_CGG_D0.F,A,S0,N,F_UMD_CGG_D0,F,1992,-4.97517,A,F,,,P1Y,S,,,GFS.A.N.I10.W0.S13.S1._Z.B.B9._Z._Z._Z.XDC_R_B1GQ._Z.S.V.N._T,,,,,,"See <a class=""external"" href=""http://sdw.ecb.europa.eu/web/generator/docu/rtdb_docu.pdf""> notes</a>; block Annual; series: B",,4,,,"Government deficit(-) or surplus(+), percent of GDP",Euro area (moving concept in the Real Time database context) - Deficit/surplus without UMTS proceeds - All sectors/ unspecified/ not applicable (ESA2010)-NCBs - General government (ESA2010)-NCBs - Non-financial flows current prices - Percentage,XDC_R_B1GQ,0,Replace,2005-10-05T15:30:00.000+02:00,
RTD.A.S0.N.F_UMD_CGG_D0.F,A,S0,N,F_UMD_CGG_D0,F,1993,-5.80024,A,F,,,P1Y,S,,,GFS.A.N.I10.W0.S13.S1._Z.B.B9._Z._Z._Z.XDC_R_B1GQ._Z.S.V.N._T,,,,,,"See <a class=""external"" href=""http://sdw.ecb.europa.eu/web/generator/docu/rtdb_docu.pdf""> notes</a>; block Annual; series: B",,4,,,"Government deficit(-) or surplus(+), percent of GDP",Euro area (moving concept in the Real Time database context) - Deficit/surplus without UMTS proceeds - All sectors/ unspecified/ not applicable (ESA2010)-NCBs - General government (ESA2010)-NCBs - Non-financial flows current prices - Percentage,XDC_R_B1GQ,0,Replace,2005-10-05T15:30:00.000+02:00,
RTD.A.S0.N.F_UMD_CGG_D0.F,A,S0,N,F_UMD_CGG_D0,F,1994,-5.1416,A,F,,,P1Y,S,,,GFS.A.N.I10.W0.S13.S1._Z.B.B9._Z._Z._Z.XDC_R_B1GQ._Z.S.V.N._T,,,,,,"See <a class=""external"" href=""http://sdw.ecb.europa.eu/web/generator/docu/rtdb_docu.pdf""> notes</a>; block Annual; series: B",,4,,,"Government deficit(-) or surplus(+), percent of GDP",Euro area (moving concept in the Real Time database context) - Deficit/surplus without UMTS proceeds - All sectors/ unspecified/ not applicable (ESA2010)-NCBs - General government (ESA2010)-NCBs - Non-financial flows current prices - Percentage,XDC_R_B1GQ,0,Replace,2005-10-05T15:30:00.000+02:00,
RTD.A.S0.N.F_UMD_CGG_D0.F,A,S0,N,F_UMD_CGG_D0,F,1995,-5.09206,A,F,,,P1Y,S,,,GFS.A.N.I10.W0.S13.S1._Z.B.B9._Z._Z._Z.XDC_R_B1GQ._Z.S.V.N._T,,,,,,"See <a class=""external"" href=""http://sdw.ecb.europa.eu/web/generator/docu/rtdb_docu.pdf""> notes</a>; block Annual; series: B",,4,,,"Government deficit(-) or surplus(+), percent of GDP",Euro area (moving concept in the Real Time database context) - Deficit/surplus without UMTS proceeds - All sectors/ unspecified/ not applicable (ESA2010)-NCBs - General government (ESA2010)-NCBs - Non-financial flows current prices - Percentage,XDC_R_B1GQ,0,Replace,2005-10-05T15:30:00.000+02:00,
RTD.A.S0.N.F_UMD_CGG_D0.F,A,S0,N,F_UMD_CGG_D0,F,1996,-4.29254,A,F,,,P1Y,S,,,GFS.A.N.I10.W0.S13.S1._Z.B.B9._Z._Z._Z.XDC_R_B1GQ._Z.S.V.N._T,,,,,,"See <a class=""external"" href=""http://sdw.ecb.europa.eu/web/generator/docu/rtdb_docu.pdf""> notes</a>; block Annual; series: B",,4,,,"Government deficit(-) or surplus(+), percent of GDP",Euro area (moving concept in the Real Time database context) - Deficit/surplus without UMTS proceeds - All sectors/ unspecified/ not applicable (ESA2010)-NCBs - General government (ESA2010)-NCBs - Non-financial flows current prices - Percentage,XDC_R_B1GQ,0,Replace,2005-10-05T15:30:00.000+02:00,
RTD.A.S0.N.F_UMD_CGG_D0.F,A,S0,N,F_UMD_CGG_D0,F,1997,-2.67971,A,F,,,P1Y,S,,,GFS.A.N.I10.W0.S13.S1._Z.B.B9._Z._Z._Z.XDC_R_B1GQ._Z.S.V.N._T,,,,,,"See <a class=""external"" href=""http://sdw.ecb.europa.eu/web/generator/docu/rtdb_docu.pdf""> notes</a>; block Annual; series: B",,4,,,"Government deficit(-) or surplus(+), percent of GDP",Euro area (moving concept in the Real Time database context) - Deficit/surplus without UMTS proceeds - All sectors/ unspecified/ not applicable (ESA2010)-NCBs - General government (ESA2010)-NCBs - Non-financial flows current prices - Percentage,XDC_R_B1GQ,0,Replace,2005-10-05T15:30:00.000+02:00,
RTD.A.S0.N.F_UMD_CGG_D0.F,A,S0,N,F_UMD_CGG_D0,F,1998,-2.29832,A,F,,,P1Y,S,,,GFS.A.N.I10.W0.S13.S1._Z.B.B9._Z._Z._Z.XDC_R_B1GQ._Z.S.V.N._T,,,,,,"See <a class=""external"" href=""http://sdw.ecb.europa.eu/web/generator/docu/rtdb_docu.pdf""> notes</a>; block Annual; series: B",,4,,,"Government deficit(-) or surplus(+), percent of GDP",Euro area (moving concept in the Real Time database context) - Deficit/surplus without UMTS proceeds - All sectors/ unspecified/ not applicable (ESA2010)-NCBs - General government (ESA2010)-NCBs - Non-financial flows current prices - Percentage,XDC_R_B1GQ,0,Replace,2005-10-05T15:30:00.000+02:00,
RTD.A.S0.N.F_UMD_CGG_D0.F,A,S0,N,F_UMD_CGG_D0,F,1999,-1.3362,A,F,,,P1Y,S,,,GFS.A.N.I10.W0.S13.S1._Z.B.B9._Z._Z._Z.XDC_R_B1GQ._Z.S.V.N._T,,,,,,"See <a class=""external"" href=""http://sdw.ecb.europa.eu/web/generator/docu/rtdb_docu.pdf""> notes</a>; block Annual; series: B",,4,,,"Government deficit(-) or surplus(+), percent of GDP",Euro area (moving concept in the Real Time database context) - Deficit/surplus without UMTS proceeds - All sectors/ unspecified/ not applicable (ESA2010)-NCBs - General government (ESA2010)-NCBs - Non-financial flows current prices - Percentage,XDC_R_B1GQ,0,Replace,2005-10-05T15:30:00.000+02:00,
RTD.A.S0.N.F_UMD_CGG_D0.F,A,S0,N,F_UMD_CGG_D0,F,2000,-0.97327,A,F,,,P1Y,S,,,GFS.A.N.I10.W0.S13.S1._Z.B.B9._Z._Z._Z.XDC_R_B1GQ._Z.S.V.N._T,,,,,,"See <a class=""external"" href=""http://sdw.ecb.europa.eu/web/generator/docu/rtdb_docu.pdf""> notes</a>; block Annual; series: B",,4,,,"Government deficit(-) or surplus(+), percent of GDP",Euro area (moving concept in the Real Time database context) - Deficit/surplus without UMTS proceeds - All sectors/ unspecified/ not applicable (ESA2010)-NCBs - General government (ESA2010)-NCBs - Non-financial flows current prices - Percentage,XDC_R_B1GQ,0,Replace,2005-10-05T15:30:00.000+02:00,
RTD.A.S0.N.F_UMD_CGG_D0.F,A,S0,N,F_UMD_CGG_D0,F,2001,-1.8875,A,F,,,P1Y,S,,,GFS.A.N.I10.W0.S13.S1._Z.B.B9._Z._Z._Z.XDC_R_B1GQ._Z.S.V.N._T,,,,,,"See <a class=""external"" href=""http://sdw.ecb.europa.eu/web/generator/docu/rtdb_docu.pdf""> notes</a>; block Annual; series: B",,4,,,"Government deficit(-) or surplus(+), percent of GDP",Euro area (moving concept in the Real Time database context) - Deficit/surplus without UMTS proceeds - All sectors/ unspecified/ not applicable (ESA2010)-NCBs - General government (ESA2010)-NCBs - Non-financial flows current prices - Percentage,XDC_R_B1GQ,0,Replace,2005-10-05T15:30:00.000+02:00,
RTD.A.S0.N.F_UMD_CGG_D0.F,A,S0,N,F_UMD_CGG_D0,F,2002,-2.55796,A,F,,,P1Y,S,,,GFS.A.N.I10.W0.S13.S1._Z.B.B9._Z._Z._Z.XDC_R_B1GQ._Z.S.V.N._T,,,,,,"See <a class=""external"" href=""http://sdw.ecb.europa.eu/web/generator/docu/rtdb_docu.pdf""> notes</a>; block Annual; series: B",,4,,,"Government deficit(-) or surplus(+), percent of GDP",Euro area (moving concept in the Real Time database context) - Deficit/surplus without UMTS proceeds - All sectors/ unspecified/ not applicable (ESA2010)-NCBs - General government (ESA2010)-NCBs - Non-financial flows current prices - Percentage,XDC_R_B1GQ,0,Replace,2005-10-05T15:30:00.000+02:00,
RTD.A.S0.N.F_UMD_CGG_D0.F,A,S0,N,F_UMD_CGG_D0,F,2003,-3.02158,A,F,,,P1Y,S,,,GFS.A.N.I10.W0.S13.S1._Z.B.B9._Z._Z._Z.XDC_R_B1GQ._Z.S.V.N._T,,,,,,"See <a class=""external"" href=""http://sdw.ecb.europa.eu/web/generator/docu/rtdb_docu.pdf""> notes</a>; block Annual; series: B",,4,,,"Government deficit(-) or surplus(+), percent of GDP",Euro area (moving concept in the Real Time database context) - Deficit/surplus without UMTS proceeds - All sectors/ unspecified/ not applicable (ESA2010)-NCBs - General government (ESA2010)-NCBs - Non-financial flows current prices - Percentage,XDC_R_B1GQ,0,Replace,2005-10-05T15:30:00.000+02:00,
RTD.A.S0.N.F_UMD_CGG_D0.F,A,S0,N,F_UMD_CGG_D0,F,2004,-2.74707,A,F,,,P1Y,S,,,GFS.A.N.I10.W0.S13.S1._Z.B.B9._Z._Z._Z.XDC_R_B1GQ._Z.S.V.N._T,,,,,,"See <a class=""external"" href=""http://sdw.ecb.europa.eu/web/generator/docu/rtdb_docu.pdf""> notes</a>; block Annual; series: B",,4,,,"Government deficit(-) or surplus(+), percent of GDP",Euro area (moving concept in the Real Time database context) - Deficit/surplus without UMTS proceeds - All sectors/ unspecified/ not applicable (ESA2010)-NCBs - General government (ESA2010)-NCBs - Non-financial flows current prices - Percentage,XDC_R_B1GQ,0,Replace,2005-10-05T15:30:00.000+02:00,
RTD.A.S0.N.F_UMD_CGG_D0.F,A,S0,N,F_UMD_CGG_D0,F,1993,-5.79832,A,F,,,P1Y,S,,,GFS.A.N.I10.W0.S13.S1._Z.B.B9._Z._Z._Z.XDC_R_B1GQ._Z.S.V.N._T,,,,,,"See <a class=""external"" href=""http://sdw.ecb.europa.eu/web/generator/docu/rtdb_docu.pdf""> notes</a>; block Annual; series: B",,4,,,"Government deficit(-) or surplus(+), percent of GDP",Euro area (moving concept in the Real Time database context) - Deficit/surplus without UMTS proceeds - All sectors/ unspecified/ not applicable (ESA2010)-NCBs - General government (ESA2010)-NCBs - Non-financial flows current prices - Percentage,XDC_R_B1GQ,0,Replace,2005-11-02T15:30:00.000+01:00,
RTD.A.S0.N.F_UMD_CGG_D0.F,A,S0,N,F_UMD_CGG_D0,F,1994,-5.12894,A,F,,,P1Y,S,,,GFS.A.N.I10.W0.S13.S1._Z.B.B9._Z._Z._Z.XDC_R_B1GQ._Z.S.V.N._T,,,,,,"See <a class=""external"" href=""http://sdw.ecb.europa.eu/web/generator/docu/rtdb_docu.pdf""> notes</a>; block Annual; series: B",,4,,,"Government deficit(-) or surplus(+), percent of GDP",Euro area (moving concept in the Real Time database context) - Deficit/surplus without UMTS proceeds - All sectors/ unspecified/ not applicable (ESA2010)-NCBs - General government (ESA2010)-NCBs - Non-financial flows current prices - Percentage,XDC_R_B1GQ,0,Replace,2005-11-02T15:30:00.000+01:00,
RTD.A.S0.N.F_UMD_CGG_D0.F,A,S0,N,F_UMD_CGG_D0,F,1995,-5.08623,A,F,,,P1Y,S,,,GFS.A.N.I10.W0.S13.S1._Z.B.B9._Z._Z._Z.XDC_R_B1GQ._Z.S.V.N._T,,,,,,"See <a class=""external"" href=""http://sdw.ecb.europa.eu/web/generator/docu/rtdb_docu.pdf""> notes</a>; block Annual; series: B",,4,,,"Government deficit(-) or surplus(+), percent of GDP",Euro area (moving concept in the Real Time database context) - Deficit/surplus without UMTS proceeds - All sectors/ unspecified/ not applicable (ESA2010)-NCBs - General government (ESA2010)-NCBs - Non-financial flows current prices - Percentage,XDC_R_B1GQ,0,Replace,2005-11-02T15:30:00.000+01:00,
RTD.A.S0.N.F_UMD_CGG_D0.F,A,S0,N,F_UMD_CGG_D0,F,1996,-4.28508,A,F,,,P1Y,S,,,GFS.A.N.I10.W0.S13.S1._Z.B.B9._Z._Z._Z.XDC_R_B1GQ._Z.S.V.N._T,,,,,,"See <a class=""external"" href=""http://sdw.ecb.europa.eu/web/generator/docu/rtdb_docu.pdf""> notes</a>; block Annual; series: B",,4,,,"Government deficit(-) or surplus(+), percent of GDP",Euro area (moving concept in the Real Time database context) - Deficit/surplus without UMTS proceeds - All sectors/ unspecified/ not applicable (ESA2010)-NCBs - General government (ESA2010)-NCBs - Non-financial flows current prices - Percentage,XDC_R_B1GQ,0,Replace,2005-11-02T15:30:00.000+01:00,
RTD.A.S0.N.F_UMD_CGG_D0.F,A,S0,N,F_UMD_CGG_D0,F,1997,-2.66721,A,F,,,P1Y,S,,,GFS.A.N.I10.W0.S13.S1._Z.B.B9._Z._Z._Z.XDC_R_B1GQ._Z.S.V.N._T,,,,,,"See <a class=""external"" href=""http://sdw.ecb.europa.eu/web/generator/docu/rtdb_docu.pdf""> notes</a>; block Annual; series: B",,4,,,"Government deficit(-) or surplus(+), percent of GDP",Euro area (moving concept in the Real Time database context) - Deficit/surplus without UMTS proceeds - All sectors/ unspecified/ not applicable (ESA2010)-NCBs - General government (ESA2010)-NCBs - Non-financial flows current prices - Percentage,XDC_R_B1GQ,0,Replace,2005-11-02T15:30:00.000+01:00,
RTD.A.S0.N.F_UMD_CGG_D0.F,A,S0,N,F_UMD_CGG_D0,F,1998,-2.28653,A,F,,,P1Y,S,,,GFS.A.N.I10.W0.S13.S1._Z.B.B9._Z._Z._Z.XDC_R_B1GQ._Z.S.V.N._T,,,,,,"See <a class=""external"" href=""http://sdw.ecb.europa.eu/web/generator/docu/rtdb_docu.pdf""> notes</a>; block Annual; series: B",,4,,,"Government deficit(-) or surplus(+), percent of GDP",Euro area (moving concept in the Real Time database context) - Deficit/surplus without UMTS proceeds - All sectors/ unspecified/ not applicable (ESA2010)-NCBs - General government (ESA2010)-NCBs - Non-financial flows current prices - Percentage,XDC_R_B1GQ,0,Replace,2005-11-02T15:30:00.000+01:00,
RTD.A.S0.N.F_UMD_CGG_D0.F,A,S0,N,F_UMD_CGG_D0,F,1999,-1.33056,A,F,,,P1Y,S,,,GFS.A.N.I10.W0.S13.S1._Z.B.B9._Z._Z._Z.XDC_R_B1GQ._Z.S.V.N._T,,,,,,"See <a class=""external"" href=""http://sdw.ecb.europa.eu/web/generator/docu/rtdb_docu.pdf""> notes</a>; block Annual; series: B",,4,,,"Government deficit(-) or surplus(+), percent of GDP",Euro area (moving concept in the Real Time database context) - Deficit/surplus without UMTS proceeds - All sectors/ unspecified/ not applicable (ESA2010)-NCBs - General government (ESA2010)-NCBs - Non-financial flows current prices - Percentage,XDC_R_B1GQ,0,Replace,2005-11-02T15:30:00.000+01:00,
RTD.A.S0.N.F_UMD_CGG_D0.F,A,S0,N,F_UMD_CGG_D0,F,2000,-0.98994,A,F,,,P1Y,S,,,GFS.A.N.I10.W0.S13.S1._Z.B.B9._Z._Z._Z.XDC_R_B1GQ._Z.S.V.N._T,,,,,,"See <a class=""external"" href=""http://sdw.ecb.europa.eu/web/generator/docu/rtdb_docu.pdf""> notes</a>; block Annual; series: B",,4,,,"Government deficit(-) or surplus(+), percent of GDP",Euro area (moving concept in the Real Time database context) - Deficit/surplus without UMTS proceeds - All sectors/ unspecified/ not applicable (ESA2010)-NCBs - General government (ESA2010)-NCBs - Non-financial flows current prices - Percentage,XDC_R_B1GQ,0,Replace,2005-11-02T15:30:00.000+01:00,
RTD.A.S0.N.F_UMD_CGG_D0.F,A,S0,N,F_UMD_CGG_D0,F,2001,-1.88895,A,F,,,P1Y,S,,,GFS.A.N.I10.W0.S13.S1._Z.B.B9._Z._Z._Z.XDC_R_B1GQ._Z.S.V.N._T,,,,,,"See <a class=""external"" href=""http://sdw.ecb.europa.eu/web/generator/docu/rtdb_docu.pdf""> notes</a>; block Annual; series: B",,4,,,"Government deficit(-) or surplus(+), percent of GDP",Euro area (moving concept in the Real Time database context) - Deficit/surplus without UMTS proceeds - All sectors/ unspecified/ not applicable (ESA2010)-NCBs - General government (ESA2010)-NCBs - Non-financial flows current prices - Percentage,XDC_R_B1GQ,0,Replace,2005-11-02T15:30:00.000+01:00,
RTD.A.S0.N.F_UMD_CGG_D0.F,A,S0,N,F_UMD_CGG_D0,F,2002,-2.55056,A,F,,,P1Y,S,,,GFS.A.N.I10.W0.S13.S1._Z.B.B9._Z._Z._Z.XDC_R_B1GQ._Z.S.V.N._T,,,,,,"See <a class=""external"" href=""http://sdw.ecb.europa.eu/web/generator/docu/rtdb_docu.pdf""> notes</a>; block Annual; series: B",,4,,,"Government deficit(-) or surplus(+), percent of GDP",Euro area (moving concept in the Real Time database context) - Deficit/surplus without UMTS proceeds - All sectors/ unspecified/ not applicable (ESA2010)-NCBs - General government (ESA2010)-NCBs - Non-financial flows current prices - Percentage,XDC_R_B1GQ,0,Replace,2005-11-02T15:30:00.000+01:00,
RTD.A.S0.N.F_UMD_CGG_D0.F,A,S0,N,F_UMD_CGG_D0,F,2003,-3.01363,A,F,,,P1Y,S,,,GFS.A.N.I10.W0.S13.S1._Z.B.B9._Z._Z._Z.XDC_R_B1GQ._Z.S.V.N._T,,,,,,"See <a class=""external"" href=""http://sdw.ecb.europa.eu/web/generator/docu/rtdb_docu.pdf""> notes</a>; block Annual; series: B",,4,,,"Government deficit(-) or surplus(+), percent of GDP",Euro area (moving concept in the Real Time database context) - Deficit/surplus without UMTS proceeds - All sectors/ unspecified/ not applicable (ESA2010)-NCBs - General government (ESA2010)-NCBs - Non-financial flows current prices - Percentage,XDC_R_B1GQ,0,Replace,2005-11-02T15:30:00.000+01:00,
RTD.A.S0.N.F_UMD_CGG_D0.F,A,S0,N,F_UMD_CGG_D0,F,2004,-2.73674,A,F,,,P1Y,S,,,GFS.A.N.I10.W0.S13.S1._Z.B.B9._Z._Z._Z.XDC_R_B1GQ._Z.S.V.N._T,,,,,,"See <a class=""external"" href=""http://sdw.ecb.europa.eu/web/generator/docu/rtdb_docu.pdf""> notes</a>; block Annual; series: B",,4,,,"Government deficit(-) or surplus(+), percent of GDP",Euro area (moving concept in the Real Time database context) - Deficit/surplus without UMTS proceeds - All sectors/ unspecified/ not applicable (ESA2010)-NCBs - General government (ESA2010)-NCBs - Non-financial flows current prices - Percentage,XDC_R_B1GQ,0,Replace,2005-11-02T15:30:00.000+01:00,
RTD.A.S0.N.F_UMD_CGG_D0.F,A,S0,N,F_UMD_CGG_D0,F,1995,-5.08622,A,F,,,P1Y,S,,,GFS.A.N.I10.W0.S13.S1._Z.B.B9._Z._Z._Z.XDC_R_B1GQ._Z.S.V.N._T,,,,,,"See <a class=""external"" href=""http://sdw.ecb.europa.eu/web/generator/docu/rtdb_docu.pdf""> notes</a>; block Annual; series: B",,4,,,"Government deficit(-) or surplus(+), percent of GDP",Euro area (moving concept in the Real Time database context) - Deficit/surplus without UMTS proceeds - All sectors/ unspecified/ not applicable (ESA2010)-NCBs - General government (ESA2010)-NCBs - Non-financial flows current prices - Percentage,XDC_R_B1GQ,0,Replace,2005-11-30T15:30:00.000+01:00,
RTD.A.S0.N.F_UMD_CGG_D0.F,A,S0,N,F_UMD_CGG_D0,F,2004,-2.73868,A,F,,,P1Y,S,,,GFS.A.N.I10.W0.S13.S1._Z.B.B9._Z._Z._Z.XDC_R_B1GQ._Z.S.V.N._T,,,,,,"See <a class=""external"" href=""http://sdw.ecb.europa.eu/web/generator/docu/rtdb_docu.pdf""> notes</a>; block Annual; series: B",,4,,,"Government deficit(-) or surplus(+), percent of GDP",Euro area (moving concept in the Real Time database context) - Deficit/surplus without UMTS proceeds - All sectors/ unspecified/ not applicable (ESA2010)-NCBs - General government (ESA2010)-NCBs - Non-financial flows current prices - Percentage,XDC_R_B1GQ,0,Replace,2005-11-30T15:30:00.000+01:00,
RTD.A.S0.N.F_UMD_CGG_D0.F,A,S0,N,F_UMD_CGG_D0,F,1991,-4.85371,A,F,,,P1Y,S,,,GFS.A.N.I10.W0.S13.S1._Z.B.B9._Z._Z._Z.XDC_R_B1GQ._Z.S.V.N._T,,,,,,"See <a class=""external"" href=""http://sdw.ecb.europa.eu/web/generator/docu/rtdb_docu.pdf""> notes</a>; block Annual; series: B",,4,,,"Government deficit(-) or surplus(+), percent of GDP",Euro area (moving concept in the Real Time database context) - Deficit/surplus without UMTS proceeds - All sectors/ unspecified/ not applicable (ESA2010)-NCBs - General government (ESA2010)-NCBs - Non-financial flows current prices - Percentage,XDC_R_B1GQ,0,Replace,2006-03-01T15:30:00.000+01:00,
RTD.A.S0.N.F_UMD_CGG_D0.F,A,S0,N,F_UMD_CGG_D0,F,1992,-4.99833,A,F,,,P1Y,S,,,GFS.A.N.I10.W0.S13.S1._Z.B.B9._Z._Z._Z.XDC_R_B1GQ._Z.S.V.N._T,,,,,,"See <a class=""external"" href=""http://sdw.ecb.europa.eu/web/generator/docu/rtdb_docu.pdf""> notes</a>; block Annual; series: B",,4,,,"Government deficit(-) or surplus(+), percent of GDP",Euro area (moving concept in the Real Time database context) - Deficit/surplus without UMTS proceeds - All sectors/ unspecified/ not applicable (ESA2010)-NCBs - General government (ESA2010)-NCBs - Non-financial flows current prices - Percentage,XDC_R_B1GQ,0,Replace,2006-03-01T15:30:00.000+01:00,
RTD.A.S0.N.F_UMD_CGG_D0.F,A,S0,N,F_UMD_CGG_D0,F,1993,-5.85482,A,F,,,P1Y,S,,,GFS.A.N.I10.W0.S13.S1._Z.B.B9._Z._Z._Z.XDC_R_B1GQ._Z.S.V.N._T,,,,,,"See <a class=""external"" href=""http://sdw.ecb.europa.eu/web/generator/docu/rtdb_docu.pdf""> notes</a>; block Annual; series: B",,4,,,"Government deficit(-) or surplus(+), percent of GDP",Euro area (moving concept in the Real Time database context) - Deficit/surplus without UMTS proceeds - All sectors/ unspecified/ not applicable (ESA2010)-NCBs - General government (ESA2010)-NCBs - Non-financial flows current prices - Percentage,XDC_R_B1GQ,0,Replace,2006-03-01T15:30:00.000+01:00,
RTD.A.S0.N.F_UMD_CGG_D0.F,A,S0,N,F_UMD_CGG_D0,F,1994,-5.09324,A,F,,,P1Y,S,,,GFS.A.N.I10.W0.S13.S1._Z.B.B9._Z._Z._Z.XDC_R_B1GQ._Z.S.V.N._T,,,,,,"See <a class=""external"" href=""http://sdw.ecb.europa.eu/web/generator/docu/rtdb_docu.pdf""> notes</a>; block Annual; series: B",,4,,,"Government deficit(-) or surplus(+), percent of GDP",Euro area (moving concept in the Real Time database context) - Deficit/surplus without UMTS proceeds - All sectors/ unspecified/ not applicable (ESA2010)-NCBs - General government (ESA2010)-NCBs - Non-financial flows current prices - Percentage,XDC_R_B1GQ,0,Replace,2006-03-01T15:30:00.000+01:00,
RTD.A.S0.N.F_UMD_CGG_D0.F,A,S0,N,F_UMD_CGG_D0,F,1991,-4.84688,A,F,,,P1Y,S,,,GFS.A.N.I10.W0.S13.S1._Z.B.B9._Z._Z._Z.XDC_R_B1GQ._Z.S.V.N._T,,,,,,"See <a class=""external"" href=""http://sdw.ecb.europa.eu/web/generator/docu/rtdb_docu.pdf""> notes</a>; block Annual; series: B",,4,,,"Government deficit(-) or surplus(+), percent of GDP",Euro area (moving concept in the Real Time database context) - Deficit/surplus without UMTS proceeds - All sectors/ unspecified/ not applicable (ESA2010)-NCBs - General government (ESA2010)-NCBs - Non-financial flows current prices - Percentage,XDC_R_B1GQ,0,Replace,2006-05-03T15:30:00.000+02:00,
RTD.A.S0.N.F_UMD_CGG_D0.F,A,S0,N,F_UMD_CGG_D0,F,1992,-4.97513,A,F,,,P1Y,S,,,GFS.A.N.I10.W0.S13.S1._Z.B.B9._Z._Z._Z.XDC_R_B1GQ._Z.S.V.N._T,,,,,,"See <a class=""external"" href=""http://sdw.ecb.europa.eu/web/generator/docu/rtdb_docu.pdf""> notes</a>; block Annual; series: B",,4,,,"Government deficit(-) or surplus(+), percent of GDP",Euro area (moving concept in the Real Time database context) - Deficit/surplus without UMTS proceeds - All sectors/ unspecified/ not applicable (ESA2010)-NCBs - General government (ESA2010)-NCBs - Non-financial flows current prices - Percentage,XDC_R_B1GQ,0,Replace,2006-05-03T15:30:00.000+02:00,
RTD.A.S0.N.F_UMD_CGG_D0.F,A,S0,N,F_UMD_CGG_D0,F,1993,-5.83831,A,F,,,P1Y,S,,,GFS.A.N.I10.W0.S13.S1._Z.B.B9._Z._Z._Z.XDC_R_B1GQ._Z.S.V.N._T,,,,,,"See <a class=""external"" href=""http://sdw.ecb.europa.eu/web/generator/docu/rtdb_docu.pdf""> notes</a>; block Annual; series: B",,4,,,"Government deficit(-) or surplus(+), percent of GDP",Euro area (moving concept in the Real Time database context) - Deficit/surplus without UMTS proceeds - All sectors/ unspecified/ not applicable (ESA2010)-NCBs - General government (ESA2010)-NCBs - Non-financial flows current prices - Percentage,XDC_R_B1GQ,0,Replace,2006-05-03T15:30:00.000+02:00,
RTD.A.S0.N.F_UMD_CGG_D0.F,A,S0,N,F_UMD_CGG_D0,F,1994,-5.08869,A,F,,,P1Y,S,,,GFS.A.N.I10.W0.S13.S1._Z.B.B9._Z._Z._Z.XDC_R_B1GQ._Z.S.V.N._T,,,,,,"See <a class=""external"" href=""http://sdw.ecb.europa.eu/web/generator/docu/rtdb_docu.pdf""> notes</a>; block Annual; series: B",,4,,,"Government deficit(-) or surplus(+), percent of GDP",Euro area (moving concept in the Real Time database context) - Deficit/surplus without UMTS proceeds - All sectors/ unspecified/ not applicable (ESA2010)-NCBs - General government (ESA2010)-NCBs - Non-financial flows current prices - Percentage,XDC_R_B1GQ,0,Replace,2006-05-03T15:30:00.000+02:00,
RTD.A.S0.N.F_UMD_CGG_D0.F,A,S0,N,F_UMD_CGG_D0,F,1995,-5.11182,A,F,,,P1Y,S,,,GFS.A.N.I10.W0.S13.S1._Z.B.B9._Z._Z._Z.XDC_R_B1GQ._Z.S.V.N._T,,,,,,"See <a class=""external"" href=""http://sdw.ecb.europa.eu/web/generator/docu/rtdb_docu.pdf""> notes</a>; block Annual; series: B",,4,,,"Government deficit(-) or surplus(+), percent of GDP",Euro area (moving concept in the Real Time database context) - Deficit/surplus without UMTS proceeds - All sectors/ unspecified/ not applicable (ESA2010)-NCBs - General government (ESA2010)-NCBs - Non-financial flows current prices - Percentage,XDC_R_B1GQ,0,Replace,2006-05-03T15:30:00.000+02:00,
RTD.A.S0.N.F_UMD_CGG_D0.F,A,S0,N,F_UMD_CGG_D0,F,1996,-4.28526,A,F,,,P1Y,S,,,GFS.A.N.I10.W0.S13.S1._Z.B.B9._Z._Z._Z.XDC_R_B1GQ._Z.S.V.N._T,,,,,,"See <a class=""external"" href=""http://sdw.ecb.europa.eu/web/generator/docu/rtdb_docu.pdf""> notes</a>; block Annual; series: B",,4,,,"Government deficit(-) or surplus(+), percent of GDP",Euro area (moving concept in the Real Time database context) - Deficit/surplus without UMTS proceeds - All sectors/ unspecified/ not applicable (ESA2010)-NCBs - General government (ESA2010)-NCBs - Non-financial flows current prices - Percentage,XDC_R_B1GQ,0,Replace,2006-05-03T15:30:00.000+02:00,
RTD.A.S0.N.F_UMD_CGG_D0.F,A,S0,N,F_UMD_CGG_D0,F,1997,-2.61627,A,F,,,P1Y,S,,,GFS.A.N.I10.W0.S13.S1._Z.B.B9._Z._Z._Z.XDC_R_B1GQ._Z.S.V.N._T,,,,,,"See <a class=""external"" href=""http://sdw.ecb.europa.eu/web/generator/docu/rtdb_docu.pdf""> notes</a>; block Annual; series: B",,4,,,"Government deficit(-) or surplus(+), percent of GDP",Euro area (moving concept in the Real Time database context) - Deficit/surplus without UMTS proceeds - All sectors/ unspecified/ not applicable (ESA2010)-NCBs - General government (ESA2010)-NCBs - Non-financial flows current prices - Percentage,XDC_R_B1GQ,0,Replace,2006-05-03T15:30:00.000+02:00,
RTD.A.S0.N.F_UMD_CGG_D0.F,A,S0,N,F_UMD_CGG_D0,F,1998,-2.28261,A,F,,,P1Y,S,,,GFS.A.N.I10.W0.S13.S1._Z.B.B9._Z._Z._Z.XDC_R_B1GQ._Z.S.V.N._T,,,,,,"See <a class=""external"" href=""http://sdw.ecb.europa.eu/web/generator/docu/rtdb_docu.pdf""> notes</a>; block Annual; series: B",,4,,,"Government deficit(-) or surplus(+), percent of GDP",Euro area (moving concept in the Real Time database context) - Deficit/surplus without UMTS proceeds - All sectors/ unspecified/ not applicable (ESA2010)-NCBs - General government (ESA2010)-NCBs - Non-financial flows current prices - Percentage,XDC_R_B1GQ,0,Replace,2006-05-03T15:30:00.000+02:00,
RTD.A.S0.N.F_UMD_CGG_D0.F,A,S0,N,F_UMD_CGG_D0,F,1999,-1.34202,A,F,,,P1Y,S,,,GFS.A.N.I10.W0.S13.S1._Z.B.B9._Z._Z._Z.XDC_R_B1GQ._Z.S.V.N._T,,,,,,"See <a class=""external"" href=""http://sdw.ecb.europa.eu/web/generator/docu/rtdb_docu.pdf""> notes</a>; block Annual; series: B",,4,,,"Government deficit(-) or surplus(+), percent of GDP",Euro area (moving concept in the Real Time database context) - Deficit/surplus without UMTS proceeds - All sectors/ unspecified/ not applicable (ESA2010)-NCBs - General government (ESA2010)-NCBs - Non-financial flows current prices - Percentage,XDC_R_B1GQ,0,Replace,2006-05-03T15:30:00.000+02:00,
RTD.A.S0.N.F_UMD_CGG_D0.F,A,S0,N,F_UMD_CGG_D0,F,2000,-1.00386,A,F,,,P1Y,S,,,GFS.A.N.I10.W0.S13.S1._Z.B.B9._Z._Z._Z.XDC_R_B1GQ._Z.S.V.N._T,,,,,,"See <a class=""external"" href=""http://sdw.ecb.europa.eu/web/generator/docu/rtdb_docu.pdf""> notes</a>; block Annual; series: B",,4,,,"Government deficit(-) or surplus(+), percent of GDP",Euro area (moving concept in the Real Time database context) - Deficit/surplus without UMTS proceeds - All sectors/ unspecified/ not applicable (ESA2010)-NCBs - General government (ESA2010)-NCBs - Non-financial flows current prices - Percentage,XDC_R_B1GQ,0,Replace,2006-05-03T15:30:00.000+02:00,
RTD.A.S0.N.F_UMD_CGG_D0.F,A,S0,N,F_UMD_CGG_D0,F,2001,-1.85913,A,F,,,P1Y,S,,,GFS.A.N.I10.W0.S13.S1._Z.B.B9._Z._Z._Z.XDC_R_B1GQ._Z.S.V.N._T,,,,,,"See <a class=""external"" href=""http://sdw.ecb.europa.eu/web/generator/docu/rtdb_docu.pdf""> notes</a>; block Annual; series: B",,4,,,"Government deficit(-) or surplus(+), percent of GDP",Euro area (moving concept in the Real Time database context) - Deficit/surplus without UMTS proceeds - All sectors/ unspecified/ not applicable (ESA2010)-NCBs - General government (ESA2010)-NCBs - Non-financial flows current prices - Percentage,XDC_R_B1GQ,0,Replace,2006-05-03T15:30:00.000+02:00,
RTD.A.S0.N.F_UMD_CGG_D0.F,A,S0,N,F_UMD_CGG_D0,F,2002,-2.5769,A,F,,,P1Y,S,,,GFS.A.N.I10.W0.S13.S1._Z.B.B9._Z._Z._Z.XDC_R_B1GQ._Z.S.V.N._T,,,,,,"See <a class=""external"" href=""http://sdw.ecb.europa.eu/web/generator/docu/rtdb_docu.pdf""> notes</a>; block Annual; series: B",,4,,,"Government deficit(-) or surplus(+), percent of GDP",Euro area (moving concept in the Real Time database context) - Deficit/surplus without UMTS proceeds - All sectors/ unspecified/ not applicable (ESA2010)-NCBs - General government (ESA2010)-NCBs - Non-financial flows current prices - Percentage,XDC_R_B1GQ,0,Replace,2006-05-03T15:30:00.000+02:00,
RTD.A.S0.N.F_UMD_CGG_D0.F,A,S0,N,F_UMD_CGG_D0,F,2003,-3.06626,A,F,,,P1Y,S,,,GFS.A.N.I10.W0.S13.S1._Z.B.B9._Z._Z._Z.XDC_R_B1GQ._Z.S.V.N._T,,,,,,"See <a class=""external"" href=""http://sdw.ecb.europa.eu/web/generator/docu/rtdb_docu.pdf""> notes</a>; block Annual; series: B",,4,,,"Government deficit(-) or surplus(+), percent of GDP",Euro area (moving concept in the Real Time database context) - Deficit/surplus without UMTS proceeds - All sectors/ unspecified/ not applicable (ESA2010)-NCBs - General government (ESA2010)-NCBs - Non-financial flows current prices - Percentage,XDC_R_B1GQ,0,Replace,2006-05-03T15:30:00.000+02:00,
RTD.A.S0.N.F_UMD_CGG_D0.F,A,S0,N,F_UMD_CGG_D0,F,2004,-2.79239,A,F,,,P1Y,S,,,GFS.A.N.I10.W0.S13.S1._Z.B.B9._Z._Z._Z.XDC_R_B1GQ._Z.S.V.N._T,,,,,,"See <a class=""external"" href=""http://sdw.ecb.europa.eu/web/generator/docu/rtdb_docu.pdf""> notes</a>; block Annual; series: B",,4,,,"Government deficit(-) or surplus(+), percent of GDP",Euro area (moving concept in the Real Time database context) - Deficit/surplus without UMTS proceeds - All sectors/ unspecified/ not applicable (ESA2010)-NCBs - General government (ESA2010)-NCBs - Non-financial flows current prices - Percentage,XDC_R_B1GQ,0,Replace,2006-05-03T15:30:00.000+02:00,
RTD.A.S0.N.F_UMD_CGG_D0.F,A,S0,N,F_UMD_CGG_D0,F,2005,-2.40009,A,F,,,P1Y,S,,,GFS.A.N.I10.W0.S13.S1._Z.B.B9._Z._Z._Z.XDC_R_B1GQ._Z.S.V.N._T,,,,,,"See <a class=""external"" href=""http://sdw.ecb.europa.eu/web/generator/docu/rtdb_docu.pdf""> notes</a>; block Annual; series: B",,4,,,"Government deficit(-) or surplus(+), percent of GDP",Euro area (moving concept in the Real Time database context) - Deficit/surplus without UMTS proceeds - All sectors/ unspecified/ not applicable (ESA2010)-NCBs - General government (ESA2010)-NCBs - Non-financial flows current prices - Percentage,XDC_R_B1GQ,0,Replace,2006-05-03T15:30:00.000+02:00,
RTD.A.S0.N.F_UMD_CGG_D0.F,A,S0,N,F_UMD_CGG_D0,F,1991,-4.84686,A,F,,,P1Y,S,,,GFS.A.N.I10.W0.S13.S1._Z.B.B9._Z._Z._Z.XDC_R_B1GQ._Z.S.V.N._T,,,,,,"See <a class=""external"" href=""http://sdw.ecb.europa.eu/web/generator/docu/rtdb_docu.pdf""> notes</a>; block Annual; series: B",,4,,,"Government deficit(-) or surplus(+), percent of GDP",Euro area (moving concept in the Real Time database context) - Deficit/surplus without UMTS proceeds - All sectors/ unspecified/ not applicable (ESA2010)-NCBs - General government (ESA2010)-NCBs - Non-financial flows current prices - Percentage,XDC_R_B1GQ,0,Replace,2006-06-07T15:30:00.000+02:00,
RTD.A.S0.N.F_UMD_CGG_D0.F,A,S0,N,F_UMD_CGG_D0,F,1992,-4.97501,A,F,,,P1Y,S,,,GFS.A.N.I10.W0.S13.S1._Z.B.B9._Z._Z._Z.XDC_R_B1GQ._Z.S.V.N._T,,,,,,"See <a class=""external"" href=""http://sdw.ecb.europa.eu/web/generator/docu/rtdb_docu.pdf""> notes</a>; block Annual; series: B",,4,,,"Government deficit(-) or surplus(+), percent of GDP",Euro area (moving concept in the Real Time database context) - Deficit/surplus without UMTS proceeds - All sectors/ unspecified/ not applicable (ESA2010)-NCBs - General government (ESA2010)-NCBs - Non-financial flows current prices - Percentage,XDC_R_B1GQ,0,Replace,2006-06-07T15:30:00.000+02:00,
RTD.A.S0.N.F_UMD_CGG_D0.F,A,S0,N,F_UMD_CGG_D0,F,1993,-5.85236,A,F,,,P1Y,S,,,GFS.A.N.I10.W0.S13.S1._Z.B.B9._Z._Z._Z.XDC_R_B1GQ._Z.S.V.N._T,,,,,,"See <a class=""external"" href=""http://sdw.ecb.europa.eu/web/generator/docu/rtdb_docu.pdf""> notes</a>; block Annual; series: B",,4,,,"Government deficit(-) or surplus(+), percent of GDP",Euro area (moving concept in the Real Time database context) - Deficit/surplus without UMTS proceeds - All sectors/ unspecified/ not applicable (ESA2010)-NCBs - General government (ESA2010)-NCBs - Non-financial flows current prices - Percentage,XDC_R_B1GQ,0,Replace,2006-06-07T15:30:00.000+02:00,
RTD.A.S0.N.F_UMD_CGG_D0.F,A,S0,N,F_UMD_CGG_D0,F,1994,-5.08864,A,F,,,P1Y,S,,,GFS.A.N.I10.W0.S13.S1._Z.B.B9._Z._Z._Z.XDC_R_B1GQ._Z.S.V.N._T,,,,,,"See <a class=""external"" href=""http://sdw.ecb.europa.eu/web/generator/docu/rtdb_docu.pdf""> notes</a>; block Annual; series: B",,4,,,"Government deficit(-) or surplus(+), percent of GDP",Euro area (moving concept in the Real Time database context) - Deficit/surplus without UMTS proceeds - All sectors/ unspecified/ not applicable (ESA2010)-NCBs - General government (ESA2010)-NCBs - Non-financial flows current prices - Percentage,XDC_R_B1GQ,0,Replace,2006-06-07T15:30:00.000+02:00,
RTD.A.S0.N.F_UMD_CGG_D0.F,A,S0,N,F_UMD_CGG_D0,F,1995,-5.11181,A,F,,,P1Y,S,,,GFS.A.N.I10.W0.S13.S1._Z.B.B9._Z._Z._Z.XDC_R_B1GQ._Z.S.V.N._T,,,,,,"See <a class=""external"" href=""http://sdw.ecb.europa.eu/web/generator/docu/rtdb_docu.pdf""> notes</a>; block Annual; series: B",,4,,,"Government deficit(-) or surplus(+), percent of GDP",Euro area (moving concept in the Real Time database context) - Deficit/surplus without UMTS proceeds - All sectors/ unspecified/ not applicable (ESA2010)-NCBs - General government (ESA2010)-NCBs - Non-financial flows current prices - Percentage,XDC_R_B1GQ,0,Replace,2006-06-07T15:30:00.000+02:00,
RTD.A.S0.N.F_UMD_CGG_D0.F,A,S0,N,F_UMD_CGG_D0,F,1996,-4.28527,A,F,,,P1Y,S,,,GFS.A.N.I10.W0.S13.S1._Z.B.B9._Z._Z._Z.XDC_R_B1GQ._Z.S.V.N._T,,,,,,"See <a class=""external"" href=""http://sdw.ecb.europa.eu/web/generator/docu/rtdb_docu.pdf""> notes</a>; block Annual; series: B",,4,,,"Government deficit(-) or surplus(+), percent of GDP",Euro area (moving concept in the Real Time database context) - Deficit/surplus without UMTS proceeds - All sectors/ unspecified/ not applicable (ESA2010)-NCBs - General government (ESA2010)-NCBs - Non-financial flows current prices - Percentage,XDC_R_B1GQ,0,Replace,2006-06-07T15:30:00.000+02:00,
RTD.A.S0.N.F_UMD_CGG_D0.F,A,S0,N,F_UMD_CGG_D0,F,1997,-2.6155,A,F,,,P1Y,S,,,GFS.A.N.I10.W0.S13.S1._Z.B.B9._Z._Z._Z.XDC_R_B1GQ._Z.S.V.N._T,,,,,,"See <a class=""external"" href=""http://sdw.ecb.europa.eu/web/generator/docu/rtdb_docu.pdf""> notes</a>; block Annual; series: B",,4,,,"Government deficit(-) or surplus(+), percent of GDP",Euro area (moving concept in the Real Time database context) - Deficit/surplus without UMTS proceeds - All sectors/ unspecified/ not applicable (ESA2010)-NCBs - General government (ESA2010)-NCBs - Non-financial flows current prices - Percentage,XDC_R_B1GQ,0,Replace,2006-06-07T15:30:00.000+02:00,
RTD.A.S0.N.F_UMD_CGG_D0.F,A,S0,N,F_UMD_CGG_D0,F,1998,-2.28262,A,F,,,P1Y,S,,,GFS.A.N.I10.W0.S13.S1._Z.B.B9._Z._Z._Z.XDC_R_B1GQ._Z.S.V.N._T,,,,,,"See <a class=""external"" href=""http://sdw.ecb.europa.eu/web/generator/docu/rtdb_docu.pdf""> notes</a>; block Annual; series: B",,4,,,"Government deficit(-) or surplus(+), percent of GDP",Euro area (moving concept in the Real Time database context) - Deficit/surplus without UMTS proceeds - All sectors/ unspecified/ not applicable (ESA2010)-NCBs - General government (ESA2010)-NCBs - Non-financial flows current prices - Percentage,XDC_R_B1GQ,0,Replace,2006-06-07T15:30:00.000+02:00,
RTD.A.S0.N.F_UMD_CGG_D0.F,A,S0,N,F_UMD_CGG_D0,F,1999,-1.35614,A,F,,,P1Y,S,,,GFS.A.N.I10.W0.S13.S1._Z.B.B9._Z._Z._Z.XDC_R_B1GQ._Z.S.V.N._T,,,,,,"See <a class=""external"" href=""http://sdw.ecb.europa.eu/web/generator/docu/rtdb_docu.pdf""> notes</a>; block Annual; series: B",,4,,,"Government deficit(-) or surplus(+), percent of GDP",Euro area (moving concept in the Real Time database context) - Deficit/surplus without UMTS proceeds - All sectors/ unspecified/ not applicable (ESA2010)-NCBs - General government (ESA2010)-NCBs - Non-financial flows current prices - Percentage,XDC_R_B1GQ,0,Replace,2006-06-07T15:30:00.000+02:00,
RTD.A.S0.N.F_UMD_CGG_D0.F,A,S0,N,F_UMD_CGG_D0,F,2000,-1.00385,A,F,,,P1Y,S,,,GFS.A.N.I10.W0.S13.S1._Z.B.B9._Z._Z._Z.XDC_R_B1GQ._Z.S.V.N._T,,,,,,"See <a class=""external"" href=""http://sdw.ecb.europa.eu/web/generator/docu/rtdb_docu.pdf""> notes</a>; block Annual; series: B",,4,,,"Government deficit(-) or surplus(+), percent of GDP",Euro area (moving concept in the Real Time database context) - Deficit/surplus without UMTS proceeds - All sectors/ unspecified/ not applicable (ESA2010)-NCBs - General government (ESA2010)-NCBs - Non-financial flows current prices - Percentage,XDC_R_B1GQ,0,Replace,2006-06-07T15:30:00.000+02:00,
RTD.A.S0.N.F_UMD_CGG_D0.F,A,S0,N,F_UMD_CGG_D0,F,2001,-1.85914,A,F,,,P1Y,S,,,GFS.A.N.I10.W0.S13.S1._Z.B.B9._Z._Z._Z.XDC_R_B1GQ._Z.S.V.N._T,,,,,,"See <a class=""external"" href=""http://sdw.ecb.europa.eu/web/generator/docu/rtdb_docu.pdf""> notes</a>; block Annual; series: B",,4,,,"Government deficit(-) or surplus(+), percent of GDP",Euro area (moving concept in the Real Time database context) - Deficit/surplus without UMTS proceeds - All sectors/ unspecified/ not applicable (ESA2010)-NCBs - General government (ESA2010)-NCBs - Non-financial flows current prices - Percentage,XDC_R_B1GQ,0,Replace,2006-06-07T15:30:00.000+02:00,
RTD.A.S0.N.F_UMD_CGG_D0.F,A,S0,N,F_UMD_CGG_D0,F,2002,-2.57691,A,F,,,P1Y,S,,,GFS.A.N.I10.W0.S13.S1._Z.B.B9._Z._Z._Z.XDC_R_B1GQ._Z.S.V.N._T,,,,,,"See <a class=""external"" href=""http://sdw.ecb.europa.eu/web/generator/docu/rtdb_docu.pdf""> notes</a>; block Annual; series: B",,4,,,"Government deficit(-) or surplus(+), percent of GDP",Euro area (moving concept in the Real Time database context) - Deficit/surplus without UMTS proceeds - All sectors/ unspecified/ not applicable (ESA2010)-NCBs - General government (ESA2010)-NCBs - Non-financial flows current prices - Percentage,XDC_R_B1GQ,0,Replace,2006-06-07T15:30:00.000+02:00,
RTD.A.S0.N.F_UMD_CGG_D0.F,A,S0,N,F_UMD_CGG_D0,F,2003,-3.06625,A,F,,,P1Y,S,,,GFS.A.N.I10.W0.S13.S1._Z.B.B9._Z._Z._Z.XDC_R_B1GQ._Z.S.V.N._T,,,,,,"See <a class=""external"" href=""http://sdw.ecb.europa.eu/web/generator/docu/rtdb_docu.pdf""> notes</a>; block Annual; series: B",,4,,,"Government deficit(-) or surplus(+), percent of GDP",Euro area (moving concept in the Real Time database context) - Deficit/surplus without UMTS proceeds - All sectors/ unspecified/ not applicable (ESA2010)-NCBs - General government (ESA2010)-NCBs - Non-financial flows current prices - Percentage,XDC_R_B1GQ,0,Replace,2006-06-07T15:30:00.000+02:00,
RTD.A.S0.N.F_UMD_CGG_D0.F,A,S0,N,F_UMD_CGG_D0,F,2004,-2.7924,A,F,,,P1Y,S,,,GFS.A.N.I10.W0.S13.S1._Z.B.B9._Z._Z._Z.XDC_R_B1GQ._Z.S.V.N._T,,,,,,"See <a class=""external"" href=""http://sdw.ecb.europa.eu/web/generator/docu/rtdb_docu.pdf""> notes</a>; block Annual; series: B",,4,,,"Government deficit(-) or surplus(+), percent of GDP",Euro area (moving concept in the Real Time database context) - Deficit/surplus without UMTS proceeds - All sectors/ unspecified/ not applicable (ESA2010)-NCBs - General government (ESA2010)-NCBs - Non-financial flows current prices - Percentage,XDC_R_B1GQ,0,Replace,2006-06-07T15:30:00.000+02:00,
RTD.A.S0.N.F_UMD_CGG_D0.F,A,S0,N,F_UMD_CGG_D0,F,2005,-2.40603,A,F,,,P1Y,S,,,GFS.A.N.I10.W0.S13.S1._Z.B.B9._Z._Z._Z.XDC_R_B1GQ._Z.S.V.N._T,,,,,,"See <a class=""external"" href=""http://sdw.ecb.europa.eu/web/generator/docu/rtdb_docu.pdf""> notes</a>; block Annual; series: B",,4,,,"Government deficit(-) or surplus(+), percent of GDP",Euro area (moving concept in the Real Time database context) - Deficit/surplus without UMTS proceeds - All sectors/ unspecified/ not applicable (ESA2010)-NCBs - General government (ESA2010)-NCBs - Non-financial flows current prices - Percentage,XDC_R_B1GQ,0,Replace,2006-06-07T15:30:00.000+02:00,
RTD.A.S0.N.F_UMD_CGG_D0.F,A,S0,N,F_UMD_CGG_D0,F,1993,-5.85239,A,F,,,P1Y,S,,,GFS.A.N.I10.W0.S13.S1._Z.B.B9._Z._Z._Z.XDC_R_B1GQ._Z.S.V.N._T,,,,,,"See <a class=""external"" href=""http://sdw.ecb.europa.eu/web/generator/docu/rtdb_docu.pdf""> notes</a>; block Annual; series: B",,4,,,"Government deficit(-) or surplus(+), percent of GDP",Euro area (moving concept in the Real Time database context) - Deficit/surplus without UMTS proceeds - All sectors/ unspecified/ not applicable (ESA2010)-NCBs - General government (ESA2010)-NCBs - Non-financial flows current prices - Percentage,XDC_R_B1GQ,0,Replace,2006-07-05T15:30:00.000+02:00,
RTD.A.S0.N.F_UMD_CGG_D0.F,A,S0,N,F_UMD_CGG_D0,F,1994,-5.08856,A,F,,,P1Y,S,,,GFS.A.N.I10.W0.S13.S1._Z.B.B9._Z._Z._Z.XDC_R_B1GQ._Z.S.V.N._T,,,,,,"See <a class=""external"" href=""http://sdw.ecb.europa.eu/web/generator/docu/rtdb_docu.pdf""> notes</a>; block Annual; series: B",,4,,,"Government deficit(-) or surplus(+), percent of GDP",Euro area (moving concept in the Real Time database context) - Deficit/surplus without UMTS proceeds - All sectors/ unspecified/ not applicable (ESA2010)-NCBs - General government (ESA2010)-NCBs - Non-financial flows current prices - Percentage,XDC_R_B1GQ,0,Replace,2006-07-05T15:30:00.000+02:00,
RTD.A.S0.N.F_UMD_CGG_D0.F,A,S0,N,F_UMD_CGG_D0,F,1995,-5.11182,A,F,,,P1Y,S,,,GFS.A.N.I10.W0.S13.S1._Z.B.B9._Z._Z._Z.XDC_R_B1GQ._Z.S.V.N._T,,,,,,"See <a class=""external"" href=""http://sdw.ecb.europa.eu/web/generator/docu/rtdb_docu.pdf""> notes</a>; block Annual; series: B",,4,,,"Government deficit(-) or surplus(+), percent of GDP",Euro area (moving concept in the Real Time database context) - Deficit/surplus without UMTS proceeds - All sectors/ unspecified/ not applicable (ESA2010)-NCBs - General government (ESA2010)-NCBs - Non-financial flows current prices - Percentage,XDC_R_B1GQ,0,Replace,2006-07-05T15:30:00.000+02:00,
RTD.A.S0.N.F_UMD_CGG_D0.F,A,S0,N,F_UMD_CGG_D0,F,1997,-2.61551,A,F,,,P1Y,S,,,GFS.A.N.I10.W0.S13.S1._Z.B.B9._Z._Z._Z.XDC_R_B1GQ._Z.S.V.N._T,,,,,,"See <a class=""external"" href=""http://sdw.ecb.europa.eu/web/generator/docu/rtdb_docu.pdf""> notes</a>; block Annual; series: B",,4,,,"Government deficit(-) or surplus(+), percent of GDP",Euro area (moving concept in the Real Time database context) - Deficit/surplus without UMTS proceeds - All sectors/ unspecified/ not applicable (ESA2010)-NCBs - General government (ESA2010)-NCBs - Non-financial flows current prices - Percentage,XDC_R_B1GQ,0,Replace,2006-07-05T15:30:00.000+02:00,
RTD.A.S0.N.F_UMD_CGG_D0.F,A,S0,N,F_UMD_CGG_D0,F,1999,-1.35613,A,F,,,P1Y,S,,,GFS.A.N.I10.W0.S13.S1._Z.B.B9._Z._Z._Z.XDC_R_B1GQ._Z.S.V.N._T,,,,,,"See <a class=""external"" href=""http://sdw.ecb.europa.eu/web/generator/docu/rtdb_docu.pdf""> notes</a>; block Annual; series: B",,4,,,"Government deficit(-) or surplus(+), percent of GDP",Euro area (moving concept in the Real Time database context) - Deficit/surplus without UMTS proceeds - All sectors/ unspecified/ not applicable (ESA2010)-NCBs - General government (ESA2010)-NCBs - Non-financial flows current prices - Percentage,XDC_R_B1GQ,0,Replace,2006-07-05T15:30:00.000+02:00,
RTD.A.S0.N.F_UMD_CGG_D0.F,A,S0,N,F_UMD_CGG_D0,F,2000,-1.00386,A,F,,,P1Y,S,,,GFS.A.N.I10.W0.S13.S1._Z.B.B9._Z._Z._Z.XDC_R_B1GQ._Z.S.V.N._T,,,,,,"See <a class=""external"" href=""http://sdw.ecb.europa.eu/web/generator/docu/rtdb_docu.pdf""> notes</a>; block Annual; series: B",,4,,,"Government deficit(-) or surplus(+), percent of GDP",Euro area (moving concept in the Real Time database context) - Deficit/surplus without UMTS proceeds - All sectors/ unspecified/ not applicable (ESA2010)-NCBs - General government (ESA2010)-NCBs - Non-financial flows current prices - Percentage,XDC_R_B1GQ,0,Replace,2006-07-05T15:30:00.000+02:00,
RTD.A.S0.N.F_UMD_CGG_D0.F,A,S0,N,F_UMD_CGG_D0,F,2001,-1.85913,A,F,,,P1Y,S,,,GFS.A.N.I10.W0.S13.S1._Z.B.B9._Z._Z._Z.XDC_R_B1GQ._Z.S.V.N._T,,,,,,"See <a class=""external"" href=""http://sdw.ecb.europa.eu/web/generator/docu/rtdb_docu.pdf""> notes</a>; block Annual; series: B",,4,,,"Government deficit(-) or surplus(+), percent of GDP",Euro area (moving concept in the Real Time database context) - Deficit/surplus without UMTS proceeds - All sectors/ unspecified/ not applicable (ESA2010)-NCBs - General government (ESA2010)-NCBs - Non-financial flows current prices - Percentage,XDC_R_B1GQ,0,Replace,2006-07-05T15:30:00.000+02:00,
RTD.A.S0.N.F_UMD_CGG_D0.F,A,S0,N,F_UMD_CGG_D0,F,2003,-3.06624,A,F,,,P1Y,S,,,GFS.A.N.I10.W0.S13.S1._Z.B.B9._Z._Z._Z.XDC_R_B1GQ._Z.S.V.N._T,,,,,,"See <a class=""external"" href=""http://sdw.ecb.europa.eu/web/generator/docu/rtdb_docu.pdf""> notes</a>; block Annual; series: B",,4,,,"Government deficit(-) or surplus(+), percent of GDP",Euro area (moving concept in the Real Time database context) - Deficit/surplus without UMTS proceeds - All sectors/ unspecified/ not applicable (ESA2010)-NCBs - General government (ESA2010)-NCBs - Non-financial flows current prices - Percentage,XDC_R_B1GQ,0,Replace,2006-07-05T15:30:00.000+02:00,
RTD.A.S0.N.F_UMD_CGG_D0.F,A,S0,N,F_UMD_CGG_D0,F,2005,-2.40437,A,F,,,P1Y,S,,,GFS.A.N.I10.W0.S13.S1._Z.B.B9._Z._Z._Z.XDC_R_B1GQ._Z.S.V.N._T,,,,,,"See <a class=""external"" href=""http://sdw.ecb.europa.eu/web/generator/docu/rtdb_docu.pdf""> notes</a>; block Annual; series: B",,4,,,"Government deficit(-) or surplus(+), percent of GDP",Euro area (moving concept in the Real Time database context) - Deficit/surplus without UMTS proceeds - All sectors/ unspecified/ not applicable (ESA2010)-NCBs - General government (ESA2010)-NCBs - Non-financial flows current prices - Percentage,XDC_R_B1GQ,0,Replace,2006-08-02T15:30:00.000+02:00,
RTD.A.S0.N.F_UMD_CGG_D0.F,A,S0,N,F_UMD_CGG_D0,F,2002,-2.56059,A,F,,,P1Y,S,,,GFS.A.N.I10.W0.S13.S1._Z.B.B9._Z._Z._Z.XDC_R_B1GQ._Z.S.V.N._T,,,,,,"See <a class=""external"" href=""http://sdw.ecb.europa.eu/web/generator/docu/rtdb_docu.pdf""> notes</a>; block Annual; series: B",,4,,,"Government deficit(-) or surplus(+), percent of GDP",Euro area (moving concept in the Real Time database context) - Deficit/surplus without UMTS proceeds - All sectors/ unspecified/ not applicable (ESA2010)-NCBs - General government (ESA2010)-NCBs - Non-financial flows current prices - Percentage,XDC_R_B1GQ,0,Replace,2006-08-30T15:30:00.000+02:00,
RTD.A.S0.N.F_UMD_CGG_D0.F,A,S0,N,F_UMD_CGG_D0,F,2003,-3.07266,A,F,,,P1Y,S,,,GFS.A.N.I10.W0.S13.S1._Z.B.B9._Z._Z._Z.XDC_R_B1GQ._Z.S.V.N._T,,,,,,"See <a class=""external"" href=""http://sdw.ecb.europa.eu/web/generator/docu/rtdb_docu.pdf""> notes</a>; block Annual; series: B",,4,,,"Government deficit(-) or surplus(+), percent of GDP",Euro area (moving concept in the Real Time database context) - Deficit/surplus without UMTS proceeds - All sectors/ unspecified/ not applicable (ESA2010)-NCBs - General government (ESA2010)-NCBs - Non-financial flows current prices - Percentage,XDC_R_B1GQ,0,Replace,2006-08-30T15:30:00.000+02:00,
RTD.A.S0.N.F_UMD_CGG_D0.F,A,S0,N,F_UMD_CGG_D0,F,2004,-2.81184,A,F,,,P1Y,S,,,GFS.A.N.I10.W0.S13.S1._Z.B.B9._Z._Z._Z.XDC_R_B1GQ._Z.S.V.N._T,,,,,,"See <a class=""external"" href=""http://sdw.ecb.europa.eu/web/generator/docu/rtdb_docu.pdf""> notes</a>; block Annual; series: B",,4,,,"Government deficit(-) or surplus(+), percent of GDP",Euro area (moving concept in the Real Time database context) - Deficit/surplus without UMTS proceeds - All sectors/ unspecified/ not applicable (ESA2010)-NCBs - General government (ESA2010)-NCBs - Non-financial flows current prices - Percentage,XDC_R_B1GQ,0,Replace,2006-08-30T15:30:00.000+02:00,
RTD.A.S0.N.F_UMD_CGG_D0.F,A,S0,N,F_UMD_CGG_D0,F,2005,-2.38196,A,F,,,P1Y,S,,,GFS.A.N.I10.W0.S13.S1._Z.B.B9._Z._Z._Z.XDC_R_B1GQ._Z.S.V.N._T,,,,,,"See <a class=""external"" href=""http://sdw.ecb.europa.eu/web/generator/docu/rtdb_docu.pdf""> notes</a>; block Annual; series: B",,4,,,"Government deficit(-) or surplus(+), percent of GDP",Euro area (moving concept in the Real Time database context) - Deficit/surplus without UMTS proceeds - All sectors/ unspecified/ not applicable (ESA2010)-NCBs - General government (ESA2010)-NCBs - Non-financial flows current prices - Percentage,XDC_R_B1GQ,0,Replace,2006-08-30T15:30:00.000+02:00,
RTD.A.S0.N.F_UMD_CGG_D0.F,A,S0,N,F_UMD_CGG_D0,F,1991,-4.9225,A,F,,,P1Y,S,,,GFS.A.N.I10.W0.S13.S1._Z.B.B9._Z._Z._Z.XDC_R_B1GQ._Z.S.V.N._T,,,,,,"See <a class=""external"" href=""http://sdw.ecb.europa.eu/web/generator/docu/rtdb_docu.pdf""> notes</a>; block Annual; series: B",,4,,,"Government deficit(-) or surplus(+), percent of GDP",Euro area (moving concept in the Real Time database context) - Deficit/surplus without UMTS proceeds - All sectors/ unspecified/ not applicable (ESA2010)-NCBs - General government (ESA2010)-NCBs - Non-financial flows current prices - Percentage,XDC_R_B1GQ,0,Replace,2006-10-31T15:30:00.000+01:00,
RTD.A.S0.N.F_UMD_CGG_D0.F,A,S0,N,F_UMD_CGG_D0,F,1992,-5.02305,A,F,,,P1Y,S,,,GFS.A.N.I10.W0.S13.S1._Z.B.B9._Z._Z._Z.XDC_R_B1GQ._Z.S.V.N._T,,,,,,"See <a class=""external"" href=""http://sdw.ecb.europa.eu/web/generator/docu/rtdb_docu.pdf""> notes</a>; block Annual; series: B",,4,,,"Government deficit(-) or surplus(+), percent of GDP",Euro area (moving concept in the Real Time database context) - Deficit/surplus without UMTS proceeds - All sectors/ unspecified/ not applicable (ESA2010)-NCBs - General government (ESA2010)-NCBs - Non-financial flows current prices - Percentage,XDC_R_B1GQ,0,Replace,2006-10-31T15:30:00.000+01:00,
RTD.A.S0.N.F_UMD_CGG_D0.F,A,S0,N,F_UMD_CGG_D0,F,1993,-5.84276,A,F,,,P1Y,S,,,GFS.A.N.I10.W0.S13.S1._Z.B.B9._Z._Z._Z.XDC_R_B1GQ._Z.S.V.N._T,,,,,,"See <a class=""external"" href=""http://sdw.ecb.europa.eu/web/generator/docu/rtdb_docu.pdf""> notes</a>; block Annual; series: B",,4,,,"Government deficit(-) or surplus(+), percent of GDP",Euro area (moving concept in the Real Time database context) - Deficit/surplus without UMTS proceeds - All sectors/ unspecified/ not applicable (ESA2010)-NCBs - General government (ESA2010)-NCBs - Non-financial flows current prices - Percentage,XDC_R_B1GQ,0,Replace,2006-10-31T15:30:00.000+01:00,
RTD.A.S0.N.F_UMD_CGG_D0.F,A,S0,N,F_UMD_CGG_D0,F,1994,-5.08739,A,F,,,P1Y,S,,,GFS.A.N.I10.W0.S13.S1._Z.B.B9._Z._Z._Z.XDC_R_B1GQ._Z.S.V.N._T,,,,,,"See <a class=""external"" href=""http://sdw.ecb.europa.eu/web/generator/docu/rtdb_docu.pdf""> notes</a>; block Annual; series: B",,4,,,"Government deficit(-) or surplus(+), percent of GDP",Euro area (moving concept in the Real Time database context) - Deficit/surplus without UMTS proceeds - All sectors/ unspecified/ not applicable (ESA2010)-NCBs - General government (ESA2010)-NCBs - Non-financial flows current prices - Percentage,XDC_R_B1GQ,0,Replace,2006-10-31T15:30:00.000+01:00,
RTD.A.S0.N.F_UMD_CGG_D0.F,A,S0,N,F_UMD_CGG_D0,F,1995,-5.12122,A,F,,,P1Y,S,,,GFS.A.N.I10.W0.S13.S1._Z.B.B9._Z._Z._Z.XDC_R_B1GQ._Z.S.V.N._T,,,,,,"See <a class=""external"" href=""http://sdw.ecb.europa.eu/web/generator/docu/rtdb_docu.pdf""> notes</a>; block Annual; series: B",,4,,,"Government deficit(-) or surplus(+), percent of GDP",Euro area (moving concept in the Real Time database context) - Deficit/surplus without UMTS proceeds - All sectors/ unspecified/ not applicable (ESA2010)-NCBs - General government (ESA2010)-NCBs - Non-financial flows current prices - Percentage,XDC_R_B1GQ,0,Replace,2006-10-31T15:30:00.000+01:00,
RTD.A.S0.N.F_UMD_CGG_D0.F,A,S0,N,F_UMD_CGG_D0,F,1996,-4.28797,A,F,,,P1Y,S,,,GFS.A.N.I10.W0.S13.S1._Z.B.B9._Z._Z._Z.XDC_R_B1GQ._Z.S.V.N._T,,,,,,"See <a class=""external"" href=""http://sdw.ecb.europa.eu/web/generator/docu/rtdb_docu.pdf""> notes</a>; block Annual; series: B",,4,,,"Government deficit(-) or surplus(+), percent of GDP",Euro area (moving concept in the Real Time database context) - Deficit/surplus without UMTS proceeds - All sectors/ unspecified/ not applicable (ESA2010)-NCBs - General government (ESA2010)-NCBs - Non-financial flows current prices - Percentage,XDC_R_B1GQ,0,Replace,2006-10-31T15:30:00.000+01:00,
RTD.A.S0.N.F_UMD_CGG_D0.F,A,S0,N,F_UMD_CGG_D0,F,1997,-2.62606,A,F,,,P1Y,S,,,GFS.A.N.I10.W0.S13.S1._Z.B.B9._Z._Z._Z.XDC_R_B1GQ._Z.S.V.N._T,,,,,,"See <a class=""external"" href=""http://sdw.ecb.europa.eu/web/generator/docu/rtdb_docu.pdf""> notes</a>; block Annual; series: B",,4,,,"Government deficit(-) or surplus(+), percent of GDP",Euro area (moving concept in the Real Time database context) - Deficit/surplus without UMTS proceeds - All sectors/ unspecified/ not applicable (ESA2010)-NCBs - General government (ESA2010)-NCBs - Non-financial flows current prices - Percentage,XDC_R_B1GQ,0,Replace,2006-10-31T15:30:00.000+01:00,
RTD.A.S0.N.F_UMD_CGG_D0.F,A,S0,N,F_UMD_CGG_D0,F,1998,-2.28559,A,F,,,P1Y,S,,,GFS.A.N.I10.W0.S13.S1._Z.B.B9._Z._Z._Z.XDC_R_B1GQ._Z.S.V.N._T,,,,,,"See <a class=""external"" href=""http://sdw.ecb.europa.eu/web/generator/docu/rtdb_docu.pdf""> notes</a>; block Annual; series: B",,4,,,"Government deficit(-) or surplus(+), percent of GDP",Euro area (moving concept in the Real Time database context) - Deficit/surplus without UMTS proceeds - All sectors/ unspecified/ not applicable (ESA2010)-NCBs - General government (ESA2010)-NCBs - Non-financial flows current prices - Percentage,XDC_R_B1GQ,0,Replace,2006-10-31T15:30:00.000+01:00,
RTD.A.S0.N.F_UMD_CGG_D0.F,A,S0,N,F_UMD_CGG_D0,F,1999,-1.36586,A,F,,,P1Y,S,,,GFS.A.N.I10.W0.S13.S1._Z.B.B9._Z._Z._Z.XDC_R_B1GQ._Z.S.V.N._T,,,,,,"See <a class=""external"" href=""http://sdw.ecb.europa.eu/web/generator/docu/rtdb_docu.pdf""> notes</a>; block Annual; series: B",,4,,,"Government deficit(-) or surplus(+), percent of GDP",Euro area (moving concept in the Real Time database context) - Deficit/surplus without UMTS proceeds - All sectors/ unspecified/ not applicable (ESA2010)-NCBs - General government (ESA2010)-NCBs - Non-financial flows current prices - Percentage,XDC_R_B1GQ,0,Replace,2006-10-31T15:30:00.000+01:00,
RTD.A.S0.N.F_UMD_CGG_D0.F,A,S0,N,F_UMD_CGG_D0,F,2000,-1.00981,A,F,,,P1Y,S,,,GFS.A.N.I10.W0.S13.S1._Z.B.B9._Z._Z._Z.XDC_R_B1GQ._Z.S.V.N._T,,,,,,"See <a class=""external"" href=""http://sdw.ecb.europa.eu/web/generator/docu/rtdb_docu.pdf""> notes</a>; block Annual; series: B",,4,,,"Government deficit(-) or surplus(+), percent of GDP",Euro area (moving concept in the Real Time database context) - Deficit/surplus without UMTS proceeds - All sectors/ unspecified/ not applicable (ESA2010)-NCBs - General government (ESA2010)-NCBs - Non-financial flows current prices - Percentage,XDC_R_B1GQ,0,Replace,2006-10-31T15:30:00.000+01:00,
RTD.A.S0.N.F_UMD_CGG_D0.F,A,S0,N,F_UMD_CGG_D0,F,2001,-1.86238,A,F,,,P1Y,S,,,GFS.A.N.I10.W0.S13.S1._Z.B.B9._Z._Z._Z.XDC_R_B1GQ._Z.S.V.N._T,,,,,,"See <a class=""external"" href=""http://sdw.ecb.europa.eu/web/generator/docu/rtdb_docu.pdf""> notes</a>; block Annual; series: B",,4,,,"Government deficit(-) or surplus(+), percent of GDP",Euro area (moving concept in the Real Time database context) - Deficit/surplus without UMTS proceeds - All sectors/ unspecified/ not applicable (ESA2010)-NCBs - General government (ESA2010)-NCBs - Non-financial flows current prices - Percentage,XDC_R_B1GQ,0,Replace,2006-10-31T15:30:00.000+01:00,
RTD.A.S0.N.F_UMD_CGG_D0.F,A,S0,N,F_UMD_CGG_D0,F,2002,-2.56466,A,F,,,P1Y,S,,,GFS.A.N.I10.W0.S13.S1._Z.B.B9._Z._Z._Z.XDC_R_B1GQ._Z.S.V.N._T,,,,,,"See <a class=""external"" href=""http://sdw.ecb.europa.eu/web/generator/docu/rtdb_docu.pdf""> notes</a>; block Annual; series: B",,4,,,"Government deficit(-) or surplus(+), percent of GDP",Euro area (moving concept in the Real Time database context) - Deficit/surplus without UMTS proceeds - All sectors/ unspecified/ not applicable (ESA2010)-NCBs - General government (ESA2010)-NCBs - Non-financial flows current prices - Percentage,XDC_R_B1GQ,0,Replace,2006-10-31T15:30:00.000+01:00,
RTD.A.S0.N.F_UMD_CGG_D0.F,A,S0,N,F_UMD_CGG_D0,F,2003,-3.09055,A,F,,,P1Y,S,,,GFS.A.N.I10.W0.S13.S1._Z.B.B9._Z._Z._Z.XDC_R_B1GQ._Z.S.V.N._T,,,,,,"See <a class=""external"" href=""http://sdw.ecb.europa.eu/web/generator/docu/rtdb_docu.pdf""> notes</a>; block Annual; series: B",,4,,,"Government deficit(-) or surplus(+), percent of GDP",Euro area (moving concept in the Real Time database context) - Deficit/surplus without UMTS proceeds - All sectors/ unspecified/ not applicable (ESA2010)-NCBs - General government (ESA2010)-NCBs - Non-financial flows current prices - Percentage,XDC_R_B1GQ,0,Replace,2006-10-31T15:30:00.000+01:00,
RTD.A.S0.N.F_UMD_CGG_D0.F,A,S0,N,F_UMD_CGG_D0,F,2004,-2.82127,A,F,,,P1Y,S,,,GFS.A.N.I10.W0.S13.S1._Z.B.B9._Z._Z._Z.XDC_R_B1GQ._Z.S.V.N._T,,,,,,"See <a class=""external"" href=""http://sdw.ecb.europa.eu/web/generator/docu/rtdb_docu.pdf""> notes</a>; block Annual; series: B",,4,,,"Government deficit(-) or surplus(+), percent of GDP",Euro area (moving concept in the Real Time database context) - Deficit/surplus without UMTS proceeds - All sectors/ unspecified/ not applicable (ESA2010)-NCBs - General government (ESA2010)-NCBs - Non-financial flows current prices - Percentage,XDC_R_B1GQ,0,Replace,2006-10-31T15:30:00.000+01:00,
RTD.A.S0.N.F_UMD_CGG_D0.F,A,S0,N,F_UMD_CGG_D0,F,2005,-2.38453,A,F,,,P1Y,S,,,GFS.A.N.I10.W0.S13.S1._Z.B.B9._Z._Z._Z.XDC_R_B1GQ._Z.S.V.N._T,,,,,,"See <a class=""external"" href=""http://sdw.ecb.europa.eu/web/generator/docu/rtdb_docu.pdf""> notes</a>; block Annual; series: B",,4,,,"Government deficit(-) or surplus(+), percent of GDP",Euro area (moving concept in the Real Time database context) - Deficit/surplus without UMTS proceeds - All sectors/ unspecified/ not applicable (ESA2010)-NCBs - General government (ESA2010)-NCBs - Non-financial flows current prices - Percentage,XDC_R_B1GQ,0,Replace,2006-10-31T15:30:00.000+01:00,
RTD.A.S0.N.F_UMD_CGG_D0.F,A,S0,N,F_UMD_CGG_D0,F,2000,-1.00979,A,F,,,P1Y,S,,,GFS.A.N.I10.W0.S13.S1._Z.B.B9._Z._Z._Z.XDC_R_B1GQ._Z.S.V.N._T,,,,,,"See <a class=""external"" href=""http://sdw.ecb.europa.eu/web/generator/docu/rtdb_docu.pdf""> notes</a>; block Annual; series: B",,4,,,"Government deficit(-) or surplus(+), percent of GDP",Euro area (moving concept in the Real Time database context) - Deficit/surplus without UMTS proceeds - All sectors/ unspecified/ not applicable (ESA2010)-NCBs - General government (ESA2010)-NCBs - Non-financial flows current prices - Percentage,XDC_R_B1GQ,0,Replace,2006-12-06T15:30:00.000+01:00,
RTD.A.S0.N.F_UMD_CGG_D0.F,A,S0,N,F_UMD_CGG_D0,F,2001,-1.86248,A,F,,,P1Y,S,,,GFS.A.N.I10.W0.S13.S1._Z.B.B9._Z._Z._Z.XDC_R_B1GQ._Z.S.V.N._T,,,,,,"See <a class=""external"" href=""http://sdw.ecb.europa.eu/web/generator/docu/rtdb_docu.pdf""> notes</a>; block Annual; series: B",,4,,,"Government deficit(-) or surplus(+), percent of GDP",Euro area (moving concept in the Real Time database context) - Deficit/surplus without UMTS proceeds - All sectors/ unspecified/ not applicable (ESA2010)-NCBs - General government (ESA2010)-NCBs - Non-financial flows current prices - Percentage,XDC_R_B1GQ,0,Replace,2006-12-06T15:30:00.000+01:00,
RTD.A.S0.N.F_UMD_CGG_D0.F,A,S0,N,F_UMD_CGG_D0,F,2002,-2.56486,A,F,,,P1Y,S,,,GFS.A.N.I10.W0.S13.S1._Z.B.B9._Z._Z._Z.XDC_R_B1GQ._Z.S.V.N._T,,,,,,"See <a class=""external"" href=""http://sdw.ecb.europa.eu/web/generator/docu/rtdb_docu.pdf""> notes</a>; block Annual; series: B",,4,,,"Government deficit(-) or surplus(+), percent of GDP",Euro area (moving concept in the Real Time database context) - Deficit/surplus without UMTS proceeds - All sectors/ unspecified/ not applicable (ESA2010)-NCBs - General government (ESA2010)-NCBs - Non-financial flows current prices - Percentage,XDC_R_B1GQ,0,Replace,2006-12-06T15:30:00.000+01:00,
RTD.A.S0.N.F_UMD_CGG_D0.F,A,S0,N,F_UMD_CGG_D0,F,2003,-3.0906,A,F,,,P1Y,S,,,GFS.A.N.I10.W0.S13.S1._Z.B.B9._Z._Z._Z.XDC_R_B1GQ._Z.S.V.N._T,,,,,,"See <a class=""external"" href=""http://sdw.ecb.europa.eu/web/generator/docu/rtdb_docu.pdf""> notes</a>; block Annual; series: B",,4,,,"Government deficit(-) or surplus(+), percent of GDP",Euro area (moving concept in the Real Time database context) - Deficit/surplus without UMTS proceeds - All sectors/ unspecified/ not applicable (ESA2010)-NCBs - General government (ESA2010)-NCBs - Non-financial flows current prices - Percentage,XDC_R_B1GQ,0,Replace,2006-12-06T15:30:00.000+01:00,
RTD.A.S0.N.F_UMD_CGG_D0.F,A,S0,N,F_UMD_CGG_D0,F,2004,-2.82162,A,F,,,P1Y,S,,,GFS.A.N.I10.W0.S13.S1._Z.B.B9._Z._Z._Z.XDC_R_B1GQ._Z.S.V.N._T,,,,,,"See <a class=""external"" href=""http://sdw.ecb.europa.eu/web/generator/docu/rtdb_docu.pdf""> notes</a>; block Annual; series: B",,4,,,"Government deficit(-) or surplus(+), percent of GDP",Euro area (moving concept in the Real Time database context) - Deficit/surplus without UMTS proceeds - All sectors/ unspecified/ not applicable (ESA2010)-NCBs - General government (ESA2010)-NCBs - Non-financial flows current prices - Percentage,XDC_R_B1GQ,0,Replace,2006-12-06T15:30:00.000+01:00,
RTD.A.S0.N.F_UMD_CGG_D0.F,A,S0,N,F_UMD_CGG_D0,F,2005,-2.47411,A,F,,,P1Y,S,,,GFS.A.N.I10.W0.S13.S1._Z.B.B9._Z._Z._Z.XDC_R_B1GQ._Z.S.V.N._T,,,,,,"See <a class=""external"" href=""http://sdw.ecb.europa.eu/web/generator/docu/rtdb_docu.pdf""> notes</a>; block Annual; series: B",,4,,,"Government deficit(-) or surplus(+), percent of GDP",Euro area (moving concept in the Real Time database context) - Deficit/surplus without UMTS proceeds - All sectors/ unspecified/ not applicable (ESA2010)-NCBs - General government (ESA2010)-NCBs - Non-financial flows current prices - Percentage,XDC_R_B1GQ,0,Replace,2006-12-06T15:30:00.000+01:00,
RTD.A.S0.N.F_UMD_CGG_D0.F,A,S0,N,F_UMD_CGG_D0,F,1995,-5.12616,A,F,,,P1Y,S,,,GFS.A.N.I10.W0.S13.S1._Z.B.B9._Z._Z._Z.XDC_R_B1GQ._Z.S.V.N._T,,,,,,"See <a class=""external"" href=""http://sdw.ecb.europa.eu/web/generator/docu/rtdb_docu.pdf""> notes</a>; block Annual; series: B",,4,,,"Government deficit(-) or surplus(+), percent of GDP",Euro area (moving concept in the Real Time database context) - Deficit/surplus without UMTS proceeds - All sectors/ unspecified/ not applicable (ESA2010)-NCBs - General government (ESA2010)-NCBs - Non-financial flows current prices - Percentage,XDC_R_B1GQ,0,Replace,2007-05-08T15:30:00.000+02:00,
RTD.A.S0.N.F_UMD_CGG_D0.F,A,S0,N,F_UMD_CGG_D0,F,1996,-4.28991,A,F,,,P1Y,S,,,GFS.A.N.I10.W0.S13.S1._Z.B.B9._Z._Z._Z.XDC_R_B1GQ._Z.S.V.N._T,,,,,,"See <a class=""external"" href=""http://sdw.ecb.europa.eu/web/generator/docu/rtdb_docu.pdf""> notes</a>; block Annual; series: B",,4,,,"Government deficit(-) or surplus(+), percent of GDP",Euro area (moving concept in the Real Time database context) - Deficit/surplus without UMTS proceeds - All sectors/ unspecified/ not applicable (ESA2010)-NCBs - General government (ESA2010)-NCBs - Non-financial flows current prices - Percentage,XDC_R_B1GQ,0,Replace,2007-05-08T15:30:00.000+02:00,
RTD.A.S0.N.F_UMD_CGG_D0.F,A,S0,N,F_UMD_CGG_D0,F,1997,-2.62237,A,F,,,P1Y,S,,,GFS.A.N.I10.W0.S13.S1._Z.B.B9._Z._Z._Z.XDC_R_B1GQ._Z.S.V.N._T,,,,,,"See <a class=""external"" href=""http://sdw.ecb.europa.eu/web/generator/docu/rtdb_docu.pdf""> notes</a>; block Annual; series: B",,4,,,"Government deficit(-) or surplus(+), percent of GDP",Euro area (moving concept in the Real Time database context) - Deficit/surplus without UMTS proceeds - All sectors/ unspecified/ not applicable (ESA2010)-NCBs - General government (ESA2010)-NCBs - Non-financial flows current prices - Percentage,XDC_R_B1GQ,0,Replace,2007-05-08T15:30:00.000+02:00,
RTD.A.S0.N.F_UMD_CGG_D0.F,A,S0,N,F_UMD_CGG_D0,F,1998,-2.29135,A,F,,,P1Y,S,,,GFS.A.N.I10.W0.S13.S1._Z.B.B9._Z._Z._Z.XDC_R_B1GQ._Z.S.V.N._T,,,,,,"See <a class=""external"" href=""http://sdw.ecb.europa.eu/web/generator/docu/rtdb_docu.pdf""> notes</a>; block Annual; series: B",,4,,,"Government deficit(-) or surplus(+), percent of GDP",Euro area (moving concept in the Real Time database context) - Deficit/surplus without UMTS proceeds - All sectors/ unspecified/ not applicable (ESA2010)-NCBs - General government (ESA2010)-NCBs - Non-financial flows current prices - Percentage,XDC_R_B1GQ,0,Replace,2007-05-08T15:30:00.000+02:00,
RTD.A.S0.N.F_UMD_CGG_D0.F,A,S0,N,F_UMD_CGG_D0,F,1999,-1.37257,A,F,,,P1Y,S,,,GFS.A.N.I10.W0.S13.S1._Z.B.B9._Z._Z._Z.XDC_R_B1GQ._Z.S.V.N._T,,,,,,"See <a class=""external"" href=""http://sdw.ecb.europa.eu/web/generator/docu/rtdb_docu.pdf""> notes</a>; block Annual; series: B",,4,,,"Government deficit(-) or surplus(+), percent of GDP",Euro area (moving concept in the Real Time database context) - Deficit/surplus without UMTS proceeds - All sectors/ unspecified/ not applicable (ESA2010)-NCBs - General government (ESA2010)-NCBs - Non-financial flows current prices - Percentage,XDC_R_B1GQ,0,Replace,2007-05-08T15:30:00.000+02:00,
RTD.A.S0.N.F_UMD_CGG_D0.F,A,S0,N,F_UMD_CGG_D0,F,2000,-1.01554,A,F,,,P1Y,S,,,GFS.A.N.I10.W0.S13.S1._Z.B.B9._Z._Z._Z.XDC_R_B1GQ._Z.S.V.N._T,,,,,,"See <a class=""external"" href=""http://sdw.ecb.europa.eu/web/generator/docu/rtdb_docu.pdf""> notes</a>; block Annual; series: B",,4,,,"Government deficit(-) or surplus(+), percent of GDP",Euro area (moving concept in the Real Time database context) - Deficit/surplus without UMTS proceeds - All sectors/ unspecified/ not applicable (ESA2010)-NCBs - General government (ESA2010)-NCBs - Non-financial flows current prices - Percentage,XDC_R_B1GQ,0,Replace,2007-05-08T15:30:00.000+02:00,
RTD.A.S0.N.F_UMD_CGG_D0.F,A,S0,N,F_UMD_CGG_D0,F,2001,-1.8693,A,F,,,P1Y,S,,,GFS.A.N.I10.W0.S13.S1._Z.B.B9._Z._Z._Z.XDC_R_B1GQ._Z.S.V.N._T,,,,,,"See <a class=""external"" href=""http://sdw.ecb.europa.eu/web/generator/docu/rtdb_docu.pdf""> notes</a>; block Annual; series: B",,4,,,"Government deficit(-) or surplus(+), percent of GDP",Euro area (moving concept in the Real Time database context) - Deficit/surplus without UMTS proceeds - All sectors/ unspecified/ not applicable (ESA2010)-NCBs - General government (ESA2010)-NCBs - Non-financial flows current prices - Percentage,XDC_R_B1GQ,0,Replace,2007-05-08T15:30:00.000+02:00,
RTD.A.S0.N.F_UMD_CGG_D0.F,A,S0,N,F_UMD_CGG_D0,F,2002,-2.56448,A,F,,,P1Y,S,,,GFS.A.N.I10.W0.S13.S1._Z.B.B9._Z._Z._Z.XDC_R_B1GQ._Z.S.V.N._T,,,,,,"See <a class=""external"" href=""http://sdw.ecb.europa.eu/web/generator/docu/rtdb_docu.pdf""> notes</a>; block Annual; series: B",,4,,,"Government deficit(-) or surplus(+), percent of GDP",Euro area (moving concept in the Real Time database context) - Deficit/surplus without UMTS proceeds - All sectors/ unspecified/ not applicable (ESA2010)-NCBs - General government (ESA2010)-NCBs - Non-financial flows current prices - Percentage,XDC_R_B1GQ,0,Replace,2007-05-08T15:30:00.000+02:00,
RTD.A.S0.N.F_UMD_CGG_D0.F,A,S0,N,F_UMD_CGG_D0,F,2003,-3.07361,A,F,,,P1Y,S,,,GFS.A.N.I10.W0.S13.S1._Z.B.B9._Z._Z._Z.XDC_R_B1GQ._Z.S.V.N._T,,,,,,"See <a class=""external"" href=""http://sdw.ecb.europa.eu/web/generator/docu/rtdb_docu.pdf""> notes</a>; block Annual; series: B",,4,,,"Government deficit(-) or surplus(+), percent of GDP",Euro area (moving concept in the Real Time database context) - Deficit/surplus without UMTS proceeds - All sectors/ unspecified/ not applicable (ESA2010)-NCBs - General government (ESA2010)-NCBs - Non-financial flows current prices - Percentage,XDC_R_B1GQ,0,Replace,2007-05-08T15:30:00.000+02:00,
RTD.A.S0.N.F_UMD_CGG_D0.F,A,S0,N,F_UMD_CGG_D0,F,2004,-2.82633,A,F,,,P1Y,S,,,GFS.A.N.I10.W0.S13.S1._Z.B.B9._Z._Z._Z.XDC_R_B1GQ._Z.S.V.N._T,,,,,,"See <a class=""external"" href=""http://sdw.ecb.europa.eu/web/generator/docu/rtdb_docu.pdf""> notes</a>; block Annual; series: B",,4,,,"Government deficit(-) or surplus(+), percent of GDP",Euro area (moving concept in the Real Time database context) - Deficit/surplus without UMTS proceeds - All sectors/ unspecified/ not applicable (ESA2010)-NCBs - General government (ESA2010)-NCBs - Non-financial flows current prices - Percentage,XDC_R_B1GQ,0,Replace,2007-05-08T15:30:00.000+02:00,
RTD.A.S0.N.F_UMD_CGG_D0.F,A,S0,N,F_UMD_CGG_D0,F,2005,-2.52512,A,F,,,P1Y,S,,,GFS.A.N.I10.W0.S13.S1._Z.B.B9._Z._Z._Z.XDC_R_B1GQ._Z.S.V.N._T,,,,,,"See <a class=""external"" href=""http://sdw.ecb.europa.eu/web/generator/docu/rtdb_docu.pdf""> notes</a>; block Annual; series: B",,4,,,"Government deficit(-) or surplus(+), percent of GDP",Euro area (moving concept in the Real Time database context) - Deficit/surplus without UMTS proceeds - All sectors/ unspecified/ not applicable (ESA2010)-NCBs - General government (ESA2010)-NCBs - Non-financial flows current prices - Percentage,XDC_R_B1GQ,0,Replace,2007-05-08T15:30:00.000+02:00,
RTD.A.S0.N.F_UMD_CGG_D0.F,A,S0,N,F_UMD_CGG_D0,F,2006,-1.60055,A,F,,,P1Y,S,,,GFS.A.N.I10.W0.S13.S1._Z.B.B9._Z._Z._Z.XDC_R_B1GQ._Z.S.V.N._T,,,,,,"See <a class=""external"" href=""http://sdw.ecb.europa.eu/web/generator/docu/rtdb_docu.pdf""> notes</a>; block Annual; series: B",,4,,,"Government deficit(-) or surplus(+), percent of GDP",Euro area (moving concept in the Real Time database context) - Deficit/surplus without UMTS proceeds - All sectors/ unspecified/ not applicable (ESA2010)-NCBs - General government (ESA2010)-NCBs - Non-financial flows current prices - Percentage,XDC_R_B1GQ,0,Replace,2007-05-08T15:30:00.000+02:00,
RTD.A.S0.N.F_UMD_CGG_D0.F,A,S0,N,F_UMD_CGG_D0,F,1995,-5.12637,A,F,,,P1Y,S,,,GFS.A.N.I10.W0.S13.S1._Z.B.B9._Z._Z._Z.XDC_R_B1GQ._Z.S.V.N._T,,,,,,"See <a class=""external"" href=""http://sdw.ecb.europa.eu/web/generator/docu/rtdb_docu.pdf""> notes</a>; block Annual; series: B",,4,,,"Government deficit(-) or surplus(+), percent of GDP",Euro area (moving concept in the Real Time database context) - Deficit/surplus without UMTS proceeds - All sectors/ unspecified/ not applicable (ESA2010)-NCBs - General government (ESA2010)-NCBs - Non-financial flows current prices - Percentage,XDC_R_B1GQ,0,Replace,2007-06-05T15:30:00.000+02:00,
RTD.A.S0.N.F_UMD_CGG_D0.F,A,S0,N,F_UMD_CGG_D0,F,1996,-4.29035,A,F,,,P1Y,S,,,GFS.A.N.I10.W0.S13.S1._Z.B.B9._Z._Z._Z.XDC_R_B1GQ._Z.S.V.N._T,,,,,,"See <a class=""external"" href=""http://sdw.ecb.europa.eu/web/generator/docu/rtdb_docu.pdf""> notes</a>; block Annual; series: B",,4,,,"Government deficit(-) or surplus(+), percent of GDP",Euro area (moving concept in the Real Time database context) - Deficit/surplus without UMTS proceeds - All sectors/ unspecified/ not applicable (ESA2010)-NCBs - General government (ESA2010)-NCBs - Non-financial flows current prices - Percentage,XDC_R_B1GQ,0,Replace,2007-06-05T15:30:00.000+02:00,
RTD.A.S0.N.F_UMD_CGG_D0.F,A,S0,N,F_UMD_CGG_D0,F,1997,-2.62285,A,F,,,P1Y,S,,,GFS.A.N.I10.W0.S13.S1._Z.B.B9._Z._Z._Z.XDC_R_B1GQ._Z.S.V.N._T,,,,,,"See <a class=""external"" href=""http://sdw.ecb.europa.eu/web/generator/docu/rtdb_docu.pdf""> notes</a>; block Annual; series: B",,4,,,"Government deficit(-) or surplus(+), percent of GDP",Euro area (moving concept in the Real Time database context) - Deficit/surplus without UMTS proceeds - All sectors/ unspecified/ not applicable (ESA2010)-NCBs - General government (ESA2010)-NCBs - Non-financial flows current prices - Percentage,XDC_R_B1GQ,0,Replace,2007-06-05T15:30:00.000+02:00,
RTD.A.S0.N.F_UMD_CGG_D0.F,A,S0,N,F_UMD_CGG_D0,F,1998,-2.29167,A,F,,,P1Y,S,,,GFS.A.N.I10.W0.S13.S1._Z.B.B9._Z._Z._Z.XDC_R_B1GQ._Z.S.V.N._T,,,,,,"See <a class=""external"" href=""http://sdw.ecb.europa.eu/web/generator/docu/rtdb_docu.pdf""> notes</a>; block Annual; series: B",,4,,,"Government deficit(-) or surplus(+), percent of GDP",Euro area (moving concept in the Real Time database context) - Deficit/surplus without UMTS proceeds - All sectors/ unspecified/ not applicable (ESA2010)-NCBs - General government (ESA2010)-NCBs - Non-financial flows current prices - Percentage,XDC_R_B1GQ,0,Replace,2007-06-05T15:30:00.000+02:00,
RTD.A.S0.N.F_UMD_CGG_D0.F,A,S0,N,F_UMD_CGG_D0,F,1999,-1.37225,A,F,,,P1Y,S,,,GFS.A.N.I10.W0.S13.S1._Z.B.B9._Z._Z._Z.XDC_R_B1GQ._Z.S.V.N._T,,,,,,"See <a class=""external"" href=""http://sdw.ecb.europa.eu/web/generator/docu/rtdb_docu.pdf""> notes</a>; block Annual; series: B",,4,,,"Government deficit(-) or surplus(+), percent of GDP",Euro area (moving concept in the Real Time database context) - Deficit/surplus without UMTS proceeds - All sectors/ unspecified/ not applicable (ESA2010)-NCBs - General government (ESA2010)-NCBs - Non-financial flows current prices - Percentage,XDC_R_B1GQ,0,Replace,2007-06-05T15:30:00.000+02:00,
RTD.A.S0.N.F_UMD_CGG_D0.F,A,S0,N,F_UMD_CGG_D0,F,2001,-1.86931,A,F,,,P1Y,S,,,GFS.A.N.I10.W0.S13.S1._Z.B.B9._Z._Z._Z.XDC_R_B1GQ._Z.S.V.N._T,,,,,,"See <a class=""external"" href=""http://sdw.ecb.europa.eu/web/generator/docu/rtdb_docu.pdf""> notes</a>; block Annual; series: B",,4,,,"Government deficit(-) or surplus(+), percent of GDP",Euro area (moving concept in the Real Time database context) - Deficit/surplus without UMTS proceeds - All sectors/ unspecified/ not applicable (ESA2010)-NCBs - General government (ESA2010)-NCBs - Non-financial flows current prices - Percentage,XDC_R_B1GQ,0,Replace,2007-06-05T15:30:00.000+02:00,
RTD.A.S0.N.F_UMD_CGG_D0.F,A,S0,N,F_UMD_CGG_D0,F,2005,-2.52505,A,F,,,P1Y,S,,,GFS.A.N.I10.W0.S13.S1._Z.B.B9._Z._Z._Z.XDC_R_B1GQ._Z.S.V.N._T,,,,,,"See <a class=""external"" href=""http://sdw.ecb.europa.eu/web/generator/docu/rtdb_docu.pdf""> notes</a>; block Annual; series: B",,4,,,"Government deficit(-) or surplus(+), percent of GDP",Euro area (moving concept in the Real Time database context) - Deficit/surplus without UMTS proceeds - All sectors/ unspecified/ not applicable (ESA2010)-NCBs - General government (ESA2010)-NCBs - Non-financial flows current prices - Percentage,XDC_R_B1GQ,0,Replace,2007-06-05T15:30:00.000+02:00,
RTD.A.S0.N.F_UMD_CGG_D0.F,A,S0,N,F_UMD_CGG_D0,F,2006,-1.57581,A,F,,,P1Y,S,,,GFS.A.N.I10.W0.S13.S1._Z.B.B9._Z._Z._Z.XDC_R_B1GQ._Z.S.V.N._T,,,,,,"See <a class=""external"" href=""http://sdw.ecb.europa.eu/web/generator/docu/rtdb_docu.pdf""> notes</a>; block Annual; series: B",,4,,,"Government deficit(-) or surplus(+), percent of GDP",Euro area (moving concept in the Real Time database context) - Deficit/surplus without UMTS proceeds - All sectors/ unspecified/ not applicable (ESA2010)-NCBs - General government (ESA2010)-NCBs - Non-financial flows current prices - Percentage,XDC_R_B1GQ,0,Replace,2007-06-05T15:30:00.000+02:00,
RTD.A.S0.N.F_UMD_CGG_D0.F,A,S0,N,F_UMD_CGG_D0,F,1995,-5.13162,A,F,,,P1Y,S,,,GFS.A.N.I10.W0.S13.S1._Z.B.B9._Z._Z._Z.XDC_R_B1GQ._Z.S.V.N._T,,,,,,"See <a class=""external"" href=""http://sdw.ecb.europa.eu/web/generator/docu/rtdb_docu.pdf""> notes</a>; block Annual; series: B",,4,,,"Government deficit(-) or surplus(+), percent of GDP",Euro area (moving concept in the Real Time database context) - Deficit/surplus without UMTS proceeds - All sectors/ unspecified/ not applicable (ESA2010)-NCBs - General government (ESA2010)-NCBs - Non-financial flows current prices - Percentage,XDC_R_B1GQ,0,Replace,2007-09-05T15:30:00.000+02:00,
RTD.A.S0.N.F_UMD_CGG_D0.F,A,S0,N,F_UMD_CGG_D0,F,1996,-4.27631,A,F,,,P1Y,S,,,GFS.A.N.I10.W0.S13.S1._Z.B.B9._Z._Z._Z.XDC_R_B1GQ._Z.S.V.N._T,,,,,,"See <a class=""external"" href=""http://sdw.ecb.europa.eu/web/generator/docu/rtdb_docu.pdf""> notes</a>; block Annual; series: B",,4,,,"Government deficit(-) or surplus(+), percent of GDP",Euro area (moving concept in the Real Time database context) - Deficit/surplus without UMTS proceeds - All sectors/ unspecified/ not applicable (ESA2010)-NCBs - General government (ESA2010)-NCBs - Non-financial flows current prices - Percentage,XDC_R_B1GQ,0,Replace,2007-09-05T15:30:00.000+02:00,
RTD.A.S0.N.F_UMD_CGG_D0.F,A,S0,N,F_UMD_CGG_D0,F,1997,-2.62136,A,F,,,P1Y,S,,,GFS.A.N.I10.W0.S13.S1._Z.B.B9._Z._Z._Z.XDC_R_B1GQ._Z.S.V.N._T,,,,,,"See <a class=""external"" href=""http://sdw.ecb.europa.eu/web/generator/docu/rtdb_docu.pdf""> notes</a>; block Annual; series: B",,4,,,"Government deficit(-) or surplus(+), percent of GDP",Euro area (moving concept in the Real Time database context) - Deficit/surplus without UMTS proceeds - All sectors/ unspecified/ not applicable (ESA2010)-NCBs - General government (ESA2010)-NCBs - Non-financial flows current prices - Percentage,XDC_R_B1GQ,0,Replace,2007-09-05T15:30:00.000+02:00,
RTD.A.S0.N.F_UMD_CGG_D0.F,A,S0,N,F_UMD_CGG_D0,F,1998,-2.28663,A,F,,,P1Y,S,,,GFS.A.N.I10.W0.S13.S1._Z.B.B9._Z._Z._Z.XDC_R_B1GQ._Z.S.V.N._T,,,,,,"See <a class=""external"" href=""http://sdw.ecb.europa.eu/web/generator/docu/rtdb_docu.pdf""> notes</a>; block Annual; series: B",,4,,,"Government deficit(-) or surplus(+), percent of GDP",Euro area (moving concept in the Real Time database context) - Deficit/surplus without UMTS proceeds - All sectors/ unspecified/ not applicable (ESA2010)-NCBs - General government (ESA2010)-NCBs - Non-financial flows current prices - Percentage,XDC_R_B1GQ,0,Replace,2007-09-05T15:30:00.000+02:00,
RTD.A.S0.N.F_UMD_CGG_D0.F,A,S0,N,F_UMD_CGG_D0,F,1999,-1.3723,A,F,,,P1Y,S,,,GFS.A.N.I10.W0.S13.S1._Z.B.B9._Z._Z._Z.XDC_R_B1GQ._Z.S.V.N._T,,,,,,"See <a class=""external"" href=""http://sdw.ecb.europa.eu/web/generator/docu/rtdb_docu.pdf""> notes</a>; block Annual; series: B",,4,,,"Government deficit(-) or surplus(+), percent of GDP",Euro area (moving concept in the Real Time database context) - Deficit/surplus without UMTS proceeds - All sectors/ unspecified/ not applicable (ESA2010)-NCBs - General government (ESA2010)-NCBs - Non-financial flows current prices - Percentage,XDC_R_B1GQ,0,Replace,2007-09-05T15:30:00.000+02:00,
RTD.A.S0.N.F_UMD_CGG_D0.F,A,S0,N,F_UMD_CGG_D0,F,2000,-1.01556,A,F,,,P1Y,S,,,GFS.A.N.I10.W0.S13.S1._Z.B.B9._Z._Z._Z.XDC_R_B1GQ._Z.S.V.N._T,,,,,,"See <a class=""external"" href=""http://sdw.ecb.europa.eu/web/generator/docu/rtdb_docu.pdf""> notes</a>; block Annual; series: B",,4,,,"Government deficit(-) or surplus(+), percent of GDP",Euro area (moving concept in the Real Time database context) - Deficit/surplus without UMTS proceeds - All sectors/ unspecified/ not applicable (ESA2010)-NCBs - General government (ESA2010)-NCBs - Non-financial flows current prices - Percentage,XDC_R_B1GQ,0,Replace,2007-09-05T15:30:00.000+02:00,
RTD.A.S0.N.F_UMD_CGG_D0.F,A,S0,N,F_UMD_CGG_D0,F,2001,-1.86933,A,F,,,P1Y,S,,,GFS.A.N.I10.W0.S13.S1._Z.B.B9._Z._Z._Z.XDC_R_B1GQ._Z.S.V.N._T,,,,,,"See <a class=""external"" href=""http://sdw.ecb.europa.eu/web/generator/docu/rtdb_docu.pdf""> notes</a>; block Annual; series: B",,4,,,"Government deficit(-) or surplus(+), percent of GDP",Euro area (moving concept in the Real Time database context) - Deficit/surplus without UMTS proceeds - All sectors/ unspecified/ not applicable (ESA2010)-NCBs - General government (ESA2010)-NCBs - Non-financial flows current prices - Percentage,XDC_R_B1GQ,0,Replace,2007-09-05T15:30:00.000+02:00,
RTD.A.S0.N.F_UMD_CGG_D0.F,A,S0,N,F_UMD_CGG_D0,F,2003,-3.0768,A,F,,,P1Y,S,,,GFS.A.N.I10.W0.S13.S1._Z.B.B9._Z._Z._Z.XDC_R_B1GQ._Z.S.V.N._T,,,,,,"See <a class=""external"" href=""http://sdw.ecb.europa.eu/web/generator/docu/rtdb_docu.pdf""> notes</a>; block Annual; series: B",,4,,,"Government deficit(-) or surplus(+), percent of GDP",Euro area (moving concept in the Real Time database context) - Deficit/surplus without UMTS proceeds - All sectors/ unspecified/ not applicable (ESA2010)-NCBs - General government (ESA2010)-NCBs - Non-financial flows current prices - Percentage,XDC_R_B1GQ,0,Replace,2007-09-05T15:30:00.000+02:00,
RTD.A.S0.N.F_UMD_CGG_D0.F,A,S0,N,F_UMD_CGG_D0,F,2004,-2.83887,A,F,,,P1Y,S,,,GFS.A.N.I10.W0.S13.S1._Z.B.B9._Z._Z._Z.XDC_R_B1GQ._Z.S.V.N._T,,,,,,"See <a class=""external"" href=""http://sdw.ecb.europa.eu/web/generator/docu/rtdb_docu.pdf""> notes</a>; block Annual; series: B",,4,,,"Government deficit(-) or surplus(+), percent of GDP",Euro area (moving concept in the Real Time database context) - Deficit/surplus without UMTS proceeds - All sectors/ unspecified/ not applicable (ESA2010)-NCBs - General government (ESA2010)-NCBs - Non-financial flows current prices - Percentage,XDC_R_B1GQ,0,Replace,2007-09-05T15:30:00.000+02:00,
RTD.A.S0.N.F_UMD_CGG_D0.F,A,S0,N,F_UMD_CGG_D0,F,2005,-2.56083,A,F,,,P1Y,S,,,GFS.A.N.I10.W0.S13.S1._Z.B.B9._Z._Z._Z.XDC_R_B1GQ._Z.S.V.N._T,,,,,,"See <a class=""external"" href=""http://sdw.ecb.europa.eu/web/generator/docu/rtdb_docu.pdf""> notes</a>; block Annual; series: B",,4,,,"Government deficit(-) or surplus(+), percent of GDP",Euro area (moving concept in the Real Time database context) - Deficit/surplus without UMTS proceeds - All sectors/ unspecified/ not applicable (ESA2010)-NCBs - General government (ESA2010)-NCBs - Non-financial flows current prices - Percentage,XDC_R_B1GQ,0,Replace,2007-09-05T15:30:00.000+02:00,
RTD.A.S0.N.F_UMD_CGG_D0.F,A,S0,N,F_UMD_CGG_D0,F,2006,-1.57645,A,F,,,P1Y,S,,,GFS.A.N.I10.W0.S13.S1._Z.B.B9._Z._Z._Z.XDC_R_B1GQ._Z.S.V.N._T,,,,,,"See <a class=""external"" href=""http://sdw.ecb.europa.eu/web/generator/docu/rtdb_docu.pdf""> notes</a>; block Annual; series: B",,4,,,"Government deficit(-) or surplus(+), percent of GDP",Euro area (moving concept in the Real Time database context) - Deficit/surplus without UMTS proceeds - All sectors/ unspecified/ not applicable (ESA2010)-NCBs - General government (ESA2010)-NCBs - Non-financial flows current prices - Percentage,XDC_R_B1GQ,0,Replace,2007-09-05T15:30:00.000+02:00,
RTD.A.S0.N.F_UMD_CGG_D0.F,A,S0,N,F_UMD_CGG_D0,F,1995,-5.12284,A,F,,,P1Y,S,,,GFS.A.N.I10.W0.S13.S1._Z.B.B9._Z._Z._Z.XDC_R_B1GQ._Z.S.V.N._T,,,,,,"See <a class=""external"" href=""http://sdw.ecb.europa.eu/web/generator/docu/rtdb_docu.pdf""> notes</a>; block Annual; series: B",,4,,,"Government deficit(-) or surplus(+), percent of GDP",Euro area (moving concept in the Real Time database context) - Deficit/surplus without UMTS proceeds - All sectors/ unspecified/ not applicable (ESA2010)-NCBs - General government (ESA2010)-NCBs - Non-financial flows current prices - Percentage,XDC_R_B1GQ,0,Replace,2007-11-07T15:30:00.000+01:00,
RTD.A.S0.N.F_UMD_CGG_D0.F,A,S0,N,F_UMD_CGG_D0,F,1996,-4.27127,A,F,,,P1Y,S,,,GFS.A.N.I10.W0.S13.S1._Z.B.B9._Z._Z._Z.XDC_R_B1GQ._Z.S.V.N._T,,,,,,"See <a class=""external"" href=""http://sdw.ecb.europa.eu/web/generator/docu/rtdb_docu.pdf""> notes</a>; block Annual; series: B",,4,,,"Government deficit(-) or surplus(+), percent of GDP",Euro area (moving concept in the Real Time database context) - Deficit/surplus without UMTS proceeds - All sectors/ unspecified/ not applicable (ESA2010)-NCBs - General government (ESA2010)-NCBs - Non-financial flows current prices - Percentage,XDC_R_B1GQ,0,Replace,2007-11-07T15:30:00.000+01:00,
RTD.A.S0.N.F_UMD_CGG_D0.F,A,S0,N,F_UMD_CGG_D0,F,1997,-2.71759,A,F,,,P1Y,S,,,GFS.A.N.I10.W0.S13.S1._Z.B.B9._Z._Z._Z.XDC_R_B1GQ._Z.S.V.N._T,,,,,,"See <a class=""external"" href=""http://sdw.ecb.europa.eu/web/generator/docu/rtdb_docu.pdf""> notes</a>; block Annual; series: B",,4,,,"Government deficit(-) or surplus(+), percent of GDP",Euro area (moving concept in the Real Time database context) - Deficit/surplus without UMTS proceeds - All sectors/ unspecified/ not applicable (ESA2010)-NCBs - General government (ESA2010)-NCBs - Non-financial flows current prices - Percentage,XDC_R_B1GQ,0,Replace,2007-11-07T15:30:00.000+01:00,
RTD.A.S0.N.F_UMD_CGG_D0.F,A,S0,N,F_UMD_CGG_D0,F,1998,-2.31512,A,F,,,P1Y,S,,,GFS.A.N.I10.W0.S13.S1._Z.B.B9._Z._Z._Z.XDC_R_B1GQ._Z.S.V.N._T,,,,,,"See <a class=""external"" href=""http://sdw.ecb.europa.eu/web/generator/docu/rtdb_docu.pdf""> notes</a>; block Annual; series: B",,4,,,"Government deficit(-) or surplus(+), percent of GDP",Euro area (moving concept in the Real Time database context) - Deficit/surplus without UMTS proceeds - All sectors/ unspecified/ not applicable (ESA2010)-NCBs - General government (ESA2010)-NCBs - Non-financial flows current prices - Percentage,XDC_R_B1GQ,0,Replace,2007-11-07T15:30:00.000+01:00,
RTD.A.S0.N.F_UMD_CGG_D0.F,A,S0,N,F_UMD_CGG_D0,F,1999,-1.39067,A,F,,,P1Y,S,,,GFS.A.N.I10.W0.S13.S1._Z.B.B9._Z._Z._Z.XDC_R_B1GQ._Z.S.V.N._T,,,,,,"See <a class=""external"" href=""http://sdw.ecb.europa.eu/web/generator/docu/rtdb_docu.pdf""> notes</a>; block Annual; series: B",,4,,,"Government deficit(-) or surplus(+), percent of GDP",Euro area (moving concept in the Real Time database context) - Deficit/surplus without UMTS proceeds - All sectors/ unspecified/ not applicable (ESA2010)-NCBs - General government (ESA2010)-NCBs - Non-financial flows current prices - Percentage,XDC_R_B1GQ,0,Replace,2007-11-07T15:30:00.000+01:00,
RTD.A.S0.N.F_UMD_CGG_D0.F,A,S0,N,F_UMD_CGG_D0,F,2000,-1.02325,A,F,,,P1Y,S,,,GFS.A.N.I10.W0.S13.S1._Z.B.B9._Z._Z._Z.XDC_R_B1GQ._Z.S.V.N._T,,,,,,"See <a class=""external"" href=""http://sdw.ecb.europa.eu/web/generator/docu/rtdb_docu.pdf""> notes</a>; block Annual; series: B",,4,,,"Government deficit(-) or surplus(+), percent of GDP",Euro area (moving concept in the Real Time database context) - Deficit/surplus without UMTS proceeds - All sectors/ unspecified/ not applicable (ESA2010)-NCBs - General government (ESA2010)-NCBs - Non-financial flows current prices - Percentage,XDC_R_B1GQ,0,Replace,2007-11-07T15:30:00.000+01:00,
RTD.A.S0.N.F_UMD_CGG_D0.F,A,S0,N,F_UMD_CGG_D0,F,2001,-1.88016,A,F,,,P1Y,S,,,GFS.A.N.I10.W0.S13.S1._Z.B.B9._Z._Z._Z.XDC_R_B1GQ._Z.S.V.N._T,,,,,,"See <a class=""external"" href=""http://sdw.ecb.europa.eu/web/generator/docu/rtdb_docu.pdf""> notes</a>; block Annual; series: B",,4,,,"Government deficit(-) or surplus(+), percent of GDP",Euro area (moving concept in the Real Time database context) - Deficit/surplus without UMTS proceeds - All sectors/ unspecified/ not applicable (ESA2010)-NCBs - General government (ESA2010)-NCBs - Non-financial flows current prices - Percentage,XDC_R_B1GQ,0,Replace,2007-11-07T15:30:00.000+01:00,
RTD.A.S0.N.F_UMD_CGG_D0.F,A,S0,N,F_UMD_CGG_D0,F,2002,-2.58199,A,F,,,P1Y,S,,,GFS.A.N.I10.W0.S13.S1._Z.B.B9._Z._Z._Z.XDC_R_B1GQ._Z.S.V.N._T,,,,,,"See <a class=""external"" href=""http://sdw.ecb.europa.eu/web/generator/docu/rtdb_docu.pdf""> notes</a>; block Annual; series: B",,4,,,"Government deficit(-) or surplus(+), percent of GDP",Euro area (moving concept in the Real Time database context) - Deficit/surplus without UMTS proceeds - All sectors/ unspecified/ not applicable (ESA2010)-NCBs - General government (ESA2010)-NCBs - Non-financial flows current prices - Percentage,XDC_R_B1GQ,0,Replace,2007-11-07T15:30:00.000+01:00,
RTD.A.S0.N.F_UMD_CGG_D0.F,A,S0,N,F_UMD_CGG_D0,F,2003,-3.08698,A,F,,,P1Y,S,,,GFS.A.N.I10.W0.S13.S1._Z.B.B9._Z._Z._Z.XDC_R_B1GQ._Z.S.V.N._T,,,,,,"See <a class=""external"" href=""http://sdw.ecb.europa.eu/web/generator/docu/rtdb_docu.pdf""> notes</a>; block Annual; series: B",,4,,,"Government deficit(-) or surplus(+), percent of GDP",Euro area (moving concept in the Real Time database context) - Deficit/surplus without UMTS proceeds - All sectors/ unspecified/ not applicable (ESA2010)-NCBs - General government (ESA2010)-NCBs - Non-financial flows current prices - Percentage,XDC_R_B1GQ,0,Replace,2007-11-07T15:30:00.000+01:00,
RTD.A.S0.N.F_UMD_CGG_D0.F,A,S0,N,F_UMD_CGG_D0,F,2004,-2.84383,A,F,,,P1Y,S,,,GFS.A.N.I10.W0.S13.S1._Z.B.B9._Z._Z._Z.XDC_R_B1GQ._Z.S.V.N._T,,,,,,"See <a class=""external"" href=""http://sdw.ecb.europa.eu/web/generator/docu/rtdb_docu.pdf""> notes</a>; block Annual; series: B",,4,,,"Government deficit(-) or surplus(+), percent of GDP",Euro area (moving concept in the Real Time database context) - Deficit/surplus without UMTS proceeds - All sectors/ unspecified/ not applicable (ESA2010)-NCBs - General government (ESA2010)-NCBs - Non-financial flows current prices - Percentage,XDC_R_B1GQ,0,Replace,2007-11-07T15:30:00.000+01:00,
RTD.A.S0.N.F_UMD_CGG_D0.F,A,S0,N,F_UMD_CGG_D0,F,2005,-2.56006,A,F,,,P1Y,S,,,GFS.A.N.I10.W0.S13.S1._Z.B.B9._Z._Z._Z.XDC_R_B1GQ._Z.S.V.N._T,,,,,,"See <a class=""external"" href=""http://sdw.ecb.europa.eu/web/generator/docu/rtdb_docu.pdf""> notes</a>; block Annual; series: B",,4,,,"Government deficit(-) or surplus(+), percent of GDP",Euro area (moving concept in the Real Time database context) - Deficit/surplus without UMTS proceeds - All sectors/ unspecified/ not applicable (ESA2010)-NCBs - General government (ESA2010)-NCBs - Non-financial flows current prices - Percentage,XDC_R_B1GQ,0,Replace,2007-11-07T15:30:00.000+01:00,
RTD.A.S0.N.F_UMD_CGG_D0.F,A,S0,N,F_UMD_CGG_D0,F,2006,-1.56445,A,F,,,P1Y,S,,,GFS.A.N.I10.W0.S13.S1._Z.B.B9._Z._Z._Z.XDC_R_B1GQ._Z.S.V.N._T,,,,,,"See <a class=""external"" href=""http://sdw.ecb.europa.eu/web/generator/docu/rtdb_docu.pdf""> notes</a>; block Annual; series: B",,4,,,"Government deficit(-) or surplus(+), percent of GDP",Euro area (moving concept in the Real Time database context) - Deficit/surplus without UMTS proceeds - All sectors/ unspecified/ not applicable (ESA2010)-NCBs - General government (ESA2010)-NCBs - Non-financial flows current prices - Percentage,XDC_R_B1GQ,0,Replace,2007-11-07T15:30:00.000+01:00,
RTD.A.S0.N.F_UMD_CGG_D0.F,A,S0,N,F_UMD_CGG_D0,F,1995,-5.1156,A,F,,,P1Y,S,,,GFS.A.N.I10.W0.S13.S1._Z.B.B9._Z._Z._Z.XDC_R_B1GQ._Z.S.V.N._T,,,,,,"See <a class=""external"" href=""http://sdw.ecb.europa.eu/web/generator/docu/rtdb_docu.pdf""> notes</a>; block Annual; series: B",,4,,,"Government deficit(-) or surplus(+), percent of GDP",Euro area (moving concept in the Real Time database context) - Deficit/surplus without UMTS proceeds - All sectors/ unspecified/ not applicable (ESA2010)-NCBs - General government (ESA2010)-NCBs - Non-financial flows current prices - Percentage,XDC_R_B1GQ,0,Replace,2008-05-06T15:30:00.000+02:00,
RTD.A.S0.N.F_UMD_CGG_D0.F,A,S0,N,F_UMD_CGG_D0,F,1996,-4.27365,A,F,,,P1Y,S,,,GFS.A.N.I10.W0.S13.S1._Z.B.B9._Z._Z._Z.XDC_R_B1GQ._Z.S.V.N._T,,,,,,"See <a class=""external"" href=""http://sdw.ecb.europa.eu/web/generator/docu/rtdb_docu.pdf""> notes</a>; block Annual; series: B",,4,,,"Government deficit(-) or surplus(+), percent of GDP",Euro area (moving concept in the Real Time database context) - Deficit/surplus without UMTS proceeds - All sectors/ unspecified/ not applicable (ESA2010)-NCBs - General government (ESA2010)-NCBs - Non-financial flows current prices - Percentage,XDC_R_B1GQ,0,Replace,2008-05-06T15:30:00.000+02:00,
RTD.A.S0.N.F_UMD_CGG_D0.F,A,S0,N,F_UMD_CGG_D0,F,1997,-2.72611,A,F,,,P1Y,S,,,GFS.A.N.I10.W0.S13.S1._Z.B.B9._Z._Z._Z.XDC_R_B1GQ._Z.S.V.N._T,,,,,,"See <a class=""external"" href=""http://sdw.ecb.europa.eu/web/generator/docu/rtdb_docu.pdf""> notes</a>; block Annual; series: B",,4,,,"Government deficit(-) or surplus(+), percent of GDP",Euro area (moving concept in the Real Time database context) - Deficit/surplus without UMTS proceeds - All sectors/ unspecified/ not applicable (ESA2010)-NCBs - General government (ESA2010)-NCBs - Non-financial flows current prices - Percentage,XDC_R_B1GQ,0,Replace,2008-05-06T15:30:00.000+02:00,
RTD.A.S0.N.F_UMD_CGG_D0.F,A,S0,N,F_UMD_CGG_D0,F,1998,-2.32329,A,F,,,P1Y,S,,,GFS.A.N.I10.W0.S13.S1._Z.B.B9._Z._Z._Z.XDC_R_B1GQ._Z.S.V.N._T,,,,,,"See <a class=""external"" href=""http://sdw.ecb.europa.eu/web/generator/docu/rtdb_docu.pdf""> notes</a>; block Annual; series: B",,4,,,"Government deficit(-) or surplus(+), percent of GDP",Euro area (moving concept in the Real Time database context) - Deficit/surplus without UMTS proceeds - All sectors/ unspecified/ not applicable (ESA2010)-NCBs - General government (ESA2010)-NCBs - Non-financial flows current prices - Percentage,XDC_R_B1GQ,0,Replace,2008-05-06T15:30:00.000+02:00,
RTD.A.S0.N.F_UMD_CGG_D0.F,A,S0,N,F_UMD_CGG_D0,F,1999,-1.40101,A,F,,,P1Y,S,,,GFS.A.N.I10.W0.S13.S1._Z.B.B9._Z._Z._Z.XDC_R_B1GQ._Z.S.V.N._T,,,,,,"See <a class=""external"" href=""http://sdw.ecb.europa.eu/web/generator/docu/rtdb_docu.pdf""> notes</a>; block Annual; series: B",,4,,,"Government deficit(-) or surplus(+), percent of GDP",Euro area (moving concept in the Real Time database context) - Deficit/surplus without UMTS proceeds - All sectors/ unspecified/ not applicable (ESA2010)-NCBs - General government (ESA2010)-NCBs - Non-financial flows current prices - Percentage,XDC_R_B1GQ,0,Replace,2008-05-06T15:30:00.000+02:00,
RTD.A.S0.N.F_UMD_CGG_D0.F,A,S0,N,F_UMD_CGG_D0,F,2000,-1.03263,A,F,,,P1Y,S,,,GFS.A.N.I10.W0.S13.S1._Z.B.B9._Z._Z._Z.XDC_R_B1GQ._Z.S.V.N._T,,,,,,"See <a class=""external"" href=""http://sdw.ecb.europa.eu/web/generator/docu/rtdb_docu.pdf""> notes</a>; block Annual; series: B",,4,,,"Government deficit(-) or surplus(+), percent of GDP",Euro area (moving concept in the Real Time database context) - Deficit/surplus without UMTS proceeds - All sectors/ unspecified/ not applicable (ESA2010)-NCBs - General government (ESA2010)-NCBs - Non-financial flows current prices - Percentage,XDC_R_B1GQ,0,Replace,2008-05-06T15:30:00.000+02:00,
RTD.A.S0.N.F_UMD_CGG_D0.F,A,S0,N,F_UMD_CGG_D0,F,2001,-1.88051,A,F,,,P1Y,S,,,GFS.A.N.I10.W0.S13.S1._Z.B.B9._Z._Z._Z.XDC_R_B1GQ._Z.S.V.N._T,,,,,,"See <a class=""external"" href=""http://sdw.ecb.europa.eu/web/generator/docu/rtdb_docu.pdf""> notes</a>; block Annual; series: B",,4,,,"Government deficit(-) or surplus(+), percent of GDP",Euro area (moving concept in the Real Time database context) - Deficit/surplus without UMTS proceeds - All sectors/ unspecified/ not applicable (ESA2010)-NCBs - General government (ESA2010)-NCBs - Non-financial flows current prices - Percentage,XDC_R_B1GQ,0,Replace,2008-05-06T15:30:00.000+02:00,
RTD.A.S0.N.F_UMD_CGG_D0.F,A,S0,N,F_UMD_CGG_D0,F,2002,-2.59184,A,F,,,P1Y,S,,,GFS.A.N.I10.W0.S13.S1._Z.B.B9._Z._Z._Z.XDC_R_B1GQ._Z.S.V.N._T,,,,,,"See <a class=""external"" href=""http://sdw.ecb.europa.eu/web/generator/docu/rtdb_docu.pdf""> notes</a>; block Annual; series: B",,4,,,"Government deficit(-) or surplus(+), percent of GDP",Euro area (moving concept in the Real Time database context) - Deficit/surplus without UMTS proceeds - All sectors/ unspecified/ not applicable (ESA2010)-NCBs - General government (ESA2010)-NCBs - Non-financial flows current prices - Percentage,XDC_R_B1GQ,0,Replace,2008-05-06T15:30:00.000+02:00,
RTD.A.S0.N.F_UMD_CGG_D0.F,A,S0,N,F_UMD_CGG_D0,F,2003,-3.08745,A,F,,,P1Y,S,,,GFS.A.N.I10.W0.S13.S1._Z.B.B9._Z._Z._Z.XDC_R_B1GQ._Z.S.V.N._T,,,,,,"See <a class=""external"" href=""http://sdw.ecb.europa.eu/web/generator/docu/rtdb_docu.pdf""> notes</a>; block Annual; series: B",,4,,,"Government deficit(-) or surplus(+), percent of GDP",Euro area (moving concept in the Real Time database context) - Deficit/surplus without UMTS proceeds - All sectors/ unspecified/ not applicable (ESA2010)-NCBs - General government (ESA2010)-NCBs - Non-financial flows current prices - Percentage,XDC_R_B1GQ,0,Replace,2008-05-06T15:30:00.000+02:00,
RTD.A.S0.N.F_UMD_CGG_D0.F,A,S0,N,F_UMD_CGG_D0,F,2004,-2.92631,A,F,,,P1Y,S,,,GFS.A.N.I10.W0.S13.S1._Z.B.B9._Z._Z._Z.XDC_R_B1GQ._Z.S.V.N._T,,,,,,"See <a class=""external"" href=""http://sdw.ecb.europa.eu/web/generator/docu/rtdb_docu.pdf""> notes</a>; block Annual; series: B",,4,,,"Government deficit(-) or surplus(+), percent of GDP",Euro area (moving concept in the Real Time database context) - Deficit/surplus without UMTS proceeds - All sectors/ unspecified/ not applicable (ESA2010)-NCBs - General government (ESA2010)-NCBs - Non-financial flows current prices - Percentage,XDC_R_B1GQ,0,Replace,2008-05-06T15:30:00.000+02:00,
RTD.A.S0.N.F_UMD_CGG_D0.F,A,S0,N,F_UMD_CGG_D0,F,2005,-2.55351,A,F,,,P1Y,S,,,GFS.A.N.I10.W0.S13.S1._Z.B.B9._Z._Z._Z.XDC_R_B1GQ._Z.S.V.N._T,,,,,,"See <a class=""external"" href=""http://sdw.ecb.europa.eu/web/generator/docu/rtdb_docu.pdf""> notes</a>; block Annual; series: B",,4,,,"Government deficit(-) or surplus(+), percent of GDP",Euro area (moving concept in the Real Time database context) - Deficit/surplus without UMTS proceeds - All sectors/ unspecified/ not applicable (ESA2010)-NCBs - General government (ESA2010)-NCBs - Non-financial flows current prices - Percentage,XDC_R_B1GQ,0,Replace,2008-05-06T15:30:00.000+02:00,
RTD.A.S0.N.F_UMD_CGG_D0.F,A,S0,N,F_UMD_CGG_D0,F,2006,-1.34785,A,F,,,P1Y,S,,,GFS.A.N.I10.W0.S13.S1._Z.B.B9._Z._Z._Z.XDC_R_B1GQ._Z.S.V.N._T,,,,,,"See <a class=""external"" href=""http://sdw.ecb.europa.eu/web/generator/docu/rtdb_docu.pdf""> notes</a>; block Annual; series: B",,4,,,"Government deficit(-) or surplus(+), percent of GDP",Euro area (moving concept in the Real Time database context) - Deficit/surplus without UMTS proceeds - All sectors/ unspecified/ not applicable (ESA2010)-NCBs - General government (ESA2010)-NCBs - Non-financial flows current prices - Percentage,XDC_R_B1GQ,0,Replace,2008-05-06T15:30:00.000+02:00,
RTD.A.S0.N.F_UMD_CGG_D0.F,A,S0,N,F_UMD_CGG_D0,F,2007,-0.63268,A,F,,,P1Y,S,,,GFS.A.N.I10.W0.S13.S1._Z.B.B9._Z._Z._Z.XDC_R_B1GQ._Z.S.V.N._T,,,,,,"See <a class=""external"" href=""http://sdw.ecb.europa.eu/web/generator/docu/rtdb_docu.pdf""> notes</a>; block Annual; series: B",,4,,,"Government deficit(-) or surplus(+), percent of GDP",Euro area (moving concept in the Real Time database context) - Deficit/surplus without UMTS proceeds - All sectors/ unspecified/ not applicable (ESA2010)-NCBs - General government (ESA2010)-NCBs - Non-financial flows current prices - Percentage,XDC_R_B1GQ,0,Replace,2008-05-06T15:30:00.000+02:00,
RTD.A.S0.N.F_UMD_CGG_D0.F,A,S0,N,F_UMD_CGG_D0,F,1995,-5.11481,A,F,,,P1Y,S,,,GFS.A.N.I10.W0.S13.S1._Z.B.B9._Z._Z._Z.XDC_R_B1GQ._Z.S.V.N._T,,,,,,"See <a class=""external"" href=""http://sdw.ecb.europa.eu/web/generator/docu/rtdb_docu.pdf""> notes</a>; block Annual; series: B",,4,,,"Government deficit(-) or surplus(+), percent of GDP",Euro area (moving concept in the Real Time database context) - Deficit/surplus without UMTS proceeds - All sectors/ unspecified/ not applicable (ESA2010)-NCBs - General government (ESA2010)-NCBs - Non-financial flows current prices - Percentage,XDC_R_B1GQ,0,Replace,2008-06-04T15:30:00.000+02:00,
RTD.A.S0.N.F_UMD_CGG_D0.F,A,S0,N,F_UMD_CGG_D0,F,1996,-4.27379,A,F,,,P1Y,S,,,GFS.A.N.I10.W0.S13.S1._Z.B.B9._Z._Z._Z.XDC_R_B1GQ._Z.S.V.N._T,,,,,,"See <a class=""external"" href=""http://sdw.ecb.europa.eu/web/generator/docu/rtdb_docu.pdf""> notes</a>; block Annual; series: B",,4,,,"Government deficit(-) or surplus(+), percent of GDP",Euro area (moving concept in the Real Time database context) - Deficit/surplus without UMTS proceeds - All sectors/ unspecified/ not applicable (ESA2010)-NCBs - General government (ESA2010)-NCBs - Non-financial flows current prices - Percentage,XDC_R_B1GQ,0,Replace,2008-06-04T15:30:00.000+02:00,
RTD.A.S0.N.F_UMD_CGG_D0.F,A,S0,N,F_UMD_CGG_D0,F,1997,-2.72328,A,F,,,P1Y,S,,,GFS.A.N.I10.W0.S13.S1._Z.B.B9._Z._Z._Z.XDC_R_B1GQ._Z.S.V.N._T,,,,,,"See <a class=""external"" href=""http://sdw.ecb.europa.eu/web/generator/docu/rtdb_docu.pdf""> notes</a>; block Annual; series: B",,4,,,"Government deficit(-) or surplus(+), percent of GDP",Euro area (moving concept in the Real Time database context) - Deficit/surplus without UMTS proceeds - All sectors/ unspecified/ not applicable (ESA2010)-NCBs - General government (ESA2010)-NCBs - Non-financial flows current prices - Percentage,XDC_R_B1GQ,0,Replace,2008-06-04T15:30:00.000+02:00,
RTD.A.S0.N.F_UMD_CGG_D0.F,A,S0,N,F_UMD_CGG_D0,F,1998,-2.32093,A,F,,,P1Y,S,,,GFS.A.N.I10.W0.S13.S1._Z.B.B9._Z._Z._Z.XDC_R_B1GQ._Z.S.V.N._T,,,,,,"See <a class=""external"" href=""http://sdw.ecb.europa.eu/web/generator/docu/rtdb_docu.pdf""> notes</a>; block Annual; series: B",,4,,,"Government deficit(-) or surplus(+), percent of GDP",Euro area (moving concept in the Real Time database context) - Deficit/surplus without UMTS proceeds - All sectors/ unspecified/ not applicable (ESA2010)-NCBs - General government (ESA2010)-NCBs - Non-financial flows current prices - Percentage,XDC_R_B1GQ,0,Replace,2008-06-04T15:30:00.000+02:00,
RTD.A.S0.N.F_UMD_CGG_D0.F,A,S0,N,F_UMD_CGG_D0,F,1999,-1.39859,A,F,,,P1Y,S,,,GFS.A.N.I10.W0.S13.S1._Z.B.B9._Z._Z._Z.XDC_R_B1GQ._Z.S.V.N._T,,,,,,"See <a class=""external"" href=""http://sdw.ecb.europa.eu/web/generator/docu/rtdb_docu.pdf""> notes</a>; block Annual; series: B",,4,,,"Government deficit(-) or surplus(+), percent of GDP",Euro area (moving concept in the Real Time database context) - Deficit/surplus without UMTS proceeds - All sectors/ unspecified/ not applicable (ESA2010)-NCBs - General government (ESA2010)-NCBs - Non-financial flows current prices - Percentage,XDC_R_B1GQ,0,Replace,2008-06-04T15:30:00.000+02:00,
RTD.A.S0.N.F_UMD_CGG_D0.F,A,S0,N,F_UMD_CGG_D0,F,2000,-1.03302,A,F,,,P1Y,S,,,GFS.A.N.I10.W0.S13.S1._Z.B.B9._Z._Z._Z.XDC_R_B1GQ._Z.S.V.N._T,,,,,,"See <a class=""external"" href=""http://sdw.ecb.europa.eu/web/generator/docu/rtdb_docu.pdf""> notes</a>; block Annual; series: B",,4,,,"Government deficit(-) or surplus(+), percent of GDP",Euro area (moving concept in the Real Time database context) - Deficit/surplus without UMTS proceeds - All sectors/ unspecified/ not applicable (ESA2010)-NCBs - General government (ESA2010)-NCBs - Non-financial flows current prices - Percentage,XDC_R_B1GQ,0,Replace,2008-06-04T15:30:00.000+02:00,
RTD.A.S0.N.F_UMD_CGG_D0.F,A,S0,N,F_UMD_CGG_D0,F,2001,-1.88044,A,F,,,P1Y,S,,,GFS.A.N.I10.W0.S13.S1._Z.B.B9._Z._Z._Z.XDC_R_B1GQ._Z.S.V.N._T,,,,,,"See <a class=""external"" href=""http://sdw.ecb.europa.eu/web/generator/docu/rtdb_docu.pdf""> notes</a>; block Annual; series: B",,4,,,"Government deficit(-) or surplus(+), percent of GDP",Euro area (moving concept in the Real Time database context) - Deficit/surplus without UMTS proceeds - All sectors/ unspecified/ not applicable (ESA2010)-NCBs - General government (ESA2010)-NCBs - Non-financial flows current prices - Percentage,XDC_R_B1GQ,0,Replace,2008-06-04T15:30:00.000+02:00,
RTD.A.S0.N.F_UMD_CGG_D0.F,A,S0,N,F_UMD_CGG_D0,F,2002,-2.59185,A,F,,,P1Y,S,,,GFS.A.N.I10.W0.S13.S1._Z.B.B9._Z._Z._Z.XDC_R_B1GQ._Z.S.V.N._T,,,,,,"See <a class=""external"" href=""http://sdw.ecb.europa.eu/web/generator/docu/rtdb_docu.pdf""> notes</a>; block Annual; series: B",,4,,,"Government deficit(-) or surplus(+), percent of GDP",Euro area (moving concept in the Real Time database context) - Deficit/surplus without UMTS proceeds - All sectors/ unspecified/ not applicable (ESA2010)-NCBs - General government (ESA2010)-NCBs - Non-financial flows current prices - Percentage,XDC_R_B1GQ,0,Replace,2008-06-04T15:30:00.000+02:00,
RTD.A.S0.N.F_UMD_CGG_D0.F,A,S0,N,F_UMD_CGG_D0,F,2003,-3.08747,A,F,,,P1Y,S,,,GFS.A.N.I10.W0.S13.S1._Z.B.B9._Z._Z._Z.XDC_R_B1GQ._Z.S.V.N._T,,,,,,"See <a class=""external"" href=""http://sdw.ecb.europa.eu/web/generator/docu/rtdb_docu.pdf""> notes</a>; block Annual; series: B",,4,,,"Government deficit(-) or surplus(+), percent of GDP",Euro area (moving concept in the Real Time database context) - Deficit/surplus without UMTS proceeds - All sectors/ unspecified/ not applicable (ESA2010)-NCBs - General government (ESA2010)-NCBs - Non-financial flows current prices - Percentage,XDC_R_B1GQ,0,Replace,2008-06-04T15:30:00.000+02:00,
RTD.A.S0.N.F_UMD_CGG_D0.F,A,S0,N,F_UMD_CGG_D0,F,2004,-2.92632,A,F,,,P1Y,S,,,GFS.A.N.I10.W0.S13.S1._Z.B.B9._Z._Z._Z.XDC_R_B1GQ._Z.S.V.N._T,,,,,,"See <a class=""external"" href=""http://sdw.ecb.europa.eu/web/generator/docu/rtdb_docu.pdf""> notes</a>; block Annual; series: B",,4,,,"Government deficit(-) or surplus(+), percent of GDP",Euro area (moving concept in the Real Time database context) - Deficit/surplus without UMTS proceeds - All sectors/ unspecified/ not applicable (ESA2010)-NCBs - General government (ESA2010)-NCBs - Non-financial flows current prices - Percentage,XDC_R_B1GQ,0,Replace,2008-06-04T15:30:00.000+02:00,
RTD.A.S0.N.F_UMD_CGG_D0.F,A,S0,N,F_UMD_CGG_D0,F,2005,-2.55354,A,F,,,P1Y,S,,,GFS.A.N.I10.W0.S13.S1._Z.B.B9._Z._Z._Z.XDC_R_B1GQ._Z.S.V.N._T,,,,,,"See <a class=""external"" href=""http://sdw.ecb.europa.eu/web/generator/docu/rtdb_docu.pdf""> notes</a>; block Annual; series: B",,4,,,"Government deficit(-) or surplus(+), percent of GDP",Euro area (moving concept in the Real Time database context) - Deficit/surplus without UMTS proceeds - All sectors/ unspecified/ not applicable (ESA2010)-NCBs - General government (ESA2010)-NCBs - Non-financial flows current prices - Percentage,XDC_R_B1GQ,0,Replace,2008-06-04T15:30:00.000+02:00,
RTD.A.S0.N.F_UMD_CGG_D0.F,A,S0,N,F_UMD_CGG_D0,F,2006,-1.34783,A,F,,,P1Y,S,,,GFS.A.N.I10.W0.S13.S1._Z.B.B9._Z._Z._Z.XDC_R_B1GQ._Z.S.V.N._T,,,,,,"See <a class=""external"" href=""http://sdw.ecb.europa.eu/web/generator/docu/rtdb_docu.pdf""> notes</a>; block Annual; series: B",,4,,,"Government deficit(-) or surplus(+), percent of GDP",Euro area (moving concept in the Real Time database context) - Deficit/surplus without UMTS proceeds - All sectors/ unspecified/ not applicable (ESA2010)-NCBs - General government (ESA2010)-NCBs - Non-financial flows current prices - Percentage,XDC_R_B1GQ,0,Replace,2008-06-04T15:30:00.000+02:00,
RTD.A.S0.N.F_UMD_CGG_D0.F,A,S0,N,F_UMD_CGG_D0,F,2007,-0.63214,A,F,,,P1Y,S,,,GFS.A.N.I10.W0.S13.S1._Z.B.B9._Z._Z._Z.XDC_R_B1GQ._Z.S.V.N._T,,,,,,"See <a class=""external"" href=""http://sdw.ecb.europa.eu/web/generator/docu/rtdb_docu.pdf""> notes</a>; block Annual; series: B",,4,,,"Government deficit(-) or surplus(+), percent of GDP",Euro area (moving concept in the Real Time database context) - Deficit/surplus without UMTS proceeds - All sectors/ unspecified/ not applicable (ESA2010)-NCBs - General government (ESA2010)-NCBs - Non-financial flows current prices - Percentage,XDC_R_B1GQ,0,Replace,2008-06-04T15:30:00.000+02:00,
RTD.A.S0.N.F_UMD_CGG_D0.F,A,S0,N,F_UMD_CGG_D0,F,2007,-0.59757,A,F,,,P1Y,S,,,GFS.A.N.I10.W0.S13.S1._Z.B.B9._Z._Z._Z.XDC_R_B1GQ._Z.S.V.N._T,,,,,,"See <a class=""external"" href=""http://sdw.ecb.europa.eu/web/generator/docu/rtdb_docu.pdf""> notes</a>; block Annual; series: B",,4,,,"Government deficit(-) or surplus(+), percent of GDP",Euro area (moving concept in the Real Time database context) - Deficit/surplus without UMTS proceeds - All sectors/ unspecified/ not applicable (ESA2010)-NCBs - General government (ESA2010)-NCBs - Non-financial flows current prices - Percentage,XDC_R_B1GQ,0,Replace,2008-07-02T15:30:00.000+02:00,
RTD.A.S0.N.F_UMD_CGG_D0.F,A,S0,N,F_UMD_CGG_D0,F,1995,-7.2141,A,F,,,P1Y,S,,,GFS.A.N.I10.W0.S13.S1._Z.B.B9._Z._Z._Z.XDC_R_B1GQ._Z.S.V.N._T,,,,,,"See <a class=""external"" href=""http://sdw.ecb.europa.eu/web/generator/docu/rtdb_docu.pdf""> notes</a>; block Annual; series: B",,4,,,"Government deficit(-) or surplus(+), percent of GDP",Euro area (moving concept in the Real Time database context) - Deficit/surplus without UMTS proceeds - All sectors/ unspecified/ not applicable (ESA2010)-NCBs - General government (ESA2010)-NCBs - Non-financial flows current prices - Percentage,XDC_R_B1GQ,0,Replace,2008-11-05T15:30:00.000+01:00,
RTD.A.S0.N.F_UMD_CGG_D0.F,A,S0,N,F_UMD_CGG_D0,F,1996,-4.28054,A,F,,,P1Y,S,,,GFS.A.N.I10.W0.S13.S1._Z.B.B9._Z._Z._Z.XDC_R_B1GQ._Z.S.V.N._T,,,,,,"See <a class=""external"" href=""http://sdw.ecb.europa.eu/web/generator/docu/rtdb_docu.pdf""> notes</a>; block Annual; series: B",,4,,,"Government deficit(-) or surplus(+), percent of GDP",Euro area (moving concept in the Real Time database context) - Deficit/surplus without UMTS proceeds - All sectors/ unspecified/ not applicable (ESA2010)-NCBs - General government (ESA2010)-NCBs - Non-financial flows current prices - Percentage,XDC_R_B1GQ,0,Replace,2008-11-05T15:30:00.000+01:00,
RTD.A.S0.N.F_UMD_CGG_D0.F,A,S0,N,F_UMD_CGG_D0,F,1997,-2.72842,A,F,,,P1Y,S,,,GFS.A.N.I10.W0.S13.S1._Z.B.B9._Z._Z._Z.XDC_R_B1GQ._Z.S.V.N._T,,,,,,"See <a class=""external"" href=""http://sdw.ecb.europa.eu/web/generator/docu/rtdb_docu.pdf""> notes</a>; block Annual; series: B",,4,,,"Government deficit(-) or surplus(+), percent of GDP",Euro area (moving concept in the Real Time database context) - Deficit/surplus without UMTS proceeds - All sectors/ unspecified/ not applicable (ESA2010)-NCBs - General government (ESA2010)-NCBs - Non-financial flows current prices - Percentage,XDC_R_B1GQ,0,Replace,2008-11-05T15:30:00.000+01:00,
RTD.A.S0.N.F_UMD_CGG_D0.F,A,S0,N,F_UMD_CGG_D0,F,1998,-2.32605,A,F,,,P1Y,S,,,GFS.A.N.I10.W0.S13.S1._Z.B.B9._Z._Z._Z.XDC_R_B1GQ._Z.S.V.N._T,,,,,,"See <a class=""external"" href=""http://sdw.ecb.europa.eu/web/generator/docu/rtdb_docu.pdf""> notes</a>; block Annual; series: B",,4,,,"Government deficit(-) or surplus(+), percent of GDP",Euro area (moving concept in the Real Time database context) - Deficit/surplus without UMTS proceeds - All sectors/ unspecified/ not applicable (ESA2010)-NCBs - General government (ESA2010)-NCBs - Non-financial flows current prices - Percentage,XDC_R_B1GQ,0,Replace,2008-11-05T15:30:00.000+01:00,
RTD.A.S0.N.F_UMD_CGG_D0.F,A,S0,N,F_UMD_CGG_D0,F,1999,-1.4028,A,F,,,P1Y,S,,,GFS.A.N.I10.W0.S13.S1._Z.B.B9._Z._Z._Z.XDC_R_B1GQ._Z.S.V.N._T,,,,,,"See <a class=""external"" href=""http://sdw.ecb.europa.eu/web/generator/docu/rtdb_docu.pdf""> notes</a>; block Annual; series: B",,4,,,"Government deficit(-) or surplus(+), percent of GDP",Euro area (moving concept in the Real Time database context) - Deficit/surplus without UMTS proceeds - All sectors/ unspecified/ not applicable (ESA2010)-NCBs - General government (ESA2010)-NCBs - Non-financial flows current prices - Percentage,XDC_R_B1GQ,0,Replace,2008-11-05T15:30:00.000+01:00,
RTD.A.S0.N.F_UMD_CGG_D0.F,A,S0,N,F_UMD_CGG_D0,F,2000,-1.0368,A,F,,,P1Y,S,,,GFS.A.N.I10.W0.S13.S1._Z.B.B9._Z._Z._Z.XDC_R_B1GQ._Z.S.V.N._T,,,,,,"See <a class=""external"" href=""http://sdw.ecb.europa.eu/web/generator/docu/rtdb_docu.pdf""> notes</a>; block Annual; series: B",,4,,,"Government deficit(-) or surplus(+), percent of GDP",Euro area (moving concept in the Real Time database context) - Deficit/surplus without UMTS proceeds - All sectors/ unspecified/ not applicable (ESA2010)-NCBs - General government (ESA2010)-NCBs - Non-financial flows current prices - Percentage,XDC_R_B1GQ,0,Replace,2008-11-05T15:30:00.000+01:00,
RTD.A.S0.N.F_UMD_CGG_D0.F,A,S0,N,F_UMD_CGG_D0,F,2001,-1.8854,A,F,,,P1Y,S,,,GFS.A.N.I10.W0.S13.S1._Z.B.B9._Z._Z._Z.XDC_R_B1GQ._Z.S.V.N._T,,,,,,"See <a class=""external"" href=""http://sdw.ecb.europa.eu/web/generator/docu/rtdb_docu.pdf""> notes</a>; block Annual; series: B",,4,,,"Government deficit(-) or surplus(+), percent of GDP",Euro area (moving concept in the Real Time database context) - Deficit/surplus without UMTS proceeds - All sectors/ unspecified/ not applicable (ESA2010)-NCBs - General government (ESA2010)-NCBs - Non-financial flows current prices - Percentage,XDC_R_B1GQ,0,Replace,2008-11-05T15:30:00.000+01:00,
RTD.A.S0.N.F_UMD_CGG_D0.F,A,S0,N,F_UMD_CGG_D0,F,2002,-2.59581,A,F,,,P1Y,S,,,GFS.A.N.I10.W0.S13.S1._Z.B.B9._Z._Z._Z.XDC_R_B1GQ._Z.S.V.N._T,,,,,,"See <a class=""external"" href=""http://sdw.ecb.europa.eu/web/generator/docu/rtdb_docu.pdf""> notes</a>; block Annual; series: B",,4,,,"Government deficit(-) or surplus(+), percent of GDP",Euro area (moving concept in the Real Time database context) - Deficit/surplus without UMTS proceeds - All sectors/ unspecified/ not applicable (ESA2010)-NCBs - General government (ESA2010)-NCBs - Non-financial flows current prices - Percentage,XDC_R_B1GQ,0,Replace,2008-11-05T15:30:00.000+01:00,
RTD.A.S0.N.F_UMD_CGG_D0.F,A,S0,N,F_UMD_CGG_D0,F,2003,-3.09487,A,F,,,P1Y,S,,,GFS.A.N.I10.W0.S13.S1._Z.B.B9._Z._Z._Z.XDC_R_B1GQ._Z.S.V.N._T,,,,,,"See <a class=""external"" href=""http://sdw.ecb.europa.eu/web/generator/docu/rtdb_docu.pdf""> notes</a>; block Annual; series: B",,4,,,"Government deficit(-) or surplus(+), percent of GDP",Euro area (moving concept in the Real Time database context) - Deficit/surplus without UMTS proceeds - All sectors/ unspecified/ not applicable (ESA2010)-NCBs - General government (ESA2010)-NCBs - Non-financial flows current prices - Percentage,XDC_R_B1GQ,0,Replace,2008-11-05T15:30:00.000+01:00,
RTD.A.S0.N.F_UMD_CGG_D0.F,A,S0,N,F_UMD_CGG_D0,F,2004,-2.9591,A,F,,,P1Y,S,,,GFS.A.N.I10.W0.S13.S1._Z.B.B9._Z._Z._Z.XDC_R_B1GQ._Z.S.V.N._T,,,,,,"See <a class=""external"" href=""http://sdw.ecb.europa.eu/web/generator/docu/rtdb_docu.pdf""> notes</a>; block Annual; series: B",,4,,,"Government deficit(-) or surplus(+), percent of GDP",Euro area (moving concept in the Real Time database context) - Deficit/surplus without UMTS proceeds - All sectors/ unspecified/ not applicable (ESA2010)-NCBs - General government (ESA2010)-NCBs - Non-financial flows current prices - Percentage,XDC_R_B1GQ,0,Replace,2008-11-05T15:30:00.000+01:00,
RTD.A.S0.N.F_UMD_CGG_D0.F,A,S0,N,F_UMD_CGG_D0,F,2005,-2.5614,A,F,,,P1Y,S,,,GFS.A.N.I10.W0.S13.S1._Z.B.B9._Z._Z._Z.XDC_R_B1GQ._Z.S.V.N._T,,,,,,"See <a class=""external"" href=""http://sdw.ecb.europa.eu/web/generator/docu/rtdb_docu.pdf""> notes</a>; block Annual; series: B",,4,,,"Government deficit(-) or surplus(+), percent of GDP",Euro area (moving concept in the Real Time database context) - Deficit/surplus without UMTS proceeds - All sectors/ unspecified/ not applicable (ESA2010)-NCBs - General government (ESA2010)-NCBs - Non-financial flows current prices - Percentage,XDC_R_B1GQ,0,Replace,2008-11-05T15:30:00.000+01:00,
RTD.A.S0.N.F_UMD_CGG_D0.F,A,S0,N,F_UMD_CGG_D0,F,2006,-1.30543,A,F,,,P1Y,S,,,GFS.A.N.I10.W0.S13.S1._Z.B.B9._Z._Z._Z.XDC_R_B1GQ._Z.S.V.N._T,,,,,,"See <a class=""external"" href=""http://sdw.ecb.europa.eu/web/generator/docu/rtdb_docu.pdf""> notes</a>; block Annual; series: B",,4,,,"Government deficit(-) or surplus(+), percent of GDP",Euro area (moving concept in the Real Time database context) - Deficit/surplus without UMTS proceeds - All sectors/ unspecified/ not applicable (ESA2010)-NCBs - General government (ESA2010)-NCBs - Non-financial flows current prices - Percentage,XDC_R_B1GQ,0,Replace,2008-11-05T15:30:00.000+01:00,
RTD.A.S0.N.F_UMD_CGG_D0.F,A,S0,N,F_UMD_CGG_D0,F,2007,-0.6365,A,F,,,P1Y,S,,,GFS.A.N.I10.W0.S13.S1._Z.B.B9._Z._Z._Z.XDC_R_B1GQ._Z.S.V.N._T,,,,,,"See <a class=""external"" href=""http://sdw.ecb.europa.eu/web/generator/docu/rtdb_docu.pdf""> notes</a>; block Annual; series: B",,4,,,"Government deficit(-) or surplus(+), percent of GDP",Euro area (moving concept in the Real Time database context) - Deficit/surplus without UMTS proceeds - All sectors/ unspecified/ not applicable (ESA2010)-NCBs - General government (ESA2010)-NCBs - Non-financial flows current prices - Percentage,XDC_R_B1GQ,0,Replace,2008-11-05T15:30:00.000+01:00,
RTD.A.S0.N.F_UMD_CGG_D0.F,A,S0,N,F_UMD_CGG_D0,F,2004,-2.95933,A,F,,,P1Y,S,,,GFS.A.N.I10.W0.S13.S1._Z.B.B9._Z._Z._Z.XDC_R_B1GQ._Z.S.V.N._T,,,,,,"See <a class=""external"" href=""http://sdw.ecb.europa.eu/web/generator/docu/rtdb_docu.pdf""> notes</a>; block Annual; series: B",,4,,,"Government deficit(-) or surplus(+), percent of GDP",Euro area (moving concept in the Real Time database context) - Deficit/surplus without UMTS proceeds - All sectors/ unspecified/ not applicable (ESA2010)-NCBs - General government (ESA2010)-NCBs - Non-financial flows current prices - Percentage,XDC_R_B1GQ,0,Replace,2008-12-03T15:30:00.000+01:00,
RTD.A.S0.N.F_UMD_CGG_D0.F,A,S0,N,F_UMD_CGG_D0,F,2005,-2.56111,A,F,,,P1Y,S,,,GFS.A.N.I10.W0.S13.S1._Z.B.B9._Z._Z._Z.XDC_R_B1GQ._Z.S.V.N._T,,,,,,"See <a class=""external"" href=""http://sdw.ecb.europa.eu/web/generator/docu/rtdb_docu.pdf""> notes</a>; block Annual; series: B",,4,,,"Government deficit(-) or surplus(+), percent of GDP",Euro area (moving concept in the Real Time database context) - Deficit/surplus without UMTS proceeds - All sectors/ unspecified/ not applicable (ESA2010)-NCBs - General government (ESA2010)-NCBs - Non-financial flows current prices - Percentage,XDC_R_B1GQ,0,Replace,2008-12-03T15:30:00.000+01:00,
RTD.A.S0.N.F_UMD_CGG_D0.F,A,S0,N,F_UMD_CGG_D0,F,2006,-1.30557,A,F,,,P1Y,S,,,GFS.A.N.I10.W0.S13.S1._Z.B.B9._Z._Z._Z.XDC_R_B1GQ._Z.S.V.N._T,,,,,,"See <a class=""external"" href=""http://sdw.ecb.europa.eu/web/generator/docu/rtdb_docu.pdf""> notes</a>; block Annual; series: B",,4,,,"Government deficit(-) or surplus(+), percent of GDP",Euro area (moving concept in the Real Time database context) - Deficit/surplus without UMTS proceeds - All sectors/ unspecified/ not applicable (ESA2010)-NCBs - General government (ESA2010)-NCBs - Non-financial flows current prices - Percentage,XDC_R_B1GQ,0,Replace,2008-12-03T15:30:00.000+01:00,
RTD.A.S0.N.F_UMD_CGG_D0.F,A,S0,N,F_UMD_CGG_D0,F,2007,-0.63687,A,F,,,P1Y,S,,,GFS.A.N.I10.W0.S13.S1._Z.B.B9._Z._Z._Z.XDC_R_B1GQ._Z.S.V.N._T,,,,,,"See <a class=""external"" href=""http://sdw.ecb.europa.eu/web/generator/docu/rtdb_docu.pdf""> notes</a>; block Annual; series: B",,4,,,"Government deficit(-) or surplus(+), percent of GDP",Euro area (moving concept in the Real Time database context) - Deficit/surplus without UMTS proceeds - All sectors/ unspecified/ not applicable (ESA2010)-NCBs - General government (ESA2010)-NCBs - Non-financial flows current prices - Percentage,XDC_R_B1GQ,0,Replace,2008-12-03T15:30:00.000+01:00,
RTD.A.S0.N.F_UMD_CGG_D0.F,A,S0,N,F_UMD_CGG_D0,F,1995,-7.19121,A,F,,,P1Y,S,,,GFS.A.N.I10.W0.S13.S1._Z.B.B9._Z._Z._Z.XDC_R_B1GQ._Z.S.V.N._T,,,,,,"See <a class=""external"" href=""http://sdw.ecb.europa.eu/web/generator/docu/rtdb_docu.pdf""> notes</a>; block Annual; series: B",,4,,,"Government deficit(-) or surplus(+), percent of GDP",Euro area (moving concept in the Real Time database context) - Deficit/surplus without UMTS proceeds - All sectors/ unspecified/ not applicable (ESA2010)-NCBs - General government (ESA2010)-NCBs - Non-financial flows current prices - Percentage,XDC_R_B1GQ,0,Replace,2009-05-06T15:30:00.000+02:00,
RTD.A.S0.N.F_UMD_CGG_D0.F,A,S0,N,F_UMD_CGG_D0,F,1996,-4.3061,A,F,,,P1Y,S,,,GFS.A.N.I10.W0.S13.S1._Z.B.B9._Z._Z._Z.XDC_R_B1GQ._Z.S.V.N._T,,,,,,"See <a class=""external"" href=""http://sdw.ecb.europa.eu/web/generator/docu/rtdb_docu.pdf""> notes</a>; block Annual; series: B",,4,,,"Government deficit(-) or surplus(+), percent of GDP",Euro area (moving concept in the Real Time database context) - Deficit/surplus without UMTS proceeds - All sectors/ unspecified/ not applicable (ESA2010)-NCBs - General government (ESA2010)-NCBs - Non-financial flows current prices - Percentage,XDC_R_B1GQ,0,Replace,2009-05-06T15:30:00.000+02:00,
RTD.A.S0.N.F_UMD_CGG_D0.F,A,S0,N,F_UMD_CGG_D0,F,1997,-2.74857,A,F,,,P1Y,S,,,GFS.A.N.I10.W0.S13.S1._Z.B.B9._Z._Z._Z.XDC_R_B1GQ._Z.S.V.N._T,,,,,,"See <a class=""external"" href=""http://sdw.ecb.europa.eu/web/generator/docu/rtdb_docu.pdf""> notes</a>; block Annual; series: B",,4,,,"Government deficit(-) or surplus(+), percent of GDP",Euro area (moving concept in the Real Time database context) - Deficit/surplus without UMTS proceeds - All sectors/ unspecified/ not applicable (ESA2010)-NCBs - General government (ESA2010)-NCBs - Non-financial flows current prices - Percentage,XDC_R_B1GQ,0,Replace,2009-05-06T15:30:00.000+02:00,
RTD.A.S0.N.F_UMD_CGG_D0.F,A,S0,N,F_UMD_CGG_D0,F,1998,-2.34092,A,F,,,P1Y,S,,,GFS.A.N.I10.W0.S13.S1._Z.B.B9._Z._Z._Z.XDC_R_B1GQ._Z.S.V.N._T,,,,,,"See <a class=""external"" href=""http://sdw.ecb.europa.eu/web/generator/docu/rtdb_docu.pdf""> notes</a>; block Annual; series: B",,4,,,"Government deficit(-) or surplus(+), percent of GDP",Euro area (moving concept in the Real Time database context) - Deficit/surplus without UMTS proceeds - All sectors/ unspecified/ not applicable (ESA2010)-NCBs - General government (ESA2010)-NCBs - Non-financial flows current prices - Percentage,XDC_R_B1GQ,0,Replace,2009-05-06T15:30:00.000+02:00,
RTD.A.S0.N.F_UMD_CGG_D0.F,A,S0,N,F_UMD_CGG_D0,F,1999,-1.43535,A,F,,,P1Y,S,,,GFS.A.N.I10.W0.S13.S1._Z.B.B9._Z._Z._Z.XDC_R_B1GQ._Z.S.V.N._T,,,,,,"See <a class=""external"" href=""http://sdw.ecb.europa.eu/web/generator/docu/rtdb_docu.pdf""> notes</a>; block Annual; series: B",,4,,,"Government deficit(-) or surplus(+), percent of GDP",Euro area (moving concept in the Real Time database context) - Deficit/surplus without UMTS proceeds - All sectors/ unspecified/ not applicable (ESA2010)-NCBs - General government (ESA2010)-NCBs - Non-financial flows current prices - Percentage,XDC_R_B1GQ,0,Replace,2009-05-06T15:30:00.000+02:00,
RTD.A.S0.N.F_UMD_CGG_D0.F,A,S0,N,F_UMD_CGG_D0,F,2000,-0.0773,A,F,,,P1Y,S,,,GFS.A.N.I10.W0.S13.S1._Z.B.B9._Z._Z._Z.XDC_R_B1GQ._Z.S.V.N._T,,,,,,"See <a class=""external"" href=""http://sdw.ecb.europa.eu/web/generator/docu/rtdb_docu.pdf""> notes</a>; block Annual; series: B",,4,,,"Government deficit(-) or surplus(+), percent of GDP",Euro area (moving concept in the Real Time database context) - Deficit/surplus without UMTS proceeds - All sectors/ unspecified/ not applicable (ESA2010)-NCBs - General government (ESA2010)-NCBs - Non-financial flows current prices - Percentage,XDC_R_B1GQ,0,Replace,2009-05-06T15:30:00.000+02:00,
RTD.A.S0.N.F_UMD_CGG_D0.F,A,S0,N,F_UMD_CGG_D0,F,2001,-1.87642,A,F,,,P1Y,S,,,GFS.A.N.I10.W0.S13.S1._Z.B.B9._Z._Z._Z.XDC_R_B1GQ._Z.S.V.N._T,,,,,,"See <a class=""external"" href=""http://sdw.ecb.europa.eu/web/generator/docu/rtdb_docu.pdf""> notes</a>; block Annual; series: B",,4,,,"Government deficit(-) or surplus(+), percent of GDP",Euro area (moving concept in the Real Time database context) - Deficit/surplus without UMTS proceeds - All sectors/ unspecified/ not applicable (ESA2010)-NCBs - General government (ESA2010)-NCBs - Non-financial flows current prices - Percentage,XDC_R_B1GQ,0,Replace,2009-05-06T15:30:00.000+02:00,
RTD.A.S0.N.F_UMD_CGG_D0.F,A,S0,N,F_UMD_CGG_D0,F,2002,-2.61624,A,F,,,P1Y,S,,,GFS.A.N.I10.W0.S13.S1._Z.B.B9._Z._Z._Z.XDC_R_B1GQ._Z.S.V.N._T,,,,,,"See <a class=""external"" href=""http://sdw.ecb.europa.eu/web/generator/docu/rtdb_docu.pdf""> notes</a>; block Annual; series: B",,4,,,"Government deficit(-) or surplus(+), percent of GDP",Euro area (moving concept in the Real Time database context) - Deficit/surplus without UMTS proceeds - All sectors/ unspecified/ not applicable (ESA2010)-NCBs - General government (ESA2010)-NCBs - Non-financial flows current prices - Percentage,XDC_R_B1GQ,0,Replace,2009-05-06T15:30:00.000+02:00,
RTD.A.S0.N.F_UMD_CGG_D0.F,A,S0,N,F_UMD_CGG_D0,F,2003,-3.09381,A,F,,,P1Y,S,,,GFS.A.N.I10.W0.S13.S1._Z.B.B9._Z._Z._Z.XDC_R_B1GQ._Z.S.V.N._T,,,,,,"See <a class=""external"" href=""http://sdw.ecb.europa.eu/web/generator/docu/rtdb_docu.pdf""> notes</a>; block Annual; series: B",,4,,,"Government deficit(-) or surplus(+), percent of GDP",Euro area (moving concept in the Real Time database context) - Deficit/surplus without UMTS proceeds - All sectors/ unspecified/ not applicable (ESA2010)-NCBs - General government (ESA2010)-NCBs - Non-financial flows current prices - Percentage,XDC_R_B1GQ,0,Replace,2009-05-06T15:30:00.000+02:00,
RTD.A.S0.N.F_UMD_CGG_D0.F,A,S0,N,F_UMD_CGG_D0,F,2004,-2.95746,A,F,,,P1Y,S,,,GFS.A.N.I10.W0.S13.S1._Z.B.B9._Z._Z._Z.XDC_R_B1GQ._Z.S.V.N._T,,,,,,"See <a class=""external"" href=""http://sdw.ecb.europa.eu/web/generator/docu/rtdb_docu.pdf""> notes</a>; block Annual; series: B",,4,,,"Government deficit(-) or surplus(+), percent of GDP",Euro area (moving concept in the Real Time database context) - Deficit/surplus without UMTS proceeds - All sectors/ unspecified/ not applicable (ESA2010)-NCBs - General government (ESA2010)-NCBs - Non-financial flows current prices - Percentage,XDC_R_B1GQ,0,Replace,2009-05-06T15:30:00.000+02:00,
RTD.A.S0.N.F_UMD_CGG_D0.F,A,S0,N,F_UMD_CGG_D0,F,2005,-2.54883,A,F,,,P1Y,S,,,GFS.A.N.I10.W0.S13.S1._Z.B.B9._Z._Z._Z.XDC_R_B1GQ._Z.S.V.N._T,,,,,,"See <a class=""external"" href=""http://sdw.ecb.europa.eu/web/generator/docu/rtdb_docu.pdf""> notes</a>; block Annual; series: B",,4,,,"Government deficit(-) or surplus(+), percent of GDP",Euro area (moving concept in the Real Time database context) - Deficit/surplus without UMTS proceeds - All sectors/ unspecified/ not applicable (ESA2010)-NCBs - General government (ESA2010)-NCBs - Non-financial flows current prices - Percentage,XDC_R_B1GQ,0,Replace,2009-05-06T15:30:00.000+02:00,
RTD.A.S0.N.F_UMD_CGG_D0.F,A,S0,N,F_UMD_CGG_D0,F,2006,-1.29488,A,F,,,P1Y,S,,,GFS.A.N.I10.W0.S13.S1._Z.B.B9._Z._Z._Z.XDC_R_B1GQ._Z.S.V.N._T,,,,,,"See <a class=""external"" href=""http://sdw.ecb.europa.eu/web/generator/docu/rtdb_docu.pdf""> notes</a>; block Annual; series: B",,4,,,"Government deficit(-) or surplus(+), percent of GDP",Euro area (moving concept in the Real Time database context) - Deficit/surplus without UMTS proceeds - All sectors/ unspecified/ not applicable (ESA2010)-NCBs - General government (ESA2010)-NCBs - Non-financial flows current prices - Percentage,XDC_R_B1GQ,0,Replace,2009-05-06T15:30:00.000+02:00,
RTD.A.S0.N.F_UMD_CGG_D0.F,A,S0,N,F_UMD_CGG_D0,F,2007,-0.65619,A,F,,,P1Y,S,,,GFS.A.N.I10.W0.S13.S1._Z.B.B9._Z._Z._Z.XDC_R_B1GQ._Z.S.V.N._T,,,,,,"See <a class=""external"" href=""http://sdw.ecb.europa.eu/web/generator/docu/rtdb_docu.pdf""> notes</a>; block Annual; series: B",,4,,,"Government deficit(-) or surplus(+), percent of GDP",Euro area (moving concept in the Real Time database context) - Deficit/surplus without UMTS proceeds - All sectors/ unspecified/ not applicable (ESA2010)-NCBs - General government (ESA2010)-NCBs - Non-financial flows current prices - Percentage,XDC_R_B1GQ,0,Replace,2009-05-06T15:30:00.000+02:00,
RTD.A.S0.N.F_UMD_CGG_D0.F,A,S0,N,F_UMD_CGG_D0,F,2008,-1.90846,A,F,,,P1Y,S,,,GFS.A.N.I10.W0.S13.S1._Z.B.B9._Z._Z._Z.XDC_R_B1GQ._Z.S.V.N._T,,,,,,"See <a class=""external"" href=""http://sdw.ecb.europa.eu/web/generator/docu/rtdb_docu.pdf""> notes</a>; block Annual; series: B",,4,,,"Government deficit(-) or surplus(+), percent of GDP",Euro area (moving concept in the Real Time database context) - Deficit/surplus without UMTS proceeds - All sectors/ unspecified/ not applicable (ESA2010)-NCBs - General government (ESA2010)-NCBs - Non-financial flows current prices - Percentage,XDC_R_B1GQ,0,Replace,2009-05-06T15:30:00.000+02:00,
RTD.A.S0.N.F_UMD_CGG_D0.F,A,S0,N,F_UMD_CGG_D0,F,2001,-1.87643,A,F,,,P1Y,S,,,GFS.A.N.I10.W0.S13.S1._Z.B.B9._Z._Z._Z.XDC_R_B1GQ._Z.S.V.N._T,,,,,,"See <a class=""external"" href=""http://sdw.ecb.europa.eu/web/generator/docu/rtdb_docu.pdf""> notes</a>; block Annual; series: B",,4,,,"Government deficit(-) or surplus(+), percent of GDP",Euro area (moving concept in the Real Time database context) - Deficit/surplus without UMTS proceeds - All sectors/ unspecified/ not applicable (ESA2010)-NCBs - General government (ESA2010)-NCBs - Non-financial flows current prices - Percentage,XDC_R_B1GQ,0,Replace,2009-06-03T15:30:00.000+02:00,
RTD.A.S0.N.F_UMD_CGG_D0.F,A,S0,N,F_UMD_CGG_D0,F,2005,-2.54884,A,F,,,P1Y,S,,,GFS.A.N.I10.W0.S13.S1._Z.B.B9._Z._Z._Z.XDC_R_B1GQ._Z.S.V.N._T,,,,,,"See <a class=""external"" href=""http://sdw.ecb.europa.eu/web/generator/docu/rtdb_docu.pdf""> notes</a>; block Annual; series: B",,4,,,"Government deficit(-) or surplus(+), percent of GDP",Euro area (moving concept in the Real Time database context) - Deficit/surplus without UMTS proceeds - All sectors/ unspecified/ not applicable (ESA2010)-NCBs - General government (ESA2010)-NCBs - Non-financial flows current prices - Percentage,XDC_R_B1GQ,0,Replace,2009-06-03T15:30:00.000+02:00,
RTD.A.S0.N.F_UMD_CGG_D0.F,A,S0,N,F_UMD_CGG_D0,F,2006,-1.29503,A,F,,,P1Y,S,,,GFS.A.N.I10.W0.S13.S1._Z.B.B9._Z._Z._Z.XDC_R_B1GQ._Z.S.V.N._T,,,,,,"See <a class=""external"" href=""http://sdw.ecb.europa.eu/web/generator/docu/rtdb_docu.pdf""> notes</a>; block Annual; series: B",,4,,,"Government deficit(-) or surplus(+), percent of GDP",Euro area (moving concept in the Real Time database context) - Deficit/surplus without UMTS proceeds - All sectors/ unspecified/ not applicable (ESA2010)-NCBs - General government (ESA2010)-NCBs - Non-financial flows current prices - Percentage,XDC_R_B1GQ,0,Replace,2009-06-03T15:30:00.000+02:00,
RTD.A.S0.N.F_UMD_CGG_D0.F,A,S0,N,F_UMD_CGG_D0,F,2007,-0.65602,A,F,,,P1Y,S,,,GFS.A.N.I10.W0.S13.S1._Z.B.B9._Z._Z._Z.XDC_R_B1GQ._Z.S.V.N._T,,,,,,"See <a class=""external"" href=""http://sdw.ecb.europa.eu/web/generator/docu/rtdb_docu.pdf""> notes</a>; block Annual; series: B",,4,,,"Government deficit(-) or surplus(+), percent of GDP",Euro area (moving concept in the Real Time database context) - Deficit/surplus without UMTS proceeds - All sectors/ unspecified/ not applicable (ESA2010)-NCBs - General government (ESA2010)-NCBs - Non-financial flows current prices - Percentage,XDC_R_B1GQ,0,Replace,2009-06-03T15:30:00.000+02:00,
RTD.A.S0.N.F_UMD_CGG_D0.F,A,S0,N,F_UMD_CGG_D0,F,2008,-1.90799,A,F,,,P1Y,S,,,GFS.A.N.I10.W0.S13.S1._Z.B.B9._Z._Z._Z.XDC_R_B1GQ._Z.S.V.N._T,,,,,,"See <a class=""external"" href=""http://sdw.ecb.europa.eu/web/generator/docu/rtdb_docu.pdf""> notes</a>; block Annual; series: B",,4,,,"Government deficit(-) or surplus(+), percent of GDP",Euro area (moving concept in the Real Time database context) - Deficit/surplus without UMTS proceeds - All sectors/ unspecified/ not applicable (ESA2010)-NCBs - General government (ESA2010)-NCBs - Non-financial flows current prices - Percentage,XDC_R_B1GQ,0,Replace,2009-06-03T15:30:00.000+02:00,
RTD.A.S0.N.F_UMD_CGG_D0.F,A,S0,N,F_UMD_CGG_D0,F,1995,-7.22008,A,F,,,P1Y,S,,,GFS.A.N.I10.W0.S13.S1._Z.B.B9._Z._Z._Z.XDC_R_B1GQ._Z.S.V.N._T,,,,,,"See <a class=""external"" href=""http://sdw.ecb.europa.eu/web/generator/docu/rtdb_docu.pdf""> notes</a>; block Annual; series: B",,4,,,"Government deficit(-) or surplus(+), percent of GDP",Euro area (moving concept in the Real Time database context) - Deficit/surplus without UMTS proceeds - All sectors/ unspecified/ not applicable (ESA2010)-NCBs - General government (ESA2010)-NCBs - Non-financial flows current prices - Percentage,XDC_R_B1GQ,0,Replace,2009-08-05T15:30:00.000+02:00,
RTD.A.S0.N.F_UMD_CGG_D0.F,A,S0,N,F_UMD_CGG_D0,F,1996,-4.27791,A,F,,,P1Y,S,,,GFS.A.N.I10.W0.S13.S1._Z.B.B9._Z._Z._Z.XDC_R_B1GQ._Z.S.V.N._T,,,,,,"See <a class=""external"" href=""http://sdw.ecb.europa.eu/web/generator/docu/rtdb_docu.pdf""> notes</a>; block Annual; series: B",,4,,,"Government deficit(-) or surplus(+), percent of GDP",Euro area (moving concept in the Real Time database context) - Deficit/surplus without UMTS proceeds - All sectors/ unspecified/ not applicable (ESA2010)-NCBs - General government (ESA2010)-NCBs - Non-financial flows current prices - Percentage,XDC_R_B1GQ,0,Replace,2009-08-05T15:30:00.000+02:00,
RTD.A.S0.N.F_UMD_CGG_D0.F,A,S0,N,F_UMD_CGG_D0,F,1997,-2.74535,A,F,,,P1Y,S,,,GFS.A.N.I10.W0.S13.S1._Z.B.B9._Z._Z._Z.XDC_R_B1GQ._Z.S.V.N._T,,,,,,"See <a class=""external"" href=""http://sdw.ecb.europa.eu/web/generator/docu/rtdb_docu.pdf""> notes</a>; block Annual; series: B",,4,,,"Government deficit(-) or surplus(+), percent of GDP",Euro area (moving concept in the Real Time database context) - Deficit/surplus without UMTS proceeds - All sectors/ unspecified/ not applicable (ESA2010)-NCBs - General government (ESA2010)-NCBs - Non-financial flows current prices - Percentage,XDC_R_B1GQ,0,Replace,2009-08-05T15:30:00.000+02:00,
RTD.A.S0.N.F_UMD_CGG_D0.F,A,S0,N,F_UMD_CGG_D0,F,1998,-2.3384,A,F,,,P1Y,S,,,GFS.A.N.I10.W0.S13.S1._Z.B.B9._Z._Z._Z.XDC_R_B1GQ._Z.S.V.N._T,,,,,,"See <a class=""external"" href=""http://sdw.ecb.europa.eu/web/generator/docu/rtdb_docu.pdf""> notes</a>; block Annual; series: B",,4,,,"Government deficit(-) or surplus(+), percent of GDP",Euro area (moving concept in the Real Time database context) - Deficit/surplus without UMTS proceeds - All sectors/ unspecified/ not applicable (ESA2010)-NCBs - General government (ESA2010)-NCBs - Non-financial flows current prices - Percentage,XDC_R_B1GQ,0,Replace,2009-08-05T15:30:00.000+02:00,
RTD.A.S0.N.F_UMD_CGG_D0.F,A,S0,N,F_UMD_CGG_D0,F,1999,-1.42967,A,F,,,P1Y,S,,,GFS.A.N.I10.W0.S13.S1._Z.B.B9._Z._Z._Z.XDC_R_B1GQ._Z.S.V.N._T,,,,,,"See <a class=""external"" href=""http://sdw.ecb.europa.eu/web/generator/docu/rtdb_docu.pdf""> notes</a>; block Annual; series: B",,4,,,"Government deficit(-) or surplus(+), percent of GDP",Euro area (moving concept in the Real Time database context) - Deficit/surplus without UMTS proceeds - All sectors/ unspecified/ not applicable (ESA2010)-NCBs - General government (ESA2010)-NCBs - Non-financial flows current prices - Percentage,XDC_R_B1GQ,0,Replace,2009-08-05T15:30:00.000+02:00,
RTD.A.S0.N.F_UMD_CGG_D0.F,A,S0,N,F_UMD_CGG_D0,F,2000,-0.0682,A,F,,,P1Y,S,,,GFS.A.N.I10.W0.S13.S1._Z.B.B9._Z._Z._Z.XDC_R_B1GQ._Z.S.V.N._T,,,,,,"See <a class=""external"" href=""http://sdw.ecb.europa.eu/web/generator/docu/rtdb_docu.pdf""> notes</a>; block Annual; series: B",,4,,,"Government deficit(-) or surplus(+), percent of GDP",Euro area (moving concept in the Real Time database context) - Deficit/surplus without UMTS proceeds - All sectors/ unspecified/ not applicable (ESA2010)-NCBs - General government (ESA2010)-NCBs - Non-financial flows current prices - Percentage,XDC_R_B1GQ,0,Replace,2009-08-05T15:30:00.000+02:00,
RTD.A.S0.N.F_UMD_CGG_D0.F,A,S0,N,F_UMD_CGG_D0,F,2001,-1.87367,A,F,,,P1Y,S,,,GFS.A.N.I10.W0.S13.S1._Z.B.B9._Z._Z._Z.XDC_R_B1GQ._Z.S.V.N._T,,,,,,"See <a class=""external"" href=""http://sdw.ecb.europa.eu/web/generator/docu/rtdb_docu.pdf""> notes</a>; block Annual; series: B",,4,,,"Government deficit(-) or surplus(+), percent of GDP",Euro area (moving concept in the Real Time database context) - Deficit/surplus without UMTS proceeds - All sectors/ unspecified/ not applicable (ESA2010)-NCBs - General government (ESA2010)-NCBs - Non-financial flows current prices - Percentage,XDC_R_B1GQ,0,Replace,2009-08-05T15:30:00.000+02:00,
RTD.A.S0.N.F_UMD_CGG_D0.F,A,S0,N,F_UMD_CGG_D0,F,2002,-2.61394,A,F,,,P1Y,S,,,GFS.A.N.I10.W0.S13.S1._Z.B.B9._Z._Z._Z.XDC_R_B1GQ._Z.S.V.N._T,,,,,,"See <a class=""external"" href=""http://sdw.ecb.europa.eu/web/generator/docu/rtdb_docu.pdf""> notes</a>; block Annual; series: B",,4,,,"Government deficit(-) or surplus(+), percent of GDP",Euro area (moving concept in the Real Time database context) - Deficit/surplus without UMTS proceeds - All sectors/ unspecified/ not applicable (ESA2010)-NCBs - General government (ESA2010)-NCBs - Non-financial flows current prices - Percentage,XDC_R_B1GQ,0,Replace,2009-08-05T15:30:00.000+02:00,
RTD.A.S0.N.F_UMD_CGG_D0.F,A,S0,N,F_UMD_CGG_D0,F,2003,-3.0936,A,F,,,P1Y,S,,,GFS.A.N.I10.W0.S13.S1._Z.B.B9._Z._Z._Z.XDC_R_B1GQ._Z.S.V.N._T,,,,,,"See <a class=""external"" href=""http://sdw.ecb.europa.eu/web/generator/docu/rtdb_docu.pdf""> notes</a>; block Annual; series: B",,4,,,"Government deficit(-) or surplus(+), percent of GDP",Euro area (moving concept in the Real Time database context) - Deficit/surplus without UMTS proceeds - All sectors/ unspecified/ not applicable (ESA2010)-NCBs - General government (ESA2010)-NCBs - Non-financial flows current prices - Percentage,XDC_R_B1GQ,0,Replace,2009-08-05T15:30:00.000+02:00,
RTD.A.S0.N.F_UMD_CGG_D0.F,A,S0,N,F_UMD_CGG_D0,F,2004,-2.95744,A,F,,,P1Y,S,,,GFS.A.N.I10.W0.S13.S1._Z.B.B9._Z._Z._Z.XDC_R_B1GQ._Z.S.V.N._T,,,,,,"See <a class=""external"" href=""http://sdw.ecb.europa.eu/web/generator/docu/rtdb_docu.pdf""> notes</a>; block Annual; series: B",,4,,,"Government deficit(-) or surplus(+), percent of GDP",Euro area (moving concept in the Real Time database context) - Deficit/surplus without UMTS proceeds - All sectors/ unspecified/ not applicable (ESA2010)-NCBs - General government (ESA2010)-NCBs - Non-financial flows current prices - Percentage,XDC_R_B1GQ,0,Replace,2009-08-05T15:30:00.000+02:00,
RTD.A.S0.N.F_UMD_CGG_D0.F,A,S0,N,F_UMD_CGG_D0,F,2005,-2.54891,A,F,,,P1Y,S,,,GFS.A.N.I10.W0.S13.S1._Z.B.B9._Z._Z._Z.XDC_R_B1GQ._Z.S.V.N._T,,,,,,"See <a class=""external"" href=""http://sdw.ecb.europa.eu/web/generator/docu/rtdb_docu.pdf""> notes</a>; block Annual; series: B",,4,,,"Government deficit(-) or surplus(+), percent of GDP",Euro area (moving concept in the Real Time database context) - Deficit/surplus without UMTS proceeds - All sectors/ unspecified/ not applicable (ESA2010)-NCBs - General government (ESA2010)-NCBs - Non-financial flows current prices - Percentage,XDC_R_B1GQ,0,Replace,2009-08-05T15:30:00.000+02:00,
RTD.A.S0.N.F_UMD_CGG_D0.F,A,S0,N,F_UMD_CGG_D0,F,2006,-1.29518,A,F,,,P1Y,S,,,GFS.A.N.I10.W0.S13.S1._Z.B.B9._Z._Z._Z.XDC_R_B1GQ._Z.S.V.N._T,,,,,,"See <a class=""external"" href=""http://sdw.ecb.europa.eu/web/generator/docu/rtdb_docu.pdf""> notes</a>; block Annual; series: B",,4,,,"Government deficit(-) or surplus(+), percent of GDP",Euro area (moving concept in the Real Time database context) - Deficit/surplus without UMTS proceeds - All sectors/ unspecified/ not applicable (ESA2010)-NCBs - General government (ESA2010)-NCBs - Non-financial flows current prices - Percentage,XDC_R_B1GQ,0,Replace,2009-08-05T15:30:00.000+02:00,
RTD.A.S0.N.F_UMD_CGG_D0.F,A,S0,N,F_UMD_CGG_D0,F,2007,-0.65609,A,F,,,P1Y,S,,,GFS.A.N.I10.W0.S13.S1._Z.B.B9._Z._Z._Z.XDC_R_B1GQ._Z.S.V.N._T,,,,,,"See <a class=""external"" href=""http://sdw.ecb.europa.eu/web/generator/docu/rtdb_docu.pdf""> notes</a>; block Annual; series: B",,4,,,"Government deficit(-) or surplus(+), percent of GDP",Euro area (moving concept in the Real Time database context) - Deficit/surplus without UMTS proceeds - All sectors/ unspecified/ not applicable (ESA2010)-NCBs - General government (ESA2010)-NCBs - Non-financial flows current prices - Percentage,XDC_R_B1GQ,0,Replace,2009-08-05T15:30:00.000+02:00,
RTD.A.S0.N.F_UMD_CGG_D0.F,A,S0,N,F_UMD_CGG_D0,F,2008,-1.90615,A,F,,,P1Y,S,,,GFS.A.N.I10.W0.S13.S1._Z.B.B9._Z._Z._Z.XDC_R_B1GQ._Z.S.V.N._T,,,,,,"See <a class=""external"" href=""http://sdw.ecb.europa.eu/web/generator/docu/rtdb_docu.pdf""> notes</a>; block Annual; series: B",,4,,,"Government deficit(-) or surplus(+), percent of GDP",Euro area (moving concept in the Real Time database context) - Deficit/surplus without UMTS proceeds - All sectors/ unspecified/ not applicable (ESA2010)-NCBs - General government (ESA2010)-NCBs - Non-financial flows current prices - Percentage,XDC_R_B1GQ,0,Replace,2009-08-05T15:30:00.000+02:00,
RTD.A.S0.N.F_UMD_CGG_D0.F,A,S0,N,F_UMD_CGG_D0,F,1995,-7.2224,A,F,,,P1Y,S,,,GFS.A.N.I10.W0.S13.S1._Z.B.B9._Z._Z._Z.XDC_R_B1GQ._Z.S.V.N._T,,,,,,"See <a class=""external"" href=""http://sdw.ecb.europa.eu/web/generator/docu/rtdb_docu.pdf""> notes</a>; block Annual; series: B",,4,,,"Government deficit(-) or surplus(+), percent of GDP",Euro area (moving concept in the Real Time database context) - Deficit/surplus without UMTS proceeds - All sectors/ unspecified/ not applicable (ESA2010)-NCBs - General government (ESA2010)-NCBs - Non-financial flows current prices - Percentage,XDC_R_B1GQ,0,Replace,2009-11-04T15:30:00.000+01:00,
RTD.A.S0.N.F_UMD_CGG_D0.F,A,S0,N,F_UMD_CGG_D0,F,1996,-4.28037,A,F,,,P1Y,S,,,GFS.A.N.I10.W0.S13.S1._Z.B.B9._Z._Z._Z.XDC_R_B1GQ._Z.S.V.N._T,,,,,,"See <a class=""external"" href=""http://sdw.ecb.europa.eu/web/generator/docu/rtdb_docu.pdf""> notes</a>; block Annual; series: B",,4,,,"Government deficit(-) or surplus(+), percent of GDP",Euro area (moving concept in the Real Time database context) - Deficit/surplus without UMTS proceeds - All sectors/ unspecified/ not applicable (ESA2010)-NCBs - General government (ESA2010)-NCBs - Non-financial flows current prices - Percentage,XDC_R_B1GQ,0,Replace,2009-11-04T15:30:00.000+01:00,
RTD.A.S0.N.F_UMD_CGG_D0.F,A,S0,N,F_UMD_CGG_D0,F,1997,-2.749,A,F,,,P1Y,S,,,GFS.A.N.I10.W0.S13.S1._Z.B.B9._Z._Z._Z.XDC_R_B1GQ._Z.S.V.N._T,,,,,,"See <a class=""external"" href=""http://sdw.ecb.europa.eu/web/generator/docu/rtdb_docu.pdf""> notes</a>; block Annual; series: B",,4,,,"Government deficit(-) or surplus(+), percent of GDP",Euro area (moving concept in the Real Time database context) - Deficit/surplus without UMTS proceeds - All sectors/ unspecified/ not applicable (ESA2010)-NCBs - General government (ESA2010)-NCBs - Non-financial flows current prices - Percentage,XDC_R_B1GQ,0,Replace,2009-11-04T15:30:00.000+01:00,
RTD.A.S0.N.F_UMD_CGG_D0.F,A,S0,N,F_UMD_CGG_D0,F,1998,-2.34043,A,F,,,P1Y,S,,,GFS.A.N.I10.W0.S13.S1._Z.B.B9._Z._Z._Z.XDC_R_B1GQ._Z.S.V.N._T,,,,,,"See <a class=""external"" href=""http://sdw.ecb.europa.eu/web/generator/docu/rtdb_docu.pdf""> notes</a>; block Annual; series: B",,4,,,"Government deficit(-) or surplus(+), percent of GDP",Euro area (moving concept in the Real Time database context) - Deficit/surplus without UMTS proceeds - All sectors/ unspecified/ not applicable (ESA2010)-NCBs - General government (ESA2010)-NCBs - Non-financial flows current prices - Percentage,XDC_R_B1GQ,0,Replace,2009-11-04T15:30:00.000+01:00,
RTD.A.S0.N.F_UMD_CGG_D0.F,A,S0,N,F_UMD_CGG_D0,F,1999,-1.43165,A,F,,,P1Y,S,,,GFS.A.N.I10.W0.S13.S1._Z.B.B9._Z._Z._Z.XDC_R_B1GQ._Z.S.V.N._T,,,,,,"See <a class=""external"" href=""http://sdw.ecb.europa.eu/web/generator/docu/rtdb_docu.pdf""> notes</a>; block Annual; series: B",,4,,,"Government deficit(-) or surplus(+), percent of GDP",Euro area (moving concept in the Real Time database context) - Deficit/surplus without UMTS proceeds - All sectors/ unspecified/ not applicable (ESA2010)-NCBs - General government (ESA2010)-NCBs - Non-financial flows current prices - Percentage,XDC_R_B1GQ,0,Replace,2009-11-04T15:30:00.000+01:00,
RTD.A.S0.N.F_UMD_CGG_D0.F,A,S0,N,F_UMD_CGG_D0,F,2000,-0.07025,A,F,,,P1Y,S,,,GFS.A.N.I10.W0.S13.S1._Z.B.B9._Z._Z._Z.XDC_R_B1GQ._Z.S.V.N._T,,,,,,"See <a class=""external"" href=""http://sdw.ecb.europa.eu/web/generator/docu/rtdb_docu.pdf""> notes</a>; block Annual; series: B",,4,,,"Government deficit(-) or surplus(+), percent of GDP",Euro area (moving concept in the Real Time database context) - Deficit/surplus without UMTS proceeds - All sectors/ unspecified/ not applicable (ESA2010)-NCBs - General government (ESA2010)-NCBs - Non-financial flows current prices - Percentage,XDC_R_B1GQ,0,Replace,2009-11-04T15:30:00.000+01:00,
RTD.A.S0.N.F_UMD_CGG_D0.F,A,S0,N,F_UMD_CGG_D0,F,2001,-1.87526,A,F,,,P1Y,S,,,GFS.A.N.I10.W0.S13.S1._Z.B.B9._Z._Z._Z.XDC_R_B1GQ._Z.S.V.N._T,,,,,,"See <a class=""external"" href=""http://sdw.ecb.europa.eu/web/generator/docu/rtdb_docu.pdf""> notes</a>; block Annual; series: B",,4,,,"Government deficit(-) or surplus(+), percent of GDP",Euro area (moving concept in the Real Time database context) - Deficit/surplus without UMTS proceeds - All sectors/ unspecified/ not applicable (ESA2010)-NCBs - General government (ESA2010)-NCBs - Non-financial flows current prices - Percentage,XDC_R_B1GQ,0,Replace,2009-11-04T15:30:00.000+01:00,
RTD.A.S0.N.F_UMD_CGG_D0.F,A,S0,N,F_UMD_CGG_D0,F,2002,-2.61533,A,F,,,P1Y,S,,,GFS.A.N.I10.W0.S13.S1._Z.B.B9._Z._Z._Z.XDC_R_B1GQ._Z.S.V.N._T,,,,,,"See <a class=""external"" href=""http://sdw.ecb.europa.eu/web/generator/docu/rtdb_docu.pdf""> notes</a>; block Annual; series: B",,4,,,"Government deficit(-) or surplus(+), percent of GDP",Euro area (moving concept in the Real Time database context) - Deficit/surplus without UMTS proceeds - All sectors/ unspecified/ not applicable (ESA2010)-NCBs - General government (ESA2010)-NCBs - Non-financial flows current prices - Percentage,XDC_R_B1GQ,0,Replace,2009-11-04T15:30:00.000+01:00,
RTD.A.S0.N.F_UMD_CGG_D0.F,A,S0,N,F_UMD_CGG_D0,F,2003,-3.09441,A,F,,,P1Y,S,,,GFS.A.N.I10.W0.S13.S1._Z.B.B9._Z._Z._Z.XDC_R_B1GQ._Z.S.V.N._T,,,,,,"See <a class=""external"" href=""http://sdw.ecb.europa.eu/web/generator/docu/rtdb_docu.pdf""> notes</a>; block Annual; series: B",,4,,,"Government deficit(-) or surplus(+), percent of GDP",Euro area (moving concept in the Real Time database context) - Deficit/surplus without UMTS proceeds - All sectors/ unspecified/ not applicable (ESA2010)-NCBs - General government (ESA2010)-NCBs - Non-financial flows current prices - Percentage,XDC_R_B1GQ,0,Replace,2009-11-04T15:30:00.000+01:00,
RTD.A.S0.N.F_UMD_CGG_D0.F,A,S0,N,F_UMD_CGG_D0,F,2004,-2.95851,A,F,,,P1Y,S,,,GFS.A.N.I10.W0.S13.S1._Z.B.B9._Z._Z._Z.XDC_R_B1GQ._Z.S.V.N._T,,,,,,"See <a class=""external"" href=""http://sdw.ecb.europa.eu/web/generator/docu/rtdb_docu.pdf""> notes</a>; block Annual; series: B",,4,,,"Government deficit(-) or surplus(+), percent of GDP",Euro area (moving concept in the Real Time database context) - Deficit/surplus without UMTS proceeds - All sectors/ unspecified/ not applicable (ESA2010)-NCBs - General government (ESA2010)-NCBs - Non-financial flows current prices - Percentage,XDC_R_B1GQ,0,Replace,2009-11-04T15:30:00.000+01:00,
RTD.A.S0.N.F_UMD_CGG_D0.F,A,S0,N,F_UMD_CGG_D0,F,2005,-2.55096,A,F,,,P1Y,S,,,GFS.A.N.I10.W0.S13.S1._Z.B.B9._Z._Z._Z.XDC_R_B1GQ._Z.S.V.N._T,,,,,,"See <a class=""external"" href=""http://sdw.ecb.europa.eu/web/generator/docu/rtdb_docu.pdf""> notes</a>; block Annual; series: B",,4,,,"Government deficit(-) or surplus(+), percent of GDP",Euro area (moving concept in the Real Time database context) - Deficit/surplus without UMTS proceeds - All sectors/ unspecified/ not applicable (ESA2010)-NCBs - General government (ESA2010)-NCBs - Non-financial flows current prices - Percentage,XDC_R_B1GQ,0,Replace,2009-11-04T15:30:00.000+01:00,
RTD.A.S0.N.F_UMD_CGG_D0.F,A,S0,N,F_UMD_CGG_D0,F,2006,-1.32946,A,F,,,P1Y,S,,,GFS.A.N.I10.W0.S13.S1._Z.B.B9._Z._Z._Z.XDC_R_B1GQ._Z.S.V.N._T,,,,,,"See <a class=""external"" href=""http://sdw.ecb.europa.eu/web/generator/docu/rtdb_docu.pdf""> notes</a>; block Annual; series: B",,4,,,"Government deficit(-) or surplus(+), percent of GDP",Euro area (moving concept in the Real Time database context) - Deficit/surplus without UMTS proceeds - All sectors/ unspecified/ not applicable (ESA2010)-NCBs - General government (ESA2010)-NCBs - Non-financial flows current prices - Percentage,XDC_R_B1GQ,0,Replace,2009-11-04T15:30:00.000+01:00,
RTD.A.S0.N.F_UMD_CGG_D0.F,A,S0,N,F_UMD_CGG_D0,F,2007,-0.60223,A,F,,,P1Y,S,,,GFS.A.N.I10.W0.S13.S1._Z.B.B9._Z._Z._Z.XDC_R_B1GQ._Z.S.V.N._T,,,,,,"See <a class=""external"" href=""http://sdw.ecb.europa.eu/web/generator/docu/rtdb_docu.pdf""> notes</a>; block Annual; series: B",,4,,,"Government deficit(-) or surplus(+), percent of GDP",Euro area (moving concept in the Real Time database context) - Deficit/surplus without UMTS proceeds - All sectors/ unspecified/ not applicable (ESA2010)-NCBs - General government (ESA2010)-NCBs - Non-financial flows current prices - Percentage,XDC_R_B1GQ,0,Replace,2009-11-04T15:30:00.000+01:00,
RTD.A.S0.N.F_UMD_CGG_D0.F,A,S0,N,F_UMD_CGG_D0,F,2008,-1.97508,A,F,,,P1Y,S,,,GFS.A.N.I10.W0.S13.S1._Z.B.B9._Z._Z._Z.XDC_R_B1GQ._Z.S.V.N._T,,,,,,"See <a class=""external"" href=""http://sdw.ecb.europa.eu/web/generator/docu/rtdb_docu.pdf""> notes</a>; block Annual; series: B",,4,,,"Government deficit(-) or surplus(+), percent of GDP",Euro area (moving concept in the Real Time database context) - Deficit/surplus without UMTS proceeds - All sectors/ unspecified/ not applicable (ESA2010)-NCBs - General government (ESA2010)-NCBs - Non-financial flows current prices - Percentage,XDC_R_B1GQ,0,Replace,2009-11-04T15:30:00.000+01:00,
RTD.A.S0.N.F_UMD_CGG_D0.F,A,S0,N,F_UMD_CGG_D0,F,1995,-7.22238,A,F,,,P1Y,S,,,GFS.A.N.I10.W0.S13.S1._Z.B.B9._Z._Z._Z.XDC_R_B1GQ._Z.S.V.N._T,,,,,,"See <a class=""external"" href=""http://sdw.ecb.europa.eu/web/generator/docu/rtdb_docu.pdf""> notes</a>; block Annual; series: B",,4,,,"Government deficit(-) or surplus(+), percent of GDP",Euro area (moving concept in the Real Time database context) - Deficit/surplus without UMTS proceeds - All sectors/ unspecified/ not applicable (ESA2010)-NCBs - General government (ESA2010)-NCBs - Non-financial flows current prices - Percentage,XDC_R_B1GQ,0,Replace,2010-02-03T15:30:00.000+01:00,
RTD.A.S0.N.F_UMD_CGG_D0.F,A,S0,N,F_UMD_CGG_D0,F,1995,-7.22219,A,F,,,P1Y,S,,,GFS.A.N.I10.W0.S13.S1._Z.B.B9._Z._Z._Z.XDC_R_B1GQ._Z.S.V.N._T,,,,,,"See <a class=""external"" href=""http://sdw.ecb.europa.eu/web/generator/docu/rtdb_docu.pdf""> notes</a>; block Annual; series: B",,4,,,"Government deficit(-) or surplus(+), percent of GDP",Euro area (moving concept in the Real Time database context) - Deficit/surplus without UMTS proceeds - All sectors/ unspecified/ not applicable (ESA2010)-NCBs - General government (ESA2010)-NCBs - Non-financial flows current prices - Percentage,XDC_R_B1GQ,0,Replace,2010-05-05T15:30:00.000+02:00,
RTD.A.S0.N.F_UMD_CGG_D0.F,A,S0,N,F_UMD_CGG_D0,F,1996,-4.28043,A,F,,,P1Y,S,,,GFS.A.N.I10.W0.S13.S1._Z.B.B9._Z._Z._Z.XDC_R_B1GQ._Z.S.V.N._T,,,,,,"See <a class=""external"" href=""http://sdw.ecb.europa.eu/web/generator/docu/rtdb_docu.pdf""> notes</a>; block Annual; series: B",,4,,,"Government deficit(-) or surplus(+), percent of GDP",Euro area (moving concept in the Real Time database context) - Deficit/surplus without UMTS proceeds - All sectors/ unspecified/ not applicable (ESA2010)-NCBs - General government (ESA2010)-NCBs - Non-financial flows current prices - Percentage,XDC_R_B1GQ,0,Replace,2010-05-05T15:30:00.000+02:00,
RTD.A.S0.N.F_UMD_CGG_D0.F,A,S0,N,F_UMD_CGG_D0,F,1997,-2.75163,A,F,,,P1Y,S,,,GFS.A.N.I10.W0.S13.S1._Z.B.B9._Z._Z._Z.XDC_R_B1GQ._Z.S.V.N._T,,,,,,"See <a class=""external"" href=""http://sdw.ecb.europa.eu/web/generator/docu/rtdb_docu.pdf""> notes</a>; block Annual; series: B",,4,,,"Government deficit(-) or surplus(+), percent of GDP",Euro area (moving concept in the Real Time database context) - Deficit/surplus without UMTS proceeds - All sectors/ unspecified/ not applicable (ESA2010)-NCBs - General government (ESA2010)-NCBs - Non-financial flows current prices - Percentage,XDC_R_B1GQ,0,Replace,2010-05-05T15:30:00.000+02:00,
RTD.A.S0.N.F_UMD_CGG_D0.F,A,S0,N,F_UMD_CGG_D0,F,1998,-2.34226,A,F,,,P1Y,S,,,GFS.A.N.I10.W0.S13.S1._Z.B.B9._Z._Z._Z.XDC_R_B1GQ._Z.S.V.N._T,,,,,,"See <a class=""external"" href=""http://sdw.ecb.europa.eu/web/generator/docu/rtdb_docu.pdf""> notes</a>; block Annual; series: B",,4,,,"Government deficit(-) or surplus(+), percent of GDP",Euro area (moving concept in the Real Time database context) - Deficit/surplus without UMTS proceeds - All sectors/ unspecified/ not applicable (ESA2010)-NCBs - General government (ESA2010)-NCBs - Non-financial flows current prices - Percentage,XDC_R_B1GQ,0,Replace,2010-05-05T15:30:00.000+02:00,
RTD.A.S0.N.F_UMD_CGG_D0.F,A,S0,N,F_UMD_CGG_D0,F,1999,-1.43253,A,F,,,P1Y,S,,,GFS.A.N.I10.W0.S13.S1._Z.B.B9._Z._Z._Z.XDC_R_B1GQ._Z.S.V.N._T,,,,,,"See <a class=""external"" href=""http://sdw.ecb.europa.eu/web/generator/docu/rtdb_docu.pdf""> notes</a>; block Annual; series: B",,4,,,"Government deficit(-) or surplus(+), percent of GDP",Euro area (moving concept in the Real Time database context) - Deficit/surplus without UMTS proceeds - All sectors/ unspecified/ not applicable (ESA2010)-NCBs - General government (ESA2010)-NCBs - Non-financial flows current prices - Percentage,XDC_R_B1GQ,0,Replace,2010-05-05T15:30:00.000+02:00,
RTD.A.S0.N.F_UMD_CGG_D0.F,A,S0,N,F_UMD_CGG_D0,F,2000,-0.07159,A,F,,,P1Y,S,,,GFS.A.N.I10.W0.S13.S1._Z.B.B9._Z._Z._Z.XDC_R_B1GQ._Z.S.V.N._T,,,,,,"See <a class=""external"" href=""http://sdw.ecb.europa.eu/web/generator/docu/rtdb_docu.pdf""> notes</a>; block Annual; series: B",,4,,,"Government deficit(-) or surplus(+), percent of GDP",Euro area (moving concept in the Real Time database context) - Deficit/surplus without UMTS proceeds - All sectors/ unspecified/ not applicable (ESA2010)-NCBs - General government (ESA2010)-NCBs - Non-financial flows current prices - Percentage,XDC_R_B1GQ,0,Replace,2010-05-05T15:30:00.000+02:00,
RTD.A.S0.N.F_UMD_CGG_D0.F,A,S0,N,F_UMD_CGG_D0,F,2001,-1.87651,A,F,,,P1Y,S,,,GFS.A.N.I10.W0.S13.S1._Z.B.B9._Z._Z._Z.XDC_R_B1GQ._Z.S.V.N._T,,,,,,"See <a class=""external"" href=""http://sdw.ecb.europa.eu/web/generator/docu/rtdb_docu.pdf""> notes</a>; block Annual; series: B",,4,,,"Government deficit(-) or surplus(+), percent of GDP",Euro area (moving concept in the Real Time database context) - Deficit/surplus without UMTS proceeds - All sectors/ unspecified/ not applicable (ESA2010)-NCBs - General government (ESA2010)-NCBs - Non-financial flows current prices - Percentage,XDC_R_B1GQ,0,Replace,2010-05-05T15:30:00.000+02:00,
RTD.A.S0.N.F_UMD_CGG_D0.F,A,S0,N,F_UMD_CGG_D0,F,2002,-2.61741,A,F,,,P1Y,S,,,GFS.A.N.I10.W0.S13.S1._Z.B.B9._Z._Z._Z.XDC_R_B1GQ._Z.S.V.N._T,,,,,,"See <a class=""external"" href=""http://sdw.ecb.europa.eu/web/generator/docu/rtdb_docu.pdf""> notes</a>; block Annual; series: B",,4,,,"Government deficit(-) or surplus(+), percent of GDP",Euro area (moving concept in the Real Time database context) - Deficit/surplus without UMTS proceeds - All sectors/ unspecified/ not applicable (ESA2010)-NCBs - General government (ESA2010)-NCBs - Non-financial flows current prices - Percentage,XDC_R_B1GQ,0,Replace,2010-05-05T15:30:00.000+02:00,
RTD.A.S0.N.F_UMD_CGG_D0.F,A,S0,N,F_UMD_CGG_D0,F,2003,-3.09756,A,F,,,P1Y,S,,,GFS.A.N.I10.W0.S13.S1._Z.B.B9._Z._Z._Z.XDC_R_B1GQ._Z.S.V.N._T,,,,,,"See <a class=""external"" href=""http://sdw.ecb.europa.eu/web/generator/docu/rtdb_docu.pdf""> notes</a>; block Annual; series: B",,4,,,"Government deficit(-) or surplus(+), percent of GDP",Euro area (moving concept in the Real Time database context) - Deficit/surplus without UMTS proceeds - All sectors/ unspecified/ not applicable (ESA2010)-NCBs - General government (ESA2010)-NCBs - Non-financial flows current prices - Percentage,XDC_R_B1GQ,0,Replace,2010-05-05T15:30:00.000+02:00,
RTD.A.S0.N.F_UMD_CGG_D0.F,A,S0,N,F_UMD_CGG_D0,F,2004,-2.96048,A,F,,,P1Y,S,,,GFS.A.N.I10.W0.S13.S1._Z.B.B9._Z._Z._Z.XDC_R_B1GQ._Z.S.V.N._T,,,,,,"See <a class=""external"" href=""http://sdw.ecb.europa.eu/web/generator/docu/rtdb_docu.pdf""> notes</a>; block Annual; series: B",,4,,,"Government deficit(-) or surplus(+), percent of GDP",Euro area (moving concept in the Real Time database context) - Deficit/surplus without UMTS proceeds - All sectors/ unspecified/ not applicable (ESA2010)-NCBs - General government (ESA2010)-NCBs - Non-financial flows current prices - Percentage,XDC_R_B1GQ,0,Replace,2010-05-05T15:30:00.000+02:00,
RTD.A.S0.N.F_UMD_CGG_D0.F,A,S0,N,F_UMD_CGG_D0,F,2005,-2.55669,A,F,,,P1Y,S,,,GFS.A.N.I10.W0.S13.S1._Z.B.B9._Z._Z._Z.XDC_R_B1GQ._Z.S.V.N._T,,,,,,"See <a class=""external"" href=""http://sdw.ecb.europa.eu/web/generator/docu/rtdb_docu.pdf""> notes</a>; block Annual; series: B",,4,,,"Government deficit(-) or surplus(+), percent of GDP",Euro area (moving concept in the Real Time database context) - Deficit/surplus without UMTS proceeds - All sectors/ unspecified/ not applicable (ESA2010)-NCBs - General government (ESA2010)-NCBs - Non-financial flows current prices - Percentage,XDC_R_B1GQ,0,Replace,2010-05-05T15:30:00.000+02:00,
RTD.A.S0.N.F_UMD_CGG_D0.F,A,S0,N,F_UMD_CGG_D0,F,2006,-1.34475,A,F,,,P1Y,S,,,GFS.A.N.I10.W0.S13.S1._Z.B.B9._Z._Z._Z.XDC_R_B1GQ._Z.S.V.N._T,,,,,,"See <a class=""external"" href=""http://sdw.ecb.europa.eu/web/generator/docu/rtdb_docu.pdf""> notes</a>; block Annual; series: B",,4,,,"Government deficit(-) or surplus(+), percent of GDP",Euro area (moving concept in the Real Time database context) - Deficit/surplus without UMTS proceeds - All sectors/ unspecified/ not applicable (ESA2010)-NCBs - General government (ESA2010)-NCBs - Non-financial flows current prices - Percentage,XDC_R_B1GQ,0,Replace,2010-05-05T15:30:00.000+02:00,
RTD.A.S0.N.F_UMD_CGG_D0.F,A,S0,N,F_UMD_CGG_D0,F,2007,-0.63751,A,F,,,P1Y,S,,,GFS.A.N.I10.W0.S13.S1._Z.B.B9._Z._Z._Z.XDC_R_B1GQ._Z.S.V.N._T,,,,,,"See <a class=""external"" href=""http://sdw.ecb.europa.eu/web/generator/docu/rtdb_docu.pdf""> notes</a>; block Annual; series: B",,4,,,"Government deficit(-) or surplus(+), percent of GDP",Euro area (moving concept in the Real Time database context) - Deficit/surplus without UMTS proceeds - All sectors/ unspecified/ not applicable (ESA2010)-NCBs - General government (ESA2010)-NCBs - Non-financial flows current prices - Percentage,XDC_R_B1GQ,0,Replace,2010-05-05T15:30:00.000+02:00,
RTD.A.S0.N.F_UMD_CGG_D0.F,A,S0,N,F_UMD_CGG_D0,F,2008,-1.96171,A,F,,,P1Y,S,,,GFS.A.N.I10.W0.S13.S1._Z.B.B9._Z._Z._Z.XDC_R_B1GQ._Z.S.V.N._T,,,,,,"See <a class=""external"" href=""http://sdw.ecb.europa.eu/web/generator/docu/rtdb_docu.pdf""> notes</a>; block Annual; series: B",,4,,,"Government deficit(-) or surplus(+), percent of GDP",Euro area (moving concept in the Real Time database context) - Deficit/surplus without UMTS proceeds - All sectors/ unspecified/ not applicable (ESA2010)-NCBs - General government (ESA2010)-NCBs - Non-financial flows current prices - Percentage,XDC_R_B1GQ,0,Replace,2010-05-05T15:30:00.000+02:00,
RTD.A.S0.N.F_UMD_CGG_D0.F,A,S0,N,F_UMD_CGG_D0,F,2009,-6.2898,A,F,,,P1Y,S,,,GFS.A.N.I10.W0.S13.S1._Z.B.B9._Z._Z._Z.XDC_R_B1GQ._Z.S.V.N._T,,,,,,"See <a class=""external"" href=""http://sdw.ecb.europa.eu/web/generator/docu/rtdb_docu.pdf""> notes</a>; block Annual; series: B",,4,,,"Government deficit(-) or surplus(+), percent of GDP",Euro area (moving concept in the Real Time database context) - Deficit/surplus without UMTS proceeds - All sectors/ unspecified/ not applicable (ESA2010)-NCBs - General government (ESA2010)-NCBs - Non-financial flows current prices - Percentage,XDC_R_B1GQ,0,Replace,2010-05-05T15:30:00.000+02:00,
RTD.A.S0.N.F_UMD_CGG_D0.F,A,S0,N,F_UMD_CGG_D0,F,1997,-2.75162,A,F,,,P1Y,S,,,GFS.A.N.I10.W0.S13.S1._Z.B.B9._Z._Z._Z.XDC_R_B1GQ._Z.S.V.N._T,,,,,,"See <a class=""external"" href=""http://sdw.ecb.europa.eu/web/generator/docu/rtdb_docu.pdf""> notes</a>; block Annual; series: B",,4,,,"Government deficit(-) or surplus(+), percent of GDP",Euro area (moving concept in the Real Time database context) - Deficit/surplus without UMTS proceeds - All sectors/ unspecified/ not applicable (ESA2010)-NCBs - General government (ESA2010)-NCBs - Non-financial flows current prices - Percentage,XDC_R_B1GQ,0,Replace,2010-06-09T15:30:00.000+02:00,
RTD.A.S0.N.F_UMD_CGG_D0.F,A,S0,N,F_UMD_CGG_D0,F,2006,-1.34474,A,F,,,P1Y,S,,,GFS.A.N.I10.W0.S13.S1._Z.B.B9._Z._Z._Z.XDC_R_B1GQ._Z.S.V.N._T,,,,,,"See <a class=""external"" href=""http://sdw.ecb.europa.eu/web/generator/docu/rtdb_docu.pdf""> notes</a>; block Annual; series: B",,4,,,"Government deficit(-) or surplus(+), percent of GDP",Euro area (moving concept in the Real Time database context) - Deficit/surplus without UMTS proceeds - All sectors/ unspecified/ not applicable (ESA2010)-NCBs - General government (ESA2010)-NCBs - Non-financial flows current prices - Percentage,XDC_R_B1GQ,0,Replace,2010-06-09T15:30:00.000+02:00,
RTD.A.S0.N.F_UMD_CGG_D0.F,A,S0,N,F_UMD_CGG_D0,F,2009,-6.24373,A,F,,,P1Y,S,,,GFS.A.N.I10.W0.S13.S1._Z.B.B9._Z._Z._Z.XDC_R_B1GQ._Z.S.V.N._T,,,,,,"See <a class=""external"" href=""http://sdw.ecb.europa.eu/web/generator/docu/rtdb_docu.pdf""> notes</a>; block Annual; series: B",,4,,,"Government deficit(-) or surplus(+), percent of GDP",Euro area (moving concept in the Real Time database context) - Deficit/surplus without UMTS proceeds - All sectors/ unspecified/ not applicable (ESA2010)-NCBs - General government (ESA2010)-NCBs - Non-financial flows current prices - Percentage,XDC_R_B1GQ,0,Replace,2010-06-09T15:30:00.000+02:00,
RTD.A.S0.N.F_UMD_CGG_D0.F,A,S0,N,F_UMD_CGG_D0,F,1995,-7.22114,A,F,,,P1Y,S,,,GFS.A.N.I10.W0.S13.S1._Z.B.B9._Z._Z._Z.XDC_R_B1GQ._Z.S.V.N._T,,,,,,"See <a class=""external"" href=""http://sdw.ecb.europa.eu/web/generator/docu/rtdb_docu.pdf""> notes</a>; block Annual; series: B",,4,,,"Government deficit(-) or surplus(+), percent of GDP",Euro area (moving concept in the Real Time database context) - Deficit/surplus without UMTS proceeds - All sectors/ unspecified/ not applicable (ESA2010)-NCBs - General government (ESA2010)-NCBs - Non-financial flows current prices - Percentage,XDC_R_B1GQ,0,Replace,2010-08-04T15:30:00.000+02:00,
RTD.A.S0.N.F_UMD_CGG_D0.F,A,S0,N,F_UMD_CGG_D0,F,1996,-4.28157,A,F,,,P1Y,S,,,GFS.A.N.I10.W0.S13.S1._Z.B.B9._Z._Z._Z.XDC_R_B1GQ._Z.S.V.N._T,,,,,,"See <a class=""external"" href=""http://sdw.ecb.europa.eu/web/generator/docu/rtdb_docu.pdf""> notes</a>; block Annual; series: B",,4,,,"Government deficit(-) or surplus(+), percent of GDP",Euro area (moving concept in the Real Time database context) - Deficit/surplus without UMTS proceeds - All sectors/ unspecified/ not applicable (ESA2010)-NCBs - General government (ESA2010)-NCBs - Non-financial flows current prices - Percentage,XDC_R_B1GQ,0,Replace,2010-08-04T15:30:00.000+02:00,
RTD.A.S0.N.F_UMD_CGG_D0.F,A,S0,N,F_UMD_CGG_D0,F,1997,-2.74989,A,F,,,P1Y,S,,,GFS.A.N.I10.W0.S13.S1._Z.B.B9._Z._Z._Z.XDC_R_B1GQ._Z.S.V.N._T,,,,,,"See <a class=""external"" href=""http://sdw.ecb.europa.eu/web/generator/docu/rtdb_docu.pdf""> notes</a>; block Annual; series: B",,4,,,"Government deficit(-) or surplus(+), percent of GDP",Euro area (moving concept in the Real Time database context) - Deficit/surplus without UMTS proceeds - All sectors/ unspecified/ not applicable (ESA2010)-NCBs - General government (ESA2010)-NCBs - Non-financial flows current prices - Percentage,XDC_R_B1GQ,0,Replace,2010-08-04T15:30:00.000+02:00,
RTD.A.S0.N.F_UMD_CGG_D0.F,A,S0,N,F_UMD_CGG_D0,F,1998,-2.34441,A,F,,,P1Y,S,,,GFS.A.N.I10.W0.S13.S1._Z.B.B9._Z._Z._Z.XDC_R_B1GQ._Z.S.V.N._T,,,,,,"See <a class=""external"" href=""http://sdw.ecb.europa.eu/web/generator/docu/rtdb_docu.pdf""> notes</a>; block Annual; series: B",,4,,,"Government deficit(-) or surplus(+), percent of GDP",Euro area (moving concept in the Real Time database context) - Deficit/surplus without UMTS proceeds - All sectors/ unspecified/ not applicable (ESA2010)-NCBs - General government (ESA2010)-NCBs - Non-financial flows current prices - Percentage,XDC_R_B1GQ,0,Replace,2010-08-04T15:30:00.000+02:00,
RTD.A.S0.N.F_UMD_CGG_D0.F,A,S0,N,F_UMD_CGG_D0,F,1999,-1.43202,A,F,,,P1Y,S,,,GFS.A.N.I10.W0.S13.S1._Z.B.B9._Z._Z._Z.XDC_R_B1GQ._Z.S.V.N._T,,,,,,"See <a class=""external"" href=""http://sdw.ecb.europa.eu/web/generator/docu/rtdb_docu.pdf""> notes</a>; block Annual; series: B",,4,,,"Government deficit(-) or surplus(+), percent of GDP",Euro area (moving concept in the Real Time database context) - Deficit/surplus without UMTS proceeds - All sectors/ unspecified/ not applicable (ESA2010)-NCBs - General government (ESA2010)-NCBs - Non-financial flows current prices - Percentage,XDC_R_B1GQ,0,Replace,2010-08-04T15:30:00.000+02:00,
RTD.A.S0.N.F_UMD_CGG_D0.F,A,S0,N,F_UMD_CGG_D0,F,2000,-0.07304,A,F,,,P1Y,S,,,GFS.A.N.I10.W0.S13.S1._Z.B.B9._Z._Z._Z.XDC_R_B1GQ._Z.S.V.N._T,,,,,,"See <a class=""external"" href=""http://sdw.ecb.europa.eu/web/generator/docu/rtdb_docu.pdf""> notes</a>; block Annual; series: B",,4,,,"Government deficit(-) or surplus(+), percent of GDP",Euro area (moving concept in the Real Time database context) - Deficit/surplus without UMTS proceeds - All sectors/ unspecified/ not applicable (ESA2010)-NCBs - General government (ESA2010)-NCBs - Non-financial flows current prices - Percentage,XDC_R_B1GQ,0,Replace,2010-08-04T15:30:00.000+02:00,
RTD.A.S0.N.F_UMD_CGG_D0.F,A,S0,N,F_UMD_CGG_D0,F,2001,-1.87822,A,F,,,P1Y,S,,,GFS.A.N.I10.W0.S13.S1._Z.B.B9._Z._Z._Z.XDC_R_B1GQ._Z.S.V.N._T,,,,,,"See <a class=""external"" href=""http://sdw.ecb.europa.eu/web/generator/docu/rtdb_docu.pdf""> notes</a>; block Annual; series: B",,4,,,"Government deficit(-) or surplus(+), percent of GDP",Euro area (moving concept in the Real Time database context) - Deficit/surplus without UMTS proceeds - All sectors/ unspecified/ not applicable (ESA2010)-NCBs - General government (ESA2010)-NCBs - Non-financial flows current prices - Percentage,XDC_R_B1GQ,0,Replace,2010-08-04T15:30:00.000+02:00,
RTD.A.S0.N.F_UMD_CGG_D0.F,A,S0,N,F_UMD_CGG_D0,F,2002,-2.61862,A,F,,,P1Y,S,,,GFS.A.N.I10.W0.S13.S1._Z.B.B9._Z._Z._Z.XDC_R_B1GQ._Z.S.V.N._T,,,,,,"See <a class=""external"" href=""http://sdw.ecb.europa.eu/web/generator/docu/rtdb_docu.pdf""> notes</a>; block Annual; series: B",,4,,,"Government deficit(-) or surplus(+), percent of GDP",Euro area (moving concept in the Real Time database context) - Deficit/surplus without UMTS proceeds - All sectors/ unspecified/ not applicable (ESA2010)-NCBs - General government (ESA2010)-NCBs - Non-financial flows current prices - Percentage,XDC_R_B1GQ,0,Replace,2010-08-04T15:30:00.000+02:00,
RTD.A.S0.N.F_UMD_CGG_D0.F,A,S0,N,F_UMD_CGG_D0,F,2003,-3.10007,A,F,,,P1Y,S,,,GFS.A.N.I10.W0.S13.S1._Z.B.B9._Z._Z._Z.XDC_R_B1GQ._Z.S.V.N._T,,,,,,"See <a class=""external"" href=""http://sdw.ecb.europa.eu/web/generator/docu/rtdb_docu.pdf""> notes</a>; block Annual; series: B",,4,,,"Government deficit(-) or surplus(+), percent of GDP",Euro area (moving concept in the Real Time database context) - Deficit/surplus without UMTS proceeds - All sectors/ unspecified/ not applicable (ESA2010)-NCBs - General government (ESA2010)-NCBs - Non-financial flows current prices - Percentage,XDC_R_B1GQ,0,Replace,2010-08-04T15:30:00.000+02:00,
RTD.A.S0.N.F_UMD_CGG_D0.F,A,S0,N,F_UMD_CGG_D0,F,2004,-2.9612,A,F,,,P1Y,S,,,GFS.A.N.I10.W0.S13.S1._Z.B.B9._Z._Z._Z.XDC_R_B1GQ._Z.S.V.N._T,,,,,,"See <a class=""external"" href=""http://sdw.ecb.europa.eu/web/generator/docu/rtdb_docu.pdf""> notes</a>; block Annual; series: B",,4,,,"Government deficit(-) or surplus(+), percent of GDP",Euro area (moving concept in the Real Time database context) - Deficit/surplus without UMTS proceeds - All sectors/ unspecified/ not applicable (ESA2010)-NCBs - General government (ESA2010)-NCBs - Non-financial flows current prices - Percentage,XDC_R_B1GQ,0,Replace,2010-08-04T15:30:00.000+02:00,
RTD.A.S0.N.F_UMD_CGG_D0.F,A,S0,N,F_UMD_CGG_D0,F,2005,-2.55548,A,F,,,P1Y,S,,,GFS.A.N.I10.W0.S13.S1._Z.B.B9._Z._Z._Z.XDC_R_B1GQ._Z.S.V.N._T,,,,,,"See <a class=""external"" href=""http://sdw.ecb.europa.eu/web/generator/docu/rtdb_docu.pdf""> notes</a>; block Annual; series: B",,4,,,"Government deficit(-) or surplus(+), percent of GDP",Euro area (moving concept in the Real Time database context) - Deficit/surplus without UMTS proceeds - All sectors/ unspecified/ not applicable (ESA2010)-NCBs - General government (ESA2010)-NCBs - Non-financial flows current prices - Percentage,XDC_R_B1GQ,0,Replace,2010-08-04T15:30:00.000+02:00,
RTD.A.S0.N.F_UMD_CGG_D0.F,A,S0,N,F_UMD_CGG_D0,F,2006,-1.34865,A,F,,,P1Y,S,,,GFS.A.N.I10.W0.S13.S1._Z.B.B9._Z._Z._Z.XDC_R_B1GQ._Z.S.V.N._T,,,,,,"See <a class=""external"" href=""http://sdw.ecb.europa.eu/web/generator/docu/rtdb_docu.pdf""> notes</a>; block Annual; series: B",,4,,,"Government deficit(-) or surplus(+), percent of GDP",Euro area (moving concept in the Real Time database context) - Deficit/surplus without UMTS proceeds - All sectors/ unspecified/ not applicable (ESA2010)-NCBs - General government (ESA2010)-NCBs - Non-financial flows current prices - Percentage,XDC_R_B1GQ,0,Replace,2010-08-04T15:30:00.000+02:00,
RTD.A.S0.N.F_UMD_CGG_D0.F,A,S0,N,F_UMD_CGG_D0,F,2007,-0.64213,A,F,,,P1Y,S,,,GFS.A.N.I10.W0.S13.S1._Z.B.B9._Z._Z._Z.XDC_R_B1GQ._Z.S.V.N._T,,,,,,"See <a class=""external"" href=""http://sdw.ecb.europa.eu/web/generator/docu/rtdb_docu.pdf""> notes</a>; block Annual; series: B",,4,,,"Government deficit(-) or surplus(+), percent of GDP",Euro area (moving concept in the Real Time database context) - Deficit/surplus without UMTS proceeds - All sectors/ unspecified/ not applicable (ESA2010)-NCBs - General government (ESA2010)-NCBs - Non-financial flows current prices - Percentage,XDC_R_B1GQ,0,Replace,2010-08-04T15:30:00.000+02:00,
RTD.A.S0.N.F_UMD_CGG_D0.F,A,S0,N,F_UMD_CGG_D0,F,2008,-1.96129,A,F,,,P1Y,S,,,GFS.A.N.I10.W0.S13.S1._Z.B.B9._Z._Z._Z.XDC_R_B1GQ._Z.S.V.N._T,,,,,,"See <a class=""external"" href=""http://sdw.ecb.europa.eu/web/generator/docu/rtdb_docu.pdf""> notes</a>; block Annual; series: B",,4,,,"Government deficit(-) or surplus(+), percent of GDP",Euro area (moving concept in the Real Time database context) - Deficit/surplus without UMTS proceeds - All sectors/ unspecified/ not applicable (ESA2010)-NCBs - General government (ESA2010)-NCBs - Non-financial flows current prices - Percentage,XDC_R_B1GQ,0,Replace,2010-08-04T15:30:00.000+02:00,
RTD.A.S0.N.F_UMD_CGG_D0.F,A,S0,N,F_UMD_CGG_D0,F,2009,-6.24212,A,F,,,P1Y,S,,,GFS.A.N.I10.W0.S13.S1._Z.B.B9._Z._Z._Z.XDC_R_B1GQ._Z.S.V.N._T,,,,,,"See <a class=""external"" href=""http://sdw.ecb.europa.eu/web/generator/docu/rtdb_docu.pdf""> notes</a>; block Annual; series: B",,4,,,"Government deficit(-) or surplus(+), percent of GDP",Euro area (moving concept in the Real Time database context) - Deficit/surplus without UMTS proceeds - All sectors/ unspecified/ not applicable (ESA2010)-NCBs - General government (ESA2010)-NCBs - Non-financial flows current prices - Percentage,XDC_R_B1GQ,0,Replace,2010-08-04T15:30:00.000+02:00,
RTD.A.S0.N.F_UMD_CGG_D0.F,A,S0,N,F_UMD_CGG_D0,F,1995,-7.22115,A,F,,,P1Y,S,,,GFS.A.N.I10.W0.S13.S1._Z.B.B9._Z._Z._Z.XDC_R_B1GQ._Z.S.V.N._T,,,,,,"See <a class=""external"" href=""http://sdw.ecb.europa.eu/web/generator/docu/rtdb_docu.pdf""> notes</a>; block Annual; series: B",,4,,,"Government deficit(-) or surplus(+), percent of GDP",Euro area (moving concept in the Real Time database context) - Deficit/surplus without UMTS proceeds - All sectors/ unspecified/ not applicable (ESA2010)-NCBs - General government (ESA2010)-NCBs - Non-financial flows current prices - Percentage,XDC_R_B1GQ,0,Replace,2010-11-03T15:30:00.000+01:00,
RTD.A.S0.N.F_UMD_CGG_D0.F,A,S0,N,F_UMD_CGG_D0,F,1996,-4.28154,A,F,,,P1Y,S,,,GFS.A.N.I10.W0.S13.S1._Z.B.B9._Z._Z._Z.XDC_R_B1GQ._Z.S.V.N._T,,,,,,"See <a class=""external"" href=""http://sdw.ecb.europa.eu/web/generator/docu/rtdb_docu.pdf""> notes</a>; block Annual; series: B",,4,,,"Government deficit(-) or surplus(+), percent of GDP",Euro area (moving concept in the Real Time database context) - Deficit/surplus without UMTS proceeds - All sectors/ unspecified/ not applicable (ESA2010)-NCBs - General government (ESA2010)-NCBs - Non-financial flows current prices - Percentage,XDC_R_B1GQ,0,Replace,2010-11-03T15:30:00.000+01:00,
RTD.A.S0.N.F_UMD_CGG_D0.F,A,S0,N,F_UMD_CGG_D0,F,1997,-2.74988,A,F,,,P1Y,S,,,GFS.A.N.I10.W0.S13.S1._Z.B.B9._Z._Z._Z.XDC_R_B1GQ._Z.S.V.N._T,,,,,,"See <a class=""external"" href=""http://sdw.ecb.europa.eu/web/generator/docu/rtdb_docu.pdf""> notes</a>; block Annual; series: B",,4,,,"Government deficit(-) or surplus(+), percent of GDP",Euro area (moving concept in the Real Time database context) - Deficit/surplus without UMTS proceeds - All sectors/ unspecified/ not applicable (ESA2010)-NCBs - General government (ESA2010)-NCBs - Non-financial flows current prices - Percentage,XDC_R_B1GQ,0,Replace,2010-11-03T15:30:00.000+01:00,
RTD.A.S0.N.F_UMD_CGG_D0.F,A,S0,N,F_UMD_CGG_D0,F,1998,-2.3444,A,F,,,P1Y,S,,,GFS.A.N.I10.W0.S13.S1._Z.B.B9._Z._Z._Z.XDC_R_B1GQ._Z.S.V.N._T,,,,,,"See <a class=""external"" href=""http://sdw.ecb.europa.eu/web/generator/docu/rtdb_docu.pdf""> notes</a>; block Annual; series: B",,4,,,"Government deficit(-) or surplus(+), percent of GDP",Euro area (moving concept in the Real Time database context) - Deficit/surplus without UMTS proceeds - All sectors/ unspecified/ not applicable (ESA2010)-NCBs - General government (ESA2010)-NCBs - Non-financial flows current prices - Percentage,XDC_R_B1GQ,0,Replace,2010-11-03T15:30:00.000+01:00,
RTD.A.S0.N.F_UMD_CGG_D0.F,A,S0,N,F_UMD_CGG_D0,F,1999,-1.43207,A,F,,,P1Y,S,,,GFS.A.N.I10.W0.S13.S1._Z.B.B9._Z._Z._Z.XDC_R_B1GQ._Z.S.V.N._T,,,,,,"See <a class=""external"" href=""http://sdw.ecb.europa.eu/web/generator/docu/rtdb_docu.pdf""> notes</a>; block Annual; series: B",,4,,,"Government deficit(-) or surplus(+), percent of GDP",Euro area (moving concept in the Real Time database context) - Deficit/surplus without UMTS proceeds - All sectors/ unspecified/ not applicable (ESA2010)-NCBs - General government (ESA2010)-NCBs - Non-financial flows current prices - Percentage,XDC_R_B1GQ,0,Replace,2010-11-03T15:30:00.000+01:00,
RTD.A.S0.N.F_UMD_CGG_D0.F,A,S0,N,F_UMD_CGG_D0,F,2000,-0.0731,A,F,,,P1Y,S,,,GFS.A.N.I10.W0.S13.S1._Z.B.B9._Z._Z._Z.XDC_R_B1GQ._Z.S.V.N._T,,,,,,"See <a class=""external"" href=""http://sdw.ecb.europa.eu/web/generator/docu/rtdb_docu.pdf""> notes</a>; block Annual; series: B",,4,,,"Government deficit(-) or surplus(+), percent of GDP",Euro area (moving concept in the Real Time database context) - Deficit/surplus without UMTS proceeds - All sectors/ unspecified/ not applicable (ESA2010)-NCBs - General government (ESA2010)-NCBs - Non-financial flows current prices - Percentage,XDC_R_B1GQ,0,Replace,2010-11-03T15:30:00.000+01:00,
RTD.A.S0.N.F_UMD_CGG_D0.F,A,S0,N,F_UMD_CGG_D0,F,2001,-1.87778,A,F,,,P1Y,S,,,GFS.A.N.I10.W0.S13.S1._Z.B.B9._Z._Z._Z.XDC_R_B1GQ._Z.S.V.N._T,,,,,,"See <a class=""external"" href=""http://sdw.ecb.europa.eu/web/generator/docu/rtdb_docu.pdf""> notes</a>; block Annual; series: B",,4,,,"Government deficit(-) or surplus(+), percent of GDP",Euro area (moving concept in the Real Time database context) - Deficit/surplus without UMTS proceeds - All sectors/ unspecified/ not applicable (ESA2010)-NCBs - General government (ESA2010)-NCBs - Non-financial flows current prices - Percentage,XDC_R_B1GQ,0,Replace,2010-11-03T15:30:00.000+01:00,
RTD.A.S0.N.F_UMD_CGG_D0.F,A,S0,N,F_UMD_CGG_D0,F,2002,-2.61806,A,F,,,P1Y,S,,,GFS.A.N.I10.W0.S13.S1._Z.B.B9._Z._Z._Z.XDC_R_B1GQ._Z.S.V.N._T,,,,,,"See <a class=""external"" href=""http://sdw.ecb.europa.eu/web/generator/docu/rtdb_docu.pdf""> notes</a>; block Annual; series: B",,4,,,"Government deficit(-) or surplus(+), percent of GDP",Euro area (moving concept in the Real Time database context) - Deficit/surplus without UMTS proceeds - All sectors/ unspecified/ not applicable (ESA2010)-NCBs - General government (ESA2010)-NCBs - Non-financial flows current prices - Percentage,XDC_R_B1GQ,0,Replace,2010-11-03T15:30:00.000+01:00,
RTD.A.S0.N.F_UMD_CGG_D0.F,A,S0,N,F_UMD_CGG_D0,F,2003,-3.0994,A,F,,,P1Y,S,,,GFS.A.N.I10.W0.S13.S1._Z.B.B9._Z._Z._Z.XDC_R_B1GQ._Z.S.V.N._T,,,,,,"See <a class=""external"" href=""http://sdw.ecb.europa.eu/web/generator/docu/rtdb_docu.pdf""> notes</a>; block Annual; series: B",,4,,,"Government deficit(-) or surplus(+), percent of GDP",Euro area (moving concept in the Real Time database context) - Deficit/surplus without UMTS proceeds - All sectors/ unspecified/ not applicable (ESA2010)-NCBs - General government (ESA2010)-NCBs - Non-financial flows current prices - Percentage,XDC_R_B1GQ,0,Replace,2010-11-03T15:30:00.000+01:00,
RTD.A.S0.N.F_UMD_CGG_D0.F,A,S0,N,F_UMD_CGG_D0,F,2004,-2.959,A,F,,,P1Y,S,,,GFS.A.N.I10.W0.S13.S1._Z.B.B9._Z._Z._Z.XDC_R_B1GQ._Z.S.V.N._T,,,,,,"See <a class=""external"" href=""http://sdw.ecb.europa.eu/web/generator/docu/rtdb_docu.pdf""> notes</a>; block Annual; series: B",,4,,,"Government deficit(-) or surplus(+), percent of GDP",Euro area (moving concept in the Real Time database context) - Deficit/surplus without UMTS proceeds - All sectors/ unspecified/ not applicable (ESA2010)-NCBs - General government (ESA2010)-NCBs - Non-financial flows current prices - Percentage,XDC_R_B1GQ,0,Replace,2010-11-03T15:30:00.000+01:00,
RTD.A.S0.N.F_UMD_CGG_D0.F,A,S0,N,F_UMD_CGG_D0,F,2005,-2.55736,A,F,,,P1Y,S,,,GFS.A.N.I10.W0.S13.S1._Z.B.B9._Z._Z._Z.XDC_R_B1GQ._Z.S.V.N._T,,,,,,"See <a class=""external"" href=""http://sdw.ecb.europa.eu/web/generator/docu/rtdb_docu.pdf""> notes</a>; block Annual; series: B",,4,,,"Government deficit(-) or surplus(+), percent of GDP",Euro area (moving concept in the Real Time database context) - Deficit/surplus without UMTS proceeds - All sectors/ unspecified/ not applicable (ESA2010)-NCBs - General government (ESA2010)-NCBs - Non-financial flows current prices - Percentage,XDC_R_B1GQ,0,Replace,2010-11-03T15:30:00.000+01:00,
RTD.A.S0.N.F_UMD_CGG_D0.F,A,S0,N,F_UMD_CGG_D0,F,2006,-1.37917,A,F,,,P1Y,S,,,GFS.A.N.I10.W0.S13.S1._Z.B.B9._Z._Z._Z.XDC_R_B1GQ._Z.S.V.N._T,,,,,,"See <a class=""external"" href=""http://sdw.ecb.europa.eu/web/generator/docu/rtdb_docu.pdf""> notes</a>; block Annual; series: B",,4,,,"Government deficit(-) or surplus(+), percent of GDP",Euro area (moving concept in the Real Time database context) - Deficit/surplus without UMTS proceeds - All sectors/ unspecified/ not applicable (ESA2010)-NCBs - General government (ESA2010)-NCBs - Non-financial flows current prices - Percentage,XDC_R_B1GQ,0,Replace,2010-11-03T15:30:00.000+01:00,
RTD.A.S0.N.F_UMD_CGG_D0.F,A,S0,N,F_UMD_CGG_D0,F,2007,-0.66327,A,F,,,P1Y,S,,,GFS.A.N.I10.W0.S13.S1._Z.B.B9._Z._Z._Z.XDC_R_B1GQ._Z.S.V.N._T,,,,,,"See <a class=""external"" href=""http://sdw.ecb.europa.eu/web/generator/docu/rtdb_docu.pdf""> notes</a>; block Annual; series: B",,4,,,"Government deficit(-) or surplus(+), percent of GDP",Euro area (moving concept in the Real Time database context) - Deficit/surplus without UMTS proceeds - All sectors/ unspecified/ not applicable (ESA2010)-NCBs - General government (ESA2010)-NCBs - Non-financial flows current prices - Percentage,XDC_R_B1GQ,0,Replace,2010-11-03T15:30:00.000+01:00,
RTD.A.S0.N.F_UMD_CGG_D0.F,A,S0,N,F_UMD_CGG_D0,F,2008,-2.01058,A,F,,,P1Y,S,,,GFS.A.N.I10.W0.S13.S1._Z.B.B9._Z._Z._Z.XDC_R_B1GQ._Z.S.V.N._T,,,,,,"See <a class=""external"" href=""http://sdw.ecb.europa.eu/web/generator/docu/rtdb_docu.pdf""> notes</a>; block Annual; series: B",,4,,,"Government deficit(-) or surplus(+), percent of GDP",Euro area (moving concept in the Real Time database context) - Deficit/surplus without UMTS proceeds - All sectors/ unspecified/ not applicable (ESA2010)-NCBs - General government (ESA2010)-NCBs - Non-financial flows current prices - Percentage,XDC_R_B1GQ,0,Replace,2010-11-03T15:30:00.000+01:00,
RTD.A.S0.N.F_UMD_CGG_D0.F,A,S0,N,F_UMD_CGG_D0,F,2009,-6.2848,A,F,,,P1Y,S,,,GFS.A.N.I10.W0.S13.S1._Z.B.B9._Z._Z._Z.XDC_R_B1GQ._Z.S.V.N._T,,,,,,"See <a class=""external"" href=""http://sdw.ecb.europa.eu/web/generator/docu/rtdb_docu.pdf""> notes</a>; block Annual; series: B",,4,,,"Government deficit(-) or surplus(+), percent of GDP",Euro area (moving concept in the Real Time database context) - Deficit/surplus without UMTS proceeds - All sectors/ unspecified/ not applicable (ESA2010)-NCBs - General government (ESA2010)-NCBs - Non-financial flows current prices - Percentage,XDC_R_B1GQ,0,Replace,2010-11-03T15:30:00.000+01:00,
RTD.A.S0.N.F_UMD_CGG_D0.F,A,S0,N,F_UMD_CGG_D0,F,1995,-7.22109,A,F,,,P1Y,S,,,GFS.A.N.I10.W0.S13.S1._Z.B.B9._Z._Z._Z.XDC_R_B1GQ._Z.S.V.N._T,,,,,,"See <a class=""external"" href=""http://sdw.ecb.europa.eu/web/generator/docu/rtdb_docu.pdf""> notes</a>; block Annual; series: B",,4,,,"Government deficit(-) or surplus(+), percent of GDP",Euro area (moving concept in the Real Time database context) - Deficit/surplus without UMTS proceeds - All sectors/ unspecified/ not applicable (ESA2010)-NCBs - General government (ESA2010)-NCBs - Non-financial flows current prices - Percentage,XDC_R_B1GQ,0,Replace,2010-12-01T15:30:00.000+01:00,
RTD.A.S0.N.F_UMD_CGG_D0.F,A,S0,N,F_UMD_CGG_D0,F,1996,-4.2815,A,F,,,P1Y,S,,,GFS.A.N.I10.W0.S13.S1._Z.B.B9._Z._Z._Z.XDC_R_B1GQ._Z.S.V.N._T,,,,,,"See <a class=""external"" href=""http://sdw.ecb.europa.eu/web/generator/docu/rtdb_docu.pdf""> notes</a>; block Annual; series: B",,4,,,"Government deficit(-) or surplus(+), percent of GDP",Euro area (moving concept in the Real Time database context) - Deficit/surplus without UMTS proceeds - All sectors/ unspecified/ not applicable (ESA2010)-NCBs - General government (ESA2010)-NCBs - Non-financial flows current prices - Percentage,XDC_R_B1GQ,0,Replace,2010-12-01T15:30:00.000+01:00,
RTD.A.S0.N.F_UMD_CGG_D0.F,A,S0,N,F_UMD_CGG_D0,F,1997,-2.74985,A,F,,,P1Y,S,,,GFS.A.N.I10.W0.S13.S1._Z.B.B9._Z._Z._Z.XDC_R_B1GQ._Z.S.V.N._T,,,,,,"See <a class=""external"" href=""http://sdw.ecb.europa.eu/web/generator/docu/rtdb_docu.pdf""> notes</a>; block Annual; series: B",,4,,,"Government deficit(-) or surplus(+), percent of GDP",Euro area (moving concept in the Real Time database context) - Deficit/surplus without UMTS proceeds - All sectors/ unspecified/ not applicable (ESA2010)-NCBs - General government (ESA2010)-NCBs - Non-financial flows current prices - Percentage,XDC_R_B1GQ,0,Replace,2010-12-01T15:30:00.000+01:00,
RTD.A.S0.N.F_UMD_CGG_D0.F,A,S0,N,F_UMD_CGG_D0,F,1998,-2.34442,A,F,,,P1Y,S,,,GFS.A.N.I10.W0.S13.S1._Z.B.B9._Z._Z._Z.XDC_R_B1GQ._Z.S.V.N._T,,,,,,"See <a class=""external"" href=""http://sdw.ecb.europa.eu/web/generator/docu/rtdb_docu.pdf""> notes</a>; block Annual; series: B",,4,,,"Government deficit(-) or surplus(+), percent of GDP",Euro area (moving concept in the Real Time database context) - Deficit/surplus without UMTS proceeds - All sectors/ unspecified/ not applicable (ESA2010)-NCBs - General government (ESA2010)-NCBs - Non-financial flows current prices - Percentage,XDC_R_B1GQ,0,Replace,2010-12-01T15:30:00.000+01:00,
RTD.A.S0.N.F_UMD_CGG_D0.F,A,S0,N,F_UMD_CGG_D0,F,2001,-1.87773,A,F,,,P1Y,S,,,GFS.A.N.I10.W0.S13.S1._Z.B.B9._Z._Z._Z.XDC_R_B1GQ._Z.S.V.N._T,,,,,,"See <a class=""external"" href=""http://sdw.ecb.europa.eu/web/generator/docu/rtdb_docu.pdf""> notes</a>; block Annual; series: B",,4,,,"Government deficit(-) or surplus(+), percent of GDP",Euro area (moving concept in the Real Time database context) - Deficit/surplus without UMTS proceeds - All sectors/ unspecified/ not applicable (ESA2010)-NCBs - General government (ESA2010)-NCBs - Non-financial flows current prices - Percentage,XDC_R_B1GQ,0,Replace,2010-12-01T15:30:00.000+01:00,
RTD.A.S0.N.F_UMD_CGG_D0.F,A,S0,N,F_UMD_CGG_D0,F,2002,-2.61799,A,F,,,P1Y,S,,,GFS.A.N.I10.W0.S13.S1._Z.B.B9._Z._Z._Z.XDC_R_B1GQ._Z.S.V.N._T,,,,,,"See <a class=""external"" href=""http://sdw.ecb.europa.eu/web/generator/docu/rtdb_docu.pdf""> notes</a>; block Annual; series: B",,4,,,"Government deficit(-) or surplus(+), percent of GDP",Euro area (moving concept in the Real Time database context) - Deficit/surplus without UMTS proceeds - All sectors/ unspecified/ not applicable (ESA2010)-NCBs - General government (ESA2010)-NCBs - Non-financial flows current prices - Percentage,XDC_R_B1GQ,0,Replace,2010-12-01T15:30:00.000+01:00,
RTD.A.S0.N.F_UMD_CGG_D0.F,A,S0,N,F_UMD_CGG_D0,F,2003,-3.0993,A,F,,,P1Y,S,,,GFS.A.N.I10.W0.S13.S1._Z.B.B9._Z._Z._Z.XDC_R_B1GQ._Z.S.V.N._T,,,,,,"See <a class=""external"" href=""http://sdw.ecb.europa.eu/web/generator/docu/rtdb_docu.pdf""> notes</a>; block Annual; series: B",,4,,,"Government deficit(-) or surplus(+), percent of GDP",Euro area (moving concept in the Real Time database context) - Deficit/surplus without UMTS proceeds - All sectors/ unspecified/ not applicable (ESA2010)-NCBs - General government (ESA2010)-NCBs - Non-financial flows current prices - Percentage,XDC_R_B1GQ,0,Replace,2010-12-01T15:30:00.000+01:00,
RTD.A.S0.N.F_UMD_CGG_D0.F,A,S0,N,F_UMD_CGG_D0,F,2004,-2.95891,A,F,,,P1Y,S,,,GFS.A.N.I10.W0.S13.S1._Z.B.B9._Z._Z._Z.XDC_R_B1GQ._Z.S.V.N._T,,,,,,"See <a class=""external"" href=""http://sdw.ecb.europa.eu/web/generator/docu/rtdb_docu.pdf""> notes</a>; block Annual; series: B",,4,,,"Government deficit(-) or surplus(+), percent of GDP",Euro area (moving concept in the Real Time database context) - Deficit/surplus without UMTS proceeds - All sectors/ unspecified/ not applicable (ESA2010)-NCBs - General government (ESA2010)-NCBs - Non-financial flows current prices - Percentage,XDC_R_B1GQ,0,Replace,2010-12-01T15:30:00.000+01:00,
RTD.A.S0.N.F_UMD_CGG_D0.F,A,S0,N,F_UMD_CGG_D0,F,2005,-2.5573,A,F,,,P1Y,S,,,GFS.A.N.I10.W0.S13.S1._Z.B.B9._Z._Z._Z.XDC_R_B1GQ._Z.S.V.N._T,,,,,,"See <a class=""external"" href=""http://sdw.ecb.europa.eu/web/generator/docu/rtdb_docu.pdf""> notes</a>; block Annual; series: B",,4,,,"Government deficit(-) or surplus(+), percent of GDP",Euro area (moving concept in the Real Time database context) - Deficit/surplus without UMTS proceeds - All sectors/ unspecified/ not applicable (ESA2010)-NCBs - General government (ESA2010)-NCBs - Non-financial flows current prices - Percentage,XDC_R_B1GQ,0,Replace,2010-12-01T15:30:00.000+01:00,
RTD.A.S0.N.F_UMD_CGG_D0.F,A,S0,N,F_UMD_CGG_D0,F,2006,-1.3933,A,F,,,P1Y,S,,,GFS.A.N.I10.W0.S13.S1._Z.B.B9._Z._Z._Z.XDC_R_B1GQ._Z.S.V.N._T,,,,,,"See <a class=""external"" href=""http://sdw.ecb.europa.eu/web/generator/docu/rtdb_docu.pdf""> notes</a>; block Annual; series: B",,4,,,"Government deficit(-) or surplus(+), percent of GDP",Euro area (moving concept in the Real Time database context) - Deficit/surplus without UMTS proceeds - All sectors/ unspecified/ not applicable (ESA2010)-NCBs - General government (ESA2010)-NCBs - Non-financial flows current prices - Percentage,XDC_R_B1GQ,0,Replace,2010-12-01T15:30:00.000+01:00,
RTD.A.S0.N.F_UMD_CGG_D0.F,A,S0,N,F_UMD_CGG_D0,F,2007,-0.66519,A,F,,,P1Y,S,,,GFS.A.N.I10.W0.S13.S1._Z.B.B9._Z._Z._Z.XDC_R_B1GQ._Z.S.V.N._T,,,,,,"See <a class=""external"" href=""http://sdw.ecb.europa.eu/web/generator/docu/rtdb_docu.pdf""> notes</a>; block Annual; series: B",,4,,,"Government deficit(-) or surplus(+), percent of GDP",Euro area (moving concept in the Real Time database context) - Deficit/surplus without UMTS proceeds - All sectors/ unspecified/ not applicable (ESA2010)-NCBs - General government (ESA2010)-NCBs - Non-financial flows current prices - Percentage,XDC_R_B1GQ,0,Replace,2010-12-01T15:30:00.000+01:00,
RTD.A.S0.N.F_UMD_CGG_D0.F,A,S0,N,F_UMD_CGG_D0,F,2008,-2.01891,A,F,,,P1Y,S,,,GFS.A.N.I10.W0.S13.S1._Z.B.B9._Z._Z._Z.XDC_R_B1GQ._Z.S.V.N._T,,,,,,"See <a class=""external"" href=""http://sdw.ecb.europa.eu/web/generator/docu/rtdb_docu.pdf""> notes</a>; block Annual; series: B",,4,,,"Government deficit(-) or surplus(+), percent of GDP",Euro area (moving concept in the Real Time database context) - Deficit/surplus without UMTS proceeds - All sectors/ unspecified/ not applicable (ESA2010)-NCBs - General government (ESA2010)-NCBs - Non-financial flows current prices - Percentage,XDC_R_B1GQ,0,Replace,2010-12-01T15:30:00.000+01:00,
RTD.A.S0.N.F_UMD_CGG_D0.F,A,S0,N,F_UMD_CGG_D0,F,2009,-6.28853,A,F,,,P1Y,S,,,GFS.A.N.I10.W0.S13.S1._Z.B.B9._Z._Z._Z.XDC_R_B1GQ._Z.S.V.N._T,,,,,,"See <a class=""external"" href=""http://sdw.ecb.europa.eu/web/generator/docu/rtdb_docu.pdf""> notes</a>; block Annual; series: B",,4,,,"Government deficit(-) or surplus(+), percent of GDP",Euro area (moving concept in the Real Time database context) - Deficit/surplus without UMTS proceeds - All sectors/ unspecified/ not applicable (ESA2010)-NCBs - General government (ESA2010)-NCBs - Non-financial flows current prices - Percentage,XDC_R_B1GQ,0,Replace,2010-12-01T15:30:00.000+01:00,
RTD.A.S0.N.F_UMD_CGG_D0.F,A,S0,N,F_UMD_CGG_D0,F,1995,-7.20495,A,F,,,P1Y,S,,,GFS.A.N.I10.W0.S13.S1._Z.B.B9._Z._Z._Z.XDC_R_B1GQ._Z.S.V.N._T,,,,,,"See <a class=""external"" href=""http://sdw.ecb.europa.eu/web/generator/docu/rtdb_docu.pdf""> notes</a>; block Annual; series: B",,4,,,"Government deficit(-) or surplus(+), percent of GDP",Euro area (moving concept in the Real Time database context) - Deficit/surplus without UMTS proceeds - All sectors/ unspecified/ not applicable (ESA2010)-NCBs - General government (ESA2010)-NCBs - Non-financial flows current prices - Percentage,XDC_R_B1GQ,0,Replace,2011-05-04T15:30:00.000+02:00,
RTD.A.S0.N.F_UMD_CGG_D0.F,A,S0,N,F_UMD_CGG_D0,F,1996,-4.27174,A,F,,,P1Y,S,,,GFS.A.N.I10.W0.S13.S1._Z.B.B9._Z._Z._Z.XDC_R_B1GQ._Z.S.V.N._T,,,,,,"See <a class=""external"" href=""http://sdw.ecb.europa.eu/web/generator/docu/rtdb_docu.pdf""> notes</a>; block Annual; series: B",,4,,,"Government deficit(-) or surplus(+), percent of GDP",Euro area (moving concept in the Real Time database context) - Deficit/surplus without UMTS proceeds - All sectors/ unspecified/ not applicable (ESA2010)-NCBs - General government (ESA2010)-NCBs - Non-financial flows current prices - Percentage,XDC_R_B1GQ,0,Replace,2011-05-04T15:30:00.000+02:00,
RTD.A.S0.N.F_UMD_CGG_D0.F,A,S0,N,F_UMD_CGG_D0,F,1997,-2.74075,A,F,,,P1Y,S,,,GFS.A.N.I10.W0.S13.S1._Z.B.B9._Z._Z._Z.XDC_R_B1GQ._Z.S.V.N._T,,,,,,"See <a class=""external"" href=""http://sdw.ecb.europa.eu/web/generator/docu/rtdb_docu.pdf""> notes</a>; block Annual; series: B",,4,,,"Government deficit(-) or surplus(+), percent of GDP",Euro area (moving concept in the Real Time database context) - Deficit/surplus without UMTS proceeds - All sectors/ unspecified/ not applicable (ESA2010)-NCBs - General government (ESA2010)-NCBs - Non-financial flows current prices - Percentage,XDC_R_B1GQ,0,Replace,2011-05-04T15:30:00.000+02:00,
RTD.A.S0.N.F_UMD_CGG_D0.F,A,S0,N,F_UMD_CGG_D0,F,1998,-2.33875,A,F,,,P1Y,S,,,GFS.A.N.I10.W0.S13.S1._Z.B.B9._Z._Z._Z.XDC_R_B1GQ._Z.S.V.N._T,,,,,,"See <a class=""external"" href=""http://sdw.ecb.europa.eu/web/generator/docu/rtdb_docu.pdf""> notes</a>; block Annual; series: B",,4,,,"Government deficit(-) or surplus(+), percent of GDP",Euro area (moving concept in the Real Time database context) - Deficit/surplus without UMTS proceeds - All sectors/ unspecified/ not applicable (ESA2010)-NCBs - General government (ESA2010)-NCBs - Non-financial flows current prices - Percentage,XDC_R_B1GQ,0,Replace,2011-05-04T15:30:00.000+02:00,
RTD.A.S0.N.F_UMD_CGG_D0.F,A,S0,N,F_UMD_CGG_D0,F,1999,-1.43217,A,F,,,P1Y,S,,,GFS.A.N.I10.W0.S13.S1._Z.B.B9._Z._Z._Z.XDC_R_B1GQ._Z.S.V.N._T,,,,,,"See <a class=""external"" href=""http://sdw.ecb.europa.eu/web/generator/docu/rtdb_docu.pdf""> notes</a>; block Annual; series: B",,4,,,"Government deficit(-) or surplus(+), percent of GDP",Euro area (moving concept in the Real Time database context) - Deficit/surplus without UMTS proceeds - All sectors/ unspecified/ not applicable (ESA2010)-NCBs - General government (ESA2010)-NCBs - Non-financial flows current prices - Percentage,XDC_R_B1GQ,0,Replace,2011-05-04T15:30:00.000+02:00,
RTD.A.S0.N.F_UMD_CGG_D0.F,A,S0,N,F_UMD_CGG_D0,F,2000,-0.07317,A,F,,,P1Y,S,,,GFS.A.N.I10.W0.S13.S1._Z.B.B9._Z._Z._Z.XDC_R_B1GQ._Z.S.V.N._T,,,,,,"See <a class=""external"" href=""http://sdw.ecb.europa.eu/web/generator/docu/rtdb_docu.pdf""> notes</a>; block Annual; series: B",,4,,,"Government deficit(-) or surplus(+), percent of GDP",Euro area (moving concept in the Real Time database context) - Deficit/surplus without UMTS proceeds - All sectors/ unspecified/ not applicable (ESA2010)-NCBs - General government (ESA2010)-NCBs - Non-financial flows current prices - Percentage,XDC_R_B1GQ,0,Replace,2011-05-04T15:30:00.000+02:00,
RTD.A.S0.N.F_UMD_CGG_D0.F,A,S0,N,F_UMD_CGG_D0,F,2001,-1.8771,A,F,,,P1Y,S,,,GFS.A.N.I10.W0.S13.S1._Z.B.B9._Z._Z._Z.XDC_R_B1GQ._Z.S.V.N._T,,,,,,"See <a class=""external"" href=""http://sdw.ecb.europa.eu/web/generator/docu/rtdb_docu.pdf""> notes</a>; block Annual; series: B",,4,,,"Government deficit(-) or surplus(+), percent of GDP",Euro area (moving concept in the Real Time database context) - Deficit/surplus without UMTS proceeds - All sectors/ unspecified/ not applicable (ESA2010)-NCBs - General government (ESA2010)-NCBs - Non-financial flows current prices - Percentage,XDC_R_B1GQ,0,Replace,2011-05-04T15:30:00.000+02:00,
RTD.A.S0.N.F_UMD_CGG_D0.F,A,S0,N,F_UMD_CGG_D0,F,2002,-2.61641,A,F,,,P1Y,S,,,GFS.A.N.I10.W0.S13.S1._Z.B.B9._Z._Z._Z.XDC_R_B1GQ._Z.S.V.N._T,,,,,,"See <a class=""external"" href=""http://sdw.ecb.europa.eu/web/generator/docu/rtdb_docu.pdf""> notes</a>; block Annual; series: B",,4,,,"Government deficit(-) or surplus(+), percent of GDP",Euro area (moving concept in the Real Time database context) - Deficit/surplus without UMTS proceeds - All sectors/ unspecified/ not applicable (ESA2010)-NCBs - General government (ESA2010)-NCBs - Non-financial flows current prices - Percentage,XDC_R_B1GQ,0,Replace,2011-05-04T15:30:00.000+02:00,
RTD.A.S0.N.F_UMD_CGG_D0.F,A,S0,N,F_UMD_CGG_D0,F,2003,-3.09664,A,F,,,P1Y,S,,,GFS.A.N.I10.W0.S13.S1._Z.B.B9._Z._Z._Z.XDC_R_B1GQ._Z.S.V.N._T,,,,,,"See <a class=""external"" href=""http://sdw.ecb.europa.eu/web/generator/docu/rtdb_docu.pdf""> notes</a>; block Annual; series: B",,4,,,"Government deficit(-) or surplus(+), percent of GDP",Euro area (moving concept in the Real Time database context) - Deficit/surplus without UMTS proceeds - All sectors/ unspecified/ not applicable (ESA2010)-NCBs - General government (ESA2010)-NCBs - Non-financial flows current prices - Percentage,XDC_R_B1GQ,0,Replace,2011-05-04T15:30:00.000+02:00,
RTD.A.S0.N.F_UMD_CGG_D0.F,A,S0,N,F_UMD_CGG_D0,F,2004,-2.9553,A,F,,,P1Y,S,,,GFS.A.N.I10.W0.S13.S1._Z.B.B9._Z._Z._Z.XDC_R_B1GQ._Z.S.V.N._T,,,,,,"See <a class=""external"" href=""http://sdw.ecb.europa.eu/web/generator/docu/rtdb_docu.pdf""> notes</a>; block Annual; series: B",,4,,,"Government deficit(-) or surplus(+), percent of GDP",Euro area (moving concept in the Real Time database context) - Deficit/surplus without UMTS proceeds - All sectors/ unspecified/ not applicable (ESA2010)-NCBs - General government (ESA2010)-NCBs - Non-financial flows current prices - Percentage,XDC_R_B1GQ,0,Replace,2011-05-04T15:30:00.000+02:00,
RTD.A.S0.N.F_UMD_CGG_D0.F,A,S0,N,F_UMD_CGG_D0,F,2005,-2.54927,A,F,,,P1Y,S,,,GFS.A.N.I10.W0.S13.S1._Z.B.B9._Z._Z._Z.XDC_R_B1GQ._Z.S.V.N._T,,,,,,"See <a class=""external"" href=""http://sdw.ecb.europa.eu/web/generator/docu/rtdb_docu.pdf""> notes</a>; block Annual; series: B",,4,,,"Government deficit(-) or surplus(+), percent of GDP",Euro area (moving concept in the Real Time database context) - Deficit/surplus without UMTS proceeds - All sectors/ unspecified/ not applicable (ESA2010)-NCBs - General government (ESA2010)-NCBs - Non-financial flows current prices - Percentage,XDC_R_B1GQ,0,Replace,2011-05-04T15:30:00.000+02:00,
RTD.A.S0.N.F_UMD_CGG_D0.F,A,S0,N,F_UMD_CGG_D0,F,2006,-1.39142,A,F,,,P1Y,S,,,GFS.A.N.I10.W0.S13.S1._Z.B.B9._Z._Z._Z.XDC_R_B1GQ._Z.S.V.N._T,,,,,,"See <a class=""external"" href=""http://sdw.ecb.europa.eu/web/generator/docu/rtdb_docu.pdf""> notes</a>; block Annual; series: B",,4,,,"Government deficit(-) or surplus(+), percent of GDP",Euro area (moving concept in the Real Time database context) - Deficit/surplus without UMTS proceeds - All sectors/ unspecified/ not applicable (ESA2010)-NCBs - General government (ESA2010)-NCBs - Non-financial flows current prices - Percentage,XDC_R_B1GQ,0,Replace,2011-05-04T15:30:00.000+02:00,
RTD.A.S0.N.F_UMD_CGG_D0.F,A,S0,N,F_UMD_CGG_D0,F,2007,-0.6813,A,F,,,P1Y,S,,,GFS.A.N.I10.W0.S13.S1._Z.B.B9._Z._Z._Z.XDC_R_B1GQ._Z.S.V.N._T,,,,,,"See <a class=""external"" href=""http://sdw.ecb.europa.eu/web/generator/docu/rtdb_docu.pdf""> notes</a>; block Annual; series: B",,4,,,"Government deficit(-) or surplus(+), percent of GDP",Euro area (moving concept in the Real Time database context) - Deficit/surplus without UMTS proceeds - All sectors/ unspecified/ not applicable (ESA2010)-NCBs - General government (ESA2010)-NCBs - Non-financial flows current prices - Percentage,XDC_R_B1GQ,0,Replace,2011-05-04T15:30:00.000+02:00,
RTD.A.S0.N.F_UMD_CGG_D0.F,A,S0,N,F_UMD_CGG_D0,F,2008,-2.04531,A,F,,,P1Y,S,,,GFS.A.N.I10.W0.S13.S1._Z.B.B9._Z._Z._Z.XDC_R_B1GQ._Z.S.V.N._T,,,,,,"See <a class=""external"" href=""http://sdw.ecb.europa.eu/web/generator/docu/rtdb_docu.pdf""> notes</a>; block Annual; series: B",,4,,,"Government deficit(-) or surplus(+), percent of GDP",Euro area (moving concept in the Real Time database context) - Deficit/surplus without UMTS proceeds - All sectors/ unspecified/ not applicable (ESA2010)-NCBs - General government (ESA2010)-NCBs - Non-financial flows current prices - Percentage,XDC_R_B1GQ,0,Replace,2011-05-04T15:30:00.000+02:00,
RTD.A.S0.N.F_UMD_CGG_D0.F,A,S0,N,F_UMD_CGG_D0,F,2009,-6.31876,A,F,,,P1Y,S,,,GFS.A.N.I10.W0.S13.S1._Z.B.B9._Z._Z._Z.XDC_R_B1GQ._Z.S.V.N._T,,,,,,"See <a class=""external"" href=""http://sdw.ecb.europa.eu/web/generator/docu/rtdb_docu.pdf""> notes</a>; block Annual; series: B",,4,,,"Government deficit(-) or surplus(+), percent of GDP",Euro area (moving concept in the Real Time database context) - Deficit/surplus without UMTS proceeds - All sectors/ unspecified/ not applicable (ESA2010)-NCBs - General government (ESA2010)-NCBs - Non-financial flows current prices - Percentage,XDC_R_B1GQ,0,Replace,2011-05-04T15:30:00.000+02:00,
RTD.A.S0.N.F_UMD_CGG_D0.F,A,S0,N,F_UMD_CGG_D0,F,2010,-5.97231,A,F,,,P1Y,S,,,GFS.A.N.I10.W0.S13.S1._Z.B.B9._Z._Z._Z.XDC_R_B1GQ._Z.S.V.N._T,,,,,,"See <a class=""external"" href=""http://sdw.ecb.europa.eu/web/generator/docu/rtdb_docu.pdf""> notes</a>; block Annual; series: B",,4,,,"Government deficit(-) or surplus(+), percent of GDP",Euro area (moving concept in the Real Time database context) - Deficit/surplus without UMTS proceeds - All sectors/ unspecified/ not applicable (ESA2010)-NCBs - General government (ESA2010)-NCBs - Non-financial flows current prices - Percentage,XDC_R_B1GQ,0,Replace,2011-05-04T15:30:00.000+02:00,
RTD.A.S0.N.F_UMD_CGG_D0.F,A,S0,N,F_UMD_CGG_D0,F,1995,-7.20551,A,F,,,P1Y,S,,,GFS.A.N.I10.W0.S13.S1._Z.B.B9._Z._Z._Z.XDC_R_B1GQ._Z.S.V.N._T,,,,,,"See <a class=""external"" href=""http://sdw.ecb.europa.eu/web/generator/docu/rtdb_docu.pdf""> notes</a>; block Annual; series: B",,4,,,"Government deficit(-) or surplus(+), percent of GDP",Euro area (moving concept in the Real Time database context) - Deficit/surplus without UMTS proceeds - All sectors/ unspecified/ not applicable (ESA2010)-NCBs - General government (ESA2010)-NCBs - Non-financial flows current prices - Percentage,XDC_R_B1GQ,0,Replace,2011-06-08T15:30:00.000+02:00,
RTD.A.S0.N.F_UMD_CGG_D0.F,A,S0,N,F_UMD_CGG_D0,F,1996,-4.27101,A,F,,,P1Y,S,,,GFS.A.N.I10.W0.S13.S1._Z.B.B9._Z._Z._Z.XDC_R_B1GQ._Z.S.V.N._T,,,,,,"See <a class=""external"" href=""http://sdw.ecb.europa.eu/web/generator/docu/rtdb_docu.pdf""> notes</a>; block Annual; series: B",,4,,,"Government deficit(-) or surplus(+), percent of GDP",Euro area (moving concept in the Real Time database context) - Deficit/surplus without UMTS proceeds - All sectors/ unspecified/ not applicable (ESA2010)-NCBs - General government (ESA2010)-NCBs - Non-financial flows current prices - Percentage,XDC_R_B1GQ,0,Replace,2011-06-08T15:30:00.000+02:00,
RTD.A.S0.N.F_UMD_CGG_D0.F,A,S0,N,F_UMD_CGG_D0,F,1997,-2.73955,A,F,,,P1Y,S,,,GFS.A.N.I10.W0.S13.S1._Z.B.B9._Z._Z._Z.XDC_R_B1GQ._Z.S.V.N._T,,,,,,"See <a class=""external"" href=""http://sdw.ecb.europa.eu/web/generator/docu/rtdb_docu.pdf""> notes</a>; block Annual; series: B",,4,,,"Government deficit(-) or surplus(+), percent of GDP",Euro area (moving concept in the Real Time database context) - Deficit/surplus without UMTS proceeds - All sectors/ unspecified/ not applicable (ESA2010)-NCBs - General government (ESA2010)-NCBs - Non-financial flows current prices - Percentage,XDC_R_B1GQ,0,Replace,2011-06-08T15:30:00.000+02:00,
RTD.A.S0.N.F_UMD_CGG_D0.F,A,S0,N,F_UMD_CGG_D0,F,1998,-2.34239,A,F,,,P1Y,S,,,GFS.A.N.I10.W0.S13.S1._Z.B.B9._Z._Z._Z.XDC_R_B1GQ._Z.S.V.N._T,,,,,,"See <a class=""external"" href=""http://sdw.ecb.europa.eu/web/generator/docu/rtdb_docu.pdf""> notes</a>; block Annual; series: B",,4,,,"Government deficit(-) or surplus(+), percent of GDP",Euro area (moving concept in the Real Time database context) - Deficit/surplus without UMTS proceeds - All sectors/ unspecified/ not applicable (ESA2010)-NCBs - General government (ESA2010)-NCBs - Non-financial flows current prices - Percentage,XDC_R_B1GQ,0,Replace,2011-06-08T15:30:00.000+02:00,
RTD.A.S0.N.F_UMD_CGG_D0.F,A,S0,N,F_UMD_CGG_D0,F,1999,-1.43918,A,F,,,P1Y,S,,,GFS.A.N.I10.W0.S13.S1._Z.B.B9._Z._Z._Z.XDC_R_B1GQ._Z.S.V.N._T,,,,,,"See <a class=""external"" href=""http://sdw.ecb.europa.eu/web/generator/docu/rtdb_docu.pdf""> notes</a>; block Annual; series: B",,4,,,"Government deficit(-) or surplus(+), percent of GDP",Euro area (moving concept in the Real Time database context) - Deficit/surplus without UMTS proceeds - All sectors/ unspecified/ not applicable (ESA2010)-NCBs - General government (ESA2010)-NCBs - Non-financial flows current prices - Percentage,XDC_R_B1GQ,0,Replace,2011-06-08T15:30:00.000+02:00,
RTD.A.S0.N.F_UMD_CGG_D0.F,A,S0,N,F_UMD_CGG_D0,F,2000,-0.08346,A,F,,,P1Y,S,,,GFS.A.N.I10.W0.S13.S1._Z.B.B9._Z._Z._Z.XDC_R_B1GQ._Z.S.V.N._T,,,,,,"See <a class=""external"" href=""http://sdw.ecb.europa.eu/web/generator/docu/rtdb_docu.pdf""> notes</a>; block Annual; series: B",,4,,,"Government deficit(-) or surplus(+), percent of GDP",Euro area (moving concept in the Real Time database context) - Deficit/surplus without UMTS proceeds - All sectors/ unspecified/ not applicable (ESA2010)-NCBs - General government (ESA2010)-NCBs - Non-financial flows current prices - Percentage,XDC_R_B1GQ,0,Replace,2011-06-08T15:30:00.000+02:00,
RTD.A.S0.N.F_UMD_CGG_D0.F,A,S0,N,F_UMD_CGG_D0,F,2001,-1.89814,A,F,,,P1Y,S,,,GFS.A.N.I10.W0.S13.S1._Z.B.B9._Z._Z._Z.XDC_R_B1GQ._Z.S.V.N._T,,,,,,"See <a class=""external"" href=""http://sdw.ecb.europa.eu/web/generator/docu/rtdb_docu.pdf""> notes</a>; block Annual; series: B",,4,,,"Government deficit(-) or surplus(+), percent of GDP",Euro area (moving concept in the Real Time database context) - Deficit/surplus without UMTS proceeds - All sectors/ unspecified/ not applicable (ESA2010)-NCBs - General government (ESA2010)-NCBs - Non-financial flows current prices - Percentage,XDC_R_B1GQ,0,Replace,2011-06-08T15:30:00.000+02:00,
RTD.A.S0.N.F_UMD_CGG_D0.F,A,S0,N,F_UMD_CGG_D0,F,2002,-2.64141,A,F,,,P1Y,S,,,GFS.A.N.I10.W0.S13.S1._Z.B.B9._Z._Z._Z.XDC_R_B1GQ._Z.S.V.N._T,,,,,,"See <a class=""external"" href=""http://sdw.ecb.europa.eu/web/generator/docu/rtdb_docu.pdf""> notes</a>; block Annual; series: B",,4,,,"Government deficit(-) or surplus(+), percent of GDP",Euro area (moving concept in the Real Time database context) - Deficit/surplus without UMTS proceeds - All sectors/ unspecified/ not applicable (ESA2010)-NCBs - General government (ESA2010)-NCBs - Non-financial flows current prices - Percentage,XDC_R_B1GQ,0,Replace,2011-06-08T15:30:00.000+02:00,
RTD.A.S0.N.F_UMD_CGG_D0.F,A,S0,N,F_UMD_CGG_D0,F,2003,-3.0898,A,F,,,P1Y,S,,,GFS.A.N.I10.W0.S13.S1._Z.B.B9._Z._Z._Z.XDC_R_B1GQ._Z.S.V.N._T,,,,,,"See <a class=""external"" href=""http://sdw.ecb.europa.eu/web/generator/docu/rtdb_docu.pdf""> notes</a>; block Annual; series: B",,4,,,"Government deficit(-) or surplus(+), percent of GDP",Euro area (moving concept in the Real Time database context) - Deficit/surplus without UMTS proceeds - All sectors/ unspecified/ not applicable (ESA2010)-NCBs - General government (ESA2010)-NCBs - Non-financial flows current prices - Percentage,XDC_R_B1GQ,0,Replace,2011-06-08T15:30:00.000+02:00,
RTD.A.S0.N.F_UMD_CGG_D0.F,A,S0,N,F_UMD_CGG_D0,F,2004,-2.9528,A,F,,,P1Y,S,,,GFS.A.N.I10.W0.S13.S1._Z.B.B9._Z._Z._Z.XDC_R_B1GQ._Z.S.V.N._T,,,,,,"See <a class=""external"" href=""http://sdw.ecb.europa.eu/web/generator/docu/rtdb_docu.pdf""> notes</a>; block Annual; series: B",,4,,,"Government deficit(-) or surplus(+), percent of GDP",Euro area (moving concept in the Real Time database context) - Deficit/surplus without UMTS proceeds - All sectors/ unspecified/ not applicable (ESA2010)-NCBs - General government (ESA2010)-NCBs - Non-financial flows current prices - Percentage,XDC_R_B1GQ,0,Replace,2011-06-08T15:30:00.000+02:00,
RTD.A.S0.N.F_UMD_CGG_D0.F,A,S0,N,F_UMD_CGG_D0,F,2005,-2.54966,A,F,,,P1Y,S,,,GFS.A.N.I10.W0.S13.S1._Z.B.B9._Z._Z._Z.XDC_R_B1GQ._Z.S.V.N._T,,,,,,"See <a class=""external"" href=""http://sdw.ecb.europa.eu/web/generator/docu/rtdb_docu.pdf""> notes</a>; block Annual; series: B",,4,,,"Government deficit(-) or surplus(+), percent of GDP",Euro area (moving concept in the Real Time database context) - Deficit/surplus without UMTS proceeds - All sectors/ unspecified/ not applicable (ESA2010)-NCBs - General government (ESA2010)-NCBs - Non-financial flows current prices - Percentage,XDC_R_B1GQ,0,Replace,2011-06-08T15:30:00.000+02:00,
RTD.A.S0.N.F_UMD_CGG_D0.F,A,S0,N,F_UMD_CGG_D0,F,2006,-1.4026,A,F,,,P1Y,S,,,GFS.A.N.I10.W0.S13.S1._Z.B.B9._Z._Z._Z.XDC_R_B1GQ._Z.S.V.N._T,,,,,,"See <a class=""external"" href=""http://sdw.ecb.europa.eu/web/generator/docu/rtdb_docu.pdf""> notes</a>; block Annual; series: B",,4,,,"Government deficit(-) or surplus(+), percent of GDP",Euro area (moving concept in the Real Time database context) - Deficit/surplus without UMTS proceeds - All sectors/ unspecified/ not applicable (ESA2010)-NCBs - General government (ESA2010)-NCBs - Non-financial flows current prices - Percentage,XDC_R_B1GQ,0,Replace,2011-06-08T15:30:00.000+02:00,
RTD.A.S0.N.F_UMD_CGG_D0.F,A,S0,N,F_UMD_CGG_D0,F,2007,-0.68192,A,F,,,P1Y,S,,,GFS.A.N.I10.W0.S13.S1._Z.B.B9._Z._Z._Z.XDC_R_B1GQ._Z.S.V.N._T,,,,,,"See <a class=""external"" href=""http://sdw.ecb.europa.eu/web/generator/docu/rtdb_docu.pdf""> notes</a>; block Annual; series: B",,4,,,"Government deficit(-) or surplus(+), percent of GDP",Euro area (moving concept in the Real Time database context) - Deficit/surplus without UMTS proceeds - All sectors/ unspecified/ not applicable (ESA2010)-NCBs - General government (ESA2010)-NCBs - Non-financial flows current prices - Percentage,XDC_R_B1GQ,0,Replace,2011-06-08T15:30:00.000+02:00,
RTD.A.S0.N.F_UMD_CGG_D0.F,A,S0,N,F_UMD_CGG_D0,F,2008,-2.0487,A,F,,,P1Y,S,,,GFS.A.N.I10.W0.S13.S1._Z.B.B9._Z._Z._Z.XDC_R_B1GQ._Z.S.V.N._T,,,,,,"See <a class=""external"" href=""http://sdw.ecb.europa.eu/web/generator/docu/rtdb_docu.pdf""> notes</a>; block Annual; series: B",,4,,,"Government deficit(-) or surplus(+), percent of GDP",Euro area (moving concept in the Real Time database context) - Deficit/surplus without UMTS proceeds - All sectors/ unspecified/ not applicable (ESA2010)-NCBs - General government (ESA2010)-NCBs - Non-financial flows current prices - Percentage,XDC_R_B1GQ,0,Replace,2011-06-08T15:30:00.000+02:00,
RTD.A.S0.N.F_UMD_CGG_D0.F,A,S0,N,F_UMD_CGG_D0,F,2009,-6.33195,A,F,,,P1Y,S,,,GFS.A.N.I10.W0.S13.S1._Z.B.B9._Z._Z._Z.XDC_R_B1GQ._Z.S.V.N._T,,,,,,"See <a class=""external"" href=""http://sdw.ecb.europa.eu/web/generator/docu/rtdb_docu.pdf""> notes</a>; block Annual; series: B",,4,,,"Government deficit(-) or surplus(+), percent of GDP",Euro area (moving concept in the Real Time database context) - Deficit/surplus without UMTS proceeds - All sectors/ unspecified/ not applicable (ESA2010)-NCBs - General government (ESA2010)-NCBs - Non-financial flows current prices - Percentage,XDC_R_B1GQ,0,Replace,2011-06-08T15:30:00.000+02:00,
RTD.A.S0.N.F_UMD_CGG_D0.F,A,S0,N,F_UMD_CGG_D0,F,2010,-5.98134,A,F,,,P1Y,S,,,GFS.A.N.I10.W0.S13.S1._Z.B.B9._Z._Z._Z.XDC_R_B1GQ._Z.S.V.N._T,,,,,,"See <a class=""external"" href=""http://sdw.ecb.europa.eu/web/generator/docu/rtdb_docu.pdf""> notes</a>; block Annual; series: B",,4,,,"Government deficit(-) or surplus(+), percent of GDP",Euro area (moving concept in the Real Time database context) - Deficit/surplus without UMTS proceeds - All sectors/ unspecified/ not applicable (ESA2010)-NCBs - General government (ESA2010)-NCBs - Non-financial flows current prices - Percentage,XDC_R_B1GQ,0,Replace,2011-06-08T15:30:00.000+02:00,
RTD.A.S0.N.F_UMD_CGG_D0.F,A,S0,N,F_UMD_CGG_D0,F,1995,-7.20046,A,F,,,P1Y,S,,,GFS.A.N.I10.W0.S13.S1._Z.B.B9._Z._Z._Z.XDC_R_B1GQ._Z.S.V.N._T,,,,,,"See <a class=""external"" href=""http://sdw.ecb.europa.eu/web/generator/docu/rtdb_docu.pdf""> notes</a>; block Annual; series: B",,4,,,"Government deficit(-) or surplus(+), percent of GDP",Euro area (moving concept in the Real Time database context) - Deficit/surplus without UMTS proceeds - All sectors/ unspecified/ not applicable (ESA2010)-NCBs - General government (ESA2010)-NCBs - Non-financial flows current prices - Percentage,XDC_R_B1GQ,0,Replace,2011-11-02T15:30:00.000+01:00,
RTD.A.S0.N.F_UMD_CGG_D0.F,A,S0,N,F_UMD_CGG_D0,F,1996,-4.32623,A,F,,,P1Y,S,,,GFS.A.N.I10.W0.S13.S1._Z.B.B9._Z._Z._Z.XDC_R_B1GQ._Z.S.V.N._T,,,,,,"See <a class=""external"" href=""http://sdw.ecb.europa.eu/web/generator/docu/rtdb_docu.pdf""> notes</a>; block Annual; series: B",,4,,,"Government deficit(-) or surplus(+), percent of GDP",Euro area (moving concept in the Real Time database context) - Deficit/surplus without UMTS proceeds - All sectors/ unspecified/ not applicable (ESA2010)-NCBs - General government (ESA2010)-NCBs - Non-financial flows current prices - Percentage,XDC_R_B1GQ,0,Replace,2011-11-02T15:30:00.000+01:00,
RTD.A.S0.N.F_UMD_CGG_D0.F,A,S0,N,F_UMD_CGG_D0,F,1997,-2.83837,A,F,,,P1Y,S,,,GFS.A.N.I10.W0.S13.S1._Z.B.B9._Z._Z._Z.XDC_R_B1GQ._Z.S.V.N._T,,,,,,"See <a class=""external"" href=""http://sdw.ecb.europa.eu/web/generator/docu/rtdb_docu.pdf""> notes</a>; block Annual; series: B",,4,,,"Government deficit(-) or surplus(+), percent of GDP",Euro area (moving concept in the Real Time database context) - Deficit/surplus without UMTS proceeds - All sectors/ unspecified/ not applicable (ESA2010)-NCBs - General government (ESA2010)-NCBs - Non-financial flows current prices - Percentage,XDC_R_B1GQ,0,Replace,2011-11-02T15:30:00.000+01:00,
RTD.A.S0.N.F_UMD_CGG_D0.F,A,S0,N,F_UMD_CGG_D0,F,1998,-2.35549,A,F,,,P1Y,S,,,GFS.A.N.I10.W0.S13.S1._Z.B.B9._Z._Z._Z.XDC_R_B1GQ._Z.S.V.N._T,,,,,,"See <a class=""external"" href=""http://sdw.ecb.europa.eu/web/generator/docu/rtdb_docu.pdf""> notes</a>; block Annual; series: B",,4,,,"Government deficit(-) or surplus(+), percent of GDP",Euro area (moving concept in the Real Time database context) - Deficit/surplus without UMTS proceeds - All sectors/ unspecified/ not applicable (ESA2010)-NCBs - General government (ESA2010)-NCBs - Non-financial flows current prices - Percentage,XDC_R_B1GQ,0,Replace,2011-11-02T15:30:00.000+01:00,
RTD.A.S0.N.F_UMD_CGG_D0.F,A,S0,N,F_UMD_CGG_D0,F,1999,-1.50486,A,F,,,P1Y,S,,,GFS.A.N.I10.W0.S13.S1._Z.B.B9._Z._Z._Z.XDC_R_B1GQ._Z.S.V.N._T,,,,,,"See <a class=""external"" href=""http://sdw.ecb.europa.eu/web/generator/docu/rtdb_docu.pdf""> notes</a>; block Annual; series: B",,4,,,"Government deficit(-) or surplus(+), percent of GDP",Euro area (moving concept in the Real Time database context) - Deficit/surplus without UMTS proceeds - All sectors/ unspecified/ not applicable (ESA2010)-NCBs - General government (ESA2010)-NCBs - Non-financial flows current prices - Percentage,XDC_R_B1GQ,0,Replace,2011-11-02T15:30:00.000+01:00,
RTD.A.S0.N.F_UMD_CGG_D0.F,A,S0,N,F_UMD_CGG_D0,F,2000,-0.14267,A,F,,,P1Y,S,,,GFS.A.N.I10.W0.S13.S1._Z.B.B9._Z._Z._Z.XDC_R_B1GQ._Z.S.V.N._T,,,,,,"See <a class=""external"" href=""http://sdw.ecb.europa.eu/web/generator/docu/rtdb_docu.pdf""> notes</a>; block Annual; series: B",,4,,,"Government deficit(-) or surplus(+), percent of GDP",Euro area (moving concept in the Real Time database context) - Deficit/surplus without UMTS proceeds - All sectors/ unspecified/ not applicable (ESA2010)-NCBs - General government (ESA2010)-NCBs - Non-financial flows current prices - Percentage,XDC_R_B1GQ,0,Replace,2011-11-02T15:30:00.000+01:00,
RTD.A.S0.N.F_UMD_CGG_D0.F,A,S0,N,F_UMD_CGG_D0,F,2001,-1.97461,A,F,,,P1Y,S,,,GFS.A.N.I10.W0.S13.S1._Z.B.B9._Z._Z._Z.XDC_R_B1GQ._Z.S.V.N._T,,,,,,"See <a class=""external"" href=""http://sdw.ecb.europa.eu/web/generator/docu/rtdb_docu.pdf""> notes</a>; block Annual; series: B",,4,,,"Government deficit(-) or surplus(+), percent of GDP",Euro area (moving concept in the Real Time database context) - Deficit/surplus without UMTS proceeds - All sectors/ unspecified/ not applicable (ESA2010)-NCBs - General government (ESA2010)-NCBs - Non-financial flows current prices - Percentage,XDC_R_B1GQ,0,Replace,2011-11-02T15:30:00.000+01:00,
RTD.A.S0.N.F_UMD_CGG_D0.F,A,S0,N,F_UMD_CGG_D0,F,2002,-2.69587,A,F,,,P1Y,S,,,GFS.A.N.I10.W0.S13.S1._Z.B.B9._Z._Z._Z.XDC_R_B1GQ._Z.S.V.N._T,,,,,,"See <a class=""external"" href=""http://sdw.ecb.europa.eu/web/generator/docu/rtdb_docu.pdf""> notes</a>; block Annual; series: B",,4,,,"Government deficit(-) or surplus(+), percent of GDP",Euro area (moving concept in the Real Time database context) - Deficit/surplus without UMTS proceeds - All sectors/ unspecified/ not applicable (ESA2010)-NCBs - General government (ESA2010)-NCBs - Non-financial flows current prices - Percentage,XDC_R_B1GQ,0,Replace,2011-11-02T15:30:00.000+01:00,
RTD.A.S0.N.F_UMD_CGG_D0.F,A,S0,N,F_UMD_CGG_D0,F,2003,-3.1502,A,F,,,P1Y,S,,,GFS.A.N.I10.W0.S13.S1._Z.B.B9._Z._Z._Z.XDC_R_B1GQ._Z.S.V.N._T,,,,,,"See <a class=""external"" href=""http://sdw.ecb.europa.eu/web/generator/docu/rtdb_docu.pdf""> notes</a>; block Annual; series: B",,4,,,"Government deficit(-) or surplus(+), percent of GDP",Euro area (moving concept in the Real Time database context) - Deficit/surplus without UMTS proceeds - All sectors/ unspecified/ not applicable (ESA2010)-NCBs - General government (ESA2010)-NCBs - Non-financial flows current prices - Percentage,XDC_R_B1GQ,0,Replace,2011-11-02T15:30:00.000+01:00,
RTD.A.S0.N.F_UMD_CGG_D0.F,A,S0,N,F_UMD_CGG_D0,F,2004,-2.91991,A,F,,,P1Y,S,,,GFS.A.N.I10.W0.S13.S1._Z.B.B9._Z._Z._Z.XDC_R_B1GQ._Z.S.V.N._T,,,,,,"See <a class=""external"" href=""http://sdw.ecb.europa.eu/web/generator/docu/rtdb_docu.pdf""> notes</a>; block Annual; series: B",,4,,,"Government deficit(-) or surplus(+), percent of GDP",Euro area (moving concept in the Real Time database context) - Deficit/surplus without UMTS proceeds - All sectors/ unspecified/ not applicable (ESA2010)-NCBs - General government (ESA2010)-NCBs - Non-financial flows current prices - Percentage,XDC_R_B1GQ,0,Replace,2011-11-02T15:30:00.000+01:00,
RTD.A.S0.N.F_UMD_CGG_D0.F,A,S0,N,F_UMD_CGG_D0,F,2005,-2.54599,A,F,,,P1Y,S,,,GFS.A.N.I10.W0.S13.S1._Z.B.B9._Z._Z._Z.XDC_R_B1GQ._Z.S.V.N._T,,,,,,"See <a class=""external"" href=""http://sdw.ecb.europa.eu/web/generator/docu/rtdb_docu.pdf""> notes</a>; block Annual; series: B",,4,,,"Government deficit(-) or surplus(+), percent of GDP",Euro area (moving concept in the Real Time database context) - Deficit/surplus without UMTS proceeds - All sectors/ unspecified/ not applicable (ESA2010)-NCBs - General government (ESA2010)-NCBs - Non-financial flows current prices - Percentage,XDC_R_B1GQ,0,Replace,2011-11-02T15:30:00.000+01:00,
RTD.A.S0.N.F_UMD_CGG_D0.F,A,S0,N,F_UMD_CGG_D0,F,2006,-1.38575,A,F,,,P1Y,S,,,GFS.A.N.I10.W0.S13.S1._Z.B.B9._Z._Z._Z.XDC_R_B1GQ._Z.S.V.N._T,,,,,,"See <a class=""external"" href=""http://sdw.ecb.europa.eu/web/generator/docu/rtdb_docu.pdf""> notes</a>; block Annual; series: B",,4,,,"Government deficit(-) or surplus(+), percent of GDP",Euro area (moving concept in the Real Time database context) - Deficit/surplus without UMTS proceeds - All sectors/ unspecified/ not applicable (ESA2010)-NCBs - General government (ESA2010)-NCBs - Non-financial flows current prices - Percentage,XDC_R_B1GQ,0,Replace,2011-11-02T15:30:00.000+01:00,
RTD.A.S0.N.F_UMD_CGG_D0.F,A,S0,N,F_UMD_CGG_D0,F,2007,-0.70343,A,F,,,P1Y,S,,,GFS.A.N.I10.W0.S13.S1._Z.B.B9._Z._Z._Z.XDC_R_B1GQ._Z.S.V.N._T,,,,,,"See <a class=""external"" href=""http://sdw.ecb.europa.eu/web/generator/docu/rtdb_docu.pdf""> notes</a>; block Annual; series: B",,4,,,"Government deficit(-) or surplus(+), percent of GDP",Euro area (moving concept in the Real Time database context) - Deficit/surplus without UMTS proceeds - All sectors/ unspecified/ not applicable (ESA2010)-NCBs - General government (ESA2010)-NCBs - Non-financial flows current prices - Percentage,XDC_R_B1GQ,0,Replace,2011-11-02T15:30:00.000+01:00,
RTD.A.S0.N.F_UMD_CGG_D0.F,A,S0,N,F_UMD_CGG_D0,F,2008,-2.1382,A,F,,,P1Y,S,,,GFS.A.N.I10.W0.S13.S1._Z.B.B9._Z._Z._Z.XDC_R_B1GQ._Z.S.V.N._T,,,,,,"See <a class=""external"" href=""http://sdw.ecb.europa.eu/web/generator/docu/rtdb_docu.pdf""> notes</a>; block Annual; series: B",,4,,,"Government deficit(-) or surplus(+), percent of GDP",Euro area (moving concept in the Real Time database context) - Deficit/surplus without UMTS proceeds - All sectors/ unspecified/ not applicable (ESA2010)-NCBs - General government (ESA2010)-NCBs - Non-financial flows current prices - Percentage,XDC_R_B1GQ,0,Replace,2011-11-02T15:30:00.000+01:00,
RTD.A.S0.N.F_UMD_CGG_D0.F,A,S0,N,F_UMD_CGG_D0,F,2009,-6.39703,A,F,,,P1Y,S,,,GFS.A.N.I10.W0.S13.S1._Z.B.B9._Z._Z._Z.XDC_R_B1GQ._Z.S.V.N._T,,,,,,"See <a class=""external"" href=""http://sdw.ecb.europa.eu/web/generator/docu/rtdb_docu.pdf""> notes</a>; block Annual; series: B",,4,,,"Government deficit(-) or surplus(+), percent of GDP",Euro area (moving concept in the Real Time database context) - Deficit/surplus without UMTS proceeds - All sectors/ unspecified/ not applicable (ESA2010)-NCBs - General government (ESA2010)-NCBs - Non-financial flows current prices - Percentage,XDC_R_B1GQ,0,Replace,2011-11-02T15:30:00.000+01:00,
RTD.A.S0.N.F_UMD_CGG_D0.F,A,S0,N,F_UMD_CGG_D0,F,2010,-6.2446,A,F,,,P1Y,S,,,GFS.A.N.I10.W0.S13.S1._Z.B.B9._Z._Z._Z.XDC_R_B1GQ._Z.S.V.N._T,,,,,,"See <a class=""external"" href=""http://sdw.ecb.europa.eu/web/generator/docu/rtdb_docu.pdf""> notes</a>; block Annual; series: B",,4,,,"Government deficit(-) or surplus(+), percent of GDP",Euro area (moving concept in the Real Time database context) - Deficit/surplus without UMTS proceeds - All sectors/ unspecified/ not applicable (ESA2010)-NCBs - General government (ESA2010)-NCBs - Non-financial flows current prices - Percentage,XDC_R_B1GQ,0,Replace,2011-11-02T15:30:00.000+01:00,
RTD.A.S0.N.F_UMD_CGG_D0.F,A,S0,N,F_UMD_CGG_D0,F,1995,-7.20559,A,F,,,P1Y,S,,,GFS.A.N.I10.W0.S13.S1._Z.B.B9._Z._Z._Z.XDC_R_B1GQ._Z.S.V.N._T,,,,,,"See <a class=""external"" href=""http://sdw.ecb.europa.eu/web/generator/docu/rtdb_docu.pdf""> notes</a>; block Annual; series: B",,4,,,"Government deficit(-) or surplus(+), percent of GDP",Euro area (moving concept in the Real Time database context) - Deficit/surplus without UMTS proceeds - All sectors/ unspecified/ not applicable (ESA2010)-NCBs - General government (ESA2010)-NCBs - Non-financial flows current prices - Percentage,XDC_R_B1GQ,0,Replace,2011-12-07T15:30:00.000+01:00,
RTD.A.S0.N.F_UMD_CGG_D0.F,A,S0,N,F_UMD_CGG_D0,F,1996,-4.33429,A,F,,,P1Y,S,,,GFS.A.N.I10.W0.S13.S1._Z.B.B9._Z._Z._Z.XDC_R_B1GQ._Z.S.V.N._T,,,,,,"See <a class=""external"" href=""http://sdw.ecb.europa.eu/web/generator/docu/rtdb_docu.pdf""> notes</a>; block Annual; series: B",,4,,,"Government deficit(-) or surplus(+), percent of GDP",Euro area (moving concept in the Real Time database context) - Deficit/surplus without UMTS proceeds - All sectors/ unspecified/ not applicable (ESA2010)-NCBs - General government (ESA2010)-NCBs - Non-financial flows current prices - Percentage,XDC_R_B1GQ,0,Replace,2011-12-07T15:30:00.000+01:00,
RTD.A.S0.N.F_UMD_CGG_D0.F,A,S0,N,F_UMD_CGG_D0,F,1997,-2.83614,A,F,,,P1Y,S,,,GFS.A.N.I10.W0.S13.S1._Z.B.B9._Z._Z._Z.XDC_R_B1GQ._Z.S.V.N._T,,,,,,"See <a class=""external"" href=""http://sdw.ecb.europa.eu/web/generator/docu/rtdb_docu.pdf""> notes</a>; block Annual; series: B",,4,,,"Government deficit(-) or surplus(+), percent of GDP",Euro area (moving concept in the Real Time database context) - Deficit/surplus without UMTS proceeds - All sectors/ unspecified/ not applicable (ESA2010)-NCBs - General government (ESA2010)-NCBs - Non-financial flows current prices - Percentage,XDC_R_B1GQ,0,Replace,2011-12-07T15:30:00.000+01:00,
RTD.A.S0.N.F_UMD_CGG_D0.F,A,S0,N,F_UMD_CGG_D0,F,1998,-2.35164,A,F,,,P1Y,S,,,GFS.A.N.I10.W0.S13.S1._Z.B.B9._Z._Z._Z.XDC_R_B1GQ._Z.S.V.N._T,,,,,,"See <a class=""external"" href=""http://sdw.ecb.europa.eu/web/generator/docu/rtdb_docu.pdf""> notes</a>; block Annual; series: B",,4,,,"Government deficit(-) or surplus(+), percent of GDP",Euro area (moving concept in the Real Time database context) - Deficit/surplus without UMTS proceeds - All sectors/ unspecified/ not applicable (ESA2010)-NCBs - General government (ESA2010)-NCBs - Non-financial flows current prices - Percentage,XDC_R_B1GQ,0,Replace,2011-12-07T15:30:00.000+01:00,
RTD.A.S0.N.F_UMD_CGG_D0.F,A,S0,N,F_UMD_CGG_D0,F,1999,-1.50302,A,F,,,P1Y,S,,,GFS.A.N.I10.W0.S13.S1._Z.B.B9._Z._Z._Z.XDC_R_B1GQ._Z.S.V.N._T,,,,,,"See <a class=""external"" href=""http://sdw.ecb.europa.eu/web/generator/docu/rtdb_docu.pdf""> notes</a>; block Annual; series: B",,4,,,"Government deficit(-) or surplus(+), percent of GDP",Euro area (moving concept in the Real Time database context) - Deficit/surplus without UMTS proceeds - All sectors/ unspecified/ not applicable (ESA2010)-NCBs - General government (ESA2010)-NCBs - Non-financial flows current prices - Percentage,XDC_R_B1GQ,0,Replace,2011-12-07T15:30:00.000+01:00,
RTD.A.S0.N.F_UMD_CGG_D0.F,A,S0,N,F_UMD_CGG_D0,F,2000,-0.14269,A,F,,,P1Y,S,,,GFS.A.N.I10.W0.S13.S1._Z.B.B9._Z._Z._Z.XDC_R_B1GQ._Z.S.V.N._T,,,,,,"See <a class=""external"" href=""http://sdw.ecb.europa.eu/web/generator/docu/rtdb_docu.pdf""> notes</a>; block Annual; series: B",,4,,,"Government deficit(-) or surplus(+), percent of GDP",Euro area (moving concept in the Real Time database context) - Deficit/surplus without UMTS proceeds - All sectors/ unspecified/ not applicable (ESA2010)-NCBs - General government (ESA2010)-NCBs - Non-financial flows current prices - Percentage,XDC_R_B1GQ,0,Replace,2011-12-07T15:30:00.000+01:00,
RTD.A.S0.N.F_UMD_CGG_D0.F,A,S0,N,F_UMD_CGG_D0,F,2001,-1.97439,A,F,,,P1Y,S,,,GFS.A.N.I10.W0.S13.S1._Z.B.B9._Z._Z._Z.XDC_R_B1GQ._Z.S.V.N._T,,,,,,"See <a class=""external"" href=""http://sdw.ecb.europa.eu/web/generator/docu/rtdb_docu.pdf""> notes</a>; block Annual; series: B",,4,,,"Government deficit(-) or surplus(+), percent of GDP",Euro area (moving concept in the Real Time database context) - Deficit/surplus without UMTS proceeds - All sectors/ unspecified/ not applicable (ESA2010)-NCBs - General government (ESA2010)-NCBs - Non-financial flows current prices - Percentage,XDC_R_B1GQ,0,Replace,2011-12-07T15:30:00.000+01:00,
RTD.A.S0.N.F_UMD_CGG_D0.F,A,S0,N,F_UMD_CGG_D0,F,2002,-2.69561,A,F,,,P1Y,S,,,GFS.A.N.I10.W0.S13.S1._Z.B.B9._Z._Z._Z.XDC_R_B1GQ._Z.S.V.N._T,,,,,,"See <a class=""external"" href=""http://sdw.ecb.europa.eu/web/generator/docu/rtdb_docu.pdf""> notes</a>; block Annual; series: B",,4,,,"Government deficit(-) or surplus(+), percent of GDP",Euro area (moving concept in the Real Time database context) - Deficit/surplus without UMTS proceeds - All sectors/ unspecified/ not applicable (ESA2010)-NCBs - General government (ESA2010)-NCBs - Non-financial flows current prices - Percentage,XDC_R_B1GQ,0,Replace,2011-12-07T15:30:00.000+01:00,
RTD.A.S0.N.F_UMD_CGG_D0.F,A,S0,N,F_UMD_CGG_D0,F,2003,-3.14984,A,F,,,P1Y,S,,,GFS.A.N.I10.W0.S13.S1._Z.B.B9._Z._Z._Z.XDC_R_B1GQ._Z.S.V.N._T,,,,,,"See <a class=""external"" href=""http://sdw.ecb.europa.eu/web/generator/docu/rtdb_docu.pdf""> notes</a>; block Annual; series: B",,4,,,"Government deficit(-) or surplus(+), percent of GDP",Euro area (moving concept in the Real Time database context) - Deficit/surplus without UMTS proceeds - All sectors/ unspecified/ not applicable (ESA2010)-NCBs - General government (ESA2010)-NCBs - Non-financial flows current prices - Percentage,XDC_R_B1GQ,0,Replace,2011-12-07T15:30:00.000+01:00,
RTD.A.S0.N.F_UMD_CGG_D0.F,A,S0,N,F_UMD_CGG_D0,F,2004,-2.9195,A,F,,,P1Y,S,,,GFS.A.N.I10.W0.S13.S1._Z.B.B9._Z._Z._Z.XDC_R_B1GQ._Z.S.V.N._T,,,,,,"See <a class=""external"" href=""http://sdw.ecb.europa.eu/web/generator/docu/rtdb_docu.pdf""> notes</a>; block Annual; series: B",,4,,,"Government deficit(-) or surplus(+), percent of GDP",Euro area (moving concept in the Real Time database context) - Deficit/surplus without UMTS proceeds - All sectors/ unspecified/ not applicable (ESA2010)-NCBs - General government (ESA2010)-NCBs - Non-financial flows current prices - Percentage,XDC_R_B1GQ,0,Replace,2011-12-07T15:30:00.000+01:00,
RTD.A.S0.N.F_UMD_CGG_D0.F,A,S0,N,F_UMD_CGG_D0,F,2005,-2.5463,A,F,,,P1Y,S,,,GFS.A.N.I10.W0.S13.S1._Z.B.B9._Z._Z._Z.XDC_R_B1GQ._Z.S.V.N._T,,,,,,"See <a class=""external"" href=""http://sdw.ecb.europa.eu/web/generator/docu/rtdb_docu.pdf""> notes</a>; block Annual; series: B",,4,,,"Government deficit(-) or surplus(+), percent of GDP",Euro area (moving concept in the Real Time database context) - Deficit/surplus without UMTS proceeds - All sectors/ unspecified/ not applicable (ESA2010)-NCBs - General government (ESA2010)-NCBs - Non-financial flows current prices - Percentage,XDC_R_B1GQ,0,Replace,2011-12-07T15:30:00.000+01:00,
RTD.A.S0.N.F_UMD_CGG_D0.F,A,S0,N,F_UMD_CGG_D0,F,2006,-1.38618,A,F,,,P1Y,S,,,GFS.A.N.I10.W0.S13.S1._Z.B.B9._Z._Z._Z.XDC_R_B1GQ._Z.S.V.N._T,,,,,,"See <a class=""external"" href=""http://sdw.ecb.europa.eu/web/generator/docu/rtdb_docu.pdf""> notes</a>; block Annual; series: B",,4,,,"Government deficit(-) or surplus(+), percent of GDP",Euro area (moving concept in the Real Time database context) - Deficit/surplus without UMTS proceeds - All sectors/ unspecified/ not applicable (ESA2010)-NCBs - General government (ESA2010)-NCBs - Non-financial flows current prices - Percentage,XDC_R_B1GQ,0,Replace,2011-12-07T15:30:00.000+01:00,
RTD.A.S0.N.F_UMD_CGG_D0.F,A,S0,N,F_UMD_CGG_D0,F,1995,-7.21063,A,F,,,P1Y,S,,,GFS.A.N.I10.W0.S13.S1._Z.B.B9._Z._Z._Z.XDC_R_B1GQ._Z.S.V.N._T,,,,,,"See <a class=""external"" href=""http://sdw.ecb.europa.eu/web/generator/docu/rtdb_docu.pdf""> notes</a>; block Annual; series: B",,4,,,"Government deficit(-) or surplus(+), percent of GDP",Euro area (moving concept in the Real Time database context) - Deficit/surplus without UMTS proceeds - All sectors/ unspecified/ not applicable (ESA2010)-NCBs - General government (ESA2010)-NCBs - Non-financial flows current prices - Percentage,XDC_R_B1GQ,0,Replace,2012-05-02T15:30:00.000+02:00,
RTD.A.S0.N.F_UMD_CGG_D0.F,A,S0,N,F_UMD_CGG_D0,F,1996,-4.33938,A,F,,,P1Y,S,,,GFS.A.N.I10.W0.S13.S1._Z.B.B9._Z._Z._Z.XDC_R_B1GQ._Z.S.V.N._T,,,,,,"See <a class=""external"" href=""http://sdw.ecb.europa.eu/web/generator/docu/rtdb_docu.pdf""> notes</a>; block Annual; series: B",,4,,,"Government deficit(-) or surplus(+), percent of GDP",Euro area (moving concept in the Real Time database context) - Deficit/surplus without UMTS proceeds - All sectors/ unspecified/ not applicable (ESA2010)-NCBs - General government (ESA2010)-NCBs - Non-financial flows current prices - Percentage,XDC_R_B1GQ,0,Replace,2012-05-02T15:30:00.000+02:00,
RTD.A.S0.N.F_UMD_CGG_D0.F,A,S0,N,F_UMD_CGG_D0,F,1997,-2.84139,A,F,,,P1Y,S,,,GFS.A.N.I10.W0.S13.S1._Z.B.B9._Z._Z._Z.XDC_R_B1GQ._Z.S.V.N._T,,,,,,"See <a class=""external"" href=""http://sdw.ecb.europa.eu/web/generator/docu/rtdb_docu.pdf""> notes</a>; block Annual; series: B",,4,,,"Government deficit(-) or surplus(+), percent of GDP",Euro area (moving concept in the Real Time database context) - Deficit/surplus without UMTS proceeds - All sectors/ unspecified/ not applicable (ESA2010)-NCBs - General government (ESA2010)-NCBs - Non-financial flows current prices - Percentage,XDC_R_B1GQ,0,Replace,2012-05-02T15:30:00.000+02:00,
RTD.A.S0.N.F_UMD_CGG_D0.F,A,S0,N,F_UMD_CGG_D0,F,1998,-2.3588,A,F,,,P1Y,S,,,GFS.A.N.I10.W0.S13.S1._Z.B.B9._Z._Z._Z.XDC_R_B1GQ._Z.S.V.N._T,,,,,,"See <a class=""external"" href=""http://sdw.ecb.europa.eu/web/generator/docu/rtdb_docu.pdf""> notes</a>; block Annual; series: B",,4,,,"Government deficit(-) or surplus(+), percent of GDP",Euro area (moving concept in the Real Time database context) - Deficit/surplus without UMTS proceeds - All sectors/ unspecified/ not applicable (ESA2010)-NCBs - General government (ESA2010)-NCBs - Non-financial flows current prices - Percentage,XDC_R_B1GQ,0,Replace,2012-05-02T15:30:00.000+02:00,
RTD.A.S0.N.F_UMD_CGG_D0.F,A,S0,N,F_UMD_CGG_D0,F,1999,-1.51016,A,F,,,P1Y,S,,,GFS.A.N.I10.W0.S13.S1._Z.B.B9._Z._Z._Z.XDC_R_B1GQ._Z.S.V.N._T,,,,,,"See <a class=""external"" href=""http://sdw.ecb.europa.eu/web/generator/docu/rtdb_docu.pdf""> notes</a>; block Annual; series: B",,4,,,"Government deficit(-) or surplus(+), percent of GDP",Euro area (moving concept in the Real Time database context) - Deficit/surplus without UMTS proceeds - All sectors/ unspecified/ not applicable (ESA2010)-NCBs - General government (ESA2010)-NCBs - Non-financial flows current prices - Percentage,XDC_R_B1GQ,0,Replace,2012-05-02T15:30:00.000+02:00,
RTD.A.S0.N.F_UMD_CGG_D0.F,A,S0,N,F_UMD_CGG_D0,F,2000,-0.14988,A,F,,,P1Y,S,,,GFS.A.N.I10.W0.S13.S1._Z.B.B9._Z._Z._Z.XDC_R_B1GQ._Z.S.V.N._T,,,,,,"See <a class=""external"" href=""http://sdw.ecb.europa.eu/web/generator/docu/rtdb_docu.pdf""> notes</a>; block Annual; series: B",,4,,,"Government deficit(-) or surplus(+), percent of GDP",Euro area (moving concept in the Real Time database context) - Deficit/surplus without UMTS proceeds - All sectors/ unspecified/ not applicable (ESA2010)-NCBs - General government (ESA2010)-NCBs - Non-financial flows current prices - Percentage,XDC_R_B1GQ,0,Replace,2012-05-02T15:30:00.000+02:00,
RTD.A.S0.N.F_UMD_CGG_D0.F,A,S0,N,F_UMD_CGG_D0,F,2001,-1.98369,A,F,,,P1Y,S,,,GFS.A.N.I10.W0.S13.S1._Z.B.B9._Z._Z._Z.XDC_R_B1GQ._Z.S.V.N._T,,,,,,"See <a class=""external"" href=""http://sdw.ecb.europa.eu/web/generator/docu/rtdb_docu.pdf""> notes</a>; block Annual; series: B",,4,,,"Government deficit(-) or surplus(+), percent of GDP",Euro area (moving concept in the Real Time database context) - Deficit/surplus without UMTS proceeds - All sectors/ unspecified/ not applicable (ESA2010)-NCBs - General government (ESA2010)-NCBs - Non-financial flows current prices - Percentage,XDC_R_B1GQ,0,Replace,2012-05-02T15:30:00.000+02:00,
RTD.A.S0.N.F_UMD_CGG_D0.F,A,S0,N,F_UMD_CGG_D0,F,2002,-2.7048,A,F,,,P1Y,S,,,GFS.A.N.I10.W0.S13.S1._Z.B.B9._Z._Z._Z.XDC_R_B1GQ._Z.S.V.N._T,,,,,,"See <a class=""external"" href=""http://sdw.ecb.europa.eu/web/generator/docu/rtdb_docu.pdf""> notes</a>; block Annual; series: B",,4,,,"Government deficit(-) or surplus(+), percent of GDP",Euro area (moving concept in the Real Time database context) - Deficit/surplus without UMTS proceeds - All sectors/ unspecified/ not applicable (ESA2010)-NCBs - General government (ESA2010)-NCBs - Non-financial flows current prices - Percentage,XDC_R_B1GQ,0,Replace,2012-05-02T15:30:00.000+02:00,
RTD.A.S0.N.F_UMD_CGG_D0.F,A,S0,N,F_UMD_CGG_D0,F,2003,-3.16212,A,F,,,P1Y,S,,,GFS.A.N.I10.W0.S13.S1._Z.B.B9._Z._Z._Z.XDC_R_B1GQ._Z.S.V.N._T,,,,,,"See <a class=""external"" href=""http://sdw.ecb.europa.eu/web/generator/docu/rtdb_docu.pdf""> notes</a>; block Annual; series: B",,4,,,"Government deficit(-) or surplus(+), percent of GDP",Euro area (moving concept in the Real Time database context) - Deficit/surplus without UMTS proceeds - All sectors/ unspecified/ not applicable (ESA2010)-NCBs - General government (ESA2010)-NCBs - Non-financial flows current prices - Percentage,XDC_R_B1GQ,0,Replace,2012-05-02T15:30:00.000+02:00,
RTD.A.S0.N.F_UMD_CGG_D0.F,A,S0,N,F_UMD_CGG_D0,F,2004,-2.92562,A,F,,,P1Y,S,,,GFS.A.N.I10.W0.S13.S1._Z.B.B9._Z._Z._Z.XDC_R_B1GQ._Z.S.V.N._T,,,,,,"See <a class=""external"" href=""http://sdw.ecb.europa.eu/web/generator/docu/rtdb_docu.pdf""> notes</a>; block Annual; series: B",,4,,,"Government deficit(-) or surplus(+), percent of GDP",Euro area (moving concept in the Real Time database context) - Deficit/surplus without UMTS proceeds - All sectors/ unspecified/ not applicable (ESA2010)-NCBs - General government (ESA2010)-NCBs - Non-financial flows current prices - Percentage,XDC_R_B1GQ,0,Replace,2012-05-02T15:30:00.000+02:00,
RTD.A.S0.N.F_UMD_CGG_D0.F,A,S0,N,F_UMD_CGG_D0,F,2005,-2.55074,A,F,,,P1Y,S,,,GFS.A.N.I10.W0.S13.S1._Z.B.B9._Z._Z._Z.XDC_R_B1GQ._Z.S.V.N._T,,,,,,"See <a class=""external"" href=""http://sdw.ecb.europa.eu/web/generator/docu/rtdb_docu.pdf""> notes</a>; block Annual; series: B",,4,,,"Government deficit(-) or surplus(+), percent of GDP",Euro area (moving concept in the Real Time database context) - Deficit/surplus without UMTS proceeds - All sectors/ unspecified/ not applicable (ESA2010)-NCBs - General government (ESA2010)-NCBs - Non-financial flows current prices - Percentage,XDC_R_B1GQ,0,Replace,2012-05-02T15:30:00.000+02:00,
RTD.A.S0.N.F_UMD_CGG_D0.F,A,S0,N,F_UMD_CGG_D0,F,2006,-1.38668,A,F,,,P1Y,S,,,GFS.A.N.I10.W0.S13.S1._Z.B.B9._Z._Z._Z.XDC_R_B1GQ._Z.S.V.N._T,,,,,,"See <a class=""external"" href=""http://sdw.ecb.europa.eu/web/generator/docu/rtdb_docu.pdf""> notes</a>; block Annual; series: B",,4,,,"Government deficit(-) or surplus(+), percent of GDP",Euro area (moving concept in the Real Time database context) - Deficit/surplus without UMTS proceeds - All sectors/ unspecified/ not applicable (ESA2010)-NCBs - General government (ESA2010)-NCBs - Non-financial flows current prices - Percentage,XDC_R_B1GQ,0,Replace,2012-05-02T15:30:00.000+02:00,
RTD.A.S0.N.F_UMD_CGG_D0.F,A,S0,N,F_UMD_CGG_D0,F,2007,-0.69455,A,F,,,P1Y,S,,,GFS.A.N.I10.W0.S13.S1._Z.B.B9._Z._Z._Z.XDC_R_B1GQ._Z.S.V.N._T,,,,,,"See <a class=""external"" href=""http://sdw.ecb.europa.eu/web/generator/docu/rtdb_docu.pdf""> notes</a>; block Annual; series: B",,4,,,"Government deficit(-) or surplus(+), percent of GDP",Euro area (moving concept in the Real Time database context) - Deficit/surplus without UMTS proceeds - All sectors/ unspecified/ not applicable (ESA2010)-NCBs - General government (ESA2010)-NCBs - Non-financial flows current prices - Percentage,XDC_R_B1GQ,0,Replace,2012-05-02T15:30:00.000+02:00,
RTD.A.S0.N.F_UMD_CGG_D0.F,A,S0,N,F_UMD_CGG_D0,F,2008,-2.12856,A,F,,,P1Y,S,,,GFS.A.N.I10.W0.S13.S1._Z.B.B9._Z._Z._Z.XDC_R_B1GQ._Z.S.V.N._T,,,,,,"See <a class=""external"" href=""http://sdw.ecb.europa.eu/web/generator/docu/rtdb_docu.pdf""> notes</a>; block Annual; series: B",,4,,,"Government deficit(-) or surplus(+), percent of GDP",Euro area (moving concept in the Real Time database context) - Deficit/surplus without UMTS proceeds - All sectors/ unspecified/ not applicable (ESA2010)-NCBs - General government (ESA2010)-NCBs - Non-financial flows current prices - Percentage,XDC_R_B1GQ,0,Replace,2012-05-02T15:30:00.000+02:00,
RTD.A.S0.N.F_UMD_CGG_D0.F,A,S0,N,F_UMD_CGG_D0,F,2009,-6.38175,A,F,,,P1Y,S,,,GFS.A.N.I10.W0.S13.S1._Z.B.B9._Z._Z._Z.XDC_R_B1GQ._Z.S.V.N._T,,,,,,"See <a class=""external"" href=""http://sdw.ecb.europa.eu/web/generator/docu/rtdb_docu.pdf""> notes</a>; block Annual; series: B",,4,,,"Government deficit(-) or surplus(+), percent of GDP",Euro area (moving concept in the Real Time database context) - Deficit/surplus without UMTS proceeds - All sectors/ unspecified/ not applicable (ESA2010)-NCBs - General government (ESA2010)-NCBs - Non-financial flows current prices - Percentage,XDC_R_B1GQ,0,Replace,2012-05-02T15:30:00.000+02:00,
RTD.A.S0.N.F_UMD_CGG_D0.F,A,S0,N,F_UMD_CGG_D0,F,2010,-6.22653,A,F,,,P1Y,S,,,GFS.A.N.I10.W0.S13.S1._Z.B.B9._Z._Z._Z.XDC_R_B1GQ._Z.S.V.N._T,,,,,,"See <a class=""external"" href=""http://sdw.ecb.europa.eu/web/generator/docu/rtdb_docu.pdf""> notes</a>; block Annual; series: B",,4,,,"Government deficit(-) or surplus(+), percent of GDP",Euro area (moving concept in the Real Time database context) - Deficit/surplus without UMTS proceeds - All sectors/ unspecified/ not applicable (ESA2010)-NCBs - General government (ESA2010)-NCBs - Non-financial flows current prices - Percentage,XDC_R_B1GQ,0,Replace,2012-05-02T15:30:00.000+02:00,
RTD.A.S0.N.F_UMD_CGG_D0.F,A,S0,N,F_UMD_CGG_D0,F,2011,-4.10358,A,F,,,P1Y,S,,,GFS.A.N.I10.W0.S13.S1._Z.B.B9._Z._Z._Z.XDC_R_B1GQ._Z.S.V.N._T,,,,,,"See <a class=""external"" href=""http://sdw.ecb.europa.eu/web/generator/docu/rtdb_docu.pdf""> notes</a>; block Annual; series: B",,4,,,"Government deficit(-) or surplus(+), percent of GDP",Euro area (moving concept in the Real Time database context) - Deficit/surplus without UMTS proceeds - All sectors/ unspecified/ not applicable (ESA2010)-NCBs - General government (ESA2010)-NCBs - Non-financial flows current prices - Percentage,XDC_R_B1GQ,0,Replace,2012-05-02T15:30:00.000+02:00,
RTD.A.S0.N.F_UMD_CGG_D0.F,A,S0,N,F_UMD_CGG_D0,F,2005,-2.55072,A,F,,,P1Y,S,,,GFS.A.N.I10.W0.S13.S1._Z.B.B9._Z._Z._Z.XDC_R_B1GQ._Z.S.V.N._T,,,,,,"See <a class=""external"" href=""http://sdw.ecb.europa.eu/web/generator/docu/rtdb_docu.pdf""> notes</a>; block Annual; series: B",,4,,,"Government deficit(-) or surplus(+), percent of GDP",Euro area (moving concept in the Real Time database context) - Deficit/surplus without UMTS proceeds - All sectors/ unspecified/ not applicable (ESA2010)-NCBs - General government (ESA2010)-NCBs - Non-financial flows current prices - Percentage,XDC_R_B1GQ,0,Replace,2012-06-05T15:30:00.000+02:00,
RTD.A.S0.N.F_UMD_CGG_D0.F,A,S0,N,F_UMD_CGG_D0,F,2006,-1.38666,A,F,,,P1Y,S,,,GFS.A.N.I10.W0.S13.S1._Z.B.B9._Z._Z._Z.XDC_R_B1GQ._Z.S.V.N._T,,,,,,"See <a class=""external"" href=""http://sdw.ecb.europa.eu/web/generator/docu/rtdb_docu.pdf""> notes</a>; block Annual; series: B",,4,,,"Government deficit(-) or surplus(+), percent of GDP",Euro area (moving concept in the Real Time database context) - Deficit/surplus without UMTS proceeds - All sectors/ unspecified/ not applicable (ESA2010)-NCBs - General government (ESA2010)-NCBs - Non-financial flows current prices - Percentage,XDC_R_B1GQ,0,Replace,2012-06-05T15:30:00.000+02:00,
RTD.A.S0.N.F_UMD_CGG_D0.F,A,S0,N,F_UMD_CGG_D0,F,2007,-0.69454,A,F,,,P1Y,S,,,GFS.A.N.I10.W0.S13.S1._Z.B.B9._Z._Z._Z.XDC_R_B1GQ._Z.S.V.N._T,,,,,,"See <a class=""external"" href=""http://sdw.ecb.europa.eu/web/generator/docu/rtdb_docu.pdf""> notes</a>; block Annual; series: B",,4,,,"Government deficit(-) or surplus(+), percent of GDP",Euro area (moving concept in the Real Time database context) - Deficit/surplus without UMTS proceeds - All sectors/ unspecified/ not applicable (ESA2010)-NCBs - General government (ESA2010)-NCBs - Non-financial flows current prices - Percentage,XDC_R_B1GQ,0,Replace,2012-06-05T15:30:00.000+02:00,
RTD.A.S0.N.F_UMD_CGG_D0.F,A,S0,N,F_UMD_CGG_D0,F,2008,-2.1285,A,F,,,P1Y,S,,,GFS.A.N.I10.W0.S13.S1._Z.B.B9._Z._Z._Z.XDC_R_B1GQ._Z.S.V.N._T,,,,,,"See <a class=""external"" href=""http://sdw.ecb.europa.eu/web/generator/docu/rtdb_docu.pdf""> notes</a>; block Annual; series: B",,4,,,"Government deficit(-) or surplus(+), percent of GDP",Euro area (moving concept in the Real Time database context) - Deficit/surplus without UMTS proceeds - All sectors/ unspecified/ not applicable (ESA2010)-NCBs - General government (ESA2010)-NCBs - Non-financial flows current prices - Percentage,XDC_R_B1GQ,0,Replace,2012-06-05T15:30:00.000+02:00,
RTD.A.S0.N.F_UMD_CGG_D0.F,A,S0,N,F_UMD_CGG_D0,F,2009,-6.38147,A,F,,,P1Y,S,,,GFS.A.N.I10.W0.S13.S1._Z.B.B9._Z._Z._Z.XDC_R_B1GQ._Z.S.V.N._T,,,,,,"See <a class=""external"" href=""http://sdw.ecb.europa.eu/web/generator/docu/rtdb_docu.pdf""> notes</a>; block Annual; series: B",,4,,,"Government deficit(-) or surplus(+), percent of GDP",Euro area (moving concept in the Real Time database context) - Deficit/surplus without UMTS proceeds - All sectors/ unspecified/ not applicable (ESA2010)-NCBs - General government (ESA2010)-NCBs - Non-financial flows current prices - Percentage,XDC_R_B1GQ,0,Replace,2012-06-05T15:30:00.000+02:00,
RTD.A.S0.N.F_UMD_CGG_D0.F,A,S0,N,F_UMD_CGG_D0,F,2010,-6.22632,A,F,,,P1Y,S,,,GFS.A.N.I10.W0.S13.S1._Z.B.B9._Z._Z._Z.XDC_R_B1GQ._Z.S.V.N._T,,,,,,"See <a class=""external"" href=""http://sdw.ecb.europa.eu/web/generator/docu/rtdb_docu.pdf""> notes</a>; block Annual; series: B",,4,,,"Government deficit(-) or surplus(+), percent of GDP",Euro area (moving concept in the Real Time database context) - Deficit/surplus without UMTS proceeds - All sectors/ unspecified/ not applicable (ESA2010)-NCBs - General government (ESA2010)-NCBs - Non-financial flows current prices - Percentage,XDC_R_B1GQ,0,Replace,2012-06-05T15:30:00.000+02:00,
RTD.A.S0.N.F_UMD_CGG_D0.F,A,S0,N,F_UMD_CGG_D0,F,2011,-4.10838,A,F,,,P1Y,S,,,GFS.A.N.I10.W0.S13.S1._Z.B.B9._Z._Z._Z.XDC_R_B1GQ._Z.S.V.N._T,,,,,,"See <a class=""external"" href=""http://sdw.ecb.europa.eu/web/generator/docu/rtdb_docu.pdf""> notes</a>; block Annual; series: B",,4,,,"Government deficit(-) or surplus(+), percent of GDP",Euro area (moving concept in the Real Time database context) - Deficit/surplus without UMTS proceeds - All sectors/ unspecified/ not applicable (ESA2010)-NCBs - General government (ESA2010)-NCBs - Non-financial flows current prices - Percentage,XDC_R_B1GQ,0,Replace,2012-06-05T15:30:00.000+02:00,
RTD.A.S0.N.F_UMD_CGG_D0.F,A,S0,N,F_UMD_CGG_D0,F,1995,-7.4827,A,F,,,P1Y,S,,,GFS.A.N.I10.W0.S13.S1._Z.B.B9._Z._Z._Z.XDC_R_B1GQ._Z.S.V.N._T,,,,,,"See <a class=""external"" href=""http://sdw.ecb.europa.eu/web/generator/docu/rtdb_docu.pdf""> notes</a>; block Annual; series: B",,4,,,"Government deficit(-) or surplus(+), percent of GDP",Euro area (moving concept in the Real Time database context) - Deficit/surplus without UMTS proceeds - All sectors/ unspecified/ not applicable (ESA2010)-NCBs - General government (ESA2010)-NCBs - Non-financial flows current prices - Percentage,XDC_R_B1GQ,0,Replace,2012-11-07T15:30:00.000+01:00,
RTD.A.S0.N.F_UMD_CGG_D0.F,A,S0,N,F_UMD_CGG_D0,F,1996,-4.34201,A,F,,,P1Y,S,,,GFS.A.N.I10.W0.S13.S1._Z.B.B9._Z._Z._Z.XDC_R_B1GQ._Z.S.V.N._T,,,,,,"See <a class=""external"" href=""http://sdw.ecb.europa.eu/web/generator/docu/rtdb_docu.pdf""> notes</a>; block Annual; series: B",,4,,,"Government deficit(-) or surplus(+), percent of GDP",Euro area (moving concept in the Real Time database context) - Deficit/surplus without UMTS proceeds - All sectors/ unspecified/ not applicable (ESA2010)-NCBs - General government (ESA2010)-NCBs - Non-financial flows current prices - Percentage,XDC_R_B1GQ,0,Replace,2012-11-07T15:30:00.000+01:00,
RTD.A.S0.N.F_UMD_CGG_D0.F,A,S0,N,F_UMD_CGG_D0,F,1997,-2.84315,A,F,,,P1Y,S,,,GFS.A.N.I10.W0.S13.S1._Z.B.B9._Z._Z._Z.XDC_R_B1GQ._Z.S.V.N._T,,,,,,"See <a class=""external"" href=""http://sdw.ecb.europa.eu/web/generator/docu/rtdb_docu.pdf""> notes</a>; block Annual; series: B",,4,,,"Government deficit(-) or surplus(+), percent of GDP",Euro area (moving concept in the Real Time database context) - Deficit/surplus without UMTS proceeds - All sectors/ unspecified/ not applicable (ESA2010)-NCBs - General government (ESA2010)-NCBs - Non-financial flows current prices - Percentage,XDC_R_B1GQ,0,Replace,2012-11-07T15:30:00.000+01:00,
RTD.A.S0.N.F_UMD_CGG_D0.F,A,S0,N,F_UMD_CGG_D0,F,1998,-2.36188,A,F,,,P1Y,S,,,GFS.A.N.I10.W0.S13.S1._Z.B.B9._Z._Z._Z.XDC_R_B1GQ._Z.S.V.N._T,,,,,,"See <a class=""external"" href=""http://sdw.ecb.europa.eu/web/generator/docu/rtdb_docu.pdf""> notes</a>; block Annual; series: B",,4,,,"Government deficit(-) or surplus(+), percent of GDP",Euro area (moving concept in the Real Time database context) - Deficit/surplus without UMTS proceeds - All sectors/ unspecified/ not applicable (ESA2010)-NCBs - General government (ESA2010)-NCBs - Non-financial flows current prices - Percentage,XDC_R_B1GQ,0,Replace,2012-11-07T15:30:00.000+01:00,
RTD.A.S0.N.F_UMD_CGG_D0.F,A,S0,N,F_UMD_CGG_D0,F,1999,-1.51215,A,F,,,P1Y,S,,,GFS.A.N.I10.W0.S13.S1._Z.B.B9._Z._Z._Z.XDC_R_B1GQ._Z.S.V.N._T,,,,,,"See <a class=""external"" href=""http://sdw.ecb.europa.eu/web/generator/docu/rtdb_docu.pdf""> notes</a>; block Annual; series: B",,4,,,"Government deficit(-) or surplus(+), percent of GDP",Euro area (moving concept in the Real Time database context) - Deficit/surplus without UMTS proceeds - All sectors/ unspecified/ not applicable (ESA2010)-NCBs - General government (ESA2010)-NCBs - Non-financial flows current prices - Percentage,XDC_R_B1GQ,0,Replace,2012-11-07T15:30:00.000+01:00,
RTD.A.S0.N.F_UMD_CGG_D0.F,A,S0,N,F_UMD_CGG_D0,F,2000,-0.14986,A,F,,,P1Y,S,,,GFS.A.N.I10.W0.S13.S1._Z.B.B9._Z._Z._Z.XDC_R_B1GQ._Z.S.V.N._T,,,,,,"See <a class=""external"" href=""http://sdw.ecb.europa.eu/web/generator/docu/rtdb_docu.pdf""> notes</a>; block Annual; series: B",,4,,,"Government deficit(-) or surplus(+), percent of GDP",Euro area (moving concept in the Real Time database context) - Deficit/surplus without UMTS proceeds - All sectors/ unspecified/ not applicable (ESA2010)-NCBs - General government (ESA2010)-NCBs - Non-financial flows current prices - Percentage,XDC_R_B1GQ,0,Replace,2012-11-07T15:30:00.000+01:00,
RTD.A.S0.N.F_UMD_CGG_D0.F,A,S0,N,F_UMD_CGG_D0,F,2001,-1.98294,A,F,,,P1Y,S,,,GFS.A.N.I10.W0.S13.S1._Z.B.B9._Z._Z._Z.XDC_R_B1GQ._Z.S.V.N._T,,,,,,"See <a class=""external"" href=""http://sdw.ecb.europa.eu/web/generator/docu/rtdb_docu.pdf""> notes</a>; block Annual; series: B",,4,,,"Government deficit(-) or surplus(+), percent of GDP",Euro area (moving concept in the Real Time database context) - Deficit/surplus without UMTS proceeds - All sectors/ unspecified/ not applicable (ESA2010)-NCBs - General government (ESA2010)-NCBs - Non-financial flows current prices - Percentage,XDC_R_B1GQ,0,Replace,2012-11-07T15:30:00.000+01:00,
RTD.A.S0.N.F_UMD_CGG_D0.F,A,S0,N,F_UMD_CGG_D0,F,2002,-2.70384,A,F,,,P1Y,S,,,GFS.A.N.I10.W0.S13.S1._Z.B.B9._Z._Z._Z.XDC_R_B1GQ._Z.S.V.N._T,,,,,,"See <a class=""external"" href=""http://sdw.ecb.europa.eu/web/generator/docu/rtdb_docu.pdf""> notes</a>; block Annual; series: B",,4,,,"Government deficit(-) or surplus(+), percent of GDP",Euro area (moving concept in the Real Time database context) - Deficit/surplus without UMTS proceeds - All sectors/ unspecified/ not applicable (ESA2010)-NCBs - General government (ESA2010)-NCBs - Non-financial flows current prices - Percentage,XDC_R_B1GQ,0,Replace,2012-11-07T15:30:00.000+01:00,
RTD.A.S0.N.F_UMD_CGG_D0.F,A,S0,N,F_UMD_CGG_D0,F,2003,-3.16115,A,F,,,P1Y,S,,,GFS.A.N.I10.W0.S13.S1._Z.B.B9._Z._Z._Z.XDC_R_B1GQ._Z.S.V.N._T,,,,,,"See <a class=""external"" href=""http://sdw.ecb.europa.eu/web/generator/docu/rtdb_docu.pdf""> notes</a>; block Annual; series: B",,4,,,"Government deficit(-) or surplus(+), percent of GDP",Euro area (moving concept in the Real Time database context) - Deficit/surplus without UMTS proceeds - All sectors/ unspecified/ not applicable (ESA2010)-NCBs - General government (ESA2010)-NCBs - Non-financial flows current prices - Percentage,XDC_R_B1GQ,0,Replace,2012-11-07T15:30:00.000+01:00,
RTD.A.S0.N.F_UMD_CGG_D0.F,A,S0,N,F_UMD_CGG_D0,F,2004,-2.92529,A,F,,,P1Y,S,,,GFS.A.N.I10.W0.S13.S1._Z.B.B9._Z._Z._Z.XDC_R_B1GQ._Z.S.V.N._T,,,,,,"See <a class=""external"" href=""http://sdw.ecb.europa.eu/web/generator/docu/rtdb_docu.pdf""> notes</a>; block Annual; series: B",,4,,,"Government deficit(-) or surplus(+), percent of GDP",Euro area (moving concept in the Real Time database context) - Deficit/surplus without UMTS proceeds - All sectors/ unspecified/ not applicable (ESA2010)-NCBs - General government (ESA2010)-NCBs - Non-financial flows current prices - Percentage,XDC_R_B1GQ,0,Replace,2012-11-07T15:30:00.000+01:00,
RTD.A.S0.N.F_UMD_CGG_D0.F,A,S0,N,F_UMD_CGG_D0,F,2005,-2.5498,A,F,,,P1Y,S,,,GFS.A.N.I10.W0.S13.S1._Z.B.B9._Z._Z._Z.XDC_R_B1GQ._Z.S.V.N._T,,,,,,"See <a class=""external"" href=""http://sdw.ecb.europa.eu/web/generator/docu/rtdb_docu.pdf""> notes</a>; block Annual; series: B",,4,,,"Government deficit(-) or surplus(+), percent of GDP",Euro area (moving concept in the Real Time database context) - Deficit/surplus without UMTS proceeds - All sectors/ unspecified/ not applicable (ESA2010)-NCBs - General government (ESA2010)-NCBs - Non-financial flows current prices - Percentage,XDC_R_B1GQ,0,Replace,2012-11-07T15:30:00.000+01:00,
RTD.A.S0.N.F_UMD_CGG_D0.F,A,S0,N,F_UMD_CGG_D0,F,2006,-1.38583,A,F,,,P1Y,S,,,GFS.A.N.I10.W0.S13.S1._Z.B.B9._Z._Z._Z.XDC_R_B1GQ._Z.S.V.N._T,,,,,,"See <a class=""external"" href=""http://sdw.ecb.europa.eu/web/generator/docu/rtdb_docu.pdf""> notes</a>; block Annual; series: B",,4,,,"Government deficit(-) or surplus(+), percent of GDP",Euro area (moving concept in the Real Time database context) - Deficit/surplus without UMTS proceeds - All sectors/ unspecified/ not applicable (ESA2010)-NCBs - General government (ESA2010)-NCBs - Non-financial flows current prices - Percentage,XDC_R_B1GQ,0,Replace,2012-11-07T15:30:00.000+01:00,
RTD.A.S0.N.F_UMD_CGG_D0.F,A,S0,N,F_UMD_CGG_D0,F,2007,-0.69354,A,F,,,P1Y,S,,,GFS.A.N.I10.W0.S13.S1._Z.B.B9._Z._Z._Z.XDC_R_B1GQ._Z.S.V.N._T,,,,,,"See <a class=""external"" href=""http://sdw.ecb.europa.eu/web/generator/docu/rtdb_docu.pdf""> notes</a>; block Annual; series: B",,4,,,"Government deficit(-) or surplus(+), percent of GDP",Euro area (moving concept in the Real Time database context) - Deficit/surplus without UMTS proceeds - All sectors/ unspecified/ not applicable (ESA2010)-NCBs - General government (ESA2010)-NCBs - Non-financial flows current prices - Percentage,XDC_R_B1GQ,0,Replace,2012-11-07T15:30:00.000+01:00,
RTD.A.S0.N.F_UMD_CGG_D0.F,A,S0,N,F_UMD_CGG_D0,F,2008,-2.13241,A,F,,,P1Y,S,,,GFS.A.N.I10.W0.S13.S1._Z.B.B9._Z._Z._Z.XDC_R_B1GQ._Z.S.V.N._T,,,,,,"See <a class=""external"" href=""http://sdw.ecb.europa.eu/web/generator/docu/rtdb_docu.pdf""> notes</a>; block Annual; series: B",,4,,,"Government deficit(-) or surplus(+), percent of GDP",Euro area (moving concept in the Real Time database context) - Deficit/surplus without UMTS proceeds - All sectors/ unspecified/ not applicable (ESA2010)-NCBs - General government (ESA2010)-NCBs - Non-financial flows current prices - Percentage,XDC_R_B1GQ,0,Replace,2012-11-07T15:30:00.000+01:00,
RTD.A.S0.N.F_UMD_CGG_D0.F,A,S0,N,F_UMD_CGG_D0,F,2009,-6.34563,A,F,,,P1Y,S,,,GFS.A.N.I10.W0.S13.S1._Z.B.B9._Z._Z._Z.XDC_R_B1GQ._Z.S.V.N._T,,,,,,"See <a class=""external"" href=""http://sdw.ecb.europa.eu/web/generator/docu/rtdb_docu.pdf""> notes</a>; block Annual; series: B",,4,,,"Government deficit(-) or surplus(+), percent of GDP",Euro area (moving concept in the Real Time database context) - Deficit/surplus without UMTS proceeds - All sectors/ unspecified/ not applicable (ESA2010)-NCBs - General government (ESA2010)-NCBs - Non-financial flows current prices - Percentage,XDC_R_B1GQ,0,Replace,2012-11-07T15:30:00.000+01:00,
RTD.A.S0.N.F_UMD_CGG_D0.F,A,S0,N,F_UMD_CGG_D0,F,2010,-6.19956,A,F,,,P1Y,S,,,GFS.A.N.I10.W0.S13.S1._Z.B.B9._Z._Z._Z.XDC_R_B1GQ._Z.S.V.N._T,,,,,,"See <a class=""external"" href=""http://sdw.ecb.europa.eu/web/generator/docu/rtdb_docu.pdf""> notes</a>; block Annual; series: B",,4,,,"Government deficit(-) or surplus(+), percent of GDP",Euro area (moving concept in the Real Time database context) - Deficit/surplus without UMTS proceeds - All sectors/ unspecified/ not applicable (ESA2010)-NCBs - General government (ESA2010)-NCBs - Non-financial flows current prices - Percentage,XDC_R_B1GQ,0,Replace,2012-11-07T15:30:00.000+01:00,
RTD.A.S0.N.F_UMD_CGG_D0.F,A,S0,N,F_UMD_CGG_D0,F,2011,-4.13422,A,F,,,P1Y,S,,,GFS.A.N.I10.W0.S13.S1._Z.B.B9._Z._Z._Z.XDC_R_B1GQ._Z.S.V.N._T,,,,,,"See <a class=""external"" href=""http://sdw.ecb.europa.eu/web/generator/docu/rtdb_docu.pdf""> notes</a>; block Annual; series: B",,4,,,"Government deficit(-) or surplus(+), percent of GDP",Euro area (moving concept in the Real Time database context) - Deficit/surplus without UMTS proceeds - All sectors/ unspecified/ not applicable (ESA2010)-NCBs - General government (ESA2010)-NCBs - Non-financial flows current prices - Percentage,XDC_R_B1GQ,0,Replace,2012-11-07T15:30:00.000+01:00,
RTD.A.S0.N.F_UMD_CGG_D0.F,A,S0,N,F_UMD_CGG_D0,F,2007,-0.69343,A,F,,,P1Y,S,,,GFS.A.N.I10.W0.S13.S1._Z.B.B9._Z._Z._Z.XDC_R_B1GQ._Z.S.V.N._T,,,,,,"See <a class=""external"" href=""http://sdw.ecb.europa.eu/web/generator/docu/rtdb_docu.pdf""> notes</a>; block Annual; series: B",,4,,,"Government deficit(-) or surplus(+), percent of GDP",Euro area (moving concept in the Real Time database context) - Deficit/surplus without UMTS proceeds - All sectors/ unspecified/ not applicable (ESA2010)-NCBs - General government (ESA2010)-NCBs - Non-financial flows current prices - Percentage,XDC_R_B1GQ,0,Replace,2013-04-30T15:30:00.000+02:00,
RTD.A.S0.N.F_UMD_CGG_D0.F,A,S0,N,F_UMD_CGG_D0,F,2008,-2.13247,A,F,,,P1Y,S,,,GFS.A.N.I10.W0.S13.S1._Z.B.B9._Z._Z._Z.XDC_R_B1GQ._Z.S.V.N._T,,,,,,"See <a class=""external"" href=""http://sdw.ecb.europa.eu/web/generator/docu/rtdb_docu.pdf""> notes</a>; block Annual; series: B",,4,,,"Government deficit(-) or surplus(+), percent of GDP",Euro area (moving concept in the Real Time database context) - Deficit/surplus without UMTS proceeds - All sectors/ unspecified/ not applicable (ESA2010)-NCBs - General government (ESA2010)-NCBs - Non-financial flows current prices - Percentage,XDC_R_B1GQ,0,Replace,2013-04-30T15:30:00.000+02:00,
RTD.A.S0.N.F_UMD_CGG_D0.F,A,S0,N,F_UMD_CGG_D0,F,2009,-6.35586,A,F,,,P1Y,S,,,GFS.A.N.I10.W0.S13.S1._Z.B.B9._Z._Z._Z.XDC_R_B1GQ._Z.S.V.N._T,,,,,,"See <a class=""external"" href=""http://sdw.ecb.europa.eu/web/generator/docu/rtdb_docu.pdf""> notes</a>; block Annual; series: B",,4,,,"Government deficit(-) or surplus(+), percent of GDP",Euro area (moving concept in the Real Time database context) - Deficit/surplus without UMTS proceeds - All sectors/ unspecified/ not applicable (ESA2010)-NCBs - General government (ESA2010)-NCBs - Non-financial flows current prices - Percentage,XDC_R_B1GQ,0,Replace,2013-04-30T15:30:00.000+02:00,
RTD.A.S0.N.F_UMD_CGG_D0.F,A,S0,N,F_UMD_CGG_D0,F,2010,-6.20158,A,F,,,P1Y,S,,,GFS.A.N.I10.W0.S13.S1._Z.B.B9._Z._Z._Z.XDC_R_B1GQ._Z.S.V.N._T,,,,,,"See <a class=""external"" href=""http://sdw.ecb.europa.eu/web/generator/docu/rtdb_docu.pdf""> notes</a>; block Annual; series: B",,4,,,"Government deficit(-) or surplus(+), percent of GDP",Euro area (moving concept in the Real Time database context) - Deficit/surplus without UMTS proceeds - All sectors/ unspecified/ not applicable (ESA2010)-NCBs - General government (ESA2010)-NCBs - Non-financial flows current prices - Percentage,XDC_R_B1GQ,0,Replace,2013-04-30T15:30:00.000+02:00,
RTD.A.S0.N.F_UMD_CGG_D0.F,A,S0,N,F_UMD_CGG_D0,F,2011,-4.13996,A,F,,,P1Y,S,,,GFS.A.N.I10.W0.S13.S1._Z.B.B9._Z._Z._Z.XDC_R_B1GQ._Z.S.V.N._T,,,,,,"See <a class=""external"" href=""http://sdw.ecb.europa.eu/web/generator/docu/rtdb_docu.pdf""> notes</a>; block Annual; series: B",,4,,,"Government deficit(-) or surplus(+), percent of GDP",Euro area (moving concept in the Real Time database context) - Deficit/surplus without UMTS proceeds - All sectors/ unspecified/ not applicable (ESA2010)-NCBs - General government (ESA2010)-NCBs - Non-financial flows current prices - Percentage,XDC_R_B1GQ,0,Replace,2013-04-30T15:30:00.000+02:00,
RTD.A.S0.N.F_UMD_CGG_D0.F,A,S0,N,F_UMD_CGG_D0,F,2012,-3.70622,A,F,,,P1Y,S,,,GFS.A.N.I10.W0.S13.S1._Z.B.B9._Z._Z._Z.XDC_R_B1GQ._Z.S.V.N._T,,,,,,"See <a class=""external"" href=""http://sdw.ecb.europa.eu/web/generator/docu/rtdb_docu.pdf""> notes</a>; block Annual; series: B",,4,,,"Government deficit(-) or surplus(+), percent of GDP",Euro area (moving concept in the Real Time database context) - Deficit/surplus without UMTS proceeds - All sectors/ unspecified/ not applicable (ESA2010)-NCBs - General government (ESA2010)-NCBs - Non-financial flows current prices - Percentage,XDC_R_B1GQ,0,Replace,2013-04-30T15:30:00.000+02:00,
RTD.A.S0.N.F_UMD_CGG_D0.F,A,S0,N,F_UMD_CGG_D0,F,1995,-7.48258,A,F,,,P1Y,S,,,GFS.A.N.I10.W0.S13.S1._Z.B.B9._Z._Z._Z.XDC_R_B1GQ._Z.S.V.N._T,,,,,,"See <a class=""external"" href=""http://sdw.ecb.europa.eu/web/generator/docu/rtdb_docu.pdf""> notes</a>; block Annual; series: B",,4,,,"Government deficit(-) or surplus(+), percent of GDP",Euro area (moving concept in the Real Time database context) - Deficit/surplus without UMTS proceeds - All sectors/ unspecified/ not applicable (ESA2010)-NCBs - General government (ESA2010)-NCBs - Non-financial flows current prices - Percentage,XDC_R_B1GQ,0,Replace,2013-06-05T15:30:00.000+02:00,
RTD.A.S0.N.F_UMD_CGG_D0.F,A,S0,N,F_UMD_CGG_D0,F,1996,-4.34192,A,F,,,P1Y,S,,,GFS.A.N.I10.W0.S13.S1._Z.B.B9._Z._Z._Z.XDC_R_B1GQ._Z.S.V.N._T,,,,,,"See <a class=""external"" href=""http://sdw.ecb.europa.eu/web/generator/docu/rtdb_docu.pdf""> notes</a>; block Annual; series: B",,4,,,"Government deficit(-) or surplus(+), percent of GDP",Euro area (moving concept in the Real Time database context) - Deficit/surplus without UMTS proceeds - All sectors/ unspecified/ not applicable (ESA2010)-NCBs - General government (ESA2010)-NCBs - Non-financial flows current prices - Percentage,XDC_R_B1GQ,0,Replace,2013-06-05T15:30:00.000+02:00,
RTD.A.S0.N.F_UMD_CGG_D0.F,A,S0,N,F_UMD_CGG_D0,F,1997,-2.84308,A,F,,,P1Y,S,,,GFS.A.N.I10.W0.S13.S1._Z.B.B9._Z._Z._Z.XDC_R_B1GQ._Z.S.V.N._T,,,,,,"See <a class=""external"" href=""http://sdw.ecb.europa.eu/web/generator/docu/rtdb_docu.pdf""> notes</a>; block Annual; series: B",,4,,,"Government deficit(-) or surplus(+), percent of GDP",Euro area (moving concept in the Real Time database context) - Deficit/surplus without UMTS proceeds - All sectors/ unspecified/ not applicable (ESA2010)-NCBs - General government (ESA2010)-NCBs - Non-financial flows current prices - Percentage,XDC_R_B1GQ,0,Replace,2013-06-05T15:30:00.000+02:00,
RTD.A.S0.N.F_UMD_CGG_D0.F,A,S0,N,F_UMD_CGG_D0,F,1998,-2.36185,A,F,,,P1Y,S,,,GFS.A.N.I10.W0.S13.S1._Z.B.B9._Z._Z._Z.XDC_R_B1GQ._Z.S.V.N._T,,,,,,"See <a class=""external"" href=""http://sdw.ecb.europa.eu/web/generator/docu/rtdb_docu.pdf""> notes</a>; block Annual; series: B",,4,,,"Government deficit(-) or surplus(+), percent of GDP",Euro area (moving concept in the Real Time database context) - Deficit/surplus without UMTS proceeds - All sectors/ unspecified/ not applicable (ESA2010)-NCBs - General government (ESA2010)-NCBs - Non-financial flows current prices - Percentage,XDC_R_B1GQ,0,Replace,2013-06-05T15:30:00.000+02:00,
RTD.A.S0.N.F_UMD_CGG_D0.F,A,S0,N,F_UMD_CGG_D0,F,1999,-1.51211,A,F,,,P1Y,S,,,GFS.A.N.I10.W0.S13.S1._Z.B.B9._Z._Z._Z.XDC_R_B1GQ._Z.S.V.N._T,,,,,,"See <a class=""external"" href=""http://sdw.ecb.europa.eu/web/generator/docu/rtdb_docu.pdf""> notes</a>; block Annual; series: B",,4,,,"Government deficit(-) or surplus(+), percent of GDP",Euro area (moving concept in the Real Time database context) - Deficit/surplus without UMTS proceeds - All sectors/ unspecified/ not applicable (ESA2010)-NCBs - General government (ESA2010)-NCBs - Non-financial flows current prices - Percentage,XDC_R_B1GQ,0,Replace,2013-06-05T15:30:00.000+02:00,
RTD.A.S0.N.F_UMD_CGG_D0.F,A,S0,N,F_UMD_CGG_D0,F,2001,-1.9829,A,F,,,P1Y,S,,,GFS.A.N.I10.W0.S13.S1._Z.B.B9._Z._Z._Z.XDC_R_B1GQ._Z.S.V.N._T,,,,,,"See <a class=""external"" href=""http://sdw.ecb.europa.eu/web/generator/docu/rtdb_docu.pdf""> notes</a>; block Annual; series: B",,4,,,"Government deficit(-) or surplus(+), percent of GDP",Euro area (moving concept in the Real Time database context) - Deficit/surplus without UMTS proceeds - All sectors/ unspecified/ not applicable (ESA2010)-NCBs - General government (ESA2010)-NCBs - Non-financial flows current prices - Percentage,XDC_R_B1GQ,0,Replace,2013-06-05T15:30:00.000+02:00,
RTD.A.S0.N.F_UMD_CGG_D0.F,A,S0,N,F_UMD_CGG_D0,F,2002,-2.70381,A,F,,,P1Y,S,,,GFS.A.N.I10.W0.S13.S1._Z.B.B9._Z._Z._Z.XDC_R_B1GQ._Z.S.V.N._T,,,,,,"See <a class=""external"" href=""http://sdw.ecb.europa.eu/web/generator/docu/rtdb_docu.pdf""> notes</a>; block Annual; series: B",,4,,,"Government deficit(-) or surplus(+), percent of GDP",Euro area (moving concept in the Real Time database context) - Deficit/surplus without UMTS proceeds - All sectors/ unspecified/ not applicable (ESA2010)-NCBs - General government (ESA2010)-NCBs - Non-financial flows current prices - Percentage,XDC_R_B1GQ,0,Replace,2013-06-05T15:30:00.000+02:00,
RTD.A.S0.N.F_UMD_CGG_D0.F,A,S0,N,F_UMD_CGG_D0,F,2003,-3.1611,A,F,,,P1Y,S,,,GFS.A.N.I10.W0.S13.S1._Z.B.B9._Z._Z._Z.XDC_R_B1GQ._Z.S.V.N._T,,,,,,"See <a class=""external"" href=""http://sdw.ecb.europa.eu/web/generator/docu/rtdb_docu.pdf""> notes</a>; block Annual; series: B",,4,,,"Government deficit(-) or surplus(+), percent of GDP",Euro area (moving concept in the Real Time database context) - Deficit/surplus without UMTS proceeds - All sectors/ unspecified/ not applicable (ESA2010)-NCBs - General government (ESA2010)-NCBs - Non-financial flows current prices - Percentage,XDC_R_B1GQ,0,Replace,2013-06-05T15:30:00.000+02:00,
RTD.A.S0.N.F_UMD_CGG_D0.F,A,S0,N,F_UMD_CGG_D0,F,2004,-2.92524,A,F,,,P1Y,S,,,GFS.A.N.I10.W0.S13.S1._Z.B.B9._Z._Z._Z.XDC_R_B1GQ._Z.S.V.N._T,,,,,,"See <a class=""external"" href=""http://sdw.ecb.europa.eu/web/generator/docu/rtdb_docu.pdf""> notes</a>; block Annual; series: B",,4,,,"Government deficit(-) or surplus(+), percent of GDP",Euro area (moving concept in the Real Time database context) - Deficit/surplus without UMTS proceeds - All sectors/ unspecified/ not applicable (ESA2010)-NCBs - General government (ESA2010)-NCBs - Non-financial flows current prices - Percentage,XDC_R_B1GQ,0,Replace,2013-06-05T15:30:00.000+02:00,
RTD.A.S0.N.F_UMD_CGG_D0.F,A,S0,N,F_UMD_CGG_D0,F,2005,-2.54976,A,F,,,P1Y,S,,,GFS.A.N.I10.W0.S13.S1._Z.B.B9._Z._Z._Z.XDC_R_B1GQ._Z.S.V.N._T,,,,,,"See <a class=""external"" href=""http://sdw.ecb.europa.eu/web/generator/docu/rtdb_docu.pdf""> notes</a>; block Annual; series: B",,4,,,"Government deficit(-) or surplus(+), percent of GDP",Euro area (moving concept in the Real Time database context) - Deficit/surplus without UMTS proceeds - All sectors/ unspecified/ not applicable (ESA2010)-NCBs - General government (ESA2010)-NCBs - Non-financial flows current prices - Percentage,XDC_R_B1GQ,0,Replace,2013-06-05T15:30:00.000+02:00,
RTD.A.S0.N.F_UMD_CGG_D0.F,A,S0,N,F_UMD_CGG_D0,F,2006,-1.38581,A,F,,,P1Y,S,,,GFS.A.N.I10.W0.S13.S1._Z.B.B9._Z._Z._Z.XDC_R_B1GQ._Z.S.V.N._T,,,,,,"See <a class=""external"" href=""http://sdw.ecb.europa.eu/web/generator/docu/rtdb_docu.pdf""> notes</a>; block Annual; series: B",,4,,,"Government deficit(-) or surplus(+), percent of GDP",Euro area (moving concept in the Real Time database context) - Deficit/surplus without UMTS proceeds - All sectors/ unspecified/ not applicable (ESA2010)-NCBs - General government (ESA2010)-NCBs - Non-financial flows current prices - Percentage,XDC_R_B1GQ,0,Replace,2013-06-05T15:30:00.000+02:00,
RTD.A.S0.N.F_UMD_CGG_D0.F,A,S0,N,F_UMD_CGG_D0,F,2007,-0.69342,A,F,,,P1Y,S,,,GFS.A.N.I10.W0.S13.S1._Z.B.B9._Z._Z._Z.XDC_R_B1GQ._Z.S.V.N._T,,,,,,"See <a class=""external"" href=""http://sdw.ecb.europa.eu/web/generator/docu/rtdb_docu.pdf""> notes</a>; block Annual; series: B",,4,,,"Government deficit(-) or surplus(+), percent of GDP",Euro area (moving concept in the Real Time database context) - Deficit/surplus without UMTS proceeds - All sectors/ unspecified/ not applicable (ESA2010)-NCBs - General government (ESA2010)-NCBs - Non-financial flows current prices - Percentage,XDC_R_B1GQ,0,Replace,2013-06-05T15:30:00.000+02:00,
RTD.A.S0.N.F_UMD_CGG_D0.F,A,S0,N,F_UMD_CGG_D0,F,2009,-6.35589,A,F,,,P1Y,S,,,GFS.A.N.I10.W0.S13.S1._Z.B.B9._Z._Z._Z.XDC_R_B1GQ._Z.S.V.N._T,,,,,,"See <a class=""external"" href=""http://sdw.ecb.europa.eu/web/generator/docu/rtdb_docu.pdf""> notes</a>; block Annual; series: B",,4,,,"Government deficit(-) or surplus(+), percent of GDP",Euro area (moving concept in the Real Time database context) - Deficit/surplus without UMTS proceeds - All sectors/ unspecified/ not applicable (ESA2010)-NCBs - General government (ESA2010)-NCBs - Non-financial flows current prices - Percentage,XDC_R_B1GQ,0,Replace,2013-06-05T15:30:00.000+02:00,
RTD.A.S0.N.F_UMD_CGG_D0.F,A,S0,N,F_UMD_CGG_D0,F,2010,-6.20162,A,F,,,P1Y,S,,,GFS.A.N.I10.W0.S13.S1._Z.B.B9._Z._Z._Z.XDC_R_B1GQ._Z.S.V.N._T,,,,,,"See <a class=""external"" href=""http://sdw.ecb.europa.eu/web/generator/docu/rtdb_docu.pdf""> notes</a>; block Annual; series: B",,4,,,"Government deficit(-) or surplus(+), percent of GDP",Euro area (moving concept in the Real Time database context) - Deficit/surplus without UMTS proceeds - All sectors/ unspecified/ not applicable (ESA2010)-NCBs - General government (ESA2010)-NCBs - Non-financial flows current prices - Percentage,XDC_R_B1GQ,0,Replace,2013-06-05T15:30:00.000+02:00,
RTD.A.S0.N.F_UMD_CGG_D0.F,A,S0,N,F_UMD_CGG_D0,F,2011,-4.1399,A,F,,,P1Y,S,,,GFS.A.N.I10.W0.S13.S1._Z.B.B9._Z._Z._Z.XDC_R_B1GQ._Z.S.V.N._T,,,,,,"See <a class=""external"" href=""http://sdw.ecb.europa.eu/web/generator/docu/rtdb_docu.pdf""> notes</a>; block Annual; series: B",,4,,,"Government deficit(-) or surplus(+), percent of GDP",Euro area (moving concept in the Real Time database context) - Deficit/surplus without UMTS proceeds - All sectors/ unspecified/ not applicable (ESA2010)-NCBs - General government (ESA2010)-NCBs - Non-financial flows current prices - Percentage,XDC_R_B1GQ,0,Replace,2013-06-05T15:30:00.000+02:00,
RTD.A.S0.N.F_UMD_CGG_D0.F,A,S0,N,F_UMD_CGG_D0,F,2012,-3.72699,A,F,,,P1Y,S,,,GFS.A.N.I10.W0.S13.S1._Z.B.B9._Z._Z._Z.XDC_R_B1GQ._Z.S.V.N._T,,,,,,"See <a class=""external"" href=""http://sdw.ecb.europa.eu/web/generator/docu/rtdb_docu.pdf""> notes</a>; block Annual; series: B",,4,,,"Government deficit(-) or surplus(+), percent of GDP",Euro area (moving concept in the Real Time database context) - Deficit/surplus without UMTS proceeds - All sectors/ unspecified/ not applicable (ESA2010)-NCBs - General government (ESA2010)-NCBs - Non-financial flows current prices - Percentage,XDC_R_B1GQ,0,Replace,2013-06-05T15:30:00.000+02:00,
RTD.A.S0.N.F_UMD_CGG_D0.F,A,S0,N,F_UMD_CGG_D0,F,1995,-7.48279,A,F,,,P1Y,S,,,GFS.A.N.I10.W0.S13.S1._Z.B.B9._Z._Z._Z.XDC_R_B1GQ._Z.S.V.N._T,,,,,,"See <a class=""external"" href=""http://sdw.ecb.europa.eu/web/generator/docu/rtdb_docu.pdf""> notes</a>; block Annual; series: B",,4,,,"Government deficit(-) or surplus(+), percent of GDP",Euro area (moving concept in the Real Time database context) - Deficit/surplus without UMTS proceeds - All sectors/ unspecified/ not applicable (ESA2010)-NCBs - General government (ESA2010)-NCBs - Non-financial flows current prices - Percentage,XDC_R_B1GQ,0,Replace,2013-11-06T15:30:00.000+01:00,
RTD.A.S0.N.F_UMD_CGG_D0.F,A,S0,N,F_UMD_CGG_D0,F,1996,-4.34202,A,F,,,P1Y,S,,,GFS.A.N.I10.W0.S13.S1._Z.B.B9._Z._Z._Z.XDC_R_B1GQ._Z.S.V.N._T,,,,,,"See <a class=""external"" href=""http://sdw.ecb.europa.eu/web/generator/docu/rtdb_docu.pdf""> notes</a>; block Annual; series: B",,4,,,"Government deficit(-) or surplus(+), percent of GDP",Euro area (moving concept in the Real Time database context) - Deficit/surplus without UMTS proceeds - All sectors/ unspecified/ not applicable (ESA2010)-NCBs - General government (ESA2010)-NCBs - Non-financial flows current prices - Percentage,XDC_R_B1GQ,0,Replace,2013-11-06T15:30:00.000+01:00,
RTD.A.S0.N.F_UMD_CGG_D0.F,A,S0,N,F_UMD_CGG_D0,F,1997,-2.84324,A,F,,,P1Y,S,,,GFS.A.N.I10.W0.S13.S1._Z.B.B9._Z._Z._Z.XDC_R_B1GQ._Z.S.V.N._T,,,,,,"See <a class=""external"" href=""http://sdw.ecb.europa.eu/web/generator/docu/rtdb_docu.pdf""> notes</a>; block Annual; series: B",,4,,,"Government deficit(-) or surplus(+), percent of GDP",Euro area (moving concept in the Real Time database context) - Deficit/surplus without UMTS proceeds - All sectors/ unspecified/ not applicable (ESA2010)-NCBs - General government (ESA2010)-NCBs - Non-financial flows current prices - Percentage,XDC_R_B1GQ,0,Replace,2013-11-06T15:30:00.000+01:00,
RTD.A.S0.N.F_UMD_CGG_D0.F,A,S0,N,F_UMD_CGG_D0,F,1998,-2.36203,A,F,,,P1Y,S,,,GFS.A.N.I10.W0.S13.S1._Z.B.B9._Z._Z._Z.XDC_R_B1GQ._Z.S.V.N._T,,,,,,"See <a class=""external"" href=""http://sdw.ecb.europa.eu/web/generator/docu/rtdb_docu.pdf""> notes</a>; block Annual; series: B",,4,,,"Government deficit(-) or surplus(+), percent of GDP",Euro area (moving concept in the Real Time database context) - Deficit/surplus without UMTS proceeds - All sectors/ unspecified/ not applicable (ESA2010)-NCBs - General government (ESA2010)-NCBs - Non-financial flows current prices - Percentage,XDC_R_B1GQ,0,Replace,2013-11-06T15:30:00.000+01:00,
RTD.A.S0.N.F_UMD_CGG_D0.F,A,S0,N,F_UMD_CGG_D0,F,1999,-1.52034,A,F,,,P1Y,S,,,GFS.A.N.I10.W0.S13.S1._Z.B.B9._Z._Z._Z.XDC_R_B1GQ._Z.S.V.N._T,,,,,,"See <a class=""external"" href=""http://sdw.ecb.europa.eu/web/generator/docu/rtdb_docu.pdf""> notes</a>; block Annual; series: B",,4,,,"Government deficit(-) or surplus(+), percent of GDP",Euro area (moving concept in the Real Time database context) - Deficit/surplus without UMTS proceeds - All sectors/ unspecified/ not applicable (ESA2010)-NCBs - General government (ESA2010)-NCBs - Non-financial flows current prices - Percentage,XDC_R_B1GQ,0,Replace,2013-11-06T15:30:00.000+01:00,
RTD.A.S0.N.F_UMD_CGG_D0.F,A,S0,N,F_UMD_CGG_D0,F,2000,-0.14817,A,F,,,P1Y,S,,,GFS.A.N.I10.W0.S13.S1._Z.B.B9._Z._Z._Z.XDC_R_B1GQ._Z.S.V.N._T,,,,,,"See <a class=""external"" href=""http://sdw.ecb.europa.eu/web/generator/docu/rtdb_docu.pdf""> notes</a>; block Annual; series: B",,4,,,"Government deficit(-) or surplus(+), percent of GDP",Euro area (moving concept in the Real Time database context) - Deficit/surplus without UMTS proceeds - All sectors/ unspecified/ not applicable (ESA2010)-NCBs - General government (ESA2010)-NCBs - Non-financial flows current prices - Percentage,XDC_R_B1GQ,0,Replace,2013-11-06T15:30:00.000+01:00,
RTD.A.S0.N.F_UMD_CGG_D0.F,A,S0,N,F_UMD_CGG_D0,F,2001,-1.98364,A,F,,,P1Y,S,,,GFS.A.N.I10.W0.S13.S1._Z.B.B9._Z._Z._Z.XDC_R_B1GQ._Z.S.V.N._T,,,,,,"See <a class=""external"" href=""http://sdw.ecb.europa.eu/web/generator/docu/rtdb_docu.pdf""> notes</a>; block Annual; series: B",,4,,,"Government deficit(-) or surplus(+), percent of GDP",Euro area (moving concept in the Real Time database context) - Deficit/surplus without UMTS proceeds - All sectors/ unspecified/ not applicable (ESA2010)-NCBs - General government (ESA2010)-NCBs - Non-financial flows current prices - Percentage,XDC_R_B1GQ,0,Replace,2013-11-06T15:30:00.000+01:00,
RTD.A.S0.N.F_UMD_CGG_D0.F,A,S0,N,F_UMD_CGG_D0,F,2002,-2.71462,A,F,,,P1Y,S,,,GFS.A.N.I10.W0.S13.S1._Z.B.B9._Z._Z._Z.XDC_R_B1GQ._Z.S.V.N._T,,,,,,"See <a class=""external"" href=""http://sdw.ecb.europa.eu/web/generator/docu/rtdb_docu.pdf""> notes</a>; block Annual; series: B",,4,,,"Government deficit(-) or surplus(+), percent of GDP",Euro area (moving concept in the Real Time database context) - Deficit/surplus without UMTS proceeds - All sectors/ unspecified/ not applicable (ESA2010)-NCBs - General government (ESA2010)-NCBs - Non-financial flows current prices - Percentage,XDC_R_B1GQ,0,Replace,2013-11-06T15:30:00.000+01:00,
RTD.A.S0.N.F_UMD_CGG_D0.F,A,S0,N,F_UMD_CGG_D0,F,2003,-3.1569,A,F,,,P1Y,S,,,GFS.A.N.I10.W0.S13.S1._Z.B.B9._Z._Z._Z.XDC_R_B1GQ._Z.S.V.N._T,,,,,,"See <a class=""external"" href=""http://sdw.ecb.europa.eu/web/generator/docu/rtdb_docu.pdf""> notes</a>; block Annual; series: B",,4,,,"Government deficit(-) or surplus(+), percent of GDP",Euro area (moving concept in the Real Time database context) - Deficit/surplus without UMTS proceeds - All sectors/ unspecified/ not applicable (ESA2010)-NCBs - General government (ESA2010)-NCBs - Non-financial flows current prices - Percentage,XDC_R_B1GQ,0,Replace,2013-11-06T15:30:00.000+01:00,
RTD.A.S0.N.F_UMD_CGG_D0.F,A,S0,N,F_UMD_CGG_D0,F,2004,-2.91883,A,F,,,P1Y,S,,,GFS.A.N.I10.W0.S13.S1._Z.B.B9._Z._Z._Z.XDC_R_B1GQ._Z.S.V.N._T,,,,,,"See <a class=""external"" href=""http://sdw.ecb.europa.eu/web/generator/docu/rtdb_docu.pdf""> notes</a>; block Annual; series: B",,4,,,"Government deficit(-) or surplus(+), percent of GDP",Euro area (moving concept in the Real Time database context) - Deficit/surplus without UMTS proceeds - All sectors/ unspecified/ not applicable (ESA2010)-NCBs - General government (ESA2010)-NCBs - Non-financial flows current prices - Percentage,XDC_R_B1GQ,0,Replace,2013-11-06T15:30:00.000+01:00,
RTD.A.S0.N.F_UMD_CGG_D0.F,A,S0,N,F_UMD_CGG_D0,F,2005,-2.54876,A,F,,,P1Y,S,,,GFS.A.N.I10.W0.S13.S1._Z.B.B9._Z._Z._Z.XDC_R_B1GQ._Z.S.V.N._T,,,,,,"See <a class=""external"" href=""http://sdw.ecb.europa.eu/web/generator/docu/rtdb_docu.pdf""> notes</a>; block Annual; series: B",,4,,,"Government deficit(-) or surplus(+), percent of GDP",Euro area (moving concept in the Real Time database context) - Deficit/surplus without UMTS proceeds - All sectors/ unspecified/ not applicable (ESA2010)-NCBs - General government (ESA2010)-NCBs - Non-financial flows current prices - Percentage,XDC_R_B1GQ,0,Replace,2013-11-06T15:30:00.000+01:00,
RTD.A.S0.N.F_UMD_CGG_D0.F,A,S0,N,F_UMD_CGG_D0,F,2006,-1.38791,A,F,,,P1Y,S,,,GFS.A.N.I10.W0.S13.S1._Z.B.B9._Z._Z._Z.XDC_R_B1GQ._Z.S.V.N._T,,,,,,"See <a class=""external"" href=""http://sdw.ecb.europa.eu/web/generator/docu/rtdb_docu.pdf""> notes</a>; block Annual; series: B",,4,,,"Government deficit(-) or surplus(+), percent of GDP",Euro area (moving concept in the Real Time database context) - Deficit/surplus without UMTS proceeds - All sectors/ unspecified/ not applicable (ESA2010)-NCBs - General government (ESA2010)-NCBs - Non-financial flows current prices - Percentage,XDC_R_B1GQ,0,Replace,2013-11-06T15:30:00.000+01:00,
RTD.A.S0.N.F_UMD_CGG_D0.F,A,S0,N,F_UMD_CGG_D0,F,2007,-0.68622,A,F,,,P1Y,S,,,GFS.A.N.I10.W0.S13.S1._Z.B.B9._Z._Z._Z.XDC_R_B1GQ._Z.S.V.N._T,,,,,,"See <a class=""external"" href=""http://sdw.ecb.europa.eu/web/generator/docu/rtdb_docu.pdf""> notes</a>; block Annual; series: B",,4,,,"Government deficit(-) or surplus(+), percent of GDP",Euro area (moving concept in the Real Time database context) - Deficit/surplus without UMTS proceeds - All sectors/ unspecified/ not applicable (ESA2010)-NCBs - General government (ESA2010)-NCBs - Non-financial flows current prices - Percentage,XDC_R_B1GQ,0,Replace,2013-11-06T15:30:00.000+01:00,
RTD.A.S0.N.F_UMD_CGG_D0.F,A,S0,N,F_UMD_CGG_D0,F,2008,-2.13616,A,F,,,P1Y,S,,,GFS.A.N.I10.W0.S13.S1._Z.B.B9._Z._Z._Z.XDC_R_B1GQ._Z.S.V.N._T,,,,,,"See <a class=""external"" href=""http://sdw.ecb.europa.eu/web/generator/docu/rtdb_docu.pdf""> notes</a>; block Annual; series: B",,4,,,"Government deficit(-) or surplus(+), percent of GDP",Euro area (moving concept in the Real Time database context) - Deficit/surplus without UMTS proceeds - All sectors/ unspecified/ not applicable (ESA2010)-NCBs - General government (ESA2010)-NCBs - Non-financial flows current prices - Percentage,XDC_R_B1GQ,0,Replace,2013-11-06T15:30:00.000+01:00,
RTD.A.S0.N.F_UMD_CGG_D0.F,A,S0,N,F_UMD_CGG_D0,F,2009,-6.35095,A,F,,,P1Y,S,,,GFS.A.N.I10.W0.S13.S1._Z.B.B9._Z._Z._Z.XDC_R_B1GQ._Z.S.V.N._T,,,,,,"See <a class=""external"" href=""http://sdw.ecb.europa.eu/web/generator/docu/rtdb_docu.pdf""> notes</a>; block Annual; series: B",,4,,,"Government deficit(-) or surplus(+), percent of GDP",Euro area (moving concept in the Real Time database context) - Deficit/surplus without UMTS proceeds - All sectors/ unspecified/ not applicable (ESA2010)-NCBs - General government (ESA2010)-NCBs - Non-financial flows current prices - Percentage,XDC_R_B1GQ,0,Replace,2013-11-06T15:30:00.000+01:00,
RTD.A.S0.N.F_UMD_CGG_D0.F,A,S0,N,F_UMD_CGG_D0,F,2010,-6.20329,A,F,,,P1Y,S,,,GFS.A.N.I10.W0.S13.S1._Z.B.B9._Z._Z._Z.XDC_R_B1GQ._Z.S.V.N._T,,,,,,"See <a class=""external"" href=""http://sdw.ecb.europa.eu/web/generator/docu/rtdb_docu.pdf""> notes</a>; block Annual; series: B",,4,,,"Government deficit(-) or surplus(+), percent of GDP",Euro area (moving concept in the Real Time database context) - Deficit/surplus without UMTS proceeds - All sectors/ unspecified/ not applicable (ESA2010)-NCBs - General government (ESA2010)-NCBs - Non-financial flows current prices - Percentage,XDC_R_B1GQ,0,Replace,2013-11-06T15:30:00.000+01:00,
RTD.A.S0.N.F_UMD_CGG_D0.F,A,S0,N,F_UMD_CGG_D0,F,2011,-4.14633,A,F,,,P1Y,S,,,GFS.A.N.I10.W0.S13.S1._Z.B.B9._Z._Z._Z.XDC_R_B1GQ._Z.S.V.N._T,,,,,,"See <a class=""external"" href=""http://sdw.ecb.europa.eu/web/generator/docu/rtdb_docu.pdf""> notes</a>; block Annual; series: B",,4,,,"Government deficit(-) or surplus(+), percent of GDP",Euro area (moving concept in the Real Time database context) - Deficit/surplus without UMTS proceeds - All sectors/ unspecified/ not applicable (ESA2010)-NCBs - General government (ESA2010)-NCBs - Non-financial flows current prices - Percentage,XDC_R_B1GQ,0,Replace,2013-11-06T15:30:00.000+01:00,
RTD.A.S0.N.F_UMD_CGG_D0.F,A,S0,N,F_UMD_CGG_D0,F,2012,-3.68417,A,F,,,P1Y,S,,,GFS.A.N.I10.W0.S13.S1._Z.B.B9._Z._Z._Z.XDC_R_B1GQ._Z.S.V.N._T,,,,,,"See <a class=""external"" href=""http://sdw.ecb.europa.eu/web/generator/docu/rtdb_docu.pdf""> notes</a>; block Annual; series: B",,4,,,"Government deficit(-) or surplus(+), percent of GDP",Euro area (moving concept in the Real Time database context) - Deficit/surplus without UMTS proceeds - All sectors/ unspecified/ not applicable (ESA2010)-NCBs - General government (ESA2010)-NCBs - Non-financial flows current prices - Percentage,XDC_R_B1GQ,0,Replace,2013-11-06T15:30:00.000+01:00,
RTD.A.S0.N.F_UMD_CGG_D0.F,A,S0,N,F_UMD_CGG_D0,F,1995,-7.47878,A,F,,,P1Y,S,,,GFS.A.N.I10.W0.S13.S1._Z.B.B9._Z._Z._Z.XDC_R_B1GQ._Z.S.V.N._T,,,,,,"See <a class=""external"" href=""http://sdw.ecb.europa.eu/web/generator/docu/rtdb_docu.pdf""> notes</a>; block Annual; series: B",,4,,,"Government deficit(-) or surplus(+), percent of GDP",Euro area (moving concept in the Real Time database context) - Deficit/surplus without UMTS proceeds - All sectors/ unspecified/ not applicable (ESA2010)-NCBs - General government (ESA2010)-NCBs - Non-financial flows current prices - Percentage,XDC_R_B1GQ,0,Replace,2014-05-07T15:30:00.000+02:00,
RTD.A.S0.N.F_UMD_CGG_D0.F,A,S0,N,F_UMD_CGG_D0,F,1996,-4.33898,A,F,,,P1Y,S,,,GFS.A.N.I10.W0.S13.S1._Z.B.B9._Z._Z._Z.XDC_R_B1GQ._Z.S.V.N._T,,,,,,"See <a class=""external"" href=""http://sdw.ecb.europa.eu/web/generator/docu/rtdb_docu.pdf""> notes</a>; block Annual; series: B",,4,,,"Government deficit(-) or surplus(+), percent of GDP",Euro area (moving concept in the Real Time database context) - Deficit/surplus without UMTS proceeds - All sectors/ unspecified/ not applicable (ESA2010)-NCBs - General government (ESA2010)-NCBs - Non-financial flows current prices - Percentage,XDC_R_B1GQ,0,Replace,2014-05-07T15:30:00.000+02:00,
RTD.A.S0.N.F_UMD_CGG_D0.F,A,S0,N,F_UMD_CGG_D0,F,1997,-2.83949,A,F,,,P1Y,S,,,GFS.A.N.I10.W0.S13.S1._Z.B.B9._Z._Z._Z.XDC_R_B1GQ._Z.S.V.N._T,,,,,,"See <a class=""external"" href=""http://sdw.ecb.europa.eu/web/generator/docu/rtdb_docu.pdf""> notes</a>; block Annual; series: B",,4,,,"Government deficit(-) or surplus(+), percent of GDP",Euro area (moving concept in the Real Time database context) - Deficit/surplus without UMTS proceeds - All sectors/ unspecified/ not applicable (ESA2010)-NCBs - General government (ESA2010)-NCBs - Non-financial flows current prices - Percentage,XDC_R_B1GQ,0,Replace,2014-05-07T15:30:00.000+02:00,
RTD.A.S0.N.F_UMD_CGG_D0.F,A,S0,N,F_UMD_CGG_D0,F,1998,-2.35986,A,F,,,P1Y,S,,,GFS.A.N.I10.W0.S13.S1._Z.B.B9._Z._Z._Z.XDC_R_B1GQ._Z.S.V.N._T,,,,,,"See <a class=""external"" href=""http://sdw.ecb.europa.eu/web/generator/docu/rtdb_docu.pdf""> notes</a>; block Annual; series: B",,4,,,"Government deficit(-) or surplus(+), percent of GDP",Euro area (moving concept in the Real Time database context) - Deficit/surplus without UMTS proceeds - All sectors/ unspecified/ not applicable (ESA2010)-NCBs - General government (ESA2010)-NCBs - Non-financial flows current prices - Percentage,XDC_R_B1GQ,0,Replace,2014-05-07T15:30:00.000+02:00,
RTD.A.S0.N.F_UMD_CGG_D0.F,A,S0,N,F_UMD_CGG_D0,F,1999,-1.52255,A,F,,,P1Y,S,,,GFS.A.N.I10.W0.S13.S1._Z.B.B9._Z._Z._Z.XDC_R_B1GQ._Z.S.V.N._T,,,,,,"See <a class=""external"" href=""http://sdw.ecb.europa.eu/web/generator/docu/rtdb_docu.pdf""> notes</a>; block Annual; series: B",,4,,,"Government deficit(-) or surplus(+), percent of GDP",Euro area (moving concept in the Real Time database context) - Deficit/surplus without UMTS proceeds - All sectors/ unspecified/ not applicable (ESA2010)-NCBs - General government (ESA2010)-NCBs - Non-financial flows current prices - Percentage,XDC_R_B1GQ,0,Replace,2014-05-07T15:30:00.000+02:00,
RTD.A.S0.N.F_UMD_CGG_D0.F,A,S0,N,F_UMD_CGG_D0,F,2000,-0.15077,A,F,,,P1Y,S,,,GFS.A.N.I10.W0.S13.S1._Z.B.B9._Z._Z._Z.XDC_R_B1GQ._Z.S.V.N._T,,,,,,"See <a class=""external"" href=""http://sdw.ecb.europa.eu/web/generator/docu/rtdb_docu.pdf""> notes</a>; block Annual; series: B",,4,,,"Government deficit(-) or surplus(+), percent of GDP",Euro area (moving concept in the Real Time database context) - Deficit/surplus without UMTS proceeds - All sectors/ unspecified/ not applicable (ESA2010)-NCBs - General government (ESA2010)-NCBs - Non-financial flows current prices - Percentage,XDC_R_B1GQ,0,Replace,2014-05-07T15:30:00.000+02:00,
RTD.A.S0.N.F_UMD_CGG_D0.F,A,S0,N,F_UMD_CGG_D0,F,2001,-1.98403,A,F,,,P1Y,S,,,GFS.A.N.I10.W0.S13.S1._Z.B.B9._Z._Z._Z.XDC_R_B1GQ._Z.S.V.N._T,,,,,,"See <a class=""external"" href=""http://sdw.ecb.europa.eu/web/generator/docu/rtdb_docu.pdf""> notes</a>; block Annual; series: B",,4,,,"Government deficit(-) or surplus(+), percent of GDP",Euro area (moving concept in the Real Time database context) - Deficit/surplus without UMTS proceeds - All sectors/ unspecified/ not applicable (ESA2010)-NCBs - General government (ESA2010)-NCBs - Non-financial flows current prices - Percentage,XDC_R_B1GQ,0,Replace,2014-05-07T15:30:00.000+02:00,
RTD.A.S0.N.F_UMD_CGG_D0.F,A,S0,N,F_UMD_CGG_D0,F,2002,-2.71513,A,F,,,P1Y,S,,,GFS.A.N.I10.W0.S13.S1._Z.B.B9._Z._Z._Z.XDC_R_B1GQ._Z.S.V.N._T,,,,,,"See <a class=""external"" href=""http://sdw.ecb.europa.eu/web/generator/docu/rtdb_docu.pdf""> notes</a>; block Annual; series: B",,4,,,"Government deficit(-) or surplus(+), percent of GDP",Euro area (moving concept in the Real Time database context) - Deficit/surplus without UMTS proceeds - All sectors/ unspecified/ not applicable (ESA2010)-NCBs - General government (ESA2010)-NCBs - Non-financial flows current prices - Percentage,XDC_R_B1GQ,0,Replace,2014-05-07T15:30:00.000+02:00,
RTD.A.S0.N.F_UMD_CGG_D0.F,A,S0,N,F_UMD_CGG_D0,F,2003,-3.15508,A,F,,,P1Y,S,,,GFS.A.N.I10.W0.S13.S1._Z.B.B9._Z._Z._Z.XDC_R_B1GQ._Z.S.V.N._T,,,,,,"See <a class=""external"" href=""http://sdw.ecb.europa.eu/web/generator/docu/rtdb_docu.pdf""> notes</a>; block Annual; series: B",,4,,,"Government deficit(-) or surplus(+), percent of GDP",Euro area (moving concept in the Real Time database context) - Deficit/surplus without UMTS proceeds - All sectors/ unspecified/ not applicable (ESA2010)-NCBs - General government (ESA2010)-NCBs - Non-financial flows current prices - Percentage,XDC_R_B1GQ,0,Replace,2014-05-07T15:30:00.000+02:00,
RTD.A.S0.N.F_UMD_CGG_D0.F,A,S0,N,F_UMD_CGG_D0,F,2004,-2.91645,A,F,,,P1Y,S,,,GFS.A.N.I10.W0.S13.S1._Z.B.B9._Z._Z._Z.XDC_R_B1GQ._Z.S.V.N._T,,,,,,"See <a class=""external"" href=""http://sdw.ecb.europa.eu/web/generator/docu/rtdb_docu.pdf""> notes</a>; block Annual; series: B",,4,,,"Government deficit(-) or surplus(+), percent of GDP",Euro area (moving concept in the Real Time database context) - Deficit/surplus without UMTS proceeds - All sectors/ unspecified/ not applicable (ESA2010)-NCBs - General government (ESA2010)-NCBs - Non-financial flows current prices - Percentage,XDC_R_B1GQ,0,Replace,2014-05-07T15:30:00.000+02:00,
RTD.A.S0.N.F_UMD_CGG_D0.F,A,S0,N,F_UMD_CGG_D0,F,2005,-2.5455,A,F,,,P1Y,S,,,GFS.A.N.I10.W0.S13.S1._Z.B.B9._Z._Z._Z.XDC_R_B1GQ._Z.S.V.N._T,,,,,,"See <a class=""external"" href=""http://sdw.ecb.europa.eu/web/generator/docu/rtdb_docu.pdf""> notes</a>; block Annual; series: B",,4,,,"Government deficit(-) or surplus(+), percent of GDP",Euro area (moving concept in the Real Time database context) - Deficit/surplus without UMTS proceeds - All sectors/ unspecified/ not applicable (ESA2010)-NCBs - General government (ESA2010)-NCBs - Non-financial flows current prices - Percentage,XDC_R_B1GQ,0,Replace,2014-05-07T15:30:00.000+02:00,
RTD.A.S0.N.F_UMD_CGG_D0.F,A,S0,N,F_UMD_CGG_D0,F,2006,-1.39169,A,F,,,P1Y,S,,,GFS.A.N.I10.W0.S13.S1._Z.B.B9._Z._Z._Z.XDC_R_B1GQ._Z.S.V.N._T,,,,,,"See <a class=""external"" href=""http://sdw.ecb.europa.eu/web/generator/docu/rtdb_docu.pdf""> notes</a>; block Annual; series: B",,4,,,"Government deficit(-) or surplus(+), percent of GDP",Euro area (moving concept in the Real Time database context) - Deficit/surplus without UMTS proceeds - All sectors/ unspecified/ not applicable (ESA2010)-NCBs - General government (ESA2010)-NCBs - Non-financial flows current prices - Percentage,XDC_R_B1GQ,0,Replace,2014-05-07T15:30:00.000+02:00,
RTD.A.S0.N.F_UMD_CGG_D0.F,A,S0,N,F_UMD_CGG_D0,F,2007,-0.68729,A,F,,,P1Y,S,,,GFS.A.N.I10.W0.S13.S1._Z.B.B9._Z._Z._Z.XDC_R_B1GQ._Z.S.V.N._T,,,,,,"See <a class=""external"" href=""http://sdw.ecb.europa.eu/web/generator/docu/rtdb_docu.pdf""> notes</a>; block Annual; series: B",,4,,,"Government deficit(-) or surplus(+), percent of GDP",Euro area (moving concept in the Real Time database context) - Deficit/surplus without UMTS proceeds - All sectors/ unspecified/ not applicable (ESA2010)-NCBs - General government (ESA2010)-NCBs - Non-financial flows current prices - Percentage,XDC_R_B1GQ,0,Replace,2014-05-07T15:30:00.000+02:00,
RTD.A.S0.N.F_UMD_CGG_D0.F,A,S0,N,F_UMD_CGG_D0,F,2008,-2.1419,A,F,,,P1Y,S,,,GFS.A.N.I10.W0.S13.S1._Z.B.B9._Z._Z._Z.XDC_R_B1GQ._Z.S.V.N._T,,,,,,"See <a class=""external"" href=""http://sdw.ecb.europa.eu/web/generator/docu/rtdb_docu.pdf""> notes</a>; block Annual; series: B",,4,,,"Government deficit(-) or surplus(+), percent of GDP",Euro area (moving concept in the Real Time database context) - Deficit/surplus without UMTS proceeds - All sectors/ unspecified/ not applicable (ESA2010)-NCBs - General government (ESA2010)-NCBs - Non-financial flows current prices - Percentage,XDC_R_B1GQ,0,Replace,2014-05-07T15:30:00.000+02:00,
RTD.A.S0.N.F_UMD_CGG_D0.F,A,S0,N,F_UMD_CGG_D0,F,2009,-6.35738,A,F,,,P1Y,S,,,GFS.A.N.I10.W0.S13.S1._Z.B.B9._Z._Z._Z.XDC_R_B1GQ._Z.S.V.N._T,,,,,,"See <a class=""external"" href=""http://sdw.ecb.europa.eu/web/generator/docu/rtdb_docu.pdf""> notes</a>; block Annual; series: B",,4,,,"Government deficit(-) or surplus(+), percent of GDP",Euro area (moving concept in the Real Time database context) - Deficit/surplus without UMTS proceeds - All sectors/ unspecified/ not applicable (ESA2010)-NCBs - General government (ESA2010)-NCBs - Non-financial flows current prices - Percentage,XDC_R_B1GQ,0,Replace,2014-05-07T15:30:00.000+02:00,
RTD.A.S0.N.F_UMD_CGG_D0.F,A,S0,N,F_UMD_CGG_D0,F,2010,-6.20925,A,F,,,P1Y,S,,,GFS.A.N.I10.W0.S13.S1._Z.B.B9._Z._Z._Z.XDC_R_B1GQ._Z.S.V.N._T,,,,,,"See <a class=""external"" href=""http://sdw.ecb.europa.eu/web/generator/docu/rtdb_docu.pdf""> notes</a>; block Annual; series: B",,4,,,"Government deficit(-) or surplus(+), percent of GDP",Euro area (moving concept in the Real Time database context) - Deficit/surplus without UMTS proceeds - All sectors/ unspecified/ not applicable (ESA2010)-NCBs - General government (ESA2010)-NCBs - Non-financial flows current prices - Percentage,XDC_R_B1GQ,0,Replace,2014-05-07T15:30:00.000+02:00,
RTD.A.S0.N.F_UMD_CGG_D0.F,A,S0,N,F_UMD_CGG_D0,F,2011,-4.10799,A,F,,,P1Y,S,,,GFS.A.N.I10.W0.S13.S1._Z.B.B9._Z._Z._Z.XDC_R_B1GQ._Z.S.V.N._T,,,,,,"See <a class=""external"" href=""http://sdw.ecb.europa.eu/web/generator/docu/rtdb_docu.pdf""> notes</a>; block Annual; series: B",,4,,,"Government deficit(-) or surplus(+), percent of GDP",Euro area (moving concept in the Real Time database context) - Deficit/surplus without UMTS proceeds - All sectors/ unspecified/ not applicable (ESA2010)-NCBs - General government (ESA2010)-NCBs - Non-financial flows current prices - Percentage,XDC_R_B1GQ,0,Replace,2014-05-07T15:30:00.000+02:00,
RTD.A.S0.N.F_UMD_CGG_D0.F,A,S0,N,F_UMD_CGG_D0,F,2012,-3.69229,A,F,,,P1Y,S,,,GFS.A.N.I10.W0.S13.S1._Z.B.B9._Z._Z._Z.XDC_R_B1GQ._Z.S.V.N._T,,,,,,"See <a class=""external"" href=""http://sdw.ecb.europa.eu/web/generator/docu/rtdb_docu.pdf""> notes</a>; block Annual; series: B",,4,,,"Government deficit(-) or surplus(+), percent of GDP",Euro area (moving concept in the Real Time database context) - Deficit/surplus without UMTS proceeds - All sectors/ unspecified/ not applicable (ESA2010)-NCBs - General government (ESA2010)-NCBs - Non-financial flows current prices - Percentage,XDC_R_B1GQ,0,Replace,2014-05-07T15:30:00.000+02:00,
RTD.A.S0.N.F_UMD_CGG_D0.F,A,S0,N,F_UMD_CGG_D0,F,2013,-3.02354,A,F,,,P1Y,S,,,GFS.A.N.I10.W0.S13.S1._Z.B.B9._Z._Z._Z.XDC_R_B1GQ._Z.S.V.N._T,,,,,,"See <a class=""external"" href=""http://sdw.ecb.europa.eu/web/generator/docu/rtdb_docu.pdf""> notes</a>; block Annual; series: B",,4,,,"Government deficit(-) or surplus(+), percent of GDP",Euro area (moving concept in the Real Time database context) - Deficit/surplus without UMTS proceeds - All sectors/ unspecified/ not applicable (ESA2010)-NCBs - General government (ESA2010)-NCBs - Non-financial flows current prices - Percentage,XDC_R_B1GQ,0,Replace,2014-05-07T15:30:00.000+02:00,
RTD.A.S0.N.F_UMD_CGG_D0.F,A,S0,N,F_UMD_CGG_D0,F,1995,-7.47879,A,F,,,P1Y,S,,,GFS.A.N.I10.W0.S13.S1._Z.B.B9._Z._Z._Z.XDC_R_B1GQ._Z.S.V.N._T,,,,,,"See <a class=""external"" href=""http://sdw.ecb.europa.eu/web/generator/docu/rtdb_docu.pdf""> notes</a>; block Annual; series: B",,4,,,"Government deficit(-) or surplus(+), percent of GDP",Euro area (moving concept in the Real Time database context) - Deficit/surplus without UMTS proceeds - All sectors/ unspecified/ not applicable (ESA2010)-NCBs - General government (ESA2010)-NCBs - Non-financial flows current prices - Percentage,XDC_R_B1GQ,0,Replace,2014-06-04T15:30:00.000+02:00,
RTD.A.S0.N.F_UMD_CGG_D0.F,A,S0,N,F_UMD_CGG_D0,F,1996,-4.33899,A,F,,,P1Y,S,,,GFS.A.N.I10.W0.S13.S1._Z.B.B9._Z._Z._Z.XDC_R_B1GQ._Z.S.V.N._T,,,,,,"See <a class=""external"" href=""http://sdw.ecb.europa.eu/web/generator/docu/rtdb_docu.pdf""> notes</a>; block Annual; series: B",,4,,,"Government deficit(-) or surplus(+), percent of GDP",Euro area (moving concept in the Real Time database context) - Deficit/surplus without UMTS proceeds - All sectors/ unspecified/ not applicable (ESA2010)-NCBs - General government (ESA2010)-NCBs - Non-financial flows current prices - Percentage,XDC_R_B1GQ,0,Replace,2014-06-04T15:30:00.000+02:00,
RTD.A.S0.N.F_UMD_CGG_D0.F,A,S0,N,F_UMD_CGG_D0,F,1998,-2.35984,A,F,,,P1Y,S,,,GFS.A.N.I10.W0.S13.S1._Z.B.B9._Z._Z._Z.XDC_R_B1GQ._Z.S.V.N._T,,,,,,"See <a class=""external"" href=""http://sdw.ecb.europa.eu/web/generator/docu/rtdb_docu.pdf""> notes</a>; block Annual; series: B",,4,,,"Government deficit(-) or surplus(+), percent of GDP",Euro area (moving concept in the Real Time database context) - Deficit/surplus without UMTS proceeds - All sectors/ unspecified/ not applicable (ESA2010)-NCBs - General government (ESA2010)-NCBs - Non-financial flows current prices - Percentage,XDC_R_B1GQ,0,Replace,2014-06-04T15:30:00.000+02:00,
RTD.A.S0.N.F_UMD_CGG_D0.F,A,S0,N,F_UMD_CGG_D0,F,2003,-3.15507,A,F,,,P1Y,S,,,GFS.A.N.I10.W0.S13.S1._Z.B.B9._Z._Z._Z.XDC_R_B1GQ._Z.S.V.N._T,,,,,,"See <a class=""external"" href=""http://sdw.ecb.europa.eu/web/generator/docu/rtdb_docu.pdf""> notes</a>; block Annual; series: B",,4,,,"Government deficit(-) or surplus(+), percent of GDP",Euro area (moving concept in the Real Time database context) - Deficit/surplus without UMTS proceeds - All sectors/ unspecified/ not applicable (ESA2010)-NCBs - General government (ESA2010)-NCBs - Non-financial flows current prices - Percentage,XDC_R_B1GQ,0,Replace,2014-06-04T15:30:00.000+02:00,
RTD.A.S0.N.F_UMD_CGG_D0.F,A,S0,N,F_UMD_CGG_D0,F,2004,-2.91646,A,F,,,P1Y,S,,,GFS.A.N.I10.W0.S13.S1._Z.B.B9._Z._Z._Z.XDC_R_B1GQ._Z.S.V.N._T,,,,,,"See <a class=""external"" href=""http://sdw.ecb.europa.eu/web/generator/docu/rtdb_docu.pdf""> notes</a>; block Annual; series: B",,4,,,"Government deficit(-) or surplus(+), percent of GDP",Euro area (moving concept in the Real Time database context) - Deficit/surplus without UMTS proceeds - All sectors/ unspecified/ not applicable (ESA2010)-NCBs - General government (ESA2010)-NCBs - Non-financial flows current prices - Percentage,XDC_R_B1GQ,0,Replace,2014-06-04T15:30:00.000+02:00,
RTD.A.S0.N.F_UMD_CGG_D0.F,A,S0,N,F_UMD_CGG_D0,F,2010,-6.20922,A,F,,,P1Y,S,,,GFS.A.N.I10.W0.S13.S1._Z.B.B9._Z._Z._Z.XDC_R_B1GQ._Z.S.V.N._T,,,,,,"See <a class=""external"" href=""http://sdw.ecb.europa.eu/web/generator/docu/rtdb_docu.pdf""> notes</a>; block Annual; series: B",,4,,,"Government deficit(-) or surplus(+), percent of GDP",Euro area (moving concept in the Real Time database context) - Deficit/surplus without UMTS proceeds - All sectors/ unspecified/ not applicable (ESA2010)-NCBs - General government (ESA2010)-NCBs - Non-financial flows current prices - Percentage,XDC_R_B1GQ,0,Replace,2014-06-04T15:30:00.000+02:00,
RTD.A.S0.N.F_UMD_CGG_D0.F,A,S0,N,F_UMD_CGG_D0,F,2012,-3.6923,A,F,,,P1Y,S,,,GFS.A.N.I10.W0.S13.S1._Z.B.B9._Z._Z._Z.XDC_R_B1GQ._Z.S.V.N._T,,,,,,"See <a class=""external"" href=""http://sdw.ecb.europa.eu/web/generator/docu/rtdb_docu.pdf""> notes</a>; block Annual; series: B",,4,,,"Government deficit(-) or surplus(+), percent of GDP",Euro area (moving concept in the Real Time database context) - Deficit/surplus without UMTS proceeds - All sectors/ unspecified/ not applicable (ESA2010)-NCBs - General government (ESA2010)-NCBs - Non-financial flows current prices - Percentage,XDC_R_B1GQ,0,Replace,2014-06-04T15:30:00.000+02:00,
RTD.A.S0.N.F_UMD_CGG_D0.F,A,S0,N,F_UMD_CGG_D0,F,2013,-2.97166,A,F,,,P1Y,S,,,GFS.A.N.I10.W0.S13.S1._Z.B.B9._Z._Z._Z.XDC_R_B1GQ._Z.S.V.N._T,,,,,,"See <a class=""external"" href=""http://sdw.ecb.europa.eu/web/generator/docu/rtdb_docu.pdf""> notes</a>; block Annual; series: B",,4,,,"Government deficit(-) or surplus(+), percent of GDP",Euro area (moving concept in the Real Time database context) - Deficit/surplus without UMTS proceeds - All sectors/ unspecified/ not applicable (ESA2010)-NCBs - General government (ESA2010)-NCBs - Non-financial flows current prices - Percentage,XDC_R_B1GQ,0,Replace,2014-06-04T15:30:00.000+02:00,
RTD.A.S0.N.F_UMD_CGG_D0.F,A,S0,N,F_UMD_CGG_D0,F,2000,-0.21492,A,F,,,P1Y,S,,,GFS.A.N.I10.W0.S13.S1._Z.B.B9._Z._Z._Z.XDC_R_B1GQ._Z.S.V.N._T,,,,,,"See <a class=""external"" href=""http://sdw.ecb.europa.eu/web/generator/docu/rtdb_docu.pdf""> notes</a>; block Annual; series: B",,4,,,"Government deficit(-) or surplus(+), percent of GDP",Euro area (moving concept in the Real Time database context) - Deficit/surplus without UMTS proceeds - All sectors/ unspecified/ not applicable (ESA2010)-NCBs - General government (ESA2010)-NCBs - Non-financial flows current prices - Percentage,XDC_R_B1GQ,0,Replace,2014-11-05T15:30:00.000+01:00,
RTD.A.S0.N.F_UMD_CGG_D0.F,A,S0,N,F_UMD_CGG_D0,F,2001,-1.99164,A,F,,,P1Y,S,,,GFS.A.N.I10.W0.S13.S1._Z.B.B9._Z._Z._Z.XDC_R_B1GQ._Z.S.V.N._T,,,,,,"See <a class=""external"" href=""http://sdw.ecb.europa.eu/web/generator/docu/rtdb_docu.pdf""> notes</a>; block Annual; series: B",,4,,,"Government deficit(-) or surplus(+), percent of GDP",Euro area (moving concept in the Real Time database context) - Deficit/surplus without UMTS proceeds - All sectors/ unspecified/ not applicable (ESA2010)-NCBs - General government (ESA2010)-NCBs - Non-financial flows current prices - Percentage,XDC_R_B1GQ,0,Replace,2014-11-05T15:30:00.000+01:00,
RTD.A.S0.N.F_UMD_CGG_D0.F,A,S0,N,F_UMD_CGG_D0,F,2002,-2.67867,A,F,,,P1Y,S,,,GFS.A.N.I10.W0.S13.S1._Z.B.B9._Z._Z._Z.XDC_R_B1GQ._Z.S.V.N._T,,,,,,"See <a class=""external"" href=""http://sdw.ecb.europa.eu/web/generator/docu/rtdb_docu.pdf""> notes</a>; block Annual; series: B",,4,,,"Government deficit(-) or surplus(+), percent of GDP",Euro area (moving concept in the Real Time database context) - Deficit/surplus without UMTS proceeds - All sectors/ unspecified/ not applicable (ESA2010)-NCBs - General government (ESA2010)-NCBs - Non-financial flows current prices - Percentage,XDC_R_B1GQ,0,Replace,2014-11-05T15:30:00.000+01:00,
RTD.A.S0.N.F_UMD_CGG_D0.F,A,S0,N,F_UMD_CGG_D0,F,2003,-3.10965,A,F,,,P1Y,S,,,GFS.A.N.I10.W0.S13.S1._Z.B.B9._Z._Z._Z.XDC_R_B1GQ._Z.S.V.N._T,,,,,,"See <a class=""external"" href=""http://sdw.ecb.europa.eu/web/generator/docu/rtdb_docu.pdf""> notes</a>; block Annual; series: B",,4,,,"Government deficit(-) or surplus(+), percent of GDP",Euro area (moving concept in the Real Time database context) - Deficit/surplus without UMTS proceeds - All sectors/ unspecified/ not applicable (ESA2010)-NCBs - General government (ESA2010)-NCBs - Non-financial flows current prices - Percentage,XDC_R_B1GQ,0,Replace,2014-11-05T15:30:00.000+01:00,
RTD.A.S0.N.F_UMD_CGG_D0.F,A,S0,N,F_UMD_CGG_D0,F,2004,-2.89909,A,F,,,P1Y,S,,,GFS.A.N.I10.W0.S13.S1._Z.B.B9._Z._Z._Z.XDC_R_B1GQ._Z.S.V.N._T,,,,,,"See <a class=""external"" href=""http://sdw.ecb.europa.eu/web/generator/docu/rtdb_docu.pdf""> notes</a>; block Annual; series: B",,4,,,"Government deficit(-) or surplus(+), percent of GDP",Euro area (moving concept in the Real Time database context) - Deficit/surplus without UMTS proceeds - All sectors/ unspecified/ not applicable (ESA2010)-NCBs - General government (ESA2010)-NCBs - Non-financial flows current prices - Percentage,XDC_R_B1GQ,0,Replace,2014-11-05T15:30:00.000+01:00,
RTD.A.S0.N.F_UMD_CGG_D0.F,A,S0,N,F_UMD_CGG_D0,F,2005,-2.53423,A,F,,,P1Y,S,,,GFS.A.N.I10.W0.S13.S1._Z.B.B9._Z._Z._Z.XDC_R_B1GQ._Z.S.V.N._T,,,,,,"See <a class=""external"" href=""http://sdw.ecb.europa.eu/web/generator/docu/rtdb_docu.pdf""> notes</a>; block Annual; series: B",,4,,,"Government deficit(-) or surplus(+), percent of GDP",Euro area (moving concept in the Real Time database context) - Deficit/surplus without UMTS proceeds - All sectors/ unspecified/ not applicable (ESA2010)-NCBs - General government (ESA2010)-NCBs - Non-financial flows current prices - Percentage,XDC_R_B1GQ,0,Replace,2014-11-05T15:30:00.000+01:00,
RTD.A.S0.N.F_UMD_CGG_D0.F,A,S0,N,F_UMD_CGG_D0,F,2006,-1.45455,A,F,,,P1Y,S,,,GFS.A.N.I10.W0.S13.S1._Z.B.B9._Z._Z._Z.XDC_R_B1GQ._Z.S.V.N._T,,,,,,"See <a class=""external"" href=""http://sdw.ecb.europa.eu/web/generator/docu/rtdb_docu.pdf""> notes</a>; block Annual; series: B",,4,,,"Government deficit(-) or surplus(+), percent of GDP",Euro area (moving concept in the Real Time database context) - Deficit/surplus without UMTS proceeds - All sectors/ unspecified/ not applicable (ESA2010)-NCBs - General government (ESA2010)-NCBs - Non-financial flows current prices - Percentage,XDC_R_B1GQ,0,Replace,2014-11-05T15:30:00.000+01:00,
RTD.A.S0.N.F_UMD_CGG_D0.F,A,S0,N,F_UMD_CGG_D0,F,2007,-0.60938,A,F,,,P1Y,S,,,GFS.A.N.I10.W0.S13.S1._Z.B.B9._Z._Z._Z.XDC_R_B1GQ._Z.S.V.N._T,,,,,,"See <a class=""external"" href=""http://sdw.ecb.europa.eu/web/generator/docu/rtdb_docu.pdf""> notes</a>; block Annual; series: B",,4,,,"Government deficit(-) or surplus(+), percent of GDP",Euro area (moving concept in the Real Time database context) - Deficit/surplus without UMTS proceeds - All sectors/ unspecified/ not applicable (ESA2010)-NCBs - General government (ESA2010)-NCBs - Non-financial flows current prices - Percentage,XDC_R_B1GQ,0,Replace,2014-11-05T15:30:00.000+01:00,
RTD.A.S0.N.F_UMD_CGG_D0.F,A,S0,N,F_UMD_CGG_D0,F,2008,-2.11216,A,F,,,P1Y,S,,,GFS.A.N.I10.W0.S13.S1._Z.B.B9._Z._Z._Z.XDC_R_B1GQ._Z.S.V.N._T,,,,,,"See <a class=""external"" href=""http://sdw.ecb.europa.eu/web/generator/docu/rtdb_docu.pdf""> notes</a>; block Annual; series: B",,4,,,"Government deficit(-) or surplus(+), percent of GDP",Euro area (moving concept in the Real Time database context) - Deficit/surplus without UMTS proceeds - All sectors/ unspecified/ not applicable (ESA2010)-NCBs - General government (ESA2010)-NCBs - Non-financial flows current prices - Percentage,XDC_R_B1GQ,0,Replace,2014-11-05T15:30:00.000+01:00,
RTD.A.S0.N.F_UMD_CGG_D0.F,A,S0,N,F_UMD_CGG_D0,F,2009,-6.18928,A,F,,,P1Y,S,,,GFS.A.N.I10.W0.S13.S1._Z.B.B9._Z._Z._Z.XDC_R_B1GQ._Z.S.V.N._T,,,,,,"See <a class=""external"" href=""http://sdw.ecb.europa.eu/web/generator/docu/rtdb_docu.pdf""> notes</a>; block Annual; series: B",,4,,,"Government deficit(-) or surplus(+), percent of GDP",Euro area (moving concept in the Real Time database context) - Deficit/surplus without UMTS proceeds - All sectors/ unspecified/ not applicable (ESA2010)-NCBs - General government (ESA2010)-NCBs - Non-financial flows current prices - Percentage,XDC_R_B1GQ,0,Replace,2014-11-05T15:30:00.000+01:00,
RTD.A.S0.N.F_UMD_CGG_D0.F,A,S0,N,F_UMD_CGG_D0,F,2010,-6.12988,A,F,,,P1Y,S,,,GFS.A.N.I10.W0.S13.S1._Z.B.B9._Z._Z._Z.XDC_R_B1GQ._Z.S.V.N._T,,,,,,"See <a class=""external"" href=""http://sdw.ecb.europa.eu/web/generator/docu/rtdb_docu.pdf""> notes</a>; block Annual; series: B",,4,,,"Government deficit(-) or surplus(+), percent of GDP",Euro area (moving concept in the Real Time database context) - Deficit/surplus without UMTS proceeds - All sectors/ unspecified/ not applicable (ESA2010)-NCBs - General government (ESA2010)-NCBs - Non-financial flows current prices - Percentage,XDC_R_B1GQ,0,Replace,2014-11-05T15:30:00.000+01:00,
RTD.A.S0.N.F_UMD_CGG_D0.F,A,S0,N,F_UMD_CGG_D0,F,2011,-4.11183,A,F,,,P1Y,S,,,GFS.A.N.I10.W0.S13.S1._Z.B.B9._Z._Z._Z.XDC_R_B1GQ._Z.S.V.N._T,,,,,,"See <a class=""external"" href=""http://sdw.ecb.europa.eu/web/generator/docu/rtdb_docu.pdf""> notes</a>; block Annual; series: B",,4,,,"Government deficit(-) or surplus(+), percent of GDP",Euro area (moving concept in the Real Time database context) - Deficit/surplus without UMTS proceeds - All sectors/ unspecified/ not applicable (ESA2010)-NCBs - General government (ESA2010)-NCBs - Non-financial flows current prices - Percentage,XDC_R_B1GQ,0,Replace,2014-11-05T15:30:00.000+01:00,
RTD.A.S0.N.F_UMD_CGG_D0.F,A,S0,N,F_UMD_CGG_D0,F,2012,-3.62076,A,F,,,P1Y,S,,,GFS.A.N.I10.W0.S13.S1._Z.B.B9._Z._Z._Z.XDC_R_B1GQ._Z.S.V.N._T,,,,,,"See <a class=""external"" href=""http://sdw.ecb.europa.eu/web/generator/docu/rtdb_docu.pdf""> notes</a>; block Annual; series: B",,4,,,"Government deficit(-) or surplus(+), percent of GDP",Euro area (moving concept in the Real Time database context) - Deficit/surplus without UMTS proceeds - All sectors/ unspecified/ not applicable (ESA2010)-NCBs - General government (ESA2010)-NCBs - Non-financial flows current prices - Percentage,XDC_R_B1GQ,0,Replace,2014-11-05T15:30:00.000+01:00,
RTD.A.S0.N.F_UMD_CGG_D0.F,A,S0,N,F_UMD_CGG_D0,F,2013,-2.89436,A,F,,,P1Y,S,,,GFS.A.N.I10.W0.S13.S1._Z.B.B9._Z._Z._Z.XDC_R_B1GQ._Z.S.V.N._T,,,,,,"See <a class=""external"" href=""http://sdw.ecb.europa.eu/web/generator/docu/rtdb_docu.pdf""> notes</a>; block Annual; series: B",,4,,,"Government deficit(-) or surplus(+), percent of GDP",Euro area (moving concept in the Real Time database context) - Deficit/surplus without UMTS proceeds - All sectors/ unspecified/ not applicable (ESA2010)-NCBs - General government (ESA2010)-NCBs - Non-financial flows current prices - Percentage,XDC_R_B1GQ,0,Replace,2014-11-05T15:30:00.000+01:00,
RTD.A.S0.N.F_UMD_CGG_D0.F,A,S0,N,F_UMD_CGG_D0,F,1995,-7.25717,A,F,,,P1Y,S,,,GFS.A.N.I10.W0.S13.S1._Z.B.B9._Z._Z._Z.XDC_R_B1GQ._Z.S.V.N._T,,,,,,"See <a class=""external"" href=""http://sdw.ecb.europa.eu/web/generator/docu/rtdb_docu.pdf""> notes</a>; block Annual; series: B",,4,,,"Government deficit(-) or surplus(+), percent of GDP",Euro area (moving concept in the Real Time database context) - Deficit/surplus without UMTS proceeds - All sectors/ unspecified/ not applicable (ESA2010)-NCBs - General government (ESA2010)-NCBs - Non-financial flows current prices - Percentage,XDC_R_B1GQ,0,Replace,2014-12-03T15:30:00.000+01:00,
RTD.A.S0.N.F_UMD_CGG_D0.F,A,S0,N,F_UMD_CGG_D0,F,1996,-4.214,A,F,,,P1Y,S,,,GFS.A.N.I10.W0.S13.S1._Z.B.B9._Z._Z._Z.XDC_R_B1GQ._Z.S.V.N._T,,,,,,"See <a class=""external"" href=""http://sdw.ecb.europa.eu/web/generator/docu/rtdb_docu.pdf""> notes</a>; block Annual; series: B",,4,,,"Government deficit(-) or surplus(+), percent of GDP",Euro area (moving concept in the Real Time database context) - Deficit/surplus without UMTS proceeds - All sectors/ unspecified/ not applicable (ESA2010)-NCBs - General government (ESA2010)-NCBs - Non-financial flows current prices - Percentage,XDC_R_B1GQ,0,Replace,2014-12-03T15:30:00.000+01:00,
RTD.A.S0.N.F_UMD_CGG_D0.F,A,S0,N,F_UMD_CGG_D0,F,1997,-2.95389,A,F,,,P1Y,S,,,GFS.A.N.I10.W0.S13.S1._Z.B.B9._Z._Z._Z.XDC_R_B1GQ._Z.S.V.N._T,,,,,,"See <a class=""external"" href=""http://sdw.ecb.europa.eu/web/generator/docu/rtdb_docu.pdf""> notes</a>; block Annual; series: B",,4,,,"Government deficit(-) or surplus(+), percent of GDP",Euro area (moving concept in the Real Time database context) - Deficit/surplus without UMTS proceeds - All sectors/ unspecified/ not applicable (ESA2010)-NCBs - General government (ESA2010)-NCBs - Non-financial flows current prices - Percentage,XDC_R_B1GQ,0,Replace,2014-12-03T15:30:00.000+01:00,
RTD.A.S0.N.F_UMD_CGG_D0.F,A,S0,N,F_UMD_CGG_D0,F,1998,-2.33975,A,F,,,P1Y,S,,,GFS.A.N.I10.W0.S13.S1._Z.B.B9._Z._Z._Z.XDC_R_B1GQ._Z.S.V.N._T,,,,,,"See <a class=""external"" href=""http://sdw.ecb.europa.eu/web/generator/docu/rtdb_docu.pdf""> notes</a>; block Annual; series: B",,4,,,"Government deficit(-) or surplus(+), percent of GDP",Euro area (moving concept in the Real Time database context) - Deficit/surplus without UMTS proceeds - All sectors/ unspecified/ not applicable (ESA2010)-NCBs - General government (ESA2010)-NCBs - Non-financial flows current prices - Percentage,XDC_R_B1GQ,0,Replace,2014-12-03T15:30:00.000+01:00,
RTD.A.S0.N.F_UMD_CGG_D0.F,A,S0,N,F_UMD_CGG_D0,F,1999,-1.39717,A,F,,,P1Y,S,,,GFS.A.N.I10.W0.S13.S1._Z.B.B9._Z._Z._Z.XDC_R_B1GQ._Z.S.V.N._T,,,,,,"See <a class=""external"" href=""http://sdw.ecb.europa.eu/web/generator/docu/rtdb_docu.pdf""> notes</a>; block Annual; series: B",,4,,,"Government deficit(-) or surplus(+), percent of GDP",Euro area (moving concept in the Real Time database context) - Deficit/surplus without UMTS proceeds - All sectors/ unspecified/ not applicable (ESA2010)-NCBs - General government (ESA2010)-NCBs - Non-financial flows current prices - Percentage,XDC_R_B1GQ,0,Replace,2014-12-03T15:30:00.000+01:00,
RTD.A.S0.N.F_UMD_CGG_D0.F,A,S0,N,F_UMD_CGG_D0,F,2001,-1.99163,A,F,,,P1Y,S,,,GFS.A.N.I10.W0.S13.S1._Z.B.B9._Z._Z._Z.XDC_R_B1GQ._Z.S.V.N._T,,,,,,"See <a class=""external"" href=""http://sdw.ecb.europa.eu/web/generator/docu/rtdb_docu.pdf""> notes</a>; block Annual; series: B",,4,,,"Government deficit(-) or surplus(+), percent of GDP",Euro area (moving concept in the Real Time database context) - Deficit/surplus without UMTS proceeds - All sectors/ unspecified/ not applicable (ESA2010)-NCBs - General government (ESA2010)-NCBs - Non-financial flows current prices - Percentage,XDC_R_B1GQ,0,Replace,2014-12-03T15:30:00.000+01:00,
RTD.A.S0.N.F_UMD_CGG_D0.F,A,S0,N,F_UMD_CGG_D0,F,2002,-2.67866,A,F,,,P1Y,S,,,GFS.A.N.I10.W0.S13.S1._Z.B.B9._Z._Z._Z.XDC_R_B1GQ._Z.S.V.N._T,,,,,,"See <a class=""external"" href=""http://sdw.ecb.europa.eu/web/generator/docu/rtdb_docu.pdf""> notes</a>; block Annual; series: B",,4,,,"Government deficit(-) or surplus(+), percent of GDP",Euro area (moving concept in the Real Time database context) - Deficit/surplus without UMTS proceeds - All sectors/ unspecified/ not applicable (ESA2010)-NCBs - General government (ESA2010)-NCBs - Non-financial flows current prices - Percentage,XDC_R_B1GQ,0,Replace,2014-12-03T15:30:00.000+01:00,
RTD.A.S0.N.F_UMD_CGG_D0.F,A,S0,N,F_UMD_CGG_D0,F,2004,-2.8991,A,F,,,P1Y,S,,,GFS.A.N.I10.W0.S13.S1._Z.B.B9._Z._Z._Z.XDC_R_B1GQ._Z.S.V.N._T,,,,,,"See <a class=""external"" href=""http://sdw.ecb.europa.eu/web/generator/docu/rtdb_docu.pdf""> notes</a>; block Annual; series: B",,4,,,"Government deficit(-) or surplus(+), percent of GDP",Euro area (moving concept in the Real Time database context) - Deficit/surplus without UMTS proceeds - All sectors/ unspecified/ not applicable (ESA2010)-NCBs - General government (ESA2010)-NCBs - Non-financial flows current prices - Percentage,XDC_R_B1GQ,0,Replace,2014-12-03T15:30:00.000+01:00,
RTD.A.S0.N.F_UMD_CGG_D0.F,A,S0,N,F_UMD_CGG_D0,F,2005,-2.53426,A,F,,,P1Y,S,,,GFS.A.N.I10.W0.S13.S1._Z.B.B9._Z._Z._Z.XDC_R_B1GQ._Z.S.V.N._T,,,,,,"See <a class=""external"" href=""http://sdw.ecb.europa.eu/web/generator/docu/rtdb_docu.pdf""> notes</a>; block Annual; series: B",,4,,,"Government deficit(-) or surplus(+), percent of GDP",Euro area (moving concept in the Real Time database context) - Deficit/surplus without UMTS proceeds - All sectors/ unspecified/ not applicable (ESA2010)-NCBs - General government (ESA2010)-NCBs - Non-financial flows current prices - Percentage,XDC_R_B1GQ,0,Replace,2014-12-03T15:30:00.000+01:00,
RTD.A.S0.N.F_UMD_CGG_D0.F,A,S0,N,F_UMD_CGG_D0,F,2006,-1.45457,A,F,,,P1Y,S,,,GFS.A.N.I10.W0.S13.S1._Z.B.B9._Z._Z._Z.XDC_R_B1GQ._Z.S.V.N._T,,,,,,"See <a class=""external"" href=""http://sdw.ecb.europa.eu/web/generator/docu/rtdb_docu.pdf""> notes</a>; block Annual; series: B",,4,,,"Government deficit(-) or surplus(+), percent of GDP",Euro area (moving concept in the Real Time database context) - Deficit/surplus without UMTS proceeds - All sectors/ unspecified/ not applicable (ESA2010)-NCBs - General government (ESA2010)-NCBs - Non-financial flows current prices - Percentage,XDC_R_B1GQ,0,Replace,2014-12-03T15:30:00.000+01:00,
RTD.A.S0.N.F_UMD_CGG_D0.F,A,S0,N,F_UMD_CGG_D0,F,2007,-0.60939,A,F,,,P1Y,S,,,GFS.A.N.I10.W0.S13.S1._Z.B.B9._Z._Z._Z.XDC_R_B1GQ._Z.S.V.N._T,,,,,,"See <a class=""external"" href=""http://sdw.ecb.europa.eu/web/generator/docu/rtdb_docu.pdf""> notes</a>; block Annual; series: B",,4,,,"Government deficit(-) or surplus(+), percent of GDP",Euro area (moving concept in the Real Time database context) - Deficit/surplus without UMTS proceeds - All sectors/ unspecified/ not applicable (ESA2010)-NCBs - General government (ESA2010)-NCBs - Non-financial flows current prices - Percentage,XDC_R_B1GQ,0,Replace,2014-12-03T15:30:00.000+01:00,
RTD.A.S0.N.F_UMD_CGG_D0.F,A,S0,N,F_UMD_CGG_D0,F,2008,-2.11222,A,F,,,P1Y,S,,,GFS.A.N.I10.W0.S13.S1._Z.B.B9._Z._Z._Z.XDC_R_B1GQ._Z.S.V.N._T,,,,,,"See <a class=""external"" href=""http://sdw.ecb.europa.eu/web/generator/docu/rtdb_docu.pdf""> notes</a>; block Annual; series: B",,4,,,"Government deficit(-) or surplus(+), percent of GDP",Euro area (moving concept in the Real Time database context) - Deficit/surplus without UMTS proceeds - All sectors/ unspecified/ not applicable (ESA2010)-NCBs - General government (ESA2010)-NCBs - Non-financial flows current prices - Percentage,XDC_R_B1GQ,0,Replace,2014-12-03T15:30:00.000+01:00,
RTD.A.S0.N.F_UMD_CGG_D0.F,A,S0,N,F_UMD_CGG_D0,F,2009,-6.18939,A,F,,,P1Y,S,,,GFS.A.N.I10.W0.S13.S1._Z.B.B9._Z._Z._Z.XDC_R_B1GQ._Z.S.V.N._T,,,,,,"See <a class=""external"" href=""http://sdw.ecb.europa.eu/web/generator/docu/rtdb_docu.pdf""> notes</a>; block Annual; series: B",,4,,,"Government deficit(-) or surplus(+), percent of GDP",Euro area (moving concept in the Real Time database context) - Deficit/surplus without UMTS proceeds - All sectors/ unspecified/ not applicable (ESA2010)-NCBs - General government (ESA2010)-NCBs - Non-financial flows current prices - Percentage,XDC_R_B1GQ,0,Replace,2014-12-03T15:30:00.000+01:00,
RTD.A.S0.N.F_UMD_CGG_D0.F,A,S0,N,F_UMD_CGG_D0,F,1995,-7.28961,A,F,,,P1Y,S,,,GFS.A.N.I10.W0.S13.S1._Z.B.B9._Z._Z._Z.XDC_R_B1GQ._Z.S.V.N._T,,,,,,"See <a class=""external"" href=""http://sdw.ecb.europa.eu/web/generator/docu/rtdb_docu.pdf""> notes</a>; block Annual; series: B",,4,,,"Government deficit(-) or surplus(+), percent of GDP",Euro area (moving concept in the Real Time database context) - Deficit/surplus without UMTS proceeds - All sectors/ unspecified/ not applicable (ESA2010)-NCBs - General government (ESA2010)-NCBs - Non-financial flows current prices - Percentage,XDC_R_B1GQ,0,Replace,2015-06-02T15:30:00.000+02:00,
RTD.A.S0.N.F_UMD_CGG_D0.F,A,S0,N,F_UMD_CGG_D0,F,1996,-4.25174,A,F,,,P1Y,S,,,GFS.A.N.I10.W0.S13.S1._Z.B.B9._Z._Z._Z.XDC_R_B1GQ._Z.S.V.N._T,,,,,,"See <a class=""external"" href=""http://sdw.ecb.europa.eu/web/generator/docu/rtdb_docu.pdf""> notes</a>; block Annual; series: B",,4,,,"Government deficit(-) or surplus(+), percent of GDP",Euro area (moving concept in the Real Time database context) - Deficit/surplus without UMTS proceeds - All sectors/ unspecified/ not applicable (ESA2010)-NCBs - General government (ESA2010)-NCBs - Non-financial flows current prices - Percentage,XDC_R_B1GQ,0,Replace,2015-06-02T15:30:00.000+02:00,
RTD.A.S0.N.F_UMD_CGG_D0.F,A,S0,N,F_UMD_CGG_D0,F,1997,-3.00758,A,F,,,P1Y,S,,,GFS.A.N.I10.W0.S13.S1._Z.B.B9._Z._Z._Z.XDC_R_B1GQ._Z.S.V.N._T,,,,,,"See <a class=""external"" href=""http://sdw.ecb.europa.eu/web/generator/docu/rtdb_docu.pdf""> notes</a>; block Annual; series: B",,4,,,"Government deficit(-) or surplus(+), percent of GDP",Euro area (moving concept in the Real Time database context) - Deficit/surplus without UMTS proceeds - All sectors/ unspecified/ not applicable (ESA2010)-NCBs - General government (ESA2010)-NCBs - Non-financial flows current prices - Percentage,XDC_R_B1GQ,0,Replace,2015-06-02T15:30:00.000+02:00,
RTD.A.S0.N.F_UMD_CGG_D0.F,A,S0,N,F_UMD_CGG_D0,F,1998,-2.36881,A,F,,,P1Y,S,,,GFS.A.N.I10.W0.S13.S1._Z.B.B9._Z._Z._Z.XDC_R_B1GQ._Z.S.V.N._T,,,,,,"See <a class=""external"" href=""http://sdw.ecb.europa.eu/web/generator/docu/rtdb_docu.pdf""> notes</a>; block Annual; series: B",,4,,,"Government deficit(-) or surplus(+), percent of GDP",Euro area (moving concept in the Real Time database context) - Deficit/surplus without UMTS proceeds - All sectors/ unspecified/ not applicable (ESA2010)-NCBs - General government (ESA2010)-NCBs - Non-financial flows current prices - Percentage,XDC_R_B1GQ,0,Replace,2015-06-02T15:30:00.000+02:00,
RTD.A.S0.N.F_UMD_CGG_D0.F,A,S0,N,F_UMD_CGG_D0,F,1999,-1.4251,A,F,,,P1Y,S,,,GFS.A.N.I10.W0.S13.S1._Z.B.B9._Z._Z._Z.XDC_R_B1GQ._Z.S.V.N._T,,,,,,"See <a class=""external"" href=""http://sdw.ecb.europa.eu/web/generator/docu/rtdb_docu.pdf""> notes</a>; block Annual; series: B",,4,,,"Government deficit(-) or surplus(+), percent of GDP",Euro area (moving concept in the Real Time database context) - Deficit/surplus without UMTS proceeds - All sectors/ unspecified/ not applicable (ESA2010)-NCBs - General government (ESA2010)-NCBs - Non-financial flows current prices - Percentage,XDC_R_B1GQ,0,Replace,2015-06-02T15:30:00.000+02:00,
RTD.A.S0.N.F_UMD_CGG_D0.F,A,S0,N,F_UMD_CGG_D0,F,2000,-0.24089,A,F,,,P1Y,S,,,GFS.A.N.I10.W0.S13.S1._Z.B.B9._Z._Z._Z.XDC_R_B1GQ._Z.S.V.N._T,,,,,,"See <a class=""external"" href=""http://sdw.ecb.europa.eu/web/generator/docu/rtdb_docu.pdf""> notes</a>; block Annual; series: B",,4,,,"Government deficit(-) or surplus(+), percent of GDP",Euro area (moving concept in the Real Time database context) - Deficit/surplus without UMTS proceeds - All sectors/ unspecified/ not applicable (ESA2010)-NCBs - General government (ESA2010)-NCBs - Non-financial flows current prices - Percentage,XDC_R_B1GQ,0,Replace,2015-06-02T15:30:00.000+02:00,
RTD.A.S0.N.F_UMD_CGG_D0.F,A,S0,N,F_UMD_CGG_D0,F,2001,-1.99366,A,F,,,P1Y,S,,,GFS.A.N.I10.W0.S13.S1._Z.B.B9._Z._Z._Z.XDC_R_B1GQ._Z.S.V.N._T,,,,,,"See <a class=""external"" href=""http://sdw.ecb.europa.eu/web/generator/docu/rtdb_docu.pdf""> notes</a>; block Annual; series: B",,4,,,"Government deficit(-) or surplus(+), percent of GDP",Euro area (moving concept in the Real Time database context) - Deficit/surplus without UMTS proceeds - All sectors/ unspecified/ not applicable (ESA2010)-NCBs - General government (ESA2010)-NCBs - Non-financial flows current prices - Percentage,XDC_R_B1GQ,0,Replace,2015-06-02T15:30:00.000+02:00,
RTD.A.S0.N.F_UMD_CGG_D0.F,A,S0,N,F_UMD_CGG_D0,F,2002,-2.67656,A,F,,,P1Y,S,,,GFS.A.N.I10.W0.S13.S1._Z.B.B9._Z._Z._Z.XDC_R_B1GQ._Z.S.V.N._T,,,,,,"See <a class=""external"" href=""http://sdw.ecb.europa.eu/web/generator/docu/rtdb_docu.pdf""> notes</a>; block Annual; series: B",,4,,,"Government deficit(-) or surplus(+), percent of GDP",Euro area (moving concept in the Real Time database context) - Deficit/surplus without UMTS proceeds - All sectors/ unspecified/ not applicable (ESA2010)-NCBs - General government (ESA2010)-NCBs - Non-financial flows current prices - Percentage,XDC_R_B1GQ,0,Replace,2015-06-02T15:30:00.000+02:00,
RTD.A.S0.N.F_UMD_CGG_D0.F,A,S0,N,F_UMD_CGG_D0,F,2003,-3.1004,A,F,,,P1Y,S,,,GFS.A.N.I10.W0.S13.S1._Z.B.B9._Z._Z._Z.XDC_R_B1GQ._Z.S.V.N._T,,,,,,"See <a class=""external"" href=""http://sdw.ecb.europa.eu/web/generator/docu/rtdb_docu.pdf""> notes</a>; block Annual; series: B",,4,,,"Government deficit(-) or surplus(+), percent of GDP",Euro area (moving concept in the Real Time database context) - Deficit/surplus without UMTS proceeds - All sectors/ unspecified/ not applicable (ESA2010)-NCBs - General government (ESA2010)-NCBs - Non-financial flows current prices - Percentage,XDC_R_B1GQ,0,Replace,2015-06-02T15:30:00.000+02:00,
RTD.A.S0.N.F_UMD_CGG_D0.F,A,S0,N,F_UMD_CGG_D0,F,2004,-2.89487,A,F,,,P1Y,S,,,GFS.A.N.I10.W0.S13.S1._Z.B.B9._Z._Z._Z.XDC_R_B1GQ._Z.S.V.N._T,,,,,,"See <a class=""external"" href=""http://sdw.ecb.europa.eu/web/generator/docu/rtdb_docu.pdf""> notes</a>; block Annual; series: B",,4,,,"Government deficit(-) or surplus(+), percent of GDP",Euro area (moving concept in the Real Time database context) - Deficit/surplus without UMTS proceeds - All sectors/ unspecified/ not applicable (ESA2010)-NCBs - General government (ESA2010)-NCBs - Non-financial flows current prices - Percentage,XDC_R_B1GQ,0,Replace,2015-06-02T15:30:00.000+02:00,
RTD.A.S0.N.F_UMD_CGG_D0.F,A,S0,N,F_UMD_CGG_D0,F,2005,-2.5351,A,F,,,P1Y,S,,,GFS.A.N.I10.W0.S13.S1._Z.B.B9._Z._Z._Z.XDC_R_B1GQ._Z.S.V.N._T,,,,,,"See <a class=""external"" href=""http://sdw.ecb.europa.eu/web/generator/docu/rtdb_docu.pdf""> notes</a>; block Annual; series: B",,4,,,"Government deficit(-) or surplus(+), percent of GDP",Euro area (moving concept in the Real Time database context) - Deficit/surplus without UMTS proceeds - All sectors/ unspecified/ not applicable (ESA2010)-NCBs - General government (ESA2010)-NCBs - Non-financial flows current prices - Percentage,XDC_R_B1GQ,0,Replace,2015-06-02T15:30:00.000+02:00,
RTD.A.S0.N.F_UMD_CGG_D0.F,A,S0,N,F_UMD_CGG_D0,F,2006,-1.45042,A,F,,,P1Y,S,,,GFS.A.N.I10.W0.S13.S1._Z.B.B9._Z._Z._Z.XDC_R_B1GQ._Z.S.V.N._T,,,,,,"See <a class=""external"" href=""http://sdw.ecb.europa.eu/web/generator/docu/rtdb_docu.pdf""> notes</a>; block Annual; series: B",,4,,,"Government deficit(-) or surplus(+), percent of GDP",Euro area (moving concept in the Real Time database context) - Deficit/surplus without UMTS proceeds - All sectors/ unspecified/ not applicable (ESA2010)-NCBs - General government (ESA2010)-NCBs - Non-financial flows current prices - Percentage,XDC_R_B1GQ,0,Replace,2015-06-02T15:30:00.000+02:00,
RTD.A.S0.N.F_UMD_CGG_D0.F,A,S0,N,F_UMD_CGG_D0,F,2007,-0.60936,A,F,,,P1Y,S,,,GFS.A.N.I10.W0.S13.S1._Z.B.B9._Z._Z._Z.XDC_R_B1GQ._Z.S.V.N._T,,,,,,"See <a class=""external"" href=""http://sdw.ecb.europa.eu/web/generator/docu/rtdb_docu.pdf""> notes</a>; block Annual; series: B",,4,,,"Government deficit(-) or surplus(+), percent of GDP",Euro area (moving concept in the Real Time database context) - Deficit/surplus without UMTS proceeds - All sectors/ unspecified/ not applicable (ESA2010)-NCBs - General government (ESA2010)-NCBs - Non-financial flows current prices - Percentage,XDC_R_B1GQ,0,Replace,2015-06-02T15:30:00.000+02:00,
RTD.A.S0.N.F_UMD_CGG_D0.F,A,S0,N,F_UMD_CGG_D0,F,2008,-2.11408,A,F,,,P1Y,S,,,GFS.A.N.I10.W0.S13.S1._Z.B.B9._Z._Z._Z.XDC_R_B1GQ._Z.S.V.N._T,,,,,,"See <a class=""external"" href=""http://sdw.ecb.europa.eu/web/generator/docu/rtdb_docu.pdf""> notes</a>; block Annual; series: B",,4,,,"Government deficit(-) or surplus(+), percent of GDP",Euro area (moving concept in the Real Time database context) - Deficit/surplus without UMTS proceeds - All sectors/ unspecified/ not applicable (ESA2010)-NCBs - General government (ESA2010)-NCBs - Non-financial flows current prices - Percentage,XDC_R_B1GQ,0,Replace,2015-06-02T15:30:00.000+02:00,
RTD.A.S0.N.F_UMD_CGG_D0.F,A,S0,N,F_UMD_CGG_D0,F,2009,-6.217,A,F,,,P1Y,S,,,GFS.A.N.I10.W0.S13.S1._Z.B.B9._Z._Z._Z.XDC_R_B1GQ._Z.S.V.N._T,,,,,,"See <a class=""external"" href=""http://sdw.ecb.europa.eu/web/generator/docu/rtdb_docu.pdf""> notes</a>; block Annual; series: B",,4,,,"Government deficit(-) or surplus(+), percent of GDP",Euro area (moving concept in the Real Time database context) - Deficit/surplus without UMTS proceeds - All sectors/ unspecified/ not applicable (ESA2010)-NCBs - General government (ESA2010)-NCBs - Non-financial flows current prices - Percentage,XDC_R_B1GQ,0,Replace,2015-06-02T15:30:00.000+02:00,
RTD.A.S0.N.F_UMD_CGG_D0.F,A,S0,N,F_UMD_CGG_D0,F,2010,-6.13488,A,F,,,P1Y,S,,,GFS.A.N.I10.W0.S13.S1._Z.B.B9._Z._Z._Z.XDC_R_B1GQ._Z.S.V.N._T,,,,,,"See <a class=""external"" href=""http://sdw.ecb.europa.eu/web/generator/docu/rtdb_docu.pdf""> notes</a>; block Annual; series: B",,4,,,"Government deficit(-) or surplus(+), percent of GDP",Euro area (moving concept in the Real Time database context) - Deficit/surplus without UMTS proceeds - All sectors/ unspecified/ not applicable (ESA2010)-NCBs - General government (ESA2010)-NCBs - Non-financial flows current prices - Percentage,XDC_R_B1GQ,0,Replace,2015-06-02T15:30:00.000+02:00,
RTD.A.S0.N.F_UMD_CGG_D0.F,A,S0,N,F_UMD_CGG_D0,F,2011,-4.13981,A,F,,,P1Y,S,,,GFS.A.N.I10.W0.S13.S1._Z.B.B9._Z._Z._Z.XDC_R_B1GQ._Z.S.V.N._T,,,,,,"See <a class=""external"" href=""http://sdw.ecb.europa.eu/web/generator/docu/rtdb_docu.pdf""> notes</a>; block Annual; series: B",,4,,,"Government deficit(-) or surplus(+), percent of GDP",Euro area (moving concept in the Real Time database context) - Deficit/surplus without UMTS proceeds - All sectors/ unspecified/ not applicable (ESA2010)-NCBs - General government (ESA2010)-NCBs - Non-financial flows current prices - Percentage,XDC_R_B1GQ,0,Replace,2015-06-02T15:30:00.000+02:00,
RTD.A.S0.N.F_UMD_CGG_D0.F,A,S0,N,F_UMD_CGG_D0,F,2012,-3.60853,A,F,,,P1Y,S,,,GFS.A.N.I10.W0.S13.S1._Z.B.B9._Z._Z._Z.XDC_R_B1GQ._Z.S.V.N._T,,,,,,"See <a class=""external"" href=""http://sdw.ecb.europa.eu/web/generator/docu/rtdb_docu.pdf""> notes</a>; block Annual; series: B",,4,,,"Government deficit(-) or surplus(+), percent of GDP",Euro area (moving concept in the Real Time database context) - Deficit/surplus without UMTS proceeds - All sectors/ unspecified/ not applicable (ESA2010)-NCBs - General government (ESA2010)-NCBs - Non-financial flows current prices - Percentage,XDC_R_B1GQ,0,Replace,2015-06-02T15:30:00.000+02:00,
RTD.A.S0.N.F_UMD_CGG_D0.F,A,S0,N,F_UMD_CGG_D0,F,2013,-2.88308,A,F,,,P1Y,S,,,GFS.A.N.I10.W0.S13.S1._Z.B.B9._Z._Z._Z.XDC_R_B1GQ._Z.S.V.N._T,,,,,,"See <a class=""external"" href=""http://sdw.ecb.europa.eu/web/generator/docu/rtdb_docu.pdf""> notes</a>; block Annual; series: B",,4,,,"Government deficit(-) or surplus(+), percent of GDP",Euro area (moving concept in the Real Time database context) - Deficit/surplus without UMTS proceeds - All sectors/ unspecified/ not applicable (ESA2010)-NCBs - General government (ESA2010)-NCBs - Non-financial flows current prices - Percentage,XDC_R_B1GQ,0,Replace,2015-06-02T15:30:00.000+02:00,
RTD.A.S0.N.F_UMD_CGG_D0.F,A,S0,N,F_UMD_CGG_D0,F,2014,-2.4409,A,F,,,P1Y,S,,,GFS.A.N.I10.W0.S13.S1._Z.B.B9._Z._Z._Z.XDC_R_B1GQ._Z.S.V.N._T,,,,,,"See <a class=""external"" href=""http://sdw.ecb.europa.eu/web/generator/docu/rtdb_docu.pdf""> notes</a>; block Annual; series: B",,4,,,"Government deficit(-) or surplus(+), percent of GDP",Euro area (moving concept in the Real Time database context) - Deficit/surplus without UMTS proceeds - All sectors/ unspecified/ not applicable (ESA2010)-NCBs - General government (ESA2010)-NCBs - Non-financial flows current prices - Percentage,XDC_R_B1GQ,0,Replace,2015-06-02T15:30:00.000+02:00,
RTD.A.S0.N.F_UMD_CGG_D0.F,A,S0,N,F_UMD_CGG_D0,F,1995,-7.31411,A,F,,,P1Y,S,,,GFS.A.N.I10.W0.S13.S1._Z.B.B9._Z._Z._Z.XDC_R_B1GQ._Z.S.V.N._T,,,,,,"See <a class=""external"" href=""http://sdw.ecb.europa.eu/web/generator/docu/rtdb_docu.pdf""> notes</a>; block Annual; series: B",,4,,,"Government deficit(-) or surplus(+), percent of GDP",Euro area (moving concept in the Real Time database context) - Deficit/surplus without UMTS proceeds - All sectors/ unspecified/ not applicable (ESA2010)-NCBs - General government (ESA2010)-NCBs - Non-financial flows current prices - Percentage,XDC_R_B1GQ,0,Replace,2015-10-21T15:30:00.000+02:00,
RTD.A.S0.N.F_UMD_CGG_D0.F,A,S0,N,F_UMD_CGG_D0,F,1996,-4.2966,A,F,,,P1Y,S,,,GFS.A.N.I10.W0.S13.S1._Z.B.B9._Z._Z._Z.XDC_R_B1GQ._Z.S.V.N._T,,,,,,"See <a class=""external"" href=""http://sdw.ecb.europa.eu/web/generator/docu/rtdb_docu.pdf""> notes</a>; block Annual; series: B",,4,,,"Government deficit(-) or surplus(+), percent of GDP",Euro area (moving concept in the Real Time database context) - Deficit/surplus without UMTS proceeds - All sectors/ unspecified/ not applicable (ESA2010)-NCBs - General government (ESA2010)-NCBs - Non-financial flows current prices - Percentage,XDC_R_B1GQ,0,Replace,2015-10-21T15:30:00.000+02:00,
RTD.A.S0.N.F_UMD_CGG_D0.F,A,S0,N,F_UMD_CGG_D0,F,1997,-3.03418,A,F,,,P1Y,S,,,GFS.A.N.I10.W0.S13.S1._Z.B.B9._Z._Z._Z.XDC_R_B1GQ._Z.S.V.N._T,,,,,,"See <a class=""external"" href=""http://sdw.ecb.europa.eu/web/generator/docu/rtdb_docu.pdf""> notes</a>; block Annual; series: B",,4,,,"Government deficit(-) or surplus(+), percent of GDP",Euro area (moving concept in the Real Time database context) - Deficit/surplus without UMTS proceeds - All sectors/ unspecified/ not applicable (ESA2010)-NCBs - General government (ESA2010)-NCBs - Non-financial flows current prices - Percentage,XDC_R_B1GQ,0,Replace,2015-10-21T15:30:00.000+02:00,
RTD.A.S0.N.F_UMD_CGG_D0.F,A,S0,N,F_UMD_CGG_D0,F,1998,-2.39842,A,F,,,P1Y,S,,,GFS.A.N.I10.W0.S13.S1._Z.B.B9._Z._Z._Z.XDC_R_B1GQ._Z.S.V.N._T,,,,,,"See <a class=""external"" href=""http://sdw.ecb.europa.eu/web/generator/docu/rtdb_docu.pdf""> notes</a>; block Annual; series: B",,4,,,"Government deficit(-) or surplus(+), percent of GDP",Euro area (moving concept in the Real Time database context) - Deficit/surplus without UMTS proceeds - All sectors/ unspecified/ not applicable (ESA2010)-NCBs - General government (ESA2010)-NCBs - Non-financial flows current prices - Percentage,XDC_R_B1GQ,0,Replace,2015-10-21T15:30:00.000+02:00,
RTD.A.S0.N.F_UMD_CGG_D0.F,A,S0,N,F_UMD_CGG_D0,F,1999,-1.47195,A,F,,,P1Y,S,,,GFS.A.N.I10.W0.S13.S1._Z.B.B9._Z._Z._Z.XDC_R_B1GQ._Z.S.V.N._T,,,,,,"See <a class=""external"" href=""http://sdw.ecb.europa.eu/web/generator/docu/rtdb_docu.pdf""> notes</a>; block Annual; series: B",,4,,,"Government deficit(-) or surplus(+), percent of GDP",Euro area (moving concept in the Real Time database context) - Deficit/surplus without UMTS proceeds - All sectors/ unspecified/ not applicable (ESA2010)-NCBs - General government (ESA2010)-NCBs - Non-financial flows current prices - Percentage,XDC_R_B1GQ,0,Replace,2015-10-21T15:30:00.000+02:00,
RTD.A.S0.N.F_UMD_CGG_D0.F,A,S0,N,F_UMD_CGG_D0,F,2000,-0.27564,A,F,,,P1Y,S,,,GFS.A.N.I10.W0.S13.S1._Z.B.B9._Z._Z._Z.XDC_R_B1GQ._Z.S.V.N._T,,,,,,"See <a class=""external"" href=""http://sdw.ecb.europa.eu/web/generator/docu/rtdb_docu.pdf""> notes</a>; block Annual; series: B",,4,,,"Government deficit(-) or surplus(+), percent of GDP",Euro area (moving concept in the Real Time database context) - Deficit/surplus without UMTS proceeds - All sectors/ unspecified/ not applicable (ESA2010)-NCBs - General government (ESA2010)-NCBs - Non-financial flows current prices - Percentage,XDC_R_B1GQ,0,Replace,2015-10-21T15:30:00.000+02:00,
RTD.A.S0.N.F_UMD_CGG_D0.F,A,S0,N,F_UMD_CGG_D0,F,2001,-2.00844,A,F,,,P1Y,S,,,GFS.A.N.I10.W0.S13.S1._Z.B.B9._Z._Z._Z.XDC_R_B1GQ._Z.S.V.N._T,,,,,,"See <a class=""external"" href=""http://sdw.ecb.europa.eu/web/generator/docu/rtdb_docu.pdf""> notes</a>; block Annual; series: B",,4,,,"Government deficit(-) or surplus(+), percent of GDP",Euro area (moving concept in the Real Time database context) - Deficit/surplus without UMTS proceeds - All sectors/ unspecified/ not applicable (ESA2010)-NCBs - General government (ESA2010)-NCBs - Non-financial flows current prices - Percentage,XDC_R_B1GQ,0,Replace,2015-10-21T15:30:00.000+02:00,
RTD.A.S0.N.F_UMD_CGG_D0.F,A,S0,N,F_UMD_CGG_D0,F,2002,-2.69143,A,F,,,P1Y,S,,,GFS.A.N.I10.W0.S13.S1._Z.B.B9._Z._Z._Z.XDC_R_B1GQ._Z.S.V.N._T,,,,,,"See <a class=""external"" href=""http://sdw.ecb.europa.eu/web/generator/docu/rtdb_docu.pdf""> notes</a>; block Annual; series: B",,4,,,"Government deficit(-) or surplus(+), percent of GDP",Euro area (moving concept in the Real Time database context) - Deficit/surplus without UMTS proceeds - All sectors/ unspecified/ not applicable (ESA2010)-NCBs - General government (ESA2010)-NCBs - Non-financial flows current prices - Percentage,XDC_R_B1GQ,0,Replace,2015-10-21T15:30:00.000+02:00,
RTD.A.S0.N.F_UMD_CGG_D0.F,A,S0,N,F_UMD_CGG_D0,F,2003,-3.12794,A,F,,,P1Y,S,,,GFS.A.N.I10.W0.S13.S1._Z.B.B9._Z._Z._Z.XDC_R_B1GQ._Z.S.V.N._T,,,,,,"See <a class=""external"" href=""http://sdw.ecb.europa.eu/web/generator/docu/rtdb_docu.pdf""> notes</a>; block Annual; series: B",,4,,,"Government deficit(-) or surplus(+), percent of GDP",Euro area (moving concept in the Real Time database context) - Deficit/surplus without UMTS proceeds - All sectors/ unspecified/ not applicable (ESA2010)-NCBs - General government (ESA2010)-NCBs - Non-financial flows current prices - Percentage,XDC_R_B1GQ,0,Replace,2015-10-21T15:30:00.000+02:00,
RTD.A.S0.N.F_UMD_CGG_D0.F,A,S0,N,F_UMD_CGG_D0,F,2004,-2.91098,A,F,,,P1Y,S,,,GFS.A.N.I10.W0.S13.S1._Z.B.B9._Z._Z._Z.XDC_R_B1GQ._Z.S.V.N._T,,,,,,"See <a class=""external"" href=""http://sdw.ecb.europa.eu/web/generator/docu/rtdb_docu.pdf""> notes</a>; block Annual; series: B",,4,,,"Government deficit(-) or surplus(+), percent of GDP",Euro area (moving concept in the Real Time database context) - Deficit/surplus without UMTS proceeds - All sectors/ unspecified/ not applicable (ESA2010)-NCBs - General government (ESA2010)-NCBs - Non-financial flows current prices - Percentage,XDC_R_B1GQ,0,Replace,2015-10-21T15:30:00.000+02:00,
RTD.A.S0.N.F_UMD_CGG_D0.F,A,S0,N,F_UMD_CGG_D0,F,2005,-2.57263,A,F,,,P1Y,S,,,GFS.A.N.I10.W0.S13.S1._Z.B.B9._Z._Z._Z.XDC_R_B1GQ._Z.S.V.N._T,,,,,,"See <a class=""external"" href=""http://sdw.ecb.europa.eu/web/generator/docu/rtdb_docu.pdf""> notes</a>; block Annual; series: B",,4,,,"Government deficit(-) or surplus(+), percent of GDP",Euro area (moving concept in the Real Time database context) - Deficit/surplus without UMTS proceeds - All sectors/ unspecified/ not applicable (ESA2010)-NCBs - General government (ESA2010)-NCBs - Non-financial flows current prices - Percentage,XDC_R_B1GQ,0,Replace,2015-10-21T15:30:00.000+02:00,
RTD.A.S0.N.F_UMD_CGG_D0.F,A,S0,N,F_UMD_CGG_D0,F,2006,-1.48804,A,F,,,P1Y,S,,,GFS.A.N.I10.W0.S13.S1._Z.B.B9._Z._Z._Z.XDC_R_B1GQ._Z.S.V.N._T,,,,,,"See <a class=""external"" href=""http://sdw.ecb.europa.eu/web/generator/docu/rtdb_docu.pdf""> notes</a>; block Annual; series: B",,4,,,"Government deficit(-) or surplus(+), percent of GDP",Euro area (moving concept in the Real Time database context) - Deficit/surplus without UMTS proceeds - All sectors/ unspecified/ not applicable (ESA2010)-NCBs - General government (ESA2010)-NCBs - Non-financial flows current prices - Percentage,XDC_R_B1GQ,0,Replace,2015-10-21T15:30:00.000+02:00,
RTD.A.S0.N.F_UMD_CGG_D0.F,A,S0,N,F_UMD_CGG_D0,F,2007,-0.63732,A,F,,,P1Y,S,,,GFS.A.N.I10.W0.S13.S1._Z.B.B9._Z._Z._Z.XDC_R_B1GQ._Z.S.V.N._T,,,,,,"See <a class=""external"" href=""http://sdw.ecb.europa.eu/web/generator/docu/rtdb_docu.pdf""> notes</a>; block Annual; series: B",,4,,,"Government deficit(-) or surplus(+), percent of GDP",Euro area (moving concept in the Real Time database context) - Deficit/surplus without UMTS proceeds - All sectors/ unspecified/ not applicable (ESA2010)-NCBs - General government (ESA2010)-NCBs - Non-financial flows current prices - Percentage,XDC_R_B1GQ,0,Replace,2015-10-21T15:30:00.000+02:00,
RTD.A.S0.N.F_UMD_CGG_D0.F,A,S0,N,F_UMD_CGG_D0,F,2008,-2.15723,A,F,,,P1Y,S,,,GFS.A.N.I10.W0.S13.S1._Z.B.B9._Z._Z._Z.XDC_R_B1GQ._Z.S.V.N._T,,,,,,"See <a class=""external"" href=""http://sdw.ecb.europa.eu/web/generator/docu/rtdb_docu.pdf""> notes</a>; block Annual; series: B",,4,,,"Government deficit(-) or surplus(+), percent of GDP",Euro area (moving concept in the Real Time database context) - Deficit/surplus without UMTS proceeds - All sectors/ unspecified/ not applicable (ESA2010)-NCBs - General government (ESA2010)-NCBs - Non-financial flows current prices - Percentage,XDC_R_B1GQ,0,Replace,2015-10-21T15:30:00.000+02:00,
RTD.A.S0.N.F_UMD_CGG_D0.F,A,S0,N,F_UMD_CGG_D0,F,2009,-6.25894,A,F,,,P1Y,S,,,GFS.A.N.I10.W0.S13.S1._Z.B.B9._Z._Z._Z.XDC_R_B1GQ._Z.S.V.N._T,,,,,,"See <a class=""external"" href=""http://sdw.ecb.europa.eu/web/generator/docu/rtdb_docu.pdf""> notes</a>; block Annual; series: B",,4,,,"Government deficit(-) or surplus(+), percent of GDP",Euro area (moving concept in the Real Time database context) - Deficit/surplus without UMTS proceeds - All sectors/ unspecified/ not applicable (ESA2010)-NCBs - General government (ESA2010)-NCBs - Non-financial flows current prices - Percentage,XDC_R_B1GQ,0,Replace,2015-10-21T15:30:00.000+02:00,
RTD.A.S0.N.F_UMD_CGG_D0.F,A,S0,N,F_UMD_CGG_D0,F,2010,-6.17308,A,F,,,P1Y,S,,,GFS.A.N.I10.W0.S13.S1._Z.B.B9._Z._Z._Z.XDC_R_B1GQ._Z.S.V.N._T,,,,,,"See <a class=""external"" href=""http://sdw.ecb.europa.eu/web/generator/docu/rtdb_docu.pdf""> notes</a>; block Annual; series: B",,4,,,"Government deficit(-) or surplus(+), percent of GDP",Euro area (moving concept in the Real Time database context) - Deficit/surplus without UMTS proceeds - All sectors/ unspecified/ not applicable (ESA2010)-NCBs - General government (ESA2010)-NCBs - Non-financial flows current prices - Percentage,XDC_R_B1GQ,0,Replace,2015-10-21T15:30:00.000+02:00,
RTD.A.S0.N.F_UMD_CGG_D0.F,A,S0,N,F_UMD_CGG_D0,F,2011,-4.16071,A,F,,,P1Y,S,,,GFS.A.N.I10.W0.S13.S1._Z.B.B9._Z._Z._Z.XDC_R_B1GQ._Z.S.V.N._T,,,,,,"See <a class=""external"" href=""http://sdw.ecb.europa.eu/web/generator/docu/rtdb_docu.pdf""> notes</a>; block Annual; series: B",,4,,,"Government deficit(-) or surplus(+), percent of GDP",Euro area (moving concept in the Real Time database context) - Deficit/surplus without UMTS proceeds - All sectors/ unspecified/ not applicable (ESA2010)-NCBs - General government (ESA2010)-NCBs - Non-financial flows current prices - Percentage,XDC_R_B1GQ,0,Replace,2015-10-21T15:30:00.000+02:00,
RTD.A.S0.N.F_UMD_CGG_D0.F,A,S0,N,F_UMD_CGG_D0,F,2012,-3.65613,A,F,,,P1Y,S,,,GFS.A.N.I10.W0.S13.S1._Z.B.B9._Z._Z._Z.XDC_R_B1GQ._Z.S.V.N._T,,,,,,"See <a class=""external"" href=""http://sdw.ecb.europa.eu/web/generator/docu/rtdb_docu.pdf""> notes</a>; block Annual; series: B",,4,,,"Government deficit(-) or surplus(+), percent of GDP",Euro area (moving concept in the Real Time database context) - Deficit/surplus without UMTS proceeds - All sectors/ unspecified/ not applicable (ESA2010)-NCBs - General government (ESA2010)-NCBs - Non-financial flows current prices - Percentage,XDC_R_B1GQ,0,Replace,2015-10-21T15:30:00.000+02:00,
RTD.A.S0.N.F_UMD_CGG_D0.F,A,S0,N,F_UMD_CGG_D0,F,2013,-2.97888,A,F,,,P1Y,S,,,GFS.A.N.I10.W0.S13.S1._Z.B.B9._Z._Z._Z.XDC_R_B1GQ._Z.S.V.N._T,,,,,,"See <a class=""external"" href=""http://sdw.ecb.europa.eu/web/generator/docu/rtdb_docu.pdf""> notes</a>; block Annual; series: B",,4,,,"Government deficit(-) or surplus(+), percent of GDP",Euro area (moving concept in the Real Time database context) - Deficit/surplus without UMTS proceeds - All sectors/ unspecified/ not applicable (ESA2010)-NCBs - General government (ESA2010)-NCBs - Non-financial flows current prices - Percentage,XDC_R_B1GQ,0,Replace,2015-10-21T15:30:00.000+02:00,
RTD.A.S0.N.F_UMD_CGG_D0.F,A,S0,N,F_UMD_CGG_D0,F,2014,-2.58058,A,F,,,P1Y,S,,,GFS.A.N.I10.W0.S13.S1._Z.B.B9._Z._Z._Z.XDC_R_B1GQ._Z.S.V.N._T,,,,,,"See <a class=""external"" href=""http://sdw.ecb.europa.eu/web/generator/docu/rtdb_docu.pdf""> notes</a>; block Annual; series: B",,4,,,"Government deficit(-) or surplus(+), percent of GDP",Euro area (moving concept in the Real Time database context) - Deficit/surplus without UMTS proceeds - All sectors/ unspecified/ not applicable (ESA2010)-NCBs - General government (ESA2010)-NCBs - Non-financial flows current prices - Percentage,XDC_R_B1GQ,0,Replace,2015-10-21T15:30:00.000+02:00,
RTD.A.S0.N.F_UMD_CGG_D0.F,A,S0,N,F_UMD_CGG_D0,F,2001,-2.00823,A,F,,,P1Y,S,,,GFS.A.N.I10.W0.S13.S1._Z.B.B9._Z._Z._Z.XDC_R_B1GQ._Z.S.V.N._T,,,,,,"See <a class=""external"" href=""http://sdw.ecb.europa.eu/web/generator/docu/rtdb_docu.pdf""> notes</a>; block Annual; series: B",,4,,,"Government deficit(-) or surplus(+), percent of GDP",Euro area (moving concept in the Real Time database context) - Deficit/surplus without UMTS proceeds - All sectors/ unspecified/ not applicable (ESA2010)-NCBs - General government (ESA2010)-NCBs - Non-financial flows current prices - Percentage,XDC_R_B1GQ,0,Replace,2015-12-02T15:30:00.000+01:00,
RTD.A.S0.N.F_UMD_CGG_D0.F,A,S0,N,F_UMD_CGG_D0,F,2002,-2.6908,A,F,,,P1Y,S,,,GFS.A.N.I10.W0.S13.S1._Z.B.B9._Z._Z._Z.XDC_R_B1GQ._Z.S.V.N._T,,,,,,"See <a class=""external"" href=""http://sdw.ecb.europa.eu/web/generator/docu/rtdb_docu.pdf""> notes</a>; block Annual; series: B",,4,,,"Government deficit(-) or surplus(+), percent of GDP",Euro area (moving concept in the Real Time database context) - Deficit/surplus without UMTS proceeds - All sectors/ unspecified/ not applicable (ESA2010)-NCBs - General government (ESA2010)-NCBs - Non-financial flows current prices - Percentage,XDC_R_B1GQ,0,Replace,2015-12-02T15:30:00.000+01:00,
RTD.A.S0.N.F_UMD_CGG_D0.F,A,S0,N,F_UMD_CGG_D0,F,2003,-3.12754,A,F,,,P1Y,S,,,GFS.A.N.I10.W0.S13.S1._Z.B.B9._Z._Z._Z.XDC_R_B1GQ._Z.S.V.N._T,,,,,,"See <a class=""external"" href=""http://sdw.ecb.europa.eu/web/generator/docu/rtdb_docu.pdf""> notes</a>; block Annual; series: B",,4,,,"Government deficit(-) or surplus(+), percent of GDP",Euro area (moving concept in the Real Time database context) - Deficit/surplus without UMTS proceeds - All sectors/ unspecified/ not applicable (ESA2010)-NCBs - General government (ESA2010)-NCBs - Non-financial flows current prices - Percentage,XDC_R_B1GQ,0,Replace,2015-12-02T15:30:00.000+01:00,
RTD.A.S0.N.F_UMD_CGG_D0.F,A,S0,N,F_UMD_CGG_D0,F,2004,-2.91048,A,F,,,P1Y,S,,,GFS.A.N.I10.W0.S13.S1._Z.B.B9._Z._Z._Z.XDC_R_B1GQ._Z.S.V.N._T,,,,,,"See <a class=""external"" href=""http://sdw.ecb.europa.eu/web/generator/docu/rtdb_docu.pdf""> notes</a>; block Annual; series: B",,4,,,"Government deficit(-) or surplus(+), percent of GDP",Euro area (moving concept in the Real Time database context) - Deficit/surplus without UMTS proceeds - All sectors/ unspecified/ not applicable (ESA2010)-NCBs - General government (ESA2010)-NCBs - Non-financial flows current prices - Percentage,XDC_R_B1GQ,0,Replace,2015-12-02T15:30:00.000+01:00,
RTD.A.S0.N.F_UMD_CGG_D0.F,A,S0,N,F_UMD_CGG_D0,F,2005,-2.57238,A,F,,,P1Y,S,,,GFS.A.N.I10.W0.S13.S1._Z.B.B9._Z._Z._Z.XDC_R_B1GQ._Z.S.V.N._T,,,,,,"See <a class=""external"" href=""http://sdw.ecb.europa.eu/web/generator/docu/rtdb_docu.pdf""> notes</a>; block Annual; series: B",,4,,,"Government deficit(-) or surplus(+), percent of GDP",Euro area (moving concept in the Real Time database context) - Deficit/surplus without UMTS proceeds - All sectors/ unspecified/ not applicable (ESA2010)-NCBs - General government (ESA2010)-NCBs - Non-financial flows current prices - Percentage,XDC_R_B1GQ,0,Replace,2015-12-02T15:30:00.000+01:00,
RTD.A.S0.N.F_UMD_CGG_D0.F,A,S0,N,F_UMD_CGG_D0,F,2006,-1.48803,A,F,,,P1Y,S,,,GFS.A.N.I10.W0.S13.S1._Z.B.B9._Z._Z._Z.XDC_R_B1GQ._Z.S.V.N._T,,,,,,"See <a class=""external"" href=""http://sdw.ecb.europa.eu/web/generator/docu/rtdb_docu.pdf""> notes</a>; block Annual; series: B",,4,,,"Government deficit(-) or surplus(+), percent of GDP",Euro area (moving concept in the Real Time database context) - Deficit/surplus without UMTS proceeds - All sectors/ unspecified/ not applicable (ESA2010)-NCBs - General government (ESA2010)-NCBs - Non-financial flows current prices - Percentage,XDC_R_B1GQ,0,Replace,2015-12-02T15:30:00.000+01:00,
RTD.A.S0.N.F_UMD_CGG_D0.F,A,S0,N,F_UMD_CGG_D0,F,2007,-0.63733,A,F,,,P1Y,S,,,GFS.A.N.I10.W0.S13.S1._Z.B.B9._Z._Z._Z.XDC_R_B1GQ._Z.S.V.N._T,,,,,,"See <a class=""external"" href=""http://sdw.ecb.europa.eu/web/generator/docu/rtdb_docu.pdf""> notes</a>; block Annual; series: B",,4,,,"Government deficit(-) or surplus(+), percent of GDP",Euro area (moving concept in the Real Time database context) - Deficit/surplus without UMTS proceeds - All sectors/ unspecified/ not applicable (ESA2010)-NCBs - General government (ESA2010)-NCBs - Non-financial flows current prices - Percentage,XDC_R_B1GQ,0,Replace,2015-12-02T15:30:00.000+01:00,
RTD.A.S0.N.F_UMD_CGG_D0.F,A,S0,N,F_UMD_CGG_D0,F,2008,-2.15725,A,F,,,P1Y,S,,,GFS.A.N.I10.W0.S13.S1._Z.B.B9._Z._Z._Z.XDC_R_B1GQ._Z.S.V.N._T,,,,,,"See <a class=""external"" href=""http://sdw.ecb.europa.eu/web/generator/docu/rtdb_docu.pdf""> notes</a>; block Annual; series: B",,4,,,"Government deficit(-) or surplus(+), percent of GDP",Euro area (moving concept in the Real Time database context) - Deficit/surplus without UMTS proceeds - All sectors/ unspecified/ not applicable (ESA2010)-NCBs - General government (ESA2010)-NCBs - Non-financial flows current prices - Percentage,XDC_R_B1GQ,0,Replace,2015-12-02T15:30:00.000+01:00,
RTD.A.S0.N.F_UMD_CGG_D0.F,A,S0,N,F_UMD_CGG_D0,F,2009,-6.25887,A,F,,,P1Y,S,,,GFS.A.N.I10.W0.S13.S1._Z.B.B9._Z._Z._Z.XDC_R_B1GQ._Z.S.V.N._T,,,,,,"See <a class=""external"" href=""http://sdw.ecb.europa.eu/web/generator/docu/rtdb_docu.pdf""> notes</a>; block Annual; series: B",,4,,,"Government deficit(-) or surplus(+), percent of GDP",Euro area (moving concept in the Real Time database context) - Deficit/surplus without UMTS proceeds - All sectors/ unspecified/ not applicable (ESA2010)-NCBs - General government (ESA2010)-NCBs - Non-financial flows current prices - Percentage,XDC_R_B1GQ,0,Replace,2015-12-02T15:30:00.000+01:00,
RTD.A.S0.N.F_UMD_CGG_D0.F,A,S0,N,F_UMD_CGG_D0,F,2010,-6.1732,A,F,,,P1Y,S,,,GFS.A.N.I10.W0.S13.S1._Z.B.B9._Z._Z._Z.XDC_R_B1GQ._Z.S.V.N._T,,,,,,"See <a class=""external"" href=""http://sdw.ecb.europa.eu/web/generator/docu/rtdb_docu.pdf""> notes</a>; block Annual; series: B",,4,,,"Government deficit(-) or surplus(+), percent of GDP",Euro area (moving concept in the Real Time database context) - Deficit/surplus without UMTS proceeds - All sectors/ unspecified/ not applicable (ESA2010)-NCBs - General government (ESA2010)-NCBs - Non-financial flows current prices - Percentage,XDC_R_B1GQ,0,Replace,2015-12-02T15:30:00.000+01:00,
RTD.A.S0.N.F_UMD_CGG_D0.F,A,S0,N,F_UMD_CGG_D0,F,2011,-4.1607,A,F,,,P1Y,S,,,GFS.A.N.I10.W0.S13.S1._Z.B.B9._Z._Z._Z.XDC_R_B1GQ._Z.S.V.N._T,,,,,,"See <a class=""external"" href=""http://sdw.ecb.europa.eu/web/generator/docu/rtdb_docu.pdf""> notes</a>; block Annual; series: B",,4,,,"Government deficit(-) or surplus(+), percent of GDP",Euro area (moving concept in the Real Time database context) - Deficit/surplus without UMTS proceeds - All sectors/ unspecified/ not applicable (ESA2010)-NCBs - General government (ESA2010)-NCBs - Non-financial flows current prices - Percentage,XDC_R_B1GQ,0,Replace,2015-12-02T15:30:00.000+01:00,
RTD.A.S0.N.F_UMD_CGG_D0.F,A,S0,N,F_UMD_CGG_D0,F,2012,-3.65735,A,F,,,P1Y,S,,,GFS.A.N.I10.W0.S13.S1._Z.B.B9._Z._Z._Z.XDC_R_B1GQ._Z.S.V.N._T,,,,,,"See <a class=""external"" href=""http://sdw.ecb.europa.eu/web/generator/docu/rtdb_docu.pdf""> notes</a>; block Annual; series: B",,4,,,"Government deficit(-) or surplus(+), percent of GDP",Euro area (moving concept in the Real Time database context) - Deficit/surplus without UMTS proceeds - All sectors/ unspecified/ not applicable (ESA2010)-NCBs - General government (ESA2010)-NCBs - Non-financial flows current prices - Percentage,XDC_R_B1GQ,0,Replace,2015-12-02T15:30:00.000+01:00,
RTD.A.S0.N.F_UMD_CGG_D0.F,A,S0,N,F_UMD_CGG_D0,F,2013,-2.96408,A,F,,,P1Y,S,,,GFS.A.N.I10.W0.S13.S1._Z.B.B9._Z._Z._Z.XDC_R_B1GQ._Z.S.V.N._T,,,,,,"See <a class=""external"" href=""http://sdw.ecb.europa.eu/web/generator/docu/rtdb_docu.pdf""> notes</a>; block Annual; series: B",,4,,,"Government deficit(-) or surplus(+), percent of GDP",Euro area (moving concept in the Real Time database context) - Deficit/surplus without UMTS proceeds - All sectors/ unspecified/ not applicable (ESA2010)-NCBs - General government (ESA2010)-NCBs - Non-financial flows current prices - Percentage,XDC_R_B1GQ,0,Replace,2015-12-02T15:30:00.000+01:00,
RTD.A.S0.N.F_UMD_CGG_D0.F,A,S0,N,F_UMD_CGG_D0,F,2014,-2.58133,A,F,,,P1Y,S,,,GFS.A.N.I10.W0.S13.S1._Z.B.B9._Z._Z._Z.XDC_R_B1GQ._Z.S.V.N._T,,,,,,"See <a class=""external"" href=""http://sdw.ecb.europa.eu/web/generator/docu/rtdb_docu.pdf""> notes</a>; block Annual; series: B",,4,,,"Government deficit(-) or surplus(+), percent of GDP",Euro area (moving concept in the Real Time database context) - Deficit/surplus without UMTS proceeds - All sectors/ unspecified/ not applicable (ESA2010)-NCBs - General government (ESA2010)-NCBs - Non-financial flows current prices - Percentage,XDC_R_B1GQ,0,Replace,2015-12-02T15:30:00.000+01:00,
RTD.A.S0.N.F_UMD_CGG_D0.F,A,S0,N,F_UMD_CGG_D0,F,1995,-7.33106,A,F,,,P1Y,S,,,GFS.A.N.I10.W0.S13.S1._Z.B.B9._Z._Z._Z.XDC_R_B1GQ._Z.S.V.N._T,,,,,,"See <a class=""external"" href=""http://sdw.ecb.europa.eu/web/generator/docu/rtdb_docu.pdf""> notes</a>; block Annual; series: B",,4,,,"Government deficit(-) or surplus(+), percent of GDP",Euro area (moving concept in the Real Time database context) - Deficit/surplus without UMTS proceeds - All sectors/ unspecified/ not applicable (ESA2010)-NCBs - General government (ESA2010)-NCBs - Non-financial flows current prices - Percentage,XDC_R_B1GQ,0,Replace,2016-06-01T15:30:00.000+02:00,
RTD.A.S0.N.F_UMD_CGG_D0.F,A,S0,N,F_UMD_CGG_D0,F,1996,-4.32811,A,F,,,P1Y,S,,,GFS.A.N.I10.W0.S13.S1._Z.B.B9._Z._Z._Z.XDC_R_B1GQ._Z.S.V.N._T,,,,,,"See <a class=""external"" href=""http://sdw.ecb.europa.eu/web/generator/docu/rtdb_docu.pdf""> notes</a>; block Annual; series: B",,4,,,"Government deficit(-) or surplus(+), percent of GDP",Euro area (moving concept in the Real Time database context) - Deficit/surplus without UMTS proceeds - All sectors/ unspecified/ not applicable (ESA2010)-NCBs - General government (ESA2010)-NCBs - Non-financial flows current prices - Percentage,XDC_R_B1GQ,0,Replace,2016-06-01T15:30:00.000+02:00,
RTD.A.S0.N.F_UMD_CGG_D0.F,A,S0,N,F_UMD_CGG_D0,F,1997,-3.04519,A,F,,,P1Y,S,,,GFS.A.N.I10.W0.S13.S1._Z.B.B9._Z._Z._Z.XDC_R_B1GQ._Z.S.V.N._T,,,,,,"See <a class=""external"" href=""http://sdw.ecb.europa.eu/web/generator/docu/rtdb_docu.pdf""> notes</a>; block Annual; series: B",,4,,,"Government deficit(-) or surplus(+), percent of GDP",Euro area (moving concept in the Real Time database context) - Deficit/surplus without UMTS proceeds - All sectors/ unspecified/ not applicable (ESA2010)-NCBs - General government (ESA2010)-NCBs - Non-financial flows current prices - Percentage,XDC_R_B1GQ,0,Replace,2016-06-01T15:30:00.000+02:00,
RTD.A.S0.N.F_UMD_CGG_D0.F,A,S0,N,F_UMD_CGG_D0,F,1998,-2.45127,A,F,,,P1Y,S,,,GFS.A.N.I10.W0.S13.S1._Z.B.B9._Z._Z._Z.XDC_R_B1GQ._Z.S.V.N._T,,,,,,"See <a class=""external"" href=""http://sdw.ecb.europa.eu/web/generator/docu/rtdb_docu.pdf""> notes</a>; block Annual; series: B",,4,,,"Government deficit(-) or surplus(+), percent of GDP",Euro area (moving concept in the Real Time database context) - Deficit/surplus without UMTS proceeds - All sectors/ unspecified/ not applicable (ESA2010)-NCBs - General government (ESA2010)-NCBs - Non-financial flows current prices - Percentage,XDC_R_B1GQ,0,Replace,2016-06-01T15:30:00.000+02:00,
RTD.A.S0.N.F_UMD_CGG_D0.F,A,S0,N,F_UMD_CGG_D0,F,1999,-1.52982,A,F,,,P1Y,S,,,GFS.A.N.I10.W0.S13.S1._Z.B.B9._Z._Z._Z.XDC_R_B1GQ._Z.S.V.N._T,,,,,,"See <a class=""external"" href=""http://sdw.ecb.europa.eu/web/generator/docu/rtdb_docu.pdf""> notes</a>; block Annual; series: B",,4,,,"Government deficit(-) or surplus(+), percent of GDP",Euro area (moving concept in the Real Time database context) - Deficit/surplus without UMTS proceeds - All sectors/ unspecified/ not applicable (ESA2010)-NCBs - General government (ESA2010)-NCBs - Non-financial flows current prices - Percentage,XDC_R_B1GQ,0,Replace,2016-06-01T15:30:00.000+02:00,
RTD.A.S0.N.F_UMD_CGG_D0.F,A,S0,N,F_UMD_CGG_D0,F,2000,-0.28433,A,F,,,P1Y,S,,,GFS.A.N.I10.W0.S13.S1._Z.B.B9._Z._Z._Z.XDC_R_B1GQ._Z.S.V.N._T,,,,,,"See <a class=""external"" href=""http://sdw.ecb.europa.eu/web/generator/docu/rtdb_docu.pdf""> notes</a>; block Annual; series: B",,4,,,"Government deficit(-) or surplus(+), percent of GDP",Euro area (moving concept in the Real Time database context) - Deficit/surplus without UMTS proceeds - All sectors/ unspecified/ not applicable (ESA2010)-NCBs - General government (ESA2010)-NCBs - Non-financial flows current prices - Percentage,XDC_R_B1GQ,0,Replace,2016-06-01T15:30:00.000+02:00,
RTD.A.S0.N.F_UMD_CGG_D0.F,A,S0,N,F_UMD_CGG_D0,F,2001,-2.03296,A,F,,,P1Y,S,,,GFS.A.N.I10.W0.S13.S1._Z.B.B9._Z._Z._Z.XDC_R_B1GQ._Z.S.V.N._T,,,,,,"See <a class=""external"" href=""http://sdw.ecb.europa.eu/web/generator/docu/rtdb_docu.pdf""> notes</a>; block Annual; series: B",,4,,,"Government deficit(-) or surplus(+), percent of GDP",Euro area (moving concept in the Real Time database context) - Deficit/surplus without UMTS proceeds - All sectors/ unspecified/ not applicable (ESA2010)-NCBs - General government (ESA2010)-NCBs - Non-financial flows current prices - Percentage,XDC_R_B1GQ,0,Replace,2016-06-01T15:30:00.000+02:00,
RTD.A.S0.N.F_UMD_CGG_D0.F,A,S0,N,F_UMD_CGG_D0,F,2002,-2.7197,A,F,,,P1Y,S,,,GFS.A.N.I10.W0.S13.S1._Z.B.B9._Z._Z._Z.XDC_R_B1GQ._Z.S.V.N._T,,,,,,"See <a class=""external"" href=""http://sdw.ecb.europa.eu/web/generator/docu/rtdb_docu.pdf""> notes</a>; block Annual; series: B",,4,,,"Government deficit(-) or surplus(+), percent of GDP",Euro area (moving concept in the Real Time database context) - Deficit/surplus without UMTS proceeds - All sectors/ unspecified/ not applicable (ESA2010)-NCBs - General government (ESA2010)-NCBs - Non-financial flows current prices - Percentage,XDC_R_B1GQ,0,Replace,2016-06-01T15:30:00.000+02:00,
RTD.A.S0.N.F_UMD_CGG_D0.F,A,S0,N,F_UMD_CGG_D0,F,2003,-3.18265,A,F,,,P1Y,S,,,GFS.A.N.I10.W0.S13.S1._Z.B.B9._Z._Z._Z.XDC_R_B1GQ._Z.S.V.N._T,,,,,,"See <a class=""external"" href=""http://sdw.ecb.europa.eu/web/generator/docu/rtdb_docu.pdf""> notes</a>; block Annual; series: B",,4,,,"Government deficit(-) or surplus(+), percent of GDP",Euro area (moving concept in the Real Time database context) - Deficit/surplus without UMTS proceeds - All sectors/ unspecified/ not applicable (ESA2010)-NCBs - General government (ESA2010)-NCBs - Non-financial flows current prices - Percentage,XDC_R_B1GQ,0,Replace,2016-06-01T15:30:00.000+02:00,
RTD.A.S0.N.F_UMD_CGG_D0.F,A,S0,N,F_UMD_CGG_D0,F,2004,-2.95283,A,F,,,P1Y,S,,,GFS.A.N.I10.W0.S13.S1._Z.B.B9._Z._Z._Z.XDC_R_B1GQ._Z.S.V.N._T,,,,,,"See <a class=""external"" href=""http://sdw.ecb.europa.eu/web/generator/docu/rtdb_docu.pdf""> notes</a>; block Annual; series: B",,4,,,"Government deficit(-) or surplus(+), percent of GDP",Euro area (moving concept in the Real Time database context) - Deficit/surplus without UMTS proceeds - All sectors/ unspecified/ not applicable (ESA2010)-NCBs - General government (ESA2010)-NCBs - Non-financial flows current prices - Percentage,XDC_R_B1GQ,0,Replace,2016-06-01T15:30:00.000+02:00,
RTD.A.S0.N.F_UMD_CGG_D0.F,A,S0,N,F_UMD_CGG_D0,F,2005,-2.59042,A,F,,,P1Y,S,,,GFS.A.N.I10.W0.S13.S1._Z.B.B9._Z._Z._Z.XDC_R_B1GQ._Z.S.V.N._T,,,,,,"See <a class=""external"" href=""http://sdw.ecb.europa.eu/web/generator/docu/rtdb_docu.pdf""> notes</a>; block Annual; series: B",,4,,,"Government deficit(-) or surplus(+), percent of GDP",Euro area (moving concept in the Real Time database context) - Deficit/surplus without UMTS proceeds - All sectors/ unspecified/ not applicable (ESA2010)-NCBs - General government (ESA2010)-NCBs - Non-financial flows current prices - Percentage,XDC_R_B1GQ,0,Replace,2016-06-01T15:30:00.000+02:00,
RTD.A.S0.N.F_UMD_CGG_D0.F,A,S0,N,F_UMD_CGG_D0,F,2006,-1.48907,A,F,,,P1Y,S,,,GFS.A.N.I10.W0.S13.S1._Z.B.B9._Z._Z._Z.XDC_R_B1GQ._Z.S.V.N._T,,,,,,"See <a class=""external"" href=""http://sdw.ecb.europa.eu/web/generator/docu/rtdb_docu.pdf""> notes</a>; block Annual; series: B",,4,,,"Government deficit(-) or surplus(+), percent of GDP",Euro area (moving concept in the Real Time database context) - Deficit/surplus without UMTS proceeds - All sectors/ unspecified/ not applicable (ESA2010)-NCBs - General government (ESA2010)-NCBs - Non-financial flows current prices - Percentage,XDC_R_B1GQ,0,Replace,2016-06-01T15:30:00.000+02:00,
RTD.A.S0.N.F_UMD_CGG_D0.F,A,S0,N,F_UMD_CGG_D0,F,2007,-0.63694,A,F,,,P1Y,S,,,GFS.A.N.I10.W0.S13.S1._Z.B.B9._Z._Z._Z.XDC_R_B1GQ._Z.S.V.N._T,,,,,,"See <a class=""external"" href=""http://sdw.ecb.europa.eu/web/generator/docu/rtdb_docu.pdf""> notes</a>; block Annual; series: B",,4,,,"Government deficit(-) or surplus(+), percent of GDP",Euro area (moving concept in the Real Time database context) - Deficit/surplus without UMTS proceeds - All sectors/ unspecified/ not applicable (ESA2010)-NCBs - General government (ESA2010)-NCBs - Non-financial flows current prices - Percentage,XDC_R_B1GQ,0,Replace,2016-06-01T15:30:00.000+02:00,
RTD.A.S0.N.F_UMD_CGG_D0.F,A,S0,N,F_UMD_CGG_D0,F,2008,-2.15746,A,F,,,P1Y,S,,,GFS.A.N.I10.W0.S13.S1._Z.B.B9._Z._Z._Z.XDC_R_B1GQ._Z.S.V.N._T,,,,,,"See <a class=""external"" href=""http://sdw.ecb.europa.eu/web/generator/docu/rtdb_docu.pdf""> notes</a>; block Annual; series: B",,4,,,"Government deficit(-) or surplus(+), percent of GDP",Euro area (moving concept in the Real Time database context) - Deficit/surplus without UMTS proceeds - All sectors/ unspecified/ not applicable (ESA2010)-NCBs - General government (ESA2010)-NCBs - Non-financial flows current prices - Percentage,XDC_R_B1GQ,0,Replace,2016-06-01T15:30:00.000+02:00,
RTD.A.S0.N.F_UMD_CGG_D0.F,A,S0,N,F_UMD_CGG_D0,F,2009,-6.26005,A,F,,,P1Y,S,,,GFS.A.N.I10.W0.S13.S1._Z.B.B9._Z._Z._Z.XDC_R_B1GQ._Z.S.V.N._T,,,,,,"See <a class=""external"" href=""http://sdw.ecb.europa.eu/web/generator/docu/rtdb_docu.pdf""> notes</a>; block Annual; series: B",,4,,,"Government deficit(-) or surplus(+), percent of GDP",Euro area (moving concept in the Real Time database context) - Deficit/surplus without UMTS proceeds - All sectors/ unspecified/ not applicable (ESA2010)-NCBs - General government (ESA2010)-NCBs - Non-financial flows current prices - Percentage,XDC_R_B1GQ,0,Replace,2016-06-01T15:30:00.000+02:00,
RTD.A.S0.N.F_UMD_CGG_D0.F,A,S0,N,F_UMD_CGG_D0,F,2010,-6.17429,A,F,,,P1Y,S,,,GFS.A.N.I10.W0.S13.S1._Z.B.B9._Z._Z._Z.XDC_R_B1GQ._Z.S.V.N._T,,,,,,"See <a class=""external"" href=""http://sdw.ecb.europa.eu/web/generator/docu/rtdb_docu.pdf""> notes</a>; block Annual; series: B",,4,,,"Government deficit(-) or surplus(+), percent of GDP",Euro area (moving concept in the Real Time database context) - Deficit/surplus without UMTS proceeds - All sectors/ unspecified/ not applicable (ESA2010)-NCBs - General government (ESA2010)-NCBs - Non-financial flows current prices - Percentage,XDC_R_B1GQ,0,Replace,2016-06-01T15:30:00.000+02:00,
RTD.A.S0.N.F_UMD_CGG_D0.F,A,S0,N,F_UMD_CGG_D0,F,2011,-4.17936,A,F,,,P1Y,S,,,GFS.A.N.I10.W0.S13.S1._Z.B.B9._Z._Z._Z.XDC_R_B1GQ._Z.S.V.N._T,,,,,,"See <a class=""external"" href=""http://sdw.ecb.europa.eu/web/generator/docu/rtdb_docu.pdf""> notes</a>; block Annual; series: B",,4,,,"Government deficit(-) or surplus(+), percent of GDP",Euro area (moving concept in the Real Time database context) - Deficit/surplus without UMTS proceeds - All sectors/ unspecified/ not applicable (ESA2010)-NCBs - General government (ESA2010)-NCBs - Non-financial flows current prices - Percentage,XDC_R_B1GQ,0,Replace,2016-06-01T15:30:00.000+02:00,
RTD.A.S0.N.F_UMD_CGG_D0.F,A,S0,N,F_UMD_CGG_D0,F,2012,-3.65877,A,F,,,P1Y,S,,,GFS.A.N.I10.W0.S13.S1._Z.B.B9._Z._Z._Z.XDC_R_B1GQ._Z.S.V.N._T,,,,,,"See <a class=""external"" href=""http://sdw.ecb.europa.eu/web/generator/docu/rtdb_docu.pdf""> notes</a>; block Annual; series: B",,4,,,"Government deficit(-) or surplus(+), percent of GDP",Euro area (moving concept in the Real Time database context) - Deficit/surplus without UMTS proceeds - All sectors/ unspecified/ not applicable (ESA2010)-NCBs - General government (ESA2010)-NCBs - Non-financial flows current prices - Percentage,XDC_R_B1GQ,0,Replace,2016-06-01T15:30:00.000+02:00,
RTD.A.S0.N.F_UMD_CGG_D0.F,A,S0,N,F_UMD_CGG_D0,F,2013,-2.97665,A,F,,,P1Y,S,,,GFS.A.N.I10.W0.S13.S1._Z.B.B9._Z._Z._Z.XDC_R_B1GQ._Z.S.V.N._T,,,,,,"See <a class=""external"" href=""http://sdw.ecb.europa.eu/web/generator/docu/rtdb_docu.pdf""> notes</a>; block Annual; series: B",,4,,,"Government deficit(-) or surplus(+), percent of GDP",Euro area (moving concept in the Real Time database context) - Deficit/surplus without UMTS proceeds - All sectors/ unspecified/ not applicable (ESA2010)-NCBs - General government (ESA2010)-NCBs - Non-financial flows current prices - Percentage,XDC_R_B1GQ,0,Replace,2016-06-01T15:30:00.000+02:00,
RTD.A.S0.N.F_UMD_CGG_D0.F,A,S0,N,F_UMD_CGG_D0,F,2014,-2.58544,A,F,,,P1Y,S,,,GFS.A.N.I10.W0.S13.S1._Z.B.B9._Z._Z._Z.XDC_R_B1GQ._Z.S.V.N._T,,,,,,"See <a class=""external"" href=""http://sdw.ecb.europa.eu/web/generator/docu/rtdb_docu.pdf""> notes</a>; block Annual; series: B",,4,,,"Government deficit(-) or surplus(+), percent of GDP",Euro area (moving concept in the Real Time database context) - Deficit/surplus without UMTS proceeds - All sectors/ unspecified/ not applicable (ESA2010)-NCBs - General government (ESA2010)-NCBs - Non-financial flows current prices - Percentage,XDC_R_B1GQ,0,Replace,2016-06-01T15:30:00.000+02:00,
RTD.A.S0.N.F_UMD_CGG_D0.F,A,S0,N,F_UMD_CGG_D0,F,2015,-2.06702,A,F,,,P1Y,S,,,GFS.A.N.I10.W0.S13.S1._Z.B.B9._Z._Z._Z.XDC_R_B1GQ._Z.S.V.N._T,,,,,,"See <a class=""external"" href=""http://sdw.ecb.europa.eu/web/generator/docu/rtdb_docu.pdf""> notes</a>; block Annual; series: B",,4,,,"Government deficit(-) or surplus(+), percent of GDP",Euro area (moving concept in the Real Time database context) - Deficit/surplus without UMTS proceeds - All sectors/ unspecified/ not applicable (ESA2010)-NCBs - General government (ESA2010)-NCBs - Non-financial flows current prices - Percentage,XDC_R_B1GQ,0,Replace,2016-06-01T15:30:00.000+02:00,
RTD.A.S0.N.F_UMD_CGG_D0.F,A,S0,N,F_UMD_CGG_D0,F,1995,-7.31082,A,F,,,P1Y,S,,,GFS.A.N.I10.W0.S13.S1._Z.B.B9._Z._Z._Z.XDC_R_B1GQ._Z.S.V.N._T,,,,,,"See <a class=""external"" href=""http://sdw.ecb.europa.eu/web/generator/docu/rtdb_docu.pdf""> notes</a>; block Annual; series: B",,4,,,"Government deficit(-) or surplus(+), percent of GDP",Euro area (moving concept in the Real Time database context) - Deficit/surplus without UMTS proceeds - All sectors/ unspecified/ not applicable (ESA2010)-NCBs - General government (ESA2010)-NCBs - Non-financial flows current prices - Percentage,XDC_R_B1GQ,0,Replace,2016-12-07T15:30:00.000+01:00,
RTD.A.S0.N.F_UMD_CGG_D0.F,A,S0,N,F_UMD_CGG_D0,F,1996,-4.31603,A,F,,,P1Y,S,,,GFS.A.N.I10.W0.S13.S1._Z.B.B9._Z._Z._Z.XDC_R_B1GQ._Z.S.V.N._T,,,,,,"See <a class=""external"" href=""http://sdw.ecb.europa.eu/web/generator/docu/rtdb_docu.pdf""> notes</a>; block Annual; series: B",,4,,,"Government deficit(-) or surplus(+), percent of GDP",Euro area (moving concept in the Real Time database context) - Deficit/surplus without UMTS proceeds - All sectors/ unspecified/ not applicable (ESA2010)-NCBs - General government (ESA2010)-NCBs - Non-financial flows current prices - Percentage,XDC_R_B1GQ,0,Replace,2016-12-07T15:30:00.000+01:00,
RTD.A.S0.N.F_UMD_CGG_D0.F,A,S0,N,F_UMD_CGG_D0,F,1997,-3.03608,A,F,,,P1Y,S,,,GFS.A.N.I10.W0.S13.S1._Z.B.B9._Z._Z._Z.XDC_R_B1GQ._Z.S.V.N._T,,,,,,"See <a class=""external"" href=""http://sdw.ecb.europa.eu/web/generator/docu/rtdb_docu.pdf""> notes</a>; block Annual; series: B",,4,,,"Government deficit(-) or surplus(+), percent of GDP",Euro area (moving concept in the Real Time database context) - Deficit/surplus without UMTS proceeds - All sectors/ unspecified/ not applicable (ESA2010)-NCBs - General government (ESA2010)-NCBs - Non-financial flows current prices - Percentage,XDC_R_B1GQ,0,Replace,2016-12-07T15:30:00.000+01:00,
RTD.A.S0.N.F_UMD_CGG_D0.F,A,S0,N,F_UMD_CGG_D0,F,1998,-2.44465,A,F,,,P1Y,S,,,GFS.A.N.I10.W0.S13.S1._Z.B.B9._Z._Z._Z.XDC_R_B1GQ._Z.S.V.N._T,,,,,,"See <a class=""external"" href=""http://sdw.ecb.europa.eu/web/generator/docu/rtdb_docu.pdf""> notes</a>; block Annual; series: B",,4,,,"Government deficit(-) or surplus(+), percent of GDP",Euro area (moving concept in the Real Time database context) - Deficit/surplus without UMTS proceeds - All sectors/ unspecified/ not applicable (ESA2010)-NCBs - General government (ESA2010)-NCBs - Non-financial flows current prices - Percentage,XDC_R_B1GQ,0,Replace,2016-12-07T15:30:00.000+01:00,
RTD.A.S0.N.F_UMD_CGG_D0.F,A,S0,N,F_UMD_CGG_D0,F,1999,-1.52418,A,F,,,P1Y,S,,,GFS.A.N.I10.W0.S13.S1._Z.B.B9._Z._Z._Z.XDC_R_B1GQ._Z.S.V.N._T,,,,,,"See <a class=""external"" href=""http://sdw.ecb.europa.eu/web/generator/docu/rtdb_docu.pdf""> notes</a>; block Annual; series: B",,4,,,"Government deficit(-) or surplus(+), percent of GDP",Euro area (moving concept in the Real Time database context) - Deficit/surplus without UMTS proceeds - All sectors/ unspecified/ not applicable (ESA2010)-NCBs - General government (ESA2010)-NCBs - Non-financial flows current prices - Percentage,XDC_R_B1GQ,0,Replace,2016-12-07T15:30:00.000+01:00,
RTD.A.S0.N.F_UMD_CGG_D0.F,A,S0,N,F_UMD_CGG_D0,F,2000,-0.2849,A,F,,,P1Y,S,,,GFS.A.N.I10.W0.S13.S1._Z.B.B9._Z._Z._Z.XDC_R_B1GQ._Z.S.V.N._T,,,,,,"See <a class=""external"" href=""http://sdw.ecb.europa.eu/web/generator/docu/rtdb_docu.pdf""> notes</a>; block Annual; series: B",,4,,,"Government deficit(-) or surplus(+), percent of GDP",Euro area (moving concept in the Real Time database context) - Deficit/surplus without UMTS proceeds - All sectors/ unspecified/ not applicable (ESA2010)-NCBs - General government (ESA2010)-NCBs - Non-financial flows current prices - Percentage,XDC_R_B1GQ,0,Replace,2016-12-07T15:30:00.000+01:00,
RTD.A.S0.N.F_UMD_CGG_D0.F,A,S0,N,F_UMD_CGG_D0,F,2001,-2.03294,A,F,,,P1Y,S,,,GFS.A.N.I10.W0.S13.S1._Z.B.B9._Z._Z._Z.XDC_R_B1GQ._Z.S.V.N._T,,,,,,"See <a class=""external"" href=""http://sdw.ecb.europa.eu/web/generator/docu/rtdb_docu.pdf""> notes</a>; block Annual; series: B",,4,,,"Government deficit(-) or surplus(+), percent of GDP",Euro area (moving concept in the Real Time database context) - Deficit/surplus without UMTS proceeds - All sectors/ unspecified/ not applicable (ESA2010)-NCBs - General government (ESA2010)-NCBs - Non-financial flows current prices - Percentage,XDC_R_B1GQ,0,Replace,2016-12-07T15:30:00.000+01:00,
RTD.A.S0.N.F_UMD_CGG_D0.F,A,S0,N,F_UMD_CGG_D0,F,2002,-2.72089,A,F,,,P1Y,S,,,GFS.A.N.I10.W0.S13.S1._Z.B.B9._Z._Z._Z.XDC_R_B1GQ._Z.S.V.N._T,,,,,,"See <a class=""external"" href=""http://sdw.ecb.europa.eu/web/generator/docu/rtdb_docu.pdf""> notes</a>; block Annual; series: B",,4,,,"Government deficit(-) or surplus(+), percent of GDP",Euro area (moving concept in the Real Time database context) - Deficit/surplus without UMTS proceeds - All sectors/ unspecified/ not applicable (ESA2010)-NCBs - General government (ESA2010)-NCBs - Non-financial flows current prices - Percentage,XDC_R_B1GQ,0,Replace,2016-12-07T15:30:00.000+01:00,
RTD.A.S0.N.F_UMD_CGG_D0.F,A,S0,N,F_UMD_CGG_D0,F,2003,-3.19024,A,F,,,P1Y,S,,,GFS.A.N.I10.W0.S13.S1._Z.B.B9._Z._Z._Z.XDC_R_B1GQ._Z.S.V.N._T,,,,,,"See <a class=""external"" href=""http://sdw.ecb.europa.eu/web/generator/docu/rtdb_docu.pdf""> notes</a>; block Annual; series: B",,4,,,"Government deficit(-) or surplus(+), percent of GDP",Euro area (moving concept in the Real Time database context) - Deficit/surplus without UMTS proceeds - All sectors/ unspecified/ not applicable (ESA2010)-NCBs - General government (ESA2010)-NCBs - Non-financial flows current prices - Percentage,XDC_R_B1GQ,0,Replace,2016-12-07T15:30:00.000+01:00,
RTD.A.S0.N.F_UMD_CGG_D0.F,A,S0,N,F_UMD_CGG_D0,F,2004,-2.95597,A,F,,,P1Y,S,,,GFS.A.N.I10.W0.S13.S1._Z.B.B9._Z._Z._Z.XDC_R_B1GQ._Z.S.V.N._T,,,,,,"See <a class=""external"" href=""http://sdw.ecb.europa.eu/web/generator/docu/rtdb_docu.pdf""> notes</a>; block Annual; series: B",,4,,,"Government deficit(-) or surplus(+), percent of GDP",Euro area (moving concept in the Real Time database context) - Deficit/surplus without UMTS proceeds - All sectors/ unspecified/ not applicable (ESA2010)-NCBs - General government (ESA2010)-NCBs - Non-financial flows current prices - Percentage,XDC_R_B1GQ,0,Replace,2016-12-07T15:30:00.000+01:00,
RTD.A.S0.N.F_UMD_CGG_D0.F,A,S0,N,F_UMD_CGG_D0,F,2005,-2.58483,A,F,,,P1Y,S,,,GFS.A.N.I10.W0.S13.S1._Z.B.B9._Z._Z._Z.XDC_R_B1GQ._Z.S.V.N._T,,,,,,"See <a class=""external"" href=""http://sdw.ecb.europa.eu/web/generator/docu/rtdb_docu.pdf""> notes</a>; block Annual; series: B",,4,,,"Government deficit(-) or surplus(+), percent of GDP",Euro area (moving concept in the Real Time database context) - Deficit/surplus without UMTS proceeds - All sectors/ unspecified/ not applicable (ESA2010)-NCBs - General government (ESA2010)-NCBs - Non-financial flows current prices - Percentage,XDC_R_B1GQ,0,Replace,2016-12-07T15:30:00.000+01:00,
RTD.A.S0.N.F_UMD_CGG_D0.F,A,S0,N,F_UMD_CGG_D0,F,2006,-1.4914,A,F,,,P1Y,S,,,GFS.A.N.I10.W0.S13.S1._Z.B.B9._Z._Z._Z.XDC_R_B1GQ._Z.S.V.N._T,,,,,,"See <a class=""external"" href=""http://sdw.ecb.europa.eu/web/generator/docu/rtdb_docu.pdf""> notes</a>; block Annual; series: B",,4,,,"Government deficit(-) or surplus(+), percent of GDP",Euro area (moving concept in the Real Time database context) - Deficit/surplus without UMTS proceeds - All sectors/ unspecified/ not applicable (ESA2010)-NCBs - General government (ESA2010)-NCBs - Non-financial flows current prices - Percentage,XDC_R_B1GQ,0,Replace,2016-12-07T15:30:00.000+01:00,
RTD.A.S0.N.F_UMD_CGG_D0.F,A,S0,N,F_UMD_CGG_D0,F,2007,-0.63937,A,F,,,P1Y,S,,,GFS.A.N.I10.W0.S13.S1._Z.B.B9._Z._Z._Z.XDC_R_B1GQ._Z.S.V.N._T,,,,,,"See <a class=""external"" href=""http://sdw.ecb.europa.eu/web/generator/docu/rtdb_docu.pdf""> notes</a>; block Annual; series: B",,4,,,"Government deficit(-) or surplus(+), percent of GDP",Euro area (moving concept in the Real Time database context) - Deficit/surplus without UMTS proceeds - All sectors/ unspecified/ not applicable (ESA2010)-NCBs - General government (ESA2010)-NCBs - Non-financial flows current prices - Percentage,XDC_R_B1GQ,0,Replace,2016-12-07T15:30:00.000+01:00,
RTD.A.S0.N.F_UMD_CGG_D0.F,A,S0,N,F_UMD_CGG_D0,F,2008,-2.16037,A,F,,,P1Y,S,,,GFS.A.N.I10.W0.S13.S1._Z.B.B9._Z._Z._Z.XDC_R_B1GQ._Z.S.V.N._T,,,,,,"See <a class=""external"" href=""http://sdw.ecb.europa.eu/web/generator/docu/rtdb_docu.pdf""> notes</a>; block Annual; series: B",,4,,,"Government deficit(-) or surplus(+), percent of GDP",Euro area (moving concept in the Real Time database context) - Deficit/surplus without UMTS proceeds - All sectors/ unspecified/ not applicable (ESA2010)-NCBs - General government (ESA2010)-NCBs - Non-financial flows current prices - Percentage,XDC_R_B1GQ,0,Replace,2016-12-07T15:30:00.000+01:00,
RTD.A.S0.N.F_UMD_CGG_D0.F,A,S0,N,F_UMD_CGG_D0,F,2009,-6.26159,A,F,,,P1Y,S,,,GFS.A.N.I10.W0.S13.S1._Z.B.B9._Z._Z._Z.XDC_R_B1GQ._Z.S.V.N._T,,,,,,"See <a class=""external"" href=""http://sdw.ecb.europa.eu/web/generator/docu/rtdb_docu.pdf""> notes</a>; block Annual; series: B",,4,,,"Government deficit(-) or surplus(+), percent of GDP",Euro area (moving concept in the Real Time database context) - Deficit/surplus without UMTS proceeds - All sectors/ unspecified/ not applicable (ESA2010)-NCBs - General government (ESA2010)-NCBs - Non-financial flows current prices - Percentage,XDC_R_B1GQ,0,Replace,2016-12-07T15:30:00.000+01:00,
RTD.A.S0.N.F_UMD_CGG_D0.F,A,S0,N,F_UMD_CGG_D0,F,2010,-6.17419,A,F,,,P1Y,S,,,GFS.A.N.I10.W0.S13.S1._Z.B.B9._Z._Z._Z.XDC_R_B1GQ._Z.S.V.N._T,,,,,,"See <a class=""external"" href=""http://sdw.ecb.europa.eu/web/generator/docu/rtdb_docu.pdf""> notes</a>; block Annual; series: B",,4,,,"Government deficit(-) or surplus(+), percent of GDP",Euro area (moving concept in the Real Time database context) - Deficit/surplus without UMTS proceeds - All sectors/ unspecified/ not applicable (ESA2010)-NCBs - General government (ESA2010)-NCBs - Non-financial flows current prices - Percentage,XDC_R_B1GQ,0,Replace,2016-12-07T15:30:00.000+01:00,
RTD.A.S0.N.F_UMD_CGG_D0.F,A,S0,N,F_UMD_CGG_D0,F,2011,-4.22153,A,F,,,P1Y,S,,,GFS.A.N.I10.W0.S13.S1._Z.B.B9._Z._Z._Z.XDC_R_B1GQ._Z.S.V.N._T,,,,,,"See <a class=""external"" href=""http://sdw.ecb.europa.eu/web/generator/docu/rtdb_docu.pdf""> notes</a>; block Annual; series: B",,4,,,"Government deficit(-) or surplus(+), percent of GDP",Euro area (moving concept in the Real Time database context) - Deficit/surplus without UMTS proceeds - All sectors/ unspecified/ not applicable (ESA2010)-NCBs - General government (ESA2010)-NCBs - Non-financial flows current prices - Percentage,XDC_R_B1GQ,0,Replace,2016-12-07T15:30:00.000+01:00,
RTD.A.S0.N.F_UMD_CGG_D0.F,A,S0,N,F_UMD_CGG_D0,F,2012,-3.63868,A,F,,,P1Y,S,,,GFS.A.N.I10.W0.S13.S1._Z.B.B9._Z._Z._Z.XDC_R_B1GQ._Z.S.V.N._T,,,,,,"See <a class=""external"" href=""http://sdw.ecb.europa.eu/web/generator/docu/rtdb_docu.pdf""> notes</a>; block Annual; series: B",,4,,,"Government deficit(-) or surplus(+), percent of GDP",Euro area (moving concept in the Real Time database context) - Deficit/surplus without UMTS proceeds - All sectors/ unspecified/ not applicable (ESA2010)-NCBs - General government (ESA2010)-NCBs - Non-financial flows current prices - Percentage,XDC_R_B1GQ,0,Replace,2016-12-07T15:30:00.000+01:00,
RTD.A.S0.N.F_UMD_CGG_D0.F,A,S0,N,F_UMD_CGG_D0,F,2013,-2.96267,A,F,,,P1Y,S,,,GFS.A.N.I10.W0.S13.S1._Z.B.B9._Z._Z._Z.XDC_R_B1GQ._Z.S.V.N._T,,,,,,"See <a class=""external"" href=""http://sdw.ecb.europa.eu/web/generator/docu/rtdb_docu.pdf""> notes</a>; block Annual; series: B",,4,,,"Government deficit(-) or surplus(+), percent of GDP",Euro area (moving concept in the Real Time database context) - Deficit/surplus without UMTS proceeds - All sectors/ unspecified/ not applicable (ESA2010)-NCBs - General government (ESA2010)-NCBs - Non-financial flows current prices - Percentage,XDC_R_B1GQ,0,Replace,2016-12-07T15:30:00.000+01:00,
RTD.A.S0.N.F_UMD_CGG_D0.F,A,S0,N,F_UMD_CGG_D0,F,2014,-2.57779,A,F,,,P1Y,S,,,GFS.A.N.I10.W0.S13.S1._Z.B.B9._Z._Z._Z.XDC_R_B1GQ._Z.S.V.N._T,,,,,,"See <a class=""external"" href=""http://sdw.ecb.europa.eu/web/generator/docu/rtdb_docu.pdf""> notes</a>; block Annual; series: B",,4,,,"Government deficit(-) or surplus(+), percent of GDP",Euro area (moving concept in the Real Time database context) - Deficit/surplus without UMTS proceeds - All sectors/ unspecified/ not applicable (ESA2010)-NCBs - General government (ESA2010)-NCBs - Non-financial flows current prices - Percentage,XDC_R_B1GQ,0,Replace,2016-12-07T15:30:00.000+01:00,
RTD.A.S0.N.F_UMD_CGG_D0.F,A,S0,N,F_UMD_CGG_D0,F,2015,-2.05591,A,F,,,P1Y,S,,,GFS.A.N.I10.W0.S13.S1._Z.B.B9._Z._Z._Z.XDC_R_B1GQ._Z.S.V.N._T,,,,,,"See <a class=""external"" href=""http://sdw.ecb.europa.eu/web/generator/docu/rtdb_docu.pdf""> notes</a>; block Annual; series: B",,4,,,"Government deficit(-) or surplus(+), percent of GDP",Euro area (moving concept in the Real Time database context) - Deficit/surplus without UMTS proceeds - All sectors/ unspecified/ not applicable (ESA2010)-NCBs - General government (ESA2010)-NCBs - Non-financial flows current prices - Percentage,XDC_R_B1GQ,0,Replace,2016-12-07T15:30:00.000+01:00,
RTD.A.S0.N.F_UMD_CGG_D0.F,A,S0,N,F_UMD_CGG_D0,F,1995,-7.31077,A,F,,,P1Y,S,,,GFS.A.N.I10.W0.S13.S1._Z.B.B9._Z._Z._Z.XDC_R_B1GQ._Z.S.V.N._T,,,,,,"See <a class=""external"" href=""http://sdw.ecb.europa.eu/web/generator/docu/rtdb_docu.pdf""> notes</a>; block Annual; series: B",,4,,,"Government deficit(-) or surplus(+), percent of GDP",Euro area (moving concept in the Real Time database context) - Deficit/surplus without UMTS proceeds - All sectors/ unspecified/ not applicable (ESA2010)-NCBs - General government (ESA2010)-NCBs - Non-financial flows current prices - Percentage,XDC_R_B1GQ,0,Replace,2017-04-26T15:30:00.000+02:00,
RTD.A.S0.N.F_UMD_CGG_D0.F,A,S0,N,F_UMD_CGG_D0,F,1996,-4.31601,A,F,,,P1Y,S,,,GFS.A.N.I10.W0.S13.S1._Z.B.B9._Z._Z._Z.XDC_R_B1GQ._Z.S.V.N._T,,,,,,"See <a class=""external"" href=""http://sdw.ecb.europa.eu/web/generator/docu/rtdb_docu.pdf""> notes</a>; block Annual; series: B",,4,,,"Government deficit(-) or surplus(+), percent of GDP",Euro area (moving concept in the Real Time database context) - Deficit/surplus without UMTS proceeds - All sectors/ unspecified/ not applicable (ESA2010)-NCBs - General government (ESA2010)-NCBs - Non-financial flows current prices - Percentage,XDC_R_B1GQ,0,Replace,2017-04-26T15:30:00.000+02:00,
RTD.A.S0.N.F_UMD_CGG_D0.F,A,S0,N,F_UMD_CGG_D0,F,1997,-3.03607,A,F,,,P1Y,S,,,GFS.A.N.I10.W0.S13.S1._Z.B.B9._Z._Z._Z.XDC_R_B1GQ._Z.S.V.N._T,,,,,,"See <a class=""external"" href=""http://sdw.ecb.europa.eu/web/generator/docu/rtdb_docu.pdf""> notes</a>; block Annual; series: B",,4,,,"Government deficit(-) or surplus(+), percent of GDP",Euro area (moving concept in the Real Time database context) - Deficit/surplus without UMTS proceeds - All sectors/ unspecified/ not applicable (ESA2010)-NCBs - General government (ESA2010)-NCBs - Non-financial flows current prices - Percentage,XDC_R_B1GQ,0,Replace,2017-04-26T15:30:00.000+02:00,
RTD.A.S0.N.F_UMD_CGG_D0.F,A,S0,N,F_UMD_CGG_D0,F,1998,-2.44425,A,F,,,P1Y,S,,,GFS.A.N.I10.W0.S13.S1._Z.B.B9._Z._Z._Z.XDC_R_B1GQ._Z.S.V.N._T,,,,,,"See <a class=""external"" href=""http://sdw.ecb.europa.eu/web/generator/docu/rtdb_docu.pdf""> notes</a>; block Annual; series: B",,4,,,"Government deficit(-) or surplus(+), percent of GDP",Euro area (moving concept in the Real Time database context) - Deficit/surplus without UMTS proceeds - All sectors/ unspecified/ not applicable (ESA2010)-NCBs - General government (ESA2010)-NCBs - Non-financial flows current prices - Percentage,XDC_R_B1GQ,0,Replace,2017-04-26T15:30:00.000+02:00,
RTD.A.S0.N.F_UMD_CGG_D0.F,A,S0,N,F_UMD_CGG_D0,F,1999,-1.52432,A,F,,,P1Y,S,,,GFS.A.N.I10.W0.S13.S1._Z.B.B9._Z._Z._Z.XDC_R_B1GQ._Z.S.V.N._T,,,,,,"See <a class=""external"" href=""http://sdw.ecb.europa.eu/web/generator/docu/rtdb_docu.pdf""> notes</a>; block Annual; series: B",,4,,,"Government deficit(-) or surplus(+), percent of GDP",Euro area (moving concept in the Real Time database context) - Deficit/surplus without UMTS proceeds - All sectors/ unspecified/ not applicable (ESA2010)-NCBs - General government (ESA2010)-NCBs - Non-financial flows current prices - Percentage,XDC_R_B1GQ,0,Replace,2017-04-26T15:30:00.000+02:00,
RTD.A.S0.N.F_UMD_CGG_D0.F,A,S0,N,F_UMD_CGG_D0,F,2000,-0.28487,A,F,,,P1Y,S,,,GFS.A.N.I10.W0.S13.S1._Z.B.B9._Z._Z._Z.XDC_R_B1GQ._Z.S.V.N._T,,,,,,"See <a class=""external"" href=""http://sdw.ecb.europa.eu/web/generator/docu/rtdb_docu.pdf""> notes</a>; block Annual; series: B",,4,,,"Government deficit(-) or surplus(+), percent of GDP",Euro area (moving concept in the Real Time database context) - Deficit/surplus without UMTS proceeds - All sectors/ unspecified/ not applicable (ESA2010)-NCBs - General government (ESA2010)-NCBs - Non-financial flows current prices - Percentage,XDC_R_B1GQ,0,Replace,2017-04-26T15:30:00.000+02:00,
RTD.A.S0.N.F_UMD_CGG_D0.F,A,S0,N,F_UMD_CGG_D0,F,2001,-2.03397,A,F,,,P1Y,S,,,GFS.A.N.I10.W0.S13.S1._Z.B.B9._Z._Z._Z.XDC_R_B1GQ._Z.S.V.N._T,,,,,,"See <a class=""external"" href=""http://sdw.ecb.europa.eu/web/generator/docu/rtdb_docu.pdf""> notes</a>; block Annual; series: B",,4,,,"Government deficit(-) or surplus(+), percent of GDP",Euro area (moving concept in the Real Time database context) - Deficit/surplus without UMTS proceeds - All sectors/ unspecified/ not applicable (ESA2010)-NCBs - General government (ESA2010)-NCBs - Non-financial flows current prices - Percentage,XDC_R_B1GQ,0,Replace,2017-04-26T15:30:00.000+02:00,
RTD.A.S0.N.F_UMD_CGG_D0.F,A,S0,N,F_UMD_CGG_D0,F,2002,-2.72138,A,F,,,P1Y,S,,,GFS.A.N.I10.W0.S13.S1._Z.B.B9._Z._Z._Z.XDC_R_B1GQ._Z.S.V.N._T,,,,,,"See <a class=""external"" href=""http://sdw.ecb.europa.eu/web/generator/docu/rtdb_docu.pdf""> notes</a>; block Annual; series: B",,4,,,"Government deficit(-) or surplus(+), percent of GDP",Euro area (moving concept in the Real Time database context) - Deficit/surplus without UMTS proceeds - All sectors/ unspecified/ not applicable (ESA2010)-NCBs - General government (ESA2010)-NCBs - Non-financial flows current prices - Percentage,XDC_R_B1GQ,0,Replace,2017-04-26T15:30:00.000+02:00,
RTD.A.S0.N.F_UMD_CGG_D0.F,A,S0,N,F_UMD_CGG_D0,F,2003,-3.19012,A,F,,,P1Y,S,,,GFS.A.N.I10.W0.S13.S1._Z.B.B9._Z._Z._Z.XDC_R_B1GQ._Z.S.V.N._T,,,,,,"See <a class=""external"" href=""http://sdw.ecb.europa.eu/web/generator/docu/rtdb_docu.pdf""> notes</a>; block Annual; series: B",,4,,,"Government deficit(-) or surplus(+), percent of GDP",Euro area (moving concept in the Real Time database context) - Deficit/surplus without UMTS proceeds - All sectors/ unspecified/ not applicable (ESA2010)-NCBs - General government (ESA2010)-NCBs - Non-financial flows current prices - Percentage,XDC_R_B1GQ,0,Replace,2017-04-26T15:30:00.000+02:00,
RTD.A.S0.N.F_UMD_CGG_D0.F,A,S0,N,F_UMD_CGG_D0,F,2004,-2.95584,A,F,,,P1Y,S,,,GFS.A.N.I10.W0.S13.S1._Z.B.B9._Z._Z._Z.XDC_R_B1GQ._Z.S.V.N._T,,,,,,"See <a class=""external"" href=""http://sdw.ecb.europa.eu/web/generator/docu/rtdb_docu.pdf""> notes</a>; block Annual; series: B",,4,,,"Government deficit(-) or surplus(+), percent of GDP",Euro area (moving concept in the Real Time database context) - Deficit/surplus without UMTS proceeds - All sectors/ unspecified/ not applicable (ESA2010)-NCBs - General government (ESA2010)-NCBs - Non-financial flows current prices - Percentage,XDC_R_B1GQ,0,Replace,2017-04-26T15:30:00.000+02:00,
RTD.A.S0.N.F_UMD_CGG_D0.F,A,S0,N,F_UMD_CGG_D0,F,2005,-2.59153,A,F,,,P1Y,S,,,GFS.A.N.I10.W0.S13.S1._Z.B.B9._Z._Z._Z.XDC_R_B1GQ._Z.S.V.N._T,,,,,,"See <a class=""external"" href=""http://sdw.ecb.europa.eu/web/generator/docu/rtdb_docu.pdf""> notes</a>; block Annual; series: B",,4,,,"Government deficit(-) or surplus(+), percent of GDP",Euro area (moving concept in the Real Time database context) - Deficit/surplus without UMTS proceeds - All sectors/ unspecified/ not applicable (ESA2010)-NCBs - General government (ESA2010)-NCBs - Non-financial flows current prices - Percentage,XDC_R_B1GQ,0,Replace,2017-04-26T15:30:00.000+02:00,
RTD.A.S0.N.F_UMD_CGG_D0.F,A,S0,N,F_UMD_CGG_D0,F,2006,-1.49074,A,F,,,P1Y,S,,,GFS.A.N.I10.W0.S13.S1._Z.B.B9._Z._Z._Z.XDC_R_B1GQ._Z.S.V.N._T,,,,,,"See <a class=""external"" href=""http://sdw.ecb.europa.eu/web/generator/docu/rtdb_docu.pdf""> notes</a>; block Annual; series: B",,4,,,"Government deficit(-) or surplus(+), percent of GDP",Euro area (moving concept in the Real Time database context) - Deficit/surplus without UMTS proceeds - All sectors/ unspecified/ not applicable (ESA2010)-NCBs - General government (ESA2010)-NCBs - Non-financial flows current prices - Percentage,XDC_R_B1GQ,0,Replace,2017-04-26T15:30:00.000+02:00,
RTD.A.S0.N.F_UMD_CGG_D0.F,A,S0,N,F_UMD_CGG_D0,F,2007,-0.64791,A,F,,,P1Y,S,,,GFS.A.N.I10.W0.S13.S1._Z.B.B9._Z._Z._Z.XDC_R_B1GQ._Z.S.V.N._T,,,,,,"See <a class=""external"" href=""http://sdw.ecb.europa.eu/web/generator/docu/rtdb_docu.pdf""> notes</a>; block Annual; series: B",,4,,,"Government deficit(-) or surplus(+), percent of GDP",Euro area (moving concept in the Real Time database context) - Deficit/surplus without UMTS proceeds - All sectors/ unspecified/ not applicable (ESA2010)-NCBs - General government (ESA2010)-NCBs - Non-financial flows current prices - Percentage,XDC_R_B1GQ,0,Replace,2017-04-26T15:30:00.000+02:00,
RTD.A.S0.N.F_UMD_CGG_D0.F,A,S0,N,F_UMD_CGG_D0,F,2008,-2.16033,A,F,,,P1Y,S,,,GFS.A.N.I10.W0.S13.S1._Z.B.B9._Z._Z._Z.XDC_R_B1GQ._Z.S.V.N._T,,,,,,"See <a class=""external"" href=""http://sdw.ecb.europa.eu/web/generator/docu/rtdb_docu.pdf""> notes</a>; block Annual; series: B",,4,,,"Government deficit(-) or surplus(+), percent of GDP",Euro area (moving concept in the Real Time database context) - Deficit/surplus without UMTS proceeds - All sectors/ unspecified/ not applicable (ESA2010)-NCBs - General government (ESA2010)-NCBs - Non-financial flows current prices - Percentage,XDC_R_B1GQ,0,Replace,2017-04-26T15:30:00.000+02:00,
RTD.A.S0.N.F_UMD_CGG_D0.F,A,S0,N,F_UMD_CGG_D0,F,2009,-6.26034,A,F,,,P1Y,S,,,GFS.A.N.I10.W0.S13.S1._Z.B.B9._Z._Z._Z.XDC_R_B1GQ._Z.S.V.N._T,,,,,,"See <a class=""external"" href=""http://sdw.ecb.europa.eu/web/generator/docu/rtdb_docu.pdf""> notes</a>; block Annual; series: B",,4,,,"Government deficit(-) or surplus(+), percent of GDP",Euro area (moving concept in the Real Time database context) - Deficit/surplus without UMTS proceeds - All sectors/ unspecified/ not applicable (ESA2010)-NCBs - General government (ESA2010)-NCBs - Non-financial flows current prices - Percentage,XDC_R_B1GQ,0,Replace,2017-04-26T15:30:00.000+02:00,
RTD.A.S0.N.F_UMD_CGG_D0.F,A,S0,N,F_UMD_CGG_D0,F,2010,-6.17485,A,F,,,P1Y,S,,,GFS.A.N.I10.W0.S13.S1._Z.B.B9._Z._Z._Z.XDC_R_B1GQ._Z.S.V.N._T,,,,,,"See <a class=""external"" href=""http://sdw.ecb.europa.eu/web/generator/docu/rtdb_docu.pdf""> notes</a>; block Annual; series: B",,4,,,"Government deficit(-) or surplus(+), percent of GDP",Euro area (moving concept in the Real Time database context) - Deficit/surplus without UMTS proceeds - All sectors/ unspecified/ not applicable (ESA2010)-NCBs - General government (ESA2010)-NCBs - Non-financial flows current prices - Percentage,XDC_R_B1GQ,0,Replace,2017-04-26T15:30:00.000+02:00,
RTD.A.S0.N.F_UMD_CGG_D0.F,A,S0,N,F_UMD_CGG_D0,F,2011,-4.22198,A,F,,,P1Y,S,,,GFS.A.N.I10.W0.S13.S1._Z.B.B9._Z._Z._Z.XDC_R_B1GQ._Z.S.V.N._T,,,,,,"See <a class=""external"" href=""http://sdw.ecb.europa.eu/web/generator/docu/rtdb_docu.pdf""> notes</a>; block Annual; series: B",,4,,,"Government deficit(-) or surplus(+), percent of GDP",Euro area (moving concept in the Real Time database context) - Deficit/surplus without UMTS proceeds - All sectors/ unspecified/ not applicable (ESA2010)-NCBs - General government (ESA2010)-NCBs - Non-financial flows current prices - Percentage,XDC_R_B1GQ,0,Replace,2017-04-26T15:30:00.000+02:00,
RTD.A.S0.N.F_UMD_CGG_D0.F,A,S0,N,F_UMD_CGG_D0,F,2012,-3.6413,A,F,,,P1Y,S,,,GFS.A.N.I10.W0.S13.S1._Z.B.B9._Z._Z._Z.XDC_R_B1GQ._Z.S.V.N._T,,,,,,"See <a class=""external"" href=""http://sdw.ecb.europa.eu/web/generator/docu/rtdb_docu.pdf""> notes</a>; block Annual; series: B",,4,,,"Government deficit(-) or surplus(+), percent of GDP",Euro area (moving concept in the Real Time database context) - Deficit/surplus without UMTS proceeds - All sectors/ unspecified/ not applicable (ESA2010)-NCBs - General government (ESA2010)-NCBs - Non-financial flows current prices - Percentage,XDC_R_B1GQ,0,Replace,2017-04-26T15:30:00.000+02:00,
RTD.A.S0.N.F_UMD_CGG_D0.F,A,S0,N,F_UMD_CGG_D0,F,2013,-3.00548,A,F,,,P1Y,S,,,GFS.A.N.I10.W0.S13.S1._Z.B.B9._Z._Z._Z.XDC_R_B1GQ._Z.S.V.N._T,,,,,,"See <a class=""external"" href=""http://sdw.ecb.europa.eu/web/generator/docu/rtdb_docu.pdf""> notes</a>; block Annual; series: B",,4,,,"Government deficit(-) or surplus(+), percent of GDP",Euro area (moving concept in the Real Time database context) - Deficit/surplus without UMTS proceeds - All sectors/ unspecified/ not applicable (ESA2010)-NCBs - General government (ESA2010)-NCBs - Non-financial flows current prices - Percentage,XDC_R_B1GQ,0,Replace,2017-04-26T15:30:00.000+02:00,
RTD.A.S0.N.F_UMD_CGG_D0.F,A,S0,N,F_UMD_CGG_D0,F,2014,-2.57762,A,F,,,P1Y,S,,,GFS.A.N.I10.W0.S13.S1._Z.B.B9._Z._Z._Z.XDC_R_B1GQ._Z.S.V.N._T,,,,,,"See <a class=""external"" href=""http://sdw.ecb.europa.eu/web/generator/docu/rtdb_docu.pdf""> notes</a>; block Annual; series: B",,4,,,"Government deficit(-) or surplus(+), percent of GDP",Euro area (moving concept in the Real Time database context) - Deficit/surplus without UMTS proceeds - All sectors/ unspecified/ not applicable (ESA2010)-NCBs - General government (ESA2010)-NCBs - Non-financial flows current prices - Percentage,XDC_R_B1GQ,0,Replace,2017-04-26T15:30:00.000+02:00,
RTD.A.S0.N.F_UMD_CGG_D0.F,A,S0,N,F_UMD_CGG_D0,F,2015,-2.07607,A,F,,,P1Y,S,,,GFS.A.N.I10.W0.S13.S1._Z.B.B9._Z._Z._Z.XDC_R_B1GQ._Z.S.V.N._T,,,,,,"See <a class=""external"" href=""http://sdw.ecb.europa.eu/web/generator/docu/rtdb_docu.pdf""> notes</a>; block Annual; series: B",,4,,,"Government deficit(-) or surplus(+), percent of GDP",Euro area (moving concept in the Real Time database context) - Deficit/surplus without UMTS proceeds - All sectors/ unspecified/ not applicable (ESA2010)-NCBs - General government (ESA2010)-NCBs - Non-financial flows current prices - Percentage,XDC_R_B1GQ,0,Replace,2017-04-26T15:30:00.000+02:00,
RTD.A.S0.N.F_UMD_CGG_D0.F,A,S0,N,F_UMD_CGG_D0,F,2016,-1.54485,A,F,,,P1Y,S,,,GFS.A.N.I10.W0.S13.S1._Z.B.B9._Z._Z._Z.XDC_R_B1GQ._Z.S.V.N._T,,,,,,"See <a class=""external"" href=""http://sdw.ecb.europa.eu/web/generator/docu/rtdb_docu.pdf""> notes</a>; block Annual; series: B",,4,,,"Government deficit(-) or surplus(+), percent of GDP",Euro area (moving concept in the Real Time database context) - Deficit/surplus without UMTS proceeds - All sectors/ unspecified/ not applicable (ESA2010)-NCBs - General government (ESA2010)-NCBs - Non-financial flows current prices - Percentage,XDC_R_B1GQ,0,Replace,2017-04-26T15:30:00.000+02:00,
RTD.A.S0.N.F_UMD_CGG_D0.F,A,S0,N,F_UMD_CGG_D0,F,2015,-2.07609,A,F,,,P1Y,S,,,GFS.A.N.I10.W0.S13.S1._Z.B.B9._Z._Z._Z.XDC_R_B1GQ._Z.S.V.N._T,,,,,,"See <a class=""external"" href=""http://sdw.ecb.europa.eu/web/generator/docu/rtdb_docu.pdf""> notes</a>; block Annual; series: B",,4,,,"Government deficit(-) or surplus(+), percent of GDP",Euro area (moving concept in the Real Time database context) - Deficit/surplus without UMTS proceeds - All sectors/ unspecified/ not applicable (ESA2010)-NCBs - General government (ESA2010)-NCBs - Non-financial flows current prices - Percentage,XDC_R_B1GQ,0,Replace,2017-06-07T15:30:00.000+02:00,
RTD.A.S0.N.F_UMD_CGG_D0.F,A,S0,N,F_UMD_CGG_D0,F,2016,-1.52132,A,F,,,P1Y,S,,,GFS.A.N.I10.W0.S13.S1._Z.B.B9._Z._Z._Z.XDC_R_B1GQ._Z.S.V.N._T,,,,,,"See <a class=""external"" href=""http://sdw.ecb.europa.eu/web/generator/docu/rtdb_docu.pdf""> notes</a>; block Annual; series: B",,4,,,"Government deficit(-) or surplus(+), percent of GDP",Euro area (moving concept in the Real Time database context) - Deficit/surplus without UMTS proceeds - All sectors/ unspecified/ not applicable (ESA2010)-NCBs - General government (ESA2010)-NCBs - Non-financial flows current prices - Percentage,XDC_R_B1GQ,0,Replace,2017-06-07T15:30:00.000+02:00,
RTD.A.S0.N.F_UMD_CGG_D0.F,A,S0,N,F_UMD_CGG_D0,F,1995,-7.31005,A,F,,,P1Y,S,,,GFS.A.N.I10.W0.S13.S1._Z.B.B9._Z._Z._Z.XDC_R_B1GQ._Z.S.V.N._T,,,,,,"See <a class=""external"" href=""http://sdw.ecb.europa.eu/web/generator/docu/rtdb_docu.pdf""> notes</a>; block Annual; series: B",,4,,,"Government deficit(-) or surplus(+), percent of GDP",Euro area (moving concept in the Real Time database context) - Deficit/surplus without UMTS proceeds - All sectors/ unspecified/ not applicable (ESA2010)-NCBs - General government (ESA2010)-NCBs - Non-financial flows current prices - Percentage,XDC_R_B1GQ,0,Replace,2017-10-25T15:30:00.000+02:00,
RTD.A.S0.N.F_UMD_CGG_D0.F,A,S0,N,F_UMD_CGG_D0,F,1996,-4.32023,A,F,,,P1Y,S,,,GFS.A.N.I10.W0.S13.S1._Z.B.B9._Z._Z._Z.XDC_R_B1GQ._Z.S.V.N._T,,,,,,"See <a class=""external"" href=""http://sdw.ecb.europa.eu/web/generator/docu/rtdb_docu.pdf""> notes</a>; block Annual; series: B",,4,,,"Government deficit(-) or surplus(+), percent of GDP",Euro area (moving concept in the Real Time database context) - Deficit/surplus without UMTS proceeds - All sectors/ unspecified/ not applicable (ESA2010)-NCBs - General government (ESA2010)-NCBs - Non-financial flows current prices - Percentage,XDC_R_B1GQ,0,Replace,2017-10-25T15:30:00.000+02:00,
RTD.A.S0.N.F_UMD_CGG_D0.F,A,S0,N,F_UMD_CGG_D0,F,1997,-3.04213,A,F,,,P1Y,S,,,GFS.A.N.I10.W0.S13.S1._Z.B.B9._Z._Z._Z.XDC_R_B1GQ._Z.S.V.N._T,,,,,,"See <a class=""external"" href=""http://sdw.ecb.europa.eu/web/generator/docu/rtdb_docu.pdf""> notes</a>; block Annual; series: B",,4,,,"Government deficit(-) or surplus(+), percent of GDP",Euro area (moving concept in the Real Time database context) - Deficit/surplus without UMTS proceeds - All sectors/ unspecified/ not applicable (ESA2010)-NCBs - General government (ESA2010)-NCBs - Non-financial flows current prices - Percentage,XDC_R_B1GQ,0,Replace,2017-10-25T15:30:00.000+02:00,
RTD.A.S0.N.F_UMD_CGG_D0.F,A,S0,N,F_UMD_CGG_D0,F,1998,-2.44339,A,F,,,P1Y,S,,,GFS.A.N.I10.W0.S13.S1._Z.B.B9._Z._Z._Z.XDC_R_B1GQ._Z.S.V.N._T,,,,,,"See <a class=""external"" href=""http://sdw.ecb.europa.eu/web/generator/docu/rtdb_docu.pdf""> notes</a>; block Annual; series: B",,4,,,"Government deficit(-) or surplus(+), percent of GDP",Euro area (moving concept in the Real Time database context) - Deficit/surplus without UMTS proceeds - All sectors/ unspecified/ not applicable (ESA2010)-NCBs - General government (ESA2010)-NCBs - Non-financial flows current prices - Percentage,XDC_R_B1GQ,0,Replace,2017-10-25T15:30:00.000+02:00,
RTD.A.S0.N.F_UMD_CGG_D0.F,A,S0,N,F_UMD_CGG_D0,F,1999,-1.52501,A,F,,,P1Y,S,,,GFS.A.N.I10.W0.S13.S1._Z.B.B9._Z._Z._Z.XDC_R_B1GQ._Z.S.V.N._T,,,,,,"See <a class=""external"" href=""http://sdw.ecb.europa.eu/web/generator/docu/rtdb_docu.pdf""> notes</a>; block Annual; series: B",,4,,,"Government deficit(-) or surplus(+), percent of GDP",Euro area (moving concept in the Real Time database context) - Deficit/surplus without UMTS proceeds - All sectors/ unspecified/ not applicable (ESA2010)-NCBs - General government (ESA2010)-NCBs - Non-financial flows current prices - Percentage,XDC_R_B1GQ,0,Replace,2017-10-25T15:30:00.000+02:00,
RTD.A.S0.N.F_UMD_CGG_D0.F,A,S0,N,F_UMD_CGG_D0,F,2000,-0.30229,A,F,,,P1Y,S,,,GFS.A.N.I10.W0.S13.S1._Z.B.B9._Z._Z._Z.XDC_R_B1GQ._Z.S.V.N._T,,,,,,"See <a class=""external"" href=""http://sdw.ecb.europa.eu/web/generator/docu/rtdb_docu.pdf""> notes</a>; block Annual; series: B",,4,,,"Government deficit(-) or surplus(+), percent of GDP",Euro area (moving concept in the Real Time database context) - Deficit/surplus without UMTS proceeds - All sectors/ unspecified/ not applicable (ESA2010)-NCBs - General government (ESA2010)-NCBs - Non-financial flows current prices - Percentage,XDC_R_B1GQ,0,Replace,2017-10-25T15:30:00.000+02:00,
RTD.A.S0.N.F_UMD_CGG_D0.F,A,S0,N,F_UMD_CGG_D0,F,2001,-2.03357,A,F,,,P1Y,S,,,GFS.A.N.I10.W0.S13.S1._Z.B.B9._Z._Z._Z.XDC_R_B1GQ._Z.S.V.N._T,,,,,,"See <a class=""external"" href=""http://sdw.ecb.europa.eu/web/generator/docu/rtdb_docu.pdf""> notes</a>; block Annual; series: B",,4,,,"Government deficit(-) or surplus(+), percent of GDP",Euro area (moving concept in the Real Time database context) - Deficit/surplus without UMTS proceeds - All sectors/ unspecified/ not applicable (ESA2010)-NCBs - General government (ESA2010)-NCBs - Non-financial flows current prices - Percentage,XDC_R_B1GQ,0,Replace,2017-10-25T15:30:00.000+02:00,
RTD.A.S0.N.F_UMD_CGG_D0.F,A,S0,N,F_UMD_CGG_D0,F,2002,-2.72349,A,F,,,P1Y,S,,,GFS.A.N.I10.W0.S13.S1._Z.B.B9._Z._Z._Z.XDC_R_B1GQ._Z.S.V.N._T,,,,,,"See <a class=""external"" href=""http://sdw.ecb.europa.eu/web/generator/docu/rtdb_docu.pdf""> notes</a>; block Annual; series: B",,4,,,"Government deficit(-) or surplus(+), percent of GDP",Euro area (moving concept in the Real Time database context) - Deficit/surplus without UMTS proceeds - All sectors/ unspecified/ not applicable (ESA2010)-NCBs - General government (ESA2010)-NCBs - Non-financial flows current prices - Percentage,XDC_R_B1GQ,0,Replace,2017-10-25T15:30:00.000+02:00,
RTD.A.S0.N.F_UMD_CGG_D0.F,A,S0,N,F_UMD_CGG_D0,F,2003,-3.18876,A,F,,,P1Y,S,,,GFS.A.N.I10.W0.S13.S1._Z.B.B9._Z._Z._Z.XDC_R_B1GQ._Z.S.V.N._T,,,,,,"See <a class=""external"" href=""http://sdw.ecb.europa.eu/web/generator/docu/rtdb_docu.pdf""> notes</a>; block Annual; series: B",,4,,,"Government deficit(-) or surplus(+), percent of GDP",Euro area (moving concept in the Real Time database context) - Deficit/surplus without UMTS proceeds - All sectors/ unspecified/ not applicable (ESA2010)-NCBs - General government (ESA2010)-NCBs - Non-financial flows current prices - Percentage,XDC_R_B1GQ,0,Replace,2017-10-25T15:30:00.000+02:00,
RTD.A.S0.N.F_UMD_CGG_D0.F,A,S0,N,F_UMD_CGG_D0,F,2004,-2.95438,A,F,,,P1Y,S,,,GFS.A.N.I10.W0.S13.S1._Z.B.B9._Z._Z._Z.XDC_R_B1GQ._Z.S.V.N._T,,,,,,"See <a class=""external"" href=""http://sdw.ecb.europa.eu/web/generator/docu/rtdb_docu.pdf""> notes</a>; block Annual; series: B",,4,,,"Government deficit(-) or surplus(+), percent of GDP",Euro area (moving concept in the Real Time database context) - Deficit/surplus without UMTS proceeds - All sectors/ unspecified/ not applicable (ESA2010)-NCBs - General government (ESA2010)-NCBs - Non-financial flows current prices - Percentage,XDC_R_B1GQ,0,Replace,2017-10-25T15:30:00.000+02:00,
RTD.A.S0.N.F_UMD_CGG_D0.F,A,S0,N,F_UMD_CGG_D0,F,2005,-2.59012,A,F,,,P1Y,S,,,GFS.A.N.I10.W0.S13.S1._Z.B.B9._Z._Z._Z.XDC_R_B1GQ._Z.S.V.N._T,,,,,,"See <a class=""external"" href=""http://sdw.ecb.europa.eu/web/generator/docu/rtdb_docu.pdf""> notes</a>; block Annual; series: B",,4,,,"Government deficit(-) or surplus(+), percent of GDP",Euro area (moving concept in the Real Time database context) - Deficit/surplus without UMTS proceeds - All sectors/ unspecified/ not applicable (ESA2010)-NCBs - General government (ESA2010)-NCBs - Non-financial flows current prices - Percentage,XDC_R_B1GQ,0,Replace,2017-10-25T15:30:00.000+02:00,
RTD.A.S0.N.F_UMD_CGG_D0.F,A,S0,N,F_UMD_CGG_D0,F,2006,-1.48958,A,F,,,P1Y,S,,,GFS.A.N.I10.W0.S13.S1._Z.B.B9._Z._Z._Z.XDC_R_B1GQ._Z.S.V.N._T,,,,,,"See <a class=""external"" href=""http://sdw.ecb.europa.eu/web/generator/docu/rtdb_docu.pdf""> notes</a>; block Annual; series: B",,4,,,"Government deficit(-) or surplus(+), percent of GDP",Euro area (moving concept in the Real Time database context) - Deficit/surplus without UMTS proceeds - All sectors/ unspecified/ not applicable (ESA2010)-NCBs - General government (ESA2010)-NCBs - Non-financial flows current prices - Percentage,XDC_R_B1GQ,0,Replace,2017-10-25T15:30:00.000+02:00,
RTD.A.S0.N.F_UMD_CGG_D0.F,A,S0,N,F_UMD_CGG_D0,F,2007,-0.64615,A,F,,,P1Y,S,,,GFS.A.N.I10.W0.S13.S1._Z.B.B9._Z._Z._Z.XDC_R_B1GQ._Z.S.V.N._T,,,,,,"See <a class=""external"" href=""http://sdw.ecb.europa.eu/web/generator/docu/rtdb_docu.pdf""> notes</a>; block Annual; series: B",,4,,,"Government deficit(-) or surplus(+), percent of GDP",Euro area (moving concept in the Real Time database context) - Deficit/surplus without UMTS proceeds - All sectors/ unspecified/ not applicable (ESA2010)-NCBs - General government (ESA2010)-NCBs - Non-financial flows current prices - Percentage,XDC_R_B1GQ,0,Replace,2017-10-25T15:30:00.000+02:00,
RTD.A.S0.N.F_UMD_CGG_D0.F,A,S0,N,F_UMD_CGG_D0,F,2008,-2.15908,A,F,,,P1Y,S,,,GFS.A.N.I10.W0.S13.S1._Z.B.B9._Z._Z._Z.XDC_R_B1GQ._Z.S.V.N._T,,,,,,"See <a class=""external"" href=""http://sdw.ecb.europa.eu/web/generator/docu/rtdb_docu.pdf""> notes</a>; block Annual; series: B",,4,,,"Government deficit(-) or surplus(+), percent of GDP",Euro area (moving concept in the Real Time database context) - Deficit/surplus without UMTS proceeds - All sectors/ unspecified/ not applicable (ESA2010)-NCBs - General government (ESA2010)-NCBs - Non-financial flows current prices - Percentage,XDC_R_B1GQ,0,Replace,2017-10-25T15:30:00.000+02:00,
RTD.A.S0.N.F_UMD_CGG_D0.F,A,S0,N,F_UMD_CGG_D0,F,2009,-6.25794,A,F,,,P1Y,S,,,GFS.A.N.I10.W0.S13.S1._Z.B.B9._Z._Z._Z.XDC_R_B1GQ._Z.S.V.N._T,,,,,,"See <a class=""external"" href=""http://sdw.ecb.europa.eu/web/generator/docu/rtdb_docu.pdf""> notes</a>; block Annual; series: B",,4,,,"Government deficit(-) or surplus(+), percent of GDP",Euro area (moving concept in the Real Time database context) - Deficit/surplus without UMTS proceeds - All sectors/ unspecified/ not applicable (ESA2010)-NCBs - General government (ESA2010)-NCBs - Non-financial flows current prices - Percentage,XDC_R_B1GQ,0,Replace,2017-10-25T15:30:00.000+02:00,
RTD.A.S0.N.F_UMD_CGG_D0.F,A,S0,N,F_UMD_CGG_D0,F,2010,-6.17301,A,F,,,P1Y,S,,,GFS.A.N.I10.W0.S13.S1._Z.B.B9._Z._Z._Z.XDC_R_B1GQ._Z.S.V.N._T,,,,,,"See <a class=""external"" href=""http://sdw.ecb.europa.eu/web/generator/docu/rtdb_docu.pdf""> notes</a>; block Annual; series: B",,4,,,"Government deficit(-) or surplus(+), percent of GDP",Euro area (moving concept in the Real Time database context) - Deficit/surplus without UMTS proceeds - All sectors/ unspecified/ not applicable (ESA2010)-NCBs - General government (ESA2010)-NCBs - Non-financial flows current prices - Percentage,XDC_R_B1GQ,0,Replace,2017-10-25T15:30:00.000+02:00,
RTD.A.S0.N.F_UMD_CGG_D0.F,A,S0,N,F_UMD_CGG_D0,F,2011,-4.22667,A,F,,,P1Y,S,,,GFS.A.N.I10.W0.S13.S1._Z.B.B9._Z._Z._Z.XDC_R_B1GQ._Z.S.V.N._T,,,,,,"See <a class=""external"" href=""http://sdw.ecb.europa.eu/web/generator/docu/rtdb_docu.pdf""> notes</a>; block Annual; series: B",,4,,,"Government deficit(-) or surplus(+), percent of GDP",Euro area (moving concept in the Real Time database context) - Deficit/surplus without UMTS proceeds - All sectors/ unspecified/ not applicable (ESA2010)-NCBs - General government (ESA2010)-NCBs - Non-financial flows current prices - Percentage,XDC_R_B1GQ,0,Replace,2017-10-25T15:30:00.000+02:00,
RTD.A.S0.N.F_UMD_CGG_D0.F,A,S0,N,F_UMD_CGG_D0,F,2012,-3.63944,A,F,,,P1Y,S,,,GFS.A.N.I10.W0.S13.S1._Z.B.B9._Z._Z._Z.XDC_R_B1GQ._Z.S.V.N._T,,,,,,"See <a class=""external"" href=""http://sdw.ecb.europa.eu/web/generator/docu/rtdb_docu.pdf""> notes</a>; block Annual; series: B",,4,,,"Government deficit(-) or surplus(+), percent of GDP",Euro area (moving concept in the Real Time database context) - Deficit/surplus without UMTS proceeds - All sectors/ unspecified/ not applicable (ESA2010)-NCBs - General government (ESA2010)-NCBs - Non-financial flows current prices - Percentage,XDC_R_B1GQ,0,Replace,2017-10-25T15:30:00.000+02:00,
RTD.A.S0.N.F_UMD_CGG_D0.F,A,S0,N,F_UMD_CGG_D0,F,2013,-3.04096,A,F,,,P1Y,S,,,GFS.A.N.I10.W0.S13.S1._Z.B.B9._Z._Z._Z.XDC_R_B1GQ._Z.S.V.N._T,,,,,,"See <a class=""external"" href=""http://sdw.ecb.europa.eu/web/generator/docu/rtdb_docu.pdf""> notes</a>; block Annual; series: B",,4,,,"Government deficit(-) or surplus(+), percent of GDP",Euro area (moving concept in the Real Time database context) - Deficit/surplus without UMTS proceeds - All sectors/ unspecified/ not applicable (ESA2010)-NCBs - General government (ESA2010)-NCBs - Non-financial flows current prices - Percentage,XDC_R_B1GQ,0,Replace,2017-10-25T15:30:00.000+02:00,
RTD.A.S0.N.F_UMD_CGG_D0.F,A,S0,N,F_UMD_CGG_D0,F,2014,-2.56003,A,F,,,P1Y,S,,,GFS.A.N.I10.W0.S13.S1._Z.B.B9._Z._Z._Z.XDC_R_B1GQ._Z.S.V.N._T,,,,,,"See <a class=""external"" href=""http://sdw.ecb.europa.eu/web/generator/docu/rtdb_docu.pdf""> notes</a>; block Annual; series: B",,4,,,"Government deficit(-) or surplus(+), percent of GDP",Euro area (moving concept in the Real Time database context) - Deficit/surplus without UMTS proceeds - All sectors/ unspecified/ not applicable (ESA2010)-NCBs - General government (ESA2010)-NCBs - Non-financial flows current prices - Percentage,XDC_R_B1GQ,0,Replace,2017-10-25T15:30:00.000+02:00,
RTD.A.S0.N.F_UMD_CGG_D0.F,A,S0,N,F_UMD_CGG_D0,F,2015,-2.08075,A,F,,,P1Y,S,,,GFS.A.N.I10.W0.S13.S1._Z.B.B9._Z._Z._Z.XDC_R_B1GQ._Z.S.V.N._T,,,,,,"See <a class=""external"" href=""http://sdw.ecb.europa.eu/web/generator/docu/rtdb_docu.pdf""> notes</a>; block Annual; series: B",,4,,,"Government deficit(-) or surplus(+), percent of GDP",Euro area (moving concept in the Real Time database context) - Deficit/surplus without UMTS proceeds - All sectors/ unspecified/ not applicable (ESA2010)-NCBs - General government (ESA2010)-NCBs - Non-financial flows current prices - Percentage,XDC_R_B1GQ,0,Replace,2017-10-25T15:30:00.000+02:00,
RTD.A.S0.N.F_UMD_CGG_D0.F,A,S0,N,F_UMD_CGG_D0,F,2016,-1.54101,A,F,,,P1Y,S,,,GFS.A.N.I10.W0.S13.S1._Z.B.B9._Z._Z._Z.XDC_R_B1GQ._Z.S.V.N._T,,,,,,"See <a class=""external"" href=""http://sdw.ecb.europa.eu/web/generator/docu/rtdb_docu.pdf""> notes</a>; block Annual; series: B",,4,,,"Government deficit(-) or surplus(+), percent of GDP",Euro area (moving concept in the Real Time database context) - Deficit/surplus without UMTS proceeds - All sectors/ unspecified/ not applicable (ESA2010)-NCBs - General government (ESA2010)-NCBs - Non-financial flows current prices - Percentage,XDC_R_B1GQ,0,Replace,2017-10-25T15:30:00.000+02:00,
RTD.A.S0.N.F_UMD_CGG_D0.F,A,S0,N,F_UMD_CGG_D0,F,2013,-3.04094,A,F,,,P1Y,S,,,GFS.A.N.I10.W0.S13.S1._Z.B.B9._Z._Z._Z.XDC_R_B1GQ._Z.S.V.N._T,,,,,,"See <a class=""external"" href=""http://sdw.ecb.europa.eu/web/generator/docu/rtdb_docu.pdf""> notes</a>; block Annual; series: B",,4,,,"Government deficit(-) or surplus(+), percent of GDP",Euro area (moving concept in the Real Time database context) - Deficit/surplus without UMTS proceeds - All sectors/ unspecified/ not applicable (ESA2010)-NCBs - General government (ESA2010)-NCBs - Non-financial flows current prices - Percentage,XDC_R_B1GQ,0,Replace,2017-12-13T15:30:00.000+01:00,
RTD.A.S0.N.F_UMD_CGG_D0.F,A,S0,N,F_UMD_CGG_D0,F,2014,-2.56001,A,F,,,P1Y,S,,,GFS.A.N.I10.W0.S13.S1._Z.B.B9._Z._Z._Z.XDC_R_B1GQ._Z.S.V.N._T,,,,,,"See <a class=""external"" href=""http://sdw.ecb.europa.eu/web/generator/docu/rtdb_docu.pdf""> notes</a>; block Annual; series: B",,4,,,"Government deficit(-) or surplus(+), percent of GDP",Euro area (moving concept in the Real Time database context) - Deficit/surplus without UMTS proceeds - All sectors/ unspecified/ not applicable (ESA2010)-NCBs - General government (ESA2010)-NCBs - Non-financial flows current prices - Percentage,XDC_R_B1GQ,0,Replace,2017-12-13T15:30:00.000+01:00,
RTD.A.S0.N.F_UMD_CGG_D0.F,A,S0,N,F_UMD_CGG_D0,F,2015,-2.08074,A,F,,,P1Y,S,,,GFS.A.N.I10.W0.S13.S1._Z.B.B9._Z._Z._Z.XDC_R_B1GQ._Z.S.V.N._T,,,,,,"See <a class=""external"" href=""http://sdw.ecb.europa.eu/web/generator/docu/rtdb_docu.pdf""> notes</a>; block Annual; series: B",,4,,,"Government deficit(-) or surplus(+), percent of GDP",Euro area (moving concept in the Real Time database context) - Deficit/surplus without UMTS proceeds - All sectors/ unspecified/ not applicable (ESA2010)-NCBs - General government (ESA2010)-NCBs - Non-financial flows current prices - Percentage,XDC_R_B1GQ,0,Replace,2017-12-13T15:30:00.000+01:00,
RTD.A.S0.N.F_UMD_CGG_D0.F,A,S0,N,F_UMD_CGG_D0,F,2016,-1.54189,A,F,,,P1Y,S,,,GFS.A.N.I10.W0.S13.S1._Z.B.B9._Z._Z._Z.XDC_R_B1GQ._Z.S.V.N._T,,,,,,"See <a class=""external"" href=""http://sdw.ecb.europa.eu/web/generator/docu/rtdb_docu.pdf""> notes</a>; block Annual; series: B",,4,,,"Government deficit(-) or surplus(+), percent of GDP",Euro area (moving concept in the Real Time database context) - Deficit/surplus without UMTS proceeds - All sectors/ unspecified/ not applicable (ESA2010)-NCBs - General government (ESA2010)-NCBs - Non-financial flows current prices - Percentage,XDC_R_B1GQ,0,Replace,2017-12-13T15:30:00.000+01:00,
RTD.A.S0.N.F_UMD_CGG_D0.F,A,S0,N,F_UMD_CGG_D0,F,2015,-2.08073,A,F,,,P1Y,S,,,GFS.A.N.I10.W0.S13.S1._Z.B.B9._Z._Z._Z.XDC_R_B1GQ._Z.S.V.N._T,,,,,,"See <a class=""external"" href=""http://sdw.ecb.europa.eu/web/generator/docu/rtdb_docu.pdf""> notes</a>; block Annual; series: B",,4,,,"Government deficit(-) or surplus(+), percent of GDP",Euro area (moving concept in the Real Time database context) - Deficit/surplus without UMTS proceeds - All sectors/ unspecified/ not applicable (ESA2010)-NCBs - General government (ESA2010)-NCBs - Non-financial flows current prices - Percentage,XDC_R_B1GQ,0,Replace,2018-03-07T15:30:00.000+01:00,
RTD.A.S0.N.F_UMD_CGG_D0.F,A,S0,N,F_UMD_CGG_D0,F,1995,-7.30021,A,F,,,P1Y,S,,,GFS.A.N.I10.W0.S13.S1._Z.B.B9._Z._Z._Z.XDC_R_B1GQ._Z.S.V.N._T,,,,,,"See <a class=""external"" href=""http://sdw.ecb.europa.eu/web/generator/docu/rtdb_docu.pdf""> notes</a>; block Annual; series: B",,4,,,"Government deficit(-) or surplus(+), percent of GDP",Euro area (moving concept in the Real Time database context) - Deficit/surplus without UMTS proceeds - All sectors/ unspecified/ not applicable (ESA2010)-NCBs - General government (ESA2010)-NCBs - Non-financial flows current prices - Percentage,XDC_R_B1GQ,0,Replace,2018-04-25T15:30:00.000+02:00,
RTD.A.S0.N.F_UMD_CGG_D0.F,A,S0,N,F_UMD_CGG_D0,F,1996,-4.31723,A,F,,,P1Y,S,,,GFS.A.N.I10.W0.S13.S1._Z.B.B9._Z._Z._Z.XDC_R_B1GQ._Z.S.V.N._T,,,,,,"See <a class=""external"" href=""http://sdw.ecb.europa.eu/web/generator/docu/rtdb_docu.pdf""> notes</a>; block Annual; series: B",,4,,,"Government deficit(-) or surplus(+), percent of GDP",Euro area (moving concept in the Real Time database context) - Deficit/surplus without UMTS proceeds - All sectors/ unspecified/ not applicable (ESA2010)-NCBs - General government (ESA2010)-NCBs - Non-financial flows current prices - Percentage,XDC_R_B1GQ,0,Replace,2018-04-25T15:30:00.000+02:00,
RTD.A.S0.N.F_UMD_CGG_D0.F,A,S0,N,F_UMD_CGG_D0,F,1997,-3.04365,A,F,,,P1Y,S,,,GFS.A.N.I10.W0.S13.S1._Z.B.B9._Z._Z._Z.XDC_R_B1GQ._Z.S.V.N._T,,,,,,"See <a class=""external"" href=""http://sdw.ecb.europa.eu/web/generator/docu/rtdb_docu.pdf""> notes</a>; block Annual; series: B",,4,,,"Government deficit(-) or surplus(+), percent of GDP",Euro area (moving concept in the Real Time database context) - Deficit/surplus without UMTS proceeds - All sectors/ unspecified/ not applicable (ESA2010)-NCBs - General government (ESA2010)-NCBs - Non-financial flows current prices - Percentage,XDC_R_B1GQ,0,Replace,2018-04-25T15:30:00.000+02:00,
RTD.A.S0.N.F_UMD_CGG_D0.F,A,S0,N,F_UMD_CGG_D0,F,1998,-2.43474,A,F,,,P1Y,S,,,GFS.A.N.I10.W0.S13.S1._Z.B.B9._Z._Z._Z.XDC_R_B1GQ._Z.S.V.N._T,,,,,,"See <a class=""external"" href=""http://sdw.ecb.europa.eu/web/generator/docu/rtdb_docu.pdf""> notes</a>; block Annual; series: B",,4,,,"Government deficit(-) or surplus(+), percent of GDP",Euro area (moving concept in the Real Time database context) - Deficit/surplus without UMTS proceeds - All sectors/ unspecified/ not applicable (ESA2010)-NCBs - General government (ESA2010)-NCBs - Non-financial flows current prices - Percentage,XDC_R_B1GQ,0,Replace,2018-04-25T15:30:00.000+02:00,
RTD.A.S0.N.F_UMD_CGG_D0.F,A,S0,N,F_UMD_CGG_D0,F,1999,-1.52874,A,F,,,P1Y,S,,,GFS.A.N.I10.W0.S13.S1._Z.B.B9._Z._Z._Z.XDC_R_B1GQ._Z.S.V.N._T,,,,,,"See <a class=""external"" href=""http://sdw.ecb.europa.eu/web/generator/docu/rtdb_docu.pdf""> notes</a>; block Annual; series: B",,4,,,"Government deficit(-) or surplus(+), percent of GDP",Euro area (moving concept in the Real Time database context) - Deficit/surplus without UMTS proceeds - All sectors/ unspecified/ not applicable (ESA2010)-NCBs - General government (ESA2010)-NCBs - Non-financial flows current prices - Percentage,XDC_R_B1GQ,0,Replace,2018-04-25T15:30:00.000+02:00,
RTD.A.S0.N.F_UMD_CGG_D0.F,A,S0,N,F_UMD_CGG_D0,F,2000,-0.49735,A,F,,,P1Y,S,,,GFS.A.N.I10.W0.S13.S1._Z.B.B9._Z._Z._Z.XDC_R_B1GQ._Z.S.V.N._T,,,,,,"See <a class=""external"" href=""http://sdw.ecb.europa.eu/web/generator/docu/rtdb_docu.pdf""> notes</a>; block Annual; series: B",,4,,,"Government deficit(-) or surplus(+), percent of GDP",Euro area (moving concept in the Real Time database context) - Deficit/surplus without UMTS proceeds - All sectors/ unspecified/ not applicable (ESA2010)-NCBs - General government (ESA2010)-NCBs - Non-financial flows current prices - Percentage,XDC_R_B1GQ,0,Replace,2018-04-25T15:30:00.000+02:00,
RTD.A.S0.N.F_UMD_CGG_D0.F,A,S0,N,F_UMD_CGG_D0,F,2001,-2.02013,A,F,,,P1Y,S,,,GFS.A.N.I10.W0.S13.S1._Z.B.B9._Z._Z._Z.XDC_R_B1GQ._Z.S.V.N._T,,,,,,"See <a class=""external"" href=""http://sdw.ecb.europa.eu/web/generator/docu/rtdb_docu.pdf""> notes</a>; block Annual; series: B",,4,,,"Government deficit(-) or surplus(+), percent of GDP",Euro area (moving concept in the Real Time database context) - Deficit/surplus without UMTS proceeds - All sectors/ unspecified/ not applicable (ESA2010)-NCBs - General government (ESA2010)-NCBs - Non-financial flows current prices - Percentage,XDC_R_B1GQ,0,Replace,2018-04-25T15:30:00.000+02:00,
RTD.A.S0.N.F_UMD_CGG_D0.F,A,S0,N,F_UMD_CGG_D0,F,2002,-2.72175,A,F,,,P1Y,S,,,GFS.A.N.I10.W0.S13.S1._Z.B.B9._Z._Z._Z.XDC_R_B1GQ._Z.S.V.N._T,,,,,,"See <a class=""external"" href=""http://sdw.ecb.europa.eu/web/generator/docu/rtdb_docu.pdf""> notes</a>; block Annual; series: B",,4,,,"Government deficit(-) or surplus(+), percent of GDP",Euro area (moving concept in the Real Time database context) - Deficit/surplus without UMTS proceeds - All sectors/ unspecified/ not applicable (ESA2010)-NCBs - General government (ESA2010)-NCBs - Non-financial flows current prices - Percentage,XDC_R_B1GQ,0,Replace,2018-04-25T15:30:00.000+02:00,
RTD.A.S0.N.F_UMD_CGG_D0.F,A,S0,N,F_UMD_CGG_D0,F,2003,-3.20372,A,F,,,P1Y,S,,,GFS.A.N.I10.W0.S13.S1._Z.B.B9._Z._Z._Z.XDC_R_B1GQ._Z.S.V.N._T,,,,,,"See <a class=""external"" href=""http://sdw.ecb.europa.eu/web/generator/docu/rtdb_docu.pdf""> notes</a>; block Annual; series: B",,4,,,"Government deficit(-) or surplus(+), percent of GDP",Euro area (moving concept in the Real Time database context) - Deficit/surplus without UMTS proceeds - All sectors/ unspecified/ not applicable (ESA2010)-NCBs - General government (ESA2010)-NCBs - Non-financial flows current prices - Percentage,XDC_R_B1GQ,0,Replace,2018-04-25T15:30:00.000+02:00,
RTD.A.S0.N.F_UMD_CGG_D0.F,A,S0,N,F_UMD_CGG_D0,F,2004,-2.96052,A,F,,,P1Y,S,,,GFS.A.N.I10.W0.S13.S1._Z.B.B9._Z._Z._Z.XDC_R_B1GQ._Z.S.V.N._T,,,,,,"See <a class=""external"" href=""http://sdw.ecb.europa.eu/web/generator/docu/rtdb_docu.pdf""> notes</a>; block Annual; series: B",,4,,,"Government deficit(-) or surplus(+), percent of GDP",Euro area (moving concept in the Real Time database context) - Deficit/surplus without UMTS proceeds - All sectors/ unspecified/ not applicable (ESA2010)-NCBs - General government (ESA2010)-NCBs - Non-financial flows current prices - Percentage,XDC_R_B1GQ,0,Replace,2018-04-25T15:30:00.000+02:00,
RTD.A.S0.N.F_UMD_CGG_D0.F,A,S0,N,F_UMD_CGG_D0,F,2005,-2.6156,A,F,,,P1Y,S,,,GFS.A.N.I10.W0.S13.S1._Z.B.B9._Z._Z._Z.XDC_R_B1GQ._Z.S.V.N._T,,,,,,"See <a class=""external"" href=""http://sdw.ecb.europa.eu/web/generator/docu/rtdb_docu.pdf""> notes</a>; block Annual; series: B",,4,,,"Government deficit(-) or surplus(+), percent of GDP",Euro area (moving concept in the Real Time database context) - Deficit/surplus without UMTS proceeds - All sectors/ unspecified/ not applicable (ESA2010)-NCBs - General government (ESA2010)-NCBs - Non-financial flows current prices - Percentage,XDC_R_B1GQ,0,Replace,2018-04-25T15:30:00.000+02:00,
RTD.A.S0.N.F_UMD_CGG_D0.F,A,S0,N,F_UMD_CGG_D0,F,2006,-1.4976,A,F,,,P1Y,S,,,GFS.A.N.I10.W0.S13.S1._Z.B.B9._Z._Z._Z.XDC_R_B1GQ._Z.S.V.N._T,,,,,,"See <a class=""external"" href=""http://sdw.ecb.europa.eu/web/generator/docu/rtdb_docu.pdf""> notes</a>; block Annual; series: B",,4,,,"Government deficit(-) or surplus(+), percent of GDP",Euro area (moving concept in the Real Time database context) - Deficit/surplus without UMTS proceeds - All sectors/ unspecified/ not applicable (ESA2010)-NCBs - General government (ESA2010)-NCBs - Non-financial flows current prices - Percentage,XDC_R_B1GQ,0,Replace,2018-04-25T15:30:00.000+02:00,
RTD.A.S0.N.F_UMD_CGG_D0.F,A,S0,N,F_UMD_CGG_D0,F,2007,-0.65302,A,F,,,P1Y,S,,,GFS.A.N.I10.W0.S13.S1._Z.B.B9._Z._Z._Z.XDC_R_B1GQ._Z.S.V.N._T,,,,,,"See <a class=""external"" href=""http://sdw.ecb.europa.eu/web/generator/docu/rtdb_docu.pdf""> notes</a>; block Annual; series: B",,4,,,"Government deficit(-) or surplus(+), percent of GDP",Euro area (moving concept in the Real Time database context) - Deficit/surplus without UMTS proceeds - All sectors/ unspecified/ not applicable (ESA2010)-NCBs - General government (ESA2010)-NCBs - Non-financial flows current prices - Percentage,XDC_R_B1GQ,0,Replace,2018-04-25T15:30:00.000+02:00,
RTD.A.S0.N.F_UMD_CGG_D0.F,A,S0,N,F_UMD_CGG_D0,F,2008,-2.16386,A,F,,,P1Y,S,,,GFS.A.N.I10.W0.S13.S1._Z.B.B9._Z._Z._Z.XDC_R_B1GQ._Z.S.V.N._T,,,,,,"See <a class=""external"" href=""http://sdw.ecb.europa.eu/web/generator/docu/rtdb_docu.pdf""> notes</a>; block Annual; series: B",,4,,,"Government deficit(-) or surplus(+), percent of GDP",Euro area (moving concept in the Real Time database context) - Deficit/surplus without UMTS proceeds - All sectors/ unspecified/ not applicable (ESA2010)-NCBs - General government (ESA2010)-NCBs - Non-financial flows current prices - Percentage,XDC_R_B1GQ,0,Replace,2018-04-25T15:30:00.000+02:00,
RTD.A.S0.N.F_UMD_CGG_D0.F,A,S0,N,F_UMD_CGG_D0,F,2009,-6.25507,A,F,,,P1Y,S,,,GFS.A.N.I10.W0.S13.S1._Z.B.B9._Z._Z._Z.XDC_R_B1GQ._Z.S.V.N._T,,,,,,"See <a class=""external"" href=""http://sdw.ecb.europa.eu/web/generator/docu/rtdb_docu.pdf""> notes</a>; block Annual; series: B",,4,,,"Government deficit(-) or surplus(+), percent of GDP",Euro area (moving concept in the Real Time database context) - Deficit/surplus without UMTS proceeds - All sectors/ unspecified/ not applicable (ESA2010)-NCBs - General government (ESA2010)-NCBs - Non-financial flows current prices - Percentage,XDC_R_B1GQ,0,Replace,2018-04-25T15:30:00.000+02:00,
RTD.A.S0.N.F_UMD_CGG_D0.F,A,S0,N,F_UMD_CGG_D0,F,2010,-6.18529,A,F,,,P1Y,S,,,GFS.A.N.I10.W0.S13.S1._Z.B.B9._Z._Z._Z.XDC_R_B1GQ._Z.S.V.N._T,,,,,,"See <a class=""external"" href=""http://sdw.ecb.europa.eu/web/generator/docu/rtdb_docu.pdf""> notes</a>; block Annual; series: B",,4,,,"Government deficit(-) or surplus(+), percent of GDP",Euro area (moving concept in the Real Time database context) - Deficit/surplus without UMTS proceeds - All sectors/ unspecified/ not applicable (ESA2010)-NCBs - General government (ESA2010)-NCBs - Non-financial flows current prices - Percentage,XDC_R_B1GQ,0,Replace,2018-04-25T15:30:00.000+02:00,
RTD.A.S0.N.F_UMD_CGG_D0.F,A,S0,N,F_UMD_CGG_D0,F,2011,-4.23301,A,F,,,P1Y,S,,,GFS.A.N.I10.W0.S13.S1._Z.B.B9._Z._Z._Z.XDC_R_B1GQ._Z.S.V.N._T,,,,,,"See <a class=""external"" href=""http://sdw.ecb.europa.eu/web/generator/docu/rtdb_docu.pdf""> notes</a>; block Annual; series: B",,4,,,"Government deficit(-) or surplus(+), percent of GDP",Euro area (moving concept in the Real Time database context) - Deficit/surplus without UMTS proceeds - All sectors/ unspecified/ not applicable (ESA2010)-NCBs - General government (ESA2010)-NCBs - Non-financial flows current prices - Percentage,XDC_R_B1GQ,0,Replace,2018-04-25T15:30:00.000+02:00,
RTD.A.S0.N.F_UMD_CGG_D0.F,A,S0,N,F_UMD_CGG_D0,F,2012,-3.67363,A,F,,,P1Y,S,,,GFS.A.N.I10.W0.S13.S1._Z.B.B9._Z._Z._Z.XDC_R_B1GQ._Z.S.V.N._T,,,,,,"See <a class=""external"" href=""http://sdw.ecb.europa.eu/web/generator/docu/rtdb_docu.pdf""> notes</a>; block Annual; series: B",,4,,,"Government deficit(-) or surplus(+), percent of GDP",Euro area (moving concept in the Real Time database context) - Deficit/surplus without UMTS proceeds - All sectors/ unspecified/ not applicable (ESA2010)-NCBs - General government (ESA2010)-NCBs - Non-financial flows current prices - Percentage,XDC_R_B1GQ,0,Replace,2018-04-25T15:30:00.000+02:00,
RTD.A.S0.N.F_UMD_CGG_D0.F,A,S0,N,F_UMD_CGG_D0,F,2013,-3.02598,A,F,,,P1Y,S,,,GFS.A.N.I10.W0.S13.S1._Z.B.B9._Z._Z._Z.XDC_R_B1GQ._Z.S.V.N._T,,,,,,"See <a class=""external"" href=""http://sdw.ecb.europa.eu/web/generator/docu/rtdb_docu.pdf""> notes</a>; block Annual; series: B",,4,,,"Government deficit(-) or surplus(+), percent of GDP",Euro area (moving concept in the Real Time database context) - Deficit/surplus without UMTS proceeds - All sectors/ unspecified/ not applicable (ESA2010)-NCBs - General government (ESA2010)-NCBs - Non-financial flows current prices - Percentage,XDC_R_B1GQ,0,Replace,2018-04-25T15:30:00.000+02:00,
RTD.A.S0.N.F_UMD_CGG_D0.F,A,S0,N,F_UMD_CGG_D0,F,2014,-2.49419,A,F,,,P1Y,S,,,GFS.A.N.I10.W0.S13.S1._Z.B.B9._Z._Z._Z.XDC_R_B1GQ._Z.S.V.N._T,,,,,,"See <a class=""external"" href=""http://sdw.ecb.europa.eu/web/generator/docu/rtdb_docu.pdf""> notes</a>; block Annual; series: B",,4,,,"Government deficit(-) or surplus(+), percent of GDP",Euro area (moving concept in the Real Time database context) - Deficit/surplus without UMTS proceeds - All sectors/ unspecified/ not applicable (ESA2010)-NCBs - General government (ESA2010)-NCBs - Non-financial flows current prices - Percentage,XDC_R_B1GQ,0,Replace,2018-04-25T15:30:00.000+02:00,
RTD.A.S0.N.F_UMD_CGG_D0.F,A,S0,N,F_UMD_CGG_D0,F,2015,-2.03017,A,F,,,P1Y,S,,,GFS.A.N.I10.W0.S13.S1._Z.B.B9._Z._Z._Z.XDC_R_B1GQ._Z.S.V.N._T,,,,,,"See <a class=""external"" href=""http://sdw.ecb.europa.eu/web/generator/docu/rtdb_docu.pdf""> notes</a>; block Annual; series: B",,4,,,"Government deficit(-) or surplus(+), percent of GDP",Euro area (moving concept in the Real Time database context) - Deficit/surplus without UMTS proceeds - All sectors/ unspecified/ not applicable (ESA2010)-NCBs - General government (ESA2010)-NCBs - Non-financial flows current prices - Percentage,XDC_R_B1GQ,0,Replace,2018-04-25T15:30:00.000+02:00,
RTD.A.S0.N.F_UMD_CGG_D0.F,A,S0,N,F_UMD_CGG_D0,F,2016,-1.47373,A,F,,,P1Y,S,,,GFS.A.N.I10.W0.S13.S1._Z.B.B9._Z._Z._Z.XDC_R_B1GQ._Z.S.V.N._T,,,,,,"See <a class=""external"" href=""http://sdw.ecb.europa.eu/web/generator/docu/rtdb_docu.pdf""> notes</a>; block Annual; series: B",,4,,,"Government deficit(-) or surplus(+), percent of GDP",Euro area (moving concept in the Real Time database context) - Deficit/surplus without UMTS proceeds - All sectors/ unspecified/ not applicable (ESA2010)-NCBs - General government (ESA2010)-NCBs - Non-financial flows current prices - Percentage,XDC_R_B1GQ,0,Replace,2018-04-25T15:30:00.000+02:00,
RTD.A.S0.N.F_UMD_CGG_D0.F,A,S0,N,F_UMD_CGG_D0,F,2017,-0.88575,A,F,,,P1Y,S,,,GFS.A.N.I10.W0.S13.S1._Z.B.B9._Z._Z._Z.XDC_R_B1GQ._Z.S.V.N._T,,,,,,"See <a class=""external"" href=""http://sdw.ecb.europa.eu/web/generator/docu/rtdb_docu.pdf""> notes</a>; block Annual; series: B",,4,,,"Government deficit(-) or surplus(+), percent of GDP",Euro area (moving concept in the Real Time database context) - Deficit/surplus without UMTS proceeds - All sectors/ unspecified/ not applicable (ESA2010)-NCBs - General government (ESA2010)-NCBs - Non-financial flows current prices - Percentage,XDC_R_B1GQ,0,Replace,2018-04-25T15:30:00.000+02:00,
RTD.A.S0.N.F_UMD_CGG_D0.F,A,S0,N,F_UMD_CGG_D0,F,2014,-2.49425,A,F,,,P1Y,S,,,GFS.A.N.I10.W0.S13.S1._Z.B.B9._Z._Z._Z.XDC_R_B1GQ._Z.S.V.N._T,,,,,,"See <a class=""external"" href=""http://sdw.ecb.europa.eu/web/generator/docu/rtdb_docu.pdf""> notes</a>; block Annual; series: B",,4,,,"Government deficit(-) or surplus(+), percent of GDP",Euro area (moving concept in the Real Time database context) - Deficit/surplus without UMTS proceeds - All sectors/ unspecified/ not applicable (ESA2010)-NCBs - General government (ESA2010)-NCBs - Non-financial flows current prices - Percentage,XDC_R_B1GQ,0,Replace,2018-06-13T15:30:00.000+02:00,
RTD.A.S0.N.F_UMD_CGG_D0.F,A,S0,N,F_UMD_CGG_D0,F,2015,-2.0302,A,F,,,P1Y,S,,,GFS.A.N.I10.W0.S13.S1._Z.B.B9._Z._Z._Z.XDC_R_B1GQ._Z.S.V.N._T,,,,,,"See <a class=""external"" href=""http://sdw.ecb.europa.eu/web/generator/docu/rtdb_docu.pdf""> notes</a>; block Annual; series: B",,4,,,"Government deficit(-) or surplus(+), percent of GDP",Euro area (moving concept in the Real Time database context) - Deficit/surplus without UMTS proceeds - All sectors/ unspecified/ not applicable (ESA2010)-NCBs - General government (ESA2010)-NCBs - Non-financial flows current prices - Percentage,XDC_R_B1GQ,0,Replace,2018-06-13T15:30:00.000+02:00,
RTD.A.S0.N.F_UMD_CGG_D0.F,A,S0,N,F_UMD_CGG_D0,F,2016,-1.47378,A,F,,,P1Y,S,,,GFS.A.N.I10.W0.S13.S1._Z.B.B9._Z._Z._Z.XDC_R_B1GQ._Z.S.V.N._T,,,,,,"See <a class=""external"" href=""http://sdw.ecb.europa.eu/web/generator/docu/rtdb_docu.pdf""> notes</a>; block Annual; series: B",,4,,,"Government deficit(-) or surplus(+), percent of GDP",Euro area (moving concept in the Real Time database context) - Deficit/surplus without UMTS proceeds - All sectors/ unspecified/ not applicable (ESA2010)-NCBs - General government (ESA2010)-NCBs - Non-financial flows current prices - Percentage,XDC_R_B1GQ,0,Replace,2018-06-13T15:30:00.000+02:00,
RTD.A.S0.N.F_UMD_CGG_D0.F,A,S0,N,F_UMD_CGG_D0,F,2017,-0.88585,A,F,,,P1Y,S,,,GFS.A.N.I10.W0.S13.S1._Z.B.B9._Z._Z._Z.XDC_R_B1GQ._Z.S.V.N._T,,,,,,"See <a class=""external"" href=""http://sdw.ecb.europa.eu/web/generator/docu/rtdb_docu.pdf""> notes</a>; block Annual; series: B",,4,,,"Government deficit(-) or surplus(+), percent of GDP",Euro area (moving concept in the Real Time database context) - Deficit/surplus without UMTS proceeds - All sectors/ unspecified/ not applicable (ESA2010)-NCBs - General government (ESA2010)-NCBs - Non-financial flows current prices - Percentage,XDC_R_B1GQ,0,Replace,2018-06-13T15:30:00.000+02:00,
RTD.A.S0.N.F_UMD_CGG_D0.F,A,S0,N,F_UMD_CGG_D0,F,1995,-7.30452,A,F,,,P1Y,S,,,GFS.A.N.I10.W0.S13.S1._Z.B.B9._Z._Z._Z.XDC_R_B1GQ._Z.S.V.N._T,,,,,,"See <a class=""external"" href=""http://sdw.ecb.europa.eu/web/generator/docu/rtdb_docu.pdf""> notes</a>; block Annual; series: B",,4,,,"Government deficit(-) or surplus(+), percent of GDP",Euro area (moving concept in the Real Time database context) - Deficit/surplus without UMTS proceeds - All sectors/ unspecified/ not applicable (ESA2010)-NCBs - General government (ESA2010)-NCBs - Non-financial flows current prices - Percentage,XDC_R_B1GQ,0,Replace,2018-10-24T15:30:00.000+02:00,
RTD.A.S0.N.F_UMD_CGG_D0.F,A,S0,N,F_UMD_CGG_D0,F,1996,-4.31455,A,F,,,P1Y,S,,,GFS.A.N.I10.W0.S13.S1._Z.B.B9._Z._Z._Z.XDC_R_B1GQ._Z.S.V.N._T,,,,,,"See <a class=""external"" href=""http://sdw.ecb.europa.eu/web/generator/docu/rtdb_docu.pdf""> notes</a>; block Annual; series: B",,4,,,"Government deficit(-) or surplus(+), percent of GDP",Euro area (moving concept in the Real Time database context) - Deficit/surplus without UMTS proceeds - All sectors/ unspecified/ not applicable (ESA2010)-NCBs - General government (ESA2010)-NCBs - Non-financial flows current prices - Percentage,XDC_R_B1GQ,0,Replace,2018-10-24T15:30:00.000+02:00,
RTD.A.S0.N.F_UMD_CGG_D0.F,A,S0,N,F_UMD_CGG_D0,F,1997,-3.05101,A,F,,,P1Y,S,,,GFS.A.N.I10.W0.S13.S1._Z.B.B9._Z._Z._Z.XDC_R_B1GQ._Z.S.V.N._T,,,,,,"See <a class=""external"" href=""http://sdw.ecb.europa.eu/web/generator/docu/rtdb_docu.pdf""> notes</a>; block Annual; series: B",,4,,,"Government deficit(-) or surplus(+), percent of GDP",Euro area (moving concept in the Real Time database context) - Deficit/surplus without UMTS proceeds - All sectors/ unspecified/ not applicable (ESA2010)-NCBs - General government (ESA2010)-NCBs - Non-financial flows current prices - Percentage,XDC_R_B1GQ,0,Replace,2018-10-24T15:30:00.000+02:00,
RTD.A.S0.N.F_UMD_CGG_D0.F,A,S0,N,F_UMD_CGG_D0,F,1998,-2.44849,A,F,,,P1Y,S,,,GFS.A.N.I10.W0.S13.S1._Z.B.B9._Z._Z._Z.XDC_R_B1GQ._Z.S.V.N._T,,,,,,"See <a class=""external"" href=""http://sdw.ecb.europa.eu/web/generator/docu/rtdb_docu.pdf""> notes</a>; block Annual; series: B",,4,,,"Government deficit(-) or surplus(+), percent of GDP",Euro area (moving concept in the Real Time database context) - Deficit/surplus without UMTS proceeds - All sectors/ unspecified/ not applicable (ESA2010)-NCBs - General government (ESA2010)-NCBs - Non-financial flows current prices - Percentage,XDC_R_B1GQ,0,Replace,2018-10-24T15:30:00.000+02:00,
RTD.A.S0.N.F_UMD_CGG_D0.F,A,S0,N,F_UMD_CGG_D0,F,1999,-1.53312,A,F,,,P1Y,S,,,GFS.A.N.I10.W0.S13.S1._Z.B.B9._Z._Z._Z.XDC_R_B1GQ._Z.S.V.N._T,,,,,,"See <a class=""external"" href=""http://sdw.ecb.europa.eu/web/generator/docu/rtdb_docu.pdf""> notes</a>; block Annual; series: B",,4,,,"Government deficit(-) or surplus(+), percent of GDP",Euro area (moving concept in the Real Time database context) - Deficit/surplus without UMTS proceeds - All sectors/ unspecified/ not applicable (ESA2010)-NCBs - General government (ESA2010)-NCBs - Non-financial flows current prices - Percentage,XDC_R_B1GQ,0,Replace,2018-10-24T15:30:00.000+02:00,
RTD.A.S0.N.F_UMD_CGG_D0.F,A,S0,N,F_UMD_CGG_D0,F,2000,-0.5424,A,F,,,P1Y,S,,,GFS.A.N.I10.W0.S13.S1._Z.B.B9._Z._Z._Z.XDC_R_B1GQ._Z.S.V.N._T,,,,,,"See <a class=""external"" href=""http://sdw.ecb.europa.eu/web/generator/docu/rtdb_docu.pdf""> notes</a>; block Annual; series: B",,4,,,"Government deficit(-) or surplus(+), percent of GDP",Euro area (moving concept in the Real Time database context) - Deficit/surplus without UMTS proceeds - All sectors/ unspecified/ not applicable (ESA2010)-NCBs - General government (ESA2010)-NCBs - Non-financial flows current prices - Percentage,XDC_R_B1GQ,0,Replace,2018-10-24T15:30:00.000+02:00,
RTD.A.S0.N.F_UMD_CGG_D0.F,A,S0,N,F_UMD_CGG_D0,F,2001,-2.0293,A,F,,,P1Y,S,,,GFS.A.N.I10.W0.S13.S1._Z.B.B9._Z._Z._Z.XDC_R_B1GQ._Z.S.V.N._T,,,,,,"See <a class=""external"" href=""http://sdw.ecb.europa.eu/web/generator/docu/rtdb_docu.pdf""> notes</a>; block Annual; series: B",,4,,,"Government deficit(-) or surplus(+), percent of GDP",Euro area (moving concept in the Real Time database context) - Deficit/surplus without UMTS proceeds - All sectors/ unspecified/ not applicable (ESA2010)-NCBs - General government (ESA2010)-NCBs - Non-financial flows current prices - Percentage,XDC_R_B1GQ,0,Replace,2018-10-24T15:30:00.000+02:00,
RTD.A.S0.N.F_UMD_CGG_D0.F,A,S0,N,F_UMD_CGG_D0,F,2002,-2.72725,A,F,,,P1Y,S,,,GFS.A.N.I10.W0.S13.S1._Z.B.B9._Z._Z._Z.XDC_R_B1GQ._Z.S.V.N._T,,,,,,"See <a class=""external"" href=""http://sdw.ecb.europa.eu/web/generator/docu/rtdb_docu.pdf""> notes</a>; block Annual; series: B",,4,,,"Government deficit(-) or surplus(+), percent of GDP",Euro area (moving concept in the Real Time database context) - Deficit/surplus without UMTS proceeds - All sectors/ unspecified/ not applicable (ESA2010)-NCBs - General government (ESA2010)-NCBs - Non-financial flows current prices - Percentage,XDC_R_B1GQ,0,Replace,2018-10-24T15:30:00.000+02:00,
RTD.A.S0.N.F_UMD_CGG_D0.F,A,S0,N,F_UMD_CGG_D0,F,2003,-3.21555,A,F,,,P1Y,S,,,GFS.A.N.I10.W0.S13.S1._Z.B.B9._Z._Z._Z.XDC_R_B1GQ._Z.S.V.N._T,,,,,,"See <a class=""external"" href=""http://sdw.ecb.europa.eu/web/generator/docu/rtdb_docu.pdf""> notes</a>; block Annual; series: B",,4,,,"Government deficit(-) or surplus(+), percent of GDP",Euro area (moving concept in the Real Time database context) - Deficit/surplus without UMTS proceeds - All sectors/ unspecified/ not applicable (ESA2010)-NCBs - General government (ESA2010)-NCBs - Non-financial flows current prices - Percentage,XDC_R_B1GQ,0,Replace,2018-10-24T15:30:00.000+02:00,
RTD.A.S0.N.F_UMD_CGG_D0.F,A,S0,N,F_UMD_CGG_D0,F,2004,-2.96843,A,F,,,P1Y,S,,,GFS.A.N.I10.W0.S13.S1._Z.B.B9._Z._Z._Z.XDC_R_B1GQ._Z.S.V.N._T,,,,,,"See <a class=""external"" href=""http://sdw.ecb.europa.eu/web/generator/docu/rtdb_docu.pdf""> notes</a>; block Annual; series: B",,4,,,"Government deficit(-) or surplus(+), percent of GDP",Euro area (moving concept in the Real Time database context) - Deficit/surplus without UMTS proceeds - All sectors/ unspecified/ not applicable (ESA2010)-NCBs - General government (ESA2010)-NCBs - Non-financial flows current prices - Percentage,XDC_R_B1GQ,0,Replace,2018-10-24T15:30:00.000+02:00,
RTD.A.S0.N.F_UMD_CGG_D0.F,A,S0,N,F_UMD_CGG_D0,F,2005,-2.62518,A,F,,,P1Y,S,,,GFS.A.N.I10.W0.S13.S1._Z.B.B9._Z._Z._Z.XDC_R_B1GQ._Z.S.V.N._T,,,,,,"See <a class=""external"" href=""http://sdw.ecb.europa.eu/web/generator/docu/rtdb_docu.pdf""> notes</a>; block Annual; series: B",,4,,,"Government deficit(-) or surplus(+), percent of GDP",Euro area (moving concept in the Real Time database context) - Deficit/surplus without UMTS proceeds - All sectors/ unspecified/ not applicable (ESA2010)-NCBs - General government (ESA2010)-NCBs - Non-financial flows current prices - Percentage,XDC_R_B1GQ,0,Replace,2018-10-24T15:30:00.000+02:00,
RTD.A.S0.N.F_UMD_CGG_D0.F,A,S0,N,F_UMD_CGG_D0,F,2006,-1.50549,A,F,,,P1Y,S,,,GFS.A.N.I10.W0.S13.S1._Z.B.B9._Z._Z._Z.XDC_R_B1GQ._Z.S.V.N._T,,,,,,"See <a class=""external"" href=""http://sdw.ecb.europa.eu/web/generator/docu/rtdb_docu.pdf""> notes</a>; block Annual; series: B",,4,,,"Government deficit(-) or surplus(+), percent of GDP",Euro area (moving concept in the Real Time database context) - Deficit/surplus without UMTS proceeds - All sectors/ unspecified/ not applicable (ESA2010)-NCBs - General government (ESA2010)-NCBs - Non-financial flows current prices - Percentage,XDC_R_B1GQ,0,Replace,2018-10-24T15:30:00.000+02:00,
RTD.A.S0.N.F_UMD_CGG_D0.F,A,S0,N,F_UMD_CGG_D0,F,2007,-0.67341,A,F,,,P1Y,S,,,GFS.A.N.I10.W0.S13.S1._Z.B.B9._Z._Z._Z.XDC_R_B1GQ._Z.S.V.N._T,,,,,,"See <a class=""external"" href=""http://sdw.ecb.europa.eu/web/generator/docu/rtdb_docu.pdf""> notes</a>; block Annual; series: B",,4,,,"Government deficit(-) or surplus(+), percent of GDP",Euro area (moving concept in the Real Time database context) - Deficit/surplus without UMTS proceeds - All sectors/ unspecified/ not applicable (ESA2010)-NCBs - General government (ESA2010)-NCBs - Non-financial flows current prices - Percentage,XDC_R_B1GQ,0,Replace,2018-10-24T15:30:00.000+02:00,
RTD.A.S0.N.F_UMD_CGG_D0.F,A,S0,N,F_UMD_CGG_D0,F,2008,-2.16443,A,F,,,P1Y,S,,,GFS.A.N.I10.W0.S13.S1._Z.B.B9._Z._Z._Z.XDC_R_B1GQ._Z.S.V.N._T,,,,,,"See <a class=""external"" href=""http://sdw.ecb.europa.eu/web/generator/docu/rtdb_docu.pdf""> notes</a>; block Annual; series: B",,4,,,"Government deficit(-) or surplus(+), percent of GDP",Euro area (moving concept in the Real Time database context) - Deficit/surplus without UMTS proceeds - All sectors/ unspecified/ not applicable (ESA2010)-NCBs - General government (ESA2010)-NCBs - Non-financial flows current prices - Percentage,XDC_R_B1GQ,0,Replace,2018-10-24T15:30:00.000+02:00,
RTD.A.S0.N.F_UMD_CGG_D0.F,A,S0,N,F_UMD_CGG_D0,F,2009,-6.23303,A,F,,,P1Y,S,,,GFS.A.N.I10.W0.S13.S1._Z.B.B9._Z._Z._Z.XDC_R_B1GQ._Z.S.V.N._T,,,,,,"See <a class=""external"" href=""http://sdw.ecb.europa.eu/web/generator/docu/rtdb_docu.pdf""> notes</a>; block Annual; series: B",,4,,,"Government deficit(-) or surplus(+), percent of GDP",Euro area (moving concept in the Real Time database context) - Deficit/surplus without UMTS proceeds - All sectors/ unspecified/ not applicable (ESA2010)-NCBs - General government (ESA2010)-NCBs - Non-financial flows current prices - Percentage,XDC_R_B1GQ,0,Replace,2018-10-24T15:30:00.000+02:00,
RTD.A.S0.N.F_UMD_CGG_D0.F,A,S0,N,F_UMD_CGG_D0,F,2010,-6.20245,A,F,,,P1Y,S,,,GFS.A.N.I10.W0.S13.S1._Z.B.B9._Z._Z._Z.XDC_R_B1GQ._Z.S.V.N._T,,,,,,"See <a class=""external"" href=""http://sdw.ecb.europa.eu/web/generator/docu/rtdb_docu.pdf""> notes</a>; block Annual; series: B",,4,,,"Government deficit(-) or surplus(+), percent of GDP",Euro area (moving concept in the Real Time database context) - Deficit/surplus without UMTS proceeds - All sectors/ unspecified/ not applicable (ESA2010)-NCBs - General government (ESA2010)-NCBs - Non-financial flows current prices - Percentage,XDC_R_B1GQ,0,Replace,2018-10-24T15:30:00.000+02:00,
RTD.A.S0.N.F_UMD_CGG_D0.F,A,S0,N,F_UMD_CGG_D0,F,2011,-4.24514,A,F,,,P1Y,S,,,GFS.A.N.I10.W0.S13.S1._Z.B.B9._Z._Z._Z.XDC_R_B1GQ._Z.S.V.N._T,,,,,,"See <a class=""external"" href=""http://sdw.ecb.europa.eu/web/generator/docu/rtdb_docu.pdf""> notes</a>; block Annual; series: B",,4,,,"Government deficit(-) or surplus(+), percent of GDP",Euro area (moving concept in the Real Time database context) - Deficit/surplus without UMTS proceeds - All sectors/ unspecified/ not applicable (ESA2010)-NCBs - General government (ESA2010)-NCBs - Non-financial flows current prices - Percentage,XDC_R_B1GQ,0,Replace,2018-10-24T15:30:00.000+02:00,
RTD.A.S0.N.F_UMD_CGG_D0.F,A,S0,N,F_UMD_CGG_D0,F,2012,-3.67621,A,F,,,P1Y,S,,,GFS.A.N.I10.W0.S13.S1._Z.B.B9._Z._Z._Z.XDC_R_B1GQ._Z.S.V.N._T,,,,,,"See <a class=""external"" href=""http://sdw.ecb.europa.eu/web/generator/docu/rtdb_docu.pdf""> notes</a>; block Annual; series: B",,4,,,"Government deficit(-) or surplus(+), percent of GDP",Euro area (moving concept in the Real Time database context) - Deficit/surplus without UMTS proceeds - All sectors/ unspecified/ not applicable (ESA2010)-NCBs - General government (ESA2010)-NCBs - Non-financial flows current prices - Percentage,XDC_R_B1GQ,0,Replace,2018-10-24T15:30:00.000+02:00,
RTD.A.S0.N.F_UMD_CGG_D0.F,A,S0,N,F_UMD_CGG_D0,F,2013,-3.06194,A,F,,,P1Y,S,,,GFS.A.N.I10.W0.S13.S1._Z.B.B9._Z._Z._Z.XDC_R_B1GQ._Z.S.V.N._T,,,,,,"See <a class=""external"" href=""http://sdw.ecb.europa.eu/web/generator/docu/rtdb_docu.pdf""> notes</a>; block Annual; series: B",,4,,,"Government deficit(-) or surplus(+), percent of GDP",Euro area (moving concept in the Real Time database context) - Deficit/surplus without UMTS proceeds - All sectors/ unspecified/ not applicable (ESA2010)-NCBs - General government (ESA2010)-NCBs - Non-financial flows current prices - Percentage,XDC_R_B1GQ,0,Replace,2018-10-24T15:30:00.000+02:00,
RTD.A.S0.N.F_UMD_CGG_D0.F,A,S0,N,F_UMD_CGG_D0,F,2014,-2.4816,A,F,,,P1Y,S,,,GFS.A.N.I10.W0.S13.S1._Z.B.B9._Z._Z._Z.XDC_R_B1GQ._Z.S.V.N._T,,,,,,"See <a class=""external"" href=""http://sdw.ecb.europa.eu/web/generator/docu/rtdb_docu.pdf""> notes</a>; block Annual; series: B",,4,,,"Government deficit(-) or surplus(+), percent of GDP",Euro area (moving concept in the Real Time database context) - Deficit/surplus without UMTS proceeds - All sectors/ unspecified/ not applicable (ESA2010)-NCBs - General government (ESA2010)-NCBs - Non-financial flows current prices - Percentage,XDC_R_B1GQ,0,Replace,2018-10-24T15:30:00.000+02:00,
RTD.A.S0.N.F_UMD_CGG_D0.F,A,S0,N,F_UMD_CGG_D0,F,2015,-2.04566,A,F,,,P1Y,S,,,GFS.A.N.I10.W0.S13.S1._Z.B.B9._Z._Z._Z.XDC_R_B1GQ._Z.S.V.N._T,,,,,,"See <a class=""external"" href=""http://sdw.ecb.europa.eu/web/generator/docu/rtdb_docu.pdf""> notes</a>; block Annual; series: B",,4,,,"Government deficit(-) or surplus(+), percent of GDP",Euro area (moving concept in the Real Time database context) - Deficit/surplus without UMTS proceeds - All sectors/ unspecified/ not applicable (ESA2010)-NCBs - General government (ESA2010)-NCBs - Non-financial flows current prices - Percentage,XDC_R_B1GQ,0,Replace,2018-10-24T15:30:00.000+02:00,
RTD.A.S0.N.F_UMD_CGG_D0.F,A,S0,N,F_UMD_CGG_D0,F,2016,-1.55646,A,F,,,P1Y,S,,,GFS.A.N.I10.W0.S13.S1._Z.B.B9._Z._Z._Z.XDC_R_B1GQ._Z.S.V.N._T,,,,,,"See <a class=""external"" href=""http://sdw.ecb.europa.eu/web/generator/docu/rtdb_docu.pdf""> notes</a>; block Annual; series: B",,4,,,"Government deficit(-) or surplus(+), percent of GDP",Euro area (moving concept in the Real Time database context) - Deficit/surplus without UMTS proceeds - All sectors/ unspecified/ not applicable (ESA2010)-NCBs - General government (ESA2010)-NCBs - Non-financial flows current prices - Percentage,XDC_R_B1GQ,0,Replace,2018-10-24T15:30:00.000+02:00,
RTD.A.S0.N.F_UMD_CGG_D0.F,A,S0,N,F_UMD_CGG_D0,F,2017,-0.96372,A,F,,,P1Y,S,,,GFS.A.N.I10.W0.S13.S1._Z.B.B9._Z._Z._Z.XDC_R_B1GQ._Z.S.V.N._T,,,,,,"See <a class=""external"" href=""http://sdw.ecb.europa.eu/web/generator/docu/rtdb_docu.pdf""> notes</a>; block Annual; series: B",,4,,,"Government deficit(-) or surplus(+), percent of GDP",Euro area (moving concept in the Real Time database context) - Deficit/surplus without UMTS proceeds - All sectors/ unspecified/ not applicable (ESA2010)-NCBs - General government (ESA2010)-NCBs - Non-financial flows current prices - Percentage,XDC_R_B1GQ,0,Replace,2018-10-24T15:30:00.000+02:00,
RTD.A.S0.N.F_UMD_CGG_D0.F,A,S0,N,F_UMD_CGG_D0,F,1995,-7.30448,A,F,,,P1Y,S,,,GFS.A.N.I10.W0.S13.S1._Z.B.B9._Z._Z._Z.XDC_R_B1GQ._Z.S.V.N._T,,,,,,"See <a class=""external"" href=""http://sdw.ecb.europa.eu/web/generator/docu/rtdb_docu.pdf""> notes</a>; block Annual; series: B",,4,,,"Government deficit(-) or surplus(+), percent of GDP",Euro area (moving concept in the Real Time database context) - Deficit/surplus without UMTS proceeds - All sectors/ unspecified/ not applicable (ESA2010)-NCBs - General government (ESA2010)-NCBs - Non-financial flows current prices - Percentage,XDC_R_B1GQ,0,Replace,2019-06-05T15:30:00.000+02:00,
RTD.A.S0.N.F_UMD_CGG_D0.F,A,S0,N,F_UMD_CGG_D0,F,1996,-4.31459,A,F,,,P1Y,S,,,GFS.A.N.I10.W0.S13.S1._Z.B.B9._Z._Z._Z.XDC_R_B1GQ._Z.S.V.N._T,,,,,,"See <a class=""external"" href=""http://sdw.ecb.europa.eu/web/generator/docu/rtdb_docu.pdf""> notes</a>; block Annual; series: B",,4,,,"Government deficit(-) or surplus(+), percent of GDP",Euro area (moving concept in the Real Time database context) - Deficit/surplus without UMTS proceeds - All sectors/ unspecified/ not applicable (ESA2010)-NCBs - General government (ESA2010)-NCBs - Non-financial flows current prices - Percentage,XDC_R_B1GQ,0,Replace,2019-06-05T15:30:00.000+02:00,
RTD.A.S0.N.F_UMD_CGG_D0.F,A,S0,N,F_UMD_CGG_D0,F,1997,-3.05099,A,F,,,P1Y,S,,,GFS.A.N.I10.W0.S13.S1._Z.B.B9._Z._Z._Z.XDC_R_B1GQ._Z.S.V.N._T,,,,,,"See <a class=""external"" href=""http://sdw.ecb.europa.eu/web/generator/docu/rtdb_docu.pdf""> notes</a>; block Annual; series: B",,4,,,"Government deficit(-) or surplus(+), percent of GDP",Euro area (moving concept in the Real Time database context) - Deficit/surplus without UMTS proceeds - All sectors/ unspecified/ not applicable (ESA2010)-NCBs - General government (ESA2010)-NCBs - Non-financial flows current prices - Percentage,XDC_R_B1GQ,0,Replace,2019-06-05T15:30:00.000+02:00,
RTD.A.S0.N.F_UMD_CGG_D0.F,A,S0,N,F_UMD_CGG_D0,F,1998,-2.44845,A,F,,,P1Y,S,,,GFS.A.N.I10.W0.S13.S1._Z.B.B9._Z._Z._Z.XDC_R_B1GQ._Z.S.V.N._T,,,,,,"See <a class=""external"" href=""http://sdw.ecb.europa.eu/web/generator/docu/rtdb_docu.pdf""> notes</a>; block Annual; series: B",,4,,,"Government deficit(-) or surplus(+), percent of GDP",Euro area (moving concept in the Real Time database context) - Deficit/surplus without UMTS proceeds - All sectors/ unspecified/ not applicable (ESA2010)-NCBs - General government (ESA2010)-NCBs - Non-financial flows current prices - Percentage,XDC_R_B1GQ,0,Replace,2019-06-05T15:30:00.000+02:00,
RTD.A.S0.N.F_UMD_CGG_D0.F,A,S0,N,F_UMD_CGG_D0,F,1999,-1.51818,A,F,,,P1Y,S,,,GFS.A.N.I10.W0.S13.S1._Z.B.B9._Z._Z._Z.XDC_R_B1GQ._Z.S.V.N._T,,,,,,"See <a class=""external"" href=""http://sdw.ecb.europa.eu/web/generator/docu/rtdb_docu.pdf""> notes</a>; block Annual; series: B",,4,,,"Government deficit(-) or surplus(+), percent of GDP",Euro area (moving concept in the Real Time database context) - Deficit/surplus without UMTS proceeds - All sectors/ unspecified/ not applicable (ESA2010)-NCBs - General government (ESA2010)-NCBs - Non-financial flows current prices - Percentage,XDC_R_B1GQ,0,Replace,2019-06-05T15:30:00.000+02:00,
RTD.A.S0.N.F_UMD_CGG_D0.F,A,S0,N,F_UMD_CGG_D0,F,2000,-0.54263,A,F,,,P1Y,S,,,GFS.A.N.I10.W0.S13.S1._Z.B.B9._Z._Z._Z.XDC_R_B1GQ._Z.S.V.N._T,,,,,,"See <a class=""external"" href=""http://sdw.ecb.europa.eu/web/generator/docu/rtdb_docu.pdf""> notes</a>; block Annual; series: B",,4,,,"Government deficit(-) or surplus(+), percent of GDP",Euro area (moving concept in the Real Time database context) - Deficit/surplus without UMTS proceeds - All sectors/ unspecified/ not applicable (ESA2010)-NCBs - General government (ESA2010)-NCBs - Non-financial flows current prices - Percentage,XDC_R_B1GQ,0,Replace,2019-06-05T15:30:00.000+02:00,
RTD.A.S0.N.F_UMD_CGG_D0.F,A,S0,N,F_UMD_CGG_D0,F,2001,-2.02957,A,F,,,P1Y,S,,,GFS.A.N.I10.W0.S13.S1._Z.B.B9._Z._Z._Z.XDC_R_B1GQ._Z.S.V.N._T,,,,,,"See <a class=""external"" href=""http://sdw.ecb.europa.eu/web/generator/docu/rtdb_docu.pdf""> notes</a>; block Annual; series: B",,4,,,"Government deficit(-) or surplus(+), percent of GDP",Euro area (moving concept in the Real Time database context) - Deficit/surplus without UMTS proceeds - All sectors/ unspecified/ not applicable (ESA2010)-NCBs - General government (ESA2010)-NCBs - Non-financial flows current prices - Percentage,XDC_R_B1GQ,0,Replace,2019-06-05T15:30:00.000+02:00,
RTD.A.S0.N.F_UMD_CGG_D0.F,A,S0,N,F_UMD_CGG_D0,F,2002,-2.72752,A,F,,,P1Y,S,,,GFS.A.N.I10.W0.S13.S1._Z.B.B9._Z._Z._Z.XDC_R_B1GQ._Z.S.V.N._T,,,,,,"See <a class=""external"" href=""http://sdw.ecb.europa.eu/web/generator/docu/rtdb_docu.pdf""> notes</a>; block Annual; series: B",,4,,,"Government deficit(-) or surplus(+), percent of GDP",Euro area (moving concept in the Real Time database context) - Deficit/surplus without UMTS proceeds - All sectors/ unspecified/ not applicable (ESA2010)-NCBs - General government (ESA2010)-NCBs - Non-financial flows current prices - Percentage,XDC_R_B1GQ,0,Replace,2019-06-05T15:30:00.000+02:00,
RTD.A.S0.N.F_UMD_CGG_D0.F,A,S0,N,F_UMD_CGG_D0,F,2003,-3.21593,A,F,,,P1Y,S,,,GFS.A.N.I10.W0.S13.S1._Z.B.B9._Z._Z._Z.XDC_R_B1GQ._Z.S.V.N._T,,,,,,"See <a class=""external"" href=""http://sdw.ecb.europa.eu/web/generator/docu/rtdb_docu.pdf""> notes</a>; block Annual; series: B",,4,,,"Government deficit(-) or surplus(+), percent of GDP",Euro area (moving concept in the Real Time database context) - Deficit/surplus without UMTS proceeds - All sectors/ unspecified/ not applicable (ESA2010)-NCBs - General government (ESA2010)-NCBs - Non-financial flows current prices - Percentage,XDC_R_B1GQ,0,Replace,2019-06-05T15:30:00.000+02:00,
RTD.A.S0.N.F_UMD_CGG_D0.F,A,S0,N,F_UMD_CGG_D0,F,2004,-2.96884,A,F,,,P1Y,S,,,GFS.A.N.I10.W0.S13.S1._Z.B.B9._Z._Z._Z.XDC_R_B1GQ._Z.S.V.N._T,,,,,,"See <a class=""external"" href=""http://sdw.ecb.europa.eu/web/generator/docu/rtdb_docu.pdf""> notes</a>; block Annual; series: B",,4,,,"Government deficit(-) or surplus(+), percent of GDP",Euro area (moving concept in the Real Time database context) - Deficit/surplus without UMTS proceeds - All sectors/ unspecified/ not applicable (ESA2010)-NCBs - General government (ESA2010)-NCBs - Non-financial flows current prices - Percentage,XDC_R_B1GQ,0,Replace,2019-06-05T15:30:00.000+02:00,
RTD.A.S0.N.F_UMD_CGG_D0.F,A,S0,N,F_UMD_CGG_D0,F,2005,-2.62564,A,F,,,P1Y,S,,,GFS.A.N.I10.W0.S13.S1._Z.B.B9._Z._Z._Z.XDC_R_B1GQ._Z.S.V.N._T,,,,,,"See <a class=""external"" href=""http://sdw.ecb.europa.eu/web/generator/docu/rtdb_docu.pdf""> notes</a>; block Annual; series: B",,4,,,"Government deficit(-) or surplus(+), percent of GDP",Euro area (moving concept in the Real Time database context) - Deficit/surplus without UMTS proceeds - All sectors/ unspecified/ not applicable (ESA2010)-NCBs - General government (ESA2010)-NCBs - Non-financial flows current prices - Percentage,XDC_R_B1GQ,0,Replace,2019-06-05T15:30:00.000+02:00,
RTD.A.S0.N.F_UMD_CGG_D0.F,A,S0,N,F_UMD_CGG_D0,F,2006,-1.50598,A,F,,,P1Y,S,,,GFS.A.N.I10.W0.S13.S1._Z.B.B9._Z._Z._Z.XDC_R_B1GQ._Z.S.V.N._T,,,,,,"See <a class=""external"" href=""http://sdw.ecb.europa.eu/web/generator/docu/rtdb_docu.pdf""> notes</a>; block Annual; series: B",,4,,,"Government deficit(-) or surplus(+), percent of GDP",Euro area (moving concept in the Real Time database context) - Deficit/surplus without UMTS proceeds - All sectors/ unspecified/ not applicable (ESA2010)-NCBs - General government (ESA2010)-NCBs - Non-financial flows current prices - Percentage,XDC_R_B1GQ,0,Replace,2019-06-05T15:30:00.000+02:00,
RTD.A.S0.N.F_UMD_CGG_D0.F,A,S0,N,F_UMD_CGG_D0,F,2007,-0.6739,A,F,,,P1Y,S,,,GFS.A.N.I10.W0.S13.S1._Z.B.B9._Z._Z._Z.XDC_R_B1GQ._Z.S.V.N._T,,,,,,"See <a class=""external"" href=""http://sdw.ecb.europa.eu/web/generator/docu/rtdb_docu.pdf""> notes</a>; block Annual; series: B",,4,,,"Government deficit(-) or surplus(+), percent of GDP",Euro area (moving concept in the Real Time database context) - Deficit/surplus without UMTS proceeds - All sectors/ unspecified/ not applicable (ESA2010)-NCBs - General government (ESA2010)-NCBs - Non-financial flows current prices - Percentage,XDC_R_B1GQ,0,Replace,2019-06-05T15:30:00.000+02:00,
RTD.A.S0.N.F_UMD_CGG_D0.F,A,S0,N,F_UMD_CGG_D0,F,2008,-2.16503,A,F,,,P1Y,S,,,GFS.A.N.I10.W0.S13.S1._Z.B.B9._Z._Z._Z.XDC_R_B1GQ._Z.S.V.N._T,,,,,,"See <a class=""external"" href=""http://sdw.ecb.europa.eu/web/generator/docu/rtdb_docu.pdf""> notes</a>; block Annual; series: B",,4,,,"Government deficit(-) or surplus(+), percent of GDP",Euro area (moving concept in the Real Time database context) - Deficit/surplus without UMTS proceeds - All sectors/ unspecified/ not applicable (ESA2010)-NCBs - General government (ESA2010)-NCBs - Non-financial flows current prices - Percentage,XDC_R_B1GQ,0,Replace,2019-06-05T15:30:00.000+02:00,
RTD.A.S0.N.F_UMD_CGG_D0.F,A,S0,N,F_UMD_CGG_D0,F,2009,-6.23435,A,F,,,P1Y,S,,,GFS.A.N.I10.W0.S13.S1._Z.B.B9._Z._Z._Z.XDC_R_B1GQ._Z.S.V.N._T,,,,,,"See <a class=""external"" href=""http://sdw.ecb.europa.eu/web/generator/docu/rtdb_docu.pdf""> notes</a>; block Annual; series: B",,4,,,"Government deficit(-) or surplus(+), percent of GDP",Euro area (moving concept in the Real Time database context) - Deficit/surplus without UMTS proceeds - All sectors/ unspecified/ not applicable (ESA2010)-NCBs - General government (ESA2010)-NCBs - Non-financial flows current prices - Percentage,XDC_R_B1GQ,0,Replace,2019-06-05T15:30:00.000+02:00,
RTD.A.S0.N.F_UMD_CGG_D0.F,A,S0,N,F_UMD_CGG_D0,F,2010,-6.20296,A,F,,,P1Y,S,,,GFS.A.N.I10.W0.S13.S1._Z.B.B9._Z._Z._Z.XDC_R_B1GQ._Z.S.V.N._T,,,,,,"See <a class=""external"" href=""http://sdw.ecb.europa.eu/web/generator/docu/rtdb_docu.pdf""> notes</a>; block Annual; series: B",,4,,,"Government deficit(-) or surplus(+), percent of GDP",Euro area (moving concept in the Real Time database context) - Deficit/surplus without UMTS proceeds - All sectors/ unspecified/ not applicable (ESA2010)-NCBs - General government (ESA2010)-NCBs - Non-financial flows current prices - Percentage,XDC_R_B1GQ,0,Replace,2019-06-05T15:30:00.000+02:00,
RTD.A.S0.N.F_UMD_CGG_D0.F,A,S0,N,F_UMD_CGG_D0,F,2011,-4.24576,A,F,,,P1Y,S,,,GFS.A.N.I10.W0.S13.S1._Z.B.B9._Z._Z._Z.XDC_R_B1GQ._Z.S.V.N._T,,,,,,"See <a class=""external"" href=""http://sdw.ecb.europa.eu/web/generator/docu/rtdb_docu.pdf""> notes</a>; block Annual; series: B",,4,,,"Government deficit(-) or surplus(+), percent of GDP",Euro area (moving concept in the Real Time database context) - Deficit/surplus without UMTS proceeds - All sectors/ unspecified/ not applicable (ESA2010)-NCBs - General government (ESA2010)-NCBs - Non-financial flows current prices - Percentage,XDC_R_B1GQ,0,Replace,2019-06-05T15:30:00.000+02:00,
RTD.A.S0.N.F_UMD_CGG_D0.F,A,S0,N,F_UMD_CGG_D0,F,2012,-3.67685,A,F,,,P1Y,S,,,GFS.A.N.I10.W0.S13.S1._Z.B.B9._Z._Z._Z.XDC_R_B1GQ._Z.S.V.N._T,,,,,,"See <a class=""external"" href=""http://sdw.ecb.europa.eu/web/generator/docu/rtdb_docu.pdf""> notes</a>; block Annual; series: B",,4,,,"Government deficit(-) or surplus(+), percent of GDP",Euro area (moving concept in the Real Time database context) - Deficit/surplus without UMTS proceeds - All sectors/ unspecified/ not applicable (ESA2010)-NCBs - General government (ESA2010)-NCBs - Non-financial flows current prices - Percentage,XDC_R_B1GQ,0,Replace,2019-06-05T15:30:00.000+02:00,
RTD.A.S0.N.F_UMD_CGG_D0.F,A,S0,N,F_UMD_CGG_D0,F,2013,-3.06303,A,F,,,P1Y,S,,,GFS.A.N.I10.W0.S13.S1._Z.B.B9._Z._Z._Z.XDC_R_B1GQ._Z.S.V.N._T,,,,,,"See <a class=""external"" href=""http://sdw.ecb.europa.eu/web/generator/docu/rtdb_docu.pdf""> notes</a>; block Annual; series: B",,4,,,"Government deficit(-) or surplus(+), percent of GDP",Euro area (moving concept in the Real Time database context) - Deficit/surplus without UMTS proceeds - All sectors/ unspecified/ not applicable (ESA2010)-NCBs - General government (ESA2010)-NCBs - Non-financial flows current prices - Percentage,XDC_R_B1GQ,0,Replace,2019-06-05T15:30:00.000+02:00,
RTD.A.S0.N.F_UMD_CGG_D0.F,A,S0,N,F_UMD_CGG_D0,F,2014,-2.4822,A,F,,,P1Y,S,,,GFS.A.N.I10.W0.S13.S1._Z.B.B9._Z._Z._Z.XDC_R_B1GQ._Z.S.V.N._T,,,,,,"See <a class=""external"" href=""http://sdw.ecb.europa.eu/web/generator/docu/rtdb_docu.pdf""> notes</a>; block Annual; series: B",,4,,,"Government deficit(-) or surplus(+), percent of GDP",Euro area (moving concept in the Real Time database context) - Deficit/surplus without UMTS proceeds - All sectors/ unspecified/ not applicable (ESA2010)-NCBs - General government (ESA2010)-NCBs - Non-financial flows current prices - Percentage,XDC_R_B1GQ,0,Replace,2019-06-05T15:30:00.000+02:00,
RTD.A.S0.N.F_UMD_CGG_D0.F,A,S0,N,F_UMD_CGG_D0,F,2015,-2.04256,A,F,,,P1Y,S,,,GFS.A.N.I10.W0.S13.S1._Z.B.B9._Z._Z._Z.XDC_R_B1GQ._Z.S.V.N._T,,,,,,"See <a class=""external"" href=""http://sdw.ecb.europa.eu/web/generator/docu/rtdb_docu.pdf""> notes</a>; block Annual; series: B",,4,,,"Government deficit(-) or surplus(+), percent of GDP",Euro area (moving concept in the Real Time database context) - Deficit/surplus without UMTS proceeds - All sectors/ unspecified/ not applicable (ESA2010)-NCBs - General government (ESA2010)-NCBs - Non-financial flows current prices - Percentage,XDC_R_B1GQ,0,Replace,2019-06-05T15:30:00.000+02:00,
RTD.A.S0.N.F_UMD_CGG_D0.F,A,S0,N,F_UMD_CGG_D0,F,2016,-1.55427,A,F,,,P1Y,S,,,GFS.A.N.I10.W0.S13.S1._Z.B.B9._Z._Z._Z.XDC_R_B1GQ._Z.S.V.N._T,,,,,,"See <a class=""external"" href=""http://sdw.ecb.europa.eu/web/generator/docu/rtdb_docu.pdf""> notes</a>; block Annual; series: B",,4,,,"Government deficit(-) or surplus(+), percent of GDP",Euro area (moving concept in the Real Time database context) - Deficit/surplus without UMTS proceeds - All sectors/ unspecified/ not applicable (ESA2010)-NCBs - General government (ESA2010)-NCBs - Non-financial flows current prices - Percentage,XDC_R_B1GQ,0,Replace,2019-06-05T15:30:00.000+02:00,
RTD.A.S0.N.F_UMD_CGG_D0.F,A,S0,N,F_UMD_CGG_D0,F,2017,-0.98592,A,F,,,P1Y,S,,,GFS.A.N.I10.W0.S13.S1._Z.B.B9._Z._Z._Z.XDC_R_B1GQ._Z.S.V.N._T,,,,,,"See <a class=""external"" href=""http://sdw.ecb.europa.eu/web/generator/docu/rtdb_docu.pdf""> notes</a>; block Annual; series: B",,4,,,"Government deficit(-) or surplus(+), percent of GDP",Euro area (moving concept in the Real Time database context) - Deficit/surplus without UMTS proceeds - All sectors/ unspecified/ not applicable (ESA2010)-NCBs - General government (ESA2010)-NCBs - Non-financial flows current prices - Percentage,XDC_R_B1GQ,0,Replace,2019-06-05T15:30:00.000+02:00,
RTD.A.S0.N.F_UMD_CGG_D0.F,A,S0,N,F_UMD_CGG_D0,F,2018,-0.52355,A,F,,,P1Y,S,,,GFS.A.N.I10.W0.S13.S1._Z.B.B9._Z._Z._Z.XDC_R_B1GQ._Z.S.V.N._T,,,,,,"See <a class=""external"" href=""http://sdw.ecb.europa.eu/web/generator/docu/rtdb_docu.pdf""> notes</a>; block Annual; series: B",,4,,,"Government deficit(-) or surplus(+), percent of GDP",Euro area (moving concept in the Real Time database context) - Deficit/surplus without UMTS proceeds - All sectors/ unspecified/ not applicable (ESA2010)-NCBs - General government (ESA2010)-NCBs - Non-financial flows current prices - Percentage,XDC_R_B1GQ,0,Replace,2019-06-05T15:30:00.000+02:00,
RTD.A.S0.N.F_UMD_CGG_D0.F,A,S0,N,F_UMD_CGG_D0,F,2018,-0.52933,A,F,,,P1Y,S,,,GFS.A.N.I10.W0.S13.S1._Z.B.B9._Z._Z._Z.XDC_R_B1GQ._Z.S.V.N._T,,,,,,"See <a class=""external"" href=""http://sdw.ecb.europa.eu/web/generator/docu/rtdb_docu.pdf""> notes</a>; block Annual; series: B",,4,,,"Government deficit(-) or surplus(+), percent of GDP",Euro area (moving concept in the Real Time database context) - Deficit/surplus without UMTS proceeds - All sectors/ unspecified/ not applicable (ESA2010)-NCBs - General government (ESA2010)-NCBs - Non-financial flows current prices - Percentage,XDC_R_B1GQ,0,Replace,2019-07-24T15:30:00.000+02:00,
RTD.A.S0.N.F_UMD_CGG_D0.F,A,S0,N,F_UMD_CGG_D0,F,1995,-7.2801,A,F,,,P1Y,S,,,GFS.A.N.I10.W0.S13.S1._Z.B.B9._Z._Z._Z.XDC_R_B1GQ._Z.S.V.N._T,,,,,,"See <a class=""external"" href=""http://sdw.ecb.europa.eu/web/generator/docu/rtdb_docu.pdf""> notes</a>; block Annual; series: B",,4,,,"Government deficit(-) or surplus(+), percent of GDP",Euro area (moving concept in the Real Time database context) - Deficit/surplus without UMTS proceeds - All sectors/ unspecified/ not applicable (ESA2010)-NCBs - General government (ESA2010)-NCBs - Non-financial flows current prices - Percentage,XDC_R_B1GQ,0,Replace,2019-10-23T15:30:00.000+02:00,
RTD.A.S0.N.F_UMD_CGG_D0.F,A,S0,N,F_UMD_CGG_D0,F,1996,-4.36287,A,F,,,P1Y,S,,,GFS.A.N.I10.W0.S13.S1._Z.B.B9._Z._Z._Z.XDC_R_B1GQ._Z.S.V.N._T,,,,,,"See <a class=""external"" href=""http://sdw.ecb.europa.eu/web/generator/docu/rtdb_docu.pdf""> notes</a>; block Annual; series: B",,4,,,"Government deficit(-) or surplus(+), percent of GDP",Euro area (moving concept in the Real Time database context) - Deficit/surplus without UMTS proceeds - All sectors/ unspecified/ not applicable (ESA2010)-NCBs - General government (ESA2010)-NCBs - Non-financial flows current prices - Percentage,XDC_R_B1GQ,0,Replace,2019-10-23T15:30:00.000+02:00,
RTD.A.S0.N.F_UMD_CGG_D0.F,A,S0,N,F_UMD_CGG_D0,F,1997,-3.04185,A,F,,,P1Y,S,,,GFS.A.N.I10.W0.S13.S1._Z.B.B9._Z._Z._Z.XDC_R_B1GQ._Z.S.V.N._T,,,,,,"See <a class=""external"" href=""http://sdw.ecb.europa.eu/web/generator/docu/rtdb_docu.pdf""> notes</a>; block Annual; series: B",,4,,,"Government deficit(-) or surplus(+), percent of GDP",Euro area (moving concept in the Real Time database context) - Deficit/surplus without UMTS proceeds - All sectors/ unspecified/ not applicable (ESA2010)-NCBs - General government (ESA2010)-NCBs - Non-financial flows current prices - Percentage,XDC_R_B1GQ,0,Replace,2019-10-23T15:30:00.000+02:00,
RTD.A.S0.N.F_UMD_CGG_D0.F,A,S0,N,F_UMD_CGG_D0,F,1998,-2.42949,A,F,,,P1Y,S,,,GFS.A.N.I10.W0.S13.S1._Z.B.B9._Z._Z._Z.XDC_R_B1GQ._Z.S.V.N._T,,,,,,"See <a class=""external"" href=""http://sdw.ecb.europa.eu/web/generator/docu/rtdb_docu.pdf""> notes</a>; block Annual; series: B",,4,,,"Government deficit(-) or surplus(+), percent of GDP",Euro area (moving concept in the Real Time database context) - Deficit/surplus without UMTS proceeds - All sectors/ unspecified/ not applicable (ESA2010)-NCBs - General government (ESA2010)-NCBs - Non-financial flows current prices - Percentage,XDC_R_B1GQ,0,Replace,2019-10-23T15:30:00.000+02:00,
RTD.A.S0.N.F_UMD_CGG_D0.F,A,S0,N,F_UMD_CGG_D0,F,1999,-1.5152,A,F,,,P1Y,S,,,GFS.A.N.I10.W0.S13.S1._Z.B.B9._Z._Z._Z.XDC_R_B1GQ._Z.S.V.N._T,,,,,,"See <a class=""external"" href=""http://sdw.ecb.europa.eu/web/generator/docu/rtdb_docu.pdf""> notes</a>; block Annual; series: B",,4,,,"Government deficit(-) or surplus(+), percent of GDP",Euro area (moving concept in the Real Time database context) - Deficit/surplus without UMTS proceeds - All sectors/ unspecified/ not applicable (ESA2010)-NCBs - General government (ESA2010)-NCBs - Non-financial flows current prices - Percentage,XDC_R_B1GQ,0,Replace,2019-10-23T15:30:00.000+02:00,
RTD.A.S0.N.F_UMD_CGG_D0.F,A,S0,N,F_UMD_CGG_D0,F,2000,-1.28411,A,F,,,P1Y,S,,,GFS.A.N.I10.W0.S13.S1._Z.B.B9._Z._Z._Z.XDC_R_B1GQ._Z.S.V.N._T,,,,,,"See <a class=""external"" href=""http://sdw.ecb.europa.eu/web/generator/docu/rtdb_docu.pdf""> notes</a>; block Annual; series: B",,4,,,"Government deficit(-) or surplus(+), percent of GDP",Euro area (moving concept in the Real Time database context) - Deficit/surplus without UMTS proceeds - All sectors/ unspecified/ not applicable (ESA2010)-NCBs - General government (ESA2010)-NCBs - Non-financial flows current prices - Percentage,XDC_R_B1GQ,0,Replace,2019-10-23T15:30:00.000+02:00,
RTD.A.S0.N.F_UMD_CGG_D0.F,A,S0,N,F_UMD_CGG_D0,F,2001,-1.96291,A,F,,,P1Y,S,,,GFS.A.N.I10.W0.S13.S1._Z.B.B9._Z._Z._Z.XDC_R_B1GQ._Z.S.V.N._T,,,,,,"See <a class=""external"" href=""http://sdw.ecb.europa.eu/web/generator/docu/rtdb_docu.pdf""> notes</a>; block Annual; series: B",,4,,,"Government deficit(-) or surplus(+), percent of GDP",Euro area (moving concept in the Real Time database context) - Deficit/surplus without UMTS proceeds - All sectors/ unspecified/ not applicable (ESA2010)-NCBs - General government (ESA2010)-NCBs - Non-financial flows current prices - Percentage,XDC_R_B1GQ,0,Replace,2019-10-23T15:30:00.000+02:00,
RTD.A.S0.N.F_UMD_CGG_D0.F,A,S0,N,F_UMD_CGG_D0,F,2002,-2.67865,A,F,,,P1Y,S,,,GFS.A.N.I10.W0.S13.S1._Z.B.B9._Z._Z._Z.XDC_R_B1GQ._Z.S.V.N._T,,,,,,"See <a class=""external"" href=""http://sdw.ecb.europa.eu/web/generator/docu/rtdb_docu.pdf""> notes</a>; block Annual; series: B",,4,,,"Government deficit(-) or surplus(+), percent of GDP",Euro area (moving concept in the Real Time database context) - Deficit/surplus without UMTS proceeds - All sectors/ unspecified/ not applicable (ESA2010)-NCBs - General government (ESA2010)-NCBs - Non-financial flows current prices - Percentage,XDC_R_B1GQ,0,Replace,2019-10-23T15:30:00.000+02:00,
RTD.A.S0.N.F_UMD_CGG_D0.F,A,S0,N,F_UMD_CGG_D0,F,2003,-3.09157,A,F,,,P1Y,S,,,GFS.A.N.I10.W0.S13.S1._Z.B.B9._Z._Z._Z.XDC_R_B1GQ._Z.S.V.N._T,,,,,,"See <a class=""external"" href=""http://sdw.ecb.europa.eu/web/generator/docu/rtdb_docu.pdf""> notes</a>; block Annual; series: B",,4,,,"Government deficit(-) or surplus(+), percent of GDP",Euro area (moving concept in the Real Time database context) - Deficit/surplus without UMTS proceeds - All sectors/ unspecified/ not applicable (ESA2010)-NCBs - General government (ESA2010)-NCBs - Non-financial flows current prices - Percentage,XDC_R_B1GQ,0,Replace,2019-10-23T15:30:00.000+02:00,
RTD.A.S0.N.F_UMD_CGG_D0.F,A,S0,N,F_UMD_CGG_D0,F,2004,-2.86387,A,F,,,P1Y,S,,,GFS.A.N.I10.W0.S13.S1._Z.B.B9._Z._Z._Z.XDC_R_B1GQ._Z.S.V.N._T,,,,,,"See <a class=""external"" href=""http://sdw.ecb.europa.eu/web/generator/docu/rtdb_docu.pdf""> notes</a>; block Annual; series: B",,4,,,"Government deficit(-) or surplus(+), percent of GDP",Euro area (moving concept in the Real Time database context) - Deficit/surplus without UMTS proceeds - All sectors/ unspecified/ not applicable (ESA2010)-NCBs - General government (ESA2010)-NCBs - Non-financial flows current prices - Percentage,XDC_R_B1GQ,0,Replace,2019-10-23T15:30:00.000+02:00,
RTD.A.S0.N.F_UMD_CGG_D0.F,A,S0,N,F_UMD_CGG_D0,F,2005,-2.5895,A,F,,,P1Y,S,,,GFS.A.N.I10.W0.S13.S1._Z.B.B9._Z._Z._Z.XDC_R_B1GQ._Z.S.V.N._T,,,,,,"See <a class=""external"" href=""http://sdw.ecb.europa.eu/web/generator/docu/rtdb_docu.pdf""> notes</a>; block Annual; series: B",,4,,,"Government deficit(-) or surplus(+), percent of GDP",Euro area (moving concept in the Real Time database context) - Deficit/surplus without UMTS proceeds - All sectors/ unspecified/ not applicable (ESA2010)-NCBs - General government (ESA2010)-NCBs - Non-financial flows current prices - Percentage,XDC_R_B1GQ,0,Replace,2019-10-23T15:30:00.000+02:00,
RTD.A.S0.N.F_UMD_CGG_D0.F,A,S0,N,F_UMD_CGG_D0,F,2006,-1.51097,A,F,,,P1Y,S,,,GFS.A.N.I10.W0.S13.S1._Z.B.B9._Z._Z._Z.XDC_R_B1GQ._Z.S.V.N._T,,,,,,"See <a class=""external"" href=""http://sdw.ecb.europa.eu/web/generator/docu/rtdb_docu.pdf""> notes</a>; block Annual; series: B",,4,,,"Government deficit(-) or surplus(+), percent of GDP",Euro area (moving concept in the Real Time database context) - Deficit/surplus without UMTS proceeds - All sectors/ unspecified/ not applicable (ESA2010)-NCBs - General government (ESA2010)-NCBs - Non-financial flows current prices - Percentage,XDC_R_B1GQ,0,Replace,2019-10-23T15:30:00.000+02:00,
RTD.A.S0.N.F_UMD_CGG_D0.F,A,S0,N,F_UMD_CGG_D0,F,2007,-0.63912,A,F,,,P1Y,S,,,GFS.A.N.I10.W0.S13.S1._Z.B.B9._Z._Z._Z.XDC_R_B1GQ._Z.S.V.N._T,,,,,,"See <a class=""external"" href=""http://sdw.ecb.europa.eu/web/generator/docu/rtdb_docu.pdf""> notes</a>; block Annual; series: B",,4,,,"Government deficit(-) or surplus(+), percent of GDP",Euro area (moving concept in the Real Time database context) - Deficit/surplus without UMTS proceeds - All sectors/ unspecified/ not applicable (ESA2010)-NCBs - General government (ESA2010)-NCBs - Non-financial flows current prices - Percentage,XDC_R_B1GQ,0,Replace,2019-10-23T15:30:00.000+02:00,
RTD.A.S0.N.F_UMD_CGG_D0.F,A,S0,N,F_UMD_CGG_D0,F,2008,-2.15598,A,F,,,P1Y,S,,,GFS.A.N.I10.W0.S13.S1._Z.B.B9._Z._Z._Z.XDC_R_B1GQ._Z.S.V.N._T,,,,,,"See <a class=""external"" href=""http://sdw.ecb.europa.eu/web/generator/docu/rtdb_docu.pdf""> notes</a>; block Annual; series: B",,4,,,"Government deficit(-) or surplus(+), percent of GDP",Euro area (moving concept in the Real Time database context) - Deficit/surplus without UMTS proceeds - All sectors/ unspecified/ not applicable (ESA2010)-NCBs - General government (ESA2010)-NCBs - Non-financial flows current prices - Percentage,XDC_R_B1GQ,0,Replace,2019-10-23T15:30:00.000+02:00,
RTD.A.S0.N.F_UMD_CGG_D0.F,A,S0,N,F_UMD_CGG_D0,F,2009,-6.23137,A,F,,,P1Y,S,,,GFS.A.N.I10.W0.S13.S1._Z.B.B9._Z._Z._Z.XDC_R_B1GQ._Z.S.V.N._T,,,,,,"See <a class=""external"" href=""http://sdw.ecb.europa.eu/web/generator/docu/rtdb_docu.pdf""> notes</a>; block Annual; series: B",,4,,,"Government deficit(-) or surplus(+), percent of GDP",Euro area (moving concept in the Real Time database context) - Deficit/surplus without UMTS proceeds - All sectors/ unspecified/ not applicable (ESA2010)-NCBs - General government (ESA2010)-NCBs - Non-financial flows current prices - Percentage,XDC_R_B1GQ,0,Replace,2019-10-23T15:30:00.000+02:00,
RTD.A.S0.N.F_UMD_CGG_D0.F,A,S0,N,F_UMD_CGG_D0,F,2010,-6.27112,A,F,,,P1Y,S,,,GFS.A.N.I10.W0.S13.S1._Z.B.B9._Z._Z._Z.XDC_R_B1GQ._Z.S.V.N._T,,,,,,"See <a class=""external"" href=""http://sdw.ecb.europa.eu/web/generator/docu/rtdb_docu.pdf""> notes</a>; block Annual; series: B",,4,,,"Government deficit(-) or surplus(+), percent of GDP",Euro area (moving concept in the Real Time database context) - Deficit/surplus without UMTS proceeds - All sectors/ unspecified/ not applicable (ESA2010)-NCBs - General government (ESA2010)-NCBs - Non-financial flows current prices - Percentage,XDC_R_B1GQ,0,Replace,2019-10-23T15:30:00.000+02:00,
RTD.A.S0.N.F_UMD_CGG_D0.F,A,S0,N,F_UMD_CGG_D0,F,2011,-4.23073,A,F,,,P1Y,S,,,GFS.A.N.I10.W0.S13.S1._Z.B.B9._Z._Z._Z.XDC_R_B1GQ._Z.S.V.N._T,,,,,,"See <a class=""external"" href=""http://sdw.ecb.europa.eu/web/generator/docu/rtdb_docu.pdf""> notes</a>; block Annual; series: B",,4,,,"Government deficit(-) or surplus(+), percent of GDP",Euro area (moving concept in the Real Time database context) - Deficit/surplus without UMTS proceeds - All sectors/ unspecified/ not applicable (ESA2010)-NCBs - General government (ESA2010)-NCBs - Non-financial flows current prices - Percentage,XDC_R_B1GQ,0,Replace,2019-10-23T15:30:00.000+02:00,
RTD.A.S0.N.F_UMD_CGG_D0.F,A,S0,N,F_UMD_CGG_D0,F,2012,-3.70652,A,F,,,P1Y,S,,,GFS.A.N.I10.W0.S13.S1._Z.B.B9._Z._Z._Z.XDC_R_B1GQ._Z.S.V.N._T,,,,,,"See <a class=""external"" href=""http://sdw.ecb.europa.eu/web/generator/docu/rtdb_docu.pdf""> notes</a>; block Annual; series: B",,4,,,"Government deficit(-) or surplus(+), percent of GDP",Euro area (moving concept in the Real Time database context) - Deficit/surplus without UMTS proceeds - All sectors/ unspecified/ not applicable (ESA2010)-NCBs - General government (ESA2010)-NCBs - Non-financial flows current prices - Percentage,XDC_R_B1GQ,0,Replace,2019-10-23T15:30:00.000+02:00,
RTD.A.S0.N.F_UMD_CGG_D0.F,A,S0,N,F_UMD_CGG_D0,F,2013,-3.01165,A,F,,,P1Y,S,,,GFS.A.N.I10.W0.S13.S1._Z.B.B9._Z._Z._Z.XDC_R_B1GQ._Z.S.V.N._T,,,,,,"See <a class=""external"" href=""http://sdw.ecb.europa.eu/web/generator/docu/rtdb_docu.pdf""> notes</a>; block Annual; series: B",,4,,,"Government deficit(-) or surplus(+), percent of GDP",Euro area (moving concept in the Real Time database context) - Deficit/surplus without UMTS proceeds - All sectors/ unspecified/ not applicable (ESA2010)-NCBs - General government (ESA2010)-NCBs - Non-financial flows current prices - Percentage,XDC_R_B1GQ,0,Replace,2019-10-23T15:30:00.000+02:00,
RTD.A.S0.N.F_UMD_CGG_D0.F,A,S0,N,F_UMD_CGG_D0,F,2014,-2.46033,A,F,,,P1Y,S,,,GFS.A.N.I10.W0.S13.S1._Z.B.B9._Z._Z._Z.XDC_R_B1GQ._Z.S.V.N._T,,,,,,"See <a class=""external"" href=""http://sdw.ecb.europa.eu/web/generator/docu/rtdb_docu.pdf""> notes</a>; block Annual; series: B",,4,,,"Government deficit(-) or surplus(+), percent of GDP",Euro area (moving concept in the Real Time database context) - Deficit/surplus without UMTS proceeds - All sectors/ unspecified/ not applicable (ESA2010)-NCBs - General government (ESA2010)-NCBs - Non-financial flows current prices - Percentage,XDC_R_B1GQ,0,Replace,2019-10-23T15:30:00.000+02:00,
RTD.A.S0.N.F_UMD_CGG_D0.F,A,S0,N,F_UMD_CGG_D0,F,2015,-1.97672,A,F,,,P1Y,S,,,GFS.A.N.I10.W0.S13.S1._Z.B.B9._Z._Z._Z.XDC_R_B1GQ._Z.S.V.N._T,,,,,,"See <a class=""external"" href=""http://sdw.ecb.europa.eu/web/generator/docu/rtdb_docu.pdf""> notes</a>; block Annual; series: B",,4,,,"Government deficit(-) or surplus(+), percent of GDP",Euro area (moving concept in the Real Time database context) - Deficit/surplus without UMTS proceeds - All sectors/ unspecified/ not applicable (ESA2010)-NCBs - General government (ESA2010)-NCBs - Non-financial flows current prices - Percentage,XDC_R_B1GQ,0,Replace,2019-10-23T15:30:00.000+02:00,
RTD.A.S0.N.F_UMD_CGG_D0.F,A,S0,N,F_UMD_CGG_D0,F,2016,-1.44532,A,F,,,P1Y,S,,,GFS.A.N.I10.W0.S13.S1._Z.B.B9._Z._Z._Z.XDC_R_B1GQ._Z.S.V.N._T,,,,,,"See <a class=""external"" href=""http://sdw.ecb.europa.eu/web/generator/docu/rtdb_docu.pdf""> notes</a>; block Annual; series: B",,4,,,"Government deficit(-) or surplus(+), percent of GDP",Euro area (moving concept in the Real Time database context) - Deficit/surplus without UMTS proceeds - All sectors/ unspecified/ not applicable (ESA2010)-NCBs - General government (ESA2010)-NCBs - Non-financial flows current prices - Percentage,XDC_R_B1GQ,0,Replace,2019-10-23T15:30:00.000+02:00,
RTD.A.S0.N.F_UMD_CGG_D0.F,A,S0,N,F_UMD_CGG_D0,F,2017,-0.92415,A,F,,,P1Y,S,,,GFS.A.N.I10.W0.S13.S1._Z.B.B9._Z._Z._Z.XDC_R_B1GQ._Z.S.V.N._T,,,,,,"See <a class=""external"" href=""http://sdw.ecb.europa.eu/web/generator/docu/rtdb_docu.pdf""> notes</a>; block Annual; series: B",,4,,,"Government deficit(-) or surplus(+), percent of GDP",Euro area (moving concept in the Real Time database context) - Deficit/surplus without UMTS proceeds - All sectors/ unspecified/ not applicable (ESA2010)-NCBs - General government (ESA2010)-NCBs - Non-financial flows current prices - Percentage,XDC_R_B1GQ,0,Replace,2019-10-23T15:30:00.000+02:00,
RTD.A.S0.N.F_UMD_CGG_D0.F,A,S0,N,F_UMD_CGG_D0,F,2018,-0.50108,A,F,,,P1Y,S,,,GFS.A.N.I10.W0.S13.S1._Z.B.B9._Z._Z._Z.XDC_R_B1GQ._Z.S.V.N._T,,,,,,"See <a class=""external"" href=""http://sdw.ecb.europa.eu/web/generator/docu/rtdb_docu.pdf""> notes</a>; block Annual; series: B",,4,,,"Government deficit(-) or surplus(+), percent of GDP",Euro area (moving concept in the Real Time database context) - Deficit/surplus without UMTS proceeds - All sectors/ unspecified/ not applicable (ESA2010)-NCBs - General government (ESA2010)-NCBs - Non-financial flows current prices - Percentage,XDC_R_B1GQ,0,Replace,2019-10-23T15:30:00.000+02:00,
RTD.A.S0.N.F_UMD_CGG_D0.F,A,S0,N,F_UMD_CGG_D0,F,2017,-0.92416,A,F,,,P1Y,S,,,GFS.A.N.I10.W0.S13.S1._Z.B.B9._Z._Z._Z.XDC_R_B1GQ._Z.S.V.N._T,,,,,,"See <a class=""external"" href=""http://sdw.ecb.europa.eu/web/generator/docu/rtdb_docu.pdf""> notes</a>; block Annual; series: B",,4,,,"Government deficit(-) or surplus(+), percent of GDP",Euro area (moving concept in the Real Time database context) - Deficit/surplus without UMTS proceeds - All sectors/ unspecified/ not applicable (ESA2010)-NCBs - General government (ESA2010)-NCBs - Non-financial flows current prices - Percentage,XDC_R_B1GQ,0,Replace,2019-12-11T15:30:00.000+01:00,
RTD.A.S0.N.F_UMD_CGG_D0.F,A,S0,N,F_UMD_CGG_D0,F,2018,-0.50052,A,F,,,P1Y,S,,,GFS.A.N.I10.W0.S13.S1._Z.B.B9._Z._Z._Z.XDC_R_B1GQ._Z.S.V.N._T,,,,,,"See <a class=""external"" href=""http://sdw.ecb.europa.eu/web/generator/docu/rtdb_docu.pdf""> notes</a>; block Annual; series: B",,4,,,"Government deficit(-) or surplus(+), percent of GDP",Euro area (moving concept in the Real Time database context) - Deficit/surplus without UMTS proceeds - All sectors/ unspecified/ not applicable (ESA2010)-NCBs - General government (ESA2010)-NCBs - Non-financial flows current prices - Percentage,XDC_R_B1GQ,0,Replace,2019-12-11T15:30:00.000+01:00,
RTD.A.S0.N.F_UMD_CGG_D0.F,A,S0,N,F_UMD_CGG_D0,F,1995,-7.26544,A,F,,,P1Y,S,,,GFS.A.N.I10.W0.S13.S1._Z.B.B9._Z._Z._Z.XDC_R_B1GQ._Z.S.V.N._T,,,,,,"See <a class=""external"" href=""http://sdw.ecb.europa.eu/web/generator/docu/rtdb_docu.pdf""> notes</a>; block Annual; series: B",,4,,,"Government deficit(-) or surplus(+), percent of GDP",Euro area (moving concept in the Real Time database context) - Deficit/surplus without UMTS proceeds - All sectors/ unspecified/ not applicable (ESA2010)-NCBs - General government (ESA2010)-NCBs - Non-financial flows current prices - Percentage,XDC_R_B1GQ,0,Replace,2020-04-29T15:30:00.000+02:00,
RTD.A.S0.N.F_UMD_CGG_D0.F,A,S0,N,F_UMD_CGG_D0,F,1996,-4.35237,A,F,,,P1Y,S,,,GFS.A.N.I10.W0.S13.S1._Z.B.B9._Z._Z._Z.XDC_R_B1GQ._Z.S.V.N._T,,,,,,"See <a class=""external"" href=""http://sdw.ecb.europa.eu/web/generator/docu/rtdb_docu.pdf""> notes</a>; block Annual; series: B",,4,,,"Government deficit(-) or surplus(+), percent of GDP",Euro area (moving concept in the Real Time database context) - Deficit/surplus without UMTS proceeds - All sectors/ unspecified/ not applicable (ESA2010)-NCBs - General government (ESA2010)-NCBs - Non-financial flows current prices - Percentage,XDC_R_B1GQ,0,Replace,2020-04-29T15:30:00.000+02:00,
RTD.A.S0.N.F_UMD_CGG_D0.F,A,S0,N,F_UMD_CGG_D0,F,1997,-2.94807,A,F,,,P1Y,S,,,GFS.A.N.I10.W0.S13.S1._Z.B.B9._Z._Z._Z.XDC_R_B1GQ._Z.S.V.N._T,,,,,,"See <a class=""external"" href=""http://sdw.ecb.europa.eu/web/generator/docu/rtdb_docu.pdf""> notes</a>; block Annual; series: B",,4,,,"Government deficit(-) or surplus(+), percent of GDP",Euro area (moving concept in the Real Time database context) - Deficit/surplus without UMTS proceeds - All sectors/ unspecified/ not applicable (ESA2010)-NCBs - General government (ESA2010)-NCBs - Non-financial flows current prices - Percentage,XDC_R_B1GQ,0,Replace,2020-04-29T15:30:00.000+02:00,
RTD.A.S0.N.F_UMD_CGG_D0.F,A,S0,N,F_UMD_CGG_D0,F,1998,-2.42917,A,F,,,P1Y,S,,,GFS.A.N.I10.W0.S13.S1._Z.B.B9._Z._Z._Z.XDC_R_B1GQ._Z.S.V.N._T,,,,,,"See <a class=""external"" href=""http://sdw.ecb.europa.eu/web/generator/docu/rtdb_docu.pdf""> notes</a>; block Annual; series: B",,4,,,"Government deficit(-) or surplus(+), percent of GDP",Euro area (moving concept in the Real Time database context) - Deficit/surplus without UMTS proceeds - All sectors/ unspecified/ not applicable (ESA2010)-NCBs - General government (ESA2010)-NCBs - Non-financial flows current prices - Percentage,XDC_R_B1GQ,0,Replace,2020-04-29T15:30:00.000+02:00,
RTD.A.S0.N.F_UMD_CGG_D0.F,A,S0,N,F_UMD_CGG_D0,F,1999,-1.51504,A,F,,,P1Y,S,,,GFS.A.N.I10.W0.S13.S1._Z.B.B9._Z._Z._Z.XDC_R_B1GQ._Z.S.V.N._T,,,,,,"See <a class=""external"" href=""http://sdw.ecb.europa.eu/web/generator/docu/rtdb_docu.pdf""> notes</a>; block Annual; series: B",,4,,,"Government deficit(-) or surplus(+), percent of GDP",Euro area (moving concept in the Real Time database context) - Deficit/surplus without UMTS proceeds - All sectors/ unspecified/ not applicable (ESA2010)-NCBs - General government (ESA2010)-NCBs - Non-financial flows current prices - Percentage,XDC_R_B1GQ,0,Replace,2020-04-29T15:30:00.000+02:00,
RTD.A.S0.N.F_UMD_CGG_D0.F,A,S0,N,F_UMD_CGG_D0,F,2000,-1.28523,A,F,,,P1Y,S,,,GFS.A.N.I10.W0.S13.S1._Z.B.B9._Z._Z._Z.XDC_R_B1GQ._Z.S.V.N._T,,,,,,"See <a class=""external"" href=""http://sdw.ecb.europa.eu/web/generator/docu/rtdb_docu.pdf""> notes</a>; block Annual; series: B",,4,,,"Government deficit(-) or surplus(+), percent of GDP",Euro area (moving concept in the Real Time database context) - Deficit/surplus without UMTS proceeds - All sectors/ unspecified/ not applicable (ESA2010)-NCBs - General government (ESA2010)-NCBs - Non-financial flows current prices - Percentage,XDC_R_B1GQ,0,Replace,2020-04-29T15:30:00.000+02:00,
RTD.A.S0.N.F_UMD_CGG_D0.F,A,S0,N,F_UMD_CGG_D0,F,2001,-1.96375,A,F,,,P1Y,S,,,GFS.A.N.I10.W0.S13.S1._Z.B.B9._Z._Z._Z.XDC_R_B1GQ._Z.S.V.N._T,,,,,,"See <a class=""external"" href=""http://sdw.ecb.europa.eu/web/generator/docu/rtdb_docu.pdf""> notes</a>; block Annual; series: B",,4,,,"Government deficit(-) or surplus(+), percent of GDP",Euro area (moving concept in the Real Time database context) - Deficit/surplus without UMTS proceeds - All sectors/ unspecified/ not applicable (ESA2010)-NCBs - General government (ESA2010)-NCBs - Non-financial flows current prices - Percentage,XDC_R_B1GQ,0,Replace,2020-04-29T15:30:00.000+02:00,
RTD.A.S0.N.F_UMD_CGG_D0.F,A,S0,N,F_UMD_CGG_D0,F,2002,-2.68016,A,F,,,P1Y,S,,,GFS.A.N.I10.W0.S13.S1._Z.B.B9._Z._Z._Z.XDC_R_B1GQ._Z.S.V.N._T,,,,,,"See <a class=""external"" href=""http://sdw.ecb.europa.eu/web/generator/docu/rtdb_docu.pdf""> notes</a>; block Annual; series: B",,4,,,"Government deficit(-) or surplus(+), percent of GDP",Euro area (moving concept in the Real Time database context) - Deficit/surplus without UMTS proceeds - All sectors/ unspecified/ not applicable (ESA2010)-NCBs - General government (ESA2010)-NCBs - Non-financial flows current prices - Percentage,XDC_R_B1GQ,0,Replace,2020-04-29T15:30:00.000+02:00,
RTD.A.S0.N.F_UMD_CGG_D0.F,A,S0,N,F_UMD_CGG_D0,F,2003,-3.09156,A,F,,,P1Y,S,,,GFS.A.N.I10.W0.S13.S1._Z.B.B9._Z._Z._Z.XDC_R_B1GQ._Z.S.V.N._T,,,,,,"See <a class=""external"" href=""http://sdw.ecb.europa.eu/web/generator/docu/rtdb_docu.pdf""> notes</a>; block Annual; series: B",,4,,,"Government deficit(-) or surplus(+), percent of GDP",Euro area (moving concept in the Real Time database context) - Deficit/surplus without UMTS proceeds - All sectors/ unspecified/ not applicable (ESA2010)-NCBs - General government (ESA2010)-NCBs - Non-financial flows current prices - Percentage,XDC_R_B1GQ,0,Replace,2020-04-29T15:30:00.000+02:00,
RTD.A.S0.N.F_UMD_CGG_D0.F,A,S0,N,F_UMD_CGG_D0,F,2004,-2.86472,A,F,,,P1Y,S,,,GFS.A.N.I10.W0.S13.S1._Z.B.B9._Z._Z._Z.XDC_R_B1GQ._Z.S.V.N._T,,,,,,"See <a class=""external"" href=""http://sdw.ecb.europa.eu/web/generator/docu/rtdb_docu.pdf""> notes</a>; block Annual; series: B",,4,,,"Government deficit(-) or surplus(+), percent of GDP",Euro area (moving concept in the Real Time database context) - Deficit/surplus without UMTS proceeds - All sectors/ unspecified/ not applicable (ESA2010)-NCBs - General government (ESA2010)-NCBs - Non-financial flows current prices - Percentage,XDC_R_B1GQ,0,Replace,2020-04-29T15:30:00.000+02:00,
RTD.A.S0.N.F_UMD_CGG_D0.F,A,S0,N,F_UMD_CGG_D0,F,2005,-2.59073,A,F,,,P1Y,S,,,GFS.A.N.I10.W0.S13.S1._Z.B.B9._Z._Z._Z.XDC_R_B1GQ._Z.S.V.N._T,,,,,,"See <a class=""external"" href=""http://sdw.ecb.europa.eu/web/generator/docu/rtdb_docu.pdf""> notes</a>; block Annual; series: B",,4,,,"Government deficit(-) or surplus(+), percent of GDP",Euro area (moving concept in the Real Time database context) - Deficit/surplus without UMTS proceeds - All sectors/ unspecified/ not applicable (ESA2010)-NCBs - General government (ESA2010)-NCBs - Non-financial flows current prices - Percentage,XDC_R_B1GQ,0,Replace,2020-04-29T15:30:00.000+02:00,
RTD.A.S0.N.F_UMD_CGG_D0.F,A,S0,N,F_UMD_CGG_D0,F,2006,-1.51109,A,F,,,P1Y,S,,,GFS.A.N.I10.W0.S13.S1._Z.B.B9._Z._Z._Z.XDC_R_B1GQ._Z.S.V.N._T,,,,,,"See <a class=""external"" href=""http://sdw.ecb.europa.eu/web/generator/docu/rtdb_docu.pdf""> notes</a>; block Annual; series: B",,4,,,"Government deficit(-) or surplus(+), percent of GDP",Euro area (moving concept in the Real Time database context) - Deficit/surplus without UMTS proceeds - All sectors/ unspecified/ not applicable (ESA2010)-NCBs - General government (ESA2010)-NCBs - Non-financial flows current prices - Percentage,XDC_R_B1GQ,0,Replace,2020-04-29T15:30:00.000+02:00,
RTD.A.S0.N.F_UMD_CGG_D0.F,A,S0,N,F_UMD_CGG_D0,F,2007,-0.63825,A,F,,,P1Y,S,,,GFS.A.N.I10.W0.S13.S1._Z.B.B9._Z._Z._Z.XDC_R_B1GQ._Z.S.V.N._T,,,,,,"See <a class=""external"" href=""http://sdw.ecb.europa.eu/web/generator/docu/rtdb_docu.pdf""> notes</a>; block Annual; series: B",,4,,,"Government deficit(-) or surplus(+), percent of GDP",Euro area (moving concept in the Real Time database context) - Deficit/surplus without UMTS proceeds - All sectors/ unspecified/ not applicable (ESA2010)-NCBs - General government (ESA2010)-NCBs - Non-financial flows current prices - Percentage,XDC_R_B1GQ,0,Replace,2020-04-29T15:30:00.000+02:00,
RTD.A.S0.N.F_UMD_CGG_D0.F,A,S0,N,F_UMD_CGG_D0,F,2008,-2.15546,A,F,,,P1Y,S,,,GFS.A.N.I10.W0.S13.S1._Z.B.B9._Z._Z._Z.XDC_R_B1GQ._Z.S.V.N._T,,,,,,"See <a class=""external"" href=""http://sdw.ecb.europa.eu/web/generator/docu/rtdb_docu.pdf""> notes</a>; block Annual; series: B",,4,,,"Government deficit(-) or surplus(+), percent of GDP",Euro area (moving concept in the Real Time database context) - Deficit/surplus without UMTS proceeds - All sectors/ unspecified/ not applicable (ESA2010)-NCBs - General government (ESA2010)-NCBs - Non-financial flows current prices - Percentage,XDC_R_B1GQ,0,Replace,2020-04-29T15:30:00.000+02:00,
RTD.A.S0.N.F_UMD_CGG_D0.F,A,S0,N,F_UMD_CGG_D0,F,2009,-6.22993,A,F,,,P1Y,S,,,GFS.A.N.I10.W0.S13.S1._Z.B.B9._Z._Z._Z.XDC_R_B1GQ._Z.S.V.N._T,,,,,,"See <a class=""external"" href=""http://sdw.ecb.europa.eu/web/generator/docu/rtdb_docu.pdf""> notes</a>; block Annual; series: B",,4,,,"Government deficit(-) or surplus(+), percent of GDP",Euro area (moving concept in the Real Time database context) - Deficit/surplus without UMTS proceeds - All sectors/ unspecified/ not applicable (ESA2010)-NCBs - General government (ESA2010)-NCBs - Non-financial flows current prices - Percentage,XDC_R_B1GQ,0,Replace,2020-04-29T15:30:00.000+02:00,
RTD.A.S0.N.F_UMD_CGG_D0.F,A,S0,N,F_UMD_CGG_D0,F,2010,-6.2702,A,F,,,P1Y,S,,,GFS.A.N.I10.W0.S13.S1._Z.B.B9._Z._Z._Z.XDC_R_B1GQ._Z.S.V.N._T,,,,,,"See <a class=""external"" href=""http://sdw.ecb.europa.eu/web/generator/docu/rtdb_docu.pdf""> notes</a>; block Annual; series: B",,4,,,"Government deficit(-) or surplus(+), percent of GDP",Euro area (moving concept in the Real Time database context) - Deficit/surplus without UMTS proceeds - All sectors/ unspecified/ not applicable (ESA2010)-NCBs - General government (ESA2010)-NCBs - Non-financial flows current prices - Percentage,XDC_R_B1GQ,0,Replace,2020-04-29T15:30:00.000+02:00,
RTD.A.S0.N.F_UMD_CGG_D0.F,A,S0,N,F_UMD_CGG_D0,F,2011,-4.23038,A,F,,,P1Y,S,,,GFS.A.N.I10.W0.S13.S1._Z.B.B9._Z._Z._Z.XDC_R_B1GQ._Z.S.V.N._T,,,,,,"See <a class=""external"" href=""http://sdw.ecb.europa.eu/web/generator/docu/rtdb_docu.pdf""> notes</a>; block Annual; series: B",,4,,,"Government deficit(-) or surplus(+), percent of GDP",Euro area (moving concept in the Real Time database context) - Deficit/surplus without UMTS proceeds - All sectors/ unspecified/ not applicable (ESA2010)-NCBs - General government (ESA2010)-NCBs - Non-financial flows current prices - Percentage,XDC_R_B1GQ,0,Replace,2020-04-29T15:30:00.000+02:00,
RTD.A.S0.N.F_UMD_CGG_D0.F,A,S0,N,F_UMD_CGG_D0,F,2012,-3.70666,A,F,,,P1Y,S,,,GFS.A.N.I10.W0.S13.S1._Z.B.B9._Z._Z._Z.XDC_R_B1GQ._Z.S.V.N._T,,,,,,"See <a class=""external"" href=""http://sdw.ecb.europa.eu/web/generator/docu/rtdb_docu.pdf""> notes</a>; block Annual; series: B",,4,,,"Government deficit(-) or surplus(+), percent of GDP",Euro area (moving concept in the Real Time database context) - Deficit/surplus without UMTS proceeds - All sectors/ unspecified/ not applicable (ESA2010)-NCBs - General government (ESA2010)-NCBs - Non-financial flows current prices - Percentage,XDC_R_B1GQ,0,Replace,2020-04-29T15:30:00.000+02:00,
RTD.A.S0.N.F_UMD_CGG_D0.F,A,S0,N,F_UMD_CGG_D0,F,2013,-3.01301,A,F,,,P1Y,S,,,GFS.A.N.I10.W0.S13.S1._Z.B.B9._Z._Z._Z.XDC_R_B1GQ._Z.S.V.N._T,,,,,,"See <a class=""external"" href=""http://sdw.ecb.europa.eu/web/generator/docu/rtdb_docu.pdf""> notes</a>; block Annual; series: B",,4,,,"Government deficit(-) or surplus(+), percent of GDP",Euro area (moving concept in the Real Time database context) - Deficit/surplus without UMTS proceeds - All sectors/ unspecified/ not applicable (ESA2010)-NCBs - General government (ESA2010)-NCBs - Non-financial flows current prices - Percentage,XDC_R_B1GQ,0,Replace,2020-04-29T15:30:00.000+02:00,
RTD.A.S0.N.F_UMD_CGG_D0.F,A,S0,N,F_UMD_CGG_D0,F,2014,-2.46065,A,F,,,P1Y,S,,,GFS.A.N.I10.W0.S13.S1._Z.B.B9._Z._Z._Z.XDC_R_B1GQ._Z.S.V.N._T,,,,,,"See <a class=""external"" href=""http://sdw.ecb.europa.eu/web/generator/docu/rtdb_docu.pdf""> notes</a>; block Annual; series: B",,4,,,"Government deficit(-) or surplus(+), percent of GDP",Euro area (moving concept in the Real Time database context) - Deficit/surplus without UMTS proceeds - All sectors/ unspecified/ not applicable (ESA2010)-NCBs - General government (ESA2010)-NCBs - Non-financial flows current prices - Percentage,XDC_R_B1GQ,0,Replace,2020-04-29T15:30:00.000+02:00,
RTD.A.S0.N.F_UMD_CGG_D0.F,A,S0,N,F_UMD_CGG_D0,F,2015,-1.97793,A,F,,,P1Y,S,,,GFS.A.N.I10.W0.S13.S1._Z.B.B9._Z._Z._Z.XDC_R_B1GQ._Z.S.V.N._T,,,,,,"See <a class=""external"" href=""http://sdw.ecb.europa.eu/web/generator/docu/rtdb_docu.pdf""> notes</a>; block Annual; series: B",,4,,,"Government deficit(-) or surplus(+), percent of GDP",Euro area (moving concept in the Real Time database context) - Deficit/surplus without UMTS proceeds - All sectors/ unspecified/ not applicable (ESA2010)-NCBs - General government (ESA2010)-NCBs - Non-financial flows current prices - Percentage,XDC_R_B1GQ,0,Replace,2020-04-29T15:30:00.000+02:00,
RTD.A.S0.N.F_UMD_CGG_D0.F,A,S0,N,F_UMD_CGG_D0,F,2016,-1.45875,A,F,,,P1Y,S,,,GFS.A.N.I10.W0.S13.S1._Z.B.B9._Z._Z._Z.XDC_R_B1GQ._Z.S.V.N._T,,,,,,"See <a class=""external"" href=""http://sdw.ecb.europa.eu/web/generator/docu/rtdb_docu.pdf""> notes</a>; block Annual; series: B",,4,,,"Government deficit(-) or surplus(+), percent of GDP",Euro area (moving concept in the Real Time database context) - Deficit/surplus without UMTS proceeds - All sectors/ unspecified/ not applicable (ESA2010)-NCBs - General government (ESA2010)-NCBs - Non-financial flows current prices - Percentage,XDC_R_B1GQ,0,Replace,2020-04-29T15:30:00.000+02:00,
RTD.A.S0.N.F_UMD_CGG_D0.F,A,S0,N,F_UMD_CGG_D0,F,2017,-0.96406,A,F,,,P1Y,S,,,GFS.A.N.I10.W0.S13.S1._Z.B.B9._Z._Z._Z.XDC_R_B1GQ._Z.S.V.N._T,,,,,,"See <a class=""external"" href=""http://sdw.ecb.europa.eu/web/generator/docu/rtdb_docu.pdf""> notes</a>; block Annual; series: B",,4,,,"Government deficit(-) or surplus(+), percent of GDP",Euro area (moving concept in the Real Time database context) - Deficit/surplus without UMTS proceeds - All sectors/ unspecified/ not applicable (ESA2010)-NCBs - General government (ESA2010)-NCBs - Non-financial flows current prices - Percentage,XDC_R_B1GQ,0,Replace,2020-04-29T15:30:00.000+02:00,
RTD.A.S0.N.F_UMD_CGG_D0.F,A,S0,N,F_UMD_CGG_D0,F,2018,-0.45804,A,F,,,P1Y,S,,,GFS.A.N.I10.W0.S13.S1._Z.B.B9._Z._Z._Z.XDC_R_B1GQ._Z.S.V.N._T,,,,,,"See <a class=""external"" href=""http://sdw.ecb.europa.eu/web/generator/docu/rtdb_docu.pdf""> notes</a>; block Annual; series: B",,4,,,"Government deficit(-) or surplus(+), percent of GDP",Euro area (moving concept in the Real Time database context) - Deficit/surplus without UMTS proceeds - All sectors/ unspecified/ not applicable (ESA2010)-NCBs - General government (ESA2010)-NCBs - Non-financial flows current prices - Percentage,XDC_R_B1GQ,0,Replace,2020-04-29T15:30:00.000+02:00,
RTD.A.S0.N.F_UMD_CGG_D0.F,A,S0,N,F_UMD_CGG_D0,F,2019,-0.64621,A,F,,,P1Y,S,,,GFS.A.N.I10.W0.S13.S1._Z.B.B9._Z._Z._Z.XDC_R_B1GQ._Z.S.V.N._T,,,,,,"See <a class=""external"" href=""http://sdw.ecb.europa.eu/web/generator/docu/rtdb_docu.pdf""> notes</a>; block Annual; series: B",,4,,,"Government deficit(-) or surplus(+), percent of GDP",Euro area (moving concept in the Real Time database context) - Deficit/surplus without UMTS proceeds - All sectors/ unspecified/ not applicable (ESA2010)-NCBs - General government (ESA2010)-NCBs - Non-financial flows current prices - Percentage,XDC_R_B1GQ,0,Replace,2020-04-29T15:30:00.000+02:00,
RTD.A.S0.N.F_UMD_CGG_D0.F,A,S0,N,F_UMD_CGG_D0,F,2016,-1.45876,A,F,,,P1Y,S,,,GFS.A.N.I10.W0.S13.S1._Z.B.B9._Z._Z._Z.XDC_R_B1GQ._Z.S.V.N._T,,,,,,"See <a class=""external"" href=""http://sdw.ecb.europa.eu/web/generator/docu/rtdb_docu.pdf""> notes</a>; block Annual; series: B",,4,,,"Government deficit(-) or surplus(+), percent of GDP",Euro area (moving concept in the Real Time database context) - Deficit/surplus without UMTS proceeds - All sectors/ unspecified/ not applicable (ESA2010)-NCBs - General government (ESA2010)-NCBs - Non-financial flows current prices - Percentage,XDC_R_B1GQ,0,Replace,2020-06-03T15:30:00.000+02:00,
RTD.A.S0.N.F_UMD_CGG_D0.F,A,S0,N,F_UMD_CGG_D0,F,2017,-0.96409,A,F,,,P1Y,S,,,GFS.A.N.I10.W0.S13.S1._Z.B.B9._Z._Z._Z.XDC_R_B1GQ._Z.S.V.N._T,,,,,,"See <a class=""external"" href=""http://sdw.ecb.europa.eu/web/generator/docu/rtdb_docu.pdf""> notes</a>; block Annual; series: B",,4,,,"Government deficit(-) or surplus(+), percent of GDP",Euro area (moving concept in the Real Time database context) - Deficit/surplus without UMTS proceeds - All sectors/ unspecified/ not applicable (ESA2010)-NCBs - General government (ESA2010)-NCBs - Non-financial flows current prices - Percentage,XDC_R_B1GQ,0,Replace,2020-06-03T15:30:00.000+02:00,
RTD.A.S0.N.F_UMD_CGG_D0.F,A,S0,N,F_UMD_CGG_D0,F,2018,-0.45806,A,F,,,P1Y,S,,,GFS.A.N.I10.W0.S13.S1._Z.B.B9._Z._Z._Z.XDC_R_B1GQ._Z.S.V.N._T,,,,,,"See <a class=""external"" href=""http://sdw.ecb.europa.eu/web/generator/docu/rtdb_docu.pdf""> notes</a>; block Annual; series: B",,4,,,"Government deficit(-) or surplus(+), percent of GDP",Euro area (moving concept in the Real Time database context) - Deficit/surplus without UMTS proceeds - All sectors/ unspecified/ not applicable (ESA2010)-NCBs - General government (ESA2010)-NCBs - Non-financial flows current prices - Percentage,XDC_R_B1GQ,0,Replace,2020-06-03T15:30:00.000+02:00,
RTD.A.S0.N.F_UMD_CGG_D0.F,A,S0,N,F_UMD_CGG_D0,F,2019,-0.64624,A,F,,,P1Y,S,,,GFS.A.N.I10.W0.S13.S1._Z.B.B9._Z._Z._Z.XDC_R_B1GQ._Z.S.V.N._T,,,,,,"See <a class=""external"" href=""http://sdw.ecb.europa.eu/web/generator/docu/rtdb_docu.pdf""> notes</a>; block Annual; series: B",,4,,,"Government deficit(-) or surplus(+), percent of GDP",Euro area (moving concept in the Real Time database context) - Deficit/surplus without UMTS proceeds - All sectors/ unspecified/ not applicable (ESA2010)-NCBs - General government (ESA2010)-NCBs - Non-financial flows current prices - Percentage,XDC_R_B1GQ,0,Replace,2020-06-03T15:30:00.000+02:00,
RTD.A.S0.N.F_UMD_CGG_D0.F,A,S0,N,F_UMD_CGG_D0,F,1995,-7.265,A,F,,,P1Y,S,,,GFS.A.N.I10.W0.S13.S1._Z.B.B9._Z._Z._Z.XDC_R_B1GQ._Z.S.V.N._T,,,,,,"See <a class=""external"" href=""http://sdw.ecb.europa.eu/web/generator/docu/rtdb_docu.pdf""> notes</a>; block Annual; series: B",,4,,,"Government deficit(-) or surplus(+), percent of GDP",Euro area (moving concept in the Real Time database context) - Deficit/surplus without UMTS proceeds - All sectors/ unspecified/ not applicable (ESA2010)-NCBs - General government (ESA2010)-NCBs - Non-financial flows current prices - Percentage,XDC_R_B1GQ,0,Replace,2020-07-15T15:30:00.000+02:00,
RTD.A.S0.N.F_UMD_CGG_D0.F,A,S0,N,F_UMD_CGG_D0,F,1996,-4.352,A,F,,,P1Y,S,,,GFS.A.N.I10.W0.S13.S1._Z.B.B9._Z._Z._Z.XDC_R_B1GQ._Z.S.V.N._T,,,,,,"See <a class=""external"" href=""http://sdw.ecb.europa.eu/web/generator/docu/rtdb_docu.pdf""> notes</a>; block Annual; series: B",,4,,,"Government deficit(-) or surplus(+), percent of GDP",Euro area (moving concept in the Real Time database context) - Deficit/surplus without UMTS proceeds - All sectors/ unspecified/ not applicable (ESA2010)-NCBs - General government (ESA2010)-NCBs - Non-financial flows current prices - Percentage,XDC_R_B1GQ,0,Replace,2020-07-15T15:30:00.000+02:00,
RTD.A.S0.N.F_UMD_CGG_D0.F,A,S0,N,F_UMD_CGG_D0,F,1997,-2.948,A,F,,,P1Y,S,,,GFS.A.N.I10.W0.S13.S1._Z.B.B9._Z._Z._Z.XDC_R_B1GQ._Z.S.V.N._T,,,,,,"See <a class=""external"" href=""http://sdw.ecb.europa.eu/web/generator/docu/rtdb_docu.pdf""> notes</a>; block Annual; series: B",,4,,,"Government deficit(-) or surplus(+), percent of GDP",Euro area (moving concept in the Real Time database context) - Deficit/surplus without UMTS proceeds - All sectors/ unspecified/ not applicable (ESA2010)-NCBs - General government (ESA2010)-NCBs - Non-financial flows current prices - Percentage,XDC_R_B1GQ,0,Replace,2020-07-15T15:30:00.000+02:00,
RTD.A.S0.N.F_UMD_CGG_D0.F,A,S0,N,F_UMD_CGG_D0,F,1998,-2.429,A,F,,,P1Y,S,,,GFS.A.N.I10.W0.S13.S1._Z.B.B9._Z._Z._Z.XDC_R_B1GQ._Z.S.V.N._T,,,,,,"See <a class=""external"" href=""http://sdw.ecb.europa.eu/web/generator/docu/rtdb_docu.pdf""> notes</a>; block Annual; series: B",,4,,,"Government deficit(-) or surplus(+), percent of GDP",Euro area (moving concept in the Real Time database context) - Deficit/surplus without UMTS proceeds - All sectors/ unspecified/ not applicable (ESA2010)-NCBs - General government (ESA2010)-NCBs - Non-financial flows current prices - Percentage,XDC_R_B1GQ,0,Replace,2020-07-15T15:30:00.000+02:00,
RTD.A.S0.N.F_UMD_CGG_D0.F,A,S0,N,F_UMD_CGG_D0,F,1999,-1.515,A,F,,,P1Y,S,,,GFS.A.N.I10.W0.S13.S1._Z.B.B9._Z._Z._Z.XDC_R_B1GQ._Z.S.V.N._T,,,,,,"See <a class=""external"" href=""http://sdw.ecb.europa.eu/web/generator/docu/rtdb_docu.pdf""> notes</a>; block Annual; series: B",,4,,,"Government deficit(-) or surplus(+), percent of GDP",Euro area (moving concept in the Real Time database context) - Deficit/surplus without UMTS proceeds - All sectors/ unspecified/ not applicable (ESA2010)-NCBs - General government (ESA2010)-NCBs - Non-financial flows current prices - Percentage,XDC_R_B1GQ,0,Replace,2020-07-15T15:30:00.000+02:00,
RTD.A.S0.N.F_UMD_CGG_D0.F,A,S0,N,F_UMD_CGG_D0,F,2000,-1.285,A,F,,,P1Y,S,,,GFS.A.N.I10.W0.S13.S1._Z.B.B9._Z._Z._Z.XDC_R_B1GQ._Z.S.V.N._T,,,,,,"See <a class=""external"" href=""http://sdw.ecb.europa.eu/web/generator/docu/rtdb_docu.pdf""> notes</a>; block Annual; series: B",,4,,,"Government deficit(-) or surplus(+), percent of GDP",Euro area (moving concept in the Real Time database context) - Deficit/surplus without UMTS proceeds - All sectors/ unspecified/ not applicable (ESA2010)-NCBs - General government (ESA2010)-NCBs - Non-financial flows current prices - Percentage,XDC_R_B1GQ,0,Replace,2020-07-15T15:30:00.000+02:00,
RTD.A.S0.N.F_UMD_CGG_D0.F,A,S0,N,F_UMD_CGG_D0,F,2001,-1.964,A,F,,,P1Y,S,,,GFS.A.N.I10.W0.S13.S1._Z.B.B9._Z._Z._Z.XDC_R_B1GQ._Z.S.V.N._T,,,,,,"See <a class=""external"" href=""http://sdw.ecb.europa.eu/web/generator/docu/rtdb_docu.pdf""> notes</a>; block Annual; series: B",,4,,,"Government deficit(-) or surplus(+), percent of GDP",Euro area (moving concept in the Real Time database context) - Deficit/surplus without UMTS proceeds - All sectors/ unspecified/ not applicable (ESA2010)-NCBs - General government (ESA2010)-NCBs - Non-financial flows current prices - Percentage,XDC_R_B1GQ,0,Replace,2020-07-15T15:30:00.000+02:00,
RTD.A.S0.N.F_UMD_CGG_D0.F,A,S0,N,F_UMD_CGG_D0,F,2002,-2.68,A,F,,,P1Y,S,,,GFS.A.N.I10.W0.S13.S1._Z.B.B9._Z._Z._Z.XDC_R_B1GQ._Z.S.V.N._T,,,,,,"See <a class=""external"" href=""http://sdw.ecb.europa.eu/web/generator/docu/rtdb_docu.pdf""> notes</a>; block Annual; series: B",,4,,,"Government deficit(-) or surplus(+), percent of GDP",Euro area (moving concept in the Real Time database context) - Deficit/surplus without UMTS proceeds - All sectors/ unspecified/ not applicable (ESA2010)-NCBs - General government (ESA2010)-NCBs - Non-financial flows current prices - Percentage,XDC_R_B1GQ,0,Replace,2020-07-15T15:30:00.000+02:00,
RTD.A.S0.N.F_UMD_CGG_D0.F,A,S0,N,F_UMD_CGG_D0,F,2003,-3.092,A,F,,,P1Y,S,,,GFS.A.N.I10.W0.S13.S1._Z.B.B9._Z._Z._Z.XDC_R_B1GQ._Z.S.V.N._T,,,,,,"See <a class=""external"" href=""http://sdw.ecb.europa.eu/web/generator/docu/rtdb_docu.pdf""> notes</a>; block Annual; series: B",,4,,,"Government deficit(-) or surplus(+), percent of GDP",Euro area (moving concept in the Real Time database context) - Deficit/surplus without UMTS proceeds - All sectors/ unspecified/ not applicable (ESA2010)-NCBs - General government (ESA2010)-NCBs - Non-financial flows current prices - Percentage,XDC_R_B1GQ,0,Replace,2020-07-15T15:30:00.000+02:00,
RTD.A.S0.N.F_UMD_CGG_D0.F,A,S0,N,F_UMD_CGG_D0,F,2004,-2.865,A,F,,,P1Y,S,,,GFS.A.N.I10.W0.S13.S1._Z.B.B9._Z._Z._Z.XDC_R_B1GQ._Z.S.V.N._T,,,,,,"See <a class=""external"" href=""http://sdw.ecb.europa.eu/web/generator/docu/rtdb_docu.pdf""> notes</a>; block Annual; series: B",,4,,,"Government deficit(-) or surplus(+), percent of GDP",Euro area (moving concept in the Real Time database context) - Deficit/surplus without UMTS proceeds - All sectors/ unspecified/ not applicable (ESA2010)-NCBs - General government (ESA2010)-NCBs - Non-financial flows current prices - Percentage,XDC_R_B1GQ,0,Replace,2020-07-15T15:30:00.000+02:00,
RTD.A.S0.N.F_UMD_CGG_D0.F,A,S0,N,F_UMD_CGG_D0,F,2005,-2.591,A,F,,,P1Y,S,,,GFS.A.N.I10.W0.S13.S1._Z.B.B9._Z._Z._Z.XDC_R_B1GQ._Z.S.V.N._T,,,,,,"See <a class=""external"" href=""http://sdw.ecb.europa.eu/web/generator/docu/rtdb_docu.pdf""> notes</a>; block Annual; series: B",,4,,,"Government deficit(-) or surplus(+), percent of GDP",Euro area (moving concept in the Real Time database context) - Deficit/surplus without UMTS proceeds - All sectors/ unspecified/ not applicable (ESA2010)-NCBs - General government (ESA2010)-NCBs - Non-financial flows current prices - Percentage,XDC_R_B1GQ,0,Replace,2020-07-15T15:30:00.000+02:00,
RTD.A.S0.N.F_UMD_CGG_D0.F,A,S0,N,F_UMD_CGG_D0,F,2006,-1.511,A,F,,,P1Y,S,,,GFS.A.N.I10.W0.S13.S1._Z.B.B9._Z._Z._Z.XDC_R_B1GQ._Z.S.V.N._T,,,,,,"See <a class=""external"" href=""http://sdw.ecb.europa.eu/web/generator/docu/rtdb_docu.pdf""> notes</a>; block Annual; series: B",,4,,,"Government deficit(-) or surplus(+), percent of GDP",Euro area (moving concept in the Real Time database context) - Deficit/surplus without UMTS proceeds - All sectors/ unspecified/ not applicable (ESA2010)-NCBs - General government (ESA2010)-NCBs - Non-financial flows current prices - Percentage,XDC_R_B1GQ,0,Replace,2020-07-15T15:30:00.000+02:00,
RTD.A.S0.N.F_UMD_CGG_D0.F,A,S0,N,F_UMD_CGG_D0,F,2007,-0.638,A,F,,,P1Y,S,,,GFS.A.N.I10.W0.S13.S1._Z.B.B9._Z._Z._Z.XDC_R_B1GQ._Z.S.V.N._T,,,,,,"See <a class=""external"" href=""http://sdw.ecb.europa.eu/web/generator/docu/rtdb_docu.pdf""> notes</a>; block Annual; series: B",,4,,,"Government deficit(-) or surplus(+), percent of GDP",Euro area (moving concept in the Real Time database context) - Deficit/surplus without UMTS proceeds - All sectors/ unspecified/ not applicable (ESA2010)-NCBs - General government (ESA2010)-NCBs - Non-financial flows current prices - Percentage,XDC_R_B1GQ,0,Replace,2020-07-15T15:30:00.000+02:00,
RTD.A.S0.N.F_UMD_CGG_D0.F,A,S0,N,F_UMD_CGG_D0,F,2008,-2.155,A,F,,,P1Y,S,,,GFS.A.N.I10.W0.S13.S1._Z.B.B9._Z._Z._Z.XDC_R_B1GQ._Z.S.V.N._T,,,,,,"See <a class=""external"" href=""http://sdw.ecb.europa.eu/web/generator/docu/rtdb_docu.pdf""> notes</a>; block Annual; series: B",,4,,,"Government deficit(-) or surplus(+), percent of GDP",Euro area (moving concept in the Real Time database context) - Deficit/surplus without UMTS proceeds - All sectors/ unspecified/ not applicable (ESA2010)-NCBs - General government (ESA2010)-NCBs - Non-financial flows current prices - Percentage,XDC_R_B1GQ,0,Replace,2020-07-15T15:30:00.000+02:00,
RTD.A.S0.N.F_UMD_CGG_D0.F,A,S0,N,F_UMD_CGG_D0,F,2009,-6.23,A,F,,,P1Y,S,,,GFS.A.N.I10.W0.S13.S1._Z.B.B9._Z._Z._Z.XDC_R_B1GQ._Z.S.V.N._T,,,,,,"See <a class=""external"" href=""http://sdw.ecb.europa.eu/web/generator/docu/rtdb_docu.pdf""> notes</a>; block Annual; series: B",,4,,,"Government deficit(-) or surplus(+), percent of GDP",Euro area (moving concept in the Real Time database context) - Deficit/surplus without UMTS proceeds - All sectors/ unspecified/ not applicable (ESA2010)-NCBs - General government (ESA2010)-NCBs - Non-financial flows current prices - Percentage,XDC_R_B1GQ,0,Replace,2020-07-15T15:30:00.000+02:00,
RTD.A.S0.N.F_UMD_CGG_D0.F,A,S0,N,F_UMD_CGG_D0,F,2010,-6.27,A,F,,,P1Y,S,,,GFS.A.N.I10.W0.S13.S1._Z.B.B9._Z._Z._Z.XDC_R_B1GQ._Z.S.V.N._T,,,,,,"See <a class=""external"" href=""http://sdw.ecb.europa.eu/web/generator/docu/rtdb_docu.pdf""> notes</a>; block Annual; series: B",,4,,,"Government deficit(-) or surplus(+), percent of GDP",Euro area (moving concept in the Real Time database context) - Deficit/surplus without UMTS proceeds - All sectors/ unspecified/ not applicable (ESA2010)-NCBs - General government (ESA2010)-NCBs - Non-financial flows current prices - Percentage,XDC_R_B1GQ,0,Replace,2020-07-15T15:30:00.000+02:00,
RTD.A.S0.N.F_UMD_CGG_D0.F,A,S0,N,F_UMD_CGG_D0,F,2011,-4.23,A,F,,,P1Y,S,,,GFS.A.N.I10.W0.S13.S1._Z.B.B9._Z._Z._Z.XDC_R_B1GQ._Z.S.V.N._T,,,,,,"See <a class=""external"" href=""http://sdw.ecb.europa.eu/web/generator/docu/rtdb_docu.pdf""> notes</a>; block Annual; series: B",,4,,,"Government deficit(-) or surplus(+), percent of GDP",Euro area (moving concept in the Real Time database context) - Deficit/surplus without UMTS proceeds - All sectors/ unspecified/ not applicable (ESA2010)-NCBs - General government (ESA2010)-NCBs - Non-financial flows current prices - Percentage,XDC_R_B1GQ,0,Replace,2020-07-15T15:30:00.000+02:00,
RTD.A.S0.N.F_UMD_CGG_D0.F,A,S0,N,F_UMD_CGG_D0,F,2012,-3.707,A,F,,,P1Y,S,,,GFS.A.N.I10.W0.S13.S1._Z.B.B9._Z._Z._Z.XDC_R_B1GQ._Z.S.V.N._T,,,,,,"See <a class=""external"" href=""http://sdw.ecb.europa.eu/web/generator/docu/rtdb_docu.pdf""> notes</a>; block Annual; series: B",,4,,,"Government deficit(-) or surplus(+), percent of GDP",Euro area (moving concept in the Real Time database context) - Deficit/surplus without UMTS proceeds - All sectors/ unspecified/ not applicable (ESA2010)-NCBs - General government (ESA2010)-NCBs - Non-financial flows current prices - Percentage,XDC_R_B1GQ,0,Replace,2020-07-15T15:30:00.000+02:00,
RTD.A.S0.N.F_UMD_CGG_D0.F,A,S0,N,F_UMD_CGG_D0,F,2013,-3.013,A,F,,,P1Y,S,,,GFS.A.N.I10.W0.S13.S1._Z.B.B9._Z._Z._Z.XDC_R_B1GQ._Z.S.V.N._T,,,,,,"See <a class=""external"" href=""http://sdw.ecb.europa.eu/web/generator/docu/rtdb_docu.pdf""> notes</a>; block Annual; series: B",,4,,,"Government deficit(-) or surplus(+), percent of GDP",Euro area (moving concept in the Real Time database context) - Deficit/surplus without UMTS proceeds - All sectors/ unspecified/ not applicable (ESA2010)-NCBs - General government (ESA2010)-NCBs - Non-financial flows current prices - Percentage,XDC_R_B1GQ,0,Replace,2020-07-15T15:30:00.000+02:00,
RTD.A.S0.N.F_UMD_CGG_D0.F,A,S0,N,F_UMD_CGG_D0,F,2014,-2.461,A,F,,,P1Y,S,,,GFS.A.N.I10.W0.S13.S1._Z.B.B9._Z._Z._Z.XDC_R_B1GQ._Z.S.V.N._T,,,,,,"See <a class=""external"" href=""http://sdw.ecb.europa.eu/web/generator/docu/rtdb_docu.pdf""> notes</a>; block Annual; series: B",,4,,,"Government deficit(-) or surplus(+), percent of GDP",Euro area (moving concept in the Real Time database context) - Deficit/surplus without UMTS proceeds - All sectors/ unspecified/ not applicable (ESA2010)-NCBs - General government (ESA2010)-NCBs - Non-financial flows current prices - Percentage,XDC_R_B1GQ,0,Replace,2020-07-15T15:30:00.000+02:00,
RTD.A.S0.N.F_UMD_CGG_D0.F,A,S0,N,F_UMD_CGG_D0,F,2015,-1.978,A,F,,,P1Y,S,,,GFS.A.N.I10.W0.S13.S1._Z.B.B9._Z._Z._Z.XDC_R_B1GQ._Z.S.V.N._T,,,,,,"See <a class=""external"" href=""http://sdw.ecb.europa.eu/web/generator/docu/rtdb_docu.pdf""> notes</a>; block Annual; series: B",,4,,,"Government deficit(-) or surplus(+), percent of GDP",Euro area (moving concept in the Real Time database context) - Deficit/surplus without UMTS proceeds - All sectors/ unspecified/ not applicable (ESA2010)-NCBs - General government (ESA2010)-NCBs - Non-financial flows current prices - Percentage,XDC_R_B1GQ,0,Replace,2020-07-15T15:30:00.000+02:00,
RTD.A.S0.N.F_UMD_CGG_D0.F,A,S0,N,F_UMD_CGG_D0,F,2016,-1.459,A,F,,,P1Y,S,,,GFS.A.N.I10.W0.S13.S1._Z.B.B9._Z._Z._Z.XDC_R_B1GQ._Z.S.V.N._T,,,,,,"See <a class=""external"" href=""http://sdw.ecb.europa.eu/web/generator/docu/rtdb_docu.pdf""> notes</a>; block Annual; series: B",,4,,,"Government deficit(-) or surplus(+), percent of GDP",Euro area (moving concept in the Real Time database context) - Deficit/surplus without UMTS proceeds - All sectors/ unspecified/ not applicable (ESA2010)-NCBs - General government (ESA2010)-NCBs - Non-financial flows current prices - Percentage,XDC_R_B1GQ,0,Replace,2020-07-15T15:30:00.000+02:00,
RTD.A.S0.N.F_UMD_CGG_D0.F,A,S0,N,F_UMD_CGG_D0,F,2017,-0.964,A,F,,,P1Y,S,,,GFS.A.N.I10.W0.S13.S1._Z.B.B9._Z._Z._Z.XDC_R_B1GQ._Z.S.V.N._T,,,,,,"See <a class=""external"" href=""http://sdw.ecb.europa.eu/web/generator/docu/rtdb_docu.pdf""> notes</a>; block Annual; series: B",,4,,,"Government deficit(-) or surplus(+), percent of GDP",Euro area (moving concept in the Real Time database context) - Deficit/surplus without UMTS proceeds - All sectors/ unspecified/ not applicable (ESA2010)-NCBs - General government (ESA2010)-NCBs - Non-financial flows current prices - Percentage,XDC_R_B1GQ,0,Replace,2020-07-15T15:30:00.000+02:00,
RTD.A.S0.N.F_UMD_CGG_D0.F,A,S0,N,F_UMD_CGG_D0,F,2018,-0.458,A,F,,,P1Y,S,,,GFS.A.N.I10.W0.S13.S1._Z.B.B9._Z._Z._Z.XDC_R_B1GQ._Z.S.V.N._T,,,,,,"See <a class=""external"" href=""http://sdw.ecb.europa.eu/web/generator/docu/rtdb_docu.pdf""> notes</a>; block Annual; series: B",,4,,,"Government deficit(-) or surplus(+), percent of GDP",Euro area (moving concept in the Real Time database context) - Deficit/surplus without UMTS proceeds - All sectors/ unspecified/ not applicable (ESA2010)-NCBs - General government (ESA2010)-NCBs - Non-financial flows current prices - Percentage,XDC_R_B1GQ,0,Replace,2020-07-15T15:30:00.000+02:00,
RTD.A.S0.N.F_UMD_CGG_D0.F,A,S0,N,F_UMD_CGG_D0,F,2019,-0.641,A,F,,,P1Y,S,,,GFS.A.N.I10.W0.S13.S1._Z.B.B9._Z._Z._Z.XDC_R_B1GQ._Z.S.V.N._T,,,,,,"See <a class=""external"" href=""http://sdw.ecb.europa.eu/web/generator/docu/rtdb_docu.pdf""> notes</a>; block Annual; series: B",,4,,,"Government deficit(-) or surplus(+), percent of GDP",Euro area (moving concept in the Real Time database context) - Deficit/surplus without UMTS proceeds - All sectors/ unspecified/ not applicable (ESA2010)-NCBs - General government (ESA2010)-NCBs - Non-financial flows current prices - Percentage,XDC_R_B1GQ,0,Replace,2020-07-15T15:30:00.000+02:00,
RTD.A.S0.N.F_UMD_CGG_D0.F,A,S0,N,F_UMD_CGG_D0,F,1995,-7.26544,A,F,,,P1Y,S,,,GFS.A.N.I10.W0.S13.S1._Z.B.B9._Z._Z._Z.XDC_R_B1GQ._Z.S.V.N._T,,,,,,"See <a class=""external"" href=""http://sdw.ecb.europa.eu/web/generator/docu/rtdb_docu.pdf""> notes</a>; block Annual; series: B",,4,,,"Government deficit(-) or surplus(+), percent of GDP",Euro area (moving concept in the Real Time database context) - Deficit/surplus without UMTS proceeds - All sectors/ unspecified/ not applicable (ESA2010)-NCBs - General government (ESA2010)-NCBs - Non-financial flows current prices - Percentage,XDC_R_B1GQ,0,Replace,2020-09-09T15:30:00.000+02:00,
RTD.A.S0.N.F_UMD_CGG_D0.F,A,S0,N,F_UMD_CGG_D0,F,1996,-4.35237,A,F,,,P1Y,S,,,GFS.A.N.I10.W0.S13.S1._Z.B.B9._Z._Z._Z.XDC_R_B1GQ._Z.S.V.N._T,,,,,,"See <a class=""external"" href=""http://sdw.ecb.europa.eu/web/generator/docu/rtdb_docu.pdf""> notes</a>; block Annual; series: B",,4,,,"Government deficit(-) or surplus(+), percent of GDP",Euro area (moving concept in the Real Time database context) - Deficit/surplus without UMTS proceeds - All sectors/ unspecified/ not applicable (ESA2010)-NCBs - General government (ESA2010)-NCBs - Non-financial flows current prices - Percentage,XDC_R_B1GQ,0,Replace,2020-09-09T15:30:00.000+02:00,
RTD.A.S0.N.F_UMD_CGG_D0.F,A,S0,N,F_UMD_CGG_D0,F,1997,-2.94807,A,F,,,P1Y,S,,,GFS.A.N.I10.W0.S13.S1._Z.B.B9._Z._Z._Z.XDC_R_B1GQ._Z.S.V.N._T,,,,,,"See <a class=""external"" href=""http://sdw.ecb.europa.eu/web/generator/docu/rtdb_docu.pdf""> notes</a>; block Annual; series: B",,4,,,"Government deficit(-) or surplus(+), percent of GDP",Euro area (moving concept in the Real Time database context) - Deficit/surplus without UMTS proceeds - All sectors/ unspecified/ not applicable (ESA2010)-NCBs - General government (ESA2010)-NCBs - Non-financial flows current prices - Percentage,XDC_R_B1GQ,0,Replace,2020-09-09T15:30:00.000+02:00,
RTD.A.S0.N.F_UMD_CGG_D0.F,A,S0,N,F_UMD_CGG_D0,F,1998,-2.42917,A,F,,,P1Y,S,,,GFS.A.N.I10.W0.S13.S1._Z.B.B9._Z._Z._Z.XDC_R_B1GQ._Z.S.V.N._T,,,,,,"See <a class=""external"" href=""http://sdw.ecb.europa.eu/web/generator/docu/rtdb_docu.pdf""> notes</a>; block Annual; series: B",,4,,,"Government deficit(-) or surplus(+), percent of GDP",Euro area (moving concept in the Real Time database context) - Deficit/surplus without UMTS proceeds - All sectors/ unspecified/ not applicable (ESA2010)-NCBs - General government (ESA2010)-NCBs - Non-financial flows current prices - Percentage,XDC_R_B1GQ,0,Replace,2020-09-09T15:30:00.000+02:00,
RTD.A.S0.N.F_UMD_CGG_D0.F,A,S0,N,F_UMD_CGG_D0,F,1999,-1.51504,A,F,,,P1Y,S,,,GFS.A.N.I10.W0.S13.S1._Z.B.B9._Z._Z._Z.XDC_R_B1GQ._Z.S.V.N._T,,,,,,"See <a class=""external"" href=""http://sdw.ecb.europa.eu/web/generator/docu/rtdb_docu.pdf""> notes</a>; block Annual; series: B",,4,,,"Government deficit(-) or surplus(+), percent of GDP",Euro area (moving concept in the Real Time database context) - Deficit/surplus without UMTS proceeds - All sectors/ unspecified/ not applicable (ESA2010)-NCBs - General government (ESA2010)-NCBs - Non-financial flows current prices - Percentage,XDC_R_B1GQ,0,Replace,2020-09-09T15:30:00.000+02:00,
RTD.A.S0.N.F_UMD_CGG_D0.F,A,S0,N,F_UMD_CGG_D0,F,2000,-1.28523,A,F,,,P1Y,S,,,GFS.A.N.I10.W0.S13.S1._Z.B.B9._Z._Z._Z.XDC_R_B1GQ._Z.S.V.N._T,,,,,,"See <a class=""external"" href=""http://sdw.ecb.europa.eu/web/generator/docu/rtdb_docu.pdf""> notes</a>; block Annual; series: B",,4,,,"Government deficit(-) or surplus(+), percent of GDP",Euro area (moving concept in the Real Time database context) - Deficit/surplus without UMTS proceeds - All sectors/ unspecified/ not applicable (ESA2010)-NCBs - General government (ESA2010)-NCBs - Non-financial flows current prices - Percentage,XDC_R_B1GQ,0,Replace,2020-09-09T15:30:00.000+02:00,
RTD.A.S0.N.F_UMD_CGG_D0.F,A,S0,N,F_UMD_CGG_D0,F,2001,-1.96375,A,F,,,P1Y,S,,,GFS.A.N.I10.W0.S13.S1._Z.B.B9._Z._Z._Z.XDC_R_B1GQ._Z.S.V.N._T,,,,,,"See <a class=""external"" href=""http://sdw.ecb.europa.eu/web/generator/docu/rtdb_docu.pdf""> notes</a>; block Annual; series: B",,4,,,"Government deficit(-) or surplus(+), percent of GDP",Euro area (moving concept in the Real Time database context) - Deficit/surplus without UMTS proceeds - All sectors/ unspecified/ not applicable (ESA2010)-NCBs - General government (ESA2010)-NCBs - Non-financial flows current prices - Percentage,XDC_R_B1GQ,0,Replace,2020-09-09T15:30:00.000+02:00,
RTD.A.S0.N.F_UMD_CGG_D0.F,A,S0,N,F_UMD_CGG_D0,F,2002,-2.68016,A,F,,,P1Y,S,,,GFS.A.N.I10.W0.S13.S1._Z.B.B9._Z._Z._Z.XDC_R_B1GQ._Z.S.V.N._T,,,,,,"See <a class=""external"" href=""http://sdw.ecb.europa.eu/web/generator/docu/rtdb_docu.pdf""> notes</a>; block Annual; series: B",,4,,,"Government deficit(-) or surplus(+), percent of GDP",Euro area (moving concept in the Real Time database context) - Deficit/surplus without UMTS proceeds - All sectors/ unspecified/ not applicable (ESA2010)-NCBs - General government (ESA2010)-NCBs - Non-financial flows current prices - Percentage,XDC_R_B1GQ,0,Replace,2020-09-09T15:30:00.000+02:00,
RTD.A.S0.N.F_UMD_CGG_D0.F,A,S0,N,F_UMD_CGG_D0,F,2003,-3.09156,A,F,,,P1Y,S,,,GFS.A.N.I10.W0.S13.S1._Z.B.B9._Z._Z._Z.XDC_R_B1GQ._Z.S.V.N._T,,,,,,"See <a class=""external"" href=""http://sdw.ecb.europa.eu/web/generator/docu/rtdb_docu.pdf""> notes</a>; block Annual; series: B",,4,,,"Government deficit(-) or surplus(+), percent of GDP",Euro area (moving concept in the Real Time database context) - Deficit/surplus without UMTS proceeds - All sectors/ unspecified/ not applicable (ESA2010)-NCBs - General government (ESA2010)-NCBs - Non-financial flows current prices - Percentage,XDC_R_B1GQ,0,Replace,2020-09-09T15:30:00.000+02:00,
RTD.A.S0.N.F_UMD_CGG_D0.F,A,S0,N,F_UMD_CGG_D0,F,2004,-2.86472,A,F,,,P1Y,S,,,GFS.A.N.I10.W0.S13.S1._Z.B.B9._Z._Z._Z.XDC_R_B1GQ._Z.S.V.N._T,,,,,,"See <a class=""external"" href=""http://sdw.ecb.europa.eu/web/generator/docu/rtdb_docu.pdf""> notes</a>; block Annual; series: B",,4,,,"Government deficit(-) or surplus(+), percent of GDP",Euro area (moving concept in the Real Time database context) - Deficit/surplus without UMTS proceeds - All sectors/ unspecified/ not applicable (ESA2010)-NCBs - General government (ESA2010)-NCBs - Non-financial flows current prices - Percentage,XDC_R_B1GQ,0,Replace,2020-09-09T15:30:00.000+02:00,
RTD.A.S0.N.F_UMD_CGG_D0.F,A,S0,N,F_UMD_CGG_D0,F,2005,-2.59073,A,F,,,P1Y,S,,,GFS.A.N.I10.W0.S13.S1._Z.B.B9._Z._Z._Z.XDC_R_B1GQ._Z.S.V.N._T,,,,,,"See <a class=""external"" href=""http://sdw.ecb.europa.eu/web/generator/docu/rtdb_docu.pdf""> notes</a>; block Annual; series: B",,4,,,"Government deficit(-) or surplus(+), percent of GDP",Euro area (moving concept in the Real Time database context) - Deficit/surplus without UMTS proceeds - All sectors/ unspecified/ not applicable (ESA2010)-NCBs - General government (ESA2010)-NCBs - Non-financial flows current prices - Percentage,XDC_R_B1GQ,0,Replace,2020-09-09T15:30:00.000+02:00,
RTD.A.S0.N.F_UMD_CGG_D0.F,A,S0,N,F_UMD_CGG_D0,F,2006,-1.51109,A,F,,,P1Y,S,,,GFS.A.N.I10.W0.S13.S1._Z.B.B9._Z._Z._Z.XDC_R_B1GQ._Z.S.V.N._T,,,,,,"See <a class=""external"" href=""http://sdw.ecb.europa.eu/web/generator/docu/rtdb_docu.pdf""> notes</a>; block Annual; series: B",,4,,,"Government deficit(-) or surplus(+), percent of GDP",Euro area (moving concept in the Real Time database context) - Deficit/surplus without UMTS proceeds - All sectors/ unspecified/ not applicable (ESA2010)-NCBs - General government (ESA2010)-NCBs - Non-financial flows current prices - Percentage,XDC_R_B1GQ,0,Replace,2020-09-09T15:30:00.000+02:00,
RTD.A.S0.N.F_UMD_CGG_D0.F,A,S0,N,F_UMD_CGG_D0,F,2007,-0.63825,A,F,,,P1Y,S,,,GFS.A.N.I10.W0.S13.S1._Z.B.B9._Z._Z._Z.XDC_R_B1GQ._Z.S.V.N._T,,,,,,"See <a class=""external"" href=""http://sdw.ecb.europa.eu/web/generator/docu/rtdb_docu.pdf""> notes</a>; block Annual; series: B",,4,,,"Government deficit(-) or surplus(+), percent of GDP",Euro area (moving concept in the Real Time database context) - Deficit/surplus without UMTS proceeds - All sectors/ unspecified/ not applicable (ESA2010)-NCBs - General government (ESA2010)-NCBs - Non-financial flows current prices - Percentage,XDC_R_B1GQ,0,Replace,2020-09-09T15:30:00.000+02:00,
RTD.A.S0.N.F_UMD_CGG_D0.F,A,S0,N,F_UMD_CGG_D0,F,2008,-2.15546,A,F,,,P1Y,S,,,GFS.A.N.I10.W0.S13.S1._Z.B.B9._Z._Z._Z.XDC_R_B1GQ._Z.S.V.N._T,,,,,,"See <a class=""external"" href=""http://sdw.ecb.europa.eu/web/generator/docu/rtdb_docu.pdf""> notes</a>; block Annual; series: B",,4,,,"Government deficit(-) or surplus(+), percent of GDP",Euro area (moving concept in the Real Time database context) - Deficit/surplus without UMTS proceeds - All sectors/ unspecified/ not applicable (ESA2010)-NCBs - General government (ESA2010)-NCBs - Non-financial flows current prices - Percentage,XDC_R_B1GQ,0,Replace,2020-09-09T15:30:00.000+02:00,
RTD.A.S0.N.F_UMD_CGG_D0.F,A,S0,N,F_UMD_CGG_D0,F,2009,-6.22993,A,F,,,P1Y,S,,,GFS.A.N.I10.W0.S13.S1._Z.B.B9._Z._Z._Z.XDC_R_B1GQ._Z.S.V.N._T,,,,,,"See <a class=""external"" href=""http://sdw.ecb.europa.eu/web/generator/docu/rtdb_docu.pdf""> notes</a>; block Annual; series: B",,4,,,"Government deficit(-) or surplus(+), percent of GDP",Euro area (moving concept in the Real Time database context) - Deficit/surplus without UMTS proceeds - All sectors/ unspecified/ not applicable (ESA2010)-NCBs - General government (ESA2010)-NCBs - Non-financial flows current prices - Percentage,XDC_R_B1GQ,0,Replace,2020-09-09T15:30:00.000+02:00,
RTD.A.S0.N.F_UMD_CGG_D0.F,A,S0,N,F_UMD_CGG_D0,F,2010,-6.2702,A,F,,,P1Y,S,,,GFS.A.N.I10.W0.S13.S1._Z.B.B9._Z._Z._Z.XDC_R_B1GQ._Z.S.V.N._T,,,,,,"See <a class=""external"" href=""http://sdw.ecb.europa.eu/web/generator/docu/rtdb_docu.pdf""> notes</a>; block Annual; series: B",,4,,,"Government deficit(-) or surplus(+), percent of GDP",Euro area (moving concept in the Real Time database context) - Deficit/surplus without UMTS proceeds - All sectors/ unspecified/ not applicable (ESA2010)-NCBs - General government (ESA2010)-NCBs - Non-financial flows current prices - Percentage,XDC_R_B1GQ,0,Replace,2020-09-09T15:30:00.000+02:00,
RTD.A.S0.N.F_UMD_CGG_D0.F,A,S0,N,F_UMD_CGG_D0,F,2011,-4.23038,A,F,,,P1Y,S,,,GFS.A.N.I10.W0.S13.S1._Z.B.B9._Z._Z._Z.XDC_R_B1GQ._Z.S.V.N._T,,,,,,"See <a class=""external"" href=""http://sdw.ecb.europa.eu/web/generator/docu/rtdb_docu.pdf""> notes</a>; block Annual; series: B",,4,,,"Government deficit(-) or surplus(+), percent of GDP",Euro area (moving concept in the Real Time database context) - Deficit/surplus without UMTS proceeds - All sectors/ unspecified/ not applicable (ESA2010)-NCBs - General government (ESA2010)-NCBs - Non-financial flows current prices - Percentage,XDC_R_B1GQ,0,Replace,2020-09-09T15:30:00.000+02:00,
RTD.A.S0.N.F_UMD_CGG_D0.F,A,S0,N,F_UMD_CGG_D0,F,2012,-3.70666,A,F,,,P1Y,S,,,GFS.A.N.I10.W0.S13.S1._Z.B.B9._Z._Z._Z.XDC_R_B1GQ._Z.S.V.N._T,,,,,,"See <a class=""external"" href=""http://sdw.ecb.europa.eu/web/generator/docu/rtdb_docu.pdf""> notes</a>; block Annual; series: B",,4,,,"Government deficit(-) or surplus(+), percent of GDP",Euro area (moving concept in the Real Time database context) - Deficit/surplus without UMTS proceeds - All sectors/ unspecified/ not applicable (ESA2010)-NCBs - General government (ESA2010)-NCBs - Non-financial flows current prices - Percentage,XDC_R_B1GQ,0,Replace,2020-09-09T15:30:00.000+02:00,
RTD.A.S0.N.F_UMD_CGG_D0.F,A,S0,N,F_UMD_CGG_D0,F,2013,-3.01301,A,F,,,P1Y,S,,,GFS.A.N.I10.W0.S13.S1._Z.B.B9._Z._Z._Z.XDC_R_B1GQ._Z.S.V.N._T,,,,,,"See <a class=""external"" href=""http://sdw.ecb.europa.eu/web/generator/docu/rtdb_docu.pdf""> notes</a>; block Annual; series: B",,4,,,"Government deficit(-) or surplus(+), percent of GDP",Euro area (moving concept in the Real Time database context) - Deficit/surplus without UMTS proceeds - All sectors/ unspecified/ not applicable (ESA2010)-NCBs - General government (ESA2010)-NCBs - Non-financial flows current prices - Percentage,XDC_R_B1GQ,0,Replace,2020-09-09T15:30:00.000+02:00,
RTD.A.S0.N.F_UMD_CGG_D0.F,A,S0,N,F_UMD_CGG_D0,F,2014,-2.46065,A,F,,,P1Y,S,,,GFS.A.N.I10.W0.S13.S1._Z.B.B9._Z._Z._Z.XDC_R_B1GQ._Z.S.V.N._T,,,,,,"See <a class=""external"" href=""http://sdw.ecb.europa.eu/web/generator/docu/rtdb_docu.pdf""> notes</a>; block Annual; series: B",,4,,,"Government deficit(-) or surplus(+), percent of GDP",Euro area (moving concept in the Real Time database context) - Deficit/surplus without UMTS proceeds - All sectors/ unspecified/ not applicable (ESA2010)-NCBs - General government (ESA2010)-NCBs - Non-financial flows current prices - Percentage,XDC_R_B1GQ,0,Replace,2020-09-09T15:30:00.000+02:00,
RTD.A.S0.N.F_UMD_CGG_D0.F,A,S0,N,F_UMD_CGG_D0,F,2015,-1.97793,A,F,,,P1Y,S,,,GFS.A.N.I10.W0.S13.S1._Z.B.B9._Z._Z._Z.XDC_R_B1GQ._Z.S.V.N._T,,,,,,"See <a class=""external"" href=""http://sdw.ecb.europa.eu/web/generator/docu/rtdb_docu.pdf""> notes</a>; block Annual; series: B",,4,,,"Government deficit(-) or surplus(+), percent of GDP",Euro area (moving concept in the Real Time database context) - Deficit/surplus without UMTS proceeds - All sectors/ unspecified/ not applicable (ESA2010)-NCBs - General government (ESA2010)-NCBs - Non-financial flows current prices - Percentage,XDC_R_B1GQ,0,Replace,2020-09-09T15:30:00.000+02:00,
RTD.A.S0.N.F_UMD_CGG_D0.F,A,S0,N,F_UMD_CGG_D0,F,2016,-1.45876,A,F,,,P1Y,S,,,GFS.A.N.I10.W0.S13.S1._Z.B.B9._Z._Z._Z.XDC_R_B1GQ._Z.S.V.N._T,,,,,,"See <a class=""external"" href=""http://sdw.ecb.europa.eu/web/generator/docu/rtdb_docu.pdf""> notes</a>; block Annual; series: B",,4,,,"Government deficit(-) or surplus(+), percent of GDP",Euro area (moving concept in the Real Time database context) - Deficit/surplus without UMTS proceeds - All sectors/ unspecified/ not applicable (ESA2010)-NCBs - General government (ESA2010)-NCBs - Non-financial flows current prices - Percentage,XDC_R_B1GQ,0,Replace,2020-09-09T15:30:00.000+02:00,
RTD.A.S0.N.F_UMD_CGG_D0.F,A,S0,N,F_UMD_CGG_D0,F,2017,-0.96409,A,F,,,P1Y,S,,,GFS.A.N.I10.W0.S13.S1._Z.B.B9._Z._Z._Z.XDC_R_B1GQ._Z.S.V.N._T,,,,,,"See <a class=""external"" href=""http://sdw.ecb.europa.eu/web/generator/docu/rtdb_docu.pdf""> notes</a>; block Annual; series: B",,4,,,"Government deficit(-) or surplus(+), percent of GDP",Euro area (moving concept in the Real Time database context) - Deficit/surplus without UMTS proceeds - All sectors/ unspecified/ not applicable (ESA2010)-NCBs - General government (ESA2010)-NCBs - Non-financial flows current prices - Percentage,XDC_R_B1GQ,0,Replace,2020-09-09T15:30:00.000+02:00,
RTD.A.S0.N.F_UMD_CGG_D0.F,A,S0,N,F_UMD_CGG_D0,F,2018,-0.45806,A,F,,,P1Y,S,,,GFS.A.N.I10.W0.S13.S1._Z.B.B9._Z._Z._Z.XDC_R_B1GQ._Z.S.V.N._T,,,,,,"See <a class=""external"" href=""http://sdw.ecb.europa.eu/web/generator/docu/rtdb_docu.pdf""> notes</a>; block Annual; series: B",,4,,,"Government deficit(-) or surplus(+), percent of GDP",Euro area (moving concept in the Real Time database context) - Deficit/surplus without UMTS proceeds - All sectors/ unspecified/ not applicable (ESA2010)-NCBs - General government (ESA2010)-NCBs - Non-financial flows current prices - Percentage,XDC_R_B1GQ,0,Replace,2020-09-09T15:30:00.000+02:00,
RTD.A.S0.N.F_UMD_CGG_D0.F,A,S0,N,F_UMD_CGG_D0,F,1995,-7.26509,A,F,,,P1Y,S,,,GFS.A.N.I10.W0.S13.S1._Z.B.B9._Z._Z._Z.XDC_R_B1GQ._Z.S.V.N._T,,,,,,"See <a class=""external"" href=""http://sdw.ecb.europa.eu/web/generator/docu/rtdb_docu.pdf""> notes</a>; block Annual; series: B",,4,,,"Government deficit(-) or surplus(+), percent of GDP",Euro area (moving concept in the Real Time database context) - Deficit/surplus without UMTS proceeds - All sectors/ unspecified/ not applicable (ESA2010)-NCBs - General government (ESA2010)-NCBs - Non-financial flows current prices - Percentage,XDC_R_B1GQ,0,Replace,2020-10-28T15:30:00.000+01:00,
RTD.A.S0.N.F_UMD_CGG_D0.F,A,S0,N,F_UMD_CGG_D0,F,1996,-4.35195,A,F,,,P1Y,S,,,GFS.A.N.I10.W0.S13.S1._Z.B.B9._Z._Z._Z.XDC_R_B1GQ._Z.S.V.N._T,,,,,,"See <a class=""external"" href=""http://sdw.ecb.europa.eu/web/generator/docu/rtdb_docu.pdf""> notes</a>; block Annual; series: B",,4,,,"Government deficit(-) or surplus(+), percent of GDP",Euro area (moving concept in the Real Time database context) - Deficit/surplus without UMTS proceeds - All sectors/ unspecified/ not applicable (ESA2010)-NCBs - General government (ESA2010)-NCBs - Non-financial flows current prices - Percentage,XDC_R_B1GQ,0,Replace,2020-10-28T15:30:00.000+01:00,
RTD.A.S0.N.F_UMD_CGG_D0.F,A,S0,N,F_UMD_CGG_D0,F,1997,-3.0366,A,F,,,P1Y,S,,,GFS.A.N.I10.W0.S13.S1._Z.B.B9._Z._Z._Z.XDC_R_B1GQ._Z.S.V.N._T,,,,,,"See <a class=""external"" href=""http://sdw.ecb.europa.eu/web/generator/docu/rtdb_docu.pdf""> notes</a>; block Annual; series: B",,4,,,"Government deficit(-) or surplus(+), percent of GDP",Euro area (moving concept in the Real Time database context) - Deficit/surplus without UMTS proceeds - All sectors/ unspecified/ not applicable (ESA2010)-NCBs - General government (ESA2010)-NCBs - Non-financial flows current prices - Percentage,XDC_R_B1GQ,0,Replace,2020-10-28T15:30:00.000+01:00,
RTD.A.S0.N.F_UMD_CGG_D0.F,A,S0,N,F_UMD_CGG_D0,F,1998,-2.42879,A,F,,,P1Y,S,,,GFS.A.N.I10.W0.S13.S1._Z.B.B9._Z._Z._Z.XDC_R_B1GQ._Z.S.V.N._T,,,,,,"See <a class=""external"" href=""http://sdw.ecb.europa.eu/web/generator/docu/rtdb_docu.pdf""> notes</a>; block Annual; series: B",,4,,,"Government deficit(-) or surplus(+), percent of GDP",Euro area (moving concept in the Real Time database context) - Deficit/surplus without UMTS proceeds - All sectors/ unspecified/ not applicable (ESA2010)-NCBs - General government (ESA2010)-NCBs - Non-financial flows current prices - Percentage,XDC_R_B1GQ,0,Replace,2020-10-28T15:30:00.000+01:00,
RTD.A.S0.N.F_UMD_CGG_D0.F,A,S0,N,F_UMD_CGG_D0,F,1999,-1.51474,A,F,,,P1Y,S,,,GFS.A.N.I10.W0.S13.S1._Z.B.B9._Z._Z._Z.XDC_R_B1GQ._Z.S.V.N._T,,,,,,"See <a class=""external"" href=""http://sdw.ecb.europa.eu/web/generator/docu/rtdb_docu.pdf""> notes</a>; block Annual; series: B",,4,,,"Government deficit(-) or surplus(+), percent of GDP",Euro area (moving concept in the Real Time database context) - Deficit/surplus without UMTS proceeds - All sectors/ unspecified/ not applicable (ESA2010)-NCBs - General government (ESA2010)-NCBs - Non-financial flows current prices - Percentage,XDC_R_B1GQ,0,Replace,2020-10-28T15:30:00.000+01:00,
RTD.A.S0.N.F_UMD_CGG_D0.F,A,S0,N,F_UMD_CGG_D0,F,2000,-1.28569,A,F,,,P1Y,S,,,GFS.A.N.I10.W0.S13.S1._Z.B.B9._Z._Z._Z.XDC_R_B1GQ._Z.S.V.N._T,,,,,,"See <a class=""external"" href=""http://sdw.ecb.europa.eu/web/generator/docu/rtdb_docu.pdf""> notes</a>; block Annual; series: B",,4,,,"Government deficit(-) or surplus(+), percent of GDP",Euro area (moving concept in the Real Time database context) - Deficit/surplus without UMTS proceeds - All sectors/ unspecified/ not applicable (ESA2010)-NCBs - General government (ESA2010)-NCBs - Non-financial flows current prices - Percentage,XDC_R_B1GQ,0,Replace,2020-10-28T15:30:00.000+01:00,
RTD.A.S0.N.F_UMD_CGG_D0.F,A,S0,N,F_UMD_CGG_D0,F,2001,-1.96423,A,F,,,P1Y,S,,,GFS.A.N.I10.W0.S13.S1._Z.B.B9._Z._Z._Z.XDC_R_B1GQ._Z.S.V.N._T,,,,,,"See <a class=""external"" href=""http://sdw.ecb.europa.eu/web/generator/docu/rtdb_docu.pdf""> notes</a>; block Annual; series: B",,4,,,"Government deficit(-) or surplus(+), percent of GDP",Euro area (moving concept in the Real Time database context) - Deficit/surplus without UMTS proceeds - All sectors/ unspecified/ not applicable (ESA2010)-NCBs - General government (ESA2010)-NCBs - Non-financial flows current prices - Percentage,XDC_R_B1GQ,0,Replace,2020-10-28T15:30:00.000+01:00,
RTD.A.S0.N.F_UMD_CGG_D0.F,A,S0,N,F_UMD_CGG_D0,F,2002,-2.68045,A,F,,,P1Y,S,,,GFS.A.N.I10.W0.S13.S1._Z.B.B9._Z._Z._Z.XDC_R_B1GQ._Z.S.V.N._T,,,,,,"See <a class=""external"" href=""http://sdw.ecb.europa.eu/web/generator/docu/rtdb_docu.pdf""> notes</a>; block Annual; series: B",,4,,,"Government deficit(-) or surplus(+), percent of GDP",Euro area (moving concept in the Real Time database context) - Deficit/surplus without UMTS proceeds - All sectors/ unspecified/ not applicable (ESA2010)-NCBs - General government (ESA2010)-NCBs - Non-financial flows current prices - Percentage,XDC_R_B1GQ,0,Replace,2020-10-28T15:30:00.000+01:00,
RTD.A.S0.N.F_UMD_CGG_D0.F,A,S0,N,F_UMD_CGG_D0,F,2003,-3.09175,A,F,,,P1Y,S,,,GFS.A.N.I10.W0.S13.S1._Z.B.B9._Z._Z._Z.XDC_R_B1GQ._Z.S.V.N._T,,,,,,"See <a class=""external"" href=""http://sdw.ecb.europa.eu/web/generator/docu/rtdb_docu.pdf""> notes</a>; block Annual; series: B",,4,,,"Government deficit(-) or surplus(+), percent of GDP",Euro area (moving concept in the Real Time database context) - Deficit/surplus without UMTS proceeds - All sectors/ unspecified/ not applicable (ESA2010)-NCBs - General government (ESA2010)-NCBs - Non-financial flows current prices - Percentage,XDC_R_B1GQ,0,Replace,2020-10-28T15:30:00.000+01:00,
RTD.A.S0.N.F_UMD_CGG_D0.F,A,S0,N,F_UMD_CGG_D0,F,2004,-2.86482,A,F,,,P1Y,S,,,GFS.A.N.I10.W0.S13.S1._Z.B.B9._Z._Z._Z.XDC_R_B1GQ._Z.S.V.N._T,,,,,,"See <a class=""external"" href=""http://sdw.ecb.europa.eu/web/generator/docu/rtdb_docu.pdf""> notes</a>; block Annual; series: B",,4,,,"Government deficit(-) or surplus(+), percent of GDP",Euro area (moving concept in the Real Time database context) - Deficit/surplus without UMTS proceeds - All sectors/ unspecified/ not applicable (ESA2010)-NCBs - General government (ESA2010)-NCBs - Non-financial flows current prices - Percentage,XDC_R_B1GQ,0,Replace,2020-10-28T15:30:00.000+01:00,
RTD.A.S0.N.F_UMD_CGG_D0.F,A,S0,N,F_UMD_CGG_D0,F,2005,-2.59092,A,F,,,P1Y,S,,,GFS.A.N.I10.W0.S13.S1._Z.B.B9._Z._Z._Z.XDC_R_B1GQ._Z.S.V.N._T,,,,,,"See <a class=""external"" href=""http://sdw.ecb.europa.eu/web/generator/docu/rtdb_docu.pdf""> notes</a>; block Annual; series: B",,4,,,"Government deficit(-) or surplus(+), percent of GDP",Euro area (moving concept in the Real Time database context) - Deficit/surplus without UMTS proceeds - All sectors/ unspecified/ not applicable (ESA2010)-NCBs - General government (ESA2010)-NCBs - Non-financial flows current prices - Percentage,XDC_R_B1GQ,0,Replace,2020-10-28T15:30:00.000+01:00,
RTD.A.S0.N.F_UMD_CGG_D0.F,A,S0,N,F_UMD_CGG_D0,F,2006,-1.51114,A,F,,,P1Y,S,,,GFS.A.N.I10.W0.S13.S1._Z.B.B9._Z._Z._Z.XDC_R_B1GQ._Z.S.V.N._T,,,,,,"See <a class=""external"" href=""http://sdw.ecb.europa.eu/web/generator/docu/rtdb_docu.pdf""> notes</a>; block Annual; series: B",,4,,,"Government deficit(-) or surplus(+), percent of GDP",Euro area (moving concept in the Real Time database context) - Deficit/surplus without UMTS proceeds - All sectors/ unspecified/ not applicable (ESA2010)-NCBs - General government (ESA2010)-NCBs - Non-financial flows current prices - Percentage,XDC_R_B1GQ,0,Replace,2020-10-28T15:30:00.000+01:00,
RTD.A.S0.N.F_UMD_CGG_D0.F,A,S0,N,F_UMD_CGG_D0,F,2007,-0.63824,A,F,,,P1Y,S,,,GFS.A.N.I10.W0.S13.S1._Z.B.B9._Z._Z._Z.XDC_R_B1GQ._Z.S.V.N._T,,,,,,"See <a class=""external"" href=""http://sdw.ecb.europa.eu/web/generator/docu/rtdb_docu.pdf""> notes</a>; block Annual; series: B",,4,,,"Government deficit(-) or surplus(+), percent of GDP",Euro area (moving concept in the Real Time database context) - Deficit/surplus without UMTS proceeds - All sectors/ unspecified/ not applicable (ESA2010)-NCBs - General government (ESA2010)-NCBs - Non-financial flows current prices - Percentage,XDC_R_B1GQ,0,Replace,2020-10-28T15:30:00.000+01:00,
RTD.A.S0.N.F_UMD_CGG_D0.F,A,S0,N,F_UMD_CGG_D0,F,2008,-2.15536,A,F,,,P1Y,S,,,GFS.A.N.I10.W0.S13.S1._Z.B.B9._Z._Z._Z.XDC_R_B1GQ._Z.S.V.N._T,,,,,,"See <a class=""external"" href=""http://sdw.ecb.europa.eu/web/generator/docu/rtdb_docu.pdf""> notes</a>; block Annual; series: B",,4,,,"Government deficit(-) or surplus(+), percent of GDP",Euro area (moving concept in the Real Time database context) - Deficit/surplus without UMTS proceeds - All sectors/ unspecified/ not applicable (ESA2010)-NCBs - General government (ESA2010)-NCBs - Non-financial flows current prices - Percentage,XDC_R_B1GQ,0,Replace,2020-10-28T15:30:00.000+01:00,
RTD.A.S0.N.F_UMD_CGG_D0.F,A,S0,N,F_UMD_CGG_D0,F,2009,-6.23002,A,F,,,P1Y,S,,,GFS.A.N.I10.W0.S13.S1._Z.B.B9._Z._Z._Z.XDC_R_B1GQ._Z.S.V.N._T,,,,,,"See <a class=""external"" href=""http://sdw.ecb.europa.eu/web/generator/docu/rtdb_docu.pdf""> notes</a>; block Annual; series: B",,4,,,"Government deficit(-) or surplus(+), percent of GDP",Euro area (moving concept in the Real Time database context) - Deficit/surplus without UMTS proceeds - All sectors/ unspecified/ not applicable (ESA2010)-NCBs - General government (ESA2010)-NCBs - Non-financial flows current prices - Percentage,XDC_R_B1GQ,0,Replace,2020-10-28T15:30:00.000+01:00,
RTD.A.S0.N.F_UMD_CGG_D0.F,A,S0,N,F_UMD_CGG_D0,F,2010,-6.27124,A,F,,,P1Y,S,,,GFS.A.N.I10.W0.S13.S1._Z.B.B9._Z._Z._Z.XDC_R_B1GQ._Z.S.V.N._T,,,,,,"See <a class=""external"" href=""http://sdw.ecb.europa.eu/web/generator/docu/rtdb_docu.pdf""> notes</a>; block Annual; series: B",,4,,,"Government deficit(-) or surplus(+), percent of GDP",Euro area (moving concept in the Real Time database context) - Deficit/surplus without UMTS proceeds - All sectors/ unspecified/ not applicable (ESA2010)-NCBs - General government (ESA2010)-NCBs - Non-financial flows current prices - Percentage,XDC_R_B1GQ,0,Replace,2020-10-28T15:30:00.000+01:00,
RTD.A.S0.N.F_UMD_CGG_D0.F,A,S0,N,F_UMD_CGG_D0,F,2011,-4.23009,A,F,,,P1Y,S,,,GFS.A.N.I10.W0.S13.S1._Z.B.B9._Z._Z._Z.XDC_R_B1GQ._Z.S.V.N._T,,,,,,"See <a class=""external"" href=""http://sdw.ecb.europa.eu/web/generator/docu/rtdb_docu.pdf""> notes</a>; block Annual; series: B",,4,,,"Government deficit(-) or surplus(+), percent of GDP",Euro area (moving concept in the Real Time database context) - Deficit/surplus without UMTS proceeds - All sectors/ unspecified/ not applicable (ESA2010)-NCBs - General government (ESA2010)-NCBs - Non-financial flows current prices - Percentage,XDC_R_B1GQ,0,Replace,2020-10-28T15:30:00.000+01:00,
RTD.A.S0.N.F_UMD_CGG_D0.F,A,S0,N,F_UMD_CGG_D0,F,2012,-3.70786,A,F,,,P1Y,S,,,GFS.A.N.I10.W0.S13.S1._Z.B.B9._Z._Z._Z.XDC_R_B1GQ._Z.S.V.N._T,,,,,,"See <a class=""external"" href=""http://sdw.ecb.europa.eu/web/generator/docu/rtdb_docu.pdf""> notes</a>; block Annual; series: B",,4,,,"Government deficit(-) or surplus(+), percent of GDP",Euro area (moving concept in the Real Time database context) - Deficit/surplus without UMTS proceeds - All sectors/ unspecified/ not applicable (ESA2010)-NCBs - General government (ESA2010)-NCBs - Non-financial flows current prices - Percentage,XDC_R_B1GQ,0,Replace,2020-10-28T15:30:00.000+01:00,
RTD.A.S0.N.F_UMD_CGG_D0.F,A,S0,N,F_UMD_CGG_D0,F,2013,-3.01284,A,F,,,P1Y,S,,,GFS.A.N.I10.W0.S13.S1._Z.B.B9._Z._Z._Z.XDC_R_B1GQ._Z.S.V.N._T,,,,,,"See <a class=""external"" href=""http://sdw.ecb.europa.eu/web/generator/docu/rtdb_docu.pdf""> notes</a>; block Annual; series: B",,4,,,"Government deficit(-) or surplus(+), percent of GDP",Euro area (moving concept in the Real Time database context) - Deficit/surplus without UMTS proceeds - All sectors/ unspecified/ not applicable (ESA2010)-NCBs - General government (ESA2010)-NCBs - Non-financial flows current prices - Percentage,XDC_R_B1GQ,0,Replace,2020-10-28T15:30:00.000+01:00,
RTD.A.S0.N.F_UMD_CGG_D0.F,A,S0,N,F_UMD_CGG_D0,F,2014,-2.4611,A,F,,,P1Y,S,,,GFS.A.N.I10.W0.S13.S1._Z.B.B9._Z._Z._Z.XDC_R_B1GQ._Z.S.V.N._T,,,,,,"See <a class=""external"" href=""http://sdw.ecb.europa.eu/web/generator/docu/rtdb_docu.pdf""> notes</a>; block Annual; series: B",,4,,,"Government deficit(-) or surplus(+), percent of GDP",Euro area (moving concept in the Real Time database context) - Deficit/surplus without UMTS proceeds - All sectors/ unspecified/ not applicable (ESA2010)-NCBs - General government (ESA2010)-NCBs - Non-financial flows current prices - Percentage,XDC_R_B1GQ,0,Replace,2020-10-28T15:30:00.000+01:00,
RTD.A.S0.N.F_UMD_CGG_D0.F,A,S0,N,F_UMD_CGG_D0,F,2015,-1.97402,A,F,,,P1Y,S,,,GFS.A.N.I10.W0.S13.S1._Z.B.B9._Z._Z._Z.XDC_R_B1GQ._Z.S.V.N._T,,,,,,"See <a class=""external"" href=""http://sdw.ecb.europa.eu/web/generator/docu/rtdb_docu.pdf""> notes</a>; block Annual; series: B",,4,,,"Government deficit(-) or surplus(+), percent of GDP",Euro area (moving concept in the Real Time database context) - Deficit/surplus without UMTS proceeds - All sectors/ unspecified/ not applicable (ESA2010)-NCBs - General government (ESA2010)-NCBs - Non-financial flows current prices - Percentage,XDC_R_B1GQ,0,Replace,2020-10-28T15:30:00.000+01:00,
RTD.A.S0.N.F_UMD_CGG_D0.F,A,S0,N,F_UMD_CGG_D0,F,2016,-1.46914,A,F,,,P1Y,S,,,GFS.A.N.I10.W0.S13.S1._Z.B.B9._Z._Z._Z.XDC_R_B1GQ._Z.S.V.N._T,,,,,,"See <a class=""external"" href=""http://sdw.ecb.europa.eu/web/generator/docu/rtdb_docu.pdf""> notes</a>; block Annual; series: B",,4,,,"Government deficit(-) or surplus(+), percent of GDP",Euro area (moving concept in the Real Time database context) - Deficit/surplus without UMTS proceeds - All sectors/ unspecified/ not applicable (ESA2010)-NCBs - General government (ESA2010)-NCBs - Non-financial flows current prices - Percentage,XDC_R_B1GQ,0,Replace,2020-10-28T15:30:00.000+01:00,
RTD.A.S0.N.F_UMD_CGG_D0.F,A,S0,N,F_UMD_CGG_D0,F,2017,-0.93033,A,F,,,P1Y,S,,,GFS.A.N.I10.W0.S13.S1._Z.B.B9._Z._Z._Z.XDC_R_B1GQ._Z.S.V.N._T,,,,,,"See <a class=""external"" href=""http://sdw.ecb.europa.eu/web/generator/docu/rtdb_docu.pdf""> notes</a>; block Annual; series: B",,4,,,"Government deficit(-) or surplus(+), percent of GDP",Euro area (moving concept in the Real Time database context) - Deficit/surplus without UMTS proceeds - All sectors/ unspecified/ not applicable (ESA2010)-NCBs - General government (ESA2010)-NCBs - Non-financial flows current prices - Percentage,XDC_R_B1GQ,0,Replace,2020-10-28T15:30:00.000+01:00,
RTD.A.S0.N.F_UMD_CGG_D0.F,A,S0,N,F_UMD_CGG_D0,F,2018,-0.46273,A,F,,,P1Y,S,,,GFS.A.N.I10.W0.S13.S1._Z.B.B9._Z._Z._Z.XDC_R_B1GQ._Z.S.V.N._T,,,,,,"See <a class=""external"" href=""http://sdw.ecb.europa.eu/web/generator/docu/rtdb_docu.pdf""> notes</a>; block Annual; series: B",,4,,,"Government deficit(-) or surplus(+), percent of GDP",Euro area (moving concept in the Real Time database context) - Deficit/surplus without UMTS proceeds - All sectors/ unspecified/ not applicable (ESA2010)-NCBs - General government (ESA2010)-NCBs - Non-financial flows current prices - Percentage,XDC_R_B1GQ,0,Replace,2020-10-28T15:30:00.000+01:00,
RTD.A.S0.N.F_UMD_CGG_D0.F,A,S0,N,F_UMD_CGG_D0,F,2019,-0.62085,A,F,,,P1Y,S,,,GFS.A.N.I10.W0.S13.S1._Z.B.B9._Z._Z._Z.XDC_R_B1GQ._Z.S.V.N._T,,,,,,"See <a class=""external"" href=""http://sdw.ecb.europa.eu/web/generator/docu/rtdb_docu.pdf""> notes</a>; block Annual; series: B",,4,,,"Government deficit(-) or surplus(+), percent of GDP",Euro area (moving concept in the Real Time database context) - Deficit/surplus without UMTS proceeds - All sectors/ unspecified/ not applicable (ESA2010)-NCBs - General government (ESA2010)-NCBs - Non-financial flows current prices - Percentage,XDC_R_B1GQ,0,Replace,2020-10-28T15:30:00.000+01:00,
RTD.A.S0.N.F_UMD_CGG_D0.F,A,S0,N,F_UMD_CGG_D0,F,1995,-7.26446,A,F,,,P1Y,S,,,GFS.A.N.I10.W0.S13.S1._Z.B.B9._Z._Z._Z.XDC_R_B1GQ._Z.S.V.N._T,,,,,,"See <a class=""external"" href=""http://sdw.ecb.europa.eu/web/generator/docu/rtdb_docu.pdf""> notes</a>; block Annual; series: B",,4,,,"Government deficit(-) or surplus(+), percent of GDP",Euro area (moving concept in the Real Time database context) - Deficit/surplus without UMTS proceeds - All sectors/ unspecified/ not applicable (ESA2010)-NCBs - General government (ESA2010)-NCBs - Non-financial flows current prices - Percentage,XDC_R_B1GQ,0,Replace,2021-06-09T15:30:00.000+02:00,
RTD.A.S0.N.F_UMD_CGG_D0.F,A,S0,N,F_UMD_CGG_D0,F,1996,-4.35413,A,F,,,P1Y,S,,,GFS.A.N.I10.W0.S13.S1._Z.B.B9._Z._Z._Z.XDC_R_B1GQ._Z.S.V.N._T,,,,,,"See <a class=""external"" href=""http://sdw.ecb.europa.eu/web/generator/docu/rtdb_docu.pdf""> notes</a>; block Annual; series: B",,4,,,"Government deficit(-) or surplus(+), percent of GDP",Euro area (moving concept in the Real Time database context) - Deficit/surplus without UMTS proceeds - All sectors/ unspecified/ not applicable (ESA2010)-NCBs - General government (ESA2010)-NCBs - Non-financial flows current prices - Percentage,XDC_R_B1GQ,0,Replace,2021-06-09T15:30:00.000+02:00,
RTD.A.S0.N.F_UMD_CGG_D0.F,A,S0,N,F_UMD_CGG_D0,F,1997,-3.03787,A,F,,,P1Y,S,,,GFS.A.N.I10.W0.S13.S1._Z.B.B9._Z._Z._Z.XDC_R_B1GQ._Z.S.V.N._T,,,,,,"See <a class=""external"" href=""http://sdw.ecb.europa.eu/web/generator/docu/rtdb_docu.pdf""> notes</a>; block Annual; series: B",,4,,,"Government deficit(-) or surplus(+), percent of GDP",Euro area (moving concept in the Real Time database context) - Deficit/surplus without UMTS proceeds - All sectors/ unspecified/ not applicable (ESA2010)-NCBs - General government (ESA2010)-NCBs - Non-financial flows current prices - Percentage,XDC_R_B1GQ,0,Replace,2021-06-09T15:30:00.000+02:00,
RTD.A.S0.N.F_UMD_CGG_D0.F,A,S0,N,F_UMD_CGG_D0,F,1999,-1.51476,A,F,,,P1Y,S,,,GFS.A.N.I10.W0.S13.S1._Z.B.B9._Z._Z._Z.XDC_R_B1GQ._Z.S.V.N._T,,,,,,"See <a class=""external"" href=""http://sdw.ecb.europa.eu/web/generator/docu/rtdb_docu.pdf""> notes</a>; block Annual; series: B",,4,,,"Government deficit(-) or surplus(+), percent of GDP",Euro area (moving concept in the Real Time database context) - Deficit/surplus without UMTS proceeds - All sectors/ unspecified/ not applicable (ESA2010)-NCBs - General government (ESA2010)-NCBs - Non-financial flows current prices - Percentage,XDC_R_B1GQ,0,Replace,2021-06-09T15:30:00.000+02:00,
RTD.A.S0.N.F_UMD_CGG_D0.F,A,S0,N,F_UMD_CGG_D0,F,2000,-1.28226,A,F,,,P1Y,S,,,GFS.A.N.I10.W0.S13.S1._Z.B.B9._Z._Z._Z.XDC_R_B1GQ._Z.S.V.N._T,,,,,,"See <a class=""external"" href=""http://sdw.ecb.europa.eu/web/generator/docu/rtdb_docu.pdf""> notes</a>; block Annual; series: B",,4,,,"Government deficit(-) or surplus(+), percent of GDP",Euro area (moving concept in the Real Time database context) - Deficit/surplus without UMTS proceeds - All sectors/ unspecified/ not applicable (ESA2010)-NCBs - General government (ESA2010)-NCBs - Non-financial flows current prices - Percentage,XDC_R_B1GQ,0,Replace,2021-06-09T15:30:00.000+02:00,
RTD.A.S0.N.F_UMD_CGG_D0.F,A,S0,N,F_UMD_CGG_D0,F,2001,-1.95971,A,F,,,P1Y,S,,,GFS.A.N.I10.W0.S13.S1._Z.B.B9._Z._Z._Z.XDC_R_B1GQ._Z.S.V.N._T,,,,,,"See <a class=""external"" href=""http://sdw.ecb.europa.eu/web/generator/docu/rtdb_docu.pdf""> notes</a>; block Annual; series: B",,4,,,"Government deficit(-) or surplus(+), percent of GDP",Euro area (moving concept in the Real Time database context) - Deficit/surplus without UMTS proceeds - All sectors/ unspecified/ not applicable (ESA2010)-NCBs - General government (ESA2010)-NCBs - Non-financial flows current prices - Percentage,XDC_R_B1GQ,0,Replace,2021-06-09T15:30:00.000+02:00,
RTD.A.S0.N.F_UMD_CGG_D0.F,A,S0,N,F_UMD_CGG_D0,F,2002,-2.67191,A,F,,,P1Y,S,,,GFS.A.N.I10.W0.S13.S1._Z.B.B9._Z._Z._Z.XDC_R_B1GQ._Z.S.V.N._T,,,,,,"See <a class=""external"" href=""http://sdw.ecb.europa.eu/web/generator/docu/rtdb_docu.pdf""> notes</a>; block Annual; series: B",,4,,,"Government deficit(-) or surplus(+), percent of GDP",Euro area (moving concept in the Real Time database context) - Deficit/surplus without UMTS proceeds - All sectors/ unspecified/ not applicable (ESA2010)-NCBs - General government (ESA2010)-NCBs - Non-financial flows current prices - Percentage,XDC_R_B1GQ,0,Replace,2021-06-09T15:30:00.000+02:00,
RTD.A.S0.N.F_UMD_CGG_D0.F,A,S0,N,F_UMD_CGG_D0,F,2003,-3.08681,A,F,,,P1Y,S,,,GFS.A.N.I10.W0.S13.S1._Z.B.B9._Z._Z._Z.XDC_R_B1GQ._Z.S.V.N._T,,,,,,"See <a class=""external"" href=""http://sdw.ecb.europa.eu/web/generator/docu/rtdb_docu.pdf""> notes</a>; block Annual; series: B",,4,,,"Government deficit(-) or surplus(+), percent of GDP",Euro area (moving concept in the Real Time database context) - Deficit/surplus without UMTS proceeds - All sectors/ unspecified/ not applicable (ESA2010)-NCBs - General government (ESA2010)-NCBs - Non-financial flows current prices - Percentage,XDC_R_B1GQ,0,Replace,2021-06-09T15:30:00.000+02:00,
RTD.A.S0.N.F_UMD_CGG_D0.F,A,S0,N,F_UMD_CGG_D0,F,2004,-2.86066,A,F,,,P1Y,S,,,GFS.A.N.I10.W0.S13.S1._Z.B.B9._Z._Z._Z.XDC_R_B1GQ._Z.S.V.N._T,,,,,,"See <a class=""external"" href=""http://sdw.ecb.europa.eu/web/generator/docu/rtdb_docu.pdf""> notes</a>; block Annual; series: B",,4,,,"Government deficit(-) or surplus(+), percent of GDP",Euro area (moving concept in the Real Time database context) - Deficit/surplus without UMTS proceeds - All sectors/ unspecified/ not applicable (ESA2010)-NCBs - General government (ESA2010)-NCBs - Non-financial flows current prices - Percentage,XDC_R_B1GQ,0,Replace,2021-06-09T15:30:00.000+02:00,
RTD.A.S0.N.F_UMD_CGG_D0.F,A,S0,N,F_UMD_CGG_D0,F,2005,-2.59423,A,F,,,P1Y,S,,,GFS.A.N.I10.W0.S13.S1._Z.B.B9._Z._Z._Z.XDC_R_B1GQ._Z.S.V.N._T,,,,,,"See <a class=""external"" href=""http://sdw.ecb.europa.eu/web/generator/docu/rtdb_docu.pdf""> notes</a>; block Annual; series: B",,4,,,"Government deficit(-) or surplus(+), percent of GDP",Euro area (moving concept in the Real Time database context) - Deficit/surplus without UMTS proceeds - All sectors/ unspecified/ not applicable (ESA2010)-NCBs - General government (ESA2010)-NCBs - Non-financial flows current prices - Percentage,XDC_R_B1GQ,0,Replace,2021-06-09T15:30:00.000+02:00,
RTD.A.S0.N.F_UMD_CGG_D0.F,A,S0,N,F_UMD_CGG_D0,F,2006,-1.51884,A,F,,,P1Y,S,,,GFS.A.N.I10.W0.S13.S1._Z.B.B9._Z._Z._Z.XDC_R_B1GQ._Z.S.V.N._T,,,,,,"See <a class=""external"" href=""http://sdw.ecb.europa.eu/web/generator/docu/rtdb_docu.pdf""> notes</a>; block Annual; series: B",,4,,,"Government deficit(-) or surplus(+), percent of GDP",Euro area (moving concept in the Real Time database context) - Deficit/surplus without UMTS proceeds - All sectors/ unspecified/ not applicable (ESA2010)-NCBs - General government (ESA2010)-NCBs - Non-financial flows current prices - Percentage,XDC_R_B1GQ,0,Replace,2021-06-09T15:30:00.000+02:00,
RTD.A.S0.N.F_UMD_CGG_D0.F,A,S0,N,F_UMD_CGG_D0,F,2007,-0.64633,A,F,,,P1Y,S,,,GFS.A.N.I10.W0.S13.S1._Z.B.B9._Z._Z._Z.XDC_R_B1GQ._Z.S.V.N._T,,,,,,"See <a class=""external"" href=""http://sdw.ecb.europa.eu/web/generator/docu/rtdb_docu.pdf""> notes</a>; block Annual; series: B",,4,,,"Government deficit(-) or surplus(+), percent of GDP",Euro area (moving concept in the Real Time database context) - Deficit/surplus without UMTS proceeds - All sectors/ unspecified/ not applicable (ESA2010)-NCBs - General government (ESA2010)-NCBs - Non-financial flows current prices - Percentage,XDC_R_B1GQ,0,Replace,2021-06-09T15:30:00.000+02:00,
RTD.A.S0.N.F_UMD_CGG_D0.F,A,S0,N,F_UMD_CGG_D0,F,2008,-2.1625,A,F,,,P1Y,S,,,GFS.A.N.I10.W0.S13.S1._Z.B.B9._Z._Z._Z.XDC_R_B1GQ._Z.S.V.N._T,,,,,,"See <a class=""external"" href=""http://sdw.ecb.europa.eu/web/generator/docu/rtdb_docu.pdf""> notes</a>; block Annual; series: B",,4,,,"Government deficit(-) or surplus(+), percent of GDP",Euro area (moving concept in the Real Time database context) - Deficit/surplus without UMTS proceeds - All sectors/ unspecified/ not applicable (ESA2010)-NCBs - General government (ESA2010)-NCBs - Non-financial flows current prices - Percentage,XDC_R_B1GQ,0,Replace,2021-06-09T15:30:00.000+02:00,
RTD.A.S0.N.F_UMD_CGG_D0.F,A,S0,N,F_UMD_CGG_D0,F,2009,-6.23599,A,F,,,P1Y,S,,,GFS.A.N.I10.W0.S13.S1._Z.B.B9._Z._Z._Z.XDC_R_B1GQ._Z.S.V.N._T,,,,,,"See <a class=""external"" href=""http://sdw.ecb.europa.eu/web/generator/docu/rtdb_docu.pdf""> notes</a>; block Annual; series: B",,4,,,"Government deficit(-) or surplus(+), percent of GDP",Euro area (moving concept in the Real Time database context) - Deficit/surplus without UMTS proceeds - All sectors/ unspecified/ not applicable (ESA2010)-NCBs - General government (ESA2010)-NCBs - Non-financial flows current prices - Percentage,XDC_R_B1GQ,0,Replace,2021-06-09T15:30:00.000+02:00,
RTD.A.S0.N.F_UMD_CGG_D0.F,A,S0,N,F_UMD_CGG_D0,F,2010,-6.27658,A,F,,,P1Y,S,,,GFS.A.N.I10.W0.S13.S1._Z.B.B9._Z._Z._Z.XDC_R_B1GQ._Z.S.V.N._T,,,,,,"See <a class=""external"" href=""http://sdw.ecb.europa.eu/web/generator/docu/rtdb_docu.pdf""> notes</a>; block Annual; series: B",,4,,,"Government deficit(-) or surplus(+), percent of GDP",Euro area (moving concept in the Real Time database context) - Deficit/surplus without UMTS proceeds - All sectors/ unspecified/ not applicable (ESA2010)-NCBs - General government (ESA2010)-NCBs - Non-financial flows current prices - Percentage,XDC_R_B1GQ,0,Replace,2021-06-09T15:30:00.000+02:00,
RTD.A.S0.N.F_UMD_CGG_D0.F,A,S0,N,F_UMD_CGG_D0,F,2011,-4.23616,A,F,,,P1Y,S,,,GFS.A.N.I10.W0.S13.S1._Z.B.B9._Z._Z._Z.XDC_R_B1GQ._Z.S.V.N._T,,,,,,"See <a class=""external"" href=""http://sdw.ecb.europa.eu/web/generator/docu/rtdb_docu.pdf""> notes</a>; block Annual; series: B",,4,,,"Government deficit(-) or surplus(+), percent of GDP",Euro area (moving concept in the Real Time database context) - Deficit/surplus without UMTS proceeds - All sectors/ unspecified/ not applicable (ESA2010)-NCBs - General government (ESA2010)-NCBs - Non-financial flows current prices - Percentage,XDC_R_B1GQ,0,Replace,2021-06-09T15:30:00.000+02:00,
RTD.A.S0.N.F_UMD_CGG_D0.F,A,S0,N,F_UMD_CGG_D0,F,2012,-3.7206,A,F,,,P1Y,S,,,GFS.A.N.I10.W0.S13.S1._Z.B.B9._Z._Z._Z.XDC_R_B1GQ._Z.S.V.N._T,,,,,,"See <a class=""external"" href=""http://sdw.ecb.europa.eu/web/generator/docu/rtdb_docu.pdf""> notes</a>; block Annual; series: B",,4,,,"Government deficit(-) or surplus(+), percent of GDP",Euro area (moving concept in the Real Time database context) - Deficit/surplus without UMTS proceeds - All sectors/ unspecified/ not applicable (ESA2010)-NCBs - General government (ESA2010)-NCBs - Non-financial flows current prices - Percentage,XDC_R_B1GQ,0,Replace,2021-06-09T15:30:00.000+02:00,
RTD.A.S0.N.F_UMD_CGG_D0.F,A,S0,N,F_UMD_CGG_D0,F,2013,-3.02138,A,F,,,P1Y,S,,,GFS.A.N.I10.W0.S13.S1._Z.B.B9._Z._Z._Z.XDC_R_B1GQ._Z.S.V.N._T,,,,,,"See <a class=""external"" href=""http://sdw.ecb.europa.eu/web/generator/docu/rtdb_docu.pdf""> notes</a>; block Annual; series: B",,4,,,"Government deficit(-) or surplus(+), percent of GDP",Euro area (moving concept in the Real Time database context) - Deficit/surplus without UMTS proceeds - All sectors/ unspecified/ not applicable (ESA2010)-NCBs - General government (ESA2010)-NCBs - Non-financial flows current prices - Percentage,XDC_R_B1GQ,0,Replace,2021-06-09T15:30:00.000+02:00,
RTD.A.S0.N.F_UMD_CGG_D0.F,A,S0,N,F_UMD_CGG_D0,F,2014,-2.46661,A,F,,,P1Y,S,,,GFS.A.N.I10.W0.S13.S1._Z.B.B9._Z._Z._Z.XDC_R_B1GQ._Z.S.V.N._T,,,,,,"See <a class=""external"" href=""http://sdw.ecb.europa.eu/web/generator/docu/rtdb_docu.pdf""> notes</a>; block Annual; series: B",,4,,,"Government deficit(-) or surplus(+), percent of GDP",Euro area (moving concept in the Real Time database context) - Deficit/surplus without UMTS proceeds - All sectors/ unspecified/ not applicable (ESA2010)-NCBs - General government (ESA2010)-NCBs - Non-financial flows current prices - Percentage,XDC_R_B1GQ,0,Replace,2021-06-09T15:30:00.000+02:00,
RTD.A.S0.N.F_UMD_CGG_D0.F,A,S0,N,F_UMD_CGG_D0,F,2015,-1.98185,A,F,,,P1Y,S,,,GFS.A.N.I10.W0.S13.S1._Z.B.B9._Z._Z._Z.XDC_R_B1GQ._Z.S.V.N._T,,,,,,"See <a class=""external"" href=""http://sdw.ecb.europa.eu/web/generator/docu/rtdb_docu.pdf""> notes</a>; block Annual; series: B",,4,,,"Government deficit(-) or surplus(+), percent of GDP",Euro area (moving concept in the Real Time database context) - Deficit/surplus without UMTS proceeds - All sectors/ unspecified/ not applicable (ESA2010)-NCBs - General government (ESA2010)-NCBs - Non-financial flows current prices - Percentage,XDC_R_B1GQ,0,Replace,2021-06-09T15:30:00.000+02:00,
RTD.A.S0.N.F_UMD_CGG_D0.F,A,S0,N,F_UMD_CGG_D0,F,2016,-1.47493,A,F,,,P1Y,S,,,GFS.A.N.I10.W0.S13.S1._Z.B.B9._Z._Z._Z.XDC_R_B1GQ._Z.S.V.N._T,,,,,,"See <a class=""external"" href=""http://sdw.ecb.europa.eu/web/generator/docu/rtdb_docu.pdf""> notes</a>; block Annual; series: B",,4,,,"Government deficit(-) or surplus(+), percent of GDP",Euro area (moving concept in the Real Time database context) - Deficit/surplus without UMTS proceeds - All sectors/ unspecified/ not applicable (ESA2010)-NCBs - General government (ESA2010)-NCBs - Non-financial flows current prices - Percentage,XDC_R_B1GQ,0,Replace,2021-06-09T15:30:00.000+02:00,
RTD.A.S0.N.F_UMD_CGG_D0.F,A,S0,N,F_UMD_CGG_D0,F,2017,-0.92605,A,F,,,P1Y,S,,,GFS.A.N.I10.W0.S13.S1._Z.B.B9._Z._Z._Z.XDC_R_B1GQ._Z.S.V.N._T,,,,,,"See <a class=""external"" href=""http://sdw.ecb.europa.eu/web/generator/docu/rtdb_docu.pdf""> notes</a>; block Annual; series: B",,4,,,"Government deficit(-) or surplus(+), percent of GDP",Euro area (moving concept in the Real Time database context) - Deficit/surplus without UMTS proceeds - All sectors/ unspecified/ not applicable (ESA2010)-NCBs - General government (ESA2010)-NCBs - Non-financial flows current prices - Percentage,XDC_R_B1GQ,0,Replace,2021-06-09T15:30:00.000+02:00,
RTD.A.S0.N.F_UMD_CGG_D0.F,A,S0,N,F_UMD_CGG_D0,F,2018,-0.459,A,F,,,P1Y,S,,,GFS.A.N.I10.W0.S13.S1._Z.B.B9._Z._Z._Z.XDC_R_B1GQ._Z.S.V.N._T,,,,,,"See <a class=""external"" href=""http://sdw.ecb.europa.eu/web/generator/docu/rtdb_docu.pdf""> notes</a>; block Annual; series: B",,4,,,"Government deficit(-) or surplus(+), percent of GDP",Euro area (moving concept in the Real Time database context) - Deficit/surplus without UMTS proceeds - All sectors/ unspecified/ not applicable (ESA2010)-NCBs - General government (ESA2010)-NCBs - Non-financial flows current prices - Percentage,XDC_R_B1GQ,0,Replace,2021-06-09T15:30:00.000+02:00,
RTD.A.S0.N.F_UMD_CGG_D0.F,A,S0,N,F_UMD_CGG_D0,F,2019,-0.63077,A,F,,,P1Y,S,,,GFS.A.N.I10.W0.S13.S1._Z.B.B9._Z._Z._Z.XDC_R_B1GQ._Z.S.V.N._T,,,,,,"See <a class=""external"" href=""http://sdw.ecb.europa.eu/web/generator/docu/rtdb_docu.pdf""> notes</a>; block Annual; series: B",,4,,,"Government deficit(-) or surplus(+), percent of GDP",Euro area (moving concept in the Real Time database context) - Deficit/surplus without UMTS proceeds - All sectors/ unspecified/ not applicable (ESA2010)-NCBs - General government (ESA2010)-NCBs - Non-financial flows current prices - Percentage,XDC_R_B1GQ,0,Replace,2021-06-09T15:30:00.000+02:00,
RTD.A.S0.N.F_UMD_CGG_D0.F,A,S0,N,F_UMD_CGG_D0,F,2020,-7.23827,A,F,,,P1Y,S,,,GFS.A.N.I10.W0.S13.S1._Z.B.B9._Z._Z._Z.XDC_R_B1GQ._Z.S.V.N._T,,,,,,"See <a class=""external"" href=""http://sdw.ecb.europa.eu/web/generator/docu/rtdb_docu.pdf""> notes</a>; block Annual; series: B",,4,,,"Government deficit(-) or surplus(+), percent of GDP",Euro area (moving concept in the Real Time database context) - Deficit/surplus without UMTS proceeds - All sectors/ unspecified/ not applicable (ESA2010)-NCBs - General government (ESA2010)-NCBs - Non-financial flows current prices - Percentage,XDC_R_B1GQ,0,Replace,2021-06-09T15:30:00.000+02:00,
RTD.A.S0.N.F_UMD_CGG_D0.F,A,S0,N,F_UMD_CGG_D0,F,1995,-7.2935,A,F,,,P1Y,S,,,GFS.A.N.I10.W0.S13.S1._Z.B.B9._Z._Z._Z.XDC_R_B1GQ._Z.S.V.N._T,,,,,,"See <a class=""external"" href=""http://sdw.ecb.europa.eu/web/generator/docu/rtdb_docu.pdf""> notes</a>; block Annual; series: B",,4,,,"Government deficit(-) or surplus(+), percent of GDP",Euro area (moving concept in the Real Time database context) - Deficit/surplus without UMTS proceeds - All sectors/ unspecified/ not applicable (ESA2010)-NCBs - General government (ESA2010)-NCBs - Non-financial flows current prices - Percentage,XDC_R_B1GQ,0,Replace,2021-10-27T15:30:00.000+02:00,
RTD.A.S0.N.F_UMD_CGG_D0.F,A,S0,N,F_UMD_CGG_D0,F,1996,-4.37214,A,F,,,P1Y,S,,,GFS.A.N.I10.W0.S13.S1._Z.B.B9._Z._Z._Z.XDC_R_B1GQ._Z.S.V.N._T,,,,,,"See <a class=""external"" href=""http://sdw.ecb.europa.eu/web/generator/docu/rtdb_docu.pdf""> notes</a>; block Annual; series: B",,4,,,"Government deficit(-) or surplus(+), percent of GDP",Euro area (moving concept in the Real Time database context) - Deficit/surplus without UMTS proceeds - All sectors/ unspecified/ not applicable (ESA2010)-NCBs - General government (ESA2010)-NCBs - Non-financial flows current prices - Percentage,XDC_R_B1GQ,0,Replace,2021-10-27T15:30:00.000+02:00,
RTD.A.S0.N.F_UMD_CGG_D0.F,A,S0,N,F_UMD_CGG_D0,F,1997,-3.05536,A,F,,,P1Y,S,,,GFS.A.N.I10.W0.S13.S1._Z.B.B9._Z._Z._Z.XDC_R_B1GQ._Z.S.V.N._T,,,,,,"See <a class=""external"" href=""http://sdw.ecb.europa.eu/web/generator/docu/rtdb_docu.pdf""> notes</a>; block Annual; series: B",,4,,,"Government deficit(-) or surplus(+), percent of GDP",Euro area (moving concept in the Real Time database context) - Deficit/surplus without UMTS proceeds - All sectors/ unspecified/ not applicable (ESA2010)-NCBs - General government (ESA2010)-NCBs - Non-financial flows current prices - Percentage,XDC_R_B1GQ,0,Replace,2021-10-27T15:30:00.000+02:00,
RTD.A.S0.N.F_UMD_CGG_D0.F,A,S0,N,F_UMD_CGG_D0,F,1998,-2.44498,A,F,,,P1Y,S,,,GFS.A.N.I10.W0.S13.S1._Z.B.B9._Z._Z._Z.XDC_R_B1GQ._Z.S.V.N._T,,,,,,"See <a class=""external"" href=""http://sdw.ecb.europa.eu/web/generator/docu/rtdb_docu.pdf""> notes</a>; block Annual; series: B",,4,,,"Government deficit(-) or surplus(+), percent of GDP",Euro area (moving concept in the Real Time database context) - Deficit/surplus without UMTS proceeds - All sectors/ unspecified/ not applicable (ESA2010)-NCBs - General government (ESA2010)-NCBs - Non-financial flows current prices - Percentage,XDC_R_B1GQ,0,Replace,2021-10-27T15:30:00.000+02:00,
RTD.A.S0.N.F_UMD_CGG_D0.F,A,S0,N,F_UMD_CGG_D0,F,1999,-1.51578,A,F,,,P1Y,S,,,GFS.A.N.I10.W0.S13.S1._Z.B.B9._Z._Z._Z.XDC_R_B1GQ._Z.S.V.N._T,,,,,,"See <a class=""external"" href=""http://sdw.ecb.europa.eu/web/generator/docu/rtdb_docu.pdf""> notes</a>; block Annual; series: B",,4,,,"Government deficit(-) or surplus(+), percent of GDP",Euro area (moving concept in the Real Time database context) - Deficit/surplus without UMTS proceeds - All sectors/ unspecified/ not applicable (ESA2010)-NCBs - General government (ESA2010)-NCBs - Non-financial flows current prices - Percentage,XDC_R_B1GQ,0,Replace,2021-10-27T15:30:00.000+02:00,
RTD.A.S0.N.F_UMD_CGG_D0.F,A,S0,N,F_UMD_CGG_D0,F,2000,-1.28245,A,F,,,P1Y,S,,,GFS.A.N.I10.W0.S13.S1._Z.B.B9._Z._Z._Z.XDC_R_B1GQ._Z.S.V.N._T,,,,,,"See <a class=""external"" href=""http://sdw.ecb.europa.eu/web/generator/docu/rtdb_docu.pdf""> notes</a>; block Annual; series: B",,4,,,"Government deficit(-) or surplus(+), percent of GDP",Euro area (moving concept in the Real Time database context) - Deficit/surplus without UMTS proceeds - All sectors/ unspecified/ not applicable (ESA2010)-NCBs - General government (ESA2010)-NCBs - Non-financial flows current prices - Percentage,XDC_R_B1GQ,0,Replace,2021-10-27T15:30:00.000+02:00,
RTD.A.S0.N.F_UMD_CGG_D0.F,A,S0,N,F_UMD_CGG_D0,F,2001,-1.95916,A,F,,,P1Y,S,,,GFS.A.N.I10.W0.S13.S1._Z.B.B9._Z._Z._Z.XDC_R_B1GQ._Z.S.V.N._T,,,,,,"See <a class=""external"" href=""http://sdw.ecb.europa.eu/web/generator/docu/rtdb_docu.pdf""> notes</a>; block Annual; series: B",,4,,,"Government deficit(-) or surplus(+), percent of GDP",Euro area (moving concept in the Real Time database context) - Deficit/surplus without UMTS proceeds - All sectors/ unspecified/ not applicable (ESA2010)-NCBs - General government (ESA2010)-NCBs - Non-financial flows current prices - Percentage,XDC_R_B1GQ,0,Replace,2021-10-27T15:30:00.000+02:00,
RTD.A.S0.N.F_UMD_CGG_D0.F,A,S0,N,F_UMD_CGG_D0,F,2002,-2.67119,A,F,,,P1Y,S,,,GFS.A.N.I10.W0.S13.S1._Z.B.B9._Z._Z._Z.XDC_R_B1GQ._Z.S.V.N._T,,,,,,"See <a class=""external"" href=""http://sdw.ecb.europa.eu/web/generator/docu/rtdb_docu.pdf""> notes</a>; block Annual; series: B",,4,,,"Government deficit(-) or surplus(+), percent of GDP",Euro area (moving concept in the Real Time database context) - Deficit/surplus without UMTS proceeds - All sectors/ unspecified/ not applicable (ESA2010)-NCBs - General government (ESA2010)-NCBs - Non-financial flows current prices - Percentage,XDC_R_B1GQ,0,Replace,2021-10-27T15:30:00.000+02:00,
RTD.A.S0.N.F_UMD_CGG_D0.F,A,S0,N,F_UMD_CGG_D0,F,2003,-3.08598,A,F,,,P1Y,S,,,GFS.A.N.I10.W0.S13.S1._Z.B.B9._Z._Z._Z.XDC_R_B1GQ._Z.S.V.N._T,,,,,,"See <a class=""external"" href=""http://sdw.ecb.europa.eu/web/generator/docu/rtdb_docu.pdf""> notes</a>; block Annual; series: B",,4,,,"Government deficit(-) or surplus(+), percent of GDP",Euro area (moving concept in the Real Time database context) - Deficit/surplus without UMTS proceeds - All sectors/ unspecified/ not applicable (ESA2010)-NCBs - General government (ESA2010)-NCBs - Non-financial flows current prices - Percentage,XDC_R_B1GQ,0,Replace,2021-10-27T15:30:00.000+02:00,
RTD.A.S0.N.F_UMD_CGG_D0.F,A,S0,N,F_UMD_CGG_D0,F,2004,-2.85967,A,F,,,P1Y,S,,,GFS.A.N.I10.W0.S13.S1._Z.B.B9._Z._Z._Z.XDC_R_B1GQ._Z.S.V.N._T,,,,,,"See <a class=""external"" href=""http://sdw.ecb.europa.eu/web/generator/docu/rtdb_docu.pdf""> notes</a>; block Annual; series: B",,4,,,"Government deficit(-) or surplus(+), percent of GDP",Euro area (moving concept in the Real Time database context) - Deficit/surplus without UMTS proceeds - All sectors/ unspecified/ not applicable (ESA2010)-NCBs - General government (ESA2010)-NCBs - Non-financial flows current prices - Percentage,XDC_R_B1GQ,0,Replace,2021-10-27T15:30:00.000+02:00,
RTD.A.S0.N.F_UMD_CGG_D0.F,A,S0,N,F_UMD_CGG_D0,F,2005,-2.59401,A,F,,,P1Y,S,,,GFS.A.N.I10.W0.S13.S1._Z.B.B9._Z._Z._Z.XDC_R_B1GQ._Z.S.V.N._T,,,,,,"See <a class=""external"" href=""http://sdw.ecb.europa.eu/web/generator/docu/rtdb_docu.pdf""> notes</a>; block Annual; series: B",,4,,,"Government deficit(-) or surplus(+), percent of GDP",Euro area (moving concept in the Real Time database context) - Deficit/surplus without UMTS proceeds - All sectors/ unspecified/ not applicable (ESA2010)-NCBs - General government (ESA2010)-NCBs - Non-financial flows current prices - Percentage,XDC_R_B1GQ,0,Replace,2021-10-27T15:30:00.000+02:00,
RTD.A.S0.N.F_UMD_CGG_D0.F,A,S0,N,F_UMD_CGG_D0,F,2006,-1.51825,A,F,,,P1Y,S,,,GFS.A.N.I10.W0.S13.S1._Z.B.B9._Z._Z._Z.XDC_R_B1GQ._Z.S.V.N._T,,,,,,"See <a class=""external"" href=""http://sdw.ecb.europa.eu/web/generator/docu/rtdb_docu.pdf""> notes</a>; block Annual; series: B",,4,,,"Government deficit(-) or surplus(+), percent of GDP",Euro area (moving concept in the Real Time database context) - Deficit/surplus without UMTS proceeds - All sectors/ unspecified/ not applicable (ESA2010)-NCBs - General government (ESA2010)-NCBs - Non-financial flows current prices - Percentage,XDC_R_B1GQ,0,Replace,2021-10-27T15:30:00.000+02:00,
RTD.A.S0.N.F_UMD_CGG_D0.F,A,S0,N,F_UMD_CGG_D0,F,2007,-0.64606,A,F,,,P1Y,S,,,GFS.A.N.I10.W0.S13.S1._Z.B.B9._Z._Z._Z.XDC_R_B1GQ._Z.S.V.N._T,,,,,,"See <a class=""external"" href=""http://sdw.ecb.europa.eu/web/generator/docu/rtdb_docu.pdf""> notes</a>; block Annual; series: B",,4,,,"Government deficit(-) or surplus(+), percent of GDP",Euro area (moving concept in the Real Time database context) - Deficit/surplus without UMTS proceeds - All sectors/ unspecified/ not applicable (ESA2010)-NCBs - General government (ESA2010)-NCBs - Non-financial flows current prices - Percentage,XDC_R_B1GQ,0,Replace,2021-10-27T15:30:00.000+02:00,
RTD.A.S0.N.F_UMD_CGG_D0.F,A,S0,N,F_UMD_CGG_D0,F,2008,-2.16162,A,F,,,P1Y,S,,,GFS.A.N.I10.W0.S13.S1._Z.B.B9._Z._Z._Z.XDC_R_B1GQ._Z.S.V.N._T,,,,,,"See <a class=""external"" href=""http://sdw.ecb.europa.eu/web/generator/docu/rtdb_docu.pdf""> notes</a>; block Annual; series: B",,4,,,"Government deficit(-) or surplus(+), percent of GDP",Euro area (moving concept in the Real Time database context) - Deficit/surplus without UMTS proceeds - All sectors/ unspecified/ not applicable (ESA2010)-NCBs - General government (ESA2010)-NCBs - Non-financial flows current prices - Percentage,XDC_R_B1GQ,0,Replace,2021-10-27T15:30:00.000+02:00,
RTD.A.S0.N.F_UMD_CGG_D0.F,A,S0,N,F_UMD_CGG_D0,F,2009,-6.23415,A,F,,,P1Y,S,,,GFS.A.N.I10.W0.S13.S1._Z.B.B9._Z._Z._Z.XDC_R_B1GQ._Z.S.V.N._T,,,,,,"See <a class=""external"" href=""http://sdw.ecb.europa.eu/web/generator/docu/rtdb_docu.pdf""> notes</a>; block Annual; series: B",,4,,,"Government deficit(-) or surplus(+), percent of GDP",Euro area (moving concept in the Real Time database context) - Deficit/surplus without UMTS proceeds - All sectors/ unspecified/ not applicable (ESA2010)-NCBs - General government (ESA2010)-NCBs - Non-financial flows current prices - Percentage,XDC_R_B1GQ,0,Replace,2021-10-27T15:30:00.000+02:00,
RTD.A.S0.N.F_UMD_CGG_D0.F,A,S0,N,F_UMD_CGG_D0,F,2010,-6.27455,A,F,,,P1Y,S,,,GFS.A.N.I10.W0.S13.S1._Z.B.B9._Z._Z._Z.XDC_R_B1GQ._Z.S.V.N._T,,,,,,"See <a class=""external"" href=""http://sdw.ecb.europa.eu/web/generator/docu/rtdb_docu.pdf""> notes</a>; block Annual; series: B",,4,,,"Government deficit(-) or surplus(+), percent of GDP",Euro area (moving concept in the Real Time database context) - Deficit/surplus without UMTS proceeds - All sectors/ unspecified/ not applicable (ESA2010)-NCBs - General government (ESA2010)-NCBs - Non-financial flows current prices - Percentage,XDC_R_B1GQ,0,Replace,2021-10-27T15:30:00.000+02:00,
RTD.A.S0.N.F_UMD_CGG_D0.F,A,S0,N,F_UMD_CGG_D0,F,2011,-4.24763,A,F,,,P1Y,S,,,GFS.A.N.I10.W0.S13.S1._Z.B.B9._Z._Z._Z.XDC_R_B1GQ._Z.S.V.N._T,,,,,,"See <a class=""external"" href=""http://sdw.ecb.europa.eu/web/generator/docu/rtdb_docu.pdf""> notes</a>; block Annual; series: B",,4,,,"Government deficit(-) or surplus(+), percent of GDP",Euro area (moving concept in the Real Time database context) - Deficit/surplus without UMTS proceeds - All sectors/ unspecified/ not applicable (ESA2010)-NCBs - General government (ESA2010)-NCBs - Non-financial flows current prices - Percentage,XDC_R_B1GQ,0,Replace,2021-10-27T15:30:00.000+02:00,
RTD.A.S0.N.F_UMD_CGG_D0.F,A,S0,N,F_UMD_CGG_D0,F,2012,-3.72232,A,F,,,P1Y,S,,,GFS.A.N.I10.W0.S13.S1._Z.B.B9._Z._Z._Z.XDC_R_B1GQ._Z.S.V.N._T,,,,,,"See <a class=""external"" href=""http://sdw.ecb.europa.eu/web/generator/docu/rtdb_docu.pdf""> notes</a>; block Annual; series: B",,4,,,"Government deficit(-) or surplus(+), percent of GDP",Euro area (moving concept in the Real Time database context) - Deficit/surplus without UMTS proceeds - All sectors/ unspecified/ not applicable (ESA2010)-NCBs - General government (ESA2010)-NCBs - Non-financial flows current prices - Percentage,XDC_R_B1GQ,0,Replace,2021-10-27T15:30:00.000+02:00,
RTD.A.S0.N.F_UMD_CGG_D0.F,A,S0,N,F_UMD_CGG_D0,F,2013,-3.02314,A,F,,,P1Y,S,,,GFS.A.N.I10.W0.S13.S1._Z.B.B9._Z._Z._Z.XDC_R_B1GQ._Z.S.V.N._T,,,,,,"See <a class=""external"" href=""http://sdw.ecb.europa.eu/web/generator/docu/rtdb_docu.pdf""> notes</a>; block Annual; series: B",,4,,,"Government deficit(-) or surplus(+), percent of GDP",Euro area (moving concept in the Real Time database context) - Deficit/surplus without UMTS proceeds - All sectors/ unspecified/ not applicable (ESA2010)-NCBs - General government (ESA2010)-NCBs - Non-financial flows current prices - Percentage,XDC_R_B1GQ,0,Replace,2021-10-27T15:30:00.000+02:00,
RTD.A.S0.N.F_UMD_CGG_D0.F,A,S0,N,F_UMD_CGG_D0,F,2014,-2.46852,A,F,,,P1Y,S,,,GFS.A.N.I10.W0.S13.S1._Z.B.B9._Z._Z._Z.XDC_R_B1GQ._Z.S.V.N._T,,,,,,"See <a class=""external"" href=""http://sdw.ecb.europa.eu/web/generator/docu/rtdb_docu.pdf""> notes</a>; block Annual; series: B",,4,,,"Government deficit(-) or surplus(+), percent of GDP",Euro area (moving concept in the Real Time database context) - Deficit/surplus without UMTS proceeds - All sectors/ unspecified/ not applicable (ESA2010)-NCBs - General government (ESA2010)-NCBs - Non-financial flows current prices - Percentage,XDC_R_B1GQ,0,Replace,2021-10-27T15:30:00.000+02:00,
RTD.A.S0.N.F_UMD_CGG_D0.F,A,S0,N,F_UMD_CGG_D0,F,2015,-1.98356,A,F,,,P1Y,S,,,GFS.A.N.I10.W0.S13.S1._Z.B.B9._Z._Z._Z.XDC_R_B1GQ._Z.S.V.N._T,,,,,,"See <a class=""external"" href=""http://sdw.ecb.europa.eu/web/generator/docu/rtdb_docu.pdf""> notes</a>; block Annual; series: B",,4,,,"Government deficit(-) or surplus(+), percent of GDP",Euro area (moving concept in the Real Time database context) - Deficit/surplus without UMTS proceeds - All sectors/ unspecified/ not applicable (ESA2010)-NCBs - General government (ESA2010)-NCBs - Non-financial flows current prices - Percentage,XDC_R_B1GQ,0,Replace,2021-10-27T15:30:00.000+02:00,
RTD.A.S0.N.F_UMD_CGG_D0.F,A,S0,N,F_UMD_CGG_D0,F,2016,-1.47679,A,F,,,P1Y,S,,,GFS.A.N.I10.W0.S13.S1._Z.B.B9._Z._Z._Z.XDC_R_B1GQ._Z.S.V.N._T,,,,,,"See <a class=""external"" href=""http://sdw.ecb.europa.eu/web/generator/docu/rtdb_docu.pdf""> notes</a>; block Annual; series: B",,4,,,"Government deficit(-) or surplus(+), percent of GDP",Euro area (moving concept in the Real Time database context) - Deficit/surplus without UMTS proceeds - All sectors/ unspecified/ not applicable (ESA2010)-NCBs - General government (ESA2010)-NCBs - Non-financial flows current prices - Percentage,XDC_R_B1GQ,0,Replace,2021-10-27T15:30:00.000+02:00,
RTD.A.S0.N.F_UMD_CGG_D0.F,A,S0,N,F_UMD_CGG_D0,F,2017,-0.93198,A,F,,,P1Y,S,,,GFS.A.N.I10.W0.S13.S1._Z.B.B9._Z._Z._Z.XDC_R_B1GQ._Z.S.V.N._T,,,,,,"See <a class=""external"" href=""http://sdw.ecb.europa.eu/web/generator/docu/rtdb_docu.pdf""> notes</a>; block Annual; series: B",,4,,,"Government deficit(-) or surplus(+), percent of GDP",Euro area (moving concept in the Real Time database context) - Deficit/surplus without UMTS proceeds - All sectors/ unspecified/ not applicable (ESA2010)-NCBs - General government (ESA2010)-NCBs - Non-financial flows current prices - Percentage,XDC_R_B1GQ,0,Replace,2021-10-27T15:30:00.000+02:00,
RTD.A.S0.N.F_UMD_CGG_D0.F,A,S0,N,F_UMD_CGG_D0,F,2018,-0.43717,A,F,,,P1Y,S,,,GFS.A.N.I10.W0.S13.S1._Z.B.B9._Z._Z._Z.XDC_R_B1GQ._Z.S.V.N._T,,,,,,"See <a class=""external"" href=""http://sdw.ecb.europa.eu/web/generator/docu/rtdb_docu.pdf""> notes</a>; block Annual; series: B",,4,,,"Government deficit(-) or surplus(+), percent of GDP",Euro area (moving concept in the Real Time database context) - Deficit/surplus without UMTS proceeds - All sectors/ unspecified/ not applicable (ESA2010)-NCBs - General government (ESA2010)-NCBs - Non-financial flows current prices - Percentage,XDC_R_B1GQ,0,Replace,2021-10-27T15:30:00.000+02:00,
RTD.A.S0.N.F_UMD_CGG_D0.F,A,S0,N,F_UMD_CGG_D0,F,2019,-0.64409,A,F,,,P1Y,S,,,GFS.A.N.I10.W0.S13.S1._Z.B.B9._Z._Z._Z.XDC_R_B1GQ._Z.S.V.N._T,,,,,,"See <a class=""external"" href=""http://sdw.ecb.europa.eu/web/generator/docu/rtdb_docu.pdf""> notes</a>; block Annual; series: B",,4,,,"Government deficit(-) or surplus(+), percent of GDP",Euro area (moving concept in the Real Time database context) - Deficit/surplus without UMTS proceeds - All sectors/ unspecified/ not applicable (ESA2010)-NCBs - General government (ESA2010)-NCBs - Non-financial flows current prices - Percentage,XDC_R_B1GQ,0,Replace,2021-10-27T15:30:00.000+02:00,
RTD.A.S0.N.F_UMD_CGG_D0.F,A,S0,N,F_UMD_CGG_D0,F,2020,-7.20307,A,F,,,P1Y,S,,,GFS.A.N.I10.W0.S13.S1._Z.B.B9._Z._Z._Z.XDC_R_B1GQ._Z.S.V.N._T,,,,,,"See <a class=""external"" href=""http://sdw.ecb.europa.eu/web/generator/docu/rtdb_docu.pdf""> notes</a>; block Annual; series: B",,4,,,"Government deficit(-) or surplus(+), percent of GDP",Euro area (moving concept in the Real Time database context) - Deficit/surplus without UMTS proceeds - All sectors/ unspecified/ not applicable (ESA2010)-NCBs - General government (ESA2010)-NCBs - Non-financial flows current prices - Percentage,XDC_R_B1GQ,0,Replace,2021-10-27T15:30:00.000+02:00,
RTD.A.S0.N.F_UMD_CGG_D0.F,A,S0,N,F_UMD_CGG_D0,F,1995,-7.27858,A,F,,,P1Y,S,,,GFS.A.N.I10.W0.S13.S1._Z.B.B9._Z._Z._Z.XDC_R_B1GQ._Z.S.V.N._T,,,,,,"See <a class=""external"" href=""http://sdw.ecb.europa.eu/web/generator/docu/rtdb_docu.pdf""> notes</a>; block Annual; series: B",,4,,,"Government deficit(-) or surplus(+), percent of GDP",Euro area (moving concept in the Real Time database context) - Deficit/surplus without UMTS proceeds - All sectors/ unspecified/ not applicable (ESA2010)-NCBs - General government (ESA2010)-NCBs - Non-financial flows current prices - Percentage,XDC_R_B1GQ,0,Replace,2022-07-20T15:30:00.000+02:00,
RTD.A.S0.N.F_UMD_CGG_D0.F,A,S0,N,F_UMD_CGG_D0,F,1996,-4.36335,A,F,,,P1Y,S,,,GFS.A.N.I10.W0.S13.S1._Z.B.B9._Z._Z._Z.XDC_R_B1GQ._Z.S.V.N._T,,,,,,"See <a class=""external"" href=""http://sdw.ecb.europa.eu/web/generator/docu/rtdb_docu.pdf""> notes</a>; block Annual; series: B",,4,,,"Government deficit(-) or surplus(+), percent of GDP",Euro area (moving concept in the Real Time database context) - Deficit/surplus without UMTS proceeds - All sectors/ unspecified/ not applicable (ESA2010)-NCBs - General government (ESA2010)-NCBs - Non-financial flows current prices - Percentage,XDC_R_B1GQ,0,Replace,2022-07-20T15:30:00.000+02:00,
RTD.A.S0.N.F_UMD_CGG_D0.F,A,S0,N,F_UMD_CGG_D0,F,1997,-3.04953,A,F,,,P1Y,S,,,GFS.A.N.I10.W0.S13.S1._Z.B.B9._Z._Z._Z.XDC_R_B1GQ._Z.S.V.N._T,,,,,,"See <a class=""external"" href=""http://sdw.ecb.europa.eu/web/generator/docu/rtdb_docu.pdf""> notes</a>; block Annual; series: B",,4,,,"Government deficit(-) or surplus(+), percent of GDP",Euro area (moving concept in the Real Time database context) - Deficit/surplus without UMTS proceeds - All sectors/ unspecified/ not applicable (ESA2010)-NCBs - General government (ESA2010)-NCBs - Non-financial flows current prices - Percentage,XDC_R_B1GQ,0,Replace,2022-07-20T15:30:00.000+02:00,
RTD.A.S0.N.F_UMD_CGG_D0.F,A,S0,N,F_UMD_CGG_D0,F,1998,-2.4435,A,F,,,P1Y,S,,,GFS.A.N.I10.W0.S13.S1._Z.B.B9._Z._Z._Z.XDC_R_B1GQ._Z.S.V.N._T,,,,,,"See <a class=""external"" href=""http://sdw.ecb.europa.eu/web/generator/docu/rtdb_docu.pdf""> notes</a>; block Annual; series: B",,4,,,"Government deficit(-) or surplus(+), percent of GDP",Euro area (moving concept in the Real Time database context) - Deficit/surplus without UMTS proceeds - All sectors/ unspecified/ not applicable (ESA2010)-NCBs - General government (ESA2010)-NCBs - Non-financial flows current prices - Percentage,XDC_R_B1GQ,0,Replace,2022-07-20T15:30:00.000+02:00,
RTD.A.S0.N.F_UMD_CGG_D0.F,A,S0,N,F_UMD_CGG_D0,F,1999,-1.51438,A,F,,,P1Y,S,,,GFS.A.N.I10.W0.S13.S1._Z.B.B9._Z._Z._Z.XDC_R_B1GQ._Z.S.V.N._T,,,,,,"See <a class=""external"" href=""http://sdw.ecb.europa.eu/web/generator/docu/rtdb_docu.pdf""> notes</a>; block Annual; series: B",,4,,,"Government deficit(-) or surplus(+), percent of GDP",Euro area (moving concept in the Real Time database context) - Deficit/surplus without UMTS proceeds - All sectors/ unspecified/ not applicable (ESA2010)-NCBs - General government (ESA2010)-NCBs - Non-financial flows current prices - Percentage,XDC_R_B1GQ,0,Replace,2022-07-20T15:30:00.000+02:00,
RTD.A.S0.N.F_UMD_CGG_D0.F,A,S0,N,F_UMD_CGG_D0,F,2000,-1.28217,A,F,,,P1Y,S,,,GFS.A.N.I10.W0.S13.S1._Z.B.B9._Z._Z._Z.XDC_R_B1GQ._Z.S.V.N._T,,,,,,"See <a class=""external"" href=""http://sdw.ecb.europa.eu/web/generator/docu/rtdb_docu.pdf""> notes</a>; block Annual; series: B",,4,,,"Government deficit(-) or surplus(+), percent of GDP",Euro area (moving concept in the Real Time database context) - Deficit/surplus without UMTS proceeds - All sectors/ unspecified/ not applicable (ESA2010)-NCBs - General government (ESA2010)-NCBs - Non-financial flows current prices - Percentage,XDC_R_B1GQ,0,Replace,2022-07-20T15:30:00.000+02:00,
RTD.A.S0.N.F_UMD_CGG_D0.F,A,S0,N,F_UMD_CGG_D0,F,2001,-1.95911,A,F,,,P1Y,S,,,GFS.A.N.I10.W0.S13.S1._Z.B.B9._Z._Z._Z.XDC_R_B1GQ._Z.S.V.N._T,,,,,,"See <a class=""external"" href=""http://sdw.ecb.europa.eu/web/generator/docu/rtdb_docu.pdf""> notes</a>; block Annual; series: B",,4,,,"Government deficit(-) or surplus(+), percent of GDP",Euro area (moving concept in the Real Time database context) - Deficit/surplus without UMTS proceeds - All sectors/ unspecified/ not applicable (ESA2010)-NCBs - General government (ESA2010)-NCBs - Non-financial flows current prices - Percentage,XDC_R_B1GQ,0,Replace,2022-07-20T15:30:00.000+02:00,
RTD.A.S0.N.F_UMD_CGG_D0.F,A,S0,N,F_UMD_CGG_D0,F,2002,-2.67112,A,F,,,P1Y,S,,,GFS.A.N.I10.W0.S13.S1._Z.B.B9._Z._Z._Z.XDC_R_B1GQ._Z.S.V.N._T,,,,,,"See <a class=""external"" href=""http://sdw.ecb.europa.eu/web/generator/docu/rtdb_docu.pdf""> notes</a>; block Annual; series: B",,4,,,"Government deficit(-) or surplus(+), percent of GDP",Euro area (moving concept in the Real Time database context) - Deficit/surplus without UMTS proceeds - All sectors/ unspecified/ not applicable (ESA2010)-NCBs - General government (ESA2010)-NCBs - Non-financial flows current prices - Percentage,XDC_R_B1GQ,0,Replace,2022-07-20T15:30:00.000+02:00,
RTD.A.S0.N.F_UMD_CGG_D0.F,A,S0,N,F_UMD_CGG_D0,F,2003,-3.08595,A,F,,,P1Y,S,,,GFS.A.N.I10.W0.S13.S1._Z.B.B9._Z._Z._Z.XDC_R_B1GQ._Z.S.V.N._T,,,,,,"See <a class=""external"" href=""http://sdw.ecb.europa.eu/web/generator/docu/rtdb_docu.pdf""> notes</a>; block Annual; series: B",,4,,,"Government deficit(-) or surplus(+), percent of GDP",Euro area (moving concept in the Real Time database context) - Deficit/surplus without UMTS proceeds - All sectors/ unspecified/ not applicable (ESA2010)-NCBs - General government (ESA2010)-NCBs - Non-financial flows current prices - Percentage,XDC_R_B1GQ,0,Replace,2022-07-20T15:30:00.000+02:00,
RTD.A.S0.N.F_UMD_CGG_D0.F,A,S0,N,F_UMD_CGG_D0,F,2004,-2.85964,A,F,,,P1Y,S,,,GFS.A.N.I10.W0.S13.S1._Z.B.B9._Z._Z._Z.XDC_R_B1GQ._Z.S.V.N._T,,,,,,"See <a class=""external"" href=""http://sdw.ecb.europa.eu/web/generator/docu/rtdb_docu.pdf""> notes</a>; block Annual; series: B",,4,,,"Government deficit(-) or surplus(+), percent of GDP",Euro area (moving concept in the Real Time database context) - Deficit/surplus without UMTS proceeds - All sectors/ unspecified/ not applicable (ESA2010)-NCBs - General government (ESA2010)-NCBs - Non-financial flows current prices - Percentage,XDC_R_B1GQ,0,Replace,2022-07-20T15:30:00.000+02:00,
RTD.A.S0.N.F_UMD_CGG_D0.F,A,S0,N,F_UMD_CGG_D0,F,2005,-2.594,A,F,,,P1Y,S,,,GFS.A.N.I10.W0.S13.S1._Z.B.B9._Z._Z._Z.XDC_R_B1GQ._Z.S.V.N._T,,,,,,"See <a class=""external"" href=""http://sdw.ecb.europa.eu/web/generator/docu/rtdb_docu.pdf""> notes</a>; block Annual; series: B",,4,,,"Government deficit(-) or surplus(+), percent of GDP",Euro area (moving concept in the Real Time database context) - Deficit/surplus without UMTS proceeds - All sectors/ unspecified/ not applicable (ESA2010)-NCBs - General government (ESA2010)-NCBs - Non-financial flows current prices - Percentage,XDC_R_B1GQ,0,Replace,2022-07-20T15:30:00.000+02:00,
RTD.A.S0.N.F_UMD_CGG_D0.F,A,S0,N,F_UMD_CGG_D0,F,2006,-1.51821,A,F,,,P1Y,S,,,GFS.A.N.I10.W0.S13.S1._Z.B.B9._Z._Z._Z.XDC_R_B1GQ._Z.S.V.N._T,,,,,,"See <a class=""external"" href=""http://sdw.ecb.europa.eu/web/generator/docu/rtdb_docu.pdf""> notes</a>; block Annual; series: B",,4,,,"Government deficit(-) or surplus(+), percent of GDP",Euro area (moving concept in the Real Time database context) - Deficit/surplus without UMTS proceeds - All sectors/ unspecified/ not applicable (ESA2010)-NCBs - General government (ESA2010)-NCBs - Non-financial flows current prices - Percentage,XDC_R_B1GQ,0,Replace,2022-07-20T15:30:00.000+02:00,
RTD.A.S0.N.F_UMD_CGG_D0.F,A,S0,N,F_UMD_CGG_D0,F,2007,-0.64601,A,F,,,P1Y,S,,,GFS.A.N.I10.W0.S13.S1._Z.B.B9._Z._Z._Z.XDC_R_B1GQ._Z.S.V.N._T,,,,,,"See <a class=""external"" href=""http://sdw.ecb.europa.eu/web/generator/docu/rtdb_docu.pdf""> notes</a>; block Annual; series: B",,4,,,"Government deficit(-) or surplus(+), percent of GDP",Euro area (moving concept in the Real Time database context) - Deficit/surplus without UMTS proceeds - All sectors/ unspecified/ not applicable (ESA2010)-NCBs - General government (ESA2010)-NCBs - Non-financial flows current prices - Percentage,XDC_R_B1GQ,0,Replace,2022-07-20T15:30:00.000+02:00,
RTD.A.S0.N.F_UMD_CGG_D0.F,A,S0,N,F_UMD_CGG_D0,F,2008,-2.16161,A,F,,,P1Y,S,,,GFS.A.N.I10.W0.S13.S1._Z.B.B9._Z._Z._Z.XDC_R_B1GQ._Z.S.V.N._T,,,,,,"See <a class=""external"" href=""http://sdw.ecb.europa.eu/web/generator/docu/rtdb_docu.pdf""> notes</a>; block Annual; series: B",,4,,,"Government deficit(-) or surplus(+), percent of GDP",Euro area (moving concept in the Real Time database context) - Deficit/surplus without UMTS proceeds - All sectors/ unspecified/ not applicable (ESA2010)-NCBs - General government (ESA2010)-NCBs - Non-financial flows current prices - Percentage,XDC_R_B1GQ,0,Replace,2022-07-20T15:30:00.000+02:00,
RTD.A.S0.N.F_UMD_CGG_D0.F,A,S0,N,F_UMD_CGG_D0,F,2009,-6.23414,A,F,,,P1Y,S,,,GFS.A.N.I10.W0.S13.S1._Z.B.B9._Z._Z._Z.XDC_R_B1GQ._Z.S.V.N._T,,,,,,"See <a class=""external"" href=""http://sdw.ecb.europa.eu/web/generator/docu/rtdb_docu.pdf""> notes</a>; block Annual; series: B",,4,,,"Government deficit(-) or surplus(+), percent of GDP",Euro area (moving concept in the Real Time database context) - Deficit/surplus without UMTS proceeds - All sectors/ unspecified/ not applicable (ESA2010)-NCBs - General government (ESA2010)-NCBs - Non-financial flows current prices - Percentage,XDC_R_B1GQ,0,Replace,2022-07-20T15:30:00.000+02:00,
RTD.A.S0.N.F_UMD_CGG_D0.F,A,S0,N,F_UMD_CGG_D0,F,2010,-6.27454,A,F,,,P1Y,S,,,GFS.A.N.I10.W0.S13.S1._Z.B.B9._Z._Z._Z.XDC_R_B1GQ._Z.S.V.N._T,,,,,,"See <a class=""external"" href=""http://sdw.ecb.europa.eu/web/generator/docu/rtdb_docu.pdf""> notes</a>; block Annual; series: B",,4,,,"Government deficit(-) or surplus(+), percent of GDP",Euro area (moving concept in the Real Time database context) - Deficit/surplus without UMTS proceeds - All sectors/ unspecified/ not applicable (ESA2010)-NCBs - General government (ESA2010)-NCBs - Non-financial flows current prices - Percentage,XDC_R_B1GQ,0,Replace,2022-07-20T15:30:00.000+02:00,
RTD.A.S0.N.F_UMD_CGG_D0.F,A,S0,N,F_UMD_CGG_D0,F,2011,-4.24764,A,F,,,P1Y,S,,,GFS.A.N.I10.W0.S13.S1._Z.B.B9._Z._Z._Z.XDC_R_B1GQ._Z.S.V.N._T,,,,,,"See <a class=""external"" href=""http://sdw.ecb.europa.eu/web/generator/docu/rtdb_docu.pdf""> notes</a>; block Annual; series: B",,4,,,"Government deficit(-) or surplus(+), percent of GDP",Euro area (moving concept in the Real Time database context) - Deficit/surplus without UMTS proceeds - All sectors/ unspecified/ not applicable (ESA2010)-NCBs - General government (ESA2010)-NCBs - Non-financial flows current prices - Percentage,XDC_R_B1GQ,0,Replace,2022-07-20T15:30:00.000+02:00,
RTD.A.S0.N.F_UMD_CGG_D0.F,A,S0,N,F_UMD_CGG_D0,F,2012,-3.80776,A,F,,,P1Y,S,,,GFS.A.N.I10.W0.S13.S1._Z.B.B9._Z._Z._Z.XDC_R_B1GQ._Z.S.V.N._T,,,,,,"See <a class=""external"" href=""http://sdw.ecb.europa.eu/web/generator/docu/rtdb_docu.pdf""> notes</a>; block Annual; series: B",,4,,,"Government deficit(-) or surplus(+), percent of GDP",Euro area (moving concept in the Real Time database context) - Deficit/surplus without UMTS proceeds - All sectors/ unspecified/ not applicable (ESA2010)-NCBs - General government (ESA2010)-NCBs - Non-financial flows current prices - Percentage,XDC_R_B1GQ,0,Replace,2022-07-20T15:30:00.000+02:00,
RTD.A.S0.N.F_UMD_CGG_D0.F,A,S0,N,F_UMD_CGG_D0,F,2013,-3.07395,A,F,,,P1Y,S,,,GFS.A.N.I10.W0.S13.S1._Z.B.B9._Z._Z._Z.XDC_R_B1GQ._Z.S.V.N._T,,,,,,"See <a class=""external"" href=""http://sdw.ecb.europa.eu/web/generator/docu/rtdb_docu.pdf""> notes</a>; block Annual; series: B",,4,,,"Government deficit(-) or surplus(+), percent of GDP",Euro area (moving concept in the Real Time database context) - Deficit/surplus without UMTS proceeds - All sectors/ unspecified/ not applicable (ESA2010)-NCBs - General government (ESA2010)-NCBs - Non-financial flows current prices - Percentage,XDC_R_B1GQ,0,Replace,2022-07-20T15:30:00.000+02:00,
RTD.A.S0.N.F_UMD_CGG_D0.F,A,S0,N,F_UMD_CGG_D0,F,2014,-2.48859,A,F,,,P1Y,S,,,GFS.A.N.I10.W0.S13.S1._Z.B.B9._Z._Z._Z.XDC_R_B1GQ._Z.S.V.N._T,,,,,,"See <a class=""external"" href=""http://sdw.ecb.europa.eu/web/generator/docu/rtdb_docu.pdf""> notes</a>; block Annual; series: B",,4,,,"Government deficit(-) or surplus(+), percent of GDP",Euro area (moving concept in the Real Time database context) - Deficit/surplus without UMTS proceeds - All sectors/ unspecified/ not applicable (ESA2010)-NCBs - General government (ESA2010)-NCBs - Non-financial flows current prices - Percentage,XDC_R_B1GQ,0,Replace,2022-07-20T15:30:00.000+02:00,
RTD.A.S0.N.F_UMD_CGG_D0.F,A,S0,N,F_UMD_CGG_D0,F,2015,-1.99732,A,F,,,P1Y,S,,,GFS.A.N.I10.W0.S13.S1._Z.B.B9._Z._Z._Z.XDC_R_B1GQ._Z.S.V.N._T,,,,,,"See <a class=""external"" href=""http://sdw.ecb.europa.eu/web/generator/docu/rtdb_docu.pdf""> notes</a>; block Annual; series: B",,4,,,"Government deficit(-) or surplus(+), percent of GDP",Euro area (moving concept in the Real Time database context) - Deficit/surplus without UMTS proceeds - All sectors/ unspecified/ not applicable (ESA2010)-NCBs - General government (ESA2010)-NCBs - Non-financial flows current prices - Percentage,XDC_R_B1GQ,0,Replace,2022-07-20T15:30:00.000+02:00,
RTD.A.S0.N.F_UMD_CGG_D0.F,A,S0,N,F_UMD_CGG_D0,F,2016,-1.47654,A,F,,,P1Y,S,,,GFS.A.N.I10.W0.S13.S1._Z.B.B9._Z._Z._Z.XDC_R_B1GQ._Z.S.V.N._T,,,,,,"See <a class=""external"" href=""http://sdw.ecb.europa.eu/web/generator/docu/rtdb_docu.pdf""> notes</a>; block Annual; series: B",,4,,,"Government deficit(-) or surplus(+), percent of GDP",Euro area (moving concept in the Real Time database context) - Deficit/surplus without UMTS proceeds - All sectors/ unspecified/ not applicable (ESA2010)-NCBs - General government (ESA2010)-NCBs - Non-financial flows current prices - Percentage,XDC_R_B1GQ,0,Replace,2022-07-20T15:30:00.000+02:00,
RTD.A.S0.N.F_UMD_CGG_D0.F,A,S0,N,F_UMD_CGG_D0,F,2017,-0.9379,A,F,,,P1Y,S,,,GFS.A.N.I10.W0.S13.S1._Z.B.B9._Z._Z._Z.XDC_R_B1GQ._Z.S.V.N._T,,,,,,"See <a class=""external"" href=""http://sdw.ecb.europa.eu/web/generator/docu/rtdb_docu.pdf""> notes</a>; block Annual; series: B",,4,,,"Government deficit(-) or surplus(+), percent of GDP",Euro area (moving concept in the Real Time database context) - Deficit/surplus without UMTS proceeds - All sectors/ unspecified/ not applicable (ESA2010)-NCBs - General government (ESA2010)-NCBs - Non-financial flows current prices - Percentage,XDC_R_B1GQ,0,Replace,2022-07-20T15:30:00.000+02:00,
RTD.A.S0.N.F_UMD_CGG_D0.F,A,S0,N,F_UMD_CGG_D0,F,2018,-0.44718,A,F,,,P1Y,S,,,GFS.A.N.I10.W0.S13.S1._Z.B.B9._Z._Z._Z.XDC_R_B1GQ._Z.S.V.N._T,,,,,,"See <a class=""external"" href=""http://sdw.ecb.europa.eu/web/generator/docu/rtdb_docu.pdf""> notes</a>; block Annual; series: B",,4,,,"Government deficit(-) or surplus(+), percent of GDP",Euro area (moving concept in the Real Time database context) - Deficit/surplus without UMTS proceeds - All sectors/ unspecified/ not applicable (ESA2010)-NCBs - General government (ESA2010)-NCBs - Non-financial flows current prices - Percentage,XDC_R_B1GQ,0,Replace,2022-07-20T15:30:00.000+02:00,
RTD.A.S0.N.F_UMD_CGG_D0.F,A,S0,N,F_UMD_CGG_D0,F,2019,-0.66429,A,F,,,P1Y,S,,,GFS.A.N.I10.W0.S13.S1._Z.B.B9._Z._Z._Z.XDC_R_B1GQ._Z.S.V.N._T,,,,,,"See <a class=""external"" href=""http://sdw.ecb.europa.eu/web/generator/docu/rtdb_docu.pdf""> notes</a>; block Annual; series: B",,4,,,"Government deficit(-) or surplus(+), percent of GDP",Euro area (moving concept in the Real Time database context) - Deficit/surplus without UMTS proceeds - All sectors/ unspecified/ not applicable (ESA2010)-NCBs - General government (ESA2010)-NCBs - Non-financial flows current prices - Percentage,XDC_R_B1GQ,0,Replace,2022-07-20T15:30:00.000+02:00,
RTD.A.S0.N.F_UMD_CGG_D0.F,A,S0,N,F_UMD_CGG_D0,F,2020,-7.07037,A,F,,,P1Y,S,,,GFS.A.N.I10.W0.S13.S1._Z.B.B9._Z._Z._Z.XDC_R_B1GQ._Z.S.V.N._T,,,,,,"See <a class=""external"" href=""http://sdw.ecb.europa.eu/web/generator/docu/rtdb_docu.pdf""> notes</a>; block Annual; series: B",,4,,,"Government deficit(-) or surplus(+), percent of GDP",Euro area (moving concept in the Real Time database context) - Deficit/surplus without UMTS proceeds - All sectors/ unspecified/ not applicable (ESA2010)-NCBs - General government (ESA2010)-NCBs - Non-financial flows current prices - Percentage,XDC_R_B1GQ,0,Replace,2022-07-20T15:30:00.000+02:00,
RTD.A.S0.N.F_UMD_CGG_D0.F,A,S0,N,F_UMD_CGG_D0,F,2021,-5.10278,A,F,,,P1Y,S,,,GFS.A.N.I10.W0.S13.S1._Z.B.B9._Z._Z._Z.XDC_R_B1GQ._Z.S.V.N._T,,,,,,"See <a class=""external"" href=""http://sdw.ecb.europa.eu/web/generator/docu/rtdb_docu.pdf""> notes</a>; block Annual; series: B",,4,,,"Government deficit(-) or surplus(+), percent of GDP",Euro area (moving concept in the Real Time database context) - Deficit/surplus without UMTS proceeds - All sectors/ unspecified/ not applicable (ESA2010)-NCBs - General government (ESA2010)-NCBs - Non-financial flows current prices - Percentage,XDC_R_B1GQ,0,Replace,2022-07-20T15:30:00.000+02:00,
RTD.A.S0.N.F_UMD_CGG_D0.F,A,S0,N,F_UMD_CGG_D0,F,1995,-7.28023,A,F,,,P1Y,S,,,GFS.A.N.I10.W0.S13.S1._Z.B.B9._Z._Z._Z.XDC_R_B1GQ._Z.S.V.N._T,,,,,,"See <a class=""external"" href=""http://sdw.ecb.europa.eu/web/generator/docu/rtdb_docu.pdf""> notes</a>; block Annual; series: B",,4,,,"Government deficit(-) or surplus(+), percent of GDP",Euro area (moving concept in the Real Time database context) - Deficit/surplus without UMTS proceeds - All sectors/ unspecified/ not applicable (ESA2010)-NCBs - General government (ESA2010)-NCBs - Non-financial flows current prices - Percentage,XDC_R_B1GQ,0,Replace,2022-10-26T15:30:00.000+02:00,
RTD.A.S0.N.F_UMD_CGG_D0.F,A,S0,N,F_UMD_CGG_D0,F,1996,-4.36485,A,F,,,P1Y,S,,,GFS.A.N.I10.W0.S13.S1._Z.B.B9._Z._Z._Z.XDC_R_B1GQ._Z.S.V.N._T,,,,,,"See <a class=""external"" href=""http://sdw.ecb.europa.eu/web/generator/docu/rtdb_docu.pdf""> notes</a>; block Annual; series: B",,4,,,"Government deficit(-) or surplus(+), percent of GDP",Euro area (moving concept in the Real Time database context) - Deficit/surplus without UMTS proceeds - All sectors/ unspecified/ not applicable (ESA2010)-NCBs - General government (ESA2010)-NCBs - Non-financial flows current prices - Percentage,XDC_R_B1GQ,0,Replace,2022-10-26T15:30:00.000+02:00,
RTD.A.S0.N.F_UMD_CGG_D0.F,A,S0,N,F_UMD_CGG_D0,F,1997,-3.05111,A,F,,,P1Y,S,,,GFS.A.N.I10.W0.S13.S1._Z.B.B9._Z._Z._Z.XDC_R_B1GQ._Z.S.V.N._T,,,,,,"See <a class=""external"" href=""http://sdw.ecb.europa.eu/web/generator/docu/rtdb_docu.pdf""> notes</a>; block Annual; series: B",,4,,,"Government deficit(-) or surplus(+), percent of GDP",Euro area (moving concept in the Real Time database context) - Deficit/surplus without UMTS proceeds - All sectors/ unspecified/ not applicable (ESA2010)-NCBs - General government (ESA2010)-NCBs - Non-financial flows current prices - Percentage,XDC_R_B1GQ,0,Replace,2022-10-26T15:30:00.000+02:00,
RTD.A.S0.N.F_UMD_CGG_D0.F,A,S0,N,F_UMD_CGG_D0,F,1998,-2.44528,A,F,,,P1Y,S,,,GFS.A.N.I10.W0.S13.S1._Z.B.B9._Z._Z._Z.XDC_R_B1GQ._Z.S.V.N._T,,,,,,"See <a class=""external"" href=""http://sdw.ecb.europa.eu/web/generator/docu/rtdb_docu.pdf""> notes</a>; block Annual; series: B",,4,,,"Government deficit(-) or surplus(+), percent of GDP",Euro area (moving concept in the Real Time database context) - Deficit/surplus without UMTS proceeds - All sectors/ unspecified/ not applicable (ESA2010)-NCBs - General government (ESA2010)-NCBs - Non-financial flows current prices - Percentage,XDC_R_B1GQ,0,Replace,2022-10-26T15:30:00.000+02:00,
RTD.A.S0.N.F_UMD_CGG_D0.F,A,S0,N,F_UMD_CGG_D0,F,1999,-1.51588,A,F,,,P1Y,S,,,GFS.A.N.I10.W0.S13.S1._Z.B.B9._Z._Z._Z.XDC_R_B1GQ._Z.S.V.N._T,,,,,,"See <a class=""external"" href=""http://sdw.ecb.europa.eu/web/generator/docu/rtdb_docu.pdf""> notes</a>; block Annual; series: B",,4,,,"Government deficit(-) or surplus(+), percent of GDP",Euro area (moving concept in the Real Time database context) - Deficit/surplus without UMTS proceeds - All sectors/ unspecified/ not applicable (ESA2010)-NCBs - General government (ESA2010)-NCBs - Non-financial flows current prices - Percentage,XDC_R_B1GQ,0,Replace,2022-10-26T15:30:00.000+02:00,
RTD.A.S0.N.F_UMD_CGG_D0.F,A,S0,N,F_UMD_CGG_D0,F,2000,-1.28353,A,F,,,P1Y,S,,,GFS.A.N.I10.W0.S13.S1._Z.B.B9._Z._Z._Z.XDC_R_B1GQ._Z.S.V.N._T,,,,,,"See <a class=""external"" href=""http://sdw.ecb.europa.eu/web/generator/docu/rtdb_docu.pdf""> notes</a>; block Annual; series: B",,4,,,"Government deficit(-) or surplus(+), percent of GDP",Euro area (moving concept in the Real Time database context) - Deficit/surplus without UMTS proceeds - All sectors/ unspecified/ not applicable (ESA2010)-NCBs - General government (ESA2010)-NCBs - Non-financial flows current prices - Percentage,XDC_R_B1GQ,0,Replace,2022-10-26T15:30:00.000+02:00,
RTD.A.S0.N.F_UMD_CGG_D0.F,A,S0,N,F_UMD_CGG_D0,F,2001,-1.96105,A,F,,,P1Y,S,,,GFS.A.N.I10.W0.S13.S1._Z.B.B9._Z._Z._Z.XDC_R_B1GQ._Z.S.V.N._T,,,,,,"See <a class=""external"" href=""http://sdw.ecb.europa.eu/web/generator/docu/rtdb_docu.pdf""> notes</a>; block Annual; series: B",,4,,,"Government deficit(-) or surplus(+), percent of GDP",Euro area (moving concept in the Real Time database context) - Deficit/surplus without UMTS proceeds - All sectors/ unspecified/ not applicable (ESA2010)-NCBs - General government (ESA2010)-NCBs - Non-financial flows current prices - Percentage,XDC_R_B1GQ,0,Replace,2022-10-26T15:30:00.000+02:00,
RTD.A.S0.N.F_UMD_CGG_D0.F,A,S0,N,F_UMD_CGG_D0,F,2002,-2.67304,A,F,,,P1Y,S,,,GFS.A.N.I10.W0.S13.S1._Z.B.B9._Z._Z._Z.XDC_R_B1GQ._Z.S.V.N._T,,,,,,"See <a class=""external"" href=""http://sdw.ecb.europa.eu/web/generator/docu/rtdb_docu.pdf""> notes</a>; block Annual; series: B",,4,,,"Government deficit(-) or surplus(+), percent of GDP",Euro area (moving concept in the Real Time database context) - Deficit/surplus without UMTS proceeds - All sectors/ unspecified/ not applicable (ESA2010)-NCBs - General government (ESA2010)-NCBs - Non-financial flows current prices - Percentage,XDC_R_B1GQ,0,Replace,2022-10-26T15:30:00.000+02:00,
RTD.A.S0.N.F_UMD_CGG_D0.F,A,S0,N,F_UMD_CGG_D0,F,2003,-3.08783,A,F,,,P1Y,S,,,GFS.A.N.I10.W0.S13.S1._Z.B.B9._Z._Z._Z.XDC_R_B1GQ._Z.S.V.N._T,,,,,,"See <a class=""external"" href=""http://sdw.ecb.europa.eu/web/generator/docu/rtdb_docu.pdf""> notes</a>; block Annual; series: B",,4,,,"Government deficit(-) or surplus(+), percent of GDP",Euro area (moving concept in the Real Time database context) - Deficit/surplus without UMTS proceeds - All sectors/ unspecified/ not applicable (ESA2010)-NCBs - General government (ESA2010)-NCBs - Non-financial flows current prices - Percentage,XDC_R_B1GQ,0,Replace,2022-10-26T15:30:00.000+02:00,
RTD.A.S0.N.F_UMD_CGG_D0.F,A,S0,N,F_UMD_CGG_D0,F,2004,-2.86185,A,F,,,P1Y,S,,,GFS.A.N.I10.W0.S13.S1._Z.B.B9._Z._Z._Z.XDC_R_B1GQ._Z.S.V.N._T,,,,,,"See <a class=""external"" href=""http://sdw.ecb.europa.eu/web/generator/docu/rtdb_docu.pdf""> notes</a>; block Annual; series: B",,4,,,"Government deficit(-) or surplus(+), percent of GDP",Euro area (moving concept in the Real Time database context) - Deficit/surplus without UMTS proceeds - All sectors/ unspecified/ not applicable (ESA2010)-NCBs - General government (ESA2010)-NCBs - Non-financial flows current prices - Percentage,XDC_R_B1GQ,0,Replace,2022-10-26T15:30:00.000+02:00,
RTD.A.S0.N.F_UMD_CGG_D0.F,A,S0,N,F_UMD_CGG_D0,F,2005,-2.59543,A,F,,,P1Y,S,,,GFS.A.N.I10.W0.S13.S1._Z.B.B9._Z._Z._Z.XDC_R_B1GQ._Z.S.V.N._T,,,,,,"See <a class=""external"" href=""http://sdw.ecb.europa.eu/web/generator/docu/rtdb_docu.pdf""> notes</a>; block Annual; series: B",,4,,,"Government deficit(-) or surplus(+), percent of GDP",Euro area (moving concept in the Real Time database context) - Deficit/surplus without UMTS proceeds - All sectors/ unspecified/ not applicable (ESA2010)-NCBs - General government (ESA2010)-NCBs - Non-financial flows current prices - Percentage,XDC_R_B1GQ,0,Replace,2022-10-26T15:30:00.000+02:00,
RTD.A.S0.N.F_UMD_CGG_D0.F,A,S0,N,F_UMD_CGG_D0,F,2006,-1.5195,A,F,,,P1Y,S,,,GFS.A.N.I10.W0.S13.S1._Z.B.B9._Z._Z._Z.XDC_R_B1GQ._Z.S.V.N._T,,,,,,"See <a class=""external"" href=""http://sdw.ecb.europa.eu/web/generator/docu/rtdb_docu.pdf""> notes</a>; block Annual; series: B",,4,,,"Government deficit(-) or surplus(+), percent of GDP",Euro area (moving concept in the Real Time database context) - Deficit/surplus without UMTS proceeds - All sectors/ unspecified/ not applicable (ESA2010)-NCBs - General government (ESA2010)-NCBs - Non-financial flows current prices - Percentage,XDC_R_B1GQ,0,Replace,2022-10-26T15:30:00.000+02:00,
RTD.A.S0.N.F_UMD_CGG_D0.F,A,S0,N,F_UMD_CGG_D0,F,2007,-0.64724,A,F,,,P1Y,S,,,GFS.A.N.I10.W0.S13.S1._Z.B.B9._Z._Z._Z.XDC_R_B1GQ._Z.S.V.N._T,,,,,,"See <a class=""external"" href=""http://sdw.ecb.europa.eu/web/generator/docu/rtdb_docu.pdf""> notes</a>; block Annual; series: B",,4,,,"Government deficit(-) or surplus(+), percent of GDP",Euro area (moving concept in the Real Time database context) - Deficit/surplus without UMTS proceeds - All sectors/ unspecified/ not applicable (ESA2010)-NCBs - General government (ESA2010)-NCBs - Non-financial flows current prices - Percentage,XDC_R_B1GQ,0,Replace,2022-10-26T15:30:00.000+02:00,
RTD.A.S0.N.F_UMD_CGG_D0.F,A,S0,N,F_UMD_CGG_D0,F,2008,-2.16002,A,F,,,P1Y,S,,,GFS.A.N.I10.W0.S13.S1._Z.B.B9._Z._Z._Z.XDC_R_B1GQ._Z.S.V.N._T,,,,,,"See <a class=""external"" href=""http://sdw.ecb.europa.eu/web/generator/docu/rtdb_docu.pdf""> notes</a>; block Annual; series: B",,4,,,"Government deficit(-) or surplus(+), percent of GDP",Euro area (moving concept in the Real Time database context) - Deficit/surplus without UMTS proceeds - All sectors/ unspecified/ not applicable (ESA2010)-NCBs - General government (ESA2010)-NCBs - Non-financial flows current prices - Percentage,XDC_R_B1GQ,0,Replace,2022-10-26T15:30:00.000+02:00,
RTD.A.S0.N.F_UMD_CGG_D0.F,A,S0,N,F_UMD_CGG_D0,F,2009,-6.23922,A,F,,,P1Y,S,,,GFS.A.N.I10.W0.S13.S1._Z.B.B9._Z._Z._Z.XDC_R_B1GQ._Z.S.V.N._T,,,,,,"See <a class=""external"" href=""http://sdw.ecb.europa.eu/web/generator/docu/rtdb_docu.pdf""> notes</a>; block Annual; series: B",,4,,,"Government deficit(-) or surplus(+), percent of GDP",Euro area (moving concept in the Real Time database context) - Deficit/surplus without UMTS proceeds - All sectors/ unspecified/ not applicable (ESA2010)-NCBs - General government (ESA2010)-NCBs - Non-financial flows current prices - Percentage,XDC_R_B1GQ,0,Replace,2022-10-26T15:30:00.000+02:00,
RTD.A.S0.N.F_UMD_CGG_D0.F,A,S0,N,F_UMD_CGG_D0,F,2010,-6.2782,A,F,,,P1Y,S,,,GFS.A.N.I10.W0.S13.S1._Z.B.B9._Z._Z._Z.XDC_R_B1GQ._Z.S.V.N._T,,,,,,"See <a class=""external"" href=""http://sdw.ecb.europa.eu/web/generator/docu/rtdb_docu.pdf""> notes</a>; block Annual; series: B",,4,,,"Government deficit(-) or surplus(+), percent of GDP",Euro area (moving concept in the Real Time database context) - Deficit/surplus without UMTS proceeds - All sectors/ unspecified/ not applicable (ESA2010)-NCBs - General government (ESA2010)-NCBs - Non-financial flows current prices - Percentage,XDC_R_B1GQ,0,Replace,2022-10-26T15:30:00.000+02:00,
RTD.A.S0.N.F_UMD_CGG_D0.F,A,S0,N,F_UMD_CGG_D0,F,2011,-4.24626,A,F,,,P1Y,S,,,GFS.A.N.I10.W0.S13.S1._Z.B.B9._Z._Z._Z.XDC_R_B1GQ._Z.S.V.N._T,,,,,,"See <a class=""external"" href=""http://sdw.ecb.europa.eu/web/generator/docu/rtdb_docu.pdf""> notes</a>; block Annual; series: B",,4,,,"Government deficit(-) or surplus(+), percent of GDP",Euro area (moving concept in the Real Time database context) - Deficit/surplus without UMTS proceeds - All sectors/ unspecified/ not applicable (ESA2010)-NCBs - General government (ESA2010)-NCBs - Non-financial flows current prices - Percentage,XDC_R_B1GQ,0,Replace,2022-10-26T15:30:00.000+02:00,
RTD.A.S0.N.F_UMD_CGG_D0.F,A,S0,N,F_UMD_CGG_D0,F,2012,-3.8019,A,F,,,P1Y,S,,,GFS.A.N.I10.W0.S13.S1._Z.B.B9._Z._Z._Z.XDC_R_B1GQ._Z.S.V.N._T,,,,,,"See <a class=""external"" href=""http://sdw.ecb.europa.eu/web/generator/docu/rtdb_docu.pdf""> notes</a>; block Annual; series: B",,4,,,"Government deficit(-) or surplus(+), percent of GDP",Euro area (moving concept in the Real Time database context) - Deficit/surplus without UMTS proceeds - All sectors/ unspecified/ not applicable (ESA2010)-NCBs - General government (ESA2010)-NCBs - Non-financial flows current prices - Percentage,XDC_R_B1GQ,0,Replace,2022-10-26T15:30:00.000+02:00,
RTD.A.S0.N.F_UMD_CGG_D0.F,A,S0,N,F_UMD_CGG_D0,F,2013,-3.07109,A,F,,,P1Y,S,,,GFS.A.N.I10.W0.S13.S1._Z.B.B9._Z._Z._Z.XDC_R_B1GQ._Z.S.V.N._T,,,,,,"See <a class=""external"" href=""http://sdw.ecb.europa.eu/web/generator/docu/rtdb_docu.pdf""> notes</a>; block Annual; series: B",,4,,,"Government deficit(-) or surplus(+), percent of GDP",Euro area (moving concept in the Real Time database context) - Deficit/surplus without UMTS proceeds - All sectors/ unspecified/ not applicable (ESA2010)-NCBs - General government (ESA2010)-NCBs - Non-financial flows current prices - Percentage,XDC_R_B1GQ,0,Replace,2022-10-26T15:30:00.000+02:00,
RTD.A.S0.N.F_UMD_CGG_D0.F,A,S0,N,F_UMD_CGG_D0,F,2014,-2.48847,A,F,,,P1Y,S,,,GFS.A.N.I10.W0.S13.S1._Z.B.B9._Z._Z._Z.XDC_R_B1GQ._Z.S.V.N._T,,,,,,"See <a class=""external"" href=""http://sdw.ecb.europa.eu/web/generator/docu/rtdb_docu.pdf""> notes</a>; block Annual; series: B",,4,,,"Government deficit(-) or surplus(+), percent of GDP",Euro area (moving concept in the Real Time database context) - Deficit/surplus without UMTS proceeds - All sectors/ unspecified/ not applicable (ESA2010)-NCBs - General government (ESA2010)-NCBs - Non-financial flows current prices - Percentage,XDC_R_B1GQ,0,Replace,2022-10-26T15:30:00.000+02:00,
RTD.A.S0.N.F_UMD_CGG_D0.F,A,S0,N,F_UMD_CGG_D0,F,2015,-1.98689,A,F,,,P1Y,S,,,GFS.A.N.I10.W0.S13.S1._Z.B.B9._Z._Z._Z.XDC_R_B1GQ._Z.S.V.N._T,,,,,,"See <a class=""external"" href=""http://sdw.ecb.europa.eu/web/generator/docu/rtdb_docu.pdf""> notes</a>; block Annual; series: B",,4,,,"Government deficit(-) or surplus(+), percent of GDP",Euro area (moving concept in the Real Time database context) - Deficit/surplus without UMTS proceeds - All sectors/ unspecified/ not applicable (ESA2010)-NCBs - General government (ESA2010)-NCBs - Non-financial flows current prices - Percentage,XDC_R_B1GQ,0,Replace,2022-10-26T15:30:00.000+02:00,
RTD.A.S0.N.F_UMD_CGG_D0.F,A,S0,N,F_UMD_CGG_D0,F,2016,-1.46954,A,F,,,P1Y,S,,,GFS.A.N.I10.W0.S13.S1._Z.B.B9._Z._Z._Z.XDC_R_B1GQ._Z.S.V.N._T,,,,,,"See <a class=""external"" href=""http://sdw.ecb.europa.eu/web/generator/docu/rtdb_docu.pdf""> notes</a>; block Annual; series: B",,4,,,"Government deficit(-) or surplus(+), percent of GDP",Euro area (moving concept in the Real Time database context) - Deficit/surplus without UMTS proceeds - All sectors/ unspecified/ not applicable (ESA2010)-NCBs - General government (ESA2010)-NCBs - Non-financial flows current prices - Percentage,XDC_R_B1GQ,0,Replace,2022-10-26T15:30:00.000+02:00,
RTD.A.S0.N.F_UMD_CGG_D0.F,A,S0,N,F_UMD_CGG_D0,F,2017,-0.93561,A,F,,,P1Y,S,,,GFS.A.N.I10.W0.S13.S1._Z.B.B9._Z._Z._Z.XDC_R_B1GQ._Z.S.V.N._T,,,,,,"See <a class=""external"" href=""http://sdw.ecb.europa.eu/web/generator/docu/rtdb_docu.pdf""> notes</a>; block Annual; series: B",,4,,,"Government deficit(-) or surplus(+), percent of GDP",Euro area (moving concept in the Real Time database context) - Deficit/surplus without UMTS proceeds - All sectors/ unspecified/ not applicable (ESA2010)-NCBs - General government (ESA2010)-NCBs - Non-financial flows current prices - Percentage,XDC_R_B1GQ,0,Replace,2022-10-26T15:30:00.000+02:00,
RTD.A.S0.N.F_UMD_CGG_D0.F,A,S0,N,F_UMD_CGG_D0,F,2018,-0.4293,A,F,,,P1Y,S,,,GFS.A.N.I10.W0.S13.S1._Z.B.B9._Z._Z._Z.XDC_R_B1GQ._Z.S.V.N._T,,,,,,"See <a class=""external"" href=""http://sdw.ecb.europa.eu/web/generator/docu/rtdb_docu.pdf""> notes</a>; block Annual; series: B",,4,,,"Government deficit(-) or surplus(+), percent of GDP",Euro area (moving concept in the Real Time database context) - Deficit/surplus without UMTS proceeds - All sectors/ unspecified/ not applicable (ESA2010)-NCBs - General government (ESA2010)-NCBs - Non-financial flows current prices - Percentage,XDC_R_B1GQ,0,Replace,2022-10-26T15:30:00.000+02:00,
RTD.A.S0.N.F_UMD_CGG_D0.F,A,S0,N,F_UMD_CGG_D0,F,2019,-0.63616,A,F,,,P1Y,S,,,GFS.A.N.I10.W0.S13.S1._Z.B.B9._Z._Z._Z.XDC_R_B1GQ._Z.S.V.N._T,,,,,,"See <a class=""external"" href=""http://sdw.ecb.europa.eu/web/generator/docu/rtdb_docu.pdf""> notes</a>; block Annual; series: B",,4,,,"Government deficit(-) or surplus(+), percent of GDP",Euro area (moving concept in the Real Time database context) - Deficit/surplus without UMTS proceeds - All sectors/ unspecified/ not applicable (ESA2010)-NCBs - General government (ESA2010)-NCBs - Non-financial flows current prices - Percentage,XDC_R_B1GQ,0,Replace,2022-10-26T15:30:00.000+02:00,
RTD.A.S0.N.F_UMD_CGG_D0.F,A,S0,N,F_UMD_CGG_D0,F,2020,-7.04563,A,F,,,P1Y,S,,,GFS.A.N.I10.W0.S13.S1._Z.B.B9._Z._Z._Z.XDC_R_B1GQ._Z.S.V.N._T,,,,,,"See <a class=""external"" href=""http://sdw.ecb.europa.eu/web/generator/docu/rtdb_docu.pdf""> notes</a>; block Annual; series: B",,4,,,"Government deficit(-) or surplus(+), percent of GDP",Euro area (moving concept in the Real Time database context) - Deficit/surplus without UMTS proceeds - All sectors/ unspecified/ not applicable (ESA2010)-NCBs - General government (ESA2010)-NCBs - Non-financial flows current prices - Percentage,XDC_R_B1GQ,0,Replace,2022-10-26T15:30:00.000+02:00,
RTD.A.S0.N.F_UMD_CGG_D0.F,A,S0,N,F_UMD_CGG_D0,F,2021,-5.11501,A,F,,,P1Y,S,,,GFS.A.N.I10.W0.S13.S1._Z.B.B9._Z._Z._Z.XDC_R_B1GQ._Z.S.V.N._T,,,,,,"See <a class=""external"" href=""http://sdw.ecb.europa.eu/web/generator/docu/rtdb_docu.pdf""> notes</a>; block Annual; series: B",,4,,,"Government deficit(-) or surplus(+), percent of GDP",Euro area (moving concept in the Real Time database context) - Deficit/surplus without UMTS proceeds - All sectors/ unspecified/ not applicable (ESA2010)-NCBs - General government (ESA2010)-NCBs - Non-financial flows current prices - Percentage,XDC_R_B1GQ,0,Replace,2022-10-26T15:30:00.000+02:00,
RTD.A.S0.N.F_UMD_CGG_D0.F,A,S0,N,F_UMD_CGG_D0,F,1995,-7.27631,A,F,,,P1Y,S,,,GFS.A.N.I10.W0.S13.S1._Z.B.B9._Z._Z._Z.XDC_R_B1GQ._Z.S.V.N._T,,,,,,"See <a class=""external"" href=""http://sdw.ecb.europa.eu/web/generator/docu/rtdb_docu.pdf""> notes</a>; block Annual; series: B",,4,,,"Government deficit(-) or surplus(+), percent of GDP",Euro area (moving concept in the Real Time database context) - Deficit/surplus without UMTS proceeds - All sectors/ unspecified/ not applicable (ESA2010)-NCBs - General government (ESA2010)-NCBs - Non-financial flows current prices - Percentage,XDC_R_B1GQ,0,Replace,2023-05-03T15:30:00.000+02:00,
RTD.A.S0.N.F_UMD_CGG_D0.F,A,S0,N,F_UMD_CGG_D0,F,1996,-4.37513,A,F,,,P1Y,S,,,GFS.A.N.I10.W0.S13.S1._Z.B.B9._Z._Z._Z.XDC_R_B1GQ._Z.S.V.N._T,,,,,,"See <a class=""external"" href=""http://sdw.ecb.europa.eu/web/generator/docu/rtdb_docu.pdf""> notes</a>; block Annual; series: B",,4,,,"Government deficit(-) or surplus(+), percent of GDP",Euro area (moving concept in the Real Time database context) - Deficit/surplus without UMTS proceeds - All sectors/ unspecified/ not applicable (ESA2010)-NCBs - General government (ESA2010)-NCBs - Non-financial flows current prices - Percentage,XDC_R_B1GQ,0,Replace,2023-05-03T15:30:00.000+02:00,
RTD.A.S0.N.F_UMD_CGG_D0.F,A,S0,N,F_UMD_CGG_D0,F,1997,-3.04282,A,F,,,P1Y,S,,,GFS.A.N.I10.W0.S13.S1._Z.B.B9._Z._Z._Z.XDC_R_B1GQ._Z.S.V.N._T,,,,,,"See <a class=""external"" href=""http://sdw.ecb.europa.eu/web/generator/docu/rtdb_docu.pdf""> notes</a>; block Annual; series: B",,4,,,"Government deficit(-) or surplus(+), percent of GDP",Euro area (moving concept in the Real Time database context) - Deficit/surplus without UMTS proceeds - All sectors/ unspecified/ not applicable (ESA2010)-NCBs - General government (ESA2010)-NCBs - Non-financial flows current prices - Percentage,XDC_R_B1GQ,0,Replace,2023-05-03T15:30:00.000+02:00,
RTD.A.S0.N.F_UMD_CGG_D0.F,A,S0,N,F_UMD_CGG_D0,F,1998,-2.44123,A,F,,,P1Y,S,,,GFS.A.N.I10.W0.S13.S1._Z.B.B9._Z._Z._Z.XDC_R_B1GQ._Z.S.V.N._T,,,,,,"See <a class=""external"" href=""http://sdw.ecb.europa.eu/web/generator/docu/rtdb_docu.pdf""> notes</a>; block Annual; series: B",,4,,,"Government deficit(-) or surplus(+), percent of GDP",Euro area (moving concept in the Real Time database context) - Deficit/surplus without UMTS proceeds - All sectors/ unspecified/ not applicable (ESA2010)-NCBs - General government (ESA2010)-NCBs - Non-financial flows current prices - Percentage,XDC_R_B1GQ,0,Replace,2023-05-03T15:30:00.000+02:00,
RTD.A.S0.N.F_UMD_CGG_D0.F,A,S0,N,F_UMD_CGG_D0,F,1999,-1.54136,A,F,,,P1Y,S,,,GFS.A.N.I10.W0.S13.S1._Z.B.B9._Z._Z._Z.XDC_R_B1GQ._Z.S.V.N._T,,,,,,"See <a class=""external"" href=""http://sdw.ecb.europa.eu/web/generator/docu/rtdb_docu.pdf""> notes</a>; block Annual; series: B",,4,,,"Government deficit(-) or surplus(+), percent of GDP",Euro area (moving concept in the Real Time database context) - Deficit/surplus without UMTS proceeds - All sectors/ unspecified/ not applicable (ESA2010)-NCBs - General government (ESA2010)-NCBs - Non-financial flows current prices - Percentage,XDC_R_B1GQ,0,Replace,2023-05-03T15:30:00.000+02:00,
RTD.A.S0.N.F_UMD_CGG_D0.F,A,S0,N,F_UMD_CGG_D0,F,2000,-1.30943,A,F,,,P1Y,S,,,GFS.A.N.I10.W0.S13.S1._Z.B.B9._Z._Z._Z.XDC_R_B1GQ._Z.S.V.N._T,,,,,,"See <a class=""external"" href=""http://sdw.ecb.europa.eu/web/generator/docu/rtdb_docu.pdf""> notes</a>; block Annual; series: B",,4,,,"Government deficit(-) or surplus(+), percent of GDP",Euro area (moving concept in the Real Time database context) - Deficit/surplus without UMTS proceeds - All sectors/ unspecified/ not applicable (ESA2010)-NCBs - General government (ESA2010)-NCBs - Non-financial flows current prices - Percentage,XDC_R_B1GQ,0,Replace,2023-05-03T15:30:00.000+02:00,
RTD.A.S0.N.F_UMD_CGG_D0.F,A,S0,N,F_UMD_CGG_D0,F,2001,-1.97011,A,F,,,P1Y,S,,,GFS.A.N.I10.W0.S13.S1._Z.B.B9._Z._Z._Z.XDC_R_B1GQ._Z.S.V.N._T,,,,,,"See <a class=""external"" href=""http://sdw.ecb.europa.eu/web/generator/docu/rtdb_docu.pdf""> notes</a>; block Annual; series: B",,4,,,"Government deficit(-) or surplus(+), percent of GDP",Euro area (moving concept in the Real Time database context) - Deficit/surplus without UMTS proceeds - All sectors/ unspecified/ not applicable (ESA2010)-NCBs - General government (ESA2010)-NCBs - Non-financial flows current prices - Percentage,XDC_R_B1GQ,0,Replace,2023-05-03T15:30:00.000+02:00,
RTD.A.S0.N.F_UMD_CGG_D0.F,A,S0,N,F_UMD_CGG_D0,F,2002,-2.68014,A,F,,,P1Y,S,,,GFS.A.N.I10.W0.S13.S1._Z.B.B9._Z._Z._Z.XDC_R_B1GQ._Z.S.V.N._T,,,,,,"See <a class=""external"" href=""http://sdw.ecb.europa.eu/web/generator/docu/rtdb_docu.pdf""> notes</a>; block Annual; series: B",,4,,,"Government deficit(-) or surplus(+), percent of GDP",Euro area (moving concept in the Real Time database context) - Deficit/surplus without UMTS proceeds - All sectors/ unspecified/ not applicable (ESA2010)-NCBs - General government (ESA2010)-NCBs - Non-financial flows current prices - Percentage,XDC_R_B1GQ,0,Replace,2023-05-03T15:30:00.000+02:00,
RTD.A.S0.N.F_UMD_CGG_D0.F,A,S0,N,F_UMD_CGG_D0,F,2003,-3.0938,A,F,,,P1Y,S,,,GFS.A.N.I10.W0.S13.S1._Z.B.B9._Z._Z._Z.XDC_R_B1GQ._Z.S.V.N._T,,,,,,"See <a class=""external"" href=""http://sdw.ecb.europa.eu/web/generator/docu/rtdb_docu.pdf""> notes</a>; block Annual; series: B",,4,,,"Government deficit(-) or surplus(+), percent of GDP",Euro area (moving concept in the Real Time database context) - Deficit/surplus without UMTS proceeds - All sectors/ unspecified/ not applicable (ESA2010)-NCBs - General government (ESA2010)-NCBs - Non-financial flows current prices - Percentage,XDC_R_B1GQ,0,Replace,2023-05-03T15:30:00.000+02:00,
RTD.A.S0.N.F_UMD_CGG_D0.F,A,S0,N,F_UMD_CGG_D0,F,2004,-2.8736,A,F,,,P1Y,S,,,GFS.A.N.I10.W0.S13.S1._Z.B.B9._Z._Z._Z.XDC_R_B1GQ._Z.S.V.N._T,,,,,,"See <a class=""external"" href=""http://sdw.ecb.europa.eu/web/generator/docu/rtdb_docu.pdf""> notes</a>; block Annual; series: B",,4,,,"Government deficit(-) or surplus(+), percent of GDP",Euro area (moving concept in the Real Time database context) - Deficit/surplus without UMTS proceeds - All sectors/ unspecified/ not applicable (ESA2010)-NCBs - General government (ESA2010)-NCBs - Non-financial flows current prices - Percentage,XDC_R_B1GQ,0,Replace,2023-05-03T15:30:00.000+02:00,
RTD.A.S0.N.F_UMD_CGG_D0.F,A,S0,N,F_UMD_CGG_D0,F,2005,-2.59729,A,F,,,P1Y,S,,,GFS.A.N.I10.W0.S13.S1._Z.B.B9._Z._Z._Z.XDC_R_B1GQ._Z.S.V.N._T,,,,,,"See <a class=""external"" href=""http://sdw.ecb.europa.eu/web/generator/docu/rtdb_docu.pdf""> notes</a>; block Annual; series: B",,4,,,"Government deficit(-) or surplus(+), percent of GDP",Euro area (moving concept in the Real Time database context) - Deficit/surplus without UMTS proceeds - All sectors/ unspecified/ not applicable (ESA2010)-NCBs - General government (ESA2010)-NCBs - Non-financial flows current prices - Percentage,XDC_R_B1GQ,0,Replace,2023-05-03T15:30:00.000+02:00,
RTD.A.S0.N.F_UMD_CGG_D0.F,A,S0,N,F_UMD_CGG_D0,F,2006,-1.52099,A,F,,,P1Y,S,,,GFS.A.N.I10.W0.S13.S1._Z.B.B9._Z._Z._Z.XDC_R_B1GQ._Z.S.V.N._T,,,,,,"See <a class=""external"" href=""http://sdw.ecb.europa.eu/web/generator/docu/rtdb_docu.pdf""> notes</a>; block Annual; series: B",,4,,,"Government deficit(-) or surplus(+), percent of GDP",Euro area (moving concept in the Real Time database context) - Deficit/surplus without UMTS proceeds - All sectors/ unspecified/ not applicable (ESA2010)-NCBs - General government (ESA2010)-NCBs - Non-financial flows current prices - Percentage,XDC_R_B1GQ,0,Replace,2023-05-03T15:30:00.000+02:00,
RTD.A.S0.N.F_UMD_CGG_D0.F,A,S0,N,F_UMD_CGG_D0,F,2007,-0.65399,A,F,,,P1Y,S,,,GFS.A.N.I10.W0.S13.S1._Z.B.B9._Z._Z._Z.XDC_R_B1GQ._Z.S.V.N._T,,,,,,"See <a class=""external"" href=""http://sdw.ecb.europa.eu/web/generator/docu/rtdb_docu.pdf""> notes</a>; block Annual; series: B",,4,,,"Government deficit(-) or surplus(+), percent of GDP",Euro area (moving concept in the Real Time database context) - Deficit/surplus without UMTS proceeds - All sectors/ unspecified/ not applicable (ESA2010)-NCBs - General government (ESA2010)-NCBs - Non-financial flows current prices - Percentage,XDC_R_B1GQ,0,Replace,2023-05-03T15:30:00.000+02:00,
RTD.A.S0.N.F_UMD_CGG_D0.F,A,S0,N,F_UMD_CGG_D0,F,2008,-2.16085,A,F,,,P1Y,S,,,GFS.A.N.I10.W0.S13.S1._Z.B.B9._Z._Z._Z.XDC_R_B1GQ._Z.S.V.N._T,,,,,,"See <a class=""external"" href=""http://sdw.ecb.europa.eu/web/generator/docu/rtdb_docu.pdf""> notes</a>; block Annual; series: B",,4,,,"Government deficit(-) or surplus(+), percent of GDP",Euro area (moving concept in the Real Time database context) - Deficit/surplus without UMTS proceeds - All sectors/ unspecified/ not applicable (ESA2010)-NCBs - General government (ESA2010)-NCBs - Non-financial flows current prices - Percentage,XDC_R_B1GQ,0,Replace,2023-05-03T15:30:00.000+02:00,
RTD.A.S0.N.F_UMD_CGG_D0.F,A,S0,N,F_UMD_CGG_D0,F,2009,-6.243,A,F,,,P1Y,S,,,GFS.A.N.I10.W0.S13.S1._Z.B.B9._Z._Z._Z.XDC_R_B1GQ._Z.S.V.N._T,,,,,,"See <a class=""external"" href=""http://sdw.ecb.europa.eu/web/generator/docu/rtdb_docu.pdf""> notes</a>; block Annual; series: B",,4,,,"Government deficit(-) or surplus(+), percent of GDP",Euro area (moving concept in the Real Time database context) - Deficit/surplus without UMTS proceeds - All sectors/ unspecified/ not applicable (ESA2010)-NCBs - General government (ESA2010)-NCBs - Non-financial flows current prices - Percentage,XDC_R_B1GQ,0,Replace,2023-05-03T15:30:00.000+02:00,
RTD.A.S0.N.F_UMD_CGG_D0.F,A,S0,N,F_UMD_CGG_D0,F,2010,-6.28002,A,F,,,P1Y,S,,,GFS.A.N.I10.W0.S13.S1._Z.B.B9._Z._Z._Z.XDC_R_B1GQ._Z.S.V.N._T,,,,,,"See <a class=""external"" href=""http://sdw.ecb.europa.eu/web/generator/docu/rtdb_docu.pdf""> notes</a>; block Annual; series: B",,4,,,"Government deficit(-) or surplus(+), percent of GDP",Euro area (moving concept in the Real Time database context) - Deficit/surplus without UMTS proceeds - All sectors/ unspecified/ not applicable (ESA2010)-NCBs - General government (ESA2010)-NCBs - Non-financial flows current prices - Percentage,XDC_R_B1GQ,0,Replace,2023-05-03T15:30:00.000+02:00,
RTD.A.S0.N.F_UMD_CGG_D0.F,A,S0,N,F_UMD_CGG_D0,F,2011,-4.26174,A,F,,,P1Y,S,,,GFS.A.N.I10.W0.S13.S1._Z.B.B9._Z._Z._Z.XDC_R_B1GQ._Z.S.V.N._T,,,,,,"See <a class=""external"" href=""http://sdw.ecb.europa.eu/web/generator/docu/rtdb_docu.pdf""> notes</a>; block Annual; series: B",,4,,,"Government deficit(-) or surplus(+), percent of GDP",Euro area (moving concept in the Real Time database context) - Deficit/surplus without UMTS proceeds - All sectors/ unspecified/ not applicable (ESA2010)-NCBs - General government (ESA2010)-NCBs - Non-financial flows current prices - Percentage,XDC_R_B1GQ,0,Replace,2023-05-03T15:30:00.000+02:00,
RTD.A.S0.N.F_UMD_CGG_D0.F,A,S0,N,F_UMD_CGG_D0,F,2012,-3.80958,A,F,,,P1Y,S,,,GFS.A.N.I10.W0.S13.S1._Z.B.B9._Z._Z._Z.XDC_R_B1GQ._Z.S.V.N._T,,,,,,"See <a class=""external"" href=""http://sdw.ecb.europa.eu/web/generator/docu/rtdb_docu.pdf""> notes</a>; block Annual; series: B",,4,,,"Government deficit(-) or surplus(+), percent of GDP",Euro area (moving concept in the Real Time database context) - Deficit/surplus without UMTS proceeds - All sectors/ unspecified/ not applicable (ESA2010)-NCBs - General government (ESA2010)-NCBs - Non-financial flows current prices - Percentage,XDC_R_B1GQ,0,Replace,2023-05-03T15:30:00.000+02:00,
RTD.A.S0.N.F_UMD_CGG_D0.F,A,S0,N,F_UMD_CGG_D0,F,2013,-3.08216,A,F,,,P1Y,S,,,GFS.A.N.I10.W0.S13.S1._Z.B.B9._Z._Z._Z.XDC_R_B1GQ._Z.S.V.N._T,,,,,,"See <a class=""external"" href=""http://sdw.ecb.europa.eu/web/generator/docu/rtdb_docu.pdf""> notes</a>; block Annual; series: B",,4,,,"Government deficit(-) or surplus(+), percent of GDP",Euro area (moving concept in the Real Time database context) - Deficit/surplus without UMTS proceeds - All sectors/ unspecified/ not applicable (ESA2010)-NCBs - General government (ESA2010)-NCBs - Non-financial flows current prices - Percentage,XDC_R_B1GQ,0,Replace,2023-05-03T15:30:00.000+02:00,
RTD.A.S0.N.F_UMD_CGG_D0.F,A,S0,N,F_UMD_CGG_D0,F,2014,-2.50016,A,F,,,P1Y,S,,,GFS.A.N.I10.W0.S13.S1._Z.B.B9._Z._Z._Z.XDC_R_B1GQ._Z.S.V.N._T,,,,,,"See <a class=""external"" href=""http://sdw.ecb.europa.eu/web/generator/docu/rtdb_docu.pdf""> notes</a>; block Annual; series: B",,4,,,"Government deficit(-) or surplus(+), percent of GDP",Euro area (moving concept in the Real Time database context) - Deficit/surplus without UMTS proceeds - All sectors/ unspecified/ not applicable (ESA2010)-NCBs - General government (ESA2010)-NCBs - Non-financial flows current prices - Percentage,XDC_R_B1GQ,0,Replace,2023-05-03T15:30:00.000+02:00,
RTD.A.S0.N.F_UMD_CGG_D0.F,A,S0,N,F_UMD_CGG_D0,F,2015,-1.99342,A,F,,,P1Y,S,,,GFS.A.N.I10.W0.S13.S1._Z.B.B9._Z._Z._Z.XDC_R_B1GQ._Z.S.V.N._T,,,,,,"See <a class=""external"" href=""http://sdw.ecb.europa.eu/web/generator/docu/rtdb_docu.pdf""> notes</a>; block Annual; series: B",,4,,,"Government deficit(-) or surplus(+), percent of GDP",Euro area (moving concept in the Real Time database context) - Deficit/surplus without UMTS proceeds - All sectors/ unspecified/ not applicable (ESA2010)-NCBs - General government (ESA2010)-NCBs - Non-financial flows current prices - Percentage,XDC_R_B1GQ,0,Replace,2023-05-03T15:30:00.000+02:00,
RTD.A.S0.N.F_UMD_CGG_D0.F,A,S0,N,F_UMD_CGG_D0,F,2016,-1.46778,A,F,,,P1Y,S,,,GFS.A.N.I10.W0.S13.S1._Z.B.B9._Z._Z._Z.XDC_R_B1GQ._Z.S.V.N._T,,,,,,"See <a class=""external"" href=""http://sdw.ecb.europa.eu/web/generator/docu/rtdb_docu.pdf""> notes</a>; block Annual; series: B",,4,,,"Government deficit(-) or surplus(+), percent of GDP",Euro area (moving concept in the Real Time database context) - Deficit/surplus without UMTS proceeds - All sectors/ unspecified/ not applicable (ESA2010)-NCBs - General government (ESA2010)-NCBs - Non-financial flows current prices - Percentage,XDC_R_B1GQ,0,Replace,2023-05-03T15:30:00.000+02:00,
RTD.A.S0.N.F_UMD_CGG_D0.F,A,S0,N,F_UMD_CGG_D0,F,2017,-0.92886,A,F,,,P1Y,S,,,GFS.A.N.I10.W0.S13.S1._Z.B.B9._Z._Z._Z.XDC_R_B1GQ._Z.S.V.N._T,,,,,,"See <a class=""external"" href=""http://sdw.ecb.europa.eu/web/generator/docu/rtdb_docu.pdf""> notes</a>; block Annual; series: B",,4,,,"Government deficit(-) or surplus(+), percent of GDP",Euro area (moving concept in the Real Time database context) - Deficit/surplus without UMTS proceeds - All sectors/ unspecified/ not applicable (ESA2010)-NCBs - General government (ESA2010)-NCBs - Non-financial flows current prices - Percentage,XDC_R_B1GQ,0,Replace,2023-05-03T15:30:00.000+02:00,
RTD.A.S0.N.F_UMD_CGG_D0.F,A,S0,N,F_UMD_CGG_D0,F,2018,-0.42779,A,F,,,P1Y,S,,,GFS.A.N.I10.W0.S13.S1._Z.B.B9._Z._Z._Z.XDC_R_B1GQ._Z.S.V.N._T,,,,,,"See <a class=""external"" href=""http://sdw.ecb.europa.eu/web/generator/docu/rtdb_docu.pdf""> notes</a>; block Annual; series: B",,4,,,"Government deficit(-) or surplus(+), percent of GDP",Euro area (moving concept in the Real Time database context) - Deficit/surplus without UMTS proceeds - All sectors/ unspecified/ not applicable (ESA2010)-NCBs - General government (ESA2010)-NCBs - Non-financial flows current prices - Percentage,XDC_R_B1GQ,0,Replace,2023-05-03T15:30:00.000+02:00,
RTD.A.S0.N.F_UMD_CGG_D0.F,A,S0,N,F_UMD_CGG_D0,F,2019,-0.63872,A,F,,,P1Y,S,,,GFS.A.N.I10.W0.S13.S1._Z.B.B9._Z._Z._Z.XDC_R_B1GQ._Z.S.V.N._T,,,,,,"See <a class=""external"" href=""http://sdw.ecb.europa.eu/web/generator/docu/rtdb_docu.pdf""> notes</a>; block Annual; series: B",,4,,,"Government deficit(-) or surplus(+), percent of GDP",Euro area (moving concept in the Real Time database context) - Deficit/surplus without UMTS proceeds - All sectors/ unspecified/ not applicable (ESA2010)-NCBs - General government (ESA2010)-NCBs - Non-financial flows current prices - Percentage,XDC_R_B1GQ,0,Replace,2023-05-03T15:30:00.000+02:00,
RTD.A.S0.N.F_UMD_CGG_D0.F,A,S0,N,F_UMD_CGG_D0,F,2020,-7.06547,A,F,,,P1Y,S,,,GFS.A.N.I10.W0.S13.S1._Z.B.B9._Z._Z._Z.XDC_R_B1GQ._Z.S.V.N._T,,,,,,"See <a class=""external"" href=""http://sdw.ecb.europa.eu/web/generator/docu/rtdb_docu.pdf""> notes</a>; block Annual; series: B",,4,,,"Government deficit(-) or surplus(+), percent of GDP",Euro area (moving concept in the Real Time database context) - Deficit/surplus without UMTS proceeds - All sectors/ unspecified/ not applicable (ESA2010)-NCBs - General government (ESA2010)-NCBs - Non-financial flows current prices - Percentage,XDC_R_B1GQ,0,Replace,2023-05-03T15:30:00.000+02:00,
RTD.A.S0.N.F_UMD_CGG_D0.F,A,S0,N,F_UMD_CGG_D0,F,2021,-5.32229,A,F,,,P1Y,S,,,GFS.A.N.I10.W0.S13.S1._Z.B.B9._Z._Z._Z.XDC_R_B1GQ._Z.S.V.N._T,,,,,,"See <a class=""external"" href=""http://sdw.ecb.europa.eu/web/generator/docu/rtdb_docu.pdf""> notes</a>; block Annual; series: B",,4,,,"Government deficit(-) or surplus(+), percent of GDP",Euro area (moving concept in the Real Time database context) - Deficit/surplus without UMTS proceeds - All sectors/ unspecified/ not applicable (ESA2010)-NCBs - General government (ESA2010)-NCBs - Non-financial flows current prices - Percentage,XDC_R_B1GQ,0,Replace,2023-05-03T15:30:00.000+02:00,
RTD.A.S0.N.F_UMD_CGG_D0.F,A,S0,N,F_UMD_CGG_D0,F,2020,-7.06545,A,F,,,P1Y,S,,,GFS.A.N.I10.W0.S13.S1._Z.B.B9._Z._Z._Z.XDC_R_B1GQ._Z.S.V.N._T,,,,,,"See <a class=""external"" href=""http://sdw.ecb.europa.eu/web/generator/docu/rtdb_docu.pdf""> notes</a>; block Annual; series: B",,4,,,"Government deficit(-) or surplus(+), percent of GDP",Euro area (moving concept in the Real Time database context) - Deficit/surplus without UMTS proceeds - All sectors/ unspecified/ not applicable (ESA2010)-NCBs - General government (ESA2010)-NCBs - Non-financial flows current prices - Percentage,XDC_R_B1GQ,0,Replace,2023-06-14T15:30:00.000+02:00,
RTD.A.S0.N.F_UMD_CGG_D0.F,A,S0,N,F_UMD_CGG_D0,F,2021,-5.32227,A,F,,,P1Y,S,,,GFS.A.N.I10.W0.S13.S1._Z.B.B9._Z._Z._Z.XDC_R_B1GQ._Z.S.V.N._T,,,,,,"See <a class=""external"" href=""http://sdw.ecb.europa.eu/web/generator/docu/rtdb_docu.pdf""> notes</a>; block Annual; series: B",,4,,,"Government deficit(-) or surplus(+), percent of GDP",Euro area (moving concept in the Real Time database context) - Deficit/surplus without UMTS proceeds - All sectors/ unspecified/ not applicable (ESA2010)-NCBs - General government (ESA2010)-NCBs - Non-financial flows current prices - Percentage,XDC_R_B1GQ,0,Replace,2023-06-14T15:30:00.000+02:00,
RTD.A.S0.N.F_UMD_CGG_D0.F,A,S0,N,F_UMD_CGG_D0,F,2022,-3.64483,A,F,,,P1Y,S,,,GFS.A.N.I10.W0.S13.S1._Z.B.B9._Z._Z._Z.XDC_R_B1GQ._Z.S.V.N._T,,,,,,"See <a class=""external"" href=""http://sdw.ecb.europa.eu/web/generator/docu/rtdb_docu.pdf""> notes</a>; block Annual; series: B",,4,,,"Government deficit(-) or surplus(+), percent of GDP",Euro area (moving concept in the Real Time database context) - Deficit/surplus without UMTS proceeds - All sectors/ unspecified/ not applicable (ESA2010)-NCBs - General government (ESA2010)-NCBs - Non-financial flows current prices - Percentage,XDC_R_B1GQ,0,Replace,2023-07-26T15:30:00.000+02:00,
RTD.A.S0.N.F_UMD_CGG_D0.F,A,S0,N,F_UMD_CGG_D0,F,1995,-7.27632,A,F,,,P1Y,S,,,GFS.A.N.I10.W0.S13.S1._Z.B.B9._Z._Z._Z.XDC_R_B1GQ._Z.S.V.N._T,,,,,,"See <a class=""external"" href=""http://sdw.ecb.europa.eu/web/generator/docu/rtdb_docu.pdf""> notes</a>; block Annual; series: B",,4,,,"Government deficit(-) or surplus(+), percent of GDP",Euro area (moving concept in the Real Time database context) - Deficit/surplus without UMTS proceeds - All sectors/ unspecified/ not applicable (ESA2010)-NCBs - General government (ESA2010)-NCBs - Non-financial flows current prices - Percentage,XDC_R_B1GQ,0,Replace,2023-10-25T15:30:00.000+02:00,
RTD.A.S0.N.F_UMD_CGG_D0.F,A,S0,N,F_UMD_CGG_D0,F,1997,-3.04281,A,F,,,P1Y,S,,,GFS.A.N.I10.W0.S13.S1._Z.B.B9._Z._Z._Z.XDC_R_B1GQ._Z.S.V.N._T,,,,,,"See <a class=""external"" href=""http://sdw.ecb.europa.eu/web/generator/docu/rtdb_docu.pdf""> notes</a>; block Annual; series: B",,4,,,"Government deficit(-) or surplus(+), percent of GDP",Euro area (moving concept in the Real Time database context) - Deficit/surplus without UMTS proceeds - All sectors/ unspecified/ not applicable (ESA2010)-NCBs - General government (ESA2010)-NCBs - Non-financial flows current prices - Percentage,XDC_R_B1GQ,0,Replace,2023-10-25T15:30:00.000+02:00,
RTD.A.S0.N.F_UMD_CGG_D0.F,A,S0,N,F_UMD_CGG_D0,F,1998,-2.44124,A,F,,,P1Y,S,,,GFS.A.N.I10.W0.S13.S1._Z.B.B9._Z._Z._Z.XDC_R_B1GQ._Z.S.V.N._T,,,,,,"See <a class=""external"" href=""http://sdw.ecb.europa.eu/web/generator/docu/rtdb_docu.pdf""> notes</a>; block Annual; series: B",,4,,,"Government deficit(-) or surplus(+), percent of GDP",Euro area (moving concept in the Real Time database context) - Deficit/surplus without UMTS proceeds - All sectors/ unspecified/ not applicable (ESA2010)-NCBs - General government (ESA2010)-NCBs - Non-financial flows current prices - Percentage,XDC_R_B1GQ,0,Replace,2023-10-25T15:30:00.000+02:00,
RTD.A.S0.N.F_UMD_CGG_D0.F,A,S0,N,F_UMD_CGG_D0,F,1999,-1.54133,A,F,,,P1Y,S,,,GFS.A.N.I10.W0.S13.S1._Z.B.B9._Z._Z._Z.XDC_R_B1GQ._Z.S.V.N._T,,,,,,"See <a class=""external"" href=""http://sdw.ecb.europa.eu/web/generator/docu/rtdb_docu.pdf""> notes</a>; block Annual; series: B",,4,,,"Government deficit(-) or surplus(+), percent of GDP",Euro area (moving concept in the Real Time database context) - Deficit/surplus without UMTS proceeds - All sectors/ unspecified/ not applicable (ESA2010)-NCBs - General government (ESA2010)-NCBs - Non-financial flows current prices - Percentage,XDC_R_B1GQ,0,Replace,2023-10-25T15:30:00.000+02:00,
RTD.A.S0.N.F_UMD_CGG_D0.F,A,S0,N,F_UMD_CGG_D0,F,2001,-1.9701,A,F,,,P1Y,S,,,GFS.A.N.I10.W0.S13.S1._Z.B.B9._Z._Z._Z.XDC_R_B1GQ._Z.S.V.N._T,,,,,,"See <a class=""external"" href=""http://sdw.ecb.europa.eu/web/generator/docu/rtdb_docu.pdf""> notes</a>; block Annual; series: B",,4,,,"Government deficit(-) or surplus(+), percent of GDP",Euro area (moving concept in the Real Time database context) - Deficit/surplus without UMTS proceeds - All sectors/ unspecified/ not applicable (ESA2010)-NCBs - General government (ESA2010)-NCBs - Non-financial flows current prices - Percentage,XDC_R_B1GQ,0,Replace,2023-10-25T15:30:00.000+02:00,
RTD.A.S0.N.F_UMD_CGG_D0.F,A,S0,N,F_UMD_CGG_D0,F,2002,-2.68013,A,F,,,P1Y,S,,,GFS.A.N.I10.W0.S13.S1._Z.B.B9._Z._Z._Z.XDC_R_B1GQ._Z.S.V.N._T,,,,,,"See <a class=""external"" href=""http://sdw.ecb.europa.eu/web/generator/docu/rtdb_docu.pdf""> notes</a>; block Annual; series: B",,4,,,"Government deficit(-) or surplus(+), percent of GDP",Euro area (moving concept in the Real Time database context) - Deficit/surplus without UMTS proceeds - All sectors/ unspecified/ not applicable (ESA2010)-NCBs - General government (ESA2010)-NCBs - Non-financial flows current prices - Percentage,XDC_R_B1GQ,0,Replace,2023-10-25T15:30:00.000+02:00,
RTD.A.S0.N.F_UMD_CGG_D0.F,A,S0,N,F_UMD_CGG_D0,F,2005,-2.59728,A,F,,,P1Y,S,,,GFS.A.N.I10.W0.S13.S1._Z.B.B9._Z._Z._Z.XDC_R_B1GQ._Z.S.V.N._T,,,,,,"See <a class=""external"" href=""http://sdw.ecb.europa.eu/web/generator/docu/rtdb_docu.pdf""> notes</a>; block Annual; series: B",,4,,,"Government deficit(-) or surplus(+), percent of GDP",Euro area (moving concept in the Real Time database context) - Deficit/surplus without UMTS proceeds - All sectors/ unspecified/ not applicable (ESA2010)-NCBs - General government (ESA2010)-NCBs - Non-financial flows current prices - Percentage,XDC_R_B1GQ,0,Replace,2023-10-25T15:30:00.000+02:00,
RTD.A.S0.N.F_UMD_CGG_D0.F,A,S0,N,F_UMD_CGG_D0,F,2006,-1.52097,A,F,,,P1Y,S,,,GFS.A.N.I10.W0.S13.S1._Z.B.B9._Z._Z._Z.XDC_R_B1GQ._Z.S.V.N._T,,,,,,"See <a class=""external"" href=""http://sdw.ecb.europa.eu/web/generator/docu/rtdb_docu.pdf""> notes</a>; block Annual; series: B",,4,,,"Government deficit(-) or surplus(+), percent of GDP",Euro area (moving concept in the Real Time database context) - Deficit/surplus without UMTS proceeds - All sectors/ unspecified/ not applicable (ESA2010)-NCBs - General government (ESA2010)-NCBs - Non-financial flows current prices - Percentage,XDC_R_B1GQ,0,Replace,2023-10-25T15:30:00.000+02:00,
RTD.A.S0.N.F_UMD_CGG_D0.F,A,S0,N,F_UMD_CGG_D0,F,2008,-2.16083,A,F,,,P1Y,S,,,GFS.A.N.I10.W0.S13.S1._Z.B.B9._Z._Z._Z.XDC_R_B1GQ._Z.S.V.N._T,,,,,,"See <a class=""external"" href=""http://sdw.ecb.europa.eu/web/generator/docu/rtdb_docu.pdf""> notes</a>; block Annual; series: B",,4,,,"Government deficit(-) or surplus(+), percent of GDP",Euro area (moving concept in the Real Time database context) - Deficit/surplus without UMTS proceeds - All sectors/ unspecified/ not applicable (ESA2010)-NCBs - General government (ESA2010)-NCBs - Non-financial flows current prices - Percentage,XDC_R_B1GQ,0,Replace,2023-10-25T15:30:00.000+02:00,
RTD.A.S0.N.F_UMD_CGG_D0.F,A,S0,N,F_UMD_CGG_D0,F,2009,-6.24293,A,F,,,P1Y,S,,,GFS.A.N.I10.W0.S13.S1._Z.B.B9._Z._Z._Z.XDC_R_B1GQ._Z.S.V.N._T,,,,,,"See <a class=""external"" href=""http://sdw.ecb.europa.eu/web/generator/docu/rtdb_docu.pdf""> notes</a>; block Annual; series: B",,4,,,"Government deficit(-) or surplus(+), percent of GDP",Euro area (moving concept in the Real Time database context) - Deficit/surplus without UMTS proceeds - All sectors/ unspecified/ not applicable (ESA2010)-NCBs - General government (ESA2010)-NCBs - Non-financial flows current prices - Percentage,XDC_R_B1GQ,0,Replace,2023-10-25T15:30:00.000+02:00,
RTD.A.S0.N.F_UMD_CGG_D0.F,A,S0,N,F_UMD_CGG_D0,F,2010,-6.27996,A,F,,,P1Y,S,,,GFS.A.N.I10.W0.S13.S1._Z.B.B9._Z._Z._Z.XDC_R_B1GQ._Z.S.V.N._T,,,,,,"See <a class=""external"" href=""http://sdw.ecb.europa.eu/web/generator/docu/rtdb_docu.pdf""> notes</a>; block Annual; series: B",,4,,,"Government deficit(-) or surplus(+), percent of GDP",Euro area (moving concept in the Real Time database context) - Deficit/surplus without UMTS proceeds - All sectors/ unspecified/ not applicable (ESA2010)-NCBs - General government (ESA2010)-NCBs - Non-financial flows current prices - Percentage,XDC_R_B1GQ,0,Replace,2023-10-25T15:30:00.000+02:00,
RTD.A.S0.N.F_UMD_CGG_D0.F,A,S0,N,F_UMD_CGG_D0,F,2011,-4.26168,A,F,,,P1Y,S,,,GFS.A.N.I10.W0.S13.S1._Z.B.B9._Z._Z._Z.XDC_R_B1GQ._Z.S.V.N._T,,,,,,"See <a class=""external"" href=""http://sdw.ecb.europa.eu/web/generator/docu/rtdb_docu.pdf""> notes</a>; block Annual; series: B",,4,,,"Government deficit(-) or surplus(+), percent of GDP",Euro area (moving concept in the Real Time database context) - Deficit/surplus without UMTS proceeds - All sectors/ unspecified/ not applicable (ESA2010)-NCBs - General government (ESA2010)-NCBs - Non-financial flows current prices - Percentage,XDC_R_B1GQ,0,Replace,2023-10-25T15:30:00.000+02:00,
RTD.A.S0.N.F_UMD_CGG_D0.F,A,S0,N,F_UMD_CGG_D0,F,2012,-3.81143,A,F,,,P1Y,S,,,GFS.A.N.I10.W0.S13.S1._Z.B.B9._Z._Z._Z.XDC_R_B1GQ._Z.S.V.N._T,,,,,,"See <a class=""external"" href=""http://sdw.ecb.europa.eu/web/generator/docu/rtdb_docu.pdf""> notes</a>; block Annual; series: B",,4,,,"Government deficit(-) or surplus(+), percent of GDP",Euro area (moving concept in the Real Time database context) - Deficit/surplus without UMTS proceeds - All sectors/ unspecified/ not applicable (ESA2010)-NCBs - General government (ESA2010)-NCBs - Non-financial flows current prices - Percentage,XDC_R_B1GQ,0,Replace,2023-10-25T15:30:00.000+02:00,
RTD.A.S0.N.F_UMD_CGG_D0.F,A,S0,N,F_UMD_CGG_D0,F,2013,-3.08378,A,F,,,P1Y,S,,,GFS.A.N.I10.W0.S13.S1._Z.B.B9._Z._Z._Z.XDC_R_B1GQ._Z.S.V.N._T,,,,,,"See <a class=""external"" href=""http://sdw.ecb.europa.eu/web/generator/docu/rtdb_docu.pdf""> notes</a>; block Annual; series: B",,4,,,"Government deficit(-) or surplus(+), percent of GDP",Euro area (moving concept in the Real Time database context) - Deficit/surplus without UMTS proceeds - All sectors/ unspecified/ not applicable (ESA2010)-NCBs - General government (ESA2010)-NCBs - Non-financial flows current prices - Percentage,XDC_R_B1GQ,0,Replace,2023-10-25T15:30:00.000+02:00,
RTD.A.S0.N.F_UMD_CGG_D0.F,A,S0,N,F_UMD_CGG_D0,F,2014,-2.50083,A,F,,,P1Y,S,,,GFS.A.N.I10.W0.S13.S1._Z.B.B9._Z._Z._Z.XDC_R_B1GQ._Z.S.V.N._T,,,,,,"See <a class=""external"" href=""http://sdw.ecb.europa.eu/web/generator/docu/rtdb_docu.pdf""> notes</a>; block Annual; series: B",,4,,,"Government deficit(-) or surplus(+), percent of GDP",Euro area (moving concept in the Real Time database context) - Deficit/surplus without UMTS proceeds - All sectors/ unspecified/ not applicable (ESA2010)-NCBs - General government (ESA2010)-NCBs - Non-financial flows current prices - Percentage,XDC_R_B1GQ,0,Replace,2023-10-25T15:30:00.000+02:00,
RTD.A.S0.N.F_UMD_CGG_D0.F,A,S0,N,F_UMD_CGG_D0,F,2015,-1.99344,A,F,,,P1Y,S,,,GFS.A.N.I10.W0.S13.S1._Z.B.B9._Z._Z._Z.XDC_R_B1GQ._Z.S.V.N._T,,,,,,"See <a class=""external"" href=""http://sdw.ecb.europa.eu/web/generator/docu/rtdb_docu.pdf""> notes</a>; block Annual; series: B",,4,,,"Government deficit(-) or surplus(+), percent of GDP",Euro area (moving concept in the Real Time database context) - Deficit/surplus without UMTS proceeds - All sectors/ unspecified/ not applicable (ESA2010)-NCBs - General government (ESA2010)-NCBs - Non-financial flows current prices - Percentage,XDC_R_B1GQ,0,Replace,2023-10-25T15:30:00.000+02:00,
RTD.A.S0.N.F_UMD_CGG_D0.F,A,S0,N,F_UMD_CGG_D0,F,2016,-1.46714,A,F,,,P1Y,S,,,GFS.A.N.I10.W0.S13.S1._Z.B.B9._Z._Z._Z.XDC_R_B1GQ._Z.S.V.N._T,,,,,,"See <a class=""external"" href=""http://sdw.ecb.europa.eu/web/generator/docu/rtdb_docu.pdf""> notes</a>; block Annual; series: B",,4,,,"Government deficit(-) or surplus(+), percent of GDP",Euro area (moving concept in the Real Time database context) - Deficit/surplus without UMTS proceeds - All sectors/ unspecified/ not applicable (ESA2010)-NCBs - General government (ESA2010)-NCBs - Non-financial flows current prices - Percentage,XDC_R_B1GQ,0,Replace,2023-10-25T15:30:00.000+02:00,
RTD.A.S0.N.F_UMD_CGG_D0.F,A,S0,N,F_UMD_CGG_D0,F,2017,-0.92431,A,F,,,P1Y,S,,,GFS.A.N.I10.W0.S13.S1._Z.B.B9._Z._Z._Z.XDC_R_B1GQ._Z.S.V.N._T,,,,,,"See <a class=""external"" href=""http://sdw.ecb.europa.eu/web/generator/docu/rtdb_docu.pdf""> notes</a>; block Annual; series: B",,4,,,"Government deficit(-) or surplus(+), percent of GDP",Euro area (moving concept in the Real Time database context) - Deficit/surplus without UMTS proceeds - All sectors/ unspecified/ not applicable (ESA2010)-NCBs - General government (ESA2010)-NCBs - Non-financial flows current prices - Percentage,XDC_R_B1GQ,0,Replace,2023-10-25T15:30:00.000+02:00,
RTD.A.S0.N.F_UMD_CGG_D0.F,A,S0,N,F_UMD_CGG_D0,F,2018,-0.42769,A,F,,,P1Y,S,,,GFS.A.N.I10.W0.S13.S1._Z.B.B9._Z._Z._Z.XDC_R_B1GQ._Z.S.V.N._T,,,,,,"See <a class=""external"" href=""http://sdw.ecb.europa.eu/web/generator/docu/rtdb_docu.pdf""> notes</a>; block Annual; series: B",,4,,,"Government deficit(-) or surplus(+), percent of GDP",Euro area (moving concept in the Real Time database context) - Deficit/surplus without UMTS proceeds - All sectors/ unspecified/ not applicable (ESA2010)-NCBs - General government (ESA2010)-NCBs - Non-financial flows current prices - Percentage,XDC_R_B1GQ,0,Replace,2023-10-25T15:30:00.000+02:00,
RTD.A.S0.N.F_UMD_CGG_D0.F,A,S0,N,F_UMD_CGG_D0,F,2019,-0.64016,A,F,,,P1Y,S,,,GFS.A.N.I10.W0.S13.S1._Z.B.B9._Z._Z._Z.XDC_R_B1GQ._Z.S.V.N._T,,,,,,"See <a class=""external"" href=""http://sdw.ecb.europa.eu/web/generator/docu/rtdb_docu.pdf""> notes</a>; block Annual; series: B",,4,,,"Government deficit(-) or surplus(+), percent of GDP",Euro area (moving concept in the Real Time database context) - Deficit/surplus without UMTS proceeds - All sectors/ unspecified/ not applicable (ESA2010)-NCBs - General government (ESA2010)-NCBs - Non-financial flows current prices - Percentage,XDC_R_B1GQ,0,Replace,2023-10-25T15:30:00.000+02:00,
RTD.A.S0.N.F_UMD_CGG_D0.F,A,S0,N,F_UMD_CGG_D0,F,2020,-7.05257,A,F,,,P1Y,S,,,GFS.A.N.I10.W0.S13.S1._Z.B.B9._Z._Z._Z.XDC_R_B1GQ._Z.S.V.N._T,,,,,,"See <a class=""external"" href=""http://sdw.ecb.europa.eu/web/generator/docu/rtdb_docu.pdf""> notes</a>; block Annual; series: B",,4,,,"Government deficit(-) or surplus(+), percent of GDP",Euro area (moving concept in the Real Time database context) - Deficit/surplus without UMTS proceeds - All sectors/ unspecified/ not applicable (ESA2010)-NCBs - General government (ESA2010)-NCBs - Non-financial flows current prices - Percentage,XDC_R_B1GQ,0,Replace,2023-10-25T15:30:00.000+02:00,
RTD.A.S0.N.F_UMD_CGG_D0.F,A,S0,N,F_UMD_CGG_D0,F,2021,-5.21605,A,F,,,P1Y,S,,,GFS.A.N.I10.W0.S13.S1._Z.B.B9._Z._Z._Z.XDC_R_B1GQ._Z.S.V.N._T,,,,,,"See <a class=""external"" href=""http://sdw.ecb.europa.eu/web/generator/docu/rtdb_docu.pdf""> notes</a>; block Annual; series: B",,4,,,"Government deficit(-) or surplus(+), percent of GDP",Euro area (moving concept in the Real Time database context) - Deficit/surplus without UMTS proceeds - All sectors/ unspecified/ not applicable (ESA2010)-NCBs - General government (ESA2010)-NCBs - Non-financial flows current prices - Percentage,XDC_R_B1GQ,0,Replace,2023-10-25T15:30:00.000+02:00,
RTD.A.S0.N.F_UMD_CGG_D0.F,A,S0,N,F_UMD_CGG_D0,F,2022,-3.60553,A,F,,,P1Y,S,,,GFS.A.N.I10.W0.S13.S1._Z.B.B9._Z._Z._Z.XDC_R_B1GQ._Z.S.V.N._T,,,,,,"See <a class=""external"" href=""http://sdw.ecb.europa.eu/web/generator/docu/rtdb_docu.pdf""> notes</a>; block Annual; series: B",,4,,,"Government deficit(-) or surplus(+), percent of GDP",Euro area (moving concept in the Real Time database context) - Deficit/surplus without UMTS proceeds - All sectors/ unspecified/ not applicable (ESA2010)-NCBs - General government (ESA2010)-NCBs - Non-financial flows current prices - Percentage,XDC_R_B1GQ,0,Replace,2023-10-25T15:30:00.000+02:00,
RTD.A.S0.N.F_UMD_CGG_D0.F,A,S0,N,F_UMD_CGG_D0,F,1995,-7.276324511429169,A,F,,,P1Y,S,,,GFS.A.N.I10.W0.S13.S1._Z.B.B9._Z._Z._Z.XDC_R_B1GQ._Z.S.V.N._T,,,,,,"See <a class=""external"" href=""http://sdw.ecb.europa.eu/web/generator/docu/rtdb_docu.pdf""> notes</a>; block Annual; series: B",,4,,,"Government deficit(-) or surplus(+), percent of GDP",Euro area (moving concept in the Real Time database context) - Deficit/surplus without UMTS proceeds - All sectors/ unspecified/ not applicable (ESA2010)-NCBs - General government (ESA2010)-NCBs - Non-financial flows current prices - Percentage,XDC_R_B1GQ,0,Replace,2024-04-10T15:30:00.000+02:00,
RTD.A.S0.N.F_UMD_CGG_D0.F,A,S0,N,F_UMD_CGG_D0,F,1996,-4.375133729816191,A,F,,,P1Y,S,,,GFS.A.N.I10.W0.S13.S1._Z.B.B9._Z._Z._Z.XDC_R_B1GQ._Z.S.V.N._T,,,,,,"See <a class=""external"" href=""http://sdw.ecb.europa.eu/web/generator/docu/rtdb_docu.pdf""> notes</a>; block Annual; series: B",,4,,,"Government deficit(-) or surplus(+), percent of GDP",Euro area (moving concept in the Real Time database context) - Deficit/surplus without UMTS proceeds - All sectors/ unspecified/ not applicable (ESA2010)-NCBs - General government (ESA2010)-NCBs - Non-financial flows current prices - Percentage,XDC_R_B1GQ,0,Replace,2024-04-10T15:30:00.000+02:00,
RTD.A.S0.N.F_UMD_CGG_D0.F,A,S0,N,F_UMD_CGG_D0,F,1997,-3.042807503542451,A,F,,,P1Y,S,,,GFS.A.N.I10.W0.S13.S1._Z.B.B9._Z._Z._Z.XDC_R_B1GQ._Z.S.V.N._T,,,,,,"See <a class=""external"" href=""http://sdw.ecb.europa.eu/web/generator/docu/rtdb_docu.pdf""> notes</a>; block Annual; series: B",,4,,,"Government deficit(-) or surplus(+), percent of GDP",Euro area (moving concept in the Real Time database context) - Deficit/surplus without UMTS proceeds - All sectors/ unspecified/ not applicable (ESA2010)-NCBs - General government (ESA2010)-NCBs - Non-financial flows current prices - Percentage,XDC_R_B1GQ,0,Replace,2024-04-10T15:30:00.000+02:00,
RTD.A.S0.N.F_UMD_CGG_D0.F,A,S0,N,F_UMD_CGG_D0,F,1998,-2.441241453697268,A,F,,,P1Y,S,,,GFS.A.N.I10.W0.S13.S1._Z.B.B9._Z._Z._Z.XDC_R_B1GQ._Z.S.V.N._T,,,,,,"See <a class=""external"" href=""http://sdw.ecb.europa.eu/web/generator/docu/rtdb_docu.pdf""> notes</a>; block Annual; series: B",,4,,,"Government deficit(-) or surplus(+), percent of GDP",Euro area (moving concept in the Real Time database context) - Deficit/surplus without UMTS proceeds - All sectors/ unspecified/ not applicable (ESA2010)-NCBs - General government (ESA2010)-NCBs - Non-financial flows current prices - Percentage,XDC_R_B1GQ,0,Replace,2024-04-10T15:30:00.000+02:00,
RTD.A.S0.N.F_UMD_CGG_D0.F,A,S0,N,F_UMD_CGG_D0,F,1999,-1.541330472166859,A,F,,,P1Y,S,,,GFS.A.N.I10.W0.S13.S1._Z.B.B9._Z._Z._Z.XDC_R_B1GQ._Z.S.V.N._T,,,,,,"See <a class=""external"" href=""http://sdw.ecb.europa.eu/web/generator/docu/rtdb_docu.pdf""> notes</a>; block Annual; series: B",,4,,,"Government deficit(-) or surplus(+), percent of GDP",Euro area (moving concept in the Real Time database context) - Deficit/surplus without UMTS proceeds - All sectors/ unspecified/ not applicable (ESA2010)-NCBs - General government (ESA2010)-NCBs - Non-financial flows current prices - Percentage,XDC_R_B1GQ,0,Replace,2024-04-10T15:30:00.000+02:00,
RTD.A.S0.N.F_UMD_CGG_D0.F,A,S0,N,F_UMD_CGG_D0,F,2000,-1.309431737006267,A,F,,,P1Y,S,,,GFS.A.N.I10.W0.S13.S1._Z.B.B9._Z._Z._Z.XDC_R_B1GQ._Z.S.V.N._T,,,,,,"See <a class=""external"" href=""http://sdw.ecb.europa.eu/web/generator/docu/rtdb_docu.pdf""> notes</a>; block Annual; series: B",,4,,,"Government deficit(-) or surplus(+), percent of GDP",Euro area (moving concept in the Real Time database context) - Deficit/surplus without UMTS proceeds - All sectors/ unspecified/ not applicable (ESA2010)-NCBs - General government (ESA2010)-NCBs - Non-financial flows current prices - Percentage,XDC_R_B1GQ,0,Replace,2024-04-10T15:30:00.000+02:00,
RTD.A.S0.N.F_UMD_CGG_D0.F,A,S0,N,F_UMD_CGG_D0,F,2001,-1.970096377568324,A,F,,,P1Y,S,,,GFS.A.N.I10.W0.S13.S1._Z.B.B9._Z._Z._Z.XDC_R_B1GQ._Z.S.V.N._T,,,,,,"See <a class=""external"" href=""http://sdw.ecb.europa.eu/web/generator/docu/rtdb_docu.pdf""> notes</a>; block Annual; series: B",,4,,,"Government deficit(-) or surplus(+), percent of GDP",Euro area (moving concept in the Real Time database context) - Deficit/surplus without UMTS proceeds - All sectors/ unspecified/ not applicable (ESA2010)-NCBs - General government (ESA2010)-NCBs - Non-financial flows current prices - Percentage,XDC_R_B1GQ,0,Replace,2024-04-10T15:30:00.000+02:00,
RTD.A.S0.N.F_UMD_CGG_D0.F,A,S0,N,F_UMD_CGG_D0,F,2002,-2.680127983902052,A,F,,,P1Y,S,,,GFS.A.N.I10.W0.S13.S1._Z.B.B9._Z._Z._Z.XDC_R_B1GQ._Z.S.V.N._T,,,,,,"See <a class=""external"" href=""http://sdw.ecb.europa.eu/web/generator/docu/rtdb_docu.pdf""> notes</a>; block Annual; series: B",,4,,,"Government deficit(-) or surplus(+), percent of GDP",Euro area (moving concept in the Real Time database context) - Deficit/surplus without UMTS proceeds - All sectors/ unspecified/ not applicable (ESA2010)-NCBs - General government (ESA2010)-NCBs - Non-financial flows current prices - Percentage,XDC_R_B1GQ,0,Replace,2024-04-10T15:30:00.000+02:00,
RTD.A.S0.N.F_UMD_CGG_D0.F,A,S0,N,F_UMD_CGG_D0,F,2003,-3.093797853106645,A,F,,,P1Y,S,,,GFS.A.N.I10.W0.S13.S1._Z.B.B9._Z._Z._Z.XDC_R_B1GQ._Z.S.V.N._T,,,,,,"See <a class=""external"" href=""http://sdw.ecb.europa.eu/web/generator/docu/rtdb_docu.pdf""> notes</a>; block Annual; series: B",,4,,,"Government deficit(-) or surplus(+), percent of GDP",Euro area (moving concept in the Real Time database context) - Deficit/surplus without UMTS proceeds - All sectors/ unspecified/ not applicable (ESA2010)-NCBs - General government (ESA2010)-NCBs - Non-financial flows current prices - Percentage,XDC_R_B1GQ,0,Replace,2024-04-10T15:30:00.000+02:00,
RTD.A.S0.N.F_UMD_CGG_D0.F,A,S0,N,F_UMD_CGG_D0,F,2004,-2.873602546397029,A,F,,,P1Y,S,,,GFS.A.N.I10.W0.S13.S1._Z.B.B9._Z._Z._Z.XDC_R_B1GQ._Z.S.V.N._T,,,,,,"See <a class=""external"" href=""http://sdw.ecb.europa.eu/web/generator/docu/rtdb_docu.pdf""> notes</a>; block Annual; series: B",,4,,,"Government deficit(-) or surplus(+), percent of GDP",Euro area (moving concept in the Real Time database context) - Deficit/surplus without UMTS proceeds - All sectors/ unspecified/ not applicable (ESA2010)-NCBs - General government (ESA2010)-NCBs - Non-financial flows current prices - Percentage,XDC_R_B1GQ,0,Replace,2024-04-10T15:30:00.000+02:00,
RTD.A.S0.N.F_UMD_CGG_D0.F,A,S0,N,F_UMD_CGG_D0,F,2005,-2.597276093421229,A,F,,,P1Y,S,,,GFS.A.N.I10.W0.S13.S1._Z.B.B9._Z._Z._Z.XDC_R_B1GQ._Z.S.V.N._T,,,,,,"See <a class=""external"" href=""http://sdw.ecb.europa.eu/web/generator/docu/rtdb_docu.pdf""> notes</a>; block Annual; series: B",,4,,,"Government deficit(-) or surplus(+), percent of GDP",Euro area (moving concept in the Real Time database context) - Deficit/surplus without UMTS proceeds - All sectors/ unspecified/ not applicable (ESA2010)-NCBs - General government (ESA2010)-NCBs - Non-financial flows current prices - Percentage,XDC_R_B1GQ,0,Replace,2024-04-10T15:30:00.000+02:00,
RTD.A.S0.N.F_UMD_CGG_D0.F,A,S0,N,F_UMD_CGG_D0,F,2006,-1.520971037754568,A,F,,,P1Y,S,,,GFS.A.N.I10.W0.S13.S1._Z.B.B9._Z._Z._Z.XDC_R_B1GQ._Z.S.V.N._T,,,,,,"See <a class=""external"" href=""http://sdw.ecb.europa.eu/web/generator/docu/rtdb_docu.pdf""> notes</a>; block Annual; series: B",,4,,,"Government deficit(-) or surplus(+), percent of GDP",Euro area (moving concept in the Real Time database context) - Deficit/surplus without UMTS proceeds - All sectors/ unspecified/ not applicable (ESA2010)-NCBs - General government (ESA2010)-NCBs - Non-financial flows current prices - Percentage,XDC_R_B1GQ,0,Replace,2024-04-10T15:30:00.000+02:00,
RTD.A.S0.N.F_UMD_CGG_D0.F,A,S0,N,F_UMD_CGG_D0,F,2007,-0.653986676993392,A,F,,,P1Y,S,,,GFS.A.N.I10.W0.S13.S1._Z.B.B9._Z._Z._Z.XDC_R_B1GQ._Z.S.V.N._T,,,,,,"See <a class=""external"" href=""http://sdw.ecb.europa.eu/web/generator/docu/rtdb_docu.pdf""> notes</a>; block Annual; series: B",,4,,,"Government deficit(-) or surplus(+), percent of GDP",Euro area (moving concept in the Real Time database context) - Deficit/surplus without UMTS proceeds - All sectors/ unspecified/ not applicable (ESA2010)-NCBs - General government (ESA2010)-NCBs - Non-financial flows current prices - Percentage,XDC_R_B1GQ,0,Replace,2024-04-10T15:30:00.000+02:00,
RTD.A.S0.N.F_UMD_CGG_D0.F,A,S0,N,F_UMD_CGG_D0,F,2008,-2.160825055830204,A,F,,,P1Y,S,,,GFS.A.N.I10.W0.S13.S1._Z.B.B9._Z._Z._Z.XDC_R_B1GQ._Z.S.V.N._T,,,,,,"See <a class=""external"" href=""http://sdw.ecb.europa.eu/web/generator/docu/rtdb_docu.pdf""> notes</a>; block Annual; series: B",,4,,,"Government deficit(-) or surplus(+), percent of GDP",Euro area (moving concept in the Real Time database context) - Deficit/surplus without UMTS proceeds - All sectors/ unspecified/ not applicable (ESA2010)-NCBs - General government (ESA2010)-NCBs - Non-financial flows current prices - Percentage,XDC_R_B1GQ,0,Replace,2024-04-10T15:30:00.000+02:00,
RTD.A.S0.N.F_UMD_CGG_D0.F,A,S0,N,F_UMD_CGG_D0,F,2009,-6.242933220904908,A,F,,,P1Y,S,,,GFS.A.N.I10.W0.S13.S1._Z.B.B9._Z._Z._Z.XDC_R_B1GQ._Z.S.V.N._T,,,,,,"See <a class=""external"" href=""http://sdw.ecb.europa.eu/web/generator/docu/rtdb_docu.pdf""> notes</a>; block Annual; series: B",,4,,,"Government deficit(-) or surplus(+), percent of GDP",Euro area (moving concept in the Real Time database context) - Deficit/surplus without UMTS proceeds - All sectors/ unspecified/ not applicable (ESA2010)-NCBs - General government (ESA2010)-NCBs - Non-financial flows current prices - Percentage,XDC_R_B1GQ,0,Replace,2024-04-10T15:30:00.000+02:00,
RTD.A.S0.N.F_UMD_CGG_D0.F,A,S0,N,F_UMD_CGG_D0,F,2010,-6.279956963996107,A,F,,,P1Y,S,,,GFS.A.N.I10.W0.S13.S1._Z.B.B9._Z._Z._Z.XDC_R_B1GQ._Z.S.V.N._T,,,,,,"See <a class=""external"" href=""http://sdw.ecb.europa.eu/web/generator/docu/rtdb_docu.pdf""> notes</a>; block Annual; series: B",,4,,,"Government deficit(-) or surplus(+), percent of GDP",Euro area (moving concept in the Real Time database context) - Deficit/surplus without UMTS proceeds - All sectors/ unspecified/ not applicable (ESA2010)-NCBs - General government (ESA2010)-NCBs - Non-financial flows current prices - Percentage,XDC_R_B1GQ,0,Replace,2024-04-10T15:30:00.000+02:00,
RTD.A.S0.N.F_UMD_CGG_D0.F,A,S0,N,F_UMD_CGG_D0,F,2011,-4.261680914241071,A,F,,,P1Y,S,,,GFS.A.N.I10.W0.S13.S1._Z.B.B9._Z._Z._Z.XDC_R_B1GQ._Z.S.V.N._T,,,,,,"See <a class=""external"" href=""http://sdw.ecb.europa.eu/web/generator/docu/rtdb_docu.pdf""> notes</a>; block Annual; series: B",,4,,,"Government deficit(-) or surplus(+), percent of GDP",Euro area (moving concept in the Real Time database context) - Deficit/surplus without UMTS proceeds - All sectors/ unspecified/ not applicable (ESA2010)-NCBs - General government (ESA2010)-NCBs - Non-financial flows current prices - Percentage,XDC_R_B1GQ,0,Replace,2024-04-10T15:30:00.000+02:00,
RTD.A.S0.N.F_UMD_CGG_D0.F,A,S0,N,F_UMD_CGG_D0,F,2012,-3.811428058000486,A,F,,,P1Y,S,,,GFS.A.N.I10.W0.S13.S1._Z.B.B9._Z._Z._Z.XDC_R_B1GQ._Z.S.V.N._T,,,,,,"See <a class=""external"" href=""http://sdw.ecb.europa.eu/web/generator/docu/rtdb_docu.pdf""> notes</a>; block Annual; series: B",,4,,,"Government deficit(-) or surplus(+), percent of GDP",Euro area (moving concept in the Real Time database context) - Deficit/surplus without UMTS proceeds - All sectors/ unspecified/ not applicable (ESA2010)-NCBs - General government (ESA2010)-NCBs - Non-financial flows current prices - Percentage,XDC_R_B1GQ,0,Replace,2024-04-10T15:30:00.000+02:00,
RTD.A.S0.N.F_UMD_CGG_D0.F,A,S0,N,F_UMD_CGG_D0,F,2013,-3.083780925941476,A,F,,,P1Y,S,,,GFS.A.N.I10.W0.S13.S1._Z.B.B9._Z._Z._Z.XDC_R_B1GQ._Z.S.V.N._T,,,,,,"See <a class=""external"" href=""http://sdw.ecb.europa.eu/web/generator/docu/rtdb_docu.pdf""> notes</a>; block Annual; series: B",,4,,,"Government deficit(-) or surplus(+), percent of GDP",Euro area (moving concept in the Real Time database context) - Deficit/surplus without UMTS proceeds - All sectors/ unspecified/ not applicable (ESA2010)-NCBs - General government (ESA2010)-NCBs - Non-financial flows current prices - Percentage,XDC_R_B1GQ,0,Replace,2024-04-10T15:30:00.000+02:00,
RTD.A.S0.N.F_UMD_CGG_D0.F,A,S0,N,F_UMD_CGG_D0,F,2014,-2.50083250586211,A,F,,,P1Y,S,,,GFS.A.N.I10.W0.S13.S1._Z.B.B9._Z._Z._Z.XDC_R_B1GQ._Z.S.V.N._T,,,,,,"See <a class=""external"" href=""http://sdw.ecb.europa.eu/web/generator/docu/rtdb_docu.pdf""> notes</a>; block Annual; series: B",,4,,,"Government deficit(-) or surplus(+), percent of GDP",Euro area (moving concept in the Real Time database context) - Deficit/surplus without UMTS proceeds - All sectors/ unspecified/ not applicable (ESA2010)-NCBs - General government (ESA2010)-NCBs - Non-financial flows current prices - Percentage,XDC_R_B1GQ,0,Replace,2024-04-10T15:30:00.000+02:00,
RTD.A.S0.N.F_UMD_CGG_D0.F,A,S0,N,F_UMD_CGG_D0,F,2015,-1.993441942742209,A,F,,,P1Y,S,,,GFS.A.N.I10.W0.S13.S1._Z.B.B9._Z._Z._Z.XDC_R_B1GQ._Z.S.V.N._T,,,,,,"See <a class=""external"" href=""http://sdw.ecb.europa.eu/web/generator/docu/rtdb_docu.pdf""> notes</a>; block Annual; series: B",,4,,,"Government deficit(-) or surplus(+), percent of GDP",Euro area (moving concept in the Real Time database context) - Deficit/surplus without UMTS proceeds - All sectors/ unspecified/ not applicable (ESA2010)-NCBs - General government (ESA2010)-NCBs - Non-financial flows current prices - Percentage,XDC_R_B1GQ,0,Replace,2024-04-10T15:30:00.000+02:00,
RTD.A.S0.N.F_UMD_CGG_D0.F,A,S0,N,F_UMD_CGG_D0,F,2016,-1.467141644653567,A,F,,,P1Y,S,,,GFS.A.N.I10.W0.S13.S1._Z.B.B9._Z._Z._Z.XDC_R_B1GQ._Z.S.V.N._T,,,,,,"See <a class=""external"" href=""http://sdw.ecb.europa.eu/web/generator/docu/rtdb_docu.pdf""> notes</a>; block Annual; series: B",,4,,,"Government deficit(-) or surplus(+), percent of GDP",Euro area (moving concept in the Real Time database context) - Deficit/surplus without UMTS proceeds - All sectors/ unspecified/ not applicable (ESA2010)-NCBs - General government (ESA2010)-NCBs - Non-financial flows current prices - Percentage,XDC_R_B1GQ,0,Replace,2024-04-10T15:30:00.000+02:00,
RTD.A.S0.N.F_UMD_CGG_D0.F,A,S0,N,F_UMD_CGG_D0,F,2017,-0.924309929887646,A,F,,,P1Y,S,,,GFS.A.N.I10.W0.S13.S1._Z.B.B9._Z._Z._Z.XDC_R_B1GQ._Z.S.V.N._T,,,,,,"See <a class=""external"" href=""http://sdw.ecb.europa.eu/web/generator/docu/rtdb_docu.pdf""> notes</a>; block Annual; series: B",,4,,,"Government deficit(-) or surplus(+), percent of GDP",Euro area (moving concept in the Real Time database context) - Deficit/surplus without UMTS proceeds - All sectors/ unspecified/ not applicable (ESA2010)-NCBs - General government (ESA2010)-NCBs - Non-financial flows current prices - Percentage,XDC_R_B1GQ,0,Replace,2024-04-10T15:30:00.000+02:00,
RTD.A.S0.N.F_UMD_CGG_D0.F,A,S0,N,F_UMD_CGG_D0,F,2018,-0.42768978201587,A,F,,,P1Y,S,,,GFS.A.N.I10.W0.S13.S1._Z.B.B9._Z._Z._Z.XDC_R_B1GQ._Z.S.V.N._T,,,,,,"See <a class=""external"" href=""http://sdw.ecb.europa.eu/web/generator/docu/rtdb_docu.pdf""> notes</a>; block Annual; series: B",,4,,,"Government deficit(-) or surplus(+), percent of GDP",Euro area (moving concept in the Real Time database context) - Deficit/surplus without UMTS proceeds - All sectors/ unspecified/ not applicable (ESA2010)-NCBs - General government (ESA2010)-NCBs - Non-financial flows current prices - Percentage,XDC_R_B1GQ,0,Replace,2024-04-10T15:30:00.000+02:00,
RTD.A.S0.N.F_UMD_CGG_D0.F,A,S0,N,F_UMD_CGG_D0,F,2019,-0.640160400365898,A,F,,,P1Y,S,,,GFS.A.N.I10.W0.S13.S1._Z.B.B9._Z._Z._Z.XDC_R_B1GQ._Z.S.V.N._T,,,,,,"See <a class=""external"" href=""http://sdw.ecb.europa.eu/web/generator/docu/rtdb_docu.pdf""> notes</a>; block Annual; series: B",,4,,,"Government deficit(-) or surplus(+), percent of GDP",Euro area (moving concept in the Real Time database context) - Deficit/surplus without UMTS proceeds - All sectors/ unspecified/ not applicable (ESA2010)-NCBs - General government (ESA2010)-NCBs - Non-financial flows current prices - Percentage,XDC_R_B1GQ,0,Replace,2024-04-10T15:30:00.000+02:00,
RTD.A.S0.N.F_UMD_CGG_D0.F,A,S0,N,F_UMD_CGG_D0,F,2020,-7.052565787483646,A,F,,,P1Y,S,,,GFS.A.N.I10.W0.S13.S1._Z.B.B9._Z._Z._Z.XDC_R_B1GQ._Z.S.V.N._T,,,,,,"See <a class=""external"" href=""http://sdw.ecb.europa.eu/web/generator/docu/rtdb_docu.pdf""> notes</a>; block Annual; series: B",,4,,,"Government deficit(-) or surplus(+), percent of GDP",Euro area (moving concept in the Real Time database context) - Deficit/surplus without UMTS proceeds - All sectors/ unspecified/ not applicable (ESA2010)-NCBs - General government (ESA2010)-NCBs - Non-financial flows current prices - Percentage,XDC_R_B1GQ,0,Replace,2024-04-10T15:30:00.000+02:00,
RTD.A.S0.N.F_UMD_CGG_D0.F,A,S0,N,F_UMD_CGG_D0,F,2021,-5.216046163080991,A,F,,,P1Y,S,,,GFS.A.N.I10.W0.S13.S1._Z.B.B9._Z._Z._Z.XDC_R_B1GQ._Z.S.V.N._T,,,,,,"See <a class=""external"" href=""http://sdw.ecb.europa.eu/web/generator/docu/rtdb_docu.pdf""> notes</a>; block Annual; series: B",,4,,,"Government deficit(-) or surplus(+), percent of GDP",Euro area (moving concept in the Real Time database context) - Deficit/surplus without UMTS proceeds - All sectors/ unspecified/ not applicable (ESA2010)-NCBs - General government (ESA2010)-NCBs - Non-financial flows current prices - Percentage,XDC_R_B1GQ,0,Replace,2024-04-10T15:30:00.000+02:00,
RTD.A.S0.N.F_UMD_CGG_D0.F,A,S0,N,F_UMD_CGG_D0,F,2022,-3.60553460987368,A,F,,,P1Y,S,,,GFS.A.N.I10.W0.S13.S1._Z.B.B9._Z._Z._Z.XDC_R_B1GQ._Z.S.V.N._T,,,,,,"See <a class=""external"" href=""http://sdw.ecb.europa.eu/web/generator/docu/rtdb_docu.pdf""> notes</a>; block Annual; series: B",,4,,,"Government deficit(-) or surplus(+), percent of GDP",Euro area (moving concept in the Real Time database context) - Deficit/surplus without UMTS proceeds - All sectors/ unspecified/ not applicable (ESA2010)-NCBs - General government (ESA2010)-NCBs - Non-financial flows current prices - Percentage,XDC_R_B1GQ,0,Replace,2024-04-10T15:30:00.000+02:00,
RTD.A.S0.N.F_UMD_CGG_D0.F,A,S0,N,F_UMD_CGG_D0,F,1995,-7.273,A,F,,,P1Y,S,,,GFS.A.N.I10.W0.S13.S1._Z.B.B9._Z._Z._Z.XDC_R_B1GQ._Z.S.V.N._T,,,,,,"See <a class=""external"" href=""http://sdw.ecb.europa.eu/web/generator/docu/rtdb_docu.pdf""> notes</a>; block Annual; series: B",,4,,,"Government deficit(-) or surplus(+), percent of GDP",Euro area (moving concept in the Real Time database context) - Deficit/surplus without UMTS proceeds - All sectors/ unspecified/ not applicable (ESA2010)-NCBs - General government (ESA2010)-NCBs - Non-financial flows current prices - Percentage,XDC_R_B1GQ,0,Replace,2024-06-05T15:30:00.000+02:00,
RTD.A.S0.N.F_UMD_CGG_D0.F,A,S0,N,F_UMD_CGG_D0,F,1996,-4.37,A,F,,,P1Y,S,,,GFS.A.N.I10.W0.S13.S1._Z.B.B9._Z._Z._Z.XDC_R_B1GQ._Z.S.V.N._T,,,,,,"See <a class=""external"" href=""http://sdw.ecb.europa.eu/web/generator/docu/rtdb_docu.pdf""> notes</a>; block Annual; series: B",,4,,,"Government deficit(-) or surplus(+), percent of GDP",Euro area (moving concept in the Real Time database context) - Deficit/surplus without UMTS proceeds - All sectors/ unspecified/ not applicable (ESA2010)-NCBs - General government (ESA2010)-NCBs - Non-financial flows current prices - Percentage,XDC_R_B1GQ,0,Replace,2024-06-05T15:30:00.000+02:00,
RTD.A.S0.N.F_UMD_CGG_D0.F,A,S0,N,F_UMD_CGG_D0,F,1997,-3.053,A,F,,,P1Y,S,,,GFS.A.N.I10.W0.S13.S1._Z.B.B9._Z._Z._Z.XDC_R_B1GQ._Z.S.V.N._T,,,,,,"See <a class=""external"" href=""http://sdw.ecb.europa.eu/web/generator/docu/rtdb_docu.pdf""> notes</a>; block Annual; series: B",,4,,,"Government deficit(-) or surplus(+), percent of GDP",Euro area (moving concept in the Real Time database context) - Deficit/surplus without UMTS proceeds - All sectors/ unspecified/ not applicable (ESA2010)-NCBs - General government (ESA2010)-NCBs - Non-financial flows current prices - Percentage,XDC_R_B1GQ,0,Replace,2024-06-05T15:30:00.000+02:00,
RTD.A.S0.N.F_UMD_CGG_D0.F,A,S0,N,F_UMD_CGG_D0,F,1998,-2.442,A,F,,,P1Y,S,,,GFS.A.N.I10.W0.S13.S1._Z.B.B9._Z._Z._Z.XDC_R_B1GQ._Z.S.V.N._T,,,,,,"See <a class=""external"" href=""http://sdw.ecb.europa.eu/web/generator/docu/rtdb_docu.pdf""> notes</a>; block Annual; series: B",,4,,,"Government deficit(-) or surplus(+), percent of GDP",Euro area (moving concept in the Real Time database context) - Deficit/surplus without UMTS proceeds - All sectors/ unspecified/ not applicable (ESA2010)-NCBs - General government (ESA2010)-NCBs - Non-financial flows current prices - Percentage,XDC_R_B1GQ,0,Replace,2024-06-05T15:30:00.000+02:00,
RTD.A.S0.N.F_UMD_CGG_D0.F,A,S0,N,F_UMD_CGG_D0,F,1999,-1.528,A,F,,,P1Y,S,,,GFS.A.N.I10.W0.S13.S1._Z.B.B9._Z._Z._Z.XDC_R_B1GQ._Z.S.V.N._T,,,,,,"See <a class=""external"" href=""http://sdw.ecb.europa.eu/web/generator/docu/rtdb_docu.pdf""> notes</a>; block Annual; series: B",,4,,,"Government deficit(-) or surplus(+), percent of GDP",Euro area (moving concept in the Real Time database context) - Deficit/surplus without UMTS proceeds - All sectors/ unspecified/ not applicable (ESA2010)-NCBs - General government (ESA2010)-NCBs - Non-financial flows current prices - Percentage,XDC_R_B1GQ,0,Replace,2024-06-05T15:30:00.000+02:00,
RTD.A.S0.N.F_UMD_CGG_D0.F,A,S0,N,F_UMD_CGG_D0,F,2000,-1.307,A,F,,,P1Y,S,,,GFS.A.N.I10.W0.S13.S1._Z.B.B9._Z._Z._Z.XDC_R_B1GQ._Z.S.V.N._T,,,,,,"See <a class=""external"" href=""http://sdw.ecb.europa.eu/web/generator/docu/rtdb_docu.pdf""> notes</a>; block Annual; series: B",,4,,,"Government deficit(-) or surplus(+), percent of GDP",Euro area (moving concept in the Real Time database context) - Deficit/surplus without UMTS proceeds - All sectors/ unspecified/ not applicable (ESA2010)-NCBs - General government (ESA2010)-NCBs - Non-financial flows current prices - Percentage,XDC_R_B1GQ,0,Replace,2024-06-05T15:30:00.000+02:00,
RTD.A.S0.N.F_UMD_CGG_D0.F,A,S0,N,F_UMD_CGG_D0,F,2001,-1.976,A,F,,,P1Y,S,,,GFS.A.N.I10.W0.S13.S1._Z.B.B9._Z._Z._Z.XDC_R_B1GQ._Z.S.V.N._T,,,,,,"See <a class=""external"" href=""http://sdw.ecb.europa.eu/web/generator/docu/rtdb_docu.pdf""> notes</a>; block Annual; series: B",,4,,,"Government deficit(-) or surplus(+), percent of GDP",Euro area (moving concept in the Real Time database context) - Deficit/surplus without UMTS proceeds - All sectors/ unspecified/ not applicable (ESA2010)-NCBs - General government (ESA2010)-NCBs - Non-financial flows current prices - Percentage,XDC_R_B1GQ,0,Replace,2024-06-05T15:30:00.000+02:00,
RTD.A.S0.N.F_UMD_CGG_D0.F,A,S0,N,F_UMD_CGG_D0,F,2002,-2.679,A,F,,,P1Y,S,,,GFS.A.N.I10.W0.S13.S1._Z.B.B9._Z._Z._Z.XDC_R_B1GQ._Z.S.V.N._T,,,,,,"See <a class=""external"" href=""http://sdw.ecb.europa.eu/web/generator/docu/rtdb_docu.pdf""> notes</a>; block Annual; series: B",,4,,,"Government deficit(-) or surplus(+), percent of GDP",Euro area (moving concept in the Real Time database context) - Deficit/surplus without UMTS proceeds - All sectors/ unspecified/ not applicable (ESA2010)-NCBs - General government (ESA2010)-NCBs - Non-financial flows current prices - Percentage,XDC_R_B1GQ,0,Replace,2024-06-05T15:30:00.000+02:00,
RTD.A.S0.N.F_UMD_CGG_D0.F,A,S0,N,F_UMD_CGG_D0,F,2003,-3.104,A,F,,,P1Y,S,,,GFS.A.N.I10.W0.S13.S1._Z.B.B9._Z._Z._Z.XDC_R_B1GQ._Z.S.V.N._T,,,,,,"See <a class=""external"" href=""http://sdw.ecb.europa.eu/web/generator/docu/rtdb_docu.pdf""> notes</a>; block Annual; series: B",,4,,,"Government deficit(-) or surplus(+), percent of GDP",Euro area (moving concept in the Real Time database context) - Deficit/surplus without UMTS proceeds - All sectors/ unspecified/ not applicable (ESA2010)-NCBs - General government (ESA2010)-NCBs - Non-financial flows current prices - Percentage,XDC_R_B1GQ,0,Replace,2024-06-05T15:30:00.000+02:00,
RTD.A.S0.N.F_UMD_CGG_D0.F,A,S0,N,F_UMD_CGG_D0,F,2004,-2.863,A,F,,,P1Y,S,,,GFS.A.N.I10.W0.S13.S1._Z.B.B9._Z._Z._Z.XDC_R_B1GQ._Z.S.V.N._T,,,,,,"See <a class=""external"" href=""http://sdw.ecb.europa.eu/web/generator/docu/rtdb_docu.pdf""> notes</a>; block Annual; series: B",,4,,,"Government deficit(-) or surplus(+), percent of GDP",Euro area (moving concept in the Real Time database context) - Deficit/surplus without UMTS proceeds - All sectors/ unspecified/ not applicable (ESA2010)-NCBs - General government (ESA2010)-NCBs - Non-financial flows current prices - Percentage,XDC_R_B1GQ,0,Replace,2024-06-05T15:30:00.000+02:00,
RTD.A.S0.N.F_UMD_CGG_D0.F,A,S0,N,F_UMD_CGG_D0,F,2005,-2.627,A,F,,,P1Y,S,,,GFS.A.N.I10.W0.S13.S1._Z.B.B9._Z._Z._Z.XDC_R_B1GQ._Z.S.V.N._T,,,,,,"See <a class=""external"" href=""http://sdw.ecb.europa.eu/web/generator/docu/rtdb_docu.pdf""> notes</a>; block Annual; series: B",,4,,,"Government deficit(-) or surplus(+), percent of GDP",Euro area (moving concept in the Real Time database context) - Deficit/surplus without UMTS proceeds - All sectors/ unspecified/ not applicable (ESA2010)-NCBs - General government (ESA2010)-NCBs - Non-financial flows current prices - Percentage,XDC_R_B1GQ,0,Replace,2024-06-05T15:30:00.000+02:00,
RTD.A.S0.N.F_UMD_CGG_D0.F,A,S0,N,F_UMD_CGG_D0,F,2006,-1.565,A,F,,,P1Y,S,,,GFS.A.N.I10.W0.S13.S1._Z.B.B9._Z._Z._Z.XDC_R_B1GQ._Z.S.V.N._T,,,,,,"See <a class=""external"" href=""http://sdw.ecb.europa.eu/web/generator/docu/rtdb_docu.pdf""> notes</a>; block Annual; series: B",,4,,,"Government deficit(-) or surplus(+), percent of GDP",Euro area (moving concept in the Real Time database context) - Deficit/surplus without UMTS proceeds - All sectors/ unspecified/ not applicable (ESA2010)-NCBs - General government (ESA2010)-NCBs - Non-financial flows current prices - Percentage,XDC_R_B1GQ,0,Replace,2024-06-05T15:30:00.000+02:00,
RTD.A.S0.N.F_UMD_CGG_D0.F,A,S0,N,F_UMD_CGG_D0,F,2007,-0.726,A,F,,,P1Y,S,,,GFS.A.N.I10.W0.S13.S1._Z.B.B9._Z._Z._Z.XDC_R_B1GQ._Z.S.V.N._T,,,,,,"See <a class=""external"" href=""http://sdw.ecb.europa.eu/web/generator/docu/rtdb_docu.pdf""> notes</a>; block Annual; series: B",,4,,,"Government deficit(-) or surplus(+), percent of GDP",Euro area (moving concept in the Real Time database context) - Deficit/surplus without UMTS proceeds - All sectors/ unspecified/ not applicable (ESA2010)-NCBs - General government (ESA2010)-NCBs - Non-financial flows current prices - Percentage,XDC_R_B1GQ,0,Replace,2024-06-05T15:30:00.000+02:00,
RTD.A.S0.N.F_UMD_CGG_D0.F,A,S0,N,F_UMD_CGG_D0,F,2008,-2.209,A,F,,,P1Y,S,,,GFS.A.N.I10.W0.S13.S1._Z.B.B9._Z._Z._Z.XDC_R_B1GQ._Z.S.V.N._T,,,,,,"See <a class=""external"" href=""http://sdw.ecb.europa.eu/web/generator/docu/rtdb_docu.pdf""> notes</a>; block Annual; series: B",,4,,,"Government deficit(-) or surplus(+), percent of GDP",Euro area (moving concept in the Real Time database context) - Deficit/surplus without UMTS proceeds - All sectors/ unspecified/ not applicable (ESA2010)-NCBs - General government (ESA2010)-NCBs - Non-financial flows current prices - Percentage,XDC_R_B1GQ,0,Replace,2024-06-05T15:30:00.000+02:00,
RTD.A.S0.N.F_UMD_CGG_D0.F,A,S0,N,F_UMD_CGG_D0,F,2009,-6.285,A,F,,,P1Y,S,,,GFS.A.N.I10.W0.S13.S1._Z.B.B9._Z._Z._Z.XDC_R_B1GQ._Z.S.V.N._T,,,,,,"See <a class=""external"" href=""http://sdw.ecb.europa.eu/web/generator/docu/rtdb_docu.pdf""> notes</a>; block Annual; series: B",,4,,,"Government deficit(-) or surplus(+), percent of GDP",Euro area (moving concept in the Real Time database context) - Deficit/surplus without UMTS proceeds - All sectors/ unspecified/ not applicable (ESA2010)-NCBs - General government (ESA2010)-NCBs - Non-financial flows current prices - Percentage,XDC_R_B1GQ,0,Replace,2024-06-05T15:30:00.000+02:00,
RTD.A.S0.N.F_UMD_CGG_D0.F,A,S0,N,F_UMD_CGG_D0,F,2010,-6.336,A,F,,,P1Y,S,,,GFS.A.N.I10.W0.S13.S1._Z.B.B9._Z._Z._Z.XDC_R_B1GQ._Z.S.V.N._T,,,,,,"See <a class=""external"" href=""http://sdw.ecb.europa.eu/web/generator/docu/rtdb_docu.pdf""> notes</a>; block Annual; series: B",,4,,,"Government deficit(-) or surplus(+), percent of GDP",Euro area (moving concept in the Real Time database context) - Deficit/surplus without UMTS proceeds - All sectors/ unspecified/ not applicable (ESA2010)-NCBs - General government (ESA2010)-NCBs - Non-financial flows current prices - Percentage,XDC_R_B1GQ,0,Replace,2024-06-05T15:30:00.000+02:00,
RTD.A.S0.N.F_UMD_CGG_D0.F,A,S0,N,F_UMD_CGG_D0,F,2011,-4.295,A,F,,,P1Y,S,,,GFS.A.N.I10.W0.S13.S1._Z.B.B9._Z._Z._Z.XDC_R_B1GQ._Z.S.V.N._T,,,,,,"See <a class=""external"" href=""http://sdw.ecb.europa.eu/web/generator/docu/rtdb_docu.pdf""> notes</a>; block Annual; series: B",,4,,,"Government deficit(-) or surplus(+), percent of GDP",Euro area (moving concept in the Real Time database context) - Deficit/surplus without UMTS proceeds - All sectors/ unspecified/ not applicable (ESA2010)-NCBs - General government (ESA2010)-NCBs - Non-financial flows current prices - Percentage,XDC_R_B1GQ,0,Replace,2024-06-05T15:30:00.000+02:00,
RTD.A.S0.N.F_UMD_CGG_D0.F,A,S0,N,F_UMD_CGG_D0,F,2012,-3.851,A,F,,,P1Y,S,,,GFS.A.N.I10.W0.S13.S1._Z.B.B9._Z._Z._Z.XDC_R_B1GQ._Z.S.V.N._T,,,,,,"See <a class=""external"" href=""http://sdw.ecb.europa.eu/web/generator/docu/rtdb_docu.pdf""> notes</a>; block Annual; series: B",,4,,,"Government deficit(-) or surplus(+), percent of GDP",Euro area (moving concept in the Real Time database context) - Deficit/surplus without UMTS proceeds - All sectors/ unspecified/ not applicable (ESA2010)-NCBs - General government (ESA2010)-NCBs - Non-financial flows current prices - Percentage,XDC_R_B1GQ,0,Replace,2024-06-05T15:30:00.000+02:00,
RTD.A.S0.N.F_UMD_CGG_D0.F,A,S0,N,F_UMD_CGG_D0,F,2013,-3.267,A,F,,,P1Y,S,,,GFS.A.N.I10.W0.S13.S1._Z.B.B9._Z._Z._Z.XDC_R_B1GQ._Z.S.V.N._T,,,,,,"See <a class=""external"" href=""http://sdw.ecb.europa.eu/web/generator/docu/rtdb_docu.pdf""> notes</a>; block Annual; series: B",,4,,,"Government deficit(-) or surplus(+), percent of GDP",Euro area (moving concept in the Real Time database context) - Deficit/surplus without UMTS proceeds - All sectors/ unspecified/ not applicable (ESA2010)-NCBs - General government (ESA2010)-NCBs - Non-financial flows current prices - Percentage,XDC_R_B1GQ,0,Replace,2024-06-05T15:30:00.000+02:00,
RTD.A.S0.N.F_UMD_CGG_D0.F,A,S0,N,F_UMD_CGG_D0,F,2014,-2.644,A,F,,,P1Y,S,,,GFS.A.N.I10.W0.S13.S1._Z.B.B9._Z._Z._Z.XDC_R_B1GQ._Z.S.V.N._T,,,,,,"See <a class=""external"" href=""http://sdw.ecb.europa.eu/web/generator/docu/rtdb_docu.pdf""> notes</a>; block Annual; series: B",,4,,,"Government deficit(-) or surplus(+), percent of GDP",Euro area (moving concept in the Real Time database context) - Deficit/surplus without UMTS proceeds - All sectors/ unspecified/ not applicable (ESA2010)-NCBs - General government (ESA2010)-NCBs - Non-financial flows current prices - Percentage,XDC_R_B1GQ,0,Replace,2024-06-05T15:30:00.000+02:00,
RTD.A.S0.N.F_UMD_CGG_D0.F,A,S0,N,F_UMD_CGG_D0,F,2015,-2.05,A,F,,,P1Y,S,,,GFS.A.N.I10.W0.S13.S1._Z.B.B9._Z._Z._Z.XDC_R_B1GQ._Z.S.V.N._T,,,,,,"See <a class=""external"" href=""http://sdw.ecb.europa.eu/web/generator/docu/rtdb_docu.pdf""> notes</a>; block Annual; series: B",,4,,,"Government deficit(-) or surplus(+), percent of GDP",Euro area (moving concept in the Real Time database context) - Deficit/surplus without UMTS proceeds - All sectors/ unspecified/ not applicable (ESA2010)-NCBs - General government (ESA2010)-NCBs - Non-financial flows current prices - Percentage,XDC_R_B1GQ,0,Replace,2024-06-05T15:30:00.000+02:00,
RTD.A.S0.N.F_UMD_CGG_D0.F,A,S0,N,F_UMD_CGG_D0,F,2016,-1.493,A,F,,,P1Y,S,,,GFS.A.N.I10.W0.S13.S1._Z.B.B9._Z._Z._Z.XDC_R_B1GQ._Z.S.V.N._T,,,,,,"See <a class=""external"" href=""http://sdw.ecb.europa.eu/web/generator/docu/rtdb_docu.pdf""> notes</a>; block Annual; series: B",,4,,,"Government deficit(-) or surplus(+), percent of GDP",Euro area (moving concept in the Real Time database context) - Deficit/surplus without UMTS proceeds - All sectors/ unspecified/ not applicable (ESA2010)-NCBs - General government (ESA2010)-NCBs - Non-financial flows current prices - Percentage,XDC_R_B1GQ,0,Replace,2024-06-05T15:30:00.000+02:00,
RTD.A.S0.N.F_UMD_CGG_D0.F,A,S0,N,F_UMD_CGG_D0,F,2017,-1.006,A,F,,,P1Y,S,,,GFS.A.N.I10.W0.S13.S1._Z.B.B9._Z._Z._Z.XDC_R_B1GQ._Z.S.V.N._T,,,,,,"See <a class=""external"" href=""http://sdw.ecb.europa.eu/web/generator/docu/rtdb_docu.pdf""> notes</a>; block Annual; series: B",,4,,,"Government deficit(-) or surplus(+), percent of GDP",Euro area (moving concept in the Real Time database context) - Deficit/surplus without UMTS proceeds - All sectors/ unspecified/ not applicable (ESA2010)-NCBs - General government (ESA2010)-NCBs - Non-financial flows current prices - Percentage,XDC_R_B1GQ,0,Replace,2024-06-05T15:30:00.000+02:00,
RTD.A.S0.N.F_UMD_CGG_D0.F,A,S0,N,F_UMD_CGG_D0,F,2018,-0.432,A,F,,,P1Y,S,,,GFS.A.N.I10.W0.S13.S1._Z.B.B9._Z._Z._Z.XDC_R_B1GQ._Z.S.V.N._T,,,,,,"See <a class=""external"" href=""http://sdw.ecb.europa.eu/web/generator/docu/rtdb_docu.pdf""> notes</a>; block Annual; series: B",,4,,,"Government deficit(-) or surplus(+), percent of GDP",Euro area (moving concept in the Real Time database context) - Deficit/surplus without UMTS proceeds - All sectors/ unspecified/ not applicable (ESA2010)-NCBs - General government (ESA2010)-NCBs - Non-financial flows current prices - Percentage,XDC_R_B1GQ,0,Replace,2024-06-05T15:30:00.000+02:00,
RTD.A.S0.N.F_UMD_CGG_D0.F,A,S0,N,F_UMD_CGG_D0,F,2019,-0.503,A,F,,,P1Y,S,,,GFS.A.N.I10.W0.S13.S1._Z.B.B9._Z._Z._Z.XDC_R_B1GQ._Z.S.V.N._T,,,,,,"See <a class=""external"" href=""http://sdw.ecb.europa.eu/web/generator/docu/rtdb_docu.pdf""> notes</a>; block Annual; series: B",,4,,,"Government deficit(-) or surplus(+), percent of GDP",Euro area (moving concept in the Real Time database context) - Deficit/surplus without UMTS proceeds - All sectors/ unspecified/ not applicable (ESA2010)-NCBs - General government (ESA2010)-NCBs - Non-financial flows current prices - Percentage,XDC_R_B1GQ,0,Replace,2024-06-05T15:30:00.000+02:00,
RTD.A.S0.N.F_UMD_CGG_D0.F,A,S0,N,F_UMD_CGG_D0,F,2020,-7.015,A,F,,,P1Y,S,,,GFS.A.N.I10.W0.S13.S1._Z.B.B9._Z._Z._Z.XDC_R_B1GQ._Z.S.V.N._T,,,,,,"See <a class=""external"" href=""http://sdw.ecb.europa.eu/web/generator/docu/rtdb_docu.pdf""> notes</a>; block Annual; series: B",,4,,,"Government deficit(-) or surplus(+), percent of GDP",Euro area (moving concept in the Real Time database context) - Deficit/surplus without UMTS proceeds - All sectors/ unspecified/ not applicable (ESA2010)-NCBs - General government (ESA2010)-NCBs - Non-financial flows current prices - Percentage,XDC_R_B1GQ,0,Replace,2024-06-05T15:30:00.000+02:00,
RTD.A.S0.N.F_UMD_CGG_D0.F,A,S0,N,F_UMD_CGG_D0,F,2021,-5.236,A,F,,,P1Y,S,,,GFS.A.N.I10.W0.S13.S1._Z.B.B9._Z._Z._Z.XDC_R_B1GQ._Z.S.V.N._T,,,,,,"See <a class=""external"" href=""http://sdw.ecb.europa.eu/web/generator/docu/rtdb_docu.pdf""> notes</a>; block Annual; series: B",,4,,,"Government deficit(-) or surplus(+), percent of GDP",Euro area (moving concept in the Real Time database context) - Deficit/surplus without UMTS proceeds - All sectors/ unspecified/ not applicable (ESA2010)-NCBs - General government (ESA2010)-NCBs - Non-financial flows current prices - Percentage,XDC_R_B1GQ,0,Replace,2024-06-05T15:30:00.000+02:00,
RTD.A.S0.N.F_UMD_CGG_D0.F,A,S0,N,F_UMD_CGG_D0,F,2022,-3.66,A,F,,,P1Y,S,,,GFS.A.N.I10.W0.S13.S1._Z.B.B9._Z._Z._Z.XDC_R_B1GQ._Z.S.V.N._T,,,,,,"See <a class=""external"" href=""http://sdw.ecb.europa.eu/web/generator/docu/rtdb_docu.pdf""> notes</a>; block Annual; series: B",,4,,,"Government deficit(-) or surplus(+), percent of GDP",Euro area (moving concept in the Real Time database context) - Deficit/surplus without UMTS proceeds - All sectors/ unspecified/ not applicable (ESA2010)-NCBs - General government (ESA2010)-NCBs - Non-financial flows current prices - Percentage,XDC_R_B1GQ,0,Replace,2024-06-05T15:30:00.000+02:00,
RTD.A.S0.N.F_UMD_CGG_D0.F,A,S0,N,F_UMD_CGG_D0,F,2023,-3.574,A,F,,,P1Y,S,,,GFS.A.N.I10.W0.S13.S1._Z.B.B9._Z._Z._Z.XDC_R_B1GQ._Z.S.V.N._T,,,,,,"See <a class=""external"" href=""http://sdw.ecb.europa.eu/web/generator/docu/rtdb_docu.pdf""> notes</a>; block Annual; series: B",,4,,,"Government deficit(-) or surplus(+), percent of GDP",Euro area (moving concept in the Real Time database context) - Deficit/surplus without UMTS proceeds - All sectors/ unspecified/ not applicable (ESA2010)-NCBs - General government (ESA2010)-NCBs - Non-financial flows current prices - Percentage,XDC_R_B1GQ,0,Replace,2024-06-05T15:30:00.000+02:00,
RTD.A.S0.N.F_UMD_CGG_D0.F,A,S0,N,F_UMD_CGG_D0,F,1995,-7.277,A,F,,,P1Y,S,,,GFS.A.N.I10.W0.S13.S1._Z.B.B9._Z._Z._Z.XDC_R_B1GQ._Z.S.V.N._T,,,,,,"See <a class=""external"" href=""http://sdw.ecb.europa.eu/web/generator/docu/rtdb_docu.pdf""> notes</a>; block Annual; series: B",,4,,,"Government deficit(-) or surplus(+), percent of GDP",Euro area (moving concept in the Real Time database context) - Deficit/surplus without UMTS proceeds - All sectors/ unspecified/ not applicable (ESA2010)-NCBs - General government (ESA2010)-NCBs - Non-financial flows current prices - Percentage,XDC_R_B1GQ,0,Replace,2024-09-11T15:30:00.000+02:00,
RTD.A.S0.N.F_UMD_CGG_D0.F,A,S0,N,F_UMD_CGG_D0,F,1996,-4.377,A,F,,,P1Y,S,,,GFS.A.N.I10.W0.S13.S1._Z.B.B9._Z._Z._Z.XDC_R_B1GQ._Z.S.V.N._T,,,,,,"See <a class=""external"" href=""http://sdw.ecb.europa.eu/web/generator/docu/rtdb_docu.pdf""> notes</a>; block Annual; series: B",,4,,,"Government deficit(-) or surplus(+), percent of GDP",Euro area (moving concept in the Real Time database context) - Deficit/surplus without UMTS proceeds - All sectors/ unspecified/ not applicable (ESA2010)-NCBs - General government (ESA2010)-NCBs - Non-financial flows current prices - Percentage,XDC_R_B1GQ,0,Replace,2024-09-11T15:30:00.000+02:00,
RTD.A.S0.N.F_UMD_CGG_D0.F,A,S0,N,F_UMD_CGG_D0,F,1997,-3.055,A,F,,,P1Y,S,,,GFS.A.N.I10.W0.S13.S1._Z.B.B9._Z._Z._Z.XDC_R_B1GQ._Z.S.V.N._T,,,,,,"See <a class=""external"" href=""http://sdw.ecb.europa.eu/web/generator/docu/rtdb_docu.pdf""> notes</a>; block Annual; series: B",,4,,,"Government deficit(-) or surplus(+), percent of GDP",Euro area (moving concept in the Real Time database context) - Deficit/surplus without UMTS proceeds - All sectors/ unspecified/ not applicable (ESA2010)-NCBs - General government (ESA2010)-NCBs - Non-financial flows current prices - Percentage,XDC_R_B1GQ,0,Replace,2024-09-11T15:30:00.000+02:00,
RTD.A.S0.N.F_UMD_CGG_D0.F,A,S0,N,F_UMD_CGG_D0,F,1998,-2.441,A,F,,,P1Y,S,,,GFS.A.N.I10.W0.S13.S1._Z.B.B9._Z._Z._Z.XDC_R_B1GQ._Z.S.V.N._T,,,,,,"See <a class=""external"" href=""http://sdw.ecb.europa.eu/web/generator/docu/rtdb_docu.pdf""> notes</a>; block Annual; series: B",,4,,,"Government deficit(-) or surplus(+), percent of GDP",Euro area (moving concept in the Real Time database context) - Deficit/surplus without UMTS proceeds - All sectors/ unspecified/ not applicable (ESA2010)-NCBs - General government (ESA2010)-NCBs - Non-financial flows current prices - Percentage,XDC_R_B1GQ,0,Replace,2024-09-11T15:30:00.000+02:00,
RTD.A.S0.N.F_UMD_CGG_D0.F,A,S0,N,F_UMD_CGG_D0,F,1999,-1.526,A,F,,,P1Y,S,,,GFS.A.N.I10.W0.S13.S1._Z.B.B9._Z._Z._Z.XDC_R_B1GQ._Z.S.V.N._T,,,,,,"See <a class=""external"" href=""http://sdw.ecb.europa.eu/web/generator/docu/rtdb_docu.pdf""> notes</a>; block Annual; series: B",,4,,,"Government deficit(-) or surplus(+), percent of GDP",Euro area (moving concept in the Real Time database context) - Deficit/surplus without UMTS proceeds - All sectors/ unspecified/ not applicable (ESA2010)-NCBs - General government (ESA2010)-NCBs - Non-financial flows current prices - Percentage,XDC_R_B1GQ,0,Replace,2024-09-11T15:30:00.000+02:00,
RTD.A.S0.N.F_UMD_CGG_D0.F,A,S0,N,F_UMD_CGG_D0,F,2000,-1.311,A,F,,,P1Y,S,,,GFS.A.N.I10.W0.S13.S1._Z.B.B9._Z._Z._Z.XDC_R_B1GQ._Z.S.V.N._T,,,,,,"See <a class=""external"" href=""http://sdw.ecb.europa.eu/web/generator/docu/rtdb_docu.pdf""> notes</a>; block Annual; series: B",,4,,,"Government deficit(-) or surplus(+), percent of GDP",Euro area (moving concept in the Real Time database context) - Deficit/surplus without UMTS proceeds - All sectors/ unspecified/ not applicable (ESA2010)-NCBs - General government (ESA2010)-NCBs - Non-financial flows current prices - Percentage,XDC_R_B1GQ,0,Replace,2024-09-11T15:30:00.000+02:00,
RTD.A.S0.N.F_UMD_CGG_D0.F,A,S0,N,F_UMD_CGG_D0,F,2001,-1.98,A,F,,,P1Y,S,,,GFS.A.N.I10.W0.S13.S1._Z.B.B9._Z._Z._Z.XDC_R_B1GQ._Z.S.V.N._T,,,,,,"See <a class=""external"" href=""http://sdw.ecb.europa.eu/web/generator/docu/rtdb_docu.pdf""> notes</a>; block Annual; series: B",,4,,,"Government deficit(-) or surplus(+), percent of GDP",Euro area (moving concept in the Real Time database context) - Deficit/surplus without UMTS proceeds - All sectors/ unspecified/ not applicable (ESA2010)-NCBs - General government (ESA2010)-NCBs - Non-financial flows current prices - Percentage,XDC_R_B1GQ,0,Replace,2024-09-11T15:30:00.000+02:00,
RTD.A.S0.N.F_UMD_CGG_D0.F,A,S0,N,F_UMD_CGG_D0,F,2002,-2.696,A,F,,,P1Y,S,,,GFS.A.N.I10.W0.S13.S1._Z.B.B9._Z._Z._Z.XDC_R_B1GQ._Z.S.V.N._T,,,,,,"See <a class=""external"" href=""http://sdw.ecb.europa.eu/web/generator/docu/rtdb_docu.pdf""> notes</a>; block Annual; series: B",,4,,,"Government deficit(-) or surplus(+), percent of GDP",Euro area (moving concept in the Real Time database context) - Deficit/surplus without UMTS proceeds - All sectors/ unspecified/ not applicable (ESA2010)-NCBs - General government (ESA2010)-NCBs - Non-financial flows current prices - Percentage,XDC_R_B1GQ,0,Replace,2024-09-11T15:30:00.000+02:00,
RTD.A.S0.N.F_UMD_CGG_D0.F,A,S0,N,F_UMD_CGG_D0,F,2003,-3.114,A,F,,,P1Y,S,,,GFS.A.N.I10.W0.S13.S1._Z.B.B9._Z._Z._Z.XDC_R_B1GQ._Z.S.V.N._T,,,,,,"See <a class=""external"" href=""http://sdw.ecb.europa.eu/web/generator/docu/rtdb_docu.pdf""> notes</a>; block Annual; series: B",,4,,,"Government deficit(-) or surplus(+), percent of GDP",Euro area (moving concept in the Real Time database context) - Deficit/surplus without UMTS proceeds - All sectors/ unspecified/ not applicable (ESA2010)-NCBs - General government (ESA2010)-NCBs - Non-financial flows current prices - Percentage,XDC_R_B1GQ,0,Replace,2024-09-11T15:30:00.000+02:00,
RTD.A.S0.N.F_UMD_CGG_D0.F,A,S0,N,F_UMD_CGG_D0,F,2004,-2.868,A,F,,,P1Y,S,,,GFS.A.N.I10.W0.S13.S1._Z.B.B9._Z._Z._Z.XDC_R_B1GQ._Z.S.V.N._T,,,,,,"See <a class=""external"" href=""http://sdw.ecb.europa.eu/web/generator/docu/rtdb_docu.pdf""> notes</a>; block Annual; series: B",,4,,,"Government deficit(-) or surplus(+), percent of GDP",Euro area (moving concept in the Real Time database context) - Deficit/surplus without UMTS proceeds - All sectors/ unspecified/ not applicable (ESA2010)-NCBs - General government (ESA2010)-NCBs - Non-financial flows current prices - Percentage,XDC_R_B1GQ,0,Replace,2024-09-11T15:30:00.000+02:00,
RTD.A.S0.N.F_UMD_CGG_D0.F,A,S0,N,F_UMD_CGG_D0,F,2005,-2.631,A,F,,,P1Y,S,,,GFS.A.N.I10.W0.S13.S1._Z.B.B9._Z._Z._Z.XDC_R_B1GQ._Z.S.V.N._T,,,,,,"See <a class=""external"" href=""http://sdw.ecb.europa.eu/web/generator/docu/rtdb_docu.pdf""> notes</a>; block Annual; series: B",,4,,,"Government deficit(-) or surplus(+), percent of GDP",Euro area (moving concept in the Real Time database context) - Deficit/surplus without UMTS proceeds - All sectors/ unspecified/ not applicable (ESA2010)-NCBs - General government (ESA2010)-NCBs - Non-financial flows current prices - Percentage,XDC_R_B1GQ,0,Replace,2024-09-11T15:30:00.000+02:00,
RTD.A.S0.N.F_UMD_CGG_D0.F,A,S0,N,F_UMD_CGG_D0,F,2006,-1.56,A,F,,,P1Y,S,,,GFS.A.N.I10.W0.S13.S1._Z.B.B9._Z._Z._Z.XDC_R_B1GQ._Z.S.V.N._T,,,,,,"See <a class=""external"" href=""http://sdw.ecb.europa.eu/web/generator/docu/rtdb_docu.pdf""> notes</a>; block Annual; series: B",,4,,,"Government deficit(-) or surplus(+), percent of GDP",Euro area (moving concept in the Real Time database context) - Deficit/surplus without UMTS proceeds - All sectors/ unspecified/ not applicable (ESA2010)-NCBs - General government (ESA2010)-NCBs - Non-financial flows current prices - Percentage,XDC_R_B1GQ,0,Replace,2024-09-11T15:30:00.000+02:00,
RTD.A.S0.N.F_UMD_CGG_D0.F,A,S0,N,F_UMD_CGG_D0,F,2007,-0.727,A,F,,,P1Y,S,,,GFS.A.N.I10.W0.S13.S1._Z.B.B9._Z._Z._Z.XDC_R_B1GQ._Z.S.V.N._T,,,,,,"See <a class=""external"" href=""http://sdw.ecb.europa.eu/web/generator/docu/rtdb_docu.pdf""> notes</a>; block Annual; series: B",,4,,,"Government deficit(-) or surplus(+), percent of GDP",Euro area (moving concept in the Real Time database context) - Deficit/surplus without UMTS proceeds - All sectors/ unspecified/ not applicable (ESA2010)-NCBs - General government (ESA2010)-NCBs - Non-financial flows current prices - Percentage,XDC_R_B1GQ,0,Replace,2024-09-11T15:30:00.000+02:00,
RTD.A.S0.N.F_UMD_CGG_D0.F,A,S0,N,F_UMD_CGG_D0,F,2008,-2.217,A,F,,,P1Y,S,,,GFS.A.N.I10.W0.S13.S1._Z.B.B9._Z._Z._Z.XDC_R_B1GQ._Z.S.V.N._T,,,,,,"See <a class=""external"" href=""http://sdw.ecb.europa.eu/web/generator/docu/rtdb_docu.pdf""> notes</a>; block Annual; series: B",,4,,,"Government deficit(-) or surplus(+), percent of GDP",Euro area (moving concept in the Real Time database context) - Deficit/surplus without UMTS proceeds - All sectors/ unspecified/ not applicable (ESA2010)-NCBs - General government (ESA2010)-NCBs - Non-financial flows current prices - Percentage,XDC_R_B1GQ,0,Replace,2024-09-11T15:30:00.000+02:00,
RTD.A.S0.N.F_UMD_CGG_D0.F,A,S0,N,F_UMD_CGG_D0,F,2009,-6.277,A,F,,,P1Y,S,,,GFS.A.N.I10.W0.S13.S1._Z.B.B9._Z._Z._Z.XDC_R_B1GQ._Z.S.V.N._T,,,,,,"See <a class=""external"" href=""http://sdw.ecb.europa.eu/web/generator/docu/rtdb_docu.pdf""> notes</a>; block Annual; series: B",,4,,,"Government deficit(-) or surplus(+), percent of GDP",Euro area (moving concept in the Real Time database context) - Deficit/surplus without UMTS proceeds - All sectors/ unspecified/ not applicable (ESA2010)-NCBs - General government (ESA2010)-NCBs - Non-financial flows current prices - Percentage,XDC_R_B1GQ,0,Replace,2024-09-11T15:30:00.000+02:00,
RTD.A.S0.N.F_UMD_CGG_D0.F,A,S0,N,F_UMD_CGG_D0,F,2010,-6.331,A,F,,,P1Y,S,,,GFS.A.N.I10.W0.S13.S1._Z.B.B9._Z._Z._Z.XDC_R_B1GQ._Z.S.V.N._T,,,,,,"See <a class=""external"" href=""http://sdw.ecb.europa.eu/web/generator/docu/rtdb_docu.pdf""> notes</a>; block Annual; series: B",,4,,,"Government deficit(-) or surplus(+), percent of GDP",Euro area (moving concept in the Real Time database context) - Deficit/surplus without UMTS proceeds - All sectors/ unspecified/ not applicable (ESA2010)-NCBs - General government (ESA2010)-NCBs - Non-financial flows current prices - Percentage,XDC_R_B1GQ,0,Replace,2024-09-11T15:30:00.000+02:00,
RTD.A.S0.N.F_UMD_CGG_D0.F,A,S0,N,F_UMD_CGG_D0,F,2011,-4.292,A,F,,,P1Y,S,,,GFS.A.N.I10.W0.S13.S1._Z.B.B9._Z._Z._Z.XDC_R_B1GQ._Z.S.V.N._T,,,,,,"See <a class=""external"" href=""http://sdw.ecb.europa.eu/web/generator/docu/rtdb_docu.pdf""> notes</a>; block Annual; series: B",,4,,,"Government deficit(-) or surplus(+), percent of GDP",Euro area (moving concept in the Real Time database context) - Deficit/surplus without UMTS proceeds - All sectors/ unspecified/ not applicable (ESA2010)-NCBs - General government (ESA2010)-NCBs - Non-financial flows current prices - Percentage,XDC_R_B1GQ,0,Replace,2024-09-11T15:30:00.000+02:00,
RTD.A.S0.N.F_UMD_CGG_D0.F,A,S0,N,F_UMD_CGG_D0,F,2012,-3.845,A,F,,,P1Y,S,,,GFS.A.N.I10.W0.S13.S1._Z.B.B9._Z._Z._Z.XDC_R_B1GQ._Z.S.V.N._T,,,,,,"See <a class=""external"" href=""http://sdw.ecb.europa.eu/web/generator/docu/rtdb_docu.pdf""> notes</a>; block Annual; series: B",,4,,,"Government deficit(-) or surplus(+), percent of GDP",Euro area (moving concept in the Real Time database context) - Deficit/surplus without UMTS proceeds - All sectors/ unspecified/ not applicable (ESA2010)-NCBs - General government (ESA2010)-NCBs - Non-financial flows current prices - Percentage,XDC_R_B1GQ,0,Replace,2024-09-11T15:30:00.000+02:00,
RTD.A.S0.N.F_UMD_CGG_D0.F,A,S0,N,F_UMD_CGG_D0,F,2013,-3.259,A,F,,,P1Y,S,,,GFS.A.N.I10.W0.S13.S1._Z.B.B9._Z._Z._Z.XDC_R_B1GQ._Z.S.V.N._T,,,,,,"See <a class=""external"" href=""http://sdw.ecb.europa.eu/web/generator/docu/rtdb_docu.pdf""> notes</a>; block Annual; series: B",,4,,,"Government deficit(-) or surplus(+), percent of GDP",Euro area (moving concept in the Real Time database context) - Deficit/surplus without UMTS proceeds - All sectors/ unspecified/ not applicable (ESA2010)-NCBs - General government (ESA2010)-NCBs - Non-financial flows current prices - Percentage,XDC_R_B1GQ,0,Replace,2024-09-11T15:30:00.000+02:00,
RTD.A.S0.N.F_UMD_CGG_D0.F,A,S0,N,F_UMD_CGG_D0,F,2014,-2.642,A,F,,,P1Y,S,,,GFS.A.N.I10.W0.S13.S1._Z.B.B9._Z._Z._Z.XDC_R_B1GQ._Z.S.V.N._T,,,,,,"See <a class=""external"" href=""http://sdw.ecb.europa.eu/web/generator/docu/rtdb_docu.pdf""> notes</a>; block Annual; series: B",,4,,,"Government deficit(-) or surplus(+), percent of GDP",Euro area (moving concept in the Real Time database context) - Deficit/surplus without UMTS proceeds - All sectors/ unspecified/ not applicable (ESA2010)-NCBs - General government (ESA2010)-NCBs - Non-financial flows current prices - Percentage,XDC_R_B1GQ,0,Replace,2024-09-11T15:30:00.000+02:00,
RTD.A.S0.N.F_UMD_CGG_D0.F,A,S0,N,F_UMD_CGG_D0,F,2015,-2.039,A,F,,,P1Y,S,,,GFS.A.N.I10.W0.S13.S1._Z.B.B9._Z._Z._Z.XDC_R_B1GQ._Z.S.V.N._T,,,,,,"See <a class=""external"" href=""http://sdw.ecb.europa.eu/web/generator/docu/rtdb_docu.pdf""> notes</a>; block Annual; series: B",,4,,,"Government deficit(-) or surplus(+), percent of GDP",Euro area (moving concept in the Real Time database context) - Deficit/surplus without UMTS proceeds - All sectors/ unspecified/ not applicable (ESA2010)-NCBs - General government (ESA2010)-NCBs - Non-financial flows current prices - Percentage,XDC_R_B1GQ,0,Replace,2024-09-11T15:30:00.000+02:00,
RTD.A.S0.N.F_UMD_CGG_D0.F,A,S0,N,F_UMD_CGG_D0,F,2016,-1.485,A,F,,,P1Y,S,,,GFS.A.N.I10.W0.S13.S1._Z.B.B9._Z._Z._Z.XDC_R_B1GQ._Z.S.V.N._T,,,,,,"See <a class=""external"" href=""http://sdw.ecb.europa.eu/web/generator/docu/rtdb_docu.pdf""> notes</a>; block Annual; series: B",,4,,,"Government deficit(-) or surplus(+), percent of GDP",Euro area (moving concept in the Real Time database context) - Deficit/surplus without UMTS proceeds - All sectors/ unspecified/ not applicable (ESA2010)-NCBs - General government (ESA2010)-NCBs - Non-financial flows current prices - Percentage,XDC_R_B1GQ,0,Replace,2024-09-11T15:30:00.000+02:00,
RTD.A.S0.N.F_UMD_CGG_D0.F,A,S0,N,F_UMD_CGG_D0,F,2017,-1.008,A,F,,,P1Y,S,,,GFS.A.N.I10.W0.S13.S1._Z.B.B9._Z._Z._Z.XDC_R_B1GQ._Z.S.V.N._T,,,,,,"See <a class=""external"" href=""http://sdw.ecb.europa.eu/web/generator/docu/rtdb_docu.pdf""> notes</a>; block Annual; series: B",,4,,,"Government deficit(-) or surplus(+), percent of GDP",Euro area (moving concept in the Real Time database context) - Deficit/surplus without UMTS proceeds - All sectors/ unspecified/ not applicable (ESA2010)-NCBs - General government (ESA2010)-NCBs - Non-financial flows current prices - Percentage,XDC_R_B1GQ,0,Replace,2024-09-11T15:30:00.000+02:00,
RTD.A.S0.N.F_UMD_CGG_D0.F,A,S0,N,F_UMD_CGG_D0,F,2019,-0.502,A,F,,,P1Y,S,,,GFS.A.N.I10.W0.S13.S1._Z.B.B9._Z._Z._Z.XDC_R_B1GQ._Z.S.V.N._T,,,,,,"See <a class=""external"" href=""http://sdw.ecb.europa.eu/web/generator/docu/rtdb_docu.pdf""> notes</a>; block Annual; series: B",,4,,,"Government deficit(-) or surplus(+), percent of GDP",Euro area (moving concept in the Real Time database context) - Deficit/surplus without UMTS proceeds - All sectors/ unspecified/ not applicable (ESA2010)-NCBs - General government (ESA2010)-NCBs - Non-financial flows current prices - Percentage,XDC_R_B1GQ,0,Replace,2024-09-11T15:30:00.000+02:00,
RTD.A.S0.N.F_UMD_CGG_D0.F,A,S0,N,F_UMD_CGG_D0,F,2020,-7.002,A,F,,,P1Y,S,,,GFS.A.N.I10.W0.S13.S1._Z.B.B9._Z._Z._Z.XDC_R_B1GQ._Z.S.V.N._T,,,,,,"See <a class=""external"" href=""http://sdw.ecb.europa.eu/web/generator/docu/rtdb_docu.pdf""> notes</a>; block Annual; series: B",,4,,,"Government deficit(-) or surplus(+), percent of GDP",Euro area (moving concept in the Real Time database context) - Deficit/surplus without UMTS proceeds - All sectors/ unspecified/ not applicable (ESA2010)-NCBs - General government (ESA2010)-NCBs - Non-financial flows current prices - Percentage,XDC_R_B1GQ,0,Replace,2024-09-11T15:30:00.000+02:00,
RTD.A.S0.N.F_UMD_CGG_D0.F,A,S0,N,F_UMD_CGG_D0,F,2021,-5.226,A,F,,,P1Y,S,,,GFS.A.N.I10.W0.S13.S1._Z.B.B9._Z._Z._Z.XDC_R_B1GQ._Z.S.V.N._T,,,,,,"See <a class=""external"" href=""http://sdw.ecb.europa.eu/web/generator/docu/rtdb_docu.pdf""> notes</a>; block Annual; series: B",,4,,,"Government deficit(-) or surplus(+), percent of GDP",Euro area (moving concept in the Real Time database context) - Deficit/surplus without UMTS proceeds - All sectors/ unspecified/ not applicable (ESA2010)-NCBs - General government (ESA2010)-NCBs - Non-financial flows current prices - Percentage,XDC_R_B1GQ,0,Replace,2024-09-11T15:30:00.000+02:00,
RTD.A.S0.N.F_UMD_CGG_D0.F,A,S0,N,F_UMD_CGG_D0,F,2022,-3.645,A,F,,,P1Y,S,,,GFS.A.N.I10.W0.S13.S1._Z.B.B9._Z._Z._Z.XDC_R_B1GQ._Z.S.V.N._T,,,,,,"See <a class=""external"" href=""http://sdw.ecb.europa.eu/web/generator/docu/rtdb_docu.pdf""> notes</a>; block Annual; series: B",,4,,,"Government deficit(-) or surplus(+), percent of GDP",Euro area (moving concept in the Real Time database context) - Deficit/surplus without UMTS proceeds - All sectors/ unspecified/ not applicable (ESA2010)-NCBs - General government (ESA2010)-NCBs - Non-financial flows current prices - Percentage,XDC_R_B1GQ,0,Replace,2024-09-11T15:30:00.000+02:00,
RTD.A.S0.N.F_UMD_CGG_D0.F,A,S0,N,F_UMD_CGG_D0,F,2023,-3.562,A,F,,,P1Y,S,,,GFS.A.N.I10.W0.S13.S1._Z.B.B9._Z._Z._Z.XDC_R_B1GQ._Z.S.V.N._T,,,,,,"See <a class=""external"" href=""http://sdw.ecb.europa.eu/web/generator/docu/rtdb_docu.pdf""> notes</a>; block Annual; series: B",,4,,,"Government deficit(-) or surplus(+), percent of GDP",Euro area (moving concept in the Real Time database context) - Deficit/surplus without UMTS proceeds - All sectors/ unspecified/ not applicable (ESA2010)-NCBs - General government (ESA2010)-NCBs - Non-financial flows current prices - Percentage,XDC_R_B1GQ,0,Replace,2024-09-11T15:30:00.000+02:00,
RTD.A.S0.N.F_UMD_CGG_D0.F,A,S0,N,F_UMD_CGG_D0,F,1995,-7.281,A,F,,,P1Y,S,,,GFS.A.N.I10.W0.S13.S1._Z.B.B9._Z._Z._Z.XDC_R_B1GQ._Z.S.V.N._T,,,,,,"See <a class=""external"" href=""http://sdw.ecb.europa.eu/web/generator/docu/rtdb_docu.pdf""> notes</a>; block Annual; series: B",,4,,,"Government deficit(-) or surplus(+), percent of GDP",Euro area (moving concept in the Real Time database context) - Deficit/surplus without UMTS proceeds - All sectors/ unspecified/ not applicable (ESA2010)-NCBs - General government (ESA2010)-NCBs - Non-financial flows current prices - Percentage,XDC_R_B1GQ,0,Replace,2024-12-11T15:30:00.000+01:00,
RTD.A.S0.N.F_UMD_CGG_D0.F,A,S0,N,F_UMD_CGG_D0,F,1996,-4.401,A,F,,,P1Y,S,,,GFS.A.N.I10.W0.S13.S1._Z.B.B9._Z._Z._Z.XDC_R_B1GQ._Z.S.V.N._T,,,,,,"See <a class=""external"" href=""http://sdw.ecb.europa.eu/web/generator/docu/rtdb_docu.pdf""> notes</a>; block Annual; series: B",,4,,,"Government deficit(-) or surplus(+), percent of GDP",Euro area (moving concept in the Real Time database context) - Deficit/surplus without UMTS proceeds - All sectors/ unspecified/ not applicable (ESA2010)-NCBs - General government (ESA2010)-NCBs - Non-financial flows current prices - Percentage,XDC_R_B1GQ,0,Replace,2024-12-11T15:30:00.000+01:00,
RTD.A.S0.N.F_UMD_CGG_D0.F,A,S0,N,F_UMD_CGG_D0,F,1997,-3.084,A,F,,,P1Y,S,,,GFS.A.N.I10.W0.S13.S1._Z.B.B9._Z._Z._Z.XDC_R_B1GQ._Z.S.V.N._T,,,,,,"See <a class=""external"" href=""http://sdw.ecb.europa.eu/web/generator/docu/rtdb_docu.pdf""> notes</a>; block Annual; series: B",,4,,,"Government deficit(-) or surplus(+), percent of GDP",Euro area (moving concept in the Real Time database context) - Deficit/surplus without UMTS proceeds - All sectors/ unspecified/ not applicable (ESA2010)-NCBs - General government (ESA2010)-NCBs - Non-financial flows current prices - Percentage,XDC_R_B1GQ,0,Replace,2024-12-11T15:30:00.000+01:00,
RTD.A.S0.N.F_UMD_CGG_D0.F,A,S0,N,F_UMD_CGG_D0,F,1998,-2.471,A,F,,,P1Y,S,,,GFS.A.N.I10.W0.S13.S1._Z.B.B9._Z._Z._Z.XDC_R_B1GQ._Z.S.V.N._T,,,,,,"See <a class=""external"" href=""http://sdw.ecb.europa.eu/web/generator/docu/rtdb_docu.pdf""> notes</a>; block Annual; series: B",,4,,,"Government deficit(-) or surplus(+), percent of GDP",Euro area (moving concept in the Real Time database context) - Deficit/surplus without UMTS proceeds - All sectors/ unspecified/ not applicable (ESA2010)-NCBs - General government (ESA2010)-NCBs - Non-financial flows current prices - Percentage,XDC_R_B1GQ,0,Replace,2024-12-11T15:30:00.000+01:00,
RTD.A.S0.N.F_UMD_CGG_D0.F,A,S0,N,F_UMD_CGG_D0,F,1999,-1.575,A,F,,,P1Y,S,,,GFS.A.N.I10.W0.S13.S1._Z.B.B9._Z._Z._Z.XDC_R_B1GQ._Z.S.V.N._T,,,,,,"See <a class=""external"" href=""http://sdw.ecb.europa.eu/web/generator/docu/rtdb_docu.pdf""> notes</a>; block Annual; series: B",,4,,,"Government deficit(-) or surplus(+), percent of GDP",Euro area (moving concept in the Real Time database context) - Deficit/surplus without UMTS proceeds - All sectors/ unspecified/ not applicable (ESA2010)-NCBs - General government (ESA2010)-NCBs - Non-financial flows current prices - Percentage,XDC_R_B1GQ,0,Replace,2024-12-11T15:30:00.000+01:00,
RTD.A.S0.N.F_UMD_CGG_D0.F,A,S0,N,F_UMD_CGG_D0,F,2000,-1.351,A,F,,,P1Y,S,,,GFS.A.N.I10.W0.S13.S1._Z.B.B9._Z._Z._Z.XDC_R_B1GQ._Z.S.V.N._T,,,,,,"See <a class=""external"" href=""http://sdw.ecb.europa.eu/web/generator/docu/rtdb_docu.pdf""> notes</a>; block Annual; series: B",,4,,,"Government deficit(-) or surplus(+), percent of GDP",Euro area (moving concept in the Real Time database context) - Deficit/surplus without UMTS proceeds - All sectors/ unspecified/ not applicable (ESA2010)-NCBs - General government (ESA2010)-NCBs - Non-financial flows current prices - Percentage,XDC_R_B1GQ,0,Replace,2024-12-11T15:30:00.000+01:00,
RTD.A.S0.N.F_UMD_CGG_D0.F,A,S0,N,F_UMD_CGG_D0,F,2001,-2.016,A,F,,,P1Y,S,,,GFS.A.N.I10.W0.S13.S1._Z.B.B9._Z._Z._Z.XDC_R_B1GQ._Z.S.V.N._T,,,,,,"See <a class=""external"" href=""http://sdw.ecb.europa.eu/web/generator/docu/rtdb_docu.pdf""> notes</a>; block Annual; series: B",,4,,,"Government deficit(-) or surplus(+), percent of GDP",Euro area (moving concept in the Real Time database context) - Deficit/surplus without UMTS proceeds - All sectors/ unspecified/ not applicable (ESA2010)-NCBs - General government (ESA2010)-NCBs - Non-financial flows current prices - Percentage,XDC_R_B1GQ,0,Replace,2024-12-11T15:30:00.000+01:00,
RTD.A.S0.N.F_UMD_CGG_D0.F,A,S0,N,F_UMD_CGG_D0,F,2002,-2.765,A,F,,,P1Y,S,,,GFS.A.N.I10.W0.S13.S1._Z.B.B9._Z._Z._Z.XDC_R_B1GQ._Z.S.V.N._T,,,,,,"See <a class=""external"" href=""http://sdw.ecb.europa.eu/web/generator/docu/rtdb_docu.pdf""> notes</a>; block Annual; series: B",,4,,,"Government deficit(-) or surplus(+), percent of GDP",Euro area (moving concept in the Real Time database context) - Deficit/surplus without UMTS proceeds - All sectors/ unspecified/ not applicable (ESA2010)-NCBs - General government (ESA2010)-NCBs - Non-financial flows current prices - Percentage,XDC_R_B1GQ,0,Replace,2024-12-11T15:30:00.000+01:00,
RTD.A.S0.N.F_UMD_CGG_D0.F,A,S0,N,F_UMD_CGG_D0,F,2003,-3.154,A,F,,,P1Y,S,,,GFS.A.N.I10.W0.S13.S1._Z.B.B9._Z._Z._Z.XDC_R_B1GQ._Z.S.V.N._T,,,,,,"See <a class=""external"" href=""http://sdw.ecb.europa.eu/web/generator/docu/rtdb_docu.pdf""> notes</a>; block Annual; series: B",,4,,,"Government deficit(-) or surplus(+), percent of GDP",Euro area (moving concept in the Real Time database context) - Deficit/surplus without UMTS proceeds - All sectors/ unspecified/ not applicable (ESA2010)-NCBs - General government (ESA2010)-NCBs - Non-financial flows current prices - Percentage,XDC_R_B1GQ,0,Replace,2024-12-11T15:30:00.000+01:00,
RTD.A.S0.N.F_UMD_CGG_D0.F,A,S0,N,F_UMD_CGG_D0,F,2004,-2.896,A,F,,,P1Y,S,,,GFS.A.N.I10.W0.S13.S1._Z.B.B9._Z._Z._Z.XDC_R_B1GQ._Z.S.V.N._T,,,,,,"See <a class=""external"" href=""http://sdw.ecb.europa.eu/web/generator/docu/rtdb_docu.pdf""> notes</a>; block Annual; series: B",,4,,,"Government deficit(-) or surplus(+), percent of GDP",Euro area (moving concept in the Real Time database context) - Deficit/surplus without UMTS proceeds - All sectors/ unspecified/ not applicable (ESA2010)-NCBs - General government (ESA2010)-NCBs - Non-financial flows current prices - Percentage,XDC_R_B1GQ,0,Replace,2024-12-11T15:30:00.000+01:00,
RTD.A.S0.N.F_UMD_CGG_D0.F,A,S0,N,F_UMD_CGG_D0,F,2005,-2.655,A,F,,,P1Y,S,,,GFS.A.N.I10.W0.S13.S1._Z.B.B9._Z._Z._Z.XDC_R_B1GQ._Z.S.V.N._T,,,,,,"See <a class=""external"" href=""http://sdw.ecb.europa.eu/web/generator/docu/rtdb_docu.pdf""> notes</a>; block Annual; series: B",,4,,,"Government deficit(-) or surplus(+), percent of GDP",Euro area (moving concept in the Real Time database context) - Deficit/surplus without UMTS proceeds - All sectors/ unspecified/ not applicable (ESA2010)-NCBs - General government (ESA2010)-NCBs - Non-financial flows current prices - Percentage,XDC_R_B1GQ,0,Replace,2024-12-11T15:30:00.000+01:00,
RTD.A.S0.N.F_UMD_CGG_D0.F,A,S0,N,F_UMD_CGG_D0,F,2006,-1.59,A,F,,,P1Y,S,,,GFS.A.N.I10.W0.S13.S1._Z.B.B9._Z._Z._Z.XDC_R_B1GQ._Z.S.V.N._T,,,,,,"See <a class=""external"" href=""http://sdw.ecb.europa.eu/web/generator/docu/rtdb_docu.pdf""> notes</a>; block Annual; series: B",,4,,,"Government deficit(-) or surplus(+), percent of GDP",Euro area (moving concept in the Real Time database context) - Deficit/surplus without UMTS proceeds - All sectors/ unspecified/ not applicable (ESA2010)-NCBs - General government (ESA2010)-NCBs - Non-financial flows current prices - Percentage,XDC_R_B1GQ,0,Replace,2024-12-11T15:30:00.000+01:00,
RTD.A.S0.N.F_UMD_CGG_D0.F,A,S0,N,F_UMD_CGG_D0,F,2007,-0.751,A,F,,,P1Y,S,,,GFS.A.N.I10.W0.S13.S1._Z.B.B9._Z._Z._Z.XDC_R_B1GQ._Z.S.V.N._T,,,,,,"See <a class=""external"" href=""http://sdw.ecb.europa.eu/web/generator/docu/rtdb_docu.pdf""> notes</a>; block Annual; series: B",,4,,,"Government deficit(-) or surplus(+), percent of GDP",Euro area (moving concept in the Real Time database context) - Deficit/surplus without UMTS proceeds - All sectors/ unspecified/ not applicable (ESA2010)-NCBs - General government (ESA2010)-NCBs - Non-financial flows current prices - Percentage,XDC_R_B1GQ,0,Replace,2024-12-11T15:30:00.000+01:00,
RTD.A.S0.N.F_UMD_CGG_D0.F,A,S0,N,F_UMD_CGG_D0,F,2008,-2.256,A,F,,,P1Y,S,,,GFS.A.N.I10.W0.S13.S1._Z.B.B9._Z._Z._Z.XDC_R_B1GQ._Z.S.V.N._T,,,,,,"See <a class=""external"" href=""http://sdw.ecb.europa.eu/web/generator/docu/rtdb_docu.pdf""> notes</a>; block Annual; series: B",,4,,,"Government deficit(-) or surplus(+), percent of GDP",Euro area (moving concept in the Real Time database context) - Deficit/surplus without UMTS proceeds - All sectors/ unspecified/ not applicable (ESA2010)-NCBs - General government (ESA2010)-NCBs - Non-financial flows current prices - Percentage,XDC_R_B1GQ,0,Replace,2024-12-11T15:30:00.000+01:00,
RTD.A.S0.N.F_UMD_CGG_D0.F,A,S0,N,F_UMD_CGG_D0,F,2009,-6.259,A,F,,,P1Y,S,,,GFS.A.N.I10.W0.S13.S1._Z.B.B9._Z._Z._Z.XDC_R_B1GQ._Z.S.V.N._T,,,,,,"See <a class=""external"" href=""http://sdw.ecb.europa.eu/web/generator/docu/rtdb_docu.pdf""> notes</a>; block Annual; series: B",,4,,,"Government deficit(-) or surplus(+), percent of GDP",Euro area (moving concept in the Real Time database context) - Deficit/surplus without UMTS proceeds - All sectors/ unspecified/ not applicable (ESA2010)-NCBs - General government (ESA2010)-NCBs - Non-financial flows current prices - Percentage,XDC_R_B1GQ,0,Replace,2024-12-11T15:30:00.000+01:00,
RTD.A.S0.N.F_UMD_CGG_D0.F,A,S0,N,F_UMD_CGG_D0,F,2010,-6.32,A,F,,,P1Y,S,,,GFS.A.N.I10.W0.S13.S1._Z.B.B9._Z._Z._Z.XDC_R_B1GQ._Z.S.V.N._T,,,,,,"See <a class=""external"" href=""http://sdw.ecb.europa.eu/web/generator/docu/rtdb_docu.pdf""> notes</a>; block Annual; series: B",,4,,,"Government deficit(-) or surplus(+), percent of GDP",Euro area (moving concept in the Real Time database context) - Deficit/surplus without UMTS proceeds - All sectors/ unspecified/ not applicable (ESA2010)-NCBs - General government (ESA2010)-NCBs - Non-financial flows current prices - Percentage,XDC_R_B1GQ,0,Replace,2024-12-11T15:30:00.000+01:00,
RTD.A.S0.N.F_UMD_CGG_D0.F,A,S0,N,F_UMD_CGG_D0,F,2011,-4.243,A,F,,,P1Y,S,,,GFS.A.N.I10.W0.S13.S1._Z.B.B9._Z._Z._Z.XDC_R_B1GQ._Z.S.V.N._T,,,,,,"See <a class=""external"" href=""http://sdw.ecb.europa.eu/web/generator/docu/rtdb_docu.pdf""> notes</a>; block Annual; series: B",,4,,,"Government deficit(-) or surplus(+), percent of GDP",Euro area (moving concept in the Real Time database context) - Deficit/surplus without UMTS proceeds - All sectors/ unspecified/ not applicable (ESA2010)-NCBs - General government (ESA2010)-NCBs - Non-financial flows current prices - Percentage,XDC_R_B1GQ,0,Replace,2024-12-11T15:30:00.000+01:00,
RTD.A.S0.N.F_UMD_CGG_D0.F,A,S0,N,F_UMD_CGG_D0,F,2012,-3.868,A,F,,,P1Y,S,,,GFS.A.N.I10.W0.S13.S1._Z.B.B9._Z._Z._Z.XDC_R_B1GQ._Z.S.V.N._T,,,,,,"See <a class=""external"" href=""http://sdw.ecb.europa.eu/web/generator/docu/rtdb_docu.pdf""> notes</a>; block Annual; series: B",,4,,,"Government deficit(-) or surplus(+), percent of GDP",Euro area (moving concept in the Real Time database context) - Deficit/surplus without UMTS proceeds - All sectors/ unspecified/ not applicable (ESA2010)-NCBs - General government (ESA2010)-NCBs - Non-financial flows current prices - Percentage,XDC_R_B1GQ,0,Replace,2024-12-11T15:30:00.000+01:00,
RTD.A.S0.N.F_UMD_CGG_D0.F,A,S0,N,F_UMD_CGG_D0,F,2013,-3.212,A,F,,,P1Y,S,,,GFS.A.N.I10.W0.S13.S1._Z.B.B9._Z._Z._Z.XDC_R_B1GQ._Z.S.V.N._T,,,,,,"See <a class=""external"" href=""http://sdw.ecb.europa.eu/web/generator/docu/rtdb_docu.pdf""> notes</a>; block Annual; series: B",,4,,,"Government deficit(-) or surplus(+), percent of GDP",Euro area (moving concept in the Real Time database context) - Deficit/surplus without UMTS proceeds - All sectors/ unspecified/ not applicable (ESA2010)-NCBs - General government (ESA2010)-NCBs - Non-financial flows current prices - Percentage,XDC_R_B1GQ,0,Replace,2024-12-11T15:30:00.000+01:00,
RTD.A.S0.N.F_UMD_CGG_D0.F,A,S0,N,F_UMD_CGG_D0,F,2014,-2.534,A,F,,,P1Y,S,,,GFS.A.N.I10.W0.S13.S1._Z.B.B9._Z._Z._Z.XDC_R_B1GQ._Z.S.V.N._T,,,,,,"See <a class=""external"" href=""http://sdw.ecb.europa.eu/web/generator/docu/rtdb_docu.pdf""> notes</a>; block Annual; series: B",,4,,,"Government deficit(-) or surplus(+), percent of GDP",Euro area (moving concept in the Real Time database context) - Deficit/surplus without UMTS proceeds - All sectors/ unspecified/ not applicable (ESA2010)-NCBs - General government (ESA2010)-NCBs - Non-financial flows current prices - Percentage,XDC_R_B1GQ,0,Replace,2024-12-11T15:30:00.000+01:00,
RTD.A.S0.N.F_UMD_CGG_D0.F,A,S0,N,F_UMD_CGG_D0,F,2015,-2.007,A,F,,,P1Y,S,,,GFS.A.N.I10.W0.S13.S1._Z.B.B9._Z._Z._Z.XDC_R_B1GQ._Z.S.V.N._T,,,,,,"See <a class=""external"" href=""http://sdw.ecb.europa.eu/web/generator/docu/rtdb_docu.pdf""> notes</a>; block Annual; series: B",,4,,,"Government deficit(-) or surplus(+), percent of GDP",Euro area (moving concept in the Real Time database context) - Deficit/surplus without UMTS proceeds - All sectors/ unspecified/ not applicable (ESA2010)-NCBs - General government (ESA2010)-NCBs - Non-financial flows current prices - Percentage,XDC_R_B1GQ,0,Replace,2024-12-11T15:30:00.000+01:00,
RTD.A.S0.N.F_UMD_CGG_D0.F,A,S0,N,F_UMD_CGG_D0,F,2016,-1.473,A,F,,,P1Y,S,,,GFS.A.N.I10.W0.S13.S1._Z.B.B9._Z._Z._Z.XDC_R_B1GQ._Z.S.V.N._T,,,,,,"See <a class=""external"" href=""http://sdw.ecb.europa.eu/web/generator/docu/rtdb_docu.pdf""> notes</a>; block Annual; series: B",,4,,,"Government deficit(-) or surplus(+), percent of GDP",Euro area (moving concept in the Real Time database context) - Deficit/surplus without UMTS proceeds - All sectors/ unspecified/ not applicable (ESA2010)-NCBs - General government (ESA2010)-NCBs - Non-financial flows current prices - Percentage,XDC_R_B1GQ,0,Replace,2024-12-11T15:30:00.000+01:00,
RTD.A.S0.N.F_UMD_CGG_D0.F,A,S0,N,F_UMD_CGG_D0,F,2017,-1.007,A,F,,,P1Y,S,,,GFS.A.N.I10.W0.S13.S1._Z.B.B9._Z._Z._Z.XDC_R_B1GQ._Z.S.V.N._T,,,,,,"See <a class=""external"" href=""http://sdw.ecb.europa.eu/web/generator/docu/rtdb_docu.pdf""> notes</a>; block Annual; series: B",,4,,,"Government deficit(-) or surplus(+), percent of GDP",Euro area (moving concept in the Real Time database context) - Deficit/surplus without UMTS proceeds - All sectors/ unspecified/ not applicable (ESA2010)-NCBs - General government (ESA2010)-NCBs - Non-financial flows current prices - Percentage,XDC_R_B1GQ,0,Replace,2024-12-11T15:30:00.000+01:00,
RTD.A.S0.N.F_UMD_CGG_D0.F,A,S0,N,F_UMD_CGG_D0,F,2018,-0.447,A,F,,,P1Y,S,,,GFS.A.N.I10.W0.S13.S1._Z.B.B9._Z._Z._Z.XDC_R_B1GQ._Z.S.V.N._T,,,,,,"See <a class=""external"" href=""http://sdw.ecb.europa.eu/web/generator/docu/rtdb_docu.pdf""> notes</a>; block Annual; series: B",,4,,,"Government deficit(-) or surplus(+), percent of GDP",Euro area (moving concept in the Real Time database context) - Deficit/surplus without UMTS proceeds - All sectors/ unspecified/ not applicable (ESA2010)-NCBs - General government (ESA2010)-NCBs - Non-financial flows current prices - Percentage,XDC_R_B1GQ,0,Replace,2024-12-11T15:30:00.000+01:00,
RTD.A.S0.N.F_UMD_CGG_D0.F,A,S0,N,F_UMD_CGG_D0,F,2019,-0.544,A,F,,,P1Y,S,,,GFS.A.N.I10.W0.S13.S1._Z.B.B9._Z._Z._Z.XDC_R_B1GQ._Z.S.V.N._T,,,,,,"See <a class=""external"" href=""http://sdw.ecb.europa.eu/web/generator/docu/rtdb_docu.pdf""> notes</a>; block Annual; series: B",,4,,,"Government deficit(-) or surplus(+), percent of GDP",Euro area (moving concept in the Real Time database context) - Deficit/surplus without UMTS proceeds - All sectors/ unspecified/ not applicable (ESA2010)-NCBs - General government (ESA2010)-NCBs - Non-financial flows current prices - Percentage,XDC_R_B1GQ,0,Replace,2024-12-11T15:30:00.000+01:00,
RTD.A.S0.N.F_UMD_CGG_D0.F,A,S0,N,F_UMD_CGG_D0,F,2020,-6.984,A,F,,,P1Y,S,,,GFS.A.N.I10.W0.S13.S1._Z.B.B9._Z._Z._Z.XDC_R_B1GQ._Z.S.V.N._T,,,,,,"See <a class=""external"" href=""http://sdw.ecb.europa.eu/web/generator/docu/rtdb_docu.pdf""> notes</a>; block Annual; series: B",,4,,,"Government deficit(-) or surplus(+), percent of GDP",Euro area (moving concept in the Real Time database context) - Deficit/surplus without UMTS proceeds - All sectors/ unspecified/ not applicable (ESA2010)-NCBs - General government (ESA2010)-NCBs - Non-financial flows current prices - Percentage,XDC_R_B1GQ,0,Replace,2024-12-11T15:30:00.000+01:00,
RTD.A.S0.N.F_UMD_CGG_D0.F,A,S0,N,F_UMD_CGG_D0,F,2021,-5.093,A,F,,,P1Y,S,,,GFS.A.N.I10.W0.S13.S1._Z.B.B9._Z._Z._Z.XDC_R_B1GQ._Z.S.V.N._T,,,,,,"See <a class=""external"" href=""http://sdw.ecb.europa.eu/web/generator/docu/rtdb_docu.pdf""> notes</a>; block Annual; series: B",,4,,,"Government deficit(-) or surplus(+), percent of GDP",Euro area (moving concept in the Real Time database context) - Deficit/surplus without UMTS proceeds - All sectors/ unspecified/ not applicable (ESA2010)-NCBs - General government (ESA2010)-NCBs - Non-financial flows current prices - Percentage,XDC_R_B1GQ,0,Replace,2024-12-11T15:30:00.000+01:00,
RTD.A.S0.N.F_UMD_CGG_D0.F,A,S0,N,F_UMD_CGG_D0,F,2022,-3.455,A,F,,,P1Y,S,,,GFS.A.N.I10.W0.S13.S1._Z.B.B9._Z._Z._Z.XDC_R_B1GQ._Z.S.V.N._T,,,,,,"See <a class=""external"" href=""http://sdw.ecb.europa.eu/web/generator/docu/rtdb_docu.pdf""> notes</a>; block Annual; series: B",,4,,,"Government deficit(-) or surplus(+), percent of GDP",Euro area (moving concept in the Real Time database context) - Deficit/surplus without UMTS proceeds - All sectors/ unspecified/ not applicable (ESA2010)-NCBs - General government (ESA2010)-NCBs - Non-financial flows current prices - Percentage,XDC_R_B1GQ,0,Replace,2024-12-11T15:30:00.000+01:00,
RTD.A.S0.N.F_UMD_CGG_D0.F,A,S0,N,F_UMD_CGG_D0,F,2023,-3.573,A,F,,,P1Y,S,,,GFS.A.N.I10.W0.S13.S1._Z.B.B9._Z._Z._Z.XDC_R_B1GQ._Z.S.V.N._T,,,,,,"See <a class=""external"" href=""http://sdw.ecb.europa.eu/web/generator/docu/rtdb_docu.pdf""> notes</a>; block Annual; series: B",,4,,,"Government deficit(-) or surplus(+), percent of GDP",Euro area (moving concept in the Real Time database context) - Deficit/surplus without UMTS proceeds - All sectors/ unspecified/ not applicable (ESA2010)-NCBs - General government (ESA2010)-NCBs - Non-financial flows current prices - Percentage,XDC_R_B1GQ,0,Replace,2024-12-11T15:30:00.000+01:00,
RTD.A.S0.N.F_UMD_CGG_D0.F,A,S0,N,F_UMD_CGG_D0,F,1995,-7.279775,A,F,,,P1Y,S,,,GFS.A.N.I10.W0.S13.S1._Z.B.B9._Z._Z._Z.XDC_R_B1GQ._Z.S.V.N._T,,,,,,"See <a class=""external"" href=""http://sdw.ecb.europa.eu/web/generator/docu/rtdb_docu.pdf""> notes</a>; block Annual; series: B",,4,,,"Government deficit(-) or surplus(+), percent of GDP",Euro area (moving concept in the Real Time database context) - Deficit/surplus without UMTS proceeds - All sectors/ unspecified/ not applicable (ESA2010)-NCBs - General government (ESA2010)-NCBs - Non-financial flows current prices - Percentage,XDC_R_B1GQ,0,Replace,2025-06-04T15:30:00.000+02:00,
RTD.A.S0.N.F_UMD_CGG_D0.F,A,S0,N,F_UMD_CGG_D0,F,1996,-4.399507,A,F,,,P1Y,S,,,GFS.A.N.I10.W0.S13.S1._Z.B.B9._Z._Z._Z.XDC_R_B1GQ._Z.S.V.N._T,,,,,,"See <a class=""external"" href=""http://sdw.ecb.europa.eu/web/generator/docu/rtdb_docu.pdf""> notes</a>; block Annual; series: B",,4,,,"Government deficit(-) or surplus(+), percent of GDP",Euro area (moving concept in the Real Time database context) - Deficit/surplus without UMTS proceeds - All sectors/ unspecified/ not applicable (ESA2010)-NCBs - General government (ESA2010)-NCBs - Non-financial flows current prices - Percentage,XDC_R_B1GQ,0,Replace,2025-06-04T15:30:00.000+02:00,
RTD.A.S0.N.F_UMD_CGG_D0.F,A,S0,N,F_UMD_CGG_D0,F,1997,-3.083794,A,F,,,P1Y,S,,,GFS.A.N.I10.W0.S13.S1._Z.B.B9._Z._Z._Z.XDC_R_B1GQ._Z.S.V.N._T,,,,,,"See <a class=""external"" href=""http://sdw.ecb.europa.eu/web/generator/docu/rtdb_docu.pdf""> notes</a>; block Annual; series: B",,4,,,"Government deficit(-) or surplus(+), percent of GDP",Euro area (moving concept in the Real Time database context) - Deficit/surplus without UMTS proceeds - All sectors/ unspecified/ not applicable (ESA2010)-NCBs - General government (ESA2010)-NCBs - Non-financial flows current prices - Percentage,XDC_R_B1GQ,0,Replace,2025-06-04T15:30:00.000+02:00,
RTD.A.S0.N.F_UMD_CGG_D0.F,A,S0,N,F_UMD_CGG_D0,F,1998,-2.469967,A,F,,,P1Y,S,,,GFS.A.N.I10.W0.S13.S1._Z.B.B9._Z._Z._Z.XDC_R_B1GQ._Z.S.V.N._T,,,,,,"See <a class=""external"" href=""http://sdw.ecb.europa.eu/web/generator/docu/rtdb_docu.pdf""> notes</a>; block Annual; series: B",,4,,,"Government deficit(-) or surplus(+), percent of GDP",Euro area (moving concept in the Real Time database context) - Deficit/surplus without UMTS proceeds - All sectors/ unspecified/ not applicable (ESA2010)-NCBs - General government (ESA2010)-NCBs - Non-financial flows current prices - Percentage,XDC_R_B1GQ,0,Replace,2025-06-04T15:30:00.000+02:00,
RTD.A.S0.N.F_UMD_CGG_D0.F,A,S0,N,F_UMD_CGG_D0,F,1999,-1.574302,A,F,,,P1Y,S,,,GFS.A.N.I10.W0.S13.S1._Z.B.B9._Z._Z._Z.XDC_R_B1GQ._Z.S.V.N._T,,,,,,"See <a class=""external"" href=""http://sdw.ecb.europa.eu/web/generator/docu/rtdb_docu.pdf""> notes</a>; block Annual; series: B",,4,,,"Government deficit(-) or surplus(+), percent of GDP",Euro area (moving concept in the Real Time database context) - Deficit/surplus without UMTS proceeds - All sectors/ unspecified/ not applicable (ESA2010)-NCBs - General government (ESA2010)-NCBs - Non-financial flows current prices - Percentage,XDC_R_B1GQ,0,Replace,2025-06-04T15:30:00.000+02:00,
RTD.A.S0.N.F_UMD_CGG_D0.F,A,S0,N,F_UMD_CGG_D0,F,2000,-1.350683,A,F,,,P1Y,S,,,GFS.A.N.I10.W0.S13.S1._Z.B.B9._Z._Z._Z.XDC_R_B1GQ._Z.S.V.N._T,,,,,,"See <a class=""external"" href=""http://sdw.ecb.europa.eu/web/generator/docu/rtdb_docu.pdf""> notes</a>; block Annual; series: B",,4,,,"Government deficit(-) or surplus(+), percent of GDP",Euro area (moving concept in the Real Time database context) - Deficit/surplus without UMTS proceeds - All sectors/ unspecified/ not applicable (ESA2010)-NCBs - General government (ESA2010)-NCBs - Non-financial flows current prices - Percentage,XDC_R_B1GQ,0,Replace,2025-06-04T15:30:00.000+02:00,
RTD.A.S0.N.F_UMD_CGG_D0.F,A,S0,N,F_UMD_CGG_D0,F,2001,-2.016314,A,F,,,P1Y,S,,,GFS.A.N.I10.W0.S13.S1._Z.B.B9._Z._Z._Z.XDC_R_B1GQ._Z.S.V.N._T,,,,,,"See <a class=""external"" href=""http://sdw.ecb.europa.eu/web/generator/docu/rtdb_docu.pdf""> notes</a>; block Annual; series: B",,4,,,"Government deficit(-) or surplus(+), percent of GDP",Euro area (moving concept in the Real Time database context) - Deficit/surplus without UMTS proceeds - All sectors/ unspecified/ not applicable (ESA2010)-NCBs - General government (ESA2010)-NCBs - Non-financial flows current prices - Percentage,XDC_R_B1GQ,0,Replace,2025-06-04T15:30:00.000+02:00,
RTD.A.S0.N.F_UMD_CGG_D0.F,A,S0,N,F_UMD_CGG_D0,F,2002,-2.76529,A,F,,,P1Y,S,,,GFS.A.N.I10.W0.S13.S1._Z.B.B9._Z._Z._Z.XDC_R_B1GQ._Z.S.V.N._T,,,,,,"See <a class=""external"" href=""http://sdw.ecb.europa.eu/web/generator/docu/rtdb_docu.pdf""> notes</a>; block Annual; series: B",,4,,,"Government deficit(-) or surplus(+), percent of GDP",Euro area (moving concept in the Real Time database context) - Deficit/surplus without UMTS proceeds - All sectors/ unspecified/ not applicable (ESA2010)-NCBs - General government (ESA2010)-NCBs - Non-financial flows current prices - Percentage,XDC_R_B1GQ,0,Replace,2025-06-04T15:30:00.000+02:00,
RTD.A.S0.N.F_UMD_CGG_D0.F,A,S0,N,F_UMD_CGG_D0,F,2003,-3.153621,A,F,,,P1Y,S,,,GFS.A.N.I10.W0.S13.S1._Z.B.B9._Z._Z._Z.XDC_R_B1GQ._Z.S.V.N._T,,,,,,"See <a class=""external"" href=""http://sdw.ecb.europa.eu/web/generator/docu/rtdb_docu.pdf""> notes</a>; block Annual; series: B",,4,,,"Government deficit(-) or surplus(+), percent of GDP",Euro area (moving concept in the Real Time database context) - Deficit/surplus without UMTS proceeds - All sectors/ unspecified/ not applicable (ESA2010)-NCBs - General government (ESA2010)-NCBs - Non-financial flows current prices - Percentage,XDC_R_B1GQ,0,Replace,2025-06-04T15:30:00.000+02:00,
RTD.A.S0.N.F_UMD_CGG_D0.F,A,S0,N,F_UMD_CGG_D0,F,2004,-2.896483,A,F,,,P1Y,S,,,GFS.A.N.I10.W0.S13.S1._Z.B.B9._Z._Z._Z.XDC_R_B1GQ._Z.S.V.N._T,,,,,,"See <a class=""external"" href=""http://sdw.ecb.europa.eu/web/generator/docu/rtdb_docu.pdf""> notes</a>; block Annual; series: B",,4,,,"Government deficit(-) or surplus(+), percent of GDP",Euro area (moving concept in the Real Time database context) - Deficit/surplus without UMTS proceeds - All sectors/ unspecified/ not applicable (ESA2010)-NCBs - General government (ESA2010)-NCBs - Non-financial flows current prices - Percentage,XDC_R_B1GQ,0,Replace,2025-06-04T15:30:00.000+02:00,
RTD.A.S0.N.F_UMD_CGG_D0.F,A,S0,N,F_UMD_CGG_D0,F,2005,-2.655042,A,F,,,P1Y,S,,,GFS.A.N.I10.W0.S13.S1._Z.B.B9._Z._Z._Z.XDC_R_B1GQ._Z.S.V.N._T,,,,,,"See <a class=""external"" href=""http://sdw.ecb.europa.eu/web/generator/docu/rtdb_docu.pdf""> notes</a>; block Annual; series: B",,4,,,"Government deficit(-) or surplus(+), percent of GDP",Euro area (moving concept in the Real Time database context) - Deficit/surplus without UMTS proceeds - All sectors/ unspecified/ not applicable (ESA2010)-NCBs - General government (ESA2010)-NCBs - Non-financial flows current prices - Percentage,XDC_R_B1GQ,0,Replace,2025-06-04T15:30:00.000+02:00,
RTD.A.S0.N.F_UMD_CGG_D0.F,A,S0,N,F_UMD_CGG_D0,F,2006,-1.590164,A,F,,,P1Y,S,,,GFS.A.N.I10.W0.S13.S1._Z.B.B9._Z._Z._Z.XDC_R_B1GQ._Z.S.V.N._T,,,,,,"See <a class=""external"" href=""http://sdw.ecb.europa.eu/web/generator/docu/rtdb_docu.pdf""> notes</a>; block Annual; series: B",,4,,,"Government deficit(-) or surplus(+), percent of GDP",Euro area (moving concept in the Real Time database context) - Deficit/surplus without UMTS proceeds - All sectors/ unspecified/ not applicable (ESA2010)-NCBs - General government (ESA2010)-NCBs - Non-financial flows current prices - Percentage,XDC_R_B1GQ,0,Replace,2025-06-04T15:30:00.000+02:00,
RTD.A.S0.N.F_UMD_CGG_D0.F,A,S0,N,F_UMD_CGG_D0,F,2007,-0.751158,A,F,,,P1Y,S,,,GFS.A.N.I10.W0.S13.S1._Z.B.B9._Z._Z._Z.XDC_R_B1GQ._Z.S.V.N._T,,,,,,"See <a class=""external"" href=""http://sdw.ecb.europa.eu/web/generator/docu/rtdb_docu.pdf""> notes</a>; block Annual; series: B",,4,,,"Government deficit(-) or surplus(+), percent of GDP",Euro area (moving concept in the Real Time database context) - Deficit/surplus without UMTS proceeds - All sectors/ unspecified/ not applicable (ESA2010)-NCBs - General government (ESA2010)-NCBs - Non-financial flows current prices - Percentage,XDC_R_B1GQ,0,Replace,2025-06-04T15:30:00.000+02:00,
RTD.A.S0.N.F_UMD_CGG_D0.F,A,S0,N,F_UMD_CGG_D0,F,2008,-2.256013,A,F,,,P1Y,S,,,GFS.A.N.I10.W0.S13.S1._Z.B.B9._Z._Z._Z.XDC_R_B1GQ._Z.S.V.N._T,,,,,,"See <a class=""external"" href=""http://sdw.ecb.europa.eu/web/generator/docu/rtdb_docu.pdf""> notes</a>; block Annual; series: B",,4,,,"Government deficit(-) or surplus(+), percent of GDP",Euro area (moving concept in the Real Time database context) - Deficit/surplus without UMTS proceeds - All sectors/ unspecified/ not applicable (ESA2010)-NCBs - General government (ESA2010)-NCBs - Non-financial flows current prices - Percentage,XDC_R_B1GQ,0,Replace,2025-06-04T15:30:00.000+02:00,
RTD.A.S0.N.F_UMD_CGG_D0.F,A,S0,N,F_UMD_CGG_D0,F,2009,-6.258809,A,F,,,P1Y,S,,,GFS.A.N.I10.W0.S13.S1._Z.B.B9._Z._Z._Z.XDC_R_B1GQ._Z.S.V.N._T,,,,,,"See <a class=""external"" href=""http://sdw.ecb.europa.eu/web/generator/docu/rtdb_docu.pdf""> notes</a>; block Annual; series: B",,4,,,"Government deficit(-) or surplus(+), percent of GDP",Euro area (moving concept in the Real Time database context) - Deficit/surplus without UMTS proceeds - All sectors/ unspecified/ not applicable (ESA2010)-NCBs - General government (ESA2010)-NCBs - Non-financial flows current prices - Percentage,XDC_R_B1GQ,0,Replace,2025-06-04T15:30:00.000+02:00,
RTD.A.S0.N.F_UMD_CGG_D0.F,A,S0,N,F_UMD_CGG_D0,F,2010,-6.319709,A,F,,,P1Y,S,,,GFS.A.N.I10.W0.S13.S1._Z.B.B9._Z._Z._Z.XDC_R_B1GQ._Z.S.V.N._T,,,,,,"See <a class=""external"" href=""http://sdw.ecb.europa.eu/web/generator/docu/rtdb_docu.pdf""> notes</a>; block Annual; series: B",,4,,,"Government deficit(-) or surplus(+), percent of GDP",Euro area (moving concept in the Real Time database context) - Deficit/surplus without UMTS proceeds - All sectors/ unspecified/ not applicable (ESA2010)-NCBs - General government (ESA2010)-NCBs - Non-financial flows current prices - Percentage,XDC_R_B1GQ,0,Replace,2025-06-04T15:30:00.000+02:00,
RTD.A.S0.N.F_UMD_CGG_D0.F,A,S0,N,F_UMD_CGG_D0,F,2011,-4.242574,A,F,,,P1Y,S,,,GFS.A.N.I10.W0.S13.S1._Z.B.B9._Z._Z._Z.XDC_R_B1GQ._Z.S.V.N._T,,,,,,"See <a class=""external"" href=""http://sdw.ecb.europa.eu/web/generator/docu/rtdb_docu.pdf""> notes</a>; block Annual; series: B",,4,,,"Government deficit(-) or surplus(+), percent of GDP",Euro area (moving concept in the Real Time database context) - Deficit/surplus without UMTS proceeds - All sectors/ unspecified/ not applicable (ESA2010)-NCBs - General government (ESA2010)-NCBs - Non-financial flows current prices - Percentage,XDC_R_B1GQ,0,Replace,2025-06-04T15:30:00.000+02:00,
RTD.A.S0.N.F_UMD_CGG_D0.F,A,S0,N,F_UMD_CGG_D0,F,2012,-3.867341,A,F,,,P1Y,S,,,GFS.A.N.I10.W0.S13.S1._Z.B.B9._Z._Z._Z.XDC_R_B1GQ._Z.S.V.N._T,,,,,,"See <a class=""external"" href=""http://sdw.ecb.europa.eu/web/generator/docu/rtdb_docu.pdf""> notes</a>; block Annual; series: B",,4,,,"Government deficit(-) or surplus(+), percent of GDP",Euro area (moving concept in the Real Time database context) - Deficit/surplus without UMTS proceeds - All sectors/ unspecified/ not applicable (ESA2010)-NCBs - General government (ESA2010)-NCBs - Non-financial flows current prices - Percentage,XDC_R_B1GQ,0,Replace,2025-06-04T15:30:00.000+02:00,
RTD.A.S0.N.F_UMD_CGG_D0.F,A,S0,N,F_UMD_CGG_D0,F,2013,-3.210788,A,F,,,P1Y,S,,,GFS.A.N.I10.W0.S13.S1._Z.B.B9._Z._Z._Z.XDC_R_B1GQ._Z.S.V.N._T,,,,,,"See <a class=""external"" href=""http://sdw.ecb.europa.eu/web/generator/docu/rtdb_docu.pdf""> notes</a>; block Annual; series: B",,4,,,"Government deficit(-) or surplus(+), percent of GDP",Euro area (moving concept in the Real Time database context) - Deficit/surplus without UMTS proceeds - All sectors/ unspecified/ not applicable (ESA2010)-NCBs - General government (ESA2010)-NCBs - Non-financial flows current prices - Percentage,XDC_R_B1GQ,0,Replace,2025-06-04T15:30:00.000+02:00,
RTD.A.S0.N.F_UMD_CGG_D0.F,A,S0,N,F_UMD_CGG_D0,F,2014,-2.532572,A,F,,,P1Y,S,,,GFS.A.N.I10.W0.S13.S1._Z.B.B9._Z._Z._Z.XDC_R_B1GQ._Z.S.V.N._T,,,,,,"See <a class=""external"" href=""http://sdw.ecb.europa.eu/web/generator/docu/rtdb_docu.pdf""> notes</a>; block Annual; series: B",,4,,,"Government deficit(-) or surplus(+), percent of GDP",Euro area (moving concept in the Real Time database context) - Deficit/surplus without UMTS proceeds - All sectors/ unspecified/ not applicable (ESA2010)-NCBs - General government (ESA2010)-NCBs - Non-financial flows current prices - Percentage,XDC_R_B1GQ,0,Replace,2025-06-04T15:30:00.000+02:00,
RTD.A.S0.N.F_UMD_CGG_D0.F,A,S0,N,F_UMD_CGG_D0,F,2015,-2.005784,A,F,,,P1Y,S,,,GFS.A.N.I10.W0.S13.S1._Z.B.B9._Z._Z._Z.XDC_R_B1GQ._Z.S.V.N._T,,,,,,"See <a class=""external"" href=""http://sdw.ecb.europa.eu/web/generator/docu/rtdb_docu.pdf""> notes</a>; block Annual; series: B",,4,,,"Government deficit(-) or surplus(+), percent of GDP",Euro area (moving concept in the Real Time database context) - Deficit/surplus without UMTS proceeds - All sectors/ unspecified/ not applicable (ESA2010)-NCBs - General government (ESA2010)-NCBs - Non-financial flows current prices - Percentage,XDC_R_B1GQ,0,Replace,2025-06-04T15:30:00.000+02:00,
RTD.A.S0.N.F_UMD_CGG_D0.F,A,S0,N,F_UMD_CGG_D0,F,2016,-1.472701,A,F,,,P1Y,S,,,GFS.A.N.I10.W0.S13.S1._Z.B.B9._Z._Z._Z.XDC_R_B1GQ._Z.S.V.N._T,,,,,,"See <a class=""external"" href=""http://sdw.ecb.europa.eu/web/generator/docu/rtdb_docu.pdf""> notes</a>; block Annual; series: B",,4,,,"Government deficit(-) or surplus(+), percent of GDP",Euro area (moving concept in the Real Time database context) - Deficit/surplus without UMTS proceeds - All sectors/ unspecified/ not applicable (ESA2010)-NCBs - General government (ESA2010)-NCBs - Non-financial flows current prices - Percentage,XDC_R_B1GQ,0,Replace,2025-06-04T15:30:00.000+02:00,
RTD.A.S0.N.F_UMD_CGG_D0.F,A,S0,N,F_UMD_CGG_D0,F,2017,-1.006236,A,F,,,P1Y,S,,,GFS.A.N.I10.W0.S13.S1._Z.B.B9._Z._Z._Z.XDC_R_B1GQ._Z.S.V.N._T,,,,,,"See <a class=""external"" href=""http://sdw.ecb.europa.eu/web/generator/docu/rtdb_docu.pdf""> notes</a>; block Annual; series: B",,4,,,"Government deficit(-) or surplus(+), percent of GDP",Euro area (moving concept in the Real Time database context) - Deficit/surplus without UMTS proceeds - All sectors/ unspecified/ not applicable (ESA2010)-NCBs - General government (ESA2010)-NCBs - Non-financial flows current prices - Percentage,XDC_R_B1GQ,0,Replace,2025-06-04T15:30:00.000+02:00,
RTD.A.S0.N.F_UMD_CGG_D0.F,A,S0,N,F_UMD_CGG_D0,F,2018,-0.448466,A,F,,,P1Y,S,,,GFS.A.N.I10.W0.S13.S1._Z.B.B9._Z._Z._Z.XDC_R_B1GQ._Z.S.V.N._T,,,,,,"See <a class=""external"" href=""http://sdw.ecb.europa.eu/web/generator/docu/rtdb_docu.pdf""> notes</a>; block Annual; series: B",,4,,,"Government deficit(-) or surplus(+), percent of GDP",Euro area (moving concept in the Real Time database context) - Deficit/surplus without UMTS proceeds - All sectors/ unspecified/ not applicable (ESA2010)-NCBs - General government (ESA2010)-NCBs - Non-financial flows current prices - Percentage,XDC_R_B1GQ,0,Replace,2025-06-04T15:30:00.000+02:00,
RTD.A.S0.N.F_UMD_CGG_D0.F,A,S0,N,F_UMD_CGG_D0,F,2019,-0.546096,A,F,,,P1Y,S,,,GFS.A.N.I10.W0.S13.S1._Z.B.B9._Z._Z._Z.XDC_R_B1GQ._Z.S.V.N._T,,,,,,"See <a class=""external"" href=""http://sdw.ecb.europa.eu/web/generator/docu/rtdb_docu.pdf""> notes</a>; block Annual; series: B",,4,,,"Government deficit(-) or surplus(+), percent of GDP",Euro area (moving concept in the Real Time database context) - Deficit/surplus without UMTS proceeds - All sectors/ unspecified/ not applicable (ESA2010)-NCBs - General government (ESA2010)-NCBs - Non-financial flows current prices - Percentage,XDC_R_B1GQ,0,Replace,2025-06-04T15:30:00.000+02:00,
RTD.A.S0.N.F_UMD_CGG_D0.F,A,S0,N,F_UMD_CGG_D0,F,2020,-6.984117,A,F,,,P1Y,S,,,GFS.A.N.I10.W0.S13.S1._Z.B.B9._Z._Z._Z.XDC_R_B1GQ._Z.S.V.N._T,,,,,,"See <a class=""external"" href=""http://sdw.ecb.europa.eu/web/generator/docu/rtdb_docu.pdf""> notes</a>; block Annual; series: B",,4,,,"Government deficit(-) or surplus(+), percent of GDP",Euro area (moving concept in the Real Time database context) - Deficit/surplus without UMTS proceeds - All sectors/ unspecified/ not applicable (ESA2010)-NCBs - General government (ESA2010)-NCBs - Non-financial flows current prices - Percentage,XDC_R_B1GQ,0,Replace,2025-06-04T15:30:00.000+02:00,
RTD.A.S0.N.F_UMD_CGG_D0.F,A,S0,N,F_UMD_CGG_D0,F,2021,-5.098049,A,F,,,P1Y,S,,,GFS.A.N.I10.W0.S13.S1._Z.B.B9._Z._Z._Z.XDC_R_B1GQ._Z.S.V.N._T,,,,,,"See <a class=""external"" href=""http://sdw.ecb.europa.eu/web/generator/docu/rtdb_docu.pdf""> notes</a>; block Annual; series: B",,4,,,"Government deficit(-) or surplus(+), percent of GDP",Euro area (moving concept in the Real Time database context) - Deficit/surplus without UMTS proceeds - All sectors/ unspecified/ not applicable (ESA2010)-NCBs - General government (ESA2010)-NCBs - Non-financial flows current prices - Percentage,XDC_R_B1GQ,0,Replace,2025-06-04T15:30:00.000+02:00,
RTD.A.S0.N.F_UMD_CGG_D0.F,A,S0,N,F_UMD_CGG_D0,F,2022,-3.46351,A,F,,,P1Y,S,,,GFS.A.N.I10.W0.S13.S1._Z.B.B9._Z._Z._Z.XDC_R_B1GQ._Z.S.V.N._T,,,,,,"See <a class=""external"" href=""http://sdw.ecb.europa.eu/web/generator/docu/rtdb_docu.pdf""> notes</a>; block Annual; series: B",,4,,,"Government deficit(-) or surplus(+), percent of GDP",Euro area (moving concept in the Real Time database context) - Deficit/surplus without UMTS proceeds - All sectors/ unspecified/ not applicable (ESA2010)-NCBs - General government (ESA2010)-NCBs - Non-financial flows current prices - Percentage,XDC_R_B1GQ,0,Replace,2025-06-04T15:30:00.000+02:00,
RTD.A.S0.N.F_UMD_CGG_D0.F,A,S0,N,F_UMD_CGG_D0,F,2023,-3.52993,A,F,,,P1Y,S,,,GFS.A.N.I10.W0.S13.S1._Z.B.B9._Z._Z._Z.XDC_R_B1GQ._Z.S.V.N._T,,,,,,"See <a class=""external"" href=""http://sdw.ecb.europa.eu/web/generator/docu/rtdb_docu.pdf""> notes</a>; block Annual; series: B",,4,,,"Government deficit(-) or surplus(+), percent of GDP",Euro area (moving concept in the Real Time database context) - Deficit/surplus without UMTS proceeds - All sectors/ unspecified/ not applicable (ESA2010)-NCBs - General government (ESA2010)-NCBs - Non-financial flows current prices - Percentage,XDC_R_B1GQ,0,Replace,2025-06-04T15:30:00.000+02:00,
RTD.A.S0.N.F_UMD_CGG_D0.F,A,S0,N,F_UMD_CGG_D0,F,2024,-3.09069,A,F,,,P1Y,S,,,GFS.A.N.I10.W0.S13.S1._Z.B.B9._Z._Z._Z.XDC_R_B1GQ._Z.S.V.N._T,,,,,,"See <a class=""external"" href=""http://sdw.ecb.europa.eu/web/generator/docu/rtdb_docu.pdf""> notes</a>; block Annual; series: B",,4,,,"Government deficit(-) or surplus(+), percent of GDP",Euro area (moving concept in the Real Time database context) - Deficit/surplus without UMTS proceeds - All sectors/ unspecified/ not applicable (ESA2010)-NCBs - General government (ESA2010)-NCBs - Non-financial flows current prices - Percentage,XDC_R_B1GQ,0,Replace,2025-06-04T15:30:00.000+02:00,
RTD.A.S0.N.F_UMD_CGG_D0.F,A,S0,N,F_UMD_CGG_D0,F,1995,-7.28,A,F,,,P1Y,S,,,GFS.A.N.I10.W0.S13.S1._Z.B.B9._Z._Z._Z.XDC_R_B1GQ._Z.S.V.N._T,,,,,,"See <a class=""external"" href=""http://sdw.ecb.europa.eu/web/generator/docu/rtdb_docu.pdf""> notes</a>; block Annual; series: B",,4,,,"Government deficit(-) or surplus(+), percent of GDP",Euro area (moving concept in the Real Time database context) - Deficit/surplus without UMTS proceeds - All sectors/ unspecified/ not applicable (ESA2010)-NCBs - General government (ESA2010)-NCBs - Non-financial flows current prices - Percentage,XDC_R_B1GQ,0,Replace,2025-10-29T15:30:00.000+01:00,
RTD.A.S0.N.F_UMD_CGG_D0.F,A,S0,N,F_UMD_CGG_D0,F,1996,-4.399,A,F,,,P1Y,S,,,GFS.A.N.I10.W0.S13.S1._Z.B.B9._Z._Z._Z.XDC_R_B1GQ._Z.S.V.N._T,,,,,,"See <a class=""external"" href=""http://sdw.ecb.europa.eu/web/generator/docu/rtdb_docu.pdf""> notes</a>; block Annual; series: B",,4,,,"Government deficit(-) or surplus(+), percent of GDP",Euro area (moving concept in the Real Time database context) - Deficit/surplus without UMTS proceeds - All sectors/ unspecified/ not applicable (ESA2010)-NCBs - General government (ESA2010)-NCBs - Non-financial flows current prices - Percentage,XDC_R_B1GQ,0,Replace,2025-10-29T15:30:00.000+01:00,
RTD.A.S0.N.F_UMD_CGG_D0.F,A,S0,N,F_UMD_CGG_D0,F,1997,-3.084,A,F,,,P1Y,S,,,GFS.A.N.I10.W0.S13.S1._Z.B.B9._Z._Z._Z.XDC_R_B1GQ._Z.S.V.N._T,,,,,,"See <a class=""external"" href=""http://sdw.ecb.europa.eu/web/generator/docu/rtdb_docu.pdf""> notes</a>; block Annual; series: B",,4,,,"Government deficit(-) or surplus(+), percent of GDP",Euro area (moving concept in the Real Time database context) - Deficit/surplus without UMTS proceeds - All sectors/ unspecified/ not applicable (ESA2010)-NCBs - General government (ESA2010)-NCBs - Non-financial flows current prices - Percentage,XDC_R_B1GQ,0,Replace,2025-10-29T15:30:00.000+01:00,
RTD.A.S0.N.F_UMD_CGG_D0.F,A,S0,N,F_UMD_CGG_D0,F,1998,-2.47,A,F,,,P1Y,S,,,GFS.A.N.I10.W0.S13.S1._Z.B.B9._Z._Z._Z.XDC_R_B1GQ._Z.S.V.N._T,,,,,,"See <a class=""external"" href=""http://sdw.ecb.europa.eu/web/generator/docu/rtdb_docu.pdf""> notes</a>; block Annual; series: B",,4,,,"Government deficit(-) or surplus(+), percent of GDP",Euro area (moving concept in the Real Time database context) - Deficit/surplus without UMTS proceeds - All sectors/ unspecified/ not applicable (ESA2010)-NCBs - General government (ESA2010)-NCBs - Non-financial flows current prices - Percentage,XDC_R_B1GQ,0,Replace,2025-10-29T15:30:00.000+01:00,
RTD.A.S0.N.F_UMD_CGG_D0.F,A,S0,N,F_UMD_CGG_D0,F,1999,-1.574,A,F,,,P1Y,S,,,GFS.A.N.I10.W0.S13.S1._Z.B.B9._Z._Z._Z.XDC_R_B1GQ._Z.S.V.N._T,,,,,,"See <a class=""external"" href=""http://sdw.ecb.europa.eu/web/generator/docu/rtdb_docu.pdf""> notes</a>; block Annual; series: B",,4,,,"Government deficit(-) or surplus(+), percent of GDP",Euro area (moving concept in the Real Time database context) - Deficit/surplus without UMTS proceeds - All sectors/ unspecified/ not applicable (ESA2010)-NCBs - General government (ESA2010)-NCBs - Non-financial flows current prices - Percentage,XDC_R_B1GQ,0,Replace,2025-10-29T15:30:00.000+01:00,
RTD.A.S0.N.F_UMD_CGG_D0.F,A,S0,N,F_UMD_CGG_D0,F,2000,-1.351,A,F,,,P1Y,S,,,GFS.A.N.I10.W0.S13.S1._Z.B.B9._Z._Z._Z.XDC_R_B1GQ._Z.S.V.N._T,,,,,,"See <a class=""external"" href=""http://sdw.ecb.europa.eu/web/generator/docu/rtdb_docu.pdf""> notes</a>; block Annual; series: B",,4,,,"Government deficit(-) or surplus(+), percent of GDP",Euro area (moving concept in the Real Time database context) - Deficit/surplus without UMTS proceeds - All sectors/ unspecified/ not applicable (ESA2010)-NCBs - General government (ESA2010)-NCBs - Non-financial flows current prices - Percentage,XDC_R_B1GQ,0,Replace,2025-10-29T15:30:00.000+01:00,
RTD.A.S0.N.F_UMD_CGG_D0.F,A,S0,N,F_UMD_CGG_D0,F,2001,-2.016,A,F,,,P1Y,S,,,GFS.A.N.I10.W0.S13.S1._Z.B.B9._Z._Z._Z.XDC_R_B1GQ._Z.S.V.N._T,,,,,,"See <a class=""external"" href=""http://sdw.ecb.europa.eu/web/generator/docu/rtdb_docu.pdf""> notes</a>; block Annual; series: B",,4,,,"Government deficit(-) or surplus(+), percent of GDP",Euro area (moving concept in the Real Time database context) - Deficit/surplus without UMTS proceeds - All sectors/ unspecified/ not applicable (ESA2010)-NCBs - General government (ESA2010)-NCBs - Non-financial flows current prices - Percentage,XDC_R_B1GQ,0,Replace,2025-10-29T15:30:00.000+01:00,
RTD.A.S0.N.F_UMD_CGG_D0.F,A,S0,N,F_UMD_CGG_D0,F,2002,-2.765,A,F,,,P1Y,S,,,GFS.A.N.I10.W0.S13.S1._Z.B.B9._Z._Z._Z.XDC_R_B1GQ._Z.S.V.N._T,,,,,,"See <a class=""external"" href=""http://sdw.ecb.europa.eu/web/generator/docu/rtdb_docu.pdf""> notes</a>; block Annual; series: B",,4,,,"Government deficit(-) or surplus(+), percent of GDP",Euro area (moving concept in the Real Time database context) - Deficit/surplus without UMTS proceeds - All sectors/ unspecified/ not applicable (ESA2010)-NCBs - General government (ESA2010)-NCBs - Non-financial flows current prices - Percentage,XDC_R_B1GQ,0,Replace,2025-10-29T15:30:00.000+01:00,
RTD.A.S0.N.F_UMD_CGG_D0.F,A,S0,N,F_UMD_CGG_D0,F,2003,-3.154,A,F,,,P1Y,S,,,GFS.A.N.I10.W0.S13.S1._Z.B.B9._Z._Z._Z.XDC_R_B1GQ._Z.S.V.N._T,,,,,,"See <a class=""external"" href=""http://sdw.ecb.europa.eu/web/generator/docu/rtdb_docu.pdf""> notes</a>; block Annual; series: B",,4,,,"Government deficit(-) or surplus(+), percent of GDP",Euro area (moving concept in the Real Time database context) - Deficit/surplus without UMTS proceeds - All sectors/ unspecified/ not applicable (ESA2010)-NCBs - General government (ESA2010)-NCBs - Non-financial flows current prices - Percentage,XDC_R_B1GQ,0,Replace,2025-10-29T15:30:00.000+01:00,
RTD.A.S0.N.F_UMD_CGG_D0.F,A,S0,N,F_UMD_CGG_D0,F,2004,-2.896,A,F,,,P1Y,S,,,GFS.A.N.I10.W0.S13.S1._Z.B.B9._Z._Z._Z.XDC_R_B1GQ._Z.S.V.N._T,,,,,,"See <a class=""external"" href=""http://sdw.ecb.europa.eu/web/generator/docu/rtdb_docu.pdf""> notes</a>; block Annual; series: B",,4,,,"Government deficit(-) or surplus(+), percent of GDP",Euro area (moving concept in the Real Time database context) - Deficit/surplus without UMTS proceeds - All sectors/ unspecified/ not applicable (ESA2010)-NCBs - General government (ESA2010)-NCBs - Non-financial flows current prices - Percentage,XDC_R_B1GQ,0,Replace,2025-10-29T15:30:00.000+01:00,
RTD.A.S0.N.F_UMD_CGG_D0.F,A,S0,N,F_UMD_CGG_D0,F,2005,-2.655,A,F,,,P1Y,S,,,GFS.A.N.I10.W0.S13.S1._Z.B.B9._Z._Z._Z.XDC_R_B1GQ._Z.S.V.N._T,,,,,,"See <a class=""external"" href=""http://sdw.ecb.europa.eu/web/generator/docu/rtdb_docu.pdf""> notes</a>; block Annual; series: B",,4,,,"Government deficit(-) or surplus(+), percent of GDP",Euro area (moving concept in the Real Time database context) - Deficit/surplus without UMTS proceeds - All sectors/ unspecified/ not applicable (ESA2010)-NCBs - General government (ESA2010)-NCBs - Non-financial flows current prices - Percentage,XDC_R_B1GQ,0,Replace,2025-10-29T15:30:00.000+01:00,
RTD.A.S0.N.F_UMD_CGG_D0.F,A,S0,N,F_UMD_CGG_D0,F,2006,-1.589,A,F,,,P1Y,S,,,GFS.A.N.I10.W0.S13.S1._Z.B.B9._Z._Z._Z.XDC_R_B1GQ._Z.S.V.N._T,,,,,,"See <a class=""external"" href=""http://sdw.ecb.europa.eu/web/generator/docu/rtdb_docu.pdf""> notes</a>; block Annual; series: B",,4,,,"Government deficit(-) or surplus(+), percent of GDP",Euro area (moving concept in the Real Time database context) - Deficit/surplus without UMTS proceeds - All sectors/ unspecified/ not applicable (ESA2010)-NCBs - General government (ESA2010)-NCBs - Non-financial flows current prices - Percentage,XDC_R_B1GQ,0,Replace,2025-10-29T15:30:00.000+01:00,
RTD.A.S0.N.F_UMD_CGG_D0.F,A,S0,N,F_UMD_CGG_D0,F,2007,-0.745,A,F,,,P1Y,S,,,GFS.A.N.I10.W0.S13.S1._Z.B.B9._Z._Z._Z.XDC_R_B1GQ._Z.S.V.N._T,,,,,,"See <a class=""external"" href=""http://sdw.ecb.europa.eu/web/generator/docu/rtdb_docu.pdf""> notes</a>; block Annual; series: B",,4,,,"Government deficit(-) or surplus(+), percent of GDP",Euro area (moving concept in the Real Time database context) - Deficit/surplus without UMTS proceeds - All sectors/ unspecified/ not applicable (ESA2010)-NCBs - General government (ESA2010)-NCBs - Non-financial flows current prices - Percentage,XDC_R_B1GQ,0,Replace,2025-10-29T15:30:00.000+01:00,
RTD.A.S0.N.F_UMD_CGG_D0.F,A,S0,N,F_UMD_CGG_D0,F,2008,-2.26,A,F,,,P1Y,S,,,GFS.A.N.I10.W0.S13.S1._Z.B.B9._Z._Z._Z.XDC_R_B1GQ._Z.S.V.N._T,,,,,,"See <a class=""external"" href=""http://sdw.ecb.europa.eu/web/generator/docu/rtdb_docu.pdf""> notes</a>; block Annual; series: B",,4,,,"Government deficit(-) or surplus(+), percent of GDP",Euro area (moving concept in the Real Time database context) - Deficit/surplus without UMTS proceeds - All sectors/ unspecified/ not applicable (ESA2010)-NCBs - General government (ESA2010)-NCBs - Non-financial flows current prices - Percentage,XDC_R_B1GQ,0,Replace,2025-10-29T15:30:00.000+01:00,
RTD.A.S0.N.F_UMD_CGG_D0.F,A,S0,N,F_UMD_CGG_D0,F,2009,-6.257,A,F,,,P1Y,S,,,GFS.A.N.I10.W0.S13.S1._Z.B.B9._Z._Z._Z.XDC_R_B1GQ._Z.S.V.N._T,,,,,,"See <a class=""external"" href=""http://sdw.ecb.europa.eu/web/generator/docu/rtdb_docu.pdf""> notes</a>; block Annual; series: B",,4,,,"Government deficit(-) or surplus(+), percent of GDP",Euro area (moving concept in the Real Time database context) - Deficit/surplus without UMTS proceeds - All sectors/ unspecified/ not applicable (ESA2010)-NCBs - General government (ESA2010)-NCBs - Non-financial flows current prices - Percentage,XDC_R_B1GQ,0,Replace,2025-10-29T15:30:00.000+01:00,
RTD.A.S0.N.F_UMD_CGG_D0.F,A,S0,N,F_UMD_CGG_D0,F,2010,-6.323,A,F,,,P1Y,S,,,GFS.A.N.I10.W0.S13.S1._Z.B.B9._Z._Z._Z.XDC_R_B1GQ._Z.S.V.N._T,,,,,,"See <a class=""external"" href=""http://sdw.ecb.europa.eu/web/generator/docu/rtdb_docu.pdf""> notes</a>; block Annual; series: B",,4,,,"Government deficit(-) or surplus(+), percent of GDP",Euro area (moving concept in the Real Time database context) - Deficit/surplus without UMTS proceeds - All sectors/ unspecified/ not applicable (ESA2010)-NCBs - General government (ESA2010)-NCBs - Non-financial flows current prices - Percentage,XDC_R_B1GQ,0,Replace,2025-10-29T15:30:00.000+01:00,
RTD.A.S0.N.F_UMD_CGG_D0.F,A,S0,N,F_UMD_CGG_D0,F,2011,-4.243,A,F,,,P1Y,S,,,GFS.A.N.I10.W0.S13.S1._Z.B.B9._Z._Z._Z.XDC_R_B1GQ._Z.S.V.N._T,,,,,,"See <a class=""external"" href=""http://sdw.ecb.europa.eu/web/generator/docu/rtdb_docu.pdf""> notes</a>; block Annual; series: B",,4,,,"Government deficit(-) or surplus(+), percent of GDP",Euro area (moving concept in the Real Time database context) - Deficit/surplus without UMTS proceeds - All sectors/ unspecified/ not applicable (ESA2010)-NCBs - General government (ESA2010)-NCBs - Non-financial flows current prices - Percentage,XDC_R_B1GQ,0,Replace,2025-10-29T15:30:00.000+01:00,
RTD.A.S0.N.F_UMD_CGG_D0.F,A,S0,N,F_UMD_CGG_D0,F,2012,-3.868,A,F,,,P1Y,S,,,GFS.A.N.I10.W0.S13.S1._Z.B.B9._Z._Z._Z.XDC_R_B1GQ._Z.S.V.N._T,,,,,,"See <a class=""external"" href=""http://sdw.ecb.europa.eu/web/generator/docu/rtdb_docu.pdf""> notes</a>; block Annual; series: B",,4,,,"Government deficit(-) or surplus(+), percent of GDP",Euro area (moving concept in the Real Time database context) - Deficit/surplus without UMTS proceeds - All sectors/ unspecified/ not applicable (ESA2010)-NCBs - General government (ESA2010)-NCBs - Non-financial flows current prices - Percentage,XDC_R_B1GQ,0,Replace,2025-10-29T15:30:00.000+01:00,
RTD.A.S0.N.F_UMD_CGG_D0.F,A,S0,N,F_UMD_CGG_D0,F,2013,-3.212,A,F,,,P1Y,S,,,GFS.A.N.I10.W0.S13.S1._Z.B.B9._Z._Z._Z.XDC_R_B1GQ._Z.S.V.N._T,,,,,,"See <a class=""external"" href=""http://sdw.ecb.europa.eu/web/generator/docu/rtdb_docu.pdf""> notes</a>; block Annual; series: B",,4,,,"Government deficit(-) or surplus(+), percent of GDP",Euro area (moving concept in the Real Time database context) - Deficit/surplus without UMTS proceeds - All sectors/ unspecified/ not applicable (ESA2010)-NCBs - General government (ESA2010)-NCBs - Non-financial flows current prices - Percentage,XDC_R_B1GQ,0,Replace,2025-10-29T15:30:00.000+01:00,
RTD.A.S0.N.F_UMD_CGG_D0.F,A,S0,N,F_UMD_CGG_D0,F,2014,-2.528,A,F,,,P1Y,S,,,GFS.A.N.I10.W0.S13.S1._Z.B.B9._Z._Z._Z.XDC_R_B1GQ._Z.S.V.N._T,,,,,,"See <a class=""external"" href=""http://sdw.ecb.europa.eu/web/generator/docu/rtdb_docu.pdf""> notes</a>; block Annual; series: B",,4,,,"Government deficit(-) or surplus(+), percent of GDP",Euro area (moving concept in the Real Time database context) - Deficit/surplus without UMTS proceeds - All sectors/ unspecified/ not applicable (ESA2010)-NCBs - General government (ESA2010)-NCBs - Non-financial flows current prices - Percentage,XDC_R_B1GQ,0,Replace,2025-10-29T15:30:00.000+01:00,
RTD.A.S0.N.F_UMD_CGG_D0.F,A,S0,N,F_UMD_CGG_D0,F,2015,-2.009,A,F,,,P1Y,S,,,GFS.A.N.I10.W0.S13.S1._Z.B.B9._Z._Z._Z.XDC_R_B1GQ._Z.S.V.N._T,,,,,,"See <a class=""external"" href=""http://sdw.ecb.europa.eu/web/generator/docu/rtdb_docu.pdf""> notes</a>; block Annual; series: B",,4,,,"Government deficit(-) or surplus(+), percent of GDP",Euro area (moving concept in the Real Time database context) - Deficit/surplus without UMTS proceeds - All sectors/ unspecified/ not applicable (ESA2010)-NCBs - General government (ESA2010)-NCBs - Non-financial flows current prices - Percentage,XDC_R_B1GQ,0,Replace,2025-10-29T15:30:00.000+01:00,
RTD.A.S0.N.F_UMD_CGG_D0.F,A,S0,N,F_UMD_CGG_D0,F,2016,-1.473,A,F,,,P1Y,S,,,GFS.A.N.I10.W0.S13.S1._Z.B.B9._Z._Z._Z.XDC_R_B1GQ._Z.S.V.N._T,,,,,,"See <a class=""external"" href=""http://sdw.ecb.europa.eu/web/generator/docu/rtdb_docu.pdf""> notes</a>; block Annual; series: B",,4,,,"Government deficit(-) or surplus(+), percent of GDP",Euro area (moving concept in the Real Time database context) - Deficit/surplus without UMTS proceeds - All sectors/ unspecified/ not applicable (ESA2010)-NCBs - General government (ESA2010)-NCBs - Non-financial flows current prices - Percentage,XDC_R_B1GQ,0,Replace,2025-10-29T15:30:00.000+01:00,
RTD.A.S0.N.F_UMD_CGG_D0.F,A,S0,N,F_UMD_CGG_D0,F,2017,-1.004,A,F,,,P1Y,S,,,GFS.A.N.I10.W0.S13.S1._Z.B.B9._Z._Z._Z.XDC_R_B1GQ._Z.S.V.N._T,,,,,,"See <a class=""external"" href=""http://sdw.ecb.europa.eu/web/generator/docu/rtdb_docu.pdf""> notes</a>; block Annual; series: B",,4,,,"Government deficit(-) or surplus(+), percent of GDP",Euro area (moving concept in the Real Time database context) - Deficit/surplus without UMTS proceeds - All sectors/ unspecified/ not applicable (ESA2010)-NCBs - General government (ESA2010)-NCBs - Non-financial flows current prices - Percentage,XDC_R_B1GQ,0,Replace,2025-10-29T15:30:00.000+01:00,
RTD.A.S0.N.F_UMD_CGG_D0.F,A,S0,N,F_UMD_CGG_D0,F,2018,-0.447,A,F,,,P1Y,S,,,GFS.A.N.I10.W0.S13.S1._Z.B.B9._Z._Z._Z.XDC_R_B1GQ._Z.S.V.N._T,,,,,,"See <a class=""external"" href=""http://sdw.ecb.europa.eu/web/generator/docu/rtdb_docu.pdf""> notes</a>; block Annual; series: B",,4,,,"Government deficit(-) or surplus(+), percent of GDP",Euro area (moving concept in the Real Time database context) - Deficit/surplus without UMTS proceeds - All sectors/ unspecified/ not applicable (ESA2010)-NCBs - General government (ESA2010)-NCBs - Non-financial flows current prices - Percentage,XDC_R_B1GQ,0,Replace,2025-10-29T15:30:00.000+01:00,
RTD.A.S0.N.F_UMD_CGG_D0.F,A,S0,N,F_UMD_CGG_D0,F,2019,-0.537,A,F,,,P1Y,S,,,GFS.A.N.I10.W0.S13.S1._Z.B.B9._Z._Z._Z.XDC_R_B1GQ._Z.S.V.N._T,,,,,,"See <a class=""external"" href=""http://sdw.ecb.europa.eu/web/generator/docu/rtdb_docu.pdf""> notes</a>; block Annual; series: B",,4,,,"Government deficit(-) or surplus(+), percent of GDP",Euro area (moving concept in the Real Time database context) - Deficit/surplus without UMTS proceeds - All sectors/ unspecified/ not applicable (ESA2010)-NCBs - General government (ESA2010)-NCBs - Non-financial flows current prices - Percentage,XDC_R_B1GQ,0,Replace,2025-10-29T15:30:00.000+01:00,
RTD.A.S0.N.F_UMD_CGG_D0.F,A,S0,N,F_UMD_CGG_D0,F,2020,-6.992,A,F,,,P1Y,S,,,GFS.A.N.I10.W0.S13.S1._Z.B.B9._Z._Z._Z.XDC_R_B1GQ._Z.S.V.N._T,,,,,,"See <a class=""external"" href=""http://sdw.ecb.europa.eu/web/generator/docu/rtdb_docu.pdf""> notes</a>; block Annual; series: B",,4,,,"Government deficit(-) or surplus(+), percent of GDP",Euro area (moving concept in the Real Time database context) - Deficit/surplus without UMTS proceeds - All sectors/ unspecified/ not applicable (ESA2010)-NCBs - General government (ESA2010)-NCBs - Non-financial flows current prices - Percentage,XDC_R_B1GQ,0,Replace,2025-10-29T15:30:00.000+01:00,
RTD.A.S0.N.F_UMD_CGG_D0.F,A,S0,N,F_UMD_CGG_D0,F,2021,-5.101,A,F,,,P1Y,S,,,GFS.A.N.I10.W0.S13.S1._Z.B.B9._Z._Z._Z.XDC_R_B1GQ._Z.S.V.N._T,,,,,,"See <a class=""external"" href=""http://sdw.ecb.europa.eu/web/generator/docu/rtdb_docu.pdf""> notes</a>; block Annual; series: B",,4,,,"Government deficit(-) or surplus(+), percent of GDP",Euro area (moving concept in the Real Time database context) - Deficit/surplus without UMTS proceeds - All sectors/ unspecified/ not applicable (ESA2010)-NCBs - General government (ESA2010)-NCBs - Non-financial flows current prices - Percentage,XDC_R_B1GQ,0,Replace,2025-10-29T15:30:00.000+01:00,
RTD.A.S0.N.F_UMD_CGG_D0.F,A,S0,N,F_UMD_CGG_D0,F,2022,-3.393,A,F,,,P1Y,S,,,GFS.A.N.I10.W0.S13.S1._Z.B.B9._Z._Z._Z.XDC_R_B1GQ._Z.S.V.N._T,,,,,,"See <a class=""external"" href=""http://sdw.ecb.europa.eu/web/generator/docu/rtdb_docu.pdf""> notes</a>; block Annual; series: B",,4,,,"Government deficit(-) or surplus(+), percent of GDP",Euro area (moving concept in the Real Time database context) - Deficit/surplus without UMTS proceeds - All sectors/ unspecified/ not applicable (ESA2010)-NCBs - General government (ESA2010)-NCBs - Non-financial flows current prices - Percentage,XDC_R_B1GQ,0,Replace,2025-10-29T15:30:00.000+01:00,
RTD.A.S0.N.F_UMD_CGG_D0.F,A,S0,N,F_UMD_CGG_D0,F,2023,-3.502,A,F,,,P1Y,S,,,GFS.A.N.I10.W0.S13.S1._Z.B.B9._Z._Z._Z.XDC_R_B1GQ._Z.S.V.N._T,,,,,,"See <a class=""external"" href=""http://sdw.ecb.europa.eu/web/generator/docu/rtdb_docu.pdf""> notes</a>; block Annual; series: B",,4,,,"Government deficit(-) or surplus(+), percent of GDP",Euro area (moving concept in the Real Time database context) - Deficit/surplus without UMTS proceeds - All sectors/ unspecified/ not applicable (ESA2010)-NCBs - General government (ESA2010)-NCBs - Non-financial flows current prices - Percentage,XDC_R_B1GQ,0,Replace,2025-10-29T15:30:00.000+01:00,
RTD.A.S0.N.F_UMD_CGG_D0.F,A,S0,N,F_UMD_CGG_D0,F,2024,-3.064,A,F,,,P1Y,S,,,GFS.A.N.I10.W0.S13.S1._Z.B.B9._Z._Z._Z.XDC_R_B1GQ._Z.S.V.N._T,,,,,,"See <a class=""external"" href=""http://sdw.ecb.europa.eu/web/generator/docu/rtdb_docu.pdf""> notes</a>; block Annual; series: B",,4,,,"Government deficit(-) or surplus(+), percent of GDP",Euro area (moving concept in the Real Time database context) - Deficit/surplus without UMTS proceeds - All sectors/ unspecified/ not applicable (ESA2010)-NCBs - General government (ESA2010)-NCBs - Non-financial flows current prices - Percentage,XDC_R_B1GQ,0,Replace,2025-10-29T15:30:00.000+01:00,
RTD.A.S0.N.F_UMD_CGG_D0.F,A,S0,N,F_UMD_CGG_D0,F,1995,-7.2794,A,F,,,P1Y,S,,,GFS.A.N.I10.W0.S13.S1._Z.B.B9._Z._Z._Z.XDC_R_B1GQ._Z.S.V.N._T,,,,,,"See <a class=""external"" href=""http://sdw.ecb.europa.eu/web/generator/docu/rtdb_docu.pdf""> notes</a>; block Annual; series: B",,4,,,"Government deficit(-) or surplus(+), percent of GDP",Euro area (moving concept in the Real Time database context) - Deficit/surplus without UMTS proceeds - All sectors/ unspecified/ not applicable (ESA2010)-NCBs - General government (ESA2010)-NCBs - Non-financial flows current prices - Percentage,XDC_R_B1GQ,0,Replace,2026-04-29T15:30:00.000+02:00,
RTD.A.S0.N.F_UMD_CGG_D0.F,A,S0,N,F_UMD_CGG_D0,F,1996,-4.4001,A,F,,,P1Y,S,,,GFS.A.N.I10.W0.S13.S1._Z.B.B9._Z._Z._Z.XDC_R_B1GQ._Z.S.V.N._T,,,,,,"See <a class=""external"" href=""http://sdw.ecb.europa.eu/web/generator/docu/rtdb_docu.pdf""> notes</a>; block Annual; series: B",,4,,,"Government deficit(-) or surplus(+), percent of GDP",Euro area (moving concept in the Real Time database context) - Deficit/surplus without UMTS proceeds - All sectors/ unspecified/ not applicable (ESA2010)-NCBs - General government (ESA2010)-NCBs - Non-financial flows current prices - Percentage,XDC_R_B1GQ,0,Replace,2026-04-29T15:30:00.000+02:00,
RTD.A.S0.N.F_UMD_CGG_D0.F,A,S0,N,F_UMD_CGG_D0,F,1997,-3.0764,A,F,,,P1Y,S,,,GFS.A.N.I10.W0.S13.S1._Z.B.B9._Z._Z._Z.XDC_R_B1GQ._Z.S.V.N._T,,,,,,"See <a class=""external"" href=""http://sdw.ecb.europa.eu/web/generator/docu/rtdb_docu.pdf""> notes</a>; block Annual; series: B",,4,,,"Government deficit(-) or surplus(+), percent of GDP",Euro area (moving concept in the Real Time database context) - Deficit/surplus without UMTS proceeds - All sectors/ unspecified/ not applicable (ESA2010)-NCBs - General government (ESA2010)-NCBs - Non-financial flows current prices - Percentage,XDC_R_B1GQ,0,Replace,2026-04-29T15:30:00.000+02:00,
RTD.A.S0.N.F_UMD_CGG_D0.F,A,S0,N,F_UMD_CGG_D0,F,1998,-2.4618,A,F,,,P1Y,S,,,GFS.A.N.I10.W0.S13.S1._Z.B.B9._Z._Z._Z.XDC_R_B1GQ._Z.S.V.N._T,,,,,,"See <a class=""external"" href=""http://sdw.ecb.europa.eu/web/generator/docu/rtdb_docu.pdf""> notes</a>; block Annual; series: B",,4,,,"Government deficit(-) or surplus(+), percent of GDP",Euro area (moving concept in the Real Time database context) - Deficit/surplus without UMTS proceeds - All sectors/ unspecified/ not applicable (ESA2010)-NCBs - General government (ESA2010)-NCBs - Non-financial flows current prices - Percentage,XDC_R_B1GQ,0,Replace,2026-04-29T15:30:00.000+02:00,
RTD.A.S0.N.F_UMD_CGG_D0.F,A,S0,N,F_UMD_CGG_D0,F,1999,-1.571,A,F,,,P1Y,S,,,GFS.A.N.I10.W0.S13.S1._Z.B.B9._Z._Z._Z.XDC_R_B1GQ._Z.S.V.N._T,,,,,,"See <a class=""external"" href=""http://sdw.ecb.europa.eu/web/generator/docu/rtdb_docu.pdf""> notes</a>; block Annual; series: B",,4,,,"Government deficit(-) or surplus(+), percent of GDP",Euro area (moving concept in the Real Time database context) - Deficit/surplus without UMTS proceeds - All sectors/ unspecified/ not applicable (ESA2010)-NCBs - General government (ESA2010)-NCBs - Non-financial flows current prices - Percentage,XDC_R_B1GQ,0,Replace,2026-04-29T15:30:00.000+02:00,
RTD.A.S0.N.F_UMD_CGG_D0.F,A,S0,N,F_UMD_CGG_D0,F,2000,-1.3477,A,F,,,P1Y,S,,,GFS.A.N.I10.W0.S13.S1._Z.B.B9._Z._Z._Z.XDC_R_B1GQ._Z.S.V.N._T,,,,,,"See <a class=""external"" href=""http://sdw.ecb.europa.eu/web/generator/docu/rtdb_docu.pdf""> notes</a>; block Annual; series: B",,4,,,"Government deficit(-) or surplus(+), percent of GDP",Euro area (moving concept in the Real Time database context) - Deficit/surplus without UMTS proceeds - All sectors/ unspecified/ not applicable (ESA2010)-NCBs - General government (ESA2010)-NCBs - Non-financial flows current prices - Percentage,XDC_R_B1GQ,0,Replace,2026-04-29T15:30:00.000+02:00,
RTD.A.S0.N.F_UMD_CGG_D0.F,A,S0,N,F_UMD_CGG_D0,F,2001,-2.0106,A,F,,,P1Y,S,,,GFS.A.N.I10.W0.S13.S1._Z.B.B9._Z._Z._Z.XDC_R_B1GQ._Z.S.V.N._T,,,,,,"See <a class=""external"" href=""http://sdw.ecb.europa.eu/web/generator/docu/rtdb_docu.pdf""> notes</a>; block Annual; series: B",,4,,,"Government deficit(-) or surplus(+), percent of GDP",Euro area (moving concept in the Real Time database context) - Deficit/surplus without UMTS proceeds - All sectors/ unspecified/ not applicable (ESA2010)-NCBs - General government (ESA2010)-NCBs - Non-financial flows current prices - Percentage,XDC_R_B1GQ,0,Replace,2026-04-29T15:30:00.000+02:00,
RTD.A.S0.N.F_UMD_CGG_D0.F,A,S0,N,F_UMD_CGG_D0,F,2002,-2.7614,A,F,,,P1Y,S,,,GFS.A.N.I10.W0.S13.S1._Z.B.B9._Z._Z._Z.XDC_R_B1GQ._Z.S.V.N._T,,,,,,"See <a class=""external"" href=""http://sdw.ecb.europa.eu/web/generator/docu/rtdb_docu.pdf""> notes</a>; block Annual; series: B",,4,,,"Government deficit(-) or surplus(+), percent of GDP",Euro area (moving concept in the Real Time database context) - Deficit/surplus without UMTS proceeds - All sectors/ unspecified/ not applicable (ESA2010)-NCBs - General government (ESA2010)-NCBs - Non-financial flows current prices - Percentage,XDC_R_B1GQ,0,Replace,2026-04-29T15:30:00.000+02:00,
RTD.A.S0.N.F_UMD_CGG_D0.F,A,S0,N,F_UMD_CGG_D0,F,2003,-3.1462,A,F,,,P1Y,S,,,GFS.A.N.I10.W0.S13.S1._Z.B.B9._Z._Z._Z.XDC_R_B1GQ._Z.S.V.N._T,,,,,,"See <a class=""external"" href=""http://sdw.ecb.europa.eu/web/generator/docu/rtdb_docu.pdf""> notes</a>; block Annual; series: B",,4,,,"Government deficit(-) or surplus(+), percent of GDP",Euro area (moving concept in the Real Time database context) - Deficit/surplus without UMTS proceeds - All sectors/ unspecified/ not applicable (ESA2010)-NCBs - General government (ESA2010)-NCBs - Non-financial flows current prices - Percentage,XDC_R_B1GQ,0,Replace,2026-04-29T15:30:00.000+02:00,
RTD.A.S0.N.F_UMD_CGG_D0.F,A,S0,N,F_UMD_CGG_D0,F,2004,-2.8845,A,F,,,P1Y,S,,,GFS.A.N.I10.W0.S13.S1._Z.B.B9._Z._Z._Z.XDC_R_B1GQ._Z.S.V.N._T,,,,,,"See <a class=""external"" href=""http://sdw.ecb.europa.eu/web/generator/docu/rtdb_docu.pdf""> notes</a>; block Annual; series: B",,4,,,"Government deficit(-) or surplus(+), percent of GDP",Euro area (moving concept in the Real Time database context) - Deficit/surplus without UMTS proceeds - All sectors/ unspecified/ not applicable (ESA2010)-NCBs - General government (ESA2010)-NCBs - Non-financial flows current prices - Percentage,XDC_R_B1GQ,0,Replace,2026-04-29T15:30:00.000+02:00,
RTD.A.S0.N.F_UMD_CGG_D0.F,A,S0,N,F_UMD_CGG_D0,F,2005,-2.643,A,F,,,P1Y,S,,,GFS.A.N.I10.W0.S13.S1._Z.B.B9._Z._Z._Z.XDC_R_B1GQ._Z.S.V.N._T,,,,,,"See <a class=""external"" href=""http://sdw.ecb.europa.eu/web/generator/docu/rtdb_docu.pdf""> notes</a>; block Annual; series: B",,4,,,"Government deficit(-) or surplus(+), percent of GDP",Euro area (moving concept in the Real Time database context) - Deficit/surplus without UMTS proceeds - All sectors/ unspecified/ not applicable (ESA2010)-NCBs - General government (ESA2010)-NCBs - Non-financial flows current prices - Percentage,XDC_R_B1GQ,0,Replace,2026-04-29T15:30:00.000+02:00,
RTD.A.S0.N.F_UMD_CGG_D0.F,A,S0,N,F_UMD_CGG_D0,F,2006,-1.5764,A,F,,,P1Y,S,,,GFS.A.N.I10.W0.S13.S1._Z.B.B9._Z._Z._Z.XDC_R_B1GQ._Z.S.V.N._T,,,,,,"See <a class=""external"" href=""http://sdw.ecb.europa.eu/web/generator/docu/rtdb_docu.pdf""> notes</a>; block Annual; series: B",,4,,,"Government deficit(-) or surplus(+), percent of GDP",Euro area (moving concept in the Real Time database context) - Deficit/surplus without UMTS proceeds - All sectors/ unspecified/ not applicable (ESA2010)-NCBs - General government (ESA2010)-NCBs - Non-financial flows current prices - Percentage,XDC_R_B1GQ,0,Replace,2026-04-29T15:30:00.000+02:00,
RTD.A.S0.N.F_UMD_CGG_D0.F,A,S0,N,F_UMD_CGG_D0,F,2007,-0.7421,A,F,,,P1Y,S,,,GFS.A.N.I10.W0.S13.S1._Z.B.B9._Z._Z._Z.XDC_R_B1GQ._Z.S.V.N._T,,,,,,"See <a class=""external"" href=""http://sdw.ecb.europa.eu/web/generator/docu/rtdb_docu.pdf""> notes</a>; block Annual; series: B",,4,,,"Government deficit(-) or surplus(+), percent of GDP",Euro area (moving concept in the Real Time database context) - Deficit/surplus without UMTS proceeds - All sectors/ unspecified/ not applicable (ESA2010)-NCBs - General government (ESA2010)-NCBs - Non-financial flows current prices - Percentage,XDC_R_B1GQ,0,Replace,2026-04-29T15:30:00.000+02:00,
RTD.A.S0.N.F_UMD_CGG_D0.F,A,S0,N,F_UMD_CGG_D0,F,2008,-2.2456,A,F,,,P1Y,S,,,GFS.A.N.I10.W0.S13.S1._Z.B.B9._Z._Z._Z.XDC_R_B1GQ._Z.S.V.N._T,,,,,,"See <a class=""external"" href=""http://sdw.ecb.europa.eu/web/generator/docu/rtdb_docu.pdf""> notes</a>; block Annual; series: B",,4,,,"Government deficit(-) or surplus(+), percent of GDP",Euro area (moving concept in the Real Time database context) - Deficit/surplus without UMTS proceeds - All sectors/ unspecified/ not applicable (ESA2010)-NCBs - General government (ESA2010)-NCBs - Non-financial flows current prices - Percentage,XDC_R_B1GQ,0,Replace,2026-04-29T15:30:00.000+02:00,
RTD.A.S0.N.F_UMD_CGG_D0.F,A,S0,N,F_UMD_CGG_D0,F,2009,-6.2494,A,F,,,P1Y,S,,,GFS.A.N.I10.W0.S13.S1._Z.B.B9._Z._Z._Z.XDC_R_B1GQ._Z.S.V.N._T,,,,,,"See <a class=""external"" href=""http://sdw.ecb.europa.eu/web/generator/docu/rtdb_docu.pdf""> notes</a>; block Annual; series: B",,4,,,"Government deficit(-) or surplus(+), percent of GDP",Euro area (moving concept in the Real Time database context) - Deficit/surplus without UMTS proceeds - All sectors/ unspecified/ not applicable (ESA2010)-NCBs - General government (ESA2010)-NCBs - Non-financial flows current prices - Percentage,XDC_R_B1GQ,0,Replace,2026-04-29T15:30:00.000+02:00,
RTD.A.S0.N.F_UMD_CGG_D0.F,A,S0,N,F_UMD_CGG_D0,F,2010,-6.312,A,F,,,P1Y,S,,,GFS.A.N.I10.W0.S13.S1._Z.B.B9._Z._Z._Z.XDC_R_B1GQ._Z.S.V.N._T,,,,,,"See <a class=""external"" href=""http://sdw.ecb.europa.eu/web/generator/docu/rtdb_docu.pdf""> notes</a>; block Annual; series: B",,4,,,"Government deficit(-) or surplus(+), percent of GDP",Euro area (moving concept in the Real Time database context) - Deficit/surplus without UMTS proceeds - All sectors/ unspecified/ not applicable (ESA2010)-NCBs - General government (ESA2010)-NCBs - Non-financial flows current prices - Percentage,XDC_R_B1GQ,0,Replace,2026-04-29T15:30:00.000+02:00,
RTD.A.S0.N.F_UMD_CGG_D0.F,A,S0,N,F_UMD_CGG_D0,F,2011,-4.2326,A,F,,,P1Y,S,,,GFS.A.N.I10.W0.S13.S1._Z.B.B9._Z._Z._Z.XDC_R_B1GQ._Z.S.V.N._T,,,,,,"See <a class=""external"" href=""http://sdw.ecb.europa.eu/web/generator/docu/rtdb_docu.pdf""> notes</a>; block Annual; series: B",,4,,,"Government deficit(-) or surplus(+), percent of GDP",Euro area (moving concept in the Real Time database context) - Deficit/surplus without UMTS proceeds - All sectors/ unspecified/ not applicable (ESA2010)-NCBs - General government (ESA2010)-NCBs - Non-financial flows current prices - Percentage,XDC_R_B1GQ,0,Replace,2026-04-29T15:30:00.000+02:00,
RTD.A.S0.N.F_UMD_CGG_D0.F,A,S0,N,F_UMD_CGG_D0,F,2012,-3.8546,A,F,,,P1Y,S,,,GFS.A.N.I10.W0.S13.S1._Z.B.B9._Z._Z._Z.XDC_R_B1GQ._Z.S.V.N._T,,,,,,"See <a class=""external"" href=""http://sdw.ecb.europa.eu/web/generator/docu/rtdb_docu.pdf""> notes</a>; block Annual; series: B",,4,,,"Government deficit(-) or surplus(+), percent of GDP",Euro area (moving concept in the Real Time database context) - Deficit/surplus without UMTS proceeds - All sectors/ unspecified/ not applicable (ESA2010)-NCBs - General government (ESA2010)-NCBs - Non-financial flows current prices - Percentage,XDC_R_B1GQ,0,Replace,2026-04-29T15:30:00.000+02:00,
RTD.A.S0.N.F_UMD_CGG_D0.F,A,S0,N,F_UMD_CGG_D0,F,2013,-3.2015,A,F,,,P1Y,S,,,GFS.A.N.I10.W0.S13.S1._Z.B.B9._Z._Z._Z.XDC_R_B1GQ._Z.S.V.N._T,,,,,,"See <a class=""external"" href=""http://sdw.ecb.europa.eu/web/generator/docu/rtdb_docu.pdf""> notes</a>; block Annual; series: B",,4,,,"Government deficit(-) or surplus(+), percent of GDP",Euro area (moving concept in the Real Time database context) - Deficit/surplus without UMTS proceeds - All sectors/ unspecified/ not applicable (ESA2010)-NCBs - General government (ESA2010)-NCBs - Non-financial flows current prices - Percentage,XDC_R_B1GQ,0,Replace,2026-04-29T15:30:00.000+02:00,
RTD.A.S0.N.F_UMD_CGG_D0.F,A,S0,N,F_UMD_CGG_D0,F,2014,-2.5401,A,F,,,P1Y,S,,,GFS.A.N.I10.W0.S13.S1._Z.B.B9._Z._Z._Z.XDC_R_B1GQ._Z.S.V.N._T,,,,,,"See <a class=""external"" href=""http://sdw.ecb.europa.eu/web/generator/docu/rtdb_docu.pdf""> notes</a>; block Annual; series: B",,4,,,"Government deficit(-) or surplus(+), percent of GDP",Euro area (moving concept in the Real Time database context) - Deficit/surplus without UMTS proceeds - All sectors/ unspecified/ not applicable (ESA2010)-NCBs - General government (ESA2010)-NCBs - Non-financial flows current prices - Percentage,XDC_R_B1GQ,0,Replace,2026-04-29T15:30:00.000+02:00,
RTD.A.S0.N.F_UMD_CGG_D0.F,A,S0,N,F_UMD_CGG_D0,F,2015,-2.0085,A,F,,,P1Y,S,,,GFS.A.N.I10.W0.S13.S1._Z.B.B9._Z._Z._Z.XDC_R_B1GQ._Z.S.V.N._T,,,,,,"See <a class=""external"" href=""http://sdw.ecb.europa.eu/web/generator/docu/rtdb_docu.pdf""> notes</a>; block Annual; series: B",,4,,,"Government deficit(-) or surplus(+), percent of GDP",Euro area (moving concept in the Real Time database context) - Deficit/surplus without UMTS proceeds - All sectors/ unspecified/ not applicable (ESA2010)-NCBs - General government (ESA2010)-NCBs - Non-financial flows current prices - Percentage,XDC_R_B1GQ,0,Replace,2026-04-29T15:30:00.000+02:00,
RTD.A.S0.N.F_UMD_CGG_D0.F,A,S0,N,F_UMD_CGG_D0,F,2016,-1.465,A,F,,,P1Y,S,,,GFS.A.N.I10.W0.S13.S1._Z.B.B9._Z._Z._Z.XDC_R_B1GQ._Z.S.V.N._T,,,,,,"See <a class=""external"" href=""http://sdw.ecb.europa.eu/web/generator/docu/rtdb_docu.pdf""> notes</a>; block Annual; series: B",,4,,,"Government deficit(-) or surplus(+), percent of GDP",Euro area (moving concept in the Real Time database context) - Deficit/surplus without UMTS proceeds - All sectors/ unspecified/ not applicable (ESA2010)-NCBs - General government (ESA2010)-NCBs - Non-financial flows current prices - Percentage,XDC_R_B1GQ,0,Replace,2026-04-29T15:30:00.000+02:00,
RTD.A.S0.N.F_UMD_CGG_D0.F,A,S0,N,F_UMD_CGG_D0,F,2017,-0.9914,A,F,,,P1Y,S,,,GFS.A.N.I10.W0.S13.S1._Z.B.B9._Z._Z._Z.XDC_R_B1GQ._Z.S.V.N._T,,,,,,"See <a class=""external"" href=""http://sdw.ecb.europa.eu/web/generator/docu/rtdb_docu.pdf""> notes</a>; block Annual; series: B",,4,,,"Government deficit(-) or surplus(+), percent of GDP",Euro area (moving concept in the Real Time database context) - Deficit/surplus without UMTS proceeds - All sectors/ unspecified/ not applicable (ESA2010)-NCBs - General government (ESA2010)-NCBs - Non-financial flows current prices - Percentage,XDC_R_B1GQ,0,Replace,2026-04-29T15:30:00.000+02:00,
RTD.A.S0.N.F_UMD_CGG_D0.F,A,S0,N,F_UMD_CGG_D0,F,2018,-0.4368,A,F,,,P1Y,S,,,GFS.A.N.I10.W0.S13.S1._Z.B.B9._Z._Z._Z.XDC_R_B1GQ._Z.S.V.N._T,,,,,,"See <a class=""external"" href=""http://sdw.ecb.europa.eu/web/generator/docu/rtdb_docu.pdf""> notes</a>; block Annual; series: B",,4,,,"Government deficit(-) or surplus(+), percent of GDP",Euro area (moving concept in the Real Time database context) - Deficit/surplus without UMTS proceeds - All sectors/ unspecified/ not applicable (ESA2010)-NCBs - General government (ESA2010)-NCBs - Non-financial flows current prices - Percentage,XDC_R_B1GQ,0,Replace,2026-04-29T15:30:00.000+02:00,
RTD.A.S0.N.F_UMD_CGG_D0.F,A,S0,N,F_UMD_CGG_D0,F,2019,-0.5243,A,F,,,P1Y,S,,,GFS.A.N.I10.W0.S13.S1._Z.B.B9._Z._Z._Z.XDC_R_B1GQ._Z.S.V.N._T,,,,,,"See <a class=""external"" href=""http://sdw.ecb.europa.eu/web/generator/docu/rtdb_docu.pdf""> notes</a>; block Annual; series: B",,4,,,"Government deficit(-) or surplus(+), percent of GDP",Euro area (moving concept in the Real Time database context) - Deficit/surplus without UMTS proceeds - All sectors/ unspecified/ not applicable (ESA2010)-NCBs - General government (ESA2010)-NCBs - Non-financial flows current prices - Percentage,XDC_R_B1GQ,0,Replace,2026-04-29T15:30:00.000+02:00,
RTD.A.S0.N.F_UMD_CGG_D0.F,A,S0,N,F_UMD_CGG_D0,F,2020,-6.9841,A,F,,,P1Y,S,,,GFS.A.N.I10.W0.S13.S1._Z.B.B9._Z._Z._Z.XDC_R_B1GQ._Z.S.V.N._T,,,,,,"See <a class=""external"" href=""http://sdw.ecb.europa.eu/web/generator/docu/rtdb_docu.pdf""> notes</a>; block Annual; series: B",,4,,,"Government deficit(-) or surplus(+), percent of GDP",Euro area (moving concept in the Real Time database context) - Deficit/surplus without UMTS proceeds - All sectors/ unspecified/ not applicable (ESA2010)-NCBs - General government (ESA2010)-NCBs - Non-financial flows current prices - Percentage,XDC_R_B1GQ,0,Replace,2026-04-29T15:30:00.000+02:00,
RTD.A.S0.N.F_UMD_CGG_D0.F,A,S0,N,F_UMD_CGG_D0,F,2021,-5.0952,A,F,,,P1Y,S,,,GFS.A.N.I10.W0.S13.S1._Z.B.B9._Z._Z._Z.XDC_R_B1GQ._Z.S.V.N._T,,,,,,"See <a class=""external"" href=""http://sdw.ecb.europa.eu/web/generator/docu/rtdb_docu.pdf""> notes</a>; block Annual; series: B",,4,,,"Government deficit(-) or surplus(+), percent of GDP",Euro area (moving concept in the Real Time database context) - Deficit/surplus without UMTS proceeds - All sectors/ unspecified/ not applicable (ESA2010)-NCBs - General government (ESA2010)-NCBs - Non-financial flows current prices - Percentage,XDC_R_B1GQ,0,Replace,2026-04-29T15:30:00.000+02:00,
RTD.A.S0.N.F_UMD_CGG_D0.F,A,S0,N,F_UMD_CGG_D0,F,2022,-3.3861,A,F,,,P1Y,S,,,GFS.A.N.I10.W0.S13.S1._Z.B.B9._Z._Z._Z.XDC_R_B1GQ._Z.S.V.N._T,,,,,,"See <a class=""external"" href=""http://sdw.ecb.europa.eu/web/generator/docu/rtdb_docu.pdf""> notes</a>; block Annual; series: B",,4,,,"Government deficit(-) or surplus(+), percent of GDP",Euro area (moving concept in the Real Time database context) - Deficit/surplus without UMTS proceeds - All sectors/ unspecified/ not applicable (ESA2010)-NCBs - General government (ESA2010)-NCBs - Non-financial flows current prices - Percentage,XDC_R_B1GQ,0,Replace,2026-04-29T15:30:00.000+02:00,
RTD.A.S0.N.F_UMD_CGG_D0.F,A,S0,N,F_UMD_CGG_D0,F,2023,-3.4934,A,F,,,P1Y,S,,,GFS.A.N.I10.W0.S13.S1._Z.B.B9._Z._Z._Z.XDC_R_B1GQ._Z.S.V.N._T,,,,,,"See <a class=""external"" href=""http://sdw.ecb.europa.eu/web/generator/docu/rtdb_docu.pdf""> notes</a>; block Annual; series: B",,4,,,"Government deficit(-) or surplus(+), percent of GDP",Euro area (moving concept in the Real Time database context) - Deficit/surplus without UMTS proceeds - All sectors/ unspecified/ not applicable (ESA2010)-NCBs - General government (ESA2010)-NCBs - Non-financial flows current prices - Percentage,XDC_R_B1GQ,0,Replace,2026-04-29T15:30:00.000+02:00,
RTD.A.S0.N.F_UMD_CGG_D0.F,A,S0,N,F_UMD_CGG_D0,F,2024,-3.0279,A,F,,,P1Y,S,,,GFS.A.N.I10.W0.S13.S1._Z.B.B9._Z._Z._Z.XDC_R_B1GQ._Z.S.V.N._T,,,,,,"See <a class=""external"" href=""http://sdw.ecb.europa.eu/web/generator/docu/rtdb_docu.pdf""> notes</a>; block Annual; series: B",,4,,,"Government deficit(-) or surplus(+), percent of GDP",Euro area (moving concept in the Real Time database context) - Deficit/surplus without UMTS proceeds - All sectors/ unspecified/ not applicable (ESA2010)-NCBs - General government (ESA2010)-NCBs - Non-financial flows current prices - Percentage,XDC_R_B1GQ,0,Replace,2026-04-29T15:30:00.000+02:00,
RTD.A.S0.N.F_UMD_CGG_D0.F,A,S0,N,F_UMD_CGG_D0,F,2025,-2.9217,A,F,,,P1Y,S,,,GFS.A.N.I10.W0.S13.S1._Z.B.B9._Z._Z._Z.XDC_R_B1GQ._Z.S.V.N._T,,,,,,"See <a class=""external"" href=""http://sdw.ecb.europa.eu/web/generator/docu/rtdb_docu.pdf""> notes</a>; block Annual; series: B",,4,,,"Government deficit(-) or surplus(+), percent of GDP",Euro area (moving concept in the Real Time database context) - Deficit/surplus without UMTS proceeds - All sectors/ unspecified/ not applicable (ESA2010)-NCBs - General government (ESA2010)-NCBs - Non-financial flows current prices - Percentage,XDC_R_B1GQ,0,Replace,2026-04-29T15:30:00.000+02:00,
RTD.A.S0.N.F_UMD_CGG_D0.F,A,S0,N,F_UMD_CGG_D0,F,1991,,,,,,,,,,,,,,,,,,,,,,,,,Delete,,2007-05-08T15:30:00.000+02:00
RTD.A.S0.N.F_UMD_CGG_D0.F,A,S0,N,F_UMD_CGG_D0,F,1992,,,,,,,,,,,,,,,,,,,,,,,,,Delete,,2007-05-08T15:30:00.000+02:00
RTD.A.S0.N.F_UMD_CGG_D0.F,A,S0,N,F_UMD_CGG_D0,F,1993,,,,,,,,,,,,,,,,,,,,,,,,,Delete,,2007-05-08T15:30:00.000+02:00
RTD.A.S0.N.F_UMD_CGG_D0.F,A,S0,N,F_UMD_CGG_D0,F,1994,,,,,,,,,,,,,,,,,,,,,,,,,Delete,,2007-05-08T15:30:00.000+02:00
RTD.A.S0.N.F_UMD_CGG_D0.F,A,S0,N,F_UMD_CGG_D0,F,1995,,,,,,,,,,,,,,,,,,,,,,,,,Delete,,2014-11-05T15:30:00.000+01:00
RTD.A.S0.N.F_UMD_CGG_D0.F,A,S0,N,F_UMD_CGG_D0,F,1996,,,,,,,,,,,,,,,,,,,,,,,,,Delete,,2014-11-05T15:30:00.000+01:00
RTD.A.S0.N.F_UMD_CGG_D0.F,A,S0,N,F_UMD_CGG_D0,F,1997,,,,,,,,,,,,,,,,,,,,,,,,,Delete,,2014-11-05T15:30:00.000+01:00
RTD.A.S0.N.F_UMD_CGG_D0.F,A,S0,N,F_UMD_CGG_D0,F,1998,,,,,,,,,,,,,,,,,,,,,,,,,Delete,,2014-11-05T15:30:00.000+01:00
RTD.A.S0.N.F_UMD_CGG_D0.F,A,S0,N,F_UMD_CGG_D0,F,1999,,,,,,,,,,,,,,,,,,,,,,,,,Delete,,2014-11-05T15:30:00.000+01:00
